id,true_class,source_only_prediction,source_only_correct,dan_0p1_prediction,dan_0p1_correct,dan_1_prediction,dan_1_correct,dan_10_prediction,dan_10_correct,dann_prediction,dann_correct,cdan_prediction,cdan_correct
70e617fb825e778c,dog,elephant,0,person,0,house,0,person,0,elephant,0,elephant,0
cdfce9ded8b3e8f1,dog,elephant,0,house,0,house,0,person,0,elephant,0,giraffe,0
2a2742e48f3b2e15,dog,elephant,0,house,0,person,0,person,0,elephant,0,elephant,0
1ae995f287fcaec9,dog,person,0,person,0,person,0,person,0,elephant,0,elephant,0
5ee6195679bc2c47,dog,person,0,person,0,person,0,person,0,elephant,0,person,0
3330e8fca3fb4211,dog,elephant,0,person,0,house,0,person,0,elephant,0,elephant,0
adec56ba2f80a424,dog,elephant,0,house,0,house,0,person,0,elephant,0,horse,0
12b330e07f587d6e,dog,dog,1,person,0,person,0,person,0,elephant,0,elephant,0
b71f5c9bf5797617,dog,dog,1,person,0,person,0,person,0,elephant,0,elephant,0
b534d26b96b7b0a1,dog,elephant,0,elephant,0,elephant,0,person,0,elephant,0,elephant,0
6f88a20b7a676774,dog,elephant,0,house,0,house,0,person,0,elephant,0,elephant,0
a65981c684a60db6,dog,dog,1,house,0,house,0,person,0,elephant,0,horse,0
1b6f0cbcfa6ae6e6,dog,elephant,0,house,0,house,0,person,0,elephant,0,giraffe,0
71255ecda19742e6,dog,elephant,0,house,0,house,0,person,0,elephant,0,elephant,0
e237707c469c1d0c,dog,elephant,0,person,0,house,0,person,0,elephant,0,elephant,0
8851b8c903cd3f23,dog,elephant,0,person,0,house,0,person,0,elephant,0,elephant,0
d9d3bdd3a52b05b0,dog,dog,1,person,0,house,0,person,0,elephant,0,elephant,0
2d732f7794edc7d9,dog,dog,1,house,0,house,0,person,0,elephant,0,house,0
09dac641da381241,dog,dog,1,dog,1,elephant,0,person,0,elephant,0,elephant,0
57cbd38ccf8a3096,dog,dog,1,house,0,house,0,person,0,elephant,0,elephant,0
a78ca4af3f84f40f,dog,dog,1,person,0,person,0,person,0,elephant,0,elephant,0
0bc512fa103a7a37,dog,elephant,0,person,0,house,0,person,0,elephant,0,elephant,0
fa5e6b10046a1197,dog,person,0,person,0,person,0,person,0,elephant,0,person,0
814d84f9fe5d9fbd,dog,dog,1,person,0,person,0,person,0,elephant,0,elephant,0
c3795a401a18a47d,dog,elephant,0,house,0,house,0,person,0,elephant,0,elephant,0
508d5a35b2317a5e,dog,dog,1,person,0,person,0,person,0,elephant,0,elephant,0
3e78df20a13a6479,dog,dog,1,person,0,person,0,person,0,elephant,0,elephant,0
1a884fb68ae25be6,dog,dog,1,person,0,person,0,person,0,elephant,0,elephant,0
47a4c68ef1bd8220,dog,person,0,person,0,person,0,person,0,elephant,0,elephant,0
ff19ef0a9ca911bd,dog,person,0,house,0,house,0,person,0,elephant,0,person,0
f177a8b1748afdd0,dog,elephant,0,house,0,house,0,person,0,elephant,0,elephant,0
407908bab38a5f66,dog,dog,1,person,0,person,0,person,0,horse,0,person,0
ea4729a3fcd4a95b,dog,person,0,person,0,person,0,person,0,elephant,0,elephant,0
ecd69d241c4cc50f,dog,dog,1,person,0,house,0,person,0,elephant,0,elephant,0
612ec1860a7db95c,dog,horse,0,house,0,house,0,person,0,elephant,0,giraffe,0
f12f28a985432011,dog,dog,1,person,0,house,0,person,0,elephant,0,elephant,0
ff51e1cbc83f5e6f,dog,elephant,0,house,0,house,0,person,0,elephant,0,elephant,0
2ab52b2fab9b39d4,dog,elephant,0,house,0,house,0,person,0,elephant,0,elephant,0
2509fad933e35bad,dog,elephant,0,house,0,house,0,person,0,elephant,0,elephant,0
8df96829cd57a018,dog,elephant,0,elephant,0,elephant,0,person,0,elephant,0,elephant,0
8d4a7b7d2fc07687,dog,person,0,house,0,house,0,person,0,elephant,0,house,0
ddf5f24e267aa3e3,dog,dog,1,person,0,person,0,person,0,elephant,0,dog,1
52b2571c8793e8df,dog,person,0,house,0,house,0,person,0,elephant,0,elephant,0
fc0d91cf21c9cf5a,dog,elephant,0,house,0,elephant,0,person,0,elephant,0,elephant,0
0734c31657c03db9,dog,elephant,0,house,0,house,0,person,0,elephant,0,elephant,0
5fc36fbe5e142040,dog,person,0,person,0,person,0,person,0,elephant,0,elephant,0
7cad948e74ce2348,dog,person,0,person,0,person,0,person,0,elephant,0,elephant,0
a67c07a31e9169b6,dog,dog,1,person,0,house,0,person,0,elephant,0,elephant,0
19337c40ea08b5b5,dog,elephant,0,house,0,house,0,person,0,elephant,0,elephant,0
a90a9dc3d78d7420,dog,elephant,0,house,0,house,0,person,0,elephant,0,elephant,0
02707c390bef896f,dog,elephant,0,house,0,house,0,person,0,elephant,0,horse,0
0dc8932cd3cdca4a,dog,dog,1,person,0,house,0,person,0,elephant,0,horse,0
3a7447f3d8ab0624,dog,elephant,0,person,0,person,0,person,0,elephant,0,elephant,0
c8cda3e4fde513ca,dog,person,0,person,0,person,0,person,0,elephant,0,elephant,0
592c4dd2ab512bbc,dog,elephant,0,elephant,0,house,0,person,0,elephant,0,elephant,0
be8479a165d9f25f,dog,person,0,person,0,house,0,person,0,elephant,0,elephant,0
a80f1e2816bdeaf3,dog,dog,1,house,0,house,0,person,0,elephant,0,elephant,0
e51424b1670c3838,dog,person,0,person,0,house,0,person,0,elephant,0,elephant,0
375b98730457838f,dog,elephant,0,house,0,elephant,0,person,0,elephant,0,elephant,0
a31213c788e59d46,dog,elephant,0,house,0,house,0,person,0,elephant,0,elephant,0
5f893589e831023a,dog,elephant,0,house,0,house,0,person,0,elephant,0,giraffe,0
b15cd2d480315020,dog,dog,1,house,0,house,0,person,0,elephant,0,giraffe,0
ef0d2fe2a3691077,dog,dog,1,person,0,house,0,person,0,horse,0,elephant,0
9361818af75bb425,dog,elephant,0,house,0,house,0,person,0,elephant,0,elephant,0
6af337a0d73ebedc,dog,person,0,person,0,person,0,person,0,elephant,0,giraffe,0
c0a96602557a265f,dog,dog,1,person,0,person,0,person,0,elephant,0,giraffe,0
5334ae76d44bf479,dog,elephant,0,person,0,house,0,person,0,elephant,0,elephant,0
a910846eded9bd5c,dog,elephant,0,house,0,house,0,person,0,elephant,0,elephant,0
664d6b7c58e67c1a,dog,person,0,person,0,person,0,person,0,elephant,0,person,0
3669e06c908e0086,dog,person,0,person,0,person,0,person,0,elephant,0,elephant,0
8ec91d84865929d0,dog,person,0,person,0,house,0,person,0,elephant,0,elephant,0
93fb2b8cdbbf4a03,dog,elephant,0,person,0,elephant,0,person,0,elephant,0,elephant,0
07453fed7bbc7cf0,dog,person,0,person,0,house,0,person,0,elephant,0,elephant,0
7d96047bb39f3569,dog,dog,1,person,0,house,0,person,0,elephant,0,elephant,0
fd6c91903ebc0640,dog,elephant,0,house,0,house,0,person,0,elephant,0,elephant,0
276e242460b5ac75,dog,dog,1,person,0,house,0,person,0,elephant,0,elephant,0
25602237df0ae916,dog,dog,1,house,0,house,0,person,0,elephant,0,elephant,0
3c56c82c8976ae18,dog,elephant,0,person,0,person,0,person,0,elephant,0,elephant,0
e567395df2ea41e3,dog,elephant,0,house,0,house,0,person,0,elephant,0,house,0
e095f6b0f251b226,dog,elephant,0,person,0,person,0,person,0,elephant,0,elephant,0
24bde8fe3d3743b3,dog,elephant,0,person,0,person,0,person,0,elephant,0,elephant,0
bf98de801f6981f8,dog,dog,1,dog,1,person,0,person,0,elephant,0,elephant,0
c635d4b234e1a4df,dog,elephant,0,elephant,0,elephant,0,person,0,elephant,0,elephant,0
4476542f8121ef56,dog,elephant,0,person,0,person,0,person,0,elephant,0,elephant,0
3857161f9fd1ca5e,dog,dog,1,dog,1,elephant,0,person,0,elephant,0,elephant,0
4e722ba031f7aa6e,dog,person,0,person,0,person,0,person,0,elephant,0,elephant,0
9d89d26dd539048c,dog,dog,1,elephant,0,dog,1,person,0,elephant,0,elephant,0
4d4252ad4e19034b,dog,dog,1,elephant,0,dog,1,person,0,elephant,0,elephant,0
5c17b7cdd03059c7,dog,dog,1,person,0,person,0,person,0,elephant,0,elephant,0
d1f0e582325f250c,dog,dog,1,dog,1,dog,1,person,0,elephant,0,elephant,0
7aea8257243b1f6c,dog,elephant,0,elephant,0,dog,1,person,0,elephant,0,elephant,0
c68f767ac592a2ac,dog,dog,1,dog,1,dog,1,person,0,person,0,elephant,0
04cda8095a4fce2e,dog,person,0,person,0,person,0,person,0,elephant,0,elephant,0
29dbde9a97846778,dog,dog,1,dog,1,dog,1,person,0,elephant,0,elephant,0
43f41d1af562fd43,dog,dog,1,dog,1,dog,1,person,0,elephant,0,elephant,0
aeab3e8cc07a9a37,dog,elephant,0,dog,1,dog,1,person,0,elephant,0,elephant,0
9ea8eb38cecad735,dog,dog,1,dog,1,dog,1,person,0,elephant,0,elephant,0
26ade20b9e546abf,dog,elephant,0,person,0,person,0,person,0,elephant,0,elephant,0
c032d47870dab04a,dog,dog,1,person,0,person,0,person,0,elephant,0,dog,1
75d8de7b469468ea,dog,dog,1,dog,1,person,0,person,0,elephant,0,dog,1
5a59524ebdf35793,dog,person,0,person,0,person,0,person,0,elephant,0,elephant,0
fbd6a0afe2f42f4f,dog,person,0,person,0,person,0,person,0,horse,0,elephant,0
48745a39f8a5f146,dog,dog,1,dog,1,person,0,person,0,horse,0,dog,1
dfa68fd078d74306,dog,elephant,0,elephant,0,elephant,0,person,0,horse,0,elephant,0
76347651a832d801,dog,dog,1,dog,1,person,0,person,0,horse,0,elephant,0
4c544967558c55eb,dog,dog,1,dog,1,person,0,person,0,horse,0,elephant,0
2cce47ad34a72f96,dog,person,0,person,0,person,0,person,0,giraffe,0,giraffe,0
d53d25d039f573da,dog,dog,1,person,0,person,0,person,0,elephant,0,elephant,0
d9f2b41780f52c12,dog,dog,1,dog,1,person,0,person,0,elephant,0,elephant,0
e143fc0b586bdc63,dog,dog,1,person,0,person,0,person,0,elephant,0,elephant,0
953de8822c99cbc6,dog,dog,1,house,0,dog,1,person,0,elephant,0,horse,0
3d3dba3e18594196,dog,dog,1,dog,1,person,0,person,0,elephant,0,dog,1
a21a0c64e2abd590,dog,dog,1,dog,1,dog,1,person,0,elephant,0,giraffe,0
37735f2108dd6a0a,dog,person,0,dog,1,dog,1,person,0,elephant,0,elephant,0
1521e368cd4b73a3,dog,dog,1,dog,1,dog,1,person,0,house,0,dog,1
522cab3bcc1dccf9,dog,dog,1,dog,1,dog,1,person,0,elephant,0,dog,1
0e67f1f6da3e93dd,dog,dog,1,dog,1,dog,1,person,0,elephant,0,dog,1
098780892be89ff2,dog,dog,1,elephant,0,dog,1,person,0,elephant,0,elephant,0
e9c98a9ea97fd686,dog,elephant,0,elephant,0,dog,1,person,0,elephant,0,elephant,0
0270fed3e63f3647,dog,dog,1,dog,1,dog,1,person,0,elephant,0,elephant,0
d65e2eaad41a6f41,dog,dog,1,dog,1,dog,1,person,0,elephant,0,elephant,0
1c2acafb53dae2c8,dog,person,0,dog,1,dog,1,person,0,elephant,0,elephant,0
06ad95826791339c,dog,dog,1,dog,1,dog,1,person,0,elephant,0,dog,1
2e154d56c39aa295,dog,dog,1,person,0,person,0,person,0,elephant,0,dog,1
4a847d9f712397ff,dog,dog,1,house,0,dog,1,person,0,person,0,giraffe,0
2123c942b9ccbfae,dog,dog,1,dog,1,dog,1,person,0,elephant,0,dog,1
b44efd95861c34ca,dog,dog,1,dog,1,person,0,person,0,elephant,0,giraffe,0
b32abdcf55cc417d,dog,dog,1,dog,1,dog,1,person,0,elephant,0,giraffe,0
8774da8a4a463a87,dog,dog,1,dog,1,dog,1,person,0,elephant,0,giraffe,0
b1d3dd2b13f70429,dog,dog,1,dog,1,dog,1,person,0,elephant,0,elephant,0
d8f8d02a7094684c,dog,dog,1,dog,1,dog,1,person,0,person,0,giraffe,0
805d662f37b4cc63,dog,dog,1,person,0,horse,0,person,0,person,0,giraffe,0
a16e864876134084,dog,dog,1,dog,1,dog,1,person,0,person,0,giraffe,0
e576698eacc21509,dog,dog,1,dog,1,dog,1,person,0,horse,0,elephant,0
6e929d1e802a793c,dog,dog,1,house,0,dog,1,person,0,person,0,giraffe,0
8836cc4d285b0a96,dog,dog,1,dog,1,person,0,person,0,person,0,giraffe,0
af6a519d498f1fd2,dog,dog,1,dog,1,dog,1,person,0,person,0,giraffe,0
32d05908ffdd73b7,dog,dog,1,dog,1,person,0,person,0,elephant,0,giraffe,0
bc6e4f441f719352,dog,giraffe,0,giraffe,0,giraffe,0,person,0,person,0,giraffe,0
a5211c8a645e98e9,dog,dog,1,dog,1,dog,1,person,0,elephant,0,elephant,0
41042e76148f7493,dog,person,0,dog,1,dog,1,person,0,elephant,0,giraffe,0
5615e723a7f34a1a,dog,dog,1,dog,1,dog,1,person,0,elephant,0,dog,1
2d67661b9ff6e1a0,dog,person,0,dog,1,dog,1,person,0,elephant,0,giraffe,0
d62ec5b3acc41036,dog,dog,1,dog,1,dog,1,person,0,elephant,0,giraffe,0
298f3ec1429fafff,dog,dog,1,dog,1,dog,1,person,0,elephant,0,giraffe,0
2ec4301d84438b24,dog,dog,1,dog,1,person,0,person,0,elephant,0,elephant,0
9577c5ee201768f7,dog,elephant,0,dog,1,elephant,0,person,0,elephant,0,elephant,0
12cea45843bff791,dog,dog,1,dog,1,elephant,0,person,0,elephant,0,elephant,0
8d7a2e3fdbaabd46,dog,dog,1,dog,1,horse,0,person,0,elephant,0,elephant,0
e22083d646f2b6d1,dog,dog,1,person,0,person,0,person,0,elephant,0,elephant,0
7b984080e29166d5,dog,dog,1,dog,1,person,0,person,0,elephant,0,elephant,0
dd56495f931eaaaf,dog,elephant,0,dog,1,elephant,0,person,0,elephant,0,elephant,0
3ebc98e84e71eead,dog,dog,1,dog,1,dog,1,person,0,elephant,0,elephant,0
70aa3161e5b4fc64,dog,elephant,0,person,0,dog,1,person,0,elephant,0,elephant,0
ed9d613ecfa57bcd,dog,dog,1,dog,1,dog,1,person,0,elephant,0,elephant,0
8d0445e532aff0e2,dog,dog,1,dog,1,dog,1,person,0,elephant,0,elephant,0
330ddd4ee5879827,dog,dog,1,dog,1,dog,1,person,0,elephant,0,elephant,0
75ddc792e9649de3,dog,elephant,0,person,0,elephant,0,person,0,elephant,0,elephant,0
16176089460d6d4e,dog,dog,1,dog,1,dog,1,person,0,elephant,0,elephant,0
c5aada42a16e457a,dog,person,0,house,0,person,0,person,0,elephant,0,giraffe,0
0bbb9e86734fe737,dog,dog,1,dog,1,dog,1,person,0,elephant,0,elephant,0
690aea45ca0a8aae,dog,dog,1,person,0,dog,1,person,0,elephant,0,elephant,0
1fa7fbdb11f1dcf0,dog,dog,1,person,0,person,0,person,0,elephant,0,elephant,0
d4c4a389ec4db823,dog,elephant,0,person,0,person,0,person,0,elephant,0,elephant,0
76d977a89f483b6c,dog,dog,1,dog,1,person,0,person,0,elephant,0,dog,1
40bf98941cb8f97d,dog,person,0,person,0,person,0,person,0,elephant,0,elephant,0
a45d2e1aba46568f,dog,person,0,person,0,person,0,person,0,elephant,0,dog,1
593b13d44574873e,dog,elephant,0,person,0,elephant,0,person,0,person,0,elephant,0
a5e053f69b94cf3b,dog,dog,1,dog,1,person,0,person,0,elephant,0,elephant,0
822c228288082d7d,dog,dog,1,person,0,person,0,person,0,elephant,0,elephant,0
4ce52796df8865b5,dog,dog,1,horse,0,dog,1,person,0,elephant,0,elephant,0
f22a0d09e736fe45,dog,giraffe,0,dog,1,dog,1,person,0,horse,0,giraffe,0
666d15a85998221f,dog,dog,1,dog,1,dog,1,person,0,person,0,giraffe,0
d04a15769180f1f0,dog,horse,0,giraffe,0,dog,1,person,0,person,0,giraffe,0
647b45826810d1ca,dog,elephant,0,elephant,0,elephant,0,person,0,elephant,0,elephant,0
e294f69905637747,dog,horse,0,giraffe,0,horse,0,person,0,person,0,giraffe,0
beaa293ce691dcf7,dog,dog,1,dog,1,dog,1,person,0,person,0,giraffe,0
eb3de94b66ded254,dog,dog,1,dog,1,dog,1,person,0,person,0,giraffe,0
eac23ba406b868ab,dog,dog,1,dog,1,dog,1,person,0,person,0,giraffe,0
bb9f145ba7a0bc48,dog,dog,1,dog,1,dog,1,person,0,elephant,0,giraffe,0
100eac24c83b50e0,dog,horse,0,dog,1,dog,1,person,0,elephant,0,elephant,0
f5200cf5d169b093,dog,dog,1,elephant,0,dog,1,person,0,elephant,0,elephant,0
cf3b1b74a8ad979b,dog,dog,1,dog,1,person,0,person,0,elephant,0,dog,1
5b67e2adc346d16d,dog,dog,1,dog,1,dog,1,person,0,elephant,0,horse,0
956de0261a162fc2,dog,dog,1,house,0,dog,1,person,0,elephant,0,horse,0
0baaddd8189f24df,dog,dog,1,dog,1,dog,1,person,0,person,0,giraffe,0
223c2bebfd79a455,dog,dog,1,dog,1,dog,1,person,0,giraffe,0,elephant,0
d5ee8031e28bd83e,dog,horse,0,dog,1,dog,1,person,0,horse,0,horse,0
fa5772273340158b,dog,dog,1,person,0,dog,1,person,0,giraffe,0,elephant,0
a6a71f62925d86d8,dog,dog,1,dog,1,dog,1,person,0,horse,0,elephant,0
742644fd773c6d24,dog,elephant,0,elephant,0,elephant,0,person,0,elephant,0,elephant,0
eb5b4132effd67f0,dog,elephant,0,house,0,house,0,person,0,elephant,0,elephant,0
3fdd380e7a9f0c15,dog,dog,1,elephant,0,elephant,0,person,0,elephant,0,elephant,0
350bb827e1c25778,dog,dog,1,dog,1,dog,1,person,0,elephant,0,elephant,0
e0ad23b9d18b2095,dog,elephant,0,horse,0,dog,1,person,0,elephant,0,elephant,0
601ce0fd8b11b563,dog,elephant,0,house,0,elephant,0,person,0,elephant,0,elephant,0
fe851ec41750fe6c,dog,dog,1,dog,1,dog,1,person,0,elephant,0,elephant,0
3def6e33ce8a56ec,dog,giraffe,0,giraffe,0,dog,1,person,0,elephant,0,giraffe,0
1dd0bdff37d32b99,dog,elephant,0,person,0,dog,1,person,0,elephant,0,elephant,0
a07a77961448939e,dog,elephant,0,elephant,0,elephant,0,person,0,elephant,0,elephant,0
54ea25ac8c3ccb96,dog,elephant,0,house,0,house,0,person,0,elephant,0,elephant,0
a2e07724bbfde09a,dog,elephant,0,elephant,0,dog,1,person,0,elephant,0,elephant,0
68baaf14eb420b00,dog,elephant,0,elephant,0,house,0,person,0,elephant,0,elephant,0
d74d19384ea40f52,dog,horse,0,giraffe,0,horse,0,person,0,elephant,0,horse,0
33f751d5523ebe35,dog,person,0,person,0,person,0,person,0,elephant,0,elephant,0
ff9444ee261a5e81,dog,dog,1,dog,1,person,0,person,0,elephant,0,dog,1
c26d5c4bcc72791c,dog,dog,1,person,0,person,0,person,0,elephant,0,elephant,0
193896e77b1f820b,dog,dog,1,dog,1,person,0,person,0,elephant,0,elephant,0
ba6a622a1cccbf88,dog,dog,1,horse,0,person,0,person,0,elephant,0,elephant,0
71f7c03843c7eb19,dog,dog,1,dog,1,dog,1,person,0,elephant,0,elephant,0
0d7266f22c342939,dog,elephant,0,dog,1,dog,1,person,0,elephant,0,elephant,0
9e64866081c81b18,dog,dog,1,dog,1,dog,1,person,0,elephant,0,giraffe,0
9ba3c9a26ae37dd2,dog,horse,0,dog,1,person,0,person,0,elephant,0,horse,0
757d5a963d4172a1,dog,dog,1,dog,1,dog,1,person,0,elephant,0,elephant,0
a1edbc0c73115a70,dog,dog,1,dog,1,dog,1,person,0,elephant,0,dog,1
9d8da84e04bb061c,dog,dog,1,dog,1,dog,1,person,0,elephant,0,horse,0
56eae3d17746715d,dog,dog,1,dog,1,dog,1,person,0,elephant,0,horse,0
733e1c3527ead68e,dog,dog,1,dog,1,dog,1,person,0,elephant,0,giraffe,0
6f1cc1f5ba831a06,dog,dog,1,dog,1,dog,1,person,0,elephant,0,elephant,0
885b55e71588c06e,dog,dog,1,dog,1,dog,1,person,0,elephant,0,elephant,0
00f981bf5b25da95,dog,dog,1,person,0,person,0,person,0,house,0,elephant,0
f7ea22f409b2cd93,dog,dog,1,dog,1,dog,1,person,0,elephant,0,elephant,0
e78c6e029d109593,dog,dog,1,person,0,person,0,person,0,elephant,0,elephant,0
0d46e5f0345d4239,dog,dog,1,person,0,dog,1,person,0,elephant,0,elephant,0
e055adfce5d6dfc6,dog,dog,1,dog,1,dog,1,person,0,elephant,0,elephant,0
0c475a5682ca0842,dog,dog,1,dog,1,person,0,person,0,elephant,0,giraffe,0
0f63afa17835f5c5,dog,person,0,giraffe,0,giraffe,0,person,0,elephant,0,giraffe,0
8390fcd71a4d063b,dog,dog,1,dog,1,person,0,person,0,elephant,0,giraffe,0
71f620d9d4cf27f7,dog,dog,1,dog,1,dog,1,person,0,elephant,0,elephant,0
07e8b770f6fe56d0,dog,dog,1,dog,1,person,0,person,0,elephant,0,giraffe,0
6737a01154cf7ccf,dog,dog,1,dog,1,person,0,person,0,elephant,0,elephant,0
d1ab7a2b4b7f6d89,dog,dog,1,dog,1,person,0,person,0,elephant,0,giraffe,0
0fc40158a089602b,dog,dog,1,dog,1,dog,1,person,0,elephant,0,elephant,0
435f0c40d84a8c22,dog,person,0,person,0,person,0,person,0,elephant,0,elephant,0
8e87c5d3e68e0e89,dog,dog,1,dog,1,dog,1,person,0,elephant,0,elephant,0
6cc833e2129060ee,dog,elephant,0,elephant,0,elephant,0,person,0,elephant,0,elephant,0
3c03de6b026f274d,dog,elephant,0,elephant,0,horse,0,person,0,elephant,0,elephant,0
5e43c3240478049d,dog,dog,1,person,0,person,0,person,0,elephant,0,elephant,0
f46068ec606a88e7,dog,dog,1,person,0,person,0,person,0,elephant,0,guitar,0
a3ca51446b5096e9,dog,person,0,person,0,elephant,0,person,0,elephant,0,giraffe,0
2981df66c2a092fd,dog,dog,1,dog,1,dog,1,person,0,elephant,0,elephant,0
397cefb1fed63555,dog,dog,1,person,0,person,0,person,0,person,0,elephant,0
2ae1bce20608ed6d,dog,dog,1,person,0,person,0,person,0,elephant,0,elephant,0
9f88260b4805890a,dog,person,0,person,0,person,0,person,0,elephant,0,elephant,0
c2cd0a0c13a26d69,dog,dog,1,dog,1,person,0,person,0,elephant,0,elephant,0
e5d405f9974f21c0,dog,person,0,person,0,person,0,person,0,horse,0,giraffe,0
3d21d5542507cb59,dog,elephant,0,elephant,0,person,0,person,0,elephant,0,elephant,0
7de11ceffb4712f6,dog,person,0,person,0,person,0,person,0,elephant,0,elephant,0
df662afa8926b527,dog,dog,1,person,0,person,0,person,0,elephant,0,elephant,0
9a32a28995dde764,dog,person,0,person,0,person,0,person,0,elephant,0,elephant,0
37d1ccdc35c4980f,dog,dog,1,dog,1,dog,1,person,0,elephant,0,elephant,0
4d46c2b3f433e739,dog,dog,1,person,0,person,0,person,0,elephant,0,elephant,0
446d713ee631475a,dog,person,0,person,0,person,0,person,0,person,0,giraffe,0
9ae19fc69f8776a6,dog,dog,1,dog,1,dog,1,person,0,elephant,0,elephant,0
b32a5a58bb41310b,dog,elephant,0,person,0,dog,1,person,0,elephant,0,elephant,0
1b88561eeb8349eb,dog,dog,1,dog,1,dog,1,person,0,elephant,0,elephant,0
eb88eb276ab310e6,dog,dog,1,dog,1,dog,1,person,0,elephant,0,elephant,0
03726bc03a2d4c14,dog,dog,1,dog,1,dog,1,person,0,elephant,0,elephant,0
87f7bf79f8f53a97,dog,dog,1,dog,1,dog,1,person,0,elephant,0,elephant,0
38945eca8f214dac,dog,dog,1,person,0,person,0,person,0,elephant,0,dog,1
872af1479fcc98ff,dog,dog,1,person,0,person,0,person,0,elephant,0,dog,1
6a7238a6603c960a,dog,dog,1,person,0,person,0,person,0,elephant,0,dog,1
5d387de7be1ccc9a,dog,dog,1,person,0,person,0,person,0,elephant,0,elephant,0
05731e0360bb2f7f,dog,dog,1,person,0,person,0,person,0,elephant,0,dog,1
28775dbba0114d04,dog,elephant,0,elephant,0,elephant,0,person,0,horse,0,elephant,0
d7c69a03c0f4778b,dog,horse,0,horse,0,dog,1,person,0,elephant,0,horse,0
54945f30e6eaa51b,dog,dog,1,dog,1,dog,1,person,0,elephant,0,horse,0
c04d8f051885ca3f,dog,dog,1,dog,1,dog,1,person,0,elephant,0,horse,0
33268f0874f5cdeb,dog,dog,1,dog,1,dog,1,person,0,elephant,0,horse,0
4f0a44fbde06a650,dog,dog,1,dog,1,dog,1,person,0,elephant,0,giraffe,0
adef4bd4a1c982f1,dog,dog,1,dog,1,dog,1,person,0,elephant,0,horse,0
ec57d30a3902da35,dog,person,0,person,0,dog,1,person,0,elephant,0,elephant,0
7052a626815c5836,dog,dog,1,dog,1,dog,1,person,0,elephant,0,horse,0
9770ee2e938eb2d5,dog,dog,1,dog,1,dog,1,person,0,elephant,0,dog,1
f9ee55ed8713634f,dog,dog,1,dog,1,dog,1,person,0,elephant,0,elephant,0
3116b3af2ba867b7,dog,dog,1,dog,1,dog,1,person,0,elephant,0,horse,0
1cc37320aa302ecb,dog,dog,1,dog,1,dog,1,person,0,elephant,0,horse,0
c3e45a18a274ae19,dog,dog,1,dog,1,dog,1,person,0,elephant,0,horse,0
a46581120cda7fb1,dog,dog,1,dog,1,dog,1,person,0,elephant,0,horse,0
4e63e0d4852c38f2,dog,horse,0,dog,1,dog,1,person,0,giraffe,0,horse,0
e29b2c0ad006f628,dog,horse,0,person,0,dog,1,person,0,horse,0,giraffe,0
e529b4217d158e41,dog,dog,1,person,0,dog,1,person,0,elephant,0,elephant,0
a6079a0fe9dd18ee,dog,dog,1,dog,1,elephant,0,person,0,elephant,0,elephant,0
8f085e69f84e5846,dog,dog,1,dog,1,dog,1,person,0,person,0,giraffe,0
c6770dd384f92a0f,dog,person,0,dog,1,dog,1,person,0,horse,0,giraffe,0
46bcace7c3cd5e17,dog,person,0,person,0,dog,1,person,0,person,0,giraffe,0
d0f827d7dc2c4b95,dog,dog,1,dog,1,dog,1,person,0,person,0,giraffe,0
adcfbe38fe0b7ff6,dog,horse,0,dog,1,dog,1,person,0,horse,0,giraffe,0
9fa689f8555d3eb9,dog,elephant,0,elephant,0,elephant,0,person,0,person,0,elephant,0
7d10c2b93922868d,dog,dog,1,dog,1,dog,1,person,0,elephant,0,elephant,0
6103c66dc819013b,dog,dog,1,dog,1,dog,1,person,0,elephant,0,giraffe,0
c15f54186b1e9598,dog,dog,1,dog,1,horse,0,person,0,elephant,0,horse,0
9b46cca829141e87,dog,dog,1,dog,1,dog,1,person,0,elephant,0,giraffe,0
0b4d03cb82127219,dog,dog,1,dog,1,person,0,person,0,elephant,0,giraffe,0
9ae96ead9e429217,dog,dog,1,dog,1,dog,1,person,0,horse,0,giraffe,0
155b3edaa5fcaabc,dog,elephant,0,elephant,0,elephant,0,person,0,elephant,0,elephant,0
a0c3f1d05261108f,dog,dog,1,person,0,person,0,person,0,elephant,0,elephant,0
3586ae636359e1ab,dog,dog,1,dog,1,elephant,0,person,0,elephant,0,giraffe,0
8f958a80a58cf49f,dog,dog,1,person,0,person,0,person,0,elephant,0,horse,0
de0e2acd17dd72d2,dog,elephant,0,elephant,0,elephant,0,person,0,elephant,0,elephant,0
fb25aca1ca199d67,dog,person,0,person,0,person,0,person,0,elephant,0,elephant,0
e1fe3510584ec49e,dog,dog,1,dog,1,dog,1,person,0,person,0,elephant,0
c8f42c9eb5552247,dog,dog,1,person,0,person,0,person,0,giraffe,0,dog,1
f262b6832c34e7fa,dog,dog,1,house,0,person,0,person,0,person,0,giraffe,0
3846c76a1edb9f5c,dog,dog,1,dog,1,person,0,person,0,elephant,0,dog,1
78a4dd163617f2ad,dog,dog,1,dog,1,person,0,person,0,elephant,0,dog,1
65484f8ab50a0c55,dog,dog,1,dog,1,dog,1,person,0,elephant,0,dog,1
6f1465e6ffa908dd,dog,person,0,person,0,person,0,person,0,elephant,0,elephant,0
4634005be7431913,dog,dog,1,person,0,dog,1,person,0,elephant,0,elephant,0
a92075d5135c83ef,dog,dog,1,dog,1,person,0,person,0,elephant,0,elephant,0
84ce485280f8fa97,dog,dog,1,dog,1,dog,1,person,0,elephant,0,dog,1
1dfd70ff59ae81d8,dog,dog,1,person,0,dog,1,person,0,elephant,0,elephant,0
c926463719728528,dog,dog,1,person,0,person,0,person,0,horse,0,person,0
b05d8e588f0f8666,dog,dog,1,person,0,dog,1,person,0,horse,0,elephant,0
5299d168d2b90002,dog,person,0,person,0,person,0,person,0,elephant,0,person,0
246b2e3afa2f64e0,dog,dog,1,person,0,person,0,person,0,elephant,0,elephant,0
08672707d1d674c1,dog,dog,1,dog,1,dog,1,person,0,horse,0,dog,1
c4a959801454d6c8,dog,dog,1,person,0,person,0,person,0,horse,0,elephant,0
c45de47ab8759323,dog,dog,1,dog,1,dog,1,person,0,person,0,dog,1
77ebf45f4fc624b3,dog,dog,1,dog,1,dog,1,person,0,horse,0,dog,1
8a3115cfdfdce1e7,dog,dog,1,dog,1,dog,1,person,0,horse,0,dog,1
46fae1dc1c71678e,dog,giraffe,0,dog,1,person,0,person,0,person,0,giraffe,0
3e3f19c87476b100,dog,dog,1,dog,1,person,0,person,0,person,0,giraffe,0
3be7b12589f7f07a,dog,dog,1,person,0,person,0,person,0,elephant,0,giraffe,0
b3b3d9998a1361d9,dog,dog,1,dog,1,elephant,0,person,0,person,0,giraffe,0
ee58eede09f28a8a,dog,dog,1,dog,1,person,0,person,0,elephant,0,elephant,0
a285a840a08c6e5a,dog,dog,1,dog,1,dog,1,person,0,elephant,0,giraffe,0
691b85bc0a45bcb7,dog,elephant,0,person,0,person,0,person,0,giraffe,0,elephant,0
1bc7248ddcb91b6e,dog,person,0,elephant,0,elephant,0,person,0,elephant,0,elephant,0
0b2cf0dfec1af5db,dog,person,0,person,0,person,0,person,0,giraffe,0,person,0
ce0940730caa9f22,dog,dog,1,person,0,person,0,person,0,person,0,elephant,0
7554ffe163a98331,dog,dog,1,person,0,person,0,person,0,person,0,elephant,0
5465b11b403ea7f1,dog,person,0,person,0,person,0,person,0,person,0,elephant,0
10a03910be90e71f,dog,dog,1,person,0,person,0,person,0,person,0,elephant,0
19e80787b0e55e82,dog,dog,1,dog,1,dog,1,person,0,elephant,0,elephant,0
fae99fb8acdf0a67,dog,dog,1,dog,1,person,0,person,0,elephant,0,dog,1
ca4f0ceaef3858a0,dog,dog,1,dog,1,person,0,person,0,elephant,0,person,0
f79b2015dfa7fc05,dog,dog,1,person,0,person,0,person,0,elephant,0,elephant,0
dc441760b863486d,dog,dog,1,dog,1,dog,1,person,0,elephant,0,dog,1
350e0e32b16b8197,dog,dog,1,dog,1,dog,1,person,0,elephant,0,dog,1
6aa12650ff8780cf,dog,person,0,person,0,person,0,person,0,elephant,0,elephant,0
0686f78b6d31627b,dog,person,0,person,0,person,0,person,0,elephant,0,elephant,0
8b5b74d1c3103982,dog,person,0,person,0,person,0,person,0,elephant,0,elephant,0
dd4dff13b0704016,dog,dog,1,person,0,dog,1,person,0,person,0,elephant,0
e846719d01ab84c9,dog,dog,1,dog,1,dog,1,person,0,elephant,0,elephant,0
e4444b9fe2b9b0a0,dog,dog,1,dog,1,dog,1,person,0,elephant,0,giraffe,0
85e4f5d79df14bd0,dog,dog,1,dog,1,dog,1,person,0,elephant,0,dog,1
4bed6dfc8a559901,dog,dog,1,dog,1,dog,1,person,0,elephant,0,dog,1
cdf19f85a90aeba4,dog,dog,1,dog,1,person,0,person,0,elephant,0,elephant,0
6453485627519554,dog,dog,1,dog,1,dog,1,person,0,elephant,0,giraffe,0
61feb87eba6b131f,dog,dog,1,dog,1,dog,1,person,0,elephant,0,horse,0
596dbe41111af750,dog,dog,1,dog,1,person,0,person,0,elephant,0,giraffe,0
3645b8cab917ffc6,dog,dog,1,dog,1,dog,1,person,0,person,0,dog,1
09a1c2870ee72936,dog,dog,1,person,0,person,0,person,0,elephant,0,elephant,0
f45d4a74af962e5e,dog,dog,1,person,0,person,0,person,0,person,0,elephant,0
b2ab8bbf926a8b66,dog,elephant,0,elephant,0,elephant,0,person,0,elephant,0,elephant,0
d32c1db74f57c75d,dog,dog,1,giraffe,0,person,0,person,0,giraffe,0,giraffe,0
d9eaa32e79811f9d,dog,dog,1,dog,1,person,0,person,0,elephant,0,elephant,0
17cc15c9c3080259,dog,dog,1,dog,1,person,0,person,0,person,0,elephant,0
1da5e2b8361ac731,dog,dog,1,dog,1,dog,1,person,0,person,0,giraffe,0
44c01f8547735f19,dog,dog,1,dog,1,dog,1,person,0,elephant,0,giraffe,0
cf9e1fe1dc5cd4f4,dog,dog,1,dog,1,dog,1,person,0,elephant,0,giraffe,0
155d52dc5cc72db1,dog,dog,1,dog,1,dog,1,person,0,elephant,0,horse,0
217093e5e544e3ca,dog,person,0,person,0,person,0,person,0,elephant,0,person,0
7c0d75eac5093700,dog,dog,1,dog,1,dog,1,person,0,elephant,0,elephant,0
5059020cdd94d839,dog,dog,1,dog,1,dog,1,person,0,elephant,0,dog,1
c1cca52fb6e36aeb,dog,dog,1,dog,1,dog,1,person,0,person,0,dog,1
ce887784250ec24e,dog,person,0,person,0,person,0,person,0,person,0,person,0
6e509a7a522206bf,dog,dog,1,dog,1,dog,1,person,0,person,0,dog,1
30b16ebd8a9589fc,dog,horse,0,dog,1,dog,1,person,0,elephant,0,horse,0
5da7755bd9b8de3c,dog,dog,1,dog,1,dog,1,person,0,person,0,dog,1
f12bf222f38e6148,dog,dog,1,dog,1,person,0,person,0,elephant,0,dog,1
3ece688becb80c31,dog,person,0,person,0,person,0,person,0,elephant,0,elephant,0
2b2173ed12f48adb,dog,dog,1,dog,1,person,0,person,0,person,0,dog,1
de898255ec380ab6,dog,dog,1,dog,1,dog,1,person,0,elephant,0,giraffe,0
fde72beeed9ea8dc,dog,horse,0,person,0,person,0,person,0,person,0,giraffe,0
9a499cc9b3ef40a9,dog,dog,1,person,0,person,0,person,0,elephant,0,giraffe,0
0975a2baf515726d,dog,dog,1,person,0,person,0,person,0,elephant,0,elephant,0
afcc0ac780c9ded4,dog,dog,1,person,0,horse,0,person,0,elephant,0,elephant,0
a8c3a6cc47ffb04e,dog,person,0,person,0,person,0,person,0,elephant,0,elephant,0
59731fd176485c3a,dog,person,0,person,0,person,0,person,0,elephant,0,giraffe,0
6165069577ddce6b,dog,dog,1,person,0,person,0,person,0,person,0,giraffe,0
b26d2aa5e3c652a4,dog,dog,1,person,0,person,0,person,0,person,0,elephant,0
8d1c9ecaaa27a654,dog,horse,0,person,0,person,0,person,0,person,0,giraffe,0
617039d656b9d668,dog,dog,1,person,0,person,0,person,0,person,0,elephant,0
fef62020f97e5be0,dog,dog,1,dog,1,dog,1,person,0,horse,0,giraffe,0
7b0f09de08c1d5a9,dog,person,0,person,0,person,0,person,0,elephant,0,elephant,0
a3fbdc4ca49533b3,dog,dog,1,person,0,person,0,person,0,person,0,elephant,0
f96cd192a897f653,dog,horse,0,person,0,person,0,person,0,person,0,horse,0
54648afa7ba6ca8a,dog,person,0,person,0,person,0,person,0,person,0,giraffe,0
403873cfde2f0a5b,dog,horse,0,person,0,person,0,person,0,person,0,giraffe,0
89d1dcbe8e6f7697,dog,dog,1,elephant,0,person,0,person,0,elephant,0,elephant,0
a55c468012125308,dog,dog,1,dog,1,dog,1,person,0,elephant,0,elephant,0
6e6c340b2749e77a,dog,dog,1,person,0,person,0,person,0,elephant,0,dog,1
ce841728f129c1ed,dog,dog,1,dog,1,person,0,person,0,elephant,0,elephant,0
0b3aa7793e33f783,dog,dog,1,dog,1,dog,1,person,0,elephant,0,giraffe,0
94205e412106d0aa,dog,dog,1,dog,1,dog,1,person,0,elephant,0,elephant,0
a63b3f2bb0a1ffe0,dog,dog,1,dog,1,dog,1,person,0,elephant,0,elephant,0
1f76c442aa913ba4,dog,dog,1,dog,1,dog,1,person,0,elephant,0,horse,0
d067640d60539ba3,dog,person,0,person,0,person,0,person,0,elephant,0,giraffe,0
1ddeffbe148f3b15,dog,elephant,0,elephant,0,elephant,0,person,0,elephant,0,elephant,0
58f80d6691b814ca,dog,dog,1,person,0,dog,1,person,0,elephant,0,giraffe,0
11ee66425fc6caba,dog,dog,1,person,0,dog,1,person,0,elephant,0,horse,0
95b7a7a7146d6327,dog,dog,1,dog,1,dog,1,person,0,elephant,0,giraffe,0
c9ac0b17099db188,dog,dog,1,dog,1,dog,1,person,0,elephant,0,elephant,0
acba5c69f284fc5a,dog,dog,1,dog,1,dog,1,person,0,elephant,0,dog,1
fc55b59beb535547,dog,dog,1,dog,1,dog,1,person,0,elephant,0,elephant,0
aaeeb3400b9e4bf7,dog,dog,1,dog,1,dog,1,person,0,elephant,0,elephant,0
0dcd3f8f545cb8da,dog,dog,1,person,0,person,0,person,0,elephant,0,elephant,0
51e4b2d241bcb472,dog,person,0,person,0,person,0,person,0,elephant,0,elephant,0
f56df950f0daa5e0,dog,dog,1,dog,1,dog,1,person,0,horse,0,elephant,0
41aafaae349a7549,dog,person,0,person,0,person,0,person,0,elephant,0,elephant,0
8cf5bbce94953bc1,dog,dog,1,person,0,person,0,person,0,elephant,0,elephant,0
d672bf126da15487,dog,person,0,person,0,person,0,person,0,elephant,0,elephant,0
ad45e4a990424e0f,dog,elephant,0,elephant,0,person,0,person,0,elephant,0,elephant,0
596acabe96964e4f,dog,dog,1,elephant,0,elephant,0,person,0,elephant,0,elephant,0
c3dca934512e1f8f,dog,dog,1,dog,1,person,0,person,0,elephant,0,giraffe,0
570b6b92a35155c5,dog,dog,1,dog,1,dog,1,person,0,elephant,0,giraffe,0
aaba2ebd1b76a690,dog,dog,1,person,0,dog,1,person,0,giraffe,0,giraffe,0
8f50db58a87fbbef,dog,dog,1,person,0,person,0,person,0,person,0,giraffe,0
266c6e694a6354f5,dog,dog,1,dog,1,person,0,person,0,giraffe,0,giraffe,0
1a27fdcf1d099e15,dog,dog,1,dog,1,person,0,person,0,person,0,dog,1
6bcf852a7d210675,dog,dog,1,person,0,person,0,person,0,giraffe,0,giraffe,0
24966befb69347f4,dog,giraffe,0,dog,1,dog,1,person,0,elephant,0,giraffe,0
6f048cc3d2705a55,dog,horse,0,dog,1,dog,1,person,0,elephant,0,dog,1
8fbd9d3593c6e4d8,dog,dog,1,dog,1,person,0,person,0,giraffe,0,dog,1
4eadc46af8530a42,dog,dog,1,giraffe,0,giraffe,0,person,0,elephant,0,giraffe,0
99275a830569a069,dog,dog,1,person,0,person,0,person,0,elephant,0,elephant,0
ffd1877fbe6881e5,dog,dog,1,person,0,person,0,person,0,elephant,0,elephant,0
cc21308e5ec29042,dog,person,0,person,0,person,0,person,0,elephant,0,elephant,0
467513e81e5375df,dog,dog,1,person,0,person,0,person,0,elephant,0,dog,1
b4dcc8ec6b31007b,dog,dog,1,person,0,person,0,person,0,elephant,0,giraffe,0
04e95a95c99aa6b8,dog,person,0,giraffe,0,giraffe,0,person,0,elephant,0,giraffe,0
77b18f59bc82e901,dog,dog,1,person,0,dog,1,person,0,elephant,0,giraffe,0
6b22558648f02039,dog,horse,0,dog,1,horse,0,person,0,elephant,0,horse,0
0ca84fa33a958917,dog,horse,0,elephant,0,person,0,person,0,elephant,0,elephant,0
49c11457f44f1f28,dog,elephant,0,elephant,0,elephant,0,person,0,elephant,0,elephant,0
509f41f187295007,dog,elephant,0,horse,0,horse,0,person,0,elephant,0,elephant,0
4c92bbf4c140130d,dog,dog,1,elephant,0,elephant,0,person,0,elephant,0,elephant,0
6306df5f0ba02151,dog,dog,1,horse,0,horse,0,person,0,elephant,0,elephant,0
8774be24dba5493b,dog,dog,1,horse,0,elephant,0,person,0,elephant,0,elephant,0
61d9e2cd9f39174d,dog,dog,1,person,0,person,0,person,0,elephant,0,giraffe,0
4111a252f46a53c9,dog,dog,1,dog,1,dog,1,person,0,elephant,0,dog,1
d5c503e868a0bc07,dog,dog,1,person,0,person,0,person,0,elephant,0,giraffe,0
6589d3e8e61131f5,dog,dog,1,dog,1,dog,1,person,0,elephant,0,dog,1
90229b1c01abe739,dog,dog,1,dog,1,person,0,person,0,elephant,0,horse,0
0cbfd80200bc5477,dog,dog,1,dog,1,person,0,person,0,elephant,0,horse,0
1c23a591ecca37c7,dog,dog,1,person,0,person,0,person,0,elephant,0,dog,1
65543889c6b10b07,dog,dog,1,person,0,person,0,person,0,elephant,0,giraffe,0
20988f89d7b21f10,dog,horse,0,person,0,horse,0,person,0,elephant,0,horse,0
b1eb143eabed9935,dog,horse,0,horse,0,horse,0,person,0,elephant,0,horse,0
ddbc1ba09c6b9ddc,dog,dog,1,horse,0,horse,0,person,0,elephant,0,horse,0
9b5de7f68a8f6c7b,dog,dog,1,dog,1,person,0,person,0,elephant,0,dog,1
2bb3bc991d65b8b1,dog,dog,1,elephant,0,elephant,0,person,0,elephant,0,elephant,0
df67afd9ed4bc8de,dog,person,0,person,0,person,0,person,0,elephant,0,elephant,0
454b92f556b58c5f,dog,dog,1,elephant,0,elephant,0,person,0,elephant,0,elephant,0
34d1e8429660e158,dog,dog,1,dog,1,dog,1,person,0,elephant,0,giraffe,0
422d674229d232ad,dog,elephant,0,dog,1,dog,1,person,0,elephant,0,elephant,0
372e0a8c6600eeed,dog,dog,1,dog,1,dog,1,person,0,elephant,0,dog,1
4aa615ae061d8ac1,dog,dog,1,dog,1,dog,1,person,0,elephant,0,horse,0
255e9dd9be642803,dog,elephant,0,person,0,dog,1,person,0,elephant,0,elephant,0
0f3e88e74fc3842f,dog,dog,1,dog,1,dog,1,person,0,elephant,0,elephant,0
220e56e79b97f81d,dog,dog,1,dog,1,dog,1,person,0,elephant,0,elephant,0
b93920a6eff3f59c,dog,person,0,elephant,0,person,0,person,0,elephant,0,elephant,0
7ffcd277989e3afd,dog,person,0,dog,1,dog,1,person,0,elephant,0,elephant,0
55928eac84a6ed46,dog,dog,1,dog,1,dog,1,person,0,elephant,0,dog,1
084b6c0183f0b865,dog,dog,1,person,0,dog,1,person,0,elephant,0,elephant,0
2f87baf4e5272b99,dog,person,0,person,0,dog,1,person,0,elephant,0,elephant,0
5aaeebbf97ae4a59,dog,dog,1,person,0,elephant,0,person,0,horse,0,elephant,0
53a55e03e217bfd4,dog,dog,1,person,0,elephant,0,person,0,elephant,0,elephant,0
661848770534eb14,dog,person,0,giraffe,0,horse,0,person,0,person,0,horse,0
1815995d918b3929,dog,person,0,person,0,person,0,person,0,person,0,giraffe,0
b5398b17a0ae3ceb,dog,person,0,person,0,horse,0,person,0,person,0,giraffe,0
3ad81c4c8173f6b8,dog,person,0,person,0,person,0,person,0,person,0,giraffe,0
ccd5c015c9f80fd4,dog,dog,1,person,0,person,0,person,0,person,0,elephant,0
a48ff7eea540d89a,dog,person,0,person,0,person,0,person,0,elephant,0,giraffe,0
4835ead2aaa5ecc7,dog,dog,1,person,0,person,0,person,0,elephant,0,dog,1
7c4737b639b9fe87,dog,giraffe,0,giraffe,0,giraffe,0,person,0,person,0,giraffe,0
060d2b58c4fd2335,dog,person,0,person,0,person,0,person,0,elephant,0,giraffe,0
a12a0932ab50256a,dog,dog,1,dog,1,dog,1,person,0,elephant,0,giraffe,0
2dcc0eadbdd4e9bc,dog,person,0,dog,1,dog,1,person,0,elephant,0,giraffe,0
7087f8d336c46b65,dog,dog,1,elephant,0,elephant,0,person,0,elephant,0,elephant,0
bd6d3e28644516cf,dog,dog,1,dog,1,elephant,0,person,0,elephant,0,elephant,0
d4532b83326bb976,dog,dog,1,dog,1,horse,0,person,0,elephant,0,horse,0
87fae7efc68b9c80,dog,horse,0,horse,0,horse,0,person,0,elephant,0,horse,0
28ee73a26d40f38a,dog,dog,1,horse,0,horse,0,person,0,elephant,0,horse,0
b74a6f0d75560de8,dog,dog,1,person,0,person,0,person,0,elephant,0,giraffe,0
3ddf3c217d86205d,dog,horse,0,horse,0,person,0,person,0,elephant,0,horse,0
acd93e8d6235c2f9,dog,horse,0,horse,0,horse,0,person,0,elephant,0,horse,0
96f578709727d6cb,dog,dog,1,dog,1,dog,1,person,0,person,0,dog,1
60261ce217c39709,dog,dog,1,dog,1,dog,1,person,0,elephant,0,dog,1
1feae47b8d7ebae1,dog,dog,1,giraffe,0,dog,1,person,0,person,0,giraffe,0
0c5b46f4e93e5a78,dog,giraffe,0,giraffe,0,dog,1,person,0,person,0,giraffe,0
2c4a1131faffe063,dog,dog,1,dog,1,person,0,person,0,person,0,giraffe,0
024af79e1b25c60a,dog,horse,0,giraffe,0,dog,1,person,0,person,0,giraffe,0
f66643fc259f8543,dog,dog,1,horse,0,giraffe,0,person,0,person,0,giraffe,0
b6582f570f65d32e,dog,horse,0,horse,0,horse,0,person,0,giraffe,0,giraffe,0
288864cfd396c96b,dog,dog,1,dog,1,dog,1,person,0,elephant,0,giraffe,0
363b249c6351843f,dog,dog,1,horse,0,dog,1,person,0,elephant,0,giraffe,0
d736b17fb9786c90,dog,dog,1,dog,1,dog,1,person,0,elephant,0,dog,1
0c726cff93539fe8,dog,dog,1,dog,1,dog,1,person,0,elephant,0,dog,1
bcb1ae0986153191,dog,dog,1,dog,1,dog,1,person,0,elephant,0,giraffe,0
3661ef279b0edcc2,dog,dog,1,dog,1,dog,1,person,0,elephant,0,giraffe,0
4c19f90f24c2a5f6,dog,horse,0,dog,1,dog,1,person,0,elephant,0,giraffe,0
8d50bbd15d220c46,dog,horse,0,horse,0,dog,1,person,0,elephant,0,horse,0
1fbcf1f6c102d571,dog,dog,1,dog,1,dog,1,person,0,elephant,0,dog,1
97eac22229b5a006,dog,dog,1,dog,1,dog,1,person,0,elephant,0,dog,1
ca4dce21afb692ee,dog,dog,1,dog,1,dog,1,person,0,elephant,0,horse,0
80c0f76bfc97319c,dog,dog,1,dog,1,dog,1,person,0,elephant,0,dog,1
885282f41f38d035,dog,dog,1,dog,1,dog,1,person,0,elephant,0,dog,1
3f9ed6a3e3cefc3e,dog,dog,1,dog,1,dog,1,person,0,elephant,0,dog,1
b5f9cb2263adb057,dog,dog,1,dog,1,dog,1,person,0,horse,0,dog,1
4510bcc4cce33456,dog,dog,1,dog,1,dog,1,person,0,elephant,0,giraffe,0
5c79fedfb14b70eb,dog,dog,1,dog,1,dog,1,person,0,elephant,0,dog,1
62d8ba628fccb5d0,dog,dog,1,dog,1,dog,1,person,0,elephant,0,elephant,0
fc48918c92131e6a,dog,dog,1,dog,1,dog,1,person,0,elephant,0,dog,1
3bd3236f5b2e3674,dog,dog,1,dog,1,dog,1,person,0,elephant,0,giraffe,0
972e1c8c11895db1,dog,dog,1,dog,1,dog,1,person,0,elephant,0,dog,1
5c8f7f0519cfaaa3,dog,dog,1,dog,1,dog,1,person,0,elephant,0,dog,1
ad659e7e58c5437c,dog,dog,1,dog,1,dog,1,person,0,elephant,0,dog,1
68ddeeb4acf77770,dog,dog,1,dog,1,person,0,person,0,elephant,0,giraffe,0
f9f78d4f8d341b44,dog,dog,1,dog,1,dog,1,person,0,person,0,giraffe,0
ffea3a70cb1bd5d7,dog,dog,1,dog,1,dog,1,person,0,elephant,0,dog,1
dd6651e2491a3e30,dog,dog,1,dog,1,dog,1,person,0,elephant,0,elephant,0
641cc0a079e2ca58,dog,dog,1,person,0,person,0,person,0,giraffe,0,giraffe,0
5e04b939c8094f98,dog,dog,1,dog,1,dog,1,person,0,elephant,0,giraffe,0
74ec408ff6b173ca,dog,dog,1,person,0,dog,1,person,0,person,0,giraffe,0
c3dd104b90caa4eb,dog,giraffe,0,giraffe,0,dog,1,person,0,person,0,giraffe,0
5f685316a57238f9,dog,dog,1,dog,1,dog,1,person,0,person,0,giraffe,0
b2f9d78d36bc3564,dog,dog,1,dog,1,dog,1,person,0,person,0,giraffe,0
a6dbfc3d9911621f,dog,dog,1,dog,1,dog,1,person,0,person,0,giraffe,0
8e2f9053bcbdbeb2,dog,dog,1,giraffe,0,giraffe,0,person,0,person,0,giraffe,0
103a403965a34048,dog,dog,1,dog,1,dog,1,person,0,person,0,giraffe,0
38f271c25cd91bdc,dog,giraffe,0,dog,1,person,0,person,0,person,0,giraffe,0
fbff7dca91ba3f7b,dog,dog,1,dog,1,dog,1,person,0,elephant,0,giraffe,0
7d6f8642a074365e,dog,dog,1,dog,1,dog,1,person,0,person,0,giraffe,0
5622708297c1c516,dog,horse,0,dog,1,dog,1,person,0,elephant,0,horse,0
d3532debbbbb40d1,dog,dog,1,dog,1,dog,1,person,0,elephant,0,dog,1
0d7486fec5e7f30b,dog,horse,0,horse,0,dog,1,person,0,elephant,0,giraffe,0
a036e50287661e59,dog,dog,1,dog,1,dog,1,person,0,elephant,0,horse,0
c7d32ebd63e02bcc,dog,dog,1,dog,1,dog,1,person,0,elephant,0,horse,0
dc31e02b1ac40847,dog,dog,1,dog,1,dog,1,person,0,elephant,0,elephant,0
0b8136225147a13f,dog,dog,1,dog,1,dog,1,person,0,elephant,0,giraffe,0
c7942170f59889fd,dog,dog,1,dog,1,person,0,person,0,elephant,0,giraffe,0
e77989154628e57b,dog,dog,1,dog,1,dog,1,person,0,person,0,dog,1
718e9409fbdc4c4a,dog,dog,1,dog,1,dog,1,person,0,person,0,horse,0
5e2aa2534804848c,dog,dog,1,dog,1,dog,1,person,0,elephant,0,giraffe,0
1b5bcd8bc57696bd,dog,dog,1,dog,1,dog,1,person,0,elephant,0,dog,1
b1d7a970292e56d9,dog,dog,1,dog,1,dog,1,person,0,elephant,0,dog,1
04cde3d1554dd8e5,dog,dog,1,dog,1,dog,1,person,0,elephant,0,dog,1
73a67e661457986e,dog,dog,1,dog,1,dog,1,person,0,elephant,0,dog,1
9f5dae08490cadc5,dog,dog,1,dog,1,dog,1,person,0,horse,0,giraffe,0
b5c95d5f21ab09a4,dog,dog,1,dog,1,dog,1,person,0,elephant,0,horse,0
5d02bf64f217cc85,dog,dog,1,dog,1,dog,1,person,0,elephant,0,horse,0
3deb18bbcfaccea4,dog,dog,1,dog,1,dog,1,person,0,elephant,0,horse,0
81943aace699710e,dog,dog,1,dog,1,dog,1,person,0,elephant,0,horse,0
4e80d5b0d3d0c9a8,dog,dog,1,dog,1,dog,1,person,0,elephant,0,horse,0
0b56da883790c503,dog,horse,0,dog,1,giraffe,0,person,0,elephant,0,giraffe,0
02e3177b61236f3d,dog,dog,1,person,0,person,0,person,0,elephant,0,dog,1
ba2c55a6f0a57474,dog,dog,1,dog,1,person,0,person,0,elephant,0,dog,1
88677d8e893af6f7,dog,dog,1,dog,1,person,0,person,0,elephant,0,elephant,0
1699d3b41faa9cd5,dog,dog,1,dog,1,dog,1,person,0,elephant,0,dog,1
d5b3005271ab4d7c,dog,dog,1,dog,1,dog,1,person,0,elephant,0,dog,1
8c0a9126b27a3c5d,dog,dog,1,person,0,person,0,person,0,elephant,0,giraffe,0
5b4c3030c55771b1,dog,dog,1,dog,1,dog,1,person,0,elephant,0,dog,1
5aea4dca65a7d84d,dog,dog,1,dog,1,person,0,person,0,elephant,0,giraffe,0
c55af9b950fb6853,dog,dog,1,dog,1,dog,1,person,0,elephant,0,giraffe,0
0e6c8b66616a1766,dog,dog,1,dog,1,dog,1,person,0,elephant,0,dog,1
a7adfeb4eeaaff9d,dog,dog,1,dog,1,person,0,person,0,elephant,0,horse,0
9ed9b9673b4149c1,dog,dog,1,giraffe,0,giraffe,0,person,0,person,0,giraffe,0
e5a0167d2034e09d,dog,dog,1,elephant,0,elephant,0,person,0,elephant,0,elephant,0
c7c897a14508d349,dog,dog,1,dog,1,giraffe,0,person,0,elephant,0,giraffe,0
65b3a1bc52469463,dog,person,0,dog,1,person,0,person,0,person,0,giraffe,0
e9c7016bb8e272eb,dog,dog,1,person,0,person,0,person,0,elephant,0,giraffe,0
8424acbc947b8598,dog,dog,1,dog,1,dog,1,person,0,person,0,giraffe,0
eef9ebe4f5f4f9d6,dog,dog,1,dog,1,elephant,0,person,0,giraffe,0,giraffe,0
1bd33778c83ed41e,dog,horse,0,dog,1,dog,1,person,0,elephant,0,giraffe,0
7150355285af784c,dog,dog,1,dog,1,dog,1,person,0,elephant,0,dog,1
8130c2b3fc677a5f,dog,dog,1,dog,1,dog,1,person,0,elephant,0,giraffe,0
91bb446e30cedd94,dog,dog,1,dog,1,dog,1,person,0,elephant,0,giraffe,0
b9ef567189364884,dog,dog,1,dog,1,dog,1,person,0,elephant,0,dog,1
c5975574be11b824,dog,dog,1,dog,1,dog,1,person,0,elephant,0,elephant,0
c12d3ea552a1457e,dog,dog,1,dog,1,person,0,person,0,elephant,0,elephant,0
5a8866aadcf0c454,dog,person,0,dog,1,dog,1,person,0,elephant,0,elephant,0
9463594a37fd895e,dog,horse,0,horse,0,dog,1,person,0,elephant,0,horse,0
908048df530d7544,dog,dog,1,dog,1,dog,1,person,0,person,0,giraffe,0
b6f497750634e771,dog,horse,0,horse,0,dog,1,person,0,elephant,0,horse,0
8ba6fbdb1f1b26c7,dog,horse,0,dog,1,dog,1,person,0,elephant,0,elephant,0
10d5a2e71f9f7860,dog,elephant,0,elephant,0,dog,1,person,0,elephant,0,elephant,0
278105316727f98c,dog,dog,1,dog,1,dog,1,person,0,elephant,0,giraffe,0
0cf496e6a9673f2c,dog,dog,1,dog,1,dog,1,person,0,elephant,0,giraffe,0
e0c241f64f7cfa76,dog,dog,1,dog,1,dog,1,person,0,elephant,0,giraffe,0
ae74c3503e7beb6e,dog,horse,0,horse,0,dog,1,person,0,elephant,0,horse,0
b04f06e936f42595,dog,giraffe,0,dog,1,dog,1,person,0,person,0,giraffe,0
28191ca1f373d2aa,dog,horse,0,dog,1,dog,1,person,0,person,0,giraffe,0
1f5f62436dabcd7d,dog,horse,0,horse,0,dog,1,person,0,elephant,0,giraffe,0
958e5b51d550f280,dog,dog,1,dog,1,person,0,person,0,person,0,giraffe,0
442387dad44265d0,dog,dog,1,dog,1,person,0,person,0,person,0,giraffe,0
7f7fc0e103f71550,dog,person,0,person,0,person,0,person,0,person,0,giraffe,0
d1c49aa8870af6d0,dog,horse,0,dog,1,person,0,person,0,person,0,giraffe,0
130d66d7b73e5997,dog,dog,1,dog,1,person,0,person,0,elephant,0,dog,1
ee6974fae169d92b,dog,giraffe,0,giraffe,0,giraffe,0,person,0,person,0,giraffe,0
ba101ef34c8010f3,dog,dog,1,dog,1,dog,1,person,0,elephant,0,horse,0
7615e269e5bd7f83,dog,dog,1,dog,1,dog,1,person,0,elephant,0,horse,0
288fa6d1dae1ff46,dog,dog,1,dog,1,dog,1,person,0,elephant,0,dog,1
31502d9d9a73d552,dog,horse,0,dog,1,dog,1,person,0,elephant,0,horse,0
e6956349c15097a7,dog,dog,1,dog,1,dog,1,person,0,elephant,0,horse,0
3055a88a9791eb45,dog,dog,1,person,0,person,0,person,0,horse,0,giraffe,0
41bf7dc94789b062,dog,dog,1,dog,1,dog,1,person,0,elephant,0,giraffe,0
b62490a045c8f1ab,dog,dog,1,dog,1,dog,1,person,0,elephant,0,giraffe,0
3f0539e37f89ca66,dog,dog,1,dog,1,person,0,person,0,elephant,0,giraffe,0
4310ab3481666667,dog,person,0,person,0,person,0,person,0,elephant,0,giraffe,0
dbf548ada6dc4b4b,dog,dog,1,giraffe,0,person,0,person,0,person,0,giraffe,0
5bdcf40c3b164c8b,dog,horse,0,person,0,elephant,0,person,0,person,0,giraffe,0
d118c5ef1eac78cb,dog,horse,0,dog,1,person,0,person,0,elephant,0,giraffe,0
a0cd742bd8ee9921,dog,dog,1,dog,1,dog,1,person,0,elephant,0,giraffe,0
beac5fa2b27e9a58,dog,dog,1,dog,1,person,0,person,0,elephant,0,dog,1
975b091c740a0207,dog,dog,1,dog,1,person,0,person,0,person,0,giraffe,0
d7cf1c42c9b438ec,dog,dog,1,dog,1,dog,1,person,0,elephant,0,horse,0
c642dd8b3eb5f1e8,dog,dog,1,dog,1,dog,1,person,0,person,0,giraffe,0
0d9ffac42d9f644c,dog,horse,0,dog,1,dog,1,person,0,elephant,0,giraffe,0
1a422aa63b0d2899,dog,dog,1,dog,1,dog,1,person,0,giraffe,0,elephant,0
085abaa473e9c90c,dog,horse,0,dog,1,dog,1,person,0,elephant,0,horse,0
c3768e807e016dca,dog,dog,1,person,0,person,0,person,0,elephant,0,elephant,0
04b1c7e89e49eb0b,dog,horse,0,horse,0,dog,1,person,0,elephant,0,horse,0
01c488057117c965,dog,dog,1,dog,1,dog,1,person,0,elephant,0,horse,0
782855c3aaca735b,dog,horse,0,dog,1,dog,1,person,0,giraffe,0,giraffe,0
1c0201474e4d550b,dog,dog,1,dog,1,dog,1,person,0,horse,0,giraffe,0
27bef9a22c5550b3,dog,horse,0,dog,1,dog,1,person,0,horse,0,horse,0
e66228aacddcfdb6,dog,dog,1,dog,1,dog,1,person,0,elephant,0,giraffe,0
abe9942cdcc9dd45,dog,dog,1,dog,1,dog,1,person,0,horse,0,dog,1
5cf78aba6b65bb4b,dog,dog,1,person,0,person,0,person,0,person,0,giraffe,0
1ed123ddee1406ca,dog,dog,1,dog,1,dog,1,person,0,elephant,0,giraffe,0
50ba3c1ae8206993,dog,dog,1,dog,1,dog,1,person,0,person,0,dog,1
4cb962c5bdf89471,dog,dog,1,dog,1,person,0,person,0,person,0,giraffe,0
76e5bcc8a9c0ca8a,dog,dog,1,dog,1,dog,1,person,0,person,0,dog,1
02970cb9525e8c8d,dog,dog,1,dog,1,dog,1,person,0,elephant,0,giraffe,0
aea85a7337ed8d57,dog,dog,1,dog,1,dog,1,person,0,person,0,giraffe,0
5be172a1c200cfd3,dog,dog,1,dog,1,dog,1,person,0,elephant,0,dog,1
63a002a42074a5dc,dog,dog,1,person,0,person,0,person,0,person,0,giraffe,0
dabc1a72c2cffff7,dog,dog,1,person,0,dog,1,person,0,person,0,giraffe,0
24d4ce3a242fbd3b,dog,horse,0,dog,1,dog,1,person,0,elephant,0,giraffe,0
5e887861dd7d3a43,dog,dog,1,dog,1,dog,1,person,0,person,0,dog,1
111040cf94023809,dog,dog,1,dog,1,person,0,person,0,elephant,0,elephant,0
0a060ed83452c3ca,dog,dog,1,person,0,person,0,person,0,person,0,giraffe,0
47a3ec2a62b23808,dog,dog,1,dog,1,person,0,person,0,elephant,0,giraffe,0
371de936b257844f,dog,dog,1,dog,1,dog,1,person,0,elephant,0,giraffe,0
faaa151066734b9c,dog,dog,1,dog,1,dog,1,person,0,elephant,0,dog,1
552a0676dc82970a,dog,dog,1,dog,1,person,0,person,0,elephant,0,elephant,0
1eeb9b225b28d3ca,dog,horse,0,dog,1,dog,1,person,0,person,0,elephant,0
fe0f0b6ee5307ee6,dog,dog,1,dog,1,horse,0,person,0,elephant,0,elephant,0
5ccb1adc0c9844a6,dog,horse,0,person,0,person,0,person,0,elephant,0,giraffe,0
d0e639bc2178a8ec,dog,dog,1,dog,1,horse,0,person,0,elephant,0,horse,0
96012311f27d3b70,dog,dog,1,dog,1,person,0,person,0,elephant,0,horse,0
b03ce67f8cbc8d82,dog,dog,1,dog,1,horse,0,person,0,elephant,0,horse,0
a27061afcf8faff9,dog,dog,1,dog,1,dog,1,person,0,elephant,0,horse,0
f29a7f1476a0afb8,dog,horse,0,dog,1,dog,1,person,0,elephant,0,horse,0
73d1df771399574e,dog,dog,1,dog,1,dog,1,person,0,elephant,0,horse,0
cfd8d82878942206,dog,dog,1,elephant,0,person,0,person,0,elephant,0,elephant,0
6c78a7dd063732e1,dog,horse,0,horse,0,horse,0,person,0,elephant,0,horse,0
c385370af74e89aa,dog,dog,1,elephant,0,elephant,0,person,0,elephant,0,elephant,0
323e3e4f690c2216,dog,dog,1,dog,1,dog,1,person,0,elephant,0,elephant,0
91116ed129225864,dog,dog,1,horse,0,person,0,person,0,elephant,0,elephant,0
17bc48ca49e0d39c,dog,dog,1,dog,1,elephant,0,person,0,elephant,0,elephant,0
18f6dcb3a2a8ef84,dog,elephant,0,elephant,0,elephant,0,person,0,elephant,0,elephant,0
6e1cb36ddd3a6cc0,dog,dog,1,person,0,elephant,0,person,0,elephant,0,elephant,0
4f4adad1445d0db0,dog,elephant,0,elephant,0,elephant,0,person,0,elephant,0,elephant,0
add0eef3ffddec69,dog,person,0,person,0,person,0,person,0,elephant,0,elephant,0
53a288d5f6f05102,dog,elephant,0,person,0,elephant,0,person,0,elephant,0,elephant,0
50d818914caa649a,dog,horse,0,dog,1,horse,0,person,0,elephant,0,giraffe,0
aca686facfb7b1d0,dog,elephant,0,person,0,elephant,0,person,0,elephant,0,elephant,0
39de8836b04457e9,dog,dog,1,dog,1,person,0,person,0,person,0,dog,1
a421b70b4680f0dc,dog,dog,1,dog,1,person,0,person,0,elephant,0,dog,1
9986c9fd9a03283b,dog,dog,1,dog,1,person,0,person,0,elephant,0,dog,1
b0603a09abdcf916,dog,elephant,0,dog,1,person,0,person,0,elephant,0,elephant,0
f8485388a17d2ad5,dog,dog,1,elephant,0,person,0,person,0,elephant,0,elephant,0
67a1d5b9c8776469,dog,dog,1,dog,1,person,0,person,0,elephant,0,dog,1
c5718e5d578c0ba4,dog,dog,1,horse,0,horse,0,person,0,elephant,0,elephant,0
eefe6562a6c7df2c,dog,dog,1,dog,1,person,0,person,0,elephant,0,elephant,0
196647adc7704011,dog,dog,1,person,0,person,0,person,0,elephant,0,elephant,0
a7ea70dfb2d4a07d,dog,dog,1,horse,0,horse,0,person,0,elephant,0,elephant,0
3597a905c038e985,dog,dog,1,dog,1,horse,0,person,0,elephant,0,elephant,0
28a75fec5d7d7651,dog,elephant,0,elephant,0,elephant,0,person,0,elephant,0,elephant,0
f854d1370be1f813,dog,dog,1,elephant,0,elephant,0,person,0,person,0,elephant,0
d084fed2073024df,dog,dog,1,dog,1,dog,1,person,0,elephant,0,elephant,0
f2a17c2fcf5d9ea8,dog,dog,1,elephant,0,elephant,0,person,0,elephant,0,elephant,0
14551c6badde7d93,dog,dog,1,dog,1,dog,1,person,0,giraffe,0,dog,1
9b5cb7a4052e835c,dog,dog,1,dog,1,elephant,0,person,0,elephant,0,elephant,0
e7c0df3d2b9ddf46,dog,person,0,person,0,person,0,person,0,elephant,0,elephant,0
8843cd72315e2a7a,dog,dog,1,dog,1,dog,1,person,0,elephant,0,elephant,0
12bad828e36e4e00,dog,elephant,0,elephant,0,elephant,0,person,0,elephant,0,elephant,0
33fb245869adff80,dog,dog,1,dog,1,elephant,0,person,0,elephant,0,elephant,0
93471cbb0447269f,dog,dog,1,dog,1,elephant,0,person,0,elephant,0,elephant,0
b3f30516668a615d,dog,dog,1,dog,1,person,0,person,0,elephant,0,elephant,0
30b08ed51fec76d6,dog,dog,1,dog,1,dog,1,person,0,elephant,0,dog,1
b92143d835420cdc,dog,dog,1,person,0,person,0,person,0,elephant,0,elephant,0
21c91e04348f18d5,dog,elephant,0,elephant,0,elephant,0,person,0,elephant,0,elephant,0
962655bec5d67e3c,dog,dog,1,dog,1,person,0,person,0,person,0,dog,1
0bb205c190888751,dog,dog,1,person,0,dog,1,person,0,person,0,giraffe,0
62b3f08e39fe1621,dog,dog,1,dog,1,dog,1,person,0,person,0,giraffe,0
79f9aefe4c86ff46,dog,dog,1,dog,1,dog,1,person,0,elephant,0,elephant,0
4c2148813597871b,dog,person,0,person,0,person,0,person,0,person,0,elephant,0
92a8681092cd1a2e,dog,dog,1,dog,1,person,0,person,0,giraffe,0,elephant,0
9c61d950725ae9de,dog,dog,1,dog,1,dog,1,person,0,person,0,giraffe,0
fd2f5d7aafc5df9b,dog,elephant,0,dog,1,dog,1,person,0,elephant,0,elephant,0
f2aed0477a63a67b,dog,dog,1,dog,1,dog,1,person,0,elephant,0,elephant,0
0e1c599121bfeb90,dog,dog,1,dog,1,dog,1,person,0,elephant,0,elephant,0
f21af58f869f18a1,dog,dog,1,dog,1,dog,1,person,0,elephant,0,elephant,0
1763c53e2c0867a0,dog,dog,1,dog,1,dog,1,person,0,elephant,0,elephant,0
9afbf9b5bd63115f,dog,dog,1,dog,1,dog,1,person,0,elephant,0,elephant,0
f5c54418902e8a86,dog,dog,1,person,0,person,0,person,0,elephant,0,elephant,0
79bbefee0b2d4f4f,dog,dog,1,elephant,0,elephant,0,person,0,person,0,elephant,0
930eaa9a1a9a9b73,dog,dog,1,dog,1,person,0,person,0,elephant,0,dog,1
9d2e44abb46a2a8c,dog,dog,1,dog,1,person,0,person,0,elephant,0,elephant,0
ae4c486d715ef2e4,dog,dog,1,person,0,person,0,person,0,person,0,elephant,0
661241f9cf2a9b7c,dog,dog,1,person,0,person,0,person,0,person,0,dog,1
ab7be2a7d9a4bca9,dog,dog,1,person,0,person,0,person,0,person,0,elephant,0
5d28e893ca15b309,dog,dog,1,dog,1,person,0,person,0,elephant,0,dog,1
66b70c2e078e95ea,dog,dog,1,person,0,person,0,person,0,person,0,elephant,0
629ac3d3b8ad8a50,dog,dog,1,dog,1,dog,1,person,0,elephant,0,dog,1
fdc2917e5568067b,dog,elephant,0,elephant,0,elephant,0,person,0,elephant,0,elephant,0
c6d9098db2fa6282,dog,dog,1,dog,1,person,0,person,0,elephant,0,elephant,0
70bb6df401a6f670,dog,dog,1,dog,1,elephant,0,person,0,elephant,0,elephant,0
e5cc0acd99cc068c,dog,dog,1,elephant,0,elephant,0,person,0,elephant,0,elephant,0
1176877cd7f6e0c1,dog,dog,1,person,0,person,0,person,0,elephant,0,elephant,0
19fd0516bddbb336,dog,elephant,0,dog,1,elephant,0,person,0,elephant,0,elephant,0
ffeb5561f31be75f,dog,dog,1,dog,1,dog,1,person,0,giraffe,0,dog,1
551dde1e1f2e58ac,dog,dog,1,dog,1,dog,1,person,0,person,0,elephant,0
27f110bff8dcf542,dog,dog,1,person,0,dog,1,person,0,elephant,0,elephant,0
d212b852f848481e,dog,dog,1,dog,1,dog,1,person,0,elephant,0,elephant,0
d47e402801203c72,dog,dog,1,person,0,dog,1,person,0,person,0,elephant,0
210ac86e699d5f53,dog,dog,1,dog,1,dog,1,person,0,person,0,elephant,0
f57b5b48bc6fd4ac,dog,dog,1,dog,1,dog,1,person,0,elephant,0,elephant,0
c742145351ae722c,dog,dog,1,dog,1,person,0,person,0,elephant,0,elephant,0
4ddb967b0c52edc6,dog,dog,1,dog,1,dog,1,person,0,elephant,0,dog,1
8395d94d15ffd38c,dog,dog,1,dog,1,dog,1,person,0,elephant,0,dog,1
b65e7315e70af0cf,dog,dog,1,person,0,person,0,person,0,person,0,elephant,0
265c90e23bf6821d,dog,dog,1,person,0,person,0,person,0,elephant,0,dog,1
8e9816bb2bf4fe2c,dog,person,0,person,0,dog,1,person,0,elephant,0,elephant,0
10dc66a7c3d17104,dog,dog,1,person,0,dog,1,person,0,elephant,0,elephant,0
3590487d8b146fe7,dog,elephant,0,elephant,0,elephant,0,person,0,elephant,0,elephant,0
fb4055a78921b1e9,dog,dog,1,dog,1,dog,1,person,0,elephant,0,elephant,0
df1cdf6f607f0ace,dog,dog,1,dog,1,dog,1,person,0,elephant,0,dog,1
6af1a137b1a761dc,dog,dog,1,house,0,dog,1,person,0,elephant,0,giraffe,0
288918c535a9728c,dog,person,0,person,0,dog,1,person,0,elephant,0,elephant,0
92edc655c71c242f,dog,dog,1,dog,1,dog,1,person,0,elephant,0,elephant,0
42403d3b5748313e,dog,dog,1,dog,1,person,0,person,0,elephant,0,elephant,0
c25114a391f0f88a,dog,elephant,0,person,0,person,0,person,0,giraffe,0,elephant,0
510f1b07bb25a8e9,dog,dog,1,dog,1,dog,1,person,0,elephant,0,elephant,0
67d787a9777d09cc,dog,dog,1,person,0,person,0,person,0,person,0,elephant,0
704461cbe481ed58,dog,dog,1,person,0,person,0,person,0,person,0,elephant,0
1bf7f0824f0855ae,dog,dog,1,dog,1,dog,1,person,0,elephant,0,dog,1
4cd9b862d53041af,dog,dog,1,person,0,person,0,person,0,person,0,elephant,0
33e894c07f1f4e58,dog,person,0,person,0,person,0,person,0,person,0,person,0
ab6fcd41c1b4fdfa,dog,dog,1,dog,1,person,0,person,0,person,0,elephant,0
ebb08477e16f99d0,dog,person,0,person,0,person,0,person,0,elephant,0,elephant,0
703ae49e94defa34,dog,dog,1,dog,1,person,0,person,0,elephant,0,elephant,0
767e2f527b060cb7,dog,dog,1,dog,1,dog,1,person,0,elephant,0,dog,1
60fd7169914fc5f5,dog,dog,1,dog,1,person,0,person,0,elephant,0,elephant,0
fedeb10c481a1b37,dog,dog,1,dog,1,person,0,person,0,elephant,0,dog,1
a3277cf57502345d,dog,dog,1,person,0,person,0,person,0,elephant,0,elephant,0
092ec0eed0b2a31f,dog,dog,1,person,0,dog,1,person,0,elephant,0,elephant,0
6322431768328961,dog,dog,1,person,0,elephant,0,person,0,elephant,0,elephant,0
6521061abec002c8,dog,dog,1,person,0,elephant,0,person,0,person,0,elephant,0
469d5d3fe26f696e,dog,dog,1,person,0,person,0,person,0,elephant,0,elephant,0
464583123581931b,dog,dog,1,dog,1,dog,1,person,0,elephant,0,elephant,0
8f78698a31def0e4,dog,elephant,0,person,0,person,0,person,0,elephant,0,elephant,0
df90f9573ee2d074,dog,dog,1,person,0,dog,1,person,0,elephant,0,dog,1
721e115e74d24764,dog,dog,1,person,0,person,0,person,0,elephant,0,elephant,0
37f36dd113da782e,dog,dog,1,dog,1,dog,1,person,0,elephant,0,elephant,0
5a1ed4d11a48b334,dog,dog,1,person,0,dog,1,person,0,elephant,0,elephant,0
fb92bea9bd4aed04,dog,dog,1,dog,1,person,0,person,0,giraffe,0,elephant,0
9902384ff3e72989,elephant,elephant,1,house,0,elephant,1,person,0,elephant,1,elephant,1
9fcb8fbd95592427,elephant,elephant,1,house,0,house,0,person,0,elephant,1,house,0
6751441220557971,elephant,person,0,person,0,house,0,person,0,elephant,1,elephant,1
efa5005fd27074ee,elephant,elephant,1,house,0,house,0,person,0,elephant,1,house,0
b23cb43da41446cd,elephant,elephant,1,house,0,house,0,person,0,elephant,1,elephant,1
9fd24fa643835479,elephant,elephant,1,elephant,1,elephant,1,person,0,elephant,1,elephant,1
cee719a9f06aaadf,elephant,elephant,1,elephant,1,elephant,1,person,0,elephant,1,elephant,1
130dc1d567989dc3,elephant,elephant,1,house,0,house,0,person,0,elephant,1,elephant,1
4da77e4d0260818a,elephant,elephant,1,house,0,house,0,person,0,elephant,1,house,0
613f779dd3186d87,elephant,elephant,1,elephant,1,elephant,1,person,0,elephant,1,elephant,1
f60eb5ce1ecea820,elephant,elephant,1,house,0,house,0,person,0,elephant,1,elephant,1
c875fcb10e0965e4,elephant,elephant,1,house,0,house,0,person,0,elephant,1,elephant,1
2a006501b90165bc,elephant,elephant,1,house,0,house,0,person,0,elephant,1,elephant,1
f6b3813bda883567,elephant,elephant,1,house,0,house,0,person,0,elephant,1,elephant,1
38450f5f5ad8dfc9,elephant,elephant,1,elephant,1,elephant,1,person,0,elephant,1,elephant,1
12c9aab8ecd5d24a,elephant,elephant,1,person,0,house,0,person,0,elephant,1,elephant,1
ff209e8590578f4f,elephant,elephant,1,house,0,house,0,person,0,elephant,1,elephant,1
f1ad7745264ff344,elephant,elephant,1,house,0,house,0,person,0,elephant,1,elephant,1
631c94d6c794ffef,elephant,elephant,1,house,0,house,0,person,0,elephant,1,elephant,1
c99e01cad1787731,elephant,elephant,1,house,0,house,0,person,0,elephant,1,elephant,1
b24cd3cf972d7cff,elephant,elephant,1,person,0,house,0,person,0,elephant,1,elephant,1
e8a454e21cb6fa46,elephant,elephant,1,person,0,house,0,person,0,elephant,1,elephant,1
f79ac77fc528c944,elephant,elephant,1,house,0,house,0,person,0,elephant,1,elephant,1
35e1e7ba8fdcdf59,elephant,elephant,1,house,0,house,0,person,0,elephant,1,elephant,1
806bf3051b9b9d54,elephant,elephant,1,house,0,house,0,person,0,elephant,1,elephant,1
4ffe35dfccd5fa23,elephant,elephant,1,house,0,house,0,person,0,elephant,1,elephant,1
9caa84db39d97220,elephant,elephant,1,elephant,1,elephant,1,person,0,elephant,1,elephant,1
43bcb1d82f5e494e,elephant,elephant,1,elephant,1,house,0,person,0,elephant,1,elephant,1
0a6949b80500ef0e,elephant,elephant,1,house,0,elephant,1,person,0,elephant,1,elephant,1
14047b9d915c90ad,elephant,elephant,1,person,0,house,0,person,0,elephant,1,elephant,1
63c053bfbe5fc2e3,elephant,elephant,1,person,0,house,0,person,0,elephant,1,elephant,1
e02aaacdf877b4a4,elephant,elephant,1,elephant,1,house,0,person,0,elephant,1,elephant,1
f8a7dbe1eaaa4c68,elephant,elephant,1,house,0,house,0,person,0,elephant,1,elephant,1
f1b796adf3e936e0,elephant,elephant,1,elephant,1,elephant,1,person,0,elephant,1,elephant,1
d88c73113d8e3eb8,elephant,elephant,1,elephant,1,house,0,person,0,elephant,1,elephant,1
3e12c3f626200b09,elephant,elephant,1,person,0,elephant,1,person,0,elephant,1,elephant,1
fd076f0c6fa936ba,elephant,elephant,1,elephant,1,elephant,1,person,0,elephant,1,elephant,1
b132882f1ff6b6e9,elephant,elephant,1,house,0,house,0,person,0,elephant,1,elephant,1
1550966fb150326a,elephant,elephant,1,house,0,house,0,person,0,elephant,1,elephant,1
08b7e9462bf2f198,elephant,elephant,1,house,0,house,0,person,0,elephant,1,elephant,1
dad1c9f2735e9993,elephant,elephant,1,elephant,1,elephant,1,person,0,elephant,1,elephant,1
89545197317aa9f2,elephant,elephant,1,house,0,elephant,1,person,0,elephant,1,elephant,1
fb0a2952fd9ca22a,elephant,elephant,1,house,0,house,0,person,0,elephant,1,elephant,1
1787acbffcd5b305,elephant,elephant,1,house,0,house,0,person,0,elephant,1,elephant,1
7de46dcdd07850dc,elephant,elephant,1,house,0,house,0,person,0,elephant,1,elephant,1
be824d250c7112c4,elephant,elephant,1,elephant,1,elephant,1,person,0,elephant,1,elephant,1
e300105313b17a9a,elephant,elephant,1,house,0,house,0,person,0,elephant,1,elephant,1
2fd8b8b1f05c26e6,elephant,elephant,1,person,0,person,0,person,0,elephant,1,elephant,1
79394c7d39a6bc6f,elephant,elephant,1,house,0,house,0,person,0,elephant,1,elephant,1
3f4785c8280dc83c,elephant,elephant,1,elephant,1,elephant,1,person,0,elephant,1,elephant,1
1d2671199943a1a8,elephant,elephant,1,house,0,house,0,person,0,elephant,1,elephant,1
7c7cf978afa0f7c7,elephant,elephant,1,house,0,elephant,1,person,0,elephant,1,elephant,1
918feeb82b162735,elephant,elephant,1,person,0,elephant,1,person,0,elephant,1,elephant,1
f4156ee7f7f50901,elephant,elephant,1,house,0,elephant,1,person,0,elephant,1,elephant,1
464d782fd75dc899,elephant,elephant,1,house,0,house,0,person,0,elephant,1,elephant,1
28f37e7dfbb0f1f0,elephant,elephant,1,house,0,house,0,person,0,elephant,1,elephant,1
3741f8185ad958ba,elephant,elephant,1,house,0,elephant,1,person,0,elephant,1,elephant,1
9e4cf838b5a96818,elephant,elephant,1,elephant,1,elephant,1,person,0,elephant,1,elephant,1
d8fb662dbecb9eee,elephant,elephant,1,elephant,1,elephant,1,person,0,elephant,1,elephant,1
60e69d356a98e7e0,elephant,elephant,1,house,0,house,0,person,0,elephant,1,elephant,1
45dfaa9cb674236d,elephant,elephant,1,house,0,house,0,person,0,elephant,1,elephant,1
f42cf46e767ee270,elephant,elephant,1,house,0,house,0,person,0,elephant,1,elephant,1
a0f26500b682afe0,elephant,elephant,1,house,0,house,0,person,0,elephant,1,elephant,1
5c6c08ce137b9010,elephant,elephant,1,house,0,house,0,person,0,elephant,1,elephant,1
c440f0932f562ec4,elephant,elephant,1,elephant,1,house,0,person,0,elephant,1,elephant,1
5ef8819db4b38778,elephant,elephant,1,house,0,elephant,1,person,0,elephant,1,elephant,1
defca31633f7c251,elephant,elephant,1,house,0,house,0,person,0,elephant,1,elephant,1
b9abbc6062926ad2,elephant,elephant,1,house,0,house,0,person,0,elephant,1,house,0
5b60f29c67aadf37,elephant,elephant,1,house,0,house,0,person,0,house,0,elephant,1
432989cda26750b3,elephant,elephant,1,house,0,person,0,person,0,elephant,1,elephant,1
b5cb5479a0c36f43,elephant,elephant,1,person,0,elephant,1,person,0,elephant,1,elephant,1
2bf36c7be5ffbd2f,elephant,elephant,1,house,0,house,0,person,0,elephant,1,elephant,1
f4c60ff1e067ca8a,elephant,elephant,1,elephant,1,elephant,1,person,0,elephant,1,elephant,1
2cf33eadd80d3530,elephant,elephant,1,house,0,house,0,person,0,elephant,1,elephant,1
3be6e803a6a4ebb1,elephant,elephant,1,house,0,house,0,person,0,elephant,1,elephant,1
1493141cac172a92,elephant,elephant,1,house,0,house,0,person,0,elephant,1,elephant,1
b307a2d406b93215,elephant,elephant,1,elephant,1,elephant,1,person,0,elephant,1,elephant,1
2ef17196f9bfe7d8,elephant,elephant,1,elephant,1,elephant,1,person,0,elephant,1,elephant,1
e8ab3dd975674bf4,elephant,elephant,1,house,0,house,0,person,0,elephant,1,elephant,1
afe68e59541266be,elephant,elephant,1,house,0,house,0,person,0,elephant,1,elephant,1
3bd8311f027e9848,elephant,elephant,1,elephant,1,elephant,1,person,0,elephant,1,elephant,1
a7d63da7e1090c5f,elephant,dog,0,elephant,1,elephant,1,person,0,elephant,1,elephant,1
6cba477972b4b174,elephant,dog,0,dog,0,dog,0,person,0,elephant,1,elephant,1
fa97ad80cfd6e16f,elephant,person,0,elephant,1,elephant,1,person,0,elephant,1,elephant,1
865f3fc5c12ba5d4,elephant,person,0,person,0,elephant,1,person,0,elephant,1,elephant,1
daee4605ea39868e,elephant,elephant,1,elephant,1,elephant,1,person,0,elephant,1,elephant,1
c082b53b336727b1,elephant,elephant,1,elephant,1,elephant,1,person,0,elephant,1,elephant,1
2ce244b532c59833,elephant,elephant,1,elephant,1,elephant,1,person,0,elephant,1,elephant,1
cf6e57eef1bee6cf,elephant,dog,0,elephant,1,elephant,1,person,0,elephant,1,elephant,1
de2c2d0d3c1a8700,elephant,elephant,1,elephant,1,elephant,1,person,0,elephant,1,elephant,1
9b5ef46194a12406,elephant,elephant,1,elephant,1,elephant,1,person,0,elephant,1,elephant,1
19d6f25b5b7f71dd,elephant,elephant,1,elephant,1,elephant,1,person,0,elephant,1,elephant,1
f0df438dc9eb87f6,elephant,dog,0,elephant,1,elephant,1,person,0,elephant,1,elephant,1
173de741663a5dec,elephant,elephant,1,elephant,1,elephant,1,person,0,elephant,1,elephant,1
2fd81d8df0378880,elephant,elephant,1,elephant,1,elephant,1,person,0,elephant,1,elephant,1
5ff964f596558b14,elephant,dog,0,elephant,1,elephant,1,person,0,person,0,elephant,1
fa0f275fa75bdc46,elephant,elephant,1,elephant,1,elephant,1,person,0,person,0,elephant,1
19eac978c53e2633,elephant,elephant,1,elephant,1,elephant,1,person,0,elephant,1,elephant,1
0179a2772a512610,elephant,elephant,1,elephant,1,elephant,1,person,0,elephant,1,elephant,1
afd7b4afebdc887f,elephant,elephant,1,elephant,1,elephant,1,person,0,elephant,1,elephant,1
37e55c34586e3602,elephant,elephant,1,elephant,1,elephant,1,person,0,elephant,1,elephant,1
663bcdb5a2a2a9d8,elephant,elephant,1,elephant,1,elephant,1,person,0,elephant,1,elephant,1
14fb8798b06cccbb,elephant,dog,0,person,0,elephant,1,person,0,person,0,elephant,1
ad0435ad522d2447,elephant,elephant,1,elephant,1,elephant,1,person,0,elephant,1,elephant,1
3f4150b597c4303b,elephant,elephant,1,elephant,1,elephant,1,person,0,person,0,elephant,1
a6eda8a6d78e5530,elephant,elephant,1,elephant,1,elephant,1,person,0,elephant,1,elephant,1
52b59ee73d92f3d2,elephant,elephant,1,elephant,1,person,0,person,0,elephant,1,elephant,1
48e26a560336bc1f,elephant,dog,0,elephant,1,elephant,1,person,0,elephant,1,elephant,1
b2adbccb551f31a3,elephant,dog,0,elephant,1,elephant,1,person,0,elephant,1,elephant,1
9b076c880779e903,elephant,elephant,1,elephant,1,elephant,1,person,0,elephant,1,elephant,1
0feff72fb8c06173,elephant,elephant,1,elephant,1,elephant,1,person,0,elephant,1,elephant,1
013be67558b650ca,elephant,dog,0,elephant,1,elephant,1,person,0,giraffe,0,elephant,1
f38c6263474ac92f,elephant,elephant,1,elephant,1,elephant,1,person,0,house,0,elephant,1
c63bfa26e5e85846,elephant,elephant,1,elephant,1,elephant,1,person,0,elephant,1,elephant,1
ad4359c03c773df2,elephant,elephant,1,elephant,1,elephant,1,person,0,elephant,1,elephant,1
2a2c2168d2b45c60,elephant,elephant,1,elephant,1,elephant,1,person,0,person,0,elephant,1
5b0f485764ac3266,elephant,elephant,1,elephant,1,elephant,1,person,0,elephant,1,elephant,1
7b13ecc023f5159d,elephant,elephant,1,elephant,1,elephant,1,person,0,person,0,elephant,1
804b3798599ac198,elephant,elephant,1,elephant,1,elephant,1,person,0,giraffe,0,elephant,1
3924c4f2b65dd70f,elephant,dog,0,horse,0,elephant,1,person,0,person,0,elephant,1
f5aa3335ebc7ed5f,elephant,elephant,1,elephant,1,elephant,1,person,0,elephant,1,elephant,1
1c7ee4104182ee10,elephant,dog,0,elephant,1,elephant,1,person,0,elephant,1,elephant,1
2c3171866e5e191a,elephant,elephant,1,elephant,1,elephant,1,person,0,elephant,1,elephant,1
b7b052fd6e0a2f9e,elephant,dog,0,elephant,1,elephant,1,person,0,elephant,1,elephant,1
cd04658197706590,elephant,elephant,1,elephant,1,elephant,1,person,0,elephant,1,elephant,1
36e8daa086f09bca,elephant,elephant,1,elephant,1,elephant,1,person,0,elephant,1,elephant,1
28f2b27975352415,elephant,elephant,1,elephant,1,elephant,1,person,0,elephant,1,elephant,1
4f9cf7fc06d34353,elephant,elephant,1,elephant,1,elephant,1,person,0,elephant,1,elephant,1
697cc9e11f49e07d,elephant,elephant,1,elephant,1,elephant,1,person,0,elephant,1,elephant,1
d50563cab8aedc0d,elephant,dog,0,elephant,1,elephant,1,person,0,elephant,1,elephant,1
290497dc14487144,elephant,person,0,person,0,person,0,person,0,elephant,1,elephant,1
6fdc474e01c290fa,elephant,elephant,1,elephant,1,elephant,1,person,0,elephant,1,elephant,1
c9e15dd7f3480d3a,elephant,elephant,1,elephant,1,elephant,1,person,0,elephant,1,elephant,1
575b094070bdbc1e,elephant,elephant,1,elephant,1,elephant,1,person,0,elephant,1,elephant,1
742b017ed97c0548,elephant,elephant,1,elephant,1,elephant,1,person,0,elephant,1,elephant,1
358357740cc65699,elephant,elephant,1,elephant,1,elephant,1,person,0,elephant,1,elephant,1
e52722292b7e83e0,elephant,dog,0,elephant,1,elephant,1,person,0,elephant,1,elephant,1
99f1a9fb988e254c,elephant,dog,0,dog,0,elephant,1,person,0,elephant,1,elephant,1
038c1fb3ef032d0f,elephant,dog,0,elephant,1,elephant,1,person,0,elephant,1,elephant,1
117ab8391d830d4b,elephant,elephant,1,elephant,1,elephant,1,person,0,elephant,1,elephant,1
0a35ebdd22cf2b83,elephant,elephant,1,elephant,1,elephant,1,person,0,elephant,1,elephant,1
cfa49c7bdbc344a2,elephant,elephant,1,elephant,1,elephant,1,person,0,house,0,elephant,1
41761a955af1f94f,elephant,dog,0,dog,0,person,0,person,0,elephant,1,elephant,1
e3acdda65e1f5088,elephant,dog,0,elephant,1,elephant,1,person,0,elephant,1,elephant,1
5be48f7e7cf4b86a,elephant,dog,0,elephant,1,elephant,1,person,0,elephant,1,elephant,1
56190c6e9538e1e9,elephant,elephant,1,elephant,1,person,0,person,0,elephant,1,elephant,1
90e43ee48d0e238d,elephant,elephant,1,elephant,1,elephant,1,person,0,elephant,1,elephant,1
9fd9376d5f8a48ba,elephant,elephant,1,elephant,1,person,0,person,0,elephant,1,elephant,1
cf8f16e370d20104,elephant,elephant,1,elephant,1,elephant,1,person,0,elephant,1,elephant,1
e10a049b9421e84d,elephant,elephant,1,elephant,1,elephant,1,person,0,elephant,1,elephant,1
131b2e778feb10ee,elephant,elephant,1,elephant,1,elephant,1,person,0,elephant,1,elephant,1
9ad9e34dee37129a,elephant,elephant,1,elephant,1,elephant,1,person,0,elephant,1,elephant,1
1eb07281065d3a02,elephant,dog,0,dog,0,elephant,1,person,0,elephant,1,elephant,1
051f3f4748e7dc00,elephant,dog,0,dog,0,person,0,person,0,elephant,1,elephant,1
aa6cdb0c84f65648,elephant,elephant,1,elephant,1,elephant,1,person,0,elephant,1,elephant,1
43a6d15fc3162999,elephant,elephant,1,elephant,1,elephant,1,person,0,house,0,elephant,1
85b2311e9b158a2e,elephant,elephant,1,elephant,1,elephant,1,person,0,elephant,1,elephant,1
93ac81d9a1231776,elephant,elephant,1,elephant,1,elephant,1,person,0,elephant,1,elephant,1
03d82491c362bb28,elephant,elephant,1,elephant,1,elephant,1,person,0,elephant,1,elephant,1
581d87e589b931cb,elephant,elephant,1,elephant,1,elephant,1,person,0,person,0,elephant,1
c90d94acc0b72743,elephant,elephant,1,elephant,1,elephant,1,person,0,elephant,1,elephant,1
075c480afd567b24,elephant,elephant,1,elephant,1,elephant,1,person,0,elephant,1,elephant,1
4239597dcd81e125,elephant,elephant,1,elephant,1,elephant,1,person,0,elephant,1,elephant,1
936844b8e24341f2,elephant,elephant,1,elephant,1,elephant,1,person,0,giraffe,0,elephant,1
db50e693bdd66a4e,elephant,elephant,1,elephant,1,elephant,1,person,0,elephant,1,elephant,1
8cbc47362fcbe75e,elephant,elephant,1,elephant,1,elephant,1,person,0,elephant,1,elephant,1
48bb1c1f4eea2fe0,elephant,elephant,1,elephant,1,elephant,1,person,0,elephant,1,elephant,1
a027ee7ece9eb75e,elephant,elephant,1,elephant,1,elephant,1,person,0,elephant,1,elephant,1
81734c2a5724d8c1,elephant,person,0,elephant,1,elephant,1,person,0,elephant,1,elephant,1
8b529585ed918f2f,elephant,dog,0,dog,0,person,0,person,0,elephant,1,elephant,1
6d202da316f9be62,elephant,elephant,1,elephant,1,elephant,1,person,0,person,0,elephant,1
55dd45cb69d01856,elephant,dog,0,elephant,1,elephant,1,person,0,elephant,1,elephant,1
18e37b45c96a53da,elephant,elephant,1,elephant,1,elephant,1,person,0,elephant,1,elephant,1
775c674587dccc8b,elephant,elephant,1,elephant,1,elephant,1,person,0,elephant,1,elephant,1
7b006ee92275db79,elephant,elephant,1,elephant,1,elephant,1,person,0,elephant,1,elephant,1
a7ae8d5f32d7e5b4,elephant,dog,0,elephant,1,elephant,1,person,0,elephant,1,elephant,1
17363c7a15452fa3,elephant,elephant,1,elephant,1,elephant,1,person,0,elephant,1,elephant,1
733f04ec2276a3e3,elephant,elephant,1,elephant,1,elephant,1,person,0,elephant,1,elephant,1
1fd56f202813819c,elephant,elephant,1,elephant,1,elephant,1,person,0,elephant,1,elephant,1
11b05a9f944ea4e2,elephant,dog,0,elephant,1,person,0,person,0,elephant,1,elephant,1
0882d939d44a9b16,elephant,dog,0,elephant,1,elephant,1,person,0,elephant,1,elephant,1
68b8303fc9ac07d2,elephant,elephant,1,elephant,1,elephant,1,person,0,elephant,1,elephant,1
f04bd6e062c44fbd,elephant,elephant,1,elephant,1,person,0,person,0,elephant,1,elephant,1
9f69fac98b517606,elephant,elephant,1,elephant,1,elephant,1,person,0,elephant,1,elephant,1
86307f75d7b76c0e,elephant,elephant,1,elephant,1,elephant,1,person,0,elephant,1,elephant,1
c598c5e9adc4253b,elephant,elephant,1,elephant,1,elephant,1,person,0,elephant,1,elephant,1
1bbf12c1057fbc4c,elephant,elephant,1,elephant,1,elephant,1,person,0,elephant,1,elephant,1
55520149a32c6890,elephant,dog,0,elephant,1,elephant,1,person,0,elephant,1,elephant,1
df90435ab7412855,elephant,elephant,1,elephant,1,elephant,1,person,0,elephant,1,elephant,1
b14a441e8e95f26d,elephant,dog,0,elephant,1,elephant,1,person,0,elephant,1,elephant,1
638d7634ece584eb,elephant,elephant,1,elephant,1,elephant,1,person,0,elephant,1,elephant,1
102918a6eb0ee617,elephant,elephant,1,elephant,1,elephant,1,person,0,elephant,1,elephant,1
5505e6cd73a22b54,elephant,dog,0,elephant,1,elephant,1,person,0,elephant,1,elephant,1
40363aa96d92f1b8,elephant,dog,0,person,0,elephant,1,person,0,elephant,1,elephant,1
c9f62c20ba5138b1,elephant,elephant,1,elephant,1,elephant,1,person,0,elephant,1,elephant,1
14576e83bbcdb01a,elephant,elephant,1,elephant,1,elephant,1,person,0,elephant,1,elephant,1
4e1053a41a00e11f,elephant,person,0,person,0,elephant,1,person,0,elephant,1,giraffe,0
5c5260ac0012cfa8,elephant,elephant,1,elephant,1,elephant,1,person,0,elephant,1,elephant,1
8c89624c88b5aad7,elephant,elephant,1,elephant,1,elephant,1,person,0,horse,0,elephant,1
9e45174917022478,elephant,dog,0,elephant,1,elephant,1,person,0,elephant,1,elephant,1
67de841c5b402d61,elephant,dog,0,elephant,1,elephant,1,person,0,elephant,1,elephant,1
a48f90dd7a151f59,elephant,dog,0,giraffe,0,elephant,1,person,0,giraffe,0,elephant,1
f54ffc9f98b72a68,elephant,elephant,1,elephant,1,elephant,1,person,0,elephant,1,elephant,1
934e58ae8aaeee10,elephant,elephant,1,elephant,1,elephant,1,person,0,elephant,1,elephant,1
ab6c9976c3e10be3,elephant,elephant,1,elephant,1,elephant,1,person,0,elephant,1,elephant,1
dd4699100f7c997a,elephant,elephant,1,elephant,1,elephant,1,person,0,elephant,1,elephant,1
f524e7abaa4db83c,elephant,elephant,1,elephant,1,elephant,1,person,0,elephant,1,elephant,1
cf996ff5fd098d37,elephant,elephant,1,elephant,1,elephant,1,person,0,elephant,1,elephant,1
da56d4ffc1ec16d4,elephant,elephant,1,person,0,elephant,1,person,0,elephant,1,elephant,1
e75fb9bb355798cf,elephant,elephant,1,elephant,1,elephant,1,person,0,elephant,1,elephant,1
33956d23a5415cc1,elephant,elephant,1,elephant,1,elephant,1,person,0,elephant,1,elephant,1
7d7b9c257477e222,elephant,elephant,1,dog,0,elephant,1,person,0,elephant,1,elephant,1
41ab30a9177b79c7,elephant,elephant,1,elephant,1,elephant,1,person,0,elephant,1,elephant,1
50f00f9081aa6961,elephant,dog,0,elephant,1,elephant,1,person,0,person,0,elephant,1
82a71c779b6156f9,elephant,dog,0,elephant,1,person,0,person,0,elephant,1,elephant,1
6413ff7d7d471d76,elephant,person,0,dog,0,person,0,person,0,elephant,1,elephant,1
48efeb93b8f944db,elephant,elephant,1,elephant,1,elephant,1,person,0,elephant,1,elephant,1
b3f931dbd858a133,elephant,dog,0,elephant,1,elephant,1,person,0,elephant,1,elephant,1
1045eb44b56b9af4,elephant,dog,0,elephant,1,elephant,1,person,0,elephant,1,elephant,1
9e881ec014464f89,elephant,dog,0,elephant,1,elephant,1,person,0,elephant,1,elephant,1
6d13863f72ac6cf7,elephant,elephant,1,elephant,1,elephant,1,person,0,giraffe,0,elephant,1
3b842591f52ca58d,elephant,person,0,person,0,person,0,person,0,elephant,1,elephant,1
c835201a21c9b59f,elephant,dog,0,person,0,person,0,person,0,person,0,giraffe,0
c374ab6f161f2741,elephant,dog,0,person,0,person,0,person,0,person,0,giraffe,0
2097317806244e39,elephant,elephant,1,person,0,person,0,person,0,person,0,giraffe,0
d5cded151ccba8bc,elephant,dog,0,person,0,person,0,person,0,elephant,1,giraffe,0
6f0a122fe88edfb4,elephant,dog,0,person,0,person,0,person,0,person,0,elephant,1
5edc035dde24f327,elephant,dog,0,elephant,1,elephant,1,person,0,elephant,1,elephant,1
505a1c194adc9ee2,elephant,elephant,1,elephant,1,elephant,1,person,0,elephant,1,elephant,1
6b8ebb3a04ca8109,elephant,dog,0,elephant,1,elephant,1,person,0,elephant,1,elephant,1
57b904a1984b17e9,elephant,dog,0,elephant,1,elephant,1,person,0,elephant,1,elephant,1
1434779161b25db9,elephant,elephant,1,elephant,1,elephant,1,person,0,elephant,1,elephant,1
0ad50324f90aa4fe,elephant,elephant,1,elephant,1,elephant,1,person,0,elephant,1,elephant,1
4b860d4237ce74f4,elephant,elephant,1,elephant,1,elephant,1,person,0,elephant,1,elephant,1
52bf4705c424e9c8,elephant,elephant,1,elephant,1,elephant,1,person,0,elephant,1,elephant,1
3a6ea18ef7bf1d20,elephant,elephant,1,elephant,1,elephant,1,person,0,elephant,1,elephant,1
f5a978822f0ccf1a,elephant,elephant,1,elephant,1,elephant,1,person,0,elephant,1,elephant,1
f55a7be5f13dfda4,elephant,elephant,1,elephant,1,elephant,1,person,0,elephant,1,elephant,1
c400520bdc179f8b,elephant,elephant,1,elephant,1,person,0,person,0,elephant,1,elephant,1
9a87dac8fed5690f,elephant,elephant,1,elephant,1,elephant,1,person,0,elephant,1,elephant,1
de3dd0178a2de797,elephant,elephant,1,elephant,1,elephant,1,person,0,elephant,1,elephant,1
c39f1af7420bdb44,elephant,elephant,1,elephant,1,elephant,1,person,0,elephant,1,elephant,1
5b36d131fc9af7a9,elephant,elephant,1,elephant,1,elephant,1,person,0,elephant,1,elephant,1
6d9fb6ff2208cbb3,elephant,elephant,1,elephant,1,elephant,1,person,0,person,0,elephant,1
edf5738685c06435,elephant,elephant,1,elephant,1,elephant,1,person,0,elephant,1,elephant,1
0899376a0682e9db,elephant,elephant,1,elephant,1,elephant,1,person,0,person,0,elephant,1
3fd460fcb75f103b,elephant,elephant,1,elephant,1,elephant,1,person,0,elephant,1,elephant,1
b386e8cd73fbc2e6,elephant,elephant,1,elephant,1,elephant,1,person,0,elephant,1,elephant,1
e2ec07ec68799b21,elephant,elephant,1,elephant,1,elephant,1,person,0,giraffe,0,elephant,1
2962dbd7c922c066,elephant,elephant,1,elephant,1,elephant,1,person,0,elephant,1,elephant,1
869b5ef9961d5bb6,elephant,elephant,1,elephant,1,elephant,1,person,0,elephant,1,elephant,1
16de2bb27dbf55b9,elephant,elephant,1,elephant,1,elephant,1,person,0,elephant,1,elephant,1
52bcbb348dfeb9b9,elephant,elephant,1,elephant,1,elephant,1,person,0,elephant,1,elephant,1
4b11af42394be3bb,elephant,elephant,1,elephant,1,elephant,1,person,0,elephant,1,elephant,1
5670a135fe83f498,elephant,elephant,1,elephant,1,elephant,1,person,0,elephant,1,elephant,1
5f869910a4e4b253,elephant,elephant,1,elephant,1,elephant,1,person,0,elephant,1,elephant,1
f369497b1d13ec1c,elephant,elephant,1,elephant,1,elephant,1,person,0,elephant,1,elephant,1
dd8effc281776954,elephant,elephant,1,person,0,elephant,1,person,0,elephant,1,elephant,1
a07b5d538bbcc76e,elephant,dog,0,dog,0,elephant,1,person,0,elephant,1,elephant,1
4030e662445caf05,elephant,elephant,1,elephant,1,elephant,1,person,0,elephant,1,elephant,1
470489fdc8ed6032,elephant,elephant,1,elephant,1,elephant,1,person,0,elephant,1,elephant,1
d063db3bb8dae616,elephant,elephant,1,elephant,1,elephant,1,person,0,elephant,1,elephant,1
dcf7fac58792163d,elephant,elephant,1,elephant,1,elephant,1,person,0,elephant,1,elephant,1
5903bff2e3ab0192,elephant,elephant,1,elephant,1,elephant,1,person,0,elephant,1,elephant,1
87da666375111d5b,elephant,elephant,1,elephant,1,elephant,1,person,0,elephant,1,elephant,1
aca4f73e2f585065,elephant,elephant,1,elephant,1,elephant,1,person,0,elephant,1,elephant,1
6229849506efd662,elephant,elephant,1,elephant,1,elephant,1,person,0,house,0,elephant,1
f8125c798b561778,elephant,elephant,1,elephant,1,elephant,1,person,0,elephant,1,elephant,1
50a8c2dbbf63418c,elephant,elephant,1,elephant,1,elephant,1,person,0,elephant,1,elephant,1
cae8761c859e90de,elephant,elephant,1,elephant,1,elephant,1,person,0,elephant,1,elephant,1
4a7a9b300c7e56c7,elephant,dog,0,elephant,1,dog,0,person,0,elephant,1,elephant,1
b2f771a39fca6b18,elephant,elephant,1,elephant,1,elephant,1,person,0,elephant,1,elephant,1
8458ecfc8fe2094b,elephant,elephant,1,elephant,1,elephant,1,person,0,elephant,1,elephant,1
6404af9e0da9603e,elephant,dog,0,elephant,1,elephant,1,person,0,elephant,1,elephant,1
a48ca893b3802336,elephant,elephant,1,elephant,1,elephant,1,person,0,elephant,1,elephant,1
b6741ccf2eb8fe93,elephant,elephant,1,elephant,1,elephant,1,person,0,elephant,1,elephant,1
ec8931b2760c227e,elephant,elephant,1,elephant,1,elephant,1,person,0,elephant,1,elephant,1
dd34a9b0df61e098,elephant,horse,0,person,0,elephant,1,person,0,elephant,1,elephant,1
444f268c2f79cba0,elephant,dog,0,dog,0,dog,0,person,0,elephant,1,elephant,1
680e165bc85f26c8,elephant,elephant,1,elephant,1,elephant,1,person,0,elephant,1,elephant,1
fc57f72dee65f316,elephant,elephant,1,elephant,1,elephant,1,person,0,elephant,1,elephant,1
0149b75509e43e18,elephant,elephant,1,elephant,1,elephant,1,person,0,elephant,1,elephant,1
c9135b3803fc442b,elephant,elephant,1,elephant,1,elephant,1,person,0,elephant,1,elephant,1
7172657e23308770,elephant,elephant,1,elephant,1,elephant,1,person,0,elephant,1,elephant,1
d3cf87c95862f22a,elephant,elephant,1,elephant,1,elephant,1,person,0,person,0,elephant,1
2afefc04d013a836,elephant,elephant,1,elephant,1,elephant,1,person,0,giraffe,0,elephant,1
ea3efcc68933cf6f,elephant,elephant,1,elephant,1,elephant,1,person,0,person,0,elephant,1
16f5d9014e321837,elephant,dog,0,elephant,1,elephant,1,person,0,elephant,1,elephant,1
6dde80e01c56d978,elephant,elephant,1,elephant,1,elephant,1,person,0,person,0,elephant,1
392f1fcb7fbf5fe9,elephant,person,0,person,0,person,0,person,0,giraffe,0,elephant,1
93673fa39241331c,elephant,elephant,1,elephant,1,elephant,1,person,0,person,0,elephant,1
a0bc08cceed22636,elephant,dog,0,elephant,1,elephant,1,person,0,person,0,elephant,1
003296ff41378116,elephant,elephant,1,elephant,1,elephant,1,person,0,person,0,elephant,1
28a9d5c11cfabba2,elephant,elephant,1,elephant,1,elephant,1,person,0,person,0,elephant,1
71283db073ebd002,elephant,dog,0,elephant,1,elephant,1,person,0,elephant,1,elephant,1
224dc256d911f3cb,elephant,elephant,1,elephant,1,elephant,1,person,0,elephant,1,elephant,1
dbafcba831775cc3,elephant,dog,0,elephant,1,elephant,1,person,0,elephant,1,elephant,1
e0c473beb4cd6154,elephant,dog,0,elephant,1,elephant,1,person,0,elephant,1,elephant,1
62f956d110a43588,elephant,elephant,1,elephant,1,elephant,1,person,0,elephant,1,elephant,1
9328ccb0a8cc4a8a,elephant,elephant,1,elephant,1,elephant,1,person,0,elephant,1,elephant,1
9b821ce14bc80872,elephant,elephant,1,elephant,1,elephant,1,person,0,elephant,1,elephant,1
acbdc0ff3ca18aec,elephant,elephant,1,elephant,1,elephant,1,person,0,elephant,1,elephant,1
aa33b6919d8c1c5d,elephant,dog,0,elephant,1,elephant,1,person,0,person,0,elephant,1
1c66d60d7f308d2a,elephant,elephant,1,elephant,1,elephant,1,person,0,elephant,1,elephant,1
e2b7334fed24f4cb,elephant,dog,0,elephant,1,elephant,1,person,0,elephant,1,elephant,1
4bbd5fe2214e2f5c,elephant,dog,0,person,0,person,0,person,0,elephant,1,elephant,1
01cbad70ab2446af,elephant,person,0,person,0,person,0,person,0,elephant,1,elephant,1
81bfd8b74066b7ff,elephant,elephant,1,elephant,1,elephant,1,person,0,elephant,1,elephant,1
eb3a49ff8d22fd4e,elephant,elephant,1,elephant,1,elephant,1,person,0,elephant,1,elephant,1
599db55113c7081c,elephant,elephant,1,elephant,1,elephant,1,person,0,elephant,1,elephant,1
bcb6d09772108b0c,elephant,dog,0,elephant,1,elephant,1,person,0,horse,0,elephant,1
b9d2dc16c6c9b656,elephant,dog,0,person,0,dog,0,person,0,elephant,1,elephant,1
17d1021fc12327fd,elephant,elephant,1,elephant,1,elephant,1,person,0,elephant,1,elephant,1
b800dc6ce115e8c0,elephant,elephant,1,elephant,1,person,0,person,0,elephant,1,elephant,1
2c2cd4ecf43fca91,elephant,elephant,1,elephant,1,elephant,1,person,0,horse,0,elephant,1
9f7e2f2661b81059,elephant,elephant,1,person,0,person,0,person,0,elephant,1,elephant,1
b2d1fea61b9cfd86,elephant,elephant,1,elephant,1,elephant,1,person,0,elephant,1,elephant,1
3ec01cd1c06e3d83,elephant,elephant,1,elephant,1,elephant,1,person,0,person,0,elephant,1
5547692141df1a64,elephant,elephant,1,elephant,1,elephant,1,person,0,elephant,1,elephant,1
2794a799351b5ad4,elephant,elephant,1,elephant,1,elephant,1,person,0,elephant,1,elephant,1
dde3cf01904ad54e,elephant,dog,0,elephant,1,elephant,1,person,0,person,0,elephant,1
e98cd596c887bfe8,elephant,elephant,1,elephant,1,elephant,1,person,0,elephant,1,elephant,1
fc9342892dc1dc04,elephant,elephant,1,elephant,1,elephant,1,person,0,elephant,1,elephant,1
41a0e5876bdfebf2,elephant,elephant,1,elephant,1,elephant,1,person,0,elephant,1,elephant,1
48eed93cf7a5c317,elephant,elephant,1,elephant,1,elephant,1,person,0,person,0,elephant,1
83f6edb863edebab,elephant,elephant,1,elephant,1,elephant,1,person,0,giraffe,0,elephant,1
d4ea8c11a77209a0,elephant,dog,0,elephant,1,elephant,1,person,0,elephant,1,elephant,1
78f0dbacde9477de,elephant,elephant,1,elephant,1,elephant,1,person,0,person,0,elephant,1
8b2c4218f809f68d,elephant,elephant,1,elephant,1,elephant,1,person,0,elephant,1,elephant,1
2aa05540d467635d,elephant,dog,0,elephant,1,elephant,1,person,0,giraffe,0,elephant,1
eb9ce512d1964a58,elephant,dog,0,elephant,1,elephant,1,person,0,person,0,elephant,1
14284a84c03df472,elephant,dog,0,elephant,1,elephant,1,person,0,elephant,1,elephant,1
58f88f2a0888ef3f,elephant,elephant,1,elephant,1,elephant,1,person,0,elephant,1,elephant,1
3d54365a5ee9c339,elephant,dog,0,elephant,1,elephant,1,person,0,person,0,elephant,1
2e71caaab89b4234,elephant,horse,0,horse,0,elephant,1,person,0,house,0,elephant,1
9d8c81366250f474,elephant,elephant,1,elephant,1,elephant,1,person,0,elephant,1,elephant,1
299699b9a7ac2a7c,elephant,person,0,person,0,person,0,person,0,elephant,1,elephant,1
5961c7bc9a4b4c35,elephant,elephant,1,elephant,1,elephant,1,person,0,elephant,1,elephant,1
d09d04276f39f83d,elephant,dog,0,dog,0,dog,0,person,0,giraffe,0,dog,0
4a9be37456e0a93a,elephant,dog,0,elephant,1,dog,0,person,0,elephant,1,elephant,1
fdd7076b7ffc0471,elephant,elephant,1,elephant,1,person,0,person,0,elephant,1,elephant,1
dd6fbe0a05a3ecb4,elephant,person,0,person,0,dog,0,person,0,horse,0,elephant,1
7a468ea235677614,elephant,elephant,1,elephant,1,elephant,1,person,0,elephant,1,elephant,1
261db93814fd156c,elephant,elephant,1,elephant,1,elephant,1,person,0,elephant,1,elephant,1
a1611b95ddcb33fc,elephant,elephant,1,elephant,1,elephant,1,person,0,elephant,1,elephant,1
d57abcd2d8c85c43,elephant,dog,0,elephant,1,elephant,1,person,0,elephant,1,elephant,1
591b85113baf093a,elephant,dog,0,elephant,1,elephant,1,person,0,elephant,1,elephant,1
9996c9dde64810dd,elephant,dog,0,elephant,1,elephant,1,person,0,elephant,1,elephant,1
198bf8f78d39e0a4,elephant,dog,0,elephant,1,elephant,1,person,0,elephant,1,elephant,1
5629f7b892bad8a4,elephant,elephant,1,elephant,1,elephant,1,person,0,elephant,1,elephant,1
0e663f47d93e7e14,elephant,elephant,1,elephant,1,elephant,1,person,0,elephant,1,elephant,1
c380231abb26845c,elephant,person,0,elephant,1,elephant,1,person,0,elephant,1,elephant,1
96b6185d4420b0c0,elephant,elephant,1,elephant,1,elephant,1,person,0,elephant,1,elephant,1
99bf6e32d3f1e6e4,elephant,elephant,1,elephant,1,elephant,1,person,0,elephant,1,elephant,1
49836b3904ffe70a,elephant,elephant,1,elephant,1,elephant,1,person,0,elephant,1,elephant,1
d3dfe27a3d6174e7,elephant,elephant,1,elephant,1,elephant,1,person,0,elephant,1,elephant,1
049b50a86a69d702,elephant,elephant,1,elephant,1,elephant,1,person,0,person,0,elephant,1
2dfa721906755d2c,elephant,elephant,1,elephant,1,elephant,1,person,0,elephant,1,elephant,1
b8c716c7224e47f4,elephant,elephant,1,elephant,1,elephant,1,person,0,elephant,1,elephant,1
b5aa3d9e70e17ad2,elephant,elephant,1,elephant,1,elephant,1,person,0,elephant,1,elephant,1
600a70caa92f80af,elephant,elephant,1,elephant,1,elephant,1,person,0,elephant,1,elephant,1
4fa605c8dcaa9953,elephant,person,0,person,0,elephant,1,person,0,elephant,1,elephant,1
3eaa036608a7906f,elephant,elephant,1,elephant,1,elephant,1,person,0,elephant,1,elephant,1
680f5bd30c6c766a,elephant,elephant,1,elephant,1,elephant,1,person,0,elephant,1,elephant,1
1688f1bb99a7b581,elephant,elephant,1,elephant,1,elephant,1,person,0,person,0,elephant,1
30824c34351f87f4,elephant,elephant,1,elephant,1,elephant,1,person,0,elephant,1,elephant,1
c5844330ee2a54b3,elephant,dog,0,elephant,1,elephant,1,person,0,elephant,1,elephant,1
1249406e2dc2d8f4,elephant,elephant,1,elephant,1,elephant,1,person,0,elephant,1,elephant,1
9a4f9f16bec80997,elephant,elephant,1,elephant,1,elephant,1,person,0,elephant,1,elephant,1
ad3787256512aea3,elephant,elephant,1,elephant,1,elephant,1,person,0,elephant,1,elephant,1
96726f6e353e2d5b,elephant,dog,0,elephant,1,elephant,1,person,0,elephant,1,elephant,1
5bfbcfa1536408d5,elephant,elephant,1,elephant,1,elephant,1,person,0,elephant,1,elephant,1
2a3c5019b3f4220e,elephant,elephant,1,elephant,1,elephant,1,person,0,elephant,1,elephant,1
aa061e4f218c5e1a,elephant,elephant,1,elephant,1,elephant,1,person,0,elephant,1,elephant,1
a0d5b151252e356d,elephant,elephant,1,elephant,1,elephant,1,person,0,elephant,1,elephant,1
0aa9fb693019c4d1,elephant,elephant,1,elephant,1,elephant,1,person,0,elephant,1,elephant,1
1c3561dabd5de9b2,elephant,elephant,1,elephant,1,person,0,person,0,elephant,1,elephant,1
80194daf02615af1,elephant,elephant,1,elephant,1,elephant,1,person,0,elephant,1,elephant,1
e6111c7aeb187c98,elephant,elephant,1,elephant,1,elephant,1,person,0,elephant,1,elephant,1
4a58a8c0e1731f51,elephant,elephant,1,elephant,1,elephant,1,person,0,elephant,1,elephant,1
d4a6d3a5b912ba58,elephant,elephant,1,elephant,1,elephant,1,person,0,elephant,1,elephant,1
b91f43ea37966a5e,elephant,elephant,1,elephant,1,person,0,person,0,elephant,1,elephant,1
e90b2dad064ed43e,elephant,elephant,1,elephant,1,elephant,1,person,0,elephant,1,elephant,1
f7ad9eeb81fac20a,elephant,elephant,1,elephant,1,elephant,1,person,0,elephant,1,elephant,1
af441f599fdeca96,elephant,elephant,1,elephant,1,elephant,1,person,0,elephant,1,elephant,1
b77eafb5cc95e532,elephant,elephant,1,elephant,1,elephant,1,person,0,elephant,1,elephant,1
3f9d1aace1e25961,elephant,dog,0,elephant,1,elephant,1,person,0,elephant,1,elephant,1
2d572a8877b6a927,elephant,elephant,1,elephant,1,elephant,1,person,0,elephant,1,elephant,1
9cf4f8870038006f,elephant,dog,0,elephant,1,elephant,1,person,0,person,0,elephant,1
163edefecb464cfd,elephant,dog,0,elephant,1,elephant,1,person,0,person,0,elephant,1
a00245c37e2697ca,elephant,dog,0,elephant,1,elephant,1,person,0,elephant,1,elephant,1
5b401e5bc7f5fecf,elephant,elephant,1,elephant,1,elephant,1,person,0,elephant,1,elephant,1
52911ea9ff0dc358,elephant,dog,0,elephant,1,elephant,1,person,0,person,0,elephant,1
ba9714267d79839c,elephant,dog,0,elephant,1,elephant,1,person,0,person,0,elephant,1
81dbe5ba79feb146,elephant,elephant,1,elephant,1,elephant,1,person,0,elephant,1,elephant,1
fb82da5181f2f27f,elephant,dog,0,elephant,1,elephant,1,person,0,elephant,1,elephant,1
3bfd056310988cec,elephant,dog,0,elephant,1,elephant,1,person,0,elephant,1,elephant,1
a8bd58b60b472c97,elephant,dog,0,dog,0,dog,0,person,0,elephant,1,elephant,1
9bb2d1365c946159,elephant,elephant,1,elephant,1,elephant,1,person,0,elephant,1,elephant,1
bb57721aafab9062,elephant,elephant,1,elephant,1,elephant,1,person,0,elephant,1,elephant,1
9258e05cc9eb8d59,elephant,elephant,1,elephant,1,elephant,1,person,0,elephant,1,elephant,1
5820888e99dd7f5b,elephant,dog,0,horse,0,horse,0,person,0,elephant,1,elephant,1
78a3cbf84b4678fc,elephant,elephant,1,elephant,1,elephant,1,person,0,elephant,1,elephant,1
91e7cc9a608b4b41,elephant,elephant,1,elephant,1,elephant,1,person,0,elephant,1,elephant,1
7ae2725a3fb1a670,elephant,dog,0,elephant,1,elephant,1,person,0,elephant,1,elephant,1
94928455cb0dd4fc,elephant,elephant,1,elephant,1,elephant,1,person,0,elephant,1,elephant,1
3915b1c079ccda1c,elephant,elephant,1,elephant,1,elephant,1,person,0,elephant,1,elephant,1
cfc9ebfd42e49916,elephant,elephant,1,elephant,1,elephant,1,person,0,person,0,elephant,1
a19f6ec4d90bab1b,elephant,elephant,1,elephant,1,elephant,1,person,0,person,0,elephant,1
ff48a989a612b05c,elephant,dog,0,elephant,1,elephant,1,person,0,person,0,elephant,1
a53de5559b222be2,elephant,dog,0,elephant,1,elephant,1,person,0,person,0,elephant,1
e1cae857d69b3ac9,elephant,elephant,1,elephant,1,elephant,1,person,0,elephant,1,elephant,1
79e6083304dc7d33,elephant,elephant,1,elephant,1,elephant,1,person,0,elephant,1,elephant,1
4a812d61edf0fc70,elephant,elephant,1,elephant,1,elephant,1,person,0,elephant,1,elephant,1
61dbdc7d92294f1a,elephant,elephant,1,elephant,1,elephant,1,person,0,elephant,1,elephant,1
da779068f73677cf,elephant,elephant,1,elephant,1,elephant,1,person,0,house,0,elephant,1
b9a57973e8f6663c,elephant,elephant,1,elephant,1,elephant,1,person,0,elephant,1,elephant,1
4b83e986a15af29e,elephant,elephant,1,elephant,1,elephant,1,person,0,elephant,1,elephant,1
fdbb15d587651b2a,elephant,elephant,1,elephant,1,elephant,1,person,0,elephant,1,elephant,1
f38dfbf56dbda295,elephant,elephant,1,elephant,1,elephant,1,person,0,elephant,1,elephant,1
cab03c2abf79cc28,elephant,elephant,1,elephant,1,elephant,1,person,0,elephant,1,elephant,1
4e11993cef3e20ca,elephant,elephant,1,elephant,1,elephant,1,person,0,elephant,1,elephant,1
cb663d2cee51c813,elephant,person,0,elephant,1,elephant,1,person,0,elephant,1,elephant,1
4fcd8879c5e1816e,elephant,dog,0,elephant,1,elephant,1,person,0,elephant,1,elephant,1
f674203a0ac0c2bd,elephant,elephant,1,elephant,1,elephant,1,person,0,elephant,1,elephant,1
bb6a6e49c377b404,elephant,elephant,1,elephant,1,elephant,1,person,0,elephant,1,elephant,1
3a5bac7a00db52c5,elephant,elephant,1,elephant,1,elephant,1,person,0,elephant,1,elephant,1
4491cfe67e2f6d90,elephant,elephant,1,elephant,1,elephant,1,person,0,elephant,1,elephant,1
d4d6ca31dbf6b6bb,elephant,elephant,1,elephant,1,elephant,1,person,0,elephant,1,elephant,1
415554cf3f2f1678,elephant,elephant,1,person,0,elephant,1,person,0,elephant,1,elephant,1
76ddcb5fac982ebe,elephant,elephant,1,elephant,1,elephant,1,person,0,elephant,1,elephant,1
1a3c58f08dde60f1,elephant,horse,0,elephant,1,elephant,1,person,0,elephant,1,elephant,1
a6cb6250e8e0b79b,elephant,elephant,1,elephant,1,elephant,1,person,0,elephant,1,elephant,1
de8ffec89758610d,elephant,elephant,1,elephant,1,elephant,1,person,0,elephant,1,elephant,1
16853d200caa0a76,elephant,elephant,1,elephant,1,elephant,1,person,0,elephant,1,elephant,1
f981c6bb48a2caa7,elephant,person,0,person,0,person,0,person,0,elephant,1,elephant,1
a2e4dfc04a8c1133,elephant,elephant,1,elephant,1,elephant,1,person,0,elephant,1,elephant,1
ba8a5301c25c63fc,elephant,dog,0,elephant,1,elephant,1,person,0,elephant,1,elephant,1
e8d37971c2ee3bd8,elephant,elephant,1,elephant,1,elephant,1,person,0,elephant,1,elephant,1
c02e8a71611736cd,elephant,dog,0,person,0,person,0,person,0,elephant,1,elephant,1
3b4c45356d3981d6,elephant,dog,0,elephant,1,person,0,person,0,elephant,1,elephant,1
a9c58091358ff38d,elephant,dog,0,elephant,1,dog,0,person,0,elephant,1,elephant,1
46cb98038d5614d4,elephant,elephant,1,elephant,1,elephant,1,person,0,elephant,1,elephant,1
8d6386b31e1a125d,elephant,elephant,1,elephant,1,elephant,1,person,0,elephant,1,elephant,1
cfd71c6f087d4293,elephant,dog,0,elephant,1,elephant,1,person,0,elephant,1,elephant,1
892040e0dd9dd975,elephant,dog,0,elephant,1,elephant,1,person,0,elephant,1,elephant,1
d9475462ab7bf13b,elephant,elephant,1,elephant,1,elephant,1,person,0,person,0,elephant,1
e82dbfe90de66e90,elephant,elephant,1,person,0,elephant,1,person,0,elephant,1,elephant,1
855fee045eadfcf5,elephant,dog,0,person,0,elephant,1,person,0,elephant,1,elephant,1
754f4e6a3f31d1e8,elephant,elephant,1,elephant,1,elephant,1,person,0,elephant,1,elephant,1
834d9ab7d126b094,elephant,elephant,1,elephant,1,elephant,1,person,0,elephant,1,elephant,1
24407e7175cc8fcd,elephant,elephant,1,horse,0,dog,0,person,0,elephant,1,elephant,1
385ae8b97e5f9db3,elephant,elephant,1,house,0,elephant,1,person,0,elephant,1,elephant,1
589f70f3c7800503,elephant,elephant,1,elephant,1,elephant,1,person,0,elephant,1,elephant,1
5a29b380b9809e69,elephant,dog,0,elephant,1,elephant,1,person,0,elephant,1,elephant,1
1801b2c27491747e,elephant,elephant,1,elephant,1,elephant,1,person,0,elephant,1,elephant,1
365464f203f5260c,elephant,dog,0,person,0,person,0,person,0,elephant,1,elephant,1
649774e0d027a4ea,elephant,dog,0,elephant,1,elephant,1,person,0,person,0,elephant,1
0a464afd25706aca,elephant,elephant,1,elephant,1,elephant,1,person,0,elephant,1,elephant,1
9680700059aed0ef,elephant,elephant,1,elephant,1,elephant,1,person,0,person,0,elephant,1
15b51584cf70f30d,elephant,elephant,1,elephant,1,elephant,1,person,0,person,0,elephant,1
f4326857b4a08a68,elephant,elephant,1,elephant,1,elephant,1,person,0,person,0,elephant,1
9c4033e8edbd83a9,elephant,elephant,1,elephant,1,elephant,1,person,0,person,0,elephant,1
e549b10f23cf4751,elephant,elephant,1,elephant,1,elephant,1,person,0,giraffe,0,elephant,1
9845fa3984d72947,elephant,elephant,1,elephant,1,elephant,1,person,0,elephant,1,elephant,1
e2b8f7526b812abe,elephant,elephant,1,elephant,1,elephant,1,person,0,person,0,elephant,1
cfc02e157eb7211c,elephant,dog,0,elephant,1,elephant,1,person,0,elephant,1,elephant,1
165e6995ffcbdc40,elephant,elephant,1,elephant,1,elephant,1,person,0,giraffe,0,elephant,1
9aaded097da23306,elephant,elephant,1,person,0,person,0,person,0,person,0,elephant,1
a9c78e536aabdee6,elephant,person,0,person,0,elephant,1,person,0,elephant,1,elephant,1
84585f518a3bbb71,elephant,dog,0,elephant,1,elephant,1,person,0,person,0,elephant,1
2acf87d5ebde5558,elephant,dog,0,person,0,person,0,person,0,person,0,elephant,1
d4c646f208f359cb,elephant,dog,0,person,0,person,0,person,0,person,0,elephant,1
e2c5dc5746bf6173,elephant,person,0,person,0,person,0,person,0,person,0,elephant,1
0de3b15a29ba355a,elephant,dog,0,elephant,1,elephant,1,person,0,person,0,elephant,1
f576d951f3c8e3bf,elephant,dog,0,elephant,1,elephant,1,person,0,person,0,elephant,1
9a18c7d79c67019e,elephant,elephant,1,elephant,1,elephant,1,person,0,person,0,elephant,1
1b76f77fe29c75da,elephant,elephant,1,elephant,1,elephant,1,person,0,person,0,elephant,1
89067e2e80e848af,elephant,dog,0,elephant,1,elephant,1,person,0,giraffe,0,elephant,1
30b4386ba9c58921,elephant,dog,0,elephant,1,elephant,1,person,0,elephant,1,elephant,1
fba114035e7d96fd,elephant,elephant,1,elephant,1,elephant,1,person,0,person,0,elephant,1
74f112cd809559ff,elephant,dog,0,person,0,elephant,1,person,0,elephant,1,elephant,1
40701d81a7d93f17,elephant,elephant,1,elephant,1,elephant,1,person,0,elephant,1,elephant,1
5f17c513bf28da65,elephant,elephant,1,elephant,1,elephant,1,person,0,elephant,1,elephant,1
509dc0468f8116d5,elephant,elephant,1,elephant,1,elephant,1,person,0,elephant,1,elephant,1
c8b9d09484c42d02,elephant,dog,0,elephant,1,elephant,1,person,0,elephant,1,elephant,1
aa49b7728d5a1c4b,elephant,elephant,1,elephant,1,elephant,1,person,0,elephant,1,elephant,1
e84e47e83d1aa43f,elephant,elephant,1,elephant,1,elephant,1,person,0,elephant,1,elephant,1
6b93384af887e63b,elephant,dog,0,person,0,dog,0,person,0,elephant,1,elephant,1
c2a6c0b06a478e95,elephant,dog,0,elephant,1,elephant,1,person,0,elephant,1,elephant,1
63cdfb94dd4005ca,elephant,dog,0,elephant,1,elephant,1,person,0,elephant,1,elephant,1
7a6fc3ff9900833b,elephant,elephant,1,elephant,1,elephant,1,person,0,elephant,1,elephant,1
cc87e376a9132d64,elephant,elephant,1,elephant,1,elephant,1,person,0,elephant,1,elephant,1
e25fc1de0f642b1f,elephant,elephant,1,elephant,1,elephant,1,person,0,elephant,1,elephant,1
d47c998380678931,elephant,dog,0,elephant,1,elephant,1,person,0,elephant,1,elephant,1
03f1fd18a2fa24b2,elephant,elephant,1,elephant,1,elephant,1,person,0,elephant,1,elephant,1
913fc966850b9d9b,elephant,dog,0,elephant,1,elephant,1,person,0,elephant,1,elephant,1
b5f6a4c523f6b337,elephant,elephant,1,elephant,1,elephant,1,person,0,elephant,1,elephant,1
9a3a436a0c85b9fd,elephant,elephant,1,person,0,elephant,1,person,0,elephant,1,elephant,1
2b532bdce4d672e9,elephant,elephant,1,elephant,1,elephant,1,person,0,elephant,1,elephant,1
266861676a1dbaa7,elephant,elephant,1,elephant,1,person,0,person,0,elephant,1,elephant,1
8ab876611fad6477,elephant,elephant,1,elephant,1,elephant,1,person,0,elephant,1,elephant,1
0e3dd7249f1a4f7d,elephant,elephant,1,elephant,1,elephant,1,person,0,elephant,1,elephant,1
7e7c33efc60d3bc4,elephant,elephant,1,elephant,1,person,0,person,0,elephant,1,elephant,1
475357da8a6aa06b,elephant,elephant,1,elephant,1,elephant,1,person,0,elephant,1,elephant,1
d7214df1bcc7eb05,elephant,elephant,1,elephant,1,elephant,1,person,0,elephant,1,elephant,1
74ab83b3d3db013d,elephant,elephant,1,elephant,1,elephant,1,person,0,elephant,1,elephant,1
3828da7b509efe4e,elephant,elephant,1,elephant,1,elephant,1,person,0,elephant,1,elephant,1
3bbb583ce3574f1a,elephant,person,0,elephant,1,elephant,1,person,0,elephant,1,elephant,1
64fe6a08fc4df94d,elephant,dog,0,dog,0,elephant,1,person,0,person,0,elephant,1
41d24f3d23d9ead3,elephant,elephant,1,elephant,1,elephant,1,person,0,elephant,1,elephant,1
5405627b4a8c5c9b,elephant,person,0,elephant,1,elephant,1,person,0,elephant,1,elephant,1
8d7e30e6df4b8759,elephant,person,0,elephant,1,elephant,1,person,0,elephant,1,elephant,1
cd38f3d21eea795f,elephant,elephant,1,elephant,1,elephant,1,person,0,elephant,1,elephant,1
1e8de290ffc3acbd,elephant,elephant,1,elephant,1,elephant,1,person,0,elephant,1,elephant,1
576560781a7c3441,elephant,elephant,1,elephant,1,elephant,1,person,0,elephant,1,elephant,1
e97401a6174f30e1,elephant,elephant,1,elephant,1,elephant,1,person,0,elephant,1,elephant,1
c6d0b758764aaead,elephant,elephant,1,elephant,1,elephant,1,person,0,elephant,1,elephant,1
75554b4408300f3d,elephant,elephant,1,elephant,1,elephant,1,person,0,elephant,1,elephant,1
1f57a21e063f386a,elephant,elephant,1,elephant,1,elephant,1,person,0,elephant,1,elephant,1
32e0b137e2ffee97,elephant,dog,0,elephant,1,elephant,1,person,0,elephant,1,elephant,1
cb6c49966ff6649a,elephant,elephant,1,elephant,1,elephant,1,person,0,elephant,1,elephant,1
a8fcf88518662cae,elephant,elephant,1,elephant,1,elephant,1,person,0,elephant,1,elephant,1
445ff5bd464ea913,elephant,elephant,1,elephant,1,elephant,1,person,0,person,0,elephant,1
64c69888636fbe50,elephant,dog,0,elephant,1,elephant,1,person,0,elephant,1,elephant,1
788d22c87baa8c75,elephant,dog,0,elephant,1,elephant,1,person,0,house,0,elephant,1
50ad5f0027402a56,elephant,elephant,1,elephant,1,elephant,1,person,0,elephant,1,elephant,1
5a5c62980c1666b3,elephant,elephant,1,elephant,1,elephant,1,person,0,elephant,1,elephant,1
737e56e473452424,elephant,elephant,1,person,0,elephant,1,person,0,elephant,1,elephant,1
5702997a5024511a,elephant,elephant,1,elephant,1,elephant,1,person,0,elephant,1,elephant,1
ac72d5a32e08f9cf,elephant,elephant,1,elephant,1,elephant,1,person,0,elephant,1,elephant,1
bc4b4acf4a86ea97,elephant,dog,0,person,0,person,0,person,0,elephant,1,elephant,1
3661c84563308521,elephant,dog,0,elephant,1,elephant,1,person,0,elephant,1,elephant,1
7163a64ecb8555d2,elephant,elephant,1,elephant,1,elephant,1,person,0,elephant,1,elephant,1
0475ac6908379833,elephant,person,0,elephant,1,person,0,person,0,elephant,1,elephant,1
cf31f1b47c5a9a97,elephant,elephant,1,elephant,1,elephant,1,person,0,elephant,1,elephant,1
b69040989db97d0d,elephant,elephant,1,elephant,1,elephant,1,person,0,elephant,1,elephant,1
37d9c8ca4ab2fb2d,elephant,elephant,1,elephant,1,elephant,1,person,0,elephant,1,elephant,1
76d7e7ad1ce532f1,elephant,elephant,1,elephant,1,elephant,1,person,0,elephant,1,elephant,1
32d9af685ba90b30,elephant,elephant,1,elephant,1,elephant,1,person,0,elephant,1,elephant,1
46d80eb9c551f35d,elephant,dog,0,dog,0,person,0,person,0,elephant,1,elephant,1
c77b240dcd19cc07,elephant,dog,0,dog,0,person,0,person,0,elephant,1,elephant,1
04c1b8a879f69989,elephant,dog,0,person,0,person,0,person,0,giraffe,0,elephant,1
c8e1ca51e6d416d9,elephant,dog,0,person,0,person,0,person,0,elephant,1,elephant,1
13193b588649e322,elephant,person,0,person,0,person,0,person,0,elephant,1,elephant,1
cf8150d68b0f7f16,elephant,person,0,person,0,person,0,person,0,elephant,1,elephant,1
5f91d28d98496b34,elephant,dog,0,elephant,1,elephant,1,person,0,elephant,1,elephant,1
4d78f41861ed66bf,elephant,elephant,1,person,0,person,0,person,0,elephant,1,elephant,1
b8eacb1929b72d6d,elephant,elephant,1,elephant,1,elephant,1,person,0,giraffe,0,elephant,1
342586826b567995,elephant,dog,0,person,0,elephant,1,person,0,person,0,elephant,1
3a76ff5bdaca14f8,elephant,elephant,1,elephant,1,elephant,1,person,0,elephant,1,elephant,1
3accffd8d2ec2abb,elephant,dog,0,dog,0,person,0,person,0,elephant,1,elephant,1
24728fdee6aed86f,elephant,elephant,1,elephant,1,elephant,1,person,0,elephant,1,elephant,1
308c123ed3f57e75,elephant,dog,0,elephant,1,elephant,1,person,0,elephant,1,elephant,1
3696ae966dae583e,elephant,person,0,elephant,1,elephant,1,person,0,elephant,1,elephant,1
1848c4f4a2672657,elephant,dog,0,elephant,1,elephant,1,person,0,elephant,1,elephant,1
66a26559862b368b,elephant,dog,0,elephant,1,elephant,1,person,0,elephant,1,elephant,1
92605244834c1a3d,elephant,elephant,1,elephant,1,elephant,1,person,0,elephant,1,elephant,1
e8bcf3799584394e,elephant,elephant,1,elephant,1,elephant,1,person,0,elephant,1,elephant,1
8a1bc49570386687,elephant,dog,0,dog,0,elephant,1,person,0,elephant,1,elephant,1
a042d3d56cfe5d08,elephant,dog,0,elephant,1,elephant,1,person,0,elephant,1,elephant,1
073deb813c21c146,elephant,elephant,1,elephant,1,elephant,1,person,0,elephant,1,elephant,1
0de14a7f8cbf000d,elephant,elephant,1,elephant,1,elephant,1,person,0,elephant,1,elephant,1
3960ca849fdb90c3,elephant,elephant,1,elephant,1,elephant,1,person,0,elephant,1,elephant,1
4482d89578bf138c,elephant,elephant,1,elephant,1,dog,0,person,0,elephant,1,elephant,1
10e54e4590a5027d,elephant,elephant,1,elephant,1,elephant,1,person,0,elephant,1,elephant,1
c3eb8b9cc2b3d9e6,elephant,elephant,1,elephant,1,elephant,1,person,0,elephant,1,elephant,1
06b54ba175752e5f,elephant,elephant,1,elephant,1,elephant,1,person,0,elephant,1,elephant,1
18d011dcecf5b939,elephant,dog,0,elephant,1,elephant,1,person,0,elephant,1,elephant,1
ed9322d2603fe3c9,elephant,elephant,1,elephant,1,elephant,1,person,0,elephant,1,elephant,1
831b5546dd8e0c3b,elephant,elephant,1,elephant,1,person,0,person,0,elephant,1,elephant,1
35e4ca0c94f7b28d,elephant,elephant,1,elephant,1,elephant,1,person,0,elephant,1,elephant,1
1e3ef06807363152,elephant,dog,0,elephant,1,elephant,1,person,0,elephant,1,elephant,1
cf172898c8d2f334,elephant,elephant,1,elephant,1,elephant,1,person,0,elephant,1,elephant,1
8f160a2d0f660d90,elephant,elephant,1,elephant,1,elephant,1,person,0,elephant,1,elephant,1
67157d61a7a194ed,elephant,elephant,1,elephant,1,elephant,1,person,0,elephant,1,elephant,1
9fc8c664d338c154,elephant,elephant,1,elephant,1,elephant,1,person,0,elephant,1,elephant,1
f1add985ffa01f81,elephant,dog,0,elephant,1,elephant,1,person,0,elephant,1,elephant,1
4c26dc690a5b06e7,elephant,elephant,1,elephant,1,elephant,1,person,0,elephant,1,elephant,1
d7370352fc428c8e,elephant,elephant,1,elephant,1,elephant,1,person,0,person,0,elephant,1
5e749ea8c2534543,elephant,elephant,1,elephant,1,elephant,1,person,0,elephant,1,elephant,1
4ba9cb9cebf0262d,elephant,dog,0,elephant,1,elephant,1,person,0,person,0,elephant,1
ec3fbed6baabc2c2,elephant,elephant,1,elephant,1,elephant,1,person,0,elephant,1,elephant,1
85d2f96719ca8e21,elephant,elephant,1,elephant,1,elephant,1,person,0,elephant,1,elephant,1
acc18cf676949894,elephant,dog,0,elephant,1,elephant,1,person,0,elephant,1,elephant,1
6c05199b1c30ee96,elephant,person,0,person,0,person,0,person,0,horse,0,elephant,1
34262f4938ce77fd,elephant,dog,0,person,0,elephant,1,person,0,elephant,1,elephant,1
49f7c752e5ace3e2,elephant,dog,0,elephant,1,elephant,1,person,0,elephant,1,elephant,1
21a702ca03d9b4bd,elephant,elephant,1,elephant,1,elephant,1,person,0,elephant,1,elephant,1
d0ab9ae0afc39fa2,elephant,dog,0,person,0,dog,0,person,0,elephant,1,elephant,1
219d7b7fe94669c1,elephant,person,0,person,0,person,0,person,0,elephant,1,elephant,1
9be5ce62433419f2,elephant,elephant,1,elephant,1,person,0,person,0,elephant,1,elephant,1
3b0b17495121d6ad,elephant,elephant,1,elephant,1,elephant,1,person,0,elephant,1,elephant,1
283d333862bb1b36,elephant,elephant,1,elephant,1,elephant,1,person,0,elephant,1,elephant,1
6b981d2c2d90fdf1,elephant,elephant,1,elephant,1,elephant,1,person,0,elephant,1,elephant,1
093100da674af5be,elephant,person,0,person,0,person,0,person,0,elephant,1,elephant,1
4865b68f25c01b13,elephant,elephant,1,elephant,1,elephant,1,person,0,elephant,1,elephant,1
3040bb8a610f21c2,elephant,dog,0,elephant,1,person,0,person,0,elephant,1,elephant,1
78216835b928e12d,elephant,dog,0,dog,0,elephant,1,person,0,elephant,1,elephant,1
6eb32735baa1eb53,elephant,elephant,1,person,0,person,0,person,0,elephant,1,elephant,1
8f0eb5c1c7ea85fa,elephant,dog,0,dog,0,elephant,1,person,0,elephant,1,elephant,1
077ef807a42334f9,elephant,elephant,1,elephant,1,elephant,1,person,0,elephant,1,elephant,1
5d26fe50b4c54a39,elephant,elephant,1,elephant,1,elephant,1,person,0,elephant,1,elephant,1
e27bea1b515f23a8,elephant,elephant,1,elephant,1,elephant,1,person,0,elephant,1,elephant,1
1a53acd0cbf68108,elephant,dog,0,elephant,1,elephant,1,person,0,elephant,1,elephant,1
bded31611c4955db,elephant,elephant,1,elephant,1,elephant,1,person,0,elephant,1,elephant,1
1fde6b0421d91aba,elephant,elephant,1,elephant,1,elephant,1,person,0,person,0,elephant,1
f511ee57ee434e69,elephant,elephant,1,elephant,1,elephant,1,person,0,person,0,elephant,1
d09f4fa76536e23f,elephant,elephant,1,elephant,1,elephant,1,person,0,elephant,1,elephant,1
6b418cac2d2efb0a,elephant,elephant,1,elephant,1,elephant,1,person,0,elephant,1,elephant,1
9fa082617c64a93b,elephant,elephant,1,elephant,1,elephant,1,person,0,elephant,1,elephant,1
f6218783df6f7244,elephant,elephant,1,elephant,1,person,0,person,0,elephant,1,elephant,1
3ab72bb9096628c1,elephant,dog,0,elephant,1,elephant,1,person,0,person,0,elephant,1
5cbead9d41d8a996,elephant,elephant,1,person,0,elephant,1,person,0,elephant,1,elephant,1
6a132b9dfb57eaa1,elephant,elephant,1,elephant,1,elephant,1,person,0,elephant,1,elephant,1
e7b59ebd153a2234,elephant,dog,0,elephant,1,elephant,1,person,0,person,0,elephant,1
2522a655e39ff260,elephant,person,0,elephant,1,person,0,person,0,elephant,1,elephant,1
9bb63e21fc770171,elephant,person,0,elephant,1,person,0,person,0,elephant,1,elephant,1
d87d6cd673617bb4,elephant,elephant,1,elephant,1,elephant,1,person,0,elephant,1,elephant,1
62cf5413b9dd7c7d,elephant,dog,0,elephant,1,elephant,1,person,0,person,0,elephant,1
2852f4868cbcac41,elephant,dog,0,elephant,1,elephant,1,person,0,elephant,1,elephant,1
af69f319bbb23f99,elephant,dog,0,elephant,1,elephant,1,person,0,elephant,1,elephant,1
b50be0908851c807,elephant,elephant,1,elephant,1,elephant,1,person,0,elephant,1,elephant,1
646cc003efae782d,elephant,elephant,1,elephant,1,elephant,1,person,0,elephant,1,elephant,1
71d1b68973f028f5,elephant,elephant,1,elephant,1,elephant,1,person,0,elephant,1,elephant,1
0e219c9eb967321c,elephant,elephant,1,elephant,1,elephant,1,person,0,giraffe,0,elephant,1
d69023ed2d5578cf,elephant,dog,0,elephant,1,elephant,1,person,0,elephant,1,elephant,1
7ce58f7d6f6fac95,elephant,elephant,1,elephant,1,elephant,1,person,0,elephant,1,elephant,1
ad37beab5983d960,elephant,dog,0,elephant,1,elephant,1,person,0,person,0,elephant,1
19add1d25e34b765,elephant,elephant,1,elephant,1,elephant,1,person,0,giraffe,0,elephant,1
dd572d81b10df4fa,elephant,elephant,1,elephant,1,elephant,1,person,0,elephant,1,elephant,1
faa4a0a386557065,elephant,dog,0,elephant,1,elephant,1,person,0,elephant,1,elephant,1
6ae6f202e9f4e65b,elephant,elephant,1,elephant,1,elephant,1,person,0,elephant,1,elephant,1
adc6ba6aa18f4224,elephant,elephant,1,elephant,1,elephant,1,person,0,elephant,1,elephant,1
d49ef24aaebf8c28,elephant,elephant,1,elephant,1,elephant,1,person,0,elephant,1,elephant,1
ec538f999bef4fe9,elephant,elephant,1,elephant,1,elephant,1,person,0,elephant,1,elephant,1
a46afbc70908de8f,elephant,elephant,1,elephant,1,elephant,1,person,0,elephant,1,elephant,1
e7b82bcf4e032c8b,elephant,elephant,1,elephant,1,elephant,1,person,0,giraffe,0,elephant,1
2b8f8edcae185891,elephant,elephant,1,person,0,elephant,1,person,0,elephant,1,elephant,1
c2ad778b330bc875,elephant,elephant,1,elephant,1,elephant,1,person,0,elephant,1,elephant,1
9b2253e694e3357a,elephant,elephant,1,elephant,1,elephant,1,person,0,person,0,elephant,1
80ea9bea598bfb28,elephant,elephant,1,elephant,1,elephant,1,person,0,elephant,1,elephant,1
cfc199d36e0a298a,elephant,dog,0,dog,0,elephant,1,person,0,elephant,1,elephant,1
438c8cf4ddb59366,elephant,elephant,1,elephant,1,elephant,1,person,0,elephant,1,elephant,1
523fd405ab92a010,elephant,elephant,1,elephant,1,elephant,1,person,0,elephant,1,elephant,1
164497826e378ef6,elephant,elephant,1,elephant,1,elephant,1,person,0,elephant,1,elephant,1
72ec817472090b8d,elephant,elephant,1,elephant,1,elephant,1,person,0,elephant,1,elephant,1
58c1dc47e0cdfb53,elephant,elephant,1,elephant,1,elephant,1,person,0,elephant,1,elephant,1
8dd60982b95f24b7,elephant,dog,0,elephant,1,elephant,1,person,0,person,0,elephant,1
8b149a7f81e384fa,elephant,elephant,1,elephant,1,elephant,1,person,0,elephant,1,elephant,1
54cfc5dd9e882177,elephant,elephant,1,elephant,1,elephant,1,person,0,elephant,1,elephant,1
c66f8534dca0642d,elephant,elephant,1,elephant,1,elephant,1,person,0,person,0,elephant,1
036e4dabb2dec48f,elephant,elephant,1,elephant,1,elephant,1,person,0,elephant,1,elephant,1
af13affbc22986b5,elephant,person,0,elephant,1,elephant,1,person,0,person,0,elephant,1
57988d3eb6ddaf16,elephant,elephant,1,elephant,1,elephant,1,person,0,elephant,1,elephant,1
af75a42dd29cba54,elephant,elephant,1,elephant,1,elephant,1,person,0,elephant,1,elephant,1
69966a778256dbe8,elephant,elephant,1,elephant,1,elephant,1,person,0,elephant,1,elephant,1
7999ba23a000f84a,elephant,elephant,1,elephant,1,elephant,1,person,0,elephant,1,elephant,1
1089d408dcb54e23,elephant,person,0,person,0,person,0,person,0,elephant,1,elephant,1
6ab728a6d2d36e06,elephant,elephant,1,elephant,1,elephant,1,person,0,elephant,1,elephant,1
3fc797f80c9cc3ba,elephant,elephant,1,elephant,1,elephant,1,person,0,person,0,elephant,1
3921d25e7a33471d,elephant,dog,0,person,0,elephant,1,person,0,person,0,elephant,1
8ed6a3b9a9ce183c,elephant,elephant,1,elephant,1,elephant,1,person,0,person,0,elephant,1
ae38bbf9b4a8d1a6,elephant,elephant,1,elephant,1,elephant,1,person,0,giraffe,0,elephant,1
d7c4ea8bc2bbf77b,elephant,elephant,1,elephant,1,elephant,1,person,0,person,0,elephant,1
6f2b255b12ec3641,elephant,elephant,1,elephant,1,elephant,1,person,0,person,0,elephant,1
91c621db4921c1cc,elephant,elephant,1,elephant,1,elephant,1,person,0,person,0,elephant,1
f6e27a24ad877ae1,elephant,dog,0,elephant,1,elephant,1,person,0,person,0,elephant,1
26660145d0a6d4d2,elephant,dog,0,elephant,1,elephant,1,person,0,elephant,1,elephant,1
98c391cf03694feb,elephant,elephant,1,elephant,1,elephant,1,person,0,person,0,elephant,1
4c4436892f34cc49,elephant,elephant,1,elephant,1,elephant,1,person,0,elephant,1,elephant,1
f098d5e9a13cd5a1,elephant,elephant,1,elephant,1,elephant,1,person,0,elephant,1,elephant,1
b8a56dc127f2703d,elephant,dog,0,elephant,1,elephant,1,person,0,person,0,elephant,1
2cb224868e995487,elephant,elephant,1,elephant,1,elephant,1,person,0,elephant,1,elephant,1
6c3ff1911e66899f,elephant,person,0,person,0,person,0,person,0,elephant,1,horse,0
a5f563f70a6fd60e,elephant,elephant,1,elephant,1,elephant,1,person,0,elephant,1,elephant,1
7117346984cdd395,elephant,elephant,1,elephant,1,elephant,1,person,0,elephant,1,elephant,1
75fb1b9836858f4b,elephant,elephant,1,elephant,1,elephant,1,person,0,elephant,1,elephant,1
d3e7830501fb67b4,elephant,elephant,1,elephant,1,elephant,1,person,0,elephant,1,elephant,1
ec3ec02741b0f730,elephant,person,0,person,0,elephant,1,person,0,elephant,1,elephant,1
d8d02cfd0642472f,elephant,elephant,1,elephant,1,elephant,1,person,0,elephant,1,elephant,1
6f753d830111c6ee,elephant,person,0,person,0,elephant,1,person,0,elephant,1,elephant,1
3a264d120ab31391,elephant,elephant,1,elephant,1,elephant,1,person,0,elephant,1,elephant,1
f1b93f0f7db41f9c,elephant,elephant,1,elephant,1,elephant,1,person,0,elephant,1,elephant,1
125c936dc0b455e9,elephant,elephant,1,elephant,1,elephant,1,person,0,elephant,1,elephant,1
d1394cf43f5d8baa,elephant,elephant,1,elephant,1,dog,0,person,0,elephant,1,elephant,1
dfa63d2d64bcb38e,elephant,elephant,1,elephant,1,elephant,1,person,0,elephant,1,elephant,1
486b53b62907e057,elephant,person,0,person,0,elephant,1,person,0,elephant,1,elephant,1
be4d34947f6bbce2,elephant,dog,0,dog,0,dog,0,person,0,horse,0,elephant,1
448bdad5fe00456f,elephant,elephant,1,elephant,1,elephant,1,person,0,elephant,1,elephant,1
693e6beae31839eb,elephant,dog,0,dog,0,elephant,1,person,0,horse,0,elephant,1
96f88904b27fea15,elephant,elephant,1,elephant,1,elephant,1,person,0,elephant,1,elephant,1
14a54c513ec1871a,elephant,elephant,1,elephant,1,elephant,1,person,0,elephant,1,elephant,1
4dcc00fb6b6e5991,elephant,elephant,1,elephant,1,elephant,1,person,0,elephant,1,elephant,1
d3ac8996d589fbef,elephant,elephant,1,elephant,1,elephant,1,person,0,horse,0,elephant,1
c7f7270f78adb354,elephant,dog,0,dog,0,person,0,person,0,elephant,1,giraffe,0
2e826a50ea4e47d8,elephant,dog,0,house,0,dog,0,person,0,elephant,1,giraffe,0
1c9131b661ddbcae,elephant,dog,0,giraffe,0,dog,0,person,0,elephant,1,elephant,1
1848ce42dc154d72,elephant,elephant,1,person,0,person,0,person,0,elephant,1,giraffe,0
f4761a76b2a5cd5e,elephant,dog,0,elephant,1,elephant,1,person,0,elephant,1,elephant,1
524685a7b7310320,elephant,dog,0,elephant,1,elephant,1,person,0,elephant,1,dog,0
ceb30792debd0900,elephant,elephant,1,elephant,1,elephant,1,person,0,elephant,1,elephant,1
2cc27593f4fc32ef,elephant,dog,0,elephant,1,elephant,1,person,0,elephant,1,elephant,1
8ee8ef8fe6e89f79,elephant,elephant,1,elephant,1,elephant,1,person,0,elephant,1,elephant,1
5b57b3ba0aaa4371,elephant,dog,0,elephant,1,dog,0,person,0,person,0,elephant,1
949c82ec8ac59e79,elephant,person,0,person,0,person,0,person,0,elephant,1,elephant,1
036d02627e3a7a1c,elephant,dog,0,dog,0,elephant,1,person,0,person,0,elephant,1
8fc4657c24efc869,elephant,dog,0,dog,0,dog,0,person,0,person,0,elephant,1
a84e99e2f9a7dfab,elephant,dog,0,elephant,1,elephant,1,person,0,elephant,1,elephant,1
70bbb4dc17615fd7,elephant,elephant,1,elephant,1,elephant,1,person,0,elephant,1,elephant,1
9a7bc14b69f11cb9,elephant,elephant,1,elephant,1,elephant,1,person,0,elephant,1,elephant,1
72e394633c11e69d,elephant,elephant,1,elephant,1,elephant,1,person,0,elephant,1,elephant,1
39c8a382e3f2cce8,elephant,dog,0,elephant,1,elephant,1,person,0,elephant,1,elephant,1
47620ffa96cb0739,elephant,elephant,1,elephant,1,elephant,1,person,0,elephant,1,elephant,1
5a8501ae92104a5b,elephant,elephant,1,elephant,1,elephant,1,person,0,elephant,1,elephant,1
f492d8a7c3e6d900,elephant,dog,0,elephant,1,elephant,1,person,0,elephant,1,elephant,1
e33dc1cd97643a59,elephant,elephant,1,elephant,1,elephant,1,person,0,elephant,1,elephant,1
278ec98ae3c1732b,elephant,elephant,1,elephant,1,elephant,1,person,0,elephant,1,elephant,1
080fb216ef237bad,elephant,elephant,1,elephant,1,elephant,1,person,0,elephant,1,elephant,1
cda565b7b364d1d3,elephant,elephant,1,elephant,1,elephant,1,person,0,elephant,1,elephant,1
f1b3a6a3add0b6fc,elephant,elephant,1,elephant,1,elephant,1,person,0,elephant,1,elephant,1
329f661a1733b78e,elephant,elephant,1,elephant,1,elephant,1,person,0,elephant,1,elephant,1
11648b32ab0df61a,elephant,elephant,1,elephant,1,elephant,1,person,0,elephant,1,elephant,1
be6f2957d8a42873,elephant,dog,0,elephant,1,elephant,1,person,0,elephant,1,elephant,1
2ee3c1697d837e20,elephant,elephant,1,elephant,1,elephant,1,person,0,elephant,1,elephant,1
fb4119c0b4e34e47,elephant,elephant,1,elephant,1,elephant,1,person,0,elephant,1,elephant,1
c1d64b5aa9a0fa5d,elephant,elephant,1,elephant,1,elephant,1,person,0,elephant,1,elephant,1
4638b928469dc0a8,elephant,dog,0,elephant,1,elephant,1,person,0,elephant,1,elephant,1
cd862ac8ef9ce15d,elephant,elephant,1,elephant,1,elephant,1,person,0,elephant,1,elephant,1
3d4aa5d457106b61,elephant,elephant,1,elephant,1,elephant,1,person,0,elephant,1,elephant,1
9ff0c5a33b604e14,elephant,elephant,1,elephant,1,elephant,1,person,0,elephant,1,elephant,1
7100e6eea4f96c83,elephant,dog,0,dog,0,elephant,1,person,0,elephant,1,elephant,1
96eb3d556be441e2,elephant,elephant,1,elephant,1,elephant,1,person,0,elephant,1,elephant,1
ee54562027bbe5d7,elephant,elephant,1,elephant,1,elephant,1,person,0,elephant,1,elephant,1
f6642520da92b9da,elephant,elephant,1,elephant,1,elephant,1,person,0,elephant,1,elephant,1
c1cea3802fce6f65,elephant,elephant,1,elephant,1,elephant,1,person,0,elephant,1,elephant,1
5a9466e7213003a7,elephant,elephant,1,elephant,1,elephant,1,person,0,elephant,1,elephant,1
ec8a8332fd452dd9,elephant,elephant,1,elephant,1,elephant,1,person,0,elephant,1,elephant,1
1b5560f99bd95c98,elephant,dog,0,elephant,1,elephant,1,person,0,elephant,1,elephant,1
072e08a6916443f5,elephant,elephant,1,elephant,1,elephant,1,person,0,elephant,1,elephant,1
2cbf058b063d1520,giraffe,giraffe,1,giraffe,1,house,0,person,0,elephant,0,giraffe,1
dab5646e04fc22e5,giraffe,giraffe,1,giraffe,1,house,0,person,0,elephant,0,giraffe,1
edada7fea727a92c,giraffe,giraffe,1,giraffe,1,giraffe,1,person,0,elephant,0,giraffe,1
441ffdb3be4618de,giraffe,horse,0,person,0,house,0,person,0,elephant,0,horse,0
9f9fb7e0e405890f,giraffe,giraffe,1,giraffe,1,giraffe,1,person,0,elephant,0,giraffe,1
80732055b066453e,giraffe,giraffe,1,giraffe,1,giraffe,1,person,0,elephant,0,giraffe,1
92916dfaca274521,giraffe,giraffe,1,giraffe,1,giraffe,1,person,0,elephant,0,giraffe,1
0df2d2962f4aa3d3,giraffe,elephant,0,giraffe,1,house,0,person,0,elephant,0,giraffe,1
afdd8cebd4474ad7,giraffe,giraffe,1,giraffe,1,house,0,person,0,elephant,0,giraffe,1
ab6cb4b541df8540,giraffe,person,0,person,0,house,0,person,0,elephant,0,elephant,0
8f3956a7dd1c221b,giraffe,horse,0,person,0,house,0,person,0,elephant,0,elephant,0
3a089d24464fd050,giraffe,elephant,0,giraffe,1,house,0,person,0,elephant,0,giraffe,1
fb33b8261756862c,giraffe,person,0,house,0,house,0,person,0,elephant,0,giraffe,1
eaeafcf5817b0eb2,giraffe,elephant,0,house,0,house,0,person,0,elephant,0,giraffe,1
f398663c3a8dcbb1,giraffe,horse,0,house,0,house,0,person,0,elephant,0,giraffe,1
fc374d5d4ae6c04e,giraffe,dog,0,house,0,house,0,person,0,elephant,0,giraffe,1
39bcecea6e34db94,giraffe,giraffe,1,giraffe,1,house,0,person,0,elephant,0,giraffe,1
6cc28bf56127bbd3,giraffe,giraffe,1,giraffe,1,house,0,person,0,horse,0,giraffe,1
ea6284656f409fa8,giraffe,dog,0,giraffe,1,house,0,person,0,elephant,0,giraffe,1
6f205fbd7c7b33d4,giraffe,giraffe,1,giraffe,1,house,0,person,0,elephant,0,giraffe,1
a981c974e781fee1,giraffe,person,0,person,0,house,0,person,0,elephant,0,giraffe,1
8784f8be0691cf06,giraffe,giraffe,1,giraffe,1,giraffe,1,person,0,elephant,0,giraffe,1
71ef9b252cdc2999,giraffe,giraffe,1,giraffe,1,giraffe,1,person,0,elephant,0,giraffe,1
6b7e300b0f0bb76e,giraffe,giraffe,1,giraffe,1,person,0,person,0,elephant,0,giraffe,1
63c0338b0bae0a95,giraffe,person,0,person,0,house,0,person,0,elephant,0,giraffe,1
af10d77cc263d3aa,giraffe,giraffe,1,giraffe,1,house,0,person,0,horse,0,giraffe,1
5c3e85895b6e1e86,giraffe,giraffe,1,giraffe,1,house,0,person,0,elephant,0,giraffe,1
1d393c43b5a11366,giraffe,person,0,giraffe,1,house,0,person,0,elephant,0,giraffe,1
dabfac81d16b995d,giraffe,horse,0,person,0,house,0,person,0,elephant,0,elephant,0
8b2137c45b19d751,giraffe,giraffe,1,giraffe,1,house,0,person,0,elephant,0,giraffe,1
8f5f53cd843fcf29,giraffe,person,0,house,0,house,0,person,0,elephant,0,elephant,0
06b872609c36b56e,giraffe,giraffe,1,giraffe,1,house,0,person,0,elephant,0,giraffe,1
92bd99d26b05c9b5,giraffe,giraffe,1,giraffe,1,house,0,person,0,elephant,0,giraffe,1
5f9111fd8592bf9e,giraffe,giraffe,1,giraffe,1,house,0,person,0,elephant,0,giraffe,1
bb47dafdf3fe5f9b,giraffe,giraffe,1,giraffe,1,giraffe,1,person,0,elephant,0,giraffe,1
ef7fe241223d15d1,giraffe,dog,0,giraffe,1,house,0,person,0,elephant,0,giraffe,1
6636ebafdb17fefb,giraffe,person,0,person,0,house,0,person,0,elephant,0,giraffe,1
e41660886ea68f5b,giraffe,giraffe,1,giraffe,1,house,0,person,0,elephant,0,giraffe,1
45fc1084860cb7fa,giraffe,horse,0,person,0,person,0,person,0,elephant,0,giraffe,1
f95e25811d2ac945,giraffe,elephant,0,house,0,house,0,person,0,elephant,0,giraffe,1
b169ab05728a4afe,giraffe,horse,0,giraffe,1,house,0,person,0,elephant,0,giraffe,1
3040cabbd7473e61,giraffe,elephant,0,giraffe,1,house,0,person,0,elephant,0,giraffe,1
3b259877e4445762,giraffe,giraffe,1,house,0,house,0,person,0,elephant,0,giraffe,1
74c305784e27dc38,giraffe,giraffe,1,giraffe,1,house,0,person,0,elephant,0,giraffe,1
c874c68e5a917a92,giraffe,giraffe,1,giraffe,1,house,0,person,0,elephant,0,giraffe,1
1bc492d444bba04c,giraffe,giraffe,1,giraffe,1,giraffe,1,person,0,elephant,0,giraffe,1
a141aa62b5d98f7d,giraffe,horse,0,person,0,giraffe,1,person,0,elephant,0,giraffe,1
00fec1891ed64ccc,giraffe,elephant,0,house,0,house,0,person,0,elephant,0,elephant,0
ce4dbc39b2f9456a,giraffe,person,0,person,0,house,0,person,0,person,0,giraffe,1
ef8e77a3f5a1a7f1,giraffe,horse,0,giraffe,1,house,0,person,0,elephant,0,giraffe,1
dc0c1eba7ea8fbc8,giraffe,giraffe,1,giraffe,1,house,0,person,0,elephant,0,giraffe,1
495d9bc236f479f5,giraffe,giraffe,1,giraffe,1,house,0,person,0,elephant,0,giraffe,1
302c518f841b392c,giraffe,elephant,0,house,0,house,0,person,0,elephant,0,giraffe,1
1801af42418cd202,giraffe,elephant,0,giraffe,1,house,0,person,0,elephant,0,giraffe,1
d16c1fd1fd53ca5d,giraffe,elephant,0,house,0,house,0,person,0,elephant,0,giraffe,1
7b722135756dd290,giraffe,giraffe,1,giraffe,1,giraffe,1,person,0,elephant,0,giraffe,1
6759f6f1dc4bb749,giraffe,giraffe,1,giraffe,1,house,0,person,0,elephant,0,giraffe,1
857a2438decb9c5d,giraffe,giraffe,1,giraffe,1,house,0,person,0,elephant,0,giraffe,1
57fb4780dc7bdfef,giraffe,person,0,giraffe,1,person,0,person,0,elephant,0,giraffe,1
7c2c63fbad2bcd74,giraffe,giraffe,1,giraffe,1,house,0,person,0,elephant,0,giraffe,1
3486e08cba46e171,giraffe,person,0,house,0,house,0,person,0,elephant,0,giraffe,1
f6c1e5cde85fa704,giraffe,dog,0,giraffe,1,house,0,person,0,elephant,0,giraffe,1
4270623c2cd94782,giraffe,person,0,house,0,house,0,person,0,horse,0,giraffe,1
d68f9021347d25d9,giraffe,giraffe,1,giraffe,1,house,0,person,0,elephant,0,giraffe,1
c574eb3154da3d83,giraffe,giraffe,1,giraffe,1,house,0,person,0,elephant,0,giraffe,1
d26f5d61dcf6995c,giraffe,giraffe,1,guitar,0,guitar,0,person,0,elephant,0,giraffe,1
efbdf4731f9fbfad,giraffe,giraffe,1,giraffe,1,giraffe,1,person,0,elephant,0,giraffe,1
b149b1fce57f057b,giraffe,giraffe,1,giraffe,1,house,0,person,0,elephant,0,giraffe,1
ff24acdc7563503b,giraffe,giraffe,1,giraffe,1,house,0,person,0,elephant,0,giraffe,1
1c5c4269ee37b76b,giraffe,horse,0,giraffe,1,house,0,person,0,elephant,0,giraffe,1
7ebbc89813bb9be4,giraffe,dog,0,giraffe,1,house,0,person,0,elephant,0,giraffe,1
bee5f31a2df5ee05,giraffe,horse,0,giraffe,1,house,0,person,0,elephant,0,giraffe,1
f21410b27f31cf4c,giraffe,elephant,0,house,0,house,0,person,0,elephant,0,giraffe,1
0db093cc2f4a0075,giraffe,dog,0,giraffe,1,house,0,person,0,elephant,0,giraffe,1
fa416ae1a99349a2,giraffe,elephant,0,giraffe,1,house,0,person,0,elephant,0,giraffe,1
ae146964246866e9,giraffe,giraffe,1,giraffe,1,giraffe,1,person,0,elephant,0,giraffe,1
c36228c2a00d3223,giraffe,giraffe,1,giraffe,1,person,0,person,0,horse,0,giraffe,1
72b9ffb19c389e2c,giraffe,person,0,house,0,house,0,person,0,elephant,0,giraffe,1
bcc34eb6e90d1173,giraffe,giraffe,1,person,0,house,0,person,0,elephant,0,elephant,0
b5d7c6edbd34bb02,giraffe,horse,0,giraffe,1,person,0,person,0,horse,0,giraffe,1
407ab660f5a37605,giraffe,dog,0,dog,0,giraffe,1,person,0,elephant,0,giraffe,1
599bbcb38baecbcd,giraffe,dog,0,giraffe,1,person,0,person,0,person,0,giraffe,1
114ba100a5022b7a,giraffe,dog,0,giraffe,1,giraffe,1,person,0,elephant,0,giraffe,1
6ac48bdd14515b6b,giraffe,dog,0,giraffe,1,giraffe,1,person,0,elephant,0,giraffe,1
bdd8cf19742188d4,giraffe,dog,0,horse,0,elephant,0,person,0,person,0,giraffe,1
528bd3c41cec9a35,giraffe,dog,0,giraffe,1,giraffe,1,person,0,elephant,0,giraffe,1
4b28c7c9ee4315ed,giraffe,giraffe,1,giraffe,1,giraffe,1,person,0,elephant,0,giraffe,1
6a10f00a78da9562,giraffe,giraffe,1,dog,0,dog,0,person,0,elephant,0,giraffe,1
2be4ea4b62a127f2,giraffe,horse,0,dog,0,horse,0,person,0,elephant,0,giraffe,1
439de5703fca0906,giraffe,giraffe,1,giraffe,1,giraffe,1,person,0,elephant,0,giraffe,1
aeade8adde5f689e,giraffe,dog,0,giraffe,1,giraffe,1,person,0,elephant,0,giraffe,1
16715b80aeb071f6,giraffe,dog,0,giraffe,1,giraffe,1,person,0,elephant,0,giraffe,1
9733f911c4163d7d,giraffe,giraffe,1,giraffe,1,giraffe,1,person,0,elephant,0,giraffe,1
e995147947f82109,giraffe,dog,0,giraffe,1,giraffe,1,person,0,person,0,giraffe,1
9cbd0fdb3a73a05c,giraffe,dog,0,dog,0,person,0,person,0,elephant,0,giraffe,1
6a92c8d7b79a39fc,giraffe,giraffe,1,giraffe,1,giraffe,1,person,0,elephant,0,giraffe,1
84c9508770b96330,giraffe,giraffe,1,giraffe,1,giraffe,1,person,0,elephant,0,giraffe,1
0e9f91a69c42f0df,giraffe,dog,0,giraffe,1,giraffe,1,person,0,elephant,0,giraffe,1
88aac1a66356a9c7,giraffe,person,0,person,0,giraffe,1,person,0,horse,0,giraffe,1
20329b7b4a238f00,giraffe,giraffe,1,giraffe,1,giraffe,1,person,0,person,0,giraffe,1
ab6974d2be7fa164,giraffe,horse,0,giraffe,1,giraffe,1,person,0,horse,0,giraffe,1
b2b394740ae1c206,giraffe,dog,0,giraffe,1,giraffe,1,person,0,elephant,0,giraffe,1
9e380132cd524bf8,giraffe,elephant,0,giraffe,1,giraffe,1,person,0,elephant,0,giraffe,1
1f763b46faea06dd,giraffe,dog,0,house,0,person,0,person,0,elephant,0,horse,0
a76d792c481c8882,giraffe,giraffe,1,giraffe,1,person,0,person,0,elephant,0,giraffe,1
dd761f1441f98f94,giraffe,dog,0,dog,0,person,0,person,0,elephant,0,elephant,0
9ddd291a50435a62,giraffe,giraffe,1,giraffe,1,giraffe,1,person,0,elephant,0,giraffe,1
7a2fe50d8ead6b9c,giraffe,horse,0,giraffe,1,giraffe,1,person,0,elephant,0,giraffe,1
2bf34ecfc182179e,giraffe,giraffe,1,giraffe,1,giraffe,1,person,0,person,0,giraffe,1
9de3657164b83ae9,giraffe,giraffe,1,giraffe,1,giraffe,1,person,0,person,0,giraffe,1
638ac77720ecef14,giraffe,giraffe,1,giraffe,1,giraffe,1,person,0,horse,0,giraffe,1
0b7e0d071b5fd9d7,giraffe,person,0,person,0,person,0,person,0,person,0,elephant,0
e459c40071320dd7,giraffe,person,0,person,0,person,0,person,0,person,0,giraffe,1
37c4e146c489df67,giraffe,giraffe,1,giraffe,1,giraffe,1,person,0,elephant,0,giraffe,1
666bfeb3c0495cfb,giraffe,giraffe,1,giraffe,1,giraffe,1,person,0,giraffe,1,giraffe,1
a80f8f9e7924bc7e,giraffe,horse,0,giraffe,1,giraffe,1,person,0,person,0,giraffe,1
955b80685805483c,giraffe,dog,0,giraffe,1,giraffe,1,person,0,elephant,0,giraffe,1
be21616c25eaeafc,giraffe,horse,0,giraffe,1,giraffe,1,person,0,guitar,0,giraffe,1
11f02b4dd492ba3b,giraffe,giraffe,1,giraffe,1,giraffe,1,person,0,person,0,giraffe,1
e06e8533a90f2ff8,giraffe,giraffe,1,giraffe,1,giraffe,1,person,0,elephant,0,giraffe,1
7bd66c0ee9c2db29,giraffe,horse,0,giraffe,1,dog,0,person,0,elephant,0,horse,0
fa9b40af2be3cfe6,giraffe,dog,0,person,0,giraffe,1,person,0,elephant,0,giraffe,1
43e68192a09af94a,giraffe,horse,0,horse,0,horse,0,person,0,elephant,0,elephant,0
8c5481549b32ce94,giraffe,elephant,0,giraffe,1,giraffe,1,person,0,elephant,0,giraffe,1
d732d1b5f015a913,giraffe,horse,0,giraffe,1,elephant,0,person,0,elephant,0,horse,0
97cebd4abe7a17ab,giraffe,dog,0,horse,0,elephant,0,person,0,elephant,0,horse,0
8bad85dcb0c6d13c,giraffe,elephant,0,person,0,elephant,0,person,0,giraffe,1,elephant,0
c02b317ad408ca37,giraffe,elephant,0,person,0,person,0,person,0,elephant,0,elephant,0
630b3bff8b59ae82,giraffe,elephant,0,giraffe,1,giraffe,1,person,0,elephant,0,person,0
daeda9e281ca2278,giraffe,elephant,0,person,0,person,0,person,0,elephant,0,elephant,0
4b25e7cc81396f10,giraffe,person,0,person,0,person,0,person,0,elephant,0,giraffe,1
a39fcd3fad1b1a79,giraffe,horse,0,giraffe,1,horse,0,person,0,person,0,giraffe,1
9420a0c0095c1a98,giraffe,horse,0,dog,0,dog,0,person,0,elephant,0,giraffe,1
ac0a014dad8e1435,giraffe,horse,0,dog,0,horse,0,person,0,elephant,0,horse,0
bafe698701f824b2,giraffe,dog,0,giraffe,1,giraffe,1,person,0,person,0,giraffe,1
43614815a3ccffba,giraffe,horse,0,giraffe,1,giraffe,1,person,0,person,0,giraffe,1
f738f80fc2a5121e,giraffe,horse,0,giraffe,1,giraffe,1,person,0,elephant,0,giraffe,1
0c36aa19b00ceb92,giraffe,giraffe,1,giraffe,1,giraffe,1,person,0,elephant,0,giraffe,1
6e007c804b2f847d,giraffe,dog,0,giraffe,1,person,0,person,0,elephant,0,giraffe,1
7419bb450612395d,giraffe,giraffe,1,giraffe,1,giraffe,1,person,0,elephant,0,giraffe,1
52402a7234f0eb63,giraffe,giraffe,1,giraffe,1,giraffe,1,person,0,elephant,0,giraffe,1
09eb59cb05f3c5a2,giraffe,horse,0,giraffe,1,giraffe,1,person,0,giraffe,1,giraffe,1
7bf426f8097bf7e8,giraffe,giraffe,1,giraffe,1,giraffe,1,person,0,elephant,0,giraffe,1
001e0dcc438f2271,giraffe,giraffe,1,giraffe,1,giraffe,1,person,0,person,0,giraffe,1
cfd34fbb925ce923,giraffe,horse,0,giraffe,1,giraffe,1,person,0,elephant,0,giraffe,1
2cdfe4104a36fa9c,giraffe,horse,0,horse,0,horse,0,person,0,elephant,0,horse,0
db9550eff11427a3,giraffe,giraffe,1,giraffe,1,giraffe,1,person,0,elephant,0,giraffe,1
339f2cd0441b55eb,giraffe,dog,0,giraffe,1,giraffe,1,person,0,elephant,0,giraffe,1
78903a13f7f52a8c,giraffe,giraffe,1,giraffe,1,giraffe,1,person,0,elephant,0,giraffe,1
a901ee170986501e,giraffe,horse,0,giraffe,1,giraffe,1,person,0,elephant,0,giraffe,1
fa5a5afa330f8128,giraffe,horse,0,giraffe,1,horse,0,person,0,elephant,0,giraffe,1
1061d50a42bb98a6,giraffe,dog,0,giraffe,1,giraffe,1,person,0,giraffe,1,giraffe,1
f46b866b49e9207e,giraffe,dog,0,giraffe,1,giraffe,1,person,0,giraffe,1,giraffe,1
6ed6f64379863d56,giraffe,horse,0,giraffe,1,giraffe,1,person,0,giraffe,1,giraffe,1
e69c95cb77c1b6d0,giraffe,horse,0,giraffe,1,person,0,person,0,giraffe,1,elephant,0
376782ef37dbabe1,giraffe,giraffe,1,giraffe,1,giraffe,1,person,0,giraffe,1,giraffe,1
06b654c823bfd1b1,giraffe,giraffe,1,giraffe,1,giraffe,1,person,0,giraffe,1,giraffe,1
793bc549af33461e,giraffe,giraffe,1,giraffe,1,giraffe,1,person,0,person,0,giraffe,1
e5c5a5110e512b37,giraffe,giraffe,1,giraffe,1,giraffe,1,person,0,person,0,giraffe,1
c197f9655cd71310,giraffe,dog,0,giraffe,1,giraffe,1,person,0,elephant,0,giraffe,1
7b6c2b0e99fe5832,giraffe,giraffe,1,giraffe,1,giraffe,1,person,0,elephant,0,giraffe,1
e9a0924e7fbed7cc,giraffe,dog,0,dog,0,dog,0,person,0,elephant,0,giraffe,1
36d684257e950141,giraffe,person,0,house,0,house,0,person,0,person,0,giraffe,1
1f98d3062b95a7c7,giraffe,person,0,person,0,horse,0,person,0,elephant,0,horse,0
74c20215a69307f1,giraffe,dog,0,giraffe,1,giraffe,1,person,0,giraffe,1,giraffe,1
ccc534563b5f4903,giraffe,giraffe,1,giraffe,1,giraffe,1,person,0,giraffe,1,giraffe,1
d8d92f29a5f765e0,giraffe,giraffe,1,giraffe,1,giraffe,1,person,0,elephant,0,giraffe,1
1844c18dcc5f8174,giraffe,giraffe,1,giraffe,1,giraffe,1,person,0,elephant,0,giraffe,1
dc883674e66f2cb0,giraffe,giraffe,1,giraffe,1,giraffe,1,person,0,giraffe,1,giraffe,1
a2747c09e84ae2e5,giraffe,horse,0,giraffe,1,giraffe,1,person,0,giraffe,1,giraffe,1
6cc3fcc79567337e,giraffe,giraffe,1,giraffe,1,giraffe,1,person,0,giraffe,1,giraffe,1
30cb33f63514810d,giraffe,dog,0,dog,0,giraffe,1,person,0,elephant,0,dog,0
209e8d7089245619,giraffe,dog,0,giraffe,1,giraffe,1,person,0,giraffe,1,giraffe,1
4dfdbbdf70b4326b,giraffe,dog,0,person,0,dog,0,person,0,elephant,0,giraffe,1
d7d0cf29928db55d,giraffe,dog,0,dog,0,horse,0,person,0,elephant,0,horse,0
30a3a745a15d78ef,giraffe,horse,0,house,0,horse,0,person,0,elephant,0,horse,0
dffe87806c71eb4c,giraffe,dog,0,dog,0,dog,0,person,0,elephant,0,giraffe,1
921408b134a82c36,giraffe,guitar,0,dog,0,giraffe,1,person,0,elephant,0,giraffe,1
89b142c8e3d32c11,giraffe,horse,0,horse,0,horse,0,person,0,horse,0,horse,0
0710d9539e7b652e,giraffe,horse,0,dog,0,dog,0,person,0,elephant,0,horse,0
bdf7b1dd7b7d3a3d,giraffe,horse,0,horse,0,dog,0,person,0,person,0,giraffe,1
13d16c330e508521,giraffe,horse,0,horse,0,horse,0,person,0,horse,0,horse,0
9153859ea08d9bca,giraffe,horse,0,giraffe,1,giraffe,1,person,0,elephant,0,giraffe,1
1ad0d34100124d0f,giraffe,elephant,0,giraffe,1,dog,0,person,0,person,0,giraffe,1
a39e834dbc4ce27e,giraffe,giraffe,1,giraffe,1,giraffe,1,person,0,person,0,giraffe,1
fffa96d81fdab09f,giraffe,giraffe,1,giraffe,1,giraffe,1,person,0,elephant,0,giraffe,1
98f94cdc3a8fd2b9,giraffe,person,0,giraffe,1,giraffe,1,person,0,elephant,0,giraffe,1
c58ff37a8fb86565,giraffe,dog,0,person,0,giraffe,1,person,0,person,0,giraffe,1
e35fc7278711d837,giraffe,dog,0,giraffe,1,giraffe,1,person,0,person,0,giraffe,1
3a87d82414f72a84,giraffe,horse,0,giraffe,1,giraffe,1,person,0,person,0,giraffe,1
ae3299a31600c77d,giraffe,dog,0,giraffe,1,giraffe,1,person,0,person,0,giraffe,1
31a3236834e3e044,giraffe,giraffe,1,giraffe,1,giraffe,1,person,0,elephant,0,giraffe,1
862712af2b3c44a5,giraffe,dog,0,giraffe,1,giraffe,1,person,0,giraffe,1,giraffe,1
a48ebd59970577d5,giraffe,horse,0,giraffe,1,giraffe,1,person,0,elephant,0,giraffe,1
f583068dc165a471,giraffe,giraffe,1,giraffe,1,giraffe,1,person,0,person,0,giraffe,1
95259cbffd417cf1,giraffe,horse,0,horse,0,giraffe,1,person,0,elephant,0,giraffe,1
d42e8416e2ea1358,giraffe,person,0,person,0,person,0,person,0,elephant,0,giraffe,1
c21dbd8f68477a17,giraffe,dog,0,person,0,dog,0,person,0,elephant,0,giraffe,1
bc046a5321ef3c35,giraffe,dog,0,dog,0,dog,0,person,0,elephant,0,giraffe,1
1002199f8c924223,giraffe,giraffe,1,giraffe,1,giraffe,1,person,0,elephant,0,giraffe,1
9dd2fde3a38dff79,giraffe,dog,0,giraffe,1,giraffe,1,person,0,elephant,0,giraffe,1
9a4f232d4b1ed3f8,giraffe,giraffe,1,giraffe,1,giraffe,1,person,0,giraffe,1,giraffe,1
26f5961559292188,giraffe,giraffe,1,giraffe,1,giraffe,1,person,0,person,0,giraffe,1
4b8aa96cd0f4005c,giraffe,giraffe,1,giraffe,1,giraffe,1,person,0,person,0,giraffe,1
768798d65ef10bd0,giraffe,giraffe,1,giraffe,1,giraffe,1,person,0,person,0,giraffe,1
9f1369e764058db3,giraffe,person,0,giraffe,1,giraffe,1,person,0,person,0,giraffe,1
b3c691236274f270,giraffe,giraffe,1,giraffe,1,giraffe,1,person,0,giraffe,1,giraffe,1
1238673a790cedb3,giraffe,giraffe,1,giraffe,1,giraffe,1,person,0,person,0,giraffe,1
6800f8796dafe889,giraffe,giraffe,1,giraffe,1,person,0,person,0,person,0,giraffe,1
c3fc6fa7aaee7586,giraffe,giraffe,1,giraffe,1,giraffe,1,person,0,giraffe,1,giraffe,1
0a6bd19e2ab2be86,giraffe,giraffe,1,giraffe,1,giraffe,1,person,0,giraffe,1,giraffe,1
324a9984eadf1e76,giraffe,giraffe,1,giraffe,1,giraffe,1,person,0,giraffe,1,giraffe,1
9db50b484df3148f,giraffe,giraffe,1,giraffe,1,giraffe,1,person,0,person,0,giraffe,1
8ba2f0ce42dd486d,giraffe,dog,0,elephant,0,elephant,0,person,0,person,0,elephant,0
292193d39bf10940,giraffe,giraffe,1,giraffe,1,giraffe,1,person,0,person,0,giraffe,1
7f6946285c4c1289,giraffe,dog,0,giraffe,1,person,0,person,0,elephant,0,giraffe,1
4eb8c21a1c073d34,giraffe,person,0,giraffe,1,giraffe,1,person,0,person,0,giraffe,1
924cfb4971e17931,giraffe,dog,0,giraffe,1,giraffe,1,person,0,elephant,0,giraffe,1
985fd35dd04bb01a,giraffe,horse,0,giraffe,1,giraffe,1,person,0,elephant,0,giraffe,1
3374183636e43b1b,giraffe,horse,0,horse,0,horse,0,person,0,horse,0,horse,0
6b932c7376520002,giraffe,giraffe,1,giraffe,1,giraffe,1,person,0,horse,0,giraffe,1
330523ce5f8284a9,giraffe,horse,0,giraffe,1,giraffe,1,person,0,elephant,0,giraffe,1
2d7c916a83605702,giraffe,horse,0,horse,0,horse,0,person,0,elephant,0,giraffe,1
535dc2331c97529a,giraffe,giraffe,1,dog,0,dog,0,person,0,horse,0,giraffe,1
eeb429ab9d3e459c,giraffe,horse,0,dog,0,dog,0,person,0,horse,0,horse,0
53d5b5235356e6f0,giraffe,horse,0,giraffe,1,giraffe,1,person,0,elephant,0,giraffe,1
385de1fd21b8bde9,giraffe,giraffe,1,giraffe,1,giraffe,1,person,0,person,0,giraffe,1
999781a6d2623f2b,giraffe,giraffe,1,giraffe,1,giraffe,1,person,0,elephant,0,giraffe,1
d626cc72539ebc90,giraffe,giraffe,1,giraffe,1,person,0,person,0,person,0,giraffe,1
164561d3de7fbdfb,giraffe,giraffe,1,giraffe,1,giraffe,1,person,0,person,0,giraffe,1
33fe172a4f0fd089,giraffe,giraffe,1,giraffe,1,giraffe,1,person,0,person,0,giraffe,1
63d07911afe622e3,giraffe,giraffe,1,giraffe,1,giraffe,1,person,0,person,0,giraffe,1
e563b3dc41e485dd,giraffe,giraffe,1,giraffe,1,giraffe,1,person,0,person,0,giraffe,1
9791e08342bab7a2,giraffe,giraffe,1,giraffe,1,giraffe,1,person,0,person,0,giraffe,1
4f64190ea493175b,giraffe,dog,0,dog,0,giraffe,1,person,0,elephant,0,giraffe,1
3e2fbcc20995a2a5,giraffe,horse,0,giraffe,1,giraffe,1,person,0,elephant,0,giraffe,1
8d37b930cfee88c7,giraffe,dog,0,person,0,person,0,person,0,elephant,0,elephant,0
99c00562ae601097,giraffe,giraffe,1,giraffe,1,giraffe,1,person,0,elephant,0,giraffe,1
b3cbac3466bb5a90,giraffe,dog,0,giraffe,1,giraffe,1,person,0,elephant,0,giraffe,1
df7c6ca8a62dc1c6,giraffe,dog,0,dog,0,giraffe,1,person,0,elephant,0,giraffe,1
5407f5bf7b55855a,giraffe,dog,0,giraffe,1,giraffe,1,person,0,elephant,0,giraffe,1
c419ef409f262a4d,giraffe,person,0,dog,0,person,0,person,0,elephant,0,giraffe,1
bcc2399b50d755e6,giraffe,dog,0,dog,0,dog,0,person,0,elephant,0,elephant,0
e152ce100dcfebda,giraffe,dog,0,dog,0,dog,0,person,0,elephant,0,giraffe,1
90f20d5e8ebb25f1,giraffe,person,0,giraffe,1,giraffe,1,person,0,elephant,0,giraffe,1
e81c3a4370d52eed,giraffe,horse,0,giraffe,1,giraffe,1,person,0,elephant,0,giraffe,1
019eb4d976a0049d,giraffe,dog,0,giraffe,1,giraffe,1,person,0,elephant,0,giraffe,1
93c2c1de0521505c,giraffe,dog,0,giraffe,1,giraffe,1,person,0,elephant,0,giraffe,1
2d1ab9c1206b567f,giraffe,dog,0,giraffe,1,giraffe,1,person,0,elephant,0,giraffe,1
068a61beaf911b35,giraffe,horse,0,giraffe,1,giraffe,1,person,0,elephant,0,giraffe,1
5f098b4bb0cc1f49,giraffe,horse,0,giraffe,1,giraffe,1,person,0,giraffe,1,giraffe,1
79b4a35057ec6721,giraffe,dog,0,person,0,horse,0,person,0,elephant,0,giraffe,1
8086d7113c7e4aad,giraffe,horse,0,person,0,giraffe,1,person,0,elephant,0,giraffe,1
c7ff6e630d6059e0,giraffe,giraffe,1,giraffe,1,giraffe,1,person,0,person,0,giraffe,1
8405bd44a7a5537b,giraffe,horse,0,giraffe,1,giraffe,1,person,0,elephant,0,giraffe,1
d21b91d1f01a45fe,giraffe,horse,0,giraffe,1,giraffe,1,person,0,person,0,giraffe,1
9db464b8b117a78e,giraffe,giraffe,1,giraffe,1,giraffe,1,person,0,person,0,giraffe,1
b99d6ce96b924fdc,giraffe,giraffe,1,giraffe,1,giraffe,1,person,0,person,0,giraffe,1
25c2c5f2c2f8dd22,giraffe,giraffe,1,giraffe,1,giraffe,1,person,0,person,0,giraffe,1
58dd2df69aedbfab,giraffe,dog,0,giraffe,1,giraffe,1,person,0,person,0,giraffe,1
bf04ccda6cfcc7b8,giraffe,giraffe,1,giraffe,1,giraffe,1,person,0,person,0,giraffe,1
cba2f5472bd46070,giraffe,person,0,person,0,dog,0,person,0,person,0,giraffe,1
d965851a6d59c627,giraffe,giraffe,1,giraffe,1,dog,0,person,0,elephant,0,giraffe,1
143df580b1714511,giraffe,dog,0,giraffe,1,giraffe,1,person,0,giraffe,1,giraffe,1
27e6d956ecbee34c,giraffe,giraffe,1,giraffe,1,giraffe,1,person,0,person,0,giraffe,1
25e9c0322efb7e93,giraffe,dog,0,dog,0,dog,0,person,0,elephant,0,giraffe,1
69c5cf8562288fcd,giraffe,giraffe,1,giraffe,1,giraffe,1,person,0,person,0,giraffe,1
070f852e07c14237,giraffe,dog,0,giraffe,1,giraffe,1,person,0,person,0,giraffe,1
1b4f2b6775e18f5b,giraffe,giraffe,1,giraffe,1,giraffe,1,person,0,elephant,0,giraffe,1
aebfacdf38105da1,giraffe,horse,0,giraffe,1,dog,0,person,0,elephant,0,giraffe,1
1e44d5ede5089f98,giraffe,giraffe,1,dog,0,giraffe,1,person,0,person,0,giraffe,1
bc502066665546ca,giraffe,dog,0,giraffe,1,giraffe,1,person,0,elephant,0,giraffe,1
a7b8cead9aeda73b,giraffe,giraffe,1,giraffe,1,giraffe,1,person,0,giraffe,1,giraffe,1
843b190101d715ab,giraffe,horse,0,giraffe,1,giraffe,1,person,0,elephant,0,giraffe,1
b011194ce5cafa76,giraffe,horse,0,giraffe,1,giraffe,1,person,0,elephant,0,giraffe,1
773c9118d442569d,giraffe,person,0,person,0,person,0,person,0,person,0,giraffe,1
2e6d6d8b0b4be448,giraffe,horse,0,giraffe,1,giraffe,1,person,0,person,0,giraffe,1
8a18e07440b3c727,giraffe,horse,0,giraffe,1,giraffe,1,person,0,person,0,giraffe,1
52a65ebc2442a5c5,giraffe,person,0,person,0,person,0,person,0,elephant,0,elephant,0
5657574325b701e5,giraffe,dog,0,giraffe,1,giraffe,1,person,0,elephant,0,giraffe,1
e0276500f8c7e904,giraffe,dog,0,giraffe,1,giraffe,1,person,0,elephant,0,giraffe,1
027e864c5b8e7942,giraffe,giraffe,1,giraffe,1,giraffe,1,person,0,person,0,giraffe,1
64dab9049367ddc8,giraffe,horse,0,giraffe,1,giraffe,1,person,0,person,0,giraffe,1
9ed2e29d0f61536c,giraffe,giraffe,1,giraffe,1,giraffe,1,person,0,elephant,0,giraffe,1
321890547fae721c,giraffe,giraffe,1,giraffe,1,giraffe,1,person,0,elephant,0,giraffe,1
c839ce0e3331c111,giraffe,dog,0,giraffe,1,giraffe,1,person,0,elephant,0,giraffe,1
e6c90dbbc57cab0f,giraffe,giraffe,1,giraffe,1,giraffe,1,person,0,elephant,0,giraffe,1
9661a7f9168b852f,giraffe,dog,0,giraffe,1,giraffe,1,person,0,elephant,0,giraffe,1
8bea30addfb6dbde,giraffe,horse,0,giraffe,1,giraffe,1,person,0,elephant,0,giraffe,1
222ab1b71823483e,giraffe,giraffe,1,giraffe,1,giraffe,1,person,0,elephant,0,giraffe,1
2602a836ac3ab16c,giraffe,giraffe,1,giraffe,1,giraffe,1,person,0,elephant,0,giraffe,1
0782055033f3ba65,giraffe,horse,0,giraffe,1,giraffe,1,person,0,elephant,0,giraffe,1
aa6eb525d5d69cd1,giraffe,giraffe,1,giraffe,1,giraffe,1,person,0,person,0,giraffe,1
5414e31c032eced7,giraffe,dog,0,giraffe,1,dog,0,person,0,elephant,0,giraffe,1
250af1581f2701d8,giraffe,person,0,giraffe,1,person,0,person,0,elephant,0,elephant,0
1ab8a85f351d2a99,giraffe,dog,0,giraffe,1,giraffe,1,person,0,person,0,giraffe,1
12c54ec8818d8710,giraffe,dog,0,giraffe,1,giraffe,1,person,0,elephant,0,giraffe,1
5c2355f85a825a85,giraffe,dog,0,elephant,0,giraffe,1,person,0,elephant,0,giraffe,1
c6da475ccf646bfd,giraffe,giraffe,1,giraffe,1,giraffe,1,person,0,giraffe,1,giraffe,1
d943b7828b182eee,giraffe,horse,0,giraffe,1,giraffe,1,person,0,person,0,giraffe,1
d4a126bbab27286e,giraffe,giraffe,1,giraffe,1,giraffe,1,person,0,person,0,giraffe,1
c9c770d2f7c287e3,giraffe,giraffe,1,giraffe,1,giraffe,1,person,0,person,0,giraffe,1
727228a2d6a9f33d,giraffe,giraffe,1,giraffe,1,giraffe,1,person,0,person,0,giraffe,1
4476472fead4ca0f,giraffe,horse,0,giraffe,1,giraffe,1,person,0,giraffe,1,giraffe,1
466d9526cccf465d,giraffe,horse,0,giraffe,1,giraffe,1,person,0,person,0,giraffe,1
b0c139fb1e1b64d4,giraffe,dog,0,giraffe,1,giraffe,1,person,0,person,0,giraffe,1
f65cffd3240e9974,giraffe,horse,0,giraffe,1,giraffe,1,person,0,person,0,giraffe,1
8153ad128f393176,giraffe,giraffe,1,giraffe,1,giraffe,1,person,0,elephant,0,giraffe,1
4e9bd554b00288d8,giraffe,giraffe,1,giraffe,1,giraffe,1,person,0,giraffe,1,giraffe,1
8abec3f7034dae17,giraffe,dog,0,giraffe,1,giraffe,1,person,0,giraffe,1,giraffe,1
4c38bc430172049e,giraffe,giraffe,1,giraffe,1,giraffe,1,person,0,person,0,giraffe,1
8960b7d8098f6277,giraffe,giraffe,1,giraffe,1,giraffe,1,person,0,giraffe,1,giraffe,1
8fac8d57e2e72564,giraffe,giraffe,1,person,0,person,0,person,0,person,0,giraffe,1
9c1575a8ff4114d0,giraffe,dog,0,giraffe,1,person,0,person,0,giraffe,1,giraffe,1
0154081829a03d65,giraffe,horse,0,giraffe,1,giraffe,1,person,0,giraffe,1,giraffe,1
afb642910b9d73be,giraffe,giraffe,1,giraffe,1,giraffe,1,person,0,person,0,giraffe,1
9a9c34b2f367ecad,giraffe,giraffe,1,giraffe,1,giraffe,1,person,0,person,0,giraffe,1
213c4e5554c269b7,giraffe,person,0,person,0,person,0,person,0,person,0,elephant,0
044d6c338d43f64c,giraffe,dog,0,giraffe,1,dog,0,person,0,person,0,giraffe,1
7d258208b7bb773f,giraffe,horse,0,person,0,giraffe,1,person,0,person,0,giraffe,1
50c18e3c838c4105,giraffe,horse,0,person,0,dog,0,person,0,person,0,giraffe,1
b1c9f3e91257823b,giraffe,horse,0,giraffe,1,giraffe,1,person,0,person,0,giraffe,1
5abb4ac9ef3a1c25,giraffe,dog,0,person,0,person,0,person,0,elephant,0,elephant,0
6fffb80827fb0f54,giraffe,elephant,0,elephant,0,person,0,person,0,elephant,0,elephant,0
f70ba1f36a55129b,giraffe,guitar,0,horse,0,horse,0,person,0,guitar,0,horse,0
30e271cacc46afe7,giraffe,dog,0,house,0,giraffe,1,person,0,elephant,0,giraffe,1
f965eb5d07163a42,giraffe,horse,0,horse,0,horse,0,person,0,elephant,0,elephant,0
a697303682871d66,giraffe,elephant,0,horse,0,elephant,0,person,0,elephant,0,elephant,0
d4a2ca99241f9bf4,giraffe,horse,0,person,0,horse,0,person,0,elephant,0,giraffe,1
d074176b47f9bc23,giraffe,dog,0,person,0,person,0,person,0,person,0,giraffe,1
d2c79e8e1c241bf0,giraffe,dog,0,giraffe,1,giraffe,1,person,0,giraffe,1,giraffe,1
b7a9a618d4f9be9b,giraffe,dog,0,person,0,horse,0,person,0,giraffe,1,giraffe,1
8175d169788a6a06,giraffe,giraffe,1,giraffe,1,giraffe,1,person,0,elephant,0,giraffe,1
1ff6d058979e841b,giraffe,horse,0,horse,0,person,0,person,0,person,0,giraffe,1
55226abf47cb164c,giraffe,dog,0,dog,0,giraffe,1,person,0,elephant,0,giraffe,1
9dc1729a34d2c395,giraffe,horse,0,giraffe,1,giraffe,1,person,0,elephant,0,giraffe,1
66aa46b6253d0661,giraffe,giraffe,1,giraffe,1,giraffe,1,person,0,person,0,giraffe,1
3ea06c1fe468c1c8,giraffe,giraffe,1,giraffe,1,giraffe,1,person,0,person,0,giraffe,1
7d45232c7c152b08,giraffe,giraffe,1,giraffe,1,giraffe,1,person,0,person,0,giraffe,1
8528ac82e51dede7,giraffe,giraffe,1,giraffe,1,giraffe,1,person,0,giraffe,1,giraffe,1
90d5e4a317f439ae,giraffe,horse,0,giraffe,1,giraffe,1,person,0,elephant,0,giraffe,1
6d9d957395912517,giraffe,person,0,giraffe,1,giraffe,1,person,0,giraffe,1,giraffe,1
c1554d4252209620,giraffe,giraffe,1,giraffe,1,giraffe,1,person,0,giraffe,1,giraffe,1
c565779cf71a1fb1,giraffe,giraffe,1,giraffe,1,giraffe,1,person,0,elephant,0,giraffe,1
f7262945f2c48db6,giraffe,giraffe,1,giraffe,1,giraffe,1,person,0,elephant,0,giraffe,1
20a3a13842d07994,giraffe,person,0,giraffe,1,horse,0,person,0,elephant,0,elephant,0
9df75b8f960d25b7,giraffe,horse,0,person,0,horse,0,person,0,elephant,0,horse,0
2eea086d4cb83daa,giraffe,horse,0,giraffe,1,giraffe,1,person,0,elephant,0,giraffe,1
b8acbbbfa6685b78,giraffe,dog,0,person,0,dog,0,person,0,elephant,0,giraffe,1
5ad3ce0b93fa3bd1,giraffe,giraffe,1,giraffe,1,giraffe,1,person,0,giraffe,1,giraffe,1
b9e0f45715b900b5,giraffe,horse,0,horse,0,horse,0,person,0,giraffe,1,horse,0
3f026507623134be,giraffe,dog,0,person,0,horse,0,person,0,elephant,0,giraffe,1
b23d3885f8e46573,giraffe,horse,0,giraffe,1,giraffe,1,person,0,elephant,0,giraffe,1
2077bf5d793f0f0a,giraffe,horse,0,horse,0,horse,0,person,0,elephant,0,horse,0
7f8afcc0740fdd1c,giraffe,giraffe,1,giraffe,1,giraffe,1,person,0,horse,0,giraffe,1
ff764789ca49d185,giraffe,horse,0,house,0,horse,0,person,0,elephant,0,horse,0
f7b955b19975d57e,giraffe,dog,0,giraffe,1,giraffe,1,person,0,elephant,0,giraffe,1
28bc652d3ec14364,giraffe,horse,0,giraffe,1,giraffe,1,person,0,elephant,0,giraffe,1
3c4c52f2729214bd,giraffe,horse,0,giraffe,1,giraffe,1,person,0,elephant,0,giraffe,1
91deec52aece0f73,giraffe,horse,0,giraffe,1,horse,0,person,0,elephant,0,giraffe,1
97cb81dd2eaf0c1f,giraffe,dog,0,person,0,giraffe,1,person,0,elephant,0,giraffe,1
e879e3d3309828b7,giraffe,horse,0,giraffe,1,giraffe,1,person,0,elephant,0,giraffe,1
51d94122428b0feb,giraffe,dog,0,dog,0,dog,0,person,0,elephant,0,giraffe,1
662661ddd1242a9c,giraffe,horse,0,giraffe,1,giraffe,1,person,0,elephant,0,giraffe,1
d7e9440ad020ad73,giraffe,horse,0,giraffe,1,giraffe,1,person,0,person,0,giraffe,1
aa1b26d92d644094,giraffe,horse,0,giraffe,1,giraffe,1,person,0,person,0,giraffe,1
f37e5a1171d4027e,giraffe,horse,0,person,0,giraffe,1,person,0,guitar,0,giraffe,1
606eb2fe08e2e0fc,giraffe,giraffe,1,giraffe,1,giraffe,1,person,0,person,0,giraffe,1
876ab253e0769e8a,giraffe,giraffe,1,giraffe,1,giraffe,1,person,0,elephant,0,giraffe,1
fec50eef260cb29c,giraffe,horse,0,giraffe,1,giraffe,1,person,0,person,0,giraffe,1
6e2c338d5dd5fa06,giraffe,horse,0,giraffe,1,giraffe,1,person,0,elephant,0,giraffe,1
ed6fcdf0f2c40848,giraffe,giraffe,1,giraffe,1,giraffe,1,person,0,giraffe,1,giraffe,1
9e5f804af94fe342,giraffe,giraffe,1,giraffe,1,giraffe,1,person,0,giraffe,1,giraffe,1
5135b5bf4e1c1910,giraffe,giraffe,1,giraffe,1,giraffe,1,person,0,giraffe,1,giraffe,1
fb4a639909d25c18,giraffe,horse,0,giraffe,1,person,0,person,0,giraffe,1,giraffe,1
08d95a666a98eaf1,giraffe,dog,0,giraffe,1,giraffe,1,person,0,elephant,0,giraffe,1
30ffb45225688e47,giraffe,giraffe,1,giraffe,1,giraffe,1,person,0,giraffe,1,giraffe,1
10dd5be89218c685,giraffe,horse,0,giraffe,1,horse,0,person,0,giraffe,1,giraffe,1
3476643efbedd63d,giraffe,giraffe,1,giraffe,1,giraffe,1,person,0,giraffe,1,giraffe,1
d7d83ef311a2ad53,giraffe,horse,0,giraffe,1,dog,0,person,0,giraffe,1,giraffe,1
4c6de5e54ef9b3c7,giraffe,giraffe,1,giraffe,1,giraffe,1,person,0,giraffe,1,giraffe,1
a1a3cad1333cf5ea,giraffe,giraffe,1,giraffe,1,giraffe,1,person,0,giraffe,1,giraffe,1
14c0d10102b63a65,giraffe,giraffe,1,giraffe,1,giraffe,1,person,0,elephant,0,giraffe,1
1705f0c1d30e1134,giraffe,giraffe,1,giraffe,1,giraffe,1,person,0,person,0,giraffe,1
94fc05f798ab70d9,giraffe,horse,0,giraffe,1,giraffe,1,person,0,elephant,0,giraffe,1
e76ed4d5cc4741e7,giraffe,giraffe,1,giraffe,1,giraffe,1,person,0,person,0,giraffe,1
c61a881672f4e3a0,giraffe,giraffe,1,giraffe,1,giraffe,1,person,0,elephant,0,giraffe,1
bc8634f72feb2a72,giraffe,guitar,0,giraffe,1,giraffe,1,person,0,person,0,giraffe,1
d8c1369cc8595b53,giraffe,dog,0,giraffe,1,giraffe,1,person,0,elephant,0,giraffe,1
0fe0040809f46ec5,giraffe,horse,0,giraffe,1,giraffe,1,person,0,person,0,giraffe,1
1201a86e704b5483,giraffe,horse,0,horse,0,horse,0,person,0,person,0,horse,0
f8356ef09595e027,giraffe,giraffe,1,giraffe,1,giraffe,1,person,0,person,0,giraffe,1
378217e9ea136b57,giraffe,giraffe,1,giraffe,1,giraffe,1,person,0,person,0,giraffe,1
415cf00fc2688068,giraffe,dog,0,giraffe,1,giraffe,1,person,0,elephant,0,giraffe,1
13c0a50dff6e52fc,giraffe,dog,0,person,0,giraffe,1,person,0,person,0,giraffe,1
1f4a5b1656010c5a,giraffe,giraffe,1,giraffe,1,giraffe,1,person,0,person,0,giraffe,1
8f9ee752265d6ebd,giraffe,horse,0,giraffe,1,giraffe,1,person,0,person,0,giraffe,1
1d3d7c92ca745faa,giraffe,guitar,0,person,0,dog,0,person,0,elephant,0,horse,0
7ede1c307442ba70,giraffe,dog,0,house,0,giraffe,1,person,0,elephant,0,giraffe,1
5b82ac4b92d3d80d,giraffe,dog,0,giraffe,1,dog,0,person,0,elephant,0,giraffe,1
a92b423adb40fbff,giraffe,dog,0,dog,0,dog,0,person,0,elephant,0,giraffe,1
5a8a8eb73c3959df,giraffe,dog,0,person,0,elephant,0,person,0,elephant,0,elephant,0
60f397a34435f2da,giraffe,horse,0,giraffe,1,giraffe,1,person,0,person,0,giraffe,1
fcbb8bb4a2000e76,giraffe,giraffe,1,giraffe,1,dog,0,person,0,horse,0,giraffe,1
28ebe146caf70267,giraffe,horse,0,giraffe,1,giraffe,1,person,0,person,0,giraffe,1
2c884ef90319dad9,giraffe,giraffe,1,giraffe,1,giraffe,1,person,0,person,0,giraffe,1
c9eb7c3f9899f26a,giraffe,giraffe,1,giraffe,1,giraffe,1,person,0,person,0,giraffe,1
b77b2c4ac3390e2e,giraffe,giraffe,1,giraffe,1,giraffe,1,person,0,person,0,giraffe,1
2fdb05d065827633,giraffe,giraffe,1,giraffe,1,giraffe,1,person,0,elephant,0,giraffe,1
7a731280e502bb42,giraffe,giraffe,1,giraffe,1,giraffe,1,person,0,person,0,giraffe,1
5d60c4abcc0dd155,giraffe,horse,0,person,0,person,0,person,0,giraffe,1,giraffe,1
907af44335f4fcdd,giraffe,giraffe,1,giraffe,1,giraffe,1,person,0,elephant,0,giraffe,1
fe7dd5c967956121,giraffe,elephant,0,house,0,house,0,person,0,elephant,0,horse,0
ef92103aa6587d1b,giraffe,giraffe,1,giraffe,1,giraffe,1,person,0,giraffe,1,giraffe,1
9bab78dc90323b1b,giraffe,dog,0,giraffe,1,giraffe,1,person,0,giraffe,1,giraffe,1
5ea28ad9ee5b3ef7,giraffe,giraffe,1,giraffe,1,giraffe,1,person,0,elephant,0,giraffe,1
ebc19fdc7291b6e3,giraffe,horse,0,house,0,horse,0,person,0,person,0,giraffe,1
8734b4df13646e09,giraffe,giraffe,1,giraffe,1,giraffe,1,person,0,person,0,giraffe,1
a7f2f4d32879dcbc,giraffe,dog,0,giraffe,1,giraffe,1,person,0,elephant,0,giraffe,1
91a07020e15f18ad,giraffe,giraffe,1,giraffe,1,giraffe,1,person,0,elephant,0,giraffe,1
bd495aac9810ad0b,giraffe,dog,0,giraffe,1,giraffe,1,person,0,person,0,giraffe,1
44630cf9dd54d33a,giraffe,dog,0,giraffe,1,giraffe,1,person,0,elephant,0,giraffe,1
ae7d3e5ad5008cf3,giraffe,giraffe,1,giraffe,1,giraffe,1,person,0,giraffe,1,giraffe,1
779fe9b46d837a65,giraffe,dog,0,giraffe,1,giraffe,1,person,0,elephant,0,giraffe,1
161b83cca2f2534f,giraffe,giraffe,1,giraffe,1,giraffe,1,person,0,elephant,0,giraffe,1
32d5e56764d2f1e1,giraffe,giraffe,1,giraffe,1,giraffe,1,person,0,elephant,0,giraffe,1
9ba6d0f33e04face,giraffe,giraffe,1,giraffe,1,giraffe,1,person,0,person,0,giraffe,1
a5a5fd23ff0cce19,giraffe,dog,0,person,0,elephant,0,person,0,elephant,0,elephant,0
dac7bbf98cd8bb6a,giraffe,elephant,0,house,0,person,0,person,0,elephant,0,elephant,0
18d0ec0025fa81f4,giraffe,dog,0,dog,0,dog,0,person,0,person,0,giraffe,1
e2712af4214e1584,giraffe,elephant,0,giraffe,1,elephant,0,person,0,person,0,giraffe,1
95feae8d7a72fff0,giraffe,horse,0,giraffe,1,giraffe,1,person,0,elephant,0,giraffe,1
34d4ffaada0ddfe2,giraffe,person,0,horse,0,horse,0,person,0,elephant,0,horse,0
f9dbddbd2fe1860f,giraffe,giraffe,1,giraffe,1,person,0,person,0,elephant,0,giraffe,1
f852b3e3159b5df0,giraffe,elephant,0,giraffe,1,giraffe,1,person,0,person,0,giraffe,1
6d516029e2873a30,giraffe,horse,0,giraffe,1,giraffe,1,person,0,person,0,giraffe,1
7b8be92fc64fbaf5,giraffe,person,0,person,0,elephant,0,person,0,elephant,0,elephant,0
ea3546cad0886b57,giraffe,person,0,person,0,elephant,0,person,0,elephant,0,elephant,0
0b665426f23f2a79,giraffe,person,0,person,0,dog,0,person,0,elephant,0,giraffe,1
9c10608de531c982,giraffe,dog,0,person,0,person,0,person,0,elephant,0,giraffe,1
a498093d7f6a431a,giraffe,person,0,giraffe,1,giraffe,1,person,0,elephant,0,giraffe,1
2f2728f6ca004bf3,giraffe,dog,0,person,0,person,0,person,0,elephant,0,giraffe,1
157613ef632de40f,giraffe,horse,0,giraffe,1,giraffe,1,person,0,elephant,0,giraffe,1
7cf2e7d8f42c861d,giraffe,dog,0,giraffe,1,giraffe,1,person,0,elephant,0,giraffe,1
17154429aabc1239,giraffe,giraffe,1,giraffe,1,giraffe,1,person,0,elephant,0,giraffe,1
c61b672edd96e048,giraffe,giraffe,1,giraffe,1,giraffe,1,person,0,person,0,giraffe,1
af75bbbe86676837,giraffe,giraffe,1,giraffe,1,giraffe,1,person,0,elephant,0,giraffe,1
84b2d29bc874dc65,giraffe,dog,0,giraffe,1,giraffe,1,person,0,giraffe,1,giraffe,1
971f3a985cae7890,giraffe,giraffe,1,giraffe,1,giraffe,1,person,0,giraffe,1,giraffe,1
30c0ea316dea9bdd,giraffe,horse,0,giraffe,1,giraffe,1,person,0,giraffe,1,giraffe,1
8ba154c1c9f04c6a,giraffe,person,0,giraffe,1,giraffe,1,person,0,giraffe,1,giraffe,1
fd3e30b9932486d1,giraffe,giraffe,1,giraffe,1,giraffe,1,person,0,giraffe,1,giraffe,1
3a4bd153bd0e54a3,giraffe,horse,0,giraffe,1,giraffe,1,person,0,giraffe,1,giraffe,1
d2a4e83d79bfd588,giraffe,horse,0,giraffe,1,giraffe,1,person,0,person,0,giraffe,1
90a07173ebad2c19,giraffe,dog,0,person,0,giraffe,1,person,0,elephant,0,giraffe,1
8ad0877f3c2d3074,giraffe,dog,0,giraffe,1,giraffe,1,person,0,person,0,giraffe,1
97a822d53bb50b05,giraffe,giraffe,1,giraffe,1,giraffe,1,person,0,giraffe,1,giraffe,1
13527b2e77cd00f2,giraffe,giraffe,1,person,0,person,0,person,0,person,0,giraffe,1
1f3ee7ce5493e6c3,giraffe,horse,0,giraffe,1,giraffe,1,person,0,elephant,0,giraffe,1
6da2161d7e711ad8,giraffe,person,0,person,0,person,0,person,0,giraffe,1,giraffe,1
401548a29941d95f,giraffe,dog,0,giraffe,1,giraffe,1,person,0,person,0,giraffe,1
ebbd111518c7660b,giraffe,dog,0,giraffe,1,giraffe,1,person,0,elephant,0,giraffe,1
193a05f47ff4fc65,giraffe,elephant,0,horse,0,horse,0,person,0,elephant,0,elephant,0
2f607df5e35aa18d,giraffe,dog,0,giraffe,1,giraffe,1,person,0,elephant,0,giraffe,1
d35dd87e5aa71393,giraffe,person,0,giraffe,1,giraffe,1,person,0,elephant,0,giraffe,1
8bf5710a972cc0f4,giraffe,dog,0,giraffe,1,giraffe,1,person,0,elephant,0,giraffe,1
3d14bfacbbaa22a0,giraffe,giraffe,1,giraffe,1,giraffe,1,person,0,giraffe,1,giraffe,1
cd6b9ee058c894a6,giraffe,giraffe,1,giraffe,1,giraffe,1,person,0,person,0,giraffe,1
e04feb3f3ddf5a57,giraffe,giraffe,1,giraffe,1,giraffe,1,person,0,person,0,giraffe,1
357131f895baf06f,giraffe,giraffe,1,giraffe,1,giraffe,1,person,0,person,0,giraffe,1
1a048c440debd00b,giraffe,giraffe,1,giraffe,1,giraffe,1,person,0,person,0,giraffe,1
5ae3a81e135ca375,giraffe,giraffe,1,giraffe,1,giraffe,1,person,0,person,0,giraffe,1
226cbd758eaf0776,giraffe,giraffe,1,giraffe,1,giraffe,1,person,0,person,0,giraffe,1
d2828c8385361e53,giraffe,giraffe,1,giraffe,1,giraffe,1,person,0,person,0,giraffe,1
2a8eb7f25051efde,giraffe,giraffe,1,giraffe,1,giraffe,1,person,0,horse,0,giraffe,1
9f04474d8905cc1c,giraffe,giraffe,1,giraffe,1,giraffe,1,person,0,horse,0,giraffe,1
55e9e07f160ab13d,giraffe,giraffe,1,giraffe,1,giraffe,1,person,0,elephant,0,giraffe,1
7e8ba514144c2d7e,giraffe,giraffe,1,giraffe,1,giraffe,1,person,0,horse,0,giraffe,1
065f4c6daa9967a5,giraffe,horse,0,giraffe,1,giraffe,1,person,0,elephant,0,giraffe,1
8b33bb091e15006d,giraffe,giraffe,1,giraffe,1,giraffe,1,person,0,elephant,0,giraffe,1
0cf7b8c83c51d79f,giraffe,giraffe,1,giraffe,1,giraffe,1,person,0,horse,0,giraffe,1
eb37b2f496a52163,giraffe,person,0,house,0,giraffe,1,person,0,elephant,0,giraffe,1
ed1729dc60fdfc35,giraffe,horse,0,house,0,dog,0,person,0,horse,0,giraffe,1
bf912bc96f19e381,giraffe,giraffe,1,person,0,dog,0,person,0,horse,0,giraffe,1
f8878d2e0c6116b2,giraffe,dog,0,person,0,giraffe,1,person,0,elephant,0,giraffe,1
bee7631c7662605e,giraffe,dog,0,giraffe,1,dog,0,person,0,person,0,giraffe,1
de159d16028b18ec,giraffe,horse,0,horse,0,horse,0,person,0,elephant,0,horse,0
80348ca1167531c3,giraffe,dog,0,person,0,giraffe,1,person,0,elephant,0,giraffe,1
5910d347edc5fde1,giraffe,horse,0,giraffe,1,dog,0,person,0,person,0,giraffe,1
e6e5d249b40a7aa7,giraffe,person,0,dog,0,person,0,person,0,elephant,0,giraffe,1
cabf83e0da3220ff,giraffe,dog,0,giraffe,1,giraffe,1,person,0,elephant,0,giraffe,1
c7fc5af7d07234a1,giraffe,dog,0,giraffe,1,giraffe,1,person,0,elephant,0,giraffe,1
53ec7ee459bf9bab,giraffe,giraffe,1,giraffe,1,giraffe,1,person,0,giraffe,1,giraffe,1
c1a00b01ac0e1156,giraffe,horse,0,giraffe,1,giraffe,1,person,0,person,0,giraffe,1
fa6ffd293400e241,giraffe,person,0,person,0,person,0,person,0,elephant,0,giraffe,1
4042a898a65f1cda,giraffe,dog,0,dog,0,giraffe,1,person,0,elephant,0,giraffe,1
fce4c95ba23799e3,giraffe,dog,0,giraffe,1,dog,0,person,0,elephant,0,giraffe,1
06b0003837bab45f,giraffe,giraffe,1,giraffe,1,giraffe,1,person,0,elephant,0,giraffe,1
94f0543fe4d8f507,giraffe,giraffe,1,giraffe,1,giraffe,1,person,0,giraffe,1,giraffe,1
5630ef651ca336b9,giraffe,horse,0,giraffe,1,giraffe,1,person,0,giraffe,1,giraffe,1
a7586cf0237e543a,giraffe,giraffe,1,giraffe,1,giraffe,1,person,0,giraffe,1,giraffe,1
d5ec1ad9bd8b4a2d,giraffe,dog,0,giraffe,1,person,0,person,0,elephant,0,giraffe,1
4f0374bd941dac9f,giraffe,giraffe,1,giraffe,1,giraffe,1,person,0,elephant,0,giraffe,1
eca53dbb417dee3c,giraffe,horse,0,giraffe,1,giraffe,1,person,0,person,0,giraffe,1
0054207b37209026,giraffe,horse,0,giraffe,1,dog,0,person,0,giraffe,1,giraffe,1
6455dd402c77fbb5,giraffe,horse,0,giraffe,1,dog,0,person,0,giraffe,1,giraffe,1
69454cff2a874d9f,giraffe,horse,0,giraffe,1,giraffe,1,person,0,horse,0,giraffe,1
5b150c3a7f1d59fb,giraffe,giraffe,1,giraffe,1,giraffe,1,person,0,person,0,giraffe,1
87c663c25d96e84b,giraffe,giraffe,1,giraffe,1,giraffe,1,person,0,person,0,giraffe,1
e64e70f035f8428a,giraffe,giraffe,1,giraffe,1,dog,0,person,0,horse,0,giraffe,1
0044f0a7ca133639,giraffe,horse,0,horse,0,dog,0,person,0,giraffe,1,horse,0
f7f9a015b19f29ce,giraffe,dog,0,person,0,dog,0,person,0,elephant,0,giraffe,1
5ece20c40384b26a,giraffe,horse,0,giraffe,1,giraffe,1,person,0,person,0,giraffe,1
1e155a144a19a015,giraffe,horse,0,giraffe,1,giraffe,1,person,0,elephant,0,giraffe,1
eabf689d4eb6c6ba,giraffe,giraffe,1,giraffe,1,giraffe,1,person,0,elephant,0,giraffe,1
e8e03dd0cf1cb42e,giraffe,giraffe,1,giraffe,1,giraffe,1,person,0,elephant,0,giraffe,1
b4cbf4439a080abb,giraffe,horse,0,giraffe,1,giraffe,1,person,0,person,0,giraffe,1
6e28e81d0331621e,giraffe,giraffe,1,giraffe,1,giraffe,1,person,0,elephant,0,giraffe,1
ef01473a0ed51755,giraffe,horse,0,giraffe,1,giraffe,1,person,0,elephant,0,giraffe,1
b225d6635442416f,giraffe,horse,0,horse,0,horse,0,person,0,elephant,0,giraffe,1
86b87a14bc9fcd16,giraffe,horse,0,house,0,horse,0,person,0,elephant,0,giraffe,1
71d60df430e7ce06,giraffe,horse,0,person,0,person,0,person,0,elephant,0,giraffe,1
1f31533fec750d02,giraffe,horse,0,person,0,giraffe,1,person,0,elephant,0,giraffe,1
4568cb27dba7ebc0,giraffe,horse,0,person,0,person,0,person,0,person,0,giraffe,1
56ff18573313dba8,giraffe,horse,0,giraffe,1,giraffe,1,person,0,elephant,0,giraffe,1
0d34a6a4e17f097a,giraffe,dog,0,person,0,giraffe,1,person,0,elephant,0,giraffe,1
9e0b20644c6d7435,giraffe,giraffe,1,giraffe,1,giraffe,1,person,0,person,0,giraffe,1
2eec3b5f63f494ca,giraffe,giraffe,1,giraffe,1,giraffe,1,person,0,elephant,0,giraffe,1
0f634fd2b594d300,giraffe,giraffe,1,giraffe,1,giraffe,1,person,0,person,0,giraffe,1
a16654ad3144621f,giraffe,giraffe,1,giraffe,1,giraffe,1,person,0,person,0,giraffe,1
a8a65b843d788660,giraffe,giraffe,1,giraffe,1,giraffe,1,person,0,giraffe,1,giraffe,1
803ec6914419c436,giraffe,giraffe,1,giraffe,1,giraffe,1,person,0,giraffe,1,giraffe,1
143cbb748b77705c,giraffe,giraffe,1,giraffe,1,giraffe,1,person,0,person,0,giraffe,1
f518c22ab52d0d43,giraffe,giraffe,1,giraffe,1,giraffe,1,person,0,giraffe,1,giraffe,1
b864e647c9e92b59,giraffe,giraffe,1,giraffe,1,giraffe,1,person,0,giraffe,1,giraffe,1
4128a1e848c6a61c,giraffe,giraffe,1,giraffe,1,giraffe,1,person,0,person,0,giraffe,1
7700cbcdf184043f,giraffe,giraffe,1,giraffe,1,giraffe,1,person,0,person,0,giraffe,1
8fd4482ee20e5eba,giraffe,horse,0,giraffe,1,giraffe,1,person,0,elephant,0,giraffe,1
f4c7d19c36046a07,giraffe,giraffe,1,giraffe,1,giraffe,1,person,0,person,0,giraffe,1
c8c2f36051e2914c,giraffe,giraffe,1,giraffe,1,giraffe,1,person,0,person,0,giraffe,1
445723895660e0b7,giraffe,dog,0,giraffe,1,giraffe,1,person,0,person,0,giraffe,1
9516a96d9ae7c7ca,giraffe,horse,0,giraffe,1,giraffe,1,person,0,person,0,giraffe,1
6462af92707b2e6f,giraffe,horse,0,giraffe,1,giraffe,1,person,0,person,0,giraffe,1
91db832a4bdfd93c,giraffe,elephant,0,giraffe,1,person,0,person,0,giraffe,1,giraffe,1
bf717c11c33eaba6,giraffe,giraffe,1,giraffe,1,giraffe,1,person,0,person,0,giraffe,1
470aa34a071c6af5,giraffe,giraffe,1,giraffe,1,giraffe,1,person,0,person,0,giraffe,1
08a6622c79ad1ccf,giraffe,dog,0,giraffe,1,giraffe,1,person,0,person,0,giraffe,1
5dbada01d89ca23e,giraffe,giraffe,1,giraffe,1,giraffe,1,person,0,person,0,giraffe,1
af4f9cd7e4a3ee8d,giraffe,dog,0,giraffe,1,giraffe,1,person,0,person,0,giraffe,1
f520a49efad3ad30,giraffe,giraffe,1,giraffe,1,giraffe,1,person,0,person,0,giraffe,1
a27dadefd52ff746,giraffe,giraffe,1,giraffe,1,giraffe,1,person,0,person,0,giraffe,1
3927da748204e622,giraffe,giraffe,1,giraffe,1,giraffe,1,person,0,person,0,giraffe,1
238b94afcc312e03,giraffe,giraffe,1,giraffe,1,person,0,person,0,giraffe,1,giraffe,1
f5365c7f39fbaa85,giraffe,giraffe,1,person,0,person,0,person,0,giraffe,1,giraffe,1
3176cc49cd770c95,giraffe,giraffe,1,giraffe,1,giraffe,1,person,0,person,0,giraffe,1
26e8eab495c74d6d,giraffe,giraffe,1,giraffe,1,giraffe,1,person,0,giraffe,1,giraffe,1
219999dc57609ba7,giraffe,horse,0,giraffe,1,dog,0,person,0,person,0,giraffe,1
b7ebd38fcc29b222,giraffe,giraffe,1,giraffe,1,giraffe,1,person,0,giraffe,1,giraffe,1
9abff980dd1d2627,giraffe,giraffe,1,giraffe,1,giraffe,1,person,0,person,0,giraffe,1
7401d9dbc788da5b,giraffe,horse,0,giraffe,1,giraffe,1,person,0,person,0,giraffe,1
427179b216324d32,giraffe,dog,0,giraffe,1,giraffe,1,person,0,elephant,0,giraffe,1
de30f8518171dd4d,giraffe,giraffe,1,giraffe,1,giraffe,1,person,0,person,0,giraffe,1
be78d3594f7def11,giraffe,giraffe,1,giraffe,1,giraffe,1,person,0,elephant,0,giraffe,1
c53b1cf5c6e53927,giraffe,horse,0,giraffe,1,giraffe,1,person,0,person,0,giraffe,1
bc7ec9db1f515232,giraffe,dog,0,person,0,giraffe,1,person,0,elephant,0,giraffe,1
bba8d80d66dd14c1,giraffe,giraffe,1,giraffe,1,giraffe,1,person,0,elephant,0,giraffe,1
680779fe15604ba0,giraffe,dog,0,giraffe,1,giraffe,1,person,0,elephant,0,giraffe,1
c3b4354eb41b604e,giraffe,giraffe,1,giraffe,1,giraffe,1,person,0,elephant,0,giraffe,1
66a71407adb7de33,giraffe,horse,0,giraffe,1,giraffe,1,person,0,elephant,0,giraffe,1
7271611aae675ed8,giraffe,giraffe,1,giraffe,1,giraffe,1,person,0,person,0,giraffe,1
d97d8cd5262fd376,giraffe,giraffe,1,giraffe,1,giraffe,1,person,0,elephant,0,giraffe,1
4f1558f4f7cfda5f,giraffe,giraffe,1,giraffe,1,giraffe,1,person,0,person,0,giraffe,1
8a2a5183b8320420,giraffe,giraffe,1,giraffe,1,giraffe,1,person,0,elephant,0,giraffe,1
8d11020a9bd40149,giraffe,giraffe,1,giraffe,1,giraffe,1,person,0,person,0,giraffe,1
7be25573a6147c5d,giraffe,giraffe,1,giraffe,1,giraffe,1,person,0,person,0,giraffe,1
42eaa5270272fcfd,giraffe,horse,0,person,0,horse,0,person,0,elephant,0,giraffe,1
2d71ae149dfe50de,giraffe,giraffe,1,giraffe,1,giraffe,1,person,0,elephant,0,giraffe,1
3c951997fdc200b9,giraffe,giraffe,1,giraffe,1,giraffe,1,person,0,person,0,giraffe,1
b6e152fce8402666,giraffe,giraffe,1,giraffe,1,giraffe,1,person,0,person,0,giraffe,1
4e2dd4a45d6e0d87,giraffe,giraffe,1,giraffe,1,giraffe,1,person,0,person,0,giraffe,1
3c4a5df6a81daa10,giraffe,giraffe,1,giraffe,1,giraffe,1,person,0,elephant,0,giraffe,1
0f9a9ca713dc4582,giraffe,person,0,giraffe,1,giraffe,1,person,0,person,0,giraffe,1
52b26236c8767e25,giraffe,giraffe,1,giraffe,1,giraffe,1,person,0,person,0,giraffe,1
3572f428ecf2fa0f,giraffe,giraffe,1,giraffe,1,giraffe,1,person,0,person,0,giraffe,1
a072f261b5353b2d,giraffe,giraffe,1,giraffe,1,giraffe,1,person,0,person,0,giraffe,1
c3675fdc8fc664c8,giraffe,giraffe,1,giraffe,1,giraffe,1,person,0,person,0,giraffe,1
3497bee71822586a,giraffe,giraffe,1,giraffe,1,giraffe,1,person,0,person,0,giraffe,1
c662fc1f72b8f17f,giraffe,dog,0,giraffe,1,person,0,person,0,person,0,giraffe,1
44230d1f57aee632,giraffe,giraffe,1,giraffe,1,giraffe,1,person,0,person,0,giraffe,1
a0bc718c67f8df26,giraffe,horse,0,house,0,horse,0,person,0,elephant,0,giraffe,1
a4bac3aedd201f72,giraffe,giraffe,1,giraffe,1,giraffe,1,person,0,guitar,0,giraffe,1
d5b6c53f41e71024,giraffe,dog,0,giraffe,1,giraffe,1,person,0,giraffe,1,giraffe,1
33aed7d3bf94214f,giraffe,giraffe,1,giraffe,1,giraffe,1,person,0,elephant,0,giraffe,1
2df2770d0826e63f,giraffe,dog,0,giraffe,1,giraffe,1,person,0,person,0,giraffe,1
cd6564cd4396436a,giraffe,giraffe,1,giraffe,1,giraffe,1,person,0,person,0,giraffe,1
38efb49a6b61c2dd,giraffe,giraffe,1,giraffe,1,giraffe,1,person,0,person,0,giraffe,1
a39e1db8a9be83ed,giraffe,dog,0,dog,0,giraffe,1,person,0,elephant,0,giraffe,1
105d49602416777c,giraffe,dog,0,person,0,person,0,person,0,elephant,0,giraffe,1
f763fc3396fd9284,giraffe,dog,0,horse,0,giraffe,1,person,0,person,0,elephant,0
68419a8e7b60b572,giraffe,giraffe,1,giraffe,1,giraffe,1,person,0,person,0,giraffe,1
abb5af89d33606cf,giraffe,giraffe,1,giraffe,1,giraffe,1,person,0,person,0,giraffe,1
b8d714fd14fb6193,giraffe,dog,0,dog,0,dog,0,person,0,elephant,0,elephant,0
2faff646839b708e,giraffe,dog,0,elephant,0,elephant,0,person,0,elephant,0,elephant,0
09abe3a8060ee3c0,giraffe,person,0,giraffe,1,giraffe,1,person,0,elephant,0,giraffe,1
570e3be635ede83a,giraffe,elephant,0,giraffe,1,giraffe,1,person,0,elephant,0,giraffe,1
66199b4ed230e993,giraffe,horse,0,giraffe,1,giraffe,1,person,0,elephant,0,giraffe,1
d500b8f3cd355808,giraffe,elephant,0,elephant,0,elephant,0,person,0,elephant,0,elephant,0
b57f9a708a6504ad,giraffe,elephant,0,horse,0,elephant,0,person,0,elephant,0,elephant,0
48c45e724d5756d1,giraffe,horse,0,horse,0,elephant,0,person,0,elephant,0,elephant,0
af571b61336bef96,giraffe,elephant,0,elephant,0,elephant,0,person,0,elephant,0,elephant,0
1b6bf9decdde4bc0,giraffe,elephant,0,elephant,0,elephant,0,person,0,elephant,0,elephant,0
89841b656819c47e,giraffe,giraffe,1,giraffe,1,giraffe,1,person,0,giraffe,1,giraffe,1
71ee20149230dc06,giraffe,giraffe,1,giraffe,1,giraffe,1,person,0,giraffe,1,giraffe,1
534664412ed7fbb3,giraffe,giraffe,1,giraffe,1,giraffe,1,person,0,giraffe,1,giraffe,1
a14db6ae2cccb867,giraffe,horse,0,giraffe,1,person,0,person,0,horse,0,giraffe,1
a6b4bca2307cf32b,giraffe,giraffe,1,giraffe,1,giraffe,1,person,0,giraffe,1,giraffe,1
cc3ba9fe78d1411a,giraffe,giraffe,1,giraffe,1,dog,0,person,0,person,0,giraffe,1
04c6a74915338464,giraffe,giraffe,1,giraffe,1,giraffe,1,person,0,person,0,giraffe,1
c872e4772263f28c,giraffe,giraffe,1,giraffe,1,giraffe,1,person,0,elephant,0,giraffe,1
533f8b557fe47bf7,giraffe,horse,0,giraffe,1,horse,0,person,0,elephant,0,giraffe,1
d272597510e2e29b,giraffe,horse,0,horse,0,giraffe,1,person,0,elephant,0,giraffe,1
005e9f1c0b0a3e28,giraffe,giraffe,1,giraffe,1,giraffe,1,person,0,elephant,0,giraffe,1
713f5a43c5d5f889,giraffe,giraffe,1,giraffe,1,giraffe,1,person,0,elephant,0,giraffe,1
f9dbe597b697de99,giraffe,person,0,person,0,person,0,person,0,elephant,0,giraffe,1
310882c4bb81b76c,giraffe,giraffe,1,giraffe,1,giraffe,1,person,0,elephant,0,giraffe,1
c29f96ce44e7d91d,giraffe,giraffe,1,giraffe,1,giraffe,1,person,0,elephant,0,giraffe,1
a7dab21db13dc6af,giraffe,dog,0,dog,0,giraffe,1,person,0,elephant,0,giraffe,1
cd8392b6645cb1b0,giraffe,person,0,dog,0,dog,0,person,0,elephant,0,elephant,0
2afc4dba8c042eba,giraffe,person,0,person,0,dog,0,person,0,elephant,0,giraffe,1
62929ffc8c0e13cf,giraffe,giraffe,1,giraffe,1,giraffe,1,person,0,giraffe,1,giraffe,1
c8ac22f637e0b608,giraffe,dog,0,giraffe,1,giraffe,1,person,0,elephant,0,giraffe,1
c14c87ce51636f99,giraffe,horse,0,giraffe,1,giraffe,1,person,0,giraffe,1,giraffe,1
1e1641c617f844e9,giraffe,giraffe,1,giraffe,1,giraffe,1,person,0,giraffe,1,giraffe,1
5bef47ad0d1e7460,giraffe,giraffe,1,giraffe,1,giraffe,1,person,0,elephant,0,giraffe,1
4f588595348245e5,giraffe,giraffe,1,giraffe,1,giraffe,1,person,0,elephant,0,giraffe,1
94bbff7707537f4a,giraffe,person,0,giraffe,1,giraffe,1,person,0,elephant,0,giraffe,1
d249a2aecb2025ac,giraffe,person,0,giraffe,1,giraffe,1,person,0,elephant,0,giraffe,1
ee8c34bddfcf6337,giraffe,horse,0,giraffe,1,giraffe,1,person,0,person,0,giraffe,1
1eb3bc659926f1c1,giraffe,horse,0,giraffe,1,giraffe,1,person,0,elephant,0,giraffe,1
31733658ef666a1d,giraffe,horse,0,giraffe,1,giraffe,1,person,0,elephant,0,giraffe,1
0f739a1415ab0380,giraffe,giraffe,1,giraffe,1,giraffe,1,person,0,elephant,0,giraffe,1
e75620e490e49097,giraffe,horse,0,giraffe,1,giraffe,1,person,0,elephant,0,giraffe,1
041a35cceeb4b48e,giraffe,giraffe,1,giraffe,1,giraffe,1,person,0,giraffe,1,giraffe,1
e3edd1d36cbfde57,giraffe,giraffe,1,giraffe,1,giraffe,1,person,0,elephant,0,giraffe,1
0cd7ca1b6a754abb,giraffe,dog,0,dog,0,person,0,person,0,person,0,giraffe,1
b4f0ee5e7177ebed,giraffe,giraffe,1,giraffe,1,giraffe,1,person,0,person,0,giraffe,1
501a713d1b67ea9d,giraffe,giraffe,1,giraffe,1,giraffe,1,person,0,person,0,giraffe,1
a198bf122d96e8f1,giraffe,dog,0,giraffe,1,giraffe,1,person,0,person,0,giraffe,1
3aae1298a73e0d22,giraffe,giraffe,1,giraffe,1,giraffe,1,person,0,person,0,giraffe,1
5c90571650f51fa8,giraffe,horse,0,giraffe,1,giraffe,1,person,0,person,0,giraffe,1
8379eb84849a4ca7,giraffe,horse,0,giraffe,1,giraffe,1,person,0,person,0,giraffe,1
eb99f5b92bc0a8b1,giraffe,giraffe,1,giraffe,1,giraffe,1,person,0,person,0,giraffe,1
7e9374c135990219,giraffe,giraffe,1,giraffe,1,giraffe,1,person,0,person,0,giraffe,1
04ec9588abc737ca,giraffe,dog,0,giraffe,1,giraffe,1,person,0,person,0,giraffe,1
854c590c943c13d9,giraffe,giraffe,1,giraffe,1,giraffe,1,person,0,person,0,giraffe,1
462284df95ea7624,giraffe,giraffe,1,giraffe,1,giraffe,1,person,0,person,0,giraffe,1
a287676228cffec1,giraffe,person,0,giraffe,1,giraffe,1,person,0,person,0,giraffe,1
472d402d69bad096,giraffe,horse,0,giraffe,1,giraffe,1,person,0,giraffe,1,giraffe,1
300e1e5e50c12d3b,giraffe,person,0,person,0,horse,0,person,0,giraffe,1,giraffe,1
43d086db2f12dae6,giraffe,person,0,person,0,horse,0,person,0,elephant,0,giraffe,1
680fe03edc278c97,giraffe,giraffe,1,giraffe,1,giraffe,1,person,0,giraffe,1,giraffe,1
e866447cc18e9e61,giraffe,giraffe,1,giraffe,1,giraffe,1,person,0,elephant,0,giraffe,1
7735aeee7732303a,giraffe,giraffe,1,giraffe,1,giraffe,1,person,0,person,0,giraffe,1
eba7d44bf72ebaf9,giraffe,horse,0,person,0,giraffe,1,person,0,person,0,giraffe,1
dad7e5d6b4c4514b,giraffe,horse,0,giraffe,1,person,0,person,0,person,0,giraffe,1
b7cb02cf4b7cf47c,giraffe,horse,0,giraffe,1,giraffe,1,person,0,person,0,giraffe,1
1041dd8410bd9654,giraffe,giraffe,1,giraffe,1,giraffe,1,person,0,person,0,giraffe,1
54c589be7fb905ad,giraffe,horse,0,giraffe,1,giraffe,1,person,0,elephant,0,giraffe,1
18e95bbd8955f263,giraffe,giraffe,1,giraffe,1,giraffe,1,person,0,person,0,giraffe,1
b5800dd945636b79,giraffe,horse,0,person,0,giraffe,1,person,0,person,0,giraffe,1
41707456463c8ce4,giraffe,horse,0,person,0,giraffe,1,person,0,person,0,giraffe,1
fe54e155e84b09a1,giraffe,horse,0,giraffe,1,giraffe,1,person,0,person,0,giraffe,1
ab963466175a2250,giraffe,horse,0,giraffe,1,giraffe,1,person,0,elephant,0,giraffe,1
da7785a82a3a3ffc,giraffe,horse,0,giraffe,1,giraffe,1,person,0,person,0,giraffe,1
147d40ea5066e3e0,giraffe,horse,0,horse,0,horse,0,person,0,elephant,0,horse,0
fc78d2188538cd49,giraffe,horse,0,horse,0,horse,0,person,0,elephant,0,elephant,0
278e8d804184bbb0,giraffe,dog,0,person,0,horse,0,person,0,elephant,0,horse,0
d568139a8151f789,giraffe,horse,0,horse,0,horse,0,person,0,person,0,horse,0
d94e83baa17b30b8,giraffe,giraffe,1,giraffe,1,giraffe,1,person,0,person,0,giraffe,1
897c7d2a1506ce84,giraffe,horse,0,giraffe,1,giraffe,1,person,0,person,0,giraffe,1
d2597c9f26fff9ac,giraffe,horse,0,giraffe,1,giraffe,1,person,0,elephant,0,giraffe,1
28e7106868e9711e,giraffe,horse,0,horse,0,horse,0,person,0,elephant,0,horse,0
7bfa6104b15a14c5,giraffe,horse,0,person,0,horse,0,person,0,elephant,0,horse,0
ea57fad91ba5f5c7,giraffe,horse,0,horse,0,horse,0,person,0,elephant,0,horse,0
a218b08080861621,giraffe,dog,0,house,0,horse,0,person,0,elephant,0,giraffe,1
84ca6c592907a22f,giraffe,horse,0,giraffe,1,giraffe,1,person,0,horse,0,giraffe,1
a2158ca3daf016f4,giraffe,horse,0,giraffe,1,giraffe,1,person,0,elephant,0,giraffe,1
d483037819f54e7f,giraffe,horse,0,elephant,0,horse,0,person,0,elephant,0,horse,0
51a7faa32207e141,giraffe,dog,0,giraffe,1,giraffe,1,person,0,guitar,0,giraffe,1
69770eff750b4a7b,giraffe,giraffe,1,giraffe,1,giraffe,1,person,0,elephant,0,giraffe,1
44cb5413493366ea,giraffe,horse,0,person,0,giraffe,1,person,0,person,0,giraffe,1
50869e744e9edae3,giraffe,dog,0,dog,0,dog,0,person,0,elephant,0,giraffe,1
e5d67b6c04aacc7d,giraffe,giraffe,1,giraffe,1,giraffe,1,person,0,elephant,0,giraffe,1
f5e91b4f0c781bbc,giraffe,giraffe,1,giraffe,1,giraffe,1,person,0,person,0,giraffe,1
f65d60eab8eaf221,giraffe,elephant,0,giraffe,1,giraffe,1,person,0,elephant,0,giraffe,1
3e734efbaf778ae5,giraffe,horse,0,giraffe,1,giraffe,1,person,0,giraffe,1,giraffe,1
4f2fe2d47229c9d1,giraffe,horse,0,giraffe,1,giraffe,1,person,0,elephant,0,giraffe,1
8f1f4026eee69fe3,giraffe,giraffe,1,giraffe,1,giraffe,1,person,0,elephant,0,giraffe,1
c2b75ff6ba2f423b,giraffe,giraffe,1,giraffe,1,giraffe,1,person,0,giraffe,1,giraffe,1
3af2bc5f20b1cd13,giraffe,dog,0,giraffe,1,person,0,person,0,elephant,0,giraffe,1
e7c4cfa885ff3a01,giraffe,person,0,person,0,person,0,person,0,elephant,0,giraffe,1
d8bf90cd95a3f2ad,giraffe,horse,0,giraffe,1,horse,0,person,0,elephant,0,giraffe,1
7b2caa71a4d072a5,giraffe,giraffe,1,giraffe,1,giraffe,1,person,0,person,0,giraffe,1
56f3420401897055,giraffe,person,0,giraffe,1,giraffe,1,person,0,person,0,giraffe,1
4cf40330eaaabd65,giraffe,giraffe,1,giraffe,1,giraffe,1,person,0,person,0,giraffe,1
af8e3f3c73e99f49,giraffe,giraffe,1,giraffe,1,giraffe,1,person,0,giraffe,1,giraffe,1
32ee68dadca70c12,giraffe,dog,0,giraffe,1,giraffe,1,person,0,elephant,0,giraffe,1
74c7030e15e0b175,giraffe,giraffe,1,giraffe,1,giraffe,1,person,0,giraffe,1,giraffe,1
8b9d41110f8ddb60,giraffe,giraffe,1,giraffe,1,giraffe,1,person,0,person,0,giraffe,1
6b1c2b8fd6e38b87,giraffe,giraffe,1,giraffe,1,giraffe,1,person,0,person,0,giraffe,1
beda30687c619145,giraffe,dog,0,giraffe,1,giraffe,1,person,0,person,0,giraffe,1
a31d698da080b4c1,giraffe,dog,0,giraffe,1,giraffe,1,person,0,person,0,giraffe,1
a6f4832e13f45e9d,giraffe,horse,0,giraffe,1,giraffe,1,person,0,elephant,0,giraffe,1
de6caf375d07947a,giraffe,giraffe,1,giraffe,1,giraffe,1,person,0,person,0,giraffe,1
cbf593a1df6408e4,giraffe,giraffe,1,giraffe,1,giraffe,1,person,0,person,0,giraffe,1
6b7e7fa45f97f067,giraffe,giraffe,1,giraffe,1,giraffe,1,person,0,person,0,giraffe,1
d324a6c421e135a6,giraffe,person,0,person,0,dog,0,person,0,person,0,giraffe,1
ec8cc6cad56aae44,giraffe,dog,0,giraffe,1,dog,0,person,0,horse,0,giraffe,1
9a90aed6dcbabb0f,giraffe,person,0,person,0,dog,0,person,0,horse,0,giraffe,1
2eb878606fd9d409,giraffe,horse,0,giraffe,1,giraffe,1,person,0,elephant,0,giraffe,1
44953a4343ad9f69,giraffe,dog,0,person,0,dog,0,person,0,horse,0,giraffe,1
1a701d853bc2278a,giraffe,dog,0,person,0,giraffe,1,person,0,elephant,0,giraffe,1
dbdd38a7c404416d,giraffe,person,0,person,0,dog,0,person,0,elephant,0,giraffe,1
889976142ea51d59,giraffe,dog,0,dog,0,dog,0,person,0,elephant,0,giraffe,1
aaac97f8468b33c6,giraffe,person,0,person,0,person,0,person,0,person,0,elephant,0
0b7497a46f776cef,giraffe,dog,0,person,0,dog,0,person,0,person,0,giraffe,1
5af0e8c8eb0e3bac,giraffe,giraffe,1,giraffe,1,giraffe,1,person,0,elephant,0,giraffe,1
990ca060a6cd50cf,giraffe,giraffe,1,giraffe,1,giraffe,1,person,0,person,0,giraffe,1
bb268c1b6ceef657,giraffe,giraffe,1,giraffe,1,dog,0,person,0,horse,0,giraffe,1
28eced4b3b69925d,giraffe,dog,0,dog,0,dog,0,person,0,horse,0,dog,0
38e5d8f9a010627d,giraffe,giraffe,1,giraffe,1,giraffe,1,person,0,person,0,giraffe,1
e0ced7c09a39feaa,giraffe,horse,0,giraffe,1,giraffe,1,person,0,person,0,giraffe,1
ffcb246180765712,giraffe,horse,0,giraffe,1,giraffe,1,person,0,elephant,0,giraffe,1
092d4531f4c39596,giraffe,person,0,giraffe,1,giraffe,1,person,0,elephant,0,giraffe,1
b677ac4275eb4568,giraffe,giraffe,1,giraffe,1,giraffe,1,person,0,person,0,giraffe,1
6e500a0e8ebc3074,giraffe,dog,0,dog,0,dog,0,person,0,elephant,0,giraffe,1
1a821699ce60a2ef,giraffe,dog,0,giraffe,1,dog,0,person,0,horse,0,giraffe,1
0aff75e6dcecc215,giraffe,horse,0,horse,0,dog,0,person,0,elephant,0,horse,0
453a47e7bc936b2a,giraffe,horse,0,giraffe,1,giraffe,1,person,0,elephant,0,giraffe,1
9e834479e12f81a5,giraffe,horse,0,house,0,horse,0,person,0,elephant,0,giraffe,1
c97c22daad93352d,giraffe,horse,0,house,0,giraffe,1,person,0,elephant,0,giraffe,1
a68a96d3e6f014a7,giraffe,horse,0,horse,0,horse,0,person,0,elephant,0,giraffe,1
93031c127ace0456,giraffe,horse,0,horse,0,horse,0,person,0,elephant,0,giraffe,1
bd83ccf4738388c8,giraffe,horse,0,dog,0,dog,0,person,0,horse,0,giraffe,1
d28c5a34e7ebc7b0,giraffe,elephant,0,elephant,0,elephant,0,person,0,giraffe,1,elephant,0
d2b8740740025039,giraffe,elephant,0,elephant,0,elephant,0,person,0,elephant,0,elephant,0
369e0666dd140275,giraffe,elephant,0,giraffe,1,giraffe,1,person,0,elephant,0,elephant,0
333cae5dec908136,giraffe,elephant,0,elephant,0,elephant,0,person,0,elephant,0,elephant,0
9d840ce32a7351af,giraffe,elephant,0,person,0,elephant,0,person,0,elephant,0,elephant,0
1424e6aa415474b0,giraffe,elephant,0,person,0,person,0,person,0,elephant,0,elephant,0
188c0cabc7194b6c,giraffe,person,0,person,0,elephant,0,person,0,elephant,0,elephant,0
3fd029a116d7d600,giraffe,elephant,0,giraffe,1,giraffe,1,person,0,elephant,0,giraffe,1
dfc0d2ebbf8f03ca,giraffe,elephant,0,person,0,giraffe,1,person,0,person,0,elephant,0
cd2636bec02ecc9f,guitar,guitar,1,house,0,house,0,person,0,horse,0,elephant,0
f56793f3bd1d3292,guitar,guitar,1,house,0,house,0,person,0,horse,0,guitar,1
f3cbe3d626950cd1,guitar,elephant,0,guitar,1,house,0,person,0,horse,0,guitar,1
40d5c23eccac1e16,guitar,guitar,1,person,0,guitar,1,person,0,elephant,0,guitar,1
5733974e0ba2048e,guitar,guitar,1,house,0,person,0,person,0,elephant,0,guitar,1
be4a0b5fbe784cb1,guitar,guitar,1,guitar,1,person,0,person,0,elephant,0,guitar,1
cf2560301a2593f7,guitar,guitar,1,person,0,guitar,1,person,0,elephant,0,guitar,1
203c9d768479db67,guitar,guitar,1,guitar,1,guitar,1,person,0,person,0,guitar,1
4c9c07e6f4736f15,guitar,guitar,1,guitar,1,guitar,1,person,0,person,0,giraffe,0
a03ba227580a10f9,guitar,guitar,1,house,0,guitar,1,person,0,elephant,0,guitar,1
8255111f905530f2,guitar,guitar,1,guitar,1,guitar,1,person,0,person,0,guitar,1
f477c04644cd3cbf,guitar,guitar,1,guitar,1,person,0,person,0,elephant,0,guitar,1
eeb0c3edc0661ca6,guitar,guitar,1,house,0,guitar,1,person,0,elephant,0,guitar,1
1ea34d1121647cbf,guitar,guitar,1,guitar,1,guitar,1,person,0,horse,0,guitar,1
aac0fa30e9622e29,guitar,guitar,1,guitar,1,guitar,1,person,0,person,0,guitar,1
b46ece543ef260f6,guitar,guitar,1,house,0,house,0,person,0,elephant,0,guitar,1
306f714323cc0b0e,guitar,dog,0,person,0,person,0,person,0,elephant,0,giraffe,0
d574405be4729c32,guitar,guitar,1,house,0,person,0,person,0,elephant,0,guitar,1
79ce89d47bdffb21,guitar,guitar,1,guitar,1,person,0,person,0,person,0,guitar,1
fceb465ace5b04d2,guitar,elephant,0,house,0,house,0,person,0,elephant,0,guitar,1
8f0c6d9a54f4fdcb,guitar,guitar,1,giraffe,0,guitar,1,person,0,person,0,giraffe,0
99ad5acf91af9de0,guitar,guitar,1,guitar,1,guitar,1,person,0,person,0,guitar,1
937c86b3ba0db859,guitar,guitar,1,giraffe,0,guitar,1,person,0,elephant,0,giraffe,0
c30bae0d3158870b,guitar,guitar,1,house,0,guitar,1,person,0,horse,0,guitar,1
30111cb1f4fea029,guitar,guitar,1,house,0,guitar,1,person,0,elephant,0,guitar,1
25cfca68f8c930a0,guitar,guitar,1,guitar,1,guitar,1,person,0,person,0,giraffe,0
2578d42d7afec31f,guitar,guitar,1,house,0,person,0,person,0,elephant,0,giraffe,0
f84939c9530ef05d,guitar,guitar,1,guitar,1,guitar,1,person,0,person,0,guitar,1
6ba928dfc3f8fe8a,guitar,elephant,0,house,0,house,0,person,0,elephant,0,elephant,0
aeb7f492794059c0,guitar,guitar,1,guitar,1,guitar,1,person,0,guitar,1,giraffe,0
d6525de478bd8795,guitar,guitar,1,guitar,1,guitar,1,person,0,person,0,guitar,1
56e2e51af716308b,guitar,guitar,1,guitar,1,guitar,1,person,0,person,0,guitar,1
3ace8d1b4a274cd0,guitar,guitar,1,house,0,guitar,1,person,0,horse,0,guitar,1
23da3091fa621772,guitar,guitar,1,guitar,1,guitar,1,person,0,elephant,0,guitar,1
2c14f01f5fda52e8,guitar,person,0,guitar,1,guitar,1,person,0,person,0,guitar,1
fbd267284fcfdf5c,guitar,house,0,house,0,house,0,person,0,horse,0,house,0
bbea5abebdbb7458,guitar,guitar,1,person,0,person,0,person,0,elephant,0,guitar,1
aafb312442ca733a,guitar,person,0,person,0,person,0,person,0,elephant,0,elephant,0
4afd6d7b04d4dd4f,guitar,dog,0,person,0,person,0,person,0,elephant,0,giraffe,0
79e8ec34c8dbfa0d,guitar,guitar,1,guitar,1,guitar,1,person,0,person,0,guitar,1
c260f7f6d7b406d7,guitar,guitar,1,house,0,house,0,person,0,elephant,0,guitar,1
bc972ff6ef65f151,guitar,guitar,1,guitar,1,guitar,1,person,0,elephant,0,guitar,1
24dccefdd32f984f,guitar,elephant,0,house,0,person,0,person,0,elephant,0,guitar,1
ffc66d27b24dd567,guitar,guitar,1,house,0,person,0,person,0,elephant,0,giraffe,0
8238a2616b1f5215,guitar,guitar,1,guitar,1,guitar,1,person,0,person,0,guitar,1
97925da60ccf90a9,guitar,dog,0,person,0,person,0,person,0,person,0,elephant,0
1add9911a5ec76ac,guitar,guitar,1,person,0,person,0,person,0,elephant,0,elephant,0
c0bb9d6cfa04c89b,guitar,guitar,1,guitar,1,guitar,1,person,0,person,0,guitar,1
60e9229c58b3266c,guitar,elephant,0,person,0,elephant,0,person,0,elephant,0,elephant,0
3a7c9811d0baed35,guitar,elephant,0,house,0,house,0,person,0,elephant,0,guitar,1
d7a9d32c0b193b01,guitar,guitar,1,guitar,1,person,0,person,0,horse,0,guitar,1
e08713d4ea9f98aa,guitar,dog,0,guitar,1,house,0,person,0,elephant,0,guitar,1
76784fb4a2cb5c02,guitar,elephant,0,house,0,house,0,person,0,elephant,0,guitar,1
71e64a49bad31e45,guitar,guitar,1,house,0,house,0,person,0,elephant,0,giraffe,0
0bbd19e2e3fee143,guitar,guitar,1,guitar,1,guitar,1,person,0,person,0,guitar,1
701ebf544ffb569f,guitar,guitar,1,house,0,house,0,person,0,horse,0,guitar,1
859588e496d103b0,guitar,guitar,1,guitar,1,guitar,1,person,0,person,0,guitar,1
9b9e788ba10de908,guitar,guitar,1,person,0,person,0,person,0,elephant,0,guitar,1
21e96a3511f5bda8,guitar,guitar,1,house,0,person,0,person,0,elephant,0,guitar,1
85e3ab92b82eb2bd,guitar,elephant,0,house,0,elephant,0,person,0,elephant,0,elephant,0
43d4344f21d233c4,guitar,dog,0,person,0,house,0,person,0,elephant,0,elephant,0
d81abcc1287a23f4,guitar,guitar,1,house,0,house,0,person,0,elephant,0,guitar,1
e9dda272401ea0ba,guitar,guitar,1,house,0,person,0,person,0,elephant,0,guitar,1
cf450fc395e40633,guitar,guitar,1,house,0,person,0,person,0,horse,0,elephant,0
38fbb287dd14e1fe,guitar,elephant,0,guitar,1,guitar,1,person,0,person,0,guitar,1
feffdef2a08c0882,guitar,guitar,1,house,0,guitar,1,person,0,elephant,0,guitar,1
81f2ee7812026223,guitar,dog,0,person,0,person,0,person,0,elephant,0,giraffe,0
57ed682a93f3be0e,guitar,elephant,0,person,0,person,0,person,0,elephant,0,guitar,1
f0c9b3a805f90613,guitar,elephant,0,person,0,person,0,person,0,elephant,0,giraffe,0
5fc837dc774f3459,guitar,guitar,1,guitar,1,guitar,1,person,0,person,0,guitar,1
2313b5b51b1b169e,guitar,guitar,1,house,0,house,0,person,0,elephant,0,guitar,1
3055b94b445f5c8a,guitar,guitar,1,house,0,person,0,person,0,elephant,0,guitar,1
7b31bf0b810e60e2,guitar,guitar,1,guitar,1,guitar,1,person,0,person,0,guitar,1
510c06c19bbc1c1f,guitar,guitar,1,house,0,house,0,person,0,horse,0,elephant,0
0af2a6e2a64c132c,guitar,guitar,1,house,0,guitar,1,person,0,elephant,0,guitar,1
d6f7b4690036aa3f,guitar,guitar,1,guitar,1,guitar,1,person,0,person,0,guitar,1
f1ac2d0d5922c0b9,guitar,guitar,1,guitar,1,guitar,1,person,0,elephant,0,guitar,1
5166c8c5ae64e29d,guitar,person,0,person,0,person,0,person,0,person,0,giraffe,0
aaba04accafacf8c,guitar,guitar,1,guitar,1,guitar,1,person,0,person,0,guitar,1
d48cf96fbceb47ea,guitar,guitar,1,house,0,house,0,person,0,elephant,0,elephant,0
dbe2be9ad2dab538,guitar,guitar,1,guitar,1,guitar,1,person,0,horse,0,guitar,1
ada587908f0515df,guitar,guitar,1,guitar,1,guitar,1,person,0,horse,0,guitar,1
e9c2dba64a404589,guitar,guitar,1,guitar,1,guitar,1,person,0,horse,0,guitar,1
5bdd31261827f161,guitar,guitar,1,guitar,1,guitar,1,person,0,elephant,0,guitar,1
62e7ecd9f362325f,guitar,guitar,1,guitar,1,guitar,1,person,0,horse,0,guitar,1
4b68f13062c48a70,guitar,guitar,1,guitar,1,guitar,1,person,0,elephant,0,guitar,1
a86f64dffcfe247a,guitar,guitar,1,guitar,1,guitar,1,person,0,horse,0,guitar,1
d80864d35bec8b81,guitar,guitar,1,guitar,1,guitar,1,person,0,elephant,0,guitar,1
ec92e531385ae53f,guitar,person,0,guitar,1,person,0,person,0,horse,0,guitar,1
da98d910e5f8983a,guitar,guitar,1,guitar,1,guitar,1,person,0,elephant,0,guitar,1
33ec793a7b497368,guitar,guitar,1,guitar,1,guitar,1,person,0,person,0,guitar,1
c7f745739d6b47f8,guitar,guitar,1,guitar,1,guitar,1,person,0,giraffe,0,guitar,1
8360c21f73c715e4,guitar,guitar,1,guitar,1,guitar,1,person,0,giraffe,0,guitar,1
32c610eb453933cd,guitar,horse,0,guitar,1,person,0,person,0,person,0,giraffe,0
4b4bd424ea3b5c3f,guitar,guitar,1,guitar,1,guitar,1,person,0,person,0,guitar,1
b6538338c5356f7c,guitar,guitar,1,guitar,1,guitar,1,person,0,giraffe,0,guitar,1
bc8d8f9d1ce62516,guitar,guitar,1,guitar,1,guitar,1,person,0,person,0,guitar,1
0514a1b433bb693c,guitar,guitar,1,guitar,1,guitar,1,person,0,person,0,guitar,1
d389b8cbdc92c5fb,guitar,guitar,1,guitar,1,guitar,1,person,0,person,0,guitar,1
41a65353d19a4e32,guitar,guitar,1,guitar,1,guitar,1,person,0,giraffe,0,guitar,1
5dcff222298cb81f,guitar,guitar,1,guitar,1,guitar,1,person,0,giraffe,0,guitar,1
d87f31d69598fb3d,guitar,guitar,1,guitar,1,guitar,1,person,0,giraffe,0,guitar,1
a30c825cd3063a16,guitar,guitar,1,guitar,1,guitar,1,person,0,person,0,guitar,1
9ef0ef66ff3398e5,guitar,guitar,1,guitar,1,guitar,1,person,0,giraffe,0,guitar,1
3f137b3c5e0fffed,guitar,guitar,1,guitar,1,guitar,1,person,0,person,0,guitar,1
55d27022e21cc233,guitar,guitar,1,guitar,1,guitar,1,person,0,elephant,0,guitar,1
3d1b3415d8572378,guitar,guitar,1,guitar,1,guitar,1,person,0,elephant,0,guitar,1
fc82d0b7bdd036c7,guitar,guitar,1,guitar,1,guitar,1,person,0,elephant,0,guitar,1
29fd9cc7f2349a8c,guitar,guitar,1,guitar,1,guitar,1,person,0,elephant,0,guitar,1
b7970244aa39e71f,guitar,guitar,1,guitar,1,guitar,1,person,0,elephant,0,guitar,1
2a3c97b1287fdeb8,guitar,guitar,1,guitar,1,guitar,1,person,0,person,0,guitar,1
752cfa1a39c185c9,guitar,guitar,1,guitar,1,guitar,1,person,0,giraffe,0,guitar,1
82b7b30f62e02004,guitar,guitar,1,guitar,1,guitar,1,person,0,person,0,guitar,1
26baf20370460e14,guitar,guitar,1,guitar,1,guitar,1,person,0,giraffe,0,guitar,1
0e6a558cc8641eca,guitar,guitar,1,guitar,1,guitar,1,person,0,person,0,guitar,1
f666cdb9a51230ab,guitar,guitar,1,guitar,1,guitar,1,person,0,person,0,guitar,1
186e5a200eda1817,guitar,guitar,1,guitar,1,guitar,1,person,0,giraffe,0,guitar,1
c8d2edbc8bdc20cd,guitar,guitar,1,guitar,1,guitar,1,person,0,person,0,guitar,1
7ed64f6ff7cabdbb,guitar,guitar,1,guitar,1,guitar,1,person,0,guitar,1,guitar,1
9db22bc77b4dbb9e,guitar,guitar,1,guitar,1,guitar,1,person,0,giraffe,0,guitar,1
522f2431fa64cab3,guitar,guitar,1,guitar,1,guitar,1,person,0,person,0,guitar,1
dd7d5605685ba646,guitar,guitar,1,guitar,1,person,0,person,0,giraffe,0,guitar,1
2f3eced787b6908f,guitar,guitar,1,guitar,1,guitar,1,person,0,elephant,0,guitar,1
362b4a7866cff65e,guitar,guitar,1,guitar,1,guitar,1,person,0,giraffe,0,giraffe,0
f7fad899789c1da1,guitar,guitar,1,guitar,1,guitar,1,person,0,giraffe,0,guitar,1
57b2ddc45cc50013,guitar,guitar,1,guitar,1,guitar,1,person,0,elephant,0,giraffe,0
33cdf2f0a401bfe7,guitar,guitar,1,guitar,1,guitar,1,person,0,giraffe,0,guitar,1
e95de2645029426e,guitar,guitar,1,guitar,1,guitar,1,person,0,elephant,0,guitar,1
00d78431ea9880fd,guitar,elephant,0,guitar,1,guitar,1,person,0,elephant,0,guitar,1
19ef740c54db3d60,guitar,guitar,1,guitar,1,guitar,1,person,0,elephant,0,guitar,1
5e7d61ae3e25ccdd,guitar,guitar,1,guitar,1,guitar,1,person,0,elephant,0,guitar,1
81f47799bdefa06b,guitar,guitar,1,guitar,1,guitar,1,person,0,elephant,0,guitar,1
d290135cc4f42432,guitar,dog,0,guitar,1,guitar,1,person,0,elephant,0,guitar,1
3410f07e8a9cc909,guitar,guitar,1,guitar,1,guitar,1,person,0,giraffe,0,guitar,1
c52041c8eb4d8f31,guitar,guitar,1,guitar,1,guitar,1,person,0,person,0,guitar,1
1b4a35d7630577b6,guitar,guitar,1,guitar,1,guitar,1,person,0,person,0,guitar,1
5b27d138e731acf7,guitar,guitar,1,guitar,1,guitar,1,person,0,person,0,guitar,1
b81c3c558ff68584,guitar,guitar,1,guitar,1,guitar,1,person,0,person,0,guitar,1
6789cfad48032019,guitar,guitar,1,guitar,1,guitar,1,person,0,giraffe,0,guitar,1
71bbc135c37c91ec,guitar,guitar,1,guitar,1,guitar,1,person,0,person,0,guitar,1
a43eb66c2225ca74,guitar,guitar,1,guitar,1,guitar,1,person,0,giraffe,0,guitar,1
21ab74321a1297b2,guitar,guitar,1,guitar,1,guitar,1,person,0,giraffe,0,guitar,1
4f465164764c85cc,guitar,guitar,1,guitar,1,guitar,1,person,0,giraffe,0,guitar,1
988ba740aa3cd99a,guitar,guitar,1,guitar,1,guitar,1,person,0,person,0,guitar,1
73adec485e6e9537,guitar,guitar,1,giraffe,0,guitar,1,person,0,person,0,giraffe,0
c327cf79657eaee1,guitar,guitar,1,guitar,1,guitar,1,person,0,giraffe,0,giraffe,0
d3b8d1a7d22688f5,guitar,dog,0,dog,0,horse,0,person,0,person,0,guitar,1
5abd7b9988cd6e93,guitar,horse,0,giraffe,0,guitar,1,person,0,person,0,giraffe,0
d065fbe096f639c5,guitar,guitar,1,giraffe,0,guitar,1,person,0,person,0,guitar,1
b6b582c38c956f3d,guitar,guitar,1,guitar,1,guitar,1,person,0,giraffe,0,guitar,1
a1d889b66396c567,guitar,guitar,1,guitar,1,guitar,1,person,0,person,0,guitar,1
8bf73d23a720e362,guitar,guitar,1,guitar,1,guitar,1,person,0,person,0,guitar,1
c18689fa45bba196,guitar,guitar,1,guitar,1,guitar,1,person,0,person,0,guitar,1
ccad61b985c7da82,guitar,guitar,1,guitar,1,guitar,1,person,0,person,0,guitar,1
02585468fb9aec5d,guitar,dog,0,guitar,1,guitar,1,person,0,horse,0,guitar,1
02991d00123bd76c,guitar,guitar,1,guitar,1,guitar,1,person,0,elephant,0,guitar,1
6436b667ba5f0dbd,guitar,guitar,1,guitar,1,guitar,1,person,0,horse,0,guitar,1
cb553d7ab1ba7c06,guitar,guitar,1,guitar,1,guitar,1,person,0,horse,0,guitar,1
d8f7d1c523cf9a71,guitar,guitar,1,guitar,1,person,0,person,0,horse,0,guitar,1
b8891164179a21b7,guitar,guitar,1,guitar,1,guitar,1,person,0,giraffe,0,guitar,1
4925ccdbe046ca21,guitar,guitar,1,guitar,1,guitar,1,person,0,giraffe,0,guitar,1
7ae5bf803658f7c4,guitar,guitar,1,giraffe,0,giraffe,0,person,0,giraffe,0,giraffe,0
8943c5a1f0af994e,guitar,guitar,1,giraffe,0,guitar,1,person,0,giraffe,0,giraffe,0
f7ee12148c92e0de,guitar,guitar,1,giraffe,0,guitar,1,person,0,giraffe,0,giraffe,0
4108fbb5343ae637,guitar,guitar,1,guitar,1,guitar,1,person,0,giraffe,0,guitar,1
e4c94d1d20f2a69e,guitar,guitar,1,guitar,1,person,0,person,0,person,0,guitar,1
c21929e7b5fa7fb8,guitar,guitar,1,guitar,1,guitar,1,person,0,elephant,0,guitar,1
800e01488c7ce4b6,guitar,guitar,1,guitar,1,guitar,1,person,0,elephant,0,guitar,1
84ac6d230c77092b,guitar,guitar,1,guitar,1,guitar,1,person,0,elephant,0,guitar,1
8908740b10c57a73,guitar,guitar,1,guitar,1,guitar,1,person,0,elephant,0,guitar,1
21134675780c1a39,guitar,guitar,1,guitar,1,guitar,1,person,0,elephant,0,guitar,1
bb2b4a7c6eec9419,guitar,guitar,1,guitar,1,guitar,1,person,0,giraffe,0,guitar,1
03156e168ae7774c,guitar,guitar,1,guitar,1,guitar,1,person,0,person,0,guitar,1
411b5cb01fb0876d,guitar,guitar,1,guitar,1,guitar,1,person,0,person,0,guitar,1
cf1c1f948de38417,guitar,guitar,1,guitar,1,guitar,1,person,0,person,0,guitar,1
42a718a2bb6ec28b,guitar,guitar,1,guitar,1,guitar,1,person,0,giraffe,0,guitar,1
9ad587eab87d6d43,guitar,guitar,1,guitar,1,guitar,1,person,0,elephant,0,guitar,1
d2e774029cdc9cd0,guitar,guitar,1,guitar,1,guitar,1,person,0,elephant,0,guitar,1
63c3397a3b1b4039,guitar,guitar,1,guitar,1,guitar,1,person,0,elephant,0,guitar,1
fc19883055ccd81a,guitar,guitar,1,guitar,1,guitar,1,person,0,elephant,0,guitar,1
8206564de2930e93,guitar,guitar,1,guitar,1,guitar,1,person,0,elephant,0,guitar,1
6cd1c2ca832ec4a9,guitar,guitar,1,guitar,1,guitar,1,person,0,giraffe,0,guitar,1
5b5bab5816fe2cbd,guitar,guitar,1,guitar,1,guitar,1,person,0,giraffe,0,guitar,1
1eb8f71bfc120273,guitar,guitar,1,giraffe,0,guitar,1,person,0,giraffe,0,guitar,1
4b631e2b984f36d1,guitar,guitar,1,guitar,1,guitar,1,person,0,person,0,guitar,1
ae9fe65c5a4f0096,guitar,guitar,1,guitar,1,guitar,1,person,0,person,0,guitar,1
bc09e890a0b1f5a0,guitar,guitar,1,guitar,1,guitar,1,person,0,person,0,guitar,1
3bebc707c927bd9b,guitar,guitar,1,guitar,1,guitar,1,person,0,person,0,guitar,1
8a20d11b229ef8dd,guitar,guitar,1,guitar,1,guitar,1,person,0,giraffe,0,guitar,1
664916eea5063234,guitar,guitar,1,guitar,1,guitar,1,person,0,person,0,guitar,1
2048438890ee1a5b,guitar,guitar,1,guitar,1,guitar,1,person,0,person,0,guitar,1
b90461bd9254b19f,guitar,guitar,1,guitar,1,guitar,1,person,0,person,0,guitar,1
0416697398537160,guitar,guitar,1,guitar,1,guitar,1,person,0,person,0,guitar,1
a353dc3ff5ee69a2,guitar,guitar,1,guitar,1,guitar,1,person,0,person,0,guitar,1
acbb720300c9ac6c,guitar,guitar,1,guitar,1,guitar,1,person,0,person,0,guitar,1
a91ae81a3fa2d208,guitar,guitar,1,guitar,1,guitar,1,person,0,person,0,guitar,1
a6a0352de484621e,guitar,guitar,1,guitar,1,guitar,1,person,0,giraffe,0,guitar,1
6a404726085c6fce,guitar,guitar,1,guitar,1,guitar,1,person,0,person,0,guitar,1
4743f62b01e76c92,guitar,guitar,1,guitar,1,guitar,1,person,0,person,0,guitar,1
0e9c785ea3f1d321,guitar,guitar,1,guitar,1,guitar,1,person,0,giraffe,0,guitar,1
6e009494dd0d490b,guitar,guitar,1,guitar,1,guitar,1,person,0,person,0,guitar,1
349e968643b50f16,guitar,guitar,1,guitar,1,guitar,1,person,0,person,0,guitar,1
8d2871a045f8b1e2,guitar,guitar,1,guitar,1,guitar,1,person,0,person,0,guitar,1
3f9454e9a9c812a4,guitar,guitar,1,guitar,1,guitar,1,person,0,person,0,guitar,1
a229615d63a86abf,guitar,guitar,1,guitar,1,guitar,1,person,0,person,0,guitar,1
b2b96a5af84aeb3c,guitar,guitar,1,guitar,1,guitar,1,person,0,giraffe,0,guitar,1
8ef956e78ad6e468,guitar,elephant,0,elephant,0,guitar,1,person,0,elephant,0,elephant,0
a20d64aa796ab0c1,guitar,guitar,1,person,0,guitar,1,person,0,horse,0,guitar,1
818e1a517d11c88b,guitar,guitar,1,guitar,1,guitar,1,person,0,elephant,0,guitar,1
982f1c092bf7ae73,guitar,guitar,1,elephant,0,guitar,1,person,0,horse,0,elephant,0
eafd844f9e05864a,guitar,guitar,1,guitar,1,guitar,1,person,0,elephant,0,guitar,1
47db9406c181db2a,guitar,guitar,1,guitar,1,guitar,1,person,0,guitar,1,guitar,1
d36f048ae7f42981,guitar,guitar,1,guitar,1,guitar,1,person,0,person,0,guitar,1
857f615a8b3f044b,guitar,guitar,1,guitar,1,guitar,1,person,0,giraffe,0,giraffe,0
22020ef35d5d6419,guitar,guitar,1,guitar,1,guitar,1,person,0,person,0,guitar,1
fd7f8bde6e2de4a1,guitar,guitar,1,guitar,1,guitar,1,person,0,person,0,guitar,1
c3ce78b949cf76ba,guitar,guitar,1,guitar,1,guitar,1,person,0,person,0,guitar,1
8fb545374ab0ff25,guitar,guitar,1,guitar,1,guitar,1,person,0,person,0,guitar,1
f3141acb7cc2f6dd,guitar,guitar,1,guitar,1,guitar,1,person,0,person,0,guitar,1
710523520a6c6ba7,guitar,guitar,1,guitar,1,guitar,1,person,0,giraffe,0,guitar,1
bbc72ed0012b67e4,guitar,guitar,1,guitar,1,guitar,1,person,0,person,0,guitar,1
9845e5cda37d9b62,guitar,dog,0,guitar,1,guitar,1,person,0,elephant,0,guitar,1
fbe7992c79b859d5,guitar,guitar,1,guitar,1,guitar,1,person,0,elephant,0,guitar,1
764cb00ce4198144,guitar,dog,0,elephant,0,guitar,1,person,0,elephant,0,elephant,0
3f9099b80ae67b42,guitar,elephant,0,elephant,0,guitar,1,person,0,elephant,0,guitar,1
986bc781edf7fe2f,guitar,guitar,1,guitar,1,guitar,1,person,0,horse,0,guitar,1
7566352aa3f19676,guitar,guitar,1,guitar,1,guitar,1,person,0,person,0,guitar,1
98b17da08f7ce607,guitar,guitar,1,guitar,1,guitar,1,person,0,elephant,0,guitar,1
41aab5291efb27a9,guitar,guitar,1,guitar,1,guitar,1,person,0,person,0,guitar,1
cc6282de0c4e4122,guitar,guitar,1,guitar,1,guitar,1,person,0,person,0,guitar,1
4cc9fa0e616850e9,guitar,guitar,1,guitar,1,guitar,1,person,0,person,0,guitar,1
ef00e115ea4386c5,guitar,guitar,1,guitar,1,guitar,1,person,0,person,0,guitar,1
a9dc94fc46790a22,guitar,guitar,1,guitar,1,guitar,1,person,0,elephant,0,guitar,1
455e727f4f79a66a,guitar,guitar,1,guitar,1,guitar,1,person,0,elephant,0,guitar,1
8f2787126a213433,guitar,guitar,1,guitar,1,guitar,1,person,0,elephant,0,guitar,1
cd9dcb55b0b4b9a2,guitar,guitar,1,guitar,1,guitar,1,person,0,horse,0,guitar,1
8a2ef3fae4d5acce,guitar,guitar,1,guitar,1,guitar,1,person,0,horse,0,guitar,1
67a7e2d623337177,guitar,guitar,1,guitar,1,guitar,1,person,0,person,0,guitar,1
39a18e951c765167,guitar,guitar,1,guitar,1,guitar,1,person,0,person,0,guitar,1
7f735145219d81f1,guitar,guitar,1,guitar,1,guitar,1,person,0,person,0,guitar,1
438e68bbc6a85301,guitar,guitar,1,guitar,1,guitar,1,person,0,person,0,guitar,1
a89e6d970ec90350,guitar,guitar,1,guitar,1,guitar,1,person,0,person,0,guitar,1
3355f532a2dee14f,guitar,guitar,1,guitar,1,guitar,1,person,0,person,0,guitar,1
9e635a189d339086,guitar,guitar,1,guitar,1,guitar,1,person,0,person,0,guitar,1
467555f64e40e621,guitar,guitar,1,guitar,1,guitar,1,person,0,person,0,guitar,1
d3c1a984d0e2a745,guitar,guitar,1,guitar,1,guitar,1,person,0,person,0,guitar,1
31f43849417876f0,guitar,guitar,1,guitar,1,guitar,1,person,0,person,0,guitar,1
725b40c6f8be1f0d,guitar,guitar,1,guitar,1,guitar,1,person,0,person,0,guitar,1
0356776e99e2a869,guitar,guitar,1,guitar,1,person,0,person,0,elephant,0,guitar,1
c1b0177783811978,guitar,guitar,1,guitar,1,giraffe,0,person,0,giraffe,0,giraffe,0
43737345be8bc75f,guitar,guitar,1,guitar,1,guitar,1,person,0,giraffe,0,guitar,1
9a2ebdc6dfac4536,guitar,guitar,1,guitar,1,guitar,1,person,0,giraffe,0,guitar,1
137f53b1e0841234,guitar,guitar,1,guitar,1,guitar,1,person,0,giraffe,0,guitar,1
98d482e65dc8cd5b,guitar,guitar,1,guitar,1,guitar,1,person,0,person,0,guitar,1
aa3a6a477d918529,guitar,guitar,1,guitar,1,guitar,1,person,0,person,0,guitar,1
1d2dc39efe7c546a,guitar,guitar,1,guitar,1,guitar,1,person,0,person,0,guitar,1
26392370934f3942,guitar,guitar,1,guitar,1,guitar,1,person,0,giraffe,0,guitar,1
56f0b54f6bc1875b,guitar,guitar,1,guitar,1,guitar,1,person,0,person,0,guitar,1
72416dccfe507761,guitar,guitar,1,guitar,1,giraffe,0,person,0,giraffe,0,giraffe,0
5d18f532fe2f9076,guitar,guitar,1,guitar,1,guitar,1,person,0,giraffe,0,guitar,1
7ce481076d36521f,guitar,guitar,1,guitar,1,guitar,1,person,0,giraffe,0,guitar,1
17ffd09dd9ce24bc,guitar,guitar,1,guitar,1,guitar,1,person,0,giraffe,0,guitar,1
99beada65ad1acb1,guitar,guitar,1,guitar,1,guitar,1,person,0,giraffe,0,guitar,1
ab2a759904743a4c,guitar,guitar,1,guitar,1,guitar,1,person,0,giraffe,0,guitar,1
ad68b12d1760084b,guitar,guitar,1,guitar,1,guitar,1,person,0,giraffe,0,guitar,1
0251e9a187f48243,guitar,dog,0,guitar,1,guitar,1,person,0,giraffe,0,guitar,1
0a3529f3a7464a0c,guitar,guitar,1,guitar,1,guitar,1,person,0,giraffe,0,guitar,1
51fc8e2912a79009,guitar,guitar,1,guitar,1,guitar,1,person,0,person,0,guitar,1
65fd14fa121ce913,guitar,guitar,1,guitar,1,guitar,1,person,0,person,0,guitar,1
9d6b53ea72306ccc,guitar,guitar,1,guitar,1,guitar,1,person,0,person,0,guitar,1
a32a3f9dcb0df2bf,guitar,guitar,1,guitar,1,guitar,1,person,0,giraffe,0,giraffe,0
7268d370d8cb3083,guitar,guitar,1,guitar,1,guitar,1,person,0,person,0,guitar,1
49f2795f0563d1d0,guitar,guitar,1,guitar,1,guitar,1,person,0,person,0,guitar,1
74bc78446167735f,guitar,guitar,1,guitar,1,guitar,1,person,0,giraffe,0,guitar,1
c99d2be4b50ae7a4,guitar,guitar,1,guitar,1,guitar,1,person,0,person,0,guitar,1
591fdd7aafe8861b,guitar,guitar,1,giraffe,0,guitar,1,person,0,person,0,giraffe,0
c275d6775ff5e1c6,guitar,guitar,1,guitar,1,guitar,1,person,0,person,0,guitar,1
7107c630569cabfc,guitar,guitar,1,guitar,1,guitar,1,person,0,person,0,guitar,1
012d56a951a71000,guitar,guitar,1,guitar,1,guitar,1,person,0,person,0,giraffe,0
a2bb54ed950b04d9,guitar,dog,0,guitar,1,guitar,1,person,0,person,0,giraffe,0
55c1566a43d8aca3,guitar,guitar,1,guitar,1,person,0,person,0,person,0,giraffe,0
b84b332518085082,guitar,guitar,1,guitar,1,guitar,1,person,0,person,0,guitar,1
88af56b029ef4615,guitar,guitar,1,guitar,1,guitar,1,person,0,person,0,guitar,1
75dfd01c0a0fe250,guitar,guitar,1,guitar,1,guitar,1,person,0,person,0,guitar,1
96d36e1854670424,guitar,guitar,1,guitar,1,guitar,1,person,0,person,0,guitar,1
e15e976c6a627b91,guitar,guitar,1,guitar,1,guitar,1,person,0,person,0,guitar,1
92a1b4e9db2397a4,guitar,guitar,1,guitar,1,guitar,1,person,0,giraffe,0,guitar,1
0cd97960179ce72e,guitar,guitar,1,guitar,1,guitar,1,person,0,person,0,guitar,1
0fc497ebd0cbbb33,guitar,guitar,1,guitar,1,guitar,1,person,0,giraffe,0,guitar,1
358b0db2719779b0,guitar,guitar,1,guitar,1,guitar,1,person,0,giraffe,0,guitar,1
495a4a02b4dc9d77,guitar,guitar,1,guitar,1,guitar,1,person,0,person,0,giraffe,0
16b6f3babe0d321d,guitar,guitar,1,guitar,1,guitar,1,person,0,person,0,guitar,1
a8a9b6e3ac01c92c,guitar,guitar,1,guitar,1,guitar,1,person,0,giraffe,0,guitar,1
e7c1fe6c260aa6c7,guitar,guitar,1,guitar,1,guitar,1,person,0,giraffe,0,guitar,1
36284bcef29569be,guitar,guitar,1,guitar,1,guitar,1,person,0,person,0,guitar,1
106820351cca8085,guitar,guitar,1,guitar,1,guitar,1,person,0,person,0,guitar,1
fb83af2e38094b67,guitar,person,0,person,0,dog,0,person,0,elephant,0,elephant,0
0876ddecf89c9e3c,guitar,guitar,1,guitar,1,guitar,1,person,0,person,0,guitar,1
4d60529d0b811921,guitar,guitar,1,guitar,1,guitar,1,person,0,giraffe,0,guitar,1
8e63517d3c40195c,guitar,guitar,1,guitar,1,guitar,1,person,0,person,0,guitar,1
48f3cc9c3f802194,guitar,guitar,1,guitar,1,guitar,1,person,0,giraffe,0,guitar,1
e1fe03436c4f0a4e,guitar,guitar,1,guitar,1,guitar,1,person,0,elephant,0,guitar,1
ed29e19294feb5be,guitar,guitar,1,guitar,1,guitar,1,person,0,horse,0,guitar,1
950295c1ad020aba,guitar,guitar,1,guitar,1,guitar,1,person,0,elephant,0,guitar,1
d7e70b09e6a02b30,guitar,guitar,1,guitar,1,guitar,1,person,0,elephant,0,giraffe,0
9443f81b90b397ef,guitar,guitar,1,guitar,1,guitar,1,person,0,elephant,0,guitar,1
39887760acb41f7d,guitar,guitar,1,guitar,1,guitar,1,person,0,elephant,0,guitar,1
9de5d527ce02a869,guitar,guitar,1,guitar,1,guitar,1,person,0,elephant,0,guitar,1
2ad47b142b58beb7,guitar,guitar,1,guitar,1,guitar,1,person,0,person,0,giraffe,0
6329914aa8b61daf,guitar,guitar,1,guitar,1,guitar,1,person,0,guitar,1,guitar,1
cd3906b69ee6d312,guitar,guitar,1,guitar,1,guitar,1,person,0,person,0,guitar,1
4cf9f1849990b1f5,guitar,guitar,1,guitar,1,guitar,1,person,0,person,0,guitar,1
185f57c4b2ea7b5e,guitar,guitar,1,guitar,1,guitar,1,person,0,person,0,guitar,1
1a69e88dcb7a6ac6,guitar,guitar,1,guitar,1,guitar,1,person,0,person,0,guitar,1
943f1cc25112e76f,guitar,guitar,1,guitar,1,guitar,1,person,0,elephant,0,guitar,1
a45c893834bf0094,guitar,guitar,1,guitar,1,guitar,1,person,0,person,0,guitar,1
f3cdf31f55c73803,guitar,guitar,1,guitar,1,guitar,1,person,0,giraffe,0,guitar,1
b7347c75912eb908,guitar,guitar,1,guitar,1,guitar,1,person,0,horse,0,guitar,1
a961d3edbf9477de,guitar,guitar,1,guitar,1,guitar,1,person,0,horse,0,guitar,1
659061f7056a84ad,guitar,guitar,1,guitar,1,guitar,1,person,0,elephant,0,guitar,1
f423eebe364d5c51,guitar,guitar,1,guitar,1,guitar,1,person,0,horse,0,guitar,1
a61f7d5159878927,guitar,guitar,1,guitar,1,guitar,1,person,0,horse,0,guitar,1
21f09af2a12dbe2d,guitar,guitar,1,guitar,1,guitar,1,person,0,giraffe,0,guitar,1
0332740935350ec5,guitar,guitar,1,guitar,1,guitar,1,person,0,elephant,0,guitar,1
143f1c3cd46451de,guitar,guitar,1,guitar,1,guitar,1,person,0,person,0,guitar,1
ad3e1f96536039bc,guitar,guitar,1,guitar,1,guitar,1,person,0,giraffe,0,guitar,1
5f2c4e17ca8b2ddc,guitar,guitar,1,guitar,1,guitar,1,person,0,person,0,guitar,1
79afca2b362262fe,guitar,guitar,1,giraffe,0,guitar,1,person,0,giraffe,0,guitar,1
4a083a0c484d1307,guitar,guitar,1,guitar,1,guitar,1,person,0,elephant,0,guitar,1
dbc3f4f50bb8f17c,guitar,guitar,1,guitar,1,guitar,1,person,0,elephant,0,guitar,1
40bc403008bd6c2d,guitar,guitar,1,person,0,guitar,1,person,0,elephant,0,elephant,0
06a0b1dc519b34c3,guitar,guitar,1,guitar,1,guitar,1,person,0,elephant,0,guitar,1
bbd83e4a6dc7d543,guitar,guitar,1,guitar,1,guitar,1,person,0,elephant,0,guitar,1
661a1dcad8a3e9a1,guitar,guitar,1,guitar,1,guitar,1,person,0,elephant,0,guitar,1
eb5a94c0ae2cd50a,guitar,guitar,1,guitar,1,guitar,1,person,0,giraffe,0,guitar,1
6933771e91f3593e,guitar,guitar,1,guitar,1,guitar,1,person,0,person,0,guitar,1
07496f375b20b33c,guitar,guitar,1,guitar,1,guitar,1,person,0,giraffe,0,guitar,1
2c09630dbb6616d1,guitar,guitar,1,guitar,1,guitar,1,person,0,giraffe,0,guitar,1
ecbb78c390153db4,guitar,guitar,1,guitar,1,guitar,1,person,0,giraffe,0,guitar,1
5eaadc2985d91902,guitar,guitar,1,guitar,1,guitar,1,person,0,person,0,guitar,1
c3811fe186c6b053,guitar,guitar,1,guitar,1,person,0,person,0,giraffe,0,guitar,1
614778d413a80152,guitar,guitar,1,guitar,1,guitar,1,person,0,person,0,guitar,1
4c0e32671b12c279,guitar,guitar,1,guitar,1,guitar,1,person,0,person,0,guitar,1
6224f8ad9ff13e59,guitar,guitar,1,guitar,1,guitar,1,person,0,person,0,guitar,1
c730c8bd39f2144a,guitar,guitar,1,guitar,1,guitar,1,person,0,person,0,guitar,1
56d6e894f3c92ef9,guitar,guitar,1,guitar,1,guitar,1,person,0,person,0,guitar,1
527492c1a720f246,guitar,guitar,1,guitar,1,guitar,1,person,0,person,0,giraffe,0
c514236eb002e1df,guitar,guitar,1,guitar,1,guitar,1,person,0,elephant,0,guitar,1
75147d75dbafad48,guitar,guitar,1,guitar,1,guitar,1,person,0,person,0,giraffe,0
1dc6f78f1a27a720,guitar,guitar,1,guitar,1,guitar,1,person,0,elephant,0,guitar,1
3bb76f8c0afd5a00,guitar,guitar,1,guitar,1,guitar,1,person,0,guitar,1,guitar,1
b4a881ab8030502b,guitar,guitar,1,guitar,1,guitar,1,person,0,elephant,0,guitar,1
edab9de16f4c028f,guitar,guitar,1,guitar,1,guitar,1,person,0,person,0,guitar,1
3ed31c4826c58c35,guitar,guitar,1,guitar,1,person,0,person,0,elephant,0,guitar,1
bf232bd62741e985,guitar,guitar,1,guitar,1,guitar,1,person,0,person,0,guitar,1
dc4b2610a6a0577e,guitar,guitar,1,guitar,1,guitar,1,person,0,person,0,guitar,1
92ddc8653c05b03e,guitar,guitar,1,guitar,1,guitar,1,person,0,giraffe,0,guitar,1
1b321649cc06f3a7,guitar,guitar,1,guitar,1,guitar,1,person,0,giraffe,0,guitar,1
ee0a5d67d69db052,guitar,guitar,1,guitar,1,guitar,1,person,0,giraffe,0,guitar,1
9edaf7272431aef8,guitar,guitar,1,guitar,1,guitar,1,person,0,guitar,1,guitar,1
510faa4534bd9c64,guitar,guitar,1,guitar,1,guitar,1,person,0,person,0,guitar,1
eeba70a246623cf5,guitar,guitar,1,guitar,1,guitar,1,person,0,person,0,guitar,1
5d5e100aa026ffcc,guitar,guitar,1,guitar,1,guitar,1,person,0,person,0,guitar,1
abd9a2599d0cefd9,guitar,guitar,1,guitar,1,guitar,1,person,0,person,0,guitar,1
362fa07ca1612fcb,guitar,guitar,1,guitar,1,guitar,1,person,0,person,0,guitar,1
5d16ea5ba647b9cc,guitar,guitar,1,guitar,1,guitar,1,person,0,giraffe,0,guitar,1
c6dc4a6e8440299d,guitar,guitar,1,guitar,1,guitar,1,person,0,giraffe,0,guitar,1
6f3609bb25704656,guitar,dog,0,guitar,1,guitar,1,person,0,giraffe,0,guitar,1
3f488e3e2541869b,guitar,guitar,1,guitar,1,guitar,1,person,0,giraffe,0,guitar,1
0057f0350d968016,guitar,guitar,1,guitar,1,guitar,1,person,0,person,0,guitar,1
1421327937b4f986,guitar,guitar,1,guitar,1,guitar,1,person,0,giraffe,0,guitar,1
0b27852d275ba5ca,guitar,guitar,1,guitar,1,guitar,1,person,0,person,0,guitar,1
d3aff160c036b8d4,guitar,guitar,1,guitar,1,guitar,1,person,0,person,0,guitar,1
76f9d103833c8dc2,guitar,guitar,1,guitar,1,guitar,1,person,0,person,0,guitar,1
831c0ccc04d78c38,guitar,guitar,1,guitar,1,guitar,1,person,0,person,0,guitar,1
a997a4be2cb9db0c,guitar,guitar,1,guitar,1,guitar,1,person,0,person,0,guitar,1
5781ffae924b9750,guitar,guitar,1,guitar,1,guitar,1,person,0,giraffe,0,guitar,1
d77b433c20a8087c,guitar,guitar,1,guitar,1,guitar,1,person,0,giraffe,0,giraffe,0
dbe9971627e33c2c,guitar,guitar,1,guitar,1,guitar,1,person,0,person,0,guitar,1
c45a6a3d7b9fd549,guitar,guitar,1,guitar,1,guitar,1,person,0,person,0,guitar,1
95188e87fbe1f592,guitar,dog,0,guitar,1,dog,0,person,0,giraffe,0,giraffe,0
86b6010089e3b1fc,guitar,guitar,1,guitar,1,guitar,1,person,0,person,0,guitar,1
2d34a4cb3026563e,guitar,guitar,1,guitar,1,guitar,1,person,0,person,0,guitar,1
0d82e20549b72637,guitar,guitar,1,guitar,1,guitar,1,person,0,person,0,guitar,1
1373b03339a34949,guitar,guitar,1,guitar,1,guitar,1,person,0,giraffe,0,giraffe,0
2b452823e0f646b8,guitar,guitar,1,guitar,1,guitar,1,person,0,person,0,guitar,1
d9e7dd40b80ae2e9,guitar,guitar,1,guitar,1,person,0,person,0,person,0,giraffe,0
328adaec8da18839,guitar,guitar,1,guitar,1,guitar,1,person,0,giraffe,0,guitar,1
01c962ba8602c35a,guitar,guitar,1,guitar,1,person,0,person,0,giraffe,0,giraffe,0
598af7ddeb95d85c,guitar,guitar,1,guitar,1,guitar,1,person,0,person,0,guitar,1
0b876f0116d5e0b9,guitar,guitar,1,guitar,1,guitar,1,person,0,giraffe,0,guitar,1
24579e6776347898,guitar,guitar,1,guitar,1,guitar,1,person,0,person,0,guitar,1
2460e2ca55223fee,guitar,elephant,0,guitar,1,guitar,1,person,0,elephant,0,guitar,1
ab3bd7d8ea2893cc,guitar,guitar,1,guitar,1,guitar,1,person,0,elephant,0,guitar,1
8fa4439c27390e0d,guitar,elephant,0,guitar,1,guitar,1,person,0,elephant,0,elephant,0
ca1434e8391c8910,guitar,guitar,1,guitar,1,guitar,1,person,0,horse,0,guitar,1
b523bf6d61ac396f,guitar,guitar,1,dog,0,dog,0,person,0,horse,0,guitar,1
32efc320831775e9,guitar,guitar,1,guitar,1,guitar,1,person,0,horse,0,guitar,1
456e3e14e818d396,guitar,person,0,house,0,person,0,person,0,elephant,0,guitar,1
ca1bb695e3b045ee,guitar,dog,0,guitar,1,person,0,person,0,elephant,0,guitar,1
d6b8c1e2e1b405be,guitar,elephant,0,guitar,1,guitar,1,person,0,horse,0,guitar,1
76a71442b3f5dff3,guitar,guitar,1,guitar,1,guitar,1,person,0,horse,0,guitar,1
be8da965cac298b4,guitar,guitar,1,guitar,1,guitar,1,person,0,horse,0,guitar,1
35aa208aea0b6e7c,guitar,guitar,1,guitar,1,guitar,1,person,0,horse,0,guitar,1
076d4b4573af86a0,guitar,guitar,1,guitar,1,guitar,1,person,0,elephant,0,guitar,1
a9152cdd98fbb947,guitar,guitar,1,guitar,1,guitar,1,person,0,elephant,0,guitar,1
37967efe505ed3f2,guitar,guitar,1,guitar,1,guitar,1,person,0,elephant,0,guitar,1
06bae296403c20a5,guitar,guitar,1,guitar,1,guitar,1,person,0,elephant,0,guitar,1
dca99192088776da,guitar,guitar,1,guitar,1,guitar,1,person,0,elephant,0,giraffe,0
a265bbb39b7fe891,guitar,guitar,1,guitar,1,guitar,1,person,0,person,0,guitar,1
b4ae640b3a51a08b,guitar,person,0,guitar,1,guitar,1,person,0,giraffe,0,guitar,1
277258de1831e005,guitar,guitar,1,guitar,1,guitar,1,person,0,person,0,guitar,1
d9385c630408d0a7,guitar,guitar,1,guitar,1,guitar,1,person,0,giraffe,0,guitar,1
16c0747c6c88e3b0,guitar,guitar,1,guitar,1,guitar,1,person,0,person,0,guitar,1
44ee4dd351e78306,guitar,guitar,1,guitar,1,guitar,1,person,0,person,0,guitar,1
9d73c757767b6da2,guitar,guitar,1,guitar,1,guitar,1,person,0,person,0,guitar,1
c81878a2cea5d3b0,guitar,guitar,1,guitar,1,guitar,1,person,0,person,0,guitar,1
2d509550f629b181,guitar,guitar,1,guitar,1,guitar,1,person,0,person,0,guitar,1
9e0341b8dc6c77bb,guitar,guitar,1,guitar,1,guitar,1,person,0,person,0,guitar,1
d5d7de33a773d28f,guitar,guitar,1,guitar,1,guitar,1,person,0,horse,0,guitar,1
d59c99861b1a02af,guitar,guitar,1,person,0,guitar,1,person,0,elephant,0,giraffe,0
3f73e255b15b94d3,guitar,guitar,1,guitar,1,guitar,1,person,0,elephant,0,guitar,1
e054dc291f8b6c17,guitar,guitar,1,guitar,1,guitar,1,person,0,elephant,0,guitar,1
fcabf3ccb21bd449,guitar,guitar,1,guitar,1,guitar,1,person,0,elephant,0,guitar,1
47b9abcbd809f083,guitar,guitar,1,guitar,1,guitar,1,person,0,elephant,0,giraffe,0
441063b5850d0283,guitar,guitar,1,guitar,1,guitar,1,person,0,person,0,guitar,1
8504411eacee94cb,guitar,guitar,1,guitar,1,guitar,1,person,0,person,0,guitar,1
a1b79cfae8dea97c,guitar,guitar,1,guitar,1,guitar,1,person,0,guitar,1,guitar,1
838ccb8ecc22bdc3,guitar,guitar,1,guitar,1,guitar,1,person,0,giraffe,0,guitar,1
91ce66b4d37e5ce7,guitar,dog,0,guitar,1,guitar,1,person,0,giraffe,0,guitar,1
25014e4e94e54569,guitar,guitar,1,guitar,1,guitar,1,person,0,giraffe,0,guitar,1
a202de22e5bc5f9e,guitar,guitar,1,guitar,1,guitar,1,person,0,person,0,guitar,1
d0097dbfb8a320cc,guitar,guitar,1,guitar,1,guitar,1,person,0,elephant,0,guitar,1
9dcc6218d7b36b7b,guitar,guitar,1,guitar,1,guitar,1,person,0,elephant,0,guitar,1
c778f6ad0e7fdc2d,guitar,guitar,1,guitar,1,guitar,1,person,0,elephant,0,giraffe,0
d3f96787acfcae22,guitar,guitar,1,guitar,1,guitar,1,person,0,elephant,0,guitar,1
bd18a4bb5e605815,guitar,guitar,1,guitar,1,guitar,1,person,0,elephant,0,guitar,1
ecb91bc96a92dbf4,guitar,guitar,1,guitar,1,guitar,1,person,0,elephant,0,giraffe,0
73b5e012326b4242,guitar,guitar,1,guitar,1,guitar,1,person,0,elephant,0,giraffe,0
6e391800bb6f08b8,guitar,guitar,1,guitar,1,guitar,1,person,0,elephant,0,guitar,1
4eab9e7d17e84e97,guitar,guitar,1,guitar,1,guitar,1,person,0,elephant,0,guitar,1
a31fa6c3efef241d,guitar,guitar,1,guitar,1,guitar,1,person,0,elephant,0,guitar,1
80d4dcff6f3985d2,guitar,guitar,1,guitar,1,guitar,1,person,0,giraffe,0,guitar,1
af30cf594b8d0193,guitar,guitar,1,giraffe,0,guitar,1,person,0,giraffe,0,giraffe,0
390022f2fd16357b,guitar,dog,0,guitar,1,guitar,1,person,0,person,0,guitar,1
d6751be4fe7cc645,guitar,elephant,0,guitar,1,guitar,1,person,0,giraffe,0,guitar,1
44be9e16bc434492,guitar,dog,0,person,0,person,0,person,0,giraffe,0,guitar,1
b9bbb943348d919b,guitar,guitar,1,guitar,1,guitar,1,person,0,person,0,guitar,1
762c7c459e9da299,guitar,guitar,1,guitar,1,guitar,1,person,0,person,0,guitar,1
9bc70bc19925be39,guitar,guitar,1,guitar,1,guitar,1,person,0,person,0,guitar,1
3f3e11c182897608,guitar,guitar,1,guitar,1,guitar,1,person,0,giraffe,0,guitar,1
6f819a0109bc5651,guitar,guitar,1,guitar,1,guitar,1,person,0,person,0,guitar,1
1e86647ec855e479,guitar,guitar,1,guitar,1,guitar,1,person,0,person,0,guitar,1
e4e9d2a36515c552,guitar,guitar,1,guitar,1,guitar,1,person,0,person,0,guitar,1
1422256f9dcfd3b4,guitar,guitar,1,guitar,1,guitar,1,person,0,person,0,guitar,1
3b40caf7425bb6d5,guitar,guitar,1,guitar,1,guitar,1,person,0,giraffe,0,guitar,1
f5f02f7440ff3f41,guitar,guitar,1,guitar,1,guitar,1,person,0,giraffe,0,guitar,1
3ed2ffce814d3f15,guitar,guitar,1,guitar,1,guitar,1,person,0,person,0,guitar,1
28b38b1f14717382,guitar,guitar,1,guitar,1,guitar,1,person,0,person,0,guitar,1
5280ee9aebc05bd1,guitar,guitar,1,guitar,1,guitar,1,person,0,person,0,guitar,1
536f789fb6e18cb6,guitar,guitar,1,guitar,1,guitar,1,person,0,guitar,1,guitar,1
fca92ab4f993b541,guitar,guitar,1,guitar,1,guitar,1,person,0,person,0,guitar,1
dd5385b7d5797606,guitar,guitar,1,guitar,1,guitar,1,person,0,person,0,guitar,1
a40cbdd6ba21e421,guitar,guitar,1,guitar,1,guitar,1,person,0,person,0,guitar,1
7b8674d762809065,guitar,guitar,1,guitar,1,guitar,1,person,0,giraffe,0,guitar,1
b78f0b1ce9033397,guitar,guitar,1,guitar,1,guitar,1,person,0,person,0,guitar,1
834bcdb38e25da29,guitar,guitar,1,guitar,1,guitar,1,person,0,giraffe,0,guitar,1
3e1f34617cb018c6,guitar,guitar,1,guitar,1,guitar,1,person,0,giraffe,0,guitar,1
16366950882941ac,guitar,guitar,1,guitar,1,guitar,1,person,0,person,0,guitar,1
cd5a6a8fae58c8c9,guitar,guitar,1,guitar,1,guitar,1,person,0,person,0,guitar,1
0c0967ed670e37e8,guitar,guitar,1,guitar,1,guitar,1,person,0,person,0,guitar,1
1f6b0ff21bc741fa,guitar,guitar,1,guitar,1,guitar,1,person,0,person,0,guitar,1
7583146e4176a294,guitar,guitar,1,guitar,1,guitar,1,person,0,person,0,guitar,1
c2406fedc10ee4f0,guitar,guitar,1,guitar,1,guitar,1,person,0,horse,0,guitar,1
a30c5f3edd6b2200,guitar,guitar,1,guitar,1,guitar,1,person,0,elephant,0,guitar,1
371c6ba0d26a7d30,guitar,guitar,1,guitar,1,guitar,1,person,0,horse,0,guitar,1
9f2372277016500d,guitar,guitar,1,guitar,1,guitar,1,person,0,horse,0,guitar,1
e998bdf944184def,guitar,guitar,1,guitar,1,guitar,1,person,0,horse,0,guitar,1
3222d9c72cbfb1f2,guitar,guitar,1,guitar,1,guitar,1,person,0,person,0,guitar,1
1def6a1eb4c4ab1a,guitar,elephant,0,guitar,1,guitar,1,person,0,giraffe,0,guitar,1
00eed4c78102b89d,guitar,guitar,1,guitar,1,guitar,1,person,0,person,0,guitar,1
14d6ea984712e1ea,guitar,dog,0,guitar,1,guitar,1,person,0,giraffe,0,giraffe,0
e755d579cae918ee,guitar,guitar,1,guitar,1,guitar,1,person,0,person,0,guitar,1
c0e4600a3112674e,guitar,guitar,1,guitar,1,guitar,1,person,0,elephant,0,guitar,1
49c5abe73c7b986e,guitar,guitar,1,guitar,1,guitar,1,person,0,horse,0,guitar,1
b2d50ba374956856,guitar,guitar,1,guitar,1,guitar,1,person,0,horse,0,guitar,1
0f625e5f03f5aafc,guitar,guitar,1,guitar,1,guitar,1,person,0,elephant,0,guitar,1
9cdce791b0e2613f,guitar,guitar,1,guitar,1,guitar,1,person,0,horse,0,guitar,1
2cba4a357599a204,guitar,guitar,1,guitar,1,guitar,1,person,0,horse,0,guitar,1
8c6120a0b9277ded,guitar,guitar,1,guitar,1,guitar,1,person,0,elephant,0,guitar,1
e1a5fa5afc570812,guitar,guitar,1,guitar,1,guitar,1,person,0,elephant,0,elephant,0
1be073e4481b39d8,guitar,guitar,1,guitar,1,guitar,1,person,0,elephant,0,guitar,1
db541d4c0cc3e04d,guitar,guitar,1,guitar,1,guitar,1,person,0,elephant,0,guitar,1
9a3d7a4fa43b21dc,guitar,guitar,1,guitar,1,guitar,1,person,0,elephant,0,guitar,1
e4f1da727751bc75,guitar,guitar,1,guitar,1,guitar,1,person,0,elephant,0,guitar,1
34e5697e378b0340,guitar,guitar,1,guitar,1,person,0,person,0,elephant,0,guitar,1
85b748e629b57329,guitar,guitar,1,guitar,1,guitar,1,person,0,elephant,0,guitar,1
2661d02d0ddde31c,guitar,guitar,1,guitar,1,guitar,1,person,0,elephant,0,guitar,1
08144698448f42ad,guitar,dog,0,guitar,1,guitar,1,person,0,giraffe,0,guitar,1
1659f64cd3173226,guitar,guitar,1,guitar,1,guitar,1,person,0,person,0,guitar,1
05131157fa0f9d11,guitar,guitar,1,guitar,1,guitar,1,person,0,person,0,guitar,1
a0fcfa55c2ead018,guitar,guitar,1,guitar,1,guitar,1,person,0,person,0,guitar,1
21459efebfc3803f,guitar,guitar,1,guitar,1,guitar,1,person,0,giraffe,0,guitar,1
4f2be60f80a35a95,guitar,guitar,1,guitar,1,guitar,1,person,0,elephant,0,guitar,1
8315e9dda3c3882b,guitar,guitar,1,guitar,1,guitar,1,person,0,giraffe,0,guitar,1
844b609ce6fa6185,guitar,guitar,1,guitar,1,guitar,1,person,0,elephant,0,guitar,1
b613b6505bfea8d4,guitar,guitar,1,guitar,1,guitar,1,person,0,giraffe,0,guitar,1
df7e824b373280ad,guitar,guitar,1,guitar,1,guitar,1,person,0,elephant,0,guitar,1
616360455aeed82b,guitar,guitar,1,guitar,1,guitar,1,person,0,elephant,0,guitar,1
657baad5e57446f9,guitar,guitar,1,guitar,1,guitar,1,person,0,guitar,1,guitar,1
ad12bd362cb8f37b,guitar,guitar,1,guitar,1,guitar,1,person,0,giraffe,0,guitar,1
ea9ca774f21b0037,guitar,guitar,1,guitar,1,guitar,1,person,0,person,0,guitar,1
2de466d4da36832f,guitar,guitar,1,guitar,1,guitar,1,person,0,guitar,1,guitar,1
401b28a46d6d40ee,guitar,guitar,1,guitar,1,guitar,1,person,0,giraffe,0,guitar,1
a7066b0ee3cf2210,guitar,dog,0,guitar,1,person,0,person,0,giraffe,0,guitar,1
f81bdbd8faf0fd41,guitar,guitar,1,guitar,1,guitar,1,person,0,giraffe,0,guitar,1
05fae43caa5e11fc,guitar,guitar,1,guitar,1,guitar,1,person,0,person,0,guitar,1
7573b144b252b322,guitar,guitar,1,guitar,1,guitar,1,person,0,giraffe,0,guitar,1
9bd06d3273c93860,guitar,guitar,1,guitar,1,guitar,1,person,0,guitar,1,guitar,1
5ca5045dbcaee117,guitar,dog,0,guitar,1,guitar,1,person,0,elephant,0,guitar,1
72f9fe595416c590,guitar,guitar,1,guitar,1,guitar,1,person,0,elephant,0,guitar,1
4da5c20f6ddf4b2c,guitar,guitar,1,guitar,1,guitar,1,person,0,elephant,0,guitar,1
600641bdc8a5574d,guitar,guitar,1,guitar,1,guitar,1,person,0,elephant,0,guitar,1
17b78b35692494bf,guitar,elephant,0,person,0,elephant,0,person,0,elephant,0,elephant,0
db6fd2f67a08a704,guitar,guitar,1,guitar,1,guitar,1,person,0,person,0,giraffe,0
aa1a50acd2a7eeaa,guitar,guitar,1,guitar,1,guitar,1,person,0,person,0,guitar,1
2d8b5604238e724f,guitar,guitar,1,guitar,1,guitar,1,person,0,person,0,guitar,1
f7e76e65f17c6119,guitar,guitar,1,guitar,1,guitar,1,person,0,person,0,guitar,1
cc08dfd9fd6ba729,guitar,guitar,1,guitar,1,guitar,1,person,0,person,0,guitar,1
a07d12053296005b,guitar,elephant,0,person,0,guitar,1,person,0,elephant,0,elephant,0
71f70440c0700361,guitar,person,0,person,0,person,0,person,0,elephant,0,guitar,1
3ab34344288ba201,guitar,guitar,1,guitar,1,guitar,1,person,0,horse,0,guitar,1
61c871318a9f19aa,guitar,guitar,1,guitar,1,guitar,1,person,0,horse,0,guitar,1
4158953a214676bc,guitar,guitar,1,guitar,1,guitar,1,person,0,horse,0,guitar,1
6385d28dcb3e96a4,guitar,guitar,1,guitar,1,guitar,1,person,0,person,0,guitar,1
67514916d682a277,guitar,guitar,1,giraffe,0,giraffe,0,person,0,person,0,giraffe,0
09c8c0055ca5672b,guitar,guitar,1,guitar,1,guitar,1,person,0,giraffe,0,guitar,1
e5282ab07a793f8d,guitar,guitar,1,guitar,1,guitar,1,person,0,person,0,guitar,1
0cdde5dfca5b266d,guitar,guitar,1,guitar,1,guitar,1,person,0,giraffe,0,guitar,1
bb2228e5a0f484b8,guitar,guitar,1,guitar,1,guitar,1,person,0,horse,0,guitar,1
220ee75e3372f9e6,guitar,guitar,1,guitar,1,guitar,1,person,0,elephant,0,guitar,1
faaa6de867c8b27b,guitar,guitar,1,guitar,1,guitar,1,person,0,elephant,0,guitar,1
0be0848b6b49ba1c,guitar,guitar,1,guitar,1,guitar,1,person,0,horse,0,guitar,1
680128d340b31c94,guitar,guitar,1,guitar,1,guitar,1,person,0,horse,0,guitar,1
021e7d4cc7d753db,guitar,guitar,1,guitar,1,guitar,1,person,0,horse,0,guitar,1
5d5501d2dcab655a,guitar,guitar,1,guitar,1,guitar,1,person,0,horse,0,guitar,1
c56175840c48673d,guitar,guitar,1,person,0,person,0,person,0,horse,0,elephant,0
ce5ff6517e17dc8b,guitar,guitar,1,guitar,1,guitar,1,person,0,horse,0,guitar,1
c4032b9123f60b2e,guitar,elephant,0,guitar,1,guitar,1,person,0,horse,0,guitar,1
24e18c1f566172ae,guitar,guitar,1,guitar,1,guitar,1,person,0,person,0,guitar,1
bf9d41b6aaa6b471,guitar,guitar,1,guitar,1,guitar,1,person,0,person,0,guitar,1
4c90bfc7301da826,guitar,guitar,1,guitar,1,guitar,1,person,0,giraffe,0,guitar,1
577d1112331c6731,guitar,guitar,1,guitar,1,guitar,1,person,0,person,0,giraffe,0
58c6fe8381f9f79e,guitar,guitar,1,guitar,1,guitar,1,person,0,person,0,guitar,1
0467d167f3da9f15,guitar,guitar,1,guitar,1,guitar,1,person,0,person,0,guitar,1
b2c52958cef832d9,guitar,guitar,1,guitar,1,guitar,1,person,0,elephant,0,guitar,1
c2b3e855bc58f020,guitar,guitar,1,guitar,1,guitar,1,person,0,giraffe,0,guitar,1
1d6440deb3ee33f7,guitar,guitar,1,guitar,1,guitar,1,person,0,person,0,guitar,1
4f98afecefc43087,guitar,guitar,1,guitar,1,guitar,1,person,0,giraffe,0,guitar,1
4a8ddb7eb13f6d90,guitar,guitar,1,guitar,1,guitar,1,person,0,person,0,guitar,1
41596a6b0b59a4ea,guitar,guitar,1,guitar,1,guitar,1,person,0,giraffe,0,guitar,1
e14027e93147505d,guitar,guitar,1,person,0,guitar,1,person,0,elephant,0,guitar,1
de7c5002a2a8cdf3,guitar,guitar,1,guitar,1,guitar,1,person,0,elephant,0,guitar,1
be8d60158851e0ac,guitar,guitar,1,guitar,1,guitar,1,person,0,horse,0,guitar,1
ea831ab9a5538b85,guitar,guitar,1,person,0,person,0,person,0,elephant,0,giraffe,0
71c9f5be3e15e932,guitar,guitar,1,guitar,1,guitar,1,person,0,elephant,0,guitar,1
482eca40a9514483,guitar,guitar,1,guitar,1,guitar,1,person,0,elephant,0,guitar,1
87f061e6a1bc465f,guitar,guitar,1,guitar,1,guitar,1,person,0,elephant,0,guitar,1
d8731636179e33fb,guitar,guitar,1,guitar,1,guitar,1,person,0,horse,0,guitar,1
0c4779f01197d1db,guitar,guitar,1,guitar,1,guitar,1,person,0,horse,0,guitar,1
69c602c10c9d6df9,guitar,guitar,1,guitar,1,guitar,1,person,0,horse,0,guitar,1
9c8b9d8b43d56561,guitar,guitar,1,guitar,1,guitar,1,person,0,elephant,0,guitar,1
a7bf99918d73affa,guitar,guitar,1,guitar,1,guitar,1,person,0,horse,0,guitar,1
d16f6383295f6ca1,guitar,guitar,1,guitar,1,guitar,1,person,0,elephant,0,guitar,1
d7a9c50f5edb76ef,guitar,guitar,1,person,0,guitar,1,person,0,elephant,0,elephant,0
fbe211d924cbecda,guitar,guitar,1,guitar,1,guitar,1,person,0,elephant,0,guitar,1
743ed873dda7f35c,guitar,guitar,1,guitar,1,guitar,1,person,0,person,0,guitar,1
ed96ec72bd4ab8a6,guitar,guitar,1,guitar,1,guitar,1,person,0,person,0,guitar,1
b105167760b29003,guitar,guitar,1,guitar,1,guitar,1,person,0,person,0,guitar,1
dcdc366f8d7a7289,guitar,guitar,1,guitar,1,guitar,1,person,0,person,0,guitar,1
59a29f84f463c72b,guitar,horse,0,guitar,1,guitar,1,person,0,giraffe,0,giraffe,0
956019ca4d84f138,guitar,guitar,1,guitar,1,guitar,1,person,0,person,0,guitar,1
daa05b961faacb2d,guitar,guitar,1,guitar,1,guitar,1,person,0,giraffe,0,guitar,1
dfb27457663d21f2,guitar,guitar,1,guitar,1,guitar,1,person,0,guitar,1,guitar,1
373802d603643f26,guitar,guitar,1,guitar,1,guitar,1,person,0,person,0,guitar,1
962b4cd7ed27c95b,guitar,guitar,1,guitar,1,guitar,1,person,0,person,0,guitar,1
3bbd8aa173518f4f,guitar,guitar,1,guitar,1,guitar,1,person,0,person,0,guitar,1
0e642c6fddd825c5,guitar,guitar,1,guitar,1,guitar,1,person,0,horse,0,elephant,0
2f6e880b48d89e14,guitar,guitar,1,guitar,1,guitar,1,person,0,elephant,0,elephant,0
8343f4f92fbebe6a,guitar,guitar,1,elephant,0,guitar,1,person,0,elephant,0,elephant,0
e2379e2cc0529140,guitar,guitar,1,guitar,1,guitar,1,person,0,horse,0,guitar,1
dc6e636bab6af1e4,guitar,guitar,1,guitar,1,guitar,1,person,0,horse,0,guitar,1
eb7fe3ce18175320,guitar,guitar,1,guitar,1,guitar,1,person,0,person,0,guitar,1
71944a3ffc8af43d,guitar,guitar,1,guitar,1,guitar,1,person,0,person,0,guitar,1
c6b9f2576917b654,guitar,guitar,1,guitar,1,guitar,1,person,0,person,0,guitar,1
d5ee1cb404698fa0,guitar,guitar,1,guitar,1,guitar,1,person,0,person,0,guitar,1
a622e86033ccae1b,guitar,guitar,1,guitar,1,guitar,1,person,0,giraffe,0,guitar,1
784fd7243516edd6,guitar,dog,0,guitar,1,guitar,1,person,0,person,0,giraffe,0
550eb4346e89932a,guitar,guitar,1,guitar,1,guitar,1,person,0,person,0,guitar,1
8d3a5328c519708a,guitar,guitar,1,guitar,1,guitar,1,person,0,person,0,guitar,1
f398b93272551212,guitar,guitar,1,guitar,1,guitar,1,person,0,giraffe,0,guitar,1
f4844262add6e40e,guitar,guitar,1,guitar,1,guitar,1,person,0,giraffe,0,guitar,1
be450d9af6fe07dd,guitar,guitar,1,guitar,1,guitar,1,person,0,person,0,guitar,1
ade63e872b1f1162,guitar,guitar,1,guitar,1,guitar,1,person,0,person,0,guitar,1
2f639d6155087fe3,guitar,guitar,1,guitar,1,guitar,1,person,0,person,0,guitar,1
8a5320d0ccb199f5,guitar,guitar,1,guitar,1,guitar,1,person,0,person,0,guitar,1
2f5c8cf94a3968ea,guitar,guitar,1,guitar,1,guitar,1,person,0,person,0,guitar,1
9b4e0faa59257f92,guitar,guitar,1,guitar,1,guitar,1,person,0,person,0,guitar,1
97e9c5777463856f,horse,elephant,0,house,0,house,0,person,0,elephant,0,elephant,0
50a354c2b5438070,horse,horse,1,house,0,house,0,person,0,elephant,0,horse,1
a5a73fe33520c46f,horse,elephant,0,house,0,house,0,person,0,elephant,0,giraffe,0
0b4ffa8200109edb,horse,horse,1,house,0,house,0,person,0,elephant,0,horse,1
dfb2340056758a09,horse,horse,1,person,0,house,0,person,0,elephant,0,horse,1
15056d06e520c818,horse,dog,0,house,0,house,0,person,0,elephant,0,horse,1
a29f7b03fdde7672,horse,horse,1,house,0,house,0,person,0,elephant,0,horse,1
a5b3f1235ec3ba17,horse,horse,1,person,0,house,0,person,0,elephant,0,horse,1
8ffa70b53b255f61,horse,horse,1,person,0,house,0,person,0,elephant,0,elephant,0
77493834d1cb73e3,horse,horse,1,person,0,house,0,person,0,elephant,0,elephant,0
c33bfed34d9960fb,horse,elephant,0,house,0,house,0,person,0,elephant,0,elephant,0
9fd76e85af885b7f,horse,giraffe,0,house,0,house,0,person,0,elephant,0,giraffe,0
aa634b62db2d672a,horse,elephant,0,giraffe,0,house,0,person,0,elephant,0,horse,1
282d91233ac4f346,horse,horse,1,giraffe,0,house,0,person,0,elephant,0,elephant,0
f8117f097ad7ea43,horse,elephant,0,house,0,house,0,person,0,elephant,0,elephant,0
8fbea39799cb8eb6,horse,horse,1,dog,0,horse,1,person,0,elephant,0,horse,1
b47edb23651784bc,horse,dog,0,house,0,house,0,person,0,elephant,0,elephant,0
7bb8ecdc115f978f,horse,horse,1,dog,0,house,0,person,0,elephant,0,horse,1
02c86bd92efc0331,horse,horse,1,house,0,house,0,person,0,elephant,0,giraffe,0
90714152f622cd2d,horse,elephant,0,house,0,house,0,person,0,elephant,0,elephant,0
cd478e7bb4ad49cc,horse,horse,1,house,0,horse,1,person,0,elephant,0,horse,1
c408b3c12a0f8d3d,horse,elephant,0,house,0,house,0,person,0,elephant,0,horse,1
491161db9bda823d,horse,horse,1,house,0,house,0,person,0,elephant,0,elephant,0
59c20864960e674a,horse,horse,1,house,0,house,0,person,0,elephant,0,horse,1
6ca1e0678410b95d,horse,horse,1,person,0,house,0,person,0,elephant,0,elephant,0
b4443686f9b21da2,horse,person,0,house,0,house,0,person,0,elephant,0,elephant,0
d7abe59fbc60f1cf,horse,horse,1,giraffe,0,house,0,person,0,elephant,0,giraffe,0
d4c481f628527f3b,horse,horse,1,person,0,house,0,person,0,elephant,0,horse,1
7633eceacdcba34c,horse,elephant,0,house,0,house,0,person,0,elephant,0,elephant,0
ad29a42139ea7287,horse,elephant,0,house,0,elephant,0,person,0,elephant,0,elephant,0
b12e08d896fcc6b8,horse,dog,0,person,0,house,0,person,0,elephant,0,giraffe,0
8e1d3e64f89453ee,horse,person,0,house,0,house,0,person,0,elephant,0,horse,1
f70875001fc5758c,horse,horse,1,house,0,house,0,person,0,elephant,0,horse,1
508f61cc18e298df,horse,elephant,0,house,0,house,0,person,0,elephant,0,elephant,0
378114e406679d86,horse,elephant,0,house,0,house,0,person,0,elephant,0,giraffe,0
a60ddd130ed04ea5,horse,elephant,0,house,0,elephant,0,person,0,elephant,0,elephant,0
3360d28628b8f0dd,horse,horse,1,horse,1,horse,1,person,0,elephant,0,horse,1
be59559eeb0b2213,horse,dog,0,house,0,house,0,person,0,elephant,0,horse,1
b9395162c279b8fa,horse,elephant,0,person,0,house,0,person,0,elephant,0,elephant,0
a4d87bd38ed365f2,horse,elephant,0,giraffe,0,house,0,person,0,elephant,0,elephant,0
a99cce6feef43831,horse,dog,0,person,0,house,0,person,0,elephant,0,elephant,0
1332bb040431a550,horse,horse,1,person,0,house,0,person,0,elephant,0,horse,1
8f6604e57cb97787,horse,horse,1,giraffe,0,house,0,person,0,elephant,0,horse,1
ee7d7d16d8ced3fa,horse,elephant,0,house,0,house,0,person,0,elephant,0,horse,1
80c72d77b9d9cd2b,horse,horse,1,house,0,house,0,person,0,elephant,0,horse,1
cd8c4d7420dd02a0,horse,horse,1,person,0,house,0,person,0,elephant,0,horse,1
4df9e845dcd73ca8,horse,horse,1,house,0,house,0,person,0,elephant,0,horse,1
b8c58deab5ddbf1a,horse,horse,1,person,0,person,0,person,0,elephant,0,horse,1
e13b103c73d4f7a4,horse,elephant,0,house,0,house,0,person,0,elephant,0,elephant,0
4379b6632477ccf2,horse,elephant,0,person,0,elephant,0,person,0,elephant,0,elephant,0
b08366acb2f4690c,horse,elephant,0,house,0,house,0,person,0,elephant,0,elephant,0
0aeec14b63b6d736,horse,elephant,0,person,0,elephant,0,person,0,elephant,0,elephant,0
131f5bf8ce723a18,horse,horse,1,horse,1,house,0,person,0,elephant,0,horse,1
0ed4fd7f8a027bcc,horse,horse,1,horse,1,elephant,0,person,0,elephant,0,elephant,0
8633eaef4712d52d,horse,horse,1,house,0,house,0,person,0,elephant,0,elephant,0
ed4dd4bda2ae4a61,horse,horse,1,house,0,house,0,person,0,elephant,0,elephant,0
a8bb4b7bdd43404a,horse,horse,1,person,0,house,0,person,0,elephant,0,horse,1
73d3f555ab1cb633,horse,horse,1,house,0,house,0,person,0,elephant,0,horse,1
41be809fd0615938,horse,horse,1,house,0,house,0,person,0,elephant,0,horse,1
ca3ac75d74d6aa87,horse,elephant,0,giraffe,0,house,0,person,0,elephant,0,elephant,0
507884bb33366451,horse,elephant,0,house,0,house,0,person,0,elephant,0,elephant,0
81bb7eb5a4cca625,horse,dog,0,person,0,house,0,person,0,elephant,0,giraffe,0
40790331d86ae714,horse,elephant,0,house,0,house,0,person,0,elephant,0,horse,1
dc10ab1094d3175b,horse,horse,1,house,0,house,0,person,0,elephant,0,horse,1
ac8a5a7c19258e1b,horse,horse,1,house,0,house,0,person,0,elephant,0,horse,1
8de6b5cad315ab7f,horse,horse,1,house,0,house,0,person,0,elephant,0,horse,1
8ef34b300b174523,horse,elephant,0,house,0,house,0,person,0,elephant,0,horse,1
a05b1241f659e463,horse,dog,0,person,0,house,0,person,0,elephant,0,horse,1
644ef9804eb62d40,horse,horse,1,person,0,person,0,person,0,elephant,0,elephant,0
c497170a5582651d,horse,elephant,0,house,0,elephant,0,person,0,elephant,0,elephant,0
2b60d68753a1665c,horse,horse,1,giraffe,0,house,0,person,0,elephant,0,horse,1
3ba43ceb290e6805,horse,person,0,house,0,house,0,person,0,elephant,0,elephant,0
6aff84dbed7052da,horse,elephant,0,house,0,house,0,person,0,elephant,0,elephant,0
2ddaaaef913a5c72,horse,elephant,0,house,0,house,0,person,0,horse,1,elephant,0
85c2218fdc8eb677,horse,elephant,0,house,0,house,0,person,0,elephant,0,elephant,0
1d4858823c44e267,horse,elephant,0,house,0,house,0,person,0,elephant,0,elephant,0
7a10816e1e0b75d0,horse,horse,1,house,0,house,0,person,0,elephant,0,giraffe,0
187cf1290650d683,horse,dog,0,house,0,house,0,person,0,elephant,0,elephant,0
9be731e53b8f8547,horse,horse,1,person,0,horse,1,person,0,elephant,0,horse,1
0d0b204ebf913d15,horse,dog,0,house,0,house,0,person,0,elephant,0,elephant,0
150a0705cacdce79,horse,horse,1,horse,1,horse,1,person,0,elephant,0,horse,1
bcba5eaae08a3cae,horse,horse,1,dog,0,horse,1,person,0,elephant,0,horse,1
9bba2c9b698d89f6,horse,horse,1,person,0,horse,1,person,0,elephant,0,horse,1
125fc7718ff437ac,horse,horse,1,dog,0,horse,1,person,0,elephant,0,horse,1
5980e3cf6eadb044,horse,horse,1,horse,1,horse,1,person,0,elephant,0,elephant,0
85b74fa4b5123e3c,horse,horse,1,person,0,horse,1,person,0,elephant,0,horse,1
163e3f41eec4f958,horse,horse,1,horse,1,horse,1,person,0,elephant,0,horse,1
58dab74f6636103c,horse,horse,1,horse,1,person,0,person,0,elephant,0,horse,1
d23c741ec3e70656,horse,horse,1,horse,1,horse,1,person,0,elephant,0,horse,1
ab19be96aae26089,horse,dog,0,horse,1,horse,1,person,0,elephant,0,horse,1
2aa2eea313dca6ba,horse,horse,1,horse,1,horse,1,person,0,elephant,0,horse,1
d95549dc456d5376,horse,horse,1,house,0,horse,1,person,0,elephant,0,horse,1
fc2e21eb8aa552b5,horse,horse,1,horse,1,horse,1,person,0,elephant,0,horse,1
97bd76cb07c17081,horse,horse,1,horse,1,horse,1,person,0,elephant,0,horse,1
30e104a8c5859903,horse,dog,0,dog,0,dog,0,person,0,elephant,0,elephant,0
ddf9bd0c40718dcb,horse,horse,1,horse,1,horse,1,person,0,elephant,0,horse,1
5fd36f4e24946718,horse,horse,1,horse,1,horse,1,person,0,elephant,0,horse,1
1a0f8c472d321dcf,horse,horse,1,horse,1,horse,1,person,0,elephant,0,elephant,0
04cca06b34e930f2,horse,horse,1,horse,1,horse,1,person,0,elephant,0,horse,1
662984c79fa3c088,horse,horse,1,horse,1,horse,1,person,0,elephant,0,horse,1
da60d85ba74f3c1d,horse,horse,1,horse,1,horse,1,person,0,elephant,0,horse,1
56008cb88a5ceb32,horse,horse,1,horse,1,horse,1,person,0,elephant,0,horse,1
68c6d20dea190d23,horse,horse,1,horse,1,horse,1,person,0,elephant,0,horse,1
c0d62fccde9704b3,horse,horse,1,horse,1,horse,1,person,0,person,0,horse,1
6eeba43b59a2f551,horse,horse,1,horse,1,horse,1,person,0,elephant,0,horse,1
3185395b7296ab5d,horse,horse,1,horse,1,horse,1,person,0,elephant,0,horse,1
2b9b79f62660cab5,horse,horse,1,horse,1,horse,1,person,0,elephant,0,horse,1
2d290d71a0ff9622,horse,house,0,house,0,house,0,person,0,horse,1,horse,1
9106375250c81c31,horse,horse,1,horse,1,horse,1,person,0,elephant,0,giraffe,0
2299df845cca1778,horse,person,0,house,0,horse,1,person,0,person,0,horse,1
34221c773717c099,horse,dog,0,dog,0,horse,1,person,0,horse,1,horse,1
144989482a3607f6,horse,horse,1,house,0,house,0,person,0,horse,1,giraffe,0
f956916b6f2b4f2f,horse,dog,0,horse,1,horse,1,person,0,elephant,0,elephant,0
66c0e1f5e04424c1,horse,elephant,0,house,0,elephant,0,person,0,elephant,0,elephant,0
4be263d280de49d5,horse,elephant,0,elephant,0,elephant,0,person,0,elephant,0,elephant,0
f53681368bd71332,horse,elephant,0,elephant,0,horse,1,person,0,house,0,elephant,0
69eeda09837d2e81,horse,elephant,0,elephant,0,elephant,0,person,0,elephant,0,elephant,0
b66d1e37c8da4395,horse,elephant,0,elephant,0,elephant,0,person,0,house,0,elephant,0
ad0cc69a51133fed,horse,elephant,0,elephant,0,elephant,0,person,0,elephant,0,elephant,0
3b1b4f533d83019c,horse,horse,1,giraffe,0,horse,1,person,0,house,0,elephant,0
ff36c17b15b279f0,horse,elephant,0,giraffe,0,horse,1,person,0,elephant,0,elephant,0
d826b79242013299,horse,person,0,giraffe,0,dog,0,person,0,elephant,0,giraffe,0
f04b22529c562479,horse,horse,1,horse,1,horse,1,person,0,elephant,0,giraffe,0
9a5f616a7c13714a,horse,dog,0,person,0,horse,1,person,0,person,0,giraffe,0
12bb65121732c2ad,horse,horse,1,dog,0,dog,0,person,0,elephant,0,giraffe,0
b833e4f11f94f1ba,horse,person,0,person,0,house,0,person,0,elephant,0,elephant,0
ba06348dd8925827,horse,horse,1,horse,1,horse,1,person,0,elephant,0,horse,1
a5375a92bf6cd217,horse,dog,0,horse,1,horse,1,person,0,elephant,0,elephant,0
28b9869a2955b6c0,horse,horse,1,horse,1,horse,1,person,0,person,0,horse,1
71fbab1a579a1045,horse,horse,1,horse,1,horse,1,person,0,elephant,0,giraffe,0
8e57f87649124e03,horse,dog,0,dog,0,dog,0,person,0,elephant,0,horse,1
49e8141f90a0b62c,horse,horse,1,horse,1,dog,0,person,0,elephant,0,horse,1
d2932b09ac7ad388,horse,horse,1,horse,1,horse,1,person,0,horse,1,horse,1
59a63baaeb85cd8d,horse,horse,1,horse,1,dog,0,person,0,horse,1,horse,1
16ad6ee126b16f60,horse,horse,1,horse,1,horse,1,person,0,elephant,0,horse,1
e5c8f884951b92d7,horse,horse,1,horse,1,dog,0,person,0,horse,1,horse,1
fbb7dae53c9f351c,horse,horse,1,horse,1,dog,0,person,0,elephant,0,horse,1
2bd26c9b894f7060,horse,horse,1,horse,1,dog,0,person,0,horse,1,horse,1
cc7f1b9913baa0ff,horse,dog,0,giraffe,0,person,0,person,0,giraffe,0,giraffe,0
2d129ca5b4cc09e7,horse,dog,0,giraffe,0,giraffe,0,person,0,elephant,0,giraffe,0
339ef8c92df68ffe,horse,horse,1,horse,1,horse,1,person,0,person,0,horse,1
c769c0acc08b4390,horse,dog,0,elephant,0,person,0,person,0,elephant,0,horse,1
3019560223cadd8c,horse,horse,1,house,0,horse,1,person,0,elephant,0,giraffe,0
1bdbf8f7e519d4a4,horse,horse,1,horse,1,horse,1,person,0,elephant,0,horse,1
3e6c146fbe16a79f,horse,dog,0,horse,1,horse,1,person,0,elephant,0,giraffe,0
881426d67c542e9e,horse,horse,1,person,0,giraffe,0,person,0,person,0,giraffe,0
79b86e5668cc1b5c,horse,horse,1,horse,1,horse,1,person,0,elephant,0,elephant,0
3ceabc9213559f46,horse,horse,1,horse,1,horse,1,person,0,elephant,0,horse,1
752482ee79369666,horse,horse,1,person,0,dog,0,person,0,person,0,giraffe,0
630933b8ea89139f,horse,horse,1,horse,1,horse,1,person,0,elephant,0,giraffe,0
3839b4b6dc05eeae,horse,horse,1,giraffe,0,giraffe,0,person,0,person,0,giraffe,0
826531db015fafc2,horse,dog,0,house,0,person,0,person,0,person,0,giraffe,0
057c273cf09b8bd8,horse,horse,1,horse,1,horse,1,person,0,elephant,0,giraffe,0
65944b35fc327d04,horse,horse,1,dog,0,horse,1,person,0,person,0,horse,1
1e1f5704e8cc4624,horse,dog,0,house,0,dog,0,person,0,elephant,0,giraffe,0
4d261e4320073cbd,horse,horse,1,horse,1,horse,1,person,0,person,0,horse,1
ef7e354382e7c0e9,horse,horse,1,giraffe,0,horse,1,person,0,elephant,0,giraffe,0
6a4fd245f713a99c,horse,horse,1,person,0,person,0,person,0,horse,1,horse,1
31bb9fa0d52604cc,horse,horse,1,giraffe,0,horse,1,person,0,horse,1,horse,1
867e017d2f907842,horse,horse,1,giraffe,0,horse,1,person,0,person,0,giraffe,0
da426a2ed16d43ce,horse,dog,0,elephant,0,elephant,0,person,0,elephant,0,elephant,0
1793ec749a2218d0,horse,horse,1,horse,1,horse,1,person,0,horse,1,horse,1
37a4057b36313a53,horse,horse,1,horse,1,horse,1,person,0,elephant,0,horse,1
707d5a59c6718f0b,horse,horse,1,horse,1,horse,1,person,0,elephant,0,horse,1
7d671709830f0f9e,horse,horse,1,horse,1,horse,1,person,0,elephant,0,horse,1
a83dccdb2802b8c5,horse,horse,1,house,0,horse,1,person,0,elephant,0,horse,1
782db9cce06e6462,horse,horse,1,horse,1,horse,1,person,0,elephant,0,horse,1
c8463e2914bf648c,horse,horse,1,person,0,horse,1,person,0,elephant,0,horse,1
0f0cd5c7b7799217,horse,horse,1,dog,0,person,0,person,0,elephant,0,dog,0
91d1797cc9824ca2,horse,horse,1,horse,1,horse,1,person,0,elephant,0,elephant,0
ab3f2fe915bcac54,horse,horse,1,dog,0,dog,0,person,0,elephant,0,horse,1
cc2ed575f3be6a4c,horse,horse,1,person,0,horse,1,person,0,person,0,giraffe,0
6be60f9f3a68a123,horse,horse,1,horse,1,horse,1,person,0,elephant,0,horse,1
af774c2aef1bfd73,horse,horse,1,house,0,house,0,person,0,person,0,giraffe,0
a13fe86db0bbfcb0,horse,horse,1,horse,1,horse,1,person,0,elephant,0,horse,1
b3927dd756ac0bbe,horse,horse,1,horse,1,horse,1,person,0,elephant,0,horse,1
9805c64685d23777,horse,dog,0,horse,1,dog,0,person,0,elephant,0,giraffe,0
cc717a7ed090737b,horse,horse,1,horse,1,horse,1,person,0,elephant,0,horse,1
30231ebad0c2c867,horse,horse,1,horse,1,horse,1,person,0,elephant,0,horse,1
c1080ebea899a9e9,horse,horse,1,horse,1,horse,1,person,0,elephant,0,horse,1
191a8b8c8c53b100,horse,person,0,house,0,horse,1,person,0,elephant,0,giraffe,0
875cd117f9689fab,horse,horse,1,horse,1,horse,1,person,0,elephant,0,horse,1
d131d2fd24eebd86,horse,dog,0,house,0,house,0,person,0,elephant,0,horse,1
2375ff11c7152623,horse,horse,1,horse,1,horse,1,person,0,person,0,giraffe,0
2e32bc954269d8be,horse,horse,1,horse,1,horse,1,person,0,elephant,0,horse,1
abf29ebe5441efdd,horse,horse,1,horse,1,dog,0,person,0,elephant,0,horse,1
10ace557a992034e,horse,horse,1,horse,1,horse,1,person,0,elephant,0,horse,1
0b4971e804004628,horse,dog,0,horse,1,horse,1,person,0,elephant,0,elephant,0
f905cd0c5ed19ed4,horse,horse,1,horse,1,horse,1,person,0,elephant,0,horse,1
d71fe571b40c92e2,horse,horse,1,horse,1,horse,1,person,0,elephant,0,horse,1
1a1f21d774c63dfb,horse,dog,0,horse,1,horse,1,person,0,elephant,0,elephant,0
ee0ce8c90b10387a,horse,dog,0,person,0,dog,0,person,0,elephant,0,elephant,0
3169ee75b494edaf,horse,horse,1,horse,1,horse,1,person,0,elephant,0,horse,1
9312c2c09c09ce8b,horse,horse,1,horse,1,horse,1,person,0,elephant,0,elephant,0
3eadc63021efa22b,horse,horse,1,horse,1,horse,1,person,0,horse,1,horse,1
77ea28415bcfa09d,horse,elephant,0,house,0,horse,1,person,0,elephant,0,elephant,0
c3ff217302f0ba54,horse,horse,1,horse,1,dog,0,person,0,elephant,0,horse,1
cfc27a87af85be62,horse,horse,1,horse,1,dog,0,person,0,horse,1,horse,1
2fcf7d13d5436e4b,horse,dog,0,house,0,house,0,person,0,elephant,0,giraffe,0
6066a53e9d660eba,horse,horse,1,horse,1,horse,1,person,0,horse,1,giraffe,0
f0ce2d2c719dc8d6,horse,horse,1,dog,0,horse,1,person,0,horse,1,giraffe,0
222b09682f68a70e,horse,horse,1,house,0,person,0,person,0,person,0,horse,1
1ffd1e5c829135f5,horse,horse,1,house,0,horse,1,person,0,elephant,0,horse,1
f049b89588b9d934,horse,horse,1,horse,1,horse,1,person,0,person,0,horse,1
f6c5f1401c949b59,horse,horse,1,horse,1,horse,1,person,0,person,0,horse,1
a1897a23ec336a87,horse,horse,1,horse,1,person,0,person,0,elephant,0,horse,1
e994576c1247ab86,horse,horse,1,horse,1,horse,1,person,0,elephant,0,horse,1
c538b368b2e4296e,horse,horse,1,horse,1,dog,0,person,0,elephant,0,horse,1
90a95c270cf6bdae,horse,horse,1,horse,1,dog,0,person,0,elephant,0,horse,1
2c88cad376b40dd2,horse,person,0,dog,0,dog,0,person,0,elephant,0,giraffe,0
9c049afb6ebe8967,horse,dog,0,dog,0,person,0,person,0,elephant,0,elephant,0
ed4359d43fc90c2b,horse,horse,1,horse,1,horse,1,person,0,giraffe,0,giraffe,0
2126d11ced9d6425,horse,horse,1,dog,0,dog,0,person,0,giraffe,0,horse,1
cc23d600e12c3c74,horse,horse,1,horse,1,dog,0,person,0,giraffe,0,horse,1
2c7ca39481664553,horse,horse,1,horse,1,horse,1,person,0,elephant,0,horse,1
fa6f1aefbadc47ba,horse,horse,1,house,0,house,0,person,0,elephant,0,horse,1
229b570e9670c419,horse,dog,0,person,0,person,0,person,0,elephant,0,giraffe,0
8c0610b4f3d27e04,horse,horse,1,horse,1,horse,1,person,0,elephant,0,horse,1
10e9edb799148da6,horse,horse,1,horse,1,dog,0,person,0,elephant,0,horse,1
e060f9d176a868ac,horse,dog,0,dog,0,horse,1,person,0,elephant,0,elephant,0
da7c277a61c6fdb9,horse,horse,1,elephant,0,elephant,0,person,0,elephant,0,horse,1
0cffe410ee343291,horse,elephant,0,elephant,0,elephant,0,person,0,elephant,0,elephant,0
d82272f2a9e23b01,horse,horse,1,elephant,0,horse,1,person,0,elephant,0,horse,1
39a63fcd85e2334c,horse,elephant,0,giraffe,0,horse,1,person,0,elephant,0,elephant,0
e0934e5bf3b557af,horse,dog,0,horse,1,horse,1,person,0,elephant,0,elephant,0
4b2b0d4ab95006ff,horse,dog,0,horse,1,horse,1,person,0,elephant,0,horse,1
a24b7a95f64f22ff,horse,horse,1,person,0,elephant,0,person,0,person,0,elephant,0
c0ea19292ccd2da4,horse,dog,0,horse,1,horse,1,person,0,elephant,0,horse,1
2d9a96e96666497f,horse,dog,0,elephant,0,horse,1,person,0,elephant,0,elephant,0
bdfdc695c69773db,horse,dog,0,person,0,horse,1,person,0,elephant,0,horse,1
51a5a4de46647763,horse,horse,1,horse,1,horse,1,person,0,elephant,0,horse,1
4cfcb15c0484177e,horse,horse,1,horse,1,horse,1,person,0,elephant,0,horse,1
48b2bf1d7ac0e6de,horse,horse,1,horse,1,horse,1,person,0,elephant,0,horse,1
5f9d1d07fdd40819,horse,dog,0,dog,0,dog,0,person,0,elephant,0,elephant,0
1f8c6190e7eaea9e,horse,horse,1,dog,0,horse,1,person,0,elephant,0,horse,1
cfa514b2c5352401,horse,horse,1,horse,1,dog,0,person,0,elephant,0,horse,1
cb232a26d6399e18,horse,horse,1,horse,1,horse,1,person,0,elephant,0,horse,1
a8db5d211c186a7a,horse,horse,1,horse,1,horse,1,person,0,elephant,0,horse,1
9b44e2135074f1b4,horse,horse,1,horse,1,horse,1,person,0,elephant,0,horse,1
73f6a97c9e4e0c4f,horse,horse,1,horse,1,horse,1,person,0,elephant,0,horse,1
fb0d73ce8d436494,horse,horse,1,horse,1,horse,1,person,0,elephant,0,horse,1
d54ef9b7ff66b2fa,horse,horse,1,horse,1,horse,1,person,0,elephant,0,horse,1
8792366fac62ae38,horse,horse,1,dog,0,dog,0,person,0,elephant,0,horse,1
a645350ff48dca61,horse,horse,1,horse,1,horse,1,person,0,elephant,0,horse,1
8f2bd52ace960554,horse,dog,0,horse,1,person,0,person,0,elephant,0,giraffe,0
7da3b11c8b4a8dbc,horse,dog,0,horse,1,person,0,person,0,elephant,0,giraffe,0
238a8915c634f953,horse,horse,1,horse,1,horse,1,person,0,person,0,horse,1
3e8dcfaa2e62d775,horse,horse,1,horse,1,horse,1,person,0,elephant,0,horse,1
f7b536f80febb713,horse,dog,0,dog,0,dog,0,person,0,person,0,giraffe,0
3fabcdd87b22e54b,horse,horse,1,horse,1,horse,1,person,0,elephant,0,giraffe,0
2bd12935c7026772,horse,dog,0,horse,1,horse,1,person,0,elephant,0,giraffe,0
115ce0f2fcf02062,horse,horse,1,horse,1,horse,1,person,0,elephant,0,horse,1
0e58c974093d64f7,horse,horse,1,horse,1,horse,1,person,0,elephant,0,horse,1
e60ae3be66b57a7f,horse,dog,0,dog,0,dog,0,person,0,elephant,0,giraffe,0
acaef6e1b1cf921e,horse,horse,1,horse,1,horse,1,person,0,elephant,0,horse,1
7f438e86e785985a,horse,horse,1,horse,1,horse,1,person,0,horse,1,horse,1
445296e9842b66d7,horse,horse,1,horse,1,horse,1,person,0,elephant,0,horse,1
3c1a59ce21b50794,horse,horse,1,horse,1,horse,1,person,0,elephant,0,horse,1
ff3933dbbd92098c,horse,horse,1,horse,1,horse,1,person,0,horse,1,horse,1
ca5e0c2804707629,horse,horse,1,house,0,horse,1,person,0,horse,1,horse,1
5228dd094f8613a5,horse,horse,1,horse,1,horse,1,person,0,elephant,0,elephant,0
b33399465311134e,horse,horse,1,horse,1,horse,1,person,0,horse,1,horse,1
51f2ebaa70c12959,horse,horse,1,person,0,dog,0,person,0,elephant,0,giraffe,0
84c0174da64fe364,horse,horse,1,house,0,horse,1,person,0,elephant,0,horse,1
c49d23abfd7a0983,horse,horse,1,person,0,person,0,person,0,person,0,horse,1
2df0e89305febf2a,horse,horse,1,horse,1,horse,1,person,0,elephant,0,horse,1
50045377e4f44be3,horse,horse,1,horse,1,horse,1,person,0,elephant,0,horse,1
25e2c96fe427440a,horse,horse,1,horse,1,horse,1,person,0,elephant,0,elephant,0
abfd15cc77bebb73,horse,horse,1,house,0,horse,1,person,0,elephant,0,horse,1
1cf5379be5e14a97,horse,horse,1,horse,1,horse,1,person,0,person,0,giraffe,0
4bddd2376b7a80fc,horse,horse,1,horse,1,horse,1,person,0,elephant,0,horse,1
28333f86cccd04cc,horse,horse,1,horse,1,horse,1,person,0,elephant,0,giraffe,0
c8853adc1b0f1469,horse,dog,0,house,0,house,0,person,0,elephant,0,giraffe,0
d36d13287ee965ad,horse,horse,1,horse,1,horse,1,person,0,elephant,0,horse,1
14ce18ae94af5f2f,horse,horse,1,house,0,horse,1,person,0,elephant,0,horse,1
cae95b994b1a6eb3,horse,horse,1,horse,1,horse,1,person,0,person,0,giraffe,0
5aef6ffd56fc1f85,horse,horse,1,house,0,horse,1,person,0,elephant,0,horse,1
5ab4bb2d0dd43ca8,horse,horse,1,horse,1,horse,1,person,0,elephant,0,horse,1
1a211e47aafde640,horse,horse,1,horse,1,horse,1,person,0,person,0,horse,1
1f32a1450cc11f93,horse,horse,1,elephant,0,horse,1,person,0,elephant,0,elephant,0
fabc83f36d695d2f,horse,horse,1,horse,1,horse,1,person,0,elephant,0,elephant,0
551b763cf2b943c3,horse,horse,1,dog,0,horse,1,person,0,elephant,0,horse,1
4c4d968869a55fb6,horse,horse,1,horse,1,horse,1,person,0,elephant,0,horse,1
e4a453be3f07799e,horse,horse,1,horse,1,horse,1,person,0,elephant,0,horse,1
7aaef2f64253cfa3,horse,horse,1,horse,1,horse,1,person,0,elephant,0,horse,1
840ff908b68d918f,horse,person,0,house,0,person,0,person,0,elephant,0,giraffe,0
6fed1d9e63dbbb34,horse,horse,1,giraffe,0,horse,1,person,0,elephant,0,giraffe,0
2bde8189fee40da4,horse,dog,0,elephant,0,horse,1,person,0,elephant,0,giraffe,0
c8f8b894bc6f0141,horse,horse,1,horse,1,horse,1,person,0,giraffe,0,giraffe,0
51bd5ce8bb98d7d9,horse,horse,1,horse,1,horse,1,person,0,elephant,0,giraffe,0
3fb33a4667b04a8e,horse,elephant,0,dog,0,elephant,0,person,0,elephant,0,elephant,0
f7b21379dadfd07e,horse,dog,0,person,0,elephant,0,person,0,elephant,0,elephant,0
34e34aba5f983a21,horse,horse,1,elephant,0,horse,1,person,0,elephant,0,elephant,0
a57b036e4ee44a6a,horse,horse,1,horse,1,horse,1,person,0,elephant,0,horse,1
8852e004bf41ee3e,horse,horse,1,horse,1,horse,1,person,0,elephant,0,horse,1
803df3a9a60a0a24,horse,horse,1,horse,1,horse,1,person,0,elephant,0,horse,1
7a927857908c1550,horse,dog,0,house,0,horse,1,person,0,elephant,0,elephant,0
5ec0a6312e1ff6b2,horse,horse,1,horse,1,horse,1,person,0,elephant,0,elephant,0
d8b676d1889dcb5b,horse,horse,1,elephant,0,horse,1,person,0,elephant,0,horse,1
82bfb2136502b61a,horse,horse,1,horse,1,horse,1,person,0,elephant,0,horse,1
b26fe9b5facad702,horse,horse,1,horse,1,horse,1,person,0,elephant,0,horse,1
969fe3c4507ef11e,horse,dog,0,giraffe,0,person,0,person,0,elephant,0,elephant,0
77c2d4507cd8943e,horse,horse,1,horse,1,horse,1,person,0,elephant,0,horse,1
593c7f6e885c3509,horse,horse,1,person,0,person,0,person,0,elephant,0,elephant,0
83c1919493d31a74,horse,horse,1,horse,1,horse,1,person,0,elephant,0,horse,1
99a628f152313966,horse,dog,0,person,0,dog,0,person,0,elephant,0,horse,1
cbd2bc248cdb8e7f,horse,horse,1,horse,1,horse,1,person,0,elephant,0,horse,1
18ceba55ccfc3e8c,horse,horse,1,horse,1,horse,1,person,0,elephant,0,horse,1
43731858a65a1a61,horse,horse,1,horse,1,horse,1,person,0,elephant,0,horse,1
61ae51cdc57fadef,horse,elephant,0,elephant,0,elephant,0,person,0,elephant,0,elephant,0
612cb79c6a332e07,horse,dog,0,elephant,0,person,0,person,0,elephant,0,elephant,0
ffdc4b4a22db93fe,horse,elephant,0,elephant,0,elephant,0,person,0,house,0,elephant,0
8f17e5ef1a00b7f3,horse,horse,1,horse,1,horse,1,person,0,elephant,0,horse,1
7c613fd90b8173a0,horse,horse,1,giraffe,0,horse,1,person,0,elephant,0,horse,1
205a6779703cf4fc,horse,horse,1,elephant,0,horse,1,person,0,elephant,0,elephant,0
de63f36b47cda854,horse,horse,1,person,0,person,0,person,0,elephant,0,giraffe,0
3b046867e4fc8656,horse,person,0,person,0,person,0,person,0,elephant,0,giraffe,0
0377b73f1fb4e554,horse,elephant,0,elephant,0,elephant,0,person,0,elephant,0,elephant,0
a065a19b5cd5987f,horse,elephant,0,person,0,elephant,0,person,0,elephant,0,elephant,0
0919000860ffb282,horse,elephant,0,elephant,0,elephant,0,person,0,elephant,0,elephant,0
1a8a065defa1e459,horse,horse,1,horse,1,horse,1,person,0,elephant,0,horse,1
b46e5027c1e5a47d,horse,horse,1,horse,1,horse,1,person,0,elephant,0,elephant,0
e55da94b4451bb43,horse,elephant,0,elephant,0,elephant,0,person,0,elephant,0,elephant,0
f060b01d87c5e67e,horse,horse,1,elephant,0,elephant,0,person,0,elephant,0,elephant,0
90a45d112cfefbc4,horse,horse,1,horse,1,horse,1,person,0,elephant,0,horse,1
4b48ef3ea4b722c8,horse,horse,1,house,0,horse,1,person,0,elephant,0,horse,1
e12595957df47a1d,horse,horse,1,horse,1,horse,1,person,0,elephant,0,horse,1
a69f362759faccb2,horse,horse,1,house,0,dog,0,person,0,elephant,0,giraffe,0
43b973e42e875141,horse,horse,1,horse,1,horse,1,person,0,elephant,0,horse,1
047b2249ce97db3d,horse,horse,1,horse,1,horse,1,person,0,person,0,giraffe,0
b4df582670140674,horse,elephant,0,elephant,0,horse,1,person,0,elephant,0,elephant,0
32efb3edfd952751,horse,horse,1,horse,1,horse,1,person,0,person,0,horse,1
43a1cd3125dd02fe,horse,horse,1,dog,0,horse,1,person,0,elephant,0,giraffe,0
9ecd003ce9ff9814,horse,horse,1,horse,1,horse,1,person,0,person,0,elephant,0
ae24e658c6216f75,horse,horse,1,horse,1,horse,1,person,0,elephant,0,horse,1
3eefe6d309251730,horse,horse,1,horse,1,horse,1,person,0,person,0,horse,1
01a5ed72a85b57f2,horse,elephant,0,horse,1,horse,1,person,0,elephant,0,elephant,0
e6fa8f4272877985,horse,horse,1,horse,1,horse,1,person,0,elephant,0,elephant,0
623d434dd8d8bf84,horse,elephant,0,horse,1,horse,1,person,0,elephant,0,elephant,0
b23afb6a35bb8893,horse,horse,1,dog,0,dog,0,person,0,elephant,0,horse,1
d0719411a4d6299c,horse,horse,1,horse,1,horse,1,person,0,elephant,0,horse,1
f45aab7a78c971d1,horse,horse,1,horse,1,horse,1,person,0,elephant,0,elephant,0
d7f3f131aae1a45a,horse,horse,1,horse,1,dog,0,person,0,elephant,0,horse,1
b4b204d2e8e75f46,horse,horse,1,horse,1,horse,1,person,0,elephant,0,horse,1
ea45806d15453bc4,horse,horse,1,horse,1,horse,1,person,0,elephant,0,horse,1
e41406259f0cfe8f,horse,horse,1,horse,1,horse,1,person,0,elephant,0,horse,1
8fc96cb3e59ec71b,horse,dog,0,giraffe,0,horse,1,person,0,person,0,giraffe,0
cfd8ac15eb554135,horse,dog,0,house,0,dog,0,person,0,person,0,giraffe,0
b56a3b5864194c40,horse,horse,1,giraffe,0,person,0,person,0,person,0,giraffe,0
34fef7eee45eee43,horse,horse,1,horse,1,horse,1,person,0,elephant,0,horse,1
d4dc981b0f3196dc,horse,person,0,house,0,person,0,person,0,person,0,giraffe,0
f2ec48eeab07a4ea,horse,horse,1,horse,1,horse,1,person,0,person,0,horse,1
488ffe8947baf772,horse,horse,1,horse,1,horse,1,person,0,elephant,0,giraffe,0
008eae509eaab5d4,horse,horse,1,horse,1,horse,1,person,0,horse,1,giraffe,0
1363ad0c9fdc2ebb,horse,dog,0,dog,0,dog,0,person,0,elephant,0,elephant,0
707760651dc3963f,horse,horse,1,horse,1,dog,0,person,0,elephant,0,horse,1
42c5ab1bb29b64a6,horse,horse,1,horse,1,dog,0,person,0,house,0,horse,1
548dc0c73303cce4,horse,horse,1,horse,1,dog,0,person,0,elephant,0,horse,1
08258d09581c8861,horse,dog,0,horse,1,horse,1,person,0,elephant,0,elephant,0
ee75f17f2f80055a,horse,dog,0,horse,1,dog,0,person,0,elephant,0,horse,1
c3a57b4d9fe59b34,horse,horse,1,horse,1,horse,1,person,0,house,0,elephant,0
6611ff9d0b6d8208,horse,horse,1,horse,1,horse,1,person,0,elephant,0,elephant,0
d44d331cb674e848,horse,horse,1,horse,1,horse,1,person,0,elephant,0,elephant,0
f2fbcbb19c2af3ae,horse,dog,0,person,0,dog,0,person,0,giraffe,0,elephant,0
9c239aeb7c07d517,horse,dog,0,elephant,0,elephant,0,person,0,person,0,elephant,0
fa9397a23fdf7619,horse,horse,1,horse,1,horse,1,person,0,giraffe,0,elephant,0
73214adb364f7631,horse,horse,1,horse,1,elephant,0,person,0,elephant,0,elephant,0
26006b982c21290e,horse,horse,1,horse,1,horse,1,person,0,elephant,0,elephant,0
489f9372122677c1,horse,horse,1,horse,1,horse,1,person,0,elephant,0,giraffe,0
cd164f3485770849,horse,horse,1,horse,1,horse,1,person,0,elephant,0,horse,1
1e4d7f7a8481b696,horse,horse,1,horse,1,horse,1,person,0,horse,1,horse,1
c7c25bbea03baaff,horse,horse,1,dog,0,horse,1,person,0,person,0,giraffe,0
7848fe23b7619067,horse,horse,1,horse,1,horse,1,person,0,elephant,0,giraffe,0
2d501c4ef52bf92f,horse,dog,0,horse,1,horse,1,person,0,elephant,0,horse,1
ffab5b12f27d6b6e,horse,horse,1,horse,1,dog,0,person,0,elephant,0,horse,1
bbf09fd52346c29a,horse,horse,1,horse,1,horse,1,person,0,person,0,horse,1
6636456b19a8667a,horse,horse,1,dog,0,horse,1,person,0,horse,1,giraffe,0
7bf67a5b73b0c50f,horse,horse,1,horse,1,horse,1,person,0,elephant,0,horse,1
f45b65fda48b3f35,horse,horse,1,dog,0,dog,0,person,0,horse,1,giraffe,0
5f735cbd1e16b9e8,horse,dog,0,dog,0,horse,1,person,0,elephant,0,giraffe,0
34ed093d6763e7a7,horse,horse,1,horse,1,horse,1,person,0,person,0,giraffe,0
4d7383f6c538ac89,horse,horse,1,horse,1,horse,1,person,0,elephant,0,horse,1
8f5c4f6907b7d857,horse,person,0,elephant,0,elephant,0,person,0,elephant,0,elephant,0
2b3a800cf5c79256,horse,horse,1,giraffe,0,horse,1,person,0,person,0,giraffe,0
aab438a58e3059b4,horse,horse,1,horse,1,person,0,person,0,person,0,horse,1
729daa23b164338b,horse,elephant,0,person,0,person,0,person,0,person,0,elephant,0
c944dcbe7536e287,horse,horse,1,horse,1,horse,1,person,0,person,0,giraffe,0
c7df84e4d9c83559,horse,horse,1,horse,1,horse,1,person,0,person,0,giraffe,0
f6e8f27e22b2d32b,horse,horse,1,horse,1,horse,1,person,0,person,0,giraffe,0
9dcd19efca119655,horse,horse,1,horse,1,horse,1,person,0,elephant,0,giraffe,0
218d2a13e60af190,horse,horse,1,horse,1,horse,1,person,0,giraffe,0,horse,1
d996869e993be98b,horse,horse,1,horse,1,horse,1,person,0,horse,1,giraffe,0
dd5d7b6ee941a909,horse,horse,1,horse,1,horse,1,person,0,person,0,horse,1
8b7023d7a3b331bf,horse,horse,1,horse,1,dog,0,person,0,elephant,0,horse,1
21e4872a3b558455,horse,horse,1,dog,0,dog,0,person,0,elephant,0,horse,1
de90c1082edd3e68,horse,horse,1,horse,1,horse,1,person,0,elephant,0,horse,1
c2fed351c5781c8e,horse,horse,1,horse,1,horse,1,person,0,elephant,0,horse,1
5acb1fab844c3ef7,horse,horse,1,dog,0,dog,0,person,0,elephant,0,horse,1
e739f17f0537bd6a,horse,horse,1,horse,1,horse,1,person,0,elephant,0,horse,1
03be992318621c87,horse,horse,1,horse,1,dog,0,person,0,elephant,0,giraffe,0
e0d075e999dbaa99,horse,horse,1,horse,1,horse,1,person,0,elephant,0,horse,1
de4a8beff866f9f9,horse,dog,0,elephant,0,person,0,person,0,elephant,0,elephant,0
4e0cb02eb16d496e,horse,horse,1,horse,1,horse,1,person,0,person,0,horse,1
261e7d5f8ca044ab,horse,dog,0,giraffe,0,giraffe,0,person,0,person,0,giraffe,0
be38def9af56a539,horse,horse,1,dog,0,dog,0,person,0,person,0,giraffe,0
29617403325996d4,horse,dog,0,giraffe,0,horse,1,person,0,elephant,0,horse,1
29ee5bb526094f68,horse,dog,0,person,0,horse,1,person,0,elephant,0,horse,1
2f0323f5db9e1cdf,horse,horse,1,person,0,horse,1,person,0,elephant,0,horse,1
c8c5ad343596e65b,horse,horse,1,horse,1,horse,1,person,0,elephant,0,horse,1
3b95afe8d4f0ec74,horse,horse,1,horse,1,horse,1,person,0,elephant,0,horse,1
1e183f3aebe7468a,horse,horse,1,horse,1,horse,1,person,0,elephant,0,horse,1
1f0fca22d8da76d4,horse,horse,1,horse,1,horse,1,person,0,elephant,0,horse,1
6b81dada330ca6de,horse,dog,0,person,0,horse,1,person,0,elephant,0,elephant,0
29356bf78e241847,horse,horse,1,horse,1,horse,1,person,0,elephant,0,horse,1
1c6194592388dc12,horse,horse,1,dog,0,dog,0,person,0,giraffe,0,elephant,0
76147314df9f1562,horse,horse,1,person,0,dog,0,person,0,giraffe,0,elephant,0
ea6012245b8cd54f,horse,dog,0,dog,0,dog,0,person,0,horse,1,giraffe,0
340129f9d013837d,horse,horse,1,giraffe,0,horse,1,person,0,elephant,0,giraffe,0
44a091d7b38dda6f,horse,horse,1,horse,1,horse,1,person,0,giraffe,0,elephant,0
1376dcadfe38e542,horse,horse,1,horse,1,horse,1,person,0,elephant,0,giraffe,0
e2b209593d298698,horse,horse,1,horse,1,horse,1,person,0,giraffe,0,horse,1
db6d7a29afcd129e,horse,horse,1,horse,1,horse,1,person,0,elephant,0,horse,1
ba1688b99b03b08d,horse,person,0,person,0,horse,1,person,0,elephant,0,horse,1
80afd7953d5abc98,horse,horse,1,horse,1,horse,1,person,0,elephant,0,horse,1
f0c14399e7446c57,horse,horse,1,horse,1,horse,1,person,0,elephant,0,horse,1
e92df8b3c1277c24,horse,horse,1,horse,1,horse,1,person,0,elephant,0,horse,1
3fb0abd776231824,horse,horse,1,horse,1,horse,1,person,0,elephant,0,horse,1
d233df0df95efdfc,horse,horse,1,horse,1,horse,1,person,0,elephant,0,horse,1
fa30055bd6928140,horse,horse,1,horse,1,horse,1,person,0,elephant,0,elephant,0
0d4868151477195d,horse,horse,1,horse,1,horse,1,person,0,elephant,0,horse,1
c4c2d7d5e95eb7cc,horse,horse,1,horse,1,horse,1,person,0,elephant,0,horse,1
65a617c3fb5e8162,horse,horse,1,horse,1,horse,1,person,0,elephant,0,horse,1
874fa41c7dfb8297,horse,horse,1,horse,1,horse,1,person,0,elephant,0,horse,1
0860ebe42f1296ef,horse,horse,1,horse,1,horse,1,person,0,elephant,0,horse,1
9d8b390a19120ff3,horse,horse,1,horse,1,horse,1,person,0,elephant,0,horse,1
3d4c1bd3aabbf7a8,horse,horse,1,horse,1,horse,1,person,0,elephant,0,horse,1
58ffc636620a548f,horse,horse,1,horse,1,horse,1,person,0,elephant,0,horse,1
0af0b1086dba41ac,horse,horse,1,horse,1,horse,1,person,0,elephant,0,horse,1
fdd2c08511d48a28,horse,horse,1,horse,1,dog,0,person,0,elephant,0,elephant,0
303cc6edea400a8e,horse,dog,0,elephant,0,horse,1,person,0,elephant,0,elephant,0
4b4c904fc35532da,horse,horse,1,horse,1,horse,1,person,0,elephant,0,horse,1
7716154a0108eb55,horse,horse,1,horse,1,horse,1,person,0,elephant,0,horse,1
35ebeb63e03c4c7e,horse,horse,1,horse,1,horse,1,person,0,elephant,0,horse,1
54f3909bbe93e18e,horse,horse,1,horse,1,horse,1,person,0,elephant,0,horse,1
a0191c6b4f61f32d,horse,dog,0,horse,1,horse,1,person,0,person,0,giraffe,0
a22e634e9e7c4c79,horse,horse,1,house,0,horse,1,person,0,elephant,0,horse,1
0d249d5647d2cea2,horse,horse,1,horse,1,horse,1,person,0,elephant,0,horse,1
c33f424965290884,horse,horse,1,house,0,horse,1,person,0,elephant,0,giraffe,0
6e95bb2588b8d5c2,horse,horse,1,horse,1,horse,1,person,0,elephant,0,horse,1
bf783e2fedfffa93,horse,horse,1,horse,1,horse,1,person,0,elephant,0,horse,1
6c7d94242692971f,horse,horse,1,elephant,0,elephant,0,person,0,elephant,0,elephant,0
86b97beed492fcd5,horse,horse,1,horse,1,horse,1,person,0,person,0,horse,1
b442f1c2f7463564,horse,person,0,person,0,person,0,person,0,person,0,elephant,0
b513d9851ed21dff,horse,dog,0,house,0,horse,1,person,0,person,0,giraffe,0
0b6019ffac1af948,horse,horse,1,horse,1,horse,1,person,0,person,0,horse,1
aa54f22bccf5c490,horse,dog,0,dog,0,horse,1,person,0,elephant,0,horse,1
025634173a1b06e7,horse,horse,1,dog,0,horse,1,person,0,elephant,0,horse,1
56338edf14b85746,horse,horse,1,house,0,horse,1,person,0,elephant,0,horse,1
240c486672e3ab1c,horse,horse,1,horse,1,horse,1,person,0,elephant,0,horse,1
a518275c337de189,horse,dog,0,person,0,elephant,0,person,0,elephant,0,elephant,0
e25fb1f7e2951638,horse,horse,1,horse,1,horse,1,person,0,elephant,0,horse,1
9acfafd086ff7199,horse,horse,1,horse,1,horse,1,person,0,elephant,0,horse,1
5cc9549a5b464755,horse,horse,1,horse,1,horse,1,person,0,horse,1,horse,1
b6938b5b4df019da,horse,horse,1,horse,1,horse,1,person,0,elephant,0,horse,1
a6f9bc9a5c6dc79a,horse,horse,1,house,0,horse,1,person,0,elephant,0,giraffe,0
44fc7cf07bc1c0d4,horse,dog,0,house,0,house,0,person,0,elephant,0,giraffe,0
89d1a436d31f1ef0,horse,horse,1,horse,1,horse,1,person,0,elephant,0,horse,1
9f4d5d89c7c67e8a,horse,horse,1,horse,1,horse,1,person,0,elephant,0,horse,1
47315a42ffd2149d,horse,dog,0,person,0,horse,1,person,0,elephant,0,horse,1
b47486752ca39f20,horse,dog,0,giraffe,0,horse,1,person,0,elephant,0,giraffe,0
15d3836cde2fc013,horse,horse,1,elephant,0,horse,1,person,0,elephant,0,horse,1
1e49a893a0cf958a,horse,horse,1,horse,1,horse,1,person,0,elephant,0,horse,1
fde554b1b5c5e26f,horse,horse,1,horse,1,horse,1,person,0,elephant,0,horse,1
e6dcd8c986e2d6ac,horse,horse,1,horse,1,horse,1,person,0,elephant,0,horse,1
4b35094a580f1bdc,horse,horse,1,horse,1,horse,1,person,0,elephant,0,horse,1
624e80756743f6fc,horse,horse,1,horse,1,horse,1,person,0,elephant,0,horse,1
b1caeac71a46c1c7,horse,horse,1,horse,1,horse,1,person,0,elephant,0,horse,1
d46ababd5edaa6a5,horse,horse,1,horse,1,horse,1,person,0,elephant,0,horse,1
4369155fc6b4c681,horse,horse,1,horse,1,horse,1,person,0,elephant,0,elephant,0
cbd163f23f60d37d,horse,horse,1,horse,1,horse,1,person,0,elephant,0,horse,1
c1a8517a99ea0862,horse,horse,1,elephant,0,horse,1,person,0,elephant,0,horse,1
558c614271fbb633,horse,horse,1,horse,1,horse,1,person,0,elephant,0,horse,1
d52f1c876975ce36,horse,horse,1,horse,1,horse,1,person,0,elephant,0,horse,1
e52ba86e9ff91abb,horse,dog,0,dog,0,dog,0,person,0,elephant,0,elephant,0
e09ff9f08294b97c,horse,dog,0,horse,1,horse,1,person,0,elephant,0,giraffe,0
3369b6ce3eef8333,horse,horse,1,horse,1,horse,1,person,0,elephant,0,horse,1
c1bcd646425ff346,horse,dog,0,dog,0,horse,1,person,0,elephant,0,elephant,0
a12b5b2705ec19df,horse,dog,0,dog,0,horse,1,person,0,elephant,0,giraffe,0
3afddd7a75c35f75,horse,horse,1,dog,0,horse,1,person,0,elephant,0,horse,1
aae6131a7e2fd924,horse,dog,0,dog,0,dog,0,person,0,elephant,0,elephant,0
f7acd4bd6b518efa,horse,horse,1,horse,1,horse,1,person,0,elephant,0,horse,1
48507734b68dec10,horse,dog,0,house,0,horse,1,person,0,elephant,0,horse,1
7e4a3dc29411eeb7,horse,dog,0,horse,1,horse,1,person,0,elephant,0,elephant,0
2efa1ef5c7221d08,horse,horse,1,horse,1,horse,1,person,0,elephant,0,horse,1
29f0104ad262f501,horse,dog,0,horse,1,horse,1,person,0,elephant,0,horse,1
1a0c99d50b0c26a1,horse,horse,1,horse,1,horse,1,person,0,elephant,0,horse,1
3ebbc14e758701ac,horse,horse,1,horse,1,elephant,0,person,0,giraffe,0,elephant,0
eade5d15420864bc,horse,person,0,horse,1,horse,1,person,0,person,0,horse,1
957f618b2c1d8e82,horse,horse,1,person,0,horse,1,person,0,elephant,0,horse,1
27c28837bbc4e648,horse,horse,1,horse,1,horse,1,person,0,elephant,0,horse,1
143f25356f25feb5,horse,horse,1,horse,1,horse,1,person,0,horse,1,horse,1
408a902ffadeefb7,horse,horse,1,horse,1,horse,1,person,0,elephant,0,horse,1
ba54f6bd8cc2fd65,horse,horse,1,horse,1,horse,1,person,0,person,0,giraffe,0
e725824a8495da94,horse,horse,1,horse,1,horse,1,person,0,elephant,0,horse,1
0c51c9bd93c3871d,horse,horse,1,horse,1,horse,1,person,0,elephant,0,giraffe,0
6c0c03a07ca9ffdb,horse,dog,0,horse,1,horse,1,person,0,person,0,giraffe,0
9a5fd1a266ff1c5c,horse,horse,1,horse,1,horse,1,person,0,elephant,0,giraffe,0
f4a4fa50989e8b0b,horse,horse,1,horse,1,horse,1,person,0,person,0,giraffe,0
0d30bafbe6f4ee3b,horse,horse,1,horse,1,horse,1,person,0,elephant,0,horse,1
4220008971d37fed,horse,horse,1,person,0,horse,1,person,0,elephant,0,horse,1
53b9836d5abf5476,horse,horse,1,horse,1,horse,1,person,0,elephant,0,horse,1
be902adab34adfb6,horse,horse,1,horse,1,horse,1,person,0,elephant,0,horse,1
ab4895fcec10ed9f,horse,horse,1,person,0,elephant,0,person,0,elephant,0,elephant,0
67a92f515ac1e85f,horse,horse,1,horse,1,horse,1,person,0,elephant,0,horse,1
2bc68fef14324ceb,horse,horse,1,horse,1,horse,1,person,0,elephant,0,horse,1
2c266a3348be9879,horse,horse,1,horse,1,horse,1,person,0,elephant,0,elephant,0
f930596291a82d98,horse,dog,0,person,0,horse,1,person,0,elephant,0,horse,1
c630b29ee93dc937,horse,horse,1,horse,1,horse,1,person,0,elephant,0,elephant,0
d62129ce2f367d8c,horse,horse,1,horse,1,horse,1,person,0,elephant,0,horse,1
aeb02066710e4e3d,horse,horse,1,horse,1,horse,1,person,0,elephant,0,horse,1
3e3ee6275133254b,horse,dog,0,elephant,0,horse,1,person,0,elephant,0,elephant,0
40a1d06118606e1e,horse,horse,1,horse,1,horse,1,person,0,elephant,0,horse,1
9ff143b7e57619dd,horse,horse,1,house,0,horse,1,person,0,elephant,0,giraffe,0
9ecbe3f8b5150a74,horse,dog,0,dog,0,dog,0,person,0,elephant,0,giraffe,0
2691f279d68cea4c,horse,horse,1,horse,1,horse,1,person,0,person,0,horse,1
74d2fa053c67f603,horse,dog,0,horse,1,dog,0,person,0,elephant,0,elephant,0
065c338e1e1458bd,horse,dog,0,horse,1,horse,1,person,0,elephant,0,horse,1
b1cb80a0dd14152f,horse,dog,0,horse,1,horse,1,person,0,elephant,0,giraffe,0
f24dd0a7aec88ad1,horse,horse,1,house,0,dog,0,person,0,elephant,0,horse,1
9b57da0e0bce21e4,horse,dog,0,horse,1,horse,1,person,0,elephant,0,giraffe,0
52ffda57a98b4f3b,horse,horse,1,person,0,horse,1,person,0,elephant,0,giraffe,0
389ce630dad1b694,horse,horse,1,horse,1,horse,1,person,0,elephant,0,horse,1
5ed3b0f19f768fd1,horse,dog,0,house,0,house,0,person,0,elephant,0,horse,1
c6e97cdb39b0c518,horse,elephant,0,elephant,0,horse,1,person,0,elephant,0,elephant,0
7986f13a0c41faf9,horse,horse,1,horse,1,horse,1,person,0,elephant,0,giraffe,0
2750623c43e45cf5,horse,horse,1,horse,1,horse,1,person,0,elephant,0,horse,1
3e7191308c24413c,horse,dog,0,horse,1,horse,1,person,0,giraffe,0,elephant,0
6a88c4511e34ecbf,horse,horse,1,horse,1,horse,1,person,0,elephant,0,horse,1
82dba691bff2b35f,horse,horse,1,horse,1,elephant,0,person,0,person,0,elephant,0
cfce3112e9dba76d,horse,horse,1,giraffe,0,person,0,person,0,person,0,giraffe,0
ae6480b308ee5cd7,horse,horse,1,horse,1,horse,1,person,0,person,0,giraffe,0
61b00c2cecdcbd60,horse,dog,0,dog,0,person,0,person,0,elephant,0,elephant,0
f04dcfa3936cd0e0,horse,horse,1,person,0,person,0,person,0,person,0,giraffe,0
7f8c362326736be9,horse,horse,1,horse,1,dog,0,person,0,person,0,horse,1
f3b28f88f00e22b8,horse,horse,1,horse,1,horse,1,person,0,person,0,elephant,0
833b723950d3e1f9,horse,dog,0,dog,0,dog,0,person,0,elephant,0,giraffe,0
b459c81ab178ef50,horse,horse,1,horse,1,dog,0,person,0,elephant,0,elephant,0
d5417460de96fbf3,horse,horse,1,horse,1,horse,1,person,0,elephant,0,horse,1
e1a313626340538c,horse,elephant,0,horse,1,horse,1,person,0,elephant,0,elephant,0
6c12176ac47af66a,horse,horse,1,dog,0,dog,0,person,0,elephant,0,horse,1
cf947deca66c687e,horse,horse,1,horse,1,horse,1,person,0,elephant,0,horse,1
5d1209f28592fc67,horse,horse,1,horse,1,horse,1,person,0,elephant,0,horse,1
bcd6e440efec82b5,horse,horse,1,horse,1,horse,1,person,0,elephant,0,elephant,0
f18fec7d79ce063c,horse,horse,1,horse,1,dog,0,person,0,elephant,0,horse,1
272a044345148183,horse,horse,1,horse,1,horse,1,person,0,elephant,0,elephant,0
5cad2107ee31af20,horse,dog,0,person,0,horse,1,person,0,elephant,0,elephant,0
231ec8ddd27ab273,horse,horse,1,horse,1,horse,1,person,0,elephant,0,horse,1
50de092d835bc5d6,horse,horse,1,horse,1,horse,1,person,0,elephant,0,horse,1
6a20636ca0c7a8e7,horse,horse,1,horse,1,horse,1,person,0,elephant,0,horse,1
13a716e23cd906c5,horse,horse,1,horse,1,horse,1,person,0,elephant,0,horse,1
8e411838e7c6914e,horse,horse,1,house,0,horse,1,person,0,elephant,0,horse,1
50b220958cb37ed0,horse,horse,1,horse,1,horse,1,person,0,elephant,0,horse,1
eed57755fda9dfa1,horse,horse,1,horse,1,horse,1,person,0,elephant,0,horse,1
ec816f9a4205cc09,horse,horse,1,horse,1,horse,1,person,0,elephant,0,elephant,0
c2368a7b2336b42f,horse,dog,0,dog,0,person,0,person,0,elephant,0,elephant,0
825128372066b9aa,horse,dog,0,house,0,horse,1,person,0,person,0,giraffe,0
7a1a9378c1d3397f,horse,dog,0,house,0,person,0,person,0,elephant,0,giraffe,0
d5e556d5d0d48880,horse,horse,1,horse,1,horse,1,person,0,elephant,0,horse,1
77e9678b65c3be20,horse,dog,0,horse,1,dog,0,person,0,elephant,0,horse,1
fdafec99b6590d66,horse,dog,0,dog,0,dog,0,person,0,elephant,0,horse,1
66a1e35a88885713,horse,dog,0,horse,1,horse,1,person,0,elephant,0,horse,1
362b0582fd810fa4,horse,horse,1,horse,1,dog,0,person,0,person,0,horse,1
39d297a5de4a9a0f,horse,dog,0,dog,0,dog,0,person,0,elephant,0,giraffe,0
408e2d6804e65f93,horse,dog,0,dog,0,dog,0,person,0,person,0,giraffe,0
370d983bab187c80,horse,horse,1,horse,1,horse,1,person,0,elephant,0,horse,1
7714a01517ae3a2f,horse,dog,0,giraffe,0,person,0,person,0,person,0,giraffe,0
2f1194009820b07a,horse,person,0,person,0,person,0,person,0,person,0,giraffe,0
102411b92302102f,horse,dog,0,dog,0,dog,0,person,0,person,0,giraffe,0
012daaa0ee52b9cd,horse,person,0,dog,0,person,0,person,0,person,0,giraffe,0
c99ef337029c86dd,horse,dog,0,person,0,person,0,person,0,elephant,0,giraffe,0
84dee2a4aba65c2a,horse,dog,0,horse,1,horse,1,person,0,person,0,giraffe,0
fbba421b5cd815f4,horse,horse,1,elephant,0,elephant,0,person,0,person,0,giraffe,0
5861d6e0e8068d43,horse,horse,1,person,0,person,0,person,0,person,0,giraffe,0
51eccb0f9bff6f55,horse,dog,0,person,0,dog,0,person,0,elephant,0,dog,0
cab690bb589962bc,horse,horse,1,horse,1,dog,0,person,0,elephant,0,horse,1
81f16d1e4eb5442d,horse,horse,1,horse,1,horse,1,person,0,elephant,0,elephant,0
a798b131974acb14,horse,dog,0,person,0,dog,0,person,0,elephant,0,giraffe,0
ca840219859fcd56,horse,horse,1,horse,1,horse,1,person,0,elephant,0,elephant,0
ddc45e7e1aaab461,horse,horse,1,horse,1,horse,1,person,0,elephant,0,horse,1
9187d9dc68196be3,horse,horse,1,horse,1,horse,1,person,0,elephant,0,horse,1
0e9f859f93cbac7b,horse,dog,0,dog,0,dog,0,person,0,elephant,0,giraffe,0
d86659ab0ece0670,horse,horse,1,horse,1,dog,0,person,0,horse,1,horse,1
606510f03eb71448,horse,horse,1,horse,1,elephant,0,person,0,person,0,elephant,0
85ed8d9ee3917495,horse,person,0,person,0,person,0,person,0,person,0,elephant,0
f0f72c64ffaf424c,horse,dog,0,person,0,horse,1,person,0,elephant,0,elephant,0
9d32cb525aca51cd,horse,dog,0,person,0,horse,1,person,0,elephant,0,horse,1
eae1aa7c30b41d34,horse,elephant,0,person,0,horse,1,person,0,person,0,elephant,0
0e8fd7d17c7c9270,horse,horse,1,dog,0,person,0,person,0,person,0,giraffe,0
10f37c4d1f594d6b,horse,horse,1,horse,1,person,0,person,0,person,0,elephant,0
bf6d0e3e4a82b7fc,horse,horse,1,giraffe,0,horse,1,person,0,person,0,giraffe,0
a6d5480a1b073f94,horse,horse,1,elephant,0,elephant,0,person,0,person,0,elephant,0
2945ce1f205e270e,horse,horse,1,horse,1,horse,1,person,0,elephant,0,elephant,0
7ef4e769fd786e6f,horse,horse,1,horse,1,horse,1,person,0,elephant,0,horse,1
7675b67c24ba68f9,horse,horse,1,horse,1,horse,1,person,0,elephant,0,horse,1
baaeb1c7112da67e,horse,horse,1,horse,1,horse,1,person,0,elephant,0,elephant,0
0efb2f8a4a70efbd,horse,horse,1,horse,1,horse,1,person,0,elephant,0,elephant,0
ae43625cd735c30b,horse,horse,1,dog,0,horse,1,person,0,elephant,0,horse,1
4d493abb73848365,horse,horse,1,horse,1,horse,1,person,0,house,0,elephant,0
a116d1fb143f641c,horse,horse,1,dog,0,horse,1,person,0,person,0,horse,1
34b14063cebd2da7,horse,horse,1,dog,0,horse,1,person,0,elephant,0,giraffe,0
f3cf411d7278cf35,horse,person,0,house,0,horse,1,person,0,elephant,0,giraffe,0
3e1996a088d3759c,horse,horse,1,horse,1,horse,1,person,0,person,0,horse,1
27732933537b0ba0,horse,dog,0,house,0,house,0,person,0,person,0,giraffe,0
38de53658b0c6985,horse,horse,1,horse,1,horse,1,person,0,elephant,0,horse,1
1bea4210db6f2a59,horse,horse,1,dog,0,dog,0,person,0,person,0,horse,1
7fd37f0be77d7ad2,horse,horse,1,horse,1,horse,1,person,0,elephant,0,horse,1
ce6f22cd745be1cc,horse,horse,1,horse,1,horse,1,person,0,elephant,0,horse,1
27d0b8ea7efbd509,horse,horse,1,horse,1,horse,1,person,0,elephant,0,giraffe,0
2c66a2aba2a3e7fd,horse,horse,1,horse,1,horse,1,person,0,person,0,giraffe,0
e761b4ee44a121e3,horse,giraffe,0,dog,0,dog,0,person,0,giraffe,0,giraffe,0
d4a52fc1c97dabd8,horse,horse,1,horse,1,horse,1,person,0,person,0,giraffe,0
121ca3fee3dd8296,horse,horse,1,horse,1,horse,1,person,0,elephant,0,giraffe,0
5939390bb98c2c8f,horse,horse,1,horse,1,horse,1,person,0,elephant,0,giraffe,0
16c7269371d79c0a,horse,dog,0,horse,1,horse,1,person,0,person,0,giraffe,0
beef943702658bf4,horse,horse,1,horse,1,horse,1,person,0,giraffe,0,giraffe,0
920b2a91a23c64b7,horse,horse,1,horse,1,horse,1,person,0,giraffe,0,giraffe,0
a4f70803893a7b15,horse,horse,1,horse,1,horse,1,person,0,giraffe,0,giraffe,0
4a616f322543b290,horse,horse,1,horse,1,horse,1,person,0,elephant,0,horse,1
f556a46b33d45ff9,horse,horse,1,dog,0,horse,1,person,0,elephant,0,horse,1
ba824d50ecd58d6c,horse,horse,1,horse,1,horse,1,person,0,elephant,0,elephant,0
812df2d18008cf47,horse,horse,1,horse,1,horse,1,person,0,elephant,0,elephant,0
73ea2d9b6b9a9a8a,horse,dog,0,horse,1,horse,1,person,0,elephant,0,elephant,0
c4c6479e5c042081,horse,dog,0,horse,1,horse,1,person,0,elephant,0,elephant,0
93a1fa67de597240,horse,horse,1,horse,1,horse,1,person,0,elephant,0,horse,1
29a30da61ff7feef,horse,horse,1,horse,1,horse,1,person,0,elephant,0,horse,1
f4d136c554d9cbcd,horse,horse,1,horse,1,dog,0,person,0,giraffe,0,horse,1
eb12da451a4b26c5,horse,horse,1,horse,1,dog,0,person,0,horse,1,horse,1
7ad2df800f2caf62,horse,horse,1,horse,1,dog,0,person,0,person,0,horse,1
0f968eb2dee050f3,horse,horse,1,horse,1,horse,1,person,0,elephant,0,horse,1
cfe5e07a5670125c,horse,giraffe,0,horse,1,dog,0,person,0,giraffe,0,giraffe,0
67ea51be2971765f,horse,horse,1,horse,1,dog,0,person,0,person,0,horse,1
beec6c35e9d3ae6f,horse,horse,1,horse,1,dog,0,person,0,elephant,0,elephant,0
1f7c22cbf95b558c,horse,horse,1,horse,1,horse,1,person,0,elephant,0,horse,1
e34f16762e61d04a,horse,horse,1,horse,1,horse,1,person,0,elephant,0,horse,1
697610b42f3a40b3,horse,horse,1,horse,1,horse,1,person,0,elephant,0,horse,1
d59b04df1a92414b,horse,horse,1,horse,1,horse,1,person,0,elephant,0,horse,1
8b50fbe8d744c26e,horse,dog,0,house,0,dog,0,person,0,elephant,0,horse,1
f3485050143f420a,horse,elephant,0,elephant,0,elephant,0,person,0,person,0,elephant,0
daff860b962b9e17,horse,dog,0,horse,1,horse,1,person,0,person,0,giraffe,0
2073202e0f1958d2,horse,horse,1,horse,1,horse,1,person,0,elephant,0,horse,1
344636892c19ed3b,horse,horse,1,dog,0,elephant,0,person,0,elephant,0,elephant,0
59a5f1c9a76f2960,horse,horse,1,horse,1,horse,1,person,0,elephant,0,horse,1
0d84aea5cedfab2b,horse,horse,1,horse,1,horse,1,person,0,elephant,0,horse,1
b24e02dabafae6a8,horse,dog,0,horse,1,horse,1,person,0,elephant,0,elephant,0
caf9aac775e0c926,horse,horse,1,horse,1,horse,1,person,0,elephant,0,elephant,0
2252ef0a6275cff1,horse,horse,1,horse,1,horse,1,person,0,elephant,0,horse,1
ba1c9f4e00b617d6,horse,horse,1,horse,1,horse,1,person,0,elephant,0,horse,1
1aa3fb339f4106c0,horse,horse,1,horse,1,horse,1,person,0,elephant,0,horse,1
cac56f17c530a9fe,horse,horse,1,horse,1,horse,1,person,0,elephant,0,horse,1
9014015a75be2119,horse,dog,0,person,0,horse,1,person,0,elephant,0,giraffe,0
3cfd83d338b91a64,horse,horse,1,horse,1,horse,1,person,0,elephant,0,horse,1
51c2737c57e2d0a5,horse,horse,1,horse,1,horse,1,person,0,elephant,0,horse,1
dcaad61e9cafb763,horse,horse,1,horse,1,horse,1,person,0,elephant,0,horse,1
dc18e4f47726b6f4,horse,elephant,0,elephant,0,elephant,0,person,0,elephant,0,elephant,0
354205659722d5c7,horse,horse,1,horse,1,horse,1,person,0,elephant,0,horse,1
d6454b2674820aad,horse,elephant,0,elephant,0,elephant,0,person,0,elephant,0,elephant,0
41eace691992d1ad,horse,horse,1,horse,1,horse,1,person,0,elephant,0,elephant,0
b4e38768a46cbbd3,horse,horse,1,horse,1,horse,1,person,0,giraffe,0,horse,1
b1df1f74332cd452,horse,horse,1,horse,1,horse,1,person,0,elephant,0,horse,1
84af32b41d61d7ec,horse,horse,1,horse,1,horse,1,person,0,elephant,0,horse,1
c9dab50ad67e5142,horse,horse,1,house,0,horse,1,person,0,elephant,0,giraffe,0
250a58267e686c87,horse,horse,1,horse,1,horse,1,person,0,elephant,0,horse,1
e35939d47028c092,horse,dog,0,giraffe,0,giraffe,0,person,0,person,0,giraffe,0
ce3b1a7aafc35bfb,horse,horse,1,horse,1,dog,0,person,0,elephant,0,elephant,0
2e74ec4832809ec4,horse,horse,1,horse,1,horse,1,person,0,elephant,0,giraffe,0
86352d95dc30169f,horse,horse,1,giraffe,0,horse,1,person,0,elephant,0,giraffe,0
d32451ab327c07a8,horse,dog,0,house,0,horse,1,person,0,person,0,giraffe,0
db05fbcd8708d5e8,horse,horse,1,horse,1,horse,1,person,0,elephant,0,horse,1
528f69d959e944a0,horse,horse,1,horse,1,horse,1,person,0,elephant,0,horse,1
f3206fe6f28a7315,horse,horse,1,horse,1,horse,1,person,0,elephant,0,horse,1
607cf67f0c1c4593,horse,horse,1,horse,1,horse,1,person,0,elephant,0,horse,1
131da7b7e415392c,horse,dog,0,house,0,house,0,person,0,horse,1,giraffe,0
9c18bcc6111657b7,horse,horse,1,giraffe,0,horse,1,person,0,person,0,giraffe,0
ad00effd7585e083,horse,giraffe,0,giraffe,0,horse,1,person,0,person,0,giraffe,0
8054da0a1bd9d34b,horse,horse,1,horse,1,horse,1,person,0,person,0,horse,1
bc814fff86e33d01,horse,dog,0,horse,1,horse,1,person,0,person,0,giraffe,0
0675efe4000fe2ab,horse,horse,1,horse,1,horse,1,person,0,person,0,giraffe,0
3d30afa316c4e341,horse,dog,0,dog,0,horse,1,person,0,horse,1,giraffe,0
c237613fe1d91e68,horse,horse,1,horse,1,horse,1,person,0,person,0,giraffe,0
84a34dcf974cd6c8,horse,horse,1,horse,1,horse,1,person,0,elephant,0,horse,1
657d587f43dcfd9a,horse,horse,1,horse,1,horse,1,person,0,elephant,0,horse,1
022db2a7c6992747,horse,horse,1,horse,1,horse,1,person,0,elephant,0,horse,1
e1131eaf1d30d5ef,horse,dog,0,person,0,horse,1,person,0,elephant,0,elephant,0
a8f6d71acfba8c2d,horse,horse,1,horse,1,horse,1,person,0,elephant,0,elephant,0
feb81c61e625f1da,horse,horse,1,horse,1,horse,1,person,0,elephant,0,horse,1
bff5a58261b555ad,horse,horse,1,horse,1,horse,1,person,0,elephant,0,horse,1
bb7badf6b26ce60c,horse,dog,0,dog,0,person,0,person,0,elephant,0,horse,1
13b9b5c9257d5c08,horse,horse,1,dog,0,horse,1,person,0,elephant,0,horse,1
7a9896ddde13619d,horse,horse,1,horse,1,horse,1,person,0,elephant,0,horse,1
43b6e5934ccfe31c,horse,horse,1,horse,1,horse,1,person,0,elephant,0,horse,1
c918563d32dedd44,horse,horse,1,horse,1,horse,1,person,0,elephant,0,horse,1
ef8357ee9a153f55,horse,horse,1,horse,1,horse,1,person,0,elephant,0,horse,1
129f37734bd2a5a5,horse,horse,1,horse,1,horse,1,person,0,horse,1,horse,1
eb289024c62d8e2b,horse,horse,1,horse,1,dog,0,person,0,elephant,0,horse,1
74e0e43e0dba8b71,horse,horse,1,horse,1,horse,1,person,0,elephant,0,horse,1
0f6948e4b36eedd6,horse,horse,1,horse,1,horse,1,person,0,horse,1,elephant,0
d50bd55eaff54662,horse,horse,1,horse,1,dog,0,person,0,elephant,0,horse,1
a812bf98ee54bdc8,horse,dog,0,dog,0,horse,1,person,0,elephant,0,giraffe,0
d26e75bde449c70f,horse,horse,1,horse,1,horse,1,person,0,elephant,0,horse,1
e96a9025e6c6a84d,horse,horse,1,horse,1,horse,1,person,0,elephant,0,giraffe,0
9818b47773d2e384,horse,horse,1,horse,1,horse,1,person,0,person,0,horse,1
ef0b96ca34236002,horse,person,0,house,0,person,0,person,0,person,0,elephant,0
502a7a8edebb2447,horse,horse,1,horse,1,horse,1,person,0,elephant,0,horse,1
1063f27e61d29245,horse,dog,0,house,0,horse,1,person,0,elephant,0,horse,1
e7c68abee7697205,horse,horse,1,horse,1,horse,1,person,0,elephant,0,giraffe,0
84e2f51ea465d5fc,horse,horse,1,horse,1,horse,1,person,0,elephant,0,horse,1
2829fff00d48173f,horse,horse,1,horse,1,dog,0,person,0,elephant,0,giraffe,0
722a513debd9b1b0,horse,horse,1,horse,1,dog,0,person,0,elephant,0,horse,1
77eb6f51dc49e40a,horse,horse,1,house,0,horse,1,person,0,person,0,horse,1
7c7a9e816975f5cc,horse,horse,1,house,0,dog,0,person,0,elephant,0,giraffe,0
7b7fa6d6f9a53649,horse,dog,0,house,0,horse,1,person,0,elephant,0,giraffe,0
4381750232550092,horse,horse,1,horse,1,horse,1,person,0,elephant,0,giraffe,0
f2d51bac3e4dc3eb,horse,horse,1,horse,1,horse,1,person,0,elephant,0,horse,1
1db44a56bc228c4d,horse,horse,1,horse,1,horse,1,person,0,elephant,0,horse,1
d946427511c6465e,horse,dog,0,house,0,person,0,person,0,elephant,0,giraffe,0
2ff3f282a6a3942b,horse,horse,1,horse,1,horse,1,person,0,elephant,0,horse,1
98afac15912c836f,horse,horse,1,horse,1,horse,1,person,0,horse,1,horse,1
7fcb7b64fe8bfc04,horse,horse,1,horse,1,horse,1,person,0,elephant,0,horse,1
621cae480ab4527d,horse,horse,1,horse,1,horse,1,person,0,person,0,horse,1
6446c1d604bc35c5,horse,dog,0,horse,1,person,0,person,0,elephant,0,horse,1
a6af417063e877c2,horse,elephant,0,horse,1,horse,1,person,0,elephant,0,elephant,0
2b5ad0357e4c9d1c,horse,horse,1,horse,1,dog,0,person,0,elephant,0,horse,1
3b306d2284b14234,horse,dog,0,elephant,0,elephant,0,person,0,elephant,0,elephant,0
f5e9fbeb1dd9fd2e,horse,horse,1,horse,1,horse,1,person,0,elephant,0,horse,1
f0669778306dc5bb,horse,horse,1,horse,1,horse,1,person,0,elephant,0,horse,1
d2d509f7ba52d2fe,horse,horse,1,horse,1,dog,0,person,0,elephant,0,horse,1
208e34a0065418da,horse,horse,1,horse,1,horse,1,person,0,elephant,0,horse,1
9a047174fbb54503,horse,horse,1,horse,1,horse,1,person,0,elephant,0,horse,1
8a4fb07df3c59191,horse,horse,1,horse,1,dog,0,person,0,elephant,0,horse,1
1da9686430df2fe4,horse,horse,1,horse,1,horse,1,person,0,elephant,0,giraffe,0
026e240f17ddfdda,horse,dog,0,house,0,house,0,person,0,elephant,0,giraffe,0
2638433cbe15016b,horse,person,0,house,0,horse,1,person,0,person,0,giraffe,0
a2f53a132bd3fc22,horse,horse,1,horse,1,horse,1,person,0,elephant,0,horse,1
adcff0440721eb9d,horse,horse,1,horse,1,horse,1,person,0,elephant,0,horse,1
8deb7190ebd34d8c,horse,person,0,person,0,horse,1,person,0,elephant,0,elephant,0
6f536cf460f0780d,horse,horse,1,horse,1,horse,1,person,0,elephant,0,horse,1
3dce9dbcd28a686f,horse,horse,1,dog,0,dog,0,person,0,elephant,0,horse,1
2416637bcea2ea8f,horse,horse,1,horse,1,horse,1,person,0,elephant,0,horse,1
dd61cb7930b332a7,horse,horse,1,dog,0,dog,0,person,0,elephant,0,horse,1
c4e3b6275a5c8e37,horse,horse,1,horse,1,dog,0,person,0,elephant,0,horse,1
08cd7b61a72ef3c9,horse,horse,1,horse,1,horse,1,person,0,elephant,0,horse,1
c982616be2602dd1,horse,horse,1,horse,1,horse,1,person,0,person,0,horse,1
28d7ee12af60739e,horse,horse,1,horse,1,horse,1,person,0,elephant,0,horse,1
235950ce94789c10,horse,horse,1,horse,1,horse,1,person,0,elephant,0,horse,1
7fbbbde526419bbc,horse,horse,1,horse,1,horse,1,person,0,elephant,0,horse,1
5180b8a3576fdaf7,horse,horse,1,horse,1,horse,1,person,0,elephant,0,horse,1
1a6f633fc806c29d,horse,horse,1,house,0,horse,1,person,0,elephant,0,horse,1
a790c7380f0b6098,horse,person,0,house,0,person,0,person,0,person,0,elephant,0
7980c8c5bef4195e,horse,horse,1,horse,1,horse,1,person,0,person,0,horse,1
d87af0c0d74fd83f,horse,horse,1,house,0,horse,1,person,0,horse,1,horse,1
91e00ff6d42ac97a,horse,horse,1,horse,1,horse,1,person,0,horse,1,horse,1
434482c2f3ccdd02,horse,dog,0,horse,1,horse,1,person,0,elephant,0,giraffe,0
a169ae6213541bba,horse,horse,1,horse,1,horse,1,person,0,elephant,0,horse,1
c38f902f932b9693,horse,horse,1,horse,1,horse,1,person,0,elephant,0,horse,1
11c1a4d199e3eb2a,horse,horse,1,horse,1,horse,1,person,0,elephant,0,horse,1
5c25684882777042,horse,horse,1,horse,1,horse,1,person,0,elephant,0,horse,1
61be9372ea1eb8a7,horse,horse,1,horse,1,horse,1,person,0,elephant,0,horse,1
e3df449e53359452,horse,horse,1,horse,1,horse,1,person,0,person,0,giraffe,0
7215d114d6a71837,horse,dog,0,person,0,person,0,person,0,elephant,0,elephant,0
3be6775cc1f9078f,horse,horse,1,horse,1,horse,1,person,0,elephant,0,horse,1
3ee09908ca452d60,horse,horse,1,horse,1,horse,1,person,0,elephant,0,giraffe,0
d4301277e8a44573,horse,horse,1,horse,1,horse,1,person,0,elephant,0,horse,1
cb77f6fa0ec947af,horse,horse,1,horse,1,horse,1,person,0,elephant,0,elephant,0
97a6d9c3c67fa301,horse,horse,1,horse,1,horse,1,person,0,elephant,0,horse,1
4c9f6b24156e1f64,horse,horse,1,horse,1,dog,0,person,0,elephant,0,horse,1
739e0be4687721af,horse,horse,1,horse,1,horse,1,person,0,elephant,0,horse,1
b2df5f04a092232f,horse,horse,1,house,0,person,0,person,0,elephant,0,horse,1
d6b94380912a5423,horse,horse,1,horse,1,dog,0,person,0,elephant,0,elephant,0
41dc5d6d29418e19,horse,horse,1,house,0,horse,1,person,0,person,0,giraffe,0
3947646ac5eb6bbc,horse,horse,1,horse,1,horse,1,person,0,elephant,0,horse,1
aff8c3ea6e3082f7,horse,horse,1,horse,1,horse,1,person,0,elephant,0,horse,1
f1b9c532cd2f2ccc,horse,horse,1,horse,1,horse,1,person,0,elephant,0,horse,1
7b46bb89e646ef7b,horse,dog,0,horse,1,horse,1,person,0,elephant,0,horse,1
ddb9f489c3caf19f,horse,horse,1,horse,1,horse,1,person,0,elephant,0,horse,1
dbb3244ad5102498,horse,dog,0,horse,1,dog,0,person,0,elephant,0,elephant,0
5ed9bc8622965d50,horse,horse,1,horse,1,horse,1,person,0,elephant,0,elephant,0
eb2efc27a7f85449,horse,horse,1,horse,1,horse,1,person,0,elephant,0,horse,1
ac28db8b88ba9bc7,horse,horse,1,horse,1,horse,1,person,0,elephant,0,elephant,0
d0b6754c59a842ad,horse,horse,1,horse,1,dog,0,person,0,elephant,0,horse,1
d076cd12763b9bb5,horse,horse,1,horse,1,horse,1,person,0,elephant,0,horse,1
073af6c579747bf8,horse,dog,0,person,0,person,0,person,0,elephant,0,giraffe,0
d54dc7dfd5a20446,horse,horse,1,horse,1,horse,1,person,0,elephant,0,horse,1
bd4cc69dfb220d35,horse,horse,1,dog,0,horse,1,person,0,elephant,0,giraffe,0
a2a026d595426cec,horse,horse,1,horse,1,horse,1,person,0,elephant,0,horse,1
1129b060c0a17abf,horse,horse,1,horse,1,horse,1,person,0,elephant,0,horse,1
9668dd8c584e97c9,horse,horse,1,horse,1,horse,1,person,0,elephant,0,horse,1
c680ea0160f3e3a4,horse,dog,0,house,0,giraffe,0,person,0,elephant,0,giraffe,0
a7daa42229b190c8,horse,dog,0,dog,0,horse,1,person,0,person,0,giraffe,0
5def297eb15a4f38,horse,horse,1,giraffe,0,horse,1,person,0,person,0,giraffe,0
4348e24c933f61f7,horse,horse,1,horse,1,horse,1,person,0,elephant,0,horse,1
7635d3e0106cd3d2,horse,horse,1,horse,1,horse,1,person,0,person,0,horse,1
65caff3cb75f0656,horse,horse,1,person,0,horse,1,person,0,person,0,giraffe,0
578e6e937e38ef44,horse,horse,1,horse,1,dog,0,person,0,elephant,0,horse,1
64b1d7d91a2b2c11,horse,horse,1,horse,1,horse,1,person,0,elephant,0,horse,1
72cf4f8f36b787d5,horse,horse,1,horse,1,horse,1,person,0,elephant,0,horse,1
2fa8021b56ebf4fd,horse,horse,1,horse,1,dog,0,person,0,horse,1,horse,1
39d1cb4a15605e1b,horse,horse,1,house,0,horse,1,person,0,elephant,0,giraffe,0
e40f1903db9d9138,horse,horse,1,horse,1,horse,1,person,0,elephant,0,horse,1
2c3de8264fd40d36,horse,elephant,0,person,0,horse,1,person,0,elephant,0,elephant,0
dba7425a6cdd8cd7,horse,horse,1,horse,1,dog,0,person,0,elephant,0,horse,1
d5e7c0f30a9ccb6d,horse,horse,1,horse,1,horse,1,person,0,elephant,0,horse,1
00efc7fb273250ea,horse,dog,0,dog,0,dog,0,person,0,giraffe,0,horse,1
157dce9e55d0874e,horse,horse,1,horse,1,horse,1,person,0,giraffe,0,horse,1
bb08bbee08520a23,horse,horse,1,horse,1,dog,0,person,0,giraffe,0,horse,1
f9b8604e3b35042e,horse,horse,1,horse,1,horse,1,person,0,giraffe,0,horse,1
31bf385706115715,horse,horse,1,horse,1,dog,0,person,0,giraffe,0,horse,1
7348c9bb50ef9a8c,house,house,1,house,1,house,1,person,0,elephant,0,house,1
a423de9e31a3bf54,house,person,0,house,1,house,1,person,0,house,1,house,1
eba585392f0e4ad5,house,house,1,house,1,house,1,person,0,elephant,0,house,1
710cc30e5ef93dd5,house,house,1,house,1,house,1,person,0,elephant,0,house,1
0ccb5258a7044012,house,house,1,house,1,house,1,person,0,elephant,0,house,1
16113acf827d1c70,house,house,1,house,1,house,1,person,0,elephant,0,house,1
18c7f0b73adbf3f8,house,house,1,house,1,house,1,person,0,elephant,0,house,1
bf23331dc1e359b0,house,house,1,house,1,house,1,person,0,elephant,0,house,1
8a6b863b3dc8ccb3,house,house,1,house,1,house,1,person,0,elephant,0,house,1
8e11ec7497ec278a,house,house,1,house,1,house,1,person,0,elephant,0,house,1
d52af67eaee2114c,house,house,1,house,1,house,1,person,0,elephant,0,house,1
6015d5bc29a5f5c7,house,house,1,house,1,house,1,person,0,elephant,0,house,1
15d000d39e23c813,house,house,1,house,1,house,1,person,0,elephant,0,house,1
82445998eac907f7,house,house,1,house,1,house,1,person,0,elephant,0,house,1
6eedda4b9f9f1699,house,house,1,house,1,house,1,person,0,elephant,0,house,1
8eb52d474f56e406,house,house,1,house,1,house,1,person,0,elephant,0,house,1
ec31fdce39577dea,house,house,1,house,1,house,1,person,0,elephant,0,house,1
47d0bda3d9c956c7,house,guitar,0,house,1,house,1,person,0,elephant,0,house,1
488b8fc41fcb355d,house,house,1,house,1,house,1,person,0,elephant,0,house,1
db693e62b7fe7beb,house,house,1,house,1,house,1,person,0,elephant,0,house,1
b835aefb3ae573c1,house,house,1,house,1,house,1,person,0,elephant,0,house,1
43dc849aaed27139,house,house,1,house,1,house,1,person,0,elephant,0,house,1
7c7e6fd79e7b741f,house,house,1,house,1,house,1,person,0,elephant,0,house,1
6397f6a3171f39df,house,house,1,house,1,house,1,person,0,elephant,0,house,1
94c54b3e27e1a4f1,house,house,1,house,1,house,1,person,0,elephant,0,house,1
b7c44201da5ff66b,house,house,1,house,1,house,1,person,0,elephant,0,house,1
e146cfa2d1ef110f,house,house,1,house,1,house,1,person,0,elephant,0,house,1
7cf654a052760a00,house,elephant,0,house,1,house,1,person,0,elephant,0,house,1
9f4e5f47888b4309,house,house,1,house,1,house,1,person,0,elephant,0,house,1
59b07acc82c7b425,house,house,1,house,1,house,1,person,0,elephant,0,house,1
05d217fdc4eae87b,house,elephant,0,house,1,house,1,person,0,elephant,0,house,1
0c1ef04be9746757,house,house,1,house,1,house,1,person,0,elephant,0,house,1
d863184d57c5c0d8,house,house,1,house,1,house,1,person,0,elephant,0,house,1
fc3cafafb36cbed8,house,house,1,house,1,house,1,person,0,elephant,0,house,1
22f50328821e9431,house,house,1,house,1,house,1,person,0,elephant,0,house,1
3f18a723794320b2,house,house,1,house,1,house,1,person,0,elephant,0,house,1
3683d4d970006a1b,house,house,1,house,1,house,1,person,0,elephant,0,house,1
fb4a27f29262a98b,house,person,0,house,1,house,1,person,0,elephant,0,house,1
1d4d40e7578e5d22,house,house,1,house,1,house,1,person,0,elephant,0,house,1
901e0aa290d4ed47,house,house,1,house,1,house,1,person,0,elephant,0,house,1
192a8d8c1be7ade1,house,house,1,house,1,house,1,person,0,elephant,0,house,1
ad22f04c2e44cc06,house,house,1,house,1,house,1,person,0,elephant,0,house,1
c2bd3544592a1aba,house,house,1,house,1,house,1,person,0,person,0,house,1
5ad4c4b54b2ec742,house,house,1,house,1,house,1,person,0,elephant,0,house,1
5cb74ad06c425b5e,house,house,1,house,1,house,1,person,0,elephant,0,house,1
9292bab2f4fea4ca,house,house,1,house,1,house,1,person,0,elephant,0,house,1
7d2a3fba75a5a848,house,house,1,house,1,house,1,person,0,elephant,0,house,1
df0cacd953a28e09,house,house,1,house,1,house,1,person,0,elephant,0,house,1
906bb7b47d5751ab,house,house,1,house,1,house,1,person,0,elephant,0,house,1
89fb9aa0684ef0aa,house,house,1,house,1,house,1,person,0,elephant,0,house,1
bfcff00efc7695c4,house,house,1,house,1,house,1,person,0,elephant,0,house,1
142cdcc65be1c4b5,house,house,1,house,1,house,1,person,0,elephant,0,house,1
f1b005c9f4639b0d,house,house,1,house,1,house,1,person,0,elephant,0,house,1
031e0cceacb1a4d1,house,house,1,house,1,house,1,person,0,elephant,0,house,1
0e01f5b77bb5770d,house,house,1,house,1,house,1,person,0,elephant,0,house,1
0fec20623a2fd955,house,house,1,house,1,house,1,person,0,elephant,0,house,1
c43db5b9277f036b,house,house,1,house,1,house,1,person,0,elephant,0,house,1
59adeedc6a0f621c,house,house,1,house,1,house,1,person,0,elephant,0,house,1
ecf7b1aa4273d7cc,house,house,1,house,1,house,1,person,0,elephant,0,house,1
bbed81b3fec2ce8d,house,house,1,house,1,house,1,person,0,elephant,0,house,1
b2d10309fa01acd3,house,house,1,house,1,house,1,person,0,elephant,0,house,1
3a5b3f37f8a8a0ec,house,house,1,house,1,house,1,person,0,elephant,0,house,1
fce4d0e84f666d0f,house,house,1,house,1,house,1,person,0,elephant,0,house,1
ddcd0ce03cf52fb6,house,house,1,house,1,house,1,person,0,elephant,0,house,1
d958f2b1dbce83ee,house,house,1,house,1,house,1,person,0,elephant,0,house,1
5a643748696d7540,house,house,1,house,1,house,1,person,0,elephant,0,house,1
6d6d8d73f7657121,house,house,1,house,1,house,1,person,0,elephant,0,house,1
953425530717ab7e,house,house,1,house,1,house,1,person,0,elephant,0,house,1
2f8fa4e1ca21109e,house,house,1,house,1,house,1,person,0,elephant,0,house,1
093ba0c1ba62a163,house,person,0,house,1,house,1,person,0,elephant,0,house,1
9060270d389cd295,house,house,1,house,1,house,1,person,0,elephant,0,house,1
f8092b0ce0783522,house,house,1,house,1,house,1,person,0,elephant,0,house,1
d1fa840222dad16b,house,person,0,house,1,house,1,person,0,elephant,0,house,1
93fdac6652ec575f,house,house,1,house,1,house,1,person,0,elephant,0,house,1
09fd84f223fada37,house,house,1,house,1,house,1,person,0,elephant,0,house,1
e636bfc9dba2505c,house,house,1,house,1,house,1,person,0,elephant,0,house,1
c57a15daa04b40c9,house,house,1,house,1,house,1,person,0,elephant,0,house,1
fc4d9b09022ab33b,house,house,1,house,1,house,1,person,0,elephant,0,house,1
8fa356debfad6aa5,house,house,1,house,1,house,1,person,0,elephant,0,house,1
2e8054ec6a262d4e,house,house,1,house,1,house,1,person,0,elephant,0,house,1
5697918ce3d745b0,person,person,1,person,1,person,1,person,1,horse,0,person,1
ee0635d5dae7243a,person,person,1,person,1,person,1,person,1,elephant,0,person,1
a31537291a8c4ec8,person,person,1,house,0,house,0,person,1,elephant,0,person,1
05aa917e53144198,person,person,1,house,0,house,0,person,1,elephant,0,person,1
9c9598b3d9ce9597,person,person,1,person,1,house,0,person,1,elephant,0,giraffe,0
2469b137c3d449fd,person,person,1,person,1,person,1,person,1,elephant,0,person,1
fce7340470debf61,person,person,1,person,1,house,0,person,1,elephant,0,giraffe,0
6a4a8e17fa1ba81e,person,person,1,house,0,house,0,person,1,elephant,0,elephant,0
a7601082b349426f,person,person,1,person,1,person,1,person,1,elephant,0,person,1
ae376e1340466580,person,elephant,0,person,1,person,1,person,1,elephant,0,person,1
6f16af47720f29c4,person,person,1,person,1,person,1,person,1,person,1,person,1
a7f6b3b1a6a89dad,person,person,1,person,1,house,0,person,1,elephant,0,person,1
c8d9712456a94f35,person,person,1,person,1,house,0,person,1,person,1,person,1
9a904f59ec77d4ca,person,person,1,house,0,house,0,person,1,elephant,0,house,0
988d9e13dd79acb8,person,person,1,person,1,person,1,person,1,elephant,0,person,1
9681f8efec9d8941,person,person,1,person,1,person,1,person,1,elephant,0,person,1
57283d2dd4cd4888,person,person,1,house,0,house,0,person,1,elephant,0,person,1
289babf635a8c268,person,person,1,person,1,person,1,person,1,elephant,0,person,1
538be02bb745adc4,person,person,1,person,1,person,1,person,1,elephant,0,person,1
7eaed653d0a099ed,person,person,1,person,1,house,0,person,1,elephant,0,elephant,0
ab61a8b6e1488bba,person,dog,0,person,1,person,1,person,1,elephant,0,person,1
0acf921154ce9b54,person,person,1,person,1,person,1,person,1,elephant,0,person,1
4b9a132f1bdf0a6b,person,person,1,house,0,person,1,person,1,elephant,0,person,1
fdfd9d7f47a6d353,person,person,1,person,1,house,0,person,1,elephant,0,person,1
0dd9aadd2f044067,person,elephant,0,person,1,house,0,person,1,elephant,0,person,1
c57cf74103361da6,person,person,1,person,1,person,1,person,1,guitar,0,person,1
3f35c9dc27886fc1,person,elephant,0,person,1,person,1,person,1,elephant,0,elephant,0
923cb121c162d326,person,person,1,person,1,person,1,person,1,elephant,0,person,1
5c57bdde1f0cdcd7,person,person,1,person,1,person,1,person,1,elephant,0,person,1
78564e53a03e395a,person,person,1,person,1,house,0,person,1,elephant,0,person,1
0f4923469f3e0c08,person,elephant,0,house,0,house,0,person,1,elephant,0,elephant,0
cea8e87b34b310c8,person,person,1,person,1,person,1,person,1,elephant,0,person,1
74ff65aa580a5afe,person,person,1,person,1,person,1,person,1,elephant,0,person,1
a2f57d92fcae8134,person,person,1,person,1,house,0,person,1,elephant,0,elephant,0
35beef818a56a225,person,person,1,person,1,person,1,person,1,elephant,0,person,1
da6cfac7a19e10e4,person,person,1,person,1,person,1,person,1,elephant,0,elephant,0
171a34fbd721ee43,person,person,1,person,1,person,1,person,1,elephant,0,giraffe,0
551c796348990412,person,person,1,person,1,person,1,person,1,elephant,0,person,1
408037fdcaa63e1b,person,person,1,person,1,person,1,person,1,elephant,0,person,1
c4c176d9dd609bd6,person,person,1,person,1,person,1,person,1,elephant,0,person,1
fe33583809ba0668,person,person,1,person,1,person,1,person,1,elephant,0,person,1
1255b6def9af6447,person,person,1,person,1,house,0,person,1,elephant,0,person,1
b249a07bc8b403be,person,person,1,person,1,person,1,person,1,elephant,0,person,1
e09b246bbc6945a8,person,elephant,0,person,1,person,1,person,1,elephant,0,person,1
66820065759e4a6e,person,person,1,house,0,house,0,person,1,elephant,0,person,1
27eb11b20b75cced,person,person,1,person,1,house,0,person,1,elephant,0,house,0
453c1446a34ff051,person,person,1,person,1,person,1,person,1,elephant,0,person,1
943e0554caaa5ac6,person,person,1,person,1,person,1,person,1,elephant,0,person,1
ad5c3225f0205048,person,elephant,0,person,1,person,1,person,1,elephant,0,house,0
678c98179bc5f0e6,person,person,1,person,1,person,1,person,1,elephant,0,person,1
7f644fad18228104,person,person,1,house,0,house,0,person,1,elephant,0,elephant,0
8e7e7bc61ac36574,person,person,1,house,0,house,0,person,1,elephant,0,elephant,0
42cafabc59f9157c,person,person,1,person,1,person,1,person,1,elephant,0,giraffe,0
52ced2508f107a9d,person,person,1,person,1,house,0,person,1,elephant,0,person,1
a05d5b4fa6341a04,person,person,1,person,1,person,1,person,1,elephant,0,person,1
005697bb5739b465,person,person,1,person,1,person,1,person,1,elephant,0,person,1
b210e54c2bd2937a,person,person,1,house,0,house,0,person,1,elephant,0,person,1
d8432a6b7fc490f0,person,person,1,person,1,house,0,person,1,elephant,0,person,1
3d5c7b4fc647de01,person,person,1,house,0,house,0,person,1,elephant,0,house,0
417e21636fd10a51,person,person,1,person,1,person,1,person,1,elephant,0,person,1
eb52b78d6c4afe49,person,person,1,person,1,person,1,person,1,person,1,elephant,0
869cc896924a222b,person,dog,0,person,1,person,1,person,1,person,1,person,1
c9fa5319c594f99f,person,person,1,person,1,person,1,person,1,elephant,0,person,1
e3d38e82db3def92,person,person,1,person,1,house,0,person,1,person,1,giraffe,0
67fd43eac372bd08,person,person,1,person,1,person,1,person,1,elephant,0,person,1
deb45b9834b55a4c,person,person,1,person,1,house,0,person,1,person,1,house,0
87c1c392ad3fe23d,person,person,1,house,0,house,0,person,1,elephant,0,house,0
a30cb5af94bd81b4,person,person,1,person,1,house,0,person,1,elephant,0,elephant,0
561a5330e1c0709c,person,person,1,person,1,house,0,person,1,elephant,0,person,1
805d788243136afc,person,person,1,person,1,person,1,person,1,person,1,person,1
b8c999a0e1d05329,person,person,1,person,1,person,1,person,1,elephant,0,person,1
03aebfb7bb1f2025,person,person,1,person,1,person,1,person,1,elephant,0,person,1
4a33565cdff93042,person,horse,0,house,0,house,0,person,1,elephant,0,giraffe,0
e516888dc077da42,person,person,1,house,0,person,1,person,1,elephant,0,person,1
7a9e81681354b106,person,person,1,house,0,house,0,person,1,elephant,0,house,0
77b988b92f0bf5a9,person,person,1,person,1,person,1,person,1,elephant,0,person,1
1ab55e1b8fadad03,person,dog,0,person,1,house,0,person,1,elephant,0,elephant,0
a4ee58b97d597918,person,person,1,person,1,house,0,person,1,elephant,0,person,1
59f60417147c74bd,person,person,1,person,1,person,1,person,1,person,1,person,1
ff0c7c9167e7f546,person,elephant,0,person,1,person,1,person,1,elephant,0,elephant,0
56a1051b396f8cc4,person,person,1,person,1,person,1,person,1,person,1,person,1
b74dd987645e1658,person,person,1,person,1,person,1,person,1,person,1,person,1
ff894a53978f4da4,person,person,1,person,1,person,1,person,1,person,1,person,1
4bfdd52139ea0ebc,person,person,1,person,1,person,1,person,1,elephant,0,person,1
df76bf6045ade8ef,person,person,1,person,1,person,1,person,1,elephant,0,person,1
9856a4caf8f22cbc,person,person,1,person,1,person,1,person,1,elephant,0,giraffe,0
8929f097257843d4,person,person,1,person,1,person,1,person,1,person,1,person,1
5b775ac9b3217836,person,person,1,person,1,person,1,person,1,elephant,0,person,1
7380a838cf7e7458,person,person,1,person,1,person,1,person,1,elephant,0,person,1
65eb0784dc07efd7,person,elephant,0,person,1,person,1,person,1,elephant,0,elephant,0
b2744a45ecd87c02,person,person,1,person,1,person,1,person,1,person,1,person,1
be77c3e5e6fea244,person,person,1,giraffe,0,person,1,person,1,person,1,person,1
e25e9862fa5a673c,person,person,1,person,1,house,0,person,1,elephant,0,person,1
8c03f6065a0d3fb1,person,person,1,person,1,person,1,person,1,elephant,0,person,1
270290633d8ed817,person,dog,0,person,1,person,1,person,1,elephant,0,giraffe,0
403612c666fa4e20,person,person,1,person,1,person,1,person,1,person,1,person,1
e8bd906d52604e23,person,dog,0,person,1,person,1,person,1,elephant,0,elephant,0
88598709b7010c31,person,dog,0,person,1,person,1,person,1,person,1,person,1
4ed22b3b1090383d,person,person,1,person,1,person,1,person,1,person,1,person,1
ade78f26989b6753,person,person,1,person,1,person,1,person,1,elephant,0,person,1
33ac2b10572e7827,person,person,1,person,1,house,0,person,1,elephant,0,person,1
7785e6b320db4d2e,person,person,1,person,1,person,1,person,1,person,1,person,1
1bc8799bbf6f42ba,person,person,1,person,1,person,1,person,1,elephant,0,person,1
a87ff7b61944d5cf,person,person,1,person,1,person,1,person,1,elephant,0,person,1
cd96b6eef9a4baee,person,person,1,person,1,house,0,person,1,elephant,0,person,1
81fdd633bbb68724,person,person,1,person,1,person,1,person,1,elephant,0,person,1
62fcd5d9b44e815b,person,person,1,person,1,person,1,person,1,elephant,0,person,1
f858add8d03d5e69,person,person,1,person,1,person,1,person,1,person,1,person,1
00afef4d0da7c581,person,person,1,person,1,person,1,person,1,elephant,0,person,1
0b3e4d55f0143921,person,person,1,person,1,person,1,person,1,person,1,person,1
19fb3e57078a85a4,person,person,1,person,1,person,1,person,1,elephant,0,person,1
9dd4a465a9c10728,person,person,1,person,1,person,1,person,1,person,1,person,1
298bf0cd9174635f,person,dog,0,person,1,person,1,person,1,elephant,0,person,1
ffcbd0334e5e166e,person,person,1,person,1,person,1,person,1,elephant,0,giraffe,0
bc8ff59fded66519,person,person,1,person,1,person,1,person,1,horse,0,person,1
719fb69a28475b03,person,person,1,person,1,person,1,person,1,person,1,giraffe,0
abbc2be62987967d,person,dog,0,person,1,person,1,person,1,elephant,0,dog,0
2c88648b8ef86805,person,person,1,person,1,person,1,person,1,elephant,0,person,1
5f1d4214763d4c14,person,person,1,person,1,person,1,person,1,elephant,0,giraffe,0
e1296d02c329e294,person,person,1,person,1,person,1,person,1,person,1,person,1
e3409a5e746be783,person,person,1,person,1,person,1,person,1,elephant,0,house,0
c0c60a6f8d8cd3f2,person,person,1,person,1,person,1,person,1,elephant,0,person,1
76c8c7a464872e3a,person,person,1,person,1,person,1,person,1,person,1,person,1
22371a1ebb60d262,person,person,1,person,1,person,1,person,1,elephant,0,person,1
784ab2c7258874ff,person,person,1,person,1,person,1,person,1,person,1,person,1
26a79784e141da9a,person,person,1,person,1,person,1,person,1,person,1,person,1
3e837ee896babb24,person,person,1,person,1,person,1,person,1,person,1,person,1
95a533aa69dc9216,person,person,1,person,1,person,1,person,1,elephant,0,person,1
37fea4187db28c2b,person,person,1,person,1,person,1,person,1,elephant,0,person,1
1e300b77ce004bd8,person,elephant,0,person,1,person,1,person,1,elephant,0,person,1
7c6f203ab48a4c99,person,person,1,person,1,person,1,person,1,person,1,person,1
dbd8eb4474c0b998,person,dog,0,person,1,person,1,person,1,elephant,0,giraffe,0
61d498fda20a3f7e,person,person,1,person,1,person,1,person,1,person,1,person,1
8dc80f9d8b64e975,person,person,1,person,1,person,1,person,1,person,1,giraffe,0
496e4eb0f36a265b,person,elephant,0,person,1,person,1,person,1,elephant,0,elephant,0
a74e7343cfb1e89d,person,person,1,person,1,person,1,person,1,person,1,person,1
c537e17874a65e53,person,dog,0,giraffe,0,person,1,person,1,person,1,giraffe,0
3082c18b1172c54e,person,person,1,person,1,person,1,person,1,person,1,person,1
c73b6145c03068bf,person,elephant,0,person,1,person,1,person,1,elephant,0,person,1
ad65221abec28c04,person,dog,0,person,1,person,1,person,1,elephant,0,person,1
c3b0f79fa72fa4c8,person,person,1,person,1,house,0,person,1,elephant,0,person,1
768c848f04eabb9f,person,person,1,person,1,person,1,person,1,elephant,0,person,1
2ef0cf7dcdaa53ba,person,person,1,person,1,person,1,person,1,elephant,0,person,1
e9257f474fa12ce8,person,person,1,person,1,person,1,person,1,person,1,person,1
93d2ec8b1a1c6ee5,person,person,1,person,1,person,1,person,1,elephant,0,person,1
226e4c43a9dd8963,person,person,1,person,1,person,1,person,1,person,1,person,1
5af304866d9734d0,person,elephant,0,person,1,person,1,person,1,person,1,giraffe,0
87c5689e704eeffc,person,person,1,person,1,person,1,person,1,person,1,person,1
7232c38b969c0860,person,person,1,person,1,person,1,person,1,elephant,0,person,1
84435b15256af875,person,person,1,person,1,person,1,person,1,elephant,0,person,1
ba75626e3fb0a91a,person,person,1,person,1,person,1,person,1,elephant,0,person,1
ec95b8b65943e7d7,person,person,1,person,1,person,1,person,1,person,1,person,1
b371284cc2d5b51f,person,person,1,person,1,person,1,person,1,person,1,person,1
260fa79e005dd066,person,person,1,person,1,person,1,person,1,elephant,0,person,1
214a7218749b2f6b,person,horse,0,person,1,person,1,person,1,person,1,person,1
9ba56152d87be9a3,person,person,1,person,1,person,1,person,1,person,1,person,1
406f3b82d0e481f3,person,elephant,0,person,1,person,1,person,1,elephant,0,person,1
3ba36efd7c16d036,person,person,1,person,1,person,1,person,1,elephant,0,person,1
3b16bb2cd028344b,person,person,1,person,1,person,1,person,1,elephant,0,person,1
7a638eec47e7c2cc,person,person,1,person,1,person,1,person,1,person,1,person,1
