run_id,index,id,domain_label,partition
cdan,0,photo/dog/056_0058.jpg,0,train
cdan,1,photo/person/253_0174.jpg,0,train
cdan,2,photo/giraffe/n02439033_1508.jpg,0,test
cdan,3,photo/giraffe/n02439033_14872.jpg,0,test
cdan,4,photo/guitar/063_0053.jpg,0,train
cdan,5,photo/dog/056_0095.jpg,0,train
cdan,6,photo/guitar/063_0079.jpg,0,train
cdan,7,photo/giraffe/084_0047.jpg,0,train
cdan,8,photo/giraffe/n02439033_10919.jpg,0,test
cdan,9,photo/person/253_0382.jpg,0,train
cdan,10,photo/house/pic_173.jpg,0,test
cdan,11,photo/person/253_0063.jpg,0,train
cdan,12,photo/house/pic_106.jpg,0,train
cdan,13,photo/house/pic_144.jpg,0,train
cdan,14,photo/dog/056_0090.jpg,0,train
cdan,15,photo/person/253_0193.jpg,0,test
cdan,16,photo/person/253_0323.jpg,0,test
cdan,17,photo/person/253_0429.jpg,0,train
cdan,18,photo/person/253_0248.jpg,0,train
cdan,19,photo/horse/n02374451_18570.jpg,0,train
cdan,20,photo/guitar/n03272010_6820.jpg,0,test
cdan,21,photo/person/253_0310.jpg,0,train
cdan,22,photo/person/253_0146.jpg,0,test
cdan,23,photo/house/pic_005.jpg,0,test
cdan,24,photo/person/253_0300.jpg,0,train
cdan,25,photo/dog/056_0068.jpg,0,train
cdan,26,photo/horse/n02374451_13718.jpg,0,train
cdan,27,photo/dog/n02103406_1599.jpg,0,test
cdan,28,photo/guitar/063_0107.jpg,0,test
cdan,29,photo/elephant/064_0111.jpg,0,train
cdan,30,photo/giraffe/084_0011.jpg,0,train
cdan,31,photo/house/pic_259.jpg,0,train
cdan,32,photo/house/pic_161.jpg,0,train
cdan,33,photo/dog/n02103406_5505.jpg,0,test
cdan,34,photo/house/pic_280.jpg,0,test
cdan,35,photo/person/253_0034.jpg,0,train
cdan,36,photo/horse/105_0030.jpg,0,train
cdan,37,photo/elephant/064_0044.jpg,0,train
cdan,38,photo/person/253_0166.jpg,0,train
cdan,39,photo/horse/105_0106.jpg,0,train
cdan,40,photo/guitar/063_0001.jpg,0,test
cdan,41,photo/giraffe/n02439033_11059.jpg,0,train
cdan,42,photo/elephant/n02503517_1453.jpg,0,train
cdan,43,photo/house/pic_278.jpg,0,train
cdan,44,photo/person/253_0273.jpg,0,train
cdan,45,photo/guitar/063_0038.jpg,0,test
cdan,46,photo/person/253_0147.jpg,0,test
cdan,47,photo/guitar/063_0052.jpg,0,train
cdan,48,photo/elephant/064_0127.jpg,0,train
cdan,49,photo/house/pic_160.jpg,0,train
cdan,50,photo/horse/105_0059.jpg,0,train
cdan,51,photo/dog/056_0084.jpg,0,train
cdan,52,photo/giraffe/n02439033_11114.jpg,0,train
cdan,53,photo/person/253_0058.jpg,0,train
cdan,54,photo/horse/n02374451_925.jpg,0,test
cdan,55,photo/elephant/n02503517_6479.jpg,0,train
cdan,56,photo/person/253_0327.jpg,0,train
cdan,57,photo/horse/105_0266.jpg,0,train
cdan,58,photo/giraffe/n02439033_14846.jpg,0,train
cdan,59,photo/horse/n02374451_1443.jpg,0,train
cdan,60,photo/elephant/064_0062.jpg,0,test
cdan,61,photo/house/pic_034.jpg,0,train
cdan,62,photo/person/253_0277.jpg,0,test
cdan,63,photo/person/253_0290.jpg,0,train
cdan,64,photo/house/pic_206.jpg,0,train
cdan,65,photo/house/pic_038.jpg,0,test
cdan,66,photo/dog/056_0050.jpg,0,train
cdan,67,photo/person/253_0006.jpg,0,train
cdan,68,photo/horse/105_0067.jpg,0,train
cdan,69,photo/horse/105_0066.jpg,0,test
cdan,70,photo/dog/056_0052.jpg,0,train
cdan,71,photo/person/253_0395.jpg,0,test
cdan,72,photo/person/253_0015.jpg,0,train
cdan,73,photo/house/pic_050.jpg,0,train
cdan,74,photo/dog/056_0080.jpg,0,test
cdan,75,photo/elephant/064_0120.jpg,0,train
cdan,76,photo/guitar/063_0074.jpg,0,test
cdan,77,photo/person/253_0187.jpg,0,train
cdan,78,photo/giraffe/084_0012.jpg,0,test
cdan,79,photo/elephant/n02503517_4247.jpg,0,test
cdan,80,photo/person/253_0221.jpg,0,train
cdan,81,photo/person/253_0024.jpg,0,test
cdan,82,photo/elephant/n02503517_10193.jpg,0,train
cdan,83,photo/person/253_0074.jpg,0,train
cdan,84,photo/horse/n02374451_1234.jpg,0,train
cdan,85,photo/house/pic_195.jpg,0,test
cdan,86,photo/elephant/064_0024.jpg,0,test
cdan,87,photo/elephant/064_0008.jpg,0,test
cdan,88,photo/person/253_0301.jpg,0,train
cdan,89,photo/person/253_0084.jpg,0,train
cdan,90,photo/elephant/064_0016.jpg,0,train
cdan,91,photo/guitar/063_0067.jpg,0,train
cdan,92,photo/dog/056_0029.jpg,0,test
cdan,93,photo/person/253_0097.jpg,0,test
cdan,94,photo/elephant/n02503517_8901.jpg,0,train
cdan,95,photo/elephant/n02503517_5527.jpg,0,train
cdan,96,photo/guitar/063_0108.jpg,0,train
cdan,97,photo/person/253_0131.jpg,0,train
cdan,98,photo/house/pic_172.jpg,0,train
cdan,99,photo/guitar/063_0046.jpg,0,test
cdan,100,photo/person/253_0374.jpg,0,train
cdan,101,photo/guitar/063_0087.jpg,0,train
cdan,102,photo/guitar/n02676566_6704.jpg,0,test
cdan,103,photo/giraffe/n02439033_991.jpg,0,train
cdan,104,photo/guitar/063_0090.jpg,0,train
cdan,105,photo/house/pic_073.jpg,0,test
cdan,106,photo/horse/n02374451_17474.jpg,0,train
cdan,107,photo/horse/n02374451_54.jpg,0,test
cdan,108,photo/horse/105_0134.jpg,0,train
cdan,109,photo/person/253_0049.jpg,0,train
cdan,110,photo/house/pic_017.jpg,0,train
cdan,111,photo/dog/n02103406_4916.jpg,0,train
cdan,112,photo/horse/n02374451_2248.jpg,0,train
cdan,113,photo/elephant/064_0004.jpg,0,test
cdan,114,photo/elephant/064_0125.jpg,0,train
cdan,115,photo/guitar/063_0009.jpg,0,train
cdan,116,photo/house/pic_104.jpg,0,train
cdan,117,photo/elephant/064_0070.jpg,0,test
cdan,118,photo/guitar/n02676566_4189.jpg,0,train
cdan,119,photo/person/253_0294.jpg,0,train
cdan,120,photo/house/pic_224.jpg,0,test
cdan,121,photo/giraffe/084_0029.jpg,0,test
cdan,122,photo/person/253_0153.jpg,0,train
cdan,123,photo/guitar/n03272010_7390.jpg,0,train
cdan,124,photo/dog/n02103406_6530.jpg,0,test
cdan,125,photo/person/253_0338.jpg,0,test
cdan,126,photo/giraffe/n02439033_11627.jpg,0,train
cdan,127,photo/house/pic_028.jpg,0,test
cdan,128,photo/elephant/n02503517_5418.jpg,0,train
cdan,129,photo/dog/056_0071.jpg,0,train
cdan,130,photo/person/253_0256.jpg,0,train
cdan,131,photo/house/pic_067.jpg,0,test
cdan,132,photo/house/pic_145.jpg,0,train
cdan,133,photo/person/253_0021.jpg,0,train
cdan,134,photo/elephant/n02503517_4605.jpg,0,test
cdan,135,photo/elephant/064_0039.jpg,0,train
cdan,136,photo/horse/n02374451_16358.jpg,0,train
cdan,137,photo/horse/n02374451_8526.jpg,0,test
cdan,138,photo/dog/056_0062.jpg,0,train
cdan,139,photo/guitar/n03272010_7092.jpg,0,train
cdan,140,photo/horse/105_0007.jpg,0,train
cdan,141,photo/horse/105_0206.jpg,0,train
cdan,142,photo/person/253_0281.jpg,0,train
cdan,143,photo/house/pic_015.jpg,0,train
cdan,144,photo/giraffe/084_0074.jpg,0,test
cdan,145,photo/house/pic_058.jpg,0,train
cdan,146,photo/dog/n02103406_5456.jpg,0,train
cdan,147,photo/house/pic_112.jpg,0,test
cdan,148,photo/person/253_0130.jpg,0,test
cdan,149,photo/house/pic_260.jpg,0,train
cdan,150,photo/horse/n02374451_8744.jpg,0,train
cdan,151,photo/giraffe/n02439033_12413.jpg,0,test
cdan,152,photo/house/pic_225.jpg,0,train
cdan,153,photo/elephant/064_0045.jpg,0,test
cdan,154,photo/person/253_0123.jpg,0,train
cdan,155,photo/guitar/n03467517_22785.jpg,0,test
cdan,156,photo/elephant/064_0074.jpg,0,train
cdan,157,photo/elephant/064_0072.jpg,0,test
cdan,158,photo/house/pic_175.jpg,0,train
cdan,159,photo/person/253_0348.jpg,0,train
cdan,160,photo/giraffe/n02439033_10453.jpg,0,train
cdan,161,photo/person/253_0354.jpg,0,test
cdan,162,photo/person/253_0422.jpg,0,train
cdan,163,photo/horse/n02374451_4795.jpg,0,train
cdan,164,photo/dog/n02103406_3538.jpg,0,test
cdan,165,photo/person/253_0141.jpg,0,test
cdan,166,photo/guitar/n03467517_23229.jpg,0,test
cdan,167,photo/elephant/064_0115.jpg,0,train
cdan,168,photo/house/pic_004.jpg,0,train
cdan,169,photo/horse/n02374451_9064.jpg,0,train
cdan,170,photo/person/253_0082.jpg,0,train
cdan,171,photo/horse/n02374451_9892.jpg,0,test
cdan,172,photo/horse/105_0115.jpg,0,train
cdan,173,photo/elephant/n02503517_7020.jpg,0,train
cdan,174,photo/elephant/064_0130.jpg,0,train
cdan,175,photo/dog/056_0073.jpg,0,train
cdan,176,photo/giraffe/n02439033_11683.jpg,0,train
cdan,177,photo/giraffe/084_0060.jpg,0,train
cdan,178,photo/guitar/063_0050.jpg,0,train
cdan,179,photo/person/253_0242.jpg,0,test
cdan,180,photo/person/253_0195.jpg,0,test
cdan,181,photo/elephant/n02503517_3803.jpg,0,train
cdan,182,photo/person/253_0287.jpg,0,train
cdan,183,photo/horse/105_0207.jpg,0,train
cdan,184,photo/person/253_0253.jpg,0,train
cdan,185,photo/guitar/063_0024.jpg,0,train
cdan,186,photo/person/253_0247.jpg,0,train
cdan,187,photo/house/pic_188.jpg,0,test
cdan,188,photo/elephant/n02503517_8571.jpg,0,train
cdan,189,photo/person/253_0105.jpg,0,test
cdan,190,photo/horse/n02374451_11492.jpg,0,train
cdan,191,photo/house/pic_184.jpg,0,train
cdan,192,photo/house/pic_235.jpg,0,train
cdan,193,photo/person/253_0423.jpg,0,test
cdan,194,photo/guitar/063_0095.jpg,0,test
cdan,195,photo/guitar/n02676566_7830.jpg,0,train
cdan,196,photo/person/253_0045.jpg,0,train
cdan,197,photo/person/253_0299.jpg,0,test
cdan,198,photo/person/253_0139.jpg,0,train
cdan,199,photo/person/253_0104.jpg,0,train
cdan,200,photo/horse/105_0199.jpg,0,train
cdan,201,photo/person/253_0145.jpg,0,train
cdan,202,photo/person/253_0102.jpg,0,test
cdan,203,photo/house/pic_054.jpg,0,train
cdan,204,photo/person/253_0386.jpg,0,train
cdan,205,photo/person/253_0033.jpg,0,test
cdan,206,photo/dog/056_0010.jpg,0,test
cdan,207,photo/person/253_0417.jpg,0,test
cdan,208,photo/giraffe/n02439033_10164.jpg,0,test
cdan,209,photo/person/253_0106.jpg,0,train
cdan,210,photo/person/253_0128.jpg,0,train
cdan,211,photo/horse/n02374451_14119.jpg,0,test
cdan,212,photo/dog/n02103406_3964.jpg,0,train
cdan,213,photo/dog/n02106662_1922.jpg,0,test
cdan,214,photo/giraffe/084_0059.jpg,0,test
cdan,215,photo/person/253_0361.jpg,0,train
cdan,216,photo/horse/105_0048.jpg,0,train
cdan,217,photo/horse/n02374451_7631.jpg,0,train
cdan,218,photo/giraffe/n02439033_10130.jpg,0,test
cdan,219,photo/guitar/n03467517_12925.jpg,0,train
cdan,220,photo/person/253_0095.jpg,0,train
cdan,221,photo/house/pic_090.jpg,0,test
cdan,222,photo/house/pic_080.jpg,0,train
cdan,223,photo/giraffe/084_0028.jpg,0,train
cdan,224,photo/elephant/n02503517_6880.jpg,0,train
cdan,225,photo/dog/n02103406_2954.jpg,0,train
cdan,226,photo/person/253_0211.jpg,0,train
cdan,227,photo/dog/056_0042.jpg,0,test
cdan,228,photo/guitar/063_0084.jpg,0,train
cdan,229,photo/giraffe/n02439033_14148.jpg,0,test
cdan,230,photo/person/253_0017.jpg,0,test
cdan,231,photo/person/253_0267.jpg,0,train
cdan,232,photo/elephant/064_0012.jpg,0,train
cdan,233,photo/house/pic_250.jpg,0,train
cdan,234,photo/giraffe/084_0077.jpg,0,train
cdan,235,photo/person/253_0311.jpg,0,train
cdan,236,photo/elephant/064_0114.jpg,0,train
cdan,237,photo/dog/n02106662_27393.jpg,0,train
cdan,238,photo/horse/n02374451_503.jpg,0,train
cdan,239,photo/house/pic_279.jpg,0,train
cdan,240,photo/dog/n02103406_8280.jpg,0,train
cdan,241,photo/horse/n02374451_10098.jpg,0,train
cdan,242,photo/person/253_0405.jpg,0,train
cdan,243,photo/guitar/n02676566_8997.jpg,0,train
cdan,244,photo/horse/n02374451_14738.jpg,0,train
cdan,245,photo/giraffe/084_0020.jpg,0,train
cdan,246,photo/guitar/063_0041.jpg,0,train
cdan,247,photo/person/253_0050.jpg,0,train
cdan,248,photo/horse/105_0103.jpg,0,train
cdan,249,photo/house/pic_234.jpg,0,test
cdan,250,photo/elephant/064_0011.jpg,0,train
cdan,251,photo/guitar/n03272010_9557.jpg,0,train
cdan,252,photo/dog/056_0043.jpg,0,train
cdan,253,photo/horse/n02374451_10761.jpg,0,test
cdan,254,photo/person/253_0278.jpg,0,train
cdan,255,photo/giraffe/n02439033_5652.jpg,0,test
cdan,256,photo/person/253_0434.jpg,0,train
cdan,257,photo/house/pic_046.jpg,0,train
cdan,258,photo/person/253_0055.jpg,0,train
cdan,259,photo/giraffe/n02439033_13602.jpg,0,test
cdan,260,photo/house/pic_130.jpg,0,train
cdan,261,photo/house/pic_097.jpg,0,test
cdan,262,photo/dog/n02103406_3132.jpg,0,train
cdan,263,photo/dog/056_0075.jpg,0,train
cdan,264,photo/guitar/063_0035.jpg,0,train
cdan,265,photo/house/pic_049.jpg,0,train
cdan,266,photo/house/pic_165.jpg,0,train
cdan,267,photo/elephant/n02503517_9827.jpg,0,train
cdan,268,photo/giraffe/n02439033_9472.jpg,0,test
cdan,269,photo/person/253_0232.jpg,0,test
cdan,270,photo/horse/105_0260.jpg,0,test
cdan,271,photo/house/pic_094.jpg,0,test
cdan,272,photo/dog/056_0082.jpg,0,train
cdan,273,photo/elephant/n02503517_8904.jpg,0,test
cdan,274,photo/house/pic_281.jpg,0,test
cdan,275,photo/dog/056_0030.jpg,0,test
cdan,276,photo/house/pic_229.jpg,0,train
cdan,277,photo/elephant/n02503517_184.jpg,0,train
cdan,278,photo/person/253_0176.jpg,0,train
cdan,279,photo/house/pic_146.jpg,0,train
cdan,280,photo/guitar/063_0089.jpg,0,train
cdan,281,photo/person/253_0196.jpg,0,train
cdan,282,photo/giraffe/n02439033_12987.jpg,0,test
cdan,283,photo/giraffe/n02439033_11715.jpg,0,train
cdan,284,photo/dog/n02103406_371.jpg,0,test
cdan,285,photo/house/pic_069.jpg,0,train
cdan,286,photo/house/pic_092.jpg,0,train
cdan,287,photo/person/253_0324.jpg,0,test
cdan,288,photo/dog/056_0009.jpg,0,train
cdan,289,photo/person/253_0014.jpg,0,train
cdan,290,photo/person/253_0246.jpg,0,test
cdan,291,photo/horse/105_0076.jpg,0,train
cdan,292,photo/guitar/063_0048.jpg,0,train
cdan,293,photo/dog/n02109525_12875.jpg,0,test
cdan,294,photo/person/253_0266.jpg,0,test
cdan,295,photo/guitar/063_0093.jpg,0,test
cdan,296,photo/elephant/n02503517_564.jpg,0,train
cdan,297,photo/house/pic_117.jpg,0,train
cdan,298,photo/giraffe/n02439033_11504.jpg,0,train
cdan,299,photo/dog/056_0048.jpg,0,train
cdan,300,photo/guitar/n02676566_7844.jpg,0,train
cdan,301,photo/guitar/063_0022.jpg,0,train
cdan,302,photo/giraffe/n02439033_12680.jpg,0,test
cdan,303,photo/horse/105_0008.jpg,0,test
cdan,304,photo/dog/n02103406_5035.jpg,0,train
cdan,305,photo/elephant/n02503517_6032.jpg,0,test
cdan,306,photo/dog/n02106662_11133.jpg,0,train
cdan,307,photo/house/pic_113.jpg,0,train
cdan,308,photo/person/253_0170.jpg,0,train
cdan,309,photo/elephant/n02503517_753.jpg,0,train
cdan,310,photo/giraffe/n02439033_16483.jpg,0,train
cdan,311,photo/person/253_0296.jpg,0,test
cdan,312,photo/giraffe/084_0042.jpg,0,train
cdan,313,photo/house/pic_111.jpg,0,train
cdan,314,photo/guitar/063_0010.jpg,0,train
cdan,315,photo/elephant/064_0067.jpg,0,train
cdan,316,photo/giraffe/n02439033_15479.jpg,0,test
cdan,317,photo/person/253_0075.jpg,0,train
cdan,318,photo/house/pic_284.jpg,0,test
cdan,319,photo/giraffe/n02439033_11486.jpg,0,train
cdan,320,photo/house/pic_013.jpg,0,test
cdan,321,photo/guitar/n03272010_10795.jpg,0,train
cdan,322,photo/person/253_0168.jpg,0,train
cdan,323,photo/house/pic_060.jpg,0,train
cdan,324,photo/house/pic_077.jpg,0,train
cdan,325,photo/person/253_0359.jpg,0,train
cdan,326,photo/elephant/064_0097.jpg,0,train
cdan,327,photo/horse/n02374451_10669.jpg,0,train
cdan,328,photo/giraffe/084_0045.jpg,0,train
cdan,329,photo/person/253_0387.jpg,0,train
cdan,330,photo/dog/n02106662_25917.jpg,0,test
cdan,331,photo/dog/n02106662_7885.jpg,0,train
cdan,332,photo/elephant/n02503517_5287.jpg,0,train
cdan,333,photo/horse/105_0215.jpg,0,train
cdan,334,art_painting/elephant/pic_087.jpg,0,train
cdan,335,art_painting/person/pic_206.jpg,0,train
cdan,336,art_painting/giraffe/pic_142.jpg,0,train
cdan,337,art_painting/guitar/pic_075.jpg,0,train
cdan,338,art_painting/dog/pic_058.jpg,0,train
cdan,339,art_painting/giraffe/pic_302.jpg,0,train
cdan,340,art_painting/person/pic_168.jpg,0,train
cdan,341,art_painting/person/pic_162.jpg,0,train
cdan,342,art_painting/dog/pic_074.jpg,0,test
cdan,343,art_painting/house/pic_014.jpg,0,train
cdan,344,art_painting/house/pic_107.jpg,0,test
cdan,345,art_painting/guitar/pic_197.jpg,0,train
cdan,346,art_painting/person/pic_033.jpg,0,train
cdan,347,art_painting/horse/pic_195.jpg,0,train
cdan,348,art_painting/guitar/pic_092.jpg,0,train
cdan,349,art_painting/elephant/pic_145.jpg,0,train
cdan,350,art_painting/giraffe/pic_126.jpg,0,train
cdan,351,art_painting/horse/pic_047.jpg,0,train
cdan,352,art_painting/person/pic_203.jpg,0,train
cdan,353,art_painting/dog/pic_327.jpg,0,train
cdan,354,art_painting/house/pic_022.jpg,0,train
cdan,355,art_painting/house/pic_218.jpg,0,train
cdan,356,art_painting/elephant/pic_122.jpg,0,train
cdan,357,art_painting/person/pic_334.jpg,0,test
cdan,358,art_painting/dog/pic_366.jpg,0,train
cdan,359,art_painting/person/pic_074.jpg,0,train
cdan,360,art_painting/person/pic_400.jpg,0,train
cdan,361,art_painting/dog/pic_072.jpg,0,train
cdan,362,art_painting/horse/pic_228.jpg,0,test
cdan,363,art_painting/dog/pic_007.jpg,0,train
cdan,364,art_painting/guitar/pic_082.jpg,0,train
cdan,365,art_painting/elephant/pic_260.jpg,0,train
cdan,366,art_painting/person/pic_387.jpg,0,train
cdan,367,art_painting/dog/pic_260.jpg,0,train
cdan,368,art_painting/dog/pic_315.jpg,0,test
cdan,369,art_painting/guitar/pic_014.jpg,0,train
cdan,370,art_painting/horse/pic_182.jpg,0,test
cdan,371,art_painting/person/pic_129.jpg,0,test
cdan,372,art_painting/person/pic_382.jpg,0,test
cdan,373,art_painting/elephant/pic_100.jpg,0,train
cdan,374,art_painting/guitar/pic_135.jpg,0,train
cdan,375,art_painting/person/pic_126.jpg,0,train
cdan,376,art_painting/giraffe/pic_068.jpg,0,test
cdan,377,art_painting/house/pic_189.jpg,0,test
cdan,378,art_painting/person/pic_265.jpg,0,test
cdan,379,art_painting/giraffe/pic_210.jpg,0,test
cdan,380,art_painting/dog/pic_205.jpg,0,train
cdan,381,art_painting/dog/pic_100.jpg,0,train
cdan,382,art_painting/giraffe/pic_057.jpg,0,train
cdan,383,art_painting/elephant/pic_108.jpg,0,train
cdan,384,art_painting/giraffe/pic_102.jpg,0,test
cdan,385,art_painting/guitar/pic_127.jpg,0,train
cdan,386,art_painting/guitar/pic_044.jpg,0,train
cdan,387,art_painting/dog/pic_055.jpg,0,train
cdan,388,art_painting/giraffe/pic_190.jpg,0,train
cdan,389,art_painting/giraffe/pic_005.jpg,0,train
cdan,390,art_painting/elephant/pic_249.jpg,0,train
cdan,391,art_painting/house/pic_313.jpg,0,train
cdan,392,art_painting/person/pic_429.jpg,0,train
cdan,393,art_painting/person/pic_116.jpg,0,train
cdan,394,art_painting/house/pic_018.jpg,0,train
cdan,395,art_painting/house/pic_082.jpg,0,train
cdan,396,art_painting/house/pic_212.jpg,0,test
cdan,397,art_painting/person/pic_016.jpg,0,train
cdan,398,art_painting/giraffe/pic_014.jpg,0,test
cdan,399,art_painting/giraffe/pic_013.jpg,0,train
cdan,400,art_painting/person/pic_542.jpg,0,test
cdan,401,art_painting/elephant/pic_099.jpg,0,test
cdan,402,art_painting/giraffe/pic_170.jpg,0,train
cdan,403,art_painting/elephant/pic_011.jpg,0,test
cdan,404,art_painting/elephant/pic_098.jpg,0,test
cdan,405,art_painting/dog/pic_304.jpg,0,train
cdan,406,art_painting/dog/pic_398.jpg,0,train
cdan,407,art_painting/horse/pic_049.jpg,0,train
cdan,408,art_painting/house/pic_123.jpg,0,train
cdan,409,art_painting/guitar/pic_071.jpg,0,train
cdan,410,art_painting/elephant/pic_201.jpg,0,train
cdan,411,art_painting/elephant/pic_144.jpg,0,train
cdan,412,art_painting/dog/pic_232.jpg,0,train
cdan,413,art_painting/house/pic_111.jpg,0,train
cdan,414,art_painting/elephant/pic_207.jpg,0,train
cdan,415,art_painting/elephant/pic_152.jpg,0,train
cdan,416,art_painting/person/pic_496.jpg,0,test
cdan,417,art_painting/horse/pic_130.jpg,0,train
cdan,418,art_painting/giraffe/pic_118.jpg,0,test
cdan,419,art_painting/elephant/pic_048.jpg,0,test
cdan,420,art_painting/dog/pic_393.jpg,0,train
cdan,421,art_painting/giraffe/pic_085.jpg,0,train
cdan,422,art_painting/horse/pic_090.jpg,0,train
cdan,423,art_painting/giraffe/pic_268.jpg,0,train
cdan,424,art_painting/person/pic_433.jpg,0,train
cdan,425,art_painting/horse/pic_154.jpg,0,test
cdan,426,art_painting/horse/pic_135.jpg,0,test
cdan,427,art_painting/person/pic_248.jpg,0,test
cdan,428,art_painting/elephant/pic_158.jpg,0,train
cdan,429,art_painting/person/pic_438.jpg,0,train
cdan,430,art_painting/giraffe/pic_176.jpg,0,test
cdan,431,art_painting/person/pic_052.jpg,0,train
cdan,432,art_painting/elephant/pic_113.jpg,0,train
cdan,433,art_painting/house/pic_191.jpg,0,train
cdan,434,art_painting/elephant/pic_078.jpg,0,train
cdan,435,art_painting/guitar/pic_089.jpg,0,train
cdan,436,art_painting/dog/pic_133.jpg,0,train
cdan,437,art_painting/dog/pic_282.jpg,0,test
cdan,438,art_painting/dog/pic_084.jpg,0,train
cdan,439,art_painting/dog/pic_371.jpg,0,train
cdan,440,art_painting/guitar/pic_171.jpg,0,train
cdan,441,art_painting/dog/pic_269.jpg,0,train
cdan,442,art_painting/elephant/pic_061.jpg,0,train
cdan,443,art_painting/person/pic_464.jpg,0,test
cdan,444,art_painting/person/pic_161.jpg,0,train
cdan,445,art_painting/person/pic_247.jpg,0,test
cdan,446,art_painting/dog/pic_301.jpg,0,train
cdan,447,art_painting/person/pic_487.jpg,0,test
cdan,448,art_painting/horse/pic_142.jpg,0,train
cdan,449,art_painting/house/pic_221.jpg,0,train
cdan,450,art_painting/elephant/pic_252.jpg,0,train
cdan,451,art_painting/elephant/pic_178.jpg,0,train
cdan,452,art_painting/person/pic_320.jpg,0,train
cdan,453,art_painting/giraffe/pic_185.jpg,0,test
cdan,454,art_painting/horse/pic_028.jpg,0,train
cdan,455,art_painting/dog/pic_297.jpg,0,train
cdan,456,art_painting/dog/pic_138.jpg,0,train
cdan,457,art_painting/dog/pic_036.jpg,0,train
cdan,458,art_painting/horse/pic_017.jpg,0,train
cdan,459,art_painting/dog/pic_194.jpg,0,train
cdan,460,art_painting/giraffe/pic_072.jpg,0,train
cdan,461,art_painting/dog/pic_157.jpg,0,train
cdan,462,art_painting/person/pic_135.jpg,0,train
cdan,463,art_painting/horse/pic_136.jpg,0,train
cdan,464,art_painting/horse/pic_134.jpg,0,test
cdan,465,art_painting/guitar/pic_173.jpg,0,train
cdan,466,art_painting/guitar/pic_129.jpg,0,train
cdan,467,art_painting/dog/pic_329.jpg,0,train
cdan,468,art_painting/giraffe/pic_069.jpg,0,train
cdan,469,art_painting/giraffe/pic_243.jpg,0,train
cdan,470,art_painting/giraffe/pic_153.jpg,0,train
cdan,471,art_painting/giraffe/pic_001.jpg,0,train
cdan,472,art_painting/giraffe/pic_140.jpg,0,train
cdan,473,art_painting/house/pic_213.jpg,0,test
cdan,474,art_painting/house/pic_009.jpg,0,test
cdan,475,art_painting/person/pic_094.jpg,0,test
cdan,476,art_painting/person/pic_070.jpg,0,test
cdan,477,art_painting/dog/pic_026.jpg,0,train
cdan,478,art_painting/dog/pic_397.jpg,0,test
cdan,479,art_painting/house/pic_269.jpg,0,train
cdan,480,art_painting/giraffe/pic_086.jpg,0,test
cdan,481,art_painting/person/pic_213.jpg,0,test
cdan,482,art_painting/elephant/pic_029.jpg,0,train
cdan,483,art_painting/giraffe/pic_138.jpg,0,train
cdan,484,art_painting/house/pic_034.jpg,0,test
cdan,485,art_painting/giraffe/pic_028.jpg,0,train
cdan,486,art_painting/person/pic_380.jpg,0,train
cdan,487,art_painting/horse/pic_002.jpg,0,test
cdan,488,art_painting/house/pic_011.jpg,0,train
cdan,489,art_painting/person/pic_196.jpg,0,train
cdan,490,art_painting/elephant/pic_148.jpg,0,train
cdan,491,art_painting/person/pic_157.jpg,0,train
cdan,492,art_painting/elephant/pic_117.jpg,0,train
cdan,493,art_painting/elephant/pic_060.jpg,0,train
cdan,494,art_painting/house/pic_008.jpg,0,train
cdan,495,art_painting/guitar/pic_059.jpg,0,train
cdan,496,art_painting/guitar/pic_074.jpg,0,train
cdan,497,art_painting/dog/pic_214.jpg,0,train
cdan,498,art_painting/giraffe/pic_122.jpg,0,train
cdan,499,art_painting/house/pic_304.jpg,0,test
cdan,500,art_painting/house/pic_322.jpg,0,test
cdan,501,art_painting/horse/pic_222.jpg,0,test
cdan,502,art_painting/horse/pic_151.jpg,0,train
cdan,503,art_painting/dog/pic_134.jpg,0,test
cdan,504,art_painting/person/pic_069.jpg,0,train
cdan,505,art_painting/person/pic_011.jpg,0,test
cdan,506,art_painting/dog/pic_314.jpg,0,train
cdan,507,art_painting/horse/pic_001.jpg,0,test
cdan,508,art_painting/house/pic_309.jpg,0,train
cdan,509,art_painting/giraffe/pic_180.jpg,0,test
cdan,510,art_painting/house/pic_004.jpg,0,train
cdan,511,art_painting/house/pic_311.jpg,0,train
cdan,512,art_painting/dog/pic_312.jpg,0,train
cdan,513,art_painting/person/pic_294.jpg,0,train
cdan,514,art_painting/person/pic_525.jpg,0,train
cdan,515,art_painting/giraffe/pic_173.jpg,0,train
cdan,516,art_painting/elephant/pic_075.jpg,0,train
cdan,517,art_painting/guitar/pic_177.jpg,0,test
cdan,518,art_painting/house/pic_088.jpg,0,test
cdan,519,art_painting/giraffe/pic_077.jpg,0,test
cdan,520,art_painting/house/pic_245.jpg,0,train
cdan,521,art_painting/dog/pic_226.jpg,0,test
cdan,522,art_painting/elephant/pic_044.jpg,0,train
cdan,523,art_painting/dog/pic_099.jpg,0,train
cdan,524,art_painting/person/pic_209.jpg,0,train
cdan,525,art_painting/person/pic_304.jpg,0,test
cdan,526,art_painting/horse/pic_138.jpg,0,train
cdan,527,art_painting/guitar/pic_034.jpg,0,train
cdan,528,art_painting/person/pic_296.jpg,0,train
cdan,529,art_painting/horse/pic_054.jpg,0,train
cdan,530,art_painting/dog/pic_391.jpg,0,train
cdan,531,art_painting/elephant/pic_183.jpg,0,train
cdan,532,art_painting/horse/pic_213.jpg,0,train
cdan,533,art_painting/dog/pic_394.jpg,0,train
cdan,534,art_painting/dog/pic_368.jpg,0,train
cdan,535,art_painting/house/pic_306.jpg,0,train
cdan,536,art_painting/elephant/pic_227.jpg,0,train
cdan,537,art_painting/person/pic_543.jpg,0,test
cdan,538,art_painting/giraffe/pic_011.jpg,0,test
cdan,539,art_painting/house/pic_098.jpg,0,train
cdan,540,art_painting/person/pic_328.jpg,0,train
cdan,541,art_painting/guitar/pic_063.jpg,0,train
cdan,542,art_painting/horse/pic_128.jpg,0,train
cdan,543,art_painting/giraffe/pic_044.jpg,0,test
cdan,544,art_painting/guitar/pic_182.jpg,0,train
cdan,545,art_painting/horse/pic_133.jpg,0,train
cdan,546,art_painting/guitar/pic_023.jpg,0,train
cdan,547,art_painting/person/pic_520.jpg,0,train
cdan,548,art_painting/dog/pic_079.jpg,0,train
cdan,549,art_painting/dog/pic_070.jpg,0,train
cdan,550,art_painting/dog/pic_172.jpg,0,test
cdan,551,art_painting/house/pic_246.jpg,0,train
cdan,552,art_painting/dog/pic_090.jpg,0,train
cdan,553,art_painting/house/pic_226.jpg,0,train
cdan,554,art_painting/person/pic_531.jpg,0,train
cdan,555,art_painting/person/pic_018.jpg,0,train
cdan,556,art_painting/elephant/pic_059.jpg,0,train
cdan,557,art_painting/dog/pic_186.jpg,0,train
cdan,558,art_painting/person/pic_273.jpg,0,test
cdan,559,art_painting/house/pic_134.jpg,0,train
cdan,560,art_painting/dog/pic_280.jpg,0,train
cdan,561,art_painting/person/pic_423.jpg,0,test
cdan,562,art_painting/giraffe/pic_239.jpg,0,train
cdan,563,art_painting/person/pic_277.jpg,0,test
cdan,564,art_painting/giraffe/pic_193.jpg,0,train
cdan,565,art_painting/guitar/pic_192.jpg,0,test
cdan,566,art_painting/person/pic_518.jpg,0,train
cdan,567,art_painting/giraffe/pic_244.jpg,0,test
cdan,568,art_painting/dog/pic_349.jpg,0,test
cdan,569,art_painting/house/pic_231.jpg,0,train
cdan,570,art_painting/guitar/pic_142.jpg,0,train
cdan,571,art_painting/giraffe/pic_052.jpg,0,test
cdan,572,art_painting/guitar/pic_193.jpg,0,test
cdan,573,art_painting/house/pic_091.jpg,0,train
cdan,574,art_painting/guitar/pic_166.jpg,0,test
cdan,575,art_painting/house/pic_054.jpg,0,train
cdan,576,art_painting/horse/pic_042.jpg,0,test
cdan,577,art_painting/horse/pic_081.jpg,0,train
cdan,578,art_painting/horse/pic_161.jpg,0,test
cdan,579,art_painting/house/pic_291.jpg,0,test
cdan,580,art_painting/person/pic_014.jpg,0,test
cdan,581,art_painting/dog/pic_372.jpg,0,train
cdan,582,art_painting/person/pic_109.jpg,0,train
cdan,583,art_painting/person/pic_027.jpg,0,train
cdan,584,art_painting/elephant/pic_191.jpg,0,train
cdan,585,art_painting/horse/pic_232.jpg,0,train
cdan,586,art_painting/house/pic_219.jpg,0,train
cdan,587,art_painting/person/pic_327.jpg,0,test
cdan,588,art_painting/dog/pic_268.jpg,0,train
cdan,589,art_painting/elephant/pic_156.jpg,0,train
cdan,590,art_painting/dog/pic_105.jpg,0,test
cdan,591,art_painting/person/pic_150.jpg,0,test
cdan,592,art_painting/person/pic_101.jpg,0,train
cdan,593,art_painting/giraffe/pic_293.jpg,0,train
cdan,594,art_painting/elephant/pic_177.jpg,0,test
cdan,595,art_painting/dog/pic_274.jpg,0,train
cdan,596,art_painting/elephant/pic_016.jpg,0,train
cdan,597,art_painting/giraffe/pic_191.jpg,0,train
cdan,598,art_painting/guitar/pic_178.jpg,0,test
cdan,599,art_painting/house/pic_076.jpg,0,train
cdan,600,art_painting/person/pic_435.jpg,0,train
cdan,601,art_painting/dog/pic_384.jpg,0,train
cdan,602,art_painting/person/pic_303.jpg,0,train
cdan,603,art_painting/guitar/pic_137.jpg,0,train
cdan,604,art_painting/dog/pic_377.jpg,0,train
cdan,605,art_painting/giraffe/pic_307.jpg,0,train
cdan,606,art_painting/house/pic_315.jpg,0,test
cdan,607,art_painting/horse/pic_106.jpg,0,train
cdan,608,art_painting/guitar/pic_108.jpg,0,train
cdan,609,art_painting/guitar/pic_170.jpg,0,train
cdan,610,art_painting/house/pic_153.jpg,0,test
cdan,611,art_painting/person/pic_479.jpg,0,test
cdan,612,art_painting/person/pic_267.jpg,0,train
cdan,613,art_painting/person/pic_458.jpg,0,test
cdan,614,art_painting/person/pic_204.jpg,0,train
cdan,615,art_painting/person/pic_249.jpg,0,train
cdan,616,art_painting/elephant/pic_119.jpg,0,train
cdan,617,art_painting/house/pic_336.jpg,0,train
cdan,618,art_painting/house/pic_281.jpg,0,test
cdan,619,art_painting/horse/pic_008.jpg,0,test
cdan,620,art_painting/person/pic_169.jpg,0,train
cdan,621,art_painting/giraffe/pic_171.jpg,0,train
cdan,622,art_painting/person/pic_183.jpg,0,test
cdan,623,art_painting/dog/pic_123.jpg,0,train
cdan,624,art_painting/dog/pic_064.jpg,0,train
cdan,625,art_painting/house/pic_149.jpg,0,test
cdan,626,art_painting/dog/pic_177.jpg,0,test
cdan,627,art_painting/dog/pic_167.jpg,0,train
cdan,628,art_painting/dog/pic_091.jpg,0,train
cdan,629,art_painting/giraffe/pic_010.jpg,0,test
cdan,630,art_painting/dog/pic_322.jpg,0,train
cdan,631,art_painting/guitar/pic_024.jpg,0,train
cdan,632,art_painting/dog/pic_350.jpg,0,train
cdan,633,art_painting/guitar/pic_113.jpg,0,train
cdan,634,art_painting/elephant/pic_106.jpg,0,train
cdan,635,art_painting/house/pic_121.jpg,0,train
cdan,636,art_painting/person/pic_194.jpg,0,train
cdan,637,art_painting/dog/pic_253.jpg,0,test
cdan,638,art_painting/horse/pic_150.jpg,0,train
cdan,639,art_painting/horse/pic_034.jpg,0,train
cdan,640,art_painting/house/pic_103.jpg,0,train
cdan,641,art_painting/person/pic_208.jpg,0,train
cdan,642,art_painting/person/pic_263.jpg,0,train
cdan,643,art_painting/giraffe/pic_009.jpg,0,test
cdan,644,art_painting/house/pic_136.jpg,0,train
cdan,645,art_painting/house/pic_198.jpg,0,train
cdan,646,art_painting/house/pic_074.jpg,0,test
cdan,647,art_painting/person/pic_097.jpg,0,train
cdan,648,art_painting/elephant/pic_046.jpg,0,test
cdan,649,art_painting/horse/pic_125.jpg,0,test
cdan,650,art_painting/giraffe/pic_271.jpg,0,train
cdan,651,art_painting/elephant/pic_204.jpg,0,test
cdan,652,art_painting/giraffe/pic_139.jpg,0,train
cdan,653,art_painting/house/pic_187.jpg,0,train
cdan,654,art_painting/horse/pic_099.jpg,0,test
cdan,655,art_painting/person/pic_405.jpg,0,test
cdan,656,art_painting/dog/pic_319.jpg,0,train
cdan,657,art_painting/elephant/pic_161.jpg,0,train
cdan,658,art_painting/horse/pic_206.jpg,0,train
cdan,659,art_painting/elephant/pic_198.jpg,0,train
cdan,660,art_painting/giraffe/pic_253.jpg,0,train
cdan,661,art_painting/house/pic_298.jpg,0,test
cdan,662,art_painting/house/pic_261.jpg,0,train
cdan,663,art_painting/horse/pic_056.jpg,0,test
cdan,664,art_painting/person/pic_171.jpg,0,test
cdan,665,art_painting/guitar/pic_187.jpg,0,test
cdan,666,art_painting/person/pic_545.jpg,0,train
cdan,667,art_painting/person/pic_107.jpg,0,train
cdan,668,cartoon/person/pic_113.jpg,0,test
cdan,669,cartoon/elephant/pic_389.jpg,0,test
cdan,670,cartoon/person/pic_105.jpg,0,train
cdan,671,cartoon/house/pic_355.jpg,0,train
cdan,672,cartoon/horse/pic_189.jpg,0,test
cdan,673,cartoon/elephant/pic_136.jpg,0,train
cdan,674,cartoon/house/pic_343.jpg,0,train
cdan,675,cartoon/giraffe/pic_209.jpg,0,train
cdan,676,cartoon/giraffe/pic_273.jpg,0,train
cdan,677,cartoon/horse/pic_257.jpg,0,train
cdan,678,cartoon/elephant/pic_030.jpg,0,train
cdan,679,cartoon/dog/pic_108.jpg,0,train
cdan,680,cartoon/giraffe/pic_244.jpg,0,train
cdan,681,cartoon/elephant/pic_246.jpg,0,test
cdan,682,cartoon/person/pic_333.jpg,0,train
cdan,683,cartoon/giraffe/pic_385.jpg,0,train
cdan,684,cartoon/dog/pic_325.jpg,0,train
cdan,685,cartoon/elephant/pic_393.jpg,0,test
cdan,686,cartoon/elephant/pic_047.jpg,0,test
cdan,687,cartoon/elephant/pic_180.jpg,0,test
cdan,688,cartoon/giraffe/pic_360.jpg,0,train
cdan,689,cartoon/elephant/pic_444.jpg,0,test
cdan,690,cartoon/dog/pic_140.jpg,0,train
cdan,691,cartoon/dog/pic_094.jpg,0,train
cdan,692,cartoon/elephant/pic_135.jpg,0,train
cdan,693,cartoon/house/pic_257.jpg,0,train
cdan,694,cartoon/horse/pic_214.jpg,0,train
cdan,695,cartoon/house/pic_017.jpg,0,train
cdan,696,cartoon/horse/pic_221.jpg,0,test
cdan,697,cartoon/horse/pic_092.jpg,0,test
cdan,698,cartoon/elephant/pic_010.jpg,0,train
cdan,699,cartoon/guitar/pic_124.jpg,0,train
cdan,700,cartoon/horse/pic_322.jpg,0,train
cdan,701,cartoon/guitar/pic_048.jpg,0,train
cdan,702,cartoon/elephant/pic_091.jpg,0,train
cdan,703,cartoon/dog/pic_310.jpg,0,train
cdan,704,cartoon/horse/pic_053.jpg,0,test
cdan,705,cartoon/person/pic_131.jpg,0,train
cdan,706,cartoon/elephant/pic_257.jpg,0,train
cdan,707,cartoon/house/pic_278.jpg,0,test
cdan,708,cartoon/giraffe/pic_061.jpg,0,test
cdan,709,cartoon/dog/pic_060.jpg,0,train
cdan,710,cartoon/elephant/pic_173.jpg,0,train
cdan,711,cartoon/person/pic_385.jpg,0,train
cdan,712,cartoon/elephant/pic_350.jpg,0,test
cdan,713,cartoon/giraffe/pic_192.jpg,0,train
cdan,714,cartoon/horse/pic_327.jpg,0,train
cdan,715,cartoon/elephant/pic_471.jpg,0,train
cdan,716,cartoon/person/pic_020.jpg,0,train
cdan,717,cartoon/horse/pic_196.jpg,0,train
cdan,718,cartoon/elephant/pic_316.jpg,0,train
cdan,719,cartoon/giraffe/pic_173.jpg,0,train
cdan,720,cartoon/person/pic_216.jpg,0,train
cdan,721,cartoon/elephant/pic_496.jpg,0,train
cdan,722,cartoon/elephant/pic_337.jpg,0,train
cdan,723,cartoon/elephant/pic_244.jpg,0,train
cdan,724,cartoon/person/pic_078.jpg,0,train
cdan,725,cartoon/horse/pic_345.jpg,0,train
cdan,726,cartoon/dog/pic_136.jpg,0,train
cdan,727,cartoon/horse/pic_355.jpg,0,train
cdan,728,cartoon/house/pic_317.jpg,0,test
cdan,729,cartoon/person/pic_025.jpg,0,train
cdan,730,cartoon/person/pic_055.jpg,0,train
cdan,731,cartoon/guitar/pic_035.jpg,0,train
cdan,732,cartoon/dog/pic_171.jpg,0,train
cdan,733,cartoon/house/pic_252.jpg,0,train
cdan,734,cartoon/person/pic_129.jpg,0,train
cdan,735,cartoon/house/pic_286.jpg,0,test
cdan,736,cartoon/dog/pic_229.jpg,0,train
cdan,737,cartoon/person/pic_248.jpg,0,train
cdan,738,cartoon/person/pic_170.jpg,0,train
cdan,739,cartoon/horse/pic_187.jpg,0,test
cdan,740,cartoon/house/pic_038.jpg,0,train
cdan,741,cartoon/house/pic_223.jpg,0,train
cdan,742,cartoon/giraffe/pic_339.jpg,0,test
cdan,743,cartoon/person/pic_119.jpg,0,train
cdan,744,cartoon/person/pic_257.jpg,0,train
cdan,745,cartoon/house/pic_217.jpg,0,train
cdan,746,cartoon/elephant/pic_242.jpg,0,train
cdan,747,cartoon/dog/pic_274.jpg,0,train
cdan,748,cartoon/dog/pic_398.jpg,0,test
cdan,749,cartoon/person/pic_190.jpg,0,test
cdan,750,cartoon/horse/pic_086.jpg,0,train
cdan,751,cartoon/house/pic_145.jpg,0,train
cdan,752,cartoon/elephant/pic_254.jpg,0,train
cdan,753,cartoon/horse/pic_048.jpg,0,train
cdan,754,cartoon/horse/pic_243.jpg,0,test
cdan,755,cartoon/horse/pic_121.jpg,0,train
cdan,756,cartoon/person/pic_167.jpg,0,test
cdan,757,cartoon/dog/pic_176.jpg,0,test
cdan,758,cartoon/dog/pic_282.jpg,0,train
cdan,759,cartoon/elephant/pic_251.jpg,0,train
cdan,760,cartoon/horse/pic_135.jpg,0,test
cdan,761,cartoon/person/pic_218.jpg,0,train
cdan,762,cartoon/elephant/pic_013.jpg,0,train
cdan,763,cartoon/dog/pic_317.jpg,0,train
cdan,764,cartoon/horse/pic_297.jpg,0,train
cdan,765,cartoon/giraffe/pic_090.jpg,0,test
cdan,766,cartoon/elephant/pic_320.jpg,0,train
cdan,767,cartoon/person/pic_209.jpg,0,train
cdan,768,cartoon/elephant/pic_214.jpg,0,train
cdan,769,cartoon/house/pic_311.jpg,0,test
cdan,770,cartoon/giraffe/pic_341.jpg,0,train
cdan,771,cartoon/person/pic_044.jpg,0,train
cdan,772,cartoon/giraffe/pic_148.jpg,0,train
cdan,773,cartoon/elephant/pic_374.jpg,0,train
cdan,774,cartoon/horse/pic_352.jpg,0,test
cdan,775,cartoon/elephant/pic_154.jpg,0,train
cdan,776,cartoon/person/pic_425.jpg,0,test
cdan,777,cartoon/elephant/pic_114.jpg,0,train
cdan,778,cartoon/horse/pic_364.jpg,0,train
cdan,779,cartoon/dog/pic_425.jpg,0,train
cdan,780,cartoon/dog/pic_088.jpg,0,test
cdan,781,cartoon/person/pic_197.jpg,0,train
cdan,782,cartoon/house/pic_282.jpg,0,train
cdan,783,cartoon/dog/pic_427.jpg,0,train
cdan,784,cartoon/elephant/pic_262.jpg,0,test
cdan,785,cartoon/horse/pic_118.jpg,0,train
cdan,786,cartoon/horse/pic_293.jpg,0,test
cdan,787,cartoon/elephant/pic_362.jpg,0,train
cdan,788,cartoon/person/pic_210.jpg,0,test
cdan,789,cartoon/person/pic_372.jpg,0,train
cdan,790,cartoon/giraffe/pic_267.jpg,0,train
cdan,791,cartoon/guitar/pic_073.jpg,0,train
cdan,792,cartoon/house/pic_165.jpg,0,train
cdan,793,cartoon/person/pic_268.jpg,0,train
cdan,794,cartoon/house/pic_140.jpg,0,train
cdan,795,cartoon/giraffe/pic_156.jpg,0,test
cdan,796,cartoon/horse/pic_264.jpg,0,train
cdan,797,cartoon/dog/pic_085.jpg,0,train
cdan,798,cartoon/person/pic_226.jpg,0,test
cdan,799,cartoon/elephant/pic_184.jpg,0,train
cdan,800,cartoon/giraffe/pic_030.jpg,0,test
cdan,801,cartoon/guitar/pic_011.jpg,0,train
cdan,802,cartoon/elephant/pic_400.jpg,0,test
cdan,803,cartoon/house/pic_277.jpg,0,test
cdan,804,cartoon/dog/pic_334.jpg,0,train
cdan,805,cartoon/dog/pic_393.jpg,0,train
cdan,806,cartoon/elephant/pic_109.jpg,0,test
cdan,807,cartoon/elephant/pic_387.jpg,0,train
cdan,808,cartoon/person/pic_067.jpg,0,train
cdan,809,cartoon/person/pic_126.jpg,0,train
cdan,810,cartoon/dog/pic_095.jpg,0,train
cdan,811,cartoon/dog/pic_028.jpg,0,test
cdan,812,cartoon/house/pic_321.jpg,0,train
cdan,813,cartoon/person/pic_418.jpg,0,test
cdan,814,cartoon/person/pic_261.jpg,0,train
cdan,815,cartoon/dog/pic_440.jpg,0,test
cdan,816,cartoon/horse/pic_312.jpg,0,test
cdan,817,cartoon/elephant/pic_446.jpg,0,train
cdan,818,cartoon/horse/pic_357.jpg,0,train
cdan,819,cartoon/giraffe/pic_353.jpg,0,train
cdan,820,cartoon/dog/pic_038.jpg,0,train
cdan,821,cartoon/dog/pic_078.jpg,0,test
cdan,822,cartoon/giraffe/pic_379.jpg,0,train
cdan,823,cartoon/giraffe/pic_369.jpg,0,train
cdan,824,cartoon/elephant/pic_405.jpg,0,train
cdan,825,cartoon/giraffe/pic_260.jpg,0,train
cdan,826,cartoon/horse/pic_147.jpg,0,train
cdan,827,cartoon/dog/pic_433.jpg,0,train
cdan,828,cartoon/elephant/pic_124.jpg,0,test
cdan,829,cartoon/elephant/pic_416.jpg,0,train
cdan,830,cartoon/elephant/pic_105.jpg,0,train
cdan,831,cartoon/house/pic_103.jpg,0,train
cdan,832,cartoon/elephant/pic_345.jpg,0,test
cdan,833,cartoon/house/pic_167.jpg,0,test
cdan,834,cartoon/elephant/pic_479.jpg,0,train
cdan,835,cartoon/giraffe/pic_373.jpg,0,train
cdan,836,cartoon/dog/pic_198.jpg,0,test
cdan,837,cartoon/elephant/pic_187.jpg,0,train
cdan,838,cartoon/horse/pic_288.jpg,0,train
cdan,839,cartoon/horse/pic_340.jpg,0,train
cdan,840,cartoon/giraffe/pic_195.jpg,0,test
cdan,841,cartoon/house/pic_160.jpg,0,train
cdan,842,cartoon/person/pic_036.jpg,0,test
cdan,843,cartoon/horse/pic_332.jpg,0,train
cdan,844,cartoon/dog/pic_319.jpg,0,train
cdan,845,cartoon/elephant/pic_327.jpg,0,train
cdan,846,cartoon/person/pic_035.jpg,0,test
cdan,847,cartoon/house/pic_014.jpg,0,test
cdan,848,cartoon/giraffe/pic_019.jpg,0,train
cdan,849,cartoon/person/pic_320.jpg,0,train
cdan,850,cartoon/dog/pic_009.jpg,0,test
cdan,851,cartoon/house/pic_119.jpg,0,train
cdan,852,cartoon/giraffe/pic_248.jpg,0,test
cdan,853,cartoon/person/pic_079.jpg,0,train
cdan,854,cartoon/horse/pic_186.jpg,0,train
cdan,855,cartoon/person/pic_253.jpg,0,test
cdan,856,cartoon/person/pic_319.jpg,0,train
cdan,857,cartoon/guitar/pic_107.jpg,0,train
cdan,858,cartoon/horse/pic_363.jpg,0,train
cdan,859,cartoon/giraffe/pic_272.jpg,0,test
cdan,860,cartoon/giraffe/pic_349.jpg,0,train
cdan,861,cartoon/dog/pic_083.jpg,0,train
cdan,862,cartoon/elephant/pic_307.jpg,0,train
cdan,863,cartoon/dog/pic_354.jpg,0,train
cdan,864,cartoon/giraffe/pic_212.jpg,0,test
cdan,865,cartoon/elephant/pic_432.jpg,0,train
cdan,866,cartoon/person/pic_434.jpg,0,train
cdan,867,cartoon/person/pic_424.jpg,0,test
cdan,868,cartoon/guitar/pic_024.jpg,0,train
cdan,869,cartoon/elephant/pic_450.jpg,0,train
cdan,870,cartoon/horse/pic_347.jpg,0,train
cdan,871,cartoon/house/pic_026.jpg,0,test
cdan,872,cartoon/dog/pic_077.jpg,0,test
cdan,873,cartoon/elephant/pic_049.jpg,0,train
cdan,874,cartoon/elephant/pic_346.jpg,0,train
cdan,875,cartoon/giraffe/pic_320.jpg,0,train
cdan,876,cartoon/person/pic_377.jpg,0,train
cdan,877,cartoon/horse/pic_013.jpg,0,train
cdan,878,cartoon/person/pic_368.jpg,0,train
cdan,879,cartoon/horse/pic_106.jpg,0,test
cdan,880,cartoon/dog/pic_265.jpg,0,train
cdan,881,cartoon/dog/pic_102.jpg,0,train
cdan,882,cartoon/person/pic_061.jpg,0,test
cdan,883,cartoon/giraffe/pic_322.jpg,0,train
cdan,884,cartoon/elephant/pic_354.jpg,0,train
cdan,885,cartoon/elephant/pic_147.jpg,0,test
cdan,886,cartoon/house/pic_182.jpg,0,train
cdan,887,cartoon/giraffe/pic_143.jpg,0,train
cdan,888,cartoon/horse/pic_132.jpg,0,train
cdan,889,cartoon/house/pic_007.jpg,0,train
cdan,890,cartoon/giraffe/pic_226.jpg,0,test
cdan,891,cartoon/person/pic_265.jpg,0,train
cdan,892,cartoon/elephant/pic_216.jpg,0,train
cdan,893,cartoon/elephant/pic_306.jpg,0,train
cdan,894,cartoon/person/pic_141.jpg,0,train
cdan,895,cartoon/dog/pic_397.jpg,0,test
cdan,896,cartoon/dog/pic_008.jpg,0,train
cdan,897,cartoon/person/pic_409.jpg,0,train
cdan,898,cartoon/dog/pic_178.jpg,0,test
cdan,899,cartoon/guitar/pic_020.jpg,0,train
cdan,900,cartoon/giraffe/pic_219.jpg,0,train
cdan,901,cartoon/person/pic_203.jpg,0,train
cdan,902,cartoon/dog/pic_210.jpg,0,train
cdan,903,cartoon/giraffe/pic_119.jpg,0,train
cdan,904,cartoon/house/pic_098.jpg,0,test
cdan,905,cartoon/house/pic_039.jpg,0,train
cdan,906,cartoon/person/pic_111.jpg,0,test
cdan,907,cartoon/horse/pic_032.jpg,0,test
cdan,908,cartoon/horse/pic_157.jpg,0,train
cdan,909,cartoon/giraffe/pic_216.jpg,0,test
cdan,910,cartoon/dog/pic_422.jpg,0,train
cdan,911,cartoon/guitar/pic_016.jpg,0,train
cdan,912,cartoon/giraffe/pic_113.jpg,0,test
cdan,913,cartoon/elephant/pic_094.jpg,0,train
cdan,914,cartoon/horse/pic_188.jpg,0,train
cdan,915,cartoon/giraffe/pic_127.jpg,0,test
cdan,916,cartoon/person/pic_449.jpg,0,test
cdan,917,cartoon/elephant/pic_061.jpg,0,train
cdan,918,cartoon/dog/pic_190.jpg,0,train
cdan,919,cartoon/guitar/pic_083.jpg,0,train
cdan,920,cartoon/person/pic_349.jpg,0,train
cdan,921,cartoon/elephant/pic_130.jpg,0,train
cdan,922,cartoon/guitar/pic_069.jpg,0,test
cdan,923,cartoon/house/pic_093.jpg,0,train
cdan,924,cartoon/house/pic_228.jpg,0,train
cdan,925,cartoon/elephant/pic_228.jpg,0,train
cdan,926,cartoon/dog/pic_329.jpg,0,train
cdan,927,cartoon/dog/pic_430.jpg,0,train
cdan,928,cartoon/elephant/pic_054.jpg,0,test
cdan,929,cartoon/giraffe/pic_317.jpg,0,test
cdan,930,cartoon/dog/pic_103.jpg,0,test
cdan,931,cartoon/giraffe/pic_082.jpg,0,train
cdan,932,cartoon/person/pic_323.jpg,0,test
cdan,933,cartoon/elephant/pic_302.jpg,0,train
cdan,934,cartoon/dog/pic_386.jpg,0,train
cdan,935,cartoon/elephant/pic_113.jpg,0,test
cdan,936,cartoon/giraffe/pic_383.jpg,0,train
cdan,937,cartoon/horse/pic_303.jpg,0,test
cdan,938,cartoon/person/pic_236.jpg,0,train
cdan,939,cartoon/person/pic_259.jpg,0,test
cdan,940,cartoon/dog/pic_218.jpg,0,train
cdan,941,cartoon/person/pic_159.jpg,0,test
cdan,942,cartoon/horse/pic_173.jpg,0,test
cdan,943,cartoon/guitar/pic_058.jpg,0,train
cdan,944,cartoon/person/pic_193.jpg,0,test
cdan,945,cartoon/house/pic_102.jpg,0,train
cdan,946,cartoon/giraffe/pic_202.jpg,0,train
cdan,947,cartoon/person/pic_225.jpg,0,test
cdan,948,cartoon/house/pic_121.jpg,0,train
cdan,949,cartoon/guitar/pic_068.jpg,0,test
cdan,950,cartoon/horse/pic_233.jpg,0,train
cdan,951,cartoon/giraffe/pic_297.jpg,0,test
cdan,952,cartoon/dog/pic_139.jpg,0,train
cdan,953,cartoon/dog/pic_287.jpg,0,train
cdan,954,cartoon/elephant/pic_021.jpg,0,train
cdan,955,cartoon/giraffe/pic_100.jpg,0,train
cdan,956,cartoon/person/pic_302.jpg,0,test
cdan,957,cartoon/dog/pic_369.jpg,0,train
cdan,958,cartoon/house/pic_023.jpg,0,test
cdan,959,cartoon/person/pic_008.jpg,0,train
cdan,960,cartoon/horse/pic_064.jpg,0,train
cdan,961,cartoon/dog/pic_180.jpg,0,train
cdan,962,cartoon/horse/pic_025.jpg,0,train
cdan,963,cartoon/person/pic_039.jpg,0,train
cdan,964,cartoon/person/pic_224.jpg,0,train
cdan,965,cartoon/horse/pic_224.jpg,0,train
cdan,966,cartoon/house/pic_340.jpg,0,train
cdan,967,cartoon/elephant/pic_037.jpg,0,train
cdan,968,cartoon/dog/pic_348.jpg,0,train
cdan,969,cartoon/dog/pic_419.jpg,0,train
cdan,970,cartoon/giraffe/pic_160.jpg,0,train
cdan,971,cartoon/person/pic_052.jpg,0,train
cdan,972,cartoon/dog/pic_305.jpg,0,train
cdan,973,cartoon/giraffe/pic_071.jpg,0,train
cdan,974,cartoon/elephant/pic_032.jpg,0,test
cdan,975,cartoon/giraffe/pic_013.jpg,0,train
cdan,976,cartoon/giraffe/pic_318.jpg,0,train
cdan,977,cartoon/elephant/pic_088.jpg,0,train
cdan,978,cartoon/person/pic_313.jpg,0,train
cdan,979,cartoon/giraffe/pic_009.jpg,0,train
cdan,980,cartoon/guitar/pic_118.jpg,0,train
cdan,981,cartoon/horse/pic_219.jpg,0,test
cdan,982,cartoon/giraffe/pic_020.jpg,0,train
cdan,983,cartoon/house/pic_080.jpg,0,test
cdan,984,cartoon/horse/pic_131.jpg,0,test
cdan,985,cartoon/guitar/pic_100.jpg,0,train
cdan,986,cartoon/horse/pic_336.jpg,0,test
cdan,987,cartoon/dog/pic_313.jpg,0,train
cdan,988,cartoon/guitar/pic_076.jpg,0,train
cdan,989,cartoon/horse/pic_079.jpg,0,test
cdan,990,cartoon/horse/pic_275.jpg,0,train
cdan,991,cartoon/house/pic_147.jpg,0,train
cdan,992,cartoon/horse/pic_267.jpg,0,train
cdan,993,cartoon/horse/pic_072.jpg,0,test
cdan,994,cartoon/elephant/pic_435.jpg,0,test
cdan,995,cartoon/person/pic_452.jpg,0,test
cdan,996,cartoon/elephant/pic_192.jpg,0,train
cdan,997,cartoon/giraffe/pic_253.jpg,0,test
cdan,998,cartoon/elephant/pic_501.jpg,0,train
cdan,999,cartoon/person/pic_438.jpg,0,train
cdan,1000,cartoon/house/pic_212.jpg,0,train
cdan,1001,cartoon/house/pic_347.jpg,0,test
cdan,1002,e4e9d2a36515c552,1,train
cdan,1003,b3f931dbd858a133,1,test
cdan,1004,570b6b92a35155c5,1,train
cdan,1005,d54ef9b7ff66b2fa,1,train
cdan,1006,6611ff9d0b6d8208,1,test
cdan,1007,fb33b8261756862c,1,train
cdan,1008,90229b1c01abe739,1,train
cdan,1009,e2ec07ec68799b21,1,train
cdan,1010,ffeb5561f31be75f,1,train
cdan,1011,afd7b4afebdc887f,1,test
cdan,1012,4b48ef3ea4b722c8,1,train
cdan,1013,a53de5559b222be2,1,test
cdan,1014,5abd7b9988cd6e93,1,train
cdan,1015,350e0e32b16b8197,1,test
cdan,1016,fce4c95ba23799e3,1,train
cdan,1017,2d129ca5b4cc09e7,1,train
cdan,1018,ad0435ad522d2447,1,train
cdan,1019,1e49a893a0cf958a,1,train
cdan,1020,1a211e47aafde640,1,train
cdan,1021,1063f27e61d29245,1,train
cdan,1022,77ebf45f4fc624b3,1,train
cdan,1023,96726f6e353e2d5b,1,train
cdan,1024,21134675780c1a39,1,train
cdan,1025,57ed682a93f3be0e,1,train
cdan,1026,c12d3ea552a1457e,1,test
cdan,1027,1787acbffcd5b305,1,train
cdan,1028,077ef807a42334f9,1,test
cdan,1029,53ec7ee459bf9bab,1,train
cdan,1030,1129b060c0a17abf,1,train
cdan,1031,7d96047bb39f3569,1,train
cdan,1032,9e45174917022478,1,train
cdan,1033,4c0e32671b12c279,1,test
cdan,1034,1550966fb150326a,1,test
cdan,1035,f0ce2d2c719dc8d6,1,train
cdan,1036,6c0c03a07ca9ffdb,1,test
cdan,1037,680f5bd30c6c766a,1,train
cdan,1038,d5417460de96fbf3,1,test
cdan,1039,509f41f187295007,1,test
cdan,1040,b2adbccb551f31a3,1,train
cdan,1041,5615e723a7f34a1a,1,train
cdan,1042,b2c52958cef832d9,1,train
cdan,1043,9577c5ee201768f7,1,train
cdan,1044,de8ffec89758610d,1,train
cdan,1045,6397f6a3171f39df,1,train
cdan,1046,eb289024c62d8e2b,1,train
cdan,1047,093ba0c1ba62a163,1,train
cdan,1048,f5e91b4f0c781bbc,1,train
cdan,1049,f8092b0ce0783522,1,train
cdan,1050,e998bdf944184def,1,test
cdan,1051,fb82da5181f2f27f,1,test
cdan,1052,6f1465e6ffa908dd,1,train
cdan,1053,b864e647c9e92b59,1,train
cdan,1054,b23afb6a35bb8893,1,train
cdan,1055,510faa4534bd9c64,1,train
cdan,1056,b92143d835420cdc,1,train
cdan,1057,9818b47773d2e384,1,train
cdan,1058,358b0db2719779b0,1,test
cdan,1059,1002199f8c924223,1,train
cdan,1060,3486e08cba46e171,1,test
cdan,1061,8e11ec7497ec278a,1,train
cdan,1062,e725824a8495da94,1,test
cdan,1063,1db44a56bc228c4d,1,test
cdan,1064,6a92c8d7b79a39fc,1,train
cdan,1065,be8d60158851e0ac,1,test
cdan,1066,d4c646f208f359cb,1,test
cdan,1067,466d9526cccf465d,1,train
cdan,1068,3055b94b445f5c8a,1,train
cdan,1069,5ec0a6312e1ff6b2,1,train
cdan,1070,4a7a9b300c7e56c7,1,train
cdan,1071,2fcf7d13d5436e4b,1,test
cdan,1072,a812bf98ee54bdc8,1,test
cdan,1073,e92df8b3c1277c24,1,test
cdan,1074,644ef9804eb62d40,1,test
cdan,1075,229b570e9670c419,1,train
cdan,1076,a57b036e4ee44a6a,1,train
cdan,1077,44a091d7b38dda6f,1,train
cdan,1078,ba1688b99b03b08d,1,train
cdan,1079,ad45e4a990424e0f,1,test
cdan,1080,6cc833e2129060ee,1,test
cdan,1081,93673fa39241331c,1,train
cdan,1082,a036e50287661e59,1,train
cdan,1083,0734c31657c03db9,1,test
cdan,1084,3ba43ceb290e6805,1,test
cdan,1085,8c6120a0b9277ded,1,train
cdan,1086,ff9444ee261a5e81,1,train
cdan,1087,c514236eb002e1df,1,train
cdan,1088,6f3609bb25704656,1,test
cdan,1089,401b28a46d6d40ee,1,test
cdan,1090,15d3836cde2fc013,1,train
cdan,1091,c537e17874a65e53,1,test
cdan,1092,534664412ed7fbb3,1,train
cdan,1093,1c0201474e4d550b,1,test
cdan,1094,18c7f0b73adbf3f8,1,train
cdan,1095,ad00effd7585e083,1,test
cdan,1096,1f76c442aa913ba4,1,train
cdan,1097,3bfd056310988cec,1,train
cdan,1098,a48ca893b3802336,1,test
cdan,1099,e143fc0b586bdc63,1,train
cdan,1100,2c09630dbb6616d1,1,test
cdan,1101,060d2b58c4fd2335,1,train
cdan,1102,6d13863f72ac6cf7,1,train
cdan,1103,cc7f1b9913baa0ff,1,train
cdan,1104,65fd14fa121ce913,1,test
cdan,1105,b5c95d5f21ab09a4,1,train
cdan,1106,453a47e7bc936b2a,1,test
cdan,1107,d2e774029cdc9cd0,1,train
cdan,1108,c3eb8b9cc2b3d9e6,1,train
cdan,1109,09c8c0055ca5672b,1,train
cdan,1110,a4d87bd38ed365f2,1,train
cdan,1111,8d1c9ecaaa27a654,1,test
cdan,1112,59f60417147c74bd,1,train
cdan,1113,261e7d5f8ca044ab,1,train
cdan,1114,577d1112331c6731,1,test
cdan,1115,ff764789ca49d185,1,train
cdan,1116,ab19be96aae26089,1,train
cdan,1117,ec92e531385ae53f,1,test
cdan,1118,1bc7248ddcb91b6e,1,train
cdan,1119,8de6b5cad315ab7f,1,test
cdan,1120,008eae509eaab5d4,1,test
cdan,1121,5aaeebbf97ae4a59,1,train
cdan,1122,d46ababd5edaa6a5,1,train
cdan,1123,0b6019ffac1af948,1,train
cdan,1124,a518275c337de189,1,test
cdan,1125,3b4c45356d3981d6,1,train
cdan,1126,a19f6ec4d90bab1b,1,train
cdan,1127,3accffd8d2ec2abb,1,train
cdan,1128,0b7e0d071b5fd9d7,1,train
cdan,1129,02707c390bef896f,1,train
cdan,1130,0a6bd19e2ab2be86,1,train
cdan,1131,e25fc1de0f642b1f,1,test
cdan,1132,aca4f73e2f585065,1,test
cdan,1133,1c5c4269ee37b76b,1,test
cdan,1134,28775dbba0114d04,1,train
cdan,1135,fdd7076b7ffc0471,1,test
cdan,1136,ba9714267d79839c,1,train
cdan,1137,e25e9862fa5a673c,1,train
cdan,1138,6521061abec002c8,1,train
cdan,1139,b132882f1ff6b6e9,1,train
cdan,1140,3040cabbd7473e61,1,train
cdan,1141,e29b2c0ad006f628,1,train
cdan,1142,407908bab38a5f66,1,test
cdan,1143,ce4dbc39b2f9456a,1,test
cdan,1144,2c3171866e5e191a,1,test
cdan,1145,ff36c17b15b279f0,1,train
cdan,1146,16b6f3babe0d321d,1,train
cdan,1147,1e3ef06807363152,1,test
cdan,1148,d500b8f3cd355808,1,train
cdan,1149,71d1b68973f028f5,1,train
cdan,1150,2097317806244e39,1,train
cdan,1151,04ec9588abc737ca,1,train
cdan,1152,9de3657164b83ae9,1,train
cdan,1153,24dccefdd32f984f,1,train
cdan,1154,40bc403008bd6c2d,1,train
cdan,1155,4fcd8879c5e1816e,1,train
cdan,1156,32d05908ffdd73b7,1,train
cdan,1157,703ae49e94defa34,1,train
cdan,1158,576560781a7c3441,1,train
cdan,1159,80c0f76bfc97319c,1,train
cdan,1160,a1b79cfae8dea97c,1,train
cdan,1161,00d78431ea9880fd,1,train
cdan,1162,5c17b7cdd03059c7,1,train
cdan,1163,e3edd1d36cbfde57,1,train
cdan,1164,aeb02066710e4e3d,1,train
cdan,1165,0270fed3e63f3647,1,train
cdan,1166,c197f9655cd71310,1,train
cdan,1167,26f5961559292188,1,train
cdan,1168,6413ff7d7d471d76,1,test
cdan,1169,cea8e87b34b310c8,1,train
cdan,1170,3e6c146fbe16a79f,1,train
cdan,1171,46cb98038d5614d4,1,train
cdan,1172,c275d6775ff5e1c6,1,train
cdan,1173,ab3bd7d8ea2893cc,1,train
cdan,1174,f1b3a6a3add0b6fc,1,train
cdan,1175,5b27d138e731acf7,1,train
cdan,1176,a2bb54ed950b04d9,1,train
cdan,1177,18e95bbd8955f263,1,train
cdan,1178,219999dc57609ba7,1,train
cdan,1179,beaa293ce691dcf7,1,test
cdan,1180,eef9ebe4f5f4f9d6,1,test
cdan,1181,e576698eacc21509,1,train
cdan,1182,2bf36c7be5ffbd2f,1,test
cdan,1183,5bef47ad0d1e7460,1,train
cdan,1184,c66f8534dca0642d,1,train
cdan,1185,8784f8be0691cf06,1,test
cdan,1186,e09ff9f08294b97c,1,train
cdan,1187,1089d408dcb54e23,1,train
cdan,1188,67fd43eac372bd08,1,train
cdan,1189,d3cf87c95862f22a,1,train
cdan,1190,86352d95dc30169f,1,test
cdan,1191,7ef4e769fd786e6f,1,test
cdan,1192,7999ba23a000f84a,1,test
cdan,1193,46fae1dc1c71678e,1,test
cdan,1194,95a533aa69dc9216,1,train
cdan,1195,6f819a0109bc5651,1,train
cdan,1196,155d52dc5cc72db1,1,train
cdan,1197,dab5646e04fc22e5,1,train
cdan,1198,e054dc291f8b6c17,1,train
cdan,1199,71fbab1a579a1045,1,train
cdan,1200,bbf09fd52346c29a,1,train
cdan,1201,44c01f8547735f19,1,train
cdan,1202,d065fbe096f639c5,1,test
cdan,1203,288864cfd396c96b,1,train
cdan,1204,255e9dd9be642803,1,train
cdan,1205,b210e54c2bd2937a,1,test
cdan,1206,45fc1084860cb7fa,1,train
cdan,1207,f262b6832c34e7fa,1,test
cdan,1208,ea57fad91ba5f5c7,1,test
cdan,1209,30231ebad0c2c867,1,train
cdan,1210,250a58267e686c87,1,train
cdan,1211,8458ecfc8fe2094b,1,train
cdan,1212,a68a96d3e6f014a7,1,test
cdan,1213,a0191c6b4f61f32d,1,test
cdan,1214,2afc4dba8c042eba,1,train
cdan,1215,c4c6479e5c042081,1,train
cdan,1216,722a513debd9b1b0,1,train
cdan,1217,d4dc981b0f3196dc,1,test
cdan,1218,9845fa3984d72947,1,train
cdan,1219,5ef8819db4b38778,1,train
cdan,1220,187cf1290650d683,1,test
cdan,1221,743ed873dda7f35c,1,train
cdan,1222,c0bb9d6cfa04c89b,1,train
cdan,1223,5ea28ad9ee5b3ef7,1,test
cdan,1224,005e9f1c0b0a3e28,1,train
cdan,1225,18ceba55ccfc3e8c,1,train
cdan,1226,298bf0cd9174635f,1,train
cdan,1227,e1131eaf1d30d5ef,1,test
cdan,1228,84e2f51ea465d5fc,1,test
cdan,1229,80194daf02615af1,1,train
cdan,1230,2ae1bce20608ed6d,1,train
cdan,1231,a287676228cffec1,1,train
cdan,1232,a32a3f9dcb0df2bf,1,test
cdan,1233,66b70c2e078e95ea,1,test
cdan,1234,8d37b930cfee88c7,1,train
cdan,1235,49f7c752e5ace3e2,1,train
cdan,1236,e4a453be3f07799e,1,test
cdan,1237,52b59ee73d92f3d2,1,train
cdan,1238,5c79fedfb14b70eb,1,train
cdan,1239,51a7faa32207e141,1,test
cdan,1240,16176089460d6d4e,1,train
cdan,1241,1815995d918b3929,1,test
cdan,1242,84435b15256af875,1,train
cdan,1243,9a9c34b2f367ecad,1,train
cdan,1244,8cbc47362fcbe75e,1,train
cdan,1245,b50be0908851c807,1,train
cdan,1246,dfb2340056758a09,1,train
cdan,1247,5d18f532fe2f9076,1,test
cdan,1248,8c5481549b32ce94,1,train
cdan,1249,f763fc3396fd9284,1,train
cdan,1250,988ba740aa3cd99a,1,test
cdan,1251,cfd34fbb925ce923,1,train
cdan,1252,59a63baaeb85cd8d,1,train
cdan,1253,a910846eded9bd5c,1,train
cdan,1254,90e43ee48d0e238d,1,train
cdan,1255,aab438a58e3059b4,1,train
cdan,1256,e2b7334fed24f4cb,1,train
cdan,1257,92edc655c71c242f,1,train
cdan,1258,881426d67c542e9e,1,train
cdan,1259,596dbe41111af750,1,train
cdan,1260,a48ff7eea540d89a,1,train
cdan,1261,d958f2b1dbce83ee,1,test
cdan,1262,a8a65b843d788660,1,train
cdan,1263,9ef0ef66ff3398e5,1,train
cdan,1264,3fc797f80c9cc3ba,1,train
cdan,1265,31bb9fa0d52604cc,1,test
cdan,1266,3222d9c72cbfb1f2,1,train
cdan,1267,d21b91d1f01a45fe,1,test
cdan,1268,a1edbc0c73115a70,1,train
cdan,1269,c02e8a71611736cd,1,train
cdan,1270,5cb74ad06c425b5e,1,train
cdan,1271,59731fd176485c3a,1,test
cdan,1272,61c871318a9f19aa,1,test
cdan,1273,be450d9af6fe07dd,1,test
cdan,1274,2fdb05d065827633,1,test
cdan,1275,8a3115cfdfdce1e7,1,train
cdan,1276,b1eb143eabed9935,1,train
cdan,1277,d16c1fd1fd53ca5d,1,train
cdan,1278,a92075d5135c83ef,1,train
cdan,1279,63a002a42074a5dc,1,test
cdan,1280,3ace8d1b4a274cd0,1,test
cdan,1281,192a8d8c1be7ade1,1,test
cdan,1282,abd9a2599d0cefd9,1,train
cdan,1283,27732933537b0ba0,1,train
cdan,1284,58f80d6691b814ca,1,train
cdan,1285,e52722292b7e83e0,1,test
cdan,1286,78564e53a03e395a,1,train
cdan,1287,923cb121c162d326,1,train
cdan,1288,d5b3005271ab4d7c,1,train
cdan,1289,8fd4482ee20e5eba,1,test
cdan,1290,24407e7175cc8fcd,1,test
cdan,1291,d16f6383295f6ca1,1,train
cdan,1292,26006b982c21290e,1,train
cdan,1293,2c66a2aba2a3e7fd,1,train
cdan,1294,d996869e993be98b,1,train
cdan,1295,c874c68e5a917a92,1,train
cdan,1296,9f4d5d89c7c67e8a,1,train
cdan,1297,737e56e473452424,1,train
cdan,1298,a5211c8a645e98e9,1,train
cdan,1299,84af32b41d61d7ec,1,train
cdan,1300,ad12bd362cb8f37b,1,test
cdan,1301,9ba56152d87be9a3,1,train
cdan,1302,0b4971e804004628,1,train
cdan,1303,ccc534563b5f4903,1,train
cdan,1304,d483037819f54e7f,1,test
cdan,1305,44630cf9dd54d33a,1,train
cdan,1306,9ea8eb38cecad735,1,test
cdan,1307,c7fc5af7d07234a1,1,test
cdan,1308,77c2d4507cd8943e,1,train
cdan,1309,7b13ecc023f5159d,1,train
cdan,1310,854c590c943c13d9,1,test
cdan,1311,84dee2a4aba65c2a,1,train
cdan,1312,7c6f203ab48a4c99,1,train
cdan,1313,143df580b1714511,1,test
cdan,1314,a2a026d595426cec,1,train
cdan,1315,f556a46b33d45ff9,1,train
cdan,1316,a31fa6c3efef241d,1,test
cdan,1317,cd8392b6645cb1b0,1,train
cdan,1318,40790331d86ae714,1,test
cdan,1319,080fb216ef237bad,1,train
cdan,1320,8f2787126a213433,1,train
cdan,1321,21a702ca03d9b4bd,1,test
cdan,1322,a116d1fb143f641c,1,test
cdan,1323,9abff980dd1d2627,1,train
cdan,1324,2c4a1131faffe063,1,train
cdan,1325,4cd9b862d53041af,1,test
cdan,1326,8b2137c45b19d751,1,train
cdan,1327,8424acbc947b8598,1,train
cdan,1328,6b7e300b0f0bb76e,1,train
cdan,1329,b1caeac71a46c1c7,1,train
cdan,1330,292193d39bf10940,1,train
cdan,1331,727228a2d6a9f33d,1,train
cdan,1332,3fb0abd776231824,1,train
cdan,1333,975b091c740a0207,1,train
cdan,1334,c99ef337029c86dd,1,test
cdan,1335,226e4c43a9dd8963,1,train
cdan,1336,165e6995ffcbdc40,1,test
cdan,1337,4c92bbf4c140130d,1,test
cdan,1338,ad0cc69a51133fed,1,train
cdan,1339,c1a00b01ac0e1156,1,train
cdan,1340,875cd117f9689fab,1,test
cdan,1341,df0cacd953a28e09,1,train
cdan,1342,0057f0350d968016,1,train
cdan,1343,68c6d20dea190d23,1,test
cdan,1344,01cbad70ab2446af,1,train
cdan,1345,4f465164764c85cc,1,train
cdan,1346,0d30bafbe6f4ee3b,1,test
cdan,1347,4634005be7431913,1,test
cdan,1348,b1d3dd2b13f70429,1,train
cdan,1349,67d787a9777d09cc,1,train
cdan,1350,61ae51cdc57fadef,1,train
cdan,1351,80d4dcff6f3985d2,1,test
cdan,1352,c3ff217302f0ba54,1,train
cdan,1353,1793ec749a2218d0,1,test
cdan,1354,3bd3236f5b2e3674,1,train
cdan,1355,76e5bcc8a9c0ca8a,1,train
cdan,1356,56190c6e9538e1e9,1,train
cdan,1357,eefe6562a6c7df2c,1,train
cdan,1358,79ce89d47bdffb21,1,test
cdan,1359,55226abf47cb164c,1,test
cdan,1360,4476472fead4ca0f,1,train
cdan,1361,1c3561dabd5de9b2,1,train
cdan,1362,5059020cdd94d839,1,test
cdan,1363,56008cb88a5ceb32,1,train
cdan,1364,bafe698701f824b2,1,train
cdan,1365,385ae8b97e5f9db3,1,train
cdan,1366,28f37e7dfbb0f1f0,1,train
cdan,1367,55520149a32c6890,1,test
cdan,1368,373802d603643f26,1,train
cdan,1369,c9ac0b17099db188,1,train
cdan,1370,ae38bbf9b4a8d1a6,1,train
cdan,1371,344636892c19ed3b,1,test
cdan,1372,3a76ff5bdaca14f8,1,train
cdan,1373,1e300b77ce004bd8,1,test
cdan,1374,3ece688becb80c31,1,test
cdan,1375,a065a19b5cd5987f,1,train
cdan,1376,81734c2a5724d8c1,1,train
cdan,1377,dc31e02b1ac40847,1,train
cdan,1378,9680700059aed0ef,1,test
cdan,1379,7b31bf0b810e60e2,1,train
cdan,1380,9be731e53b8f8547,1,train
cdan,1381,6ab728a6d2d36e06,1,train
cdan,1382,0d7486fec5e7f30b,1,test
cdan,1383,a67c07a31e9169b6,1,train
cdan,1384,5acb1fab844c3ef7,1,test
cdan,1385,d44d331cb674e848,1,train
cdan,1386,0e6c8b66616a1766,1,train
cdan,1387,f5f02f7440ff3f41,1,train
cdan,1388,56ff18573313dba8,1,test
cdan,1389,f04dcfa3936cd0e0,1,test
cdan,1390,6a4fd245f713a99c,1,train
cdan,1391,d09d04276f39f83d,1,train
cdan,1392,84c9508770b96330,1,train
cdan,1393,cf8150d68b0f7f16,1,test
cdan,1394,575b094070bdbc1e,1,train
cdan,1395,3e12c3f626200b09,1,test
cdan,1396,831c0ccc04d78c38,1,train
cdan,1397,9dd4a465a9c10728,1,train
cdan,1398,0dcd3f8f545cb8da,1,test
cdan,1399,9014015a75be2119,1,train
cdan,1400,29617403325996d4,1,train
cdan,1401,dd5385b7d5797606,1,train
cdan,1402,55928eac84a6ed46,1,train
cdan,1403,b677ac4275eb4568,1,train
cdan,1404,0f4923469f3e0c08,1,train
cdan,1405,0a35ebdd22cf2b83,1,train
cdan,1406,9bb2d1365c946159,1,test
cdan,1407,fa5a5afa330f8128,1,train
cdan,1408,27c28837bbc4e648,1,train
cdan,1409,3645b8cab917ffc6,1,train
cdan,1410,dac7bbf98cd8bb6a,1,train
cdan,1411,2aa05540d467635d,1,train
cdan,1412,f6b3813bda883567,1,test
cdan,1413,649774e0d027a4ea,1,test
cdan,1414,2c7ca39481664553,1,train
cdan,1415,647b45826810d1ca,1,train
cdan,1416,17ffd09dd9ce24bc,1,test
cdan,1417,f9ee55ed8713634f,1,train
cdan,1418,288fa6d1dae1ff46,1,train
cdan,1419,0710d9539e7b652e,1,train
cdan,1420,cd164f3485770849,1,test
cdan,1421,4220008971d37fed,1,train
cdan,1422,084b6c0183f0b865,1,train
cdan,1423,b12e08d896fcc6b8,1,train
cdan,1424,bb7badf6b26ce60c,1,test
cdan,1425,7bd66c0ee9c2db29,1,test
cdan,1426,c4a959801454d6c8,1,test
cdan,1427,b8c716c7224e47f4,1,test
cdan,1428,e35939d47028c092,1,train
cdan,1429,8ab876611fad6477,1,test
cdan,1430,b2df5f04a092232f,1,train
cdan,1431,db541d4c0cc3e04d,1,train
cdan,1432,693e6beae31839eb,1,train
cdan,1433,203c9d768479db67,1,train
cdan,1434,fa9397a23fdf7619,1,test
cdan,1435,80c72d77b9d9cd2b,1,train
cdan,1436,b4a881ab8030502b,1,test
cdan,1437,9c239aeb7c07d517,1,train
cdan,1438,266861676a1dbaa7,1,train
cdan,1439,5f2c4e17ca8b2ddc,1,train
cdan,1440,b6b582c38c956f3d,1,train
cdan,1441,10f37c4d1f594d6b,1,train
cdan,1442,5c5260ac0012cfa8,1,train
cdan,1443,3d21d5542507cb59,1,train
cdan,1444,44fc7cf07bc1c0d4,1,train
cdan,1445,c33f424965290884,1,test
cdan,1446,1c2acafb53dae2c8,1,train
cdan,1447,4f64190ea493175b,1,test
cdan,1448,551c796348990412,1,test
cdan,1449,e1fe3510584ec49e,1,train
cdan,1450,4491cfe67e2f6d90,1,test
cdan,1451,9ecd003ce9ff9814,1,train
cdan,1452,9e635a189d339086,1,train
cdan,1453,8eb52d474f56e406,1,train
cdan,1454,ca5e0c2804707629,1,train
cdan,1455,cfc02e157eb7211c,1,train
cdan,1456,733e1c3527ead68e,1,train
cdan,1457,e761b4ee44a121e3,1,test
cdan,1458,2ec4301d84438b24,1,train
cdan,1459,a46afbc70908de8f,1,train
cdan,1460,6f1cc1f5ba831a06,1,train
cdan,1461,0c1ef04be9746757,1,train
cdan,1462,ee0635d5dae7243a,1,train
cdan,1463,742b017ed97c0548,1,train
cdan,1464,f0c9b3a805f90613,1,test
cdan,1465,8d2871a045f8b1e2,1,test
cdan,1466,82bfb2136502b61a,1,train
cdan,1467,d8d02cfd0642472f,1,train
cdan,1468,5ff964f596558b14,1,train
cdan,1469,3f9454e9a9c812a4,1,test
cdan,1470,2fd8b8b1f05c26e6,1,test
cdan,1471,c81878a2cea5d3b0,1,train
cdan,1472,2cdfe4104a36fa9c,1,test
cdan,1473,e5a0167d2034e09d,1,train
cdan,1474,9a90aed6dcbabb0f,1,train
cdan,1475,4d4252ad4e19034b,1,test
cdan,1476,7087f8d336c46b65,1,test
cdan,1477,ad3787256512aea3,1,train
cdan,1478,92a1b4e9db2397a4,1,test
cdan,1479,7986f13a0c41faf9,1,test
cdan,1480,fbba421b5cd815f4,1,train
cdan,1481,1e86647ec855e479,1,train
cdan,1482,c6da475ccf646bfd,1,test
cdan,1483,a5375a92bf6cd217,1,train
cdan,1484,a790c7380f0b6098,1,train
cdan,1485,0cdde5dfca5b266d,1,test
cdan,1486,f79b2015dfa7fc05,1,test
cdan,1487,2f0323f5db9e1cdf,1,train
cdan,1488,b8c58deab5ddbf1a,1,train
cdan,1489,f2d51bac3e4dc3eb,1,test
cdan,1490,bee5f31a2df5ee05,1,test
cdan,1491,3741f8185ad958ba,1,test
cdan,1492,dbb3244ad5102498,1,test
cdan,1493,aa3a6a477d918529,1,train
cdan,1494,2f8fa4e1ca21109e,1,train
cdan,1495,a69f362759faccb2,1,train
cdan,1496,068a61beaf911b35,1,test
cdan,1497,d26f5d61dcf6995c,1,test
cdan,1498,30b08ed51fec76d6,1,train
cdan,1499,290497dc14487144,1,train
cdan,1500,43614815a3ccffba,1,train
cdan,1501,9b44e2135074f1b4,1,train
cdan,1502,5910d347edc5fde1,1,train
cdan,1503,764cb00ce4198144,1,train
cdan,1504,e12595957df47a1d,1,test
cdan,1505,14c0d10102b63a65,1,test
cdan,1506,9516a96d9ae7c7ca,1,train
cdan,1507,dd7d5605685ba646,1,test
cdan,1508,82a71c779b6156f9,1,train
cdan,1509,88677d8e893af6f7,1,train
cdan,1510,226cbd758eaf0776,1,train
cdan,1511,e1cae857d69b3ac9,1,train
cdan,1512,8153ad128f393176,1,train
cdan,1513,0cffe410ee343291,1,test
cdan,1514,6cba477972b4b174,1,test
cdan,1515,52ffda57a98b4f3b,1,train
cdan,1516,cfd71c6f087d4293,1,train
cdan,1517,f1add985ffa01f81,1,train
cdan,1518,7b984080e29166d5,1,test
cdan,1519,f666cdb9a51230ab,1,train
cdan,1520,a5a5fd23ff0cce19,1,train
cdan,1521,ab3f2fe915bcac54,1,train
cdan,1522,c5718e5d578c0ba4,1,train
cdan,1523,438e68bbc6a85301,1,train
cdan,1524,c21929e7b5fa7fb8,1,test
cdan,1525,e8e03dd0cf1cb42e,1,test
cdan,1526,4f9cf7fc06d34353,1,test
cdan,1527,93c2c1de0521505c,1,test
cdan,1528,7de11ceffb4712f6,1,train
cdan,1529,e5d67b6c04aacc7d,1,test
cdan,1530,93a1fa67de597240,1,train
cdan,1531,d389b8cbdc92c5fb,1,train
cdan,1532,163e3f41eec4f958,1,train
cdan,1533,d1fa840222dad16b,1,train
cdan,1534,f956916b6f2b4f2f,1,train
cdan,1535,862712af2b3c44a5,1,train
cdan,1536,b84b332518085082,1,train
cdan,1537,d7e9440ad020ad73,1,train
cdan,1538,9c049afb6ebe8967,1,train
cdan,1539,9b821ce14bc80872,1,test
cdan,1540,f7e76e65f17c6119,1,test
cdan,1541,c872e4772263f28c,1,train
cdan,1542,f1b93f0f7db41f9c,1,test
cdan,1543,a9c78e536aabdee6,1,train
cdan,1544,6d202da316f9be62,1,train
cdan,1545,f4844262add6e40e,1,train
cdan,1546,7c2c63fbad2bcd74,1,train
cdan,1547,b307a2d406b93215,1,train
cdan,1548,1def6a1eb4c4ab1a,1,test
cdan,1549,9bd06d3273c93860,1,train
cdan,1550,30e104a8c5859903,1,train
cdan,1551,c02b317ad408ca37,1,train
cdan,1552,a30cb5af94bd81b4,1,train
cdan,1553,c742145351ae722c,1,train
cdan,1554,9312c2c09c09ce8b,1,test
cdan,1555,de30f8518171dd4d,1,train
cdan,1556,472d402d69bad096,1,train
cdan,1557,64fe6a08fc4df94d,1,train
cdan,1558,d48cf96fbceb47ea,1,test
cdan,1559,164561d3de7fbdfb,1,train
cdan,1560,e9c7016bb8e272eb,1,test
cdan,1561,b5aa3d9e70e17ad2,1,test
cdan,1562,f965eb5d07163a42,1,test
cdan,1563,a87ff7b61944d5cf,1,test
cdan,1564,b513d9851ed21dff,1,train
cdan,1565,a6f4832e13f45e9d,1,train
cdan,1566,3f9ed6a3e3cefc3e,1,test
cdan,1567,486b53b62907e057,1,train
cdan,1568,03f1fd18a2fa24b2,1,train
cdan,1569,28a9d5c11cfabba2,1,train
cdan,1570,7cad948e74ce2348,1,train
cdan,1571,7f7fc0e103f71550,1,train
cdan,1572,e866447cc18e9e61,1,test
cdan,1573,8d11020a9bd40149,1,train
cdan,1574,9bba2c9b698d89f6,1,test
cdan,1575,508f61cc18e298df,1,train
cdan,1576,ba824d50ecd58d6c,1,train
cdan,1577,2d7c916a83605702,1,train
cdan,1578,63cdfb94dd4005ca,1,train
cdan,1579,b81c3c558ff68584,1,train
cdan,1580,1b4f2b6775e18f5b,1,train
cdan,1581,9e380132cd524bf8,1,train
cdan,1582,90714152f622cd2d,1,train
cdan,1583,a498093d7f6a431a,1,test
cdan,1584,1801af42418cd202,1,train
cdan,1585,b9395162c279b8fa,1,train
cdan,1586,0ed4fd7f8a027bcc,1,train
cdan,1587,65b3a1bc52469463,1,train
cdan,1588,2c88648b8ef86805,1,test
cdan,1589,cdfce9ded8b3e8f1,1,test
cdan,1590,81bfd8b74066b7ff,1,train
cdan,1591,5cad2107ee31af20,1,test
cdan,1592,4d78f41861ed66bf,1,train
cdan,1593,19d6f25b5b7f71dd,1,train
cdan,1594,662984c79fa3c088,1,train
cdan,1595,50c18e3c838c4105,1,train
cdan,1596,508d5a35b2317a5e,1,train
cdan,1597,82dba691bff2b35f,1,train
cdan,1598,a421b70b4680f0dc,1,train
cdan,1599,d2b8740740025039,1,test
cdan,1600,822c228288082d7d,1,train
cdan,1601,ddf9bd0c40718dcb,1,test
cdan,1602,f6e8f27e22b2d32b,1,train
cdan,1603,220ee75e3372f9e6,1,train
cdan,1604,9060270d389cd295,1,train
cdan,1605,8b5b74d1c3103982,1,test
cdan,1606,408037fdcaa63e1b,1,train
cdan,1607,bb9f145ba7a0bc48,1,train
cdan,1608,dd61cb7930b332a7,1,test
cdan,1609,3b0b17495121d6ad,1,test
cdan,1610,30ffb45225688e47,1,train
cdan,1611,1a69e88dcb7a6ac6,1,train
cdan,1612,62f956d110a43588,1,test
cdan,1613,454b92f556b58c5f,1,train
cdan,1614,1f7c22cbf95b558c,1,train
cdan,1615,9aaded097da23306,1,train
cdan,1616,8315e9dda3c3882b,1,train
cdan,1617,41a0e5876bdfebf2,1,train
cdan,1618,982f1c092bf7ae73,1,train
cdan,1619,be8da965cac298b4,1,test
cdan,1620,0b27852d275ba5ca,1,test
cdan,1621,25e2c96fe427440a,1,test
cdan,1622,8e411838e7c6914e,1,test
cdan,1623,d1ab7a2b4b7f6d89,1,train
cdan,1624,4c90bfc7301da826,1,train
cdan,1625,cd6564cd4396436a,1,train
cdan,1626,42cafabc59f9157c,1,train
cdan,1627,3a5b3f37f8a8a0ec,1,train
cdan,1628,767e2f527b060cb7,1,train
cdan,1629,76f9d103833c8dc2,1,train
cdan,1630,33cdf2f0a401bfe7,1,test
cdan,1631,c982616be2602dd1,1,train
cdan,1632,b15cd2d480315020,1,test
cdan,1633,1848c4f4a2672657,1,train
cdan,1634,df662afa8926b527,1,train
cdan,1635,5af0e8c8eb0e3bac,1,test
cdan,1636,e8a454e21cb6fa46,1,train
cdan,1637,e294f69905637747,1,test
cdan,1638,cd478e7bb4ad49cc,1,test
cdan,1639,7716154a0108eb55,1,test
cdan,1640,57b904a1984b17e9,1,test
cdan,1641,985fd35dd04bb01a,1,test
cdan,1642,90a07173ebad2c19,1,train
cdan,1643,1eb3bc659926f1c1,1,train
cdan,1644,d8c1369cc8595b53,1,train
cdan,1645,0b2cf0dfec1af5db,1,train
cdan,1646,98d482e65dc8cd5b,1,train
cdan,1647,cb6c49966ff6649a,1,train
cdan,1648,cfe5e07a5670125c,1,train
cdan,1649,9f2372277016500d,1,test
cdan,1650,93ac81d9a1231776,1,train
cdan,1651,47db9406c181db2a,1,train
cdan,1652,37f36dd113da782e,1,train
cdan,1653,913fc966850b9d9b,1,train
cdan,1654,8e57f87649124e03,1,train
cdan,1655,d7a9c50f5edb76ef,1,train
cdan,1656,af75a42dd29cba54,1,train
cdan,1657,7554ffe163a98331,1,train
cdan,1658,ffab5b12f27d6b6e,1,train
cdan,1659,8d6386b31e1a125d,1,train
cdan,1660,bc7ec9db1f515232,1,test
cdan,1661,abe9942cdcc9dd45,1,train
cdan,1662,07e8b770f6fe56d0,1,train
cdan,1663,522f2431fa64cab3,1,train
cdan,1664,14fb8798b06cccbb,1,train
cdan,1665,217093e5e544e3ca,1,test
cdan,1666,3176cc49cd770c95,1,train
cdan,1667,cfc9ebfd42e49916,1,train
cdan,1668,4c4436892f34cc49,1,train
cdan,1669,68419a8e7b60b572,1,test
cdan,1670,c1bcd646425ff346,1,train
cdan,1671,6b81dada330ca6de,1,test
cdan,1672,d067640d60539ba3,1,train
cdan,1673,b4e38768a46cbbd3,1,test
cdan,1674,8fac8d57e2e72564,1,test
cdan,1675,7163a64ecb8555d2,1,train
cdan,1676,af13affbc22986b5,1,train
cdan,1677,c374ab6f161f2741,1,test
cdan,1678,aaba2ebd1b76a690,1,test
cdan,1679,9681f8efec9d8941,1,test
cdan,1680,14576e83bbcdb01a,1,train
cdan,1681,ffdc4b4a22db93fe,1,train
cdan,1682,ba75626e3fb0a91a,1,train
cdan,1683,b14a441e8e95f26d,1,train
cdan,1684,ccad61b985c7da82,1,train
cdan,1685,1255b6def9af6447,1,train
cdan,1686,6cc28bf56127bbd3,1,train
cdan,1687,17bc48ca49e0d39c,1,train
cdan,1688,b4cbf4439a080abb,1,train
cdan,1689,bb08bbee08520a23,1,train
cdan,1690,2bde8189fee40da4,1,train
cdan,1691,f098d5e9a13cd5a1,1,train
cdan,1692,51bd5ce8bb98d7d9,1,train
cdan,1693,cc21308e5ec29042,1,train
cdan,1694,bc09e890a0b1f5a0,1,train
cdan,1695,5a8501ae92104a5b,1,test
cdan,1696,87c5689e704eeffc,1,train
cdan,1697,e0c241f64f7cfa76,1,train
cdan,1698,188c0cabc7194b6c,1,train
cdan,1699,9b076c880779e903,1,train
cdan,1700,41ab30a9177b79c7,1,test
cdan,1701,8528ac82e51dede7,1,train
cdan,1702,91e00ff6d42ac97a,1,train
cdan,1703,070f852e07c14237,1,train
cdan,1704,bcb6d09772108b0c,1,train
cdan,1705,0efb2f8a4a70efbd,1,test
cdan,1706,16c7269371d79c0a,1,train
cdan,1707,5903bff2e3ab0192,1,train
cdan,1708,34e34aba5f983a21,1,train
cdan,1709,1dc6f78f1a27a720,1,train
cdan,1710,e95de2645029426e,1,train
cdan,1711,8f1f4026eee69fe3,1,train
cdan,1712,6c3ff1911e66899f,1,test
cdan,1713,c327cf79657eaee1,1,train
cdan,1714,a4ee58b97d597918,1,train
cdan,1715,7573b144b252b322,1,train
cdan,1716,5733974e0ba2048e,1,test
cdan,1717,4348e24c933f61f7,1,train
cdan,1718,e2c5dc5746bf6173,1,train
cdan,1719,3857161f9fd1ca5e,1,train
cdan,1720,1bea4210db6f2a59,1,train
cdan,1721,64c69888636fbe50,1,train
cdan,1722,9a18c7d79c67019e,1,train
cdan,1723,869cc896924a222b,1,train
cdan,1724,4f0a44fbde06a650,1,train
cdan,1725,908048df530d7544,1,test
cdan,1726,27eb11b20b75cced,1,train
cdan,1727,00efc7fb273250ea,1,train
cdan,1728,dbe2be9ad2dab538,1,train
cdan,1729,044d6c338d43f64c,1,train
cdan,1730,350bb827e1c25778,1,train
cdan,1731,0aeec14b63b6d736,1,train
cdan,1732,ba2c55a6f0a57474,1,test
cdan,1733,21e96a3511f5bda8,1,test
cdan,1734,e755d579cae918ee,1,train
cdan,1735,4d7383f6c538ac89,1,train
cdan,1736,638ac77720ecef14,1,train
cdan,1737,6e391800bb6f08b8,1,test
cdan,1738,38450f5f5ad8dfc9,1,train
cdan,1739,e8d37971c2ee3bd8,1,train
cdan,1740,a76d792c481c8882,1,train
cdan,1741,48c45e724d5756d1,1,test
cdan,1742,df90435ab7412855,1,train
cdan,1743,d568139a8151f789,1,train
cdan,1744,10e54e4590a5027d,1,train
cdan,1745,7cf2e7d8f42c861d,1,train
cdan,1746,05d217fdc4eae87b,1,test
cdan,1747,a74e7343cfb1e89d,1,train
cdan,1748,340129f9d013837d,1,train
cdan,1749,8c89624c88b5aad7,1,test
cdan,1750,865f3fc5c12ba5d4,1,train
cdan,1751,e51424b1670c3838,1,train
cdan,1752,c9fa5319c594f99f,1,test
cdan,1753,09eb59cb05f3c5a2,1,train
cdan,1754,eb5b4132effd67f0,1,test
cdan,1755,2981df66c2a092fd,1,test
cdan,1756,246b2e3afa2f64e0,1,train
cdan,1757,c5844330ee2a54b3,1,train
cdan,1758,7be25573a6147c5d,1,train
cdan,1759,87f7bf79f8f53a97,1,train
cdan,1760,fbe211d924cbecda,1,test
cdan,1761,c99e01cad1787731,1,test
cdan,1762,9c9598b3d9ce9597,1,train
cdan,1763,fc374d5d4ae6c04e,1,train
cdan,1764,04cda8095a4fce2e,1,train
cdan,1765,c769c0acc08b4390,1,train
cdan,1766,7f438e86e785985a,1,test
cdan,1767,e152ce100dcfebda,1,train
cdan,1768,551dde1e1f2e58ac,1,train
cdan,1769,4b631e2b984f36d1,1,train
cdan,1770,310882c4bb81b76c,1,test
cdan,1771,b33399465311134e,1,train
cdan,1772,6b1c2b8fd6e38b87,1,train
cdan,1773,9db22bc77b4dbb9e,1,train
cdan,1774,05fae43caa5e11fc,1,train
cdan,1775,570e3be635ede83a,1,train
cdan,1776,bc8d8f9d1ce62516,1,train
cdan,1777,bf912bc96f19e381,1,train
cdan,1778,4f2fe2d47229c9d1,1,train
cdan,1779,5405627b4a8c5c9b,1,train
cdan,1780,022db2a7c6992747,1,test
cdan,1781,33fb245869adff80,1,train
cdan,1782,6a132b9dfb57eaa1,1,test
cdan,1783,33ec793a7b497368,1,train
cdan,1784,9dcc6218d7b36b7b,1,train
cdan,1785,29356bf78e241847,1,train
cdan,1786,599db55113c7081c,1,train
cdan,1787,e98cd596c887bfe8,1,train
cdan,1788,28b9869a2955b6c0,1,train
cdan,1789,f858add8d03d5e69,1,train
cdan,1790,95188e87fbe1f592,1,test
cdan,1791,d6b8c1e2e1b405be,1,train
cdan,1792,e75620e490e49097,1,train
cdan,1793,c9e15dd7f3480d3a,1,test
cdan,1794,eeb0c3edc0661ca6,1,train
cdan,1795,752cfa1a39c185c9,1,train
cdan,1796,da6cfac7a19e10e4,1,train
cdan,1797,bd6d3e28644516cf,1,train
cdan,1798,7a2fe50d8ead6b9c,1,train
cdan,1799,37967efe505ed3f2,1,train
cdan,1800,f04b22529c562479,1,test
cdan,1801,f7ee12148c92e0de,1,test
cdan,1802,d8bf90cd95a3f2ad,1,test
cdan,1803,b90461bd9254b19f,1,test
cdan,1804,b71f5c9bf5797617,1,train
cdan,1805,5a9466e7213003a7,1,train
cdan,1806,82b7b30f62e02004,1,test
cdan,1807,cd2636bec02ecc9f,1,train
cdan,1808,1ae995f287fcaec9,1,test
cdan,1809,1f0fca22d8da76d4,1,train
cdan,1810,c21dbd8f68477a17,1,train
cdan,1811,fec50eef260cb29c,1,train
cdan,1812,3683d4d970006a1b,1,train
cdan,1813,5eaadc2985d91902,1,test
cdan,1814,40d5c23eccac1e16,1,train
cdan,1815,117ab8391d830d4b,1,train
cdan,1816,ebb08477e16f99d0,1,train
cdan,1817,9f69fac98b517606,1,train
cdan,1818,a6eda8a6d78e5530,1,train
cdan,1819,30cb33f63514810d,1,train
cdan,1820,74ab83b3d3db013d,1,train
cdan,1821,a0d5b151252e356d,1,train
cdan,1822,b23cb43da41446cd,1,train
cdan,1823,09fd84f223fada37,1,test
cdan,1824,691b85bc0a45bcb7,1,test
cdan,1825,ec8a8332fd452dd9,1,train
cdan,1826,171a34fbd721ee43,1,test
cdan,1827,277258de1831e005,1,test
cdan,1828,bcd6e440efec82b5,1,test
cdan,1829,2bf34ecfc182179e,1,train
cdan,1830,358357740cc65699,1,train
cdan,1831,6a4a8e17fa1ba81e,1,train
cdan,1832,713f5a43c5d5f889,1,train
cdan,1833,1b5bcd8bc57696bd,1,train
cdan,1834,9805c64685d23777,1,train
cdan,1835,6d9d957395912517,1,train
cdan,1836,e84e47e83d1aa43f,1,test
cdan,1837,94bbff7707537f4a,1,train
cdan,1838,e5c8f884951b92d7,1,train
cdan,1839,33fe172a4f0fd089,1,train
cdan,1840,8a4fb07df3c59191,1,train
cdan,1841,2d509550f629b181,1,test
cdan,1842,806bf3051b9b9d54,1,test
cdan,1843,3e2fbcc20995a2a5,1,test
cdan,1844,58dab74f6636103c,1,train
cdan,1845,4c9c07e6f4736f15,1,train
cdan,1846,cf3b1b74a8ad979b,1,train
cdan,1847,9e5f804af94fe342,1,test
cdan,1848,d94e83baa17b30b8,1,train
cdan,1849,3a87d82414f72a84,1,train
cdan,1850,5702997a5024511a,1,train
cdan,1851,092ec0eed0b2a31f,1,train
cdan,1852,7e7c33efc60d3bc4,1,train
cdan,1853,bf98de801f6981f8,1,train
cdan,1854,859588e496d103b0,1,test
cdan,1855,c0a96602557a265f,1,train
cdan,1856,84ce485280f8fa97,1,train
cdan,1857,a13fe86db0bbfcb0,1,test
cdan,1858,f4c60ff1e067ca8a,1,train
cdan,1859,88af56b029ef4615,1,train
cdan,1860,505a1c194adc9ee2,1,train
cdan,1861,67514916d682a277,1,test
cdan,1862,147d40ea5066e3e0,1,train
cdan,1863,617039d656b9d668,1,train
cdan,1864,24bde8fe3d3743b3,1,test
cdan,1865,661241f9cf2a9b7c,1,train
cdan,1866,43d4344f21d233c4,1,test
cdan,1867,ad5c3225f0205048,1,train
cdan,1868,0f3e88e74fc3842f,1,train
cdan,1869,612cb79c6a332e07,1,train
cdan,1870,111040cf94023809,1,train
cdan,1871,0feff72fb8c06173,1,test
cdan,1872,762c7c459e9da299,1,test
cdan,1873,30e271cacc46afe7,1,train
cdan,1874,83f6edb863edebab,1,train
cdan,1875,4f98afecefc43087,1,train
cdan,1876,0ad50324f90aa4fe,1,train
cdan,1877,a20d64aa796ab0c1,1,train
cdan,1878,250af1581f2701d8,1,test
cdan,1879,6e28e81d0331621e,1,train
cdan,1880,c5aada42a16e457a,1,test
cdan,1881,c082b53b336727b1,1,test
cdan,1882,a218b08080861621,1,train
cdan,1883,0f6948e4b36eedd6,1,train
cdan,1884,c8d2edbc8bdc20cd,1,train
cdan,1885,b2d10309fa01acd3,1,train
cdan,1886,31733658ef666a1d,1,train
cdan,1887,3586ae636359e1ab,1,train
cdan,1888,788d22c87baa8c75,1,train
cdan,1889,3669e06c908e0086,1,train
cdan,1890,cab690bb589962bc,1,test
cdan,1891,be4d34947f6bbce2,1,train
cdan,1892,805d788243136afc,1,train
cdan,1893,73adec485e6e9537,1,train
cdan,1894,e15e976c6a627b91,1,test
cdan,1895,c3dca934512e1f8f,1,test
cdan,1896,4b8aa96cd0f4005c,1,train
cdan,1897,48e26a560336bc1f,1,train
cdan,1898,af571b61336bef96,1,train
cdan,1899,ddf5f24e267aa3e3,1,test
cdan,1900,3fdd380e7a9f0c15,1,train
cdan,1901,0e6a558cc8641eca,1,train
cdan,1902,adc6ba6aa18f4224,1,train
cdan,1903,ba101ef34c8010f3,1,test
cdan,1904,930eaa9a1a9a9b73,1,test
cdan,1905,8a2a5183b8320420,1,train
cdan,1906,22371a1ebb60d262,1,train
cdan,1907,afe68e59541266be,1,test
cdan,1908,2acf87d5ebde5558,1,train
cdan,1909,3d3dba3e18594196,1,train
cdan,1910,de90c1082edd3e68,1,train
cdan,1911,91a07020e15f18ad,1,train
cdan,1912,e5282ab07a793f8d,1,train
cdan,1913,fa6ffd293400e241,1,train
cdan,1914,d49ef24aaebf8c28,1,train
cdan,1915,f5e9fbeb1dd9fd2e,1,train
cdan,1916,84585f518a3bbb71,1,train
cdan,1917,8ec91d84865929d0,1,train
cdan,1918,55dd45cb69d01856,1,test
cdan,1919,71c9f5be3e15e932,1,train
cdan,1920,6ba928dfc3f8fe8a,1,train
cdan,1921,94928455cb0dd4fc,1,test
cdan,1922,ac72d5a32e08f9cf,1,train
cdan,1923,7b8674d762809065,1,test
cdan,1924,8f17e5ef1a00b7f3,1,test
cdan,1925,768798d65ef10bd0,1,train
cdan,1926,4b860d4237ce74f4,1,train
cdan,1927,61feb87eba6b131f,1,test
cdan,1928,00afef4d0da7c581,1,train
cdan,1929,ea3546cad0886b57,1,train
cdan,1930,8d3a5328c519708a,1,train
cdan,1931,6b22558648f02039,1,train
cdan,1932,51eccb0f9bff6f55,1,train
cdan,1933,7ae2725a3fb1a670,1,train
cdan,1934,456e3e14e818d396,1,test
cdan,1935,1ab55e1b8fadad03,1,test
cdan,1936,f0669778306dc5bb,1,train
cdan,1937,372e0a8c6600eeed,1,test
cdan,1938,e7c1fe6c260aa6c7,1,train
cdan,1939,5ccb1adc0c9844a6,1,train
cdan,1940,c8c5ad343596e65b,1,test
cdan,1941,401548a29941d95f,1,train
cdan,1942,04e95a95c99aa6b8,1,train
cdan,1943,385de1fd21b8bde9,1,train
cdan,1944,ecbb78c390153db4,1,train
cdan,1945,02c86bd92efc0331,1,test
cdan,1946,ec95b8b65943e7d7,1,train
cdan,1947,fc55b59beb535547,1,train
cdan,1948,885282f41f38d035,1,train
cdan,1949,6446c1d604bc35c5,1,train
cdan,1950,986bc781edf7fe2f,1,train
cdan,1951,1bc492d444bba04c,1,test
cdan,1952,18d011dcecf5b939,1,test
cdan,1953,f38dfbf56dbda295,1,test
cdan,1954,9c10608de531c982,1,train
cdan,1955,9e834479e12f81a5,1,test
cdan,1956,a9152cdd98fbb947,1,test
cdan,1957,3947646ac5eb6bbc,1,test
cdan,1958,52bcbb348dfeb9b9,1,train
cdan,1959,66c0e1f5e04424c1,1,test
cdan,1960,8633eaef4712d52d,1,train
cdan,1961,10a03910be90e71f,1,train
cdan,1962,48507734b68dec10,1,train
cdan,1963,943e0554caaa5ac6,1,test
cdan,1964,434482c2f3ccdd02,1,train
cdan,1965,ec8cc6cad56aae44,1,train
cdan,1966,4a812d61edf0fc70,1,train
cdan,1967,7380a838cf7e7458,1,train
cdan,1968,1705f0c1d30e1134,1,train
cdan,1969,e0934e5bf3b557af,1,train
cdan,1970,e6956349c15097a7,1,train
cdan,1971,f674203a0ac0c2bd,1,train
cdan,1972,29ee5bb526094f68,1,train
cdan,1973,8d50bbd15d220c46,1,train
cdan,1974,8a20d11b229ef8dd,1,test
cdan,1975,85c2218fdc8eb677,1,train
cdan,1976,ecb91bc96a92dbf4,1,train
cdan,1977,5e43c3240478049d,1,test
cdan,1978,d074176b47f9bc23,1,test
cdan,1979,733f04ec2276a3e3,1,test
cdan,1980,102918a6eb0ee617,1,train
cdan,1981,3aae1298a73e0d22,1,train
cdan,1982,ae3299a31600c77d,1,test
cdan,1983,3828da7b509efe4e,1,test
cdan,1984,0d0b204ebf913d15,1,train
cdan,1985,389ce630dad1b694,1,train
cdan,1986,13c0a50dff6e52fc,1,test
cdan,1987,61d498fda20a3f7e,1,train
cdan,1988,4d46c2b3f433e739,1,train
cdan,1989,28191ca1f373d2aa,1,train
cdan,1990,b523bf6d61ac396f,1,train
cdan,1991,026e240f17ddfdda,1,train
cdan,1992,b08366acb2f4690c,1,train
cdan,1993,ea3efcc68933cf6f,1,test
cdan,1994,5bdd31261827f161,1,train
cdan,1995,8b529585ed918f2f,1,train
cdan,1996,6066a53e9d660eba,1,train
cdan,1997,37d9c8ca4ab2fb2d,1,train
cdan,1998,94c54b3e27e1a4f1,1,train
cdan,1999,16c0747c6c88e3b0,1,test
cdan,2000,77b18f59bc82e901,1,train
cdan,2001,8abec3f7034dae17,1,train
cdan,2002,d3532debbbbb40d1,1,train
cdan,2003,782db9cce06e6462,1,train
dan_0p1,0,photo/dog/056_0058.jpg,0,train
dan_0p1,1,photo/person/253_0174.jpg,0,train
dan_0p1,2,photo/giraffe/n02439033_1508.jpg,0,test
dan_0p1,3,photo/giraffe/n02439033_14872.jpg,0,test
dan_0p1,4,photo/guitar/063_0053.jpg,0,train
dan_0p1,5,photo/dog/056_0095.jpg,0,train
dan_0p1,6,photo/guitar/063_0079.jpg,0,train
dan_0p1,7,photo/giraffe/084_0047.jpg,0,train
dan_0p1,8,photo/giraffe/n02439033_10919.jpg,0,test
dan_0p1,9,photo/person/253_0382.jpg,0,train
dan_0p1,10,photo/house/pic_173.jpg,0,test
dan_0p1,11,photo/person/253_0063.jpg,0,train
dan_0p1,12,photo/house/pic_106.jpg,0,train
dan_0p1,13,photo/house/pic_144.jpg,0,train
dan_0p1,14,photo/dog/056_0090.jpg,0,train
dan_0p1,15,photo/person/253_0193.jpg,0,test
dan_0p1,16,photo/person/253_0323.jpg,0,test
dan_0p1,17,photo/person/253_0429.jpg,0,train
dan_0p1,18,photo/person/253_0248.jpg,0,train
dan_0p1,19,photo/horse/n02374451_18570.jpg,0,train
dan_0p1,20,photo/guitar/n03272010_6820.jpg,0,test
dan_0p1,21,photo/person/253_0310.jpg,0,train
dan_0p1,22,photo/person/253_0146.jpg,0,test
dan_0p1,23,photo/house/pic_005.jpg,0,test
dan_0p1,24,photo/person/253_0300.jpg,0,train
dan_0p1,25,photo/dog/056_0068.jpg,0,train
dan_0p1,26,photo/horse/n02374451_13718.jpg,0,train
dan_0p1,27,photo/dog/n02103406_1599.jpg,0,test
dan_0p1,28,photo/guitar/063_0107.jpg,0,test
dan_0p1,29,photo/elephant/064_0111.jpg,0,train
dan_0p1,30,photo/giraffe/084_0011.jpg,0,train
dan_0p1,31,photo/house/pic_259.jpg,0,train
dan_0p1,32,photo/house/pic_161.jpg,0,train
dan_0p1,33,photo/dog/n02103406_5505.jpg,0,test
dan_0p1,34,photo/house/pic_280.jpg,0,test
dan_0p1,35,photo/person/253_0034.jpg,0,train
dan_0p1,36,photo/horse/105_0030.jpg,0,train
dan_0p1,37,photo/elephant/064_0044.jpg,0,train
dan_0p1,38,photo/person/253_0166.jpg,0,train
dan_0p1,39,photo/horse/105_0106.jpg,0,train
dan_0p1,40,photo/guitar/063_0001.jpg,0,test
dan_0p1,41,photo/giraffe/n02439033_11059.jpg,0,train
dan_0p1,42,photo/elephant/n02503517_1453.jpg,0,train
dan_0p1,43,photo/house/pic_278.jpg,0,train
dan_0p1,44,photo/person/253_0273.jpg,0,train
dan_0p1,45,photo/guitar/063_0038.jpg,0,test
dan_0p1,46,photo/person/253_0147.jpg,0,test
dan_0p1,47,photo/guitar/063_0052.jpg,0,train
dan_0p1,48,photo/elephant/064_0127.jpg,0,train
dan_0p1,49,photo/house/pic_160.jpg,0,train
dan_0p1,50,photo/horse/105_0059.jpg,0,train
dan_0p1,51,photo/dog/056_0084.jpg,0,train
dan_0p1,52,photo/giraffe/n02439033_11114.jpg,0,train
dan_0p1,53,photo/person/253_0058.jpg,0,train
dan_0p1,54,photo/horse/n02374451_925.jpg,0,test
dan_0p1,55,photo/elephant/n02503517_6479.jpg,0,train
dan_0p1,56,photo/person/253_0327.jpg,0,train
dan_0p1,57,photo/horse/105_0266.jpg,0,train
dan_0p1,58,photo/giraffe/n02439033_14846.jpg,0,train
dan_0p1,59,photo/horse/n02374451_1443.jpg,0,train
dan_0p1,60,photo/elephant/064_0062.jpg,0,test
dan_0p1,61,photo/house/pic_034.jpg,0,train
dan_0p1,62,photo/person/253_0277.jpg,0,test
dan_0p1,63,photo/person/253_0290.jpg,0,train
dan_0p1,64,photo/house/pic_206.jpg,0,train
dan_0p1,65,photo/house/pic_038.jpg,0,test
dan_0p1,66,photo/dog/056_0050.jpg,0,train
dan_0p1,67,photo/person/253_0006.jpg,0,train
dan_0p1,68,photo/horse/105_0067.jpg,0,train
dan_0p1,69,photo/horse/105_0066.jpg,0,test
dan_0p1,70,photo/dog/056_0052.jpg,0,train
dan_0p1,71,photo/person/253_0395.jpg,0,test
dan_0p1,72,photo/person/253_0015.jpg,0,train
dan_0p1,73,photo/house/pic_050.jpg,0,train
dan_0p1,74,photo/dog/056_0080.jpg,0,test
dan_0p1,75,photo/elephant/064_0120.jpg,0,train
dan_0p1,76,photo/guitar/063_0074.jpg,0,test
dan_0p1,77,photo/person/253_0187.jpg,0,train
dan_0p1,78,photo/giraffe/084_0012.jpg,0,test
dan_0p1,79,photo/elephant/n02503517_4247.jpg,0,test
dan_0p1,80,photo/person/253_0221.jpg,0,train
dan_0p1,81,photo/person/253_0024.jpg,0,test
dan_0p1,82,photo/elephant/n02503517_10193.jpg,0,train
dan_0p1,83,photo/person/253_0074.jpg,0,train
dan_0p1,84,photo/horse/n02374451_1234.jpg,0,train
dan_0p1,85,photo/house/pic_195.jpg,0,test
dan_0p1,86,photo/elephant/064_0024.jpg,0,test
dan_0p1,87,photo/elephant/064_0008.jpg,0,test
dan_0p1,88,photo/person/253_0301.jpg,0,train
dan_0p1,89,photo/person/253_0084.jpg,0,train
dan_0p1,90,photo/elephant/064_0016.jpg,0,train
dan_0p1,91,photo/guitar/063_0067.jpg,0,train
dan_0p1,92,photo/dog/056_0029.jpg,0,test
dan_0p1,93,photo/person/253_0097.jpg,0,test
dan_0p1,94,photo/elephant/n02503517_8901.jpg,0,train
dan_0p1,95,photo/elephant/n02503517_5527.jpg,0,train
dan_0p1,96,photo/guitar/063_0108.jpg,0,train
dan_0p1,97,photo/person/253_0131.jpg,0,train
dan_0p1,98,photo/house/pic_172.jpg,0,train
dan_0p1,99,photo/guitar/063_0046.jpg,0,test
dan_0p1,100,photo/person/253_0374.jpg,0,train
dan_0p1,101,photo/guitar/063_0087.jpg,0,train
dan_0p1,102,photo/guitar/n02676566_6704.jpg,0,test
dan_0p1,103,photo/giraffe/n02439033_991.jpg,0,train
dan_0p1,104,photo/guitar/063_0090.jpg,0,train
dan_0p1,105,photo/house/pic_073.jpg,0,test
dan_0p1,106,photo/horse/n02374451_17474.jpg,0,train
dan_0p1,107,photo/horse/n02374451_54.jpg,0,test
dan_0p1,108,photo/horse/105_0134.jpg,0,train
dan_0p1,109,photo/person/253_0049.jpg,0,train
dan_0p1,110,photo/house/pic_017.jpg,0,train
dan_0p1,111,photo/dog/n02103406_4916.jpg,0,train
dan_0p1,112,photo/horse/n02374451_2248.jpg,0,train
dan_0p1,113,photo/elephant/064_0004.jpg,0,test
dan_0p1,114,photo/elephant/064_0125.jpg,0,train
dan_0p1,115,photo/guitar/063_0009.jpg,0,train
dan_0p1,116,photo/house/pic_104.jpg,0,train
dan_0p1,117,photo/elephant/064_0070.jpg,0,test
dan_0p1,118,photo/guitar/n02676566_4189.jpg,0,train
dan_0p1,119,photo/person/253_0294.jpg,0,train
dan_0p1,120,photo/house/pic_224.jpg,0,test
dan_0p1,121,photo/giraffe/084_0029.jpg,0,test
dan_0p1,122,photo/person/253_0153.jpg,0,train
dan_0p1,123,photo/guitar/n03272010_7390.jpg,0,train
dan_0p1,124,photo/dog/n02103406_6530.jpg,0,test
dan_0p1,125,photo/person/253_0338.jpg,0,test
dan_0p1,126,photo/giraffe/n02439033_11627.jpg,0,train
dan_0p1,127,photo/house/pic_028.jpg,0,test
dan_0p1,128,photo/elephant/n02503517_5418.jpg,0,train
dan_0p1,129,photo/dog/056_0071.jpg,0,train
dan_0p1,130,photo/person/253_0256.jpg,0,train
dan_0p1,131,photo/house/pic_067.jpg,0,test
dan_0p1,132,photo/house/pic_145.jpg,0,train
dan_0p1,133,photo/person/253_0021.jpg,0,train
dan_0p1,134,photo/elephant/n02503517_4605.jpg,0,test
dan_0p1,135,photo/elephant/064_0039.jpg,0,train
dan_0p1,136,photo/horse/n02374451_16358.jpg,0,train
dan_0p1,137,photo/horse/n02374451_8526.jpg,0,test
dan_0p1,138,photo/dog/056_0062.jpg,0,train
dan_0p1,139,photo/guitar/n03272010_7092.jpg,0,train
dan_0p1,140,photo/horse/105_0007.jpg,0,train
dan_0p1,141,photo/horse/105_0206.jpg,0,train
dan_0p1,142,photo/person/253_0281.jpg,0,train
dan_0p1,143,photo/house/pic_015.jpg,0,train
dan_0p1,144,photo/giraffe/084_0074.jpg,0,test
dan_0p1,145,photo/house/pic_058.jpg,0,train
dan_0p1,146,photo/dog/n02103406_5456.jpg,0,train
dan_0p1,147,photo/house/pic_112.jpg,0,test
dan_0p1,148,photo/person/253_0130.jpg,0,test
dan_0p1,149,photo/house/pic_260.jpg,0,train
dan_0p1,150,photo/horse/n02374451_8744.jpg,0,train
dan_0p1,151,photo/giraffe/n02439033_12413.jpg,0,test
dan_0p1,152,photo/house/pic_225.jpg,0,train
dan_0p1,153,photo/elephant/064_0045.jpg,0,test
dan_0p1,154,photo/person/253_0123.jpg,0,train
dan_0p1,155,photo/guitar/n03467517_22785.jpg,0,test
dan_0p1,156,photo/elephant/064_0074.jpg,0,train
dan_0p1,157,photo/elephant/064_0072.jpg,0,test
dan_0p1,158,photo/house/pic_175.jpg,0,train
dan_0p1,159,photo/person/253_0348.jpg,0,train
dan_0p1,160,photo/giraffe/n02439033_10453.jpg,0,train
dan_0p1,161,photo/person/253_0354.jpg,0,test
dan_0p1,162,photo/person/253_0422.jpg,0,train
dan_0p1,163,photo/horse/n02374451_4795.jpg,0,train
dan_0p1,164,photo/dog/n02103406_3538.jpg,0,test
dan_0p1,165,photo/person/253_0141.jpg,0,test
dan_0p1,166,photo/guitar/n03467517_23229.jpg,0,test
dan_0p1,167,photo/elephant/064_0115.jpg,0,train
dan_0p1,168,photo/house/pic_004.jpg,0,train
dan_0p1,169,photo/horse/n02374451_9064.jpg,0,train
dan_0p1,170,photo/person/253_0082.jpg,0,train
dan_0p1,171,photo/horse/n02374451_9892.jpg,0,test
dan_0p1,172,photo/horse/105_0115.jpg,0,train
dan_0p1,173,photo/elephant/n02503517_7020.jpg,0,train
dan_0p1,174,photo/elephant/064_0130.jpg,0,train
dan_0p1,175,photo/dog/056_0073.jpg,0,train
dan_0p1,176,photo/giraffe/n02439033_11683.jpg,0,train
dan_0p1,177,photo/giraffe/084_0060.jpg,0,train
dan_0p1,178,photo/guitar/063_0050.jpg,0,train
dan_0p1,179,photo/person/253_0242.jpg,0,test
dan_0p1,180,photo/person/253_0195.jpg,0,test
dan_0p1,181,photo/elephant/n02503517_3803.jpg,0,train
dan_0p1,182,photo/person/253_0287.jpg,0,train
dan_0p1,183,photo/horse/105_0207.jpg,0,train
dan_0p1,184,photo/person/253_0253.jpg,0,train
dan_0p1,185,photo/guitar/063_0024.jpg,0,train
dan_0p1,186,photo/person/253_0247.jpg,0,train
dan_0p1,187,photo/house/pic_188.jpg,0,test
dan_0p1,188,photo/elephant/n02503517_8571.jpg,0,train
dan_0p1,189,photo/person/253_0105.jpg,0,test
dan_0p1,190,photo/horse/n02374451_11492.jpg,0,train
dan_0p1,191,photo/house/pic_184.jpg,0,train
dan_0p1,192,photo/house/pic_235.jpg,0,train
dan_0p1,193,photo/person/253_0423.jpg,0,test
dan_0p1,194,photo/guitar/063_0095.jpg,0,test
dan_0p1,195,photo/guitar/n02676566_7830.jpg,0,train
dan_0p1,196,photo/person/253_0045.jpg,0,train
dan_0p1,197,photo/person/253_0299.jpg,0,test
dan_0p1,198,photo/person/253_0139.jpg,0,train
dan_0p1,199,photo/person/253_0104.jpg,0,train
dan_0p1,200,photo/horse/105_0199.jpg,0,train
dan_0p1,201,photo/person/253_0145.jpg,0,train
dan_0p1,202,photo/person/253_0102.jpg,0,test
dan_0p1,203,photo/house/pic_054.jpg,0,train
dan_0p1,204,photo/person/253_0386.jpg,0,train
dan_0p1,205,photo/person/253_0033.jpg,0,test
dan_0p1,206,photo/dog/056_0010.jpg,0,test
dan_0p1,207,photo/person/253_0417.jpg,0,test
dan_0p1,208,photo/giraffe/n02439033_10164.jpg,0,test
dan_0p1,209,photo/person/253_0106.jpg,0,train
dan_0p1,210,photo/person/253_0128.jpg,0,train
dan_0p1,211,photo/horse/n02374451_14119.jpg,0,test
dan_0p1,212,photo/dog/n02103406_3964.jpg,0,train
dan_0p1,213,photo/dog/n02106662_1922.jpg,0,test
dan_0p1,214,photo/giraffe/084_0059.jpg,0,test
dan_0p1,215,photo/person/253_0361.jpg,0,train
dan_0p1,216,photo/horse/105_0048.jpg,0,train
dan_0p1,217,photo/horse/n02374451_7631.jpg,0,train
dan_0p1,218,photo/giraffe/n02439033_10130.jpg,0,test
dan_0p1,219,photo/guitar/n03467517_12925.jpg,0,train
dan_0p1,220,photo/person/253_0095.jpg,0,train
dan_0p1,221,photo/house/pic_090.jpg,0,test
dan_0p1,222,photo/house/pic_080.jpg,0,train
dan_0p1,223,photo/giraffe/084_0028.jpg,0,train
dan_0p1,224,photo/elephant/n02503517_6880.jpg,0,train
dan_0p1,225,photo/dog/n02103406_2954.jpg,0,train
dan_0p1,226,photo/person/253_0211.jpg,0,train
dan_0p1,227,photo/dog/056_0042.jpg,0,test
dan_0p1,228,photo/guitar/063_0084.jpg,0,train
dan_0p1,229,photo/giraffe/n02439033_14148.jpg,0,test
dan_0p1,230,photo/person/253_0017.jpg,0,test
dan_0p1,231,photo/person/253_0267.jpg,0,train
dan_0p1,232,photo/elephant/064_0012.jpg,0,train
dan_0p1,233,photo/house/pic_250.jpg,0,train
dan_0p1,234,photo/giraffe/084_0077.jpg,0,train
dan_0p1,235,photo/person/253_0311.jpg,0,train
dan_0p1,236,photo/elephant/064_0114.jpg,0,train
dan_0p1,237,photo/dog/n02106662_27393.jpg,0,train
dan_0p1,238,photo/horse/n02374451_503.jpg,0,train
dan_0p1,239,photo/house/pic_279.jpg,0,train
dan_0p1,240,photo/dog/n02103406_8280.jpg,0,train
dan_0p1,241,photo/horse/n02374451_10098.jpg,0,train
dan_0p1,242,photo/person/253_0405.jpg,0,train
dan_0p1,243,photo/guitar/n02676566_8997.jpg,0,train
dan_0p1,244,photo/horse/n02374451_14738.jpg,0,train
dan_0p1,245,photo/giraffe/084_0020.jpg,0,train
dan_0p1,246,photo/guitar/063_0041.jpg,0,train
dan_0p1,247,photo/person/253_0050.jpg,0,train
dan_0p1,248,photo/horse/105_0103.jpg,0,train
dan_0p1,249,photo/house/pic_234.jpg,0,test
dan_0p1,250,photo/elephant/064_0011.jpg,0,train
dan_0p1,251,photo/guitar/n03272010_9557.jpg,0,train
dan_0p1,252,photo/dog/056_0043.jpg,0,train
dan_0p1,253,photo/horse/n02374451_10761.jpg,0,test
dan_0p1,254,photo/person/253_0278.jpg,0,train
dan_0p1,255,photo/giraffe/n02439033_5652.jpg,0,test
dan_0p1,256,photo/person/253_0434.jpg,0,train
dan_0p1,257,photo/house/pic_046.jpg,0,train
dan_0p1,258,photo/person/253_0055.jpg,0,train
dan_0p1,259,photo/giraffe/n02439033_13602.jpg,0,test
dan_0p1,260,photo/house/pic_130.jpg,0,train
dan_0p1,261,photo/house/pic_097.jpg,0,test
dan_0p1,262,photo/dog/n02103406_3132.jpg,0,train
dan_0p1,263,photo/dog/056_0075.jpg,0,train
dan_0p1,264,photo/guitar/063_0035.jpg,0,train
dan_0p1,265,photo/house/pic_049.jpg,0,train
dan_0p1,266,photo/house/pic_165.jpg,0,train
dan_0p1,267,photo/elephant/n02503517_9827.jpg,0,train
dan_0p1,268,photo/giraffe/n02439033_9472.jpg,0,test
dan_0p1,269,photo/person/253_0232.jpg,0,test
dan_0p1,270,photo/horse/105_0260.jpg,0,test
dan_0p1,271,photo/house/pic_094.jpg,0,test
dan_0p1,272,photo/dog/056_0082.jpg,0,train
dan_0p1,273,photo/elephant/n02503517_8904.jpg,0,test
dan_0p1,274,photo/house/pic_281.jpg,0,test
dan_0p1,275,photo/dog/056_0030.jpg,0,test
dan_0p1,276,photo/house/pic_229.jpg,0,train
dan_0p1,277,photo/elephant/n02503517_184.jpg,0,train
dan_0p1,278,photo/person/253_0176.jpg,0,train
dan_0p1,279,photo/house/pic_146.jpg,0,train
dan_0p1,280,photo/guitar/063_0089.jpg,0,train
dan_0p1,281,photo/person/253_0196.jpg,0,train
dan_0p1,282,photo/giraffe/n02439033_12987.jpg,0,test
dan_0p1,283,photo/giraffe/n02439033_11715.jpg,0,train
dan_0p1,284,photo/dog/n02103406_371.jpg,0,test
dan_0p1,285,photo/house/pic_069.jpg,0,train
dan_0p1,286,photo/house/pic_092.jpg,0,train
dan_0p1,287,photo/person/253_0324.jpg,0,test
dan_0p1,288,photo/dog/056_0009.jpg,0,train
dan_0p1,289,photo/person/253_0014.jpg,0,train
dan_0p1,290,photo/person/253_0246.jpg,0,test
dan_0p1,291,photo/horse/105_0076.jpg,0,train
dan_0p1,292,photo/guitar/063_0048.jpg,0,train
dan_0p1,293,photo/dog/n02109525_12875.jpg,0,test
dan_0p1,294,photo/person/253_0266.jpg,0,test
dan_0p1,295,photo/guitar/063_0093.jpg,0,test
dan_0p1,296,photo/elephant/n02503517_564.jpg,0,train
dan_0p1,297,photo/house/pic_117.jpg,0,train
dan_0p1,298,photo/giraffe/n02439033_11504.jpg,0,train
dan_0p1,299,photo/dog/056_0048.jpg,0,train
dan_0p1,300,photo/guitar/n02676566_7844.jpg,0,train
dan_0p1,301,photo/guitar/063_0022.jpg,0,train
dan_0p1,302,photo/giraffe/n02439033_12680.jpg,0,test
dan_0p1,303,photo/horse/105_0008.jpg,0,test
dan_0p1,304,photo/dog/n02103406_5035.jpg,0,train
dan_0p1,305,photo/elephant/n02503517_6032.jpg,0,test
dan_0p1,306,photo/dog/n02106662_11133.jpg,0,train
dan_0p1,307,photo/house/pic_113.jpg,0,train
dan_0p1,308,photo/person/253_0170.jpg,0,train
dan_0p1,309,photo/elephant/n02503517_753.jpg,0,train
dan_0p1,310,photo/giraffe/n02439033_16483.jpg,0,train
dan_0p1,311,photo/person/253_0296.jpg,0,test
dan_0p1,312,photo/giraffe/084_0042.jpg,0,train
dan_0p1,313,photo/house/pic_111.jpg,0,train
dan_0p1,314,photo/guitar/063_0010.jpg,0,train
dan_0p1,315,photo/elephant/064_0067.jpg,0,train
dan_0p1,316,photo/giraffe/n02439033_15479.jpg,0,test
dan_0p1,317,photo/person/253_0075.jpg,0,train
dan_0p1,318,photo/house/pic_284.jpg,0,test
dan_0p1,319,photo/giraffe/n02439033_11486.jpg,0,train
dan_0p1,320,photo/house/pic_013.jpg,0,test
dan_0p1,321,photo/guitar/n03272010_10795.jpg,0,train
dan_0p1,322,photo/person/253_0168.jpg,0,train
dan_0p1,323,photo/house/pic_060.jpg,0,train
dan_0p1,324,photo/house/pic_077.jpg,0,train
dan_0p1,325,photo/person/253_0359.jpg,0,train
dan_0p1,326,photo/elephant/064_0097.jpg,0,train
dan_0p1,327,photo/horse/n02374451_10669.jpg,0,train
dan_0p1,328,photo/giraffe/084_0045.jpg,0,train
dan_0p1,329,photo/person/253_0387.jpg,0,train
dan_0p1,330,photo/dog/n02106662_25917.jpg,0,test
dan_0p1,331,photo/dog/n02106662_7885.jpg,0,train
dan_0p1,332,photo/elephant/n02503517_5287.jpg,0,train
dan_0p1,333,photo/horse/105_0215.jpg,0,train
dan_0p1,334,art_painting/elephant/pic_087.jpg,0,train
dan_0p1,335,art_painting/person/pic_206.jpg,0,train
dan_0p1,336,art_painting/giraffe/pic_142.jpg,0,train
dan_0p1,337,art_painting/guitar/pic_075.jpg,0,train
dan_0p1,338,art_painting/dog/pic_058.jpg,0,train
dan_0p1,339,art_painting/giraffe/pic_302.jpg,0,train
dan_0p1,340,art_painting/person/pic_168.jpg,0,train
dan_0p1,341,art_painting/person/pic_162.jpg,0,train
dan_0p1,342,art_painting/dog/pic_074.jpg,0,test
dan_0p1,343,art_painting/house/pic_014.jpg,0,train
dan_0p1,344,art_painting/house/pic_107.jpg,0,test
dan_0p1,345,art_painting/guitar/pic_197.jpg,0,train
dan_0p1,346,art_painting/person/pic_033.jpg,0,train
dan_0p1,347,art_painting/horse/pic_195.jpg,0,train
dan_0p1,348,art_painting/guitar/pic_092.jpg,0,train
dan_0p1,349,art_painting/elephant/pic_145.jpg,0,train
dan_0p1,350,art_painting/giraffe/pic_126.jpg,0,train
dan_0p1,351,art_painting/horse/pic_047.jpg,0,train
dan_0p1,352,art_painting/person/pic_203.jpg,0,train
dan_0p1,353,art_painting/dog/pic_327.jpg,0,train
dan_0p1,354,art_painting/house/pic_022.jpg,0,train
dan_0p1,355,art_painting/house/pic_218.jpg,0,train
dan_0p1,356,art_painting/elephant/pic_122.jpg,0,train
dan_0p1,357,art_painting/person/pic_334.jpg,0,test
dan_0p1,358,art_painting/dog/pic_366.jpg,0,train
dan_0p1,359,art_painting/person/pic_074.jpg,0,train
dan_0p1,360,art_painting/person/pic_400.jpg,0,train
dan_0p1,361,art_painting/dog/pic_072.jpg,0,train
dan_0p1,362,art_painting/horse/pic_228.jpg,0,test
dan_0p1,363,art_painting/dog/pic_007.jpg,0,train
dan_0p1,364,art_painting/guitar/pic_082.jpg,0,train
dan_0p1,365,art_painting/elephant/pic_260.jpg,0,train
dan_0p1,366,art_painting/person/pic_387.jpg,0,train
dan_0p1,367,art_painting/dog/pic_260.jpg,0,train
dan_0p1,368,art_painting/dog/pic_315.jpg,0,test
dan_0p1,369,art_painting/guitar/pic_014.jpg,0,train
dan_0p1,370,art_painting/horse/pic_182.jpg,0,test
dan_0p1,371,art_painting/person/pic_129.jpg,0,test
dan_0p1,372,art_painting/person/pic_382.jpg,0,test
dan_0p1,373,art_painting/elephant/pic_100.jpg,0,train
dan_0p1,374,art_painting/guitar/pic_135.jpg,0,train
dan_0p1,375,art_painting/person/pic_126.jpg,0,train
dan_0p1,376,art_painting/giraffe/pic_068.jpg,0,test
dan_0p1,377,art_painting/house/pic_189.jpg,0,test
dan_0p1,378,art_painting/person/pic_265.jpg,0,test
dan_0p1,379,art_painting/giraffe/pic_210.jpg,0,test
dan_0p1,380,art_painting/dog/pic_205.jpg,0,train
dan_0p1,381,art_painting/dog/pic_100.jpg,0,train
dan_0p1,382,art_painting/giraffe/pic_057.jpg,0,train
dan_0p1,383,art_painting/elephant/pic_108.jpg,0,train
dan_0p1,384,art_painting/giraffe/pic_102.jpg,0,test
dan_0p1,385,art_painting/guitar/pic_127.jpg,0,train
dan_0p1,386,art_painting/guitar/pic_044.jpg,0,train
dan_0p1,387,art_painting/dog/pic_055.jpg,0,train
dan_0p1,388,art_painting/giraffe/pic_190.jpg,0,train
dan_0p1,389,art_painting/giraffe/pic_005.jpg,0,train
dan_0p1,390,art_painting/elephant/pic_249.jpg,0,train
dan_0p1,391,art_painting/house/pic_313.jpg,0,train
dan_0p1,392,art_painting/person/pic_429.jpg,0,train
dan_0p1,393,art_painting/person/pic_116.jpg,0,train
dan_0p1,394,art_painting/house/pic_018.jpg,0,train
dan_0p1,395,art_painting/house/pic_082.jpg,0,train
dan_0p1,396,art_painting/house/pic_212.jpg,0,test
dan_0p1,397,art_painting/person/pic_016.jpg,0,train
dan_0p1,398,art_painting/giraffe/pic_014.jpg,0,test
dan_0p1,399,art_painting/giraffe/pic_013.jpg,0,train
dan_0p1,400,art_painting/person/pic_542.jpg,0,test
dan_0p1,401,art_painting/elephant/pic_099.jpg,0,test
dan_0p1,402,art_painting/giraffe/pic_170.jpg,0,train
dan_0p1,403,art_painting/elephant/pic_011.jpg,0,test
dan_0p1,404,art_painting/elephant/pic_098.jpg,0,test
dan_0p1,405,art_painting/dog/pic_304.jpg,0,train
dan_0p1,406,art_painting/dog/pic_398.jpg,0,train
dan_0p1,407,art_painting/horse/pic_049.jpg,0,train
dan_0p1,408,art_painting/house/pic_123.jpg,0,train
dan_0p1,409,art_painting/guitar/pic_071.jpg,0,train
dan_0p1,410,art_painting/elephant/pic_201.jpg,0,train
dan_0p1,411,art_painting/elephant/pic_144.jpg,0,train
dan_0p1,412,art_painting/dog/pic_232.jpg,0,train
dan_0p1,413,art_painting/house/pic_111.jpg,0,train
dan_0p1,414,art_painting/elephant/pic_207.jpg,0,train
dan_0p1,415,art_painting/elephant/pic_152.jpg,0,train
dan_0p1,416,art_painting/person/pic_496.jpg,0,test
dan_0p1,417,art_painting/horse/pic_130.jpg,0,train
dan_0p1,418,art_painting/giraffe/pic_118.jpg,0,test
dan_0p1,419,art_painting/elephant/pic_048.jpg,0,test
dan_0p1,420,art_painting/dog/pic_393.jpg,0,train
dan_0p1,421,art_painting/giraffe/pic_085.jpg,0,train
dan_0p1,422,art_painting/horse/pic_090.jpg,0,train
dan_0p1,423,art_painting/giraffe/pic_268.jpg,0,train
dan_0p1,424,art_painting/person/pic_433.jpg,0,train
dan_0p1,425,art_painting/horse/pic_154.jpg,0,test
dan_0p1,426,art_painting/horse/pic_135.jpg,0,test
dan_0p1,427,art_painting/person/pic_248.jpg,0,test
dan_0p1,428,art_painting/elephant/pic_158.jpg,0,train
dan_0p1,429,art_painting/person/pic_438.jpg,0,train
dan_0p1,430,art_painting/giraffe/pic_176.jpg,0,test
dan_0p1,431,art_painting/person/pic_052.jpg,0,train
dan_0p1,432,art_painting/elephant/pic_113.jpg,0,train
dan_0p1,433,art_painting/house/pic_191.jpg,0,train
dan_0p1,434,art_painting/elephant/pic_078.jpg,0,train
dan_0p1,435,art_painting/guitar/pic_089.jpg,0,train
dan_0p1,436,art_painting/dog/pic_133.jpg,0,train
dan_0p1,437,art_painting/dog/pic_282.jpg,0,test
dan_0p1,438,art_painting/dog/pic_084.jpg,0,train
dan_0p1,439,art_painting/dog/pic_371.jpg,0,train
dan_0p1,440,art_painting/guitar/pic_171.jpg,0,train
dan_0p1,441,art_painting/dog/pic_269.jpg,0,train
dan_0p1,442,art_painting/elephant/pic_061.jpg,0,train
dan_0p1,443,art_painting/person/pic_464.jpg,0,test
dan_0p1,444,art_painting/person/pic_161.jpg,0,train
dan_0p1,445,art_painting/person/pic_247.jpg,0,test
dan_0p1,446,art_painting/dog/pic_301.jpg,0,train
dan_0p1,447,art_painting/person/pic_487.jpg,0,test
dan_0p1,448,art_painting/horse/pic_142.jpg,0,train
dan_0p1,449,art_painting/house/pic_221.jpg,0,train
dan_0p1,450,art_painting/elephant/pic_252.jpg,0,train
dan_0p1,451,art_painting/elephant/pic_178.jpg,0,train
dan_0p1,452,art_painting/person/pic_320.jpg,0,train
dan_0p1,453,art_painting/giraffe/pic_185.jpg,0,test
dan_0p1,454,art_painting/horse/pic_028.jpg,0,train
dan_0p1,455,art_painting/dog/pic_297.jpg,0,train
dan_0p1,456,art_painting/dog/pic_138.jpg,0,train
dan_0p1,457,art_painting/dog/pic_036.jpg,0,train
dan_0p1,458,art_painting/horse/pic_017.jpg,0,train
dan_0p1,459,art_painting/dog/pic_194.jpg,0,train
dan_0p1,460,art_painting/giraffe/pic_072.jpg,0,train
dan_0p1,461,art_painting/dog/pic_157.jpg,0,train
dan_0p1,462,art_painting/person/pic_135.jpg,0,train
dan_0p1,463,art_painting/horse/pic_136.jpg,0,train
dan_0p1,464,art_painting/horse/pic_134.jpg,0,test
dan_0p1,465,art_painting/guitar/pic_173.jpg,0,train
dan_0p1,466,art_painting/guitar/pic_129.jpg,0,train
dan_0p1,467,art_painting/dog/pic_329.jpg,0,train
dan_0p1,468,art_painting/giraffe/pic_069.jpg,0,train
dan_0p1,469,art_painting/giraffe/pic_243.jpg,0,train
dan_0p1,470,art_painting/giraffe/pic_153.jpg,0,train
dan_0p1,471,art_painting/giraffe/pic_001.jpg,0,train
dan_0p1,472,art_painting/giraffe/pic_140.jpg,0,train
dan_0p1,473,art_painting/house/pic_213.jpg,0,test
dan_0p1,474,art_painting/house/pic_009.jpg,0,test
dan_0p1,475,art_painting/person/pic_094.jpg,0,test
dan_0p1,476,art_painting/person/pic_070.jpg,0,test
dan_0p1,477,art_painting/dog/pic_026.jpg,0,train
dan_0p1,478,art_painting/dog/pic_397.jpg,0,test
dan_0p1,479,art_painting/house/pic_269.jpg,0,train
dan_0p1,480,art_painting/giraffe/pic_086.jpg,0,test
dan_0p1,481,art_painting/person/pic_213.jpg,0,test
dan_0p1,482,art_painting/elephant/pic_029.jpg,0,train
dan_0p1,483,art_painting/giraffe/pic_138.jpg,0,train
dan_0p1,484,art_painting/house/pic_034.jpg,0,test
dan_0p1,485,art_painting/giraffe/pic_028.jpg,0,train
dan_0p1,486,art_painting/person/pic_380.jpg,0,train
dan_0p1,487,art_painting/horse/pic_002.jpg,0,test
dan_0p1,488,art_painting/house/pic_011.jpg,0,train
dan_0p1,489,art_painting/person/pic_196.jpg,0,train
dan_0p1,490,art_painting/elephant/pic_148.jpg,0,train
dan_0p1,491,art_painting/person/pic_157.jpg,0,train
dan_0p1,492,art_painting/elephant/pic_117.jpg,0,train
dan_0p1,493,art_painting/elephant/pic_060.jpg,0,train
dan_0p1,494,art_painting/house/pic_008.jpg,0,train
dan_0p1,495,art_painting/guitar/pic_059.jpg,0,train
dan_0p1,496,art_painting/guitar/pic_074.jpg,0,train
dan_0p1,497,art_painting/dog/pic_214.jpg,0,train
dan_0p1,498,art_painting/giraffe/pic_122.jpg,0,train
dan_0p1,499,art_painting/house/pic_304.jpg,0,test
dan_0p1,500,art_painting/house/pic_322.jpg,0,test
dan_0p1,501,art_painting/horse/pic_222.jpg,0,test
dan_0p1,502,art_painting/horse/pic_151.jpg,0,train
dan_0p1,503,art_painting/dog/pic_134.jpg,0,test
dan_0p1,504,art_painting/person/pic_069.jpg,0,train
dan_0p1,505,art_painting/person/pic_011.jpg,0,test
dan_0p1,506,art_painting/dog/pic_314.jpg,0,train
dan_0p1,507,art_painting/horse/pic_001.jpg,0,test
dan_0p1,508,art_painting/house/pic_309.jpg,0,train
dan_0p1,509,art_painting/giraffe/pic_180.jpg,0,test
dan_0p1,510,art_painting/house/pic_004.jpg,0,train
dan_0p1,511,art_painting/house/pic_311.jpg,0,train
dan_0p1,512,art_painting/dog/pic_312.jpg,0,train
dan_0p1,513,art_painting/person/pic_294.jpg,0,train
dan_0p1,514,art_painting/person/pic_525.jpg,0,train
dan_0p1,515,art_painting/giraffe/pic_173.jpg,0,train
dan_0p1,516,art_painting/elephant/pic_075.jpg,0,train
dan_0p1,517,art_painting/guitar/pic_177.jpg,0,test
dan_0p1,518,art_painting/house/pic_088.jpg,0,test
dan_0p1,519,art_painting/giraffe/pic_077.jpg,0,test
dan_0p1,520,art_painting/house/pic_245.jpg,0,train
dan_0p1,521,art_painting/dog/pic_226.jpg,0,test
dan_0p1,522,art_painting/elephant/pic_044.jpg,0,train
dan_0p1,523,art_painting/dog/pic_099.jpg,0,train
dan_0p1,524,art_painting/person/pic_209.jpg,0,train
dan_0p1,525,art_painting/person/pic_304.jpg,0,test
dan_0p1,526,art_painting/horse/pic_138.jpg,0,train
dan_0p1,527,art_painting/guitar/pic_034.jpg,0,train
dan_0p1,528,art_painting/person/pic_296.jpg,0,train
dan_0p1,529,art_painting/horse/pic_054.jpg,0,train
dan_0p1,530,art_painting/dog/pic_391.jpg,0,train
dan_0p1,531,art_painting/elephant/pic_183.jpg,0,train
dan_0p1,532,art_painting/horse/pic_213.jpg,0,train
dan_0p1,533,art_painting/dog/pic_394.jpg,0,train
dan_0p1,534,art_painting/dog/pic_368.jpg,0,train
dan_0p1,535,art_painting/house/pic_306.jpg,0,train
dan_0p1,536,art_painting/elephant/pic_227.jpg,0,train
dan_0p1,537,art_painting/person/pic_543.jpg,0,test
dan_0p1,538,art_painting/giraffe/pic_011.jpg,0,test
dan_0p1,539,art_painting/house/pic_098.jpg,0,train
dan_0p1,540,art_painting/person/pic_328.jpg,0,train
dan_0p1,541,art_painting/guitar/pic_063.jpg,0,train
dan_0p1,542,art_painting/horse/pic_128.jpg,0,train
dan_0p1,543,art_painting/giraffe/pic_044.jpg,0,test
dan_0p1,544,art_painting/guitar/pic_182.jpg,0,train
dan_0p1,545,art_painting/horse/pic_133.jpg,0,train
dan_0p1,546,art_painting/guitar/pic_023.jpg,0,train
dan_0p1,547,art_painting/person/pic_520.jpg,0,train
dan_0p1,548,art_painting/dog/pic_079.jpg,0,train
dan_0p1,549,art_painting/dog/pic_070.jpg,0,train
dan_0p1,550,art_painting/dog/pic_172.jpg,0,test
dan_0p1,551,art_painting/house/pic_246.jpg,0,train
dan_0p1,552,art_painting/dog/pic_090.jpg,0,train
dan_0p1,553,art_painting/house/pic_226.jpg,0,train
dan_0p1,554,art_painting/person/pic_531.jpg,0,train
dan_0p1,555,art_painting/person/pic_018.jpg,0,train
dan_0p1,556,art_painting/elephant/pic_059.jpg,0,train
dan_0p1,557,art_painting/dog/pic_186.jpg,0,train
dan_0p1,558,art_painting/person/pic_273.jpg,0,test
dan_0p1,559,art_painting/house/pic_134.jpg,0,train
dan_0p1,560,art_painting/dog/pic_280.jpg,0,train
dan_0p1,561,art_painting/person/pic_423.jpg,0,test
dan_0p1,562,art_painting/giraffe/pic_239.jpg,0,train
dan_0p1,563,art_painting/person/pic_277.jpg,0,test
dan_0p1,564,art_painting/giraffe/pic_193.jpg,0,train
dan_0p1,565,art_painting/guitar/pic_192.jpg,0,test
dan_0p1,566,art_painting/person/pic_518.jpg,0,train
dan_0p1,567,art_painting/giraffe/pic_244.jpg,0,test
dan_0p1,568,art_painting/dog/pic_349.jpg,0,test
dan_0p1,569,art_painting/house/pic_231.jpg,0,train
dan_0p1,570,art_painting/guitar/pic_142.jpg,0,train
dan_0p1,571,art_painting/giraffe/pic_052.jpg,0,test
dan_0p1,572,art_painting/guitar/pic_193.jpg,0,test
dan_0p1,573,art_painting/house/pic_091.jpg,0,train
dan_0p1,574,art_painting/guitar/pic_166.jpg,0,test
dan_0p1,575,art_painting/house/pic_054.jpg,0,train
dan_0p1,576,art_painting/horse/pic_042.jpg,0,test
dan_0p1,577,art_painting/horse/pic_081.jpg,0,train
dan_0p1,578,art_painting/horse/pic_161.jpg,0,test
dan_0p1,579,art_painting/house/pic_291.jpg,0,test
dan_0p1,580,art_painting/person/pic_014.jpg,0,test
dan_0p1,581,art_painting/dog/pic_372.jpg,0,train
dan_0p1,582,art_painting/person/pic_109.jpg,0,train
dan_0p1,583,art_painting/person/pic_027.jpg,0,train
dan_0p1,584,art_painting/elephant/pic_191.jpg,0,train
dan_0p1,585,art_painting/horse/pic_232.jpg,0,train
dan_0p1,586,art_painting/house/pic_219.jpg,0,train
dan_0p1,587,art_painting/person/pic_327.jpg,0,test
dan_0p1,588,art_painting/dog/pic_268.jpg,0,train
dan_0p1,589,art_painting/elephant/pic_156.jpg,0,train
dan_0p1,590,art_painting/dog/pic_105.jpg,0,test
dan_0p1,591,art_painting/person/pic_150.jpg,0,test
dan_0p1,592,art_painting/person/pic_101.jpg,0,train
dan_0p1,593,art_painting/giraffe/pic_293.jpg,0,train
dan_0p1,594,art_painting/elephant/pic_177.jpg,0,test
dan_0p1,595,art_painting/dog/pic_274.jpg,0,train
dan_0p1,596,art_painting/elephant/pic_016.jpg,0,train
dan_0p1,597,art_painting/giraffe/pic_191.jpg,0,train
dan_0p1,598,art_painting/guitar/pic_178.jpg,0,test
dan_0p1,599,art_painting/house/pic_076.jpg,0,train
dan_0p1,600,art_painting/person/pic_435.jpg,0,train
dan_0p1,601,art_painting/dog/pic_384.jpg,0,train
dan_0p1,602,art_painting/person/pic_303.jpg,0,train
dan_0p1,603,art_painting/guitar/pic_137.jpg,0,train
dan_0p1,604,art_painting/dog/pic_377.jpg,0,train
dan_0p1,605,art_painting/giraffe/pic_307.jpg,0,train
dan_0p1,606,art_painting/house/pic_315.jpg,0,test
dan_0p1,607,art_painting/horse/pic_106.jpg,0,train
dan_0p1,608,art_painting/guitar/pic_108.jpg,0,train
dan_0p1,609,art_painting/guitar/pic_170.jpg,0,train
dan_0p1,610,art_painting/house/pic_153.jpg,0,test
dan_0p1,611,art_painting/person/pic_479.jpg,0,test
dan_0p1,612,art_painting/person/pic_267.jpg,0,train
dan_0p1,613,art_painting/person/pic_458.jpg,0,test
dan_0p1,614,art_painting/person/pic_204.jpg,0,train
dan_0p1,615,art_painting/person/pic_249.jpg,0,train
dan_0p1,616,art_painting/elephant/pic_119.jpg,0,train
dan_0p1,617,art_painting/house/pic_336.jpg,0,train
dan_0p1,618,art_painting/house/pic_281.jpg,0,test
dan_0p1,619,art_painting/horse/pic_008.jpg,0,test
dan_0p1,620,art_painting/person/pic_169.jpg,0,train
dan_0p1,621,art_painting/giraffe/pic_171.jpg,0,train
dan_0p1,622,art_painting/person/pic_183.jpg,0,test
dan_0p1,623,art_painting/dog/pic_123.jpg,0,train
dan_0p1,624,art_painting/dog/pic_064.jpg,0,train
dan_0p1,625,art_painting/house/pic_149.jpg,0,test
dan_0p1,626,art_painting/dog/pic_177.jpg,0,test
dan_0p1,627,art_painting/dog/pic_167.jpg,0,train
dan_0p1,628,art_painting/dog/pic_091.jpg,0,train
dan_0p1,629,art_painting/giraffe/pic_010.jpg,0,test
dan_0p1,630,art_painting/dog/pic_322.jpg,0,train
dan_0p1,631,art_painting/guitar/pic_024.jpg,0,train
dan_0p1,632,art_painting/dog/pic_350.jpg,0,train
dan_0p1,633,art_painting/guitar/pic_113.jpg,0,train
dan_0p1,634,art_painting/elephant/pic_106.jpg,0,train
dan_0p1,635,art_painting/house/pic_121.jpg,0,train
dan_0p1,636,art_painting/person/pic_194.jpg,0,train
dan_0p1,637,art_painting/dog/pic_253.jpg,0,test
dan_0p1,638,art_painting/horse/pic_150.jpg,0,train
dan_0p1,639,art_painting/horse/pic_034.jpg,0,train
dan_0p1,640,art_painting/house/pic_103.jpg,0,train
dan_0p1,641,art_painting/person/pic_208.jpg,0,train
dan_0p1,642,art_painting/person/pic_263.jpg,0,train
dan_0p1,643,art_painting/giraffe/pic_009.jpg,0,test
dan_0p1,644,art_painting/house/pic_136.jpg,0,train
dan_0p1,645,art_painting/house/pic_198.jpg,0,train
dan_0p1,646,art_painting/house/pic_074.jpg,0,test
dan_0p1,647,art_painting/person/pic_097.jpg,0,train
dan_0p1,648,art_painting/elephant/pic_046.jpg,0,test
dan_0p1,649,art_painting/horse/pic_125.jpg,0,test
dan_0p1,650,art_painting/giraffe/pic_271.jpg,0,train
dan_0p1,651,art_painting/elephant/pic_204.jpg,0,test
dan_0p1,652,art_painting/giraffe/pic_139.jpg,0,train
dan_0p1,653,art_painting/house/pic_187.jpg,0,train
dan_0p1,654,art_painting/horse/pic_099.jpg,0,test
dan_0p1,655,art_painting/person/pic_405.jpg,0,test
dan_0p1,656,art_painting/dog/pic_319.jpg,0,train
dan_0p1,657,art_painting/elephant/pic_161.jpg,0,train
dan_0p1,658,art_painting/horse/pic_206.jpg,0,train
dan_0p1,659,art_painting/elephant/pic_198.jpg,0,train
dan_0p1,660,art_painting/giraffe/pic_253.jpg,0,train
dan_0p1,661,art_painting/house/pic_298.jpg,0,test
dan_0p1,662,art_painting/house/pic_261.jpg,0,train
dan_0p1,663,art_painting/horse/pic_056.jpg,0,test
dan_0p1,664,art_painting/person/pic_171.jpg,0,test
dan_0p1,665,art_painting/guitar/pic_187.jpg,0,test
dan_0p1,666,art_painting/person/pic_545.jpg,0,train
dan_0p1,667,art_painting/person/pic_107.jpg,0,train
dan_0p1,668,cartoon/person/pic_113.jpg,0,test
dan_0p1,669,cartoon/elephant/pic_389.jpg,0,test
dan_0p1,670,cartoon/person/pic_105.jpg,0,train
dan_0p1,671,cartoon/house/pic_355.jpg,0,train
dan_0p1,672,cartoon/horse/pic_189.jpg,0,test
dan_0p1,673,cartoon/elephant/pic_136.jpg,0,train
dan_0p1,674,cartoon/house/pic_343.jpg,0,train
dan_0p1,675,cartoon/giraffe/pic_209.jpg,0,train
dan_0p1,676,cartoon/giraffe/pic_273.jpg,0,train
dan_0p1,677,cartoon/horse/pic_257.jpg,0,train
dan_0p1,678,cartoon/elephant/pic_030.jpg,0,train
dan_0p1,679,cartoon/dog/pic_108.jpg,0,train
dan_0p1,680,cartoon/giraffe/pic_244.jpg,0,train
dan_0p1,681,cartoon/elephant/pic_246.jpg,0,test
dan_0p1,682,cartoon/person/pic_333.jpg,0,train
dan_0p1,683,cartoon/giraffe/pic_385.jpg,0,train
dan_0p1,684,cartoon/dog/pic_325.jpg,0,train
dan_0p1,685,cartoon/elephant/pic_393.jpg,0,test
dan_0p1,686,cartoon/elephant/pic_047.jpg,0,test
dan_0p1,687,cartoon/elephant/pic_180.jpg,0,test
dan_0p1,688,cartoon/giraffe/pic_360.jpg,0,train
dan_0p1,689,cartoon/elephant/pic_444.jpg,0,test
dan_0p1,690,cartoon/dog/pic_140.jpg,0,train
dan_0p1,691,cartoon/dog/pic_094.jpg,0,train
dan_0p1,692,cartoon/elephant/pic_135.jpg,0,train
dan_0p1,693,cartoon/house/pic_257.jpg,0,train
dan_0p1,694,cartoon/horse/pic_214.jpg,0,train
dan_0p1,695,cartoon/house/pic_017.jpg,0,train
dan_0p1,696,cartoon/horse/pic_221.jpg,0,test
dan_0p1,697,cartoon/horse/pic_092.jpg,0,test
dan_0p1,698,cartoon/elephant/pic_010.jpg,0,train
dan_0p1,699,cartoon/guitar/pic_124.jpg,0,train
dan_0p1,700,cartoon/horse/pic_322.jpg,0,train
dan_0p1,701,cartoon/guitar/pic_048.jpg,0,train
dan_0p1,702,cartoon/elephant/pic_091.jpg,0,train
dan_0p1,703,cartoon/dog/pic_310.jpg,0,train
dan_0p1,704,cartoon/horse/pic_053.jpg,0,test
dan_0p1,705,cartoon/person/pic_131.jpg,0,train
dan_0p1,706,cartoon/elephant/pic_257.jpg,0,train
dan_0p1,707,cartoon/house/pic_278.jpg,0,test
dan_0p1,708,cartoon/giraffe/pic_061.jpg,0,test
dan_0p1,709,cartoon/dog/pic_060.jpg,0,train
dan_0p1,710,cartoon/elephant/pic_173.jpg,0,train
dan_0p1,711,cartoon/person/pic_385.jpg,0,train
dan_0p1,712,cartoon/elephant/pic_350.jpg,0,test
dan_0p1,713,cartoon/giraffe/pic_192.jpg,0,train
dan_0p1,714,cartoon/horse/pic_327.jpg,0,train
dan_0p1,715,cartoon/elephant/pic_471.jpg,0,train
dan_0p1,716,cartoon/person/pic_020.jpg,0,train
dan_0p1,717,cartoon/horse/pic_196.jpg,0,train
dan_0p1,718,cartoon/elephant/pic_316.jpg,0,train
dan_0p1,719,cartoon/giraffe/pic_173.jpg,0,train
dan_0p1,720,cartoon/person/pic_216.jpg,0,train
dan_0p1,721,cartoon/elephant/pic_496.jpg,0,train
dan_0p1,722,cartoon/elephant/pic_337.jpg,0,train
dan_0p1,723,cartoon/elephant/pic_244.jpg,0,train
dan_0p1,724,cartoon/person/pic_078.jpg,0,train
dan_0p1,725,cartoon/horse/pic_345.jpg,0,train
dan_0p1,726,cartoon/dog/pic_136.jpg,0,train
dan_0p1,727,cartoon/horse/pic_355.jpg,0,train
dan_0p1,728,cartoon/house/pic_317.jpg,0,test
dan_0p1,729,cartoon/person/pic_025.jpg,0,train
dan_0p1,730,cartoon/person/pic_055.jpg,0,train
dan_0p1,731,cartoon/guitar/pic_035.jpg,0,train
dan_0p1,732,cartoon/dog/pic_171.jpg,0,train
dan_0p1,733,cartoon/house/pic_252.jpg,0,train
dan_0p1,734,cartoon/person/pic_129.jpg,0,train
dan_0p1,735,cartoon/house/pic_286.jpg,0,test
dan_0p1,736,cartoon/dog/pic_229.jpg,0,train
dan_0p1,737,cartoon/person/pic_248.jpg,0,train
dan_0p1,738,cartoon/person/pic_170.jpg,0,train
dan_0p1,739,cartoon/horse/pic_187.jpg,0,test
dan_0p1,740,cartoon/house/pic_038.jpg,0,train
dan_0p1,741,cartoon/house/pic_223.jpg,0,train
dan_0p1,742,cartoon/giraffe/pic_339.jpg,0,test
dan_0p1,743,cartoon/person/pic_119.jpg,0,train
dan_0p1,744,cartoon/person/pic_257.jpg,0,train
dan_0p1,745,cartoon/house/pic_217.jpg,0,train
dan_0p1,746,cartoon/elephant/pic_242.jpg,0,train
dan_0p1,747,cartoon/dog/pic_274.jpg,0,train
dan_0p1,748,cartoon/dog/pic_398.jpg,0,test
dan_0p1,749,cartoon/person/pic_190.jpg,0,test
dan_0p1,750,cartoon/horse/pic_086.jpg,0,train
dan_0p1,751,cartoon/house/pic_145.jpg,0,train
dan_0p1,752,cartoon/elephant/pic_254.jpg,0,train
dan_0p1,753,cartoon/horse/pic_048.jpg,0,train
dan_0p1,754,cartoon/horse/pic_243.jpg,0,test
dan_0p1,755,cartoon/horse/pic_121.jpg,0,train
dan_0p1,756,cartoon/person/pic_167.jpg,0,test
dan_0p1,757,cartoon/dog/pic_176.jpg,0,test
dan_0p1,758,cartoon/dog/pic_282.jpg,0,train
dan_0p1,759,cartoon/elephant/pic_251.jpg,0,train
dan_0p1,760,cartoon/horse/pic_135.jpg,0,test
dan_0p1,761,cartoon/person/pic_218.jpg,0,train
dan_0p1,762,cartoon/elephant/pic_013.jpg,0,train
dan_0p1,763,cartoon/dog/pic_317.jpg,0,train
dan_0p1,764,cartoon/horse/pic_297.jpg,0,train
dan_0p1,765,cartoon/giraffe/pic_090.jpg,0,test
dan_0p1,766,cartoon/elephant/pic_320.jpg,0,train
dan_0p1,767,cartoon/person/pic_209.jpg,0,train
dan_0p1,768,cartoon/elephant/pic_214.jpg,0,train
dan_0p1,769,cartoon/house/pic_311.jpg,0,test
dan_0p1,770,cartoon/giraffe/pic_341.jpg,0,train
dan_0p1,771,cartoon/person/pic_044.jpg,0,train
dan_0p1,772,cartoon/giraffe/pic_148.jpg,0,train
dan_0p1,773,cartoon/elephant/pic_374.jpg,0,train
dan_0p1,774,cartoon/horse/pic_352.jpg,0,test
dan_0p1,775,cartoon/elephant/pic_154.jpg,0,train
dan_0p1,776,cartoon/person/pic_425.jpg,0,test
dan_0p1,777,cartoon/elephant/pic_114.jpg,0,train
dan_0p1,778,cartoon/horse/pic_364.jpg,0,train
dan_0p1,779,cartoon/dog/pic_425.jpg,0,train
dan_0p1,780,cartoon/dog/pic_088.jpg,0,test
dan_0p1,781,cartoon/person/pic_197.jpg,0,train
dan_0p1,782,cartoon/house/pic_282.jpg,0,train
dan_0p1,783,cartoon/dog/pic_427.jpg,0,train
dan_0p1,784,cartoon/elephant/pic_262.jpg,0,test
dan_0p1,785,cartoon/horse/pic_118.jpg,0,train
dan_0p1,786,cartoon/horse/pic_293.jpg,0,test
dan_0p1,787,cartoon/elephant/pic_362.jpg,0,train
dan_0p1,788,cartoon/person/pic_210.jpg,0,test
dan_0p1,789,cartoon/person/pic_372.jpg,0,train
dan_0p1,790,cartoon/giraffe/pic_267.jpg,0,train
dan_0p1,791,cartoon/guitar/pic_073.jpg,0,train
dan_0p1,792,cartoon/house/pic_165.jpg,0,train
dan_0p1,793,cartoon/person/pic_268.jpg,0,train
dan_0p1,794,cartoon/house/pic_140.jpg,0,train
dan_0p1,795,cartoon/giraffe/pic_156.jpg,0,test
dan_0p1,796,cartoon/horse/pic_264.jpg,0,train
dan_0p1,797,cartoon/dog/pic_085.jpg,0,train
dan_0p1,798,cartoon/person/pic_226.jpg,0,test
dan_0p1,799,cartoon/elephant/pic_184.jpg,0,train
dan_0p1,800,cartoon/giraffe/pic_030.jpg,0,test
dan_0p1,801,cartoon/guitar/pic_011.jpg,0,train
dan_0p1,802,cartoon/elephant/pic_400.jpg,0,test
dan_0p1,803,cartoon/house/pic_277.jpg,0,test
dan_0p1,804,cartoon/dog/pic_334.jpg,0,train
dan_0p1,805,cartoon/dog/pic_393.jpg,0,train
dan_0p1,806,cartoon/elephant/pic_109.jpg,0,test
dan_0p1,807,cartoon/elephant/pic_387.jpg,0,train
dan_0p1,808,cartoon/person/pic_067.jpg,0,train
dan_0p1,809,cartoon/person/pic_126.jpg,0,train
dan_0p1,810,cartoon/dog/pic_095.jpg,0,train
dan_0p1,811,cartoon/dog/pic_028.jpg,0,test
dan_0p1,812,cartoon/house/pic_321.jpg,0,train
dan_0p1,813,cartoon/person/pic_418.jpg,0,test
dan_0p1,814,cartoon/person/pic_261.jpg,0,train
dan_0p1,815,cartoon/dog/pic_440.jpg,0,test
dan_0p1,816,cartoon/horse/pic_312.jpg,0,test
dan_0p1,817,cartoon/elephant/pic_446.jpg,0,train
dan_0p1,818,cartoon/horse/pic_357.jpg,0,train
dan_0p1,819,cartoon/giraffe/pic_353.jpg,0,train
dan_0p1,820,cartoon/dog/pic_038.jpg,0,train
dan_0p1,821,cartoon/dog/pic_078.jpg,0,test
dan_0p1,822,cartoon/giraffe/pic_379.jpg,0,train
dan_0p1,823,cartoon/giraffe/pic_369.jpg,0,train
dan_0p1,824,cartoon/elephant/pic_405.jpg,0,train
dan_0p1,825,cartoon/giraffe/pic_260.jpg,0,train
dan_0p1,826,cartoon/horse/pic_147.jpg,0,train
dan_0p1,827,cartoon/dog/pic_433.jpg,0,train
dan_0p1,828,cartoon/elephant/pic_124.jpg,0,test
dan_0p1,829,cartoon/elephant/pic_416.jpg,0,train
dan_0p1,830,cartoon/elephant/pic_105.jpg,0,train
dan_0p1,831,cartoon/house/pic_103.jpg,0,train
dan_0p1,832,cartoon/elephant/pic_345.jpg,0,test
dan_0p1,833,cartoon/house/pic_167.jpg,0,test
dan_0p1,834,cartoon/elephant/pic_479.jpg,0,train
dan_0p1,835,cartoon/giraffe/pic_373.jpg,0,train
dan_0p1,836,cartoon/dog/pic_198.jpg,0,test
dan_0p1,837,cartoon/elephant/pic_187.jpg,0,train
dan_0p1,838,cartoon/horse/pic_288.jpg,0,train
dan_0p1,839,cartoon/horse/pic_340.jpg,0,train
dan_0p1,840,cartoon/giraffe/pic_195.jpg,0,test
dan_0p1,841,cartoon/house/pic_160.jpg,0,train
dan_0p1,842,cartoon/person/pic_036.jpg,0,test
dan_0p1,843,cartoon/horse/pic_332.jpg,0,train
dan_0p1,844,cartoon/dog/pic_319.jpg,0,train
dan_0p1,845,cartoon/elephant/pic_327.jpg,0,train
dan_0p1,846,cartoon/person/pic_035.jpg,0,test
dan_0p1,847,cartoon/house/pic_014.jpg,0,test
dan_0p1,848,cartoon/giraffe/pic_019.jpg,0,train
dan_0p1,849,cartoon/person/pic_320.jpg,0,train
dan_0p1,850,cartoon/dog/pic_009.jpg,0,test
dan_0p1,851,cartoon/house/pic_119.jpg,0,train
dan_0p1,852,cartoon/giraffe/pic_248.jpg,0,test
dan_0p1,853,cartoon/person/pic_079.jpg,0,train
dan_0p1,854,cartoon/horse/pic_186.jpg,0,train
dan_0p1,855,cartoon/person/pic_253.jpg,0,test
dan_0p1,856,cartoon/person/pic_319.jpg,0,train
dan_0p1,857,cartoon/guitar/pic_107.jpg,0,train
dan_0p1,858,cartoon/horse/pic_363.jpg,0,train
dan_0p1,859,cartoon/giraffe/pic_272.jpg,0,test
dan_0p1,860,cartoon/giraffe/pic_349.jpg,0,train
dan_0p1,861,cartoon/dog/pic_083.jpg,0,train
dan_0p1,862,cartoon/elephant/pic_307.jpg,0,train
dan_0p1,863,cartoon/dog/pic_354.jpg,0,train
dan_0p1,864,cartoon/giraffe/pic_212.jpg,0,test
dan_0p1,865,cartoon/elephant/pic_432.jpg,0,train
dan_0p1,866,cartoon/person/pic_434.jpg,0,train
dan_0p1,867,cartoon/person/pic_424.jpg,0,test
dan_0p1,868,cartoon/guitar/pic_024.jpg,0,train
dan_0p1,869,cartoon/elephant/pic_450.jpg,0,train
dan_0p1,870,cartoon/horse/pic_347.jpg,0,train
dan_0p1,871,cartoon/house/pic_026.jpg,0,test
dan_0p1,872,cartoon/dog/pic_077.jpg,0,test
dan_0p1,873,cartoon/elephant/pic_049.jpg,0,train
dan_0p1,874,cartoon/elephant/pic_346.jpg,0,train
dan_0p1,875,cartoon/giraffe/pic_320.jpg,0,train
dan_0p1,876,cartoon/person/pic_377.jpg,0,train
dan_0p1,877,cartoon/horse/pic_013.jpg,0,train
dan_0p1,878,cartoon/person/pic_368.jpg,0,train
dan_0p1,879,cartoon/horse/pic_106.jpg,0,test
dan_0p1,880,cartoon/dog/pic_265.jpg,0,train
dan_0p1,881,cartoon/dog/pic_102.jpg,0,train
dan_0p1,882,cartoon/person/pic_061.jpg,0,test
dan_0p1,883,cartoon/giraffe/pic_322.jpg,0,train
dan_0p1,884,cartoon/elephant/pic_354.jpg,0,train
dan_0p1,885,cartoon/elephant/pic_147.jpg,0,test
dan_0p1,886,cartoon/house/pic_182.jpg,0,train
dan_0p1,887,cartoon/giraffe/pic_143.jpg,0,train
dan_0p1,888,cartoon/horse/pic_132.jpg,0,train
dan_0p1,889,cartoon/house/pic_007.jpg,0,train
dan_0p1,890,cartoon/giraffe/pic_226.jpg,0,test
dan_0p1,891,cartoon/person/pic_265.jpg,0,train
dan_0p1,892,cartoon/elephant/pic_216.jpg,0,train
dan_0p1,893,cartoon/elephant/pic_306.jpg,0,train
dan_0p1,894,cartoon/person/pic_141.jpg,0,train
dan_0p1,895,cartoon/dog/pic_397.jpg,0,test
dan_0p1,896,cartoon/dog/pic_008.jpg,0,train
dan_0p1,897,cartoon/person/pic_409.jpg,0,train
dan_0p1,898,cartoon/dog/pic_178.jpg,0,test
dan_0p1,899,cartoon/guitar/pic_020.jpg,0,train
dan_0p1,900,cartoon/giraffe/pic_219.jpg,0,train
dan_0p1,901,cartoon/person/pic_203.jpg,0,train
dan_0p1,902,cartoon/dog/pic_210.jpg,0,train
dan_0p1,903,cartoon/giraffe/pic_119.jpg,0,train
dan_0p1,904,cartoon/house/pic_098.jpg,0,test
dan_0p1,905,cartoon/house/pic_039.jpg,0,train
dan_0p1,906,cartoon/person/pic_111.jpg,0,test
dan_0p1,907,cartoon/horse/pic_032.jpg,0,test
dan_0p1,908,cartoon/horse/pic_157.jpg,0,train
dan_0p1,909,cartoon/giraffe/pic_216.jpg,0,test
dan_0p1,910,cartoon/dog/pic_422.jpg,0,train
dan_0p1,911,cartoon/guitar/pic_016.jpg,0,train
dan_0p1,912,cartoon/giraffe/pic_113.jpg,0,test
dan_0p1,913,cartoon/elephant/pic_094.jpg,0,train
dan_0p1,914,cartoon/horse/pic_188.jpg,0,train
dan_0p1,915,cartoon/giraffe/pic_127.jpg,0,test
dan_0p1,916,cartoon/person/pic_449.jpg,0,test
dan_0p1,917,cartoon/elephant/pic_061.jpg,0,train
dan_0p1,918,cartoon/dog/pic_190.jpg,0,train
dan_0p1,919,cartoon/guitar/pic_083.jpg,0,train
dan_0p1,920,cartoon/person/pic_349.jpg,0,train
dan_0p1,921,cartoon/elephant/pic_130.jpg,0,train
dan_0p1,922,cartoon/guitar/pic_069.jpg,0,test
dan_0p1,923,cartoon/house/pic_093.jpg,0,train
dan_0p1,924,cartoon/house/pic_228.jpg,0,train
dan_0p1,925,cartoon/elephant/pic_228.jpg,0,train
dan_0p1,926,cartoon/dog/pic_329.jpg,0,train
dan_0p1,927,cartoon/dog/pic_430.jpg,0,train
dan_0p1,928,cartoon/elephant/pic_054.jpg,0,test
dan_0p1,929,cartoon/giraffe/pic_317.jpg,0,test
dan_0p1,930,cartoon/dog/pic_103.jpg,0,test
dan_0p1,931,cartoon/giraffe/pic_082.jpg,0,train
dan_0p1,932,cartoon/person/pic_323.jpg,0,test
dan_0p1,933,cartoon/elephant/pic_302.jpg,0,train
dan_0p1,934,cartoon/dog/pic_386.jpg,0,train
dan_0p1,935,cartoon/elephant/pic_113.jpg,0,test
dan_0p1,936,cartoon/giraffe/pic_383.jpg,0,train
dan_0p1,937,cartoon/horse/pic_303.jpg,0,test
dan_0p1,938,cartoon/person/pic_236.jpg,0,train
dan_0p1,939,cartoon/person/pic_259.jpg,0,test
dan_0p1,940,cartoon/dog/pic_218.jpg,0,train
dan_0p1,941,cartoon/person/pic_159.jpg,0,test
dan_0p1,942,cartoon/horse/pic_173.jpg,0,test
dan_0p1,943,cartoon/guitar/pic_058.jpg,0,train
dan_0p1,944,cartoon/person/pic_193.jpg,0,test
dan_0p1,945,cartoon/house/pic_102.jpg,0,train
dan_0p1,946,cartoon/giraffe/pic_202.jpg,0,train
dan_0p1,947,cartoon/person/pic_225.jpg,0,test
dan_0p1,948,cartoon/house/pic_121.jpg,0,train
dan_0p1,949,cartoon/guitar/pic_068.jpg,0,test
dan_0p1,950,cartoon/horse/pic_233.jpg,0,train
dan_0p1,951,cartoon/giraffe/pic_297.jpg,0,test
dan_0p1,952,cartoon/dog/pic_139.jpg,0,train
dan_0p1,953,cartoon/dog/pic_287.jpg,0,train
dan_0p1,954,cartoon/elephant/pic_021.jpg,0,train
dan_0p1,955,cartoon/giraffe/pic_100.jpg,0,train
dan_0p1,956,cartoon/person/pic_302.jpg,0,test
dan_0p1,957,cartoon/dog/pic_369.jpg,0,train
dan_0p1,958,cartoon/house/pic_023.jpg,0,test
dan_0p1,959,cartoon/person/pic_008.jpg,0,train
dan_0p1,960,cartoon/horse/pic_064.jpg,0,train
dan_0p1,961,cartoon/dog/pic_180.jpg,0,train
dan_0p1,962,cartoon/horse/pic_025.jpg,0,train
dan_0p1,963,cartoon/person/pic_039.jpg,0,train
dan_0p1,964,cartoon/person/pic_224.jpg,0,train
dan_0p1,965,cartoon/horse/pic_224.jpg,0,train
dan_0p1,966,cartoon/house/pic_340.jpg,0,train
dan_0p1,967,cartoon/elephant/pic_037.jpg,0,train
dan_0p1,968,cartoon/dog/pic_348.jpg,0,train
dan_0p1,969,cartoon/dog/pic_419.jpg,0,train
dan_0p1,970,cartoon/giraffe/pic_160.jpg,0,train
dan_0p1,971,cartoon/person/pic_052.jpg,0,train
dan_0p1,972,cartoon/dog/pic_305.jpg,0,train
dan_0p1,973,cartoon/giraffe/pic_071.jpg,0,train
dan_0p1,974,cartoon/elephant/pic_032.jpg,0,test
dan_0p1,975,cartoon/giraffe/pic_013.jpg,0,train
dan_0p1,976,cartoon/giraffe/pic_318.jpg,0,train
dan_0p1,977,cartoon/elephant/pic_088.jpg,0,train
dan_0p1,978,cartoon/person/pic_313.jpg,0,train
dan_0p1,979,cartoon/giraffe/pic_009.jpg,0,train
dan_0p1,980,cartoon/guitar/pic_118.jpg,0,train
dan_0p1,981,cartoon/horse/pic_219.jpg,0,test
dan_0p1,982,cartoon/giraffe/pic_020.jpg,0,train
dan_0p1,983,cartoon/house/pic_080.jpg,0,test
dan_0p1,984,cartoon/horse/pic_131.jpg,0,test
dan_0p1,985,cartoon/guitar/pic_100.jpg,0,train
dan_0p1,986,cartoon/horse/pic_336.jpg,0,test
dan_0p1,987,cartoon/dog/pic_313.jpg,0,train
dan_0p1,988,cartoon/guitar/pic_076.jpg,0,train
dan_0p1,989,cartoon/horse/pic_079.jpg,0,test
dan_0p1,990,cartoon/horse/pic_275.jpg,0,train
dan_0p1,991,cartoon/house/pic_147.jpg,0,train
dan_0p1,992,cartoon/horse/pic_267.jpg,0,train
dan_0p1,993,cartoon/horse/pic_072.jpg,0,test
dan_0p1,994,cartoon/elephant/pic_435.jpg,0,test
dan_0p1,995,cartoon/person/pic_452.jpg,0,test
dan_0p1,996,cartoon/elephant/pic_192.jpg,0,train
dan_0p1,997,cartoon/giraffe/pic_253.jpg,0,test
dan_0p1,998,cartoon/elephant/pic_501.jpg,0,train
dan_0p1,999,cartoon/person/pic_438.jpg,0,train
dan_0p1,1000,cartoon/house/pic_212.jpg,0,train
dan_0p1,1001,cartoon/house/pic_347.jpg,0,test
dan_0p1,1002,e4e9d2a36515c552,1,train
dan_0p1,1003,b3f931dbd858a133,1,test
dan_0p1,1004,570b6b92a35155c5,1,train
dan_0p1,1005,d54ef9b7ff66b2fa,1,train
dan_0p1,1006,6611ff9d0b6d8208,1,test
dan_0p1,1007,fb33b8261756862c,1,train
dan_0p1,1008,90229b1c01abe739,1,train
dan_0p1,1009,e2ec07ec68799b21,1,train
dan_0p1,1010,ffeb5561f31be75f,1,train
dan_0p1,1011,afd7b4afebdc887f,1,test
dan_0p1,1012,4b48ef3ea4b722c8,1,train
dan_0p1,1013,a53de5559b222be2,1,test
dan_0p1,1014,5abd7b9988cd6e93,1,train
dan_0p1,1015,350e0e32b16b8197,1,test
dan_0p1,1016,fce4c95ba23799e3,1,train
dan_0p1,1017,2d129ca5b4cc09e7,1,train
dan_0p1,1018,ad0435ad522d2447,1,train
dan_0p1,1019,1e49a893a0cf958a,1,train
dan_0p1,1020,1a211e47aafde640,1,train
dan_0p1,1021,1063f27e61d29245,1,train
dan_0p1,1022,77ebf45f4fc624b3,1,train
dan_0p1,1023,96726f6e353e2d5b,1,train
dan_0p1,1024,21134675780c1a39,1,train
dan_0p1,1025,57ed682a93f3be0e,1,train
dan_0p1,1026,c12d3ea552a1457e,1,test
dan_0p1,1027,1787acbffcd5b305,1,train
dan_0p1,1028,077ef807a42334f9,1,test
dan_0p1,1029,53ec7ee459bf9bab,1,train
dan_0p1,1030,1129b060c0a17abf,1,train
dan_0p1,1031,7d96047bb39f3569,1,train
dan_0p1,1032,9e45174917022478,1,train
dan_0p1,1033,4c0e32671b12c279,1,test
dan_0p1,1034,1550966fb150326a,1,test
dan_0p1,1035,f0ce2d2c719dc8d6,1,train
dan_0p1,1036,6c0c03a07ca9ffdb,1,test
dan_0p1,1037,680f5bd30c6c766a,1,train
dan_0p1,1038,d5417460de96fbf3,1,test
dan_0p1,1039,509f41f187295007,1,test
dan_0p1,1040,b2adbccb551f31a3,1,train
dan_0p1,1041,5615e723a7f34a1a,1,train
dan_0p1,1042,b2c52958cef832d9,1,train
dan_0p1,1043,9577c5ee201768f7,1,train
dan_0p1,1044,de8ffec89758610d,1,train
dan_0p1,1045,6397f6a3171f39df,1,train
dan_0p1,1046,eb289024c62d8e2b,1,train
dan_0p1,1047,093ba0c1ba62a163,1,train
dan_0p1,1048,f5e91b4f0c781bbc,1,train
dan_0p1,1049,f8092b0ce0783522,1,train
dan_0p1,1050,e998bdf944184def,1,test
dan_0p1,1051,fb82da5181f2f27f,1,test
dan_0p1,1052,6f1465e6ffa908dd,1,train
dan_0p1,1053,b864e647c9e92b59,1,train
dan_0p1,1054,b23afb6a35bb8893,1,train
dan_0p1,1055,510faa4534bd9c64,1,train
dan_0p1,1056,b92143d835420cdc,1,train
dan_0p1,1057,9818b47773d2e384,1,train
dan_0p1,1058,358b0db2719779b0,1,test
dan_0p1,1059,1002199f8c924223,1,train
dan_0p1,1060,3486e08cba46e171,1,test
dan_0p1,1061,8e11ec7497ec278a,1,train
dan_0p1,1062,e725824a8495da94,1,test
dan_0p1,1063,1db44a56bc228c4d,1,test
dan_0p1,1064,6a92c8d7b79a39fc,1,train
dan_0p1,1065,be8d60158851e0ac,1,test
dan_0p1,1066,d4c646f208f359cb,1,test
dan_0p1,1067,466d9526cccf465d,1,train
dan_0p1,1068,3055b94b445f5c8a,1,train
dan_0p1,1069,5ec0a6312e1ff6b2,1,train
dan_0p1,1070,4a7a9b300c7e56c7,1,train
dan_0p1,1071,2fcf7d13d5436e4b,1,test
dan_0p1,1072,a812bf98ee54bdc8,1,test
dan_0p1,1073,e92df8b3c1277c24,1,test
dan_0p1,1074,644ef9804eb62d40,1,test
dan_0p1,1075,229b570e9670c419,1,train
dan_0p1,1076,a57b036e4ee44a6a,1,train
dan_0p1,1077,44a091d7b38dda6f,1,train
dan_0p1,1078,ba1688b99b03b08d,1,train
dan_0p1,1079,ad45e4a990424e0f,1,test
dan_0p1,1080,6cc833e2129060ee,1,test
dan_0p1,1081,93673fa39241331c,1,train
dan_0p1,1082,a036e50287661e59,1,train
dan_0p1,1083,0734c31657c03db9,1,test
dan_0p1,1084,3ba43ceb290e6805,1,test
dan_0p1,1085,8c6120a0b9277ded,1,train
dan_0p1,1086,ff9444ee261a5e81,1,train
dan_0p1,1087,c514236eb002e1df,1,train
dan_0p1,1088,6f3609bb25704656,1,test
dan_0p1,1089,401b28a46d6d40ee,1,test
dan_0p1,1090,15d3836cde2fc013,1,train
dan_0p1,1091,c537e17874a65e53,1,test
dan_0p1,1092,534664412ed7fbb3,1,train
dan_0p1,1093,1c0201474e4d550b,1,test
dan_0p1,1094,18c7f0b73adbf3f8,1,train
dan_0p1,1095,ad00effd7585e083,1,test
dan_0p1,1096,1f76c442aa913ba4,1,train
dan_0p1,1097,3bfd056310988cec,1,train
dan_0p1,1098,a48ca893b3802336,1,test
dan_0p1,1099,e143fc0b586bdc63,1,train
dan_0p1,1100,2c09630dbb6616d1,1,test
dan_0p1,1101,060d2b58c4fd2335,1,train
dan_0p1,1102,6d13863f72ac6cf7,1,train
dan_0p1,1103,cc7f1b9913baa0ff,1,train
dan_0p1,1104,65fd14fa121ce913,1,test
dan_0p1,1105,b5c95d5f21ab09a4,1,train
dan_0p1,1106,453a47e7bc936b2a,1,test
dan_0p1,1107,d2e774029cdc9cd0,1,train
dan_0p1,1108,c3eb8b9cc2b3d9e6,1,train
dan_0p1,1109,09c8c0055ca5672b,1,train
dan_0p1,1110,a4d87bd38ed365f2,1,train
dan_0p1,1111,8d1c9ecaaa27a654,1,test
dan_0p1,1112,59f60417147c74bd,1,train
dan_0p1,1113,261e7d5f8ca044ab,1,train
dan_0p1,1114,577d1112331c6731,1,test
dan_0p1,1115,ff764789ca49d185,1,train
dan_0p1,1116,ab19be96aae26089,1,train
dan_0p1,1117,ec92e531385ae53f,1,test
dan_0p1,1118,1bc7248ddcb91b6e,1,train
dan_0p1,1119,8de6b5cad315ab7f,1,test
dan_0p1,1120,008eae509eaab5d4,1,test
dan_0p1,1121,5aaeebbf97ae4a59,1,train
dan_0p1,1122,d46ababd5edaa6a5,1,train
dan_0p1,1123,0b6019ffac1af948,1,train
dan_0p1,1124,a518275c337de189,1,test
dan_0p1,1125,3b4c45356d3981d6,1,train
dan_0p1,1126,a19f6ec4d90bab1b,1,train
dan_0p1,1127,3accffd8d2ec2abb,1,train
dan_0p1,1128,0b7e0d071b5fd9d7,1,train
dan_0p1,1129,02707c390bef896f,1,train
dan_0p1,1130,0a6bd19e2ab2be86,1,train
dan_0p1,1131,e25fc1de0f642b1f,1,test
dan_0p1,1132,aca4f73e2f585065,1,test
dan_0p1,1133,1c5c4269ee37b76b,1,test
dan_0p1,1134,28775dbba0114d04,1,train
dan_0p1,1135,fdd7076b7ffc0471,1,test
dan_0p1,1136,ba9714267d79839c,1,train
dan_0p1,1137,e25e9862fa5a673c,1,train
dan_0p1,1138,6521061abec002c8,1,train
dan_0p1,1139,b132882f1ff6b6e9,1,train
dan_0p1,1140,3040cabbd7473e61,1,train
dan_0p1,1141,e29b2c0ad006f628,1,train
dan_0p1,1142,407908bab38a5f66,1,test
dan_0p1,1143,ce4dbc39b2f9456a,1,test
dan_0p1,1144,2c3171866e5e191a,1,test
dan_0p1,1145,ff36c17b15b279f0,1,train
dan_0p1,1146,16b6f3babe0d321d,1,train
dan_0p1,1147,1e3ef06807363152,1,test
dan_0p1,1148,d500b8f3cd355808,1,train
dan_0p1,1149,71d1b68973f028f5,1,train
dan_0p1,1150,2097317806244e39,1,train
dan_0p1,1151,04ec9588abc737ca,1,train
dan_0p1,1152,9de3657164b83ae9,1,train
dan_0p1,1153,24dccefdd32f984f,1,train
dan_0p1,1154,40bc403008bd6c2d,1,train
dan_0p1,1155,4fcd8879c5e1816e,1,train
dan_0p1,1156,32d05908ffdd73b7,1,train
dan_0p1,1157,703ae49e94defa34,1,train
dan_0p1,1158,576560781a7c3441,1,train
dan_0p1,1159,80c0f76bfc97319c,1,train
dan_0p1,1160,a1b79cfae8dea97c,1,train
dan_0p1,1161,00d78431ea9880fd,1,train
dan_0p1,1162,5c17b7cdd03059c7,1,train
dan_0p1,1163,e3edd1d36cbfde57,1,train
dan_0p1,1164,aeb02066710e4e3d,1,train
dan_0p1,1165,0270fed3e63f3647,1,train
dan_0p1,1166,c197f9655cd71310,1,train
dan_0p1,1167,26f5961559292188,1,train
dan_0p1,1168,6413ff7d7d471d76,1,test
dan_0p1,1169,cea8e87b34b310c8,1,train
dan_0p1,1170,3e6c146fbe16a79f,1,train
dan_0p1,1171,46cb98038d5614d4,1,train
dan_0p1,1172,c275d6775ff5e1c6,1,train
dan_0p1,1173,ab3bd7d8ea2893cc,1,train
dan_0p1,1174,f1b3a6a3add0b6fc,1,train
dan_0p1,1175,5b27d138e731acf7,1,train
dan_0p1,1176,a2bb54ed950b04d9,1,train
dan_0p1,1177,18e95bbd8955f263,1,train
dan_0p1,1178,219999dc57609ba7,1,train
dan_0p1,1179,beaa293ce691dcf7,1,test
dan_0p1,1180,eef9ebe4f5f4f9d6,1,test
dan_0p1,1181,e576698eacc21509,1,train
dan_0p1,1182,2bf36c7be5ffbd2f,1,test
dan_0p1,1183,5bef47ad0d1e7460,1,train
dan_0p1,1184,c66f8534dca0642d,1,train
dan_0p1,1185,8784f8be0691cf06,1,test
dan_0p1,1186,e09ff9f08294b97c,1,train
dan_0p1,1187,1089d408dcb54e23,1,train
dan_0p1,1188,67fd43eac372bd08,1,train
dan_0p1,1189,d3cf87c95862f22a,1,train
dan_0p1,1190,86352d95dc30169f,1,test
dan_0p1,1191,7ef4e769fd786e6f,1,test
dan_0p1,1192,7999ba23a000f84a,1,test
dan_0p1,1193,46fae1dc1c71678e,1,test
dan_0p1,1194,95a533aa69dc9216,1,train
dan_0p1,1195,6f819a0109bc5651,1,train
dan_0p1,1196,155d52dc5cc72db1,1,train
dan_0p1,1197,dab5646e04fc22e5,1,train
dan_0p1,1198,e054dc291f8b6c17,1,train
dan_0p1,1199,71fbab1a579a1045,1,train
dan_0p1,1200,bbf09fd52346c29a,1,train
dan_0p1,1201,44c01f8547735f19,1,train
dan_0p1,1202,d065fbe096f639c5,1,test
dan_0p1,1203,288864cfd396c96b,1,train
dan_0p1,1204,255e9dd9be642803,1,train
dan_0p1,1205,b210e54c2bd2937a,1,test
dan_0p1,1206,45fc1084860cb7fa,1,train
dan_0p1,1207,f262b6832c34e7fa,1,test
dan_0p1,1208,ea57fad91ba5f5c7,1,test
dan_0p1,1209,30231ebad0c2c867,1,train
dan_0p1,1210,250a58267e686c87,1,train
dan_0p1,1211,8458ecfc8fe2094b,1,train
dan_0p1,1212,a68a96d3e6f014a7,1,test
dan_0p1,1213,a0191c6b4f61f32d,1,test
dan_0p1,1214,2afc4dba8c042eba,1,train
dan_0p1,1215,c4c6479e5c042081,1,train
dan_0p1,1216,722a513debd9b1b0,1,train
dan_0p1,1217,d4dc981b0f3196dc,1,test
dan_0p1,1218,9845fa3984d72947,1,train
dan_0p1,1219,5ef8819db4b38778,1,train
dan_0p1,1220,187cf1290650d683,1,test
dan_0p1,1221,743ed873dda7f35c,1,train
dan_0p1,1222,c0bb9d6cfa04c89b,1,train
dan_0p1,1223,5ea28ad9ee5b3ef7,1,test
dan_0p1,1224,005e9f1c0b0a3e28,1,train
dan_0p1,1225,18ceba55ccfc3e8c,1,train
dan_0p1,1226,298bf0cd9174635f,1,train
dan_0p1,1227,e1131eaf1d30d5ef,1,test
dan_0p1,1228,84e2f51ea465d5fc,1,test
dan_0p1,1229,80194daf02615af1,1,train
dan_0p1,1230,2ae1bce20608ed6d,1,train
dan_0p1,1231,a287676228cffec1,1,train
dan_0p1,1232,a32a3f9dcb0df2bf,1,test
dan_0p1,1233,66b70c2e078e95ea,1,test
dan_0p1,1234,8d37b930cfee88c7,1,train
dan_0p1,1235,49f7c752e5ace3e2,1,train
dan_0p1,1236,e4a453be3f07799e,1,test
dan_0p1,1237,52b59ee73d92f3d2,1,train
dan_0p1,1238,5c79fedfb14b70eb,1,train
dan_0p1,1239,51a7faa32207e141,1,test
dan_0p1,1240,16176089460d6d4e,1,train
dan_0p1,1241,1815995d918b3929,1,test
dan_0p1,1242,84435b15256af875,1,train
dan_0p1,1243,9a9c34b2f367ecad,1,train
dan_0p1,1244,8cbc47362fcbe75e,1,train
dan_0p1,1245,b50be0908851c807,1,train
dan_0p1,1246,dfb2340056758a09,1,train
dan_0p1,1247,5d18f532fe2f9076,1,test
dan_0p1,1248,8c5481549b32ce94,1,train
dan_0p1,1249,f763fc3396fd9284,1,train
dan_0p1,1250,988ba740aa3cd99a,1,test
dan_0p1,1251,cfd34fbb925ce923,1,train
dan_0p1,1252,59a63baaeb85cd8d,1,train
dan_0p1,1253,a910846eded9bd5c,1,train
dan_0p1,1254,90e43ee48d0e238d,1,train
dan_0p1,1255,aab438a58e3059b4,1,train
dan_0p1,1256,e2b7334fed24f4cb,1,train
dan_0p1,1257,92edc655c71c242f,1,train
dan_0p1,1258,881426d67c542e9e,1,train
dan_0p1,1259,596dbe41111af750,1,train
dan_0p1,1260,a48ff7eea540d89a,1,train
dan_0p1,1261,d958f2b1dbce83ee,1,test
dan_0p1,1262,a8a65b843d788660,1,train
dan_0p1,1263,9ef0ef66ff3398e5,1,train
dan_0p1,1264,3fc797f80c9cc3ba,1,train
dan_0p1,1265,31bb9fa0d52604cc,1,test
dan_0p1,1266,3222d9c72cbfb1f2,1,train
dan_0p1,1267,d21b91d1f01a45fe,1,test
dan_0p1,1268,a1edbc0c73115a70,1,train
dan_0p1,1269,c02e8a71611736cd,1,train
dan_0p1,1270,5cb74ad06c425b5e,1,train
dan_0p1,1271,59731fd176485c3a,1,test
dan_0p1,1272,61c871318a9f19aa,1,test
dan_0p1,1273,be450d9af6fe07dd,1,test
dan_0p1,1274,2fdb05d065827633,1,test
dan_0p1,1275,8a3115cfdfdce1e7,1,train
dan_0p1,1276,b1eb143eabed9935,1,train
dan_0p1,1277,d16c1fd1fd53ca5d,1,train
dan_0p1,1278,a92075d5135c83ef,1,train
dan_0p1,1279,63a002a42074a5dc,1,test
dan_0p1,1280,3ace8d1b4a274cd0,1,test
dan_0p1,1281,192a8d8c1be7ade1,1,test
dan_0p1,1282,abd9a2599d0cefd9,1,train
dan_0p1,1283,27732933537b0ba0,1,train
dan_0p1,1284,58f80d6691b814ca,1,train
dan_0p1,1285,e52722292b7e83e0,1,test
dan_0p1,1286,78564e53a03e395a,1,train
dan_0p1,1287,923cb121c162d326,1,train
dan_0p1,1288,d5b3005271ab4d7c,1,train
dan_0p1,1289,8fd4482ee20e5eba,1,test
dan_0p1,1290,24407e7175cc8fcd,1,test
dan_0p1,1291,d16f6383295f6ca1,1,train
dan_0p1,1292,26006b982c21290e,1,train
dan_0p1,1293,2c66a2aba2a3e7fd,1,train
dan_0p1,1294,d996869e993be98b,1,train
dan_0p1,1295,c874c68e5a917a92,1,train
dan_0p1,1296,9f4d5d89c7c67e8a,1,train
dan_0p1,1297,737e56e473452424,1,train
dan_0p1,1298,a5211c8a645e98e9,1,train
dan_0p1,1299,84af32b41d61d7ec,1,train
dan_0p1,1300,ad12bd362cb8f37b,1,test
dan_0p1,1301,9ba56152d87be9a3,1,train
dan_0p1,1302,0b4971e804004628,1,train
dan_0p1,1303,ccc534563b5f4903,1,train
dan_0p1,1304,d483037819f54e7f,1,test
dan_0p1,1305,44630cf9dd54d33a,1,train
dan_0p1,1306,9ea8eb38cecad735,1,test
dan_0p1,1307,c7fc5af7d07234a1,1,test
dan_0p1,1308,77c2d4507cd8943e,1,train
dan_0p1,1309,7b13ecc023f5159d,1,train
dan_0p1,1310,854c590c943c13d9,1,test
dan_0p1,1311,84dee2a4aba65c2a,1,train
dan_0p1,1312,7c6f203ab48a4c99,1,train
dan_0p1,1313,143df580b1714511,1,test
dan_0p1,1314,a2a026d595426cec,1,train
dan_0p1,1315,f556a46b33d45ff9,1,train
dan_0p1,1316,a31fa6c3efef241d,1,test
dan_0p1,1317,cd8392b6645cb1b0,1,train
dan_0p1,1318,40790331d86ae714,1,test
dan_0p1,1319,080fb216ef237bad,1,train
dan_0p1,1320,8f2787126a213433,1,train
dan_0p1,1321,21a702ca03d9b4bd,1,test
dan_0p1,1322,a116d1fb143f641c,1,test
dan_0p1,1323,9abff980dd1d2627,1,train
dan_0p1,1324,2c4a1131faffe063,1,train
dan_0p1,1325,4cd9b862d53041af,1,test
dan_0p1,1326,8b2137c45b19d751,1,train
dan_0p1,1327,8424acbc947b8598,1,train
dan_0p1,1328,6b7e300b0f0bb76e,1,train
dan_0p1,1329,b1caeac71a46c1c7,1,train
dan_0p1,1330,292193d39bf10940,1,train
dan_0p1,1331,727228a2d6a9f33d,1,train
dan_0p1,1332,3fb0abd776231824,1,train
dan_0p1,1333,975b091c740a0207,1,train
dan_0p1,1334,c99ef337029c86dd,1,test
dan_0p1,1335,226e4c43a9dd8963,1,train
dan_0p1,1336,165e6995ffcbdc40,1,test
dan_0p1,1337,4c92bbf4c140130d,1,test
dan_0p1,1338,ad0cc69a51133fed,1,train
dan_0p1,1339,c1a00b01ac0e1156,1,train
dan_0p1,1340,875cd117f9689fab,1,test
dan_0p1,1341,df0cacd953a28e09,1,train
dan_0p1,1342,0057f0350d968016,1,train
dan_0p1,1343,68c6d20dea190d23,1,test
dan_0p1,1344,01cbad70ab2446af,1,train
dan_0p1,1345,4f465164764c85cc,1,train
dan_0p1,1346,0d30bafbe6f4ee3b,1,test
dan_0p1,1347,4634005be7431913,1,test
dan_0p1,1348,b1d3dd2b13f70429,1,train
dan_0p1,1349,67d787a9777d09cc,1,train
dan_0p1,1350,61ae51cdc57fadef,1,train
dan_0p1,1351,80d4dcff6f3985d2,1,test
dan_0p1,1352,c3ff217302f0ba54,1,train
dan_0p1,1353,1793ec749a2218d0,1,test
dan_0p1,1354,3bd3236f5b2e3674,1,train
dan_0p1,1355,76e5bcc8a9c0ca8a,1,train
dan_0p1,1356,56190c6e9538e1e9,1,train
dan_0p1,1357,eefe6562a6c7df2c,1,train
dan_0p1,1358,79ce89d47bdffb21,1,test
dan_0p1,1359,55226abf47cb164c,1,test
dan_0p1,1360,4476472fead4ca0f,1,train
dan_0p1,1361,1c3561dabd5de9b2,1,train
dan_0p1,1362,5059020cdd94d839,1,test
dan_0p1,1363,56008cb88a5ceb32,1,train
dan_0p1,1364,bafe698701f824b2,1,train
dan_0p1,1365,385ae8b97e5f9db3,1,train
dan_0p1,1366,28f37e7dfbb0f1f0,1,train
dan_0p1,1367,55520149a32c6890,1,test
dan_0p1,1368,373802d603643f26,1,train
dan_0p1,1369,c9ac0b17099db188,1,train
dan_0p1,1370,ae38bbf9b4a8d1a6,1,train
dan_0p1,1371,344636892c19ed3b,1,test
dan_0p1,1372,3a76ff5bdaca14f8,1,train
dan_0p1,1373,1e300b77ce004bd8,1,test
dan_0p1,1374,3ece688becb80c31,1,test
dan_0p1,1375,a065a19b5cd5987f,1,train
dan_0p1,1376,81734c2a5724d8c1,1,train
dan_0p1,1377,dc31e02b1ac40847,1,train
dan_0p1,1378,9680700059aed0ef,1,test
dan_0p1,1379,7b31bf0b810e60e2,1,train
dan_0p1,1380,9be731e53b8f8547,1,train
dan_0p1,1381,6ab728a6d2d36e06,1,train
dan_0p1,1382,0d7486fec5e7f30b,1,test
dan_0p1,1383,a67c07a31e9169b6,1,train
dan_0p1,1384,5acb1fab844c3ef7,1,test
dan_0p1,1385,d44d331cb674e848,1,train
dan_0p1,1386,0e6c8b66616a1766,1,train
dan_0p1,1387,f5f02f7440ff3f41,1,train
dan_0p1,1388,56ff18573313dba8,1,test
dan_0p1,1389,f04dcfa3936cd0e0,1,test
dan_0p1,1390,6a4fd245f713a99c,1,train
dan_0p1,1391,d09d04276f39f83d,1,train
dan_0p1,1392,84c9508770b96330,1,train
dan_0p1,1393,cf8150d68b0f7f16,1,test
dan_0p1,1394,575b094070bdbc1e,1,train
dan_0p1,1395,3e12c3f626200b09,1,test
dan_0p1,1396,831c0ccc04d78c38,1,train
dan_0p1,1397,9dd4a465a9c10728,1,train
dan_0p1,1398,0dcd3f8f545cb8da,1,test
dan_0p1,1399,9014015a75be2119,1,train
dan_0p1,1400,29617403325996d4,1,train
dan_0p1,1401,dd5385b7d5797606,1,train
dan_0p1,1402,55928eac84a6ed46,1,train
dan_0p1,1403,b677ac4275eb4568,1,train
dan_0p1,1404,0f4923469f3e0c08,1,train
dan_0p1,1405,0a35ebdd22cf2b83,1,train
dan_0p1,1406,9bb2d1365c946159,1,test
dan_0p1,1407,fa5a5afa330f8128,1,train
dan_0p1,1408,27c28837bbc4e648,1,train
dan_0p1,1409,3645b8cab917ffc6,1,train
dan_0p1,1410,dac7bbf98cd8bb6a,1,train
dan_0p1,1411,2aa05540d467635d,1,train
dan_0p1,1412,f6b3813bda883567,1,test
dan_0p1,1413,649774e0d027a4ea,1,test
dan_0p1,1414,2c7ca39481664553,1,train
dan_0p1,1415,647b45826810d1ca,1,train
dan_0p1,1416,17ffd09dd9ce24bc,1,test
dan_0p1,1417,f9ee55ed8713634f,1,train
dan_0p1,1418,288fa6d1dae1ff46,1,train
dan_0p1,1419,0710d9539e7b652e,1,train
dan_0p1,1420,cd164f3485770849,1,test
dan_0p1,1421,4220008971d37fed,1,train
dan_0p1,1422,084b6c0183f0b865,1,train
dan_0p1,1423,b12e08d896fcc6b8,1,train
dan_0p1,1424,bb7badf6b26ce60c,1,test
dan_0p1,1425,7bd66c0ee9c2db29,1,test
dan_0p1,1426,c4a959801454d6c8,1,test
dan_0p1,1427,b8c716c7224e47f4,1,test
dan_0p1,1428,e35939d47028c092,1,train
dan_0p1,1429,8ab876611fad6477,1,test
dan_0p1,1430,b2df5f04a092232f,1,train
dan_0p1,1431,db541d4c0cc3e04d,1,train
dan_0p1,1432,693e6beae31839eb,1,train
dan_0p1,1433,203c9d768479db67,1,train
dan_0p1,1434,fa9397a23fdf7619,1,test
dan_0p1,1435,80c72d77b9d9cd2b,1,train
dan_0p1,1436,b4a881ab8030502b,1,test
dan_0p1,1437,9c239aeb7c07d517,1,train
dan_0p1,1438,266861676a1dbaa7,1,train
dan_0p1,1439,5f2c4e17ca8b2ddc,1,train
dan_0p1,1440,b6b582c38c956f3d,1,train
dan_0p1,1441,10f37c4d1f594d6b,1,train
dan_0p1,1442,5c5260ac0012cfa8,1,train
dan_0p1,1443,3d21d5542507cb59,1,train
dan_0p1,1444,44fc7cf07bc1c0d4,1,train
dan_0p1,1445,c33f424965290884,1,test
dan_0p1,1446,1c2acafb53dae2c8,1,train
dan_0p1,1447,4f64190ea493175b,1,test
dan_0p1,1448,551c796348990412,1,test
dan_0p1,1449,e1fe3510584ec49e,1,train
dan_0p1,1450,4491cfe67e2f6d90,1,test
dan_0p1,1451,9ecd003ce9ff9814,1,train
dan_0p1,1452,9e635a189d339086,1,train
dan_0p1,1453,8eb52d474f56e406,1,train
dan_0p1,1454,ca5e0c2804707629,1,train
dan_0p1,1455,cfc02e157eb7211c,1,train
dan_0p1,1456,733e1c3527ead68e,1,train
dan_0p1,1457,e761b4ee44a121e3,1,test
dan_0p1,1458,2ec4301d84438b24,1,train
dan_0p1,1459,a46afbc70908de8f,1,train
dan_0p1,1460,6f1cc1f5ba831a06,1,train
dan_0p1,1461,0c1ef04be9746757,1,train
dan_0p1,1462,ee0635d5dae7243a,1,train
dan_0p1,1463,742b017ed97c0548,1,train
dan_0p1,1464,f0c9b3a805f90613,1,test
dan_0p1,1465,8d2871a045f8b1e2,1,test
dan_0p1,1466,82bfb2136502b61a,1,train
dan_0p1,1467,d8d02cfd0642472f,1,train
dan_0p1,1468,5ff964f596558b14,1,train
dan_0p1,1469,3f9454e9a9c812a4,1,test
dan_0p1,1470,2fd8b8b1f05c26e6,1,test
dan_0p1,1471,c81878a2cea5d3b0,1,train
dan_0p1,1472,2cdfe4104a36fa9c,1,test
dan_0p1,1473,e5a0167d2034e09d,1,train
dan_0p1,1474,9a90aed6dcbabb0f,1,train
dan_0p1,1475,4d4252ad4e19034b,1,test
dan_0p1,1476,7087f8d336c46b65,1,test
dan_0p1,1477,ad3787256512aea3,1,train
dan_0p1,1478,92a1b4e9db2397a4,1,test
dan_0p1,1479,7986f13a0c41faf9,1,test
dan_0p1,1480,fbba421b5cd815f4,1,train
dan_0p1,1481,1e86647ec855e479,1,train
dan_0p1,1482,c6da475ccf646bfd,1,test
dan_0p1,1483,a5375a92bf6cd217,1,train
dan_0p1,1484,a790c7380f0b6098,1,train
dan_0p1,1485,0cdde5dfca5b266d,1,test
dan_0p1,1486,f79b2015dfa7fc05,1,test
dan_0p1,1487,2f0323f5db9e1cdf,1,train
dan_0p1,1488,b8c58deab5ddbf1a,1,train
dan_0p1,1489,f2d51bac3e4dc3eb,1,test
dan_0p1,1490,bee5f31a2df5ee05,1,test
dan_0p1,1491,3741f8185ad958ba,1,test
dan_0p1,1492,dbb3244ad5102498,1,test
dan_0p1,1493,aa3a6a477d918529,1,train
dan_0p1,1494,2f8fa4e1ca21109e,1,train
dan_0p1,1495,a69f362759faccb2,1,train
dan_0p1,1496,068a61beaf911b35,1,test
dan_0p1,1497,d26f5d61dcf6995c,1,test
dan_0p1,1498,30b08ed51fec76d6,1,train
dan_0p1,1499,290497dc14487144,1,train
dan_0p1,1500,43614815a3ccffba,1,train
dan_0p1,1501,9b44e2135074f1b4,1,train
dan_0p1,1502,5910d347edc5fde1,1,train
dan_0p1,1503,764cb00ce4198144,1,train
dan_0p1,1504,e12595957df47a1d,1,test
dan_0p1,1505,14c0d10102b63a65,1,test
dan_0p1,1506,9516a96d9ae7c7ca,1,train
dan_0p1,1507,dd7d5605685ba646,1,test
dan_0p1,1508,82a71c779b6156f9,1,train
dan_0p1,1509,88677d8e893af6f7,1,train
dan_0p1,1510,226cbd758eaf0776,1,train
dan_0p1,1511,e1cae857d69b3ac9,1,train
dan_0p1,1512,8153ad128f393176,1,train
dan_0p1,1513,0cffe410ee343291,1,test
dan_0p1,1514,6cba477972b4b174,1,test
dan_0p1,1515,52ffda57a98b4f3b,1,train
dan_0p1,1516,cfd71c6f087d4293,1,train
dan_0p1,1517,f1add985ffa01f81,1,train
dan_0p1,1518,7b984080e29166d5,1,test
dan_0p1,1519,f666cdb9a51230ab,1,train
dan_0p1,1520,a5a5fd23ff0cce19,1,train
dan_0p1,1521,ab3f2fe915bcac54,1,train
dan_0p1,1522,c5718e5d578c0ba4,1,train
dan_0p1,1523,438e68bbc6a85301,1,train
dan_0p1,1524,c21929e7b5fa7fb8,1,test
dan_0p1,1525,e8e03dd0cf1cb42e,1,test
dan_0p1,1526,4f9cf7fc06d34353,1,test
dan_0p1,1527,93c2c1de0521505c,1,test
dan_0p1,1528,7de11ceffb4712f6,1,train
dan_0p1,1529,e5d67b6c04aacc7d,1,test
dan_0p1,1530,93a1fa67de597240,1,train
dan_0p1,1531,d389b8cbdc92c5fb,1,train
dan_0p1,1532,163e3f41eec4f958,1,train
dan_0p1,1533,d1fa840222dad16b,1,train
dan_0p1,1534,f956916b6f2b4f2f,1,train
dan_0p1,1535,862712af2b3c44a5,1,train
dan_0p1,1536,b84b332518085082,1,train
dan_0p1,1537,d7e9440ad020ad73,1,train
dan_0p1,1538,9c049afb6ebe8967,1,train
dan_0p1,1539,9b821ce14bc80872,1,test
dan_0p1,1540,f7e76e65f17c6119,1,test
dan_0p1,1541,c872e4772263f28c,1,train
dan_0p1,1542,f1b93f0f7db41f9c,1,test
dan_0p1,1543,a9c78e536aabdee6,1,train
dan_0p1,1544,6d202da316f9be62,1,train
dan_0p1,1545,f4844262add6e40e,1,train
dan_0p1,1546,7c2c63fbad2bcd74,1,train
dan_0p1,1547,b307a2d406b93215,1,train
dan_0p1,1548,1def6a1eb4c4ab1a,1,test
dan_0p1,1549,9bd06d3273c93860,1,train
dan_0p1,1550,30e104a8c5859903,1,train
dan_0p1,1551,c02b317ad408ca37,1,train
dan_0p1,1552,a30cb5af94bd81b4,1,train
dan_0p1,1553,c742145351ae722c,1,train
dan_0p1,1554,9312c2c09c09ce8b,1,test
dan_0p1,1555,de30f8518171dd4d,1,train
dan_0p1,1556,472d402d69bad096,1,train
dan_0p1,1557,64fe6a08fc4df94d,1,train
dan_0p1,1558,d48cf96fbceb47ea,1,test
dan_0p1,1559,164561d3de7fbdfb,1,train
dan_0p1,1560,e9c7016bb8e272eb,1,test
dan_0p1,1561,b5aa3d9e70e17ad2,1,test
dan_0p1,1562,f965eb5d07163a42,1,test
dan_0p1,1563,a87ff7b61944d5cf,1,test
dan_0p1,1564,b513d9851ed21dff,1,train
dan_0p1,1565,a6f4832e13f45e9d,1,train
dan_0p1,1566,3f9ed6a3e3cefc3e,1,test
dan_0p1,1567,486b53b62907e057,1,train
dan_0p1,1568,03f1fd18a2fa24b2,1,train
dan_0p1,1569,28a9d5c11cfabba2,1,train
dan_0p1,1570,7cad948e74ce2348,1,train
dan_0p1,1571,7f7fc0e103f71550,1,train
dan_0p1,1572,e866447cc18e9e61,1,test
dan_0p1,1573,8d11020a9bd40149,1,train
dan_0p1,1574,9bba2c9b698d89f6,1,test
dan_0p1,1575,508f61cc18e298df,1,train
dan_0p1,1576,ba824d50ecd58d6c,1,train
dan_0p1,1577,2d7c916a83605702,1,train
dan_0p1,1578,63cdfb94dd4005ca,1,train
dan_0p1,1579,b81c3c558ff68584,1,train
dan_0p1,1580,1b4f2b6775e18f5b,1,train
dan_0p1,1581,9e380132cd524bf8,1,train
dan_0p1,1582,90714152f622cd2d,1,train
dan_0p1,1583,a498093d7f6a431a,1,test
dan_0p1,1584,1801af42418cd202,1,train
dan_0p1,1585,b9395162c279b8fa,1,train
dan_0p1,1586,0ed4fd7f8a027bcc,1,train
dan_0p1,1587,65b3a1bc52469463,1,train
dan_0p1,1588,2c88648b8ef86805,1,test
dan_0p1,1589,cdfce9ded8b3e8f1,1,test
dan_0p1,1590,81bfd8b74066b7ff,1,train
dan_0p1,1591,5cad2107ee31af20,1,test
dan_0p1,1592,4d78f41861ed66bf,1,train
dan_0p1,1593,19d6f25b5b7f71dd,1,train
dan_0p1,1594,662984c79fa3c088,1,train
dan_0p1,1595,50c18e3c838c4105,1,train
dan_0p1,1596,508d5a35b2317a5e,1,train
dan_0p1,1597,82dba691bff2b35f,1,train
dan_0p1,1598,a421b70b4680f0dc,1,train
dan_0p1,1599,d2b8740740025039,1,test
dan_0p1,1600,822c228288082d7d,1,train
dan_0p1,1601,ddf9bd0c40718dcb,1,test
dan_0p1,1602,f6e8f27e22b2d32b,1,train
dan_0p1,1603,220ee75e3372f9e6,1,train
dan_0p1,1604,9060270d389cd295,1,train
dan_0p1,1605,8b5b74d1c3103982,1,test
dan_0p1,1606,408037fdcaa63e1b,1,train
dan_0p1,1607,bb9f145ba7a0bc48,1,train
dan_0p1,1608,dd61cb7930b332a7,1,test
dan_0p1,1609,3b0b17495121d6ad,1,test
dan_0p1,1610,30ffb45225688e47,1,train
dan_0p1,1611,1a69e88dcb7a6ac6,1,train
dan_0p1,1612,62f956d110a43588,1,test
dan_0p1,1613,454b92f556b58c5f,1,train
dan_0p1,1614,1f7c22cbf95b558c,1,train
dan_0p1,1615,9aaded097da23306,1,train
dan_0p1,1616,8315e9dda3c3882b,1,train
dan_0p1,1617,41a0e5876bdfebf2,1,train
dan_0p1,1618,982f1c092bf7ae73,1,train
dan_0p1,1619,be8da965cac298b4,1,test
dan_0p1,1620,0b27852d275ba5ca,1,test
dan_0p1,1621,25e2c96fe427440a,1,test
dan_0p1,1622,8e411838e7c6914e,1,test
dan_0p1,1623,d1ab7a2b4b7f6d89,1,train
dan_0p1,1624,4c90bfc7301da826,1,train
dan_0p1,1625,cd6564cd4396436a,1,train
dan_0p1,1626,42cafabc59f9157c,1,train
dan_0p1,1627,3a5b3f37f8a8a0ec,1,train
dan_0p1,1628,767e2f527b060cb7,1,train
dan_0p1,1629,76f9d103833c8dc2,1,train
dan_0p1,1630,33cdf2f0a401bfe7,1,test
dan_0p1,1631,c982616be2602dd1,1,train
dan_0p1,1632,b15cd2d480315020,1,test
dan_0p1,1633,1848c4f4a2672657,1,train
dan_0p1,1634,df662afa8926b527,1,train
dan_0p1,1635,5af0e8c8eb0e3bac,1,test
dan_0p1,1636,e8a454e21cb6fa46,1,train
dan_0p1,1637,e294f69905637747,1,test
dan_0p1,1638,cd478e7bb4ad49cc,1,test
dan_0p1,1639,7716154a0108eb55,1,test
dan_0p1,1640,57b904a1984b17e9,1,test
dan_0p1,1641,985fd35dd04bb01a,1,test
dan_0p1,1642,90a07173ebad2c19,1,train
dan_0p1,1643,1eb3bc659926f1c1,1,train
dan_0p1,1644,d8c1369cc8595b53,1,train
dan_0p1,1645,0b2cf0dfec1af5db,1,train
dan_0p1,1646,98d482e65dc8cd5b,1,train
dan_0p1,1647,cb6c49966ff6649a,1,train
dan_0p1,1648,cfe5e07a5670125c,1,train
dan_0p1,1649,9f2372277016500d,1,test
dan_0p1,1650,93ac81d9a1231776,1,train
dan_0p1,1651,47db9406c181db2a,1,train
dan_0p1,1652,37f36dd113da782e,1,train
dan_0p1,1653,913fc966850b9d9b,1,train
dan_0p1,1654,8e57f87649124e03,1,train
dan_0p1,1655,d7a9c50f5edb76ef,1,train
dan_0p1,1656,af75a42dd29cba54,1,train
dan_0p1,1657,7554ffe163a98331,1,train
dan_0p1,1658,ffab5b12f27d6b6e,1,train
dan_0p1,1659,8d6386b31e1a125d,1,train
dan_0p1,1660,bc7ec9db1f515232,1,test
dan_0p1,1661,abe9942cdcc9dd45,1,train
dan_0p1,1662,07e8b770f6fe56d0,1,train
dan_0p1,1663,522f2431fa64cab3,1,train
dan_0p1,1664,14fb8798b06cccbb,1,train
dan_0p1,1665,217093e5e544e3ca,1,test
dan_0p1,1666,3176cc49cd770c95,1,train
dan_0p1,1667,cfc9ebfd42e49916,1,train
dan_0p1,1668,4c4436892f34cc49,1,train
dan_0p1,1669,68419a8e7b60b572,1,test
dan_0p1,1670,c1bcd646425ff346,1,train
dan_0p1,1671,6b81dada330ca6de,1,test
dan_0p1,1672,d067640d60539ba3,1,train
dan_0p1,1673,b4e38768a46cbbd3,1,test
dan_0p1,1674,8fac8d57e2e72564,1,test
dan_0p1,1675,7163a64ecb8555d2,1,train
dan_0p1,1676,af13affbc22986b5,1,train
dan_0p1,1677,c374ab6f161f2741,1,test
dan_0p1,1678,aaba2ebd1b76a690,1,test
dan_0p1,1679,9681f8efec9d8941,1,test
dan_0p1,1680,14576e83bbcdb01a,1,train
dan_0p1,1681,ffdc4b4a22db93fe,1,train
dan_0p1,1682,ba75626e3fb0a91a,1,train
dan_0p1,1683,b14a441e8e95f26d,1,train
dan_0p1,1684,ccad61b985c7da82,1,train
dan_0p1,1685,1255b6def9af6447,1,train
dan_0p1,1686,6cc28bf56127bbd3,1,train
dan_0p1,1687,17bc48ca49e0d39c,1,train
dan_0p1,1688,b4cbf4439a080abb,1,train
dan_0p1,1689,bb08bbee08520a23,1,train
dan_0p1,1690,2bde8189fee40da4,1,train
dan_0p1,1691,f098d5e9a13cd5a1,1,train
dan_0p1,1692,51bd5ce8bb98d7d9,1,train
dan_0p1,1693,cc21308e5ec29042,1,train
dan_0p1,1694,bc09e890a0b1f5a0,1,train
dan_0p1,1695,5a8501ae92104a5b,1,test
dan_0p1,1696,87c5689e704eeffc,1,train
dan_0p1,1697,e0c241f64f7cfa76,1,train
dan_0p1,1698,188c0cabc7194b6c,1,train
dan_0p1,1699,9b076c880779e903,1,train
dan_0p1,1700,41ab30a9177b79c7,1,test
dan_0p1,1701,8528ac82e51dede7,1,train
dan_0p1,1702,91e00ff6d42ac97a,1,train
dan_0p1,1703,070f852e07c14237,1,train
dan_0p1,1704,bcb6d09772108b0c,1,train
dan_0p1,1705,0efb2f8a4a70efbd,1,test
dan_0p1,1706,16c7269371d79c0a,1,train
dan_0p1,1707,5903bff2e3ab0192,1,train
dan_0p1,1708,34e34aba5f983a21,1,train
dan_0p1,1709,1dc6f78f1a27a720,1,train
dan_0p1,1710,e95de2645029426e,1,train
dan_0p1,1711,8f1f4026eee69fe3,1,train
dan_0p1,1712,6c3ff1911e66899f,1,test
dan_0p1,1713,c327cf79657eaee1,1,train
dan_0p1,1714,a4ee58b97d597918,1,train
dan_0p1,1715,7573b144b252b322,1,train
dan_0p1,1716,5733974e0ba2048e,1,test
dan_0p1,1717,4348e24c933f61f7,1,train
dan_0p1,1718,e2c5dc5746bf6173,1,train
dan_0p1,1719,3857161f9fd1ca5e,1,train
dan_0p1,1720,1bea4210db6f2a59,1,train
dan_0p1,1721,64c69888636fbe50,1,train
dan_0p1,1722,9a18c7d79c67019e,1,train
dan_0p1,1723,869cc896924a222b,1,train
dan_0p1,1724,4f0a44fbde06a650,1,train
dan_0p1,1725,908048df530d7544,1,test
dan_0p1,1726,27eb11b20b75cced,1,train
dan_0p1,1727,00efc7fb273250ea,1,train
dan_0p1,1728,dbe2be9ad2dab538,1,train
dan_0p1,1729,044d6c338d43f64c,1,train
dan_0p1,1730,350bb827e1c25778,1,train
dan_0p1,1731,0aeec14b63b6d736,1,train
dan_0p1,1732,ba2c55a6f0a57474,1,test
dan_0p1,1733,21e96a3511f5bda8,1,test
dan_0p1,1734,e755d579cae918ee,1,train
dan_0p1,1735,4d7383f6c538ac89,1,train
dan_0p1,1736,638ac77720ecef14,1,train
dan_0p1,1737,6e391800bb6f08b8,1,test
dan_0p1,1738,38450f5f5ad8dfc9,1,train
dan_0p1,1739,e8d37971c2ee3bd8,1,train
dan_0p1,1740,a76d792c481c8882,1,train
dan_0p1,1741,48c45e724d5756d1,1,test
dan_0p1,1742,df90435ab7412855,1,train
dan_0p1,1743,d568139a8151f789,1,train
dan_0p1,1744,10e54e4590a5027d,1,train
dan_0p1,1745,7cf2e7d8f42c861d,1,train
dan_0p1,1746,05d217fdc4eae87b,1,test
dan_0p1,1747,a74e7343cfb1e89d,1,train
dan_0p1,1748,340129f9d013837d,1,train
dan_0p1,1749,8c89624c88b5aad7,1,test
dan_0p1,1750,865f3fc5c12ba5d4,1,train
dan_0p1,1751,e51424b1670c3838,1,train
dan_0p1,1752,c9fa5319c594f99f,1,test
dan_0p1,1753,09eb59cb05f3c5a2,1,train
dan_0p1,1754,eb5b4132effd67f0,1,test
dan_0p1,1755,2981df66c2a092fd,1,test
dan_0p1,1756,246b2e3afa2f64e0,1,train
dan_0p1,1757,c5844330ee2a54b3,1,train
dan_0p1,1758,7be25573a6147c5d,1,train
dan_0p1,1759,87f7bf79f8f53a97,1,train
dan_0p1,1760,fbe211d924cbecda,1,test
dan_0p1,1761,c99e01cad1787731,1,test
dan_0p1,1762,9c9598b3d9ce9597,1,train
dan_0p1,1763,fc374d5d4ae6c04e,1,train
dan_0p1,1764,04cda8095a4fce2e,1,train
dan_0p1,1765,c769c0acc08b4390,1,train
dan_0p1,1766,7f438e86e785985a,1,test
dan_0p1,1767,e152ce100dcfebda,1,train
dan_0p1,1768,551dde1e1f2e58ac,1,train
dan_0p1,1769,4b631e2b984f36d1,1,train
dan_0p1,1770,310882c4bb81b76c,1,test
dan_0p1,1771,b33399465311134e,1,train
dan_0p1,1772,6b1c2b8fd6e38b87,1,train
dan_0p1,1773,9db22bc77b4dbb9e,1,train
dan_0p1,1774,05fae43caa5e11fc,1,train
dan_0p1,1775,570e3be635ede83a,1,train
dan_0p1,1776,bc8d8f9d1ce62516,1,train
dan_0p1,1777,bf912bc96f19e381,1,train
dan_0p1,1778,4f2fe2d47229c9d1,1,train
dan_0p1,1779,5405627b4a8c5c9b,1,train
dan_0p1,1780,022db2a7c6992747,1,test
dan_0p1,1781,33fb245869adff80,1,train
dan_0p1,1782,6a132b9dfb57eaa1,1,test
dan_0p1,1783,33ec793a7b497368,1,train
dan_0p1,1784,9dcc6218d7b36b7b,1,train
dan_0p1,1785,29356bf78e241847,1,train
dan_0p1,1786,599db55113c7081c,1,train
dan_0p1,1787,e98cd596c887bfe8,1,train
dan_0p1,1788,28b9869a2955b6c0,1,train
dan_0p1,1789,f858add8d03d5e69,1,train
dan_0p1,1790,95188e87fbe1f592,1,test
dan_0p1,1791,d6b8c1e2e1b405be,1,train
dan_0p1,1792,e75620e490e49097,1,train
dan_0p1,1793,c9e15dd7f3480d3a,1,test
dan_0p1,1794,eeb0c3edc0661ca6,1,train
dan_0p1,1795,752cfa1a39c185c9,1,train
dan_0p1,1796,da6cfac7a19e10e4,1,train
dan_0p1,1797,bd6d3e28644516cf,1,train
dan_0p1,1798,7a2fe50d8ead6b9c,1,train
dan_0p1,1799,37967efe505ed3f2,1,train
dan_0p1,1800,f04b22529c562479,1,test
dan_0p1,1801,f7ee12148c92e0de,1,test
dan_0p1,1802,d8bf90cd95a3f2ad,1,test
dan_0p1,1803,b90461bd9254b19f,1,test
dan_0p1,1804,b71f5c9bf5797617,1,train
dan_0p1,1805,5a9466e7213003a7,1,train
dan_0p1,1806,82b7b30f62e02004,1,test
dan_0p1,1807,cd2636bec02ecc9f,1,train
dan_0p1,1808,1ae995f287fcaec9,1,test
dan_0p1,1809,1f0fca22d8da76d4,1,train
dan_0p1,1810,c21dbd8f68477a17,1,train
dan_0p1,1811,fec50eef260cb29c,1,train
dan_0p1,1812,3683d4d970006a1b,1,train
dan_0p1,1813,5eaadc2985d91902,1,test
dan_0p1,1814,40d5c23eccac1e16,1,train
dan_0p1,1815,117ab8391d830d4b,1,train
dan_0p1,1816,ebb08477e16f99d0,1,train
dan_0p1,1817,9f69fac98b517606,1,train
dan_0p1,1818,a6eda8a6d78e5530,1,train
dan_0p1,1819,30cb33f63514810d,1,train
dan_0p1,1820,74ab83b3d3db013d,1,train
dan_0p1,1821,a0d5b151252e356d,1,train
dan_0p1,1822,b23cb43da41446cd,1,train
dan_0p1,1823,09fd84f223fada37,1,test
dan_0p1,1824,691b85bc0a45bcb7,1,test
dan_0p1,1825,ec8a8332fd452dd9,1,train
dan_0p1,1826,171a34fbd721ee43,1,test
dan_0p1,1827,277258de1831e005,1,test
dan_0p1,1828,bcd6e440efec82b5,1,test
dan_0p1,1829,2bf34ecfc182179e,1,train
dan_0p1,1830,358357740cc65699,1,train
dan_0p1,1831,6a4a8e17fa1ba81e,1,train
dan_0p1,1832,713f5a43c5d5f889,1,train
dan_0p1,1833,1b5bcd8bc57696bd,1,train
dan_0p1,1834,9805c64685d23777,1,train
dan_0p1,1835,6d9d957395912517,1,train
dan_0p1,1836,e84e47e83d1aa43f,1,test
dan_0p1,1837,94bbff7707537f4a,1,train
dan_0p1,1838,e5c8f884951b92d7,1,train
dan_0p1,1839,33fe172a4f0fd089,1,train
dan_0p1,1840,8a4fb07df3c59191,1,train
dan_0p1,1841,2d509550f629b181,1,test
dan_0p1,1842,806bf3051b9b9d54,1,test
dan_0p1,1843,3e2fbcc20995a2a5,1,test
dan_0p1,1844,58dab74f6636103c,1,train
dan_0p1,1845,4c9c07e6f4736f15,1,train
dan_0p1,1846,cf3b1b74a8ad979b,1,train
dan_0p1,1847,9e5f804af94fe342,1,test
dan_0p1,1848,d94e83baa17b30b8,1,train
dan_0p1,1849,3a87d82414f72a84,1,train
dan_0p1,1850,5702997a5024511a,1,train
dan_0p1,1851,092ec0eed0b2a31f,1,train
dan_0p1,1852,7e7c33efc60d3bc4,1,train
dan_0p1,1853,bf98de801f6981f8,1,train
dan_0p1,1854,859588e496d103b0,1,test
dan_0p1,1855,c0a96602557a265f,1,train
dan_0p1,1856,84ce485280f8fa97,1,train
dan_0p1,1857,a13fe86db0bbfcb0,1,test
dan_0p1,1858,f4c60ff1e067ca8a,1,train
dan_0p1,1859,88af56b029ef4615,1,train
dan_0p1,1860,505a1c194adc9ee2,1,train
dan_0p1,1861,67514916d682a277,1,test
dan_0p1,1862,147d40ea5066e3e0,1,train
dan_0p1,1863,617039d656b9d668,1,train
dan_0p1,1864,24bde8fe3d3743b3,1,test
dan_0p1,1865,661241f9cf2a9b7c,1,train
dan_0p1,1866,43d4344f21d233c4,1,test
dan_0p1,1867,ad5c3225f0205048,1,train
dan_0p1,1868,0f3e88e74fc3842f,1,train
dan_0p1,1869,612cb79c6a332e07,1,train
dan_0p1,1870,111040cf94023809,1,train
dan_0p1,1871,0feff72fb8c06173,1,test
dan_0p1,1872,762c7c459e9da299,1,test
dan_0p1,1873,30e271cacc46afe7,1,train
dan_0p1,1874,83f6edb863edebab,1,train
dan_0p1,1875,4f98afecefc43087,1,train
dan_0p1,1876,0ad50324f90aa4fe,1,train
dan_0p1,1877,a20d64aa796ab0c1,1,train
dan_0p1,1878,250af1581f2701d8,1,test
dan_0p1,1879,6e28e81d0331621e,1,train
dan_0p1,1880,c5aada42a16e457a,1,test
dan_0p1,1881,c082b53b336727b1,1,test
dan_0p1,1882,a218b08080861621,1,train
dan_0p1,1883,0f6948e4b36eedd6,1,train
dan_0p1,1884,c8d2edbc8bdc20cd,1,train
dan_0p1,1885,b2d10309fa01acd3,1,train
dan_0p1,1886,31733658ef666a1d,1,train
dan_0p1,1887,3586ae636359e1ab,1,train
dan_0p1,1888,788d22c87baa8c75,1,train
dan_0p1,1889,3669e06c908e0086,1,train
dan_0p1,1890,cab690bb589962bc,1,test
dan_0p1,1891,be4d34947f6bbce2,1,train
dan_0p1,1892,805d788243136afc,1,train
dan_0p1,1893,73adec485e6e9537,1,train
dan_0p1,1894,e15e976c6a627b91,1,test
dan_0p1,1895,c3dca934512e1f8f,1,test
dan_0p1,1896,4b8aa96cd0f4005c,1,train
dan_0p1,1897,48e26a560336bc1f,1,train
dan_0p1,1898,af571b61336bef96,1,train
dan_0p1,1899,ddf5f24e267aa3e3,1,test
dan_0p1,1900,3fdd380e7a9f0c15,1,train
dan_0p1,1901,0e6a558cc8641eca,1,train
dan_0p1,1902,adc6ba6aa18f4224,1,train
dan_0p1,1903,ba101ef34c8010f3,1,test
dan_0p1,1904,930eaa9a1a9a9b73,1,test
dan_0p1,1905,8a2a5183b8320420,1,train
dan_0p1,1906,22371a1ebb60d262,1,train
dan_0p1,1907,afe68e59541266be,1,test
dan_0p1,1908,2acf87d5ebde5558,1,train
dan_0p1,1909,3d3dba3e18594196,1,train
dan_0p1,1910,de90c1082edd3e68,1,train
dan_0p1,1911,91a07020e15f18ad,1,train
dan_0p1,1912,e5282ab07a793f8d,1,train
dan_0p1,1913,fa6ffd293400e241,1,train
dan_0p1,1914,d49ef24aaebf8c28,1,train
dan_0p1,1915,f5e9fbeb1dd9fd2e,1,train
dan_0p1,1916,84585f518a3bbb71,1,train
dan_0p1,1917,8ec91d84865929d0,1,train
dan_0p1,1918,55dd45cb69d01856,1,test
dan_0p1,1919,71c9f5be3e15e932,1,train
dan_0p1,1920,6ba928dfc3f8fe8a,1,train
dan_0p1,1921,94928455cb0dd4fc,1,test
dan_0p1,1922,ac72d5a32e08f9cf,1,train
dan_0p1,1923,7b8674d762809065,1,test
dan_0p1,1924,8f17e5ef1a00b7f3,1,test
dan_0p1,1925,768798d65ef10bd0,1,train
dan_0p1,1926,4b860d4237ce74f4,1,train
dan_0p1,1927,61feb87eba6b131f,1,test
dan_0p1,1928,00afef4d0da7c581,1,train
dan_0p1,1929,ea3546cad0886b57,1,train
dan_0p1,1930,8d3a5328c519708a,1,train
dan_0p1,1931,6b22558648f02039,1,train
dan_0p1,1932,51eccb0f9bff6f55,1,train
dan_0p1,1933,7ae2725a3fb1a670,1,train
dan_0p1,1934,456e3e14e818d396,1,test
dan_0p1,1935,1ab55e1b8fadad03,1,test
dan_0p1,1936,f0669778306dc5bb,1,train
dan_0p1,1937,372e0a8c6600eeed,1,test
dan_0p1,1938,e7c1fe6c260aa6c7,1,train
dan_0p1,1939,5ccb1adc0c9844a6,1,train
dan_0p1,1940,c8c5ad343596e65b,1,test
dan_0p1,1941,401548a29941d95f,1,train
dan_0p1,1942,04e95a95c99aa6b8,1,train
dan_0p1,1943,385de1fd21b8bde9,1,train
dan_0p1,1944,ecbb78c390153db4,1,train
dan_0p1,1945,02c86bd92efc0331,1,test
dan_0p1,1946,ec95b8b65943e7d7,1,train
dan_0p1,1947,fc55b59beb535547,1,train
dan_0p1,1948,885282f41f38d035,1,train
dan_0p1,1949,6446c1d604bc35c5,1,train
dan_0p1,1950,986bc781edf7fe2f,1,train
dan_0p1,1951,1bc492d444bba04c,1,test
dan_0p1,1952,18d011dcecf5b939,1,test
dan_0p1,1953,f38dfbf56dbda295,1,test
dan_0p1,1954,9c10608de531c982,1,train
dan_0p1,1955,9e834479e12f81a5,1,test
dan_0p1,1956,a9152cdd98fbb947,1,test
dan_0p1,1957,3947646ac5eb6bbc,1,test
dan_0p1,1958,52bcbb348dfeb9b9,1,train
dan_0p1,1959,66c0e1f5e04424c1,1,test
dan_0p1,1960,8633eaef4712d52d,1,train
dan_0p1,1961,10a03910be90e71f,1,train
dan_0p1,1962,48507734b68dec10,1,train
dan_0p1,1963,943e0554caaa5ac6,1,test
dan_0p1,1964,434482c2f3ccdd02,1,train
dan_0p1,1965,ec8cc6cad56aae44,1,train
dan_0p1,1966,4a812d61edf0fc70,1,train
dan_0p1,1967,7380a838cf7e7458,1,train
dan_0p1,1968,1705f0c1d30e1134,1,train
dan_0p1,1969,e0934e5bf3b557af,1,train
dan_0p1,1970,e6956349c15097a7,1,train
dan_0p1,1971,f674203a0ac0c2bd,1,train
dan_0p1,1972,29ee5bb526094f68,1,train
dan_0p1,1973,8d50bbd15d220c46,1,train
dan_0p1,1974,8a20d11b229ef8dd,1,test
dan_0p1,1975,85c2218fdc8eb677,1,train
dan_0p1,1976,ecb91bc96a92dbf4,1,train
dan_0p1,1977,5e43c3240478049d,1,test
dan_0p1,1978,d074176b47f9bc23,1,test
dan_0p1,1979,733f04ec2276a3e3,1,test
dan_0p1,1980,102918a6eb0ee617,1,train
dan_0p1,1981,3aae1298a73e0d22,1,train
dan_0p1,1982,ae3299a31600c77d,1,test
dan_0p1,1983,3828da7b509efe4e,1,test
dan_0p1,1984,0d0b204ebf913d15,1,train
dan_0p1,1985,389ce630dad1b694,1,train
dan_0p1,1986,13c0a50dff6e52fc,1,test
dan_0p1,1987,61d498fda20a3f7e,1,train
dan_0p1,1988,4d46c2b3f433e739,1,train
dan_0p1,1989,28191ca1f373d2aa,1,train
dan_0p1,1990,b523bf6d61ac396f,1,train
dan_0p1,1991,026e240f17ddfdda,1,train
dan_0p1,1992,b08366acb2f4690c,1,train
dan_0p1,1993,ea3efcc68933cf6f,1,test
dan_0p1,1994,5bdd31261827f161,1,train
dan_0p1,1995,8b529585ed918f2f,1,train
dan_0p1,1996,6066a53e9d660eba,1,train
dan_0p1,1997,37d9c8ca4ab2fb2d,1,train
dan_0p1,1998,94c54b3e27e1a4f1,1,train
dan_0p1,1999,16c0747c6c88e3b0,1,test
dan_0p1,2000,77b18f59bc82e901,1,train
dan_0p1,2001,8abec3f7034dae17,1,train
dan_0p1,2002,d3532debbbbb40d1,1,train
dan_0p1,2003,782db9cce06e6462,1,train
dan_1,0,photo/dog/056_0058.jpg,0,train
dan_1,1,photo/person/253_0174.jpg,0,train
dan_1,2,photo/giraffe/n02439033_1508.jpg,0,test
dan_1,3,photo/giraffe/n02439033_14872.jpg,0,test
dan_1,4,photo/guitar/063_0053.jpg,0,train
dan_1,5,photo/dog/056_0095.jpg,0,train
dan_1,6,photo/guitar/063_0079.jpg,0,train
dan_1,7,photo/giraffe/084_0047.jpg,0,train
dan_1,8,photo/giraffe/n02439033_10919.jpg,0,test
dan_1,9,photo/person/253_0382.jpg,0,train
dan_1,10,photo/house/pic_173.jpg,0,test
dan_1,11,photo/person/253_0063.jpg,0,train
dan_1,12,photo/house/pic_106.jpg,0,train
dan_1,13,photo/house/pic_144.jpg,0,train
dan_1,14,photo/dog/056_0090.jpg,0,train
dan_1,15,photo/person/253_0193.jpg,0,test
dan_1,16,photo/person/253_0323.jpg,0,test
dan_1,17,photo/person/253_0429.jpg,0,train
dan_1,18,photo/person/253_0248.jpg,0,train
dan_1,19,photo/horse/n02374451_18570.jpg,0,train
dan_1,20,photo/guitar/n03272010_6820.jpg,0,test
dan_1,21,photo/person/253_0310.jpg,0,train
dan_1,22,photo/person/253_0146.jpg,0,test
dan_1,23,photo/house/pic_005.jpg,0,test
dan_1,24,photo/person/253_0300.jpg,0,train
dan_1,25,photo/dog/056_0068.jpg,0,train
dan_1,26,photo/horse/n02374451_13718.jpg,0,train
dan_1,27,photo/dog/n02103406_1599.jpg,0,test
dan_1,28,photo/guitar/063_0107.jpg,0,test
dan_1,29,photo/elephant/064_0111.jpg,0,train
dan_1,30,photo/giraffe/084_0011.jpg,0,train
dan_1,31,photo/house/pic_259.jpg,0,train
dan_1,32,photo/house/pic_161.jpg,0,train
dan_1,33,photo/dog/n02103406_5505.jpg,0,test
dan_1,34,photo/house/pic_280.jpg,0,test
dan_1,35,photo/person/253_0034.jpg,0,train
dan_1,36,photo/horse/105_0030.jpg,0,train
dan_1,37,photo/elephant/064_0044.jpg,0,train
dan_1,38,photo/person/253_0166.jpg,0,train
dan_1,39,photo/horse/105_0106.jpg,0,train
dan_1,40,photo/guitar/063_0001.jpg,0,test
dan_1,41,photo/giraffe/n02439033_11059.jpg,0,train
dan_1,42,photo/elephant/n02503517_1453.jpg,0,train
dan_1,43,photo/house/pic_278.jpg,0,train
dan_1,44,photo/person/253_0273.jpg,0,train
dan_1,45,photo/guitar/063_0038.jpg,0,test
dan_1,46,photo/person/253_0147.jpg,0,test
dan_1,47,photo/guitar/063_0052.jpg,0,train
dan_1,48,photo/elephant/064_0127.jpg,0,train
dan_1,49,photo/house/pic_160.jpg,0,train
dan_1,50,photo/horse/105_0059.jpg,0,train
dan_1,51,photo/dog/056_0084.jpg,0,train
dan_1,52,photo/giraffe/n02439033_11114.jpg,0,train
dan_1,53,photo/person/253_0058.jpg,0,train
dan_1,54,photo/horse/n02374451_925.jpg,0,test
dan_1,55,photo/elephant/n02503517_6479.jpg,0,train
dan_1,56,photo/person/253_0327.jpg,0,train
dan_1,57,photo/horse/105_0266.jpg,0,train
dan_1,58,photo/giraffe/n02439033_14846.jpg,0,train
dan_1,59,photo/horse/n02374451_1443.jpg,0,train
dan_1,60,photo/elephant/064_0062.jpg,0,test
dan_1,61,photo/house/pic_034.jpg,0,train
dan_1,62,photo/person/253_0277.jpg,0,test
dan_1,63,photo/person/253_0290.jpg,0,train
dan_1,64,photo/house/pic_206.jpg,0,train
dan_1,65,photo/house/pic_038.jpg,0,test
dan_1,66,photo/dog/056_0050.jpg,0,train
dan_1,67,photo/person/253_0006.jpg,0,train
dan_1,68,photo/horse/105_0067.jpg,0,train
dan_1,69,photo/horse/105_0066.jpg,0,test
dan_1,70,photo/dog/056_0052.jpg,0,train
dan_1,71,photo/person/253_0395.jpg,0,test
dan_1,72,photo/person/253_0015.jpg,0,train
dan_1,73,photo/house/pic_050.jpg,0,train
dan_1,74,photo/dog/056_0080.jpg,0,test
dan_1,75,photo/elephant/064_0120.jpg,0,train
dan_1,76,photo/guitar/063_0074.jpg,0,test
dan_1,77,photo/person/253_0187.jpg,0,train
dan_1,78,photo/giraffe/084_0012.jpg,0,test
dan_1,79,photo/elephant/n02503517_4247.jpg,0,test
dan_1,80,photo/person/253_0221.jpg,0,train
dan_1,81,photo/person/253_0024.jpg,0,test
dan_1,82,photo/elephant/n02503517_10193.jpg,0,train
dan_1,83,photo/person/253_0074.jpg,0,train
dan_1,84,photo/horse/n02374451_1234.jpg,0,train
dan_1,85,photo/house/pic_195.jpg,0,test
dan_1,86,photo/elephant/064_0024.jpg,0,test
dan_1,87,photo/elephant/064_0008.jpg,0,test
dan_1,88,photo/person/253_0301.jpg,0,train
dan_1,89,photo/person/253_0084.jpg,0,train
dan_1,90,photo/elephant/064_0016.jpg,0,train
dan_1,91,photo/guitar/063_0067.jpg,0,train
dan_1,92,photo/dog/056_0029.jpg,0,test
dan_1,93,photo/person/253_0097.jpg,0,test
dan_1,94,photo/elephant/n02503517_8901.jpg,0,train
dan_1,95,photo/elephant/n02503517_5527.jpg,0,train
dan_1,96,photo/guitar/063_0108.jpg,0,train
dan_1,97,photo/person/253_0131.jpg,0,train
dan_1,98,photo/house/pic_172.jpg,0,train
dan_1,99,photo/guitar/063_0046.jpg,0,test
dan_1,100,photo/person/253_0374.jpg,0,train
dan_1,101,photo/guitar/063_0087.jpg,0,train
dan_1,102,photo/guitar/n02676566_6704.jpg,0,test
dan_1,103,photo/giraffe/n02439033_991.jpg,0,train
dan_1,104,photo/guitar/063_0090.jpg,0,train
dan_1,105,photo/house/pic_073.jpg,0,test
dan_1,106,photo/horse/n02374451_17474.jpg,0,train
dan_1,107,photo/horse/n02374451_54.jpg,0,test
dan_1,108,photo/horse/105_0134.jpg,0,train
dan_1,109,photo/person/253_0049.jpg,0,train
dan_1,110,photo/house/pic_017.jpg,0,train
dan_1,111,photo/dog/n02103406_4916.jpg,0,train
dan_1,112,photo/horse/n02374451_2248.jpg,0,train
dan_1,113,photo/elephant/064_0004.jpg,0,test
dan_1,114,photo/elephant/064_0125.jpg,0,train
dan_1,115,photo/guitar/063_0009.jpg,0,train
dan_1,116,photo/house/pic_104.jpg,0,train
dan_1,117,photo/elephant/064_0070.jpg,0,test
dan_1,118,photo/guitar/n02676566_4189.jpg,0,train
dan_1,119,photo/person/253_0294.jpg,0,train
dan_1,120,photo/house/pic_224.jpg,0,test
dan_1,121,photo/giraffe/084_0029.jpg,0,test
dan_1,122,photo/person/253_0153.jpg,0,train
dan_1,123,photo/guitar/n03272010_7390.jpg,0,train
dan_1,124,photo/dog/n02103406_6530.jpg,0,test
dan_1,125,photo/person/253_0338.jpg,0,test
dan_1,126,photo/giraffe/n02439033_11627.jpg,0,train
dan_1,127,photo/house/pic_028.jpg,0,test
dan_1,128,photo/elephant/n02503517_5418.jpg,0,train
dan_1,129,photo/dog/056_0071.jpg,0,train
dan_1,130,photo/person/253_0256.jpg,0,train
dan_1,131,photo/house/pic_067.jpg,0,test
dan_1,132,photo/house/pic_145.jpg,0,train
dan_1,133,photo/person/253_0021.jpg,0,train
dan_1,134,photo/elephant/n02503517_4605.jpg,0,test
dan_1,135,photo/elephant/064_0039.jpg,0,train
dan_1,136,photo/horse/n02374451_16358.jpg,0,train
dan_1,137,photo/horse/n02374451_8526.jpg,0,test
dan_1,138,photo/dog/056_0062.jpg,0,train
dan_1,139,photo/guitar/n03272010_7092.jpg,0,train
dan_1,140,photo/horse/105_0007.jpg,0,train
dan_1,141,photo/horse/105_0206.jpg,0,train
dan_1,142,photo/person/253_0281.jpg,0,train
dan_1,143,photo/house/pic_015.jpg,0,train
dan_1,144,photo/giraffe/084_0074.jpg,0,test
dan_1,145,photo/house/pic_058.jpg,0,train
dan_1,146,photo/dog/n02103406_5456.jpg,0,train
dan_1,147,photo/house/pic_112.jpg,0,test
dan_1,148,photo/person/253_0130.jpg,0,test
dan_1,149,photo/house/pic_260.jpg,0,train
dan_1,150,photo/horse/n02374451_8744.jpg,0,train
dan_1,151,photo/giraffe/n02439033_12413.jpg,0,test
dan_1,152,photo/house/pic_225.jpg,0,train
dan_1,153,photo/elephant/064_0045.jpg,0,test
dan_1,154,photo/person/253_0123.jpg,0,train
dan_1,155,photo/guitar/n03467517_22785.jpg,0,test
dan_1,156,photo/elephant/064_0074.jpg,0,train
dan_1,157,photo/elephant/064_0072.jpg,0,test
dan_1,158,photo/house/pic_175.jpg,0,train
dan_1,159,photo/person/253_0348.jpg,0,train
dan_1,160,photo/giraffe/n02439033_10453.jpg,0,train
dan_1,161,photo/person/253_0354.jpg,0,test
dan_1,162,photo/person/253_0422.jpg,0,train
dan_1,163,photo/horse/n02374451_4795.jpg,0,train
dan_1,164,photo/dog/n02103406_3538.jpg,0,test
dan_1,165,photo/person/253_0141.jpg,0,test
dan_1,166,photo/guitar/n03467517_23229.jpg,0,test
dan_1,167,photo/elephant/064_0115.jpg,0,train
dan_1,168,photo/house/pic_004.jpg,0,train
dan_1,169,photo/horse/n02374451_9064.jpg,0,train
dan_1,170,photo/person/253_0082.jpg,0,train
dan_1,171,photo/horse/n02374451_9892.jpg,0,test
dan_1,172,photo/horse/105_0115.jpg,0,train
dan_1,173,photo/elephant/n02503517_7020.jpg,0,train
dan_1,174,photo/elephant/064_0130.jpg,0,train
dan_1,175,photo/dog/056_0073.jpg,0,train
dan_1,176,photo/giraffe/n02439033_11683.jpg,0,train
dan_1,177,photo/giraffe/084_0060.jpg,0,train
dan_1,178,photo/guitar/063_0050.jpg,0,train
dan_1,179,photo/person/253_0242.jpg,0,test
dan_1,180,photo/person/253_0195.jpg,0,test
dan_1,181,photo/elephant/n02503517_3803.jpg,0,train
dan_1,182,photo/person/253_0287.jpg,0,train
dan_1,183,photo/horse/105_0207.jpg,0,train
dan_1,184,photo/person/253_0253.jpg,0,train
dan_1,185,photo/guitar/063_0024.jpg,0,train
dan_1,186,photo/person/253_0247.jpg,0,train
dan_1,187,photo/house/pic_188.jpg,0,test
dan_1,188,photo/elephant/n02503517_8571.jpg,0,train
dan_1,189,photo/person/253_0105.jpg,0,test
dan_1,190,photo/horse/n02374451_11492.jpg,0,train
dan_1,191,photo/house/pic_184.jpg,0,train
dan_1,192,photo/house/pic_235.jpg,0,train
dan_1,193,photo/person/253_0423.jpg,0,test
dan_1,194,photo/guitar/063_0095.jpg,0,test
dan_1,195,photo/guitar/n02676566_7830.jpg,0,train
dan_1,196,photo/person/253_0045.jpg,0,train
dan_1,197,photo/person/253_0299.jpg,0,test
dan_1,198,photo/person/253_0139.jpg,0,train
dan_1,199,photo/person/253_0104.jpg,0,train
dan_1,200,photo/horse/105_0199.jpg,0,train
dan_1,201,photo/person/253_0145.jpg,0,train
dan_1,202,photo/person/253_0102.jpg,0,test
dan_1,203,photo/house/pic_054.jpg,0,train
dan_1,204,photo/person/253_0386.jpg,0,train
dan_1,205,photo/person/253_0033.jpg,0,test
dan_1,206,photo/dog/056_0010.jpg,0,test
dan_1,207,photo/person/253_0417.jpg,0,test
dan_1,208,photo/giraffe/n02439033_10164.jpg,0,test
dan_1,209,photo/person/253_0106.jpg,0,train
dan_1,210,photo/person/253_0128.jpg,0,train
dan_1,211,photo/horse/n02374451_14119.jpg,0,test
dan_1,212,photo/dog/n02103406_3964.jpg,0,train
dan_1,213,photo/dog/n02106662_1922.jpg,0,test
dan_1,214,photo/giraffe/084_0059.jpg,0,test
dan_1,215,photo/person/253_0361.jpg,0,train
dan_1,216,photo/horse/105_0048.jpg,0,train
dan_1,217,photo/horse/n02374451_7631.jpg,0,train
dan_1,218,photo/giraffe/n02439033_10130.jpg,0,test
dan_1,219,photo/guitar/n03467517_12925.jpg,0,train
dan_1,220,photo/person/253_0095.jpg,0,train
dan_1,221,photo/house/pic_090.jpg,0,test
dan_1,222,photo/house/pic_080.jpg,0,train
dan_1,223,photo/giraffe/084_0028.jpg,0,train
dan_1,224,photo/elephant/n02503517_6880.jpg,0,train
dan_1,225,photo/dog/n02103406_2954.jpg,0,train
dan_1,226,photo/person/253_0211.jpg,0,train
dan_1,227,photo/dog/056_0042.jpg,0,test
dan_1,228,photo/guitar/063_0084.jpg,0,train
dan_1,229,photo/giraffe/n02439033_14148.jpg,0,test
dan_1,230,photo/person/253_0017.jpg,0,test
dan_1,231,photo/person/253_0267.jpg,0,train
dan_1,232,photo/elephant/064_0012.jpg,0,train
dan_1,233,photo/house/pic_250.jpg,0,train
dan_1,234,photo/giraffe/084_0077.jpg,0,train
dan_1,235,photo/person/253_0311.jpg,0,train
dan_1,236,photo/elephant/064_0114.jpg,0,train
dan_1,237,photo/dog/n02106662_27393.jpg,0,train
dan_1,238,photo/horse/n02374451_503.jpg,0,train
dan_1,239,photo/house/pic_279.jpg,0,train
dan_1,240,photo/dog/n02103406_8280.jpg,0,train
dan_1,241,photo/horse/n02374451_10098.jpg,0,train
dan_1,242,photo/person/253_0405.jpg,0,train
dan_1,243,photo/guitar/n02676566_8997.jpg,0,train
dan_1,244,photo/horse/n02374451_14738.jpg,0,train
dan_1,245,photo/giraffe/084_0020.jpg,0,train
dan_1,246,photo/guitar/063_0041.jpg,0,train
dan_1,247,photo/person/253_0050.jpg,0,train
dan_1,248,photo/horse/105_0103.jpg,0,train
dan_1,249,photo/house/pic_234.jpg,0,test
dan_1,250,photo/elephant/064_0011.jpg,0,train
dan_1,251,photo/guitar/n03272010_9557.jpg,0,train
dan_1,252,photo/dog/056_0043.jpg,0,train
dan_1,253,photo/horse/n02374451_10761.jpg,0,test
dan_1,254,photo/person/253_0278.jpg,0,train
dan_1,255,photo/giraffe/n02439033_5652.jpg,0,test
dan_1,256,photo/person/253_0434.jpg,0,train
dan_1,257,photo/house/pic_046.jpg,0,train
dan_1,258,photo/person/253_0055.jpg,0,train
dan_1,259,photo/giraffe/n02439033_13602.jpg,0,test
dan_1,260,photo/house/pic_130.jpg,0,train
dan_1,261,photo/house/pic_097.jpg,0,test
dan_1,262,photo/dog/n02103406_3132.jpg,0,train
dan_1,263,photo/dog/056_0075.jpg,0,train
dan_1,264,photo/guitar/063_0035.jpg,0,train
dan_1,265,photo/house/pic_049.jpg,0,train
dan_1,266,photo/house/pic_165.jpg,0,train
dan_1,267,photo/elephant/n02503517_9827.jpg,0,train
dan_1,268,photo/giraffe/n02439033_9472.jpg,0,test
dan_1,269,photo/person/253_0232.jpg,0,test
dan_1,270,photo/horse/105_0260.jpg,0,test
dan_1,271,photo/house/pic_094.jpg,0,test
dan_1,272,photo/dog/056_0082.jpg,0,train
dan_1,273,photo/elephant/n02503517_8904.jpg,0,test
dan_1,274,photo/house/pic_281.jpg,0,test
dan_1,275,photo/dog/056_0030.jpg,0,test
dan_1,276,photo/house/pic_229.jpg,0,train
dan_1,277,photo/elephant/n02503517_184.jpg,0,train
dan_1,278,photo/person/253_0176.jpg,0,train
dan_1,279,photo/house/pic_146.jpg,0,train
dan_1,280,photo/guitar/063_0089.jpg,0,train
dan_1,281,photo/person/253_0196.jpg,0,train
dan_1,282,photo/giraffe/n02439033_12987.jpg,0,test
dan_1,283,photo/giraffe/n02439033_11715.jpg,0,train
dan_1,284,photo/dog/n02103406_371.jpg,0,test
dan_1,285,photo/house/pic_069.jpg,0,train
dan_1,286,photo/house/pic_092.jpg,0,train
dan_1,287,photo/person/253_0324.jpg,0,test
dan_1,288,photo/dog/056_0009.jpg,0,train
dan_1,289,photo/person/253_0014.jpg,0,train
dan_1,290,photo/person/253_0246.jpg,0,test
dan_1,291,photo/horse/105_0076.jpg,0,train
dan_1,292,photo/guitar/063_0048.jpg,0,train
dan_1,293,photo/dog/n02109525_12875.jpg,0,test
dan_1,294,photo/person/253_0266.jpg,0,test
dan_1,295,photo/guitar/063_0093.jpg,0,test
dan_1,296,photo/elephant/n02503517_564.jpg,0,train
dan_1,297,photo/house/pic_117.jpg,0,train
dan_1,298,photo/giraffe/n02439033_11504.jpg,0,train
dan_1,299,photo/dog/056_0048.jpg,0,train
dan_1,300,photo/guitar/n02676566_7844.jpg,0,train
dan_1,301,photo/guitar/063_0022.jpg,0,train
dan_1,302,photo/giraffe/n02439033_12680.jpg,0,test
dan_1,303,photo/horse/105_0008.jpg,0,test
dan_1,304,photo/dog/n02103406_5035.jpg,0,train
dan_1,305,photo/elephant/n02503517_6032.jpg,0,test
dan_1,306,photo/dog/n02106662_11133.jpg,0,train
dan_1,307,photo/house/pic_113.jpg,0,train
dan_1,308,photo/person/253_0170.jpg,0,train
dan_1,309,photo/elephant/n02503517_753.jpg,0,train
dan_1,310,photo/giraffe/n02439033_16483.jpg,0,train
dan_1,311,photo/person/253_0296.jpg,0,test
dan_1,312,photo/giraffe/084_0042.jpg,0,train
dan_1,313,photo/house/pic_111.jpg,0,train
dan_1,314,photo/guitar/063_0010.jpg,0,train
dan_1,315,photo/elephant/064_0067.jpg,0,train
dan_1,316,photo/giraffe/n02439033_15479.jpg,0,test
dan_1,317,photo/person/253_0075.jpg,0,train
dan_1,318,photo/house/pic_284.jpg,0,test
dan_1,319,photo/giraffe/n02439033_11486.jpg,0,train
dan_1,320,photo/house/pic_013.jpg,0,test
dan_1,321,photo/guitar/n03272010_10795.jpg,0,train
dan_1,322,photo/person/253_0168.jpg,0,train
dan_1,323,photo/house/pic_060.jpg,0,train
dan_1,324,photo/house/pic_077.jpg,0,train
dan_1,325,photo/person/253_0359.jpg,0,train
dan_1,326,photo/elephant/064_0097.jpg,0,train
dan_1,327,photo/horse/n02374451_10669.jpg,0,train
dan_1,328,photo/giraffe/084_0045.jpg,0,train
dan_1,329,photo/person/253_0387.jpg,0,train
dan_1,330,photo/dog/n02106662_25917.jpg,0,test
dan_1,331,photo/dog/n02106662_7885.jpg,0,train
dan_1,332,photo/elephant/n02503517_5287.jpg,0,train
dan_1,333,photo/horse/105_0215.jpg,0,train
dan_1,334,art_painting/elephant/pic_087.jpg,0,train
dan_1,335,art_painting/person/pic_206.jpg,0,train
dan_1,336,art_painting/giraffe/pic_142.jpg,0,train
dan_1,337,art_painting/guitar/pic_075.jpg,0,train
dan_1,338,art_painting/dog/pic_058.jpg,0,train
dan_1,339,art_painting/giraffe/pic_302.jpg,0,train
dan_1,340,art_painting/person/pic_168.jpg,0,train
dan_1,341,art_painting/person/pic_162.jpg,0,train
dan_1,342,art_painting/dog/pic_074.jpg,0,test
dan_1,343,art_painting/house/pic_014.jpg,0,train
dan_1,344,art_painting/house/pic_107.jpg,0,test
dan_1,345,art_painting/guitar/pic_197.jpg,0,train
dan_1,346,art_painting/person/pic_033.jpg,0,train
dan_1,347,art_painting/horse/pic_195.jpg,0,train
dan_1,348,art_painting/guitar/pic_092.jpg,0,train
dan_1,349,art_painting/elephant/pic_145.jpg,0,train
dan_1,350,art_painting/giraffe/pic_126.jpg,0,train
dan_1,351,art_painting/horse/pic_047.jpg,0,train
dan_1,352,art_painting/person/pic_203.jpg,0,train
dan_1,353,art_painting/dog/pic_327.jpg,0,train
dan_1,354,art_painting/house/pic_022.jpg,0,train
dan_1,355,art_painting/house/pic_218.jpg,0,train
dan_1,356,art_painting/elephant/pic_122.jpg,0,train
dan_1,357,art_painting/person/pic_334.jpg,0,test
dan_1,358,art_painting/dog/pic_366.jpg,0,train
dan_1,359,art_painting/person/pic_074.jpg,0,train
dan_1,360,art_painting/person/pic_400.jpg,0,train
dan_1,361,art_painting/dog/pic_072.jpg,0,train
dan_1,362,art_painting/horse/pic_228.jpg,0,test
dan_1,363,art_painting/dog/pic_007.jpg,0,train
dan_1,364,art_painting/guitar/pic_082.jpg,0,train
dan_1,365,art_painting/elephant/pic_260.jpg,0,train
dan_1,366,art_painting/person/pic_387.jpg,0,train
dan_1,367,art_painting/dog/pic_260.jpg,0,train
dan_1,368,art_painting/dog/pic_315.jpg,0,test
dan_1,369,art_painting/guitar/pic_014.jpg,0,train
dan_1,370,art_painting/horse/pic_182.jpg,0,test
dan_1,371,art_painting/person/pic_129.jpg,0,test
dan_1,372,art_painting/person/pic_382.jpg,0,test
dan_1,373,art_painting/elephant/pic_100.jpg,0,train
dan_1,374,art_painting/guitar/pic_135.jpg,0,train
dan_1,375,art_painting/person/pic_126.jpg,0,train
dan_1,376,art_painting/giraffe/pic_068.jpg,0,test
dan_1,377,art_painting/house/pic_189.jpg,0,test
dan_1,378,art_painting/person/pic_265.jpg,0,test
dan_1,379,art_painting/giraffe/pic_210.jpg,0,test
dan_1,380,art_painting/dog/pic_205.jpg,0,train
dan_1,381,art_painting/dog/pic_100.jpg,0,train
dan_1,382,art_painting/giraffe/pic_057.jpg,0,train
dan_1,383,art_painting/elephant/pic_108.jpg,0,train
dan_1,384,art_painting/giraffe/pic_102.jpg,0,test
dan_1,385,art_painting/guitar/pic_127.jpg,0,train
dan_1,386,art_painting/guitar/pic_044.jpg,0,train
dan_1,387,art_painting/dog/pic_055.jpg,0,train
dan_1,388,art_painting/giraffe/pic_190.jpg,0,train
dan_1,389,art_painting/giraffe/pic_005.jpg,0,train
dan_1,390,art_painting/elephant/pic_249.jpg,0,train
dan_1,391,art_painting/house/pic_313.jpg,0,train
dan_1,392,art_painting/person/pic_429.jpg,0,train
dan_1,393,art_painting/person/pic_116.jpg,0,train
dan_1,394,art_painting/house/pic_018.jpg,0,train
dan_1,395,art_painting/house/pic_082.jpg,0,train
dan_1,396,art_painting/house/pic_212.jpg,0,test
dan_1,397,art_painting/person/pic_016.jpg,0,train
dan_1,398,art_painting/giraffe/pic_014.jpg,0,test
dan_1,399,art_painting/giraffe/pic_013.jpg,0,train
dan_1,400,art_painting/person/pic_542.jpg,0,test
dan_1,401,art_painting/elephant/pic_099.jpg,0,test
dan_1,402,art_painting/giraffe/pic_170.jpg,0,train
dan_1,403,art_painting/elephant/pic_011.jpg,0,test
dan_1,404,art_painting/elephant/pic_098.jpg,0,test
dan_1,405,art_painting/dog/pic_304.jpg,0,train
dan_1,406,art_painting/dog/pic_398.jpg,0,train
dan_1,407,art_painting/horse/pic_049.jpg,0,train
dan_1,408,art_painting/house/pic_123.jpg,0,train
dan_1,409,art_painting/guitar/pic_071.jpg,0,train
dan_1,410,art_painting/elephant/pic_201.jpg,0,train
dan_1,411,art_painting/elephant/pic_144.jpg,0,train
dan_1,412,art_painting/dog/pic_232.jpg,0,train
dan_1,413,art_painting/house/pic_111.jpg,0,train
dan_1,414,art_painting/elephant/pic_207.jpg,0,train
dan_1,415,art_painting/elephant/pic_152.jpg,0,train
dan_1,416,art_painting/person/pic_496.jpg,0,test
dan_1,417,art_painting/horse/pic_130.jpg,0,train
dan_1,418,art_painting/giraffe/pic_118.jpg,0,test
dan_1,419,art_painting/elephant/pic_048.jpg,0,test
dan_1,420,art_painting/dog/pic_393.jpg,0,train
dan_1,421,art_painting/giraffe/pic_085.jpg,0,train
dan_1,422,art_painting/horse/pic_090.jpg,0,train
dan_1,423,art_painting/giraffe/pic_268.jpg,0,train
dan_1,424,art_painting/person/pic_433.jpg,0,train
dan_1,425,art_painting/horse/pic_154.jpg,0,test
dan_1,426,art_painting/horse/pic_135.jpg,0,test
dan_1,427,art_painting/person/pic_248.jpg,0,test
dan_1,428,art_painting/elephant/pic_158.jpg,0,train
dan_1,429,art_painting/person/pic_438.jpg,0,train
dan_1,430,art_painting/giraffe/pic_176.jpg,0,test
dan_1,431,art_painting/person/pic_052.jpg,0,train
dan_1,432,art_painting/elephant/pic_113.jpg,0,train
dan_1,433,art_painting/house/pic_191.jpg,0,train
dan_1,434,art_painting/elephant/pic_078.jpg,0,train
dan_1,435,art_painting/guitar/pic_089.jpg,0,train
dan_1,436,art_painting/dog/pic_133.jpg,0,train
dan_1,437,art_painting/dog/pic_282.jpg,0,test
dan_1,438,art_painting/dog/pic_084.jpg,0,train
dan_1,439,art_painting/dog/pic_371.jpg,0,train
dan_1,440,art_painting/guitar/pic_171.jpg,0,train
dan_1,441,art_painting/dog/pic_269.jpg,0,train
dan_1,442,art_painting/elephant/pic_061.jpg,0,train
dan_1,443,art_painting/person/pic_464.jpg,0,test
dan_1,444,art_painting/person/pic_161.jpg,0,train
dan_1,445,art_painting/person/pic_247.jpg,0,test
dan_1,446,art_painting/dog/pic_301.jpg,0,train
dan_1,447,art_painting/person/pic_487.jpg,0,test
dan_1,448,art_painting/horse/pic_142.jpg,0,train
dan_1,449,art_painting/house/pic_221.jpg,0,train
dan_1,450,art_painting/elephant/pic_252.jpg,0,train
dan_1,451,art_painting/elephant/pic_178.jpg,0,train
dan_1,452,art_painting/person/pic_320.jpg,0,train
dan_1,453,art_painting/giraffe/pic_185.jpg,0,test
dan_1,454,art_painting/horse/pic_028.jpg,0,train
dan_1,455,art_painting/dog/pic_297.jpg,0,train
dan_1,456,art_painting/dog/pic_138.jpg,0,train
dan_1,457,art_painting/dog/pic_036.jpg,0,train
dan_1,458,art_painting/horse/pic_017.jpg,0,train
dan_1,459,art_painting/dog/pic_194.jpg,0,train
dan_1,460,art_painting/giraffe/pic_072.jpg,0,train
dan_1,461,art_painting/dog/pic_157.jpg,0,train
dan_1,462,art_painting/person/pic_135.jpg,0,train
dan_1,463,art_painting/horse/pic_136.jpg,0,train
dan_1,464,art_painting/horse/pic_134.jpg,0,test
dan_1,465,art_painting/guitar/pic_173.jpg,0,train
dan_1,466,art_painting/guitar/pic_129.jpg,0,train
dan_1,467,art_painting/dog/pic_329.jpg,0,train
dan_1,468,art_painting/giraffe/pic_069.jpg,0,train
dan_1,469,art_painting/giraffe/pic_243.jpg,0,train
dan_1,470,art_painting/giraffe/pic_153.jpg,0,train
dan_1,471,art_painting/giraffe/pic_001.jpg,0,train
dan_1,472,art_painting/giraffe/pic_140.jpg,0,train
dan_1,473,art_painting/house/pic_213.jpg,0,test
dan_1,474,art_painting/house/pic_009.jpg,0,test
dan_1,475,art_painting/person/pic_094.jpg,0,test
dan_1,476,art_painting/person/pic_070.jpg,0,test
dan_1,477,art_painting/dog/pic_026.jpg,0,train
dan_1,478,art_painting/dog/pic_397.jpg,0,test
dan_1,479,art_painting/house/pic_269.jpg,0,train
dan_1,480,art_painting/giraffe/pic_086.jpg,0,test
dan_1,481,art_painting/person/pic_213.jpg,0,test
dan_1,482,art_painting/elephant/pic_029.jpg,0,train
dan_1,483,art_painting/giraffe/pic_138.jpg,0,train
dan_1,484,art_painting/house/pic_034.jpg,0,test
dan_1,485,art_painting/giraffe/pic_028.jpg,0,train
dan_1,486,art_painting/person/pic_380.jpg,0,train
dan_1,487,art_painting/horse/pic_002.jpg,0,test
dan_1,488,art_painting/house/pic_011.jpg,0,train
dan_1,489,art_painting/person/pic_196.jpg,0,train
dan_1,490,art_painting/elephant/pic_148.jpg,0,train
dan_1,491,art_painting/person/pic_157.jpg,0,train
dan_1,492,art_painting/elephant/pic_117.jpg,0,train
dan_1,493,art_painting/elephant/pic_060.jpg,0,train
dan_1,494,art_painting/house/pic_008.jpg,0,train
dan_1,495,art_painting/guitar/pic_059.jpg,0,train
dan_1,496,art_painting/guitar/pic_074.jpg,0,train
dan_1,497,art_painting/dog/pic_214.jpg,0,train
dan_1,498,art_painting/giraffe/pic_122.jpg,0,train
dan_1,499,art_painting/house/pic_304.jpg,0,test
dan_1,500,art_painting/house/pic_322.jpg,0,test
dan_1,501,art_painting/horse/pic_222.jpg,0,test
dan_1,502,art_painting/horse/pic_151.jpg,0,train
dan_1,503,art_painting/dog/pic_134.jpg,0,test
dan_1,504,art_painting/person/pic_069.jpg,0,train
dan_1,505,art_painting/person/pic_011.jpg,0,test
dan_1,506,art_painting/dog/pic_314.jpg,0,train
dan_1,507,art_painting/horse/pic_001.jpg,0,test
dan_1,508,art_painting/house/pic_309.jpg,0,train
dan_1,509,art_painting/giraffe/pic_180.jpg,0,test
dan_1,510,art_painting/house/pic_004.jpg,0,train
dan_1,511,art_painting/house/pic_311.jpg,0,train
dan_1,512,art_painting/dog/pic_312.jpg,0,train
dan_1,513,art_painting/person/pic_294.jpg,0,train
dan_1,514,art_painting/person/pic_525.jpg,0,train
dan_1,515,art_painting/giraffe/pic_173.jpg,0,train
dan_1,516,art_painting/elephant/pic_075.jpg,0,train
dan_1,517,art_painting/guitar/pic_177.jpg,0,test
dan_1,518,art_painting/house/pic_088.jpg,0,test
dan_1,519,art_painting/giraffe/pic_077.jpg,0,test
dan_1,520,art_painting/house/pic_245.jpg,0,train
dan_1,521,art_painting/dog/pic_226.jpg,0,test
dan_1,522,art_painting/elephant/pic_044.jpg,0,train
dan_1,523,art_painting/dog/pic_099.jpg,0,train
dan_1,524,art_painting/person/pic_209.jpg,0,train
dan_1,525,art_painting/person/pic_304.jpg,0,test
dan_1,526,art_painting/horse/pic_138.jpg,0,train
dan_1,527,art_painting/guitar/pic_034.jpg,0,train
dan_1,528,art_painting/person/pic_296.jpg,0,train
dan_1,529,art_painting/horse/pic_054.jpg,0,train
dan_1,530,art_painting/dog/pic_391.jpg,0,train
dan_1,531,art_painting/elephant/pic_183.jpg,0,train
dan_1,532,art_painting/horse/pic_213.jpg,0,train
dan_1,533,art_painting/dog/pic_394.jpg,0,train
dan_1,534,art_painting/dog/pic_368.jpg,0,train
dan_1,535,art_painting/house/pic_306.jpg,0,train
dan_1,536,art_painting/elephant/pic_227.jpg,0,train
dan_1,537,art_painting/person/pic_543.jpg,0,test
dan_1,538,art_painting/giraffe/pic_011.jpg,0,test
dan_1,539,art_painting/house/pic_098.jpg,0,train
dan_1,540,art_painting/person/pic_328.jpg,0,train
dan_1,541,art_painting/guitar/pic_063.jpg,0,train
dan_1,542,art_painting/horse/pic_128.jpg,0,train
dan_1,543,art_painting/giraffe/pic_044.jpg,0,test
dan_1,544,art_painting/guitar/pic_182.jpg,0,train
dan_1,545,art_painting/horse/pic_133.jpg,0,train
dan_1,546,art_painting/guitar/pic_023.jpg,0,train
dan_1,547,art_painting/person/pic_520.jpg,0,train
dan_1,548,art_painting/dog/pic_079.jpg,0,train
dan_1,549,art_painting/dog/pic_070.jpg,0,train
dan_1,550,art_painting/dog/pic_172.jpg,0,test
dan_1,551,art_painting/house/pic_246.jpg,0,train
dan_1,552,art_painting/dog/pic_090.jpg,0,train
dan_1,553,art_painting/house/pic_226.jpg,0,train
dan_1,554,art_painting/person/pic_531.jpg,0,train
dan_1,555,art_painting/person/pic_018.jpg,0,train
dan_1,556,art_painting/elephant/pic_059.jpg,0,train
dan_1,557,art_painting/dog/pic_186.jpg,0,train
dan_1,558,art_painting/person/pic_273.jpg,0,test
dan_1,559,art_painting/house/pic_134.jpg,0,train
dan_1,560,art_painting/dog/pic_280.jpg,0,train
dan_1,561,art_painting/person/pic_423.jpg,0,test
dan_1,562,art_painting/giraffe/pic_239.jpg,0,train
dan_1,563,art_painting/person/pic_277.jpg,0,test
dan_1,564,art_painting/giraffe/pic_193.jpg,0,train
dan_1,565,art_painting/guitar/pic_192.jpg,0,test
dan_1,566,art_painting/person/pic_518.jpg,0,train
dan_1,567,art_painting/giraffe/pic_244.jpg,0,test
dan_1,568,art_painting/dog/pic_349.jpg,0,test
dan_1,569,art_painting/house/pic_231.jpg,0,train
dan_1,570,art_painting/guitar/pic_142.jpg,0,train
dan_1,571,art_painting/giraffe/pic_052.jpg,0,test
dan_1,572,art_painting/guitar/pic_193.jpg,0,test
dan_1,573,art_painting/house/pic_091.jpg,0,train
dan_1,574,art_painting/guitar/pic_166.jpg,0,test
dan_1,575,art_painting/house/pic_054.jpg,0,train
dan_1,576,art_painting/horse/pic_042.jpg,0,test
dan_1,577,art_painting/horse/pic_081.jpg,0,train
dan_1,578,art_painting/horse/pic_161.jpg,0,test
dan_1,579,art_painting/house/pic_291.jpg,0,test
dan_1,580,art_painting/person/pic_014.jpg,0,test
dan_1,581,art_painting/dog/pic_372.jpg,0,train
dan_1,582,art_painting/person/pic_109.jpg,0,train
dan_1,583,art_painting/person/pic_027.jpg,0,train
dan_1,584,art_painting/elephant/pic_191.jpg,0,train
dan_1,585,art_painting/horse/pic_232.jpg,0,train
dan_1,586,art_painting/house/pic_219.jpg,0,train
dan_1,587,art_painting/person/pic_327.jpg,0,test
dan_1,588,art_painting/dog/pic_268.jpg,0,train
dan_1,589,art_painting/elephant/pic_156.jpg,0,train
dan_1,590,art_painting/dog/pic_105.jpg,0,test
dan_1,591,art_painting/person/pic_150.jpg,0,test
dan_1,592,art_painting/person/pic_101.jpg,0,train
dan_1,593,art_painting/giraffe/pic_293.jpg,0,train
dan_1,594,art_painting/elephant/pic_177.jpg,0,test
dan_1,595,art_painting/dog/pic_274.jpg,0,train
dan_1,596,art_painting/elephant/pic_016.jpg,0,train
dan_1,597,art_painting/giraffe/pic_191.jpg,0,train
dan_1,598,art_painting/guitar/pic_178.jpg,0,test
dan_1,599,art_painting/house/pic_076.jpg,0,train
dan_1,600,art_painting/person/pic_435.jpg,0,train
dan_1,601,art_painting/dog/pic_384.jpg,0,train
dan_1,602,art_painting/person/pic_303.jpg,0,train
dan_1,603,art_painting/guitar/pic_137.jpg,0,train
dan_1,604,art_painting/dog/pic_377.jpg,0,train
dan_1,605,art_painting/giraffe/pic_307.jpg,0,train
dan_1,606,art_painting/house/pic_315.jpg,0,test
dan_1,607,art_painting/horse/pic_106.jpg,0,train
dan_1,608,art_painting/guitar/pic_108.jpg,0,train
dan_1,609,art_painting/guitar/pic_170.jpg,0,train
dan_1,610,art_painting/house/pic_153.jpg,0,test
dan_1,611,art_painting/person/pic_479.jpg,0,test
dan_1,612,art_painting/person/pic_267.jpg,0,train
dan_1,613,art_painting/person/pic_458.jpg,0,test
dan_1,614,art_painting/person/pic_204.jpg,0,train
dan_1,615,art_painting/person/pic_249.jpg,0,train
dan_1,616,art_painting/elephant/pic_119.jpg,0,train
dan_1,617,art_painting/house/pic_336.jpg,0,train
dan_1,618,art_painting/house/pic_281.jpg,0,test
dan_1,619,art_painting/horse/pic_008.jpg,0,test
dan_1,620,art_painting/person/pic_169.jpg,0,train
dan_1,621,art_painting/giraffe/pic_171.jpg,0,train
dan_1,622,art_painting/person/pic_183.jpg,0,test
dan_1,623,art_painting/dog/pic_123.jpg,0,train
dan_1,624,art_painting/dog/pic_064.jpg,0,train
dan_1,625,art_painting/house/pic_149.jpg,0,test
dan_1,626,art_painting/dog/pic_177.jpg,0,test
dan_1,627,art_painting/dog/pic_167.jpg,0,train
dan_1,628,art_painting/dog/pic_091.jpg,0,train
dan_1,629,art_painting/giraffe/pic_010.jpg,0,test
dan_1,630,art_painting/dog/pic_322.jpg,0,train
dan_1,631,art_painting/guitar/pic_024.jpg,0,train
dan_1,632,art_painting/dog/pic_350.jpg,0,train
dan_1,633,art_painting/guitar/pic_113.jpg,0,train
dan_1,634,art_painting/elephant/pic_106.jpg,0,train
dan_1,635,art_painting/house/pic_121.jpg,0,train
dan_1,636,art_painting/person/pic_194.jpg,0,train
dan_1,637,art_painting/dog/pic_253.jpg,0,test
dan_1,638,art_painting/horse/pic_150.jpg,0,train
dan_1,639,art_painting/horse/pic_034.jpg,0,train
dan_1,640,art_painting/house/pic_103.jpg,0,train
dan_1,641,art_painting/person/pic_208.jpg,0,train
dan_1,642,art_painting/person/pic_263.jpg,0,train
dan_1,643,art_painting/giraffe/pic_009.jpg,0,test
dan_1,644,art_painting/house/pic_136.jpg,0,train
dan_1,645,art_painting/house/pic_198.jpg,0,train
dan_1,646,art_painting/house/pic_074.jpg,0,test
dan_1,647,art_painting/person/pic_097.jpg,0,train
dan_1,648,art_painting/elephant/pic_046.jpg,0,test
dan_1,649,art_painting/horse/pic_125.jpg,0,test
dan_1,650,art_painting/giraffe/pic_271.jpg,0,train
dan_1,651,art_painting/elephant/pic_204.jpg,0,test
dan_1,652,art_painting/giraffe/pic_139.jpg,0,train
dan_1,653,art_painting/house/pic_187.jpg,0,train
dan_1,654,art_painting/horse/pic_099.jpg,0,test
dan_1,655,art_painting/person/pic_405.jpg,0,test
dan_1,656,art_painting/dog/pic_319.jpg,0,train
dan_1,657,art_painting/elephant/pic_161.jpg,0,train
dan_1,658,art_painting/horse/pic_206.jpg,0,train
dan_1,659,art_painting/elephant/pic_198.jpg,0,train
dan_1,660,art_painting/giraffe/pic_253.jpg,0,train
dan_1,661,art_painting/house/pic_298.jpg,0,test
dan_1,662,art_painting/house/pic_261.jpg,0,train
dan_1,663,art_painting/horse/pic_056.jpg,0,test
dan_1,664,art_painting/person/pic_171.jpg,0,test
dan_1,665,art_painting/guitar/pic_187.jpg,0,test
dan_1,666,art_painting/person/pic_545.jpg,0,train
dan_1,667,art_painting/person/pic_107.jpg,0,train
dan_1,668,cartoon/person/pic_113.jpg,0,test
dan_1,669,cartoon/elephant/pic_389.jpg,0,test
dan_1,670,cartoon/person/pic_105.jpg,0,train
dan_1,671,cartoon/house/pic_355.jpg,0,train
dan_1,672,cartoon/horse/pic_189.jpg,0,test
dan_1,673,cartoon/elephant/pic_136.jpg,0,train
dan_1,674,cartoon/house/pic_343.jpg,0,train
dan_1,675,cartoon/giraffe/pic_209.jpg,0,train
dan_1,676,cartoon/giraffe/pic_273.jpg,0,train
dan_1,677,cartoon/horse/pic_257.jpg,0,train
dan_1,678,cartoon/elephant/pic_030.jpg,0,train
dan_1,679,cartoon/dog/pic_108.jpg,0,train
dan_1,680,cartoon/giraffe/pic_244.jpg,0,train
dan_1,681,cartoon/elephant/pic_246.jpg,0,test
dan_1,682,cartoon/person/pic_333.jpg,0,train
dan_1,683,cartoon/giraffe/pic_385.jpg,0,train
dan_1,684,cartoon/dog/pic_325.jpg,0,train
dan_1,685,cartoon/elephant/pic_393.jpg,0,test
dan_1,686,cartoon/elephant/pic_047.jpg,0,test
dan_1,687,cartoon/elephant/pic_180.jpg,0,test
dan_1,688,cartoon/giraffe/pic_360.jpg,0,train
dan_1,689,cartoon/elephant/pic_444.jpg,0,test
dan_1,690,cartoon/dog/pic_140.jpg,0,train
dan_1,691,cartoon/dog/pic_094.jpg,0,train
dan_1,692,cartoon/elephant/pic_135.jpg,0,train
dan_1,693,cartoon/house/pic_257.jpg,0,train
dan_1,694,cartoon/horse/pic_214.jpg,0,train
dan_1,695,cartoon/house/pic_017.jpg,0,train
dan_1,696,cartoon/horse/pic_221.jpg,0,test
dan_1,697,cartoon/horse/pic_092.jpg,0,test
dan_1,698,cartoon/elephant/pic_010.jpg,0,train
dan_1,699,cartoon/guitar/pic_124.jpg,0,train
dan_1,700,cartoon/horse/pic_322.jpg,0,train
dan_1,701,cartoon/guitar/pic_048.jpg,0,train
dan_1,702,cartoon/elephant/pic_091.jpg,0,train
dan_1,703,cartoon/dog/pic_310.jpg,0,train
dan_1,704,cartoon/horse/pic_053.jpg,0,test
dan_1,705,cartoon/person/pic_131.jpg,0,train
dan_1,706,cartoon/elephant/pic_257.jpg,0,train
dan_1,707,cartoon/house/pic_278.jpg,0,test
dan_1,708,cartoon/giraffe/pic_061.jpg,0,test
dan_1,709,cartoon/dog/pic_060.jpg,0,train
dan_1,710,cartoon/elephant/pic_173.jpg,0,train
dan_1,711,cartoon/person/pic_385.jpg,0,train
dan_1,712,cartoon/elephant/pic_350.jpg,0,test
dan_1,713,cartoon/giraffe/pic_192.jpg,0,train
dan_1,714,cartoon/horse/pic_327.jpg,0,train
dan_1,715,cartoon/elephant/pic_471.jpg,0,train
dan_1,716,cartoon/person/pic_020.jpg,0,train
dan_1,717,cartoon/horse/pic_196.jpg,0,train
dan_1,718,cartoon/elephant/pic_316.jpg,0,train
dan_1,719,cartoon/giraffe/pic_173.jpg,0,train
dan_1,720,cartoon/person/pic_216.jpg,0,train
dan_1,721,cartoon/elephant/pic_496.jpg,0,train
dan_1,722,cartoon/elephant/pic_337.jpg,0,train
dan_1,723,cartoon/elephant/pic_244.jpg,0,train
dan_1,724,cartoon/person/pic_078.jpg,0,train
dan_1,725,cartoon/horse/pic_345.jpg,0,train
dan_1,726,cartoon/dog/pic_136.jpg,0,train
dan_1,727,cartoon/horse/pic_355.jpg,0,train
dan_1,728,cartoon/house/pic_317.jpg,0,test
dan_1,729,cartoon/person/pic_025.jpg,0,train
dan_1,730,cartoon/person/pic_055.jpg,0,train
dan_1,731,cartoon/guitar/pic_035.jpg,0,train
dan_1,732,cartoon/dog/pic_171.jpg,0,train
dan_1,733,cartoon/house/pic_252.jpg,0,train
dan_1,734,cartoon/person/pic_129.jpg,0,train
dan_1,735,cartoon/house/pic_286.jpg,0,test
dan_1,736,cartoon/dog/pic_229.jpg,0,train
dan_1,737,cartoon/person/pic_248.jpg,0,train
dan_1,738,cartoon/person/pic_170.jpg,0,train
dan_1,739,cartoon/horse/pic_187.jpg,0,test
dan_1,740,cartoon/house/pic_038.jpg,0,train
dan_1,741,cartoon/house/pic_223.jpg,0,train
dan_1,742,cartoon/giraffe/pic_339.jpg,0,test
dan_1,743,cartoon/person/pic_119.jpg,0,train
dan_1,744,cartoon/person/pic_257.jpg,0,train
dan_1,745,cartoon/house/pic_217.jpg,0,train
dan_1,746,cartoon/elephant/pic_242.jpg,0,train
dan_1,747,cartoon/dog/pic_274.jpg,0,train
dan_1,748,cartoon/dog/pic_398.jpg,0,test
dan_1,749,cartoon/person/pic_190.jpg,0,test
dan_1,750,cartoon/horse/pic_086.jpg,0,train
dan_1,751,cartoon/house/pic_145.jpg,0,train
dan_1,752,cartoon/elephant/pic_254.jpg,0,train
dan_1,753,cartoon/horse/pic_048.jpg,0,train
dan_1,754,cartoon/horse/pic_243.jpg,0,test
dan_1,755,cartoon/horse/pic_121.jpg,0,train
dan_1,756,cartoon/person/pic_167.jpg,0,test
dan_1,757,cartoon/dog/pic_176.jpg,0,test
dan_1,758,cartoon/dog/pic_282.jpg,0,train
dan_1,759,cartoon/elephant/pic_251.jpg,0,train
dan_1,760,cartoon/horse/pic_135.jpg,0,test
dan_1,761,cartoon/person/pic_218.jpg,0,train
dan_1,762,cartoon/elephant/pic_013.jpg,0,train
dan_1,763,cartoon/dog/pic_317.jpg,0,train
dan_1,764,cartoon/horse/pic_297.jpg,0,train
dan_1,765,cartoon/giraffe/pic_090.jpg,0,test
dan_1,766,cartoon/elephant/pic_320.jpg,0,train
dan_1,767,cartoon/person/pic_209.jpg,0,train
dan_1,768,cartoon/elephant/pic_214.jpg,0,train
dan_1,769,cartoon/house/pic_311.jpg,0,test
dan_1,770,cartoon/giraffe/pic_341.jpg,0,train
dan_1,771,cartoon/person/pic_044.jpg,0,train
dan_1,772,cartoon/giraffe/pic_148.jpg,0,train
dan_1,773,cartoon/elephant/pic_374.jpg,0,train
dan_1,774,cartoon/horse/pic_352.jpg,0,test
dan_1,775,cartoon/elephant/pic_154.jpg,0,train
dan_1,776,cartoon/person/pic_425.jpg,0,test
dan_1,777,cartoon/elephant/pic_114.jpg,0,train
dan_1,778,cartoon/horse/pic_364.jpg,0,train
dan_1,779,cartoon/dog/pic_425.jpg,0,train
dan_1,780,cartoon/dog/pic_088.jpg,0,test
dan_1,781,cartoon/person/pic_197.jpg,0,train
dan_1,782,cartoon/house/pic_282.jpg,0,train
dan_1,783,cartoon/dog/pic_427.jpg,0,train
dan_1,784,cartoon/elephant/pic_262.jpg,0,test
dan_1,785,cartoon/horse/pic_118.jpg,0,train
dan_1,786,cartoon/horse/pic_293.jpg,0,test
dan_1,787,cartoon/elephant/pic_362.jpg,0,train
dan_1,788,cartoon/person/pic_210.jpg,0,test
dan_1,789,cartoon/person/pic_372.jpg,0,train
dan_1,790,cartoon/giraffe/pic_267.jpg,0,train
dan_1,791,cartoon/guitar/pic_073.jpg,0,train
dan_1,792,cartoon/house/pic_165.jpg,0,train
dan_1,793,cartoon/person/pic_268.jpg,0,train
dan_1,794,cartoon/house/pic_140.jpg,0,train
dan_1,795,cartoon/giraffe/pic_156.jpg,0,test
dan_1,796,cartoon/horse/pic_264.jpg,0,train
dan_1,797,cartoon/dog/pic_085.jpg,0,train
dan_1,798,cartoon/person/pic_226.jpg,0,test
dan_1,799,cartoon/elephant/pic_184.jpg,0,train
dan_1,800,cartoon/giraffe/pic_030.jpg,0,test
dan_1,801,cartoon/guitar/pic_011.jpg,0,train
dan_1,802,cartoon/elephant/pic_400.jpg,0,test
dan_1,803,cartoon/house/pic_277.jpg,0,test
dan_1,804,cartoon/dog/pic_334.jpg,0,train
dan_1,805,cartoon/dog/pic_393.jpg,0,train
dan_1,806,cartoon/elephant/pic_109.jpg,0,test
dan_1,807,cartoon/elephant/pic_387.jpg,0,train
dan_1,808,cartoon/person/pic_067.jpg,0,train
dan_1,809,cartoon/person/pic_126.jpg,0,train
dan_1,810,cartoon/dog/pic_095.jpg,0,train
dan_1,811,cartoon/dog/pic_028.jpg,0,test
dan_1,812,cartoon/house/pic_321.jpg,0,train
dan_1,813,cartoon/person/pic_418.jpg,0,test
dan_1,814,cartoon/person/pic_261.jpg,0,train
dan_1,815,cartoon/dog/pic_440.jpg,0,test
dan_1,816,cartoon/horse/pic_312.jpg,0,test
dan_1,817,cartoon/elephant/pic_446.jpg,0,train
dan_1,818,cartoon/horse/pic_357.jpg,0,train
dan_1,819,cartoon/giraffe/pic_353.jpg,0,train
dan_1,820,cartoon/dog/pic_038.jpg,0,train
dan_1,821,cartoon/dog/pic_078.jpg,0,test
dan_1,822,cartoon/giraffe/pic_379.jpg,0,train
dan_1,823,cartoon/giraffe/pic_369.jpg,0,train
dan_1,824,cartoon/elephant/pic_405.jpg,0,train
dan_1,825,cartoon/giraffe/pic_260.jpg,0,train
dan_1,826,cartoon/horse/pic_147.jpg,0,train
dan_1,827,cartoon/dog/pic_433.jpg,0,train
dan_1,828,cartoon/elephant/pic_124.jpg,0,test
dan_1,829,cartoon/elephant/pic_416.jpg,0,train
dan_1,830,cartoon/elephant/pic_105.jpg,0,train
dan_1,831,cartoon/house/pic_103.jpg,0,train
dan_1,832,cartoon/elephant/pic_345.jpg,0,test
dan_1,833,cartoon/house/pic_167.jpg,0,test
dan_1,834,cartoon/elephant/pic_479.jpg,0,train
dan_1,835,cartoon/giraffe/pic_373.jpg,0,train
dan_1,836,cartoon/dog/pic_198.jpg,0,test
dan_1,837,cartoon/elephant/pic_187.jpg,0,train
dan_1,838,cartoon/horse/pic_288.jpg,0,train
dan_1,839,cartoon/horse/pic_340.jpg,0,train
dan_1,840,cartoon/giraffe/pic_195.jpg,0,test
dan_1,841,cartoon/house/pic_160.jpg,0,train
dan_1,842,cartoon/person/pic_036.jpg,0,test
dan_1,843,cartoon/horse/pic_332.jpg,0,train
dan_1,844,cartoon/dog/pic_319.jpg,0,train
dan_1,845,cartoon/elephant/pic_327.jpg,0,train
dan_1,846,cartoon/person/pic_035.jpg,0,test
dan_1,847,cartoon/house/pic_014.jpg,0,test
dan_1,848,cartoon/giraffe/pic_019.jpg,0,train
dan_1,849,cartoon/person/pic_320.jpg,0,train
dan_1,850,cartoon/dog/pic_009.jpg,0,test
dan_1,851,cartoon/house/pic_119.jpg,0,train
dan_1,852,cartoon/giraffe/pic_248.jpg,0,test
dan_1,853,cartoon/person/pic_079.jpg,0,train
dan_1,854,cartoon/horse/pic_186.jpg,0,train
dan_1,855,cartoon/person/pic_253.jpg,0,test
dan_1,856,cartoon/person/pic_319.jpg,0,train
dan_1,857,cartoon/guitar/pic_107.jpg,0,train
dan_1,858,cartoon/horse/pic_363.jpg,0,train
dan_1,859,cartoon/giraffe/pic_272.jpg,0,test
dan_1,860,cartoon/giraffe/pic_349.jpg,0,train
dan_1,861,cartoon/dog/pic_083.jpg,0,train
dan_1,862,cartoon/elephant/pic_307.jpg,0,train
dan_1,863,cartoon/dog/pic_354.jpg,0,train
dan_1,864,cartoon/giraffe/pic_212.jpg,0,test
dan_1,865,cartoon/elephant/pic_432.jpg,0,train
dan_1,866,cartoon/person/pic_434.jpg,0,train
dan_1,867,cartoon/person/pic_424.jpg,0,test
dan_1,868,cartoon/guitar/pic_024.jpg,0,train
dan_1,869,cartoon/elephant/pic_450.jpg,0,train
dan_1,870,cartoon/horse/pic_347.jpg,0,train
dan_1,871,cartoon/house/pic_026.jpg,0,test
dan_1,872,cartoon/dog/pic_077.jpg,0,test
dan_1,873,cartoon/elephant/pic_049.jpg,0,train
dan_1,874,cartoon/elephant/pic_346.jpg,0,train
dan_1,875,cartoon/giraffe/pic_320.jpg,0,train
dan_1,876,cartoon/person/pic_377.jpg,0,train
dan_1,877,cartoon/horse/pic_013.jpg,0,train
dan_1,878,cartoon/person/pic_368.jpg,0,train
dan_1,879,cartoon/horse/pic_106.jpg,0,test
dan_1,880,cartoon/dog/pic_265.jpg,0,train
dan_1,881,cartoon/dog/pic_102.jpg,0,train
dan_1,882,cartoon/person/pic_061.jpg,0,test
dan_1,883,cartoon/giraffe/pic_322.jpg,0,train
dan_1,884,cartoon/elephant/pic_354.jpg,0,train
dan_1,885,cartoon/elephant/pic_147.jpg,0,test
dan_1,886,cartoon/house/pic_182.jpg,0,train
dan_1,887,cartoon/giraffe/pic_143.jpg,0,train
dan_1,888,cartoon/horse/pic_132.jpg,0,train
dan_1,889,cartoon/house/pic_007.jpg,0,train
dan_1,890,cartoon/giraffe/pic_226.jpg,0,test
dan_1,891,cartoon/person/pic_265.jpg,0,train
dan_1,892,cartoon/elephant/pic_216.jpg,0,train
dan_1,893,cartoon/elephant/pic_306.jpg,0,train
dan_1,894,cartoon/person/pic_141.jpg,0,train
dan_1,895,cartoon/dog/pic_397.jpg,0,test
dan_1,896,cartoon/dog/pic_008.jpg,0,train
dan_1,897,cartoon/person/pic_409.jpg,0,train
dan_1,898,cartoon/dog/pic_178.jpg,0,test
dan_1,899,cartoon/guitar/pic_020.jpg,0,train
dan_1,900,cartoon/giraffe/pic_219.jpg,0,train
dan_1,901,cartoon/person/pic_203.jpg,0,train
dan_1,902,cartoon/dog/pic_210.jpg,0,train
dan_1,903,cartoon/giraffe/pic_119.jpg,0,train
dan_1,904,cartoon/house/pic_098.jpg,0,test
dan_1,905,cartoon/house/pic_039.jpg,0,train
dan_1,906,cartoon/person/pic_111.jpg,0,test
dan_1,907,cartoon/horse/pic_032.jpg,0,test
dan_1,908,cartoon/horse/pic_157.jpg,0,train
dan_1,909,cartoon/giraffe/pic_216.jpg,0,test
dan_1,910,cartoon/dog/pic_422.jpg,0,train
dan_1,911,cartoon/guitar/pic_016.jpg,0,train
dan_1,912,cartoon/giraffe/pic_113.jpg,0,test
dan_1,913,cartoon/elephant/pic_094.jpg,0,train
dan_1,914,cartoon/horse/pic_188.jpg,0,train
dan_1,915,cartoon/giraffe/pic_127.jpg,0,test
dan_1,916,cartoon/person/pic_449.jpg,0,test
dan_1,917,cartoon/elephant/pic_061.jpg,0,train
dan_1,918,cartoon/dog/pic_190.jpg,0,train
dan_1,919,cartoon/guitar/pic_083.jpg,0,train
dan_1,920,cartoon/person/pic_349.jpg,0,train
dan_1,921,cartoon/elephant/pic_130.jpg,0,train
dan_1,922,cartoon/guitar/pic_069.jpg,0,test
dan_1,923,cartoon/house/pic_093.jpg,0,train
dan_1,924,cartoon/house/pic_228.jpg,0,train
dan_1,925,cartoon/elephant/pic_228.jpg,0,train
dan_1,926,cartoon/dog/pic_329.jpg,0,train
dan_1,927,cartoon/dog/pic_430.jpg,0,train
dan_1,928,cartoon/elephant/pic_054.jpg,0,test
dan_1,929,cartoon/giraffe/pic_317.jpg,0,test
dan_1,930,cartoon/dog/pic_103.jpg,0,test
dan_1,931,cartoon/giraffe/pic_082.jpg,0,train
dan_1,932,cartoon/person/pic_323.jpg,0,test
dan_1,933,cartoon/elephant/pic_302.jpg,0,train
dan_1,934,cartoon/dog/pic_386.jpg,0,train
dan_1,935,cartoon/elephant/pic_113.jpg,0,test
dan_1,936,cartoon/giraffe/pic_383.jpg,0,train
dan_1,937,cartoon/horse/pic_303.jpg,0,test
dan_1,938,cartoon/person/pic_236.jpg,0,train
dan_1,939,cartoon/person/pic_259.jpg,0,test
dan_1,940,cartoon/dog/pic_218.jpg,0,train
dan_1,941,cartoon/person/pic_159.jpg,0,test
dan_1,942,cartoon/horse/pic_173.jpg,0,test
dan_1,943,cartoon/guitar/pic_058.jpg,0,train
dan_1,944,cartoon/person/pic_193.jpg,0,test
dan_1,945,cartoon/house/pic_102.jpg,0,train
dan_1,946,cartoon/giraffe/pic_202.jpg,0,train
dan_1,947,cartoon/person/pic_225.jpg,0,test
dan_1,948,cartoon/house/pic_121.jpg,0,train
dan_1,949,cartoon/guitar/pic_068.jpg,0,test
dan_1,950,cartoon/horse/pic_233.jpg,0,train
dan_1,951,cartoon/giraffe/pic_297.jpg,0,test
dan_1,952,cartoon/dog/pic_139.jpg,0,train
dan_1,953,cartoon/dog/pic_287.jpg,0,train
dan_1,954,cartoon/elephant/pic_021.jpg,0,train
dan_1,955,cartoon/giraffe/pic_100.jpg,0,train
dan_1,956,cartoon/person/pic_302.jpg,0,test
dan_1,957,cartoon/dog/pic_369.jpg,0,train
dan_1,958,cartoon/house/pic_023.jpg,0,test
dan_1,959,cartoon/person/pic_008.jpg,0,train
dan_1,960,cartoon/horse/pic_064.jpg,0,train
dan_1,961,cartoon/dog/pic_180.jpg,0,train
dan_1,962,cartoon/horse/pic_025.jpg,0,train
dan_1,963,cartoon/person/pic_039.jpg,0,train
dan_1,964,cartoon/person/pic_224.jpg,0,train
dan_1,965,cartoon/horse/pic_224.jpg,0,train
dan_1,966,cartoon/house/pic_340.jpg,0,train
dan_1,967,cartoon/elephant/pic_037.jpg,0,train
dan_1,968,cartoon/dog/pic_348.jpg,0,train
dan_1,969,cartoon/dog/pic_419.jpg,0,train
dan_1,970,cartoon/giraffe/pic_160.jpg,0,train
dan_1,971,cartoon/person/pic_052.jpg,0,train
dan_1,972,cartoon/dog/pic_305.jpg,0,train
dan_1,973,cartoon/giraffe/pic_071.jpg,0,train
dan_1,974,cartoon/elephant/pic_032.jpg,0,test
dan_1,975,cartoon/giraffe/pic_013.jpg,0,train
dan_1,976,cartoon/giraffe/pic_318.jpg,0,train
dan_1,977,cartoon/elephant/pic_088.jpg,0,train
dan_1,978,cartoon/person/pic_313.jpg,0,train
dan_1,979,cartoon/giraffe/pic_009.jpg,0,train
dan_1,980,cartoon/guitar/pic_118.jpg,0,train
dan_1,981,cartoon/horse/pic_219.jpg,0,test
dan_1,982,cartoon/giraffe/pic_020.jpg,0,train
dan_1,983,cartoon/house/pic_080.jpg,0,test
dan_1,984,cartoon/horse/pic_131.jpg,0,test
dan_1,985,cartoon/guitar/pic_100.jpg,0,train
dan_1,986,cartoon/horse/pic_336.jpg,0,test
dan_1,987,cartoon/dog/pic_313.jpg,0,train
dan_1,988,cartoon/guitar/pic_076.jpg,0,train
dan_1,989,cartoon/horse/pic_079.jpg,0,test
dan_1,990,cartoon/horse/pic_275.jpg,0,train
dan_1,991,cartoon/house/pic_147.jpg,0,train
dan_1,992,cartoon/horse/pic_267.jpg,0,train
dan_1,993,cartoon/horse/pic_072.jpg,0,test
dan_1,994,cartoon/elephant/pic_435.jpg,0,test
dan_1,995,cartoon/person/pic_452.jpg,0,test
dan_1,996,cartoon/elephant/pic_192.jpg,0,train
dan_1,997,cartoon/giraffe/pic_253.jpg,0,test
dan_1,998,cartoon/elephant/pic_501.jpg,0,train
dan_1,999,cartoon/person/pic_438.jpg,0,train
dan_1,1000,cartoon/house/pic_212.jpg,0,train
dan_1,1001,cartoon/house/pic_347.jpg,0,test
dan_1,1002,e4e9d2a36515c552,1,train
dan_1,1003,b3f931dbd858a133,1,test
dan_1,1004,570b6b92a35155c5,1,train
dan_1,1005,d54ef9b7ff66b2fa,1,train
dan_1,1006,6611ff9d0b6d8208,1,test
dan_1,1007,fb33b8261756862c,1,train
dan_1,1008,90229b1c01abe739,1,train
dan_1,1009,e2ec07ec68799b21,1,train
dan_1,1010,ffeb5561f31be75f,1,train
dan_1,1011,afd7b4afebdc887f,1,test
dan_1,1012,4b48ef3ea4b722c8,1,train
dan_1,1013,a53de5559b222be2,1,test
dan_1,1014,5abd7b9988cd6e93,1,train
dan_1,1015,350e0e32b16b8197,1,test
dan_1,1016,fce4c95ba23799e3,1,train
dan_1,1017,2d129ca5b4cc09e7,1,train
dan_1,1018,ad0435ad522d2447,1,train
dan_1,1019,1e49a893a0cf958a,1,train
dan_1,1020,1a211e47aafde640,1,train
dan_1,1021,1063f27e61d29245,1,train
dan_1,1022,77ebf45f4fc624b3,1,train
dan_1,1023,96726f6e353e2d5b,1,train
dan_1,1024,21134675780c1a39,1,train
dan_1,1025,57ed682a93f3be0e,1,train
dan_1,1026,c12d3ea552a1457e,1,test
dan_1,1027,1787acbffcd5b305,1,train
dan_1,1028,077ef807a42334f9,1,test
dan_1,1029,53ec7ee459bf9bab,1,train
dan_1,1030,1129b060c0a17abf,1,train
dan_1,1031,7d96047bb39f3569,1,train
dan_1,1032,9e45174917022478,1,train
dan_1,1033,4c0e32671b12c279,1,test
dan_1,1034,1550966fb150326a,1,test
dan_1,1035,f0ce2d2c719dc8d6,1,train
dan_1,1036,6c0c03a07ca9ffdb,1,test
dan_1,1037,680f5bd30c6c766a,1,train
dan_1,1038,d5417460de96fbf3,1,test
dan_1,1039,509f41f187295007,1,test
dan_1,1040,b2adbccb551f31a3,1,train
dan_1,1041,5615e723a7f34a1a,1,train
dan_1,1042,b2c52958cef832d9,1,train
dan_1,1043,9577c5ee201768f7,1,train
dan_1,1044,de8ffec89758610d,1,train
dan_1,1045,6397f6a3171f39df,1,train
dan_1,1046,eb289024c62d8e2b,1,train
dan_1,1047,093ba0c1ba62a163,1,train
dan_1,1048,f5e91b4f0c781bbc,1,train
dan_1,1049,f8092b0ce0783522,1,train
dan_1,1050,e998bdf944184def,1,test
dan_1,1051,fb82da5181f2f27f,1,test
dan_1,1052,6f1465e6ffa908dd,1,train
dan_1,1053,b864e647c9e92b59,1,train
dan_1,1054,b23afb6a35bb8893,1,train
dan_1,1055,510faa4534bd9c64,1,train
dan_1,1056,b92143d835420cdc,1,train
dan_1,1057,9818b47773d2e384,1,train
dan_1,1058,358b0db2719779b0,1,test
dan_1,1059,1002199f8c924223,1,train
dan_1,1060,3486e08cba46e171,1,test
dan_1,1061,8e11ec7497ec278a,1,train
dan_1,1062,e725824a8495da94,1,test
dan_1,1063,1db44a56bc228c4d,1,test
dan_1,1064,6a92c8d7b79a39fc,1,train
dan_1,1065,be8d60158851e0ac,1,test
dan_1,1066,d4c646f208f359cb,1,test
dan_1,1067,466d9526cccf465d,1,train
dan_1,1068,3055b94b445f5c8a,1,train
dan_1,1069,5ec0a6312e1ff6b2,1,train
dan_1,1070,4a7a9b300c7e56c7,1,train
dan_1,1071,2fcf7d13d5436e4b,1,test
dan_1,1072,a812bf98ee54bdc8,1,test
dan_1,1073,e92df8b3c1277c24,1,test
dan_1,1074,644ef9804eb62d40,1,test
dan_1,1075,229b570e9670c419,1,train
dan_1,1076,a57b036e4ee44a6a,1,train
dan_1,1077,44a091d7b38dda6f,1,train
dan_1,1078,ba1688b99b03b08d,1,train
dan_1,1079,ad45e4a990424e0f,1,test
dan_1,1080,6cc833e2129060ee,1,test
dan_1,1081,93673fa39241331c,1,train
dan_1,1082,a036e50287661e59,1,train
dan_1,1083,0734c31657c03db9,1,test
dan_1,1084,3ba43ceb290e6805,1,test
dan_1,1085,8c6120a0b9277ded,1,train
dan_1,1086,ff9444ee261a5e81,1,train
dan_1,1087,c514236eb002e1df,1,train
dan_1,1088,6f3609bb25704656,1,test
dan_1,1089,401b28a46d6d40ee,1,test
dan_1,1090,15d3836cde2fc013,1,train
dan_1,1091,c537e17874a65e53,1,test
dan_1,1092,534664412ed7fbb3,1,train
dan_1,1093,1c0201474e4d550b,1,test
dan_1,1094,18c7f0b73adbf3f8,1,train
dan_1,1095,ad00effd7585e083,1,test
dan_1,1096,1f76c442aa913ba4,1,train
dan_1,1097,3bfd056310988cec,1,train
dan_1,1098,a48ca893b3802336,1,test
dan_1,1099,e143fc0b586bdc63,1,train
dan_1,1100,2c09630dbb6616d1,1,test
dan_1,1101,060d2b58c4fd2335,1,train
dan_1,1102,6d13863f72ac6cf7,1,train
dan_1,1103,cc7f1b9913baa0ff,1,train
dan_1,1104,65fd14fa121ce913,1,test
dan_1,1105,b5c95d5f21ab09a4,1,train
dan_1,1106,453a47e7bc936b2a,1,test
dan_1,1107,d2e774029cdc9cd0,1,train
dan_1,1108,c3eb8b9cc2b3d9e6,1,train
dan_1,1109,09c8c0055ca5672b,1,train
dan_1,1110,a4d87bd38ed365f2,1,train
dan_1,1111,8d1c9ecaaa27a654,1,test
dan_1,1112,59f60417147c74bd,1,train
dan_1,1113,261e7d5f8ca044ab,1,train
dan_1,1114,577d1112331c6731,1,test
dan_1,1115,ff764789ca49d185,1,train
dan_1,1116,ab19be96aae26089,1,train
dan_1,1117,ec92e531385ae53f,1,test
dan_1,1118,1bc7248ddcb91b6e,1,train
dan_1,1119,8de6b5cad315ab7f,1,test
dan_1,1120,008eae509eaab5d4,1,test
dan_1,1121,5aaeebbf97ae4a59,1,train
dan_1,1122,d46ababd5edaa6a5,1,train
dan_1,1123,0b6019ffac1af948,1,train
dan_1,1124,a518275c337de189,1,test
dan_1,1125,3b4c45356d3981d6,1,train
dan_1,1126,a19f6ec4d90bab1b,1,train
dan_1,1127,3accffd8d2ec2abb,1,train
dan_1,1128,0b7e0d071b5fd9d7,1,train
dan_1,1129,02707c390bef896f,1,train
dan_1,1130,0a6bd19e2ab2be86,1,train
dan_1,1131,e25fc1de0f642b1f,1,test
dan_1,1132,aca4f73e2f585065,1,test
dan_1,1133,1c5c4269ee37b76b,1,test
dan_1,1134,28775dbba0114d04,1,train
dan_1,1135,fdd7076b7ffc0471,1,test
dan_1,1136,ba9714267d79839c,1,train
dan_1,1137,e25e9862fa5a673c,1,train
dan_1,1138,6521061abec002c8,1,train
dan_1,1139,b132882f1ff6b6e9,1,train
dan_1,1140,3040cabbd7473e61,1,train
dan_1,1141,e29b2c0ad006f628,1,train
dan_1,1142,407908bab38a5f66,1,test
dan_1,1143,ce4dbc39b2f9456a,1,test
dan_1,1144,2c3171866e5e191a,1,test
dan_1,1145,ff36c17b15b279f0,1,train
dan_1,1146,16b6f3babe0d321d,1,train
dan_1,1147,1e3ef06807363152,1,test
dan_1,1148,d500b8f3cd355808,1,train
dan_1,1149,71d1b68973f028f5,1,train
dan_1,1150,2097317806244e39,1,train
dan_1,1151,04ec9588abc737ca,1,train
dan_1,1152,9de3657164b83ae9,1,train
dan_1,1153,24dccefdd32f984f,1,train
dan_1,1154,40bc403008bd6c2d,1,train
dan_1,1155,4fcd8879c5e1816e,1,train
dan_1,1156,32d05908ffdd73b7,1,train
dan_1,1157,703ae49e94defa34,1,train
dan_1,1158,576560781a7c3441,1,train
dan_1,1159,80c0f76bfc97319c,1,train
dan_1,1160,a1b79cfae8dea97c,1,train
dan_1,1161,00d78431ea9880fd,1,train
dan_1,1162,5c17b7cdd03059c7,1,train
dan_1,1163,e3edd1d36cbfde57,1,train
dan_1,1164,aeb02066710e4e3d,1,train
dan_1,1165,0270fed3e63f3647,1,train
dan_1,1166,c197f9655cd71310,1,train
dan_1,1167,26f5961559292188,1,train
dan_1,1168,6413ff7d7d471d76,1,test
dan_1,1169,cea8e87b34b310c8,1,train
dan_1,1170,3e6c146fbe16a79f,1,train
dan_1,1171,46cb98038d5614d4,1,train
dan_1,1172,c275d6775ff5e1c6,1,train
dan_1,1173,ab3bd7d8ea2893cc,1,train
dan_1,1174,f1b3a6a3add0b6fc,1,train
dan_1,1175,5b27d138e731acf7,1,train
dan_1,1176,a2bb54ed950b04d9,1,train
dan_1,1177,18e95bbd8955f263,1,train
dan_1,1178,219999dc57609ba7,1,train
dan_1,1179,beaa293ce691dcf7,1,test
dan_1,1180,eef9ebe4f5f4f9d6,1,test
dan_1,1181,e576698eacc21509,1,train
dan_1,1182,2bf36c7be5ffbd2f,1,test
dan_1,1183,5bef47ad0d1e7460,1,train
dan_1,1184,c66f8534dca0642d,1,train
dan_1,1185,8784f8be0691cf06,1,test
dan_1,1186,e09ff9f08294b97c,1,train
dan_1,1187,1089d408dcb54e23,1,train
dan_1,1188,67fd43eac372bd08,1,train
dan_1,1189,d3cf87c95862f22a,1,train
dan_1,1190,86352d95dc30169f,1,test
dan_1,1191,7ef4e769fd786e6f,1,test
dan_1,1192,7999ba23a000f84a,1,test
dan_1,1193,46fae1dc1c71678e,1,test
dan_1,1194,95a533aa69dc9216,1,train
dan_1,1195,6f819a0109bc5651,1,train
dan_1,1196,155d52dc5cc72db1,1,train
dan_1,1197,dab5646e04fc22e5,1,train
dan_1,1198,e054dc291f8b6c17,1,train
dan_1,1199,71fbab1a579a1045,1,train
dan_1,1200,bbf09fd52346c29a,1,train
dan_1,1201,44c01f8547735f19,1,train
dan_1,1202,d065fbe096f639c5,1,test
dan_1,1203,288864cfd396c96b,1,train
dan_1,1204,255e9dd9be642803,1,train
dan_1,1205,b210e54c2bd2937a,1,test
dan_1,1206,45fc1084860cb7fa,1,train
dan_1,1207,f262b6832c34e7fa,1,test
dan_1,1208,ea57fad91ba5f5c7,1,test
dan_1,1209,30231ebad0c2c867,1,train
dan_1,1210,250a58267e686c87,1,train
dan_1,1211,8458ecfc8fe2094b,1,train
dan_1,1212,a68a96d3e6f014a7,1,test
dan_1,1213,a0191c6b4f61f32d,1,test
dan_1,1214,2afc4dba8c042eba,1,train
dan_1,1215,c4c6479e5c042081,1,train
dan_1,1216,722a513debd9b1b0,1,train
dan_1,1217,d4dc981b0f3196dc,1,test
dan_1,1218,9845fa3984d72947,1,train
dan_1,1219,5ef8819db4b38778,1,train
dan_1,1220,187cf1290650d683,1,test
dan_1,1221,743ed873dda7f35c,1,train
dan_1,1222,c0bb9d6cfa04c89b,1,train
dan_1,1223,5ea28ad9ee5b3ef7,1,test
dan_1,1224,005e9f1c0b0a3e28,1,train
dan_1,1225,18ceba55ccfc3e8c,1,train
dan_1,1226,298bf0cd9174635f,1,train
dan_1,1227,e1131eaf1d30d5ef,1,test
dan_1,1228,84e2f51ea465d5fc,1,test
dan_1,1229,80194daf02615af1,1,train
dan_1,1230,2ae1bce20608ed6d,1,train
dan_1,1231,a287676228cffec1,1,train
dan_1,1232,a32a3f9dcb0df2bf,1,test
dan_1,1233,66b70c2e078e95ea,1,test
dan_1,1234,8d37b930cfee88c7,1,train
dan_1,1235,49f7c752e5ace3e2,1,train
dan_1,1236,e4a453be3f07799e,1,test
dan_1,1237,52b59ee73d92f3d2,1,train
dan_1,1238,5c79fedfb14b70eb,1,train
dan_1,1239,51a7faa32207e141,1,test
dan_1,1240,16176089460d6d4e,1,train
dan_1,1241,1815995d918b3929,1,test
dan_1,1242,84435b15256af875,1,train
dan_1,1243,9a9c34b2f367ecad,1,train
dan_1,1244,8cbc47362fcbe75e,1,train
dan_1,1245,b50be0908851c807,1,train
dan_1,1246,dfb2340056758a09,1,train
dan_1,1247,5d18f532fe2f9076,1,test
dan_1,1248,8c5481549b32ce94,1,train
dan_1,1249,f763fc3396fd9284,1,train
dan_1,1250,988ba740aa3cd99a,1,test
dan_1,1251,cfd34fbb925ce923,1,train
dan_1,1252,59a63baaeb85cd8d,1,train
dan_1,1253,a910846eded9bd5c,1,train
dan_1,1254,90e43ee48d0e238d,1,train
dan_1,1255,aab438a58e3059b4,1,train
dan_1,1256,e2b7334fed24f4cb,1,train
dan_1,1257,92edc655c71c242f,1,train
dan_1,1258,881426d67c542e9e,1,train
dan_1,1259,596dbe41111af750,1,train
dan_1,1260,a48ff7eea540d89a,1,train
dan_1,1261,d958f2b1dbce83ee,1,test
dan_1,1262,a8a65b843d788660,1,train
dan_1,1263,9ef0ef66ff3398e5,1,train
dan_1,1264,3fc797f80c9cc3ba,1,train
dan_1,1265,31bb9fa0d52604cc,1,test
dan_1,1266,3222d9c72cbfb1f2,1,train
dan_1,1267,d21b91d1f01a45fe,1,test
dan_1,1268,a1edbc0c73115a70,1,train
dan_1,1269,c02e8a71611736cd,1,train
dan_1,1270,5cb74ad06c425b5e,1,train
dan_1,1271,59731fd176485c3a,1,test
dan_1,1272,61c871318a9f19aa,1,test
dan_1,1273,be450d9af6fe07dd,1,test
dan_1,1274,2fdb05d065827633,1,test
dan_1,1275,8a3115cfdfdce1e7,1,train
dan_1,1276,b1eb143eabed9935,1,train
dan_1,1277,d16c1fd1fd53ca5d,1,train
dan_1,1278,a92075d5135c83ef,1,train
dan_1,1279,63a002a42074a5dc,1,test
dan_1,1280,3ace8d1b4a274cd0,1,test
dan_1,1281,192a8d8c1be7ade1,1,test
dan_1,1282,abd9a2599d0cefd9,1,train
dan_1,1283,27732933537b0ba0,1,train
dan_1,1284,58f80d6691b814ca,1,train
dan_1,1285,e52722292b7e83e0,1,test
dan_1,1286,78564e53a03e395a,1,train
dan_1,1287,923cb121c162d326,1,train
dan_1,1288,d5b3005271ab4d7c,1,train
dan_1,1289,8fd4482ee20e5eba,1,test
dan_1,1290,24407e7175cc8fcd,1,test
dan_1,1291,d16f6383295f6ca1,1,train
dan_1,1292,26006b982c21290e,1,train
dan_1,1293,2c66a2aba2a3e7fd,1,train
dan_1,1294,d996869e993be98b,1,train
dan_1,1295,c874c68e5a917a92,1,train
dan_1,1296,9f4d5d89c7c67e8a,1,train
dan_1,1297,737e56e473452424,1,train
dan_1,1298,a5211c8a645e98e9,1,train
dan_1,1299,84af32b41d61d7ec,1,train
dan_1,1300,ad12bd362cb8f37b,1,test
dan_1,1301,9ba56152d87be9a3,1,train
dan_1,1302,0b4971e804004628,1,train
dan_1,1303,ccc534563b5f4903,1,train
dan_1,1304,d483037819f54e7f,1,test
dan_1,1305,44630cf9dd54d33a,1,train
dan_1,1306,9ea8eb38cecad735,1,test
dan_1,1307,c7fc5af7d07234a1,1,test
dan_1,1308,77c2d4507cd8943e,1,train
dan_1,1309,7b13ecc023f5159d,1,train
dan_1,1310,854c590c943c13d9,1,test
dan_1,1311,84dee2a4aba65c2a,1,train
dan_1,1312,7c6f203ab48a4c99,1,train
dan_1,1313,143df580b1714511,1,test
dan_1,1314,a2a026d595426cec,1,train
dan_1,1315,f556a46b33d45ff9,1,train
dan_1,1316,a31fa6c3efef241d,1,test
dan_1,1317,cd8392b6645cb1b0,1,train
dan_1,1318,40790331d86ae714,1,test
dan_1,1319,080fb216ef237bad,1,train
dan_1,1320,8f2787126a213433,1,train
dan_1,1321,21a702ca03d9b4bd,1,test
dan_1,1322,a116d1fb143f641c,1,test
dan_1,1323,9abff980dd1d2627,1,train
dan_1,1324,2c4a1131faffe063,1,train
dan_1,1325,4cd9b862d53041af,1,test
dan_1,1326,8b2137c45b19d751,1,train
dan_1,1327,8424acbc947b8598,1,train
dan_1,1328,6b7e300b0f0bb76e,1,train
dan_1,1329,b1caeac71a46c1c7,1,train
dan_1,1330,292193d39bf10940,1,train
dan_1,1331,727228a2d6a9f33d,1,train
dan_1,1332,3fb0abd776231824,1,train
dan_1,1333,975b091c740a0207,1,train
dan_1,1334,c99ef337029c86dd,1,test
dan_1,1335,226e4c43a9dd8963,1,train
dan_1,1336,165e6995ffcbdc40,1,test
dan_1,1337,4c92bbf4c140130d,1,test
dan_1,1338,ad0cc69a51133fed,1,train
dan_1,1339,c1a00b01ac0e1156,1,train
dan_1,1340,875cd117f9689fab,1,test
dan_1,1341,df0cacd953a28e09,1,train
dan_1,1342,0057f0350d968016,1,train
dan_1,1343,68c6d20dea190d23,1,test
dan_1,1344,01cbad70ab2446af,1,train
dan_1,1345,4f465164764c85cc,1,train
dan_1,1346,0d30bafbe6f4ee3b,1,test
dan_1,1347,4634005be7431913,1,test
dan_1,1348,b1d3dd2b13f70429,1,train
dan_1,1349,67d787a9777d09cc,1,train
dan_1,1350,61ae51cdc57fadef,1,train
dan_1,1351,80d4dcff6f3985d2,1,test
dan_1,1352,c3ff217302f0ba54,1,train
dan_1,1353,1793ec749a2218d0,1,test
dan_1,1354,3bd3236f5b2e3674,1,train
dan_1,1355,76e5bcc8a9c0ca8a,1,train
dan_1,1356,56190c6e9538e1e9,1,train
dan_1,1357,eefe6562a6c7df2c,1,train
dan_1,1358,79ce89d47bdffb21,1,test
dan_1,1359,55226abf47cb164c,1,test
dan_1,1360,4476472fead4ca0f,1,train
dan_1,1361,1c3561dabd5de9b2,1,train
dan_1,1362,5059020cdd94d839,1,test
dan_1,1363,56008cb88a5ceb32,1,train
dan_1,1364,bafe698701f824b2,1,train
dan_1,1365,385ae8b97e5f9db3,1,train
dan_1,1366,28f37e7dfbb0f1f0,1,train
dan_1,1367,55520149a32c6890,1,test
dan_1,1368,373802d603643f26,1,train
dan_1,1369,c9ac0b17099db188,1,train
dan_1,1370,ae38bbf9b4a8d1a6,1,train
dan_1,1371,344636892c19ed3b,1,test
dan_1,1372,3a76ff5bdaca14f8,1,train
dan_1,1373,1e300b77ce004bd8,1,test
dan_1,1374,3ece688becb80c31,1,test
dan_1,1375,a065a19b5cd5987f,1,train
dan_1,1376,81734c2a5724d8c1,1,train
dan_1,1377,dc31e02b1ac40847,1,train
dan_1,1378,9680700059aed0ef,1,test
dan_1,1379,7b31bf0b810e60e2,1,train
dan_1,1380,9be731e53b8f8547,1,train
dan_1,1381,6ab728a6d2d36e06,1,train
dan_1,1382,0d7486fec5e7f30b,1,test
dan_1,1383,a67c07a31e9169b6,1,train
dan_1,1384,5acb1fab844c3ef7,1,test
dan_1,1385,d44d331cb674e848,1,train
dan_1,1386,0e6c8b66616a1766,1,train
dan_1,1387,f5f02f7440ff3f41,1,train
dan_1,1388,56ff18573313dba8,1,test
dan_1,1389,f04dcfa3936cd0e0,1,test
dan_1,1390,6a4fd245f713a99c,1,train
dan_1,1391,d09d04276f39f83d,1,train
dan_1,1392,84c9508770b96330,1,train
dan_1,1393,cf8150d68b0f7f16,1,test
dan_1,1394,575b094070bdbc1e,1,train
dan_1,1395,3e12c3f626200b09,1,test
dan_1,1396,831c0ccc04d78c38,1,train
dan_1,1397,9dd4a465a9c10728,1,train
dan_1,1398,0dcd3f8f545cb8da,1,test
dan_1,1399,9014015a75be2119,1,train
dan_1,1400,29617403325996d4,1,train
dan_1,1401,dd5385b7d5797606,1,train
dan_1,1402,55928eac84a6ed46,1,train
dan_1,1403,b677ac4275eb4568,1,train
dan_1,1404,0f4923469f3e0c08,1,train
dan_1,1405,0a35ebdd22cf2b83,1,train
dan_1,1406,9bb2d1365c946159,1,test
dan_1,1407,fa5a5afa330f8128,1,train
dan_1,1408,27c28837bbc4e648,1,train
dan_1,1409,3645b8cab917ffc6,1,train
dan_1,1410,dac7bbf98cd8bb6a,1,train
dan_1,1411,2aa05540d467635d,1,train
dan_1,1412,f6b3813bda883567,1,test
dan_1,1413,649774e0d027a4ea,1,test
dan_1,1414,2c7ca39481664553,1,train
dan_1,1415,647b45826810d1ca,1,train
dan_1,1416,17ffd09dd9ce24bc,1,test
dan_1,1417,f9ee55ed8713634f,1,train
dan_1,1418,288fa6d1dae1ff46,1,train
dan_1,1419,0710d9539e7b652e,1,train
dan_1,1420,cd164f3485770849,1,test
dan_1,1421,4220008971d37fed,1,train
dan_1,1422,084b6c0183f0b865,1,train
dan_1,1423,b12e08d896fcc6b8,1,train
dan_1,1424,bb7badf6b26ce60c,1,test
dan_1,1425,7bd66c0ee9c2db29,1,test
dan_1,1426,c4a959801454d6c8,1,test
dan_1,1427,b8c716c7224e47f4,1,test
dan_1,1428,e35939d47028c092,1,train
dan_1,1429,8ab876611fad6477,1,test
dan_1,1430,b2df5f04a092232f,1,train
dan_1,1431,db541d4c0cc3e04d,1,train
dan_1,1432,693e6beae31839eb,1,train
dan_1,1433,203c9d768479db67,1,train
dan_1,1434,fa9397a23fdf7619,1,test
dan_1,1435,80c72d77b9d9cd2b,1,train
dan_1,1436,b4a881ab8030502b,1,test
dan_1,1437,9c239aeb7c07d517,1,train
dan_1,1438,266861676a1dbaa7,1,train
dan_1,1439,5f2c4e17ca8b2ddc,1,train
dan_1,1440,b6b582c38c956f3d,1,train
dan_1,1441,10f37c4d1f594d6b,1,train
dan_1,1442,5c5260ac0012cfa8,1,train
dan_1,1443,3d21d5542507cb59,1,train
dan_1,1444,44fc7cf07bc1c0d4,1,train
dan_1,1445,c33f424965290884,1,test
dan_1,1446,1c2acafb53dae2c8,1,train
dan_1,1447,4f64190ea493175b,1,test
dan_1,1448,551c796348990412,1,test
dan_1,1449,e1fe3510584ec49e,1,train
dan_1,1450,4491cfe67e2f6d90,1,test
dan_1,1451,9ecd003ce9ff9814,1,train
dan_1,1452,9e635a189d339086,1,train
dan_1,1453,8eb52d474f56e406,1,train
dan_1,1454,ca5e0c2804707629,1,train
dan_1,1455,cfc02e157eb7211c,1,train
dan_1,1456,733e1c3527ead68e,1,train
dan_1,1457,e761b4ee44a121e3,1,test
dan_1,1458,2ec4301d84438b24,1,train
dan_1,1459,a46afbc70908de8f,1,train
dan_1,1460,6f1cc1f5ba831a06,1,train
dan_1,1461,0c1ef04be9746757,1,train
dan_1,1462,ee0635d5dae7243a,1,train
dan_1,1463,742b017ed97c0548,1,train
dan_1,1464,f0c9b3a805f90613,1,test
dan_1,1465,8d2871a045f8b1e2,1,test
dan_1,1466,82bfb2136502b61a,1,train
dan_1,1467,d8d02cfd0642472f,1,train
dan_1,1468,5ff964f596558b14,1,train
dan_1,1469,3f9454e9a9c812a4,1,test
dan_1,1470,2fd8b8b1f05c26e6,1,test
dan_1,1471,c81878a2cea5d3b0,1,train
dan_1,1472,2cdfe4104a36fa9c,1,test
dan_1,1473,e5a0167d2034e09d,1,train
dan_1,1474,9a90aed6dcbabb0f,1,train
dan_1,1475,4d4252ad4e19034b,1,test
dan_1,1476,7087f8d336c46b65,1,test
dan_1,1477,ad3787256512aea3,1,train
dan_1,1478,92a1b4e9db2397a4,1,test
dan_1,1479,7986f13a0c41faf9,1,test
dan_1,1480,fbba421b5cd815f4,1,train
dan_1,1481,1e86647ec855e479,1,train
dan_1,1482,c6da475ccf646bfd,1,test
dan_1,1483,a5375a92bf6cd217,1,train
dan_1,1484,a790c7380f0b6098,1,train
dan_1,1485,0cdde5dfca5b266d,1,test
dan_1,1486,f79b2015dfa7fc05,1,test
dan_1,1487,2f0323f5db9e1cdf,1,train
dan_1,1488,b8c58deab5ddbf1a,1,train
dan_1,1489,f2d51bac3e4dc3eb,1,test
dan_1,1490,bee5f31a2df5ee05,1,test
dan_1,1491,3741f8185ad958ba,1,test
dan_1,1492,dbb3244ad5102498,1,test
dan_1,1493,aa3a6a477d918529,1,train
dan_1,1494,2f8fa4e1ca21109e,1,train
dan_1,1495,a69f362759faccb2,1,train
dan_1,1496,068a61beaf911b35,1,test
dan_1,1497,d26f5d61dcf6995c,1,test
dan_1,1498,30b08ed51fec76d6,1,train
dan_1,1499,290497dc14487144,1,train
dan_1,1500,43614815a3ccffba,1,train
dan_1,1501,9b44e2135074f1b4,1,train
dan_1,1502,5910d347edc5fde1,1,train
dan_1,1503,764cb00ce4198144,1,train
dan_1,1504,e12595957df47a1d,1,test
dan_1,1505,14c0d10102b63a65,1,test
dan_1,1506,9516a96d9ae7c7ca,1,train
dan_1,1507,dd7d5605685ba646,1,test
dan_1,1508,82a71c779b6156f9,1,train
dan_1,1509,88677d8e893af6f7,1,train
dan_1,1510,226cbd758eaf0776,1,train
dan_1,1511,e1cae857d69b3ac9,1,train
dan_1,1512,8153ad128f393176,1,train
dan_1,1513,0cffe410ee343291,1,test
dan_1,1514,6cba477972b4b174,1,test
dan_1,1515,52ffda57a98b4f3b,1,train
dan_1,1516,cfd71c6f087d4293,1,train
dan_1,1517,f1add985ffa01f81,1,train
dan_1,1518,7b984080e29166d5,1,test
dan_1,1519,f666cdb9a51230ab,1,train
dan_1,1520,a5a5fd23ff0cce19,1,train
dan_1,1521,ab3f2fe915bcac54,1,train
dan_1,1522,c5718e5d578c0ba4,1,train
dan_1,1523,438e68bbc6a85301,1,train
dan_1,1524,c21929e7b5fa7fb8,1,test
dan_1,1525,e8e03dd0cf1cb42e,1,test
dan_1,1526,4f9cf7fc06d34353,1,test
dan_1,1527,93c2c1de0521505c,1,test
dan_1,1528,7de11ceffb4712f6,1,train
dan_1,1529,e5d67b6c04aacc7d,1,test
dan_1,1530,93a1fa67de597240,1,train
dan_1,1531,d389b8cbdc92c5fb,1,train
dan_1,1532,163e3f41eec4f958,1,train
dan_1,1533,d1fa840222dad16b,1,train
dan_1,1534,f956916b6f2b4f2f,1,train
dan_1,1535,862712af2b3c44a5,1,train
dan_1,1536,b84b332518085082,1,train
dan_1,1537,d7e9440ad020ad73,1,train
dan_1,1538,9c049afb6ebe8967,1,train
dan_1,1539,9b821ce14bc80872,1,test
dan_1,1540,f7e76e65f17c6119,1,test
dan_1,1541,c872e4772263f28c,1,train
dan_1,1542,f1b93f0f7db41f9c,1,test
dan_1,1543,a9c78e536aabdee6,1,train
dan_1,1544,6d202da316f9be62,1,train
dan_1,1545,f4844262add6e40e,1,train
dan_1,1546,7c2c63fbad2bcd74,1,train
dan_1,1547,b307a2d406b93215,1,train
dan_1,1548,1def6a1eb4c4ab1a,1,test
dan_1,1549,9bd06d3273c93860,1,train
dan_1,1550,30e104a8c5859903,1,train
dan_1,1551,c02b317ad408ca37,1,train
dan_1,1552,a30cb5af94bd81b4,1,train
dan_1,1553,c742145351ae722c,1,train
dan_1,1554,9312c2c09c09ce8b,1,test
dan_1,1555,de30f8518171dd4d,1,train
dan_1,1556,472d402d69bad096,1,train
dan_1,1557,64fe6a08fc4df94d,1,train
dan_1,1558,d48cf96fbceb47ea,1,test
dan_1,1559,164561d3de7fbdfb,1,train
dan_1,1560,e9c7016bb8e272eb,1,test
dan_1,1561,b5aa3d9e70e17ad2,1,test
dan_1,1562,f965eb5d07163a42,1,test
dan_1,1563,a87ff7b61944d5cf,1,test
dan_1,1564,b513d9851ed21dff,1,train
dan_1,1565,a6f4832e13f45e9d,1,train
dan_1,1566,3f9ed6a3e3cefc3e,1,test
dan_1,1567,486b53b62907e057,1,train
dan_1,1568,03f1fd18a2fa24b2,1,train
dan_1,1569,28a9d5c11cfabba2,1,train
dan_1,1570,7cad948e74ce2348,1,train
dan_1,1571,7f7fc0e103f71550,1,train
dan_1,1572,e866447cc18e9e61,1,test
dan_1,1573,8d11020a9bd40149,1,train
dan_1,1574,9bba2c9b698d89f6,1,test
dan_1,1575,508f61cc18e298df,1,train
dan_1,1576,ba824d50ecd58d6c,1,train
dan_1,1577,2d7c916a83605702,1,train
dan_1,1578,63cdfb94dd4005ca,1,train
dan_1,1579,b81c3c558ff68584,1,train
dan_1,1580,1b4f2b6775e18f5b,1,train
dan_1,1581,9e380132cd524bf8,1,train
dan_1,1582,90714152f622cd2d,1,train
dan_1,1583,a498093d7f6a431a,1,test
dan_1,1584,1801af42418cd202,1,train
dan_1,1585,b9395162c279b8fa,1,train
dan_1,1586,0ed4fd7f8a027bcc,1,train
dan_1,1587,65b3a1bc52469463,1,train
dan_1,1588,2c88648b8ef86805,1,test
dan_1,1589,cdfce9ded8b3e8f1,1,test
dan_1,1590,81bfd8b74066b7ff,1,train
dan_1,1591,5cad2107ee31af20,1,test
dan_1,1592,4d78f41861ed66bf,1,train
dan_1,1593,19d6f25b5b7f71dd,1,train
dan_1,1594,662984c79fa3c088,1,train
dan_1,1595,50c18e3c838c4105,1,train
dan_1,1596,508d5a35b2317a5e,1,train
dan_1,1597,82dba691bff2b35f,1,train
dan_1,1598,a421b70b4680f0dc,1,train
dan_1,1599,d2b8740740025039,1,test
dan_1,1600,822c228288082d7d,1,train
dan_1,1601,ddf9bd0c40718dcb,1,test
dan_1,1602,f6e8f27e22b2d32b,1,train
dan_1,1603,220ee75e3372f9e6,1,train
dan_1,1604,9060270d389cd295,1,train
dan_1,1605,8b5b74d1c3103982,1,test
dan_1,1606,408037fdcaa63e1b,1,train
dan_1,1607,bb9f145ba7a0bc48,1,train
dan_1,1608,dd61cb7930b332a7,1,test
dan_1,1609,3b0b17495121d6ad,1,test
dan_1,1610,30ffb45225688e47,1,train
dan_1,1611,1a69e88dcb7a6ac6,1,train
dan_1,1612,62f956d110a43588,1,test
dan_1,1613,454b92f556b58c5f,1,train
dan_1,1614,1f7c22cbf95b558c,1,train
dan_1,1615,9aaded097da23306,1,train
dan_1,1616,8315e9dda3c3882b,1,train
dan_1,1617,41a0e5876bdfebf2,1,train
dan_1,1618,982f1c092bf7ae73,1,train
dan_1,1619,be8da965cac298b4,1,test
dan_1,1620,0b27852d275ba5ca,1,test
dan_1,1621,25e2c96fe427440a,1,test
dan_1,1622,8e411838e7c6914e,1,test
dan_1,1623,d1ab7a2b4b7f6d89,1,train
dan_1,1624,4c90bfc7301da826,1,train
dan_1,1625,cd6564cd4396436a,1,train
dan_1,1626,42cafabc59f9157c,1,train
dan_1,1627,3a5b3f37f8a8a0ec,1,train
dan_1,1628,767e2f527b060cb7,1,train
dan_1,1629,76f9d103833c8dc2,1,train
dan_1,1630,33cdf2f0a401bfe7,1,test
dan_1,1631,c982616be2602dd1,1,train
dan_1,1632,b15cd2d480315020,1,test
dan_1,1633,1848c4f4a2672657,1,train
dan_1,1634,df662afa8926b527,1,train
dan_1,1635,5af0e8c8eb0e3bac,1,test
dan_1,1636,e8a454e21cb6fa46,1,train
dan_1,1637,e294f69905637747,1,test
dan_1,1638,cd478e7bb4ad49cc,1,test
dan_1,1639,7716154a0108eb55,1,test
dan_1,1640,57b904a1984b17e9,1,test
dan_1,1641,985fd35dd04bb01a,1,test
dan_1,1642,90a07173ebad2c19,1,train
dan_1,1643,1eb3bc659926f1c1,1,train
dan_1,1644,d8c1369cc8595b53,1,train
dan_1,1645,0b2cf0dfec1af5db,1,train
dan_1,1646,98d482e65dc8cd5b,1,train
dan_1,1647,cb6c49966ff6649a,1,train
dan_1,1648,cfe5e07a5670125c,1,train
dan_1,1649,9f2372277016500d,1,test
dan_1,1650,93ac81d9a1231776,1,train
dan_1,1651,47db9406c181db2a,1,train
dan_1,1652,37f36dd113da782e,1,train
dan_1,1653,913fc966850b9d9b,1,train
dan_1,1654,8e57f87649124e03,1,train
dan_1,1655,d7a9c50f5edb76ef,1,train
dan_1,1656,af75a42dd29cba54,1,train
dan_1,1657,7554ffe163a98331,1,train
dan_1,1658,ffab5b12f27d6b6e,1,train
dan_1,1659,8d6386b31e1a125d,1,train
dan_1,1660,bc7ec9db1f515232,1,test
dan_1,1661,abe9942cdcc9dd45,1,train
dan_1,1662,07e8b770f6fe56d0,1,train
dan_1,1663,522f2431fa64cab3,1,train
dan_1,1664,14fb8798b06cccbb,1,train
dan_1,1665,217093e5e544e3ca,1,test
dan_1,1666,3176cc49cd770c95,1,train
dan_1,1667,cfc9ebfd42e49916,1,train
dan_1,1668,4c4436892f34cc49,1,train
dan_1,1669,68419a8e7b60b572,1,test
dan_1,1670,c1bcd646425ff346,1,train
dan_1,1671,6b81dada330ca6de,1,test
dan_1,1672,d067640d60539ba3,1,train
dan_1,1673,b4e38768a46cbbd3,1,test
dan_1,1674,8fac8d57e2e72564,1,test
dan_1,1675,7163a64ecb8555d2,1,train
dan_1,1676,af13affbc22986b5,1,train
dan_1,1677,c374ab6f161f2741,1,test
dan_1,1678,aaba2ebd1b76a690,1,test
dan_1,1679,9681f8efec9d8941,1,test
dan_1,1680,14576e83bbcdb01a,1,train
dan_1,1681,ffdc4b4a22db93fe,1,train
dan_1,1682,ba75626e3fb0a91a,1,train
dan_1,1683,b14a441e8e95f26d,1,train
dan_1,1684,ccad61b985c7da82,1,train
dan_1,1685,1255b6def9af6447,1,train
dan_1,1686,6cc28bf56127bbd3,1,train
dan_1,1687,17bc48ca49e0d39c,1,train
dan_1,1688,b4cbf4439a080abb,1,train
dan_1,1689,bb08bbee08520a23,1,train
dan_1,1690,2bde8189fee40da4,1,train
dan_1,1691,f098d5e9a13cd5a1,1,train
dan_1,1692,51bd5ce8bb98d7d9,1,train
dan_1,1693,cc21308e5ec29042,1,train
dan_1,1694,bc09e890a0b1f5a0,1,train
dan_1,1695,5a8501ae92104a5b,1,test
dan_1,1696,87c5689e704eeffc,1,train
dan_1,1697,e0c241f64f7cfa76,1,train
dan_1,1698,188c0cabc7194b6c,1,train
dan_1,1699,9b076c880779e903,1,train
dan_1,1700,41ab30a9177b79c7,1,test
dan_1,1701,8528ac82e51dede7,1,train
dan_1,1702,91e00ff6d42ac97a,1,train
dan_1,1703,070f852e07c14237,1,train
dan_1,1704,bcb6d09772108b0c,1,train
dan_1,1705,0efb2f8a4a70efbd,1,test
dan_1,1706,16c7269371d79c0a,1,train
dan_1,1707,5903bff2e3ab0192,1,train
dan_1,1708,34e34aba5f983a21,1,train
dan_1,1709,1dc6f78f1a27a720,1,train
dan_1,1710,e95de2645029426e,1,train
dan_1,1711,8f1f4026eee69fe3,1,train
dan_1,1712,6c3ff1911e66899f,1,test
dan_1,1713,c327cf79657eaee1,1,train
dan_1,1714,a4ee58b97d597918,1,train
dan_1,1715,7573b144b252b322,1,train
dan_1,1716,5733974e0ba2048e,1,test
dan_1,1717,4348e24c933f61f7,1,train
dan_1,1718,e2c5dc5746bf6173,1,train
dan_1,1719,3857161f9fd1ca5e,1,train
dan_1,1720,1bea4210db6f2a59,1,train
dan_1,1721,64c69888636fbe50,1,train
dan_1,1722,9a18c7d79c67019e,1,train
dan_1,1723,869cc896924a222b,1,train
dan_1,1724,4f0a44fbde06a650,1,train
dan_1,1725,908048df530d7544,1,test
dan_1,1726,27eb11b20b75cced,1,train
dan_1,1727,00efc7fb273250ea,1,train
dan_1,1728,dbe2be9ad2dab538,1,train
dan_1,1729,044d6c338d43f64c,1,train
dan_1,1730,350bb827e1c25778,1,train
dan_1,1731,0aeec14b63b6d736,1,train
dan_1,1732,ba2c55a6f0a57474,1,test
dan_1,1733,21e96a3511f5bda8,1,test
dan_1,1734,e755d579cae918ee,1,train
dan_1,1735,4d7383f6c538ac89,1,train
dan_1,1736,638ac77720ecef14,1,train
dan_1,1737,6e391800bb6f08b8,1,test
dan_1,1738,38450f5f5ad8dfc9,1,train
dan_1,1739,e8d37971c2ee3bd8,1,train
dan_1,1740,a76d792c481c8882,1,train
dan_1,1741,48c45e724d5756d1,1,test
dan_1,1742,df90435ab7412855,1,train
dan_1,1743,d568139a8151f789,1,train
dan_1,1744,10e54e4590a5027d,1,train
dan_1,1745,7cf2e7d8f42c861d,1,train
dan_1,1746,05d217fdc4eae87b,1,test
dan_1,1747,a74e7343cfb1e89d,1,train
dan_1,1748,340129f9d013837d,1,train
dan_1,1749,8c89624c88b5aad7,1,test
dan_1,1750,865f3fc5c12ba5d4,1,train
dan_1,1751,e51424b1670c3838,1,train
dan_1,1752,c9fa5319c594f99f,1,test
dan_1,1753,09eb59cb05f3c5a2,1,train
dan_1,1754,eb5b4132effd67f0,1,test
dan_1,1755,2981df66c2a092fd,1,test
dan_1,1756,246b2e3afa2f64e0,1,train
dan_1,1757,c5844330ee2a54b3,1,train
dan_1,1758,7be25573a6147c5d,1,train
dan_1,1759,87f7bf79f8f53a97,1,train
dan_1,1760,fbe211d924cbecda,1,test
dan_1,1761,c99e01cad1787731,1,test
dan_1,1762,9c9598b3d9ce9597,1,train
dan_1,1763,fc374d5d4ae6c04e,1,train
dan_1,1764,04cda8095a4fce2e,1,train
dan_1,1765,c769c0acc08b4390,1,train
dan_1,1766,7f438e86e785985a,1,test
dan_1,1767,e152ce100dcfebda,1,train
dan_1,1768,551dde1e1f2e58ac,1,train
dan_1,1769,4b631e2b984f36d1,1,train
dan_1,1770,310882c4bb81b76c,1,test
dan_1,1771,b33399465311134e,1,train
dan_1,1772,6b1c2b8fd6e38b87,1,train
dan_1,1773,9db22bc77b4dbb9e,1,train
dan_1,1774,05fae43caa5e11fc,1,train
dan_1,1775,570e3be635ede83a,1,train
dan_1,1776,bc8d8f9d1ce62516,1,train
dan_1,1777,bf912bc96f19e381,1,train
dan_1,1778,4f2fe2d47229c9d1,1,train
dan_1,1779,5405627b4a8c5c9b,1,train
dan_1,1780,022db2a7c6992747,1,test
dan_1,1781,33fb245869adff80,1,train
dan_1,1782,6a132b9dfb57eaa1,1,test
dan_1,1783,33ec793a7b497368,1,train
dan_1,1784,9dcc6218d7b36b7b,1,train
dan_1,1785,29356bf78e241847,1,train
dan_1,1786,599db55113c7081c,1,train
dan_1,1787,e98cd596c887bfe8,1,train
dan_1,1788,28b9869a2955b6c0,1,train
dan_1,1789,f858add8d03d5e69,1,train
dan_1,1790,95188e87fbe1f592,1,test
dan_1,1791,d6b8c1e2e1b405be,1,train
dan_1,1792,e75620e490e49097,1,train
dan_1,1793,c9e15dd7f3480d3a,1,test
dan_1,1794,eeb0c3edc0661ca6,1,train
dan_1,1795,752cfa1a39c185c9,1,train
dan_1,1796,da6cfac7a19e10e4,1,train
dan_1,1797,bd6d3e28644516cf,1,train
dan_1,1798,7a2fe50d8ead6b9c,1,train
dan_1,1799,37967efe505ed3f2,1,train
dan_1,1800,f04b22529c562479,1,test
dan_1,1801,f7ee12148c92e0de,1,test
dan_1,1802,d8bf90cd95a3f2ad,1,test
dan_1,1803,b90461bd9254b19f,1,test
dan_1,1804,b71f5c9bf5797617,1,train
dan_1,1805,5a9466e7213003a7,1,train
dan_1,1806,82b7b30f62e02004,1,test
dan_1,1807,cd2636bec02ecc9f,1,train
dan_1,1808,1ae995f287fcaec9,1,test
dan_1,1809,1f0fca22d8da76d4,1,train
dan_1,1810,c21dbd8f68477a17,1,train
dan_1,1811,fec50eef260cb29c,1,train
dan_1,1812,3683d4d970006a1b,1,train
dan_1,1813,5eaadc2985d91902,1,test
dan_1,1814,40d5c23eccac1e16,1,train
dan_1,1815,117ab8391d830d4b,1,train
dan_1,1816,ebb08477e16f99d0,1,train
dan_1,1817,9f69fac98b517606,1,train
dan_1,1818,a6eda8a6d78e5530,1,train
dan_1,1819,30cb33f63514810d,1,train
dan_1,1820,74ab83b3d3db013d,1,train
dan_1,1821,a0d5b151252e356d,1,train
dan_1,1822,b23cb43da41446cd,1,train
dan_1,1823,09fd84f223fada37,1,test
dan_1,1824,691b85bc0a45bcb7,1,test
dan_1,1825,ec8a8332fd452dd9,1,train
dan_1,1826,171a34fbd721ee43,1,test
dan_1,1827,277258de1831e005,1,test
dan_1,1828,bcd6e440efec82b5,1,test
dan_1,1829,2bf34ecfc182179e,1,train
dan_1,1830,358357740cc65699,1,train
dan_1,1831,6a4a8e17fa1ba81e,1,train
dan_1,1832,713f5a43c5d5f889,1,train
dan_1,1833,1b5bcd8bc57696bd,1,train
dan_1,1834,9805c64685d23777,1,train
dan_1,1835,6d9d957395912517,1,train
dan_1,1836,e84e47e83d1aa43f,1,test
dan_1,1837,94bbff7707537f4a,1,train
dan_1,1838,e5c8f884951b92d7,1,train
dan_1,1839,33fe172a4f0fd089,1,train
dan_1,1840,8a4fb07df3c59191,1,train
dan_1,1841,2d509550f629b181,1,test
dan_1,1842,806bf3051b9b9d54,1,test
dan_1,1843,3e2fbcc20995a2a5,1,test
dan_1,1844,58dab74f6636103c,1,train
dan_1,1845,4c9c07e6f4736f15,1,train
dan_1,1846,cf3b1b74a8ad979b,1,train
dan_1,1847,9e5f804af94fe342,1,test
dan_1,1848,d94e83baa17b30b8,1,train
dan_1,1849,3a87d82414f72a84,1,train
dan_1,1850,5702997a5024511a,1,train
dan_1,1851,092ec0eed0b2a31f,1,train
dan_1,1852,7e7c33efc60d3bc4,1,train
dan_1,1853,bf98de801f6981f8,1,train
dan_1,1854,859588e496d103b0,1,test
dan_1,1855,c0a96602557a265f,1,train
dan_1,1856,84ce485280f8fa97,1,train
dan_1,1857,a13fe86db0bbfcb0,1,test
dan_1,1858,f4c60ff1e067ca8a,1,train
dan_1,1859,88af56b029ef4615,1,train
dan_1,1860,505a1c194adc9ee2,1,train
dan_1,1861,67514916d682a277,1,test
dan_1,1862,147d40ea5066e3e0,1,train
dan_1,1863,617039d656b9d668,1,train
dan_1,1864,24bde8fe3d3743b3,1,test
dan_1,1865,661241f9cf2a9b7c,1,train
dan_1,1866,43d4344f21d233c4,1,test
dan_1,1867,ad5c3225f0205048,1,train
dan_1,1868,0f3e88e74fc3842f,1,train
dan_1,1869,612cb79c6a332e07,1,train
dan_1,1870,111040cf94023809,1,train
dan_1,1871,0feff72fb8c06173,1,test
dan_1,1872,762c7c459e9da299,1,test
dan_1,1873,30e271cacc46afe7,1,train
dan_1,1874,83f6edb863edebab,1,train
dan_1,1875,4f98afecefc43087,1,train
dan_1,1876,0ad50324f90aa4fe,1,train
dan_1,1877,a20d64aa796ab0c1,1,train
dan_1,1878,250af1581f2701d8,1,test
dan_1,1879,6e28e81d0331621e,1,train
dan_1,1880,c5aada42a16e457a,1,test
dan_1,1881,c082b53b336727b1,1,test
dan_1,1882,a218b08080861621,1,train
dan_1,1883,0f6948e4b36eedd6,1,train
dan_1,1884,c8d2edbc8bdc20cd,1,train
dan_1,1885,b2d10309fa01acd3,1,train
dan_1,1886,31733658ef666a1d,1,train
dan_1,1887,3586ae636359e1ab,1,train
dan_1,1888,788d22c87baa8c75,1,train
dan_1,1889,3669e06c908e0086,1,train
dan_1,1890,cab690bb589962bc,1,test
dan_1,1891,be4d34947f6bbce2,1,train
dan_1,1892,805d788243136afc,1,train
dan_1,1893,73adec485e6e9537,1,train
dan_1,1894,e15e976c6a627b91,1,test
dan_1,1895,c3dca934512e1f8f,1,test
dan_1,1896,4b8aa96cd0f4005c,1,train
dan_1,1897,48e26a560336bc1f,1,train
dan_1,1898,af571b61336bef96,1,train
dan_1,1899,ddf5f24e267aa3e3,1,test
dan_1,1900,3fdd380e7a9f0c15,1,train
dan_1,1901,0e6a558cc8641eca,1,train
dan_1,1902,adc6ba6aa18f4224,1,train
dan_1,1903,ba101ef34c8010f3,1,test
dan_1,1904,930eaa9a1a9a9b73,1,test
dan_1,1905,8a2a5183b8320420,1,train
dan_1,1906,22371a1ebb60d262,1,train
dan_1,1907,afe68e59541266be,1,test
dan_1,1908,2acf87d5ebde5558,1,train
dan_1,1909,3d3dba3e18594196,1,train
dan_1,1910,de90c1082edd3e68,1,train
dan_1,1911,91a07020e15f18ad,1,train
dan_1,1912,e5282ab07a793f8d,1,train
dan_1,1913,fa6ffd293400e241,1,train
dan_1,1914,d49ef24aaebf8c28,1,train
dan_1,1915,f5e9fbeb1dd9fd2e,1,train
dan_1,1916,84585f518a3bbb71,1,train
dan_1,1917,8ec91d84865929d0,1,train
dan_1,1918,55dd45cb69d01856,1,test
dan_1,1919,71c9f5be3e15e932,1,train
dan_1,1920,6ba928dfc3f8fe8a,1,train
dan_1,1921,94928455cb0dd4fc,1,test
dan_1,1922,ac72d5a32e08f9cf,1,train
dan_1,1923,7b8674d762809065,1,test
dan_1,1924,8f17e5ef1a00b7f3,1,test
dan_1,1925,768798d65ef10bd0,1,train
dan_1,1926,4b860d4237ce74f4,1,train
dan_1,1927,61feb87eba6b131f,1,test
dan_1,1928,00afef4d0da7c581,1,train
dan_1,1929,ea3546cad0886b57,1,train
dan_1,1930,8d3a5328c519708a,1,train
dan_1,1931,6b22558648f02039,1,train
dan_1,1932,51eccb0f9bff6f55,1,train
dan_1,1933,7ae2725a3fb1a670,1,train
dan_1,1934,456e3e14e818d396,1,test
dan_1,1935,1ab55e1b8fadad03,1,test
dan_1,1936,f0669778306dc5bb,1,train
dan_1,1937,372e0a8c6600eeed,1,test
dan_1,1938,e7c1fe6c260aa6c7,1,train
dan_1,1939,5ccb1adc0c9844a6,1,train
dan_1,1940,c8c5ad343596e65b,1,test
dan_1,1941,401548a29941d95f,1,train
dan_1,1942,04e95a95c99aa6b8,1,train
dan_1,1943,385de1fd21b8bde9,1,train
dan_1,1944,ecbb78c390153db4,1,train
dan_1,1945,02c86bd92efc0331,1,test
dan_1,1946,ec95b8b65943e7d7,1,train
dan_1,1947,fc55b59beb535547,1,train
dan_1,1948,885282f41f38d035,1,train
dan_1,1949,6446c1d604bc35c5,1,train
dan_1,1950,986bc781edf7fe2f,1,train
dan_1,1951,1bc492d444bba04c,1,test
dan_1,1952,18d011dcecf5b939,1,test
dan_1,1953,f38dfbf56dbda295,1,test
dan_1,1954,9c10608de531c982,1,train
dan_1,1955,9e834479e12f81a5,1,test
dan_1,1956,a9152cdd98fbb947,1,test
dan_1,1957,3947646ac5eb6bbc,1,test
dan_1,1958,52bcbb348dfeb9b9,1,train
dan_1,1959,66c0e1f5e04424c1,1,test
dan_1,1960,8633eaef4712d52d,1,train
dan_1,1961,10a03910be90e71f,1,train
dan_1,1962,48507734b68dec10,1,train
dan_1,1963,943e0554caaa5ac6,1,test
dan_1,1964,434482c2f3ccdd02,1,train
dan_1,1965,ec8cc6cad56aae44,1,train
dan_1,1966,4a812d61edf0fc70,1,train
dan_1,1967,7380a838cf7e7458,1,train
dan_1,1968,1705f0c1d30e1134,1,train
dan_1,1969,e0934e5bf3b557af,1,train
dan_1,1970,e6956349c15097a7,1,train
dan_1,1971,f674203a0ac0c2bd,1,train
dan_1,1972,29ee5bb526094f68,1,train
dan_1,1973,8d50bbd15d220c46,1,train
dan_1,1974,8a20d11b229ef8dd,1,test
dan_1,1975,85c2218fdc8eb677,1,train
dan_1,1976,ecb91bc96a92dbf4,1,train
dan_1,1977,5e43c3240478049d,1,test
dan_1,1978,d074176b47f9bc23,1,test
dan_1,1979,733f04ec2276a3e3,1,test
dan_1,1980,102918a6eb0ee617,1,train
dan_1,1981,3aae1298a73e0d22,1,train
dan_1,1982,ae3299a31600c77d,1,test
dan_1,1983,3828da7b509efe4e,1,test
dan_1,1984,0d0b204ebf913d15,1,train
dan_1,1985,389ce630dad1b694,1,train
dan_1,1986,13c0a50dff6e52fc,1,test
dan_1,1987,61d498fda20a3f7e,1,train
dan_1,1988,4d46c2b3f433e739,1,train
dan_1,1989,28191ca1f373d2aa,1,train
dan_1,1990,b523bf6d61ac396f,1,train
dan_1,1991,026e240f17ddfdda,1,train
dan_1,1992,b08366acb2f4690c,1,train
dan_1,1993,ea3efcc68933cf6f,1,test
dan_1,1994,5bdd31261827f161,1,train
dan_1,1995,8b529585ed918f2f,1,train
dan_1,1996,6066a53e9d660eba,1,train
dan_1,1997,37d9c8ca4ab2fb2d,1,train
dan_1,1998,94c54b3e27e1a4f1,1,train
dan_1,1999,16c0747c6c88e3b0,1,test
dan_1,2000,77b18f59bc82e901,1,train
dan_1,2001,8abec3f7034dae17,1,train
dan_1,2002,d3532debbbbb40d1,1,train
dan_1,2003,782db9cce06e6462,1,train
dan_10,0,photo/dog/056_0058.jpg,0,train
dan_10,1,photo/person/253_0174.jpg,0,train
dan_10,2,photo/giraffe/n02439033_1508.jpg,0,test
dan_10,3,photo/giraffe/n02439033_14872.jpg,0,test
dan_10,4,photo/guitar/063_0053.jpg,0,train
dan_10,5,photo/dog/056_0095.jpg,0,train
dan_10,6,photo/guitar/063_0079.jpg,0,train
dan_10,7,photo/giraffe/084_0047.jpg,0,train
dan_10,8,photo/giraffe/n02439033_10919.jpg,0,test
dan_10,9,photo/person/253_0382.jpg,0,train
dan_10,10,photo/house/pic_173.jpg,0,test
dan_10,11,photo/person/253_0063.jpg,0,train
dan_10,12,photo/house/pic_106.jpg,0,train
dan_10,13,photo/house/pic_144.jpg,0,train
dan_10,14,photo/dog/056_0090.jpg,0,train
dan_10,15,photo/person/253_0193.jpg,0,test
dan_10,16,photo/person/253_0323.jpg,0,test
dan_10,17,photo/person/253_0429.jpg,0,train
dan_10,18,photo/person/253_0248.jpg,0,train
dan_10,19,photo/horse/n02374451_18570.jpg,0,train
dan_10,20,photo/guitar/n03272010_6820.jpg,0,test
dan_10,21,photo/person/253_0310.jpg,0,train
dan_10,22,photo/person/253_0146.jpg,0,test
dan_10,23,photo/house/pic_005.jpg,0,test
dan_10,24,photo/person/253_0300.jpg,0,train
dan_10,25,photo/dog/056_0068.jpg,0,train
dan_10,26,photo/horse/n02374451_13718.jpg,0,train
dan_10,27,photo/dog/n02103406_1599.jpg,0,test
dan_10,28,photo/guitar/063_0107.jpg,0,test
dan_10,29,photo/elephant/064_0111.jpg,0,train
dan_10,30,photo/giraffe/084_0011.jpg,0,train
dan_10,31,photo/house/pic_259.jpg,0,train
dan_10,32,photo/house/pic_161.jpg,0,train
dan_10,33,photo/dog/n02103406_5505.jpg,0,test
dan_10,34,photo/house/pic_280.jpg,0,test
dan_10,35,photo/person/253_0034.jpg,0,train
dan_10,36,photo/horse/105_0030.jpg,0,train
dan_10,37,photo/elephant/064_0044.jpg,0,train
dan_10,38,photo/person/253_0166.jpg,0,train
dan_10,39,photo/horse/105_0106.jpg,0,train
dan_10,40,photo/guitar/063_0001.jpg,0,test
dan_10,41,photo/giraffe/n02439033_11059.jpg,0,train
dan_10,42,photo/elephant/n02503517_1453.jpg,0,train
dan_10,43,photo/house/pic_278.jpg,0,train
dan_10,44,photo/person/253_0273.jpg,0,train
dan_10,45,photo/guitar/063_0038.jpg,0,test
dan_10,46,photo/person/253_0147.jpg,0,test
dan_10,47,photo/guitar/063_0052.jpg,0,train
dan_10,48,photo/elephant/064_0127.jpg,0,train
dan_10,49,photo/house/pic_160.jpg,0,train
dan_10,50,photo/horse/105_0059.jpg,0,train
dan_10,51,photo/dog/056_0084.jpg,0,train
dan_10,52,photo/giraffe/n02439033_11114.jpg,0,train
dan_10,53,photo/person/253_0058.jpg,0,train
dan_10,54,photo/horse/n02374451_925.jpg,0,test
dan_10,55,photo/elephant/n02503517_6479.jpg,0,train
dan_10,56,photo/person/253_0327.jpg,0,train
dan_10,57,photo/horse/105_0266.jpg,0,train
dan_10,58,photo/giraffe/n02439033_14846.jpg,0,train
dan_10,59,photo/horse/n02374451_1443.jpg,0,train
dan_10,60,photo/elephant/064_0062.jpg,0,test
dan_10,61,photo/house/pic_034.jpg,0,train
dan_10,62,photo/person/253_0277.jpg,0,test
dan_10,63,photo/person/253_0290.jpg,0,train
dan_10,64,photo/house/pic_206.jpg,0,train
dan_10,65,photo/house/pic_038.jpg,0,test
dan_10,66,photo/dog/056_0050.jpg,0,train
dan_10,67,photo/person/253_0006.jpg,0,train
dan_10,68,photo/horse/105_0067.jpg,0,train
dan_10,69,photo/horse/105_0066.jpg,0,test
dan_10,70,photo/dog/056_0052.jpg,0,train
dan_10,71,photo/person/253_0395.jpg,0,test
dan_10,72,photo/person/253_0015.jpg,0,train
dan_10,73,photo/house/pic_050.jpg,0,train
dan_10,74,photo/dog/056_0080.jpg,0,test
dan_10,75,photo/elephant/064_0120.jpg,0,train
dan_10,76,photo/guitar/063_0074.jpg,0,test
dan_10,77,photo/person/253_0187.jpg,0,train
dan_10,78,photo/giraffe/084_0012.jpg,0,test
dan_10,79,photo/elephant/n02503517_4247.jpg,0,test
dan_10,80,photo/person/253_0221.jpg,0,train
dan_10,81,photo/person/253_0024.jpg,0,test
dan_10,82,photo/elephant/n02503517_10193.jpg,0,train
dan_10,83,photo/person/253_0074.jpg,0,train
dan_10,84,photo/horse/n02374451_1234.jpg,0,train
dan_10,85,photo/house/pic_195.jpg,0,test
dan_10,86,photo/elephant/064_0024.jpg,0,test
dan_10,87,photo/elephant/064_0008.jpg,0,test
dan_10,88,photo/person/253_0301.jpg,0,train
dan_10,89,photo/person/253_0084.jpg,0,train
dan_10,90,photo/elephant/064_0016.jpg,0,train
dan_10,91,photo/guitar/063_0067.jpg,0,train
dan_10,92,photo/dog/056_0029.jpg,0,test
dan_10,93,photo/person/253_0097.jpg,0,test
dan_10,94,photo/elephant/n02503517_8901.jpg,0,train
dan_10,95,photo/elephant/n02503517_5527.jpg,0,train
dan_10,96,photo/guitar/063_0108.jpg,0,train
dan_10,97,photo/person/253_0131.jpg,0,train
dan_10,98,photo/house/pic_172.jpg,0,train
dan_10,99,photo/guitar/063_0046.jpg,0,test
dan_10,100,photo/person/253_0374.jpg,0,train
dan_10,101,photo/guitar/063_0087.jpg,0,train
dan_10,102,photo/guitar/n02676566_6704.jpg,0,test
dan_10,103,photo/giraffe/n02439033_991.jpg,0,train
dan_10,104,photo/guitar/063_0090.jpg,0,train
dan_10,105,photo/house/pic_073.jpg,0,test
dan_10,106,photo/horse/n02374451_17474.jpg,0,train
dan_10,107,photo/horse/n02374451_54.jpg,0,test
dan_10,108,photo/horse/105_0134.jpg,0,train
dan_10,109,photo/person/253_0049.jpg,0,train
dan_10,110,photo/house/pic_017.jpg,0,train
dan_10,111,photo/dog/n02103406_4916.jpg,0,train
dan_10,112,photo/horse/n02374451_2248.jpg,0,train
dan_10,113,photo/elephant/064_0004.jpg,0,test
dan_10,114,photo/elephant/064_0125.jpg,0,train
dan_10,115,photo/guitar/063_0009.jpg,0,train
dan_10,116,photo/house/pic_104.jpg,0,train
dan_10,117,photo/elephant/064_0070.jpg,0,test
dan_10,118,photo/guitar/n02676566_4189.jpg,0,train
dan_10,119,photo/person/253_0294.jpg,0,train
dan_10,120,photo/house/pic_224.jpg,0,test
dan_10,121,photo/giraffe/084_0029.jpg,0,test
dan_10,122,photo/person/253_0153.jpg,0,train
dan_10,123,photo/guitar/n03272010_7390.jpg,0,train
dan_10,124,photo/dog/n02103406_6530.jpg,0,test
dan_10,125,photo/person/253_0338.jpg,0,test
dan_10,126,photo/giraffe/n02439033_11627.jpg,0,train
dan_10,127,photo/house/pic_028.jpg,0,test
dan_10,128,photo/elephant/n02503517_5418.jpg,0,train
dan_10,129,photo/dog/056_0071.jpg,0,train
dan_10,130,photo/person/253_0256.jpg,0,train
dan_10,131,photo/house/pic_067.jpg,0,test
dan_10,132,photo/house/pic_145.jpg,0,train
dan_10,133,photo/person/253_0021.jpg,0,train
dan_10,134,photo/elephant/n02503517_4605.jpg,0,test
dan_10,135,photo/elephant/064_0039.jpg,0,train
dan_10,136,photo/horse/n02374451_16358.jpg,0,train
dan_10,137,photo/horse/n02374451_8526.jpg,0,test
dan_10,138,photo/dog/056_0062.jpg,0,train
dan_10,139,photo/guitar/n03272010_7092.jpg,0,train
dan_10,140,photo/horse/105_0007.jpg,0,train
dan_10,141,photo/horse/105_0206.jpg,0,train
dan_10,142,photo/person/253_0281.jpg,0,train
dan_10,143,photo/house/pic_015.jpg,0,train
dan_10,144,photo/giraffe/084_0074.jpg,0,test
dan_10,145,photo/house/pic_058.jpg,0,train
dan_10,146,photo/dog/n02103406_5456.jpg,0,train
dan_10,147,photo/house/pic_112.jpg,0,test
dan_10,148,photo/person/253_0130.jpg,0,test
dan_10,149,photo/house/pic_260.jpg,0,train
dan_10,150,photo/horse/n02374451_8744.jpg,0,train
dan_10,151,photo/giraffe/n02439033_12413.jpg,0,test
dan_10,152,photo/house/pic_225.jpg,0,train
dan_10,153,photo/elephant/064_0045.jpg,0,test
dan_10,154,photo/person/253_0123.jpg,0,train
dan_10,155,photo/guitar/n03467517_22785.jpg,0,test
dan_10,156,photo/elephant/064_0074.jpg,0,train
dan_10,157,photo/elephant/064_0072.jpg,0,test
dan_10,158,photo/house/pic_175.jpg,0,train
dan_10,159,photo/person/253_0348.jpg,0,train
dan_10,160,photo/giraffe/n02439033_10453.jpg,0,train
dan_10,161,photo/person/253_0354.jpg,0,test
dan_10,162,photo/person/253_0422.jpg,0,train
dan_10,163,photo/horse/n02374451_4795.jpg,0,train
dan_10,164,photo/dog/n02103406_3538.jpg,0,test
dan_10,165,photo/person/253_0141.jpg,0,test
dan_10,166,photo/guitar/n03467517_23229.jpg,0,test
dan_10,167,photo/elephant/064_0115.jpg,0,train
dan_10,168,photo/house/pic_004.jpg,0,train
dan_10,169,photo/horse/n02374451_9064.jpg,0,train
dan_10,170,photo/person/253_0082.jpg,0,train
dan_10,171,photo/horse/n02374451_9892.jpg,0,test
dan_10,172,photo/horse/105_0115.jpg,0,train
dan_10,173,photo/elephant/n02503517_7020.jpg,0,train
dan_10,174,photo/elephant/064_0130.jpg,0,train
dan_10,175,photo/dog/056_0073.jpg,0,train
dan_10,176,photo/giraffe/n02439033_11683.jpg,0,train
dan_10,177,photo/giraffe/084_0060.jpg,0,train
dan_10,178,photo/guitar/063_0050.jpg,0,train
dan_10,179,photo/person/253_0242.jpg,0,test
dan_10,180,photo/person/253_0195.jpg,0,test
dan_10,181,photo/elephant/n02503517_3803.jpg,0,train
dan_10,182,photo/person/253_0287.jpg,0,train
dan_10,183,photo/horse/105_0207.jpg,0,train
dan_10,184,photo/person/253_0253.jpg,0,train
dan_10,185,photo/guitar/063_0024.jpg,0,train
dan_10,186,photo/person/253_0247.jpg,0,train
dan_10,187,photo/house/pic_188.jpg,0,test
dan_10,188,photo/elephant/n02503517_8571.jpg,0,train
dan_10,189,photo/person/253_0105.jpg,0,test
dan_10,190,photo/horse/n02374451_11492.jpg,0,train
dan_10,191,photo/house/pic_184.jpg,0,train
dan_10,192,photo/house/pic_235.jpg,0,train
dan_10,193,photo/person/253_0423.jpg,0,test
dan_10,194,photo/guitar/063_0095.jpg,0,test
dan_10,195,photo/guitar/n02676566_7830.jpg,0,train
dan_10,196,photo/person/253_0045.jpg,0,train
dan_10,197,photo/person/253_0299.jpg,0,test
dan_10,198,photo/person/253_0139.jpg,0,train
dan_10,199,photo/person/253_0104.jpg,0,train
dan_10,200,photo/horse/105_0199.jpg,0,train
dan_10,201,photo/person/253_0145.jpg,0,train
dan_10,202,photo/person/253_0102.jpg,0,test
dan_10,203,photo/house/pic_054.jpg,0,train
dan_10,204,photo/person/253_0386.jpg,0,train
dan_10,205,photo/person/253_0033.jpg,0,test
dan_10,206,photo/dog/056_0010.jpg,0,test
dan_10,207,photo/person/253_0417.jpg,0,test
dan_10,208,photo/giraffe/n02439033_10164.jpg,0,test
dan_10,209,photo/person/253_0106.jpg,0,train
dan_10,210,photo/person/253_0128.jpg,0,train
dan_10,211,photo/horse/n02374451_14119.jpg,0,test
dan_10,212,photo/dog/n02103406_3964.jpg,0,train
dan_10,213,photo/dog/n02106662_1922.jpg,0,test
dan_10,214,photo/giraffe/084_0059.jpg,0,test
dan_10,215,photo/person/253_0361.jpg,0,train
dan_10,216,photo/horse/105_0048.jpg,0,train
dan_10,217,photo/horse/n02374451_7631.jpg,0,train
dan_10,218,photo/giraffe/n02439033_10130.jpg,0,test
dan_10,219,photo/guitar/n03467517_12925.jpg,0,train
dan_10,220,photo/person/253_0095.jpg,0,train
dan_10,221,photo/house/pic_090.jpg,0,test
dan_10,222,photo/house/pic_080.jpg,0,train
dan_10,223,photo/giraffe/084_0028.jpg,0,train
dan_10,224,photo/elephant/n02503517_6880.jpg,0,train
dan_10,225,photo/dog/n02103406_2954.jpg,0,train
dan_10,226,photo/person/253_0211.jpg,0,train
dan_10,227,photo/dog/056_0042.jpg,0,test
dan_10,228,photo/guitar/063_0084.jpg,0,train
dan_10,229,photo/giraffe/n02439033_14148.jpg,0,test
dan_10,230,photo/person/253_0017.jpg,0,test
dan_10,231,photo/person/253_0267.jpg,0,train
dan_10,232,photo/elephant/064_0012.jpg,0,train
dan_10,233,photo/house/pic_250.jpg,0,train
dan_10,234,photo/giraffe/084_0077.jpg,0,train
dan_10,235,photo/person/253_0311.jpg,0,train
dan_10,236,photo/elephant/064_0114.jpg,0,train
dan_10,237,photo/dog/n02106662_27393.jpg,0,train
dan_10,238,photo/horse/n02374451_503.jpg,0,train
dan_10,239,photo/house/pic_279.jpg,0,train
dan_10,240,photo/dog/n02103406_8280.jpg,0,train
dan_10,241,photo/horse/n02374451_10098.jpg,0,train
dan_10,242,photo/person/253_0405.jpg,0,train
dan_10,243,photo/guitar/n02676566_8997.jpg,0,train
dan_10,244,photo/horse/n02374451_14738.jpg,0,train
dan_10,245,photo/giraffe/084_0020.jpg,0,train
dan_10,246,photo/guitar/063_0041.jpg,0,train
dan_10,247,photo/person/253_0050.jpg,0,train
dan_10,248,photo/horse/105_0103.jpg,0,train
dan_10,249,photo/house/pic_234.jpg,0,test
dan_10,250,photo/elephant/064_0011.jpg,0,train
dan_10,251,photo/guitar/n03272010_9557.jpg,0,train
dan_10,252,photo/dog/056_0043.jpg,0,train
dan_10,253,photo/horse/n02374451_10761.jpg,0,test
dan_10,254,photo/person/253_0278.jpg,0,train
dan_10,255,photo/giraffe/n02439033_5652.jpg,0,test
dan_10,256,photo/person/253_0434.jpg,0,train
dan_10,257,photo/house/pic_046.jpg,0,train
dan_10,258,photo/person/253_0055.jpg,0,train
dan_10,259,photo/giraffe/n02439033_13602.jpg,0,test
dan_10,260,photo/house/pic_130.jpg,0,train
dan_10,261,photo/house/pic_097.jpg,0,test
dan_10,262,photo/dog/n02103406_3132.jpg,0,train
dan_10,263,photo/dog/056_0075.jpg,0,train
dan_10,264,photo/guitar/063_0035.jpg,0,train
dan_10,265,photo/house/pic_049.jpg,0,train
dan_10,266,photo/house/pic_165.jpg,0,train
dan_10,267,photo/elephant/n02503517_9827.jpg,0,train
dan_10,268,photo/giraffe/n02439033_9472.jpg,0,test
dan_10,269,photo/person/253_0232.jpg,0,test
dan_10,270,photo/horse/105_0260.jpg,0,test
dan_10,271,photo/house/pic_094.jpg,0,test
dan_10,272,photo/dog/056_0082.jpg,0,train
dan_10,273,photo/elephant/n02503517_8904.jpg,0,test
dan_10,274,photo/house/pic_281.jpg,0,test
dan_10,275,photo/dog/056_0030.jpg,0,test
dan_10,276,photo/house/pic_229.jpg,0,train
dan_10,277,photo/elephant/n02503517_184.jpg,0,train
dan_10,278,photo/person/253_0176.jpg,0,train
dan_10,279,photo/house/pic_146.jpg,0,train
dan_10,280,photo/guitar/063_0089.jpg,0,train
dan_10,281,photo/person/253_0196.jpg,0,train
dan_10,282,photo/giraffe/n02439033_12987.jpg,0,test
dan_10,283,photo/giraffe/n02439033_11715.jpg,0,train
dan_10,284,photo/dog/n02103406_371.jpg,0,test
dan_10,285,photo/house/pic_069.jpg,0,train
dan_10,286,photo/house/pic_092.jpg,0,train
dan_10,287,photo/person/253_0324.jpg,0,test
dan_10,288,photo/dog/056_0009.jpg,0,train
dan_10,289,photo/person/253_0014.jpg,0,train
dan_10,290,photo/person/253_0246.jpg,0,test
dan_10,291,photo/horse/105_0076.jpg,0,train
dan_10,292,photo/guitar/063_0048.jpg,0,train
dan_10,293,photo/dog/n02109525_12875.jpg,0,test
dan_10,294,photo/person/253_0266.jpg,0,test
dan_10,295,photo/guitar/063_0093.jpg,0,test
dan_10,296,photo/elephant/n02503517_564.jpg,0,train
dan_10,297,photo/house/pic_117.jpg,0,train
dan_10,298,photo/giraffe/n02439033_11504.jpg,0,train
dan_10,299,photo/dog/056_0048.jpg,0,train
dan_10,300,photo/guitar/n02676566_7844.jpg,0,train
dan_10,301,photo/guitar/063_0022.jpg,0,train
dan_10,302,photo/giraffe/n02439033_12680.jpg,0,test
dan_10,303,photo/horse/105_0008.jpg,0,test
dan_10,304,photo/dog/n02103406_5035.jpg,0,train
dan_10,305,photo/elephant/n02503517_6032.jpg,0,test
dan_10,306,photo/dog/n02106662_11133.jpg,0,train
dan_10,307,photo/house/pic_113.jpg,0,train
dan_10,308,photo/person/253_0170.jpg,0,train
dan_10,309,photo/elephant/n02503517_753.jpg,0,train
dan_10,310,photo/giraffe/n02439033_16483.jpg,0,train
dan_10,311,photo/person/253_0296.jpg,0,test
dan_10,312,photo/giraffe/084_0042.jpg,0,train
dan_10,313,photo/house/pic_111.jpg,0,train
dan_10,314,photo/guitar/063_0010.jpg,0,train
dan_10,315,photo/elephant/064_0067.jpg,0,train
dan_10,316,photo/giraffe/n02439033_15479.jpg,0,test
dan_10,317,photo/person/253_0075.jpg,0,train
dan_10,318,photo/house/pic_284.jpg,0,test
dan_10,319,photo/giraffe/n02439033_11486.jpg,0,train
dan_10,320,photo/house/pic_013.jpg,0,test
dan_10,321,photo/guitar/n03272010_10795.jpg,0,train
dan_10,322,photo/person/253_0168.jpg,0,train
dan_10,323,photo/house/pic_060.jpg,0,train
dan_10,324,photo/house/pic_077.jpg,0,train
dan_10,325,photo/person/253_0359.jpg,0,train
dan_10,326,photo/elephant/064_0097.jpg,0,train
dan_10,327,photo/horse/n02374451_10669.jpg,0,train
dan_10,328,photo/giraffe/084_0045.jpg,0,train
dan_10,329,photo/person/253_0387.jpg,0,train
dan_10,330,photo/dog/n02106662_25917.jpg,0,test
dan_10,331,photo/dog/n02106662_7885.jpg,0,train
dan_10,332,photo/elephant/n02503517_5287.jpg,0,train
dan_10,333,photo/horse/105_0215.jpg,0,train
dan_10,334,art_painting/elephant/pic_087.jpg,0,train
dan_10,335,art_painting/person/pic_206.jpg,0,train
dan_10,336,art_painting/giraffe/pic_142.jpg,0,train
dan_10,337,art_painting/guitar/pic_075.jpg,0,train
dan_10,338,art_painting/dog/pic_058.jpg,0,train
dan_10,339,art_painting/giraffe/pic_302.jpg,0,train
dan_10,340,art_painting/person/pic_168.jpg,0,train
dan_10,341,art_painting/person/pic_162.jpg,0,train
dan_10,342,art_painting/dog/pic_074.jpg,0,test
dan_10,343,art_painting/house/pic_014.jpg,0,train
dan_10,344,art_painting/house/pic_107.jpg,0,test
dan_10,345,art_painting/guitar/pic_197.jpg,0,train
dan_10,346,art_painting/person/pic_033.jpg,0,train
dan_10,347,art_painting/horse/pic_195.jpg,0,train
dan_10,348,art_painting/guitar/pic_092.jpg,0,train
dan_10,349,art_painting/elephant/pic_145.jpg,0,train
dan_10,350,art_painting/giraffe/pic_126.jpg,0,train
dan_10,351,art_painting/horse/pic_047.jpg,0,train
dan_10,352,art_painting/person/pic_203.jpg,0,train
dan_10,353,art_painting/dog/pic_327.jpg,0,train
dan_10,354,art_painting/house/pic_022.jpg,0,train
dan_10,355,art_painting/house/pic_218.jpg,0,train
dan_10,356,art_painting/elephant/pic_122.jpg,0,train
dan_10,357,art_painting/person/pic_334.jpg,0,test
dan_10,358,art_painting/dog/pic_366.jpg,0,train
dan_10,359,art_painting/person/pic_074.jpg,0,train
dan_10,360,art_painting/person/pic_400.jpg,0,train
dan_10,361,art_painting/dog/pic_072.jpg,0,train
dan_10,362,art_painting/horse/pic_228.jpg,0,test
dan_10,363,art_painting/dog/pic_007.jpg,0,train
dan_10,364,art_painting/guitar/pic_082.jpg,0,train
dan_10,365,art_painting/elephant/pic_260.jpg,0,train
dan_10,366,art_painting/person/pic_387.jpg,0,train
dan_10,367,art_painting/dog/pic_260.jpg,0,train
dan_10,368,art_painting/dog/pic_315.jpg,0,test
dan_10,369,art_painting/guitar/pic_014.jpg,0,train
dan_10,370,art_painting/horse/pic_182.jpg,0,test
dan_10,371,art_painting/person/pic_129.jpg,0,test
dan_10,372,art_painting/person/pic_382.jpg,0,test
dan_10,373,art_painting/elephant/pic_100.jpg,0,train
dan_10,374,art_painting/guitar/pic_135.jpg,0,train
dan_10,375,art_painting/person/pic_126.jpg,0,train
dan_10,376,art_painting/giraffe/pic_068.jpg,0,test
dan_10,377,art_painting/house/pic_189.jpg,0,test
dan_10,378,art_painting/person/pic_265.jpg,0,test
dan_10,379,art_painting/giraffe/pic_210.jpg,0,test
dan_10,380,art_painting/dog/pic_205.jpg,0,train
dan_10,381,art_painting/dog/pic_100.jpg,0,train
dan_10,382,art_painting/giraffe/pic_057.jpg,0,train
dan_10,383,art_painting/elephant/pic_108.jpg,0,train
dan_10,384,art_painting/giraffe/pic_102.jpg,0,test
dan_10,385,art_painting/guitar/pic_127.jpg,0,train
dan_10,386,art_painting/guitar/pic_044.jpg,0,train
dan_10,387,art_painting/dog/pic_055.jpg,0,train
dan_10,388,art_painting/giraffe/pic_190.jpg,0,train
dan_10,389,art_painting/giraffe/pic_005.jpg,0,train
dan_10,390,art_painting/elephant/pic_249.jpg,0,train
dan_10,391,art_painting/house/pic_313.jpg,0,train
dan_10,392,art_painting/person/pic_429.jpg,0,train
dan_10,393,art_painting/person/pic_116.jpg,0,train
dan_10,394,art_painting/house/pic_018.jpg,0,train
dan_10,395,art_painting/house/pic_082.jpg,0,train
dan_10,396,art_painting/house/pic_212.jpg,0,test
dan_10,397,art_painting/person/pic_016.jpg,0,train
dan_10,398,art_painting/giraffe/pic_014.jpg,0,test
dan_10,399,art_painting/giraffe/pic_013.jpg,0,train
dan_10,400,art_painting/person/pic_542.jpg,0,test
dan_10,401,art_painting/elephant/pic_099.jpg,0,test
dan_10,402,art_painting/giraffe/pic_170.jpg,0,train
dan_10,403,art_painting/elephant/pic_011.jpg,0,test
dan_10,404,art_painting/elephant/pic_098.jpg,0,test
dan_10,405,art_painting/dog/pic_304.jpg,0,train
dan_10,406,art_painting/dog/pic_398.jpg,0,train
dan_10,407,art_painting/horse/pic_049.jpg,0,train
dan_10,408,art_painting/house/pic_123.jpg,0,train
dan_10,409,art_painting/guitar/pic_071.jpg,0,train
dan_10,410,art_painting/elephant/pic_201.jpg,0,train
dan_10,411,art_painting/elephant/pic_144.jpg,0,train
dan_10,412,art_painting/dog/pic_232.jpg,0,train
dan_10,413,art_painting/house/pic_111.jpg,0,train
dan_10,414,art_painting/elephant/pic_207.jpg,0,train
dan_10,415,art_painting/elephant/pic_152.jpg,0,train
dan_10,416,art_painting/person/pic_496.jpg,0,test
dan_10,417,art_painting/horse/pic_130.jpg,0,train
dan_10,418,art_painting/giraffe/pic_118.jpg,0,test
dan_10,419,art_painting/elephant/pic_048.jpg,0,test
dan_10,420,art_painting/dog/pic_393.jpg,0,train
dan_10,421,art_painting/giraffe/pic_085.jpg,0,train
dan_10,422,art_painting/horse/pic_090.jpg,0,train
dan_10,423,art_painting/giraffe/pic_268.jpg,0,train
dan_10,424,art_painting/person/pic_433.jpg,0,train
dan_10,425,art_painting/horse/pic_154.jpg,0,test
dan_10,426,art_painting/horse/pic_135.jpg,0,test
dan_10,427,art_painting/person/pic_248.jpg,0,test
dan_10,428,art_painting/elephant/pic_158.jpg,0,train
dan_10,429,art_painting/person/pic_438.jpg,0,train
dan_10,430,art_painting/giraffe/pic_176.jpg,0,test
dan_10,431,art_painting/person/pic_052.jpg,0,train
dan_10,432,art_painting/elephant/pic_113.jpg,0,train
dan_10,433,art_painting/house/pic_191.jpg,0,train
dan_10,434,art_painting/elephant/pic_078.jpg,0,train
dan_10,435,art_painting/guitar/pic_089.jpg,0,train
dan_10,436,art_painting/dog/pic_133.jpg,0,train
dan_10,437,art_painting/dog/pic_282.jpg,0,test
dan_10,438,art_painting/dog/pic_084.jpg,0,train
dan_10,439,art_painting/dog/pic_371.jpg,0,train
dan_10,440,art_painting/guitar/pic_171.jpg,0,train
dan_10,441,art_painting/dog/pic_269.jpg,0,train
dan_10,442,art_painting/elephant/pic_061.jpg,0,train
dan_10,443,art_painting/person/pic_464.jpg,0,test
dan_10,444,art_painting/person/pic_161.jpg,0,train
dan_10,445,art_painting/person/pic_247.jpg,0,test
dan_10,446,art_painting/dog/pic_301.jpg,0,train
dan_10,447,art_painting/person/pic_487.jpg,0,test
dan_10,448,art_painting/horse/pic_142.jpg,0,train
dan_10,449,art_painting/house/pic_221.jpg,0,train
dan_10,450,art_painting/elephant/pic_252.jpg,0,train
dan_10,451,art_painting/elephant/pic_178.jpg,0,train
dan_10,452,art_painting/person/pic_320.jpg,0,train
dan_10,453,art_painting/giraffe/pic_185.jpg,0,test
dan_10,454,art_painting/horse/pic_028.jpg,0,train
dan_10,455,art_painting/dog/pic_297.jpg,0,train
dan_10,456,art_painting/dog/pic_138.jpg,0,train
dan_10,457,art_painting/dog/pic_036.jpg,0,train
dan_10,458,art_painting/horse/pic_017.jpg,0,train
dan_10,459,art_painting/dog/pic_194.jpg,0,train
dan_10,460,art_painting/giraffe/pic_072.jpg,0,train
dan_10,461,art_painting/dog/pic_157.jpg,0,train
dan_10,462,art_painting/person/pic_135.jpg,0,train
dan_10,463,art_painting/horse/pic_136.jpg,0,train
dan_10,464,art_painting/horse/pic_134.jpg,0,test
dan_10,465,art_painting/guitar/pic_173.jpg,0,train
dan_10,466,art_painting/guitar/pic_129.jpg,0,train
dan_10,467,art_painting/dog/pic_329.jpg,0,train
dan_10,468,art_painting/giraffe/pic_069.jpg,0,train
dan_10,469,art_painting/giraffe/pic_243.jpg,0,train
dan_10,470,art_painting/giraffe/pic_153.jpg,0,train
dan_10,471,art_painting/giraffe/pic_001.jpg,0,train
dan_10,472,art_painting/giraffe/pic_140.jpg,0,train
dan_10,473,art_painting/house/pic_213.jpg,0,test
dan_10,474,art_painting/house/pic_009.jpg,0,test
dan_10,475,art_painting/person/pic_094.jpg,0,test
dan_10,476,art_painting/person/pic_070.jpg,0,test
dan_10,477,art_painting/dog/pic_026.jpg,0,train
dan_10,478,art_painting/dog/pic_397.jpg,0,test
dan_10,479,art_painting/house/pic_269.jpg,0,train
dan_10,480,art_painting/giraffe/pic_086.jpg,0,test
dan_10,481,art_painting/person/pic_213.jpg,0,test
dan_10,482,art_painting/elephant/pic_029.jpg,0,train
dan_10,483,art_painting/giraffe/pic_138.jpg,0,train
dan_10,484,art_painting/house/pic_034.jpg,0,test
dan_10,485,art_painting/giraffe/pic_028.jpg,0,train
dan_10,486,art_painting/person/pic_380.jpg,0,train
dan_10,487,art_painting/horse/pic_002.jpg,0,test
dan_10,488,art_painting/house/pic_011.jpg,0,train
dan_10,489,art_painting/person/pic_196.jpg,0,train
dan_10,490,art_painting/elephant/pic_148.jpg,0,train
dan_10,491,art_painting/person/pic_157.jpg,0,train
dan_10,492,art_painting/elephant/pic_117.jpg,0,train
dan_10,493,art_painting/elephant/pic_060.jpg,0,train
dan_10,494,art_painting/house/pic_008.jpg,0,train
dan_10,495,art_painting/guitar/pic_059.jpg,0,train
dan_10,496,art_painting/guitar/pic_074.jpg,0,train
dan_10,497,art_painting/dog/pic_214.jpg,0,train
dan_10,498,art_painting/giraffe/pic_122.jpg,0,train
dan_10,499,art_painting/house/pic_304.jpg,0,test
dan_10,500,art_painting/house/pic_322.jpg,0,test
dan_10,501,art_painting/horse/pic_222.jpg,0,test
dan_10,502,art_painting/horse/pic_151.jpg,0,train
dan_10,503,art_painting/dog/pic_134.jpg,0,test
dan_10,504,art_painting/person/pic_069.jpg,0,train
dan_10,505,art_painting/person/pic_011.jpg,0,test
dan_10,506,art_painting/dog/pic_314.jpg,0,train
dan_10,507,art_painting/horse/pic_001.jpg,0,test
dan_10,508,art_painting/house/pic_309.jpg,0,train
dan_10,509,art_painting/giraffe/pic_180.jpg,0,test
dan_10,510,art_painting/house/pic_004.jpg,0,train
dan_10,511,art_painting/house/pic_311.jpg,0,train
dan_10,512,art_painting/dog/pic_312.jpg,0,train
dan_10,513,art_painting/person/pic_294.jpg,0,train
dan_10,514,art_painting/person/pic_525.jpg,0,train
dan_10,515,art_painting/giraffe/pic_173.jpg,0,train
dan_10,516,art_painting/elephant/pic_075.jpg,0,train
dan_10,517,art_painting/guitar/pic_177.jpg,0,test
dan_10,518,art_painting/house/pic_088.jpg,0,test
dan_10,519,art_painting/giraffe/pic_077.jpg,0,test
dan_10,520,art_painting/house/pic_245.jpg,0,train
dan_10,521,art_painting/dog/pic_226.jpg,0,test
dan_10,522,art_painting/elephant/pic_044.jpg,0,train
dan_10,523,art_painting/dog/pic_099.jpg,0,train
dan_10,524,art_painting/person/pic_209.jpg,0,train
dan_10,525,art_painting/person/pic_304.jpg,0,test
dan_10,526,art_painting/horse/pic_138.jpg,0,train
dan_10,527,art_painting/guitar/pic_034.jpg,0,train
dan_10,528,art_painting/person/pic_296.jpg,0,train
dan_10,529,art_painting/horse/pic_054.jpg,0,train
dan_10,530,art_painting/dog/pic_391.jpg,0,train
dan_10,531,art_painting/elephant/pic_183.jpg,0,train
dan_10,532,art_painting/horse/pic_213.jpg,0,train
dan_10,533,art_painting/dog/pic_394.jpg,0,train
dan_10,534,art_painting/dog/pic_368.jpg,0,train
dan_10,535,art_painting/house/pic_306.jpg,0,train
dan_10,536,art_painting/elephant/pic_227.jpg,0,train
dan_10,537,art_painting/person/pic_543.jpg,0,test
dan_10,538,art_painting/giraffe/pic_011.jpg,0,test
dan_10,539,art_painting/house/pic_098.jpg,0,train
dan_10,540,art_painting/person/pic_328.jpg,0,train
dan_10,541,art_painting/guitar/pic_063.jpg,0,train
dan_10,542,art_painting/horse/pic_128.jpg,0,train
dan_10,543,art_painting/giraffe/pic_044.jpg,0,test
dan_10,544,art_painting/guitar/pic_182.jpg,0,train
dan_10,545,art_painting/horse/pic_133.jpg,0,train
dan_10,546,art_painting/guitar/pic_023.jpg,0,train
dan_10,547,art_painting/person/pic_520.jpg,0,train
dan_10,548,art_painting/dog/pic_079.jpg,0,train
dan_10,549,art_painting/dog/pic_070.jpg,0,train
dan_10,550,art_painting/dog/pic_172.jpg,0,test
dan_10,551,art_painting/house/pic_246.jpg,0,train
dan_10,552,art_painting/dog/pic_090.jpg,0,train
dan_10,553,art_painting/house/pic_226.jpg,0,train
dan_10,554,art_painting/person/pic_531.jpg,0,train
dan_10,555,art_painting/person/pic_018.jpg,0,train
dan_10,556,art_painting/elephant/pic_059.jpg,0,train
dan_10,557,art_painting/dog/pic_186.jpg,0,train
dan_10,558,art_painting/person/pic_273.jpg,0,test
dan_10,559,art_painting/house/pic_134.jpg,0,train
dan_10,560,art_painting/dog/pic_280.jpg,0,train
dan_10,561,art_painting/person/pic_423.jpg,0,test
dan_10,562,art_painting/giraffe/pic_239.jpg,0,train
dan_10,563,art_painting/person/pic_277.jpg,0,test
dan_10,564,art_painting/giraffe/pic_193.jpg,0,train
dan_10,565,art_painting/guitar/pic_192.jpg,0,test
dan_10,566,art_painting/person/pic_518.jpg,0,train
dan_10,567,art_painting/giraffe/pic_244.jpg,0,test
dan_10,568,art_painting/dog/pic_349.jpg,0,test
dan_10,569,art_painting/house/pic_231.jpg,0,train
dan_10,570,art_painting/guitar/pic_142.jpg,0,train
dan_10,571,art_painting/giraffe/pic_052.jpg,0,test
dan_10,572,art_painting/guitar/pic_193.jpg,0,test
dan_10,573,art_painting/house/pic_091.jpg,0,train
dan_10,574,art_painting/guitar/pic_166.jpg,0,test
dan_10,575,art_painting/house/pic_054.jpg,0,train
dan_10,576,art_painting/horse/pic_042.jpg,0,test
dan_10,577,art_painting/horse/pic_081.jpg,0,train
dan_10,578,art_painting/horse/pic_161.jpg,0,test
dan_10,579,art_painting/house/pic_291.jpg,0,test
dan_10,580,art_painting/person/pic_014.jpg,0,test
dan_10,581,art_painting/dog/pic_372.jpg,0,train
dan_10,582,art_painting/person/pic_109.jpg,0,train
dan_10,583,art_painting/person/pic_027.jpg,0,train
dan_10,584,art_painting/elephant/pic_191.jpg,0,train
dan_10,585,art_painting/horse/pic_232.jpg,0,train
dan_10,586,art_painting/house/pic_219.jpg,0,train
dan_10,587,art_painting/person/pic_327.jpg,0,test
dan_10,588,art_painting/dog/pic_268.jpg,0,train
dan_10,589,art_painting/elephant/pic_156.jpg,0,train
dan_10,590,art_painting/dog/pic_105.jpg,0,test
dan_10,591,art_painting/person/pic_150.jpg,0,test
dan_10,592,art_painting/person/pic_101.jpg,0,train
dan_10,593,art_painting/giraffe/pic_293.jpg,0,train
dan_10,594,art_painting/elephant/pic_177.jpg,0,test
dan_10,595,art_painting/dog/pic_274.jpg,0,train
dan_10,596,art_painting/elephant/pic_016.jpg,0,train
dan_10,597,art_painting/giraffe/pic_191.jpg,0,train
dan_10,598,art_painting/guitar/pic_178.jpg,0,test
dan_10,599,art_painting/house/pic_076.jpg,0,train
dan_10,600,art_painting/person/pic_435.jpg,0,train
dan_10,601,art_painting/dog/pic_384.jpg,0,train
dan_10,602,art_painting/person/pic_303.jpg,0,train
dan_10,603,art_painting/guitar/pic_137.jpg,0,train
dan_10,604,art_painting/dog/pic_377.jpg,0,train
dan_10,605,art_painting/giraffe/pic_307.jpg,0,train
dan_10,606,art_painting/house/pic_315.jpg,0,test
dan_10,607,art_painting/horse/pic_106.jpg,0,train
dan_10,608,art_painting/guitar/pic_108.jpg,0,train
dan_10,609,art_painting/guitar/pic_170.jpg,0,train
dan_10,610,art_painting/house/pic_153.jpg,0,test
dan_10,611,art_painting/person/pic_479.jpg,0,test
dan_10,612,art_painting/person/pic_267.jpg,0,train
dan_10,613,art_painting/person/pic_458.jpg,0,test
dan_10,614,art_painting/person/pic_204.jpg,0,train
dan_10,615,art_painting/person/pic_249.jpg,0,train
dan_10,616,art_painting/elephant/pic_119.jpg,0,train
dan_10,617,art_painting/house/pic_336.jpg,0,train
dan_10,618,art_painting/house/pic_281.jpg,0,test
dan_10,619,art_painting/horse/pic_008.jpg,0,test
dan_10,620,art_painting/person/pic_169.jpg,0,train
dan_10,621,art_painting/giraffe/pic_171.jpg,0,train
dan_10,622,art_painting/person/pic_183.jpg,0,test
dan_10,623,art_painting/dog/pic_123.jpg,0,train
dan_10,624,art_painting/dog/pic_064.jpg,0,train
dan_10,625,art_painting/house/pic_149.jpg,0,test
dan_10,626,art_painting/dog/pic_177.jpg,0,test
dan_10,627,art_painting/dog/pic_167.jpg,0,train
dan_10,628,art_painting/dog/pic_091.jpg,0,train
dan_10,629,art_painting/giraffe/pic_010.jpg,0,test
dan_10,630,art_painting/dog/pic_322.jpg,0,train
dan_10,631,art_painting/guitar/pic_024.jpg,0,train
dan_10,632,art_painting/dog/pic_350.jpg,0,train
dan_10,633,art_painting/guitar/pic_113.jpg,0,train
dan_10,634,art_painting/elephant/pic_106.jpg,0,train
dan_10,635,art_painting/house/pic_121.jpg,0,train
dan_10,636,art_painting/person/pic_194.jpg,0,train
dan_10,637,art_painting/dog/pic_253.jpg,0,test
dan_10,638,art_painting/horse/pic_150.jpg,0,train
dan_10,639,art_painting/horse/pic_034.jpg,0,train
dan_10,640,art_painting/house/pic_103.jpg,0,train
dan_10,641,art_painting/person/pic_208.jpg,0,train
dan_10,642,art_painting/person/pic_263.jpg,0,train
dan_10,643,art_painting/giraffe/pic_009.jpg,0,test
dan_10,644,art_painting/house/pic_136.jpg,0,train
dan_10,645,art_painting/house/pic_198.jpg,0,train
dan_10,646,art_painting/house/pic_074.jpg,0,test
dan_10,647,art_painting/person/pic_097.jpg,0,train
dan_10,648,art_painting/elephant/pic_046.jpg,0,test
dan_10,649,art_painting/horse/pic_125.jpg,0,test
dan_10,650,art_painting/giraffe/pic_271.jpg,0,train
dan_10,651,art_painting/elephant/pic_204.jpg,0,test
dan_10,652,art_painting/giraffe/pic_139.jpg,0,train
dan_10,653,art_painting/house/pic_187.jpg,0,train
dan_10,654,art_painting/horse/pic_099.jpg,0,test
dan_10,655,art_painting/person/pic_405.jpg,0,test
dan_10,656,art_painting/dog/pic_319.jpg,0,train
dan_10,657,art_painting/elephant/pic_161.jpg,0,train
dan_10,658,art_painting/horse/pic_206.jpg,0,train
dan_10,659,art_painting/elephant/pic_198.jpg,0,train
dan_10,660,art_painting/giraffe/pic_253.jpg,0,train
dan_10,661,art_painting/house/pic_298.jpg,0,test
dan_10,662,art_painting/house/pic_261.jpg,0,train
dan_10,663,art_painting/horse/pic_056.jpg,0,test
dan_10,664,art_painting/person/pic_171.jpg,0,test
dan_10,665,art_painting/guitar/pic_187.jpg,0,test
dan_10,666,art_painting/person/pic_545.jpg,0,train
dan_10,667,art_painting/person/pic_107.jpg,0,train
dan_10,668,cartoon/person/pic_113.jpg,0,test
dan_10,669,cartoon/elephant/pic_389.jpg,0,test
dan_10,670,cartoon/person/pic_105.jpg,0,train
dan_10,671,cartoon/house/pic_355.jpg,0,train
dan_10,672,cartoon/horse/pic_189.jpg,0,test
dan_10,673,cartoon/elephant/pic_136.jpg,0,train
dan_10,674,cartoon/house/pic_343.jpg,0,train
dan_10,675,cartoon/giraffe/pic_209.jpg,0,train
dan_10,676,cartoon/giraffe/pic_273.jpg,0,train
dan_10,677,cartoon/horse/pic_257.jpg,0,train
dan_10,678,cartoon/elephant/pic_030.jpg,0,train
dan_10,679,cartoon/dog/pic_108.jpg,0,train
dan_10,680,cartoon/giraffe/pic_244.jpg,0,train
dan_10,681,cartoon/elephant/pic_246.jpg,0,test
dan_10,682,cartoon/person/pic_333.jpg,0,train
dan_10,683,cartoon/giraffe/pic_385.jpg,0,train
dan_10,684,cartoon/dog/pic_325.jpg,0,train
dan_10,685,cartoon/elephant/pic_393.jpg,0,test
dan_10,686,cartoon/elephant/pic_047.jpg,0,test
dan_10,687,cartoon/elephant/pic_180.jpg,0,test
dan_10,688,cartoon/giraffe/pic_360.jpg,0,train
dan_10,689,cartoon/elephant/pic_444.jpg,0,test
dan_10,690,cartoon/dog/pic_140.jpg,0,train
dan_10,691,cartoon/dog/pic_094.jpg,0,train
dan_10,692,cartoon/elephant/pic_135.jpg,0,train
dan_10,693,cartoon/house/pic_257.jpg,0,train
dan_10,694,cartoon/horse/pic_214.jpg,0,train
dan_10,695,cartoon/house/pic_017.jpg,0,train
dan_10,696,cartoon/horse/pic_221.jpg,0,test
dan_10,697,cartoon/horse/pic_092.jpg,0,test
dan_10,698,cartoon/elephant/pic_010.jpg,0,train
dan_10,699,cartoon/guitar/pic_124.jpg,0,train
dan_10,700,cartoon/horse/pic_322.jpg,0,train
dan_10,701,cartoon/guitar/pic_048.jpg,0,train
dan_10,702,cartoon/elephant/pic_091.jpg,0,train
dan_10,703,cartoon/dog/pic_310.jpg,0,train
dan_10,704,cartoon/horse/pic_053.jpg,0,test
dan_10,705,cartoon/person/pic_131.jpg,0,train
dan_10,706,cartoon/elephant/pic_257.jpg,0,train
dan_10,707,cartoon/house/pic_278.jpg,0,test
dan_10,708,cartoon/giraffe/pic_061.jpg,0,test
dan_10,709,cartoon/dog/pic_060.jpg,0,train
dan_10,710,cartoon/elephant/pic_173.jpg,0,train
dan_10,711,cartoon/person/pic_385.jpg,0,train
dan_10,712,cartoon/elephant/pic_350.jpg,0,test
dan_10,713,cartoon/giraffe/pic_192.jpg,0,train
dan_10,714,cartoon/horse/pic_327.jpg,0,train
dan_10,715,cartoon/elephant/pic_471.jpg,0,train
dan_10,716,cartoon/person/pic_020.jpg,0,train
dan_10,717,cartoon/horse/pic_196.jpg,0,train
dan_10,718,cartoon/elephant/pic_316.jpg,0,train
dan_10,719,cartoon/giraffe/pic_173.jpg,0,train
dan_10,720,cartoon/person/pic_216.jpg,0,train
dan_10,721,cartoon/elephant/pic_496.jpg,0,train
dan_10,722,cartoon/elephant/pic_337.jpg,0,train
dan_10,723,cartoon/elephant/pic_244.jpg,0,train
dan_10,724,cartoon/person/pic_078.jpg,0,train
dan_10,725,cartoon/horse/pic_345.jpg,0,train
dan_10,726,cartoon/dog/pic_136.jpg,0,train
dan_10,727,cartoon/horse/pic_355.jpg,0,train
dan_10,728,cartoon/house/pic_317.jpg,0,test
dan_10,729,cartoon/person/pic_025.jpg,0,train
dan_10,730,cartoon/person/pic_055.jpg,0,train
dan_10,731,cartoon/guitar/pic_035.jpg,0,train
dan_10,732,cartoon/dog/pic_171.jpg,0,train
dan_10,733,cartoon/house/pic_252.jpg,0,train
dan_10,734,cartoon/person/pic_129.jpg,0,train
dan_10,735,cartoon/house/pic_286.jpg,0,test
dan_10,736,cartoon/dog/pic_229.jpg,0,train
dan_10,737,cartoon/person/pic_248.jpg,0,train
dan_10,738,cartoon/person/pic_170.jpg,0,train
dan_10,739,cartoon/horse/pic_187.jpg,0,test
dan_10,740,cartoon/house/pic_038.jpg,0,train
dan_10,741,cartoon/house/pic_223.jpg,0,train
dan_10,742,cartoon/giraffe/pic_339.jpg,0,test
dan_10,743,cartoon/person/pic_119.jpg,0,train
dan_10,744,cartoon/person/pic_257.jpg,0,train
dan_10,745,cartoon/house/pic_217.jpg,0,train
dan_10,746,cartoon/elephant/pic_242.jpg,0,train
dan_10,747,cartoon/dog/pic_274.jpg,0,train
dan_10,748,cartoon/dog/pic_398.jpg,0,test
dan_10,749,cartoon/person/pic_190.jpg,0,test
dan_10,750,cartoon/horse/pic_086.jpg,0,train
dan_10,751,cartoon/house/pic_145.jpg,0,train
dan_10,752,cartoon/elephant/pic_254.jpg,0,train
dan_10,753,cartoon/horse/pic_048.jpg,0,train
dan_10,754,cartoon/horse/pic_243.jpg,0,test
dan_10,755,cartoon/horse/pic_121.jpg,0,train
dan_10,756,cartoon/person/pic_167.jpg,0,test
dan_10,757,cartoon/dog/pic_176.jpg,0,test
dan_10,758,cartoon/dog/pic_282.jpg,0,train
dan_10,759,cartoon/elephant/pic_251.jpg,0,train
dan_10,760,cartoon/horse/pic_135.jpg,0,test
dan_10,761,cartoon/person/pic_218.jpg,0,train
dan_10,762,cartoon/elephant/pic_013.jpg,0,train
dan_10,763,cartoon/dog/pic_317.jpg,0,train
dan_10,764,cartoon/horse/pic_297.jpg,0,train
dan_10,765,cartoon/giraffe/pic_090.jpg,0,test
dan_10,766,cartoon/elephant/pic_320.jpg,0,train
dan_10,767,cartoon/person/pic_209.jpg,0,train
dan_10,768,cartoon/elephant/pic_214.jpg,0,train
dan_10,769,cartoon/house/pic_311.jpg,0,test
dan_10,770,cartoon/giraffe/pic_341.jpg,0,train
dan_10,771,cartoon/person/pic_044.jpg,0,train
dan_10,772,cartoon/giraffe/pic_148.jpg,0,train
dan_10,773,cartoon/elephant/pic_374.jpg,0,train
dan_10,774,cartoon/horse/pic_352.jpg,0,test
dan_10,775,cartoon/elephant/pic_154.jpg,0,train
dan_10,776,cartoon/person/pic_425.jpg,0,test
dan_10,777,cartoon/elephant/pic_114.jpg,0,train
dan_10,778,cartoon/horse/pic_364.jpg,0,train
dan_10,779,cartoon/dog/pic_425.jpg,0,train
dan_10,780,cartoon/dog/pic_088.jpg,0,test
dan_10,781,cartoon/person/pic_197.jpg,0,train
dan_10,782,cartoon/house/pic_282.jpg,0,train
dan_10,783,cartoon/dog/pic_427.jpg,0,train
dan_10,784,cartoon/elephant/pic_262.jpg,0,test
dan_10,785,cartoon/horse/pic_118.jpg,0,train
dan_10,786,cartoon/horse/pic_293.jpg,0,test
dan_10,787,cartoon/elephant/pic_362.jpg,0,train
dan_10,788,cartoon/person/pic_210.jpg,0,test
dan_10,789,cartoon/person/pic_372.jpg,0,train
dan_10,790,cartoon/giraffe/pic_267.jpg,0,train
dan_10,791,cartoon/guitar/pic_073.jpg,0,train
dan_10,792,cartoon/house/pic_165.jpg,0,train
dan_10,793,cartoon/person/pic_268.jpg,0,train
dan_10,794,cartoon/house/pic_140.jpg,0,train
dan_10,795,cartoon/giraffe/pic_156.jpg,0,test
dan_10,796,cartoon/horse/pic_264.jpg,0,train
dan_10,797,cartoon/dog/pic_085.jpg,0,train
dan_10,798,cartoon/person/pic_226.jpg,0,test
dan_10,799,cartoon/elephant/pic_184.jpg,0,train
dan_10,800,cartoon/giraffe/pic_030.jpg,0,test
dan_10,801,cartoon/guitar/pic_011.jpg,0,train
dan_10,802,cartoon/elephant/pic_400.jpg,0,test
dan_10,803,cartoon/house/pic_277.jpg,0,test
dan_10,804,cartoon/dog/pic_334.jpg,0,train
dan_10,805,cartoon/dog/pic_393.jpg,0,train
dan_10,806,cartoon/elephant/pic_109.jpg,0,test
dan_10,807,cartoon/elephant/pic_387.jpg,0,train
dan_10,808,cartoon/person/pic_067.jpg,0,train
dan_10,809,cartoon/person/pic_126.jpg,0,train
dan_10,810,cartoon/dog/pic_095.jpg,0,train
dan_10,811,cartoon/dog/pic_028.jpg,0,test
dan_10,812,cartoon/house/pic_321.jpg,0,train
dan_10,813,cartoon/person/pic_418.jpg,0,test
dan_10,814,cartoon/person/pic_261.jpg,0,train
dan_10,815,cartoon/dog/pic_440.jpg,0,test
dan_10,816,cartoon/horse/pic_312.jpg,0,test
dan_10,817,cartoon/elephant/pic_446.jpg,0,train
dan_10,818,cartoon/horse/pic_357.jpg,0,train
dan_10,819,cartoon/giraffe/pic_353.jpg,0,train
dan_10,820,cartoon/dog/pic_038.jpg,0,train
dan_10,821,cartoon/dog/pic_078.jpg,0,test
dan_10,822,cartoon/giraffe/pic_379.jpg,0,train
dan_10,823,cartoon/giraffe/pic_369.jpg,0,train
dan_10,824,cartoon/elephant/pic_405.jpg,0,train
dan_10,825,cartoon/giraffe/pic_260.jpg,0,train
dan_10,826,cartoon/horse/pic_147.jpg,0,train
dan_10,827,cartoon/dog/pic_433.jpg,0,train
dan_10,828,cartoon/elephant/pic_124.jpg,0,test
dan_10,829,cartoon/elephant/pic_416.jpg,0,train
dan_10,830,cartoon/elephant/pic_105.jpg,0,train
dan_10,831,cartoon/house/pic_103.jpg,0,train
dan_10,832,cartoon/elephant/pic_345.jpg,0,test
dan_10,833,cartoon/house/pic_167.jpg,0,test
dan_10,834,cartoon/elephant/pic_479.jpg,0,train
dan_10,835,cartoon/giraffe/pic_373.jpg,0,train
dan_10,836,cartoon/dog/pic_198.jpg,0,test
dan_10,837,cartoon/elephant/pic_187.jpg,0,train
dan_10,838,cartoon/horse/pic_288.jpg,0,train
dan_10,839,cartoon/horse/pic_340.jpg,0,train
dan_10,840,cartoon/giraffe/pic_195.jpg,0,test
dan_10,841,cartoon/house/pic_160.jpg,0,train
dan_10,842,cartoon/person/pic_036.jpg,0,test
dan_10,843,cartoon/horse/pic_332.jpg,0,train
dan_10,844,cartoon/dog/pic_319.jpg,0,train
dan_10,845,cartoon/elephant/pic_327.jpg,0,train
dan_10,846,cartoon/person/pic_035.jpg,0,test
dan_10,847,cartoon/house/pic_014.jpg,0,test
dan_10,848,cartoon/giraffe/pic_019.jpg,0,train
dan_10,849,cartoon/person/pic_320.jpg,0,train
dan_10,850,cartoon/dog/pic_009.jpg,0,test
dan_10,851,cartoon/house/pic_119.jpg,0,train
dan_10,852,cartoon/giraffe/pic_248.jpg,0,test
dan_10,853,cartoon/person/pic_079.jpg,0,train
dan_10,854,cartoon/horse/pic_186.jpg,0,train
dan_10,855,cartoon/person/pic_253.jpg,0,test
dan_10,856,cartoon/person/pic_319.jpg,0,train
dan_10,857,cartoon/guitar/pic_107.jpg,0,train
dan_10,858,cartoon/horse/pic_363.jpg,0,train
dan_10,859,cartoon/giraffe/pic_272.jpg,0,test
dan_10,860,cartoon/giraffe/pic_349.jpg,0,train
dan_10,861,cartoon/dog/pic_083.jpg,0,train
dan_10,862,cartoon/elephant/pic_307.jpg,0,train
dan_10,863,cartoon/dog/pic_354.jpg,0,train
dan_10,864,cartoon/giraffe/pic_212.jpg,0,test
dan_10,865,cartoon/elephant/pic_432.jpg,0,train
dan_10,866,cartoon/person/pic_434.jpg,0,train
dan_10,867,cartoon/person/pic_424.jpg,0,test
dan_10,868,cartoon/guitar/pic_024.jpg,0,train
dan_10,869,cartoon/elephant/pic_450.jpg,0,train
dan_10,870,cartoon/horse/pic_347.jpg,0,train
dan_10,871,cartoon/house/pic_026.jpg,0,test
dan_10,872,cartoon/dog/pic_077.jpg,0,test
dan_10,873,cartoon/elephant/pic_049.jpg,0,train
dan_10,874,cartoon/elephant/pic_346.jpg,0,train
dan_10,875,cartoon/giraffe/pic_320.jpg,0,train
dan_10,876,cartoon/person/pic_377.jpg,0,train
dan_10,877,cartoon/horse/pic_013.jpg,0,train
dan_10,878,cartoon/person/pic_368.jpg,0,train
dan_10,879,cartoon/horse/pic_106.jpg,0,test
dan_10,880,cartoon/dog/pic_265.jpg,0,train
dan_10,881,cartoon/dog/pic_102.jpg,0,train
dan_10,882,cartoon/person/pic_061.jpg,0,test
dan_10,883,cartoon/giraffe/pic_322.jpg,0,train
dan_10,884,cartoon/elephant/pic_354.jpg,0,train
dan_10,885,cartoon/elephant/pic_147.jpg,0,test
dan_10,886,cartoon/house/pic_182.jpg,0,train
dan_10,887,cartoon/giraffe/pic_143.jpg,0,train
dan_10,888,cartoon/horse/pic_132.jpg,0,train
dan_10,889,cartoon/house/pic_007.jpg,0,train
dan_10,890,cartoon/giraffe/pic_226.jpg,0,test
dan_10,891,cartoon/person/pic_265.jpg,0,train
dan_10,892,cartoon/elephant/pic_216.jpg,0,train
dan_10,893,cartoon/elephant/pic_306.jpg,0,train
dan_10,894,cartoon/person/pic_141.jpg,0,train
dan_10,895,cartoon/dog/pic_397.jpg,0,test
dan_10,896,cartoon/dog/pic_008.jpg,0,train
dan_10,897,cartoon/person/pic_409.jpg,0,train
dan_10,898,cartoon/dog/pic_178.jpg,0,test
dan_10,899,cartoon/guitar/pic_020.jpg,0,train
dan_10,900,cartoon/giraffe/pic_219.jpg,0,train
dan_10,901,cartoon/person/pic_203.jpg,0,train
dan_10,902,cartoon/dog/pic_210.jpg,0,train
dan_10,903,cartoon/giraffe/pic_119.jpg,0,train
dan_10,904,cartoon/house/pic_098.jpg,0,test
dan_10,905,cartoon/house/pic_039.jpg,0,train
dan_10,906,cartoon/person/pic_111.jpg,0,test
dan_10,907,cartoon/horse/pic_032.jpg,0,test
dan_10,908,cartoon/horse/pic_157.jpg,0,train
dan_10,909,cartoon/giraffe/pic_216.jpg,0,test
dan_10,910,cartoon/dog/pic_422.jpg,0,train
dan_10,911,cartoon/guitar/pic_016.jpg,0,train
dan_10,912,cartoon/giraffe/pic_113.jpg,0,test
dan_10,913,cartoon/elephant/pic_094.jpg,0,train
dan_10,914,cartoon/horse/pic_188.jpg,0,train
dan_10,915,cartoon/giraffe/pic_127.jpg,0,test
dan_10,916,cartoon/person/pic_449.jpg,0,test
dan_10,917,cartoon/elephant/pic_061.jpg,0,train
dan_10,918,cartoon/dog/pic_190.jpg,0,train
dan_10,919,cartoon/guitar/pic_083.jpg,0,train
dan_10,920,cartoon/person/pic_349.jpg,0,train
dan_10,921,cartoon/elephant/pic_130.jpg,0,train
dan_10,922,cartoon/guitar/pic_069.jpg,0,test
dan_10,923,cartoon/house/pic_093.jpg,0,train
dan_10,924,cartoon/house/pic_228.jpg,0,train
dan_10,925,cartoon/elephant/pic_228.jpg,0,train
dan_10,926,cartoon/dog/pic_329.jpg,0,train
dan_10,927,cartoon/dog/pic_430.jpg,0,train
dan_10,928,cartoon/elephant/pic_054.jpg,0,test
dan_10,929,cartoon/giraffe/pic_317.jpg,0,test
dan_10,930,cartoon/dog/pic_103.jpg,0,test
dan_10,931,cartoon/giraffe/pic_082.jpg,0,train
dan_10,932,cartoon/person/pic_323.jpg,0,test
dan_10,933,cartoon/elephant/pic_302.jpg,0,train
dan_10,934,cartoon/dog/pic_386.jpg,0,train
dan_10,935,cartoon/elephant/pic_113.jpg,0,test
dan_10,936,cartoon/giraffe/pic_383.jpg,0,train
dan_10,937,cartoon/horse/pic_303.jpg,0,test
dan_10,938,cartoon/person/pic_236.jpg,0,train
dan_10,939,cartoon/person/pic_259.jpg,0,test
dan_10,940,cartoon/dog/pic_218.jpg,0,train
dan_10,941,cartoon/person/pic_159.jpg,0,test
dan_10,942,cartoon/horse/pic_173.jpg,0,test
dan_10,943,cartoon/guitar/pic_058.jpg,0,train
dan_10,944,cartoon/person/pic_193.jpg,0,test
dan_10,945,cartoon/house/pic_102.jpg,0,train
dan_10,946,cartoon/giraffe/pic_202.jpg,0,train
dan_10,947,cartoon/person/pic_225.jpg,0,test
dan_10,948,cartoon/house/pic_121.jpg,0,train
dan_10,949,cartoon/guitar/pic_068.jpg,0,test
dan_10,950,cartoon/horse/pic_233.jpg,0,train
dan_10,951,cartoon/giraffe/pic_297.jpg,0,test
dan_10,952,cartoon/dog/pic_139.jpg,0,train
dan_10,953,cartoon/dog/pic_287.jpg,0,train
dan_10,954,cartoon/elephant/pic_021.jpg,0,train
dan_10,955,cartoon/giraffe/pic_100.jpg,0,train
dan_10,956,cartoon/person/pic_302.jpg,0,test
dan_10,957,cartoon/dog/pic_369.jpg,0,train
dan_10,958,cartoon/house/pic_023.jpg,0,test
dan_10,959,cartoon/person/pic_008.jpg,0,train
dan_10,960,cartoon/horse/pic_064.jpg,0,train
dan_10,961,cartoon/dog/pic_180.jpg,0,train
dan_10,962,cartoon/horse/pic_025.jpg,0,train
dan_10,963,cartoon/person/pic_039.jpg,0,train
dan_10,964,cartoon/person/pic_224.jpg,0,train
dan_10,965,cartoon/horse/pic_224.jpg,0,train
dan_10,966,cartoon/house/pic_340.jpg,0,train
dan_10,967,cartoon/elephant/pic_037.jpg,0,train
dan_10,968,cartoon/dog/pic_348.jpg,0,train
dan_10,969,cartoon/dog/pic_419.jpg,0,train
dan_10,970,cartoon/giraffe/pic_160.jpg,0,train
dan_10,971,cartoon/person/pic_052.jpg,0,train
dan_10,972,cartoon/dog/pic_305.jpg,0,train
dan_10,973,cartoon/giraffe/pic_071.jpg,0,train
dan_10,974,cartoon/elephant/pic_032.jpg,0,test
dan_10,975,cartoon/giraffe/pic_013.jpg,0,train
dan_10,976,cartoon/giraffe/pic_318.jpg,0,train
dan_10,977,cartoon/elephant/pic_088.jpg,0,train
dan_10,978,cartoon/person/pic_313.jpg,0,train
dan_10,979,cartoon/giraffe/pic_009.jpg,0,train
dan_10,980,cartoon/guitar/pic_118.jpg,0,train
dan_10,981,cartoon/horse/pic_219.jpg,0,test
dan_10,982,cartoon/giraffe/pic_020.jpg,0,train
dan_10,983,cartoon/house/pic_080.jpg,0,test
dan_10,984,cartoon/horse/pic_131.jpg,0,test
dan_10,985,cartoon/guitar/pic_100.jpg,0,train
dan_10,986,cartoon/horse/pic_336.jpg,0,test
dan_10,987,cartoon/dog/pic_313.jpg,0,train
dan_10,988,cartoon/guitar/pic_076.jpg,0,train
dan_10,989,cartoon/horse/pic_079.jpg,0,test
dan_10,990,cartoon/horse/pic_275.jpg,0,train
dan_10,991,cartoon/house/pic_147.jpg,0,train
dan_10,992,cartoon/horse/pic_267.jpg,0,train
dan_10,993,cartoon/horse/pic_072.jpg,0,test
dan_10,994,cartoon/elephant/pic_435.jpg,0,test
dan_10,995,cartoon/person/pic_452.jpg,0,test
dan_10,996,cartoon/elephant/pic_192.jpg,0,train
dan_10,997,cartoon/giraffe/pic_253.jpg,0,test
dan_10,998,cartoon/elephant/pic_501.jpg,0,train
dan_10,999,cartoon/person/pic_438.jpg,0,train
dan_10,1000,cartoon/house/pic_212.jpg,0,train
dan_10,1001,cartoon/house/pic_347.jpg,0,test
dan_10,1002,e4e9d2a36515c552,1,train
dan_10,1003,b3f931dbd858a133,1,test
dan_10,1004,570b6b92a35155c5,1,train
dan_10,1005,d54ef9b7ff66b2fa,1,train
dan_10,1006,6611ff9d0b6d8208,1,test
dan_10,1007,fb33b8261756862c,1,train
dan_10,1008,90229b1c01abe739,1,train
dan_10,1009,e2ec07ec68799b21,1,train
dan_10,1010,ffeb5561f31be75f,1,train
dan_10,1011,afd7b4afebdc887f,1,test
dan_10,1012,4b48ef3ea4b722c8,1,train
dan_10,1013,a53de5559b222be2,1,test
dan_10,1014,5abd7b9988cd6e93,1,train
dan_10,1015,350e0e32b16b8197,1,test
dan_10,1016,fce4c95ba23799e3,1,train
dan_10,1017,2d129ca5b4cc09e7,1,train
dan_10,1018,ad0435ad522d2447,1,train
dan_10,1019,1e49a893a0cf958a,1,train
dan_10,1020,1a211e47aafde640,1,train
dan_10,1021,1063f27e61d29245,1,train
dan_10,1022,77ebf45f4fc624b3,1,train
dan_10,1023,96726f6e353e2d5b,1,train
dan_10,1024,21134675780c1a39,1,train
dan_10,1025,57ed682a93f3be0e,1,train
dan_10,1026,c12d3ea552a1457e,1,test
dan_10,1027,1787acbffcd5b305,1,train
dan_10,1028,077ef807a42334f9,1,test
dan_10,1029,53ec7ee459bf9bab,1,train
dan_10,1030,1129b060c0a17abf,1,train
dan_10,1031,7d96047bb39f3569,1,train
dan_10,1032,9e45174917022478,1,train
dan_10,1033,4c0e32671b12c279,1,test
dan_10,1034,1550966fb150326a,1,test
dan_10,1035,f0ce2d2c719dc8d6,1,train
dan_10,1036,6c0c03a07ca9ffdb,1,test
dan_10,1037,680f5bd30c6c766a,1,train
dan_10,1038,d5417460de96fbf3,1,test
dan_10,1039,509f41f187295007,1,test
dan_10,1040,b2adbccb551f31a3,1,train
dan_10,1041,5615e723a7f34a1a,1,train
dan_10,1042,b2c52958cef832d9,1,train
dan_10,1043,9577c5ee201768f7,1,train
dan_10,1044,de8ffec89758610d,1,train
dan_10,1045,6397f6a3171f39df,1,train
dan_10,1046,eb289024c62d8e2b,1,train
dan_10,1047,093ba0c1ba62a163,1,train
dan_10,1048,f5e91b4f0c781bbc,1,train
dan_10,1049,f8092b0ce0783522,1,train
dan_10,1050,e998bdf944184def,1,test
dan_10,1051,fb82da5181f2f27f,1,test
dan_10,1052,6f1465e6ffa908dd,1,train
dan_10,1053,b864e647c9e92b59,1,train
dan_10,1054,b23afb6a35bb8893,1,train
dan_10,1055,510faa4534bd9c64,1,train
dan_10,1056,b92143d835420cdc,1,train
dan_10,1057,9818b47773d2e384,1,train
dan_10,1058,358b0db2719779b0,1,test
dan_10,1059,1002199f8c924223,1,train
dan_10,1060,3486e08cba46e171,1,test
dan_10,1061,8e11ec7497ec278a,1,train
dan_10,1062,e725824a8495da94,1,test
dan_10,1063,1db44a56bc228c4d,1,test
dan_10,1064,6a92c8d7b79a39fc,1,train
dan_10,1065,be8d60158851e0ac,1,test
dan_10,1066,d4c646f208f359cb,1,test
dan_10,1067,466d9526cccf465d,1,train
dan_10,1068,3055b94b445f5c8a,1,train
dan_10,1069,5ec0a6312e1ff6b2,1,train
dan_10,1070,4a7a9b300c7e56c7,1,train
dan_10,1071,2fcf7d13d5436e4b,1,test
dan_10,1072,a812bf98ee54bdc8,1,test
dan_10,1073,e92df8b3c1277c24,1,test
dan_10,1074,644ef9804eb62d40,1,test
dan_10,1075,229b570e9670c419,1,train
dan_10,1076,a57b036e4ee44a6a,1,train
dan_10,1077,44a091d7b38dda6f,1,train
dan_10,1078,ba1688b99b03b08d,1,train
dan_10,1079,ad45e4a990424e0f,1,test
dan_10,1080,6cc833e2129060ee,1,test
dan_10,1081,93673fa39241331c,1,train
dan_10,1082,a036e50287661e59,1,train
dan_10,1083,0734c31657c03db9,1,test
dan_10,1084,3ba43ceb290e6805,1,test
dan_10,1085,8c6120a0b9277ded,1,train
dan_10,1086,ff9444ee261a5e81,1,train
dan_10,1087,c514236eb002e1df,1,train
dan_10,1088,6f3609bb25704656,1,test
dan_10,1089,401b28a46d6d40ee,1,test
dan_10,1090,15d3836cde2fc013,1,train
dan_10,1091,c537e17874a65e53,1,test
dan_10,1092,534664412ed7fbb3,1,train
dan_10,1093,1c0201474e4d550b,1,test
dan_10,1094,18c7f0b73adbf3f8,1,train
dan_10,1095,ad00effd7585e083,1,test
dan_10,1096,1f76c442aa913ba4,1,train
dan_10,1097,3bfd056310988cec,1,train
dan_10,1098,a48ca893b3802336,1,test
dan_10,1099,e143fc0b586bdc63,1,train
dan_10,1100,2c09630dbb6616d1,1,test
dan_10,1101,060d2b58c4fd2335,1,train
dan_10,1102,6d13863f72ac6cf7,1,train
dan_10,1103,cc7f1b9913baa0ff,1,train
dan_10,1104,65fd14fa121ce913,1,test
dan_10,1105,b5c95d5f21ab09a4,1,train
dan_10,1106,453a47e7bc936b2a,1,test
dan_10,1107,d2e774029cdc9cd0,1,train
dan_10,1108,c3eb8b9cc2b3d9e6,1,train
dan_10,1109,09c8c0055ca5672b,1,train
dan_10,1110,a4d87bd38ed365f2,1,train
dan_10,1111,8d1c9ecaaa27a654,1,test
dan_10,1112,59f60417147c74bd,1,train
dan_10,1113,261e7d5f8ca044ab,1,train
dan_10,1114,577d1112331c6731,1,test
dan_10,1115,ff764789ca49d185,1,train
dan_10,1116,ab19be96aae26089,1,train
dan_10,1117,ec92e531385ae53f,1,test
dan_10,1118,1bc7248ddcb91b6e,1,train
dan_10,1119,8de6b5cad315ab7f,1,test
dan_10,1120,008eae509eaab5d4,1,test
dan_10,1121,5aaeebbf97ae4a59,1,train
dan_10,1122,d46ababd5edaa6a5,1,train
dan_10,1123,0b6019ffac1af948,1,train
dan_10,1124,a518275c337de189,1,test
dan_10,1125,3b4c45356d3981d6,1,train
dan_10,1126,a19f6ec4d90bab1b,1,train
dan_10,1127,3accffd8d2ec2abb,1,train
dan_10,1128,0b7e0d071b5fd9d7,1,train
dan_10,1129,02707c390bef896f,1,train
dan_10,1130,0a6bd19e2ab2be86,1,train
dan_10,1131,e25fc1de0f642b1f,1,test
dan_10,1132,aca4f73e2f585065,1,test
dan_10,1133,1c5c4269ee37b76b,1,test
dan_10,1134,28775dbba0114d04,1,train
dan_10,1135,fdd7076b7ffc0471,1,test
dan_10,1136,ba9714267d79839c,1,train
dan_10,1137,e25e9862fa5a673c,1,train
dan_10,1138,6521061abec002c8,1,train
dan_10,1139,b132882f1ff6b6e9,1,train
dan_10,1140,3040cabbd7473e61,1,train
dan_10,1141,e29b2c0ad006f628,1,train
dan_10,1142,407908bab38a5f66,1,test
dan_10,1143,ce4dbc39b2f9456a,1,test
dan_10,1144,2c3171866e5e191a,1,test
dan_10,1145,ff36c17b15b279f0,1,train
dan_10,1146,16b6f3babe0d321d,1,train
dan_10,1147,1e3ef06807363152,1,test
dan_10,1148,d500b8f3cd355808,1,train
dan_10,1149,71d1b68973f028f5,1,train
dan_10,1150,2097317806244e39,1,train
dan_10,1151,04ec9588abc737ca,1,train
dan_10,1152,9de3657164b83ae9,1,train
dan_10,1153,24dccefdd32f984f,1,train
dan_10,1154,40bc403008bd6c2d,1,train
dan_10,1155,4fcd8879c5e1816e,1,train
dan_10,1156,32d05908ffdd73b7,1,train
dan_10,1157,703ae49e94defa34,1,train
dan_10,1158,576560781a7c3441,1,train
dan_10,1159,80c0f76bfc97319c,1,train
dan_10,1160,a1b79cfae8dea97c,1,train
dan_10,1161,00d78431ea9880fd,1,train
dan_10,1162,5c17b7cdd03059c7,1,train
dan_10,1163,e3edd1d36cbfde57,1,train
dan_10,1164,aeb02066710e4e3d,1,train
dan_10,1165,0270fed3e63f3647,1,train
dan_10,1166,c197f9655cd71310,1,train
dan_10,1167,26f5961559292188,1,train
dan_10,1168,6413ff7d7d471d76,1,test
dan_10,1169,cea8e87b34b310c8,1,train
dan_10,1170,3e6c146fbe16a79f,1,train
dan_10,1171,46cb98038d5614d4,1,train
dan_10,1172,c275d6775ff5e1c6,1,train
dan_10,1173,ab3bd7d8ea2893cc,1,train
dan_10,1174,f1b3a6a3add0b6fc,1,train
dan_10,1175,5b27d138e731acf7,1,train
dan_10,1176,a2bb54ed950b04d9,1,train
dan_10,1177,18e95bbd8955f263,1,train
dan_10,1178,219999dc57609ba7,1,train
dan_10,1179,beaa293ce691dcf7,1,test
dan_10,1180,eef9ebe4f5f4f9d6,1,test
dan_10,1181,e576698eacc21509,1,train
dan_10,1182,2bf36c7be5ffbd2f,1,test
dan_10,1183,5bef47ad0d1e7460,1,train
dan_10,1184,c66f8534dca0642d,1,train
dan_10,1185,8784f8be0691cf06,1,test
dan_10,1186,e09ff9f08294b97c,1,train
dan_10,1187,1089d408dcb54e23,1,train
dan_10,1188,67fd43eac372bd08,1,train
dan_10,1189,d3cf87c95862f22a,1,train
dan_10,1190,86352d95dc30169f,1,test
dan_10,1191,7ef4e769fd786e6f,1,test
dan_10,1192,7999ba23a000f84a,1,test
dan_10,1193,46fae1dc1c71678e,1,test
dan_10,1194,95a533aa69dc9216,1,train
dan_10,1195,6f819a0109bc5651,1,train
dan_10,1196,155d52dc5cc72db1,1,train
dan_10,1197,dab5646e04fc22e5,1,train
dan_10,1198,e054dc291f8b6c17,1,train
dan_10,1199,71fbab1a579a1045,1,train
dan_10,1200,bbf09fd52346c29a,1,train
dan_10,1201,44c01f8547735f19,1,train
dan_10,1202,d065fbe096f639c5,1,test
dan_10,1203,288864cfd396c96b,1,train
dan_10,1204,255e9dd9be642803,1,train
dan_10,1205,b210e54c2bd2937a,1,test
dan_10,1206,45fc1084860cb7fa,1,train
dan_10,1207,f262b6832c34e7fa,1,test
dan_10,1208,ea57fad91ba5f5c7,1,test
dan_10,1209,30231ebad0c2c867,1,train
dan_10,1210,250a58267e686c87,1,train
dan_10,1211,8458ecfc8fe2094b,1,train
dan_10,1212,a68a96d3e6f014a7,1,test
dan_10,1213,a0191c6b4f61f32d,1,test
dan_10,1214,2afc4dba8c042eba,1,train
dan_10,1215,c4c6479e5c042081,1,train
dan_10,1216,722a513debd9b1b0,1,train
dan_10,1217,d4dc981b0f3196dc,1,test
dan_10,1218,9845fa3984d72947,1,train
dan_10,1219,5ef8819db4b38778,1,train
dan_10,1220,187cf1290650d683,1,test
dan_10,1221,743ed873dda7f35c,1,train
dan_10,1222,c0bb9d6cfa04c89b,1,train
dan_10,1223,5ea28ad9ee5b3ef7,1,test
dan_10,1224,005e9f1c0b0a3e28,1,train
dan_10,1225,18ceba55ccfc3e8c,1,train
dan_10,1226,298bf0cd9174635f,1,train
dan_10,1227,e1131eaf1d30d5ef,1,test
dan_10,1228,84e2f51ea465d5fc,1,test
dan_10,1229,80194daf02615af1,1,train
dan_10,1230,2ae1bce20608ed6d,1,train
dan_10,1231,a287676228cffec1,1,train
dan_10,1232,a32a3f9dcb0df2bf,1,test
dan_10,1233,66b70c2e078e95ea,1,test
dan_10,1234,8d37b930cfee88c7,1,train
dan_10,1235,49f7c752e5ace3e2,1,train
dan_10,1236,e4a453be3f07799e,1,test
dan_10,1237,52b59ee73d92f3d2,1,train
dan_10,1238,5c79fedfb14b70eb,1,train
dan_10,1239,51a7faa32207e141,1,test
dan_10,1240,16176089460d6d4e,1,train
dan_10,1241,1815995d918b3929,1,test
dan_10,1242,84435b15256af875,1,train
dan_10,1243,9a9c34b2f367ecad,1,train
dan_10,1244,8cbc47362fcbe75e,1,train
dan_10,1245,b50be0908851c807,1,train
dan_10,1246,dfb2340056758a09,1,train
dan_10,1247,5d18f532fe2f9076,1,test
dan_10,1248,8c5481549b32ce94,1,train
dan_10,1249,f763fc3396fd9284,1,train
dan_10,1250,988ba740aa3cd99a,1,test
dan_10,1251,cfd34fbb925ce923,1,train
dan_10,1252,59a63baaeb85cd8d,1,train
dan_10,1253,a910846eded9bd5c,1,train
dan_10,1254,90e43ee48d0e238d,1,train
dan_10,1255,aab438a58e3059b4,1,train
dan_10,1256,e2b7334fed24f4cb,1,train
dan_10,1257,92edc655c71c242f,1,train
dan_10,1258,881426d67c542e9e,1,train
dan_10,1259,596dbe41111af750,1,train
dan_10,1260,a48ff7eea540d89a,1,train
dan_10,1261,d958f2b1dbce83ee,1,test
dan_10,1262,a8a65b843d788660,1,train
dan_10,1263,9ef0ef66ff3398e5,1,train
dan_10,1264,3fc797f80c9cc3ba,1,train
dan_10,1265,31bb9fa0d52604cc,1,test
dan_10,1266,3222d9c72cbfb1f2,1,train
dan_10,1267,d21b91d1f01a45fe,1,test
dan_10,1268,a1edbc0c73115a70,1,train
dan_10,1269,c02e8a71611736cd,1,train
dan_10,1270,5cb74ad06c425b5e,1,train
dan_10,1271,59731fd176485c3a,1,test
dan_10,1272,61c871318a9f19aa,1,test
dan_10,1273,be450d9af6fe07dd,1,test
dan_10,1274,2fdb05d065827633,1,test
dan_10,1275,8a3115cfdfdce1e7,1,train
dan_10,1276,b1eb143eabed9935,1,train
dan_10,1277,d16c1fd1fd53ca5d,1,train
dan_10,1278,a92075d5135c83ef,1,train
dan_10,1279,63a002a42074a5dc,1,test
dan_10,1280,3ace8d1b4a274cd0,1,test
dan_10,1281,192a8d8c1be7ade1,1,test
dan_10,1282,abd9a2599d0cefd9,1,train
dan_10,1283,27732933537b0ba0,1,train
dan_10,1284,58f80d6691b814ca,1,train
dan_10,1285,e52722292b7e83e0,1,test
dan_10,1286,78564e53a03e395a,1,train
dan_10,1287,923cb121c162d326,1,train
dan_10,1288,d5b3005271ab4d7c,1,train
dan_10,1289,8fd4482ee20e5eba,1,test
dan_10,1290,24407e7175cc8fcd,1,test
dan_10,1291,d16f6383295f6ca1,1,train
dan_10,1292,26006b982c21290e,1,train
dan_10,1293,2c66a2aba2a3e7fd,1,train
dan_10,1294,d996869e993be98b,1,train
dan_10,1295,c874c68e5a917a92,1,train
dan_10,1296,9f4d5d89c7c67e8a,1,train
dan_10,1297,737e56e473452424,1,train
dan_10,1298,a5211c8a645e98e9,1,train
dan_10,1299,84af32b41d61d7ec,1,train
dan_10,1300,ad12bd362cb8f37b,1,test
dan_10,1301,9ba56152d87be9a3,1,train
dan_10,1302,0b4971e804004628,1,train
dan_10,1303,ccc534563b5f4903,1,train
dan_10,1304,d483037819f54e7f,1,test
dan_10,1305,44630cf9dd54d33a,1,train
dan_10,1306,9ea8eb38cecad735,1,test
dan_10,1307,c7fc5af7d07234a1,1,test
dan_10,1308,77c2d4507cd8943e,1,train
dan_10,1309,7b13ecc023f5159d,1,train
dan_10,1310,854c590c943c13d9,1,test
dan_10,1311,84dee2a4aba65c2a,1,train
dan_10,1312,7c6f203ab48a4c99,1,train
dan_10,1313,143df580b1714511,1,test
dan_10,1314,a2a026d595426cec,1,train
dan_10,1315,f556a46b33d45ff9,1,train
dan_10,1316,a31fa6c3efef241d,1,test
dan_10,1317,cd8392b6645cb1b0,1,train
dan_10,1318,40790331d86ae714,1,test
dan_10,1319,080fb216ef237bad,1,train
dan_10,1320,8f2787126a213433,1,train
dan_10,1321,21a702ca03d9b4bd,1,test
dan_10,1322,a116d1fb143f641c,1,test
dan_10,1323,9abff980dd1d2627,1,train
dan_10,1324,2c4a1131faffe063,1,train
dan_10,1325,4cd9b862d53041af,1,test
dan_10,1326,8b2137c45b19d751,1,train
dan_10,1327,8424acbc947b8598,1,train
dan_10,1328,6b7e300b0f0bb76e,1,train
dan_10,1329,b1caeac71a46c1c7,1,train
dan_10,1330,292193d39bf10940,1,train
dan_10,1331,727228a2d6a9f33d,1,train
dan_10,1332,3fb0abd776231824,1,train
dan_10,1333,975b091c740a0207,1,train
dan_10,1334,c99ef337029c86dd,1,test
dan_10,1335,226e4c43a9dd8963,1,train
dan_10,1336,165e6995ffcbdc40,1,test
dan_10,1337,4c92bbf4c140130d,1,test
dan_10,1338,ad0cc69a51133fed,1,train
dan_10,1339,c1a00b01ac0e1156,1,train
dan_10,1340,875cd117f9689fab,1,test
dan_10,1341,df0cacd953a28e09,1,train
dan_10,1342,0057f0350d968016,1,train
dan_10,1343,68c6d20dea190d23,1,test
dan_10,1344,01cbad70ab2446af,1,train
dan_10,1345,4f465164764c85cc,1,train
dan_10,1346,0d30bafbe6f4ee3b,1,test
dan_10,1347,4634005be7431913,1,test
dan_10,1348,b1d3dd2b13f70429,1,train
dan_10,1349,67d787a9777d09cc,1,train
dan_10,1350,61ae51cdc57fadef,1,train
dan_10,1351,80d4dcff6f3985d2,1,test
dan_10,1352,c3ff217302f0ba54,1,train
dan_10,1353,1793ec749a2218d0,1,test
dan_10,1354,3bd3236f5b2e3674,1,train
dan_10,1355,76e5bcc8a9c0ca8a,1,train
dan_10,1356,56190c6e9538e1e9,1,train
dan_10,1357,eefe6562a6c7df2c,1,train
dan_10,1358,79ce89d47bdffb21,1,test
dan_10,1359,55226abf47cb164c,1,test
dan_10,1360,4476472fead4ca0f,1,train
dan_10,1361,1c3561dabd5de9b2,1,train
dan_10,1362,5059020cdd94d839,1,test
dan_10,1363,56008cb88a5ceb32,1,train
dan_10,1364,bafe698701f824b2,1,train
dan_10,1365,385ae8b97e5f9db3,1,train
dan_10,1366,28f37e7dfbb0f1f0,1,train
dan_10,1367,55520149a32c6890,1,test
dan_10,1368,373802d603643f26,1,train
dan_10,1369,c9ac0b17099db188,1,train
dan_10,1370,ae38bbf9b4a8d1a6,1,train
dan_10,1371,344636892c19ed3b,1,test
dan_10,1372,3a76ff5bdaca14f8,1,train
dan_10,1373,1e300b77ce004bd8,1,test
dan_10,1374,3ece688becb80c31,1,test
dan_10,1375,a065a19b5cd5987f,1,train
dan_10,1376,81734c2a5724d8c1,1,train
dan_10,1377,dc31e02b1ac40847,1,train
dan_10,1378,9680700059aed0ef,1,test
dan_10,1379,7b31bf0b810e60e2,1,train
dan_10,1380,9be731e53b8f8547,1,train
dan_10,1381,6ab728a6d2d36e06,1,train
dan_10,1382,0d7486fec5e7f30b,1,test
dan_10,1383,a67c07a31e9169b6,1,train
dan_10,1384,5acb1fab844c3ef7,1,test
dan_10,1385,d44d331cb674e848,1,train
dan_10,1386,0e6c8b66616a1766,1,train
dan_10,1387,f5f02f7440ff3f41,1,train
dan_10,1388,56ff18573313dba8,1,test
dan_10,1389,f04dcfa3936cd0e0,1,test
dan_10,1390,6a4fd245f713a99c,1,train
dan_10,1391,d09d04276f39f83d,1,train
dan_10,1392,84c9508770b96330,1,train
dan_10,1393,cf8150d68b0f7f16,1,test
dan_10,1394,575b094070bdbc1e,1,train
dan_10,1395,3e12c3f626200b09,1,test
dan_10,1396,831c0ccc04d78c38,1,train
dan_10,1397,9dd4a465a9c10728,1,train
dan_10,1398,0dcd3f8f545cb8da,1,test
dan_10,1399,9014015a75be2119,1,train
dan_10,1400,29617403325996d4,1,train
dan_10,1401,dd5385b7d5797606,1,train
dan_10,1402,55928eac84a6ed46,1,train
dan_10,1403,b677ac4275eb4568,1,train
dan_10,1404,0f4923469f3e0c08,1,train
dan_10,1405,0a35ebdd22cf2b83,1,train
dan_10,1406,9bb2d1365c946159,1,test
dan_10,1407,fa5a5afa330f8128,1,train
dan_10,1408,27c28837bbc4e648,1,train
dan_10,1409,3645b8cab917ffc6,1,train
dan_10,1410,dac7bbf98cd8bb6a,1,train
dan_10,1411,2aa05540d467635d,1,train
dan_10,1412,f6b3813bda883567,1,test
dan_10,1413,649774e0d027a4ea,1,test
dan_10,1414,2c7ca39481664553,1,train
dan_10,1415,647b45826810d1ca,1,train
dan_10,1416,17ffd09dd9ce24bc,1,test
dan_10,1417,f9ee55ed8713634f,1,train
dan_10,1418,288fa6d1dae1ff46,1,train
dan_10,1419,0710d9539e7b652e,1,train
dan_10,1420,cd164f3485770849,1,test
dan_10,1421,4220008971d37fed,1,train
dan_10,1422,084b6c0183f0b865,1,train
dan_10,1423,b12e08d896fcc6b8,1,train
dan_10,1424,bb7badf6b26ce60c,1,test
dan_10,1425,7bd66c0ee9c2db29,1,test
dan_10,1426,c4a959801454d6c8,1,test
dan_10,1427,b8c716c7224e47f4,1,test
dan_10,1428,e35939d47028c092,1,train
dan_10,1429,8ab876611fad6477,1,test
dan_10,1430,b2df5f04a092232f,1,train
dan_10,1431,db541d4c0cc3e04d,1,train
dan_10,1432,693e6beae31839eb,1,train
dan_10,1433,203c9d768479db67,1,train
dan_10,1434,fa9397a23fdf7619,1,test
dan_10,1435,80c72d77b9d9cd2b,1,train
dan_10,1436,b4a881ab8030502b,1,test
dan_10,1437,9c239aeb7c07d517,1,train
dan_10,1438,266861676a1dbaa7,1,train
dan_10,1439,5f2c4e17ca8b2ddc,1,train
dan_10,1440,b6b582c38c956f3d,1,train
dan_10,1441,10f37c4d1f594d6b,1,train
dan_10,1442,5c5260ac0012cfa8,1,train
dan_10,1443,3d21d5542507cb59,1,train
dan_10,1444,44fc7cf07bc1c0d4,1,train
dan_10,1445,c33f424965290884,1,test
dan_10,1446,1c2acafb53dae2c8,1,train
dan_10,1447,4f64190ea493175b,1,test
dan_10,1448,551c796348990412,1,test
dan_10,1449,e1fe3510584ec49e,1,train
dan_10,1450,4491cfe67e2f6d90,1,test
dan_10,1451,9ecd003ce9ff9814,1,train
dan_10,1452,9e635a189d339086,1,train
dan_10,1453,8eb52d474f56e406,1,train
dan_10,1454,ca5e0c2804707629,1,train
dan_10,1455,cfc02e157eb7211c,1,train
dan_10,1456,733e1c3527ead68e,1,train
dan_10,1457,e761b4ee44a121e3,1,test
dan_10,1458,2ec4301d84438b24,1,train
dan_10,1459,a46afbc70908de8f,1,train
dan_10,1460,6f1cc1f5ba831a06,1,train
dan_10,1461,0c1ef04be9746757,1,train
dan_10,1462,ee0635d5dae7243a,1,train
dan_10,1463,742b017ed97c0548,1,train
dan_10,1464,f0c9b3a805f90613,1,test
dan_10,1465,8d2871a045f8b1e2,1,test
dan_10,1466,82bfb2136502b61a,1,train
dan_10,1467,d8d02cfd0642472f,1,train
dan_10,1468,5ff964f596558b14,1,train
dan_10,1469,3f9454e9a9c812a4,1,test
dan_10,1470,2fd8b8b1f05c26e6,1,test
dan_10,1471,c81878a2cea5d3b0,1,train
dan_10,1472,2cdfe4104a36fa9c,1,test
dan_10,1473,e5a0167d2034e09d,1,train
dan_10,1474,9a90aed6dcbabb0f,1,train
dan_10,1475,4d4252ad4e19034b,1,test
dan_10,1476,7087f8d336c46b65,1,test
dan_10,1477,ad3787256512aea3,1,train
dan_10,1478,92a1b4e9db2397a4,1,test
dan_10,1479,7986f13a0c41faf9,1,test
dan_10,1480,fbba421b5cd815f4,1,train
dan_10,1481,1e86647ec855e479,1,train
dan_10,1482,c6da475ccf646bfd,1,test
dan_10,1483,a5375a92bf6cd217,1,train
dan_10,1484,a790c7380f0b6098,1,train
dan_10,1485,0cdde5dfca5b266d,1,test
dan_10,1486,f79b2015dfa7fc05,1,test
dan_10,1487,2f0323f5db9e1cdf,1,train
dan_10,1488,b8c58deab5ddbf1a,1,train
dan_10,1489,f2d51bac3e4dc3eb,1,test
dan_10,1490,bee5f31a2df5ee05,1,test
dan_10,1491,3741f8185ad958ba,1,test
dan_10,1492,dbb3244ad5102498,1,test
dan_10,1493,aa3a6a477d918529,1,train
dan_10,1494,2f8fa4e1ca21109e,1,train
dan_10,1495,a69f362759faccb2,1,train
dan_10,1496,068a61beaf911b35,1,test
dan_10,1497,d26f5d61dcf6995c,1,test
dan_10,1498,30b08ed51fec76d6,1,train
dan_10,1499,290497dc14487144,1,train
dan_10,1500,43614815a3ccffba,1,train
dan_10,1501,9b44e2135074f1b4,1,train
dan_10,1502,5910d347edc5fde1,1,train
dan_10,1503,764cb00ce4198144,1,train
dan_10,1504,e12595957df47a1d,1,test
dan_10,1505,14c0d10102b63a65,1,test
dan_10,1506,9516a96d9ae7c7ca,1,train
dan_10,1507,dd7d5605685ba646,1,test
dan_10,1508,82a71c779b6156f9,1,train
dan_10,1509,88677d8e893af6f7,1,train
dan_10,1510,226cbd758eaf0776,1,train
dan_10,1511,e1cae857d69b3ac9,1,train
dan_10,1512,8153ad128f393176,1,train
dan_10,1513,0cffe410ee343291,1,test
dan_10,1514,6cba477972b4b174,1,test
dan_10,1515,52ffda57a98b4f3b,1,train
dan_10,1516,cfd71c6f087d4293,1,train
dan_10,1517,f1add985ffa01f81,1,train
dan_10,1518,7b984080e29166d5,1,test
dan_10,1519,f666cdb9a51230ab,1,train
dan_10,1520,a5a5fd23ff0cce19,1,train
dan_10,1521,ab3f2fe915bcac54,1,train
dan_10,1522,c5718e5d578c0ba4,1,train
dan_10,1523,438e68bbc6a85301,1,train
dan_10,1524,c21929e7b5fa7fb8,1,test
dan_10,1525,e8e03dd0cf1cb42e,1,test
dan_10,1526,4f9cf7fc06d34353,1,test
dan_10,1527,93c2c1de0521505c,1,test
dan_10,1528,7de11ceffb4712f6,1,train
dan_10,1529,e5d67b6c04aacc7d,1,test
dan_10,1530,93a1fa67de597240,1,train
dan_10,1531,d389b8cbdc92c5fb,1,train
dan_10,1532,163e3f41eec4f958,1,train
dan_10,1533,d1fa840222dad16b,1,train
dan_10,1534,f956916b6f2b4f2f,1,train
dan_10,1535,862712af2b3c44a5,1,train
dan_10,1536,b84b332518085082,1,train
dan_10,1537,d7e9440ad020ad73,1,train
dan_10,1538,9c049afb6ebe8967,1,train
dan_10,1539,9b821ce14bc80872,1,test
dan_10,1540,f7e76e65f17c6119,1,test
dan_10,1541,c872e4772263f28c,1,train
dan_10,1542,f1b93f0f7db41f9c,1,test
dan_10,1543,a9c78e536aabdee6,1,train
dan_10,1544,6d202da316f9be62,1,train
dan_10,1545,f4844262add6e40e,1,train
dan_10,1546,7c2c63fbad2bcd74,1,train
dan_10,1547,b307a2d406b93215,1,train
dan_10,1548,1def6a1eb4c4ab1a,1,test
dan_10,1549,9bd06d3273c93860,1,train
dan_10,1550,30e104a8c5859903,1,train
dan_10,1551,c02b317ad408ca37,1,train
dan_10,1552,a30cb5af94bd81b4,1,train
dan_10,1553,c742145351ae722c,1,train
dan_10,1554,9312c2c09c09ce8b,1,test
dan_10,1555,de30f8518171dd4d,1,train
dan_10,1556,472d402d69bad096,1,train
dan_10,1557,64fe6a08fc4df94d,1,train
dan_10,1558,d48cf96fbceb47ea,1,test
dan_10,1559,164561d3de7fbdfb,1,train
dan_10,1560,e9c7016bb8e272eb,1,test
dan_10,1561,b5aa3d9e70e17ad2,1,test
dan_10,1562,f965eb5d07163a42,1,test
dan_10,1563,a87ff7b61944d5cf,1,test
dan_10,1564,b513d9851ed21dff,1,train
dan_10,1565,a6f4832e13f45e9d,1,train
dan_10,1566,3f9ed6a3e3cefc3e,1,test
dan_10,1567,486b53b62907e057,1,train
dan_10,1568,03f1fd18a2fa24b2,1,train
dan_10,1569,28a9d5c11cfabba2,1,train
dan_10,1570,7cad948e74ce2348,1,train
dan_10,1571,7f7fc0e103f71550,1,train
dan_10,1572,e866447cc18e9e61,1,test
dan_10,1573,8d11020a9bd40149,1,train
dan_10,1574,9bba2c9b698d89f6,1,test
dan_10,1575,508f61cc18e298df,1,train
dan_10,1576,ba824d50ecd58d6c,1,train
dan_10,1577,2d7c916a83605702,1,train
dan_10,1578,63cdfb94dd4005ca,1,train
dan_10,1579,b81c3c558ff68584,1,train
dan_10,1580,1b4f2b6775e18f5b,1,train
dan_10,1581,9e380132cd524bf8,1,train
dan_10,1582,90714152f622cd2d,1,train
dan_10,1583,a498093d7f6a431a,1,test
dan_10,1584,1801af42418cd202,1,train
dan_10,1585,b9395162c279b8fa,1,train
dan_10,1586,0ed4fd7f8a027bcc,1,train
dan_10,1587,65b3a1bc52469463,1,train
dan_10,1588,2c88648b8ef86805,1,test
dan_10,1589,cdfce9ded8b3e8f1,1,test
dan_10,1590,81bfd8b74066b7ff,1,train
dan_10,1591,5cad2107ee31af20,1,test
dan_10,1592,4d78f41861ed66bf,1,train
dan_10,1593,19d6f25b5b7f71dd,1,train
dan_10,1594,662984c79fa3c088,1,train
dan_10,1595,50c18e3c838c4105,1,train
dan_10,1596,508d5a35b2317a5e,1,train
dan_10,1597,82dba691bff2b35f,1,train
dan_10,1598,a421b70b4680f0dc,1,train
dan_10,1599,d2b8740740025039,1,test
dan_10,1600,822c228288082d7d,1,train
dan_10,1601,ddf9bd0c40718dcb,1,test
dan_10,1602,f6e8f27e22b2d32b,1,train
dan_10,1603,220ee75e3372f9e6,1,train
dan_10,1604,9060270d389cd295,1,train
dan_10,1605,8b5b74d1c3103982,1,test
dan_10,1606,408037fdcaa63e1b,1,train
dan_10,1607,bb9f145ba7a0bc48,1,train
dan_10,1608,dd61cb7930b332a7,1,test
dan_10,1609,3b0b17495121d6ad,1,test
dan_10,1610,30ffb45225688e47,1,train
dan_10,1611,1a69e88dcb7a6ac6,1,train
dan_10,1612,62f956d110a43588,1,test
dan_10,1613,454b92f556b58c5f,1,train
dan_10,1614,1f7c22cbf95b558c,1,train
dan_10,1615,9aaded097da23306,1,train
dan_10,1616,8315e9dda3c3882b,1,train
dan_10,1617,41a0e5876bdfebf2,1,train
dan_10,1618,982f1c092bf7ae73,1,train
dan_10,1619,be8da965cac298b4,1,test
dan_10,1620,0b27852d275ba5ca,1,test
dan_10,1621,25e2c96fe427440a,1,test
dan_10,1622,8e411838e7c6914e,1,test
dan_10,1623,d1ab7a2b4b7f6d89,1,train
dan_10,1624,4c90bfc7301da826,1,train
dan_10,1625,cd6564cd4396436a,1,train
dan_10,1626,42cafabc59f9157c,1,train
dan_10,1627,3a5b3f37f8a8a0ec,1,train
dan_10,1628,767e2f527b060cb7,1,train
dan_10,1629,76f9d103833c8dc2,1,train
dan_10,1630,33cdf2f0a401bfe7,1,test
dan_10,1631,c982616be2602dd1,1,train
dan_10,1632,b15cd2d480315020,1,test
dan_10,1633,1848c4f4a2672657,1,train
dan_10,1634,df662afa8926b527,1,train
dan_10,1635,5af0e8c8eb0e3bac,1,test
dan_10,1636,e8a454e21cb6fa46,1,train
dan_10,1637,e294f69905637747,1,test
dan_10,1638,cd478e7bb4ad49cc,1,test
dan_10,1639,7716154a0108eb55,1,test
dan_10,1640,57b904a1984b17e9,1,test
dan_10,1641,985fd35dd04bb01a,1,test
dan_10,1642,90a07173ebad2c19,1,train
dan_10,1643,1eb3bc659926f1c1,1,train
dan_10,1644,d8c1369cc8595b53,1,train
dan_10,1645,0b2cf0dfec1af5db,1,train
dan_10,1646,98d482e65dc8cd5b,1,train
dan_10,1647,cb6c49966ff6649a,1,train
dan_10,1648,cfe5e07a5670125c,1,train
dan_10,1649,9f2372277016500d,1,test
dan_10,1650,93ac81d9a1231776,1,train
dan_10,1651,47db9406c181db2a,1,train
dan_10,1652,37f36dd113da782e,1,train
dan_10,1653,913fc966850b9d9b,1,train
dan_10,1654,8e57f87649124e03,1,train
dan_10,1655,d7a9c50f5edb76ef,1,train
dan_10,1656,af75a42dd29cba54,1,train
dan_10,1657,7554ffe163a98331,1,train
dan_10,1658,ffab5b12f27d6b6e,1,train
dan_10,1659,8d6386b31e1a125d,1,train
dan_10,1660,bc7ec9db1f515232,1,test
dan_10,1661,abe9942cdcc9dd45,1,train
dan_10,1662,07e8b770f6fe56d0,1,train
dan_10,1663,522f2431fa64cab3,1,train
dan_10,1664,14fb8798b06cccbb,1,train
dan_10,1665,217093e5e544e3ca,1,test
dan_10,1666,3176cc49cd770c95,1,train
dan_10,1667,cfc9ebfd42e49916,1,train
dan_10,1668,4c4436892f34cc49,1,train
dan_10,1669,68419a8e7b60b572,1,test
dan_10,1670,c1bcd646425ff346,1,train
dan_10,1671,6b81dada330ca6de,1,test
dan_10,1672,d067640d60539ba3,1,train
dan_10,1673,b4e38768a46cbbd3,1,test
dan_10,1674,8fac8d57e2e72564,1,test
dan_10,1675,7163a64ecb8555d2,1,train
dan_10,1676,af13affbc22986b5,1,train
dan_10,1677,c374ab6f161f2741,1,test
dan_10,1678,aaba2ebd1b76a690,1,test
dan_10,1679,9681f8efec9d8941,1,test
dan_10,1680,14576e83bbcdb01a,1,train
dan_10,1681,ffdc4b4a22db93fe,1,train
dan_10,1682,ba75626e3fb0a91a,1,train
dan_10,1683,b14a441e8e95f26d,1,train
dan_10,1684,ccad61b985c7da82,1,train
dan_10,1685,1255b6def9af6447,1,train
dan_10,1686,6cc28bf56127bbd3,1,train
dan_10,1687,17bc48ca49e0d39c,1,train
dan_10,1688,b4cbf4439a080abb,1,train
dan_10,1689,bb08bbee08520a23,1,train
dan_10,1690,2bde8189fee40da4,1,train
dan_10,1691,f098d5e9a13cd5a1,1,train
dan_10,1692,51bd5ce8bb98d7d9,1,train
dan_10,1693,cc21308e5ec29042,1,train
dan_10,1694,bc09e890a0b1f5a0,1,train
dan_10,1695,5a8501ae92104a5b,1,test
dan_10,1696,87c5689e704eeffc,1,train
dan_10,1697,e0c241f64f7cfa76,1,train
dan_10,1698,188c0cabc7194b6c,1,train
dan_10,1699,9b076c880779e903,1,train
dan_10,1700,41ab30a9177b79c7,1,test
dan_10,1701,8528ac82e51dede7,1,train
dan_10,1702,91e00ff6d42ac97a,1,train
dan_10,1703,070f852e07c14237,1,train
dan_10,1704,bcb6d09772108b0c,1,train
dan_10,1705,0efb2f8a4a70efbd,1,test
dan_10,1706,16c7269371d79c0a,1,train
dan_10,1707,5903bff2e3ab0192,1,train
dan_10,1708,34e34aba5f983a21,1,train
dan_10,1709,1dc6f78f1a27a720,1,train
dan_10,1710,e95de2645029426e,1,train
dan_10,1711,8f1f4026eee69fe3,1,train
dan_10,1712,6c3ff1911e66899f,1,test
dan_10,1713,c327cf79657eaee1,1,train
dan_10,1714,a4ee58b97d597918,1,train
dan_10,1715,7573b144b252b322,1,train
dan_10,1716,5733974e0ba2048e,1,test
dan_10,1717,4348e24c933f61f7,1,train
dan_10,1718,e2c5dc5746bf6173,1,train
dan_10,1719,3857161f9fd1ca5e,1,train
dan_10,1720,1bea4210db6f2a59,1,train
dan_10,1721,64c69888636fbe50,1,train
dan_10,1722,9a18c7d79c67019e,1,train
dan_10,1723,869cc896924a222b,1,train
dan_10,1724,4f0a44fbde06a650,1,train
dan_10,1725,908048df530d7544,1,test
dan_10,1726,27eb11b20b75cced,1,train
dan_10,1727,00efc7fb273250ea,1,train
dan_10,1728,dbe2be9ad2dab538,1,train
dan_10,1729,044d6c338d43f64c,1,train
dan_10,1730,350bb827e1c25778,1,train
dan_10,1731,0aeec14b63b6d736,1,train
dan_10,1732,ba2c55a6f0a57474,1,test
dan_10,1733,21e96a3511f5bda8,1,test
dan_10,1734,e755d579cae918ee,1,train
dan_10,1735,4d7383f6c538ac89,1,train
dan_10,1736,638ac77720ecef14,1,train
dan_10,1737,6e391800bb6f08b8,1,test
dan_10,1738,38450f5f5ad8dfc9,1,train
dan_10,1739,e8d37971c2ee3bd8,1,train
dan_10,1740,a76d792c481c8882,1,train
dan_10,1741,48c45e724d5756d1,1,test
dan_10,1742,df90435ab7412855,1,train
dan_10,1743,d568139a8151f789,1,train
dan_10,1744,10e54e4590a5027d,1,train
dan_10,1745,7cf2e7d8f42c861d,1,train
dan_10,1746,05d217fdc4eae87b,1,test
dan_10,1747,a74e7343cfb1e89d,1,train
dan_10,1748,340129f9d013837d,1,train
dan_10,1749,8c89624c88b5aad7,1,test
dan_10,1750,865f3fc5c12ba5d4,1,train
dan_10,1751,e51424b1670c3838,1,train
dan_10,1752,c9fa5319c594f99f,1,test
dan_10,1753,09eb59cb05f3c5a2,1,train
dan_10,1754,eb5b4132effd67f0,1,test
dan_10,1755,2981df66c2a092fd,1,test
dan_10,1756,246b2e3afa2f64e0,1,train
dan_10,1757,c5844330ee2a54b3,1,train
dan_10,1758,7be25573a6147c5d,1,train
dan_10,1759,87f7bf79f8f53a97,1,train
dan_10,1760,fbe211d924cbecda,1,test
dan_10,1761,c99e01cad1787731,1,test
dan_10,1762,9c9598b3d9ce9597,1,train
dan_10,1763,fc374d5d4ae6c04e,1,train
dan_10,1764,04cda8095a4fce2e,1,train
dan_10,1765,c769c0acc08b4390,1,train
dan_10,1766,7f438e86e785985a,1,test
dan_10,1767,e152ce100dcfebda,1,train
dan_10,1768,551dde1e1f2e58ac,1,train
dan_10,1769,4b631e2b984f36d1,1,train
dan_10,1770,310882c4bb81b76c,1,test
dan_10,1771,b33399465311134e,1,train
dan_10,1772,6b1c2b8fd6e38b87,1,train
dan_10,1773,9db22bc77b4dbb9e,1,train
dan_10,1774,05fae43caa5e11fc,1,train
dan_10,1775,570e3be635ede83a,1,train
dan_10,1776,bc8d8f9d1ce62516,1,train
dan_10,1777,bf912bc96f19e381,1,train
dan_10,1778,4f2fe2d47229c9d1,1,train
dan_10,1779,5405627b4a8c5c9b,1,train
dan_10,1780,022db2a7c6992747,1,test
dan_10,1781,33fb245869adff80,1,train
dan_10,1782,6a132b9dfb57eaa1,1,test
dan_10,1783,33ec793a7b497368,1,train
dan_10,1784,9dcc6218d7b36b7b,1,train
dan_10,1785,29356bf78e241847,1,train
dan_10,1786,599db55113c7081c,1,train
dan_10,1787,e98cd596c887bfe8,1,train
dan_10,1788,28b9869a2955b6c0,1,train
dan_10,1789,f858add8d03d5e69,1,train
dan_10,1790,95188e87fbe1f592,1,test
dan_10,1791,d6b8c1e2e1b405be,1,train
dan_10,1792,e75620e490e49097,1,train
dan_10,1793,c9e15dd7f3480d3a,1,test
dan_10,1794,eeb0c3edc0661ca6,1,train
dan_10,1795,752cfa1a39c185c9,1,train
dan_10,1796,da6cfac7a19e10e4,1,train
dan_10,1797,bd6d3e28644516cf,1,train
dan_10,1798,7a2fe50d8ead6b9c,1,train
dan_10,1799,37967efe505ed3f2,1,train
dan_10,1800,f04b22529c562479,1,test
dan_10,1801,f7ee12148c92e0de,1,test
dan_10,1802,d8bf90cd95a3f2ad,1,test
dan_10,1803,b90461bd9254b19f,1,test
dan_10,1804,b71f5c9bf5797617,1,train
dan_10,1805,5a9466e7213003a7,1,train
dan_10,1806,82b7b30f62e02004,1,test
dan_10,1807,cd2636bec02ecc9f,1,train
dan_10,1808,1ae995f287fcaec9,1,test
dan_10,1809,1f0fca22d8da76d4,1,train
dan_10,1810,c21dbd8f68477a17,1,train
dan_10,1811,fec50eef260cb29c,1,train
dan_10,1812,3683d4d970006a1b,1,train
dan_10,1813,5eaadc2985d91902,1,test
dan_10,1814,40d5c23eccac1e16,1,train
dan_10,1815,117ab8391d830d4b,1,train
dan_10,1816,ebb08477e16f99d0,1,train
dan_10,1817,9f69fac98b517606,1,train
dan_10,1818,a6eda8a6d78e5530,1,train
dan_10,1819,30cb33f63514810d,1,train
dan_10,1820,74ab83b3d3db013d,1,train
dan_10,1821,a0d5b151252e356d,1,train
dan_10,1822,b23cb43da41446cd,1,train
dan_10,1823,09fd84f223fada37,1,test
dan_10,1824,691b85bc0a45bcb7,1,test
dan_10,1825,ec8a8332fd452dd9,1,train
dan_10,1826,171a34fbd721ee43,1,test
dan_10,1827,277258de1831e005,1,test
dan_10,1828,bcd6e440efec82b5,1,test
dan_10,1829,2bf34ecfc182179e,1,train
dan_10,1830,358357740cc65699,1,train
dan_10,1831,6a4a8e17fa1ba81e,1,train
dan_10,1832,713f5a43c5d5f889,1,train
dan_10,1833,1b5bcd8bc57696bd,1,train
dan_10,1834,9805c64685d23777,1,train
dan_10,1835,6d9d957395912517,1,train
dan_10,1836,e84e47e83d1aa43f,1,test
dan_10,1837,94bbff7707537f4a,1,train
dan_10,1838,e5c8f884951b92d7,1,train
dan_10,1839,33fe172a4f0fd089,1,train
dan_10,1840,8a4fb07df3c59191,1,train
dan_10,1841,2d509550f629b181,1,test
dan_10,1842,806bf3051b9b9d54,1,test
dan_10,1843,3e2fbcc20995a2a5,1,test
dan_10,1844,58dab74f6636103c,1,train
dan_10,1845,4c9c07e6f4736f15,1,train
dan_10,1846,cf3b1b74a8ad979b,1,train
dan_10,1847,9e5f804af94fe342,1,test
dan_10,1848,d94e83baa17b30b8,1,train
dan_10,1849,3a87d82414f72a84,1,train
dan_10,1850,5702997a5024511a,1,train
dan_10,1851,092ec0eed0b2a31f,1,train
dan_10,1852,7e7c33efc60d3bc4,1,train
dan_10,1853,bf98de801f6981f8,1,train
dan_10,1854,859588e496d103b0,1,test
dan_10,1855,c0a96602557a265f,1,train
dan_10,1856,84ce485280f8fa97,1,train
dan_10,1857,a13fe86db0bbfcb0,1,test
dan_10,1858,f4c60ff1e067ca8a,1,train
dan_10,1859,88af56b029ef4615,1,train
dan_10,1860,505a1c194adc9ee2,1,train
dan_10,1861,67514916d682a277,1,test
dan_10,1862,147d40ea5066e3e0,1,train
dan_10,1863,617039d656b9d668,1,train
dan_10,1864,24bde8fe3d3743b3,1,test
dan_10,1865,661241f9cf2a9b7c,1,train
dan_10,1866,43d4344f21d233c4,1,test
dan_10,1867,ad5c3225f0205048,1,train
dan_10,1868,0f3e88e74fc3842f,1,train
dan_10,1869,612cb79c6a332e07,1,train
dan_10,1870,111040cf94023809,1,train
dan_10,1871,0feff72fb8c06173,1,test
dan_10,1872,762c7c459e9da299,1,test
dan_10,1873,30e271cacc46afe7,1,train
dan_10,1874,83f6edb863edebab,1,train
dan_10,1875,4f98afecefc43087,1,train
dan_10,1876,0ad50324f90aa4fe,1,train
dan_10,1877,a20d64aa796ab0c1,1,train
dan_10,1878,250af1581f2701d8,1,test
dan_10,1879,6e28e81d0331621e,1,train
dan_10,1880,c5aada42a16e457a,1,test
dan_10,1881,c082b53b336727b1,1,test
dan_10,1882,a218b08080861621,1,train
dan_10,1883,0f6948e4b36eedd6,1,train
dan_10,1884,c8d2edbc8bdc20cd,1,train
dan_10,1885,b2d10309fa01acd3,1,train
dan_10,1886,31733658ef666a1d,1,train
dan_10,1887,3586ae636359e1ab,1,train
dan_10,1888,788d22c87baa8c75,1,train
dan_10,1889,3669e06c908e0086,1,train
dan_10,1890,cab690bb589962bc,1,test
dan_10,1891,be4d34947f6bbce2,1,train
dan_10,1892,805d788243136afc,1,train
dan_10,1893,73adec485e6e9537,1,train
dan_10,1894,e15e976c6a627b91,1,test
dan_10,1895,c3dca934512e1f8f,1,test
dan_10,1896,4b8aa96cd0f4005c,1,train
dan_10,1897,48e26a560336bc1f,1,train
dan_10,1898,af571b61336bef96,1,train
dan_10,1899,ddf5f24e267aa3e3,1,test
dan_10,1900,3fdd380e7a9f0c15,1,train
dan_10,1901,0e6a558cc8641eca,1,train
dan_10,1902,adc6ba6aa18f4224,1,train
dan_10,1903,ba101ef34c8010f3,1,test
dan_10,1904,930eaa9a1a9a9b73,1,test
dan_10,1905,8a2a5183b8320420,1,train
dan_10,1906,22371a1ebb60d262,1,train
dan_10,1907,afe68e59541266be,1,test
dan_10,1908,2acf87d5ebde5558,1,train
dan_10,1909,3d3dba3e18594196,1,train
dan_10,1910,de90c1082edd3e68,1,train
dan_10,1911,91a07020e15f18ad,1,train
dan_10,1912,e5282ab07a793f8d,1,train
dan_10,1913,fa6ffd293400e241,1,train
dan_10,1914,d49ef24aaebf8c28,1,train
dan_10,1915,f5e9fbeb1dd9fd2e,1,train
dan_10,1916,84585f518a3bbb71,1,train
dan_10,1917,8ec91d84865929d0,1,train
dan_10,1918,55dd45cb69d01856,1,test
dan_10,1919,71c9f5be3e15e932,1,train
dan_10,1920,6ba928dfc3f8fe8a,1,train
dan_10,1921,94928455cb0dd4fc,1,test
dan_10,1922,ac72d5a32e08f9cf,1,train
dan_10,1923,7b8674d762809065,1,test
dan_10,1924,8f17e5ef1a00b7f3,1,test
dan_10,1925,768798d65ef10bd0,1,train
dan_10,1926,4b860d4237ce74f4,1,train
dan_10,1927,61feb87eba6b131f,1,test
dan_10,1928,00afef4d0da7c581,1,train
dan_10,1929,ea3546cad0886b57,1,train
dan_10,1930,8d3a5328c519708a,1,train
dan_10,1931,6b22558648f02039,1,train
dan_10,1932,51eccb0f9bff6f55,1,train
dan_10,1933,7ae2725a3fb1a670,1,train
dan_10,1934,456e3e14e818d396,1,test
dan_10,1935,1ab55e1b8fadad03,1,test
dan_10,1936,f0669778306dc5bb,1,train
dan_10,1937,372e0a8c6600eeed,1,test
dan_10,1938,e7c1fe6c260aa6c7,1,train
dan_10,1939,5ccb1adc0c9844a6,1,train
dan_10,1940,c8c5ad343596e65b,1,test
dan_10,1941,401548a29941d95f,1,train
dan_10,1942,04e95a95c99aa6b8,1,train
dan_10,1943,385de1fd21b8bde9,1,train
dan_10,1944,ecbb78c390153db4,1,train
dan_10,1945,02c86bd92efc0331,1,test
dan_10,1946,ec95b8b65943e7d7,1,train
dan_10,1947,fc55b59beb535547,1,train
dan_10,1948,885282f41f38d035,1,train
dan_10,1949,6446c1d604bc35c5,1,train
dan_10,1950,986bc781edf7fe2f,1,train
dan_10,1951,1bc492d444bba04c,1,test
dan_10,1952,18d011dcecf5b939,1,test
dan_10,1953,f38dfbf56dbda295,1,test
dan_10,1954,9c10608de531c982,1,train
dan_10,1955,9e834479e12f81a5,1,test
dan_10,1956,a9152cdd98fbb947,1,test
dan_10,1957,3947646ac5eb6bbc,1,test
dan_10,1958,52bcbb348dfeb9b9,1,train
dan_10,1959,66c0e1f5e04424c1,1,test
dan_10,1960,8633eaef4712d52d,1,train
dan_10,1961,10a03910be90e71f,1,train
dan_10,1962,48507734b68dec10,1,train
dan_10,1963,943e0554caaa5ac6,1,test
dan_10,1964,434482c2f3ccdd02,1,train
dan_10,1965,ec8cc6cad56aae44,1,train
dan_10,1966,4a812d61edf0fc70,1,train
dan_10,1967,7380a838cf7e7458,1,train
dan_10,1968,1705f0c1d30e1134,1,train
dan_10,1969,e0934e5bf3b557af,1,train
dan_10,1970,e6956349c15097a7,1,train
dan_10,1971,f674203a0ac0c2bd,1,train
dan_10,1972,29ee5bb526094f68,1,train
dan_10,1973,8d50bbd15d220c46,1,train
dan_10,1974,8a20d11b229ef8dd,1,test
dan_10,1975,85c2218fdc8eb677,1,train
dan_10,1976,ecb91bc96a92dbf4,1,train
dan_10,1977,5e43c3240478049d,1,test
dan_10,1978,d074176b47f9bc23,1,test
dan_10,1979,733f04ec2276a3e3,1,test
dan_10,1980,102918a6eb0ee617,1,train
dan_10,1981,3aae1298a73e0d22,1,train
dan_10,1982,ae3299a31600c77d,1,test
dan_10,1983,3828da7b509efe4e,1,test
dan_10,1984,0d0b204ebf913d15,1,train
dan_10,1985,389ce630dad1b694,1,train
dan_10,1986,13c0a50dff6e52fc,1,test
dan_10,1987,61d498fda20a3f7e,1,train
dan_10,1988,4d46c2b3f433e739,1,train
dan_10,1989,28191ca1f373d2aa,1,train
dan_10,1990,b523bf6d61ac396f,1,train
dan_10,1991,026e240f17ddfdda,1,train
dan_10,1992,b08366acb2f4690c,1,train
dan_10,1993,ea3efcc68933cf6f,1,test
dan_10,1994,5bdd31261827f161,1,train
dan_10,1995,8b529585ed918f2f,1,train
dan_10,1996,6066a53e9d660eba,1,train
dan_10,1997,37d9c8ca4ab2fb2d,1,train
dan_10,1998,94c54b3e27e1a4f1,1,train
dan_10,1999,16c0747c6c88e3b0,1,test
dan_10,2000,77b18f59bc82e901,1,train
dan_10,2001,8abec3f7034dae17,1,train
dan_10,2002,d3532debbbbb40d1,1,train
dan_10,2003,782db9cce06e6462,1,train
dann,0,photo/dog/056_0058.jpg,0,train
dann,1,photo/person/253_0174.jpg,0,train
dann,2,photo/giraffe/n02439033_1508.jpg,0,test
dann,3,photo/giraffe/n02439033_14872.jpg,0,test
dann,4,photo/guitar/063_0053.jpg,0,train
dann,5,photo/dog/056_0095.jpg,0,train
dann,6,photo/guitar/063_0079.jpg,0,train
dann,7,photo/giraffe/084_0047.jpg,0,train
dann,8,photo/giraffe/n02439033_10919.jpg,0,test
dann,9,photo/person/253_0382.jpg,0,train
dann,10,photo/house/pic_173.jpg,0,test
dann,11,photo/person/253_0063.jpg,0,train
dann,12,photo/house/pic_106.jpg,0,train
dann,13,photo/house/pic_144.jpg,0,train
dann,14,photo/dog/056_0090.jpg,0,train
dann,15,photo/person/253_0193.jpg,0,test
dann,16,photo/person/253_0323.jpg,0,test
dann,17,photo/person/253_0429.jpg,0,train
dann,18,photo/person/253_0248.jpg,0,train
dann,19,photo/horse/n02374451_18570.jpg,0,train
dann,20,photo/guitar/n03272010_6820.jpg,0,test
dann,21,photo/person/253_0310.jpg,0,train
dann,22,photo/person/253_0146.jpg,0,test
dann,23,photo/house/pic_005.jpg,0,test
dann,24,photo/person/253_0300.jpg,0,train
dann,25,photo/dog/056_0068.jpg,0,train
dann,26,photo/horse/n02374451_13718.jpg,0,train
dann,27,photo/dog/n02103406_1599.jpg,0,test
dann,28,photo/guitar/063_0107.jpg,0,test
dann,29,photo/elephant/064_0111.jpg,0,train
dann,30,photo/giraffe/084_0011.jpg,0,train
dann,31,photo/house/pic_259.jpg,0,train
dann,32,photo/house/pic_161.jpg,0,train
dann,33,photo/dog/n02103406_5505.jpg,0,test
dann,34,photo/house/pic_280.jpg,0,test
dann,35,photo/person/253_0034.jpg,0,train
dann,36,photo/horse/105_0030.jpg,0,train
dann,37,photo/elephant/064_0044.jpg,0,train
dann,38,photo/person/253_0166.jpg,0,train
dann,39,photo/horse/105_0106.jpg,0,train
dann,40,photo/guitar/063_0001.jpg,0,test
dann,41,photo/giraffe/n02439033_11059.jpg,0,train
dann,42,photo/elephant/n02503517_1453.jpg,0,train
dann,43,photo/house/pic_278.jpg,0,train
dann,44,photo/person/253_0273.jpg,0,train
dann,45,photo/guitar/063_0038.jpg,0,test
dann,46,photo/person/253_0147.jpg,0,test
dann,47,photo/guitar/063_0052.jpg,0,train
dann,48,photo/elephant/064_0127.jpg,0,train
dann,49,photo/house/pic_160.jpg,0,train
dann,50,photo/horse/105_0059.jpg,0,train
dann,51,photo/dog/056_0084.jpg,0,train
dann,52,photo/giraffe/n02439033_11114.jpg,0,train
dann,53,photo/person/253_0058.jpg,0,train
dann,54,photo/horse/n02374451_925.jpg,0,test
dann,55,photo/elephant/n02503517_6479.jpg,0,train
dann,56,photo/person/253_0327.jpg,0,train
dann,57,photo/horse/105_0266.jpg,0,train
dann,58,photo/giraffe/n02439033_14846.jpg,0,train
dann,59,photo/horse/n02374451_1443.jpg,0,train
dann,60,photo/elephant/064_0062.jpg,0,test
dann,61,photo/house/pic_034.jpg,0,train
dann,62,photo/person/253_0277.jpg,0,test
dann,63,photo/person/253_0290.jpg,0,train
dann,64,photo/house/pic_206.jpg,0,train
dann,65,photo/house/pic_038.jpg,0,test
dann,66,photo/dog/056_0050.jpg,0,train
dann,67,photo/person/253_0006.jpg,0,train
dann,68,photo/horse/105_0067.jpg,0,train
dann,69,photo/horse/105_0066.jpg,0,test
dann,70,photo/dog/056_0052.jpg,0,train
dann,71,photo/person/253_0395.jpg,0,test
dann,72,photo/person/253_0015.jpg,0,train
dann,73,photo/house/pic_050.jpg,0,train
dann,74,photo/dog/056_0080.jpg,0,test
dann,75,photo/elephant/064_0120.jpg,0,train
dann,76,photo/guitar/063_0074.jpg,0,test
dann,77,photo/person/253_0187.jpg,0,train
dann,78,photo/giraffe/084_0012.jpg,0,test
dann,79,photo/elephant/n02503517_4247.jpg,0,test
dann,80,photo/person/253_0221.jpg,0,train
dann,81,photo/person/253_0024.jpg,0,test
dann,82,photo/elephant/n02503517_10193.jpg,0,train
dann,83,photo/person/253_0074.jpg,0,train
dann,84,photo/horse/n02374451_1234.jpg,0,train
dann,85,photo/house/pic_195.jpg,0,test
dann,86,photo/elephant/064_0024.jpg,0,test
dann,87,photo/elephant/064_0008.jpg,0,test
dann,88,photo/person/253_0301.jpg,0,train
dann,89,photo/person/253_0084.jpg,0,train
dann,90,photo/elephant/064_0016.jpg,0,train
dann,91,photo/guitar/063_0067.jpg,0,train
dann,92,photo/dog/056_0029.jpg,0,test
dann,93,photo/person/253_0097.jpg,0,test
dann,94,photo/elephant/n02503517_8901.jpg,0,train
dann,95,photo/elephant/n02503517_5527.jpg,0,train
dann,96,photo/guitar/063_0108.jpg,0,train
dann,97,photo/person/253_0131.jpg,0,train
dann,98,photo/house/pic_172.jpg,0,train
dann,99,photo/guitar/063_0046.jpg,0,test
dann,100,photo/person/253_0374.jpg,0,train
dann,101,photo/guitar/063_0087.jpg,0,train
dann,102,photo/guitar/n02676566_6704.jpg,0,test
dann,103,photo/giraffe/n02439033_991.jpg,0,train
dann,104,photo/guitar/063_0090.jpg,0,train
dann,105,photo/house/pic_073.jpg,0,test
dann,106,photo/horse/n02374451_17474.jpg,0,train
dann,107,photo/horse/n02374451_54.jpg,0,test
dann,108,photo/horse/105_0134.jpg,0,train
dann,109,photo/person/253_0049.jpg,0,train
dann,110,photo/house/pic_017.jpg,0,train
dann,111,photo/dog/n02103406_4916.jpg,0,train
dann,112,photo/horse/n02374451_2248.jpg,0,train
dann,113,photo/elephant/064_0004.jpg,0,test
dann,114,photo/elephant/064_0125.jpg,0,train
dann,115,photo/guitar/063_0009.jpg,0,train
dann,116,photo/house/pic_104.jpg,0,train
dann,117,photo/elephant/064_0070.jpg,0,test
dann,118,photo/guitar/n02676566_4189.jpg,0,train
dann,119,photo/person/253_0294.jpg,0,train
dann,120,photo/house/pic_224.jpg,0,test
dann,121,photo/giraffe/084_0029.jpg,0,test
dann,122,photo/person/253_0153.jpg,0,train
dann,123,photo/guitar/n03272010_7390.jpg,0,train
dann,124,photo/dog/n02103406_6530.jpg,0,test
dann,125,photo/person/253_0338.jpg,0,test
dann,126,photo/giraffe/n02439033_11627.jpg,0,train
dann,127,photo/house/pic_028.jpg,0,test
dann,128,photo/elephant/n02503517_5418.jpg,0,train
dann,129,photo/dog/056_0071.jpg,0,train
dann,130,photo/person/253_0256.jpg,0,train
dann,131,photo/house/pic_067.jpg,0,test
dann,132,photo/house/pic_145.jpg,0,train
dann,133,photo/person/253_0021.jpg,0,train
dann,134,photo/elephant/n02503517_4605.jpg,0,test
dann,135,photo/elephant/064_0039.jpg,0,train
dann,136,photo/horse/n02374451_16358.jpg,0,train
dann,137,photo/horse/n02374451_8526.jpg,0,test
dann,138,photo/dog/056_0062.jpg,0,train
dann,139,photo/guitar/n03272010_7092.jpg,0,train
dann,140,photo/horse/105_0007.jpg,0,train
dann,141,photo/horse/105_0206.jpg,0,train
dann,142,photo/person/253_0281.jpg,0,train
dann,143,photo/house/pic_015.jpg,0,train
dann,144,photo/giraffe/084_0074.jpg,0,test
dann,145,photo/house/pic_058.jpg,0,train
dann,146,photo/dog/n02103406_5456.jpg,0,train
dann,147,photo/house/pic_112.jpg,0,test
dann,148,photo/person/253_0130.jpg,0,test
dann,149,photo/house/pic_260.jpg,0,train
dann,150,photo/horse/n02374451_8744.jpg,0,train
dann,151,photo/giraffe/n02439033_12413.jpg,0,test
dann,152,photo/house/pic_225.jpg,0,train
dann,153,photo/elephant/064_0045.jpg,0,test
dann,154,photo/person/253_0123.jpg,0,train
dann,155,photo/guitar/n03467517_22785.jpg,0,test
dann,156,photo/elephant/064_0074.jpg,0,train
dann,157,photo/elephant/064_0072.jpg,0,test
dann,158,photo/house/pic_175.jpg,0,train
dann,159,photo/person/253_0348.jpg,0,train
dann,160,photo/giraffe/n02439033_10453.jpg,0,train
dann,161,photo/person/253_0354.jpg,0,test
dann,162,photo/person/253_0422.jpg,0,train
dann,163,photo/horse/n02374451_4795.jpg,0,train
dann,164,photo/dog/n02103406_3538.jpg,0,test
dann,165,photo/person/253_0141.jpg,0,test
dann,166,photo/guitar/n03467517_23229.jpg,0,test
dann,167,photo/elephant/064_0115.jpg,0,train
dann,168,photo/house/pic_004.jpg,0,train
dann,169,photo/horse/n02374451_9064.jpg,0,train
dann,170,photo/person/253_0082.jpg,0,train
dann,171,photo/horse/n02374451_9892.jpg,0,test
dann,172,photo/horse/105_0115.jpg,0,train
dann,173,photo/elephant/n02503517_7020.jpg,0,train
dann,174,photo/elephant/064_0130.jpg,0,train
dann,175,photo/dog/056_0073.jpg,0,train
dann,176,photo/giraffe/n02439033_11683.jpg,0,train
dann,177,photo/giraffe/084_0060.jpg,0,train
dann,178,photo/guitar/063_0050.jpg,0,train
dann,179,photo/person/253_0242.jpg,0,test
dann,180,photo/person/253_0195.jpg,0,test
dann,181,photo/elephant/n02503517_3803.jpg,0,train
dann,182,photo/person/253_0287.jpg,0,train
dann,183,photo/horse/105_0207.jpg,0,train
dann,184,photo/person/253_0253.jpg,0,train
dann,185,photo/guitar/063_0024.jpg,0,train
dann,186,photo/person/253_0247.jpg,0,train
dann,187,photo/house/pic_188.jpg,0,test
dann,188,photo/elephant/n02503517_8571.jpg,0,train
dann,189,photo/person/253_0105.jpg,0,test
dann,190,photo/horse/n02374451_11492.jpg,0,train
dann,191,photo/house/pic_184.jpg,0,train
dann,192,photo/house/pic_235.jpg,0,train
dann,193,photo/person/253_0423.jpg,0,test
dann,194,photo/guitar/063_0095.jpg,0,test
dann,195,photo/guitar/n02676566_7830.jpg,0,train
dann,196,photo/person/253_0045.jpg,0,train
dann,197,photo/person/253_0299.jpg,0,test
dann,198,photo/person/253_0139.jpg,0,train
dann,199,photo/person/253_0104.jpg,0,train
dann,200,photo/horse/105_0199.jpg,0,train
dann,201,photo/person/253_0145.jpg,0,train
dann,202,photo/person/253_0102.jpg,0,test
dann,203,photo/house/pic_054.jpg,0,train
dann,204,photo/person/253_0386.jpg,0,train
dann,205,photo/person/253_0033.jpg,0,test
dann,206,photo/dog/056_0010.jpg,0,test
dann,207,photo/person/253_0417.jpg,0,test
dann,208,photo/giraffe/n02439033_10164.jpg,0,test
dann,209,photo/person/253_0106.jpg,0,train
dann,210,photo/person/253_0128.jpg,0,train
dann,211,photo/horse/n02374451_14119.jpg,0,test
dann,212,photo/dog/n02103406_3964.jpg,0,train
dann,213,photo/dog/n02106662_1922.jpg,0,test
dann,214,photo/giraffe/084_0059.jpg,0,test
dann,215,photo/person/253_0361.jpg,0,train
dann,216,photo/horse/105_0048.jpg,0,train
dann,217,photo/horse/n02374451_7631.jpg,0,train
dann,218,photo/giraffe/n02439033_10130.jpg,0,test
dann,219,photo/guitar/n03467517_12925.jpg,0,train
dann,220,photo/person/253_0095.jpg,0,train
dann,221,photo/house/pic_090.jpg,0,test
dann,222,photo/house/pic_080.jpg,0,train
dann,223,photo/giraffe/084_0028.jpg,0,train
dann,224,photo/elephant/n02503517_6880.jpg,0,train
dann,225,photo/dog/n02103406_2954.jpg,0,train
dann,226,photo/person/253_0211.jpg,0,train
dann,227,photo/dog/056_0042.jpg,0,test
dann,228,photo/guitar/063_0084.jpg,0,train
dann,229,photo/giraffe/n02439033_14148.jpg,0,test
dann,230,photo/person/253_0017.jpg,0,test
dann,231,photo/person/253_0267.jpg,0,train
dann,232,photo/elephant/064_0012.jpg,0,train
dann,233,photo/house/pic_250.jpg,0,train
dann,234,photo/giraffe/084_0077.jpg,0,train
dann,235,photo/person/253_0311.jpg,0,train
dann,236,photo/elephant/064_0114.jpg,0,train
dann,237,photo/dog/n02106662_27393.jpg,0,train
dann,238,photo/horse/n02374451_503.jpg,0,train
dann,239,photo/house/pic_279.jpg,0,train
dann,240,photo/dog/n02103406_8280.jpg,0,train
dann,241,photo/horse/n02374451_10098.jpg,0,train
dann,242,photo/person/253_0405.jpg,0,train
dann,243,photo/guitar/n02676566_8997.jpg,0,train
dann,244,photo/horse/n02374451_14738.jpg,0,train
dann,245,photo/giraffe/084_0020.jpg,0,train
dann,246,photo/guitar/063_0041.jpg,0,train
dann,247,photo/person/253_0050.jpg,0,train
dann,248,photo/horse/105_0103.jpg,0,train
dann,249,photo/house/pic_234.jpg,0,test
dann,250,photo/elephant/064_0011.jpg,0,train
dann,251,photo/guitar/n03272010_9557.jpg,0,train
dann,252,photo/dog/056_0043.jpg,0,train
dann,253,photo/horse/n02374451_10761.jpg,0,test
dann,254,photo/person/253_0278.jpg,0,train
dann,255,photo/giraffe/n02439033_5652.jpg,0,test
dann,256,photo/person/253_0434.jpg,0,train
dann,257,photo/house/pic_046.jpg,0,train
dann,258,photo/person/253_0055.jpg,0,train
dann,259,photo/giraffe/n02439033_13602.jpg,0,test
dann,260,photo/house/pic_130.jpg,0,train
dann,261,photo/house/pic_097.jpg,0,test
dann,262,photo/dog/n02103406_3132.jpg,0,train
dann,263,photo/dog/056_0075.jpg,0,train
dann,264,photo/guitar/063_0035.jpg,0,train
dann,265,photo/house/pic_049.jpg,0,train
dann,266,photo/house/pic_165.jpg,0,train
dann,267,photo/elephant/n02503517_9827.jpg,0,train
dann,268,photo/giraffe/n02439033_9472.jpg,0,test
dann,269,photo/person/253_0232.jpg,0,test
dann,270,photo/horse/105_0260.jpg,0,test
dann,271,photo/house/pic_094.jpg,0,test
dann,272,photo/dog/056_0082.jpg,0,train
dann,273,photo/elephant/n02503517_8904.jpg,0,test
dann,274,photo/house/pic_281.jpg,0,test
dann,275,photo/dog/056_0030.jpg,0,test
dann,276,photo/house/pic_229.jpg,0,train
dann,277,photo/elephant/n02503517_184.jpg,0,train
dann,278,photo/person/253_0176.jpg,0,train
dann,279,photo/house/pic_146.jpg,0,train
dann,280,photo/guitar/063_0089.jpg,0,train
dann,281,photo/person/253_0196.jpg,0,train
dann,282,photo/giraffe/n02439033_12987.jpg,0,test
dann,283,photo/giraffe/n02439033_11715.jpg,0,train
dann,284,photo/dog/n02103406_371.jpg,0,test
dann,285,photo/house/pic_069.jpg,0,train
dann,286,photo/house/pic_092.jpg,0,train
dann,287,photo/person/253_0324.jpg,0,test
dann,288,photo/dog/056_0009.jpg,0,train
dann,289,photo/person/253_0014.jpg,0,train
dann,290,photo/person/253_0246.jpg,0,test
dann,291,photo/horse/105_0076.jpg,0,train
dann,292,photo/guitar/063_0048.jpg,0,train
dann,293,photo/dog/n02109525_12875.jpg,0,test
dann,294,photo/person/253_0266.jpg,0,test
dann,295,photo/guitar/063_0093.jpg,0,test
dann,296,photo/elephant/n02503517_564.jpg,0,train
dann,297,photo/house/pic_117.jpg,0,train
dann,298,photo/giraffe/n02439033_11504.jpg,0,train
dann,299,photo/dog/056_0048.jpg,0,train
dann,300,photo/guitar/n02676566_7844.jpg,0,train
dann,301,photo/guitar/063_0022.jpg,0,train
dann,302,photo/giraffe/n02439033_12680.jpg,0,test
dann,303,photo/horse/105_0008.jpg,0,test
dann,304,photo/dog/n02103406_5035.jpg,0,train
dann,305,photo/elephant/n02503517_6032.jpg,0,test
dann,306,photo/dog/n02106662_11133.jpg,0,train
dann,307,photo/house/pic_113.jpg,0,train
dann,308,photo/person/253_0170.jpg,0,train
dann,309,photo/elephant/n02503517_753.jpg,0,train
dann,310,photo/giraffe/n02439033_16483.jpg,0,train
dann,311,photo/person/253_0296.jpg,0,test
dann,312,photo/giraffe/084_0042.jpg,0,train
dann,313,photo/house/pic_111.jpg,0,train
dann,314,photo/guitar/063_0010.jpg,0,train
dann,315,photo/elephant/064_0067.jpg,0,train
dann,316,photo/giraffe/n02439033_15479.jpg,0,test
dann,317,photo/person/253_0075.jpg,0,train
dann,318,photo/house/pic_284.jpg,0,test
dann,319,photo/giraffe/n02439033_11486.jpg,0,train
dann,320,photo/house/pic_013.jpg,0,test
dann,321,photo/guitar/n03272010_10795.jpg,0,train
dann,322,photo/person/253_0168.jpg,0,train
dann,323,photo/house/pic_060.jpg,0,train
dann,324,photo/house/pic_077.jpg,0,train
dann,325,photo/person/253_0359.jpg,0,train
dann,326,photo/elephant/064_0097.jpg,0,train
dann,327,photo/horse/n02374451_10669.jpg,0,train
dann,328,photo/giraffe/084_0045.jpg,0,train
dann,329,photo/person/253_0387.jpg,0,train
dann,330,photo/dog/n02106662_25917.jpg,0,test
dann,331,photo/dog/n02106662_7885.jpg,0,train
dann,332,photo/elephant/n02503517_5287.jpg,0,train
dann,333,photo/horse/105_0215.jpg,0,train
dann,334,art_painting/elephant/pic_087.jpg,0,train
dann,335,art_painting/person/pic_206.jpg,0,train
dann,336,art_painting/giraffe/pic_142.jpg,0,train
dann,337,art_painting/guitar/pic_075.jpg,0,train
dann,338,art_painting/dog/pic_058.jpg,0,train
dann,339,art_painting/giraffe/pic_302.jpg,0,train
dann,340,art_painting/person/pic_168.jpg,0,train
dann,341,art_painting/person/pic_162.jpg,0,train
dann,342,art_painting/dog/pic_074.jpg,0,test
dann,343,art_painting/house/pic_014.jpg,0,train
dann,344,art_painting/house/pic_107.jpg,0,test
dann,345,art_painting/guitar/pic_197.jpg,0,train
dann,346,art_painting/person/pic_033.jpg,0,train
dann,347,art_painting/horse/pic_195.jpg,0,train
dann,348,art_painting/guitar/pic_092.jpg,0,train
dann,349,art_painting/elephant/pic_145.jpg,0,train
dann,350,art_painting/giraffe/pic_126.jpg,0,train
dann,351,art_painting/horse/pic_047.jpg,0,train
dann,352,art_painting/person/pic_203.jpg,0,train
dann,353,art_painting/dog/pic_327.jpg,0,train
dann,354,art_painting/house/pic_022.jpg,0,train
dann,355,art_painting/house/pic_218.jpg,0,train
dann,356,art_painting/elephant/pic_122.jpg,0,train
dann,357,art_painting/person/pic_334.jpg,0,test
dann,358,art_painting/dog/pic_366.jpg,0,train
dann,359,art_painting/person/pic_074.jpg,0,train
dann,360,art_painting/person/pic_400.jpg,0,train
dann,361,art_painting/dog/pic_072.jpg,0,train
dann,362,art_painting/horse/pic_228.jpg,0,test
dann,363,art_painting/dog/pic_007.jpg,0,train
dann,364,art_painting/guitar/pic_082.jpg,0,train
dann,365,art_painting/elephant/pic_260.jpg,0,train
dann,366,art_painting/person/pic_387.jpg,0,train
dann,367,art_painting/dog/pic_260.jpg,0,train
dann,368,art_painting/dog/pic_315.jpg,0,test
dann,369,art_painting/guitar/pic_014.jpg,0,train
dann,370,art_painting/horse/pic_182.jpg,0,test
dann,371,art_painting/person/pic_129.jpg,0,test
dann,372,art_painting/person/pic_382.jpg,0,test
dann,373,art_painting/elephant/pic_100.jpg,0,train
dann,374,art_painting/guitar/pic_135.jpg,0,train
dann,375,art_painting/person/pic_126.jpg,0,train
dann,376,art_painting/giraffe/pic_068.jpg,0,test
dann,377,art_painting/house/pic_189.jpg,0,test
dann,378,art_painting/person/pic_265.jpg,0,test
dann,379,art_painting/giraffe/pic_210.jpg,0,test
dann,380,art_painting/dog/pic_205.jpg,0,train
dann,381,art_painting/dog/pic_100.jpg,0,train
dann,382,art_painting/giraffe/pic_057.jpg,0,train
dann,383,art_painting/elephant/pic_108.jpg,0,train
dann,384,art_painting/giraffe/pic_102.jpg,0,test
dann,385,art_painting/guitar/pic_127.jpg,0,train
dann,386,art_painting/guitar/pic_044.jpg,0,train
dann,387,art_painting/dog/pic_055.jpg,0,train
dann,388,art_painting/giraffe/pic_190.jpg,0,train
dann,389,art_painting/giraffe/pic_005.jpg,0,train
dann,390,art_painting/elephant/pic_249.jpg,0,train
dann,391,art_painting/house/pic_313.jpg,0,train
dann,392,art_painting/person/pic_429.jpg,0,train
dann,393,art_painting/person/pic_116.jpg,0,train
dann,394,art_painting/house/pic_018.jpg,0,train
dann,395,art_painting/house/pic_082.jpg,0,train
dann,396,art_painting/house/pic_212.jpg,0,test
dann,397,art_painting/person/pic_016.jpg,0,train
dann,398,art_painting/giraffe/pic_014.jpg,0,test
dann,399,art_painting/giraffe/pic_013.jpg,0,train
dann,400,art_painting/person/pic_542.jpg,0,test
dann,401,art_painting/elephant/pic_099.jpg,0,test
dann,402,art_painting/giraffe/pic_170.jpg,0,train
dann,403,art_painting/elephant/pic_011.jpg,0,test
dann,404,art_painting/elephant/pic_098.jpg,0,test
dann,405,art_painting/dog/pic_304.jpg,0,train
dann,406,art_painting/dog/pic_398.jpg,0,train
dann,407,art_painting/horse/pic_049.jpg,0,train
dann,408,art_painting/house/pic_123.jpg,0,train
dann,409,art_painting/guitar/pic_071.jpg,0,train
dann,410,art_painting/elephant/pic_201.jpg,0,train
dann,411,art_painting/elephant/pic_144.jpg,0,train
dann,412,art_painting/dog/pic_232.jpg,0,train
dann,413,art_painting/house/pic_111.jpg,0,train
dann,414,art_painting/elephant/pic_207.jpg,0,train
dann,415,art_painting/elephant/pic_152.jpg,0,train
dann,416,art_painting/person/pic_496.jpg,0,test
dann,417,art_painting/horse/pic_130.jpg,0,train
dann,418,art_painting/giraffe/pic_118.jpg,0,test
dann,419,art_painting/elephant/pic_048.jpg,0,test
dann,420,art_painting/dog/pic_393.jpg,0,train
dann,421,art_painting/giraffe/pic_085.jpg,0,train
dann,422,art_painting/horse/pic_090.jpg,0,train
dann,423,art_painting/giraffe/pic_268.jpg,0,train
dann,424,art_painting/person/pic_433.jpg,0,train
dann,425,art_painting/horse/pic_154.jpg,0,test
dann,426,art_painting/horse/pic_135.jpg,0,test
dann,427,art_painting/person/pic_248.jpg,0,test
dann,428,art_painting/elephant/pic_158.jpg,0,train
dann,429,art_painting/person/pic_438.jpg,0,train
dann,430,art_painting/giraffe/pic_176.jpg,0,test
dann,431,art_painting/person/pic_052.jpg,0,train
dann,432,art_painting/elephant/pic_113.jpg,0,train
dann,433,art_painting/house/pic_191.jpg,0,train
dann,434,art_painting/elephant/pic_078.jpg,0,train
dann,435,art_painting/guitar/pic_089.jpg,0,train
dann,436,art_painting/dog/pic_133.jpg,0,train
dann,437,art_painting/dog/pic_282.jpg,0,test
dann,438,art_painting/dog/pic_084.jpg,0,train
dann,439,art_painting/dog/pic_371.jpg,0,train
dann,440,art_painting/guitar/pic_171.jpg,0,train
dann,441,art_painting/dog/pic_269.jpg,0,train
dann,442,art_painting/elephant/pic_061.jpg,0,train
dann,443,art_painting/person/pic_464.jpg,0,test
dann,444,art_painting/person/pic_161.jpg,0,train
dann,445,art_painting/person/pic_247.jpg,0,test
dann,446,art_painting/dog/pic_301.jpg,0,train
dann,447,art_painting/person/pic_487.jpg,0,test
dann,448,art_painting/horse/pic_142.jpg,0,train
dann,449,art_painting/house/pic_221.jpg,0,train
dann,450,art_painting/elephant/pic_252.jpg,0,train
dann,451,art_painting/elephant/pic_178.jpg,0,train
dann,452,art_painting/person/pic_320.jpg,0,train
dann,453,art_painting/giraffe/pic_185.jpg,0,test
dann,454,art_painting/horse/pic_028.jpg,0,train
dann,455,art_painting/dog/pic_297.jpg,0,train
dann,456,art_painting/dog/pic_138.jpg,0,train
dann,457,art_painting/dog/pic_036.jpg,0,train
dann,458,art_painting/horse/pic_017.jpg,0,train
dann,459,art_painting/dog/pic_194.jpg,0,train
dann,460,art_painting/giraffe/pic_072.jpg,0,train
dann,461,art_painting/dog/pic_157.jpg,0,train
dann,462,art_painting/person/pic_135.jpg,0,train
dann,463,art_painting/horse/pic_136.jpg,0,train
dann,464,art_painting/horse/pic_134.jpg,0,test
dann,465,art_painting/guitar/pic_173.jpg,0,train
dann,466,art_painting/guitar/pic_129.jpg,0,train
dann,467,art_painting/dog/pic_329.jpg,0,train
dann,468,art_painting/giraffe/pic_069.jpg,0,train
dann,469,art_painting/giraffe/pic_243.jpg,0,train
dann,470,art_painting/giraffe/pic_153.jpg,0,train
dann,471,art_painting/giraffe/pic_001.jpg,0,train
dann,472,art_painting/giraffe/pic_140.jpg,0,train
dann,473,art_painting/house/pic_213.jpg,0,test
dann,474,art_painting/house/pic_009.jpg,0,test
dann,475,art_painting/person/pic_094.jpg,0,test
dann,476,art_painting/person/pic_070.jpg,0,test
dann,477,art_painting/dog/pic_026.jpg,0,train
dann,478,art_painting/dog/pic_397.jpg,0,test
dann,479,art_painting/house/pic_269.jpg,0,train
dann,480,art_painting/giraffe/pic_086.jpg,0,test
dann,481,art_painting/person/pic_213.jpg,0,test
dann,482,art_painting/elephant/pic_029.jpg,0,train
dann,483,art_painting/giraffe/pic_138.jpg,0,train
dann,484,art_painting/house/pic_034.jpg,0,test
dann,485,art_painting/giraffe/pic_028.jpg,0,train
dann,486,art_painting/person/pic_380.jpg,0,train
dann,487,art_painting/horse/pic_002.jpg,0,test
dann,488,art_painting/house/pic_011.jpg,0,train
dann,489,art_painting/person/pic_196.jpg,0,train
dann,490,art_painting/elephant/pic_148.jpg,0,train
dann,491,art_painting/person/pic_157.jpg,0,train
dann,492,art_painting/elephant/pic_117.jpg,0,train
dann,493,art_painting/elephant/pic_060.jpg,0,train
dann,494,art_painting/house/pic_008.jpg,0,train
dann,495,art_painting/guitar/pic_059.jpg,0,train
dann,496,art_painting/guitar/pic_074.jpg,0,train
dann,497,art_painting/dog/pic_214.jpg,0,train
dann,498,art_painting/giraffe/pic_122.jpg,0,train
dann,499,art_painting/house/pic_304.jpg,0,test
dann,500,art_painting/house/pic_322.jpg,0,test
dann,501,art_painting/horse/pic_222.jpg,0,test
dann,502,art_painting/horse/pic_151.jpg,0,train
dann,503,art_painting/dog/pic_134.jpg,0,test
dann,504,art_painting/person/pic_069.jpg,0,train
dann,505,art_painting/person/pic_011.jpg,0,test
dann,506,art_painting/dog/pic_314.jpg,0,train
dann,507,art_painting/horse/pic_001.jpg,0,test
dann,508,art_painting/house/pic_309.jpg,0,train
dann,509,art_painting/giraffe/pic_180.jpg,0,test
dann,510,art_painting/house/pic_004.jpg,0,train
dann,511,art_painting/house/pic_311.jpg,0,train
dann,512,art_painting/dog/pic_312.jpg,0,train
dann,513,art_painting/person/pic_294.jpg,0,train
dann,514,art_painting/person/pic_525.jpg,0,train
dann,515,art_painting/giraffe/pic_173.jpg,0,train
dann,516,art_painting/elephant/pic_075.jpg,0,train
dann,517,art_painting/guitar/pic_177.jpg,0,test
dann,518,art_painting/house/pic_088.jpg,0,test
dann,519,art_painting/giraffe/pic_077.jpg,0,test
dann,520,art_painting/house/pic_245.jpg,0,train
dann,521,art_painting/dog/pic_226.jpg,0,test
dann,522,art_painting/elephant/pic_044.jpg,0,train
dann,523,art_painting/dog/pic_099.jpg,0,train
dann,524,art_painting/person/pic_209.jpg,0,train
dann,525,art_painting/person/pic_304.jpg,0,test
dann,526,art_painting/horse/pic_138.jpg,0,train
dann,527,art_painting/guitar/pic_034.jpg,0,train
dann,528,art_painting/person/pic_296.jpg,0,train
dann,529,art_painting/horse/pic_054.jpg,0,train
dann,530,art_painting/dog/pic_391.jpg,0,train
dann,531,art_painting/elephant/pic_183.jpg,0,train
dann,532,art_painting/horse/pic_213.jpg,0,train
dann,533,art_painting/dog/pic_394.jpg,0,train
dann,534,art_painting/dog/pic_368.jpg,0,train
dann,535,art_painting/house/pic_306.jpg,0,train
dann,536,art_painting/elephant/pic_227.jpg,0,train
dann,537,art_painting/person/pic_543.jpg,0,test
dann,538,art_painting/giraffe/pic_011.jpg,0,test
dann,539,art_painting/house/pic_098.jpg,0,train
dann,540,art_painting/person/pic_328.jpg,0,train
dann,541,art_painting/guitar/pic_063.jpg,0,train
dann,542,art_painting/horse/pic_128.jpg,0,train
dann,543,art_painting/giraffe/pic_044.jpg,0,test
dann,544,art_painting/guitar/pic_182.jpg,0,train
dann,545,art_painting/horse/pic_133.jpg,0,train
dann,546,art_painting/guitar/pic_023.jpg,0,train
dann,547,art_painting/person/pic_520.jpg,0,train
dann,548,art_painting/dog/pic_079.jpg,0,train
dann,549,art_painting/dog/pic_070.jpg,0,train
dann,550,art_painting/dog/pic_172.jpg,0,test
dann,551,art_painting/house/pic_246.jpg,0,train
dann,552,art_painting/dog/pic_090.jpg,0,train
dann,553,art_painting/house/pic_226.jpg,0,train
dann,554,art_painting/person/pic_531.jpg,0,train
dann,555,art_painting/person/pic_018.jpg,0,train
dann,556,art_painting/elephant/pic_059.jpg,0,train
dann,557,art_painting/dog/pic_186.jpg,0,train
dann,558,art_painting/person/pic_273.jpg,0,test
dann,559,art_painting/house/pic_134.jpg,0,train
dann,560,art_painting/dog/pic_280.jpg,0,train
dann,561,art_painting/person/pic_423.jpg,0,test
dann,562,art_painting/giraffe/pic_239.jpg,0,train
dann,563,art_painting/person/pic_277.jpg,0,test
dann,564,art_painting/giraffe/pic_193.jpg,0,train
dann,565,art_painting/guitar/pic_192.jpg,0,test
dann,566,art_painting/person/pic_518.jpg,0,train
dann,567,art_painting/giraffe/pic_244.jpg,0,test
dann,568,art_painting/dog/pic_349.jpg,0,test
dann,569,art_painting/house/pic_231.jpg,0,train
dann,570,art_painting/guitar/pic_142.jpg,0,train
dann,571,art_painting/giraffe/pic_052.jpg,0,test
dann,572,art_painting/guitar/pic_193.jpg,0,test
dann,573,art_painting/house/pic_091.jpg,0,train
dann,574,art_painting/guitar/pic_166.jpg,0,test
dann,575,art_painting/house/pic_054.jpg,0,train
dann,576,art_painting/horse/pic_042.jpg,0,test
dann,577,art_painting/horse/pic_081.jpg,0,train
dann,578,art_painting/horse/pic_161.jpg,0,test
dann,579,art_painting/house/pic_291.jpg,0,test
dann,580,art_painting/person/pic_014.jpg,0,test
dann,581,art_painting/dog/pic_372.jpg,0,train
dann,582,art_painting/person/pic_109.jpg,0,train
dann,583,art_painting/person/pic_027.jpg,0,train
dann,584,art_painting/elephant/pic_191.jpg,0,train
dann,585,art_painting/horse/pic_232.jpg,0,train
dann,586,art_painting/house/pic_219.jpg,0,train
dann,587,art_painting/person/pic_327.jpg,0,test
dann,588,art_painting/dog/pic_268.jpg,0,train
dann,589,art_painting/elephant/pic_156.jpg,0,train
dann,590,art_painting/dog/pic_105.jpg,0,test
dann,591,art_painting/person/pic_150.jpg,0,test
dann,592,art_painting/person/pic_101.jpg,0,train
dann,593,art_painting/giraffe/pic_293.jpg,0,train
dann,594,art_painting/elephant/pic_177.jpg,0,test
dann,595,art_painting/dog/pic_274.jpg,0,train
dann,596,art_painting/elephant/pic_016.jpg,0,train
dann,597,art_painting/giraffe/pic_191.jpg,0,train
dann,598,art_painting/guitar/pic_178.jpg,0,test
dann,599,art_painting/house/pic_076.jpg,0,train
dann,600,art_painting/person/pic_435.jpg,0,train
dann,601,art_painting/dog/pic_384.jpg,0,train
dann,602,art_painting/person/pic_303.jpg,0,train
dann,603,art_painting/guitar/pic_137.jpg,0,train
dann,604,art_painting/dog/pic_377.jpg,0,train
dann,605,art_painting/giraffe/pic_307.jpg,0,train
dann,606,art_painting/house/pic_315.jpg,0,test
dann,607,art_painting/horse/pic_106.jpg,0,train
dann,608,art_painting/guitar/pic_108.jpg,0,train
dann,609,art_painting/guitar/pic_170.jpg,0,train
dann,610,art_painting/house/pic_153.jpg,0,test
dann,611,art_painting/person/pic_479.jpg,0,test
dann,612,art_painting/person/pic_267.jpg,0,train
dann,613,art_painting/person/pic_458.jpg,0,test
dann,614,art_painting/person/pic_204.jpg,0,train
dann,615,art_painting/person/pic_249.jpg,0,train
dann,616,art_painting/elephant/pic_119.jpg,0,train
dann,617,art_painting/house/pic_336.jpg,0,train
dann,618,art_painting/house/pic_281.jpg,0,test
dann,619,art_painting/horse/pic_008.jpg,0,test
dann,620,art_painting/person/pic_169.jpg,0,train
dann,621,art_painting/giraffe/pic_171.jpg,0,train
dann,622,art_painting/person/pic_183.jpg,0,test
dann,623,art_painting/dog/pic_123.jpg,0,train
dann,624,art_painting/dog/pic_064.jpg,0,train
dann,625,art_painting/house/pic_149.jpg,0,test
dann,626,art_painting/dog/pic_177.jpg,0,test
dann,627,art_painting/dog/pic_167.jpg,0,train
dann,628,art_painting/dog/pic_091.jpg,0,train
dann,629,art_painting/giraffe/pic_010.jpg,0,test
dann,630,art_painting/dog/pic_322.jpg,0,train
dann,631,art_painting/guitar/pic_024.jpg,0,train
dann,632,art_painting/dog/pic_350.jpg,0,train
dann,633,art_painting/guitar/pic_113.jpg,0,train
dann,634,art_painting/elephant/pic_106.jpg,0,train
dann,635,art_painting/house/pic_121.jpg,0,train
dann,636,art_painting/person/pic_194.jpg,0,train
dann,637,art_painting/dog/pic_253.jpg,0,test
dann,638,art_painting/horse/pic_150.jpg,0,train
dann,639,art_painting/horse/pic_034.jpg,0,train
dann,640,art_painting/house/pic_103.jpg,0,train
dann,641,art_painting/person/pic_208.jpg,0,train
dann,642,art_painting/person/pic_263.jpg,0,train
dann,643,art_painting/giraffe/pic_009.jpg,0,test
dann,644,art_painting/house/pic_136.jpg,0,train
dann,645,art_painting/house/pic_198.jpg,0,train
dann,646,art_painting/house/pic_074.jpg,0,test
dann,647,art_painting/person/pic_097.jpg,0,train
dann,648,art_painting/elephant/pic_046.jpg,0,test
dann,649,art_painting/horse/pic_125.jpg,0,test
dann,650,art_painting/giraffe/pic_271.jpg,0,train
dann,651,art_painting/elephant/pic_204.jpg,0,test
dann,652,art_painting/giraffe/pic_139.jpg,0,train
dann,653,art_painting/house/pic_187.jpg,0,train
dann,654,art_painting/horse/pic_099.jpg,0,test
dann,655,art_painting/person/pic_405.jpg,0,test
dann,656,art_painting/dog/pic_319.jpg,0,train
dann,657,art_painting/elephant/pic_161.jpg,0,train
dann,658,art_painting/horse/pic_206.jpg,0,train
dann,659,art_painting/elephant/pic_198.jpg,0,train
dann,660,art_painting/giraffe/pic_253.jpg,0,train
dann,661,art_painting/house/pic_298.jpg,0,test
dann,662,art_painting/house/pic_261.jpg,0,train
dann,663,art_painting/horse/pic_056.jpg,0,test
dann,664,art_painting/person/pic_171.jpg,0,test
dann,665,art_painting/guitar/pic_187.jpg,0,test
dann,666,art_painting/person/pic_545.jpg,0,train
dann,667,art_painting/person/pic_107.jpg,0,train
dann,668,cartoon/person/pic_113.jpg,0,test
dann,669,cartoon/elephant/pic_389.jpg,0,test
dann,670,cartoon/person/pic_105.jpg,0,train
dann,671,cartoon/house/pic_355.jpg,0,train
dann,672,cartoon/horse/pic_189.jpg,0,test
dann,673,cartoon/elephant/pic_136.jpg,0,train
dann,674,cartoon/house/pic_343.jpg,0,train
dann,675,cartoon/giraffe/pic_209.jpg,0,train
dann,676,cartoon/giraffe/pic_273.jpg,0,train
dann,677,cartoon/horse/pic_257.jpg,0,train
dann,678,cartoon/elephant/pic_030.jpg,0,train
dann,679,cartoon/dog/pic_108.jpg,0,train
dann,680,cartoon/giraffe/pic_244.jpg,0,train
dann,681,cartoon/elephant/pic_246.jpg,0,test
dann,682,cartoon/person/pic_333.jpg,0,train
dann,683,cartoon/giraffe/pic_385.jpg,0,train
dann,684,cartoon/dog/pic_325.jpg,0,train
dann,685,cartoon/elephant/pic_393.jpg,0,test
dann,686,cartoon/elephant/pic_047.jpg,0,test
dann,687,cartoon/elephant/pic_180.jpg,0,test
dann,688,cartoon/giraffe/pic_360.jpg,0,train
dann,689,cartoon/elephant/pic_444.jpg,0,test
dann,690,cartoon/dog/pic_140.jpg,0,train
dann,691,cartoon/dog/pic_094.jpg,0,train
dann,692,cartoon/elephant/pic_135.jpg,0,train
dann,693,cartoon/house/pic_257.jpg,0,train
dann,694,cartoon/horse/pic_214.jpg,0,train
dann,695,cartoon/house/pic_017.jpg,0,train
dann,696,cartoon/horse/pic_221.jpg,0,test
dann,697,cartoon/horse/pic_092.jpg,0,test
dann,698,cartoon/elephant/pic_010.jpg,0,train
dann,699,cartoon/guitar/pic_124.jpg,0,train
dann,700,cartoon/horse/pic_322.jpg,0,train
dann,701,cartoon/guitar/pic_048.jpg,0,train
dann,702,cartoon/elephant/pic_091.jpg,0,train
dann,703,cartoon/dog/pic_310.jpg,0,train
dann,704,cartoon/horse/pic_053.jpg,0,test
dann,705,cartoon/person/pic_131.jpg,0,train
dann,706,cartoon/elephant/pic_257.jpg,0,train
dann,707,cartoon/house/pic_278.jpg,0,test
dann,708,cartoon/giraffe/pic_061.jpg,0,test
dann,709,cartoon/dog/pic_060.jpg,0,train
dann,710,cartoon/elephant/pic_173.jpg,0,train
dann,711,cartoon/person/pic_385.jpg,0,train
dann,712,cartoon/elephant/pic_350.jpg,0,test
dann,713,cartoon/giraffe/pic_192.jpg,0,train
dann,714,cartoon/horse/pic_327.jpg,0,train
dann,715,cartoon/elephant/pic_471.jpg,0,train
dann,716,cartoon/person/pic_020.jpg,0,train
dann,717,cartoon/horse/pic_196.jpg,0,train
dann,718,cartoon/elephant/pic_316.jpg,0,train
dann,719,cartoon/giraffe/pic_173.jpg,0,train
dann,720,cartoon/person/pic_216.jpg,0,train
dann,721,cartoon/elephant/pic_496.jpg,0,train
dann,722,cartoon/elephant/pic_337.jpg,0,train
dann,723,cartoon/elephant/pic_244.jpg,0,train
dann,724,cartoon/person/pic_078.jpg,0,train
dann,725,cartoon/horse/pic_345.jpg,0,train
dann,726,cartoon/dog/pic_136.jpg,0,train
dann,727,cartoon/horse/pic_355.jpg,0,train
dann,728,cartoon/house/pic_317.jpg,0,test
dann,729,cartoon/person/pic_025.jpg,0,train
dann,730,cartoon/person/pic_055.jpg,0,train
dann,731,cartoon/guitar/pic_035.jpg,0,train
dann,732,cartoon/dog/pic_171.jpg,0,train
dann,733,cartoon/house/pic_252.jpg,0,train
dann,734,cartoon/person/pic_129.jpg,0,train
dann,735,cartoon/house/pic_286.jpg,0,test
dann,736,cartoon/dog/pic_229.jpg,0,train
dann,737,cartoon/person/pic_248.jpg,0,train
dann,738,cartoon/person/pic_170.jpg,0,train
dann,739,cartoon/horse/pic_187.jpg,0,test
dann,740,cartoon/house/pic_038.jpg,0,train
dann,741,cartoon/house/pic_223.jpg,0,train
dann,742,cartoon/giraffe/pic_339.jpg,0,test
dann,743,cartoon/person/pic_119.jpg,0,train
dann,744,cartoon/person/pic_257.jpg,0,train
dann,745,cartoon/house/pic_217.jpg,0,train
dann,746,cartoon/elephant/pic_242.jpg,0,train
dann,747,cartoon/dog/pic_274.jpg,0,train
dann,748,cartoon/dog/pic_398.jpg,0,test
dann,749,cartoon/person/pic_190.jpg,0,test
dann,750,cartoon/horse/pic_086.jpg,0,train
dann,751,cartoon/house/pic_145.jpg,0,train
dann,752,cartoon/elephant/pic_254.jpg,0,train
dann,753,cartoon/horse/pic_048.jpg,0,train
dann,754,cartoon/horse/pic_243.jpg,0,test
dann,755,cartoon/horse/pic_121.jpg,0,train
dann,756,cartoon/person/pic_167.jpg,0,test
dann,757,cartoon/dog/pic_176.jpg,0,test
dann,758,cartoon/dog/pic_282.jpg,0,train
dann,759,cartoon/elephant/pic_251.jpg,0,train
dann,760,cartoon/horse/pic_135.jpg,0,test
dann,761,cartoon/person/pic_218.jpg,0,train
dann,762,cartoon/elephant/pic_013.jpg,0,train
dann,763,cartoon/dog/pic_317.jpg,0,train
dann,764,cartoon/horse/pic_297.jpg,0,train
dann,765,cartoon/giraffe/pic_090.jpg,0,test
dann,766,cartoon/elephant/pic_320.jpg,0,train
dann,767,cartoon/person/pic_209.jpg,0,train
dann,768,cartoon/elephant/pic_214.jpg,0,train
dann,769,cartoon/house/pic_311.jpg,0,test
dann,770,cartoon/giraffe/pic_341.jpg,0,train
dann,771,cartoon/person/pic_044.jpg,0,train
dann,772,cartoon/giraffe/pic_148.jpg,0,train
dann,773,cartoon/elephant/pic_374.jpg,0,train
dann,774,cartoon/horse/pic_352.jpg,0,test
dann,775,cartoon/elephant/pic_154.jpg,0,train
dann,776,cartoon/person/pic_425.jpg,0,test
dann,777,cartoon/elephant/pic_114.jpg,0,train
dann,778,cartoon/horse/pic_364.jpg,0,train
dann,779,cartoon/dog/pic_425.jpg,0,train
dann,780,cartoon/dog/pic_088.jpg,0,test
dann,781,cartoon/person/pic_197.jpg,0,train
dann,782,cartoon/house/pic_282.jpg,0,train
dann,783,cartoon/dog/pic_427.jpg,0,train
dann,784,cartoon/elephant/pic_262.jpg,0,test
dann,785,cartoon/horse/pic_118.jpg,0,train
dann,786,cartoon/horse/pic_293.jpg,0,test
dann,787,cartoon/elephant/pic_362.jpg,0,train
dann,788,cartoon/person/pic_210.jpg,0,test
dann,789,cartoon/person/pic_372.jpg,0,train
dann,790,cartoon/giraffe/pic_267.jpg,0,train
dann,791,cartoon/guitar/pic_073.jpg,0,train
dann,792,cartoon/house/pic_165.jpg,0,train
dann,793,cartoon/person/pic_268.jpg,0,train
dann,794,cartoon/house/pic_140.jpg,0,train
dann,795,cartoon/giraffe/pic_156.jpg,0,test
dann,796,cartoon/horse/pic_264.jpg,0,train
dann,797,cartoon/dog/pic_085.jpg,0,train
dann,798,cartoon/person/pic_226.jpg,0,test
dann,799,cartoon/elephant/pic_184.jpg,0,train
dann,800,cartoon/giraffe/pic_030.jpg,0,test
dann,801,cartoon/guitar/pic_011.jpg,0,train
dann,802,cartoon/elephant/pic_400.jpg,0,test
dann,803,cartoon/house/pic_277.jpg,0,test
dann,804,cartoon/dog/pic_334.jpg,0,train
dann,805,cartoon/dog/pic_393.jpg,0,train
dann,806,cartoon/elephant/pic_109.jpg,0,test
dann,807,cartoon/elephant/pic_387.jpg,0,train
dann,808,cartoon/person/pic_067.jpg,0,train
dann,809,cartoon/person/pic_126.jpg,0,train
dann,810,cartoon/dog/pic_095.jpg,0,train
dann,811,cartoon/dog/pic_028.jpg,0,test
dann,812,cartoon/house/pic_321.jpg,0,train
dann,813,cartoon/person/pic_418.jpg,0,test
dann,814,cartoon/person/pic_261.jpg,0,train
dann,815,cartoon/dog/pic_440.jpg,0,test
dann,816,cartoon/horse/pic_312.jpg,0,test
dann,817,cartoon/elephant/pic_446.jpg,0,train
dann,818,cartoon/horse/pic_357.jpg,0,train
dann,819,cartoon/giraffe/pic_353.jpg,0,train
dann,820,cartoon/dog/pic_038.jpg,0,train
dann,821,cartoon/dog/pic_078.jpg,0,test
dann,822,cartoon/giraffe/pic_379.jpg,0,train
dann,823,cartoon/giraffe/pic_369.jpg,0,train
dann,824,cartoon/elephant/pic_405.jpg,0,train
dann,825,cartoon/giraffe/pic_260.jpg,0,train
dann,826,cartoon/horse/pic_147.jpg,0,train
dann,827,cartoon/dog/pic_433.jpg,0,train
dann,828,cartoon/elephant/pic_124.jpg,0,test
dann,829,cartoon/elephant/pic_416.jpg,0,train
dann,830,cartoon/elephant/pic_105.jpg,0,train
dann,831,cartoon/house/pic_103.jpg,0,train
dann,832,cartoon/elephant/pic_345.jpg,0,test
dann,833,cartoon/house/pic_167.jpg,0,test
dann,834,cartoon/elephant/pic_479.jpg,0,train
dann,835,cartoon/giraffe/pic_373.jpg,0,train
dann,836,cartoon/dog/pic_198.jpg,0,test
dann,837,cartoon/elephant/pic_187.jpg,0,train
dann,838,cartoon/horse/pic_288.jpg,0,train
dann,839,cartoon/horse/pic_340.jpg,0,train
dann,840,cartoon/giraffe/pic_195.jpg,0,test
dann,841,cartoon/house/pic_160.jpg,0,train
dann,842,cartoon/person/pic_036.jpg,0,test
dann,843,cartoon/horse/pic_332.jpg,0,train
dann,844,cartoon/dog/pic_319.jpg,0,train
dann,845,cartoon/elephant/pic_327.jpg,0,train
dann,846,cartoon/person/pic_035.jpg,0,test
dann,847,cartoon/house/pic_014.jpg,0,test
dann,848,cartoon/giraffe/pic_019.jpg,0,train
dann,849,cartoon/person/pic_320.jpg,0,train
dann,850,cartoon/dog/pic_009.jpg,0,test
dann,851,cartoon/house/pic_119.jpg,0,train
dann,852,cartoon/giraffe/pic_248.jpg,0,test
dann,853,cartoon/person/pic_079.jpg,0,train
dann,854,cartoon/horse/pic_186.jpg,0,train
dann,855,cartoon/person/pic_253.jpg,0,test
dann,856,cartoon/person/pic_319.jpg,0,train
dann,857,cartoon/guitar/pic_107.jpg,0,train
dann,858,cartoon/horse/pic_363.jpg,0,train
dann,859,cartoon/giraffe/pic_272.jpg,0,test
dann,860,cartoon/giraffe/pic_349.jpg,0,train
dann,861,cartoon/dog/pic_083.jpg,0,train
dann,862,cartoon/elephant/pic_307.jpg,0,train
dann,863,cartoon/dog/pic_354.jpg,0,train
dann,864,cartoon/giraffe/pic_212.jpg,0,test
dann,865,cartoon/elephant/pic_432.jpg,0,train
dann,866,cartoon/person/pic_434.jpg,0,train
dann,867,cartoon/person/pic_424.jpg,0,test
dann,868,cartoon/guitar/pic_024.jpg,0,train
dann,869,cartoon/elephant/pic_450.jpg,0,train
dann,870,cartoon/horse/pic_347.jpg,0,train
dann,871,cartoon/house/pic_026.jpg,0,test
dann,872,cartoon/dog/pic_077.jpg,0,test
dann,873,cartoon/elephant/pic_049.jpg,0,train
dann,874,cartoon/elephant/pic_346.jpg,0,train
dann,875,cartoon/giraffe/pic_320.jpg,0,train
dann,876,cartoon/person/pic_377.jpg,0,train
dann,877,cartoon/horse/pic_013.jpg,0,train
dann,878,cartoon/person/pic_368.jpg,0,train
dann,879,cartoon/horse/pic_106.jpg,0,test
dann,880,cartoon/dog/pic_265.jpg,0,train
dann,881,cartoon/dog/pic_102.jpg,0,train
dann,882,cartoon/person/pic_061.jpg,0,test
dann,883,cartoon/giraffe/pic_322.jpg,0,train
dann,884,cartoon/elephant/pic_354.jpg,0,train
dann,885,cartoon/elephant/pic_147.jpg,0,test
dann,886,cartoon/house/pic_182.jpg,0,train
dann,887,cartoon/giraffe/pic_143.jpg,0,train
dann,888,cartoon/horse/pic_132.jpg,0,train
dann,889,cartoon/house/pic_007.jpg,0,train
dann,890,cartoon/giraffe/pic_226.jpg,0,test
dann,891,cartoon/person/pic_265.jpg,0,train
dann,892,cartoon/elephant/pic_216.jpg,0,train
dann,893,cartoon/elephant/pic_306.jpg,0,train
dann,894,cartoon/person/pic_141.jpg,0,train
dann,895,cartoon/dog/pic_397.jpg,0,test
dann,896,cartoon/dog/pic_008.jpg,0,train
dann,897,cartoon/person/pic_409.jpg,0,train
dann,898,cartoon/dog/pic_178.jpg,0,test
dann,899,cartoon/guitar/pic_020.jpg,0,train
dann,900,cartoon/giraffe/pic_219.jpg,0,train
dann,901,cartoon/person/pic_203.jpg,0,train
dann,902,cartoon/dog/pic_210.jpg,0,train
dann,903,cartoon/giraffe/pic_119.jpg,0,train
dann,904,cartoon/house/pic_098.jpg,0,test
dann,905,cartoon/house/pic_039.jpg,0,train
dann,906,cartoon/person/pic_111.jpg,0,test
dann,907,cartoon/horse/pic_032.jpg,0,test
dann,908,cartoon/horse/pic_157.jpg,0,train
dann,909,cartoon/giraffe/pic_216.jpg,0,test
dann,910,cartoon/dog/pic_422.jpg,0,train
dann,911,cartoon/guitar/pic_016.jpg,0,train
dann,912,cartoon/giraffe/pic_113.jpg,0,test
dann,913,cartoon/elephant/pic_094.jpg,0,train
dann,914,cartoon/horse/pic_188.jpg,0,train
dann,915,cartoon/giraffe/pic_127.jpg,0,test
dann,916,cartoon/person/pic_449.jpg,0,test
dann,917,cartoon/elephant/pic_061.jpg,0,train
dann,918,cartoon/dog/pic_190.jpg,0,train
dann,919,cartoon/guitar/pic_083.jpg,0,train
dann,920,cartoon/person/pic_349.jpg,0,train
dann,921,cartoon/elephant/pic_130.jpg,0,train
dann,922,cartoon/guitar/pic_069.jpg,0,test
dann,923,cartoon/house/pic_093.jpg,0,train
dann,924,cartoon/house/pic_228.jpg,0,train
dann,925,cartoon/elephant/pic_228.jpg,0,train
dann,926,cartoon/dog/pic_329.jpg,0,train
dann,927,cartoon/dog/pic_430.jpg,0,train
dann,928,cartoon/elephant/pic_054.jpg,0,test
dann,929,cartoon/giraffe/pic_317.jpg,0,test
dann,930,cartoon/dog/pic_103.jpg,0,test
dann,931,cartoon/giraffe/pic_082.jpg,0,train
dann,932,cartoon/person/pic_323.jpg,0,test
dann,933,cartoon/elephant/pic_302.jpg,0,train
dann,934,cartoon/dog/pic_386.jpg,0,train
dann,935,cartoon/elephant/pic_113.jpg,0,test
dann,936,cartoon/giraffe/pic_383.jpg,0,train
dann,937,cartoon/horse/pic_303.jpg,0,test
dann,938,cartoon/person/pic_236.jpg,0,train
dann,939,cartoon/person/pic_259.jpg,0,test
dann,940,cartoon/dog/pic_218.jpg,0,train
dann,941,cartoon/person/pic_159.jpg,0,test
dann,942,cartoon/horse/pic_173.jpg,0,test
dann,943,cartoon/guitar/pic_058.jpg,0,train
dann,944,cartoon/person/pic_193.jpg,0,test
dann,945,cartoon/house/pic_102.jpg,0,train
dann,946,cartoon/giraffe/pic_202.jpg,0,train
dann,947,cartoon/person/pic_225.jpg,0,test
dann,948,cartoon/house/pic_121.jpg,0,train
dann,949,cartoon/guitar/pic_068.jpg,0,test
dann,950,cartoon/horse/pic_233.jpg,0,train
dann,951,cartoon/giraffe/pic_297.jpg,0,test
dann,952,cartoon/dog/pic_139.jpg,0,train
dann,953,cartoon/dog/pic_287.jpg,0,train
dann,954,cartoon/elephant/pic_021.jpg,0,train
dann,955,cartoon/giraffe/pic_100.jpg,0,train
dann,956,cartoon/person/pic_302.jpg,0,test
dann,957,cartoon/dog/pic_369.jpg,0,train
dann,958,cartoon/house/pic_023.jpg,0,test
dann,959,cartoon/person/pic_008.jpg,0,train
dann,960,cartoon/horse/pic_064.jpg,0,train
dann,961,cartoon/dog/pic_180.jpg,0,train
dann,962,cartoon/horse/pic_025.jpg,0,train
dann,963,cartoon/person/pic_039.jpg,0,train
dann,964,cartoon/person/pic_224.jpg,0,train
dann,965,cartoon/horse/pic_224.jpg,0,train
dann,966,cartoon/house/pic_340.jpg,0,train
dann,967,cartoon/elephant/pic_037.jpg,0,train
dann,968,cartoon/dog/pic_348.jpg,0,train
dann,969,cartoon/dog/pic_419.jpg,0,train
dann,970,cartoon/giraffe/pic_160.jpg,0,train
dann,971,cartoon/person/pic_052.jpg,0,train
dann,972,cartoon/dog/pic_305.jpg,0,train
dann,973,cartoon/giraffe/pic_071.jpg,0,train
dann,974,cartoon/elephant/pic_032.jpg,0,test
dann,975,cartoon/giraffe/pic_013.jpg,0,train
dann,976,cartoon/giraffe/pic_318.jpg,0,train
dann,977,cartoon/elephant/pic_088.jpg,0,train
dann,978,cartoon/person/pic_313.jpg,0,train
dann,979,cartoon/giraffe/pic_009.jpg,0,train
dann,980,cartoon/guitar/pic_118.jpg,0,train
dann,981,cartoon/horse/pic_219.jpg,0,test
dann,982,cartoon/giraffe/pic_020.jpg,0,train
dann,983,cartoon/house/pic_080.jpg,0,test
dann,984,cartoon/horse/pic_131.jpg,0,test
dann,985,cartoon/guitar/pic_100.jpg,0,train
dann,986,cartoon/horse/pic_336.jpg,0,test
dann,987,cartoon/dog/pic_313.jpg,0,train
dann,988,cartoon/guitar/pic_076.jpg,0,train
dann,989,cartoon/horse/pic_079.jpg,0,test
dann,990,cartoon/horse/pic_275.jpg,0,train
dann,991,cartoon/house/pic_147.jpg,0,train
dann,992,cartoon/horse/pic_267.jpg,0,train
dann,993,cartoon/horse/pic_072.jpg,0,test
dann,994,cartoon/elephant/pic_435.jpg,0,test
dann,995,cartoon/person/pic_452.jpg,0,test
dann,996,cartoon/elephant/pic_192.jpg,0,train
dann,997,cartoon/giraffe/pic_253.jpg,0,test
dann,998,cartoon/elephant/pic_501.jpg,0,train
dann,999,cartoon/person/pic_438.jpg,0,train
dann,1000,cartoon/house/pic_212.jpg,0,train
dann,1001,cartoon/house/pic_347.jpg,0,test
dann,1002,e4e9d2a36515c552,1,train
dann,1003,b3f931dbd858a133,1,test
dann,1004,570b6b92a35155c5,1,train
dann,1005,d54ef9b7ff66b2fa,1,train
dann,1006,6611ff9d0b6d8208,1,test
dann,1007,fb33b8261756862c,1,train
dann,1008,90229b1c01abe739,1,train
dann,1009,e2ec07ec68799b21,1,train
dann,1010,ffeb5561f31be75f,1,train
dann,1011,afd7b4afebdc887f,1,test
dann,1012,4b48ef3ea4b722c8,1,train
dann,1013,a53de5559b222be2,1,test
dann,1014,5abd7b9988cd6e93,1,train
dann,1015,350e0e32b16b8197,1,test
dann,1016,fce4c95ba23799e3,1,train
dann,1017,2d129ca5b4cc09e7,1,train
dann,1018,ad0435ad522d2447,1,train
dann,1019,1e49a893a0cf958a,1,train
dann,1020,1a211e47aafde640,1,train
dann,1021,1063f27e61d29245,1,train
dann,1022,77ebf45f4fc624b3,1,train
dann,1023,96726f6e353e2d5b,1,train
dann,1024,21134675780c1a39,1,train
dann,1025,57ed682a93f3be0e,1,train
dann,1026,c12d3ea552a1457e,1,test
dann,1027,1787acbffcd5b305,1,train
dann,1028,077ef807a42334f9,1,test
dann,1029,53ec7ee459bf9bab,1,train
dann,1030,1129b060c0a17abf,1,train
dann,1031,7d96047bb39f3569,1,train
dann,1032,9e45174917022478,1,train
dann,1033,4c0e32671b12c279,1,test
dann,1034,1550966fb150326a,1,test
dann,1035,f0ce2d2c719dc8d6,1,train
dann,1036,6c0c03a07ca9ffdb,1,test
dann,1037,680f5bd30c6c766a,1,train
dann,1038,d5417460de96fbf3,1,test
dann,1039,509f41f187295007,1,test
dann,1040,b2adbccb551f31a3,1,train
dann,1041,5615e723a7f34a1a,1,train
dann,1042,b2c52958cef832d9,1,train
dann,1043,9577c5ee201768f7,1,train
dann,1044,de8ffec89758610d,1,train
dann,1045,6397f6a3171f39df,1,train
dann,1046,eb289024c62d8e2b,1,train
dann,1047,093ba0c1ba62a163,1,train
dann,1048,f5e91b4f0c781bbc,1,train
dann,1049,f8092b0ce0783522,1,train
dann,1050,e998bdf944184def,1,test
dann,1051,fb82da5181f2f27f,1,test
dann,1052,6f1465e6ffa908dd,1,train
dann,1053,b864e647c9e92b59,1,train
dann,1054,b23afb6a35bb8893,1,train
dann,1055,510faa4534bd9c64,1,train
dann,1056,b92143d835420cdc,1,train
dann,1057,9818b47773d2e384,1,train
dann,1058,358b0db2719779b0,1,test
dann,1059,1002199f8c924223,1,train
dann,1060,3486e08cba46e171,1,test
dann,1061,8e11ec7497ec278a,1,train
dann,1062,e725824a8495da94,1,test
dann,1063,1db44a56bc228c4d,1,test
dann,1064,6a92c8d7b79a39fc,1,train
dann,1065,be8d60158851e0ac,1,test
dann,1066,d4c646f208f359cb,1,test
dann,1067,466d9526cccf465d,1,train
dann,1068,3055b94b445f5c8a,1,train
dann,1069,5ec0a6312e1ff6b2,1,train
dann,1070,4a7a9b300c7e56c7,1,train
dann,1071,2fcf7d13d5436e4b,1,test
dann,1072,a812bf98ee54bdc8,1,test
dann,1073,e92df8b3c1277c24,1,test
dann,1074,644ef9804eb62d40,1,test
dann,1075,229b570e9670c419,1,train
dann,1076,a57b036e4ee44a6a,1,train
dann,1077,44a091d7b38dda6f,1,train
dann,1078,ba1688b99b03b08d,1,train
dann,1079,ad45e4a990424e0f,1,test
dann,1080,6cc833e2129060ee,1,test
dann,1081,93673fa39241331c,1,train
dann,1082,a036e50287661e59,1,train
dann,1083,0734c31657c03db9,1,test
dann,1084,3ba43ceb290e6805,1,test
dann,1085,8c6120a0b9277ded,1,train
dann,1086,ff9444ee261a5e81,1,train
dann,1087,c514236eb002e1df,1,train
dann,1088,6f3609bb25704656,1,test
dann,1089,401b28a46d6d40ee,1,test
dann,1090,15d3836cde2fc013,1,train
dann,1091,c537e17874a65e53,1,test
dann,1092,534664412ed7fbb3,1,train
dann,1093,1c0201474e4d550b,1,test
dann,1094,18c7f0b73adbf3f8,1,train
dann,1095,ad00effd7585e083,1,test
dann,1096,1f76c442aa913ba4,1,train
dann,1097,3bfd056310988cec,1,train
dann,1098,a48ca893b3802336,1,test
dann,1099,e143fc0b586bdc63,1,train
dann,1100,2c09630dbb6616d1,1,test
dann,1101,060d2b58c4fd2335,1,train
dann,1102,6d13863f72ac6cf7,1,train
dann,1103,cc7f1b9913baa0ff,1,train
dann,1104,65fd14fa121ce913,1,test
dann,1105,b5c95d5f21ab09a4,1,train
dann,1106,453a47e7bc936b2a,1,test
dann,1107,d2e774029cdc9cd0,1,train
dann,1108,c3eb8b9cc2b3d9e6,1,train
dann,1109,09c8c0055ca5672b,1,train
dann,1110,a4d87bd38ed365f2,1,train
dann,1111,8d1c9ecaaa27a654,1,test
dann,1112,59f60417147c74bd,1,train
dann,1113,261e7d5f8ca044ab,1,train
dann,1114,577d1112331c6731,1,test
dann,1115,ff764789ca49d185,1,train
dann,1116,ab19be96aae26089,1,train
dann,1117,ec92e531385ae53f,1,test
dann,1118,1bc7248ddcb91b6e,1,train
dann,1119,8de6b5cad315ab7f,1,test
dann,1120,008eae509eaab5d4,1,test
dann,1121,5aaeebbf97ae4a59,1,train
dann,1122,d46ababd5edaa6a5,1,train
dann,1123,0b6019ffac1af948,1,train
dann,1124,a518275c337de189,1,test
dann,1125,3b4c45356d3981d6,1,train
dann,1126,a19f6ec4d90bab1b,1,train
dann,1127,3accffd8d2ec2abb,1,train
dann,1128,0b7e0d071b5fd9d7,1,train
dann,1129,02707c390bef896f,1,train
dann,1130,0a6bd19e2ab2be86,1,train
dann,1131,e25fc1de0f642b1f,1,test
dann,1132,aca4f73e2f585065,1,test
dann,1133,1c5c4269ee37b76b,1,test
dann,1134,28775dbba0114d04,1,train
dann,1135,fdd7076b7ffc0471,1,test
dann,1136,ba9714267d79839c,1,train
dann,1137,e25e9862fa5a673c,1,train
dann,1138,6521061abec002c8,1,train
dann,1139,b132882f1ff6b6e9,1,train
dann,1140,3040cabbd7473e61,1,train
dann,1141,e29b2c0ad006f628,1,train
dann,1142,407908bab38a5f66,1,test
dann,1143,ce4dbc39b2f9456a,1,test
dann,1144,2c3171866e5e191a,1,test
dann,1145,ff36c17b15b279f0,1,train
dann,1146,16b6f3babe0d321d,1,train
dann,1147,1e3ef06807363152,1,test
dann,1148,d500b8f3cd355808,1,train
dann,1149,71d1b68973f028f5,1,train
dann,1150,2097317806244e39,1,train
dann,1151,04ec9588abc737ca,1,train
dann,1152,9de3657164b83ae9,1,train
dann,1153,24dccefdd32f984f,1,train
dann,1154,40bc403008bd6c2d,1,train
dann,1155,4fcd8879c5e1816e,1,train
dann,1156,32d05908ffdd73b7,1,train
dann,1157,703ae49e94defa34,1,train
dann,1158,576560781a7c3441,1,train
dann,1159,80c0f76bfc97319c,1,train
dann,1160,a1b79cfae8dea97c,1,train
dann,1161,00d78431ea9880fd,1,train
dann,1162,5c17b7cdd03059c7,1,train
dann,1163,e3edd1d36cbfde57,1,train
dann,1164,aeb02066710e4e3d,1,train
dann,1165,0270fed3e63f3647,1,train
dann,1166,c197f9655cd71310,1,train
dann,1167,26f5961559292188,1,train
dann,1168,6413ff7d7d471d76,1,test
dann,1169,cea8e87b34b310c8,1,train
dann,1170,3e6c146fbe16a79f,1,train
dann,1171,46cb98038d5614d4,1,train
dann,1172,c275d6775ff5e1c6,1,train
dann,1173,ab3bd7d8ea2893cc,1,train
dann,1174,f1b3a6a3add0b6fc,1,train
dann,1175,5b27d138e731acf7,1,train
dann,1176,a2bb54ed950b04d9,1,train
dann,1177,18e95bbd8955f263,1,train
dann,1178,219999dc57609ba7,1,train
dann,1179,beaa293ce691dcf7,1,test
dann,1180,eef9ebe4f5f4f9d6,1,test
dann,1181,e576698eacc21509,1,train
dann,1182,2bf36c7be5ffbd2f,1,test
dann,1183,5bef47ad0d1e7460,1,train
dann,1184,c66f8534dca0642d,1,train
dann,1185,8784f8be0691cf06,1,test
dann,1186,e09ff9f08294b97c,1,train
dann,1187,1089d408dcb54e23,1,train
dann,1188,67fd43eac372bd08,1,train
dann,1189,d3cf87c95862f22a,1,train
dann,1190,86352d95dc30169f,1,test
dann,1191,7ef4e769fd786e6f,1,test
dann,1192,7999ba23a000f84a,1,test
dann,1193,46fae1dc1c71678e,1,test
dann,1194,95a533aa69dc9216,1,train
dann,1195,6f819a0109bc5651,1,train
dann,1196,155d52dc5cc72db1,1,train
dann,1197,dab5646e04fc22e5,1,train
dann,1198,e054dc291f8b6c17,1,train
dann,1199,71fbab1a579a1045,1,train
dann,1200,bbf09fd52346c29a,1,train
dann,1201,44c01f8547735f19,1,train
dann,1202,d065fbe096f639c5,1,test
dann,1203,288864cfd396c96b,1,train
dann,1204,255e9dd9be642803,1,train
dann,1205,b210e54c2bd2937a,1,test
dann,1206,45fc1084860cb7fa,1,train
dann,1207,f262b6832c34e7fa,1,test
dann,1208,ea57fad91ba5f5c7,1,test
dann,1209,30231ebad0c2c867,1,train
dann,1210,250a58267e686c87,1,train
dann,1211,8458ecfc8fe2094b,1,train
dann,1212,a68a96d3e6f014a7,1,test
dann,1213,a0191c6b4f61f32d,1,test
dann,1214,2afc4dba8c042eba,1,train
dann,1215,c4c6479e5c042081,1,train
dann,1216,722a513debd9b1b0,1,train
dann,1217,d4dc981b0f3196dc,1,test
dann,1218,9845fa3984d72947,1,train
dann,1219,5ef8819db4b38778,1,train
dann,1220,187cf1290650d683,1,test
dann,1221,743ed873dda7f35c,1,train
dann,1222,c0bb9d6cfa04c89b,1,train
dann,1223,5ea28ad9ee5b3ef7,1,test
dann,1224,005e9f1c0b0a3e28,1,train
dann,1225,18ceba55ccfc3e8c,1,train
dann,1226,298bf0cd9174635f,1,train
dann,1227,e1131eaf1d30d5ef,1,test
dann,1228,84e2f51ea465d5fc,1,test
dann,1229,80194daf02615af1,1,train
dann,1230,2ae1bce20608ed6d,1,train
dann,1231,a287676228cffec1,1,train
dann,1232,a32a3f9dcb0df2bf,1,test
dann,1233,66b70c2e078e95ea,1,test
dann,1234,8d37b930cfee88c7,1,train
dann,1235,49f7c752e5ace3e2,1,train
dann,1236,e4a453be3f07799e,1,test
dann,1237,52b59ee73d92f3d2,1,train
dann,1238,5c79fedfb14b70eb,1,train
dann,1239,51a7faa32207e141,1,test
dann,1240,16176089460d6d4e,1,train
dann,1241,1815995d918b3929,1,test
dann,1242,84435b15256af875,1,train
dann,1243,9a9c34b2f367ecad,1,train
dann,1244,8cbc47362fcbe75e,1,train
dann,1245,b50be0908851c807,1,train
dann,1246,dfb2340056758a09,1,train
dann,1247,5d18f532fe2f9076,1,test
dann,1248,8c5481549b32ce94,1,train
dann,1249,f763fc3396fd9284,1,train
dann,1250,988ba740aa3cd99a,1,test
dann,1251,cfd34fbb925ce923,1,train
dann,1252,59a63baaeb85cd8d,1,train
dann,1253,a910846eded9bd5c,1,train
dann,1254,90e43ee48d0e238d,1,train
dann,1255,aab438a58e3059b4,1,train
dann,1256,e2b7334fed24f4cb,1,train
dann,1257,92edc655c71c242f,1,train
dann,1258,881426d67c542e9e,1,train
dann,1259,596dbe41111af750,1,train
dann,1260,a48ff7eea540d89a,1,train
dann,1261,d958f2b1dbce83ee,1,test
dann,1262,a8a65b843d788660,1,train
dann,1263,9ef0ef66ff3398e5,1,train
dann,1264,3fc797f80c9cc3ba,1,train
dann,1265,31bb9fa0d52604cc,1,test
dann,1266,3222d9c72cbfb1f2,1,train
dann,1267,d21b91d1f01a45fe,1,test
dann,1268,a1edbc0c73115a70,1,train
dann,1269,c02e8a71611736cd,1,train
dann,1270,5cb74ad06c425b5e,1,train
dann,1271,59731fd176485c3a,1,test
dann,1272,61c871318a9f19aa,1,test
dann,1273,be450d9af6fe07dd,1,test
dann,1274,2fdb05d065827633,1,test
dann,1275,8a3115cfdfdce1e7,1,train
dann,1276,b1eb143eabed9935,1,train
dann,1277,d16c1fd1fd53ca5d,1,train
dann,1278,a92075d5135c83ef,1,train
dann,1279,63a002a42074a5dc,1,test
dann,1280,3ace8d1b4a274cd0,1,test
dann,1281,192a8d8c1be7ade1,1,test
dann,1282,abd9a2599d0cefd9,1,train
dann,1283,27732933537b0ba0,1,train
dann,1284,58f80d6691b814ca,1,train
dann,1285,e52722292b7e83e0,1,test
dann,1286,78564e53a03e395a,1,train
dann,1287,923cb121c162d326,1,train
dann,1288,d5b3005271ab4d7c,1,train
dann,1289,8fd4482ee20e5eba,1,test
dann,1290,24407e7175cc8fcd,1,test
dann,1291,d16f6383295f6ca1,1,train
dann,1292,26006b982c21290e,1,train
dann,1293,2c66a2aba2a3e7fd,1,train
dann,1294,d996869e993be98b,1,train
dann,1295,c874c68e5a917a92,1,train
dann,1296,9f4d5d89c7c67e8a,1,train
dann,1297,737e56e473452424,1,train
dann,1298,a5211c8a645e98e9,1,train
dann,1299,84af32b41d61d7ec,1,train
dann,1300,ad12bd362cb8f37b,1,test
dann,1301,9ba56152d87be9a3,1,train
dann,1302,0b4971e804004628,1,train
dann,1303,ccc534563b5f4903,1,train
dann,1304,d483037819f54e7f,1,test
dann,1305,44630cf9dd54d33a,1,train
dann,1306,9ea8eb38cecad735,1,test
dann,1307,c7fc5af7d07234a1,1,test
dann,1308,77c2d4507cd8943e,1,train
dann,1309,7b13ecc023f5159d,1,train
dann,1310,854c590c943c13d9,1,test
dann,1311,84dee2a4aba65c2a,1,train
dann,1312,7c6f203ab48a4c99,1,train
dann,1313,143df580b1714511,1,test
dann,1314,a2a026d595426cec,1,train
dann,1315,f556a46b33d45ff9,1,train
dann,1316,a31fa6c3efef241d,1,test
dann,1317,cd8392b6645cb1b0,1,train
dann,1318,40790331d86ae714,1,test
dann,1319,080fb216ef237bad,1,train
dann,1320,8f2787126a213433,1,train
dann,1321,21a702ca03d9b4bd,1,test
dann,1322,a116d1fb143f641c,1,test
dann,1323,9abff980dd1d2627,1,train
dann,1324,2c4a1131faffe063,1,train
dann,1325,4cd9b862d53041af,1,test
dann,1326,8b2137c45b19d751,1,train
dann,1327,8424acbc947b8598,1,train
dann,1328,6b7e300b0f0bb76e,1,train
dann,1329,b1caeac71a46c1c7,1,train
dann,1330,292193d39bf10940,1,train
dann,1331,727228a2d6a9f33d,1,train
dann,1332,3fb0abd776231824,1,train
dann,1333,975b091c740a0207,1,train
dann,1334,c99ef337029c86dd,1,test
dann,1335,226e4c43a9dd8963,1,train
dann,1336,165e6995ffcbdc40,1,test
dann,1337,4c92bbf4c140130d,1,test
dann,1338,ad0cc69a51133fed,1,train
dann,1339,c1a00b01ac0e1156,1,train
dann,1340,875cd117f9689fab,1,test
dann,1341,df0cacd953a28e09,1,train
dann,1342,0057f0350d968016,1,train
dann,1343,68c6d20dea190d23,1,test
dann,1344,01cbad70ab2446af,1,train
dann,1345,4f465164764c85cc,1,train
dann,1346,0d30bafbe6f4ee3b,1,test
dann,1347,4634005be7431913,1,test
dann,1348,b1d3dd2b13f70429,1,train
dann,1349,67d787a9777d09cc,1,train
dann,1350,61ae51cdc57fadef,1,train
dann,1351,80d4dcff6f3985d2,1,test
dann,1352,c3ff217302f0ba54,1,train
dann,1353,1793ec749a2218d0,1,test
dann,1354,3bd3236f5b2e3674,1,train
dann,1355,76e5bcc8a9c0ca8a,1,train
dann,1356,56190c6e9538e1e9,1,train
dann,1357,eefe6562a6c7df2c,1,train
dann,1358,79ce89d47bdffb21,1,test
dann,1359,55226abf47cb164c,1,test
dann,1360,4476472fead4ca0f,1,train
dann,1361,1c3561dabd5de9b2,1,train
dann,1362,5059020cdd94d839,1,test
dann,1363,56008cb88a5ceb32,1,train
dann,1364,bafe698701f824b2,1,train
dann,1365,385ae8b97e5f9db3,1,train
dann,1366,28f37e7dfbb0f1f0,1,train
dann,1367,55520149a32c6890,1,test
dann,1368,373802d603643f26,1,train
dann,1369,c9ac0b17099db188,1,train
dann,1370,ae38bbf9b4a8d1a6,1,train
dann,1371,344636892c19ed3b,1,test
dann,1372,3a76ff5bdaca14f8,1,train
dann,1373,1e300b77ce004bd8,1,test
dann,1374,3ece688becb80c31,1,test
dann,1375,a065a19b5cd5987f,1,train
dann,1376,81734c2a5724d8c1,1,train
dann,1377,dc31e02b1ac40847,1,train
dann,1378,9680700059aed0ef,1,test
dann,1379,7b31bf0b810e60e2,1,train
dann,1380,9be731e53b8f8547,1,train
dann,1381,6ab728a6d2d36e06,1,train
dann,1382,0d7486fec5e7f30b,1,test
dann,1383,a67c07a31e9169b6,1,train
dann,1384,5acb1fab844c3ef7,1,test
dann,1385,d44d331cb674e848,1,train
dann,1386,0e6c8b66616a1766,1,train
dann,1387,f5f02f7440ff3f41,1,train
dann,1388,56ff18573313dba8,1,test
dann,1389,f04dcfa3936cd0e0,1,test
dann,1390,6a4fd245f713a99c,1,train
dann,1391,d09d04276f39f83d,1,train
dann,1392,84c9508770b96330,1,train
dann,1393,cf8150d68b0f7f16,1,test
dann,1394,575b094070bdbc1e,1,train
dann,1395,3e12c3f626200b09,1,test
dann,1396,831c0ccc04d78c38,1,train
dann,1397,9dd4a465a9c10728,1,train
dann,1398,0dcd3f8f545cb8da,1,test
dann,1399,9014015a75be2119,1,train
dann,1400,29617403325996d4,1,train
dann,1401,dd5385b7d5797606,1,train
dann,1402,55928eac84a6ed46,1,train
dann,1403,b677ac4275eb4568,1,train
dann,1404,0f4923469f3e0c08,1,train
dann,1405,0a35ebdd22cf2b83,1,train
dann,1406,9bb2d1365c946159,1,test
dann,1407,fa5a5afa330f8128,1,train
dann,1408,27c28837bbc4e648,1,train
dann,1409,3645b8cab917ffc6,1,train
dann,1410,dac7bbf98cd8bb6a,1,train
dann,1411,2aa05540d467635d,1,train
dann,1412,f6b3813bda883567,1,test
dann,1413,649774e0d027a4ea,1,test
dann,1414,2c7ca39481664553,1,train
dann,1415,647b45826810d1ca,1,train
dann,1416,17ffd09dd9ce24bc,1,test
dann,1417,f9ee55ed8713634f,1,train
dann,1418,288fa6d1dae1ff46,1,train
dann,1419,0710d9539e7b652e,1,train
dann,1420,cd164f3485770849,1,test
dann,1421,4220008971d37fed,1,train
dann,1422,084b6c0183f0b865,1,train
dann,1423,b12e08d896fcc6b8,1,train
dann,1424,bb7badf6b26ce60c,1,test
dann,1425,7bd66c0ee9c2db29,1,test
dann,1426,c4a959801454d6c8,1,test
dann,1427,b8c716c7224e47f4,1,test
dann,1428,e35939d47028c092,1,train
dann,1429,8ab876611fad6477,1,test
dann,1430,b2df5f04a092232f,1,train
dann,1431,db541d4c0cc3e04d,1,train
dann,1432,693e6beae31839eb,1,train
dann,1433,203c9d768479db67,1,train
dann,1434,fa9397a23fdf7619,1,test
dann,1435,80c72d77b9d9cd2b,1,train
dann,1436,b4a881ab8030502b,1,test
dann,1437,9c239aeb7c07d517,1,train
dann,1438,266861676a1dbaa7,1,train
dann,1439,5f2c4e17ca8b2ddc,1,train
dann,1440,b6b582c38c956f3d,1,train
dann,1441,10f37c4d1f594d6b,1,train
dann,1442,5c5260ac0012cfa8,1,train
dann,1443,3d21d5542507cb59,1,train
dann,1444,44fc7cf07bc1c0d4,1,train
dann,1445,c33f424965290884,1,test
dann,1446,1c2acafb53dae2c8,1,train
dann,1447,4f64190ea493175b,1,test
dann,1448,551c796348990412,1,test
dann,1449,e1fe3510584ec49e,1,train
dann,1450,4491cfe67e2f6d90,1,test
dann,1451,9ecd003ce9ff9814,1,train
dann,1452,9e635a189d339086,1,train
dann,1453,8eb52d474f56e406,1,train
dann,1454,ca5e0c2804707629,1,train
dann,1455,cfc02e157eb7211c,1,train
dann,1456,733e1c3527ead68e,1,train
dann,1457,e761b4ee44a121e3,1,test
dann,1458,2ec4301d84438b24,1,train
dann,1459,a46afbc70908de8f,1,train
dann,1460,6f1cc1f5ba831a06,1,train
dann,1461,0c1ef04be9746757,1,train
dann,1462,ee0635d5dae7243a,1,train
dann,1463,742b017ed97c0548,1,train
dann,1464,f0c9b3a805f90613,1,test
dann,1465,8d2871a045f8b1e2,1,test
dann,1466,82bfb2136502b61a,1,train
dann,1467,d8d02cfd0642472f,1,train
dann,1468,5ff964f596558b14,1,train
dann,1469,3f9454e9a9c812a4,1,test
dann,1470,2fd8b8b1f05c26e6,1,test
dann,1471,c81878a2cea5d3b0,1,train
dann,1472,2cdfe4104a36fa9c,1,test
dann,1473,e5a0167d2034e09d,1,train
dann,1474,9a90aed6dcbabb0f,1,train
dann,1475,4d4252ad4e19034b,1,test
dann,1476,7087f8d336c46b65,1,test
dann,1477,ad3787256512aea3,1,train
dann,1478,92a1b4e9db2397a4,1,test
dann,1479,7986f13a0c41faf9,1,test
dann,1480,fbba421b5cd815f4,1,train
dann,1481,1e86647ec855e479,1,train
dann,1482,c6da475ccf646bfd,1,test
dann,1483,a5375a92bf6cd217,1,train
dann,1484,a790c7380f0b6098,1,train
dann,1485,0cdde5dfca5b266d,1,test
dann,1486,f79b2015dfa7fc05,1,test
dann,1487,2f0323f5db9e1cdf,1,train
dann,1488,b8c58deab5ddbf1a,1,train
dann,1489,f2d51bac3e4dc3eb,1,test
dann,1490,bee5f31a2df5ee05,1,test
dann,1491,3741f8185ad958ba,1,test
dann,1492,dbb3244ad5102498,1,test
dann,1493,aa3a6a477d918529,1,train
dann,1494,2f8fa4e1ca21109e,1,train
dann,1495,a69f362759faccb2,1,train
dann,1496,068a61beaf911b35,1,test
dann,1497,d26f5d61dcf6995c,1,test
dann,1498,30b08ed51fec76d6,1,train
dann,1499,290497dc14487144,1,train
dann,1500,43614815a3ccffba,1,train
dann,1501,9b44e2135074f1b4,1,train
dann,1502,5910d347edc5fde1,1,train
dann,1503,764cb00ce4198144,1,train
dann,1504,e12595957df47a1d,1,test
dann,1505,14c0d10102b63a65,1,test
dann,1506,9516a96d9ae7c7ca,1,train
dann,1507,dd7d5605685ba646,1,test
dann,1508,82a71c779b6156f9,1,train
dann,1509,88677d8e893af6f7,1,train
dann,1510,226cbd758eaf0776,1,train
dann,1511,e1cae857d69b3ac9,1,train
dann,1512,8153ad128f393176,1,train
dann,1513,0cffe410ee343291,1,test
dann,1514,6cba477972b4b174,1,test
dann,1515,52ffda57a98b4f3b,1,train
dann,1516,cfd71c6f087d4293,1,train
dann,1517,f1add985ffa01f81,1,train
dann,1518,7b984080e29166d5,1,test
dann,1519,f666cdb9a51230ab,1,train
dann,1520,a5a5fd23ff0cce19,1,train
dann,1521,ab3f2fe915bcac54,1,train
dann,1522,c5718e5d578c0ba4,1,train
dann,1523,438e68bbc6a85301,1,train
dann,1524,c21929e7b5fa7fb8,1,test
dann,1525,e8e03dd0cf1cb42e,1,test
dann,1526,4f9cf7fc06d34353,1,test
dann,1527,93c2c1de0521505c,1,test
dann,1528,7de11ceffb4712f6,1,train
dann,1529,e5d67b6c04aacc7d,1,test
dann,1530,93a1fa67de597240,1,train
dann,1531,d389b8cbdc92c5fb,1,train
dann,1532,163e3f41eec4f958,1,train
dann,1533,d1fa840222dad16b,1,train
dann,1534,f956916b6f2b4f2f,1,train
dann,1535,862712af2b3c44a5,1,train
dann,1536,b84b332518085082,1,train
dann,1537,d7e9440ad020ad73,1,train
dann,1538,9c049afb6ebe8967,1,train
dann,1539,9b821ce14bc80872,1,test
dann,1540,f7e76e65f17c6119,1,test
dann,1541,c872e4772263f28c,1,train
dann,1542,f1b93f0f7db41f9c,1,test
dann,1543,a9c78e536aabdee6,1,train
dann,1544,6d202da316f9be62,1,train
dann,1545,f4844262add6e40e,1,train
dann,1546,7c2c63fbad2bcd74,1,train
dann,1547,b307a2d406b93215,1,train
dann,1548,1def6a1eb4c4ab1a,1,test
dann,1549,9bd06d3273c93860,1,train
dann,1550,30e104a8c5859903,1,train
dann,1551,c02b317ad408ca37,1,train
dann,1552,a30cb5af94bd81b4,1,train
dann,1553,c742145351ae722c,1,train
dann,1554,9312c2c09c09ce8b,1,test
dann,1555,de30f8518171dd4d,1,train
dann,1556,472d402d69bad096,1,train
dann,1557,64fe6a08fc4df94d,1,train
dann,1558,d48cf96fbceb47ea,1,test
dann,1559,164561d3de7fbdfb,1,train
dann,1560,e9c7016bb8e272eb,1,test
dann,1561,b5aa3d9e70e17ad2,1,test
dann,1562,f965eb5d07163a42,1,test
dann,1563,a87ff7b61944d5cf,1,test
dann,1564,b513d9851ed21dff,1,train
dann,1565,a6f4832e13f45e9d,1,train
dann,1566,3f9ed6a3e3cefc3e,1,test
dann,1567,486b53b62907e057,1,train
dann,1568,03f1fd18a2fa24b2,1,train
dann,1569,28a9d5c11cfabba2,1,train
dann,1570,7cad948e74ce2348,1,train
dann,1571,7f7fc0e103f71550,1,train
dann,1572,e866447cc18e9e61,1,test
dann,1573,8d11020a9bd40149,1,train
dann,1574,9bba2c9b698d89f6,1,test
dann,1575,508f61cc18e298df,1,train
dann,1576,ba824d50ecd58d6c,1,train
dann,1577,2d7c916a83605702,1,train
dann,1578,63cdfb94dd4005ca,1,train
dann,1579,b81c3c558ff68584,1,train
dann,1580,1b4f2b6775e18f5b,1,train
dann,1581,9e380132cd524bf8,1,train
dann,1582,90714152f622cd2d,1,train
dann,1583,a498093d7f6a431a,1,test
dann,1584,1801af42418cd202,1,train
dann,1585,b9395162c279b8fa,1,train
dann,1586,0ed4fd7f8a027bcc,1,train
dann,1587,65b3a1bc52469463,1,train
dann,1588,2c88648b8ef86805,1,test
dann,1589,cdfce9ded8b3e8f1,1,test
dann,1590,81bfd8b74066b7ff,1,train
dann,1591,5cad2107ee31af20,1,test
dann,1592,4d78f41861ed66bf,1,train
dann,1593,19d6f25b5b7f71dd,1,train
dann,1594,662984c79fa3c088,1,train
dann,1595,50c18e3c838c4105,1,train
dann,1596,508d5a35b2317a5e,1,train
dann,1597,82dba691bff2b35f,1,train
dann,1598,a421b70b4680f0dc,1,train
dann,1599,d2b8740740025039,1,test
dann,1600,822c228288082d7d,1,train
dann,1601,ddf9bd0c40718dcb,1,test
dann,1602,f6e8f27e22b2d32b,1,train
dann,1603,220ee75e3372f9e6,1,train
dann,1604,9060270d389cd295,1,train
dann,1605,8b5b74d1c3103982,1,test
dann,1606,408037fdcaa63e1b,1,train
dann,1607,bb9f145ba7a0bc48,1,train
dann,1608,dd61cb7930b332a7,1,test
dann,1609,3b0b17495121d6ad,1,test
dann,1610,30ffb45225688e47,1,train
dann,1611,1a69e88dcb7a6ac6,1,train
dann,1612,62f956d110a43588,1,test
dann,1613,454b92f556b58c5f,1,train
dann,1614,1f7c22cbf95b558c,1,train
dann,1615,9aaded097da23306,1,train
dann,1616,8315e9dda3c3882b,1,train
dann,1617,41a0e5876bdfebf2,1,train
dann,1618,982f1c092bf7ae73,1,train
dann,1619,be8da965cac298b4,1,test
dann,1620,0b27852d275ba5ca,1,test
dann,1621,25e2c96fe427440a,1,test
dann,1622,8e411838e7c6914e,1,test
dann,1623,d1ab7a2b4b7f6d89,1,train
dann,1624,4c90bfc7301da826,1,train
dann,1625,cd6564cd4396436a,1,train
dann,1626,42cafabc59f9157c,1,train
dann,1627,3a5b3f37f8a8a0ec,1,train
dann,1628,767e2f527b060cb7,1,train
dann,1629,76f9d103833c8dc2,1,train
dann,1630,33cdf2f0a401bfe7,1,test
dann,1631,c982616be2602dd1,1,train
dann,1632,b15cd2d480315020,1,test
dann,1633,1848c4f4a2672657,1,train
dann,1634,df662afa8926b527,1,train
dann,1635,5af0e8c8eb0e3bac,1,test
dann,1636,e8a454e21cb6fa46,1,train
dann,1637,e294f69905637747,1,test
dann,1638,cd478e7bb4ad49cc,1,test
dann,1639,7716154a0108eb55,1,test
dann,1640,57b904a1984b17e9,1,test
dann,1641,985fd35dd04bb01a,1,test
dann,1642,90a07173ebad2c19,1,train
dann,1643,1eb3bc659926f1c1,1,train
dann,1644,d8c1369cc8595b53,1,train
dann,1645,0b2cf0dfec1af5db,1,train
dann,1646,98d482e65dc8cd5b,1,train
dann,1647,cb6c49966ff6649a,1,train
dann,1648,cfe5e07a5670125c,1,train
dann,1649,9f2372277016500d,1,test
dann,1650,93ac81d9a1231776,1,train
dann,1651,47db9406c181db2a,1,train
dann,1652,37f36dd113da782e,1,train
dann,1653,913fc966850b9d9b,1,train
dann,1654,8e57f87649124e03,1,train
dann,1655,d7a9c50f5edb76ef,1,train
dann,1656,af75a42dd29cba54,1,train
dann,1657,7554ffe163a98331,1,train
dann,1658,ffab5b12f27d6b6e,1,train
dann,1659,8d6386b31e1a125d,1,train
dann,1660,bc7ec9db1f515232,1,test
dann,1661,abe9942cdcc9dd45,1,train
dann,1662,07e8b770f6fe56d0,1,train
dann,1663,522f2431fa64cab3,1,train
dann,1664,14fb8798b06cccbb,1,train
dann,1665,217093e5e544e3ca,1,test
dann,1666,3176cc49cd770c95,1,train
dann,1667,cfc9ebfd42e49916,1,train
dann,1668,4c4436892f34cc49,1,train
dann,1669,68419a8e7b60b572,1,test
dann,1670,c1bcd646425ff346,1,train
dann,1671,6b81dada330ca6de,1,test
dann,1672,d067640d60539ba3,1,train
dann,1673,b4e38768a46cbbd3,1,test
dann,1674,8fac8d57e2e72564,1,test
dann,1675,7163a64ecb8555d2,1,train
dann,1676,af13affbc22986b5,1,train
dann,1677,c374ab6f161f2741,1,test
dann,1678,aaba2ebd1b76a690,1,test
dann,1679,9681f8efec9d8941,1,test
dann,1680,14576e83bbcdb01a,1,train
dann,1681,ffdc4b4a22db93fe,1,train
dann,1682,ba75626e3fb0a91a,1,train
dann,1683,b14a441e8e95f26d,1,train
dann,1684,ccad61b985c7da82,1,train
dann,1685,1255b6def9af6447,1,train
dann,1686,6cc28bf56127bbd3,1,train
dann,1687,17bc48ca49e0d39c,1,train
dann,1688,b4cbf4439a080abb,1,train
dann,1689,bb08bbee08520a23,1,train
dann,1690,2bde8189fee40da4,1,train
dann,1691,f098d5e9a13cd5a1,1,train
dann,1692,51bd5ce8bb98d7d9,1,train
dann,1693,cc21308e5ec29042,1,train
dann,1694,bc09e890a0b1f5a0,1,train
dann,1695,5a8501ae92104a5b,1,test
dann,1696,87c5689e704eeffc,1,train
dann,1697,e0c241f64f7cfa76,1,train
dann,1698,188c0cabc7194b6c,1,train
dann,1699,9b076c880779e903,1,train
dann,1700,41ab30a9177b79c7,1,test
dann,1701,8528ac82e51dede7,1,train
dann,1702,91e00ff6d42ac97a,1,train
dann,1703,070f852e07c14237,1,train
dann,1704,bcb6d09772108b0c,1,train
dann,1705,0efb2f8a4a70efbd,1,test
dann,1706,16c7269371d79c0a,1,train
dann,1707,5903bff2e3ab0192,1,train
dann,1708,34e34aba5f983a21,1,train
dann,1709,1dc6f78f1a27a720,1,train
dann,1710,e95de2645029426e,1,train
dann,1711,8f1f4026eee69fe3,1,train
dann,1712,6c3ff1911e66899f,1,test
dann,1713,c327cf79657eaee1,1,train
dann,1714,a4ee58b97d597918,1,train
dann,1715,7573b144b252b322,1,train
dann,1716,5733974e0ba2048e,1,test
dann,1717,4348e24c933f61f7,1,train
dann,1718,e2c5dc5746bf6173,1,train
dann,1719,3857161f9fd1ca5e,1,train
dann,1720,1bea4210db6f2a59,1,train
dann,1721,64c69888636fbe50,1,train
dann,1722,9a18c7d79c67019e,1,train
dann,1723,869cc896924a222b,1,train
dann,1724,4f0a44fbde06a650,1,train
dann,1725,908048df530d7544,1,test
dann,1726,27eb11b20b75cced,1,train
dann,1727,00efc7fb273250ea,1,train
dann,1728,dbe2be9ad2dab538,1,train
dann,1729,044d6c338d43f64c,1,train
dann,1730,350bb827e1c25778,1,train
dann,1731,0aeec14b63b6d736,1,train
dann,1732,ba2c55a6f0a57474,1,test
dann,1733,21e96a3511f5bda8,1,test
dann,1734,e755d579cae918ee,1,train
dann,1735,4d7383f6c538ac89,1,train
dann,1736,638ac77720ecef14,1,train
dann,1737,6e391800bb6f08b8,1,test
dann,1738,38450f5f5ad8dfc9,1,train
dann,1739,e8d37971c2ee3bd8,1,train
dann,1740,a76d792c481c8882,1,train
dann,1741,48c45e724d5756d1,1,test
dann,1742,df90435ab7412855,1,train
dann,1743,d568139a8151f789,1,train
dann,1744,10e54e4590a5027d,1,train
dann,1745,7cf2e7d8f42c861d,1,train
dann,1746,05d217fdc4eae87b,1,test
dann,1747,a74e7343cfb1e89d,1,train
dann,1748,340129f9d013837d,1,train
dann,1749,8c89624c88b5aad7,1,test
dann,1750,865f3fc5c12ba5d4,1,train
dann,1751,e51424b1670c3838,1,train
dann,1752,c9fa5319c594f99f,1,test
dann,1753,09eb59cb05f3c5a2,1,train
dann,1754,eb5b4132effd67f0,1,test
dann,1755,2981df66c2a092fd,1,test
dann,1756,246b2e3afa2f64e0,1,train
dann,1757,c5844330ee2a54b3,1,train
dann,1758,7be25573a6147c5d,1,train
dann,1759,87f7bf79f8f53a97,1,train
dann,1760,fbe211d924cbecda,1,test
dann,1761,c99e01cad1787731,1,test
dann,1762,9c9598b3d9ce9597,1,train
dann,1763,fc374d5d4ae6c04e,1,train
dann,1764,04cda8095a4fce2e,1,train
dann,1765,c769c0acc08b4390,1,train
dann,1766,7f438e86e785985a,1,test
dann,1767,e152ce100dcfebda,1,train
dann,1768,551dde1e1f2e58ac,1,train
dann,1769,4b631e2b984f36d1,1,train
dann,1770,310882c4bb81b76c,1,test
dann,1771,b33399465311134e,1,train
dann,1772,6b1c2b8fd6e38b87,1,train
dann,1773,9db22bc77b4dbb9e,1,train
dann,1774,05fae43caa5e11fc,1,train
dann,1775,570e3be635ede83a,1,train
dann,1776,bc8d8f9d1ce62516,1,train
dann,1777,bf912bc96f19e381,1,train
dann,1778,4f2fe2d47229c9d1,1,train
dann,1779,5405627b4a8c5c9b,1,train
dann,1780,022db2a7c6992747,1,test
dann,1781,33fb245869adff80,1,train
dann,1782,6a132b9dfb57eaa1,1,test
dann,1783,33ec793a7b497368,1,train
dann,1784,9dcc6218d7b36b7b,1,train
dann,1785,29356bf78e241847,1,train
dann,1786,599db55113c7081c,1,train
dann,1787,e98cd596c887bfe8,1,train
dann,1788,28b9869a2955b6c0,1,train
dann,1789,f858add8d03d5e69,1,train
dann,1790,95188e87fbe1f592,1,test
dann,1791,d6b8c1e2e1b405be,1,train
dann,1792,e75620e490e49097,1,train
dann,1793,c9e15dd7f3480d3a,1,test
dann,1794,eeb0c3edc0661ca6,1,train
dann,1795,752cfa1a39c185c9,1,train
dann,1796,da6cfac7a19e10e4,1,train
dann,1797,bd6d3e28644516cf,1,train
dann,1798,7a2fe50d8ead6b9c,1,train
dann,1799,37967efe505ed3f2,1,train
dann,1800,f04b22529c562479,1,test
dann,1801,f7ee12148c92e0de,1,test
dann,1802,d8bf90cd95a3f2ad,1,test
dann,1803,b90461bd9254b19f,1,test
dann,1804,b71f5c9bf5797617,1,train
dann,1805,5a9466e7213003a7,1,train
dann,1806,82b7b30f62e02004,1,test
dann,1807,cd2636bec02ecc9f,1,train
dann,1808,1ae995f287fcaec9,1,test
dann,1809,1f0fca22d8da76d4,1,train
dann,1810,c21dbd8f68477a17,1,train
dann,1811,fec50eef260cb29c,1,train
dann,1812,3683d4d970006a1b,1,train
dann,1813,5eaadc2985d91902,1,test
dann,1814,40d5c23eccac1e16,1,train
dann,1815,117ab8391d830d4b,1,train
dann,1816,ebb08477e16f99d0,1,train
dann,1817,9f69fac98b517606,1,train
dann,1818,a6eda8a6d78e5530,1,train
dann,1819,30cb33f63514810d,1,train
dann,1820,74ab83b3d3db013d,1,train
dann,1821,a0d5b151252e356d,1,train
dann,1822,b23cb43da41446cd,1,train
dann,1823,09fd84f223fada37,1,test
dann,1824,691b85bc0a45bcb7,1,test
dann,1825,ec8a8332fd452dd9,1,train
dann,1826,171a34fbd721ee43,1,test
dann,1827,277258de1831e005,1,test
dann,1828,bcd6e440efec82b5,1,test
dann,1829,2bf34ecfc182179e,1,train
dann,1830,358357740cc65699,1,train
dann,1831,6a4a8e17fa1ba81e,1,train
dann,1832,713f5a43c5d5f889,1,train
dann,1833,1b5bcd8bc57696bd,1,train
dann,1834,9805c64685d23777,1,train
dann,1835,6d9d957395912517,1,train
dann,1836,e84e47e83d1aa43f,1,test
dann,1837,94bbff7707537f4a,1,train
dann,1838,e5c8f884951b92d7,1,train
dann,1839,33fe172a4f0fd089,1,train
dann,1840,8a4fb07df3c59191,1,train
dann,1841,2d509550f629b181,1,test
dann,1842,806bf3051b9b9d54,1,test
dann,1843,3e2fbcc20995a2a5,1,test
dann,1844,58dab74f6636103c,1,train
dann,1845,4c9c07e6f4736f15,1,train
dann,1846,cf3b1b74a8ad979b,1,train
dann,1847,9e5f804af94fe342,1,test
dann,1848,d94e83baa17b30b8,1,train
dann,1849,3a87d82414f72a84,1,train
dann,1850,5702997a5024511a,1,train
dann,1851,092ec0eed0b2a31f,1,train
dann,1852,7e7c33efc60d3bc4,1,train
dann,1853,bf98de801f6981f8,1,train
dann,1854,859588e496d103b0,1,test
dann,1855,c0a96602557a265f,1,train
dann,1856,84ce485280f8fa97,1,train
dann,1857,a13fe86db0bbfcb0,1,test
dann,1858,f4c60ff1e067ca8a,1,train
dann,1859,88af56b029ef4615,1,train
dann,1860,505a1c194adc9ee2,1,train
dann,1861,67514916d682a277,1,test
dann,1862,147d40ea5066e3e0,1,train
dann,1863,617039d656b9d668,1,train
dann,1864,24bde8fe3d3743b3,1,test
dann,1865,661241f9cf2a9b7c,1,train
dann,1866,43d4344f21d233c4,1,test
dann,1867,ad5c3225f0205048,1,train
dann,1868,0f3e88e74fc3842f,1,train
dann,1869,612cb79c6a332e07,1,train
dann,1870,111040cf94023809,1,train
dann,1871,0feff72fb8c06173,1,test
dann,1872,762c7c459e9da299,1,test
dann,1873,30e271cacc46afe7,1,train
dann,1874,83f6edb863edebab,1,train
dann,1875,4f98afecefc43087,1,train
dann,1876,0ad50324f90aa4fe,1,train
dann,1877,a20d64aa796ab0c1,1,train
dann,1878,250af1581f2701d8,1,test
dann,1879,6e28e81d0331621e,1,train
dann,1880,c5aada42a16e457a,1,test
dann,1881,c082b53b336727b1,1,test
dann,1882,a218b08080861621,1,train
dann,1883,0f6948e4b36eedd6,1,train
dann,1884,c8d2edbc8bdc20cd,1,train
dann,1885,b2d10309fa01acd3,1,train
dann,1886,31733658ef666a1d,1,train
dann,1887,3586ae636359e1ab,1,train
dann,1888,788d22c87baa8c75,1,train
dann,1889,3669e06c908e0086,1,train
dann,1890,cab690bb589962bc,1,test
dann,1891,be4d34947f6bbce2,1,train
dann,1892,805d788243136afc,1,train
dann,1893,73adec485e6e9537,1,train
dann,1894,e15e976c6a627b91,1,test
dann,1895,c3dca934512e1f8f,1,test
dann,1896,4b8aa96cd0f4005c,1,train
dann,1897,48e26a560336bc1f,1,train
dann,1898,af571b61336bef96,1,train
dann,1899,ddf5f24e267aa3e3,1,test
dann,1900,3fdd380e7a9f0c15,1,train
dann,1901,0e6a558cc8641eca,1,train
dann,1902,adc6ba6aa18f4224,1,train
dann,1903,ba101ef34c8010f3,1,test
dann,1904,930eaa9a1a9a9b73,1,test
dann,1905,8a2a5183b8320420,1,train
dann,1906,22371a1ebb60d262,1,train
dann,1907,afe68e59541266be,1,test
dann,1908,2acf87d5ebde5558,1,train
dann,1909,3d3dba3e18594196,1,train
dann,1910,de90c1082edd3e68,1,train
dann,1911,91a07020e15f18ad,1,train
dann,1912,e5282ab07a793f8d,1,train
dann,1913,fa6ffd293400e241,1,train
dann,1914,d49ef24aaebf8c28,1,train
dann,1915,f5e9fbeb1dd9fd2e,1,train
dann,1916,84585f518a3bbb71,1,train
dann,1917,8ec91d84865929d0,1,train
dann,1918,55dd45cb69d01856,1,test
dann,1919,71c9f5be3e15e932,1,train
dann,1920,6ba928dfc3f8fe8a,1,train
dann,1921,94928455cb0dd4fc,1,test
dann,1922,ac72d5a32e08f9cf,1,train
dann,1923,7b8674d762809065,1,test
dann,1924,8f17e5ef1a00b7f3,1,test
dann,1925,768798d65ef10bd0,1,train
dann,1926,4b860d4237ce74f4,1,train
dann,1927,61feb87eba6b131f,1,test
dann,1928,00afef4d0da7c581,1,train
dann,1929,ea3546cad0886b57,1,train
dann,1930,8d3a5328c519708a,1,train
dann,1931,6b22558648f02039,1,train
dann,1932,51eccb0f9bff6f55,1,train
dann,1933,7ae2725a3fb1a670,1,train
dann,1934,456e3e14e818d396,1,test
dann,1935,1ab55e1b8fadad03,1,test
dann,1936,f0669778306dc5bb,1,train
dann,1937,372e0a8c6600eeed,1,test
dann,1938,e7c1fe6c260aa6c7,1,train
dann,1939,5ccb1adc0c9844a6,1,train
dann,1940,c8c5ad343596e65b,1,test
dann,1941,401548a29941d95f,1,train
dann,1942,04e95a95c99aa6b8,1,train
dann,1943,385de1fd21b8bde9,1,train
dann,1944,ecbb78c390153db4,1,train
dann,1945,02c86bd92efc0331,1,test
dann,1946,ec95b8b65943e7d7,1,train
dann,1947,fc55b59beb535547,1,train
dann,1948,885282f41f38d035,1,train
dann,1949,6446c1d604bc35c5,1,train
dann,1950,986bc781edf7fe2f,1,train
dann,1951,1bc492d444bba04c,1,test
dann,1952,18d011dcecf5b939,1,test
dann,1953,f38dfbf56dbda295,1,test
dann,1954,9c10608de531c982,1,train
dann,1955,9e834479e12f81a5,1,test
dann,1956,a9152cdd98fbb947,1,test
dann,1957,3947646ac5eb6bbc,1,test
dann,1958,52bcbb348dfeb9b9,1,train
dann,1959,66c0e1f5e04424c1,1,test
dann,1960,8633eaef4712d52d,1,train
dann,1961,10a03910be90e71f,1,train
dann,1962,48507734b68dec10,1,train
dann,1963,943e0554caaa5ac6,1,test
dann,1964,434482c2f3ccdd02,1,train
dann,1965,ec8cc6cad56aae44,1,train
dann,1966,4a812d61edf0fc70,1,train
dann,1967,7380a838cf7e7458,1,train
dann,1968,1705f0c1d30e1134,1,train
dann,1969,e0934e5bf3b557af,1,train
dann,1970,e6956349c15097a7,1,train
dann,1971,f674203a0ac0c2bd,1,train
dann,1972,29ee5bb526094f68,1,train
dann,1973,8d50bbd15d220c46,1,train
dann,1974,8a20d11b229ef8dd,1,test
dann,1975,85c2218fdc8eb677,1,train
dann,1976,ecb91bc96a92dbf4,1,train
dann,1977,5e43c3240478049d,1,test
dann,1978,d074176b47f9bc23,1,test
dann,1979,733f04ec2276a3e3,1,test
dann,1980,102918a6eb0ee617,1,train
dann,1981,3aae1298a73e0d22,1,train
dann,1982,ae3299a31600c77d,1,test
dann,1983,3828da7b509efe4e,1,test
dann,1984,0d0b204ebf913d15,1,train
dann,1985,389ce630dad1b694,1,train
dann,1986,13c0a50dff6e52fc,1,test
dann,1987,61d498fda20a3f7e,1,train
dann,1988,4d46c2b3f433e739,1,train
dann,1989,28191ca1f373d2aa,1,train
dann,1990,b523bf6d61ac396f,1,train
dann,1991,026e240f17ddfdda,1,train
dann,1992,b08366acb2f4690c,1,train
dann,1993,ea3efcc68933cf6f,1,test
dann,1994,5bdd31261827f161,1,train
dann,1995,8b529585ed918f2f,1,train
dann,1996,6066a53e9d660eba,1,train
dann,1997,37d9c8ca4ab2fb2d,1,train
dann,1998,94c54b3e27e1a4f1,1,train
dann,1999,16c0747c6c88e3b0,1,test
dann,2000,77b18f59bc82e901,1,train
dann,2001,8abec3f7034dae17,1,train
dann,2002,d3532debbbbb40d1,1,train
dann,2003,782db9cce06e6462,1,train
source_only,0,photo/dog/056_0058.jpg,0,train
source_only,1,photo/person/253_0174.jpg,0,train
source_only,2,photo/giraffe/n02439033_1508.jpg,0,test
source_only,3,photo/giraffe/n02439033_14872.jpg,0,test
source_only,4,photo/guitar/063_0053.jpg,0,train
source_only,5,photo/dog/056_0095.jpg,0,train
source_only,6,photo/guitar/063_0079.jpg,0,train
source_only,7,photo/giraffe/084_0047.jpg,0,train
source_only,8,photo/giraffe/n02439033_10919.jpg,0,test
source_only,9,photo/person/253_0382.jpg,0,train
source_only,10,photo/house/pic_173.jpg,0,test
source_only,11,photo/person/253_0063.jpg,0,train
source_only,12,photo/house/pic_106.jpg,0,train
source_only,13,photo/house/pic_144.jpg,0,train
source_only,14,photo/dog/056_0090.jpg,0,train
source_only,15,photo/person/253_0193.jpg,0,test
source_only,16,photo/person/253_0323.jpg,0,test
source_only,17,photo/person/253_0429.jpg,0,train
source_only,18,photo/person/253_0248.jpg,0,train
source_only,19,photo/horse/n02374451_18570.jpg,0,train
source_only,20,photo/guitar/n03272010_6820.jpg,0,test
source_only,21,photo/person/253_0310.jpg,0,train
source_only,22,photo/person/253_0146.jpg,0,test
source_only,23,photo/house/pic_005.jpg,0,test
source_only,24,photo/person/253_0300.jpg,0,train
source_only,25,photo/dog/056_0068.jpg,0,train
source_only,26,photo/horse/n02374451_13718.jpg,0,train
source_only,27,photo/dog/n02103406_1599.jpg,0,test
source_only,28,photo/guitar/063_0107.jpg,0,test
source_only,29,photo/elephant/064_0111.jpg,0,train
source_only,30,photo/giraffe/084_0011.jpg,0,train
source_only,31,photo/house/pic_259.jpg,0,train
source_only,32,photo/house/pic_161.jpg,0,train
source_only,33,photo/dog/n02103406_5505.jpg,0,test
source_only,34,photo/house/pic_280.jpg,0,test
source_only,35,photo/person/253_0034.jpg,0,train
source_only,36,photo/horse/105_0030.jpg,0,train
source_only,37,photo/elephant/064_0044.jpg,0,train
source_only,38,photo/person/253_0166.jpg,0,train
source_only,39,photo/horse/105_0106.jpg,0,train
source_only,40,photo/guitar/063_0001.jpg,0,test
source_only,41,photo/giraffe/n02439033_11059.jpg,0,train
source_only,42,photo/elephant/n02503517_1453.jpg,0,train
source_only,43,photo/house/pic_278.jpg,0,train
source_only,44,photo/person/253_0273.jpg,0,train
source_only,45,photo/guitar/063_0038.jpg,0,test
source_only,46,photo/person/253_0147.jpg,0,test
source_only,47,photo/guitar/063_0052.jpg,0,train
source_only,48,photo/elephant/064_0127.jpg,0,train
source_only,49,photo/house/pic_160.jpg,0,train
source_only,50,photo/horse/105_0059.jpg,0,train
source_only,51,photo/dog/056_0084.jpg,0,train
source_only,52,photo/giraffe/n02439033_11114.jpg,0,train
source_only,53,photo/person/253_0058.jpg,0,train
source_only,54,photo/horse/n02374451_925.jpg,0,test
source_only,55,photo/elephant/n02503517_6479.jpg,0,train
source_only,56,photo/person/253_0327.jpg,0,train
source_only,57,photo/horse/105_0266.jpg,0,train
source_only,58,photo/giraffe/n02439033_14846.jpg,0,train
source_only,59,photo/horse/n02374451_1443.jpg,0,train
source_only,60,photo/elephant/064_0062.jpg,0,test
source_only,61,photo/house/pic_034.jpg,0,train
source_only,62,photo/person/253_0277.jpg,0,test
source_only,63,photo/person/253_0290.jpg,0,train
source_only,64,photo/house/pic_206.jpg,0,train
source_only,65,photo/house/pic_038.jpg,0,test
source_only,66,photo/dog/056_0050.jpg,0,train
source_only,67,photo/person/253_0006.jpg,0,train
source_only,68,photo/horse/105_0067.jpg,0,train
source_only,69,photo/horse/105_0066.jpg,0,test
source_only,70,photo/dog/056_0052.jpg,0,train
source_only,71,photo/person/253_0395.jpg,0,test
source_only,72,photo/person/253_0015.jpg,0,train
source_only,73,photo/house/pic_050.jpg,0,train
source_only,74,photo/dog/056_0080.jpg,0,test
source_only,75,photo/elephant/064_0120.jpg,0,train
source_only,76,photo/guitar/063_0074.jpg,0,test
source_only,77,photo/person/253_0187.jpg,0,train
source_only,78,photo/giraffe/084_0012.jpg,0,test
source_only,79,photo/elephant/n02503517_4247.jpg,0,test
source_only,80,photo/person/253_0221.jpg,0,train
source_only,81,photo/person/253_0024.jpg,0,test
source_only,82,photo/elephant/n02503517_10193.jpg,0,train
source_only,83,photo/person/253_0074.jpg,0,train
source_only,84,photo/horse/n02374451_1234.jpg,0,train
source_only,85,photo/house/pic_195.jpg,0,test
source_only,86,photo/elephant/064_0024.jpg,0,test
source_only,87,photo/elephant/064_0008.jpg,0,test
source_only,88,photo/person/253_0301.jpg,0,train
source_only,89,photo/person/253_0084.jpg,0,train
source_only,90,photo/elephant/064_0016.jpg,0,train
source_only,91,photo/guitar/063_0067.jpg,0,train
source_only,92,photo/dog/056_0029.jpg,0,test
source_only,93,photo/person/253_0097.jpg,0,test
source_only,94,photo/elephant/n02503517_8901.jpg,0,train
source_only,95,photo/elephant/n02503517_5527.jpg,0,train
source_only,96,photo/guitar/063_0108.jpg,0,train
source_only,97,photo/person/253_0131.jpg,0,train
source_only,98,photo/house/pic_172.jpg,0,train
source_only,99,photo/guitar/063_0046.jpg,0,test
source_only,100,photo/person/253_0374.jpg,0,train
source_only,101,photo/guitar/063_0087.jpg,0,train
source_only,102,photo/guitar/n02676566_6704.jpg,0,test
source_only,103,photo/giraffe/n02439033_991.jpg,0,train
source_only,104,photo/guitar/063_0090.jpg,0,train
source_only,105,photo/house/pic_073.jpg,0,test
source_only,106,photo/horse/n02374451_17474.jpg,0,train
source_only,107,photo/horse/n02374451_54.jpg,0,test
source_only,108,photo/horse/105_0134.jpg,0,train
source_only,109,photo/person/253_0049.jpg,0,train
source_only,110,photo/house/pic_017.jpg,0,train
source_only,111,photo/dog/n02103406_4916.jpg,0,train
source_only,112,photo/horse/n02374451_2248.jpg,0,train
source_only,113,photo/elephant/064_0004.jpg,0,test
source_only,114,photo/elephant/064_0125.jpg,0,train
source_only,115,photo/guitar/063_0009.jpg,0,train
source_only,116,photo/house/pic_104.jpg,0,train
source_only,117,photo/elephant/064_0070.jpg,0,test
source_only,118,photo/guitar/n02676566_4189.jpg,0,train
source_only,119,photo/person/253_0294.jpg,0,train
source_only,120,photo/house/pic_224.jpg,0,test
source_only,121,photo/giraffe/084_0029.jpg,0,test
source_only,122,photo/person/253_0153.jpg,0,train
source_only,123,photo/guitar/n03272010_7390.jpg,0,train
source_only,124,photo/dog/n02103406_6530.jpg,0,test
source_only,125,photo/person/253_0338.jpg,0,test
source_only,126,photo/giraffe/n02439033_11627.jpg,0,train
source_only,127,photo/house/pic_028.jpg,0,test
source_only,128,photo/elephant/n02503517_5418.jpg,0,train
source_only,129,photo/dog/056_0071.jpg,0,train
source_only,130,photo/person/253_0256.jpg,0,train
source_only,131,photo/house/pic_067.jpg,0,test
source_only,132,photo/house/pic_145.jpg,0,train
source_only,133,photo/person/253_0021.jpg,0,train
source_only,134,photo/elephant/n02503517_4605.jpg,0,test
source_only,135,photo/elephant/064_0039.jpg,0,train
source_only,136,photo/horse/n02374451_16358.jpg,0,train
source_only,137,photo/horse/n02374451_8526.jpg,0,test
source_only,138,photo/dog/056_0062.jpg,0,train
source_only,139,photo/guitar/n03272010_7092.jpg,0,train
source_only,140,photo/horse/105_0007.jpg,0,train
source_only,141,photo/horse/105_0206.jpg,0,train
source_only,142,photo/person/253_0281.jpg,0,train
source_only,143,photo/house/pic_015.jpg,0,train
source_only,144,photo/giraffe/084_0074.jpg,0,test
source_only,145,photo/house/pic_058.jpg,0,train
source_only,146,photo/dog/n02103406_5456.jpg,0,train
source_only,147,photo/house/pic_112.jpg,0,test
source_only,148,photo/person/253_0130.jpg,0,test
source_only,149,photo/house/pic_260.jpg,0,train
source_only,150,photo/horse/n02374451_8744.jpg,0,train
source_only,151,photo/giraffe/n02439033_12413.jpg,0,test
source_only,152,photo/house/pic_225.jpg,0,train
source_only,153,photo/elephant/064_0045.jpg,0,test
source_only,154,photo/person/253_0123.jpg,0,train
source_only,155,photo/guitar/n03467517_22785.jpg,0,test
source_only,156,photo/elephant/064_0074.jpg,0,train
source_only,157,photo/elephant/064_0072.jpg,0,test
source_only,158,photo/house/pic_175.jpg,0,train
source_only,159,photo/person/253_0348.jpg,0,train
source_only,160,photo/giraffe/n02439033_10453.jpg,0,train
source_only,161,photo/person/253_0354.jpg,0,test
source_only,162,photo/person/253_0422.jpg,0,train
source_only,163,photo/horse/n02374451_4795.jpg,0,train
source_only,164,photo/dog/n02103406_3538.jpg,0,test
source_only,165,photo/person/253_0141.jpg,0,test
source_only,166,photo/guitar/n03467517_23229.jpg,0,test
source_only,167,photo/elephant/064_0115.jpg,0,train
source_only,168,photo/house/pic_004.jpg,0,train
source_only,169,photo/horse/n02374451_9064.jpg,0,train
source_only,170,photo/person/253_0082.jpg,0,train
source_only,171,photo/horse/n02374451_9892.jpg,0,test
source_only,172,photo/horse/105_0115.jpg,0,train
source_only,173,photo/elephant/n02503517_7020.jpg,0,train
source_only,174,photo/elephant/064_0130.jpg,0,train
source_only,175,photo/dog/056_0073.jpg,0,train
source_only,176,photo/giraffe/n02439033_11683.jpg,0,train
source_only,177,photo/giraffe/084_0060.jpg,0,train
source_only,178,photo/guitar/063_0050.jpg,0,train
source_only,179,photo/person/253_0242.jpg,0,test
source_only,180,photo/person/253_0195.jpg,0,test
source_only,181,photo/elephant/n02503517_3803.jpg,0,train
source_only,182,photo/person/253_0287.jpg,0,train
source_only,183,photo/horse/105_0207.jpg,0,train
source_only,184,photo/person/253_0253.jpg,0,train
source_only,185,photo/guitar/063_0024.jpg,0,train
source_only,186,photo/person/253_0247.jpg,0,train
source_only,187,photo/house/pic_188.jpg,0,test
source_only,188,photo/elephant/n02503517_8571.jpg,0,train
source_only,189,photo/person/253_0105.jpg,0,test
source_only,190,photo/horse/n02374451_11492.jpg,0,train
source_only,191,photo/house/pic_184.jpg,0,train
source_only,192,photo/house/pic_235.jpg,0,train
source_only,193,photo/person/253_0423.jpg,0,test
source_only,194,photo/guitar/063_0095.jpg,0,test
source_only,195,photo/guitar/n02676566_7830.jpg,0,train
source_only,196,photo/person/253_0045.jpg,0,train
source_only,197,photo/person/253_0299.jpg,0,test
source_only,198,photo/person/253_0139.jpg,0,train
source_only,199,photo/person/253_0104.jpg,0,train
source_only,200,photo/horse/105_0199.jpg,0,train
source_only,201,photo/person/253_0145.jpg,0,train
source_only,202,photo/person/253_0102.jpg,0,test
source_only,203,photo/house/pic_054.jpg,0,train
source_only,204,photo/person/253_0386.jpg,0,train
source_only,205,photo/person/253_0033.jpg,0,test
source_only,206,photo/dog/056_0010.jpg,0,test
source_only,207,photo/person/253_0417.jpg,0,test
source_only,208,photo/giraffe/n02439033_10164.jpg,0,test
source_only,209,photo/person/253_0106.jpg,0,train
source_only,210,photo/person/253_0128.jpg,0,train
source_only,211,photo/horse/n02374451_14119.jpg,0,test
source_only,212,photo/dog/n02103406_3964.jpg,0,train
source_only,213,photo/dog/n02106662_1922.jpg,0,test
source_only,214,photo/giraffe/084_0059.jpg,0,test
source_only,215,photo/person/253_0361.jpg,0,train
source_only,216,photo/horse/105_0048.jpg,0,train
source_only,217,photo/horse/n02374451_7631.jpg,0,train
source_only,218,photo/giraffe/n02439033_10130.jpg,0,test
source_only,219,photo/guitar/n03467517_12925.jpg,0,train
source_only,220,photo/person/253_0095.jpg,0,train
source_only,221,photo/house/pic_090.jpg,0,test
source_only,222,photo/house/pic_080.jpg,0,train
source_only,223,photo/giraffe/084_0028.jpg,0,train
source_only,224,photo/elephant/n02503517_6880.jpg,0,train
source_only,225,photo/dog/n02103406_2954.jpg,0,train
source_only,226,photo/person/253_0211.jpg,0,train
source_only,227,photo/dog/056_0042.jpg,0,test
source_only,228,photo/guitar/063_0084.jpg,0,train
source_only,229,photo/giraffe/n02439033_14148.jpg,0,test
source_only,230,photo/person/253_0017.jpg,0,test
source_only,231,photo/person/253_0267.jpg,0,train
source_only,232,photo/elephant/064_0012.jpg,0,train
source_only,233,photo/house/pic_250.jpg,0,train
source_only,234,photo/giraffe/084_0077.jpg,0,train
source_only,235,photo/person/253_0311.jpg,0,train
source_only,236,photo/elephant/064_0114.jpg,0,train
source_only,237,photo/dog/n02106662_27393.jpg,0,train
source_only,238,photo/horse/n02374451_503.jpg,0,train
source_only,239,photo/house/pic_279.jpg,0,train
source_only,240,photo/dog/n02103406_8280.jpg,0,train
source_only,241,photo/horse/n02374451_10098.jpg,0,train
source_only,242,photo/person/253_0405.jpg,0,train
source_only,243,photo/guitar/n02676566_8997.jpg,0,train
source_only,244,photo/horse/n02374451_14738.jpg,0,train
source_only,245,photo/giraffe/084_0020.jpg,0,train
source_only,246,photo/guitar/063_0041.jpg,0,train
source_only,247,photo/person/253_0050.jpg,0,train
source_only,248,photo/horse/105_0103.jpg,0,train
source_only,249,photo/house/pic_234.jpg,0,test
source_only,250,photo/elephant/064_0011.jpg,0,train
source_only,251,photo/guitar/n03272010_9557.jpg,0,train
source_only,252,photo/dog/056_0043.jpg,0,train
source_only,253,photo/horse/n02374451_10761.jpg,0,test
source_only,254,photo/person/253_0278.jpg,0,train
source_only,255,photo/giraffe/n02439033_5652.jpg,0,test
source_only,256,photo/person/253_0434.jpg,0,train
source_only,257,photo/house/pic_046.jpg,0,train
source_only,258,photo/person/253_0055.jpg,0,train
source_only,259,photo/giraffe/n02439033_13602.jpg,0,test
source_only,260,photo/house/pic_130.jpg,0,train
source_only,261,photo/house/pic_097.jpg,0,test
source_only,262,photo/dog/n02103406_3132.jpg,0,train
source_only,263,photo/dog/056_0075.jpg,0,train
source_only,264,photo/guitar/063_0035.jpg,0,train
source_only,265,photo/house/pic_049.jpg,0,train
source_only,266,photo/house/pic_165.jpg,0,train
source_only,267,photo/elephant/n02503517_9827.jpg,0,train
source_only,268,photo/giraffe/n02439033_9472.jpg,0,test
source_only,269,photo/person/253_0232.jpg,0,test
source_only,270,photo/horse/105_0260.jpg,0,test
source_only,271,photo/house/pic_094.jpg,0,test
source_only,272,photo/dog/056_0082.jpg,0,train
source_only,273,photo/elephant/n02503517_8904.jpg,0,test
source_only,274,photo/house/pic_281.jpg,0,test
source_only,275,photo/dog/056_0030.jpg,0,test
source_only,276,photo/house/pic_229.jpg,0,train
source_only,277,photo/elephant/n02503517_184.jpg,0,train
source_only,278,photo/person/253_0176.jpg,0,train
source_only,279,photo/house/pic_146.jpg,0,train
source_only,280,photo/guitar/063_0089.jpg,0,train
source_only,281,photo/person/253_0196.jpg,0,train
source_only,282,photo/giraffe/n02439033_12987.jpg,0,test
source_only,283,photo/giraffe/n02439033_11715.jpg,0,train
source_only,284,photo/dog/n02103406_371.jpg,0,test
source_only,285,photo/house/pic_069.jpg,0,train
source_only,286,photo/house/pic_092.jpg,0,train
source_only,287,photo/person/253_0324.jpg,0,test
source_only,288,photo/dog/056_0009.jpg,0,train
source_only,289,photo/person/253_0014.jpg,0,train
source_only,290,photo/person/253_0246.jpg,0,test
source_only,291,photo/horse/105_0076.jpg,0,train
source_only,292,photo/guitar/063_0048.jpg,0,train
source_only,293,photo/dog/n02109525_12875.jpg,0,test
source_only,294,photo/person/253_0266.jpg,0,test
source_only,295,photo/guitar/063_0093.jpg,0,test
source_only,296,photo/elephant/n02503517_564.jpg,0,train
source_only,297,photo/house/pic_117.jpg,0,train
source_only,298,photo/giraffe/n02439033_11504.jpg,0,train
source_only,299,photo/dog/056_0048.jpg,0,train
source_only,300,photo/guitar/n02676566_7844.jpg,0,train
source_only,301,photo/guitar/063_0022.jpg,0,train
source_only,302,photo/giraffe/n02439033_12680.jpg,0,test
source_only,303,photo/horse/105_0008.jpg,0,test
source_only,304,photo/dog/n02103406_5035.jpg,0,train
source_only,305,photo/elephant/n02503517_6032.jpg,0,test
source_only,306,photo/dog/n02106662_11133.jpg,0,train
source_only,307,photo/house/pic_113.jpg,0,train
source_only,308,photo/person/253_0170.jpg,0,train
source_only,309,photo/elephant/n02503517_753.jpg,0,train
source_only,310,photo/giraffe/n02439033_16483.jpg,0,train
source_only,311,photo/person/253_0296.jpg,0,test
source_only,312,photo/giraffe/084_0042.jpg,0,train
source_only,313,photo/house/pic_111.jpg,0,train
source_only,314,photo/guitar/063_0010.jpg,0,train
source_only,315,photo/elephant/064_0067.jpg,0,train
source_only,316,photo/giraffe/n02439033_15479.jpg,0,test
source_only,317,photo/person/253_0075.jpg,0,train
source_only,318,photo/house/pic_284.jpg,0,test
source_only,319,photo/giraffe/n02439033_11486.jpg,0,train
source_only,320,photo/house/pic_013.jpg,0,test
source_only,321,photo/guitar/n03272010_10795.jpg,0,train
source_only,322,photo/person/253_0168.jpg,0,train
source_only,323,photo/house/pic_060.jpg,0,train
source_only,324,photo/house/pic_077.jpg,0,train
source_only,325,photo/person/253_0359.jpg,0,train
source_only,326,photo/elephant/064_0097.jpg,0,train
source_only,327,photo/horse/n02374451_10669.jpg,0,train
source_only,328,photo/giraffe/084_0045.jpg,0,train
source_only,329,photo/person/253_0387.jpg,0,train
source_only,330,photo/dog/n02106662_25917.jpg,0,test
source_only,331,photo/dog/n02106662_7885.jpg,0,train
source_only,332,photo/elephant/n02503517_5287.jpg,0,train
source_only,333,photo/horse/105_0215.jpg,0,train
source_only,334,art_painting/elephant/pic_087.jpg,0,train
source_only,335,art_painting/person/pic_206.jpg,0,train
source_only,336,art_painting/giraffe/pic_142.jpg,0,train
source_only,337,art_painting/guitar/pic_075.jpg,0,train
source_only,338,art_painting/dog/pic_058.jpg,0,train
source_only,339,art_painting/giraffe/pic_302.jpg,0,train
source_only,340,art_painting/person/pic_168.jpg,0,train
source_only,341,art_painting/person/pic_162.jpg,0,train
source_only,342,art_painting/dog/pic_074.jpg,0,test
source_only,343,art_painting/house/pic_014.jpg,0,train
source_only,344,art_painting/house/pic_107.jpg,0,test
source_only,345,art_painting/guitar/pic_197.jpg,0,train
source_only,346,art_painting/person/pic_033.jpg,0,train
source_only,347,art_painting/horse/pic_195.jpg,0,train
source_only,348,art_painting/guitar/pic_092.jpg,0,train
source_only,349,art_painting/elephant/pic_145.jpg,0,train
source_only,350,art_painting/giraffe/pic_126.jpg,0,train
source_only,351,art_painting/horse/pic_047.jpg,0,train
source_only,352,art_painting/person/pic_203.jpg,0,train
source_only,353,art_painting/dog/pic_327.jpg,0,train
source_only,354,art_painting/house/pic_022.jpg,0,train
source_only,355,art_painting/house/pic_218.jpg,0,train
source_only,356,art_painting/elephant/pic_122.jpg,0,train
source_only,357,art_painting/person/pic_334.jpg,0,test
source_only,358,art_painting/dog/pic_366.jpg,0,train
source_only,359,art_painting/person/pic_074.jpg,0,train
source_only,360,art_painting/person/pic_400.jpg,0,train
source_only,361,art_painting/dog/pic_072.jpg,0,train
source_only,362,art_painting/horse/pic_228.jpg,0,test
source_only,363,art_painting/dog/pic_007.jpg,0,train
source_only,364,art_painting/guitar/pic_082.jpg,0,train
source_only,365,art_painting/elephant/pic_260.jpg,0,train
source_only,366,art_painting/person/pic_387.jpg,0,train
source_only,367,art_painting/dog/pic_260.jpg,0,train
source_only,368,art_painting/dog/pic_315.jpg,0,test
source_only,369,art_painting/guitar/pic_014.jpg,0,train
source_only,370,art_painting/horse/pic_182.jpg,0,test
source_only,371,art_painting/person/pic_129.jpg,0,test
source_only,372,art_painting/person/pic_382.jpg,0,test
source_only,373,art_painting/elephant/pic_100.jpg,0,train
source_only,374,art_painting/guitar/pic_135.jpg,0,train
source_only,375,art_painting/person/pic_126.jpg,0,train
source_only,376,art_painting/giraffe/pic_068.jpg,0,test
source_only,377,art_painting/house/pic_189.jpg,0,test
source_only,378,art_painting/person/pic_265.jpg,0,test
source_only,379,art_painting/giraffe/pic_210.jpg,0,test
source_only,380,art_painting/dog/pic_205.jpg,0,train
source_only,381,art_painting/dog/pic_100.jpg,0,train
source_only,382,art_painting/giraffe/pic_057.jpg,0,train
source_only,383,art_painting/elephant/pic_108.jpg,0,train
source_only,384,art_painting/giraffe/pic_102.jpg,0,test
source_only,385,art_painting/guitar/pic_127.jpg,0,train
source_only,386,art_painting/guitar/pic_044.jpg,0,train
source_only,387,art_painting/dog/pic_055.jpg,0,train
source_only,388,art_painting/giraffe/pic_190.jpg,0,train
source_only,389,art_painting/giraffe/pic_005.jpg,0,train
source_only,390,art_painting/elephant/pic_249.jpg,0,train
source_only,391,art_painting/house/pic_313.jpg,0,train
source_only,392,art_painting/person/pic_429.jpg,0,train
source_only,393,art_painting/person/pic_116.jpg,0,train
source_only,394,art_painting/house/pic_018.jpg,0,train
source_only,395,art_painting/house/pic_082.jpg,0,train
source_only,396,art_painting/house/pic_212.jpg,0,test
source_only,397,art_painting/person/pic_016.jpg,0,train
source_only,398,art_painting/giraffe/pic_014.jpg,0,test
source_only,399,art_painting/giraffe/pic_013.jpg,0,train
source_only,400,art_painting/person/pic_542.jpg,0,test
source_only,401,art_painting/elephant/pic_099.jpg,0,test
source_only,402,art_painting/giraffe/pic_170.jpg,0,train
source_only,403,art_painting/elephant/pic_011.jpg,0,test
source_only,404,art_painting/elephant/pic_098.jpg,0,test
source_only,405,art_painting/dog/pic_304.jpg,0,train
source_only,406,art_painting/dog/pic_398.jpg,0,train
source_only,407,art_painting/horse/pic_049.jpg,0,train
source_only,408,art_painting/house/pic_123.jpg,0,train
source_only,409,art_painting/guitar/pic_071.jpg,0,train
source_only,410,art_painting/elephant/pic_201.jpg,0,train
source_only,411,art_painting/elephant/pic_144.jpg,0,train
source_only,412,art_painting/dog/pic_232.jpg,0,train
source_only,413,art_painting/house/pic_111.jpg,0,train
source_only,414,art_painting/elephant/pic_207.jpg,0,train
source_only,415,art_painting/elephant/pic_152.jpg,0,train
source_only,416,art_painting/person/pic_496.jpg,0,test
source_only,417,art_painting/horse/pic_130.jpg,0,train
source_only,418,art_painting/giraffe/pic_118.jpg,0,test
source_only,419,art_painting/elephant/pic_048.jpg,0,test
source_only,420,art_painting/dog/pic_393.jpg,0,train
source_only,421,art_painting/giraffe/pic_085.jpg,0,train
source_only,422,art_painting/horse/pic_090.jpg,0,train
source_only,423,art_painting/giraffe/pic_268.jpg,0,train
source_only,424,art_painting/person/pic_433.jpg,0,train
source_only,425,art_painting/horse/pic_154.jpg,0,test
source_only,426,art_painting/horse/pic_135.jpg,0,test
source_only,427,art_painting/person/pic_248.jpg,0,test
source_only,428,art_painting/elephant/pic_158.jpg,0,train
source_only,429,art_painting/person/pic_438.jpg,0,train
source_only,430,art_painting/giraffe/pic_176.jpg,0,test
source_only,431,art_painting/person/pic_052.jpg,0,train
source_only,432,art_painting/elephant/pic_113.jpg,0,train
source_only,433,art_painting/house/pic_191.jpg,0,train
source_only,434,art_painting/elephant/pic_078.jpg,0,train
source_only,435,art_painting/guitar/pic_089.jpg,0,train
source_only,436,art_painting/dog/pic_133.jpg,0,train
source_only,437,art_painting/dog/pic_282.jpg,0,test
source_only,438,art_painting/dog/pic_084.jpg,0,train
source_only,439,art_painting/dog/pic_371.jpg,0,train
source_only,440,art_painting/guitar/pic_171.jpg,0,train
source_only,441,art_painting/dog/pic_269.jpg,0,train
source_only,442,art_painting/elephant/pic_061.jpg,0,train
source_only,443,art_painting/person/pic_464.jpg,0,test
source_only,444,art_painting/person/pic_161.jpg,0,train
source_only,445,art_painting/person/pic_247.jpg,0,test
source_only,446,art_painting/dog/pic_301.jpg,0,train
source_only,447,art_painting/person/pic_487.jpg,0,test
source_only,448,art_painting/horse/pic_142.jpg,0,train
source_only,449,art_painting/house/pic_221.jpg,0,train
source_only,450,art_painting/elephant/pic_252.jpg,0,train
source_only,451,art_painting/elephant/pic_178.jpg,0,train
source_only,452,art_painting/person/pic_320.jpg,0,train
source_only,453,art_painting/giraffe/pic_185.jpg,0,test
source_only,454,art_painting/horse/pic_028.jpg,0,train
source_only,455,art_painting/dog/pic_297.jpg,0,train
source_only,456,art_painting/dog/pic_138.jpg,0,train
source_only,457,art_painting/dog/pic_036.jpg,0,train
source_only,458,art_painting/horse/pic_017.jpg,0,train
source_only,459,art_painting/dog/pic_194.jpg,0,train
source_only,460,art_painting/giraffe/pic_072.jpg,0,train
source_only,461,art_painting/dog/pic_157.jpg,0,train
source_only,462,art_painting/person/pic_135.jpg,0,train
source_only,463,art_painting/horse/pic_136.jpg,0,train
source_only,464,art_painting/horse/pic_134.jpg,0,test
source_only,465,art_painting/guitar/pic_173.jpg,0,train
source_only,466,art_painting/guitar/pic_129.jpg,0,train
source_only,467,art_painting/dog/pic_329.jpg,0,train
source_only,468,art_painting/giraffe/pic_069.jpg,0,train
source_only,469,art_painting/giraffe/pic_243.jpg,0,train
source_only,470,art_painting/giraffe/pic_153.jpg,0,train
source_only,471,art_painting/giraffe/pic_001.jpg,0,train
source_only,472,art_painting/giraffe/pic_140.jpg,0,train
source_only,473,art_painting/house/pic_213.jpg,0,test
source_only,474,art_painting/house/pic_009.jpg,0,test
source_only,475,art_painting/person/pic_094.jpg,0,test
source_only,476,art_painting/person/pic_070.jpg,0,test
source_only,477,art_painting/dog/pic_026.jpg,0,train
source_only,478,art_painting/dog/pic_397.jpg,0,test
source_only,479,art_painting/house/pic_269.jpg,0,train
source_only,480,art_painting/giraffe/pic_086.jpg,0,test
source_only,481,art_painting/person/pic_213.jpg,0,test
source_only,482,art_painting/elephant/pic_029.jpg,0,train
source_only,483,art_painting/giraffe/pic_138.jpg,0,train
source_only,484,art_painting/house/pic_034.jpg,0,test
source_only,485,art_painting/giraffe/pic_028.jpg,0,train
source_only,486,art_painting/person/pic_380.jpg,0,train
source_only,487,art_painting/horse/pic_002.jpg,0,test
source_only,488,art_painting/house/pic_011.jpg,0,train
source_only,489,art_painting/person/pic_196.jpg,0,train
source_only,490,art_painting/elephant/pic_148.jpg,0,train
source_only,491,art_painting/person/pic_157.jpg,0,train
source_only,492,art_painting/elephant/pic_117.jpg,0,train
source_only,493,art_painting/elephant/pic_060.jpg,0,train
source_only,494,art_painting/house/pic_008.jpg,0,train
source_only,495,art_painting/guitar/pic_059.jpg,0,train
source_only,496,art_painting/guitar/pic_074.jpg,0,train
source_only,497,art_painting/dog/pic_214.jpg,0,train
source_only,498,art_painting/giraffe/pic_122.jpg,0,train
source_only,499,art_painting/house/pic_304.jpg,0,test
source_only,500,art_painting/house/pic_322.jpg,0,test
source_only,501,art_painting/horse/pic_222.jpg,0,test
source_only,502,art_painting/horse/pic_151.jpg,0,train
source_only,503,art_painting/dog/pic_134.jpg,0,test
source_only,504,art_painting/person/pic_069.jpg,0,train
source_only,505,art_painting/person/pic_011.jpg,0,test
source_only,506,art_painting/dog/pic_314.jpg,0,train
source_only,507,art_painting/horse/pic_001.jpg,0,test
source_only,508,art_painting/house/pic_309.jpg,0,train
source_only,509,art_painting/giraffe/pic_180.jpg,0,test
source_only,510,art_painting/house/pic_004.jpg,0,train
source_only,511,art_painting/house/pic_311.jpg,0,train
source_only,512,art_painting/dog/pic_312.jpg,0,train
source_only,513,art_painting/person/pic_294.jpg,0,train
source_only,514,art_painting/person/pic_525.jpg,0,train
source_only,515,art_painting/giraffe/pic_173.jpg,0,train
source_only,516,art_painting/elephant/pic_075.jpg,0,train
source_only,517,art_painting/guitar/pic_177.jpg,0,test
source_only,518,art_painting/house/pic_088.jpg,0,test
source_only,519,art_painting/giraffe/pic_077.jpg,0,test
source_only,520,art_painting/house/pic_245.jpg,0,train
source_only,521,art_painting/dog/pic_226.jpg,0,test
source_only,522,art_painting/elephant/pic_044.jpg,0,train
source_only,523,art_painting/dog/pic_099.jpg,0,train
source_only,524,art_painting/person/pic_209.jpg,0,train
source_only,525,art_painting/person/pic_304.jpg,0,test
source_only,526,art_painting/horse/pic_138.jpg,0,train
source_only,527,art_painting/guitar/pic_034.jpg,0,train
source_only,528,art_painting/person/pic_296.jpg,0,train
source_only,529,art_painting/horse/pic_054.jpg,0,train
source_only,530,art_painting/dog/pic_391.jpg,0,train
source_only,531,art_painting/elephant/pic_183.jpg,0,train
source_only,532,art_painting/horse/pic_213.jpg,0,train
source_only,533,art_painting/dog/pic_394.jpg,0,train
source_only,534,art_painting/dog/pic_368.jpg,0,train
source_only,535,art_painting/house/pic_306.jpg,0,train
source_only,536,art_painting/elephant/pic_227.jpg,0,train
source_only,537,art_painting/person/pic_543.jpg,0,test
source_only,538,art_painting/giraffe/pic_011.jpg,0,test
source_only,539,art_painting/house/pic_098.jpg,0,train
source_only,540,art_painting/person/pic_328.jpg,0,train
source_only,541,art_painting/guitar/pic_063.jpg,0,train
source_only,542,art_painting/horse/pic_128.jpg,0,train
source_only,543,art_painting/giraffe/pic_044.jpg,0,test
source_only,544,art_painting/guitar/pic_182.jpg,0,train
source_only,545,art_painting/horse/pic_133.jpg,0,train
source_only,546,art_painting/guitar/pic_023.jpg,0,train
source_only,547,art_painting/person/pic_520.jpg,0,train
source_only,548,art_painting/dog/pic_079.jpg,0,train
source_only,549,art_painting/dog/pic_070.jpg,0,train
source_only,550,art_painting/dog/pic_172.jpg,0,test
source_only,551,art_painting/house/pic_246.jpg,0,train
source_only,552,art_painting/dog/pic_090.jpg,0,train
source_only,553,art_painting/house/pic_226.jpg,0,train
source_only,554,art_painting/person/pic_531.jpg,0,train
source_only,555,art_painting/person/pic_018.jpg,0,train
source_only,556,art_painting/elephant/pic_059.jpg,0,train
source_only,557,art_painting/dog/pic_186.jpg,0,train
source_only,558,art_painting/person/pic_273.jpg,0,test
source_only,559,art_painting/house/pic_134.jpg,0,train
source_only,560,art_painting/dog/pic_280.jpg,0,train
source_only,561,art_painting/person/pic_423.jpg,0,test
source_only,562,art_painting/giraffe/pic_239.jpg,0,train
source_only,563,art_painting/person/pic_277.jpg,0,test
source_only,564,art_painting/giraffe/pic_193.jpg,0,train
source_only,565,art_painting/guitar/pic_192.jpg,0,test
source_only,566,art_painting/person/pic_518.jpg,0,train
source_only,567,art_painting/giraffe/pic_244.jpg,0,test
source_only,568,art_painting/dog/pic_349.jpg,0,test
source_only,569,art_painting/house/pic_231.jpg,0,train
source_only,570,art_painting/guitar/pic_142.jpg,0,train
source_only,571,art_painting/giraffe/pic_052.jpg,0,test
source_only,572,art_painting/guitar/pic_193.jpg,0,test
source_only,573,art_painting/house/pic_091.jpg,0,train
source_only,574,art_painting/guitar/pic_166.jpg,0,test
source_only,575,art_painting/house/pic_054.jpg,0,train
source_only,576,art_painting/horse/pic_042.jpg,0,test
source_only,577,art_painting/horse/pic_081.jpg,0,train
source_only,578,art_painting/horse/pic_161.jpg,0,test
source_only,579,art_painting/house/pic_291.jpg,0,test
source_only,580,art_painting/person/pic_014.jpg,0,test
source_only,581,art_painting/dog/pic_372.jpg,0,train
source_only,582,art_painting/person/pic_109.jpg,0,train
source_only,583,art_painting/person/pic_027.jpg,0,train
source_only,584,art_painting/elephant/pic_191.jpg,0,train
source_only,585,art_painting/horse/pic_232.jpg,0,train
source_only,586,art_painting/house/pic_219.jpg,0,train
source_only,587,art_painting/person/pic_327.jpg,0,test
source_only,588,art_painting/dog/pic_268.jpg,0,train
source_only,589,art_painting/elephant/pic_156.jpg,0,train
source_only,590,art_painting/dog/pic_105.jpg,0,test
source_only,591,art_painting/person/pic_150.jpg,0,test
source_only,592,art_painting/person/pic_101.jpg,0,train
source_only,593,art_painting/giraffe/pic_293.jpg,0,train
source_only,594,art_painting/elephant/pic_177.jpg,0,test
source_only,595,art_painting/dog/pic_274.jpg,0,train
source_only,596,art_painting/elephant/pic_016.jpg,0,train
source_only,597,art_painting/giraffe/pic_191.jpg,0,train
source_only,598,art_painting/guitar/pic_178.jpg,0,test
source_only,599,art_painting/house/pic_076.jpg,0,train
source_only,600,art_painting/person/pic_435.jpg,0,train
source_only,601,art_painting/dog/pic_384.jpg,0,train
source_only,602,art_painting/person/pic_303.jpg,0,train
source_only,603,art_painting/guitar/pic_137.jpg,0,train
source_only,604,art_painting/dog/pic_377.jpg,0,train
source_only,605,art_painting/giraffe/pic_307.jpg,0,train
source_only,606,art_painting/house/pic_315.jpg,0,test
source_only,607,art_painting/horse/pic_106.jpg,0,train
source_only,608,art_painting/guitar/pic_108.jpg,0,train
source_only,609,art_painting/guitar/pic_170.jpg,0,train
source_only,610,art_painting/house/pic_153.jpg,0,test
source_only,611,art_painting/person/pic_479.jpg,0,test
source_only,612,art_painting/person/pic_267.jpg,0,train
source_only,613,art_painting/person/pic_458.jpg,0,test
source_only,614,art_painting/person/pic_204.jpg,0,train
source_only,615,art_painting/person/pic_249.jpg,0,train
source_only,616,art_painting/elephant/pic_119.jpg,0,train
source_only,617,art_painting/house/pic_336.jpg,0,train
source_only,618,art_painting/house/pic_281.jpg,0,test
source_only,619,art_painting/horse/pic_008.jpg,0,test
source_only,620,art_painting/person/pic_169.jpg,0,train
source_only,621,art_painting/giraffe/pic_171.jpg,0,train
source_only,622,art_painting/person/pic_183.jpg,0,test
source_only,623,art_painting/dog/pic_123.jpg,0,train
source_only,624,art_painting/dog/pic_064.jpg,0,train
source_only,625,art_painting/house/pic_149.jpg,0,test
source_only,626,art_painting/dog/pic_177.jpg,0,test
source_only,627,art_painting/dog/pic_167.jpg,0,train
source_only,628,art_painting/dog/pic_091.jpg,0,train
source_only,629,art_painting/giraffe/pic_010.jpg,0,test
source_only,630,art_painting/dog/pic_322.jpg,0,train
source_only,631,art_painting/guitar/pic_024.jpg,0,train
source_only,632,art_painting/dog/pic_350.jpg,0,train
source_only,633,art_painting/guitar/pic_113.jpg,0,train
source_only,634,art_painting/elephant/pic_106.jpg,0,train
source_only,635,art_painting/house/pic_121.jpg,0,train
source_only,636,art_painting/person/pic_194.jpg,0,train
source_only,637,art_painting/dog/pic_253.jpg,0,test
source_only,638,art_painting/horse/pic_150.jpg,0,train
source_only,639,art_painting/horse/pic_034.jpg,0,train
source_only,640,art_painting/house/pic_103.jpg,0,train
source_only,641,art_painting/person/pic_208.jpg,0,train
source_only,642,art_painting/person/pic_263.jpg,0,train
source_only,643,art_painting/giraffe/pic_009.jpg,0,test
source_only,644,art_painting/house/pic_136.jpg,0,train
source_only,645,art_painting/house/pic_198.jpg,0,train
source_only,646,art_painting/house/pic_074.jpg,0,test
source_only,647,art_painting/person/pic_097.jpg,0,train
source_only,648,art_painting/elephant/pic_046.jpg,0,test
source_only,649,art_painting/horse/pic_125.jpg,0,test
source_only,650,art_painting/giraffe/pic_271.jpg,0,train
source_only,651,art_painting/elephant/pic_204.jpg,0,test
source_only,652,art_painting/giraffe/pic_139.jpg,0,train
source_only,653,art_painting/house/pic_187.jpg,0,train
source_only,654,art_painting/horse/pic_099.jpg,0,test
source_only,655,art_painting/person/pic_405.jpg,0,test
source_only,656,art_painting/dog/pic_319.jpg,0,train
source_only,657,art_painting/elephant/pic_161.jpg,0,train
source_only,658,art_painting/horse/pic_206.jpg,0,train
source_only,659,art_painting/elephant/pic_198.jpg,0,train
source_only,660,art_painting/giraffe/pic_253.jpg,0,train
source_only,661,art_painting/house/pic_298.jpg,0,test
source_only,662,art_painting/house/pic_261.jpg,0,train
source_only,663,art_painting/horse/pic_056.jpg,0,test
source_only,664,art_painting/person/pic_171.jpg,0,test
source_only,665,art_painting/guitar/pic_187.jpg,0,test
source_only,666,art_painting/person/pic_545.jpg,0,train
source_only,667,art_painting/person/pic_107.jpg,0,train
source_only,668,cartoon/person/pic_113.jpg,0,test
source_only,669,cartoon/elephant/pic_389.jpg,0,test
source_only,670,cartoon/person/pic_105.jpg,0,train
source_only,671,cartoon/house/pic_355.jpg,0,train
source_only,672,cartoon/horse/pic_189.jpg,0,test
source_only,673,cartoon/elephant/pic_136.jpg,0,train
source_only,674,cartoon/house/pic_343.jpg,0,train
source_only,675,cartoon/giraffe/pic_209.jpg,0,train
source_only,676,cartoon/giraffe/pic_273.jpg,0,train
source_only,677,cartoon/horse/pic_257.jpg,0,train
source_only,678,cartoon/elephant/pic_030.jpg,0,train
source_only,679,cartoon/dog/pic_108.jpg,0,train
source_only,680,cartoon/giraffe/pic_244.jpg,0,train
source_only,681,cartoon/elephant/pic_246.jpg,0,test
source_only,682,cartoon/person/pic_333.jpg,0,train
source_only,683,cartoon/giraffe/pic_385.jpg,0,train
source_only,684,cartoon/dog/pic_325.jpg,0,train
source_only,685,cartoon/elephant/pic_393.jpg,0,test
source_only,686,cartoon/elephant/pic_047.jpg,0,test
source_only,687,cartoon/elephant/pic_180.jpg,0,test
source_only,688,cartoon/giraffe/pic_360.jpg,0,train
source_only,689,cartoon/elephant/pic_444.jpg,0,test
source_only,690,cartoon/dog/pic_140.jpg,0,train
source_only,691,cartoon/dog/pic_094.jpg,0,train
source_only,692,cartoon/elephant/pic_135.jpg,0,train
source_only,693,cartoon/house/pic_257.jpg,0,train
source_only,694,cartoon/horse/pic_214.jpg,0,train
source_only,695,cartoon/house/pic_017.jpg,0,train
source_only,696,cartoon/horse/pic_221.jpg,0,test
source_only,697,cartoon/horse/pic_092.jpg,0,test
source_only,698,cartoon/elephant/pic_010.jpg,0,train
source_only,699,cartoon/guitar/pic_124.jpg,0,train
source_only,700,cartoon/horse/pic_322.jpg,0,train
source_only,701,cartoon/guitar/pic_048.jpg,0,train
source_only,702,cartoon/elephant/pic_091.jpg,0,train
source_only,703,cartoon/dog/pic_310.jpg,0,train
source_only,704,cartoon/horse/pic_053.jpg,0,test
source_only,705,cartoon/person/pic_131.jpg,0,train
source_only,706,cartoon/elephant/pic_257.jpg,0,train
source_only,707,cartoon/house/pic_278.jpg,0,test
source_only,708,cartoon/giraffe/pic_061.jpg,0,test
source_only,709,cartoon/dog/pic_060.jpg,0,train
source_only,710,cartoon/elephant/pic_173.jpg,0,train
source_only,711,cartoon/person/pic_385.jpg,0,train
source_only,712,cartoon/elephant/pic_350.jpg,0,test
source_only,713,cartoon/giraffe/pic_192.jpg,0,train
source_only,714,cartoon/horse/pic_327.jpg,0,train
source_only,715,cartoon/elephant/pic_471.jpg,0,train
source_only,716,cartoon/person/pic_020.jpg,0,train
source_only,717,cartoon/horse/pic_196.jpg,0,train
source_only,718,cartoon/elephant/pic_316.jpg,0,train
source_only,719,cartoon/giraffe/pic_173.jpg,0,train
source_only,720,cartoon/person/pic_216.jpg,0,train
source_only,721,cartoon/elephant/pic_496.jpg,0,train
source_only,722,cartoon/elephant/pic_337.jpg,0,train
source_only,723,cartoon/elephant/pic_244.jpg,0,train
source_only,724,cartoon/person/pic_078.jpg,0,train
source_only,725,cartoon/horse/pic_345.jpg,0,train
source_only,726,cartoon/dog/pic_136.jpg,0,train
source_only,727,cartoon/horse/pic_355.jpg,0,train
source_only,728,cartoon/house/pic_317.jpg,0,test
source_only,729,cartoon/person/pic_025.jpg,0,train
source_only,730,cartoon/person/pic_055.jpg,0,train
source_only,731,cartoon/guitar/pic_035.jpg,0,train
source_only,732,cartoon/dog/pic_171.jpg,0,train
source_only,733,cartoon/house/pic_252.jpg,0,train
source_only,734,cartoon/person/pic_129.jpg,0,train
source_only,735,cartoon/house/pic_286.jpg,0,test
source_only,736,cartoon/dog/pic_229.jpg,0,train
source_only,737,cartoon/person/pic_248.jpg,0,train
source_only,738,cartoon/person/pic_170.jpg,0,train
source_only,739,cartoon/horse/pic_187.jpg,0,test
source_only,740,cartoon/house/pic_038.jpg,0,train
source_only,741,cartoon/house/pic_223.jpg,0,train
source_only,742,cartoon/giraffe/pic_339.jpg,0,test
source_only,743,cartoon/person/pic_119.jpg,0,train
source_only,744,cartoon/person/pic_257.jpg,0,train
source_only,745,cartoon/house/pic_217.jpg,0,train
source_only,746,cartoon/elephant/pic_242.jpg,0,train
source_only,747,cartoon/dog/pic_274.jpg,0,train
source_only,748,cartoon/dog/pic_398.jpg,0,test
source_only,749,cartoon/person/pic_190.jpg,0,test
source_only,750,cartoon/horse/pic_086.jpg,0,train
source_only,751,cartoon/house/pic_145.jpg,0,train
source_only,752,cartoon/elephant/pic_254.jpg,0,train
source_only,753,cartoon/horse/pic_048.jpg,0,train
source_only,754,cartoon/horse/pic_243.jpg,0,test
source_only,755,cartoon/horse/pic_121.jpg,0,train
source_only,756,cartoon/person/pic_167.jpg,0,test
source_only,757,cartoon/dog/pic_176.jpg,0,test
source_only,758,cartoon/dog/pic_282.jpg,0,train
source_only,759,cartoon/elephant/pic_251.jpg,0,train
source_only,760,cartoon/horse/pic_135.jpg,0,test
source_only,761,cartoon/person/pic_218.jpg,0,train
source_only,762,cartoon/elephant/pic_013.jpg,0,train
source_only,763,cartoon/dog/pic_317.jpg,0,train
source_only,764,cartoon/horse/pic_297.jpg,0,train
source_only,765,cartoon/giraffe/pic_090.jpg,0,test
source_only,766,cartoon/elephant/pic_320.jpg,0,train
source_only,767,cartoon/person/pic_209.jpg,0,train
source_only,768,cartoon/elephant/pic_214.jpg,0,train
source_only,769,cartoon/house/pic_311.jpg,0,test
source_only,770,cartoon/giraffe/pic_341.jpg,0,train
source_only,771,cartoon/person/pic_044.jpg,0,train
source_only,772,cartoon/giraffe/pic_148.jpg,0,train
source_only,773,cartoon/elephant/pic_374.jpg,0,train
source_only,774,cartoon/horse/pic_352.jpg,0,test
source_only,775,cartoon/elephant/pic_154.jpg,0,train
source_only,776,cartoon/person/pic_425.jpg,0,test
source_only,777,cartoon/elephant/pic_114.jpg,0,train
source_only,778,cartoon/horse/pic_364.jpg,0,train
source_only,779,cartoon/dog/pic_425.jpg,0,train
source_only,780,cartoon/dog/pic_088.jpg,0,test
source_only,781,cartoon/person/pic_197.jpg,0,train
source_only,782,cartoon/house/pic_282.jpg,0,train
source_only,783,cartoon/dog/pic_427.jpg,0,train
source_only,784,cartoon/elephant/pic_262.jpg,0,test
source_only,785,cartoon/horse/pic_118.jpg,0,train
source_only,786,cartoon/horse/pic_293.jpg,0,test
source_only,787,cartoon/elephant/pic_362.jpg,0,train
source_only,788,cartoon/person/pic_210.jpg,0,test
source_only,789,cartoon/person/pic_372.jpg,0,train
source_only,790,cartoon/giraffe/pic_267.jpg,0,train
source_only,791,cartoon/guitar/pic_073.jpg,0,train
source_only,792,cartoon/house/pic_165.jpg,0,train
source_only,793,cartoon/person/pic_268.jpg,0,train
source_only,794,cartoon/house/pic_140.jpg,0,train
source_only,795,cartoon/giraffe/pic_156.jpg,0,test
source_only,796,cartoon/horse/pic_264.jpg,0,train
source_only,797,cartoon/dog/pic_085.jpg,0,train
source_only,798,cartoon/person/pic_226.jpg,0,test
source_only,799,cartoon/elephant/pic_184.jpg,0,train
source_only,800,cartoon/giraffe/pic_030.jpg,0,test
source_only,801,cartoon/guitar/pic_011.jpg,0,train
source_only,802,cartoon/elephant/pic_400.jpg,0,test
source_only,803,cartoon/house/pic_277.jpg,0,test
source_only,804,cartoon/dog/pic_334.jpg,0,train
source_only,805,cartoon/dog/pic_393.jpg,0,train
source_only,806,cartoon/elephant/pic_109.jpg,0,test
source_only,807,cartoon/elephant/pic_387.jpg,0,train
source_only,808,cartoon/person/pic_067.jpg,0,train
source_only,809,cartoon/person/pic_126.jpg,0,train
source_only,810,cartoon/dog/pic_095.jpg,0,train
source_only,811,cartoon/dog/pic_028.jpg,0,test
source_only,812,cartoon/house/pic_321.jpg,0,train
source_only,813,cartoon/person/pic_418.jpg,0,test
source_only,814,cartoon/person/pic_261.jpg,0,train
source_only,815,cartoon/dog/pic_440.jpg,0,test
source_only,816,cartoon/horse/pic_312.jpg,0,test
source_only,817,cartoon/elephant/pic_446.jpg,0,train
source_only,818,cartoon/horse/pic_357.jpg,0,train
source_only,819,cartoon/giraffe/pic_353.jpg,0,train
source_only,820,cartoon/dog/pic_038.jpg,0,train
source_only,821,cartoon/dog/pic_078.jpg,0,test
source_only,822,cartoon/giraffe/pic_379.jpg,0,train
source_only,823,cartoon/giraffe/pic_369.jpg,0,train
source_only,824,cartoon/elephant/pic_405.jpg,0,train
source_only,825,cartoon/giraffe/pic_260.jpg,0,train
source_only,826,cartoon/horse/pic_147.jpg,0,train
source_only,827,cartoon/dog/pic_433.jpg,0,train
source_only,828,cartoon/elephant/pic_124.jpg,0,test
source_only,829,cartoon/elephant/pic_416.jpg,0,train
source_only,830,cartoon/elephant/pic_105.jpg,0,train
source_only,831,cartoon/house/pic_103.jpg,0,train
source_only,832,cartoon/elephant/pic_345.jpg,0,test
source_only,833,cartoon/house/pic_167.jpg,0,test
source_only,834,cartoon/elephant/pic_479.jpg,0,train
source_only,835,cartoon/giraffe/pic_373.jpg,0,train
source_only,836,cartoon/dog/pic_198.jpg,0,test
source_only,837,cartoon/elephant/pic_187.jpg,0,train
source_only,838,cartoon/horse/pic_288.jpg,0,train
source_only,839,cartoon/horse/pic_340.jpg,0,train
source_only,840,cartoon/giraffe/pic_195.jpg,0,test
source_only,841,cartoon/house/pic_160.jpg,0,train
source_only,842,cartoon/person/pic_036.jpg,0,test
source_only,843,cartoon/horse/pic_332.jpg,0,train
source_only,844,cartoon/dog/pic_319.jpg,0,train
source_only,845,cartoon/elephant/pic_327.jpg,0,train
source_only,846,cartoon/person/pic_035.jpg,0,test
source_only,847,cartoon/house/pic_014.jpg,0,test
source_only,848,cartoon/giraffe/pic_019.jpg,0,train
source_only,849,cartoon/person/pic_320.jpg,0,train
source_only,850,cartoon/dog/pic_009.jpg,0,test
source_only,851,cartoon/house/pic_119.jpg,0,train
source_only,852,cartoon/giraffe/pic_248.jpg,0,test
source_only,853,cartoon/person/pic_079.jpg,0,train
source_only,854,cartoon/horse/pic_186.jpg,0,train
source_only,855,cartoon/person/pic_253.jpg,0,test
source_only,856,cartoon/person/pic_319.jpg,0,train
source_only,857,cartoon/guitar/pic_107.jpg,0,train
source_only,858,cartoon/horse/pic_363.jpg,0,train
source_only,859,cartoon/giraffe/pic_272.jpg,0,test
source_only,860,cartoon/giraffe/pic_349.jpg,0,train
source_only,861,cartoon/dog/pic_083.jpg,0,train
source_only,862,cartoon/elephant/pic_307.jpg,0,train
source_only,863,cartoon/dog/pic_354.jpg,0,train
source_only,864,cartoon/giraffe/pic_212.jpg,0,test
source_only,865,cartoon/elephant/pic_432.jpg,0,train
source_only,866,cartoon/person/pic_434.jpg,0,train
source_only,867,cartoon/person/pic_424.jpg,0,test
source_only,868,cartoon/guitar/pic_024.jpg,0,train
source_only,869,cartoon/elephant/pic_450.jpg,0,train
source_only,870,cartoon/horse/pic_347.jpg,0,train
source_only,871,cartoon/house/pic_026.jpg,0,test
source_only,872,cartoon/dog/pic_077.jpg,0,test
source_only,873,cartoon/elephant/pic_049.jpg,0,train
source_only,874,cartoon/elephant/pic_346.jpg,0,train
source_only,875,cartoon/giraffe/pic_320.jpg,0,train
source_only,876,cartoon/person/pic_377.jpg,0,train
source_only,877,cartoon/horse/pic_013.jpg,0,train
source_only,878,cartoon/person/pic_368.jpg,0,train
source_only,879,cartoon/horse/pic_106.jpg,0,test
source_only,880,cartoon/dog/pic_265.jpg,0,train
source_only,881,cartoon/dog/pic_102.jpg,0,train
source_only,882,cartoon/person/pic_061.jpg,0,test
source_only,883,cartoon/giraffe/pic_322.jpg,0,train
source_only,884,cartoon/elephant/pic_354.jpg,0,train
source_only,885,cartoon/elephant/pic_147.jpg,0,test
source_only,886,cartoon/house/pic_182.jpg,0,train
source_only,887,cartoon/giraffe/pic_143.jpg,0,train
source_only,888,cartoon/horse/pic_132.jpg,0,train
source_only,889,cartoon/house/pic_007.jpg,0,train
source_only,890,cartoon/giraffe/pic_226.jpg,0,test
source_only,891,cartoon/person/pic_265.jpg,0,train
source_only,892,cartoon/elephant/pic_216.jpg,0,train
source_only,893,cartoon/elephant/pic_306.jpg,0,train
source_only,894,cartoon/person/pic_141.jpg,0,train
source_only,895,cartoon/dog/pic_397.jpg,0,test
source_only,896,cartoon/dog/pic_008.jpg,0,train
source_only,897,cartoon/person/pic_409.jpg,0,train
source_only,898,cartoon/dog/pic_178.jpg,0,test
source_only,899,cartoon/guitar/pic_020.jpg,0,train
source_only,900,cartoon/giraffe/pic_219.jpg,0,train
source_only,901,cartoon/person/pic_203.jpg,0,train
source_only,902,cartoon/dog/pic_210.jpg,0,train
source_only,903,cartoon/giraffe/pic_119.jpg,0,train
source_only,904,cartoon/house/pic_098.jpg,0,test
source_only,905,cartoon/house/pic_039.jpg,0,train
source_only,906,cartoon/person/pic_111.jpg,0,test
source_only,907,cartoon/horse/pic_032.jpg,0,test
source_only,908,cartoon/horse/pic_157.jpg,0,train
source_only,909,cartoon/giraffe/pic_216.jpg,0,test
source_only,910,cartoon/dog/pic_422.jpg,0,train
source_only,911,cartoon/guitar/pic_016.jpg,0,train
source_only,912,cartoon/giraffe/pic_113.jpg,0,test
source_only,913,cartoon/elephant/pic_094.jpg,0,train
source_only,914,cartoon/horse/pic_188.jpg,0,train
source_only,915,cartoon/giraffe/pic_127.jpg,0,test
source_only,916,cartoon/person/pic_449.jpg,0,test
source_only,917,cartoon/elephant/pic_061.jpg,0,train
source_only,918,cartoon/dog/pic_190.jpg,0,train
source_only,919,cartoon/guitar/pic_083.jpg,0,train
source_only,920,cartoon/person/pic_349.jpg,0,train
source_only,921,cartoon/elephant/pic_130.jpg,0,train
source_only,922,cartoon/guitar/pic_069.jpg,0,test
source_only,923,cartoon/house/pic_093.jpg,0,train
source_only,924,cartoon/house/pic_228.jpg,0,train
source_only,925,cartoon/elephant/pic_228.jpg,0,train
source_only,926,cartoon/dog/pic_329.jpg,0,train
source_only,927,cartoon/dog/pic_430.jpg,0,train
source_only,928,cartoon/elephant/pic_054.jpg,0,test
source_only,929,cartoon/giraffe/pic_317.jpg,0,test
source_only,930,cartoon/dog/pic_103.jpg,0,test
source_only,931,cartoon/giraffe/pic_082.jpg,0,train
source_only,932,cartoon/person/pic_323.jpg,0,test
source_only,933,cartoon/elephant/pic_302.jpg,0,train
source_only,934,cartoon/dog/pic_386.jpg,0,train
source_only,935,cartoon/elephant/pic_113.jpg,0,test
source_only,936,cartoon/giraffe/pic_383.jpg,0,train
source_only,937,cartoon/horse/pic_303.jpg,0,test
source_only,938,cartoon/person/pic_236.jpg,0,train
source_only,939,cartoon/person/pic_259.jpg,0,test
source_only,940,cartoon/dog/pic_218.jpg,0,train
source_only,941,cartoon/person/pic_159.jpg,0,test
source_only,942,cartoon/horse/pic_173.jpg,0,test
source_only,943,cartoon/guitar/pic_058.jpg,0,train
source_only,944,cartoon/person/pic_193.jpg,0,test
source_only,945,cartoon/house/pic_102.jpg,0,train
source_only,946,cartoon/giraffe/pic_202.jpg,0,train
source_only,947,cartoon/person/pic_225.jpg,0,test
source_only,948,cartoon/house/pic_121.jpg,0,train
source_only,949,cartoon/guitar/pic_068.jpg,0,test
source_only,950,cartoon/horse/pic_233.jpg,0,train
source_only,951,cartoon/giraffe/pic_297.jpg,0,test
source_only,952,cartoon/dog/pic_139.jpg,0,train
source_only,953,cartoon/dog/pic_287.jpg,0,train
source_only,954,cartoon/elephant/pic_021.jpg,0,train
source_only,955,cartoon/giraffe/pic_100.jpg,0,train
source_only,956,cartoon/person/pic_302.jpg,0,test
source_only,957,cartoon/dog/pic_369.jpg,0,train
source_only,958,cartoon/house/pic_023.jpg,0,test
source_only,959,cartoon/person/pic_008.jpg,0,train
source_only,960,cartoon/horse/pic_064.jpg,0,train
source_only,961,cartoon/dog/pic_180.jpg,0,train
source_only,962,cartoon/horse/pic_025.jpg,0,train
source_only,963,cartoon/person/pic_039.jpg,0,train
source_only,964,cartoon/person/pic_224.jpg,0,train
source_only,965,cartoon/horse/pic_224.jpg,0,train
source_only,966,cartoon/house/pic_340.jpg,0,train
source_only,967,cartoon/elephant/pic_037.jpg,0,train
source_only,968,cartoon/dog/pic_348.jpg,0,train
source_only,969,cartoon/dog/pic_419.jpg,0,train
source_only,970,cartoon/giraffe/pic_160.jpg,0,train
source_only,971,cartoon/person/pic_052.jpg,0,train
source_only,972,cartoon/dog/pic_305.jpg,0,train
source_only,973,cartoon/giraffe/pic_071.jpg,0,train
source_only,974,cartoon/elephant/pic_032.jpg,0,test
source_only,975,cartoon/giraffe/pic_013.jpg,0,train
source_only,976,cartoon/giraffe/pic_318.jpg,0,train
source_only,977,cartoon/elephant/pic_088.jpg,0,train
source_only,978,cartoon/person/pic_313.jpg,0,train
source_only,979,cartoon/giraffe/pic_009.jpg,0,train
source_only,980,cartoon/guitar/pic_118.jpg,0,train
source_only,981,cartoon/horse/pic_219.jpg,0,test
source_only,982,cartoon/giraffe/pic_020.jpg,0,train
source_only,983,cartoon/house/pic_080.jpg,0,test
source_only,984,cartoon/horse/pic_131.jpg,0,test
source_only,985,cartoon/guitar/pic_100.jpg,0,train
source_only,986,cartoon/horse/pic_336.jpg,0,test
source_only,987,cartoon/dog/pic_313.jpg,0,train
source_only,988,cartoon/guitar/pic_076.jpg,0,train
source_only,989,cartoon/horse/pic_079.jpg,0,test
source_only,990,cartoon/horse/pic_275.jpg,0,train
source_only,991,cartoon/house/pic_147.jpg,0,train
source_only,992,cartoon/horse/pic_267.jpg,0,train
source_only,993,cartoon/horse/pic_072.jpg,0,test
source_only,994,cartoon/elephant/pic_435.jpg,0,test
source_only,995,cartoon/person/pic_452.jpg,0,test
source_only,996,cartoon/elephant/pic_192.jpg,0,train
source_only,997,cartoon/giraffe/pic_253.jpg,0,test
source_only,998,cartoon/elephant/pic_501.jpg,0,train
source_only,999,cartoon/person/pic_438.jpg,0,train
source_only,1000,cartoon/house/pic_212.jpg,0,train
source_only,1001,cartoon/house/pic_347.jpg,0,test
source_only,1002,e4e9d2a36515c552,1,train
source_only,1003,b3f931dbd858a133,1,test
source_only,1004,570b6b92a35155c5,1,train
source_only,1005,d54ef9b7ff66b2fa,1,train
source_only,1006,6611ff9d0b6d8208,1,test
source_only,1007,fb33b8261756862c,1,train
source_only,1008,90229b1c01abe739,1,train
source_only,1009,e2ec07ec68799b21,1,train
source_only,1010,ffeb5561f31be75f,1,train
source_only,1011,afd7b4afebdc887f,1,test
source_only,1012,4b48ef3ea4b722c8,1,train
source_only,1013,a53de5559b222be2,1,test
source_only,1014,5abd7b9988cd6e93,1,train
source_only,1015,350e0e32b16b8197,1,test
source_only,1016,fce4c95ba23799e3,1,train
source_only,1017,2d129ca5b4cc09e7,1,train
source_only,1018,ad0435ad522d2447,1,train
source_only,1019,1e49a893a0cf958a,1,train
source_only,1020,1a211e47aafde640,1,train
source_only,1021,1063f27e61d29245,1,train
source_only,1022,77ebf45f4fc624b3,1,train
source_only,1023,96726f6e353e2d5b,1,train
source_only,1024,21134675780c1a39,1,train
source_only,1025,57ed682a93f3be0e,1,train
source_only,1026,c12d3ea552a1457e,1,test
source_only,1027,1787acbffcd5b305,1,train
source_only,1028,077ef807a42334f9,1,test
source_only,1029,53ec7ee459bf9bab,1,train
source_only,1030,1129b060c0a17abf,1,train
source_only,1031,7d96047bb39f3569,1,train
source_only,1032,9e45174917022478,1,train
source_only,1033,4c0e32671b12c279,1,test
source_only,1034,1550966fb150326a,1,test
source_only,1035,f0ce2d2c719dc8d6,1,train
source_only,1036,6c0c03a07ca9ffdb,1,test
source_only,1037,680f5bd30c6c766a,1,train
source_only,1038,d5417460de96fbf3,1,test
source_only,1039,509f41f187295007,1,test
source_only,1040,b2adbccb551f31a3,1,train
source_only,1041,5615e723a7f34a1a,1,train
source_only,1042,b2c52958cef832d9,1,train
source_only,1043,9577c5ee201768f7,1,train
source_only,1044,de8ffec89758610d,1,train
source_only,1045,6397f6a3171f39df,1,train
source_only,1046,eb289024c62d8e2b,1,train
source_only,1047,093ba0c1ba62a163,1,train
source_only,1048,f5e91b4f0c781bbc,1,train
source_only,1049,f8092b0ce0783522,1,train
source_only,1050,e998bdf944184def,1,test
source_only,1051,fb82da5181f2f27f,1,test
source_only,1052,6f1465e6ffa908dd,1,train
source_only,1053,b864e647c9e92b59,1,train
source_only,1054,b23afb6a35bb8893,1,train
source_only,1055,510faa4534bd9c64,1,train
source_only,1056,b92143d835420cdc,1,train
source_only,1057,9818b47773d2e384,1,train
source_only,1058,358b0db2719779b0,1,test
source_only,1059,1002199f8c924223,1,train
source_only,1060,3486e08cba46e171,1,test
source_only,1061,8e11ec7497ec278a,1,train
source_only,1062,e725824a8495da94,1,test
source_only,1063,1db44a56bc228c4d,1,test
source_only,1064,6a92c8d7b79a39fc,1,train
source_only,1065,be8d60158851e0ac,1,test
source_only,1066,d4c646f208f359cb,1,test
source_only,1067,466d9526cccf465d,1,train
source_only,1068,3055b94b445f5c8a,1,train
source_only,1069,5ec0a6312e1ff6b2,1,train
source_only,1070,4a7a9b300c7e56c7,1,train
source_only,1071,2fcf7d13d5436e4b,1,test
source_only,1072,a812bf98ee54bdc8,1,test
source_only,1073,e92df8b3c1277c24,1,test
source_only,1074,644ef9804eb62d40,1,test
source_only,1075,229b570e9670c419,1,train
source_only,1076,a57b036e4ee44a6a,1,train
source_only,1077,44a091d7b38dda6f,1,train
source_only,1078,ba1688b99b03b08d,1,train
source_only,1079,ad45e4a990424e0f,1,test
source_only,1080,6cc833e2129060ee,1,test
source_only,1081,93673fa39241331c,1,train
source_only,1082,a036e50287661e59,1,train
source_only,1083,0734c31657c03db9,1,test
source_only,1084,3ba43ceb290e6805,1,test
source_only,1085,8c6120a0b9277ded,1,train
source_only,1086,ff9444ee261a5e81,1,train
source_only,1087,c514236eb002e1df,1,train
source_only,1088,6f3609bb25704656,1,test
source_only,1089,401b28a46d6d40ee,1,test
source_only,1090,15d3836cde2fc013,1,train
source_only,1091,c537e17874a65e53,1,test
source_only,1092,534664412ed7fbb3,1,train
source_only,1093,1c0201474e4d550b,1,test
source_only,1094,18c7f0b73adbf3f8,1,train
source_only,1095,ad00effd7585e083,1,test
source_only,1096,1f76c442aa913ba4,1,train
source_only,1097,3bfd056310988cec,1,train
source_only,1098,a48ca893b3802336,1,test
source_only,1099,e143fc0b586bdc63,1,train
source_only,1100,2c09630dbb6616d1,1,test
source_only,1101,060d2b58c4fd2335,1,train
source_only,1102,6d13863f72ac6cf7,1,train
source_only,1103,cc7f1b9913baa0ff,1,train
source_only,1104,65fd14fa121ce913,1,test
source_only,1105,b5c95d5f21ab09a4,1,train
source_only,1106,453a47e7bc936b2a,1,test
source_only,1107,d2e774029cdc9cd0,1,train
source_only,1108,c3eb8b9cc2b3d9e6,1,train
source_only,1109,09c8c0055ca5672b,1,train
source_only,1110,a4d87bd38ed365f2,1,train
source_only,1111,8d1c9ecaaa27a654,1,test
source_only,1112,59f60417147c74bd,1,train
source_only,1113,261e7d5f8ca044ab,1,train
source_only,1114,577d1112331c6731,1,test
source_only,1115,ff764789ca49d185,1,train
source_only,1116,ab19be96aae26089,1,train
source_only,1117,ec92e531385ae53f,1,test
source_only,1118,1bc7248ddcb91b6e,1,train
source_only,1119,8de6b5cad315ab7f,1,test
source_only,1120,008eae509eaab5d4,1,test
source_only,1121,5aaeebbf97ae4a59,1,train
source_only,1122,d46ababd5edaa6a5,1,train
source_only,1123,0b6019ffac1af948,1,train
source_only,1124,a518275c337de189,1,test
source_only,1125,3b4c45356d3981d6,1,train
source_only,1126,a19f6ec4d90bab1b,1,train
source_only,1127,3accffd8d2ec2abb,1,train
source_only,1128,0b7e0d071b5fd9d7,1,train
source_only,1129,02707c390bef896f,1,train
source_only,1130,0a6bd19e2ab2be86,1,train
source_only,1131,e25fc1de0f642b1f,1,test
source_only,1132,aca4f73e2f585065,1,test
source_only,1133,1c5c4269ee37b76b,1,test
source_only,1134,28775dbba0114d04,1,train
source_only,1135,fdd7076b7ffc0471,1,test
source_only,1136,ba9714267d79839c,1,train
source_only,1137,e25e9862fa5a673c,1,train
source_only,1138,6521061abec002c8,1,train
source_only,1139,b132882f1ff6b6e9,1,train
source_only,1140,3040cabbd7473e61,1,train
source_only,1141,e29b2c0ad006f628,1,train
source_only,1142,407908bab38a5f66,1,test
source_only,1143,ce4dbc39b2f9456a,1,test
source_only,1144,2c3171866e5e191a,1,test
source_only,1145,ff36c17b15b279f0,1,train
source_only,1146,16b6f3babe0d321d,1,train
source_only,1147,1e3ef06807363152,1,test
source_only,1148,d500b8f3cd355808,1,train
source_only,1149,71d1b68973f028f5,1,train
source_only,1150,2097317806244e39,1,train
source_only,1151,04ec9588abc737ca,1,train
source_only,1152,9de3657164b83ae9,1,train
source_only,1153,24dccefdd32f984f,1,train
source_only,1154,40bc403008bd6c2d,1,train
source_only,1155,4fcd8879c5e1816e,1,train
source_only,1156,32d05908ffdd73b7,1,train
source_only,1157,703ae49e94defa34,1,train
source_only,1158,576560781a7c3441,1,train
source_only,1159,80c0f76bfc97319c,1,train
source_only,1160,a1b79cfae8dea97c,1,train
source_only,1161,00d78431ea9880fd,1,train
source_only,1162,5c17b7cdd03059c7,1,train
source_only,1163,e3edd1d36cbfde57,1,train
source_only,1164,aeb02066710e4e3d,1,train
source_only,1165,0270fed3e63f3647,1,train
source_only,1166,c197f9655cd71310,1,train
source_only,1167,26f5961559292188,1,train
source_only,1168,6413ff7d7d471d76,1,test
source_only,1169,cea8e87b34b310c8,1,train
source_only,1170,3e6c146fbe16a79f,1,train
source_only,1171,46cb98038d5614d4,1,train
source_only,1172,c275d6775ff5e1c6,1,train
source_only,1173,ab3bd7d8ea2893cc,1,train
source_only,1174,f1b3a6a3add0b6fc,1,train
source_only,1175,5b27d138e731acf7,1,train
source_only,1176,a2bb54ed950b04d9,1,train
source_only,1177,18e95bbd8955f263,1,train
source_only,1178,219999dc57609ba7,1,train
source_only,1179,beaa293ce691dcf7,1,test
source_only,1180,eef9ebe4f5f4f9d6,1,test
source_only,1181,e576698eacc21509,1,train
source_only,1182,2bf36c7be5ffbd2f,1,test
source_only,1183,5bef47ad0d1e7460,1,train
source_only,1184,c66f8534dca0642d,1,train
source_only,1185,8784f8be0691cf06,1,test
source_only,1186,e09ff9f08294b97c,1,train
source_only,1187,1089d408dcb54e23,1,train
source_only,1188,67fd43eac372bd08,1,train
source_only,1189,d3cf87c95862f22a,1,train
source_only,1190,86352d95dc30169f,1,test
source_only,1191,7ef4e769fd786e6f,1,test
source_only,1192,7999ba23a000f84a,1,test
source_only,1193,46fae1dc1c71678e,1,test
source_only,1194,95a533aa69dc9216,1,train
source_only,1195,6f819a0109bc5651,1,train
source_only,1196,155d52dc5cc72db1,1,train
source_only,1197,dab5646e04fc22e5,1,train
source_only,1198,e054dc291f8b6c17,1,train
source_only,1199,71fbab1a579a1045,1,train
source_only,1200,bbf09fd52346c29a,1,train
source_only,1201,44c01f8547735f19,1,train
source_only,1202,d065fbe096f639c5,1,test
source_only,1203,288864cfd396c96b,1,train
source_only,1204,255e9dd9be642803,1,train
source_only,1205,b210e54c2bd2937a,1,test
source_only,1206,45fc1084860cb7fa,1,train
source_only,1207,f262b6832c34e7fa,1,test
source_only,1208,ea57fad91ba5f5c7,1,test
source_only,1209,30231ebad0c2c867,1,train
source_only,1210,250a58267e686c87,1,train
source_only,1211,8458ecfc8fe2094b,1,train
source_only,1212,a68a96d3e6f014a7,1,test
source_only,1213,a0191c6b4f61f32d,1,test
source_only,1214,2afc4dba8c042eba,1,train
source_only,1215,c4c6479e5c042081,1,train
source_only,1216,722a513debd9b1b0,1,train
source_only,1217,d4dc981b0f3196dc,1,test
source_only,1218,9845fa3984d72947,1,train
source_only,1219,5ef8819db4b38778,1,train
source_only,1220,187cf1290650d683,1,test
source_only,1221,743ed873dda7f35c,1,train
source_only,1222,c0bb9d6cfa04c89b,1,train
source_only,1223,5ea28ad9ee5b3ef7,1,test
source_only,1224,005e9f1c0b0a3e28,1,train
source_only,1225,18ceba55ccfc3e8c,1,train
source_only,1226,298bf0cd9174635f,1,train
source_only,1227,e1131eaf1d30d5ef,1,test
source_only,1228,84e2f51ea465d5fc,1,test
source_only,1229,80194daf02615af1,1,train
source_only,1230,2ae1bce20608ed6d,1,train
source_only,1231,a287676228cffec1,1,train
source_only,1232,a32a3f9dcb0df2bf,1,test
source_only,1233,66b70c2e078e95ea,1,test
source_only,1234,8d37b930cfee88c7,1,train
source_only,1235,49f7c752e5ace3e2,1,train
source_only,1236,e4a453be3f07799e,1,test
source_only,1237,52b59ee73d92f3d2,1,train
source_only,1238,5c79fedfb14b70eb,1,train
source_only,1239,51a7faa32207e141,1,test
source_only,1240,16176089460d6d4e,1,train
source_only,1241,1815995d918b3929,1,test
source_only,1242,84435b15256af875,1,train
source_only,1243,9a9c34b2f367ecad,1,train
source_only,1244,8cbc47362fcbe75e,1,train
source_only,1245,b50be0908851c807,1,train
source_only,1246,dfb2340056758a09,1,train
source_only,1247,5d18f532fe2f9076,1,test
source_only,1248,8c5481549b32ce94,1,train
source_only,1249,f763fc3396fd9284,1,train
source_only,1250,988ba740aa3cd99a,1,test
source_only,1251,cfd34fbb925ce923,1,train
source_only,1252,59a63baaeb85cd8d,1,train
source_only,1253,a910846eded9bd5c,1,train
source_only,1254,90e43ee48d0e238d,1,train
source_only,1255,aab438a58e3059b4,1,train
source_only,1256,e2b7334fed24f4cb,1,train
source_only,1257,92edc655c71c242f,1,train
source_only,1258,881426d67c542e9e,1,train
source_only,1259,596dbe41111af750,1,train
source_only,1260,a48ff7eea540d89a,1,train
source_only,1261,d958f2b1dbce83ee,1,test
source_only,1262,a8a65b843d788660,1,train
source_only,1263,9ef0ef66ff3398e5,1,train
source_only,1264,3fc797f80c9cc3ba,1,train
source_only,1265,31bb9fa0d52604cc,1,test
source_only,1266,3222d9c72cbfb1f2,1,train
source_only,1267,d21b91d1f01a45fe,1,test
source_only,1268,a1edbc0c73115a70,1,train
source_only,1269,c02e8a71611736cd,1,train
source_only,1270,5cb74ad06c425b5e,1,train
source_only,1271,59731fd176485c3a,1,test
source_only,1272,61c871318a9f19aa,1,test
source_only,1273,be450d9af6fe07dd,1,test
source_only,1274,2fdb05d065827633,1,test
source_only,1275,8a3115cfdfdce1e7,1,train
source_only,1276,b1eb143eabed9935,1,train
source_only,1277,d16c1fd1fd53ca5d,1,train
source_only,1278,a92075d5135c83ef,1,train
source_only,1279,63a002a42074a5dc,1,test
source_only,1280,3ace8d1b4a274cd0,1,test
source_only,1281,192a8d8c1be7ade1,1,test
source_only,1282,abd9a2599d0cefd9,1,train
source_only,1283,27732933537b0ba0,1,train
source_only,1284,58f80d6691b814ca,1,train
source_only,1285,e52722292b7e83e0,1,test
source_only,1286,78564e53a03e395a,1,train
source_only,1287,923cb121c162d326,1,train
source_only,1288,d5b3005271ab4d7c,1,train
source_only,1289,8fd4482ee20e5eba,1,test
source_only,1290,24407e7175cc8fcd,1,test
source_only,1291,d16f6383295f6ca1,1,train
source_only,1292,26006b982c21290e,1,train
source_only,1293,2c66a2aba2a3e7fd,1,train
source_only,1294,d996869e993be98b,1,train
source_only,1295,c874c68e5a917a92,1,train
source_only,1296,9f4d5d89c7c67e8a,1,train
source_only,1297,737e56e473452424,1,train
source_only,1298,a5211c8a645e98e9,1,train
source_only,1299,84af32b41d61d7ec,1,train
source_only,1300,ad12bd362cb8f37b,1,test
source_only,1301,9ba56152d87be9a3,1,train
source_only,1302,0b4971e804004628,1,train
source_only,1303,ccc534563b5f4903,1,train
source_only,1304,d483037819f54e7f,1,test
source_only,1305,44630cf9dd54d33a,1,train
source_only,1306,9ea8eb38cecad735,1,test
source_only,1307,c7fc5af7d07234a1,1,test
source_only,1308,77c2d4507cd8943e,1,train
source_only,1309,7b13ecc023f5159d,1,train
source_only,1310,854c590c943c13d9,1,test
source_only,1311,84dee2a4aba65c2a,1,train
source_only,1312,7c6f203ab48a4c99,1,train
source_only,1313,143df580b1714511,1,test
source_only,1314,a2a026d595426cec,1,train
source_only,1315,f556a46b33d45ff9,1,train
source_only,1316,a31fa6c3efef241d,1,test
source_only,1317,cd8392b6645cb1b0,1,train
source_only,1318,40790331d86ae714,1,test
source_only,1319,080fb216ef237bad,1,train
source_only,1320,8f2787126a213433,1,train
source_only,1321,21a702ca03d9b4bd,1,test
source_only,1322,a116d1fb143f641c,1,test
source_only,1323,9abff980dd1d2627,1,train
source_only,1324,2c4a1131faffe063,1,train
source_only,1325,4cd9b862d53041af,1,test
source_only,1326,8b2137c45b19d751,1,train
source_only,1327,8424acbc947b8598,1,train
source_only,1328,6b7e300b0f0bb76e,1,train
source_only,1329,b1caeac71a46c1c7,1,train
source_only,1330,292193d39bf10940,1,train
source_only,1331,727228a2d6a9f33d,1,train
source_only,1332,3fb0abd776231824,1,train
source_only,1333,975b091c740a0207,1,train
source_only,1334,c99ef337029c86dd,1,test
source_only,1335,226e4c43a9dd8963,1,train
source_only,1336,165e6995ffcbdc40,1,test
source_only,1337,4c92bbf4c140130d,1,test
source_only,1338,ad0cc69a51133fed,1,train
source_only,1339,c1a00b01ac0e1156,1,train
source_only,1340,875cd117f9689fab,1,test
source_only,1341,df0cacd953a28e09,1,train
source_only,1342,0057f0350d968016,1,train
source_only,1343,68c6d20dea190d23,1,test
source_only,1344,01cbad70ab2446af,1,train
source_only,1345,4f465164764c85cc,1,train
source_only,1346,0d30bafbe6f4ee3b,1,test
source_only,1347,4634005be7431913,1,test
source_only,1348,b1d3dd2b13f70429,1,train
source_only,1349,67d787a9777d09cc,1,train
source_only,1350,61ae51cdc57fadef,1,train
source_only,1351,80d4dcff6f3985d2,1,test
source_only,1352,c3ff217302f0ba54,1,train
source_only,1353,1793ec749a2218d0,1,test
source_only,1354,3bd3236f5b2e3674,1,train
source_only,1355,76e5bcc8a9c0ca8a,1,train
source_only,1356,56190c6e9538e1e9,1,train
source_only,1357,eefe6562a6c7df2c,1,train
source_only,1358,79ce89d47bdffb21,1,test
source_only,1359,55226abf47cb164c,1,test
source_only,1360,4476472fead4ca0f,1,train
source_only,1361,1c3561dabd5de9b2,1,train
source_only,1362,5059020cdd94d839,1,test
source_only,1363,56008cb88a5ceb32,1,train
source_only,1364,bafe698701f824b2,1,train
source_only,1365,385ae8b97e5f9db3,1,train
source_only,1366,28f37e7dfbb0f1f0,1,train
source_only,1367,55520149a32c6890,1,test
source_only,1368,373802d603643f26,1,train
source_only,1369,c9ac0b17099db188,1,train
source_only,1370,ae38bbf9b4a8d1a6,1,train
source_only,1371,344636892c19ed3b,1,test
source_only,1372,3a76ff5bdaca14f8,1,train
source_only,1373,1e300b77ce004bd8,1,test
source_only,1374,3ece688becb80c31,1,test
source_only,1375,a065a19b5cd5987f,1,train
source_only,1376,81734c2a5724d8c1,1,train
source_only,1377,dc31e02b1ac40847,1,train
source_only,1378,9680700059aed0ef,1,test
source_only,1379,7b31bf0b810e60e2,1,train
source_only,1380,9be731e53b8f8547,1,train
source_only,1381,6ab728a6d2d36e06,1,train
source_only,1382,0d7486fec5e7f30b,1,test
source_only,1383,a67c07a31e9169b6,1,train
source_only,1384,5acb1fab844c3ef7,1,test
source_only,1385,d44d331cb674e848,1,train
source_only,1386,0e6c8b66616a1766,1,train
source_only,1387,f5f02f7440ff3f41,1,train
source_only,1388,56ff18573313dba8,1,test
source_only,1389,f04dcfa3936cd0e0,1,test
source_only,1390,6a4fd245f713a99c,1,train
source_only,1391,d09d04276f39f83d,1,train
source_only,1392,84c9508770b96330,1,train
source_only,1393,cf8150d68b0f7f16,1,test
source_only,1394,575b094070bdbc1e,1,train
source_only,1395,3e12c3f626200b09,1,test
source_only,1396,831c0ccc04d78c38,1,train
source_only,1397,9dd4a465a9c10728,1,train
source_only,1398,0dcd3f8f545cb8da,1,test
source_only,1399,9014015a75be2119,1,train
source_only,1400,29617403325996d4,1,train
source_only,1401,dd5385b7d5797606,1,train
source_only,1402,55928eac84a6ed46,1,train
source_only,1403,b677ac4275eb4568,1,train
source_only,1404,0f4923469f3e0c08,1,train
source_only,1405,0a35ebdd22cf2b83,1,train
source_only,1406,9bb2d1365c946159,1,test
source_only,1407,fa5a5afa330f8128,1,train
source_only,1408,27c28837bbc4e648,1,train
source_only,1409,3645b8cab917ffc6,1,train
source_only,1410,dac7bbf98cd8bb6a,1,train
source_only,1411,2aa05540d467635d,1,train
source_only,1412,f6b3813bda883567,1,test
source_only,1413,649774e0d027a4ea,1,test
source_only,1414,2c7ca39481664553,1,train
source_only,1415,647b45826810d1ca,1,train
source_only,1416,17ffd09dd9ce24bc,1,test
source_only,1417,f9ee55ed8713634f,1,train
source_only,1418,288fa6d1dae1ff46,1,train
source_only,1419,0710d9539e7b652e,1,train
source_only,1420,cd164f3485770849,1,test
source_only,1421,4220008971d37fed,1,train
source_only,1422,084b6c0183f0b865,1,train
source_only,1423,b12e08d896fcc6b8,1,train
source_only,1424,bb7badf6b26ce60c,1,test
source_only,1425,7bd66c0ee9c2db29,1,test
source_only,1426,c4a959801454d6c8,1,test
source_only,1427,b8c716c7224e47f4,1,test
source_only,1428,e35939d47028c092,1,train
source_only,1429,8ab876611fad6477,1,test
source_only,1430,b2df5f04a092232f,1,train
source_only,1431,db541d4c0cc3e04d,1,train
source_only,1432,693e6beae31839eb,1,train
source_only,1433,203c9d768479db67,1,train
source_only,1434,fa9397a23fdf7619,1,test
source_only,1435,80c72d77b9d9cd2b,1,train
source_only,1436,b4a881ab8030502b,1,test
source_only,1437,9c239aeb7c07d517,1,train
source_only,1438,266861676a1dbaa7,1,train
source_only,1439,5f2c4e17ca8b2ddc,1,train
source_only,1440,b6b582c38c956f3d,1,train
source_only,1441,10f37c4d1f594d6b,1,train
source_only,1442,5c5260ac0012cfa8,1,train
source_only,1443,3d21d5542507cb59,1,train
source_only,1444,44fc7cf07bc1c0d4,1,train
source_only,1445,c33f424965290884,1,test
source_only,1446,1c2acafb53dae2c8,1,train
source_only,1447,4f64190ea493175b,1,test
source_only,1448,551c796348990412,1,test
source_only,1449,e1fe3510584ec49e,1,train
source_only,1450,4491cfe67e2f6d90,1,test
source_only,1451,9ecd003ce9ff9814,1,train
source_only,1452,9e635a189d339086,1,train
source_only,1453,8eb52d474f56e406,1,train
source_only,1454,ca5e0c2804707629,1,train
source_only,1455,cfc02e157eb7211c,1,train
source_only,1456,733e1c3527ead68e,1,train
source_only,1457,e761b4ee44a121e3,1,test
source_only,1458,2ec4301d84438b24,1,train
source_only,1459,a46afbc70908de8f,1,train
source_only,1460,6f1cc1f5ba831a06,1,train
source_only,1461,0c1ef04be9746757,1,train
source_only,1462,ee0635d5dae7243a,1,train
source_only,1463,742b017ed97c0548,1,train
source_only,1464,f0c9b3a805f90613,1,test
source_only,1465,8d2871a045f8b1e2,1,test
source_only,1466,82bfb2136502b61a,1,train
source_only,1467,d8d02cfd0642472f,1,train
source_only,1468,5ff964f596558b14,1,train
source_only,1469,3f9454e9a9c812a4,1,test
source_only,1470,2fd8b8b1f05c26e6,1,test
source_only,1471,c81878a2cea5d3b0,1,train
source_only,1472,2cdfe4104a36fa9c,1,test
source_only,1473,e5a0167d2034e09d,1,train
source_only,1474,9a90aed6dcbabb0f,1,train
source_only,1475,4d4252ad4e19034b,1,test
source_only,1476,7087f8d336c46b65,1,test
source_only,1477,ad3787256512aea3,1,train
source_only,1478,92a1b4e9db2397a4,1,test
source_only,1479,7986f13a0c41faf9,1,test
source_only,1480,fbba421b5cd815f4,1,train
source_only,1481,1e86647ec855e479,1,train
source_only,1482,c6da475ccf646bfd,1,test
source_only,1483,a5375a92bf6cd217,1,train
source_only,1484,a790c7380f0b6098,1,train
source_only,1485,0cdde5dfca5b266d,1,test
source_only,1486,f79b2015dfa7fc05,1,test
source_only,1487,2f0323f5db9e1cdf,1,train
source_only,1488,b8c58deab5ddbf1a,1,train
source_only,1489,f2d51bac3e4dc3eb,1,test
source_only,1490,bee5f31a2df5ee05,1,test
source_only,1491,3741f8185ad958ba,1,test
source_only,1492,dbb3244ad5102498,1,test
source_only,1493,aa3a6a477d918529,1,train
source_only,1494,2f8fa4e1ca21109e,1,train
source_only,1495,a69f362759faccb2,1,train
source_only,1496,068a61beaf911b35,1,test
source_only,1497,d26f5d61dcf6995c,1,test
source_only,1498,30b08ed51fec76d6,1,train
source_only,1499,290497dc14487144,1,train
source_only,1500,43614815a3ccffba,1,train
source_only,1501,9b44e2135074f1b4,1,train
source_only,1502,5910d347edc5fde1,1,train
source_only,1503,764cb00ce4198144,1,train
source_only,1504,e12595957df47a1d,1,test
source_only,1505,14c0d10102b63a65,1,test
source_only,1506,9516a96d9ae7c7ca,1,train
source_only,1507,dd7d5605685ba646,1,test
source_only,1508,82a71c779b6156f9,1,train
source_only,1509,88677d8e893af6f7,1,train
source_only,1510,226cbd758eaf0776,1,train
source_only,1511,e1cae857d69b3ac9,1,train
source_only,1512,8153ad128f393176,1,train
source_only,1513,0cffe410ee343291,1,test
source_only,1514,6cba477972b4b174,1,test
source_only,1515,52ffda57a98b4f3b,1,train
source_only,1516,cfd71c6f087d4293,1,train
source_only,1517,f1add985ffa01f81,1,train
source_only,1518,7b984080e29166d5,1,test
source_only,1519,f666cdb9a51230ab,1,train
source_only,1520,a5a5fd23ff0cce19,1,train
source_only,1521,ab3f2fe915bcac54,1,train
source_only,1522,c5718e5d578c0ba4,1,train
source_only,1523,438e68bbc6a85301,1,train
source_only,1524,c21929e7b5fa7fb8,1,test
source_only,1525,e8e03dd0cf1cb42e,1,test
source_only,1526,4f9cf7fc06d34353,1,test
source_only,1527,93c2c1de0521505c,1,test
source_only,1528,7de11ceffb4712f6,1,train
source_only,1529,e5d67b6c04aacc7d,1,test
source_only,1530,93a1fa67de597240,1,train
source_only,1531,d389b8cbdc92c5fb,1,train
source_only,1532,163e3f41eec4f958,1,train
source_only,1533,d1fa840222dad16b,1,train
source_only,1534,f956916b6f2b4f2f,1,train
source_only,1535,862712af2b3c44a5,1,train
source_only,1536,b84b332518085082,1,train
source_only,1537,d7e9440ad020ad73,1,train
source_only,1538,9c049afb6ebe8967,1,train
source_only,1539,9b821ce14bc80872,1,test
source_only,1540,f7e76e65f17c6119,1,test
source_only,1541,c872e4772263f28c,1,train
source_only,1542,f1b93f0f7db41f9c,1,test
source_only,1543,a9c78e536aabdee6,1,train
source_only,1544,6d202da316f9be62,1,train
source_only,1545,f4844262add6e40e,1,train
source_only,1546,7c2c63fbad2bcd74,1,train
source_only,1547,b307a2d406b93215,1,train
source_only,1548,1def6a1eb4c4ab1a,1,test
source_only,1549,9bd06d3273c93860,1,train
source_only,1550,30e104a8c5859903,1,train
source_only,1551,c02b317ad408ca37,1,train
source_only,1552,a30cb5af94bd81b4,1,train
source_only,1553,c742145351ae722c,1,train
source_only,1554,9312c2c09c09ce8b,1,test
source_only,1555,de30f8518171dd4d,1,train
source_only,1556,472d402d69bad096,1,train
source_only,1557,64fe6a08fc4df94d,1,train
source_only,1558,d48cf96fbceb47ea,1,test
source_only,1559,164561d3de7fbdfb,1,train
source_only,1560,e9c7016bb8e272eb,1,test
source_only,1561,b5aa3d9e70e17ad2,1,test
source_only,1562,f965eb5d07163a42,1,test
source_only,1563,a87ff7b61944d5cf,1,test
source_only,1564,b513d9851ed21dff,1,train
source_only,1565,a6f4832e13f45e9d,1,train
source_only,1566,3f9ed6a3e3cefc3e,1,test
source_only,1567,486b53b62907e057,1,train
source_only,1568,03f1fd18a2fa24b2,1,train
source_only,1569,28a9d5c11cfabba2,1,train
source_only,1570,7cad948e74ce2348,1,train
source_only,1571,7f7fc0e103f71550,1,train
source_only,1572,e866447cc18e9e61,1,test
source_only,1573,8d11020a9bd40149,1,train
source_only,1574,9bba2c9b698d89f6,1,test
source_only,1575,508f61cc18e298df,1,train
source_only,1576,ba824d50ecd58d6c,1,train
source_only,1577,2d7c916a83605702,1,train
source_only,1578,63cdfb94dd4005ca,1,train
source_only,1579,b81c3c558ff68584,1,train
source_only,1580,1b4f2b6775e18f5b,1,train
source_only,1581,9e380132cd524bf8,1,train
source_only,1582,90714152f622cd2d,1,train
source_only,1583,a498093d7f6a431a,1,test
source_only,1584,1801af42418cd202,1,train
source_only,1585,b9395162c279b8fa,1,train
source_only,1586,0ed4fd7f8a027bcc,1,train
source_only,1587,65b3a1bc52469463,1,train
source_only,1588,2c88648b8ef86805,1,test
source_only,1589,cdfce9ded8b3e8f1,1,test
source_only,1590,81bfd8b74066b7ff,1,train
source_only,1591,5cad2107ee31af20,1,test
source_only,1592,4d78f41861ed66bf,1,train
source_only,1593,19d6f25b5b7f71dd,1,train
source_only,1594,662984c79fa3c088,1,train
source_only,1595,50c18e3c838c4105,1,train
source_only,1596,508d5a35b2317a5e,1,train
source_only,1597,82dba691bff2b35f,1,train
source_only,1598,a421b70b4680f0dc,1,train
source_only,1599,d2b8740740025039,1,test
source_only,1600,822c228288082d7d,1,train
source_only,1601,ddf9bd0c40718dcb,1,test
source_only,1602,f6e8f27e22b2d32b,1,train
source_only,1603,220ee75e3372f9e6,1,train
source_only,1604,9060270d389cd295,1,train
source_only,1605,8b5b74d1c3103982,1,test
source_only,1606,408037fdcaa63e1b,1,train
source_only,1607,bb9f145ba7a0bc48,1,train
source_only,1608,dd61cb7930b332a7,1,test
source_only,1609,3b0b17495121d6ad,1,test
source_only,1610,30ffb45225688e47,1,train
source_only,1611,1a69e88dcb7a6ac6,1,train
source_only,1612,62f956d110a43588,1,test
source_only,1613,454b92f556b58c5f,1,train
source_only,1614,1f7c22cbf95b558c,1,train
source_only,1615,9aaded097da23306,1,train
source_only,1616,8315e9dda3c3882b,1,train
source_only,1617,41a0e5876bdfebf2,1,train
source_only,1618,982f1c092bf7ae73,1,train
source_only,1619,be8da965cac298b4,1,test
source_only,1620,0b27852d275ba5ca,1,test
source_only,1621,25e2c96fe427440a,1,test
source_only,1622,8e411838e7c6914e,1,test
source_only,1623,d1ab7a2b4b7f6d89,1,train
source_only,1624,4c90bfc7301da826,1,train
source_only,1625,cd6564cd4396436a,1,train
source_only,1626,42cafabc59f9157c,1,train
source_only,1627,3a5b3f37f8a8a0ec,1,train
source_only,1628,767e2f527b060cb7,1,train
source_only,1629,76f9d103833c8dc2,1,train
source_only,1630,33cdf2f0a401bfe7,1,test
source_only,1631,c982616be2602dd1,1,train
source_only,1632,b15cd2d480315020,1,test
source_only,1633,1848c4f4a2672657,1,train
source_only,1634,df662afa8926b527,1,train
source_only,1635,5af0e8c8eb0e3bac,1,test
source_only,1636,e8a454e21cb6fa46,1,train
source_only,1637,e294f69905637747,1,test
source_only,1638,cd478e7bb4ad49cc,1,test
source_only,1639,7716154a0108eb55,1,test
source_only,1640,57b904a1984b17e9,1,test
source_only,1641,985fd35dd04bb01a,1,test
source_only,1642,90a07173ebad2c19,1,train
source_only,1643,1eb3bc659926f1c1,1,train
source_only,1644,d8c1369cc8595b53,1,train
source_only,1645,0b2cf0dfec1af5db,1,train
source_only,1646,98d482e65dc8cd5b,1,train
source_only,1647,cb6c49966ff6649a,1,train
source_only,1648,cfe5e07a5670125c,1,train
source_only,1649,9f2372277016500d,1,test
source_only,1650,93ac81d9a1231776,1,train
source_only,1651,47db9406c181db2a,1,train
source_only,1652,37f36dd113da782e,1,train
source_only,1653,913fc966850b9d9b,1,train
source_only,1654,8e57f87649124e03,1,train
source_only,1655,d7a9c50f5edb76ef,1,train
source_only,1656,af75a42dd29cba54,1,train
source_only,1657,7554ffe163a98331,1,train
source_only,1658,ffab5b12f27d6b6e,1,train
source_only,1659,8d6386b31e1a125d,1,train
source_only,1660,bc7ec9db1f515232,1,test
source_only,1661,abe9942cdcc9dd45,1,train
source_only,1662,07e8b770f6fe56d0,1,train
source_only,1663,522f2431fa64cab3,1,train
source_only,1664,14fb8798b06cccbb,1,train
source_only,1665,217093e5e544e3ca,1,test
source_only,1666,3176cc49cd770c95,1,train
source_only,1667,cfc9ebfd42e49916,1,train
source_only,1668,4c4436892f34cc49,1,train
source_only,1669,68419a8e7b60b572,1,test
source_only,1670,c1bcd646425ff346,1,train
source_only,1671,6b81dada330ca6de,1,test
source_only,1672,d067640d60539ba3,1,train
source_only,1673,b4e38768a46cbbd3,1,test
source_only,1674,8fac8d57e2e72564,1,test
source_only,1675,7163a64ecb8555d2,1,train
source_only,1676,af13affbc22986b5,1,train
source_only,1677,c374ab6f161f2741,1,test
source_only,1678,aaba2ebd1b76a690,1,test
source_only,1679,9681f8efec9d8941,1,test
source_only,1680,14576e83bbcdb01a,1,train
source_only,1681,ffdc4b4a22db93fe,1,train
source_only,1682,ba75626e3fb0a91a,1,train
source_only,1683,b14a441e8e95f26d,1,train
source_only,1684,ccad61b985c7da82,1,train
source_only,1685,1255b6def9af6447,1,train
source_only,1686,6cc28bf56127bbd3,1,train
source_only,1687,17bc48ca49e0d39c,1,train
source_only,1688,b4cbf4439a080abb,1,train
source_only,1689,bb08bbee08520a23,1,train
source_only,1690,2bde8189fee40da4,1,train
source_only,1691,f098d5e9a13cd5a1,1,train
source_only,1692,51bd5ce8bb98d7d9,1,train
source_only,1693,cc21308e5ec29042,1,train
source_only,1694,bc09e890a0b1f5a0,1,train
source_only,1695,5a8501ae92104a5b,1,test
source_only,1696,87c5689e704eeffc,1,train
source_only,1697,e0c241f64f7cfa76,1,train
source_only,1698,188c0cabc7194b6c,1,train
source_only,1699,9b076c880779e903,1,train
source_only,1700,41ab30a9177b79c7,1,test
source_only,1701,8528ac82e51dede7,1,train
source_only,1702,91e00ff6d42ac97a,1,train
source_only,1703,070f852e07c14237,1,train
source_only,1704,bcb6d09772108b0c,1,train
source_only,1705,0efb2f8a4a70efbd,1,test
source_only,1706,16c7269371d79c0a,1,train
source_only,1707,5903bff2e3ab0192,1,train
source_only,1708,34e34aba5f983a21,1,train
source_only,1709,1dc6f78f1a27a720,1,train
source_only,1710,e95de2645029426e,1,train
source_only,1711,8f1f4026eee69fe3,1,train
source_only,1712,6c3ff1911e66899f,1,test
source_only,1713,c327cf79657eaee1,1,train
source_only,1714,a4ee58b97d597918,1,train
source_only,1715,7573b144b252b322,1,train
source_only,1716,5733974e0ba2048e,1,test
source_only,1717,4348e24c933f61f7,1,train
source_only,1718,e2c5dc5746bf6173,1,train
source_only,1719,3857161f9fd1ca5e,1,train
source_only,1720,1bea4210db6f2a59,1,train
source_only,1721,64c69888636fbe50,1,train
source_only,1722,9a18c7d79c67019e,1,train
source_only,1723,869cc896924a222b,1,train
source_only,1724,4f0a44fbde06a650,1,train
source_only,1725,908048df530d7544,1,test
source_only,1726,27eb11b20b75cced,1,train
source_only,1727,00efc7fb273250ea,1,train
source_only,1728,dbe2be9ad2dab538,1,train
source_only,1729,044d6c338d43f64c,1,train
source_only,1730,350bb827e1c25778,1,train
source_only,1731,0aeec14b63b6d736,1,train
source_only,1732,ba2c55a6f0a57474,1,test
source_only,1733,21e96a3511f5bda8,1,test
source_only,1734,e755d579cae918ee,1,train
source_only,1735,4d7383f6c538ac89,1,train
source_only,1736,638ac77720ecef14,1,train
source_only,1737,6e391800bb6f08b8,1,test
source_only,1738,38450f5f5ad8dfc9,1,train
source_only,1739,e8d37971c2ee3bd8,1,train
source_only,1740,a76d792c481c8882,1,train
source_only,1741,48c45e724d5756d1,1,test
source_only,1742,df90435ab7412855,1,train
source_only,1743,d568139a8151f789,1,train
source_only,1744,10e54e4590a5027d,1,train
source_only,1745,7cf2e7d8f42c861d,1,train
source_only,1746,05d217fdc4eae87b,1,test
source_only,1747,a74e7343cfb1e89d,1,train
source_only,1748,340129f9d013837d,1,train
source_only,1749,8c89624c88b5aad7,1,test
source_only,1750,865f3fc5c12ba5d4,1,train
source_only,1751,e51424b1670c3838,1,train
source_only,1752,c9fa5319c594f99f,1,test
source_only,1753,09eb59cb05f3c5a2,1,train
source_only,1754,eb5b4132effd67f0,1,test
source_only,1755,2981df66c2a092fd,1,test
source_only,1756,246b2e3afa2f64e0,1,train
source_only,1757,c5844330ee2a54b3,1,train
source_only,1758,7be25573a6147c5d,1,train
source_only,1759,87f7bf79f8f53a97,1,train
source_only,1760,fbe211d924cbecda,1,test
source_only,1761,c99e01cad1787731,1,test
source_only,1762,9c9598b3d9ce9597,1,train
source_only,1763,fc374d5d4ae6c04e,1,train
source_only,1764,04cda8095a4fce2e,1,train
source_only,1765,c769c0acc08b4390,1,train
source_only,1766,7f438e86e785985a,1,test
source_only,1767,e152ce100dcfebda,1,train
source_only,1768,551dde1e1f2e58ac,1,train
source_only,1769,4b631e2b984f36d1,1,train
source_only,1770,310882c4bb81b76c,1,test
source_only,1771,b33399465311134e,1,train
source_only,1772,6b1c2b8fd6e38b87,1,train
source_only,1773,9db22bc77b4dbb9e,1,train
source_only,1774,05fae43caa5e11fc,1,train
source_only,1775,570e3be635ede83a,1,train
source_only,1776,bc8d8f9d1ce62516,1,train
source_only,1777,bf912bc96f19e381,1,train
source_only,1778,4f2fe2d47229c9d1,1,train
source_only,1779,5405627b4a8c5c9b,1,train
source_only,1780,022db2a7c6992747,1,test
source_only,1781,33fb245869adff80,1,train
source_only,1782,6a132b9dfb57eaa1,1,test
source_only,1783,33ec793a7b497368,1,train
source_only,1784,9dcc6218d7b36b7b,1,train
source_only,1785,29356bf78e241847,1,train
source_only,1786,599db55113c7081c,1,train
source_only,1787,e98cd596c887bfe8,1,train
source_only,1788,28b9869a2955b6c0,1,train
source_only,1789,f858add8d03d5e69,1,train
source_only,1790,95188e87fbe1f592,1,test
source_only,1791,d6b8c1e2e1b405be,1,train
source_only,1792,e75620e490e49097,1,train
source_only,1793,c9e15dd7f3480d3a,1,test
source_only,1794,eeb0c3edc0661ca6,1,train
source_only,1795,752cfa1a39c185c9,1,train
source_only,1796,da6cfac7a19e10e4,1,train
source_only,1797,bd6d3e28644516cf,1,train
source_only,1798,7a2fe50d8ead6b9c,1,train
source_only,1799,37967efe505ed3f2,1,train
source_only,1800,f04b22529c562479,1,test
source_only,1801,f7ee12148c92e0de,1,test
source_only,1802,d8bf90cd95a3f2ad,1,test
source_only,1803,b90461bd9254b19f,1,test
source_only,1804,b71f5c9bf5797617,1,train
source_only,1805,5a9466e7213003a7,1,train
source_only,1806,82b7b30f62e02004,1,test
source_only,1807,cd2636bec02ecc9f,1,train
source_only,1808,1ae995f287fcaec9,1,test
source_only,1809,1f0fca22d8da76d4,1,train
source_only,1810,c21dbd8f68477a17,1,train
source_only,1811,fec50eef260cb29c,1,train
source_only,1812,3683d4d970006a1b,1,train
source_only,1813,5eaadc2985d91902,1,test
source_only,1814,40d5c23eccac1e16,1,train
source_only,1815,117ab8391d830d4b,1,train
source_only,1816,ebb08477e16f99d0,1,train
source_only,1817,9f69fac98b517606,1,train
source_only,1818,a6eda8a6d78e5530,1,train
source_only,1819,30cb33f63514810d,1,train
source_only,1820,74ab83b3d3db013d,1,train
source_only,1821,a0d5b151252e356d,1,train
source_only,1822,b23cb43da41446cd,1,train
source_only,1823,09fd84f223fada37,1,test
source_only,1824,691b85bc0a45bcb7,1,test
source_only,1825,ec8a8332fd452dd9,1,train
source_only,1826,171a34fbd721ee43,1,test
source_only,1827,277258de1831e005,1,test
source_only,1828,bcd6e440efec82b5,1,test
source_only,1829,2bf34ecfc182179e,1,train
source_only,1830,358357740cc65699,1,train
source_only,1831,6a4a8e17fa1ba81e,1,train
source_only,1832,713f5a43c5d5f889,1,train
source_only,1833,1b5bcd8bc57696bd,1,train
source_only,1834,9805c64685d23777,1,train
source_only,1835,6d9d957395912517,1,train
source_only,1836,e84e47e83d1aa43f,1,test
source_only,1837,94bbff7707537f4a,1,train
source_only,1838,e5c8f884951b92d7,1,train
source_only,1839,33fe172a4f0fd089,1,train
source_only,1840,8a4fb07df3c59191,1,train
source_only,1841,2d509550f629b181,1,test
source_only,1842,806bf3051b9b9d54,1,test
source_only,1843,3e2fbcc20995a2a5,1,test
source_only,1844,58dab74f6636103c,1,train
source_only,1845,4c9c07e6f4736f15,1,train
source_only,1846,cf3b1b74a8ad979b,1,train
source_only,1847,9e5f804af94fe342,1,test
source_only,1848,d94e83baa17b30b8,1,train
source_only,1849,3a87d82414f72a84,1,train
source_only,1850,5702997a5024511a,1,train
source_only,1851,092ec0eed0b2a31f,1,train
source_only,1852,7e7c33efc60d3bc4,1,train
source_only,1853,bf98de801f6981f8,1,train
source_only,1854,859588e496d103b0,1,test
source_only,1855,c0a96602557a265f,1,train
source_only,1856,84ce485280f8fa97,1,train
source_only,1857,a13fe86db0bbfcb0,1,test
source_only,1858,f4c60ff1e067ca8a,1,train
source_only,1859,88af56b029ef4615,1,train
source_only,1860,505a1c194adc9ee2,1,train
source_only,1861,67514916d682a277,1,test
source_only,1862,147d40ea5066e3e0,1,train
source_only,1863,617039d656b9d668,1,train
source_only,1864,24bde8fe3d3743b3,1,test
source_only,1865,661241f9cf2a9b7c,1,train
source_only,1866,43d4344f21d233c4,1,test
source_only,1867,ad5c3225f0205048,1,train
source_only,1868,0f3e88e74fc3842f,1,train
source_only,1869,612cb79c6a332e07,1,train
source_only,1870,111040cf94023809,1,train
source_only,1871,0feff72fb8c06173,1,test
source_only,1872,762c7c459e9da299,1,test
source_only,1873,30e271cacc46afe7,1,train
source_only,1874,83f6edb863edebab,1,train
source_only,1875,4f98afecefc43087,1,train
source_only,1876,0ad50324f90aa4fe,1,train
source_only,1877,a20d64aa796ab0c1,1,train
source_only,1878,250af1581f2701d8,1,test
source_only,1879,6e28e81d0331621e,1,train
source_only,1880,c5aada42a16e457a,1,test
source_only,1881,c082b53b336727b1,1,test
source_only,1882,a218b08080861621,1,train
source_only,1883,0f6948e4b36eedd6,1,train
source_only,1884,c8d2edbc8bdc20cd,1,train
source_only,1885,b2d10309fa01acd3,1,train
source_only,1886,31733658ef666a1d,1,train
source_only,1887,3586ae636359e1ab,1,train
source_only,1888,788d22c87baa8c75,1,train
source_only,1889,3669e06c908e0086,1,train
source_only,1890,cab690bb589962bc,1,test
source_only,1891,be4d34947f6bbce2,1,train
source_only,1892,805d788243136afc,1,train
source_only,1893,73adec485e6e9537,1,train
source_only,1894,e15e976c6a627b91,1,test
source_only,1895,c3dca934512e1f8f,1,test
source_only,1896,4b8aa96cd0f4005c,1,train
source_only,1897,48e26a560336bc1f,1,train
source_only,1898,af571b61336bef96,1,train
source_only,1899,ddf5f24e267aa3e3,1,test
source_only,1900,3fdd380e7a9f0c15,1,train
source_only,1901,0e6a558cc8641eca,1,train
source_only,1902,adc6ba6aa18f4224,1,train
source_only,1903,ba101ef34c8010f3,1,test
source_only,1904,930eaa9a1a9a9b73,1,test
source_only,1905,8a2a5183b8320420,1,train
source_only,1906,22371a1ebb60d262,1,train
source_only,1907,afe68e59541266be,1,test
source_only,1908,2acf87d5ebde5558,1,train
source_only,1909,3d3dba3e18594196,1,train
source_only,1910,de90c1082edd3e68,1,train
source_only,1911,91a07020e15f18ad,1,train
source_only,1912,e5282ab07a793f8d,1,train
source_only,1913,fa6ffd293400e241,1,train
source_only,1914,d49ef24aaebf8c28,1,train
source_only,1915,f5e9fbeb1dd9fd2e,1,train
source_only,1916,84585f518a3bbb71,1,train
source_only,1917,8ec91d84865929d0,1,train
source_only,1918,55dd45cb69d01856,1,test
source_only,1919,71c9f5be3e15e932,1,train
source_only,1920,6ba928dfc3f8fe8a,1,train
source_only,1921,94928455cb0dd4fc,1,test
source_only,1922,ac72d5a32e08f9cf,1,train
source_only,1923,7b8674d762809065,1,test
source_only,1924,8f17e5ef1a00b7f3,1,test
source_only,1925,768798d65ef10bd0,1,train
source_only,1926,4b860d4237ce74f4,1,train
source_only,1927,61feb87eba6b131f,1,test
source_only,1928,00afef4d0da7c581,1,train
source_only,1929,ea3546cad0886b57,1,train
source_only,1930,8d3a5328c519708a,1,train
source_only,1931,6b22558648f02039,1,train
source_only,1932,51eccb0f9bff6f55,1,train
source_only,1933,7ae2725a3fb1a670,1,train
source_only,1934,456e3e14e818d396,1,test
source_only,1935,1ab55e1b8fadad03,1,test
source_only,1936,f0669778306dc5bb,1,train
source_only,1937,372e0a8c6600eeed,1,test
source_only,1938,e7c1fe6c260aa6c7,1,train
source_only,1939,5ccb1adc0c9844a6,1,train
source_only,1940,c8c5ad343596e65b,1,test
source_only,1941,401548a29941d95f,1,train
source_only,1942,04e95a95c99aa6b8,1,train
source_only,1943,385de1fd21b8bde9,1,train
source_only,1944,ecbb78c390153db4,1,train
source_only,1945,02c86bd92efc0331,1,test
source_only,1946,ec95b8b65943e7d7,1,train
source_only,1947,fc55b59beb535547,1,train
source_only,1948,885282f41f38d035,1,train
source_only,1949,6446c1d604bc35c5,1,train
source_only,1950,986bc781edf7fe2f,1,train
source_only,1951,1bc492d444bba04c,1,test
source_only,1952,18d011dcecf5b939,1,test
source_only,1953,f38dfbf56dbda295,1,test
source_only,1954,9c10608de531c982,1,train
source_only,1955,9e834479e12f81a5,1,test
source_only,1956,a9152cdd98fbb947,1,test
source_only,1957,3947646ac5eb6bbc,1,test
source_only,1958,52bcbb348dfeb9b9,1,train
source_only,1959,66c0e1f5e04424c1,1,test
source_only,1960,8633eaef4712d52d,1,train
source_only,1961,10a03910be90e71f,1,train
source_only,1962,48507734b68dec10,1,train
source_only,1963,943e0554caaa5ac6,1,test
source_only,1964,434482c2f3ccdd02,1,train
source_only,1965,ec8cc6cad56aae44,1,train
source_only,1966,4a812d61edf0fc70,1,train
source_only,1967,7380a838cf7e7458,1,train
source_only,1968,1705f0c1d30e1134,1,train
source_only,1969,e0934e5bf3b557af,1,train
source_only,1970,e6956349c15097a7,1,train
source_only,1971,f674203a0ac0c2bd,1,train
source_only,1972,29ee5bb526094f68,1,train
source_only,1973,8d50bbd15d220c46,1,train
source_only,1974,8a20d11b229ef8dd,1,test
source_only,1975,85c2218fdc8eb677,1,train
source_only,1976,ecb91bc96a92dbf4,1,train
source_only,1977,5e43c3240478049d,1,test
source_only,1978,d074176b47f9bc23,1,test
source_only,1979,733f04ec2276a3e3,1,test
source_only,1980,102918a6eb0ee617,1,train
source_only,1981,3aae1298a73e0d22,1,train
source_only,1982,ae3299a31600c77d,1,test
source_only,1983,3828da7b509efe4e,1,test
source_only,1984,0d0b204ebf913d15,1,train
source_only,1985,389ce630dad1b694,1,train
source_only,1986,13c0a50dff6e52fc,1,test
source_only,1987,61d498fda20a3f7e,1,train
source_only,1988,4d46c2b3f433e739,1,train
source_only,1989,28191ca1f373d2aa,1,train
source_only,1990,b523bf6d61ac396f,1,train
source_only,1991,026e240f17ddfdda,1,train
source_only,1992,b08366acb2f4690c,1,train
source_only,1993,ea3efcc68933cf6f,1,test
source_only,1994,5bdd31261827f161,1,train
source_only,1995,8b529585ed918f2f,1,train
source_only,1996,6066a53e9d660eba,1,train
source_only,1997,37d9c8ca4ab2fb2d,1,train
source_only,1998,94c54b3e27e1a4f1,1,train
source_only,1999,16c0747c6c88e3b0,1,test
source_only,2000,77b18f59bc82e901,1,train
source_only,2001,8abec3f7034dae17,1,train
source_only,2002,d3532debbbbb40d1,1,train
source_only,2003,782db9cce06e6462,1,train
