run_id,domain,path,truth,prediction
cdan,photo,photo/dog/056_0009.jpg,0,0
cdan,photo,photo/dog/056_0010.jpg,0,0
cdan,photo,photo/dog/056_0029.jpg,0,0
cdan,photo,photo/dog/056_0030.jpg,0,0
cdan,photo,photo/dog/056_0042.jpg,0,0
cdan,photo,photo/dog/056_0043.jpg,0,4
cdan,photo,photo/dog/056_0048.jpg,0,0
cdan,photo,photo/dog/056_0050.jpg,0,0
cdan,photo,photo/dog/056_0052.jpg,0,0
cdan,photo,photo/dog/056_0058.jpg,0,0
cdan,photo,photo/dog/056_0062.jpg,0,0
cdan,photo,photo/dog/056_0068.jpg,0,0
cdan,photo,photo/dog/056_0071.jpg,0,0
cdan,photo,photo/dog/056_0073.jpg,0,0
cdan,photo,photo/dog/056_0075.jpg,0,0
cdan,photo,photo/dog/056_0080.jpg,0,0
cdan,photo,photo/dog/056_0082.jpg,0,0
cdan,photo,photo/dog/056_0084.jpg,0,4
cdan,photo,photo/dog/056_0090.jpg,0,0
cdan,photo,photo/dog/056_0095.jpg,0,0
cdan,photo,photo/dog/n02103406_1599.jpg,0,0
cdan,photo,photo/dog/n02103406_2954.jpg,0,0
cdan,photo,photo/dog/n02103406_3132.jpg,0,0
cdan,photo,photo/dog/n02103406_3538.jpg,0,0
cdan,photo,photo/dog/n02103406_371.jpg,0,0
cdan,photo,photo/dog/n02103406_3964.jpg,0,0
cdan,photo,photo/dog/n02103406_4916.jpg,0,0
cdan,photo,photo/dog/n02103406_5035.jpg,0,0
cdan,photo,photo/dog/n02103406_5456.jpg,0,0
cdan,photo,photo/dog/n02103406_5505.jpg,0,0
cdan,photo,photo/dog/n02103406_6530.jpg,0,4
cdan,photo,photo/dog/n02103406_8280.jpg,0,4
cdan,photo,photo/dog/n02106662_11133.jpg,0,0
cdan,photo,photo/dog/n02106662_1922.jpg,0,0
cdan,photo,photo/dog/n02106662_25917.jpg,0,0
cdan,photo,photo/dog/n02106662_27393.jpg,0,0
cdan,photo,photo/dog/n02106662_7885.jpg,0,0
cdan,photo,photo/dog/n02109525_12875.jpg,0,0
cdan,photo,photo/elephant/064_0004.jpg,1,1
cdan,photo,photo/elephant/064_0008.jpg,1,1
cdan,photo,photo/elephant/064_0011.jpg,1,4
cdan,photo,photo/elephant/064_0012.jpg,1,1
cdan,photo,photo/elephant/064_0016.jpg,1,1
cdan,photo,photo/elephant/064_0024.jpg,1,1
cdan,photo,photo/elephant/064_0039.jpg,1,1
cdan,photo,photo/elephant/064_0044.jpg,1,1
cdan,photo,photo/elephant/064_0045.jpg,1,1
cdan,photo,photo/elephant/064_0062.jpg,1,1
cdan,photo,photo/elephant/064_0067.jpg,1,1
cdan,photo,photo/elephant/064_0070.jpg,1,4
cdan,photo,photo/elephant/064_0072.jpg,1,1
cdan,photo,photo/elephant/064_0074.jpg,1,1
cdan,photo,photo/elephant/064_0097.jpg,1,1
cdan,photo,photo/elephant/064_0111.jpg,1,1
cdan,photo,photo/elephant/064_0114.jpg,1,1
cdan,photo,photo/elephant/064_0115.jpg,1,1
cdan,photo,photo/elephant/064_0120.jpg,1,1
cdan,photo,photo/elephant/064_0125.jpg,1,1
cdan,photo,photo/elephant/064_0127.jpg,1,1
cdan,photo,photo/elephant/064_0130.jpg,1,1
cdan,photo,photo/elephant/n02503517_10193.jpg,1,1
cdan,photo,photo/elephant/n02503517_1453.jpg,1,1
cdan,photo,photo/elephant/n02503517_184.jpg,1,4
cdan,photo,photo/elephant/n02503517_3803.jpg,1,1
cdan,photo,photo/elephant/n02503517_4247.jpg,1,1
cdan,photo,photo/elephant/n02503517_4605.jpg,1,1
cdan,photo,photo/elephant/n02503517_5287.jpg,1,1
cdan,photo,photo/elephant/n02503517_5418.jpg,1,1
cdan,photo,photo/elephant/n02503517_5527.jpg,1,1
cdan,photo,photo/elephant/n02503517_564.jpg,1,1
cdan,photo,photo/elephant/n02503517_6032.jpg,1,1
cdan,photo,photo/elephant/n02503517_6479.jpg,1,1
cdan,photo,photo/elephant/n02503517_6880.jpg,1,1
cdan,photo,photo/elephant/n02503517_7020.jpg,1,1
cdan,photo,photo/elephant/n02503517_753.jpg,1,4
cdan,photo,photo/elephant/n02503517_8571.jpg,1,1
cdan,photo,photo/elephant/n02503517_8901.jpg,1,1
cdan,photo,photo/elephant/n02503517_8904.jpg,1,1
cdan,photo,photo/elephant/n02503517_9827.jpg,1,1
cdan,photo,photo/giraffe/084_0011.jpg,2,2
cdan,photo,photo/giraffe/084_0012.jpg,2,2
cdan,photo,photo/giraffe/084_0020.jpg,2,2
cdan,photo,photo/giraffe/084_0028.jpg,2,0
cdan,photo,photo/giraffe/084_0029.jpg,2,2
cdan,photo,photo/giraffe/084_0042.jpg,2,2
cdan,photo,photo/giraffe/084_0045.jpg,2,2
cdan,photo,photo/giraffe/084_0047.jpg,2,2
cdan,photo,photo/giraffe/084_0059.jpg,2,2
cdan,photo,photo/giraffe/084_0060.jpg,2,2
cdan,photo,photo/giraffe/084_0074.jpg,2,2
cdan,photo,photo/giraffe/084_0077.jpg,2,2
cdan,photo,photo/giraffe/n02439033_10130.jpg,2,2
cdan,photo,photo/giraffe/n02439033_10164.jpg,2,2
cdan,photo,photo/giraffe/n02439033_10453.jpg,2,2
cdan,photo,photo/giraffe/n02439033_10919.jpg,2,2
cdan,photo,photo/giraffe/n02439033_11059.jpg,2,2
cdan,photo,photo/giraffe/n02439033_11114.jpg,2,2
cdan,photo,photo/giraffe/n02439033_11486.jpg,2,2
cdan,photo,photo/giraffe/n02439033_11504.jpg,2,2
cdan,photo,photo/giraffe/n02439033_11627.jpg,2,2
cdan,photo,photo/giraffe/n02439033_11683.jpg,2,2
cdan,photo,photo/giraffe/n02439033_11715.jpg,2,5
cdan,photo,photo/giraffe/n02439033_12413.jpg,2,2
cdan,photo,photo/giraffe/n02439033_12680.jpg,2,2
cdan,photo,photo/giraffe/n02439033_12987.jpg,2,2
cdan,photo,photo/giraffe/n02439033_13602.jpg,2,3
cdan,photo,photo/giraffe/n02439033_14148.jpg,2,2
cdan,photo,photo/giraffe/n02439033_14846.jpg,2,2
cdan,photo,photo/giraffe/n02439033_14872.jpg,2,2
cdan,photo,photo/giraffe/n02439033_1508.jpg,2,2
cdan,photo,photo/giraffe/n02439033_15479.jpg,2,2
cdan,photo,photo/giraffe/n02439033_16483.jpg,2,2
cdan,photo,photo/giraffe/n02439033_5652.jpg,2,2
cdan,photo,photo/giraffe/n02439033_9472.jpg,2,2
cdan,photo,photo/giraffe/n02439033_991.jpg,2,2
cdan,photo,photo/guitar/063_0001.jpg,3,3
cdan,photo,photo/guitar/063_0009.jpg,3,3
cdan,photo,photo/guitar/063_0010.jpg,3,3
cdan,photo,photo/guitar/063_0022.jpg,3,3
cdan,photo,photo/guitar/063_0024.jpg,3,3
cdan,photo,photo/guitar/063_0035.jpg,3,3
cdan,photo,photo/guitar/063_0038.jpg,3,3
cdan,photo,photo/guitar/063_0041.jpg,3,3
cdan,photo,photo/guitar/063_0046.jpg,3,3
cdan,photo,photo/guitar/063_0048.jpg,3,3
cdan,photo,photo/guitar/063_0050.jpg,3,3
cdan,photo,photo/guitar/063_0052.jpg,3,3
cdan,photo,photo/guitar/063_0053.jpg,3,3
cdan,photo,photo/guitar/063_0067.jpg,3,3
cdan,photo,photo/guitar/063_0074.jpg,3,3
cdan,photo,photo/guitar/063_0079.jpg,3,3
cdan,photo,photo/guitar/063_0084.jpg,3,3
cdan,photo,photo/guitar/063_0087.jpg,3,3
cdan,photo,photo/guitar/063_0089.jpg,3,3
cdan,photo,photo/guitar/063_0090.jpg,3,3
cdan,photo,photo/guitar/063_0093.jpg,3,3
cdan,photo,photo/guitar/063_0095.jpg,3,3
cdan,photo,photo/guitar/063_0107.jpg,3,3
cdan,photo,photo/guitar/063_0108.jpg,3,3
cdan,photo,photo/guitar/n02676566_4189.jpg,3,3
cdan,photo,photo/guitar/n02676566_6704.jpg,3,3
cdan,photo,photo/guitar/n02676566_7830.jpg,3,3
cdan,photo,photo/guitar/n02676566_7844.jpg,3,3
cdan,photo,photo/guitar/n02676566_8997.jpg,3,3
cdan,photo,photo/guitar/n03272010_10795.jpg,3,3
cdan,photo,photo/guitar/n03272010_6820.jpg,3,3
cdan,photo,photo/guitar/n03272010_7092.jpg,3,3
cdan,photo,photo/guitar/n03272010_7390.jpg,3,3
cdan,photo,photo/guitar/n03272010_9557.jpg,3,3
cdan,photo,photo/guitar/n03467517_12925.jpg,3,3
cdan,photo,photo/guitar/n03467517_22785.jpg,3,3
cdan,photo,photo/guitar/n03467517_23229.jpg,3,3
cdan,photo,photo/horse/105_0007.jpg,4,4
cdan,photo,photo/horse/105_0008.jpg,4,4
cdan,photo,photo/horse/105_0030.jpg,4,4
cdan,photo,photo/horse/105_0048.jpg,4,4
cdan,photo,photo/horse/105_0059.jpg,4,4
cdan,photo,photo/horse/105_0066.jpg,4,4
cdan,photo,photo/horse/105_0067.jpg,4,4
cdan,photo,photo/horse/105_0076.jpg,4,4
cdan,photo,photo/horse/105_0103.jpg,4,4
cdan,photo,photo/horse/105_0106.jpg,4,4
cdan,photo,photo/horse/105_0115.jpg,4,1
cdan,photo,photo/horse/105_0134.jpg,4,4
cdan,photo,photo/horse/105_0199.jpg,4,4
cdan,photo,photo/horse/105_0206.jpg,4,4
cdan,photo,photo/horse/105_0207.jpg,4,4
cdan,photo,photo/horse/105_0215.jpg,4,4
cdan,photo,photo/horse/105_0260.jpg,4,4
cdan,photo,photo/horse/105_0266.jpg,4,4
cdan,photo,photo/horse/n02374451_10098.jpg,4,4
cdan,photo,photo/horse/n02374451_10669.jpg,4,4
cdan,photo,photo/horse/n02374451_10761.jpg,4,3
cdan,photo,photo/horse/n02374451_11492.jpg,4,4
cdan,photo,photo/horse/n02374451_1234.jpg,4,4
cdan,photo,photo/horse/n02374451_13718.jpg,4,4
cdan,photo,photo/horse/n02374451_14119.jpg,4,4
cdan,photo,photo/horse/n02374451_1443.jpg,4,4
cdan,photo,photo/horse/n02374451_14738.jpg,4,4
cdan,photo,photo/horse/n02374451_16358.jpg,4,4
cdan,photo,photo/horse/n02374451_17474.jpg,4,4
cdan,photo,photo/horse/n02374451_18570.jpg,4,4
cdan,photo,photo/horse/n02374451_2248.jpg,4,4
cdan,photo,photo/horse/n02374451_4795.jpg,4,4
cdan,photo,photo/horse/n02374451_503.jpg,4,4
cdan,photo,photo/horse/n02374451_54.jpg,4,4
cdan,photo,photo/horse/n02374451_7631.jpg,4,4
cdan,photo,photo/horse/n02374451_8526.jpg,4,4
cdan,photo,photo/horse/n02374451_8744.jpg,4,4
cdan,photo,photo/horse/n02374451_9064.jpg,4,4
cdan,photo,photo/horse/n02374451_925.jpg,4,4
cdan,photo,photo/horse/n02374451_9892.jpg,4,4
cdan,photo,photo/house/pic_004.jpg,5,5
cdan,photo,photo/house/pic_005.jpg,5,5
cdan,photo,photo/house/pic_013.jpg,5,5
cdan,photo,photo/house/pic_015.jpg,5,5
cdan,photo,photo/house/pic_017.jpg,5,5
cdan,photo,photo/house/pic_028.jpg,5,5
cdan,photo,photo/house/pic_034.jpg,5,5
cdan,photo,photo/house/pic_038.jpg,5,5
cdan,photo,photo/house/pic_046.jpg,5,5
cdan,photo,photo/house/pic_049.jpg,5,5
cdan,photo,photo/house/pic_050.jpg,5,5
cdan,photo,photo/house/pic_054.jpg,5,5
cdan,photo,photo/house/pic_058.jpg,5,5
cdan,photo,photo/house/pic_060.jpg,5,5
cdan,photo,photo/house/pic_067.jpg,5,5
cdan,photo,photo/house/pic_069.jpg,5,5
cdan,photo,photo/house/pic_073.jpg,5,5
cdan,photo,photo/house/pic_077.jpg,5,5
cdan,photo,photo/house/pic_080.jpg,5,5
cdan,photo,photo/house/pic_090.jpg,5,5
cdan,photo,photo/house/pic_092.jpg,5,5
cdan,photo,photo/house/pic_094.jpg,5,5
cdan,photo,photo/house/pic_097.jpg,5,5
cdan,photo,photo/house/pic_104.jpg,5,5
cdan,photo,photo/house/pic_106.jpg,5,5
cdan,photo,photo/house/pic_111.jpg,5,5
cdan,photo,photo/house/pic_112.jpg,5,5
cdan,photo,photo/house/pic_113.jpg,5,5
cdan,photo,photo/house/pic_117.jpg,5,5
cdan,photo,photo/house/pic_130.jpg,5,5
cdan,photo,photo/house/pic_144.jpg,5,5
cdan,photo,photo/house/pic_145.jpg,5,5
cdan,photo,photo/house/pic_146.jpg,5,5
cdan,photo,photo/house/pic_160.jpg,5,5
cdan,photo,photo/house/pic_161.jpg,5,5
cdan,photo,photo/house/pic_165.jpg,5,5
cdan,photo,photo/house/pic_172.jpg,5,5
cdan,photo,photo/house/pic_173.jpg,5,5
cdan,photo,photo/house/pic_175.jpg,5,5
cdan,photo,photo/house/pic_184.jpg,5,5
cdan,photo,photo/house/pic_188.jpg,5,5
cdan,photo,photo/house/pic_195.jpg,5,5
cdan,photo,photo/house/pic_206.jpg,5,5
cdan,photo,photo/house/pic_224.jpg,5,5
cdan,photo,photo/house/pic_225.jpg,5,5
cdan,photo,photo/house/pic_229.jpg,5,5
cdan,photo,photo/house/pic_234.jpg,5,5
cdan,photo,photo/house/pic_235.jpg,5,5
cdan,photo,photo/house/pic_250.jpg,5,5
cdan,photo,photo/house/pic_259.jpg,5,5
cdan,photo,photo/house/pic_260.jpg,5,5
cdan,photo,photo/house/pic_278.jpg,5,5
cdan,photo,photo/house/pic_279.jpg,5,5
cdan,photo,photo/house/pic_280.jpg,5,5
cdan,photo,photo/house/pic_281.jpg,5,5
cdan,photo,photo/house/pic_284.jpg,5,5
cdan,photo,photo/person/253_0006.jpg,6,6
cdan,photo,photo/person/253_0014.jpg,6,6
cdan,photo,photo/person/253_0015.jpg,6,6
cdan,photo,photo/person/253_0017.jpg,6,6
cdan,photo,photo/person/253_0021.jpg,6,6
cdan,photo,photo/person/253_0024.jpg,6,6
cdan,photo,photo/person/253_0033.jpg,6,6
cdan,photo,photo/person/253_0034.jpg,6,6
cdan,photo,photo/person/253_0045.jpg,6,6
cdan,photo,photo/person/253_0049.jpg,6,6
cdan,photo,photo/person/253_0050.jpg,6,6
cdan,photo,photo/person/253_0055.jpg,6,6
cdan,photo,photo/person/253_0058.jpg,6,6
cdan,photo,photo/person/253_0063.jpg,6,6
cdan,photo,photo/person/253_0074.jpg,6,6
cdan,photo,photo/person/253_0075.jpg,6,6
cdan,photo,photo/person/253_0082.jpg,6,6
cdan,photo,photo/person/253_0084.jpg,6,6
cdan,photo,photo/person/253_0095.jpg,6,6
cdan,photo,photo/person/253_0097.jpg,6,6
cdan,photo,photo/person/253_0102.jpg,6,6
cdan,photo,photo/person/253_0104.jpg,6,6
cdan,photo,photo/person/253_0105.jpg,6,6
cdan,photo,photo/person/253_0106.jpg,6,6
cdan,photo,photo/person/253_0123.jpg,6,6
cdan,photo,photo/person/253_0128.jpg,6,6
cdan,photo,photo/person/253_0130.jpg,6,6
cdan,photo,photo/person/253_0131.jpg,6,6
cdan,photo,photo/person/253_0139.jpg,6,6
cdan,photo,photo/person/253_0141.jpg,6,6
cdan,photo,photo/person/253_0145.jpg,6,6
cdan,photo,photo/person/253_0146.jpg,6,6
cdan,photo,photo/person/253_0147.jpg,6,6
cdan,photo,photo/person/253_0153.jpg,6,6
cdan,photo,photo/person/253_0166.jpg,6,6
cdan,photo,photo/person/253_0168.jpg,6,6
cdan,photo,photo/person/253_0170.jpg,6,6
cdan,photo,photo/person/253_0174.jpg,6,6
cdan,photo,photo/person/253_0176.jpg,6,6
cdan,photo,photo/person/253_0187.jpg,6,6
cdan,photo,photo/person/253_0193.jpg,6,6
cdan,photo,photo/person/253_0195.jpg,6,6
cdan,photo,photo/person/253_0196.jpg,6,6
cdan,photo,photo/person/253_0211.jpg,6,6
cdan,photo,photo/person/253_0221.jpg,6,6
cdan,photo,photo/person/253_0232.jpg,6,6
cdan,photo,photo/person/253_0242.jpg,6,6
cdan,photo,photo/person/253_0246.jpg,6,6
cdan,photo,photo/person/253_0247.jpg,6,6
cdan,photo,photo/person/253_0248.jpg,6,6
cdan,photo,photo/person/253_0253.jpg,6,6
cdan,photo,photo/person/253_0256.jpg,6,6
cdan,photo,photo/person/253_0266.jpg,6,6
cdan,photo,photo/person/253_0267.jpg,6,6
cdan,photo,photo/person/253_0273.jpg,6,6
cdan,photo,photo/person/253_0277.jpg,6,6
cdan,photo,photo/person/253_0278.jpg,6,6
cdan,photo,photo/person/253_0281.jpg,6,6
cdan,photo,photo/person/253_0287.jpg,6,6
cdan,photo,photo/person/253_0290.jpg,6,6
cdan,photo,photo/person/253_0294.jpg,6,6
cdan,photo,photo/person/253_0296.jpg,6,6
cdan,photo,photo/person/253_0299.jpg,6,6
cdan,photo,photo/person/253_0300.jpg,6,6
cdan,photo,photo/person/253_0301.jpg,6,6
cdan,photo,photo/person/253_0310.jpg,6,6
cdan,photo,photo/person/253_0311.jpg,6,6
cdan,photo,photo/person/253_0323.jpg,6,6
cdan,photo,photo/person/253_0324.jpg,6,6
cdan,photo,photo/person/253_0327.jpg,6,6
cdan,photo,photo/person/253_0338.jpg,6,6
cdan,photo,photo/person/253_0348.jpg,6,6
cdan,photo,photo/person/253_0354.jpg,6,6
cdan,photo,photo/person/253_0359.jpg,6,6
cdan,photo,photo/person/253_0361.jpg,6,6
cdan,photo,photo/person/253_0374.jpg,6,6
cdan,photo,photo/person/253_0382.jpg,6,6
cdan,photo,photo/person/253_0386.jpg,6,6
cdan,photo,photo/person/253_0387.jpg,6,6
cdan,photo,photo/person/253_0395.jpg,6,6
cdan,photo,photo/person/253_0405.jpg,6,6
cdan,photo,photo/person/253_0417.jpg,6,6
cdan,photo,photo/person/253_0422.jpg,6,6
cdan,photo,photo/person/253_0423.jpg,6,6
cdan,photo,photo/person/253_0429.jpg,6,6
cdan,photo,photo/person/253_0434.jpg,6,6
cdan,art_painting,art_painting/dog/pic_007.jpg,0,0
cdan,art_painting,art_painting/dog/pic_008.jpg,0,0
cdan,art_painting,art_painting/dog/pic_021.jpg,0,1
cdan,art_painting,art_painting/dog/pic_026.jpg,0,0
cdan,art_painting,art_painting/dog/pic_036.jpg,0,4
cdan,art_painting,art_painting/dog/pic_055.jpg,0,0
cdan,art_painting,art_painting/dog/pic_058.jpg,0,0
cdan,art_painting,art_painting/dog/pic_064.jpg,0,4
cdan,art_painting,art_painting/dog/pic_070.jpg,0,0
cdan,art_painting,art_painting/dog/pic_072.jpg,0,1
cdan,art_painting,art_painting/dog/pic_073.jpg,0,0
cdan,art_painting,art_painting/dog/pic_074.jpg,0,0
cdan,art_painting,art_painting/dog/pic_079.jpg,0,0
cdan,art_painting,art_painting/dog/pic_081.jpg,0,0
cdan,art_painting,art_painting/dog/pic_083.jpg,0,4
cdan,art_painting,art_painting/dog/pic_084.jpg,0,4
cdan,art_painting,art_painting/dog/pic_090.jpg,0,0
cdan,art_painting,art_painting/dog/pic_091.jpg,0,4
cdan,art_painting,art_painting/dog/pic_099.jpg,0,0
cdan,art_painting,art_painting/dog/pic_100.jpg,0,0
cdan,art_painting,art_painting/dog/pic_105.jpg,0,0
cdan,art_painting,art_painting/dog/pic_123.jpg,0,1
cdan,art_painting,art_painting/dog/pic_133.jpg,0,2
cdan,art_painting,art_painting/dog/pic_134.jpg,0,0
cdan,art_painting,art_painting/dog/pic_137.jpg,0,6
cdan,art_painting,art_painting/dog/pic_138.jpg,0,0
cdan,art_painting,art_painting/dog/pic_152.jpg,0,0
cdan,art_painting,art_painting/dog/pic_154.jpg,0,4
cdan,art_painting,art_painting/dog/pic_157.jpg,0,4
cdan,art_painting,art_painting/dog/pic_167.jpg,0,0
cdan,art_painting,art_painting/dog/pic_172.jpg,0,4
cdan,art_painting,art_painting/dog/pic_174.jpg,0,4
cdan,art_painting,art_painting/dog/pic_177.jpg,0,0
cdan,art_painting,art_painting/dog/pic_186.jpg,0,0
cdan,art_painting,art_painting/dog/pic_194.jpg,0,2
cdan,art_painting,art_painting/dog/pic_205.jpg,0,0
cdan,art_painting,art_painting/dog/pic_214.jpg,0,0
cdan,art_painting,art_painting/dog/pic_226.jpg,0,4
cdan,art_painting,art_painting/dog/pic_232.jpg,0,0
cdan,art_painting,art_painting/dog/pic_251.jpg,0,4
cdan,art_painting,art_painting/dog/pic_253.jpg,0,0
cdan,art_painting,art_painting/dog/pic_260.jpg,0,1
cdan,art_painting,art_painting/dog/pic_268.jpg,0,0
cdan,art_painting,art_painting/dog/pic_269.jpg,0,0
cdan,art_painting,art_painting/dog/pic_274.jpg,0,0
cdan,art_painting,art_painting/dog/pic_280.jpg,0,0
cdan,art_painting,art_painting/dog/pic_282.jpg,0,6
cdan,art_painting,art_painting/dog/pic_291.jpg,0,0
cdan,art_painting,art_painting/dog/pic_295.jpg,0,2
cdan,art_painting,art_painting/dog/pic_297.jpg,0,4
cdan,art_painting,art_painting/dog/pic_301.jpg,0,0
cdan,art_painting,art_painting/dog/pic_304.jpg,0,2
cdan,art_painting,art_painting/dog/pic_310.jpg,0,0
cdan,art_painting,art_painting/dog/pic_312.jpg,0,4
cdan,art_painting,art_painting/dog/pic_314.jpg,0,0
cdan,art_painting,art_painting/dog/pic_315.jpg,0,0
cdan,art_painting,art_painting/dog/pic_318.jpg,0,5
cdan,art_painting,art_painting/dog/pic_319.jpg,0,0
cdan,art_painting,art_painting/dog/pic_322.jpg,0,0
cdan,art_painting,art_painting/dog/pic_323.jpg,0,4
cdan,art_painting,art_painting/dog/pic_327.jpg,0,0
cdan,art_painting,art_painting/dog/pic_329.jpg,0,0
cdan,art_painting,art_painting/dog/pic_331.jpg,0,0
cdan,art_painting,art_painting/dog/pic_349.jpg,0,2
cdan,art_painting,art_painting/dog/pic_350.jpg,0,0
cdan,art_painting,art_painting/dog/pic_366.jpg,0,0
cdan,art_painting,art_painting/dog/pic_368.jpg,0,4
cdan,art_painting,art_painting/dog/pic_371.jpg,0,0
cdan,art_painting,art_painting/dog/pic_372.jpg,0,4
cdan,art_painting,art_painting/dog/pic_377.jpg,0,4
cdan,art_painting,art_painting/dog/pic_384.jpg,0,0
cdan,art_painting,art_painting/dog/pic_391.jpg,0,0
cdan,art_painting,art_painting/dog/pic_393.jpg,0,0
cdan,art_painting,art_painting/dog/pic_394.jpg,0,0
cdan,art_painting,art_painting/dog/pic_397.jpg,0,0
cdan,art_painting,art_painting/dog/pic_398.jpg,0,0
cdan,art_painting,art_painting/elephant/pic_011.jpg,1,1
cdan,art_painting,art_painting/elephant/pic_012.jpg,1,1
cdan,art_painting,art_painting/elephant/pic_016.jpg,1,1
cdan,art_painting,art_painting/elephant/pic_029.jpg,1,1
cdan,art_painting,art_painting/elephant/pic_030.jpg,1,1
cdan,art_painting,art_painting/elephant/pic_044.jpg,1,4
cdan,art_painting,art_painting/elephant/pic_046.jpg,1,1
cdan,art_painting,art_painting/elephant/pic_048.jpg,1,1
cdan,art_painting,art_painting/elephant/pic_059.jpg,1,1
cdan,art_painting,art_painting/elephant/pic_060.jpg,1,1
cdan,art_painting,art_painting/elephant/pic_061.jpg,1,1
cdan,art_painting,art_painting/elephant/pic_075.jpg,1,1
cdan,art_painting,art_painting/elephant/pic_078.jpg,1,1
cdan,art_painting,art_painting/elephant/pic_086.jpg,1,1
cdan,art_painting,art_painting/elephant/pic_087.jpg,1,1
cdan,art_painting,art_painting/elephant/pic_090.jpg,1,1
cdan,art_painting,art_painting/elephant/pic_098.jpg,1,1
cdan,art_painting,art_painting/elephant/pic_099.jpg,1,1
cdan,art_painting,art_painting/elephant/pic_100.jpg,1,4
cdan,art_painting,art_painting/elephant/pic_106.jpg,1,4
cdan,art_painting,art_painting/elephant/pic_108.jpg,1,1
cdan,art_painting,art_painting/elephant/pic_110.jpg,1,1
cdan,art_painting,art_painting/elephant/pic_112.jpg,1,1
cdan,art_painting,art_painting/elephant/pic_113.jpg,1,6
cdan,art_painting,art_painting/elephant/pic_117.jpg,1,1
cdan,art_painting,art_painting/elephant/pic_119.jpg,1,1
cdan,art_painting,art_painting/elephant/pic_122.jpg,1,1
cdan,art_painting,art_painting/elephant/pic_127.jpg,1,1
cdan,art_painting,art_painting/elephant/pic_132.jpg,1,1
cdan,art_painting,art_painting/elephant/pic_144.jpg,1,1
cdan,art_painting,art_painting/elephant/pic_145.jpg,1,2
cdan,art_painting,art_painting/elephant/pic_148.jpg,1,1
cdan,art_painting,art_painting/elephant/pic_152.jpg,1,1
cdan,art_painting,art_painting/elephant/pic_156.jpg,1,1
cdan,art_painting,art_painting/elephant/pic_158.jpg,1,1
cdan,art_painting,art_painting/elephant/pic_161.jpg,1,1
cdan,art_painting,art_painting/elephant/pic_177.jpg,1,6
cdan,art_painting,art_painting/elephant/pic_178.jpg,1,1
cdan,art_painting,art_painting/elephant/pic_183.jpg,1,1
cdan,art_painting,art_painting/elephant/pic_191.jpg,1,4
cdan,art_painting,art_painting/elephant/pic_198.jpg,1,1
cdan,art_painting,art_painting/elephant/pic_200.jpg,1,1
cdan,art_painting,art_painting/elephant/pic_201.jpg,1,1
cdan,art_painting,art_painting/elephant/pic_204.jpg,1,1
cdan,art_painting,art_painting/elephant/pic_207.jpg,1,1
cdan,art_painting,art_painting/elephant/pic_209.jpg,1,1
cdan,art_painting,art_painting/elephant/pic_227.jpg,1,6
cdan,art_painting,art_painting/elephant/pic_242.jpg,1,1
cdan,art_painting,art_painting/elephant/pic_249.jpg,1,2
cdan,art_painting,art_painting/elephant/pic_252.jpg,1,1
cdan,art_painting,art_painting/elephant/pic_260.jpg,1,1
cdan,art_painting,art_painting/giraffe/pic_001.jpg,2,2
cdan,art_painting,art_painting/giraffe/pic_005.jpg,2,2
cdan,art_painting,art_painting/giraffe/pic_009.jpg,2,2
cdan,art_painting,art_painting/giraffe/pic_010.jpg,2,2
cdan,art_painting,art_painting/giraffe/pic_011.jpg,2,2
cdan,art_painting,art_painting/giraffe/pic_013.jpg,2,2
cdan,art_painting,art_painting/giraffe/pic_014.jpg,2,2
cdan,art_painting,art_painting/giraffe/pic_028.jpg,2,2
cdan,art_painting,art_painting/giraffe/pic_040.jpg,2,4
cdan,art_painting,art_painting/giraffe/pic_044.jpg,2,2
cdan,art_painting,art_painting/giraffe/pic_052.jpg,2,2
cdan,art_painting,art_painting/giraffe/pic_057.jpg,2,2
cdan,art_painting,art_painting/giraffe/pic_068.jpg,2,2
cdan,art_painting,art_painting/giraffe/pic_069.jpg,2,2
cdan,art_painting,art_painting/giraffe/pic_071.jpg,2,2
cdan,art_painting,art_painting/giraffe/pic_072.jpg,2,2
cdan,art_painting,art_painting/giraffe/pic_077.jpg,2,2
cdan,art_painting,art_painting/giraffe/pic_085.jpg,2,4
cdan,art_painting,art_painting/giraffe/pic_086.jpg,2,2
cdan,art_painting,art_painting/giraffe/pic_092.jpg,2,2
cdan,art_painting,art_painting/giraffe/pic_094.jpg,2,2
cdan,art_painting,art_painting/giraffe/pic_102.jpg,2,2
cdan,art_painting,art_painting/giraffe/pic_108.jpg,2,2
cdan,art_painting,art_painting/giraffe/pic_118.jpg,2,2
cdan,art_painting,art_painting/giraffe/pic_122.jpg,2,2
cdan,art_painting,art_painting/giraffe/pic_126.jpg,2,2
cdan,art_painting,art_painting/giraffe/pic_137.jpg,2,2
cdan,art_painting,art_painting/giraffe/pic_138.jpg,2,2
cdan,art_painting,art_painting/giraffe/pic_139.jpg,2,2
cdan,art_painting,art_painting/giraffe/pic_140.jpg,2,2
cdan,art_painting,art_painting/giraffe/pic_142.jpg,2,2
cdan,art_painting,art_painting/giraffe/pic_153.jpg,2,2
cdan,art_painting,art_painting/giraffe/pic_170.jpg,2,2
cdan,art_painting,art_painting/giraffe/pic_171.jpg,2,2
cdan,art_painting,art_painting/giraffe/pic_173.jpg,2,2
cdan,art_painting,art_painting/giraffe/pic_176.jpg,2,4
cdan,art_painting,art_painting/giraffe/pic_180.jpg,2,2
cdan,art_painting,art_painting/giraffe/pic_185.jpg,2,2
cdan,art_painting,art_painting/giraffe/pic_190.jpg,2,2
cdan,art_painting,art_painting/giraffe/pic_191.jpg,2,6
cdan,art_painting,art_painting/giraffe/pic_193.jpg,2,2
cdan,art_painting,art_painting/giraffe/pic_210.jpg,2,2
cdan,art_painting,art_painting/giraffe/pic_214.jpg,2,2
cdan,art_painting,art_painting/giraffe/pic_238.jpg,2,2
cdan,art_painting,art_painting/giraffe/pic_239.jpg,2,2
cdan,art_painting,art_painting/giraffe/pic_243.jpg,2,2
cdan,art_painting,art_painting/giraffe/pic_244.jpg,2,2
cdan,art_painting,art_painting/giraffe/pic_253.jpg,2,2
cdan,art_painting,art_painting/giraffe/pic_261.jpg,2,2
cdan,art_painting,art_painting/giraffe/pic_265.jpg,2,2
cdan,art_painting,art_painting/giraffe/pic_268.jpg,2,2
cdan,art_painting,art_painting/giraffe/pic_271.jpg,2,2
cdan,art_painting,art_painting/giraffe/pic_293.jpg,2,2
cdan,art_painting,art_painting/giraffe/pic_300.jpg,2,2
cdan,art_painting,art_painting/giraffe/pic_302.jpg,2,2
cdan,art_painting,art_painting/giraffe/pic_307.jpg,2,2
cdan,art_painting,art_painting/giraffe/pic_309.jpg,2,2
cdan,art_painting,art_painting/guitar/pic_014.jpg,3,3
cdan,art_painting,art_painting/guitar/pic_023.jpg,3,3
cdan,art_painting,art_painting/guitar/pic_024.jpg,3,3
cdan,art_painting,art_painting/guitar/pic_026.jpg,3,3
cdan,art_painting,art_painting/guitar/pic_034.jpg,3,3
cdan,art_painting,art_painting/guitar/pic_044.jpg,3,3
cdan,art_painting,art_painting/guitar/pic_050.jpg,3,3
cdan,art_painting,art_painting/guitar/pic_059.jpg,3,3
cdan,art_painting,art_painting/guitar/pic_063.jpg,3,3
cdan,art_painting,art_painting/guitar/pic_071.jpg,3,3
cdan,art_painting,art_painting/guitar/pic_074.jpg,3,3
cdan,art_painting,art_painting/guitar/pic_075.jpg,3,3
cdan,art_painting,art_painting/guitar/pic_082.jpg,3,3
cdan,art_painting,art_painting/guitar/pic_089.jpg,3,3
cdan,art_painting,art_painting/guitar/pic_092.jpg,3,3
cdan,art_painting,art_painting/guitar/pic_103.jpg,3,4
cdan,art_painting,art_painting/guitar/pic_108.jpg,3,3
cdan,art_painting,art_painting/guitar/pic_111.jpg,3,3
cdan,art_painting,art_painting/guitar/pic_113.jpg,3,3
cdan,art_painting,art_painting/guitar/pic_114.jpg,3,3
cdan,art_painting,art_painting/guitar/pic_127.jpg,3,3
cdan,art_painting,art_painting/guitar/pic_129.jpg,3,3
cdan,art_painting,art_painting/guitar/pic_135.jpg,3,3
cdan,art_painting,art_painting/guitar/pic_137.jpg,3,3
cdan,art_painting,art_painting/guitar/pic_142.jpg,3,3
cdan,art_painting,art_painting/guitar/pic_158.jpg,3,3
cdan,art_painting,art_painting/guitar/pic_166.jpg,3,3
cdan,art_painting,art_painting/guitar/pic_170.jpg,3,0
cdan,art_painting,art_painting/guitar/pic_171.jpg,3,3
cdan,art_painting,art_painting/guitar/pic_173.jpg,3,3
cdan,art_painting,art_painting/guitar/pic_177.jpg,3,3
cdan,art_painting,art_painting/guitar/pic_178.jpg,3,3
cdan,art_painting,art_painting/guitar/pic_182.jpg,3,3
cdan,art_painting,art_painting/guitar/pic_187.jpg,3,3
cdan,art_painting,art_painting/guitar/pic_192.jpg,3,3
cdan,art_painting,art_painting/guitar/pic_193.jpg,3,3
cdan,art_painting,art_painting/guitar/pic_197.jpg,3,3
cdan,art_painting,art_painting/horse/pic_001.jpg,4,4
cdan,art_painting,art_painting/horse/pic_002.jpg,4,4
cdan,art_painting,art_painting/horse/pic_008.jpg,4,4
cdan,art_painting,art_painting/horse/pic_012.jpg,4,4
cdan,art_painting,art_painting/horse/pic_017.jpg,4,4
cdan,art_painting,art_painting/horse/pic_028.jpg,4,4
cdan,art_painting,art_painting/horse/pic_034.jpg,4,4
cdan,art_painting,art_painting/horse/pic_042.jpg,4,4
cdan,art_painting,art_painting/horse/pic_047.jpg,4,4
cdan,art_painting,art_painting/horse/pic_049.jpg,4,4
cdan,art_painting,art_painting/horse/pic_054.jpg,4,4
cdan,art_painting,art_painting/horse/pic_056.jpg,4,4
cdan,art_painting,art_painting/horse/pic_081.jpg,4,4
cdan,art_painting,art_painting/horse/pic_090.jpg,4,4
cdan,art_painting,art_painting/horse/pic_099.jpg,4,4
cdan,art_painting,art_painting/horse/pic_106.jpg,4,4
cdan,art_painting,art_painting/horse/pic_115.jpg,4,4
cdan,art_painting,art_painting/horse/pic_125.jpg,4,4
cdan,art_painting,art_painting/horse/pic_128.jpg,4,4
cdan,art_painting,art_painting/horse/pic_130.jpg,4,4
cdan,art_painting,art_painting/horse/pic_133.jpg,4,4
cdan,art_painting,art_painting/horse/pic_134.jpg,4,4
cdan,art_painting,art_painting/horse/pic_135.jpg,4,4
cdan,art_painting,art_painting/horse/pic_136.jpg,4,4
cdan,art_painting,art_painting/horse/pic_138.jpg,4,4
cdan,art_painting,art_painting/horse/pic_142.jpg,4,4
cdan,art_painting,art_painting/horse/pic_150.jpg,4,4
cdan,art_painting,art_painting/horse/pic_151.jpg,4,4
cdan,art_painting,art_painting/horse/pic_154.jpg,4,4
cdan,art_painting,art_painting/horse/pic_161.jpg,4,4
cdan,art_painting,art_painting/horse/pic_162.jpg,4,4
cdan,art_painting,art_painting/horse/pic_182.jpg,4,4
cdan,art_painting,art_painting/horse/pic_195.jpg,4,4
cdan,art_painting,art_painting/horse/pic_206.jpg,4,4
cdan,art_painting,art_painting/horse/pic_213.jpg,4,4
cdan,art_painting,art_painting/horse/pic_218.jpg,4,4
cdan,art_painting,art_painting/horse/pic_219.jpg,4,6
cdan,art_painting,art_painting/horse/pic_222.jpg,4,4
cdan,art_painting,art_painting/horse/pic_228.jpg,4,3
cdan,art_painting,art_painting/horse/pic_232.jpg,4,4
cdan,art_painting,art_painting/house/pic_004.jpg,5,5
cdan,art_painting,art_painting/house/pic_008.jpg,5,5
cdan,art_painting,art_painting/house/pic_009.jpg,5,5
cdan,art_painting,art_painting/house/pic_011.jpg,5,5
cdan,art_painting,art_painting/house/pic_014.jpg,5,5
cdan,art_painting,art_painting/house/pic_018.jpg,5,5
cdan,art_painting,art_painting/house/pic_022.jpg,5,5
cdan,art_painting,art_painting/house/pic_026.jpg,5,5
cdan,art_painting,art_painting/house/pic_029.jpg,5,5
cdan,art_painting,art_painting/house/pic_034.jpg,5,5
cdan,art_painting,art_painting/house/pic_038.jpg,5,5
cdan,art_painting,art_painting/house/pic_054.jpg,5,5
cdan,art_painting,art_painting/house/pic_061.jpg,5,5
cdan,art_painting,art_painting/house/pic_074.jpg,5,5
cdan,art_painting,art_painting/house/pic_076.jpg,5,5
cdan,art_painting,art_painting/house/pic_082.jpg,5,5
cdan,art_painting,art_painting/house/pic_088.jpg,5,5
cdan,art_painting,art_painting/house/pic_091.jpg,5,5
cdan,art_painting,art_painting/house/pic_098.jpg,5,5
cdan,art_painting,art_painting/house/pic_103.jpg,5,6
cdan,art_painting,art_painting/house/pic_107.jpg,5,5
cdan,art_painting,art_painting/house/pic_111.jpg,5,5
cdan,art_painting,art_painting/house/pic_121.jpg,5,5
cdan,art_painting,art_painting/house/pic_123.jpg,5,5
cdan,art_painting,art_painting/house/pic_134.jpg,5,5
cdan,art_painting,art_painting/house/pic_136.jpg,5,5
cdan,art_painting,art_painting/house/pic_149.jpg,5,5
cdan,art_painting,art_painting/house/pic_153.jpg,5,5
cdan,art_painting,art_painting/house/pic_157.jpg,5,5
cdan,art_painting,art_painting/house/pic_187.jpg,5,5
cdan,art_painting,art_painting/house/pic_189.jpg,5,5
cdan,art_painting,art_painting/house/pic_191.jpg,5,5
cdan,art_painting,art_painting/house/pic_198.jpg,5,5
cdan,art_painting,art_painting/house/pic_212.jpg,5,5
cdan,art_painting,art_painting/house/pic_213.jpg,5,5
cdan,art_painting,art_painting/house/pic_218.jpg,5,5
cdan,art_painting,art_painting/house/pic_219.jpg,5,5
cdan,art_painting,art_painting/house/pic_221.jpg,5,5
cdan,art_painting,art_painting/house/pic_226.jpg,5,5
cdan,art_painting,art_painting/house/pic_231.jpg,5,5
cdan,art_painting,art_painting/house/pic_245.jpg,5,5
cdan,art_painting,art_painting/house/pic_246.jpg,5,5
cdan,art_painting,art_painting/house/pic_261.jpg,5,5
cdan,art_painting,art_painting/house/pic_269.jpg,5,3
cdan,art_painting,art_painting/house/pic_276.jpg,5,5
cdan,art_painting,art_painting/house/pic_281.jpg,5,5
cdan,art_painting,art_painting/house/pic_291.jpg,5,4
cdan,art_painting,art_painting/house/pic_295.jpg,5,5
cdan,art_painting,art_painting/house/pic_298.jpg,5,5
cdan,art_painting,art_painting/house/pic_304.jpg,5,5
cdan,art_painting,art_painting/house/pic_306.jpg,5,5
cdan,art_painting,art_painting/house/pic_309.jpg,5,5
cdan,art_painting,art_painting/house/pic_311.jpg,5,5
cdan,art_painting,art_painting/house/pic_313.jpg,5,5
cdan,art_painting,art_painting/house/pic_315.jpg,5,5
cdan,art_painting,art_painting/house/pic_322.jpg,5,5
cdan,art_painting,art_painting/house/pic_330.jpg,5,5
cdan,art_painting,art_painting/house/pic_331.jpg,5,5
cdan,art_painting,art_painting/house/pic_336.jpg,5,5
cdan,art_painting,art_painting/person/pic_009.jpg,6,0
cdan,art_painting,art_painting/person/pic_011.jpg,6,6
cdan,art_painting,art_painting/person/pic_014.jpg,6,6
cdan,art_painting,art_painting/person/pic_016.jpg,6,6
cdan,art_painting,art_painting/person/pic_018.jpg,6,6
cdan,art_painting,art_painting/person/pic_026.jpg,6,6
cdan,art_painting,art_painting/person/pic_027.jpg,6,6
cdan,art_painting,art_painting/person/pic_033.jpg,6,0
cdan,art_painting,art_painting/person/pic_042.jpg,6,0
cdan,art_painting,art_painting/person/pic_052.jpg,6,4
cdan,art_painting,art_painting/person/pic_069.jpg,6,6
cdan,art_painting,art_painting/person/pic_070.jpg,6,6
cdan,art_painting,art_painting/person/pic_074.jpg,6,6
cdan,art_painting,art_painting/person/pic_094.jpg,6,5
cdan,art_painting,art_painting/person/pic_097.jpg,6,6
cdan,art_painting,art_painting/person/pic_101.jpg,6,6
cdan,art_painting,art_painting/person/pic_105.jpg,6,4
cdan,art_painting,art_painting/person/pic_107.jpg,6,6
cdan,art_painting,art_painting/person/pic_109.jpg,6,6
cdan,art_painting,art_painting/person/pic_110.jpg,6,6
cdan,art_painting,art_painting/person/pic_116.jpg,6,6
cdan,art_painting,art_painting/person/pic_124.jpg,6,6
cdan,art_painting,art_painting/person/pic_126.jpg,6,6
cdan,art_painting,art_painting/person/pic_129.jpg,6,6
cdan,art_painting,art_painting/person/pic_134.jpg,6,6
cdan,art_painting,art_painting/person/pic_135.jpg,6,6
cdan,art_painting,art_painting/person/pic_150.jpg,6,6
cdan,art_painting,art_painting/person/pic_157.jpg,6,6
cdan,art_painting,art_painting/person/pic_160.jpg,6,6
cdan,art_painting,art_painting/person/pic_161.jpg,6,6
cdan,art_painting,art_painting/person/pic_162.jpg,6,6
cdan,art_painting,art_painting/person/pic_168.jpg,6,6
cdan,art_painting,art_painting/person/pic_169.jpg,6,6
cdan,art_painting,art_painting/person/pic_171.jpg,6,6
cdan,art_painting,art_painting/person/pic_183.jpg,6,6
cdan,art_painting,art_painting/person/pic_194.jpg,6,6
cdan,art_painting,art_painting/person/pic_196.jpg,6,6
cdan,art_painting,art_painting/person/pic_203.jpg,6,6
cdan,art_painting,art_painting/person/pic_204.jpg,6,6
cdan,art_painting,art_painting/person/pic_206.jpg,6,2
cdan,art_painting,art_painting/person/pic_208.jpg,6,6
cdan,art_painting,art_painting/person/pic_209.jpg,6,6
cdan,art_painting,art_painting/person/pic_213.jpg,6,4
cdan,art_painting,art_painting/person/pic_242.jpg,6,6
cdan,art_painting,art_painting/person/pic_247.jpg,6,6
cdan,art_painting,art_painting/person/pic_248.jpg,6,0
cdan,art_painting,art_painting/person/pic_249.jpg,6,1
cdan,art_painting,art_painting/person/pic_255.jpg,6,6
cdan,art_painting,art_painting/person/pic_263.jpg,6,4
cdan,art_painting,art_painting/person/pic_265.jpg,6,2
cdan,art_painting,art_painting/person/pic_267.jpg,6,2
cdan,art_painting,art_painting/person/pic_268.jpg,6,6
cdan,art_painting,art_painting/person/pic_273.jpg,6,6
cdan,art_painting,art_painting/person/pic_277.jpg,6,6
cdan,art_painting,art_painting/person/pic_292.jpg,6,4
cdan,art_painting,art_painting/person/pic_294.jpg,6,6
cdan,art_painting,art_painting/person/pic_296.jpg,6,6
cdan,art_painting,art_painting/person/pic_303.jpg,6,6
cdan,art_painting,art_painting/person/pic_304.jpg,6,6
cdan,art_painting,art_painting/person/pic_320.jpg,6,6
cdan,art_painting,art_painting/person/pic_327.jpg,6,6
cdan,art_painting,art_painting/person/pic_328.jpg,6,6
cdan,art_painting,art_painting/person/pic_334.jpg,6,6
cdan,art_painting,art_painting/person/pic_346.jpg,6,6
cdan,art_painting,art_painting/person/pic_350.jpg,6,6
cdan,art_painting,art_painting/person/pic_358.jpg,6,6
cdan,art_painting,art_painting/person/pic_380.jpg,6,6
cdan,art_painting,art_painting/person/pic_382.jpg,6,4
cdan,art_painting,art_painting/person/pic_387.jpg,6,6
cdan,art_painting,art_painting/person/pic_394.jpg,6,6
cdan,art_painting,art_painting/person/pic_396.jpg,6,1
cdan,art_painting,art_painting/person/pic_400.jpg,6,6
cdan,art_painting,art_painting/person/pic_405.jpg,6,6
cdan,art_painting,art_painting/person/pic_423.jpg,6,6
cdan,art_painting,art_painting/person/pic_429.jpg,6,6
cdan,art_painting,art_painting/person/pic_433.jpg,6,6
cdan,art_painting,art_painting/person/pic_435.jpg,6,6
cdan,art_painting,art_painting/person/pic_438.jpg,6,6
cdan,art_painting,art_painting/person/pic_458.jpg,6,6
cdan,art_painting,art_painting/person/pic_464.jpg,6,6
cdan,art_painting,art_painting/person/pic_479.jpg,6,6
cdan,art_painting,art_painting/person/pic_487.jpg,6,4
cdan,art_painting,art_painting/person/pic_496.jpg,6,4
cdan,art_painting,art_painting/person/pic_518.jpg,6,6
cdan,art_painting,art_painting/person/pic_520.jpg,6,6
cdan,art_painting,art_painting/person/pic_525.jpg,6,6
cdan,art_painting,art_painting/person/pic_531.jpg,6,6
cdan,art_painting,art_painting/person/pic_542.jpg,6,3
cdan,art_painting,art_painting/person/pic_543.jpg,6,4
cdan,art_painting,art_painting/person/pic_545.jpg,6,6
cdan,cartoon,cartoon/dog/pic_008.jpg,0,0
cdan,cartoon,cartoon/dog/pic_009.jpg,0,0
cdan,cartoon,cartoon/dog/pic_023.jpg,0,0
cdan,cartoon,cartoon/dog/pic_028.jpg,0,0
cdan,cartoon,cartoon/dog/pic_038.jpg,0,0
cdan,cartoon,cartoon/dog/pic_060.jpg,0,0
cdan,cartoon,cartoon/dog/pic_063.jpg,0,0
cdan,cartoon,cartoon/dog/pic_069.jpg,0,0
cdan,cartoon,cartoon/dog/pic_074.jpg,0,0
cdan,cartoon,cartoon/dog/pic_076.jpg,0,6
cdan,cartoon,cartoon/dog/pic_077.jpg,0,4
cdan,cartoon,cartoon/dog/pic_078.jpg,0,0
cdan,cartoon,cartoon/dog/pic_083.jpg,0,0
cdan,cartoon,cartoon/dog/pic_085.jpg,0,0
cdan,cartoon,cartoon/dog/pic_087.jpg,0,0
cdan,cartoon,cartoon/dog/pic_088.jpg,0,0
cdan,cartoon,cartoon/dog/pic_094.jpg,0,0
cdan,cartoon,cartoon/dog/pic_095.jpg,0,0
cdan,cartoon,cartoon/dog/pic_102.jpg,0,0
cdan,cartoon,cartoon/dog/pic_103.jpg,0,4
cdan,cartoon,cartoon/dog/pic_108.jpg,0,0
cdan,cartoon,cartoon/dog/pic_125.jpg,0,0
cdan,cartoon,cartoon/dog/pic_135.jpg,0,0
cdan,cartoon,cartoon/dog/pic_136.jpg,0,0
cdan,cartoon,cartoon/dog/pic_139.jpg,0,0
cdan,cartoon,cartoon/dog/pic_140.jpg,0,0
cdan,cartoon,cartoon/dog/pic_155.jpg,0,0
cdan,cartoon,cartoon/dog/pic_160.jpg,0,4
cdan,cartoon,cartoon/dog/pic_164.jpg,0,0
cdan,cartoon,cartoon/dog/pic_171.jpg,0,0
cdan,cartoon,cartoon/dog/pic_176.jpg,0,0
cdan,cartoon,cartoon/dog/pic_178.jpg,0,0
cdan,cartoon,cartoon/dog/pic_180.jpg,0,0
cdan,cartoon,cartoon/dog/pic_190.jpg,0,4
cdan,cartoon,cartoon/dog/pic_198.jpg,0,0
cdan,cartoon,cartoon/dog/pic_210.jpg,0,0
cdan,cartoon,cartoon/dog/pic_218.jpg,0,0
cdan,cartoon,cartoon/dog/pic_229.jpg,0,0
cdan,cartoon,cartoon/dog/pic_237.jpg,0,0
cdan,cartoon,cartoon/dog/pic_262.jpg,0,0
cdan,cartoon,cartoon/dog/pic_265.jpg,0,0
cdan,cartoon,cartoon/dog/pic_274.jpg,0,0
cdan,cartoon,cartoon/dog/pic_282.jpg,0,0
cdan,cartoon,cartoon/dog/pic_284.jpg,0,0
cdan,cartoon,cartoon/dog/pic_287.jpg,0,0
cdan,cartoon,cartoon/dog/pic_292.jpg,0,0
cdan,cartoon,cartoon/dog/pic_294.jpg,0,0
cdan,cartoon,cartoon/dog/pic_305.jpg,0,0
cdan,cartoon,cartoon/dog/pic_310.jpg,0,0
cdan,cartoon,cartoon/dog/pic_313.jpg,0,0
cdan,cartoon,cartoon/dog/pic_317.jpg,0,0
cdan,cartoon,cartoon/dog/pic_319.jpg,0,0
cdan,cartoon,cartoon/dog/pic_325.jpg,0,6
cdan,cartoon,cartoon/dog/pic_327.jpg,0,0
cdan,cartoon,cartoon/dog/pic_329.jpg,0,0
cdan,cartoon,cartoon/dog/pic_330.jpg,0,4
cdan,cartoon,cartoon/dog/pic_333.jpg,0,0
cdan,cartoon,cartoon/dog/pic_334.jpg,0,0
cdan,cartoon,cartoon/dog/pic_338.jpg,0,0
cdan,cartoon,cartoon/dog/pic_339.jpg,0,4
cdan,cartoon,cartoon/dog/pic_344.jpg,0,0
cdan,cartoon,cartoon/dog/pic_346.jpg,0,4
cdan,cartoon,cartoon/dog/pic_348.jpg,0,4
cdan,cartoon,cartoon/dog/pic_354.jpg,0,0
cdan,cartoon,cartoon/dog/pic_368.jpg,0,0
cdan,cartoon,cartoon/dog/pic_369.jpg,0,0
cdan,cartoon,cartoon/dog/pic_386.jpg,0,4
cdan,cartoon,cartoon/dog/pic_393.jpg,0,6
cdan,cartoon,cartoon/dog/pic_397.jpg,0,4
cdan,cartoon,cartoon/dog/pic_398.jpg,0,0
cdan,cartoon,cartoon/dog/pic_401.jpg,0,6
cdan,cartoon,cartoon/dog/pic_419.jpg,0,0
cdan,cartoon,cartoon/dog/pic_422.jpg,0,0
cdan,cartoon,cartoon/dog/pic_425.jpg,0,0
cdan,cartoon,cartoon/dog/pic_427.jpg,0,6
cdan,cartoon,cartoon/dog/pic_430.jpg,0,0
cdan,cartoon,cartoon/dog/pic_433.jpg,0,0
cdan,cartoon,cartoon/dog/pic_440.jpg,0,0
cdan,cartoon,cartoon/elephant/pic_010.jpg,1,1
cdan,cartoon,cartoon/elephant/pic_013.jpg,1,1
cdan,cartoon,cartoon/elephant/pic_021.jpg,1,1
cdan,cartoon,cartoon/elephant/pic_022.jpg,1,1
cdan,cartoon,cartoon/elephant/pic_030.jpg,1,1
cdan,cartoon,cartoon/elephant/pic_032.jpg,1,1
cdan,cartoon,cartoon/elephant/pic_037.jpg,1,1
cdan,cartoon,cartoon/elephant/pic_047.jpg,1,1
cdan,cartoon,cartoon/elephant/pic_049.jpg,1,1
cdan,cartoon,cartoon/elephant/pic_054.jpg,1,1
cdan,cartoon,cartoon/elephant/pic_061.jpg,1,4
cdan,cartoon,cartoon/elephant/pic_062.jpg,1,1
cdan,cartoon,cartoon/elephant/pic_087.jpg,1,1
cdan,cartoon,cartoon/elephant/pic_088.jpg,1,1
cdan,cartoon,cartoon/elephant/pic_091.jpg,1,0
cdan,cartoon,cartoon/elephant/pic_094.jpg,1,1
cdan,cartoon,cartoon/elephant/pic_105.jpg,1,1
cdan,cartoon,cartoon/elephant/pic_107.jpg,1,1
cdan,cartoon,cartoon/elephant/pic_109.jpg,1,1
cdan,cartoon,cartoon/elephant/pic_113.jpg,1,1
cdan,cartoon,cartoon/elephant/pic_114.jpg,1,1
cdan,cartoon,cartoon/elephant/pic_124.jpg,1,1
cdan,cartoon,cartoon/elephant/pic_129.jpg,1,1
cdan,cartoon,cartoon/elephant/pic_130.jpg,1,1
cdan,cartoon,cartoon/elephant/pic_135.jpg,1,1
cdan,cartoon,cartoon/elephant/pic_136.jpg,1,1
cdan,cartoon,cartoon/elephant/pic_141.jpg,1,1
cdan,cartoon,cartoon/elephant/pic_147.jpg,1,1
cdan,cartoon,cartoon/elephant/pic_154.jpg,1,1
cdan,cartoon,cartoon/elephant/pic_155.jpg,1,1
cdan,cartoon,cartoon/elephant/pic_173.jpg,1,1
cdan,cartoon,cartoon/elephant/pic_180.jpg,1,1
cdan,cartoon,cartoon/elephant/pic_184.jpg,1,1
cdan,cartoon,cartoon/elephant/pic_187.jpg,1,1
cdan,cartoon,cartoon/elephant/pic_192.jpg,1,1
cdan,cartoon,cartoon/elephant/pic_205.jpg,1,1
cdan,cartoon,cartoon/elephant/pic_208.jpg,1,1
cdan,cartoon,cartoon/elephant/pic_214.jpg,1,1
cdan,cartoon,cartoon/elephant/pic_216.jpg,1,1
cdan,cartoon,cartoon/elephant/pic_228.jpg,1,1
cdan,cartoon,cartoon/elephant/pic_242.jpg,1,1
cdan,cartoon,cartoon/elephant/pic_244.jpg,1,1
cdan,cartoon,cartoon/elephant/pic_246.jpg,1,1
cdan,cartoon,cartoon/elephant/pic_251.jpg,1,1
cdan,cartoon,cartoon/elephant/pic_254.jpg,1,1
cdan,cartoon,cartoon/elephant/pic_257.jpg,1,1
cdan,cartoon,cartoon/elephant/pic_258.jpg,1,1
cdan,cartoon,cartoon/elephant/pic_262.jpg,1,1
cdan,cartoon,cartoon/elephant/pic_276.jpg,1,1
cdan,cartoon,cartoon/elephant/pic_280.jpg,1,4
cdan,cartoon,cartoon/elephant/pic_296.jpg,1,1
cdan,cartoon,cartoon/elephant/pic_302.jpg,1,1
cdan,cartoon,cartoon/elephant/pic_306.jpg,1,1
cdan,cartoon,cartoon/elephant/pic_307.jpg,1,1
cdan,cartoon,cartoon/elephant/pic_316.jpg,1,1
cdan,cartoon,cartoon/elephant/pic_319.jpg,1,1
cdan,cartoon,cartoon/elephant/pic_320.jpg,1,1
cdan,cartoon,cartoon/elephant/pic_327.jpg,1,1
cdan,cartoon,cartoon/elephant/pic_334.jpg,1,1
cdan,cartoon,cartoon/elephant/pic_336.jpg,1,1
cdan,cartoon,cartoon/elephant/pic_337.jpg,1,1
cdan,cartoon,cartoon/elephant/pic_345.jpg,1,1
cdan,cartoon,cartoon/elephant/pic_346.jpg,1,1
cdan,cartoon,cartoon/elephant/pic_350.jpg,1,1
cdan,cartoon,cartoon/elephant/pic_354.jpg,1,1
cdan,cartoon,cartoon/elephant/pic_362.jpg,1,1
cdan,cartoon,cartoon/elephant/pic_364.jpg,1,1
cdan,cartoon,cartoon/elephant/pic_374.jpg,1,1
cdan,cartoon,cartoon/elephant/pic_378.jpg,1,2
cdan,cartoon,cartoon/elephant/pic_381.jpg,1,1
cdan,cartoon,cartoon/elephant/pic_382.jpg,1,1
cdan,cartoon,cartoon/elephant/pic_387.jpg,1,1
cdan,cartoon,cartoon/elephant/pic_389.jpg,1,1
cdan,cartoon,cartoon/elephant/pic_393.jpg,1,1
cdan,cartoon,cartoon/elephant/pic_396.jpg,1,2
cdan,cartoon,cartoon/elephant/pic_400.jpg,1,1
cdan,cartoon,cartoon/elephant/pic_402.jpg,1,1
cdan,cartoon,cartoon/elephant/pic_405.jpg,1,1
cdan,cartoon,cartoon/elephant/pic_416.jpg,1,1
cdan,cartoon,cartoon/elephant/pic_425.jpg,1,4
cdan,cartoon,cartoon/elephant/pic_432.jpg,1,1
cdan,cartoon,cartoon/elephant/pic_435.jpg,1,1
cdan,cartoon,cartoon/elephant/pic_444.jpg,1,1
cdan,cartoon,cartoon/elephant/pic_446.jpg,1,1
cdan,cartoon,cartoon/elephant/pic_449.jpg,1,1
cdan,cartoon,cartoon/elephant/pic_450.jpg,1,1
cdan,cartoon,cartoon/elephant/pic_471.jpg,1,1
cdan,cartoon,cartoon/elephant/pic_477.jpg,1,6
cdan,cartoon,cartoon/elephant/pic_479.jpg,1,1
cdan,cartoon,cartoon/elephant/pic_496.jpg,1,1
cdan,cartoon,cartoon/elephant/pic_501.jpg,1,6
cdan,cartoon,cartoon/giraffe/pic_005.jpg,2,2
cdan,cartoon,cartoon/giraffe/pic_009.jpg,2,2
cdan,cartoon,cartoon/giraffe/pic_013.jpg,2,2
cdan,cartoon,cartoon/giraffe/pic_017.jpg,2,2
cdan,cartoon,cartoon/giraffe/pic_019.jpg,2,2
cdan,cartoon,cartoon/giraffe/pic_020.jpg,2,2
cdan,cartoon,cartoon/giraffe/pic_030.jpg,2,2
cdan,cartoon,cartoon/giraffe/pic_037.jpg,2,2
cdan,cartoon,cartoon/giraffe/pic_045.jpg,2,2
cdan,cartoon,cartoon/giraffe/pic_061.jpg,2,2
cdan,cartoon,cartoon/giraffe/pic_071.jpg,2,2
cdan,cartoon,cartoon/giraffe/pic_082.jpg,2,2
cdan,cartoon,cartoon/giraffe/pic_090.jpg,2,2
cdan,cartoon,cartoon/giraffe/pic_098.jpg,2,2
cdan,cartoon,cartoon/giraffe/pic_100.jpg,2,2
cdan,cartoon,cartoon/giraffe/pic_105.jpg,2,2
cdan,cartoon,cartoon/giraffe/pic_112.jpg,2,2
cdan,cartoon,cartoon/giraffe/pic_113.jpg,2,2
cdan,cartoon,cartoon/giraffe/pic_119.jpg,2,2
cdan,cartoon,cartoon/giraffe/pic_125.jpg,2,2
cdan,cartoon,cartoon/giraffe/pic_127.jpg,2,2
cdan,cartoon,cartoon/giraffe/pic_136.jpg,2,2
cdan,cartoon,cartoon/giraffe/pic_143.jpg,2,2
cdan,cartoon,cartoon/giraffe/pic_148.jpg,2,2
cdan,cartoon,cartoon/giraffe/pic_156.jpg,2,2
cdan,cartoon,cartoon/giraffe/pic_160.jpg,2,2
cdan,cartoon,cartoon/giraffe/pic_168.jpg,2,2
cdan,cartoon,cartoon/giraffe/pic_173.jpg,2,2
cdan,cartoon,cartoon/giraffe/pic_192.jpg,2,2
cdan,cartoon,cartoon/giraffe/pic_195.jpg,2,6
cdan,cartoon,cartoon/giraffe/pic_198.jpg,2,2
cdan,cartoon,cartoon/giraffe/pic_199.jpg,2,2
cdan,cartoon,cartoon/giraffe/pic_202.jpg,2,2
cdan,cartoon,cartoon/giraffe/pic_209.jpg,2,2
cdan,cartoon,cartoon/giraffe/pic_212.jpg,2,2
cdan,cartoon,cartoon/giraffe/pic_216.jpg,2,2
cdan,cartoon,cartoon/giraffe/pic_218.jpg,2,2
cdan,cartoon,cartoon/giraffe/pic_219.jpg,2,2
cdan,cartoon,cartoon/giraffe/pic_225.jpg,2,2
cdan,cartoon,cartoon/giraffe/pic_226.jpg,2,2
cdan,cartoon,cartoon/giraffe/pic_231.jpg,2,2
cdan,cartoon,cartoon/giraffe/pic_244.jpg,2,2
cdan,cartoon,cartoon/giraffe/pic_248.jpg,2,2
cdan,cartoon,cartoon/giraffe/pic_253.jpg,2,2
cdan,cartoon,cartoon/giraffe/pic_254.jpg,2,2
cdan,cartoon,cartoon/giraffe/pic_260.jpg,2,2
cdan,cartoon,cartoon/giraffe/pic_262.jpg,2,2
cdan,cartoon,cartoon/giraffe/pic_267.jpg,2,2
cdan,cartoon,cartoon/giraffe/pic_272.jpg,2,2
cdan,cartoon,cartoon/giraffe/pic_273.jpg,2,2
cdan,cartoon,cartoon/giraffe/pic_280.jpg,2,2
cdan,cartoon,cartoon/giraffe/pic_297.jpg,2,2
cdan,cartoon,cartoon/giraffe/pic_305.jpg,2,2
cdan,cartoon,cartoon/giraffe/pic_317.jpg,2,2
cdan,cartoon,cartoon/giraffe/pic_318.jpg,2,0
cdan,cartoon,cartoon/giraffe/pic_320.jpg,2,2
cdan,cartoon,cartoon/giraffe/pic_322.jpg,2,2
cdan,cartoon,cartoon/giraffe/pic_339.jpg,2,2
cdan,cartoon,cartoon/giraffe/pic_341.jpg,2,2
cdan,cartoon,cartoon/giraffe/pic_349.jpg,2,2
cdan,cartoon,cartoon/giraffe/pic_353.jpg,2,2
cdan,cartoon,cartoon/giraffe/pic_356.jpg,2,2
cdan,cartoon,cartoon/giraffe/pic_360.jpg,2,2
cdan,cartoon,cartoon/giraffe/pic_365.jpg,2,2
cdan,cartoon,cartoon/giraffe/pic_369.jpg,2,2
cdan,cartoon,cartoon/giraffe/pic_373.jpg,2,2
cdan,cartoon,cartoon/giraffe/pic_379.jpg,2,2
cdan,cartoon,cartoon/giraffe/pic_383.jpg,2,2
cdan,cartoon,cartoon/giraffe/pic_385.jpg,2,2
cdan,cartoon,cartoon/guitar/pic_004.jpg,3,3
cdan,cartoon,cartoon/guitar/pic_011.jpg,3,3
cdan,cartoon,cartoon/guitar/pic_012.jpg,3,3
cdan,cartoon,cartoon/guitar/pic_016.jpg,3,3
cdan,cartoon,cartoon/guitar/pic_020.jpg,3,3
cdan,cartoon,cartoon/guitar/pic_024.jpg,3,3
cdan,cartoon,cartoon/guitar/pic_030.jpg,3,3
cdan,cartoon,cartoon/guitar/pic_035.jpg,3,3
cdan,cartoon,cartoon/guitar/pic_046.jpg,3,3
cdan,cartoon,cartoon/guitar/pic_048.jpg,3,3
cdan,cartoon,cartoon/guitar/pic_058.jpg,3,3
cdan,cartoon,cartoon/guitar/pic_060.jpg,3,3
cdan,cartoon,cartoon/guitar/pic_068.jpg,3,3
cdan,cartoon,cartoon/guitar/pic_069.jpg,3,3
cdan,cartoon,cartoon/guitar/pic_070.jpg,3,3
cdan,cartoon,cartoon/guitar/pic_073.jpg,3,3
cdan,cartoon,cartoon/guitar/pic_076.jpg,3,3
cdan,cartoon,cartoon/guitar/pic_083.jpg,3,3
cdan,cartoon,cartoon/guitar/pic_089.jpg,3,3
cdan,cartoon,cartoon/guitar/pic_097.jpg,3,3
cdan,cartoon,cartoon/guitar/pic_100.jpg,3,3
cdan,cartoon,cartoon/guitar/pic_107.jpg,3,3
cdan,cartoon,cartoon/guitar/pic_112.jpg,3,3
cdan,cartoon,cartoon/guitar/pic_117.jpg,3,3
cdan,cartoon,cartoon/guitar/pic_118.jpg,3,3
cdan,cartoon,cartoon/guitar/pic_124.jpg,3,3
cdan,cartoon,cartoon/guitar/pic_125.jpg,3,3
cdan,cartoon,cartoon/horse/pic_004.jpg,4,4
cdan,cartoon,cartoon/horse/pic_009.jpg,4,4
cdan,cartoon,cartoon/horse/pic_011.jpg,4,4
cdan,cartoon,cartoon/horse/pic_013.jpg,4,4
cdan,cartoon,cartoon/horse/pic_021.jpg,4,4
cdan,cartoon,cartoon/horse/pic_025.jpg,4,4
cdan,cartoon,cartoon/horse/pic_026.jpg,4,4
cdan,cartoon,cartoon/horse/pic_028.jpg,4,4
cdan,cartoon,cartoon/horse/pic_032.jpg,4,4
cdan,cartoon,cartoon/horse/pic_048.jpg,4,4
cdan,cartoon,cartoon/horse/pic_049.jpg,4,4
cdan,cartoon,cartoon/horse/pic_051.jpg,4,4
cdan,cartoon,cartoon/horse/pic_053.jpg,4,4
cdan,cartoon,cartoon/horse/pic_064.jpg,4,4
cdan,cartoon,cartoon/horse/pic_070.jpg,4,4
cdan,cartoon,cartoon/horse/pic_072.jpg,4,4
cdan,cartoon,cartoon/horse/pic_079.jpg,4,4
cdan,cartoon,cartoon/horse/pic_086.jpg,4,4
cdan,cartoon,cartoon/horse/pic_092.jpg,4,4
cdan,cartoon,cartoon/horse/pic_096.jpg,4,4
cdan,cartoon,cartoon/horse/pic_106.jpg,4,4
cdan,cartoon,cartoon/horse/pic_118.jpg,4,4
cdan,cartoon,cartoon/horse/pic_121.jpg,4,4
cdan,cartoon,cartoon/horse/pic_131.jpg,4,4
cdan,cartoon,cartoon/horse/pic_132.jpg,4,4
cdan,cartoon,cartoon/horse/pic_135.jpg,4,4
cdan,cartoon,cartoon/horse/pic_139.jpg,4,4
cdan,cartoon,cartoon/horse/pic_147.jpg,4,4
cdan,cartoon,cartoon/horse/pic_157.jpg,4,4
cdan,cartoon,cartoon/horse/pic_173.jpg,4,4
cdan,cartoon,cartoon/horse/pic_186.jpg,4,4
cdan,cartoon,cartoon/horse/pic_187.jpg,4,4
cdan,cartoon,cartoon/horse/pic_188.jpg,4,4
cdan,cartoon,cartoon/horse/pic_189.jpg,4,4
cdan,cartoon,cartoon/horse/pic_196.jpg,4,4
cdan,cartoon,cartoon/horse/pic_214.jpg,4,4
cdan,cartoon,cartoon/horse/pic_219.jpg,4,4
cdan,cartoon,cartoon/horse/pic_220.jpg,4,4
cdan,cartoon,cartoon/horse/pic_221.jpg,4,4
cdan,cartoon,cartoon/horse/pic_224.jpg,4,4
cdan,cartoon,cartoon/horse/pic_233.jpg,4,2
cdan,cartoon,cartoon/horse/pic_243.jpg,4,0
cdan,cartoon,cartoon/horse/pic_257.jpg,4,4
cdan,cartoon,cartoon/horse/pic_264.jpg,4,4
cdan,cartoon,cartoon/horse/pic_267.jpg,4,4
cdan,cartoon,cartoon/horse/pic_275.jpg,4,4
cdan,cartoon,cartoon/horse/pic_288.jpg,4,1
cdan,cartoon,cartoon/horse/pic_293.jpg,4,0
cdan,cartoon,cartoon/horse/pic_297.jpg,4,4
cdan,cartoon,cartoon/horse/pic_300.jpg,4,4
cdan,cartoon,cartoon/horse/pic_303.jpg,4,4
cdan,cartoon,cartoon/horse/pic_312.jpg,4,4
cdan,cartoon,cartoon/horse/pic_322.jpg,4,4
cdan,cartoon,cartoon/horse/pic_327.jpg,4,4
cdan,cartoon,cartoon/horse/pic_332.jpg,4,4
cdan,cartoon,cartoon/horse/pic_336.jpg,4,4
cdan,cartoon,cartoon/horse/pic_340.jpg,4,4
cdan,cartoon,cartoon/horse/pic_343.jpg,4,4
cdan,cartoon,cartoon/horse/pic_345.jpg,4,4
cdan,cartoon,cartoon/horse/pic_347.jpg,4,4
cdan,cartoon,cartoon/horse/pic_352.jpg,4,4
cdan,cartoon,cartoon/horse/pic_355.jpg,4,4
cdan,cartoon,cartoon/horse/pic_357.jpg,4,4
cdan,cartoon,cartoon/horse/pic_363.jpg,4,4
cdan,cartoon,cartoon/horse/pic_364.jpg,4,4
cdan,cartoon,cartoon/house/pic_007.jpg,5,5
cdan,cartoon,cartoon/house/pic_011.jpg,5,5
cdan,cartoon,cartoon/house/pic_012.jpg,5,5
cdan,cartoon,cartoon/house/pic_014.jpg,5,5
cdan,cartoon,cartoon/house/pic_017.jpg,5,5
cdan,cartoon,cartoon/house/pic_023.jpg,5,5
cdan,cartoon,cartoon/house/pic_025.jpg,5,5
cdan,cartoon,cartoon/house/pic_026.jpg,5,5
cdan,cartoon,cartoon/house/pic_038.jpg,5,5
cdan,cartoon,cartoon/house/pic_039.jpg,5,5
cdan,cartoon,cartoon/house/pic_048.jpg,5,5
cdan,cartoon,cartoon/house/pic_064.jpg,5,5
cdan,cartoon,cartoon/house/pic_074.jpg,5,5
cdan,cartoon,cartoon/house/pic_080.jpg,5,5
cdan,cartoon,cartoon/house/pic_093.jpg,5,5
cdan,cartoon,cartoon/house/pic_098.jpg,5,5
cdan,cartoon,cartoon/house/pic_102.jpg,5,5
cdan,cartoon,cartoon/house/pic_103.jpg,5,5
cdan,cartoon,cartoon/house/pic_108.jpg,5,5
cdan,cartoon,cartoon/house/pic_119.jpg,5,5
cdan,cartoon,cartoon/house/pic_121.jpg,5,5
cdan,cartoon,cartoon/house/pic_140.jpg,5,5
cdan,cartoon,cartoon/house/pic_145.jpg,5,5
cdan,cartoon,cartoon/house/pic_147.jpg,5,5
cdan,cartoon,cartoon/house/pic_153.jpg,5,5
cdan,cartoon,cartoon/house/pic_160.jpg,5,5
cdan,cartoon,cartoon/house/pic_165.jpg,5,5
cdan,cartoon,cartoon/house/pic_167.jpg,5,5
cdan,cartoon,cartoon/house/pic_182.jpg,5,5
cdan,cartoon,cartoon/house/pic_191.jpg,5,5
cdan,cartoon,cartoon/house/pic_198.jpg,5,5
cdan,cartoon,cartoon/house/pic_201.jpg,5,5
cdan,cartoon,cartoon/house/pic_211.jpg,5,5
cdan,cartoon,cartoon/house/pic_212.jpg,5,5
cdan,cartoon,cartoon/house/pic_216.jpg,5,5
cdan,cartoon,cartoon/house/pic_217.jpg,5,5
cdan,cartoon,cartoon/house/pic_223.jpg,5,5
cdan,cartoon,cartoon/house/pic_228.jpg,5,5
cdan,cartoon,cartoon/house/pic_252.jpg,5,5
cdan,cartoon,cartoon/house/pic_256.jpg,5,5
cdan,cartoon,cartoon/house/pic_257.jpg,5,5
cdan,cartoon,cartoon/house/pic_265.jpg,5,5
cdan,cartoon,cartoon/house/pic_277.jpg,5,5
cdan,cartoon,cartoon/house/pic_278.jpg,5,5
cdan,cartoon,cartoon/house/pic_282.jpg,5,5
cdan,cartoon,cartoon/house/pic_286.jpg,5,5
cdan,cartoon,cartoon/house/pic_299.jpg,5,5
cdan,cartoon,cartoon/house/pic_308.jpg,5,5
cdan,cartoon,cartoon/house/pic_310.jpg,5,5
cdan,cartoon,cartoon/house/pic_311.jpg,5,5
cdan,cartoon,cartoon/house/pic_314.jpg,5,5
cdan,cartoon,cartoon/house/pic_317.jpg,5,5
cdan,cartoon,cartoon/house/pic_321.jpg,5,5
cdan,cartoon,cartoon/house/pic_340.jpg,5,5
cdan,cartoon,cartoon/house/pic_343.jpg,5,5
cdan,cartoon,cartoon/house/pic_347.jpg,5,5
cdan,cartoon,cartoon/house/pic_354.jpg,5,5
cdan,cartoon,cartoon/house/pic_355.jpg,5,5
cdan,cartoon,cartoon/person/pic_008.jpg,6,6
cdan,cartoon,cartoon/person/pic_020.jpg,6,0
cdan,cartoon,cartoon/person/pic_025.jpg,6,6
cdan,cartoon,cartoon/person/pic_031.jpg,6,6
cdan,cartoon,cartoon/person/pic_035.jpg,6,6
cdan,cartoon,cartoon/person/pic_036.jpg,6,6
cdan,cartoon,cartoon/person/pic_037.jpg,6,6
cdan,cartoon,cartoon/person/pic_039.jpg,6,6
cdan,cartoon,cartoon/person/pic_044.jpg,6,6
cdan,cartoon,cartoon/person/pic_052.jpg,6,0
cdan,cartoon,cartoon/person/pic_055.jpg,6,6
cdan,cartoon,cartoon/person/pic_061.jpg,6,6
cdan,cartoon,cartoon/person/pic_067.jpg,6,6
cdan,cartoon,cartoon/person/pic_070.jpg,6,6
cdan,cartoon,cartoon/person/pic_078.jpg,6,6
cdan,cartoon,cartoon/person/pic_079.jpg,6,0
cdan,cartoon,cartoon/person/pic_093.jpg,6,6
cdan,cartoon,cartoon/person/pic_094.jpg,6,6
cdan,cartoon,cartoon/person/pic_095.jpg,6,6
cdan,cartoon,cartoon/person/pic_105.jpg,6,6
cdan,cartoon,cartoon/person/pic_111.jpg,6,6
cdan,cartoon,cartoon/person/pic_113.jpg,6,6
cdan,cartoon,cartoon/person/pic_119.jpg,6,4
cdan,cartoon,cartoon/person/pic_125.jpg,6,6
cdan,cartoon,cartoon/person/pic_126.jpg,6,6
cdan,cartoon,cartoon/person/pic_129.jpg,6,6
cdan,cartoon,cartoon/person/pic_131.jpg,6,6
cdan,cartoon,cartoon/person/pic_141.jpg,6,6
cdan,cartoon,cartoon/person/pic_146.jpg,6,6
cdan,cartoon,cartoon/person/pic_151.jpg,6,6
cdan,cartoon,cartoon/person/pic_159.jpg,6,4
cdan,cartoon,cartoon/person/pic_167.jpg,6,6
cdan,cartoon,cartoon/person/pic_169.jpg,6,0
cdan,cartoon,cartoon/person/pic_170.jpg,6,6
cdan,cartoon,cartoon/person/pic_190.jpg,6,6
cdan,cartoon,cartoon/person/pic_193.jpg,6,6
cdan,cartoon,cartoon/person/pic_197.jpg,6,6
cdan,cartoon,cartoon/person/pic_203.jpg,6,6
cdan,cartoon,cartoon/person/pic_209.jpg,6,6
cdan,cartoon,cartoon/person/pic_210.jpg,6,6
cdan,cartoon,cartoon/person/pic_215.jpg,6,6
cdan,cartoon,cartoon/person/pic_216.jpg,6,6
cdan,cartoon,cartoon/person/pic_218.jpg,6,6
cdan,cartoon,cartoon/person/pic_224.jpg,6,6
cdan,cartoon,cartoon/person/pic_225.jpg,6,6
cdan,cartoon,cartoon/person/pic_226.jpg,6,6
cdan,cartoon,cartoon/person/pic_227.jpg,6,6
cdan,cartoon,cartoon/person/pic_236.jpg,6,4
cdan,cartoon,cartoon/person/pic_248.jpg,6,6
cdan,cartoon,cartoon/person/pic_253.jpg,6,6
cdan,cartoon,cartoon/person/pic_257.jpg,6,6
cdan,cartoon,cartoon/person/pic_259.jpg,6,6
cdan,cartoon,cartoon/person/pic_261.jpg,6,6
cdan,cartoon,cartoon/person/pic_265.jpg,6,6
cdan,cartoon,cartoon/person/pic_268.jpg,6,6
cdan,cartoon,cartoon/person/pic_285.jpg,6,6
cdan,cartoon,cartoon/person/pic_302.jpg,6,6
cdan,cartoon,cartoon/person/pic_313.jpg,6,6
cdan,cartoon,cartoon/person/pic_314.jpg,6,6
cdan,cartoon,cartoon/person/pic_316.jpg,6,6
cdan,cartoon,cartoon/person/pic_319.jpg,6,6
cdan,cartoon,cartoon/person/pic_320.jpg,6,6
cdan,cartoon,cartoon/person/pic_323.jpg,6,6
cdan,cartoon,cartoon/person/pic_333.jpg,6,0
cdan,cartoon,cartoon/person/pic_349.jpg,6,6
cdan,cartoon,cartoon/person/pic_368.jpg,6,6
cdan,cartoon,cartoon/person/pic_372.jpg,6,6
cdan,cartoon,cartoon/person/pic_377.jpg,6,6
cdan,cartoon,cartoon/person/pic_385.jpg,6,6
cdan,cartoon,cartoon/person/pic_387.jpg,6,6
cdan,cartoon,cartoon/person/pic_389.jpg,6,6
cdan,cartoon,cartoon/person/pic_392.jpg,6,6
cdan,cartoon,cartoon/person/pic_409.jpg,6,6
cdan,cartoon,cartoon/person/pic_415.jpg,6,6
cdan,cartoon,cartoon/person/pic_418.jpg,6,6
cdan,cartoon,cartoon/person/pic_424.jpg,6,4
cdan,cartoon,cartoon/person/pic_425.jpg,6,6
cdan,cartoon,cartoon/person/pic_434.jpg,6,6
cdan,cartoon,cartoon/person/pic_438.jpg,6,6
cdan,cartoon,cartoon/person/pic_449.jpg,6,6
cdan,cartoon,cartoon/person/pic_452.jpg,6,6
dan_0p1,photo,photo/dog/056_0009.jpg,0,0
dan_0p1,photo,photo/dog/056_0010.jpg,0,0
dan_0p1,photo,photo/dog/056_0029.jpg,0,0
dan_0p1,photo,photo/dog/056_0030.jpg,0,0
dan_0p1,photo,photo/dog/056_0042.jpg,0,0
dan_0p1,photo,photo/dog/056_0043.jpg,0,4
dan_0p1,photo,photo/dog/056_0048.jpg,0,0
dan_0p1,photo,photo/dog/056_0050.jpg,0,0
dan_0p1,photo,photo/dog/056_0052.jpg,0,0
dan_0p1,photo,photo/dog/056_0058.jpg,0,0
dan_0p1,photo,photo/dog/056_0062.jpg,0,0
dan_0p1,photo,photo/dog/056_0068.jpg,0,0
dan_0p1,photo,photo/dog/056_0071.jpg,0,0
dan_0p1,photo,photo/dog/056_0073.jpg,0,0
dan_0p1,photo,photo/dog/056_0075.jpg,0,0
dan_0p1,photo,photo/dog/056_0080.jpg,0,4
dan_0p1,photo,photo/dog/056_0082.jpg,0,0
dan_0p1,photo,photo/dog/056_0084.jpg,0,0
dan_0p1,photo,photo/dog/056_0090.jpg,0,0
dan_0p1,photo,photo/dog/056_0095.jpg,0,0
dan_0p1,photo,photo/dog/n02103406_1599.jpg,0,0
dan_0p1,photo,photo/dog/n02103406_2954.jpg,0,0
dan_0p1,photo,photo/dog/n02103406_3132.jpg,0,0
dan_0p1,photo,photo/dog/n02103406_3538.jpg,0,0
dan_0p1,photo,photo/dog/n02103406_371.jpg,0,0
dan_0p1,photo,photo/dog/n02103406_3964.jpg,0,0
dan_0p1,photo,photo/dog/n02103406_4916.jpg,0,0
dan_0p1,photo,photo/dog/n02103406_5035.jpg,0,0
dan_0p1,photo,photo/dog/n02103406_5456.jpg,0,0
dan_0p1,photo,photo/dog/n02103406_5505.jpg,0,0
dan_0p1,photo,photo/dog/n02103406_6530.jpg,0,0
dan_0p1,photo,photo/dog/n02103406_8280.jpg,0,0
dan_0p1,photo,photo/dog/n02106662_11133.jpg,0,0
dan_0p1,photo,photo/dog/n02106662_1922.jpg,0,0
dan_0p1,photo,photo/dog/n02106662_25917.jpg,0,0
dan_0p1,photo,photo/dog/n02106662_27393.jpg,0,0
dan_0p1,photo,photo/dog/n02106662_7885.jpg,0,0
dan_0p1,photo,photo/dog/n02109525_12875.jpg,0,0
dan_0p1,photo,photo/elephant/064_0004.jpg,1,1
dan_0p1,photo,photo/elephant/064_0008.jpg,1,1
dan_0p1,photo,photo/elephant/064_0011.jpg,1,1
dan_0p1,photo,photo/elephant/064_0012.jpg,1,1
dan_0p1,photo,photo/elephant/064_0016.jpg,1,1
dan_0p1,photo,photo/elephant/064_0024.jpg,1,1
dan_0p1,photo,photo/elephant/064_0039.jpg,1,1
dan_0p1,photo,photo/elephant/064_0044.jpg,1,1
dan_0p1,photo,photo/elephant/064_0045.jpg,1,1
dan_0p1,photo,photo/elephant/064_0062.jpg,1,1
dan_0p1,photo,photo/elephant/064_0067.jpg,1,1
dan_0p1,photo,photo/elephant/064_0070.jpg,1,1
dan_0p1,photo,photo/elephant/064_0072.jpg,1,1
dan_0p1,photo,photo/elephant/064_0074.jpg,1,1
dan_0p1,photo,photo/elephant/064_0097.jpg,1,1
dan_0p1,photo,photo/elephant/064_0111.jpg,1,1
dan_0p1,photo,photo/elephant/064_0114.jpg,1,1
dan_0p1,photo,photo/elephant/064_0115.jpg,1,1
dan_0p1,photo,photo/elephant/064_0120.jpg,1,1
dan_0p1,photo,photo/elephant/064_0125.jpg,1,1
dan_0p1,photo,photo/elephant/064_0127.jpg,1,1
dan_0p1,photo,photo/elephant/064_0130.jpg,1,1
dan_0p1,photo,photo/elephant/n02503517_10193.jpg,1,1
dan_0p1,photo,photo/elephant/n02503517_1453.jpg,1,1
dan_0p1,photo,photo/elephant/n02503517_184.jpg,1,1
dan_0p1,photo,photo/elephant/n02503517_3803.jpg,1,1
dan_0p1,photo,photo/elephant/n02503517_4247.jpg,1,1
dan_0p1,photo,photo/elephant/n02503517_4605.jpg,1,1
dan_0p1,photo,photo/elephant/n02503517_5287.jpg,1,1
dan_0p1,photo,photo/elephant/n02503517_5418.jpg,1,1
dan_0p1,photo,photo/elephant/n02503517_5527.jpg,1,1
dan_0p1,photo,photo/elephant/n02503517_564.jpg,1,1
dan_0p1,photo,photo/elephant/n02503517_6032.jpg,1,0
dan_0p1,photo,photo/elephant/n02503517_6479.jpg,1,1
dan_0p1,photo,photo/elephant/n02503517_6880.jpg,1,1
dan_0p1,photo,photo/elephant/n02503517_7020.jpg,1,1
dan_0p1,photo,photo/elephant/n02503517_753.jpg,1,0
dan_0p1,photo,photo/elephant/n02503517_8571.jpg,1,1
dan_0p1,photo,photo/elephant/n02503517_8901.jpg,1,1
dan_0p1,photo,photo/elephant/n02503517_8904.jpg,1,1
dan_0p1,photo,photo/elephant/n02503517_9827.jpg,1,1
dan_0p1,photo,photo/giraffe/084_0011.jpg,2,2
dan_0p1,photo,photo/giraffe/084_0012.jpg,2,2
dan_0p1,photo,photo/giraffe/084_0020.jpg,2,2
dan_0p1,photo,photo/giraffe/084_0028.jpg,2,2
dan_0p1,photo,photo/giraffe/084_0029.jpg,2,2
dan_0p1,photo,photo/giraffe/084_0042.jpg,2,2
dan_0p1,photo,photo/giraffe/084_0045.jpg,2,2
dan_0p1,photo,photo/giraffe/084_0047.jpg,2,2
dan_0p1,photo,photo/giraffe/084_0059.jpg,2,2
dan_0p1,photo,photo/giraffe/084_0060.jpg,2,2
dan_0p1,photo,photo/giraffe/084_0074.jpg,2,2
dan_0p1,photo,photo/giraffe/084_0077.jpg,2,2
dan_0p1,photo,photo/giraffe/n02439033_10130.jpg,2,2
dan_0p1,photo,photo/giraffe/n02439033_10164.jpg,2,2
dan_0p1,photo,photo/giraffe/n02439033_10453.jpg,2,2
dan_0p1,photo,photo/giraffe/n02439033_10919.jpg,2,2
dan_0p1,photo,photo/giraffe/n02439033_11059.jpg,2,2
dan_0p1,photo,photo/giraffe/n02439033_11114.jpg,2,2
dan_0p1,photo,photo/giraffe/n02439033_11486.jpg,2,2
dan_0p1,photo,photo/giraffe/n02439033_11504.jpg,2,2
dan_0p1,photo,photo/giraffe/n02439033_11627.jpg,2,2
dan_0p1,photo,photo/giraffe/n02439033_11683.jpg,2,2
dan_0p1,photo,photo/giraffe/n02439033_11715.jpg,2,5
dan_0p1,photo,photo/giraffe/n02439033_12413.jpg,2,2
dan_0p1,photo,photo/giraffe/n02439033_12680.jpg,2,2
dan_0p1,photo,photo/giraffe/n02439033_12987.jpg,2,2
dan_0p1,photo,photo/giraffe/n02439033_13602.jpg,2,2
dan_0p1,photo,photo/giraffe/n02439033_14148.jpg,2,2
dan_0p1,photo,photo/giraffe/n02439033_14846.jpg,2,2
dan_0p1,photo,photo/giraffe/n02439033_14872.jpg,2,2
dan_0p1,photo,photo/giraffe/n02439033_1508.jpg,2,2
dan_0p1,photo,photo/giraffe/n02439033_15479.jpg,2,2
dan_0p1,photo,photo/giraffe/n02439033_16483.jpg,2,2
dan_0p1,photo,photo/giraffe/n02439033_5652.jpg,2,2
dan_0p1,photo,photo/giraffe/n02439033_9472.jpg,2,2
dan_0p1,photo,photo/giraffe/n02439033_991.jpg,2,2
dan_0p1,photo,photo/guitar/063_0001.jpg,3,3
dan_0p1,photo,photo/guitar/063_0009.jpg,3,3
dan_0p1,photo,photo/guitar/063_0010.jpg,3,3
dan_0p1,photo,photo/guitar/063_0022.jpg,3,3
dan_0p1,photo,photo/guitar/063_0024.jpg,3,3
dan_0p1,photo,photo/guitar/063_0035.jpg,3,3
dan_0p1,photo,photo/guitar/063_0038.jpg,3,3
dan_0p1,photo,photo/guitar/063_0041.jpg,3,3
dan_0p1,photo,photo/guitar/063_0046.jpg,3,3
dan_0p1,photo,photo/guitar/063_0048.jpg,3,3
dan_0p1,photo,photo/guitar/063_0050.jpg,3,3
dan_0p1,photo,photo/guitar/063_0052.jpg,3,3
dan_0p1,photo,photo/guitar/063_0053.jpg,3,3
dan_0p1,photo,photo/guitar/063_0067.jpg,3,3
dan_0p1,photo,photo/guitar/063_0074.jpg,3,3
dan_0p1,photo,photo/guitar/063_0079.jpg,3,3
dan_0p1,photo,photo/guitar/063_0084.jpg,3,3
dan_0p1,photo,photo/guitar/063_0087.jpg,3,3
dan_0p1,photo,photo/guitar/063_0089.jpg,3,3
dan_0p1,photo,photo/guitar/063_0090.jpg,3,3
dan_0p1,photo,photo/guitar/063_0093.jpg,3,3
dan_0p1,photo,photo/guitar/063_0095.jpg,3,3
dan_0p1,photo,photo/guitar/063_0107.jpg,3,3
dan_0p1,photo,photo/guitar/063_0108.jpg,3,3
dan_0p1,photo,photo/guitar/n02676566_4189.jpg,3,3
dan_0p1,photo,photo/guitar/n02676566_6704.jpg,3,3
dan_0p1,photo,photo/guitar/n02676566_7830.jpg,3,3
dan_0p1,photo,photo/guitar/n02676566_7844.jpg,3,3
dan_0p1,photo,photo/guitar/n02676566_8997.jpg,3,3
dan_0p1,photo,photo/guitar/n03272010_10795.jpg,3,3
dan_0p1,photo,photo/guitar/n03272010_6820.jpg,3,3
dan_0p1,photo,photo/guitar/n03272010_7092.jpg,3,3
dan_0p1,photo,photo/guitar/n03272010_7390.jpg,3,3
dan_0p1,photo,photo/guitar/n03272010_9557.jpg,3,3
dan_0p1,photo,photo/guitar/n03467517_12925.jpg,3,3
dan_0p1,photo,photo/guitar/n03467517_22785.jpg,3,3
dan_0p1,photo,photo/guitar/n03467517_23229.jpg,3,3
dan_0p1,photo,photo/horse/105_0007.jpg,4,4
dan_0p1,photo,photo/horse/105_0008.jpg,4,4
dan_0p1,photo,photo/horse/105_0030.jpg,4,4
dan_0p1,photo,photo/horse/105_0048.jpg,4,4
dan_0p1,photo,photo/horse/105_0059.jpg,4,4
dan_0p1,photo,photo/horse/105_0066.jpg,4,4
dan_0p1,photo,photo/horse/105_0067.jpg,4,4
dan_0p1,photo,photo/horse/105_0076.jpg,4,4
dan_0p1,photo,photo/horse/105_0103.jpg,4,4
dan_0p1,photo,photo/horse/105_0106.jpg,4,4
dan_0p1,photo,photo/horse/105_0115.jpg,4,0
dan_0p1,photo,photo/horse/105_0134.jpg,4,4
dan_0p1,photo,photo/horse/105_0199.jpg,4,4
dan_0p1,photo,photo/horse/105_0206.jpg,4,4
dan_0p1,photo,photo/horse/105_0207.jpg,4,4
dan_0p1,photo,photo/horse/105_0215.jpg,4,4
dan_0p1,photo,photo/horse/105_0260.jpg,4,4
dan_0p1,photo,photo/horse/105_0266.jpg,4,4
dan_0p1,photo,photo/horse/n02374451_10098.jpg,4,4
dan_0p1,photo,photo/horse/n02374451_10669.jpg,4,4
dan_0p1,photo,photo/horse/n02374451_10761.jpg,4,4
dan_0p1,photo,photo/horse/n02374451_11492.jpg,4,4
dan_0p1,photo,photo/horse/n02374451_1234.jpg,4,4
dan_0p1,photo,photo/horse/n02374451_13718.jpg,4,4
dan_0p1,photo,photo/horse/n02374451_14119.jpg,4,4
dan_0p1,photo,photo/horse/n02374451_1443.jpg,4,4
dan_0p1,photo,photo/horse/n02374451_14738.jpg,4,4
dan_0p1,photo,photo/horse/n02374451_16358.jpg,4,4
dan_0p1,photo,photo/horse/n02374451_17474.jpg,4,4
dan_0p1,photo,photo/horse/n02374451_18570.jpg,4,0
dan_0p1,photo,photo/horse/n02374451_2248.jpg,4,4
dan_0p1,photo,photo/horse/n02374451_4795.jpg,4,4
dan_0p1,photo,photo/horse/n02374451_503.jpg,4,4
dan_0p1,photo,photo/horse/n02374451_54.jpg,4,4
dan_0p1,photo,photo/horse/n02374451_7631.jpg,4,4
dan_0p1,photo,photo/horse/n02374451_8526.jpg,4,4
dan_0p1,photo,photo/horse/n02374451_8744.jpg,4,4
dan_0p1,photo,photo/horse/n02374451_9064.jpg,4,4
dan_0p1,photo,photo/horse/n02374451_925.jpg,4,4
dan_0p1,photo,photo/horse/n02374451_9892.jpg,4,4
dan_0p1,photo,photo/house/pic_004.jpg,5,5
dan_0p1,photo,photo/house/pic_005.jpg,5,5
dan_0p1,photo,photo/house/pic_013.jpg,5,5
dan_0p1,photo,photo/house/pic_015.jpg,5,5
dan_0p1,photo,photo/house/pic_017.jpg,5,5
dan_0p1,photo,photo/house/pic_028.jpg,5,5
dan_0p1,photo,photo/house/pic_034.jpg,5,5
dan_0p1,photo,photo/house/pic_038.jpg,5,5
dan_0p1,photo,photo/house/pic_046.jpg,5,5
dan_0p1,photo,photo/house/pic_049.jpg,5,5
dan_0p1,photo,photo/house/pic_050.jpg,5,5
dan_0p1,photo,photo/house/pic_054.jpg,5,5
dan_0p1,photo,photo/house/pic_058.jpg,5,5
dan_0p1,photo,photo/house/pic_060.jpg,5,5
dan_0p1,photo,photo/house/pic_067.jpg,5,5
dan_0p1,photo,photo/house/pic_069.jpg,5,5
dan_0p1,photo,photo/house/pic_073.jpg,5,5
dan_0p1,photo,photo/house/pic_077.jpg,5,5
dan_0p1,photo,photo/house/pic_080.jpg,5,5
dan_0p1,photo,photo/house/pic_090.jpg,5,5
dan_0p1,photo,photo/house/pic_092.jpg,5,5
dan_0p1,photo,photo/house/pic_094.jpg,5,5
dan_0p1,photo,photo/house/pic_097.jpg,5,5
dan_0p1,photo,photo/house/pic_104.jpg,5,5
dan_0p1,photo,photo/house/pic_106.jpg,5,5
dan_0p1,photo,photo/house/pic_111.jpg,5,5
dan_0p1,photo,photo/house/pic_112.jpg,5,5
dan_0p1,photo,photo/house/pic_113.jpg,5,5
dan_0p1,photo,photo/house/pic_117.jpg,5,5
dan_0p1,photo,photo/house/pic_130.jpg,5,5
dan_0p1,photo,photo/house/pic_144.jpg,5,5
dan_0p1,photo,photo/house/pic_145.jpg,5,5
dan_0p1,photo,photo/house/pic_146.jpg,5,5
dan_0p1,photo,photo/house/pic_160.jpg,5,5
dan_0p1,photo,photo/house/pic_161.jpg,5,5
dan_0p1,photo,photo/house/pic_165.jpg,5,5
dan_0p1,photo,photo/house/pic_172.jpg,5,5
dan_0p1,photo,photo/house/pic_173.jpg,5,5
dan_0p1,photo,photo/house/pic_175.jpg,5,5
dan_0p1,photo,photo/house/pic_184.jpg,5,5
dan_0p1,photo,photo/house/pic_188.jpg,5,5
dan_0p1,photo,photo/house/pic_195.jpg,5,5
dan_0p1,photo,photo/house/pic_206.jpg,5,5
dan_0p1,photo,photo/house/pic_224.jpg,5,5
dan_0p1,photo,photo/house/pic_225.jpg,5,5
dan_0p1,photo,photo/house/pic_229.jpg,5,5
dan_0p1,photo,photo/house/pic_234.jpg,5,5
dan_0p1,photo,photo/house/pic_235.jpg,5,5
dan_0p1,photo,photo/house/pic_250.jpg,5,5
dan_0p1,photo,photo/house/pic_259.jpg,5,5
dan_0p1,photo,photo/house/pic_260.jpg,5,5
dan_0p1,photo,photo/house/pic_278.jpg,5,5
dan_0p1,photo,photo/house/pic_279.jpg,5,5
dan_0p1,photo,photo/house/pic_280.jpg,5,5
dan_0p1,photo,photo/house/pic_281.jpg,5,5
dan_0p1,photo,photo/house/pic_284.jpg,5,5
dan_0p1,photo,photo/person/253_0006.jpg,6,6
dan_0p1,photo,photo/person/253_0014.jpg,6,6
dan_0p1,photo,photo/person/253_0015.jpg,6,6
dan_0p1,photo,photo/person/253_0017.jpg,6,6
dan_0p1,photo,photo/person/253_0021.jpg,6,6
dan_0p1,photo,photo/person/253_0024.jpg,6,6
dan_0p1,photo,photo/person/253_0033.jpg,6,6
dan_0p1,photo,photo/person/253_0034.jpg,6,6
dan_0p1,photo,photo/person/253_0045.jpg,6,6
dan_0p1,photo,photo/person/253_0049.jpg,6,6
dan_0p1,photo,photo/person/253_0050.jpg,6,6
dan_0p1,photo,photo/person/253_0055.jpg,6,6
dan_0p1,photo,photo/person/253_0058.jpg,6,6
dan_0p1,photo,photo/person/253_0063.jpg,6,6
dan_0p1,photo,photo/person/253_0074.jpg,6,6
dan_0p1,photo,photo/person/253_0075.jpg,6,6
dan_0p1,photo,photo/person/253_0082.jpg,6,6
dan_0p1,photo,photo/person/253_0084.jpg,6,6
dan_0p1,photo,photo/person/253_0095.jpg,6,6
dan_0p1,photo,photo/person/253_0097.jpg,6,6
dan_0p1,photo,photo/person/253_0102.jpg,6,6
dan_0p1,photo,photo/person/253_0104.jpg,6,6
dan_0p1,photo,photo/person/253_0105.jpg,6,6
dan_0p1,photo,photo/person/253_0106.jpg,6,6
dan_0p1,photo,photo/person/253_0123.jpg,6,6
dan_0p1,photo,photo/person/253_0128.jpg,6,6
dan_0p1,photo,photo/person/253_0130.jpg,6,6
dan_0p1,photo,photo/person/253_0131.jpg,6,6
dan_0p1,photo,photo/person/253_0139.jpg,6,6
dan_0p1,photo,photo/person/253_0141.jpg,6,6
dan_0p1,photo,photo/person/253_0145.jpg,6,6
dan_0p1,photo,photo/person/253_0146.jpg,6,6
dan_0p1,photo,photo/person/253_0147.jpg,6,6
dan_0p1,photo,photo/person/253_0153.jpg,6,6
dan_0p1,photo,photo/person/253_0166.jpg,6,6
dan_0p1,photo,photo/person/253_0168.jpg,6,6
dan_0p1,photo,photo/person/253_0170.jpg,6,6
dan_0p1,photo,photo/person/253_0174.jpg,6,6
dan_0p1,photo,photo/person/253_0176.jpg,6,6
dan_0p1,photo,photo/person/253_0187.jpg,6,6
dan_0p1,photo,photo/person/253_0193.jpg,6,6
dan_0p1,photo,photo/person/253_0195.jpg,6,6
dan_0p1,photo,photo/person/253_0196.jpg,6,6
dan_0p1,photo,photo/person/253_0211.jpg,6,6
dan_0p1,photo,photo/person/253_0221.jpg,6,6
dan_0p1,photo,photo/person/253_0232.jpg,6,6
dan_0p1,photo,photo/person/253_0242.jpg,6,6
dan_0p1,photo,photo/person/253_0246.jpg,6,6
dan_0p1,photo,photo/person/253_0247.jpg,6,6
dan_0p1,photo,photo/person/253_0248.jpg,6,6
dan_0p1,photo,photo/person/253_0253.jpg,6,6
dan_0p1,photo,photo/person/253_0256.jpg,6,6
dan_0p1,photo,photo/person/253_0266.jpg,6,6
dan_0p1,photo,photo/person/253_0267.jpg,6,6
dan_0p1,photo,photo/person/253_0273.jpg,6,6
dan_0p1,photo,photo/person/253_0277.jpg,6,6
dan_0p1,photo,photo/person/253_0278.jpg,6,6
dan_0p1,photo,photo/person/253_0281.jpg,6,6
dan_0p1,photo,photo/person/253_0287.jpg,6,6
dan_0p1,photo,photo/person/253_0290.jpg,6,6
dan_0p1,photo,photo/person/253_0294.jpg,6,6
dan_0p1,photo,photo/person/253_0296.jpg,6,6
dan_0p1,photo,photo/person/253_0299.jpg,6,6
dan_0p1,photo,photo/person/253_0300.jpg,6,6
dan_0p1,photo,photo/person/253_0301.jpg,6,6
dan_0p1,photo,photo/person/253_0310.jpg,6,6
dan_0p1,photo,photo/person/253_0311.jpg,6,6
dan_0p1,photo,photo/person/253_0323.jpg,6,6
dan_0p1,photo,photo/person/253_0324.jpg,6,6
dan_0p1,photo,photo/person/253_0327.jpg,6,6
dan_0p1,photo,photo/person/253_0338.jpg,6,6
dan_0p1,photo,photo/person/253_0348.jpg,6,6
dan_0p1,photo,photo/person/253_0354.jpg,6,6
dan_0p1,photo,photo/person/253_0359.jpg,6,6
dan_0p1,photo,photo/person/253_0361.jpg,6,6
dan_0p1,photo,photo/person/253_0374.jpg,6,6
dan_0p1,photo,photo/person/253_0382.jpg,6,6
dan_0p1,photo,photo/person/253_0386.jpg,6,6
dan_0p1,photo,photo/person/253_0387.jpg,6,6
dan_0p1,photo,photo/person/253_0395.jpg,6,6
dan_0p1,photo,photo/person/253_0405.jpg,6,6
dan_0p1,photo,photo/person/253_0417.jpg,6,6
dan_0p1,photo,photo/person/253_0422.jpg,6,6
dan_0p1,photo,photo/person/253_0423.jpg,6,6
dan_0p1,photo,photo/person/253_0429.jpg,6,6
dan_0p1,photo,photo/person/253_0434.jpg,6,6
dan_0p1,art_painting,art_painting/dog/pic_007.jpg,0,0
dan_0p1,art_painting,art_painting/dog/pic_008.jpg,0,0
dan_0p1,art_painting,art_painting/dog/pic_021.jpg,0,0
dan_0p1,art_painting,art_painting/dog/pic_026.jpg,0,0
dan_0p1,art_painting,art_painting/dog/pic_036.jpg,0,0
dan_0p1,art_painting,art_painting/dog/pic_055.jpg,0,0
dan_0p1,art_painting,art_painting/dog/pic_058.jpg,0,0
dan_0p1,art_painting,art_painting/dog/pic_064.jpg,0,0
dan_0p1,art_painting,art_painting/dog/pic_070.jpg,0,0
dan_0p1,art_painting,art_painting/dog/pic_072.jpg,0,0
dan_0p1,art_painting,art_painting/dog/pic_073.jpg,0,0
dan_0p1,art_painting,art_painting/dog/pic_074.jpg,0,0
dan_0p1,art_painting,art_painting/dog/pic_079.jpg,0,0
dan_0p1,art_painting,art_painting/dog/pic_081.jpg,0,0
dan_0p1,art_painting,art_painting/dog/pic_083.jpg,0,0
dan_0p1,art_painting,art_painting/dog/pic_084.jpg,0,0
dan_0p1,art_painting,art_painting/dog/pic_090.jpg,0,0
dan_0p1,art_painting,art_painting/dog/pic_091.jpg,0,0
dan_0p1,art_painting,art_painting/dog/pic_099.jpg,0,0
dan_0p1,art_painting,art_painting/dog/pic_100.jpg,0,0
dan_0p1,art_painting,art_painting/dog/pic_105.jpg,0,0
dan_0p1,art_painting,art_painting/dog/pic_123.jpg,0,0
dan_0p1,art_painting,art_painting/dog/pic_133.jpg,0,0
dan_0p1,art_painting,art_painting/dog/pic_134.jpg,0,0
dan_0p1,art_painting,art_painting/dog/pic_137.jpg,0,0
dan_0p1,art_painting,art_painting/dog/pic_138.jpg,0,0
dan_0p1,art_painting,art_painting/dog/pic_152.jpg,0,0
dan_0p1,art_painting,art_painting/dog/pic_154.jpg,0,0
dan_0p1,art_painting,art_painting/dog/pic_157.jpg,0,0
dan_0p1,art_painting,art_painting/dog/pic_167.jpg,0,0
dan_0p1,art_painting,art_painting/dog/pic_172.jpg,0,0
dan_0p1,art_painting,art_painting/dog/pic_174.jpg,0,6
dan_0p1,art_painting,art_painting/dog/pic_177.jpg,0,0
dan_0p1,art_painting,art_painting/dog/pic_186.jpg,0,0
dan_0p1,art_painting,art_painting/dog/pic_194.jpg,0,0
dan_0p1,art_painting,art_painting/dog/pic_205.jpg,0,0
dan_0p1,art_painting,art_painting/dog/pic_214.jpg,0,0
dan_0p1,art_painting,art_painting/dog/pic_226.jpg,0,0
dan_0p1,art_painting,art_painting/dog/pic_232.jpg,0,0
dan_0p1,art_painting,art_painting/dog/pic_251.jpg,0,0
dan_0p1,art_painting,art_painting/dog/pic_253.jpg,0,0
dan_0p1,art_painting,art_painting/dog/pic_260.jpg,0,0
dan_0p1,art_painting,art_painting/dog/pic_268.jpg,0,0
dan_0p1,art_painting,art_painting/dog/pic_269.jpg,0,0
dan_0p1,art_painting,art_painting/dog/pic_274.jpg,0,0
dan_0p1,art_painting,art_painting/dog/pic_280.jpg,0,0
dan_0p1,art_painting,art_painting/dog/pic_282.jpg,0,0
dan_0p1,art_painting,art_painting/dog/pic_291.jpg,0,0
dan_0p1,art_painting,art_painting/dog/pic_295.jpg,0,0
dan_0p1,art_painting,art_painting/dog/pic_297.jpg,0,0
dan_0p1,art_painting,art_painting/dog/pic_301.jpg,0,0
dan_0p1,art_painting,art_painting/dog/pic_304.jpg,0,0
dan_0p1,art_painting,art_painting/dog/pic_310.jpg,0,0
dan_0p1,art_painting,art_painting/dog/pic_312.jpg,0,6
dan_0p1,art_painting,art_painting/dog/pic_314.jpg,0,0
dan_0p1,art_painting,art_painting/dog/pic_315.jpg,0,0
dan_0p1,art_painting,art_painting/dog/pic_318.jpg,0,0
dan_0p1,art_painting,art_painting/dog/pic_319.jpg,0,0
dan_0p1,art_painting,art_painting/dog/pic_322.jpg,0,0
dan_0p1,art_painting,art_painting/dog/pic_323.jpg,0,0
dan_0p1,art_painting,art_painting/dog/pic_327.jpg,0,0
dan_0p1,art_painting,art_painting/dog/pic_329.jpg,0,0
dan_0p1,art_painting,art_painting/dog/pic_331.jpg,0,6
dan_0p1,art_painting,art_painting/dog/pic_349.jpg,0,0
dan_0p1,art_painting,art_painting/dog/pic_350.jpg,0,0
dan_0p1,art_painting,art_painting/dog/pic_366.jpg,0,0
dan_0p1,art_painting,art_painting/dog/pic_368.jpg,0,0
dan_0p1,art_painting,art_painting/dog/pic_371.jpg,0,0
dan_0p1,art_painting,art_painting/dog/pic_372.jpg,0,0
dan_0p1,art_painting,art_painting/dog/pic_377.jpg,0,0
dan_0p1,art_painting,art_painting/dog/pic_384.jpg,0,0
dan_0p1,art_painting,art_painting/dog/pic_391.jpg,0,0
dan_0p1,art_painting,art_painting/dog/pic_393.jpg,0,0
dan_0p1,art_painting,art_painting/dog/pic_394.jpg,0,0
dan_0p1,art_painting,art_painting/dog/pic_397.jpg,0,0
dan_0p1,art_painting,art_painting/dog/pic_398.jpg,0,0
dan_0p1,art_painting,art_painting/elephant/pic_011.jpg,1,1
dan_0p1,art_painting,art_painting/elephant/pic_012.jpg,1,1
dan_0p1,art_painting,art_painting/elephant/pic_016.jpg,1,1
dan_0p1,art_painting,art_painting/elephant/pic_029.jpg,1,1
dan_0p1,art_painting,art_painting/elephant/pic_030.jpg,1,1
dan_0p1,art_painting,art_painting/elephant/pic_044.jpg,1,1
dan_0p1,art_painting,art_painting/elephant/pic_046.jpg,1,1
dan_0p1,art_painting,art_painting/elephant/pic_048.jpg,1,1
dan_0p1,art_painting,art_painting/elephant/pic_059.jpg,1,1
dan_0p1,art_painting,art_painting/elephant/pic_060.jpg,1,1
dan_0p1,art_painting,art_painting/elephant/pic_061.jpg,1,1
dan_0p1,art_painting,art_painting/elephant/pic_075.jpg,1,1
dan_0p1,art_painting,art_painting/elephant/pic_078.jpg,1,1
dan_0p1,art_painting,art_painting/elephant/pic_086.jpg,1,1
dan_0p1,art_painting,art_painting/elephant/pic_087.jpg,1,1
dan_0p1,art_painting,art_painting/elephant/pic_090.jpg,1,1
dan_0p1,art_painting,art_painting/elephant/pic_098.jpg,1,1
dan_0p1,art_painting,art_painting/elephant/pic_099.jpg,1,1
dan_0p1,art_painting,art_painting/elephant/pic_100.jpg,1,1
dan_0p1,art_painting,art_painting/elephant/pic_106.jpg,1,1
dan_0p1,art_painting,art_painting/elephant/pic_108.jpg,1,1
dan_0p1,art_painting,art_painting/elephant/pic_110.jpg,1,1
dan_0p1,art_painting,art_painting/elephant/pic_112.jpg,1,1
dan_0p1,art_painting,art_painting/elephant/pic_113.jpg,1,1
dan_0p1,art_painting,art_painting/elephant/pic_117.jpg,1,1
dan_0p1,art_painting,art_painting/elephant/pic_119.jpg,1,1
dan_0p1,art_painting,art_painting/elephant/pic_122.jpg,1,1
dan_0p1,art_painting,art_painting/elephant/pic_127.jpg,1,1
dan_0p1,art_painting,art_painting/elephant/pic_132.jpg,1,1
dan_0p1,art_painting,art_painting/elephant/pic_144.jpg,1,1
dan_0p1,art_painting,art_painting/elephant/pic_145.jpg,1,1
dan_0p1,art_painting,art_painting/elephant/pic_148.jpg,1,1
dan_0p1,art_painting,art_painting/elephant/pic_152.jpg,1,1
dan_0p1,art_painting,art_painting/elephant/pic_156.jpg,1,1
dan_0p1,art_painting,art_painting/elephant/pic_158.jpg,1,1
dan_0p1,art_painting,art_painting/elephant/pic_161.jpg,1,1
dan_0p1,art_painting,art_painting/elephant/pic_177.jpg,1,1
dan_0p1,art_painting,art_painting/elephant/pic_178.jpg,1,1
dan_0p1,art_painting,art_painting/elephant/pic_183.jpg,1,1
dan_0p1,art_painting,art_painting/elephant/pic_191.jpg,1,1
dan_0p1,art_painting,art_painting/elephant/pic_198.jpg,1,1
dan_0p1,art_painting,art_painting/elephant/pic_200.jpg,1,1
dan_0p1,art_painting,art_painting/elephant/pic_201.jpg,1,1
dan_0p1,art_painting,art_painting/elephant/pic_204.jpg,1,1
dan_0p1,art_painting,art_painting/elephant/pic_207.jpg,1,2
dan_0p1,art_painting,art_painting/elephant/pic_209.jpg,1,1
dan_0p1,art_painting,art_painting/elephant/pic_227.jpg,1,1
dan_0p1,art_painting,art_painting/elephant/pic_242.jpg,1,1
dan_0p1,art_painting,art_painting/elephant/pic_249.jpg,1,1
dan_0p1,art_painting,art_painting/elephant/pic_252.jpg,1,1
dan_0p1,art_painting,art_painting/elephant/pic_260.jpg,1,1
dan_0p1,art_painting,art_painting/giraffe/pic_001.jpg,2,2
dan_0p1,art_painting,art_painting/giraffe/pic_005.jpg,2,2
dan_0p1,art_painting,art_painting/giraffe/pic_009.jpg,2,2
dan_0p1,art_painting,art_painting/giraffe/pic_010.jpg,2,2
dan_0p1,art_painting,art_painting/giraffe/pic_011.jpg,2,2
dan_0p1,art_painting,art_painting/giraffe/pic_013.jpg,2,2
dan_0p1,art_painting,art_painting/giraffe/pic_014.jpg,2,2
dan_0p1,art_painting,art_painting/giraffe/pic_028.jpg,2,2
dan_0p1,art_painting,art_painting/giraffe/pic_040.jpg,2,2
dan_0p1,art_painting,art_painting/giraffe/pic_044.jpg,2,2
dan_0p1,art_painting,art_painting/giraffe/pic_052.jpg,2,2
dan_0p1,art_painting,art_painting/giraffe/pic_057.jpg,2,2
dan_0p1,art_painting,art_painting/giraffe/pic_068.jpg,2,2
dan_0p1,art_painting,art_painting/giraffe/pic_069.jpg,2,2
dan_0p1,art_painting,art_painting/giraffe/pic_071.jpg,2,2
dan_0p1,art_painting,art_painting/giraffe/pic_072.jpg,2,2
dan_0p1,art_painting,art_painting/giraffe/pic_077.jpg,2,2
dan_0p1,art_painting,art_painting/giraffe/pic_085.jpg,2,2
dan_0p1,art_painting,art_painting/giraffe/pic_086.jpg,2,2
dan_0p1,art_painting,art_painting/giraffe/pic_092.jpg,2,2
dan_0p1,art_painting,art_painting/giraffe/pic_094.jpg,2,2
dan_0p1,art_painting,art_painting/giraffe/pic_102.jpg,2,2
dan_0p1,art_painting,art_painting/giraffe/pic_108.jpg,2,2
dan_0p1,art_painting,art_painting/giraffe/pic_118.jpg,2,2
dan_0p1,art_painting,art_painting/giraffe/pic_122.jpg,2,2
dan_0p1,art_painting,art_painting/giraffe/pic_126.jpg,2,2
dan_0p1,art_painting,art_painting/giraffe/pic_137.jpg,2,2
dan_0p1,art_painting,art_painting/giraffe/pic_138.jpg,2,2
dan_0p1,art_painting,art_painting/giraffe/pic_139.jpg,2,2
dan_0p1,art_painting,art_painting/giraffe/pic_140.jpg,2,2
dan_0p1,art_painting,art_painting/giraffe/pic_142.jpg,2,2
dan_0p1,art_painting,art_painting/giraffe/pic_153.jpg,2,2
dan_0p1,art_painting,art_painting/giraffe/pic_170.jpg,2,2
dan_0p1,art_painting,art_painting/giraffe/pic_171.jpg,2,2
dan_0p1,art_painting,art_painting/giraffe/pic_173.jpg,2,2
dan_0p1,art_painting,art_painting/giraffe/pic_176.jpg,2,2
dan_0p1,art_painting,art_painting/giraffe/pic_180.jpg,2,2
dan_0p1,art_painting,art_painting/giraffe/pic_185.jpg,2,2
dan_0p1,art_painting,art_painting/giraffe/pic_190.jpg,2,2
dan_0p1,art_painting,art_painting/giraffe/pic_191.jpg,2,2
dan_0p1,art_painting,art_painting/giraffe/pic_193.jpg,2,2
dan_0p1,art_painting,art_painting/giraffe/pic_210.jpg,2,2
dan_0p1,art_painting,art_painting/giraffe/pic_214.jpg,2,2
dan_0p1,art_painting,art_painting/giraffe/pic_238.jpg,2,2
dan_0p1,art_painting,art_painting/giraffe/pic_239.jpg,2,2
dan_0p1,art_painting,art_painting/giraffe/pic_243.jpg,2,2
dan_0p1,art_painting,art_painting/giraffe/pic_244.jpg,2,2
dan_0p1,art_painting,art_painting/giraffe/pic_253.jpg,2,2
dan_0p1,art_painting,art_painting/giraffe/pic_261.jpg,2,2
dan_0p1,art_painting,art_painting/giraffe/pic_265.jpg,2,0
dan_0p1,art_painting,art_painting/giraffe/pic_268.jpg,2,0
dan_0p1,art_painting,art_painting/giraffe/pic_271.jpg,2,2
dan_0p1,art_painting,art_painting/giraffe/pic_293.jpg,2,2
dan_0p1,art_painting,art_painting/giraffe/pic_300.jpg,2,2
dan_0p1,art_painting,art_painting/giraffe/pic_302.jpg,2,2
dan_0p1,art_painting,art_painting/giraffe/pic_307.jpg,2,2
dan_0p1,art_painting,art_painting/giraffe/pic_309.jpg,2,2
dan_0p1,art_painting,art_painting/guitar/pic_014.jpg,3,3
dan_0p1,art_painting,art_painting/guitar/pic_023.jpg,3,3
dan_0p1,art_painting,art_painting/guitar/pic_024.jpg,3,3
dan_0p1,art_painting,art_painting/guitar/pic_026.jpg,3,3
dan_0p1,art_painting,art_painting/guitar/pic_034.jpg,3,3
dan_0p1,art_painting,art_painting/guitar/pic_044.jpg,3,3
dan_0p1,art_painting,art_painting/guitar/pic_050.jpg,3,3
dan_0p1,art_painting,art_painting/guitar/pic_059.jpg,3,3
dan_0p1,art_painting,art_painting/guitar/pic_063.jpg,3,3
dan_0p1,art_painting,art_painting/guitar/pic_071.jpg,3,3
dan_0p1,art_painting,art_painting/guitar/pic_074.jpg,3,3
dan_0p1,art_painting,art_painting/guitar/pic_075.jpg,3,3
dan_0p1,art_painting,art_painting/guitar/pic_082.jpg,3,3
dan_0p1,art_painting,art_painting/guitar/pic_089.jpg,3,3
dan_0p1,art_painting,art_painting/guitar/pic_092.jpg,3,3
dan_0p1,art_painting,art_painting/guitar/pic_103.jpg,3,3
dan_0p1,art_painting,art_painting/guitar/pic_108.jpg,3,3
dan_0p1,art_painting,art_painting/guitar/pic_111.jpg,3,3
dan_0p1,art_painting,art_painting/guitar/pic_113.jpg,3,3
dan_0p1,art_painting,art_painting/guitar/pic_114.jpg,3,3
dan_0p1,art_painting,art_painting/guitar/pic_127.jpg,3,3
dan_0p1,art_painting,art_painting/guitar/pic_129.jpg,3,3
dan_0p1,art_painting,art_painting/guitar/pic_135.jpg,3,3
dan_0p1,art_painting,art_painting/guitar/pic_137.jpg,3,3
dan_0p1,art_painting,art_painting/guitar/pic_142.jpg,3,3
dan_0p1,art_painting,art_painting/guitar/pic_158.jpg,3,3
dan_0p1,art_painting,art_painting/guitar/pic_166.jpg,3,3
dan_0p1,art_painting,art_painting/guitar/pic_170.jpg,3,3
dan_0p1,art_painting,art_painting/guitar/pic_171.jpg,3,3
dan_0p1,art_painting,art_painting/guitar/pic_173.jpg,3,3
dan_0p1,art_painting,art_painting/guitar/pic_177.jpg,3,3
dan_0p1,art_painting,art_painting/guitar/pic_178.jpg,3,3
dan_0p1,art_painting,art_painting/guitar/pic_182.jpg,3,3
dan_0p1,art_painting,art_painting/guitar/pic_187.jpg,3,3
dan_0p1,art_painting,art_painting/guitar/pic_192.jpg,3,3
dan_0p1,art_painting,art_painting/guitar/pic_193.jpg,3,3
dan_0p1,art_painting,art_painting/guitar/pic_197.jpg,3,3
dan_0p1,art_painting,art_painting/horse/pic_001.jpg,4,4
dan_0p1,art_painting,art_painting/horse/pic_002.jpg,4,0
dan_0p1,art_painting,art_painting/horse/pic_008.jpg,4,4
dan_0p1,art_painting,art_painting/horse/pic_012.jpg,4,4
dan_0p1,art_painting,art_painting/horse/pic_017.jpg,4,4
dan_0p1,art_painting,art_painting/horse/pic_028.jpg,4,4
dan_0p1,art_painting,art_painting/horse/pic_034.jpg,4,4
dan_0p1,art_painting,art_painting/horse/pic_042.jpg,4,4
dan_0p1,art_painting,art_painting/horse/pic_047.jpg,4,4
dan_0p1,art_painting,art_painting/horse/pic_049.jpg,4,4
dan_0p1,art_painting,art_painting/horse/pic_054.jpg,4,6
dan_0p1,art_painting,art_painting/horse/pic_056.jpg,4,4
dan_0p1,art_painting,art_painting/horse/pic_081.jpg,4,4
dan_0p1,art_painting,art_painting/horse/pic_090.jpg,4,1
dan_0p1,art_painting,art_painting/horse/pic_099.jpg,4,4
dan_0p1,art_painting,art_painting/horse/pic_106.jpg,4,4
dan_0p1,art_painting,art_painting/horse/pic_115.jpg,4,4
dan_0p1,art_painting,art_painting/horse/pic_125.jpg,4,4
dan_0p1,art_painting,art_painting/horse/pic_128.jpg,4,4
dan_0p1,art_painting,art_painting/horse/pic_130.jpg,4,4
dan_0p1,art_painting,art_painting/horse/pic_133.jpg,4,4
dan_0p1,art_painting,art_painting/horse/pic_134.jpg,4,4
dan_0p1,art_painting,art_painting/horse/pic_135.jpg,4,4
dan_0p1,art_painting,art_painting/horse/pic_136.jpg,4,4
dan_0p1,art_painting,art_painting/horse/pic_138.jpg,4,1
dan_0p1,art_painting,art_painting/horse/pic_142.jpg,4,4
dan_0p1,art_painting,art_painting/horse/pic_150.jpg,4,4
dan_0p1,art_painting,art_painting/horse/pic_151.jpg,4,4
dan_0p1,art_painting,art_painting/horse/pic_154.jpg,4,1
dan_0p1,art_painting,art_painting/horse/pic_161.jpg,4,4
dan_0p1,art_painting,art_painting/horse/pic_162.jpg,4,4
dan_0p1,art_painting,art_painting/horse/pic_182.jpg,4,4
dan_0p1,art_painting,art_painting/horse/pic_195.jpg,4,4
dan_0p1,art_painting,art_painting/horse/pic_206.jpg,4,4
dan_0p1,art_painting,art_painting/horse/pic_213.jpg,4,4
dan_0p1,art_painting,art_painting/horse/pic_218.jpg,4,1
dan_0p1,art_painting,art_painting/horse/pic_219.jpg,4,0
dan_0p1,art_painting,art_painting/horse/pic_222.jpg,4,4
dan_0p1,art_painting,art_painting/horse/pic_228.jpg,4,0
dan_0p1,art_painting,art_painting/horse/pic_232.jpg,4,4
dan_0p1,art_painting,art_painting/house/pic_004.jpg,5,5
dan_0p1,art_painting,art_painting/house/pic_008.jpg,5,5
dan_0p1,art_painting,art_painting/house/pic_009.jpg,5,5
dan_0p1,art_painting,art_painting/house/pic_011.jpg,5,5
dan_0p1,art_painting,art_painting/house/pic_014.jpg,5,5
dan_0p1,art_painting,art_painting/house/pic_018.jpg,5,5
dan_0p1,art_painting,art_painting/house/pic_022.jpg,5,5
dan_0p1,art_painting,art_painting/house/pic_026.jpg,5,5
dan_0p1,art_painting,art_painting/house/pic_029.jpg,5,5
dan_0p1,art_painting,art_painting/house/pic_034.jpg,5,5
dan_0p1,art_painting,art_painting/house/pic_038.jpg,5,5
dan_0p1,art_painting,art_painting/house/pic_054.jpg,5,5
dan_0p1,art_painting,art_painting/house/pic_061.jpg,5,5
dan_0p1,art_painting,art_painting/house/pic_074.jpg,5,5
dan_0p1,art_painting,art_painting/house/pic_076.jpg,5,5
dan_0p1,art_painting,art_painting/house/pic_082.jpg,5,5
dan_0p1,art_painting,art_painting/house/pic_088.jpg,5,5
dan_0p1,art_painting,art_painting/house/pic_091.jpg,5,0
dan_0p1,art_painting,art_painting/house/pic_098.jpg,5,5
dan_0p1,art_painting,art_painting/house/pic_103.jpg,5,5
dan_0p1,art_painting,art_painting/house/pic_107.jpg,5,5
dan_0p1,art_painting,art_painting/house/pic_111.jpg,5,5
dan_0p1,art_painting,art_painting/house/pic_121.jpg,5,5
dan_0p1,art_painting,art_painting/house/pic_123.jpg,5,5
dan_0p1,art_painting,art_painting/house/pic_134.jpg,5,5
dan_0p1,art_painting,art_painting/house/pic_136.jpg,5,5
dan_0p1,art_painting,art_painting/house/pic_149.jpg,5,5
dan_0p1,art_painting,art_painting/house/pic_153.jpg,5,5
dan_0p1,art_painting,art_painting/house/pic_157.jpg,5,5
dan_0p1,art_painting,art_painting/house/pic_187.jpg,5,5
dan_0p1,art_painting,art_painting/house/pic_189.jpg,5,5
dan_0p1,art_painting,art_painting/house/pic_191.jpg,5,5
dan_0p1,art_painting,art_painting/house/pic_198.jpg,5,5
dan_0p1,art_painting,art_painting/house/pic_212.jpg,5,5
dan_0p1,art_painting,art_painting/house/pic_213.jpg,5,5
dan_0p1,art_painting,art_painting/house/pic_218.jpg,5,5
dan_0p1,art_painting,art_painting/house/pic_219.jpg,5,5
dan_0p1,art_painting,art_painting/house/pic_221.jpg,5,5
dan_0p1,art_painting,art_painting/house/pic_226.jpg,5,5
dan_0p1,art_painting,art_painting/house/pic_231.jpg,5,5
dan_0p1,art_painting,art_painting/house/pic_245.jpg,5,5
dan_0p1,art_painting,art_painting/house/pic_246.jpg,5,5
dan_0p1,art_painting,art_painting/house/pic_261.jpg,5,5
dan_0p1,art_painting,art_painting/house/pic_269.jpg,5,3
dan_0p1,art_painting,art_painting/house/pic_276.jpg,5,5
dan_0p1,art_painting,art_painting/house/pic_281.jpg,5,5
dan_0p1,art_painting,art_painting/house/pic_291.jpg,5,5
dan_0p1,art_painting,art_painting/house/pic_295.jpg,5,5
dan_0p1,art_painting,art_painting/house/pic_298.jpg,5,5
dan_0p1,art_painting,art_painting/house/pic_304.jpg,5,5
dan_0p1,art_painting,art_painting/house/pic_306.jpg,5,5
dan_0p1,art_painting,art_painting/house/pic_309.jpg,5,5
dan_0p1,art_painting,art_painting/house/pic_311.jpg,5,5
dan_0p1,art_painting,art_painting/house/pic_313.jpg,5,5
dan_0p1,art_painting,art_painting/house/pic_315.jpg,5,5
dan_0p1,art_painting,art_painting/house/pic_322.jpg,5,5
dan_0p1,art_painting,art_painting/house/pic_330.jpg,5,5
dan_0p1,art_painting,art_painting/house/pic_331.jpg,5,5
dan_0p1,art_painting,art_painting/house/pic_336.jpg,5,5
dan_0p1,art_painting,art_painting/person/pic_009.jpg,6,6
dan_0p1,art_painting,art_painting/person/pic_011.jpg,6,6
dan_0p1,art_painting,art_painting/person/pic_014.jpg,6,6
dan_0p1,art_painting,art_painting/person/pic_016.jpg,6,6
dan_0p1,art_painting,art_painting/person/pic_018.jpg,6,6
dan_0p1,art_painting,art_painting/person/pic_026.jpg,6,6
dan_0p1,art_painting,art_painting/person/pic_027.jpg,6,6
dan_0p1,art_painting,art_painting/person/pic_033.jpg,6,0
dan_0p1,art_painting,art_painting/person/pic_042.jpg,6,0
dan_0p1,art_painting,art_painting/person/pic_052.jpg,6,0
dan_0p1,art_painting,art_painting/person/pic_069.jpg,6,6
dan_0p1,art_painting,art_painting/person/pic_070.jpg,6,6
dan_0p1,art_painting,art_painting/person/pic_074.jpg,6,6
dan_0p1,art_painting,art_painting/person/pic_094.jpg,6,6
dan_0p1,art_painting,art_painting/person/pic_097.jpg,6,6
dan_0p1,art_painting,art_painting/person/pic_101.jpg,6,6
dan_0p1,art_painting,art_painting/person/pic_105.jpg,6,6
dan_0p1,art_painting,art_painting/person/pic_107.jpg,6,6
dan_0p1,art_painting,art_painting/person/pic_109.jpg,6,6
dan_0p1,art_painting,art_painting/person/pic_110.jpg,6,6
dan_0p1,art_painting,art_painting/person/pic_116.jpg,6,6
dan_0p1,art_painting,art_painting/person/pic_124.jpg,6,0
dan_0p1,art_painting,art_painting/person/pic_126.jpg,6,6
dan_0p1,art_painting,art_painting/person/pic_129.jpg,6,6
dan_0p1,art_painting,art_painting/person/pic_134.jpg,6,6
dan_0p1,art_painting,art_painting/person/pic_135.jpg,6,6
dan_0p1,art_painting,art_painting/person/pic_150.jpg,6,6
dan_0p1,art_painting,art_painting/person/pic_157.jpg,6,6
dan_0p1,art_painting,art_painting/person/pic_160.jpg,6,1
dan_0p1,art_painting,art_painting/person/pic_161.jpg,6,6
dan_0p1,art_painting,art_painting/person/pic_162.jpg,6,6
dan_0p1,art_painting,art_painting/person/pic_168.jpg,6,6
dan_0p1,art_painting,art_painting/person/pic_169.jpg,6,6
dan_0p1,art_painting,art_painting/person/pic_171.jpg,6,6
dan_0p1,art_painting,art_painting/person/pic_183.jpg,6,6
dan_0p1,art_painting,art_painting/person/pic_194.jpg,6,6
dan_0p1,art_painting,art_painting/person/pic_196.jpg,6,6
dan_0p1,art_painting,art_painting/person/pic_203.jpg,6,6
dan_0p1,art_painting,art_painting/person/pic_204.jpg,6,6
dan_0p1,art_painting,art_painting/person/pic_206.jpg,6,6
dan_0p1,art_painting,art_painting/person/pic_208.jpg,6,6
dan_0p1,art_painting,art_painting/person/pic_209.jpg,6,6
dan_0p1,art_painting,art_painting/person/pic_213.jpg,6,6
dan_0p1,art_painting,art_painting/person/pic_242.jpg,6,6
dan_0p1,art_painting,art_painting/person/pic_247.jpg,6,6
dan_0p1,art_painting,art_painting/person/pic_248.jpg,6,6
dan_0p1,art_painting,art_painting/person/pic_249.jpg,6,6
dan_0p1,art_painting,art_painting/person/pic_255.jpg,6,6
dan_0p1,art_painting,art_painting/person/pic_263.jpg,6,0
dan_0p1,art_painting,art_painting/person/pic_265.jpg,6,6
dan_0p1,art_painting,art_painting/person/pic_267.jpg,6,6
dan_0p1,art_painting,art_painting/person/pic_268.jpg,6,6
dan_0p1,art_painting,art_painting/person/pic_273.jpg,6,6
dan_0p1,art_painting,art_painting/person/pic_277.jpg,6,6
dan_0p1,art_painting,art_painting/person/pic_292.jpg,6,6
dan_0p1,art_painting,art_painting/person/pic_294.jpg,6,6
dan_0p1,art_painting,art_painting/person/pic_296.jpg,6,5
dan_0p1,art_painting,art_painting/person/pic_303.jpg,6,6
dan_0p1,art_painting,art_painting/person/pic_304.jpg,6,6
dan_0p1,art_painting,art_painting/person/pic_320.jpg,6,6
dan_0p1,art_painting,art_painting/person/pic_327.jpg,6,6
dan_0p1,art_painting,art_painting/person/pic_328.jpg,6,6
dan_0p1,art_painting,art_painting/person/pic_334.jpg,6,6
dan_0p1,art_painting,art_painting/person/pic_346.jpg,6,4
dan_0p1,art_painting,art_painting/person/pic_350.jpg,6,6
dan_0p1,art_painting,art_painting/person/pic_358.jpg,6,6
dan_0p1,art_painting,art_painting/person/pic_380.jpg,6,6
dan_0p1,art_painting,art_painting/person/pic_382.jpg,6,6
dan_0p1,art_painting,art_painting/person/pic_387.jpg,6,6
dan_0p1,art_painting,art_painting/person/pic_394.jpg,6,6
dan_0p1,art_painting,art_painting/person/pic_396.jpg,6,4
dan_0p1,art_painting,art_painting/person/pic_400.jpg,6,6
dan_0p1,art_painting,art_painting/person/pic_405.jpg,6,6
dan_0p1,art_painting,art_painting/person/pic_423.jpg,6,6
dan_0p1,art_painting,art_painting/person/pic_429.jpg,6,6
dan_0p1,art_painting,art_painting/person/pic_433.jpg,6,6
dan_0p1,art_painting,art_painting/person/pic_435.jpg,6,6
dan_0p1,art_painting,art_painting/person/pic_438.jpg,6,6
dan_0p1,art_painting,art_painting/person/pic_458.jpg,6,6
dan_0p1,art_painting,art_painting/person/pic_464.jpg,6,1
dan_0p1,art_painting,art_painting/person/pic_479.jpg,6,6
dan_0p1,art_painting,art_painting/person/pic_487.jpg,6,6
dan_0p1,art_painting,art_painting/person/pic_496.jpg,6,6
dan_0p1,art_painting,art_painting/person/pic_518.jpg,6,6
dan_0p1,art_painting,art_painting/person/pic_520.jpg,6,6
dan_0p1,art_painting,art_painting/person/pic_525.jpg,6,6
dan_0p1,art_painting,art_painting/person/pic_531.jpg,6,6
dan_0p1,art_painting,art_painting/person/pic_542.jpg,6,6
dan_0p1,art_painting,art_painting/person/pic_543.jpg,6,6
dan_0p1,art_painting,art_painting/person/pic_545.jpg,6,6
dan_0p1,cartoon,cartoon/dog/pic_008.jpg,0,0
dan_0p1,cartoon,cartoon/dog/pic_009.jpg,0,0
dan_0p1,cartoon,cartoon/dog/pic_023.jpg,0,0
dan_0p1,cartoon,cartoon/dog/pic_028.jpg,0,0
dan_0p1,cartoon,cartoon/dog/pic_038.jpg,0,0
dan_0p1,cartoon,cartoon/dog/pic_060.jpg,0,0
dan_0p1,cartoon,cartoon/dog/pic_063.jpg,0,0
dan_0p1,cartoon,cartoon/dog/pic_069.jpg,0,0
dan_0p1,cartoon,cartoon/dog/pic_074.jpg,0,0
dan_0p1,cartoon,cartoon/dog/pic_076.jpg,0,0
dan_0p1,cartoon,cartoon/dog/pic_077.jpg,0,0
dan_0p1,cartoon,cartoon/dog/pic_078.jpg,0,0
dan_0p1,cartoon,cartoon/dog/pic_083.jpg,0,0
dan_0p1,cartoon,cartoon/dog/pic_085.jpg,0,0
dan_0p1,cartoon,cartoon/dog/pic_087.jpg,0,0
dan_0p1,cartoon,cartoon/dog/pic_088.jpg,0,0
dan_0p1,cartoon,cartoon/dog/pic_094.jpg,0,0
dan_0p1,cartoon,cartoon/dog/pic_095.jpg,0,0
dan_0p1,cartoon,cartoon/dog/pic_102.jpg,0,0
dan_0p1,cartoon,cartoon/dog/pic_103.jpg,0,0
dan_0p1,cartoon,cartoon/dog/pic_108.jpg,0,0
dan_0p1,cartoon,cartoon/dog/pic_125.jpg,0,0
dan_0p1,cartoon,cartoon/dog/pic_135.jpg,0,0
dan_0p1,cartoon,cartoon/dog/pic_136.jpg,0,0
dan_0p1,cartoon,cartoon/dog/pic_139.jpg,0,0
dan_0p1,cartoon,cartoon/dog/pic_140.jpg,0,0
dan_0p1,cartoon,cartoon/dog/pic_155.jpg,0,0
dan_0p1,cartoon,cartoon/dog/pic_160.jpg,0,0
dan_0p1,cartoon,cartoon/dog/pic_164.jpg,0,0
dan_0p1,cartoon,cartoon/dog/pic_171.jpg,0,0
dan_0p1,cartoon,cartoon/dog/pic_176.jpg,0,0
dan_0p1,cartoon,cartoon/dog/pic_178.jpg,0,0
dan_0p1,cartoon,cartoon/dog/pic_180.jpg,0,0
dan_0p1,cartoon,cartoon/dog/pic_190.jpg,0,0
dan_0p1,cartoon,cartoon/dog/pic_198.jpg,0,0
dan_0p1,cartoon,cartoon/dog/pic_210.jpg,0,0
dan_0p1,cartoon,cartoon/dog/pic_218.jpg,0,0
dan_0p1,cartoon,cartoon/dog/pic_229.jpg,0,0
dan_0p1,cartoon,cartoon/dog/pic_237.jpg,0,0
dan_0p1,cartoon,cartoon/dog/pic_262.jpg,0,0
dan_0p1,cartoon,cartoon/dog/pic_265.jpg,0,0
dan_0p1,cartoon,cartoon/dog/pic_274.jpg,0,0
dan_0p1,cartoon,cartoon/dog/pic_282.jpg,0,0
dan_0p1,cartoon,cartoon/dog/pic_284.jpg,0,0
dan_0p1,cartoon,cartoon/dog/pic_287.jpg,0,0
dan_0p1,cartoon,cartoon/dog/pic_292.jpg,0,0
dan_0p1,cartoon,cartoon/dog/pic_294.jpg,0,0
dan_0p1,cartoon,cartoon/dog/pic_305.jpg,0,0
dan_0p1,cartoon,cartoon/dog/pic_310.jpg,0,0
dan_0p1,cartoon,cartoon/dog/pic_313.jpg,0,0
dan_0p1,cartoon,cartoon/dog/pic_317.jpg,0,0
dan_0p1,cartoon,cartoon/dog/pic_319.jpg,0,0
dan_0p1,cartoon,cartoon/dog/pic_325.jpg,0,0
dan_0p1,cartoon,cartoon/dog/pic_327.jpg,0,0
dan_0p1,cartoon,cartoon/dog/pic_329.jpg,0,0
dan_0p1,cartoon,cartoon/dog/pic_330.jpg,0,0
dan_0p1,cartoon,cartoon/dog/pic_333.jpg,0,0
dan_0p1,cartoon,cartoon/dog/pic_334.jpg,0,0
dan_0p1,cartoon,cartoon/dog/pic_338.jpg,0,0
dan_0p1,cartoon,cartoon/dog/pic_339.jpg,0,0
dan_0p1,cartoon,cartoon/dog/pic_344.jpg,0,0
dan_0p1,cartoon,cartoon/dog/pic_346.jpg,0,0
dan_0p1,cartoon,cartoon/dog/pic_348.jpg,0,0
dan_0p1,cartoon,cartoon/dog/pic_354.jpg,0,0
dan_0p1,cartoon,cartoon/dog/pic_368.jpg,0,0
dan_0p1,cartoon,cartoon/dog/pic_369.jpg,0,0
dan_0p1,cartoon,cartoon/dog/pic_386.jpg,0,0
dan_0p1,cartoon,cartoon/dog/pic_393.jpg,0,0
dan_0p1,cartoon,cartoon/dog/pic_397.jpg,0,0
dan_0p1,cartoon,cartoon/dog/pic_398.jpg,0,0
dan_0p1,cartoon,cartoon/dog/pic_401.jpg,0,6
dan_0p1,cartoon,cartoon/dog/pic_419.jpg,0,0
dan_0p1,cartoon,cartoon/dog/pic_422.jpg,0,0
dan_0p1,cartoon,cartoon/dog/pic_425.jpg,0,0
dan_0p1,cartoon,cartoon/dog/pic_427.jpg,0,6
dan_0p1,cartoon,cartoon/dog/pic_430.jpg,0,0
dan_0p1,cartoon,cartoon/dog/pic_433.jpg,0,0
dan_0p1,cartoon,cartoon/dog/pic_440.jpg,0,0
dan_0p1,cartoon,cartoon/elephant/pic_010.jpg,1,1
dan_0p1,cartoon,cartoon/elephant/pic_013.jpg,1,1
dan_0p1,cartoon,cartoon/elephant/pic_021.jpg,1,1
dan_0p1,cartoon,cartoon/elephant/pic_022.jpg,1,1
dan_0p1,cartoon,cartoon/elephant/pic_030.jpg,1,1
dan_0p1,cartoon,cartoon/elephant/pic_032.jpg,1,1
dan_0p1,cartoon,cartoon/elephant/pic_037.jpg,1,1
dan_0p1,cartoon,cartoon/elephant/pic_047.jpg,1,1
dan_0p1,cartoon,cartoon/elephant/pic_049.jpg,1,1
dan_0p1,cartoon,cartoon/elephant/pic_054.jpg,1,1
dan_0p1,cartoon,cartoon/elephant/pic_061.jpg,1,1
dan_0p1,cartoon,cartoon/elephant/pic_062.jpg,1,1
dan_0p1,cartoon,cartoon/elephant/pic_087.jpg,1,1
dan_0p1,cartoon,cartoon/elephant/pic_088.jpg,1,1
dan_0p1,cartoon,cartoon/elephant/pic_091.jpg,1,1
dan_0p1,cartoon,cartoon/elephant/pic_094.jpg,1,1
dan_0p1,cartoon,cartoon/elephant/pic_105.jpg,1,1
dan_0p1,cartoon,cartoon/elephant/pic_107.jpg,1,1
dan_0p1,cartoon,cartoon/elephant/pic_109.jpg,1,1
dan_0p1,cartoon,cartoon/elephant/pic_113.jpg,1,1
dan_0p1,cartoon,cartoon/elephant/pic_114.jpg,1,1
dan_0p1,cartoon,cartoon/elephant/pic_124.jpg,1,1
dan_0p1,cartoon,cartoon/elephant/pic_129.jpg,1,1
dan_0p1,cartoon,cartoon/elephant/pic_130.jpg,1,1
dan_0p1,cartoon,cartoon/elephant/pic_135.jpg,1,1
dan_0p1,cartoon,cartoon/elephant/pic_136.jpg,1,1
dan_0p1,cartoon,cartoon/elephant/pic_141.jpg,1,1
dan_0p1,cartoon,cartoon/elephant/pic_147.jpg,1,1
dan_0p1,cartoon,cartoon/elephant/pic_154.jpg,1,1
dan_0p1,cartoon,cartoon/elephant/pic_155.jpg,1,1
dan_0p1,cartoon,cartoon/elephant/pic_173.jpg,1,1
dan_0p1,cartoon,cartoon/elephant/pic_180.jpg,1,1
dan_0p1,cartoon,cartoon/elephant/pic_184.jpg,1,1
dan_0p1,cartoon,cartoon/elephant/pic_187.jpg,1,1
dan_0p1,cartoon,cartoon/elephant/pic_192.jpg,1,1
dan_0p1,cartoon,cartoon/elephant/pic_205.jpg,1,1
dan_0p1,cartoon,cartoon/elephant/pic_208.jpg,1,1
dan_0p1,cartoon,cartoon/elephant/pic_214.jpg,1,1
dan_0p1,cartoon,cartoon/elephant/pic_216.jpg,1,1
dan_0p1,cartoon,cartoon/elephant/pic_228.jpg,1,1
dan_0p1,cartoon,cartoon/elephant/pic_242.jpg,1,1
dan_0p1,cartoon,cartoon/elephant/pic_244.jpg,1,1
dan_0p1,cartoon,cartoon/elephant/pic_246.jpg,1,1
dan_0p1,cartoon,cartoon/elephant/pic_251.jpg,1,1
dan_0p1,cartoon,cartoon/elephant/pic_254.jpg,1,1
dan_0p1,cartoon,cartoon/elephant/pic_257.jpg,1,1
dan_0p1,cartoon,cartoon/elephant/pic_258.jpg,1,1
dan_0p1,cartoon,cartoon/elephant/pic_262.jpg,1,1
dan_0p1,cartoon,cartoon/elephant/pic_276.jpg,1,1
dan_0p1,cartoon,cartoon/elephant/pic_280.jpg,1,1
dan_0p1,cartoon,cartoon/elephant/pic_296.jpg,1,1
dan_0p1,cartoon,cartoon/elephant/pic_302.jpg,1,1
dan_0p1,cartoon,cartoon/elephant/pic_306.jpg,1,1
dan_0p1,cartoon,cartoon/elephant/pic_307.jpg,1,1
dan_0p1,cartoon,cartoon/elephant/pic_316.jpg,1,1
dan_0p1,cartoon,cartoon/elephant/pic_319.jpg,1,1
dan_0p1,cartoon,cartoon/elephant/pic_320.jpg,1,1
dan_0p1,cartoon,cartoon/elephant/pic_327.jpg,1,1
dan_0p1,cartoon,cartoon/elephant/pic_334.jpg,1,1
dan_0p1,cartoon,cartoon/elephant/pic_336.jpg,1,1
dan_0p1,cartoon,cartoon/elephant/pic_337.jpg,1,1
dan_0p1,cartoon,cartoon/elephant/pic_345.jpg,1,1
dan_0p1,cartoon,cartoon/elephant/pic_346.jpg,1,1
dan_0p1,cartoon,cartoon/elephant/pic_350.jpg,1,1
dan_0p1,cartoon,cartoon/elephant/pic_354.jpg,1,1
dan_0p1,cartoon,cartoon/elephant/pic_362.jpg,1,1
dan_0p1,cartoon,cartoon/elephant/pic_364.jpg,1,1
dan_0p1,cartoon,cartoon/elephant/pic_374.jpg,1,1
dan_0p1,cartoon,cartoon/elephant/pic_378.jpg,1,2
dan_0p1,cartoon,cartoon/elephant/pic_381.jpg,1,1
dan_0p1,cartoon,cartoon/elephant/pic_382.jpg,1,1
dan_0p1,cartoon,cartoon/elephant/pic_387.jpg,1,1
dan_0p1,cartoon,cartoon/elephant/pic_389.jpg,1,1
dan_0p1,cartoon,cartoon/elephant/pic_393.jpg,1,1
dan_0p1,cartoon,cartoon/elephant/pic_396.jpg,1,1
dan_0p1,cartoon,cartoon/elephant/pic_400.jpg,1,1
dan_0p1,cartoon,cartoon/elephant/pic_402.jpg,1,1
dan_0p1,cartoon,cartoon/elephant/pic_405.jpg,1,1
dan_0p1,cartoon,cartoon/elephant/pic_416.jpg,1,1
dan_0p1,cartoon,cartoon/elephant/pic_425.jpg,1,1
dan_0p1,cartoon,cartoon/elephant/pic_432.jpg,1,1
dan_0p1,cartoon,cartoon/elephant/pic_435.jpg,1,1
dan_0p1,cartoon,cartoon/elephant/pic_444.jpg,1,1
dan_0p1,cartoon,cartoon/elephant/pic_446.jpg,1,1
dan_0p1,cartoon,cartoon/elephant/pic_449.jpg,1,1
dan_0p1,cartoon,cartoon/elephant/pic_450.jpg,1,1
dan_0p1,cartoon,cartoon/elephant/pic_471.jpg,1,1
dan_0p1,cartoon,cartoon/elephant/pic_477.jpg,1,1
dan_0p1,cartoon,cartoon/elephant/pic_479.jpg,1,1
dan_0p1,cartoon,cartoon/elephant/pic_496.jpg,1,1
dan_0p1,cartoon,cartoon/elephant/pic_501.jpg,1,6
dan_0p1,cartoon,cartoon/giraffe/pic_005.jpg,2,2
dan_0p1,cartoon,cartoon/giraffe/pic_009.jpg,2,2
dan_0p1,cartoon,cartoon/giraffe/pic_013.jpg,2,2
dan_0p1,cartoon,cartoon/giraffe/pic_017.jpg,2,2
dan_0p1,cartoon,cartoon/giraffe/pic_019.jpg,2,2
dan_0p1,cartoon,cartoon/giraffe/pic_020.jpg,2,2
dan_0p1,cartoon,cartoon/giraffe/pic_030.jpg,2,2
dan_0p1,cartoon,cartoon/giraffe/pic_037.jpg,2,2
dan_0p1,cartoon,cartoon/giraffe/pic_045.jpg,2,2
dan_0p1,cartoon,cartoon/giraffe/pic_061.jpg,2,2
dan_0p1,cartoon,cartoon/giraffe/pic_071.jpg,2,2
dan_0p1,cartoon,cartoon/giraffe/pic_082.jpg,2,2
dan_0p1,cartoon,cartoon/giraffe/pic_090.jpg,2,2
dan_0p1,cartoon,cartoon/giraffe/pic_098.jpg,2,2
dan_0p1,cartoon,cartoon/giraffe/pic_100.jpg,2,2
dan_0p1,cartoon,cartoon/giraffe/pic_105.jpg,2,2
dan_0p1,cartoon,cartoon/giraffe/pic_112.jpg,2,2
dan_0p1,cartoon,cartoon/giraffe/pic_113.jpg,2,2
dan_0p1,cartoon,cartoon/giraffe/pic_119.jpg,2,2
dan_0p1,cartoon,cartoon/giraffe/pic_125.jpg,2,2
dan_0p1,cartoon,cartoon/giraffe/pic_127.jpg,2,2
dan_0p1,cartoon,cartoon/giraffe/pic_136.jpg,2,2
dan_0p1,cartoon,cartoon/giraffe/pic_143.jpg,2,2
dan_0p1,cartoon,cartoon/giraffe/pic_148.jpg,2,2
dan_0p1,cartoon,cartoon/giraffe/pic_156.jpg,2,2
dan_0p1,cartoon,cartoon/giraffe/pic_160.jpg,2,2
dan_0p1,cartoon,cartoon/giraffe/pic_168.jpg,2,2
dan_0p1,cartoon,cartoon/giraffe/pic_173.jpg,2,2
dan_0p1,cartoon,cartoon/giraffe/pic_192.jpg,2,2
dan_0p1,cartoon,cartoon/giraffe/pic_195.jpg,2,6
dan_0p1,cartoon,cartoon/giraffe/pic_198.jpg,2,2
dan_0p1,cartoon,cartoon/giraffe/pic_199.jpg,2,2
dan_0p1,cartoon,cartoon/giraffe/pic_202.jpg,2,2
dan_0p1,cartoon,cartoon/giraffe/pic_209.jpg,2,2
dan_0p1,cartoon,cartoon/giraffe/pic_212.jpg,2,2
dan_0p1,cartoon,cartoon/giraffe/pic_216.jpg,2,2
dan_0p1,cartoon,cartoon/giraffe/pic_218.jpg,2,2
dan_0p1,cartoon,cartoon/giraffe/pic_219.jpg,2,2
dan_0p1,cartoon,cartoon/giraffe/pic_225.jpg,2,2
dan_0p1,cartoon,cartoon/giraffe/pic_226.jpg,2,2
dan_0p1,cartoon,cartoon/giraffe/pic_231.jpg,2,2
dan_0p1,cartoon,cartoon/giraffe/pic_244.jpg,2,2
dan_0p1,cartoon,cartoon/giraffe/pic_248.jpg,2,2
dan_0p1,cartoon,cartoon/giraffe/pic_253.jpg,2,2
dan_0p1,cartoon,cartoon/giraffe/pic_254.jpg,2,2
dan_0p1,cartoon,cartoon/giraffe/pic_260.jpg,2,2
dan_0p1,cartoon,cartoon/giraffe/pic_262.jpg,2,2
dan_0p1,cartoon,cartoon/giraffe/pic_267.jpg,2,2
dan_0p1,cartoon,cartoon/giraffe/pic_272.jpg,2,2
dan_0p1,cartoon,cartoon/giraffe/pic_273.jpg,2,2
dan_0p1,cartoon,cartoon/giraffe/pic_280.jpg,2,2
dan_0p1,cartoon,cartoon/giraffe/pic_297.jpg,2,2
dan_0p1,cartoon,cartoon/giraffe/pic_305.jpg,2,2
dan_0p1,cartoon,cartoon/giraffe/pic_317.jpg,2,2
dan_0p1,cartoon,cartoon/giraffe/pic_318.jpg,2,2
dan_0p1,cartoon,cartoon/giraffe/pic_320.jpg,2,2
dan_0p1,cartoon,cartoon/giraffe/pic_322.jpg,2,2
dan_0p1,cartoon,cartoon/giraffe/pic_339.jpg,2,2
dan_0p1,cartoon,cartoon/giraffe/pic_341.jpg,2,2
dan_0p1,cartoon,cartoon/giraffe/pic_349.jpg,2,2
dan_0p1,cartoon,cartoon/giraffe/pic_353.jpg,2,2
dan_0p1,cartoon,cartoon/giraffe/pic_356.jpg,2,2
dan_0p1,cartoon,cartoon/giraffe/pic_360.jpg,2,2
dan_0p1,cartoon,cartoon/giraffe/pic_365.jpg,2,2
dan_0p1,cartoon,cartoon/giraffe/pic_369.jpg,2,2
dan_0p1,cartoon,cartoon/giraffe/pic_373.jpg,2,2
dan_0p1,cartoon,cartoon/giraffe/pic_379.jpg,2,2
dan_0p1,cartoon,cartoon/giraffe/pic_383.jpg,2,2
dan_0p1,cartoon,cartoon/giraffe/pic_385.jpg,2,2
dan_0p1,cartoon,cartoon/guitar/pic_004.jpg,3,3
dan_0p1,cartoon,cartoon/guitar/pic_011.jpg,3,3
dan_0p1,cartoon,cartoon/guitar/pic_012.jpg,3,3
dan_0p1,cartoon,cartoon/guitar/pic_016.jpg,3,3
dan_0p1,cartoon,cartoon/guitar/pic_020.jpg,3,3
dan_0p1,cartoon,cartoon/guitar/pic_024.jpg,3,3
dan_0p1,cartoon,cartoon/guitar/pic_030.jpg,3,3
dan_0p1,cartoon,cartoon/guitar/pic_035.jpg,3,3
dan_0p1,cartoon,cartoon/guitar/pic_046.jpg,3,3
dan_0p1,cartoon,cartoon/guitar/pic_048.jpg,3,3
dan_0p1,cartoon,cartoon/guitar/pic_058.jpg,3,3
dan_0p1,cartoon,cartoon/guitar/pic_060.jpg,3,3
dan_0p1,cartoon,cartoon/guitar/pic_068.jpg,3,3
dan_0p1,cartoon,cartoon/guitar/pic_069.jpg,3,3
dan_0p1,cartoon,cartoon/guitar/pic_070.jpg,3,3
dan_0p1,cartoon,cartoon/guitar/pic_073.jpg,3,3
dan_0p1,cartoon,cartoon/guitar/pic_076.jpg,3,3
dan_0p1,cartoon,cartoon/guitar/pic_083.jpg,3,3
dan_0p1,cartoon,cartoon/guitar/pic_089.jpg,3,3
dan_0p1,cartoon,cartoon/guitar/pic_097.jpg,3,3
dan_0p1,cartoon,cartoon/guitar/pic_100.jpg,3,3
dan_0p1,cartoon,cartoon/guitar/pic_107.jpg,3,3
dan_0p1,cartoon,cartoon/guitar/pic_112.jpg,3,3
dan_0p1,cartoon,cartoon/guitar/pic_117.jpg,3,3
dan_0p1,cartoon,cartoon/guitar/pic_118.jpg,3,3
dan_0p1,cartoon,cartoon/guitar/pic_124.jpg,3,3
dan_0p1,cartoon,cartoon/guitar/pic_125.jpg,3,3
dan_0p1,cartoon,cartoon/horse/pic_004.jpg,4,4
dan_0p1,cartoon,cartoon/horse/pic_009.jpg,4,4
dan_0p1,cartoon,cartoon/horse/pic_011.jpg,4,4
dan_0p1,cartoon,cartoon/horse/pic_013.jpg,4,4
dan_0p1,cartoon,cartoon/horse/pic_021.jpg,4,4
dan_0p1,cartoon,cartoon/horse/pic_025.jpg,4,4
dan_0p1,cartoon,cartoon/horse/pic_026.jpg,4,4
dan_0p1,cartoon,cartoon/horse/pic_028.jpg,4,4
dan_0p1,cartoon,cartoon/horse/pic_032.jpg,4,4
dan_0p1,cartoon,cartoon/horse/pic_048.jpg,4,4
dan_0p1,cartoon,cartoon/horse/pic_049.jpg,4,4
dan_0p1,cartoon,cartoon/horse/pic_051.jpg,4,4
dan_0p1,cartoon,cartoon/horse/pic_053.jpg,4,4
dan_0p1,cartoon,cartoon/horse/pic_064.jpg,4,4
dan_0p1,cartoon,cartoon/horse/pic_070.jpg,4,4
dan_0p1,cartoon,cartoon/horse/pic_072.jpg,4,6
dan_0p1,cartoon,cartoon/horse/pic_079.jpg,4,4
dan_0p1,cartoon,cartoon/horse/pic_086.jpg,4,4
dan_0p1,cartoon,cartoon/horse/pic_092.jpg,4,4
dan_0p1,cartoon,cartoon/horse/pic_096.jpg,4,4
dan_0p1,cartoon,cartoon/horse/pic_106.jpg,4,4
dan_0p1,cartoon,cartoon/horse/pic_118.jpg,4,4
dan_0p1,cartoon,cartoon/horse/pic_121.jpg,4,4
dan_0p1,cartoon,cartoon/horse/pic_131.jpg,4,4
dan_0p1,cartoon,cartoon/horse/pic_132.jpg,4,4
dan_0p1,cartoon,cartoon/horse/pic_135.jpg,4,4
dan_0p1,cartoon,cartoon/horse/pic_139.jpg,4,4
dan_0p1,cartoon,cartoon/horse/pic_147.jpg,4,4
dan_0p1,cartoon,cartoon/horse/pic_157.jpg,4,0
dan_0p1,cartoon,cartoon/horse/pic_173.jpg,4,4
dan_0p1,cartoon,cartoon/horse/pic_186.jpg,4,4
dan_0p1,cartoon,cartoon/horse/pic_187.jpg,4,4
dan_0p1,cartoon,cartoon/horse/pic_188.jpg,4,2
dan_0p1,cartoon,cartoon/horse/pic_189.jpg,4,4
dan_0p1,cartoon,cartoon/horse/pic_196.jpg,4,4
dan_0p1,cartoon,cartoon/horse/pic_214.jpg,4,4
dan_0p1,cartoon,cartoon/horse/pic_219.jpg,4,4
dan_0p1,cartoon,cartoon/horse/pic_220.jpg,4,4
dan_0p1,cartoon,cartoon/horse/pic_221.jpg,4,4
dan_0p1,cartoon,cartoon/horse/pic_224.jpg,4,4
dan_0p1,cartoon,cartoon/horse/pic_233.jpg,4,2
dan_0p1,cartoon,cartoon/horse/pic_243.jpg,4,4
dan_0p1,cartoon,cartoon/horse/pic_257.jpg,4,4
dan_0p1,cartoon,cartoon/horse/pic_264.jpg,4,6
dan_0p1,cartoon,cartoon/horse/pic_267.jpg,4,4
dan_0p1,cartoon,cartoon/horse/pic_275.jpg,4,4
dan_0p1,cartoon,cartoon/horse/pic_288.jpg,4,1
dan_0p1,cartoon,cartoon/horse/pic_293.jpg,4,0
dan_0p1,cartoon,cartoon/horse/pic_297.jpg,4,6
dan_0p1,cartoon,cartoon/horse/pic_300.jpg,4,4
dan_0p1,cartoon,cartoon/horse/pic_303.jpg,4,4
dan_0p1,cartoon,cartoon/horse/pic_312.jpg,4,4
dan_0p1,cartoon,cartoon/horse/pic_322.jpg,4,4
dan_0p1,cartoon,cartoon/horse/pic_327.jpg,4,4
dan_0p1,cartoon,cartoon/horse/pic_332.jpg,4,4
dan_0p1,cartoon,cartoon/horse/pic_336.jpg,4,4
dan_0p1,cartoon,cartoon/horse/pic_340.jpg,4,4
dan_0p1,cartoon,cartoon/horse/pic_343.jpg,4,4
dan_0p1,cartoon,cartoon/horse/pic_345.jpg,4,4
dan_0p1,cartoon,cartoon/horse/pic_347.jpg,4,4
dan_0p1,cartoon,cartoon/horse/pic_352.jpg,4,4
dan_0p1,cartoon,cartoon/horse/pic_355.jpg,4,4
dan_0p1,cartoon,cartoon/horse/pic_357.jpg,4,4
dan_0p1,cartoon,cartoon/horse/pic_363.jpg,4,4
dan_0p1,cartoon,cartoon/horse/pic_364.jpg,4,4
dan_0p1,cartoon,cartoon/house/pic_007.jpg,5,5
dan_0p1,cartoon,cartoon/house/pic_011.jpg,5,5
dan_0p1,cartoon,cartoon/house/pic_012.jpg,5,5
dan_0p1,cartoon,cartoon/house/pic_014.jpg,5,5
dan_0p1,cartoon,cartoon/house/pic_017.jpg,5,5
dan_0p1,cartoon,cartoon/house/pic_023.jpg,5,5
dan_0p1,cartoon,cartoon/house/pic_025.jpg,5,5
dan_0p1,cartoon,cartoon/house/pic_026.jpg,5,5
dan_0p1,cartoon,cartoon/house/pic_038.jpg,5,5
dan_0p1,cartoon,cartoon/house/pic_039.jpg,5,5
dan_0p1,cartoon,cartoon/house/pic_048.jpg,5,5
dan_0p1,cartoon,cartoon/house/pic_064.jpg,5,5
dan_0p1,cartoon,cartoon/house/pic_074.jpg,5,5
dan_0p1,cartoon,cartoon/house/pic_080.jpg,5,5
dan_0p1,cartoon,cartoon/house/pic_093.jpg,5,5
dan_0p1,cartoon,cartoon/house/pic_098.jpg,5,5
dan_0p1,cartoon,cartoon/house/pic_102.jpg,5,5
dan_0p1,cartoon,cartoon/house/pic_103.jpg,5,5
dan_0p1,cartoon,cartoon/house/pic_108.jpg,5,5
dan_0p1,cartoon,cartoon/house/pic_119.jpg,5,5
dan_0p1,cartoon,cartoon/house/pic_121.jpg,5,5
dan_0p1,cartoon,cartoon/house/pic_140.jpg,5,5
dan_0p1,cartoon,cartoon/house/pic_145.jpg,5,5
dan_0p1,cartoon,cartoon/house/pic_147.jpg,5,5
dan_0p1,cartoon,cartoon/house/pic_153.jpg,5,5
dan_0p1,cartoon,cartoon/house/pic_160.jpg,5,5
dan_0p1,cartoon,cartoon/house/pic_165.jpg,5,5
dan_0p1,cartoon,cartoon/house/pic_167.jpg,5,5
dan_0p1,cartoon,cartoon/house/pic_182.jpg,5,5
dan_0p1,cartoon,cartoon/house/pic_191.jpg,5,5
dan_0p1,cartoon,cartoon/house/pic_198.jpg,5,5
dan_0p1,cartoon,cartoon/house/pic_201.jpg,5,5
dan_0p1,cartoon,cartoon/house/pic_211.jpg,5,5
dan_0p1,cartoon,cartoon/house/pic_212.jpg,5,5
dan_0p1,cartoon,cartoon/house/pic_216.jpg,5,5
dan_0p1,cartoon,cartoon/house/pic_217.jpg,5,5
dan_0p1,cartoon,cartoon/house/pic_223.jpg,5,5
dan_0p1,cartoon,cartoon/house/pic_228.jpg,5,5
dan_0p1,cartoon,cartoon/house/pic_252.jpg,5,5
dan_0p1,cartoon,cartoon/house/pic_256.jpg,5,5
dan_0p1,cartoon,cartoon/house/pic_257.jpg,5,5
dan_0p1,cartoon,cartoon/house/pic_265.jpg,5,5
dan_0p1,cartoon,cartoon/house/pic_277.jpg,5,5
dan_0p1,cartoon,cartoon/house/pic_278.jpg,5,5
dan_0p1,cartoon,cartoon/house/pic_282.jpg,5,5
dan_0p1,cartoon,cartoon/house/pic_286.jpg,5,5
dan_0p1,cartoon,cartoon/house/pic_299.jpg,5,5
dan_0p1,cartoon,cartoon/house/pic_308.jpg,5,5
dan_0p1,cartoon,cartoon/house/pic_310.jpg,5,5
dan_0p1,cartoon,cartoon/house/pic_311.jpg,5,5
dan_0p1,cartoon,cartoon/house/pic_314.jpg,5,5
dan_0p1,cartoon,cartoon/house/pic_317.jpg,5,5
dan_0p1,cartoon,cartoon/house/pic_321.jpg,5,5
dan_0p1,cartoon,cartoon/house/pic_340.jpg,5,5
dan_0p1,cartoon,cartoon/house/pic_343.jpg,5,5
dan_0p1,cartoon,cartoon/house/pic_347.jpg,5,5
dan_0p1,cartoon,cartoon/house/pic_354.jpg,5,5
dan_0p1,cartoon,cartoon/house/pic_355.jpg,5,5
dan_0p1,cartoon,cartoon/person/pic_008.jpg,6,6
dan_0p1,cartoon,cartoon/person/pic_020.jpg,6,6
dan_0p1,cartoon,cartoon/person/pic_025.jpg,6,6
dan_0p1,cartoon,cartoon/person/pic_031.jpg,6,6
dan_0p1,cartoon,cartoon/person/pic_035.jpg,6,6
dan_0p1,cartoon,cartoon/person/pic_036.jpg,6,6
dan_0p1,cartoon,cartoon/person/pic_037.jpg,6,6
dan_0p1,cartoon,cartoon/person/pic_039.jpg,6,6
dan_0p1,cartoon,cartoon/person/pic_044.jpg,6,6
dan_0p1,cartoon,cartoon/person/pic_052.jpg,6,0
dan_0p1,cartoon,cartoon/person/pic_055.jpg,6,6
dan_0p1,cartoon,cartoon/person/pic_061.jpg,6,6
dan_0p1,cartoon,cartoon/person/pic_067.jpg,6,6
dan_0p1,cartoon,cartoon/person/pic_070.jpg,6,6
dan_0p1,cartoon,cartoon/person/pic_078.jpg,6,6
dan_0p1,cartoon,cartoon/person/pic_079.jpg,6,0
dan_0p1,cartoon,cartoon/person/pic_093.jpg,6,6
dan_0p1,cartoon,cartoon/person/pic_094.jpg,6,6
dan_0p1,cartoon,cartoon/person/pic_095.jpg,6,6
dan_0p1,cartoon,cartoon/person/pic_105.jpg,6,6
dan_0p1,cartoon,cartoon/person/pic_111.jpg,6,6
dan_0p1,cartoon,cartoon/person/pic_113.jpg,6,6
dan_0p1,cartoon,cartoon/person/pic_119.jpg,6,6
dan_0p1,cartoon,cartoon/person/pic_125.jpg,6,6
dan_0p1,cartoon,cartoon/person/pic_126.jpg,6,6
dan_0p1,cartoon,cartoon/person/pic_129.jpg,6,6
dan_0p1,cartoon,cartoon/person/pic_131.jpg,6,6
dan_0p1,cartoon,cartoon/person/pic_141.jpg,6,6
dan_0p1,cartoon,cartoon/person/pic_146.jpg,6,6
dan_0p1,cartoon,cartoon/person/pic_151.jpg,6,6
dan_0p1,cartoon,cartoon/person/pic_159.jpg,6,6
dan_0p1,cartoon,cartoon/person/pic_167.jpg,6,6
dan_0p1,cartoon,cartoon/person/pic_169.jpg,6,1
dan_0p1,cartoon,cartoon/person/pic_170.jpg,6,6
dan_0p1,cartoon,cartoon/person/pic_190.jpg,6,6
dan_0p1,cartoon,cartoon/person/pic_193.jpg,6,6
dan_0p1,cartoon,cartoon/person/pic_197.jpg,6,6
dan_0p1,cartoon,cartoon/person/pic_203.jpg,6,6
dan_0p1,cartoon,cartoon/person/pic_209.jpg,6,6
dan_0p1,cartoon,cartoon/person/pic_210.jpg,6,6
dan_0p1,cartoon,cartoon/person/pic_215.jpg,6,6
dan_0p1,cartoon,cartoon/person/pic_216.jpg,6,6
dan_0p1,cartoon,cartoon/person/pic_218.jpg,6,6
dan_0p1,cartoon,cartoon/person/pic_224.jpg,6,6
dan_0p1,cartoon,cartoon/person/pic_225.jpg,6,6
dan_0p1,cartoon,cartoon/person/pic_226.jpg,6,6
dan_0p1,cartoon,cartoon/person/pic_227.jpg,6,6
dan_0p1,cartoon,cartoon/person/pic_236.jpg,6,6
dan_0p1,cartoon,cartoon/person/pic_248.jpg,6,6
dan_0p1,cartoon,cartoon/person/pic_253.jpg,6,6
dan_0p1,cartoon,cartoon/person/pic_257.jpg,6,6
dan_0p1,cartoon,cartoon/person/pic_259.jpg,6,6
dan_0p1,cartoon,cartoon/person/pic_261.jpg,6,6
dan_0p1,cartoon,cartoon/person/pic_265.jpg,6,6
dan_0p1,cartoon,cartoon/person/pic_268.jpg,6,6
dan_0p1,cartoon,cartoon/person/pic_285.jpg,6,6
dan_0p1,cartoon,cartoon/person/pic_302.jpg,6,6
dan_0p1,cartoon,cartoon/person/pic_313.jpg,6,6
dan_0p1,cartoon,cartoon/person/pic_314.jpg,6,6
dan_0p1,cartoon,cartoon/person/pic_316.jpg,6,6
dan_0p1,cartoon,cartoon/person/pic_319.jpg,6,6
dan_0p1,cartoon,cartoon/person/pic_320.jpg,6,6
dan_0p1,cartoon,cartoon/person/pic_323.jpg,6,6
dan_0p1,cartoon,cartoon/person/pic_333.jpg,6,6
dan_0p1,cartoon,cartoon/person/pic_349.jpg,6,6
dan_0p1,cartoon,cartoon/person/pic_368.jpg,6,6
dan_0p1,cartoon,cartoon/person/pic_372.jpg,6,6
dan_0p1,cartoon,cartoon/person/pic_377.jpg,6,6
dan_0p1,cartoon,cartoon/person/pic_385.jpg,6,6
dan_0p1,cartoon,cartoon/person/pic_387.jpg,6,6
dan_0p1,cartoon,cartoon/person/pic_389.jpg,6,6
dan_0p1,cartoon,cartoon/person/pic_392.jpg,6,6
dan_0p1,cartoon,cartoon/person/pic_409.jpg,6,6
dan_0p1,cartoon,cartoon/person/pic_415.jpg,6,6
dan_0p1,cartoon,cartoon/person/pic_418.jpg,6,6
dan_0p1,cartoon,cartoon/person/pic_424.jpg,6,6
dan_0p1,cartoon,cartoon/person/pic_425.jpg,6,6
dan_0p1,cartoon,cartoon/person/pic_434.jpg,6,6
dan_0p1,cartoon,cartoon/person/pic_438.jpg,6,6
dan_0p1,cartoon,cartoon/person/pic_449.jpg,6,6
dan_0p1,cartoon,cartoon/person/pic_452.jpg,6,6
dan_1,photo,photo/dog/056_0009.jpg,0,0
dan_1,photo,photo/dog/056_0010.jpg,0,0
dan_1,photo,photo/dog/056_0029.jpg,0,6
dan_1,photo,photo/dog/056_0030.jpg,0,0
dan_1,photo,photo/dog/056_0042.jpg,0,0
dan_1,photo,photo/dog/056_0043.jpg,0,0
dan_1,photo,photo/dog/056_0048.jpg,0,0
dan_1,photo,photo/dog/056_0050.jpg,0,0
dan_1,photo,photo/dog/056_0052.jpg,0,0
dan_1,photo,photo/dog/056_0058.jpg,0,0
dan_1,photo,photo/dog/056_0062.jpg,0,0
dan_1,photo,photo/dog/056_0068.jpg,0,0
dan_1,photo,photo/dog/056_0071.jpg,0,0
dan_1,photo,photo/dog/056_0073.jpg,0,0
dan_1,photo,photo/dog/056_0075.jpg,0,0
dan_1,photo,photo/dog/056_0080.jpg,0,4
dan_1,photo,photo/dog/056_0082.jpg,0,0
dan_1,photo,photo/dog/056_0084.jpg,0,4
dan_1,photo,photo/dog/056_0090.jpg,0,0
dan_1,photo,photo/dog/056_0095.jpg,0,0
dan_1,photo,photo/dog/n02103406_1599.jpg,0,0
dan_1,photo,photo/dog/n02103406_2954.jpg,0,0
dan_1,photo,photo/dog/n02103406_3132.jpg,0,0
dan_1,photo,photo/dog/n02103406_3538.jpg,0,0
dan_1,photo,photo/dog/n02103406_371.jpg,0,0
dan_1,photo,photo/dog/n02103406_3964.jpg,0,0
dan_1,photo,photo/dog/n02103406_4916.jpg,0,0
dan_1,photo,photo/dog/n02103406_5035.jpg,0,0
dan_1,photo,photo/dog/n02103406_5456.jpg,0,0
dan_1,photo,photo/dog/n02103406_5505.jpg,0,0
dan_1,photo,photo/dog/n02103406_6530.jpg,0,0
dan_1,photo,photo/dog/n02103406_8280.jpg,0,4
dan_1,photo,photo/dog/n02106662_11133.jpg,0,0
dan_1,photo,photo/dog/n02106662_1922.jpg,0,0
dan_1,photo,photo/dog/n02106662_25917.jpg,0,0
dan_1,photo,photo/dog/n02106662_27393.jpg,0,0
dan_1,photo,photo/dog/n02106662_7885.jpg,0,0
dan_1,photo,photo/dog/n02109525_12875.jpg,0,0
dan_1,photo,photo/elephant/064_0004.jpg,1,1
dan_1,photo,photo/elephant/064_0008.jpg,1,1
dan_1,photo,photo/elephant/064_0011.jpg,1,1
dan_1,photo,photo/elephant/064_0012.jpg,1,1
dan_1,photo,photo/elephant/064_0016.jpg,1,1
dan_1,photo,photo/elephant/064_0024.jpg,1,1
dan_1,photo,photo/elephant/064_0039.jpg,1,1
dan_1,photo,photo/elephant/064_0044.jpg,1,1
dan_1,photo,photo/elephant/064_0045.jpg,1,1
dan_1,photo,photo/elephant/064_0062.jpg,1,1
dan_1,photo,photo/elephant/064_0067.jpg,1,1
dan_1,photo,photo/elephant/064_0070.jpg,1,1
dan_1,photo,photo/elephant/064_0072.jpg,1,1
dan_1,photo,photo/elephant/064_0074.jpg,1,1
dan_1,photo,photo/elephant/064_0097.jpg,1,1
dan_1,photo,photo/elephant/064_0111.jpg,1,0
dan_1,photo,photo/elephant/064_0114.jpg,1,1
dan_1,photo,photo/elephant/064_0115.jpg,1,1
dan_1,photo,photo/elephant/064_0120.jpg,1,1
dan_1,photo,photo/elephant/064_0125.jpg,1,1
dan_1,photo,photo/elephant/064_0127.jpg,1,1
dan_1,photo,photo/elephant/064_0130.jpg,1,1
dan_1,photo,photo/elephant/n02503517_10193.jpg,1,1
dan_1,photo,photo/elephant/n02503517_1453.jpg,1,1
dan_1,photo,photo/elephant/n02503517_184.jpg,1,1
dan_1,photo,photo/elephant/n02503517_3803.jpg,1,1
dan_1,photo,photo/elephant/n02503517_4247.jpg,1,1
dan_1,photo,photo/elephant/n02503517_4605.jpg,1,1
dan_1,photo,photo/elephant/n02503517_5287.jpg,1,1
dan_1,photo,photo/elephant/n02503517_5418.jpg,1,1
dan_1,photo,photo/elephant/n02503517_5527.jpg,1,1
dan_1,photo,photo/elephant/n02503517_564.jpg,1,1
dan_1,photo,photo/elephant/n02503517_6032.jpg,1,1
dan_1,photo,photo/elephant/n02503517_6479.jpg,1,1
dan_1,photo,photo/elephant/n02503517_6880.jpg,1,1
dan_1,photo,photo/elephant/n02503517_7020.jpg,1,1
dan_1,photo,photo/elephant/n02503517_753.jpg,1,4
dan_1,photo,photo/elephant/n02503517_8571.jpg,1,1
dan_1,photo,photo/elephant/n02503517_8901.jpg,1,1
dan_1,photo,photo/elephant/n02503517_8904.jpg,1,1
dan_1,photo,photo/elephant/n02503517_9827.jpg,1,1
dan_1,photo,photo/giraffe/084_0011.jpg,2,2
dan_1,photo,photo/giraffe/084_0012.jpg,2,2
dan_1,photo,photo/giraffe/084_0020.jpg,2,2
dan_1,photo,photo/giraffe/084_0028.jpg,2,2
dan_1,photo,photo/giraffe/084_0029.jpg,2,2
dan_1,photo,photo/giraffe/084_0042.jpg,2,2
dan_1,photo,photo/giraffe/084_0045.jpg,2,2
dan_1,photo,photo/giraffe/084_0047.jpg,2,2
dan_1,photo,photo/giraffe/084_0059.jpg,2,2
dan_1,photo,photo/giraffe/084_0060.jpg,2,2
dan_1,photo,photo/giraffe/084_0074.jpg,2,2
dan_1,photo,photo/giraffe/084_0077.jpg,2,2
dan_1,photo,photo/giraffe/n02439033_10130.jpg,2,2
dan_1,photo,photo/giraffe/n02439033_10164.jpg,2,2
dan_1,photo,photo/giraffe/n02439033_10453.jpg,2,2
dan_1,photo,photo/giraffe/n02439033_10919.jpg,2,2
dan_1,photo,photo/giraffe/n02439033_11059.jpg,2,2
dan_1,photo,photo/giraffe/n02439033_11114.jpg,2,2
dan_1,photo,photo/giraffe/n02439033_11486.jpg,2,2
dan_1,photo,photo/giraffe/n02439033_11504.jpg,2,2
dan_1,photo,photo/giraffe/n02439033_11627.jpg,2,2
dan_1,photo,photo/giraffe/n02439033_11683.jpg,2,2
dan_1,photo,photo/giraffe/n02439033_11715.jpg,2,5
dan_1,photo,photo/giraffe/n02439033_12413.jpg,2,2
dan_1,photo,photo/giraffe/n02439033_12680.jpg,2,2
dan_1,photo,photo/giraffe/n02439033_12987.jpg,2,2
dan_1,photo,photo/giraffe/n02439033_13602.jpg,2,2
dan_1,photo,photo/giraffe/n02439033_14148.jpg,2,2
dan_1,photo,photo/giraffe/n02439033_14846.jpg,2,2
dan_1,photo,photo/giraffe/n02439033_14872.jpg,2,2
dan_1,photo,photo/giraffe/n02439033_1508.jpg,2,2
dan_1,photo,photo/giraffe/n02439033_15479.jpg,2,2
dan_1,photo,photo/giraffe/n02439033_16483.jpg,2,2
dan_1,photo,photo/giraffe/n02439033_5652.jpg,2,2
dan_1,photo,photo/giraffe/n02439033_9472.jpg,2,2
dan_1,photo,photo/giraffe/n02439033_991.jpg,2,2
dan_1,photo,photo/guitar/063_0001.jpg,3,3
dan_1,photo,photo/guitar/063_0009.jpg,3,3
dan_1,photo,photo/guitar/063_0010.jpg,3,3
dan_1,photo,photo/guitar/063_0022.jpg,3,3
dan_1,photo,photo/guitar/063_0024.jpg,3,3
dan_1,photo,photo/guitar/063_0035.jpg,3,3
dan_1,photo,photo/guitar/063_0038.jpg,3,3
dan_1,photo,photo/guitar/063_0041.jpg,3,3
dan_1,photo,photo/guitar/063_0046.jpg,3,3
dan_1,photo,photo/guitar/063_0048.jpg,3,3
dan_1,photo,photo/guitar/063_0050.jpg,3,3
dan_1,photo,photo/guitar/063_0052.jpg,3,3
dan_1,photo,photo/guitar/063_0053.jpg,3,3
dan_1,photo,photo/guitar/063_0067.jpg,3,3
dan_1,photo,photo/guitar/063_0074.jpg,3,3
dan_1,photo,photo/guitar/063_0079.jpg,3,3
dan_1,photo,photo/guitar/063_0084.jpg,3,3
dan_1,photo,photo/guitar/063_0087.jpg,3,3
dan_1,photo,photo/guitar/063_0089.jpg,3,3
dan_1,photo,photo/guitar/063_0090.jpg,3,3
dan_1,photo,photo/guitar/063_0093.jpg,3,3
dan_1,photo,photo/guitar/063_0095.jpg,3,3
dan_1,photo,photo/guitar/063_0107.jpg,3,3
dan_1,photo,photo/guitar/063_0108.jpg,3,3
dan_1,photo,photo/guitar/n02676566_4189.jpg,3,3
dan_1,photo,photo/guitar/n02676566_6704.jpg,3,3
dan_1,photo,photo/guitar/n02676566_7830.jpg,3,3
dan_1,photo,photo/guitar/n02676566_7844.jpg,3,3
dan_1,photo,photo/guitar/n02676566_8997.jpg,3,3
dan_1,photo,photo/guitar/n03272010_10795.jpg,3,3
dan_1,photo,photo/guitar/n03272010_6820.jpg,3,3
dan_1,photo,photo/guitar/n03272010_7092.jpg,3,3
dan_1,photo,photo/guitar/n03272010_7390.jpg,3,3
dan_1,photo,photo/guitar/n03272010_9557.jpg,3,3
dan_1,photo,photo/guitar/n03467517_12925.jpg,3,3
dan_1,photo,photo/guitar/n03467517_22785.jpg,3,3
dan_1,photo,photo/guitar/n03467517_23229.jpg,3,3
dan_1,photo,photo/horse/105_0007.jpg,4,4
dan_1,photo,photo/horse/105_0008.jpg,4,4
dan_1,photo,photo/horse/105_0030.jpg,4,4
dan_1,photo,photo/horse/105_0048.jpg,4,4
dan_1,photo,photo/horse/105_0059.jpg,4,4
dan_1,photo,photo/horse/105_0066.jpg,4,4
dan_1,photo,photo/horse/105_0067.jpg,4,4
dan_1,photo,photo/horse/105_0076.jpg,4,4
dan_1,photo,photo/horse/105_0103.jpg,4,4
dan_1,photo,photo/horse/105_0106.jpg,4,4
dan_1,photo,photo/horse/105_0115.jpg,4,0
dan_1,photo,photo/horse/105_0134.jpg,4,4
dan_1,photo,photo/horse/105_0199.jpg,4,0
dan_1,photo,photo/horse/105_0206.jpg,4,0
dan_1,photo,photo/horse/105_0207.jpg,4,4
dan_1,photo,photo/horse/105_0215.jpg,4,4
dan_1,photo,photo/horse/105_0260.jpg,4,4
dan_1,photo,photo/horse/105_0266.jpg,4,4
dan_1,photo,photo/horse/n02374451_10098.jpg,4,4
dan_1,photo,photo/horse/n02374451_10669.jpg,4,4
dan_1,photo,photo/horse/n02374451_10761.jpg,4,4
dan_1,photo,photo/horse/n02374451_11492.jpg,4,4
dan_1,photo,photo/horse/n02374451_1234.jpg,4,4
dan_1,photo,photo/horse/n02374451_13718.jpg,4,4
dan_1,photo,photo/horse/n02374451_14119.jpg,4,4
dan_1,photo,photo/horse/n02374451_1443.jpg,4,4
dan_1,photo,photo/horse/n02374451_14738.jpg,4,4
dan_1,photo,photo/horse/n02374451_16358.jpg,4,4
dan_1,photo,photo/horse/n02374451_17474.jpg,4,4
dan_1,photo,photo/horse/n02374451_18570.jpg,4,4
dan_1,photo,photo/horse/n02374451_2248.jpg,4,4
dan_1,photo,photo/horse/n02374451_4795.jpg,4,4
dan_1,photo,photo/horse/n02374451_503.jpg,4,4
dan_1,photo,photo/horse/n02374451_54.jpg,4,4
dan_1,photo,photo/horse/n02374451_7631.jpg,4,0
dan_1,photo,photo/horse/n02374451_8526.jpg,4,4
dan_1,photo,photo/horse/n02374451_8744.jpg,4,4
dan_1,photo,photo/horse/n02374451_9064.jpg,4,4
dan_1,photo,photo/horse/n02374451_925.jpg,4,4
dan_1,photo,photo/horse/n02374451_9892.jpg,4,4
dan_1,photo,photo/house/pic_004.jpg,5,5
dan_1,photo,photo/house/pic_005.jpg,5,5
dan_1,photo,photo/house/pic_013.jpg,5,5
dan_1,photo,photo/house/pic_015.jpg,5,5
dan_1,photo,photo/house/pic_017.jpg,5,5
dan_1,photo,photo/house/pic_028.jpg,5,5
dan_1,photo,photo/house/pic_034.jpg,5,5
dan_1,photo,photo/house/pic_038.jpg,5,5
dan_1,photo,photo/house/pic_046.jpg,5,5
dan_1,photo,photo/house/pic_049.jpg,5,5
dan_1,photo,photo/house/pic_050.jpg,5,5
dan_1,photo,photo/house/pic_054.jpg,5,5
dan_1,photo,photo/house/pic_058.jpg,5,5
dan_1,photo,photo/house/pic_060.jpg,5,5
dan_1,photo,photo/house/pic_067.jpg,5,5
dan_1,photo,photo/house/pic_069.jpg,5,5
dan_1,photo,photo/house/pic_073.jpg,5,5
dan_1,photo,photo/house/pic_077.jpg,5,5
dan_1,photo,photo/house/pic_080.jpg,5,5
dan_1,photo,photo/house/pic_090.jpg,5,5
dan_1,photo,photo/house/pic_092.jpg,5,5
dan_1,photo,photo/house/pic_094.jpg,5,5
dan_1,photo,photo/house/pic_097.jpg,5,5
dan_1,photo,photo/house/pic_104.jpg,5,5
dan_1,photo,photo/house/pic_106.jpg,5,5
dan_1,photo,photo/house/pic_111.jpg,5,5
dan_1,photo,photo/house/pic_112.jpg,5,5
dan_1,photo,photo/house/pic_113.jpg,5,5
dan_1,photo,photo/house/pic_117.jpg,5,5
dan_1,photo,photo/house/pic_130.jpg,5,5
dan_1,photo,photo/house/pic_144.jpg,5,5
dan_1,photo,photo/house/pic_145.jpg,5,5
dan_1,photo,photo/house/pic_146.jpg,5,5
dan_1,photo,photo/house/pic_160.jpg,5,5
dan_1,photo,photo/house/pic_161.jpg,5,5
dan_1,photo,photo/house/pic_165.jpg,5,5
dan_1,photo,photo/house/pic_172.jpg,5,5
dan_1,photo,photo/house/pic_173.jpg,5,5
dan_1,photo,photo/house/pic_175.jpg,5,5
dan_1,photo,photo/house/pic_184.jpg,5,5
dan_1,photo,photo/house/pic_188.jpg,5,5
dan_1,photo,photo/house/pic_195.jpg,5,5
dan_1,photo,photo/house/pic_206.jpg,5,5
dan_1,photo,photo/house/pic_224.jpg,5,5
dan_1,photo,photo/house/pic_225.jpg,5,5
dan_1,photo,photo/house/pic_229.jpg,5,5
dan_1,photo,photo/house/pic_234.jpg,5,5
dan_1,photo,photo/house/pic_235.jpg,5,5
dan_1,photo,photo/house/pic_250.jpg,5,5
dan_1,photo,photo/house/pic_259.jpg,5,5
dan_1,photo,photo/house/pic_260.jpg,5,5
dan_1,photo,photo/house/pic_278.jpg,5,5
dan_1,photo,photo/house/pic_279.jpg,5,5
dan_1,photo,photo/house/pic_280.jpg,5,5
dan_1,photo,photo/house/pic_281.jpg,5,5
dan_1,photo,photo/house/pic_284.jpg,5,5
dan_1,photo,photo/person/253_0006.jpg,6,6
dan_1,photo,photo/person/253_0014.jpg,6,6
dan_1,photo,photo/person/253_0015.jpg,6,6
dan_1,photo,photo/person/253_0017.jpg,6,6
dan_1,photo,photo/person/253_0021.jpg,6,6
dan_1,photo,photo/person/253_0024.jpg,6,6
dan_1,photo,photo/person/253_0033.jpg,6,6
dan_1,photo,photo/person/253_0034.jpg,6,6
dan_1,photo,photo/person/253_0045.jpg,6,6
dan_1,photo,photo/person/253_0049.jpg,6,6
dan_1,photo,photo/person/253_0050.jpg,6,6
dan_1,photo,photo/person/253_0055.jpg,6,6
dan_1,photo,photo/person/253_0058.jpg,6,6
dan_1,photo,photo/person/253_0063.jpg,6,6
dan_1,photo,photo/person/253_0074.jpg,6,6
dan_1,photo,photo/person/253_0075.jpg,6,6
dan_1,photo,photo/person/253_0082.jpg,6,6
dan_1,photo,photo/person/253_0084.jpg,6,6
dan_1,photo,photo/person/253_0095.jpg,6,6
dan_1,photo,photo/person/253_0097.jpg,6,6
dan_1,photo,photo/person/253_0102.jpg,6,6
dan_1,photo,photo/person/253_0104.jpg,6,6
dan_1,photo,photo/person/253_0105.jpg,6,6
dan_1,photo,photo/person/253_0106.jpg,6,6
dan_1,photo,photo/person/253_0123.jpg,6,6
dan_1,photo,photo/person/253_0128.jpg,6,6
dan_1,photo,photo/person/253_0130.jpg,6,6
dan_1,photo,photo/person/253_0131.jpg,6,6
dan_1,photo,photo/person/253_0139.jpg,6,6
dan_1,photo,photo/person/253_0141.jpg,6,6
dan_1,photo,photo/person/253_0145.jpg,6,6
dan_1,photo,photo/person/253_0146.jpg,6,6
dan_1,photo,photo/person/253_0147.jpg,6,6
dan_1,photo,photo/person/253_0153.jpg,6,6
dan_1,photo,photo/person/253_0166.jpg,6,6
dan_1,photo,photo/person/253_0168.jpg,6,6
dan_1,photo,photo/person/253_0170.jpg,6,6
dan_1,photo,photo/person/253_0174.jpg,6,6
dan_1,photo,photo/person/253_0176.jpg,6,6
dan_1,photo,photo/person/253_0187.jpg,6,6
dan_1,photo,photo/person/253_0193.jpg,6,6
dan_1,photo,photo/person/253_0195.jpg,6,6
dan_1,photo,photo/person/253_0196.jpg,6,6
dan_1,photo,photo/person/253_0211.jpg,6,6
dan_1,photo,photo/person/253_0221.jpg,6,6
dan_1,photo,photo/person/253_0232.jpg,6,6
dan_1,photo,photo/person/253_0242.jpg,6,6
dan_1,photo,photo/person/253_0246.jpg,6,6
dan_1,photo,photo/person/253_0247.jpg,6,6
dan_1,photo,photo/person/253_0248.jpg,6,6
dan_1,photo,photo/person/253_0253.jpg,6,6
dan_1,photo,photo/person/253_0256.jpg,6,6
dan_1,photo,photo/person/253_0266.jpg,6,6
dan_1,photo,photo/person/253_0267.jpg,6,6
dan_1,photo,photo/person/253_0273.jpg,6,6
dan_1,photo,photo/person/253_0277.jpg,6,6
dan_1,photo,photo/person/253_0278.jpg,6,6
dan_1,photo,photo/person/253_0281.jpg,6,6
dan_1,photo,photo/person/253_0287.jpg,6,6
dan_1,photo,photo/person/253_0290.jpg,6,6
dan_1,photo,photo/person/253_0294.jpg,6,6
dan_1,photo,photo/person/253_0296.jpg,6,6
dan_1,photo,photo/person/253_0299.jpg,6,6
dan_1,photo,photo/person/253_0300.jpg,6,6
dan_1,photo,photo/person/253_0301.jpg,6,6
dan_1,photo,photo/person/253_0310.jpg,6,6
dan_1,photo,photo/person/253_0311.jpg,6,6
dan_1,photo,photo/person/253_0323.jpg,6,6
dan_1,photo,photo/person/253_0324.jpg,6,6
dan_1,photo,photo/person/253_0327.jpg,6,6
dan_1,photo,photo/person/253_0338.jpg,6,6
dan_1,photo,photo/person/253_0348.jpg,6,6
dan_1,photo,photo/person/253_0354.jpg,6,6
dan_1,photo,photo/person/253_0359.jpg,6,6
dan_1,photo,photo/person/253_0361.jpg,6,6
dan_1,photo,photo/person/253_0374.jpg,6,6
dan_1,photo,photo/person/253_0382.jpg,6,6
dan_1,photo,photo/person/253_0386.jpg,6,6
dan_1,photo,photo/person/253_0387.jpg,6,6
dan_1,photo,photo/person/253_0395.jpg,6,6
dan_1,photo,photo/person/253_0405.jpg,6,6
dan_1,photo,photo/person/253_0417.jpg,6,6
dan_1,photo,photo/person/253_0422.jpg,6,6
dan_1,photo,photo/person/253_0423.jpg,6,6
dan_1,photo,photo/person/253_0429.jpg,6,6
dan_1,photo,photo/person/253_0434.jpg,6,6
dan_1,art_painting,art_painting/dog/pic_007.jpg,0,0
dan_1,art_painting,art_painting/dog/pic_008.jpg,0,0
dan_1,art_painting,art_painting/dog/pic_021.jpg,0,0
dan_1,art_painting,art_painting/dog/pic_026.jpg,0,0
dan_1,art_painting,art_painting/dog/pic_036.jpg,0,0
dan_1,art_painting,art_painting/dog/pic_055.jpg,0,0
dan_1,art_painting,art_painting/dog/pic_058.jpg,0,0
dan_1,art_painting,art_painting/dog/pic_064.jpg,0,0
dan_1,art_painting,art_painting/dog/pic_070.jpg,0,0
dan_1,art_painting,art_painting/dog/pic_072.jpg,0,6
dan_1,art_painting,art_painting/dog/pic_073.jpg,0,0
dan_1,art_painting,art_painting/dog/pic_074.jpg,0,0
dan_1,art_painting,art_painting/dog/pic_079.jpg,0,0
dan_1,art_painting,art_painting/dog/pic_081.jpg,0,0
dan_1,art_painting,art_painting/dog/pic_083.jpg,0,0
dan_1,art_painting,art_painting/dog/pic_084.jpg,0,0
dan_1,art_painting,art_painting/dog/pic_090.jpg,0,0
dan_1,art_painting,art_painting/dog/pic_091.jpg,0,0
dan_1,art_painting,art_painting/dog/pic_099.jpg,0,0
dan_1,art_painting,art_painting/dog/pic_100.jpg,0,0
dan_1,art_painting,art_painting/dog/pic_105.jpg,0,0
dan_1,art_painting,art_painting/dog/pic_123.jpg,0,4
dan_1,art_painting,art_painting/dog/pic_133.jpg,0,2
dan_1,art_painting,art_painting/dog/pic_134.jpg,0,0
dan_1,art_painting,art_painting/dog/pic_137.jpg,0,0
dan_1,art_painting,art_painting/dog/pic_138.jpg,0,0
dan_1,art_painting,art_painting/dog/pic_152.jpg,0,0
dan_1,art_painting,art_painting/dog/pic_154.jpg,0,0
dan_1,art_painting,art_painting/dog/pic_157.jpg,0,0
dan_1,art_painting,art_painting/dog/pic_167.jpg,0,0
dan_1,art_painting,art_painting/dog/pic_172.jpg,0,0
dan_1,art_painting,art_painting/dog/pic_174.jpg,0,6
dan_1,art_painting,art_painting/dog/pic_177.jpg,0,0
dan_1,art_painting,art_painting/dog/pic_186.jpg,0,0
dan_1,art_painting,art_painting/dog/pic_194.jpg,0,0
dan_1,art_painting,art_painting/dog/pic_205.jpg,0,0
dan_1,art_painting,art_painting/dog/pic_214.jpg,0,0
dan_1,art_painting,art_painting/dog/pic_226.jpg,0,0
dan_1,art_painting,art_painting/dog/pic_232.jpg,0,0
dan_1,art_painting,art_painting/dog/pic_251.jpg,0,0
dan_1,art_painting,art_painting/dog/pic_253.jpg,0,0
dan_1,art_painting,art_painting/dog/pic_260.jpg,0,0
dan_1,art_painting,art_painting/dog/pic_268.jpg,0,0
dan_1,art_painting,art_painting/dog/pic_269.jpg,0,0
dan_1,art_painting,art_painting/dog/pic_274.jpg,0,0
dan_1,art_painting,art_painting/dog/pic_280.jpg,0,0
dan_1,art_painting,art_painting/dog/pic_282.jpg,0,0
dan_1,art_painting,art_painting/dog/pic_291.jpg,0,0
dan_1,art_painting,art_painting/dog/pic_295.jpg,0,3
dan_1,art_painting,art_painting/dog/pic_297.jpg,0,0
dan_1,art_painting,art_painting/dog/pic_301.jpg,0,0
dan_1,art_painting,art_painting/dog/pic_304.jpg,0,0
dan_1,art_painting,art_painting/dog/pic_310.jpg,0,0
dan_1,art_painting,art_painting/dog/pic_312.jpg,0,4
dan_1,art_painting,art_painting/dog/pic_314.jpg,0,0
dan_1,art_painting,art_painting/dog/pic_315.jpg,0,0
dan_1,art_painting,art_painting/dog/pic_318.jpg,0,0
dan_1,art_painting,art_painting/dog/pic_319.jpg,0,0
dan_1,art_painting,art_painting/dog/pic_322.jpg,0,0
dan_1,art_painting,art_painting/dog/pic_323.jpg,0,4
dan_1,art_painting,art_painting/dog/pic_327.jpg,0,0
dan_1,art_painting,art_painting/dog/pic_329.jpg,0,0
dan_1,art_painting,art_painting/dog/pic_331.jpg,0,4
dan_1,art_painting,art_painting/dog/pic_349.jpg,0,0
dan_1,art_painting,art_painting/dog/pic_350.jpg,0,0
dan_1,art_painting,art_painting/dog/pic_366.jpg,0,0
dan_1,art_painting,art_painting/dog/pic_368.jpg,0,0
dan_1,art_painting,art_painting/dog/pic_371.jpg,0,0
dan_1,art_painting,art_painting/dog/pic_372.jpg,0,4
dan_1,art_painting,art_painting/dog/pic_377.jpg,0,0
dan_1,art_painting,art_painting/dog/pic_384.jpg,0,0
dan_1,art_painting,art_painting/dog/pic_391.jpg,0,0
dan_1,art_painting,art_painting/dog/pic_393.jpg,0,0
dan_1,art_painting,art_painting/dog/pic_394.jpg,0,0
dan_1,art_painting,art_painting/dog/pic_397.jpg,0,0
dan_1,art_painting,art_painting/dog/pic_398.jpg,0,0
dan_1,art_painting,art_painting/elephant/pic_011.jpg,1,1
dan_1,art_painting,art_painting/elephant/pic_012.jpg,1,1
dan_1,art_painting,art_painting/elephant/pic_016.jpg,1,1
dan_1,art_painting,art_painting/elephant/pic_029.jpg,1,1
dan_1,art_painting,art_painting/elephant/pic_030.jpg,1,1
dan_1,art_painting,art_painting/elephant/pic_044.jpg,1,1
dan_1,art_painting,art_painting/elephant/pic_046.jpg,1,1
dan_1,art_painting,art_painting/elephant/pic_048.jpg,1,1
dan_1,art_painting,art_painting/elephant/pic_059.jpg,1,1
dan_1,art_painting,art_painting/elephant/pic_060.jpg,1,1
dan_1,art_painting,art_painting/elephant/pic_061.jpg,1,1
dan_1,art_painting,art_painting/elephant/pic_075.jpg,1,1
dan_1,art_painting,art_painting/elephant/pic_078.jpg,1,1
dan_1,art_painting,art_painting/elephant/pic_086.jpg,1,1
dan_1,art_painting,art_painting/elephant/pic_087.jpg,1,1
dan_1,art_painting,art_painting/elephant/pic_090.jpg,1,1
dan_1,art_painting,art_painting/elephant/pic_098.jpg,1,1
dan_1,art_painting,art_painting/elephant/pic_099.jpg,1,1
dan_1,art_painting,art_painting/elephant/pic_100.jpg,1,1
dan_1,art_painting,art_painting/elephant/pic_106.jpg,1,1
dan_1,art_painting,art_painting/elephant/pic_108.jpg,1,1
dan_1,art_painting,art_painting/elephant/pic_110.jpg,1,1
dan_1,art_painting,art_painting/elephant/pic_112.jpg,1,1
dan_1,art_painting,art_painting/elephant/pic_113.jpg,1,1
dan_1,art_painting,art_painting/elephant/pic_117.jpg,1,1
dan_1,art_painting,art_painting/elephant/pic_119.jpg,1,1
dan_1,art_painting,art_painting/elephant/pic_122.jpg,1,1
dan_1,art_painting,art_painting/elephant/pic_127.jpg,1,1
dan_1,art_painting,art_painting/elephant/pic_132.jpg,1,1
dan_1,art_painting,art_painting/elephant/pic_144.jpg,1,1
dan_1,art_painting,art_painting/elephant/pic_145.jpg,1,1
dan_1,art_painting,art_painting/elephant/pic_148.jpg,1,1
dan_1,art_painting,art_painting/elephant/pic_152.jpg,1,1
dan_1,art_painting,art_painting/elephant/pic_156.jpg,1,6
dan_1,art_painting,art_painting/elephant/pic_158.jpg,1,1
dan_1,art_painting,art_painting/elephant/pic_161.jpg,1,1
dan_1,art_painting,art_painting/elephant/pic_177.jpg,1,1
dan_1,art_painting,art_painting/elephant/pic_178.jpg,1,1
dan_1,art_painting,art_painting/elephant/pic_183.jpg,1,1
dan_1,art_painting,art_painting/elephant/pic_191.jpg,1,1
dan_1,art_painting,art_painting/elephant/pic_198.jpg,1,1
dan_1,art_painting,art_painting/elephant/pic_200.jpg,1,1
dan_1,art_painting,art_painting/elephant/pic_201.jpg,1,1
dan_1,art_painting,art_painting/elephant/pic_204.jpg,1,1
dan_1,art_painting,art_painting/elephant/pic_207.jpg,1,1
dan_1,art_painting,art_painting/elephant/pic_209.jpg,1,1
dan_1,art_painting,art_painting/elephant/pic_227.jpg,1,1
dan_1,art_painting,art_painting/elephant/pic_242.jpg,1,1
dan_1,art_painting,art_painting/elephant/pic_249.jpg,1,1
dan_1,art_painting,art_painting/elephant/pic_252.jpg,1,1
dan_1,art_painting,art_painting/elephant/pic_260.jpg,1,1
dan_1,art_painting,art_painting/giraffe/pic_001.jpg,2,2
dan_1,art_painting,art_painting/giraffe/pic_005.jpg,2,2
dan_1,art_painting,art_painting/giraffe/pic_009.jpg,2,2
dan_1,art_painting,art_painting/giraffe/pic_010.jpg,2,2
dan_1,art_painting,art_painting/giraffe/pic_011.jpg,2,2
dan_1,art_painting,art_painting/giraffe/pic_013.jpg,2,6
dan_1,art_painting,art_painting/giraffe/pic_014.jpg,2,2
dan_1,art_painting,art_painting/giraffe/pic_028.jpg,2,2
dan_1,art_painting,art_painting/giraffe/pic_040.jpg,2,2
dan_1,art_painting,art_painting/giraffe/pic_044.jpg,2,2
dan_1,art_painting,art_painting/giraffe/pic_052.jpg,2,2
dan_1,art_painting,art_painting/giraffe/pic_057.jpg,2,2
dan_1,art_painting,art_painting/giraffe/pic_068.jpg,2,2
dan_1,art_painting,art_painting/giraffe/pic_069.jpg,2,2
dan_1,art_painting,art_painting/giraffe/pic_071.jpg,2,2
dan_1,art_painting,art_painting/giraffe/pic_072.jpg,2,2
dan_1,art_painting,art_painting/giraffe/pic_077.jpg,2,2
dan_1,art_painting,art_painting/giraffe/pic_085.jpg,2,2
dan_1,art_painting,art_painting/giraffe/pic_086.jpg,2,2
dan_1,art_painting,art_painting/giraffe/pic_092.jpg,2,2
dan_1,art_painting,art_painting/giraffe/pic_094.jpg,2,2
dan_1,art_painting,art_painting/giraffe/pic_102.jpg,2,2
dan_1,art_painting,art_painting/giraffe/pic_108.jpg,2,2
dan_1,art_painting,art_painting/giraffe/pic_118.jpg,2,2
dan_1,art_painting,art_painting/giraffe/pic_122.jpg,2,2
dan_1,art_painting,art_painting/giraffe/pic_126.jpg,2,2
dan_1,art_painting,art_painting/giraffe/pic_137.jpg,2,2
dan_1,art_painting,art_painting/giraffe/pic_138.jpg,2,2
dan_1,art_painting,art_painting/giraffe/pic_139.jpg,2,2
dan_1,art_painting,art_painting/giraffe/pic_140.jpg,2,2
dan_1,art_painting,art_painting/giraffe/pic_142.jpg,2,2
dan_1,art_painting,art_painting/giraffe/pic_153.jpg,2,2
dan_1,art_painting,art_painting/giraffe/pic_170.jpg,2,2
dan_1,art_painting,art_painting/giraffe/pic_171.jpg,2,2
dan_1,art_painting,art_painting/giraffe/pic_173.jpg,2,0
dan_1,art_painting,art_painting/giraffe/pic_176.jpg,2,4
dan_1,art_painting,art_painting/giraffe/pic_180.jpg,2,2
dan_1,art_painting,art_painting/giraffe/pic_185.jpg,2,2
dan_1,art_painting,art_painting/giraffe/pic_190.jpg,2,2
dan_1,art_painting,art_painting/giraffe/pic_191.jpg,2,2
dan_1,art_painting,art_painting/giraffe/pic_193.jpg,2,2
dan_1,art_painting,art_painting/giraffe/pic_210.jpg,2,2
dan_1,art_painting,art_painting/giraffe/pic_214.jpg,2,2
dan_1,art_painting,art_painting/giraffe/pic_238.jpg,2,2
dan_1,art_painting,art_painting/giraffe/pic_239.jpg,2,2
dan_1,art_painting,art_painting/giraffe/pic_243.jpg,2,2
dan_1,art_painting,art_painting/giraffe/pic_244.jpg,2,2
dan_1,art_painting,art_painting/giraffe/pic_253.jpg,2,2
dan_1,art_painting,art_painting/giraffe/pic_261.jpg,2,4
dan_1,art_painting,art_painting/giraffe/pic_265.jpg,2,0
dan_1,art_painting,art_painting/giraffe/pic_268.jpg,2,0
dan_1,art_painting,art_painting/giraffe/pic_271.jpg,2,2
dan_1,art_painting,art_painting/giraffe/pic_293.jpg,2,2
dan_1,art_painting,art_painting/giraffe/pic_300.jpg,2,2
dan_1,art_painting,art_painting/giraffe/pic_302.jpg,2,2
dan_1,art_painting,art_painting/giraffe/pic_307.jpg,2,2
dan_1,art_painting,art_painting/giraffe/pic_309.jpg,2,2
dan_1,art_painting,art_painting/guitar/pic_014.jpg,3,3
dan_1,art_painting,art_painting/guitar/pic_023.jpg,3,3
dan_1,art_painting,art_painting/guitar/pic_024.jpg,3,3
dan_1,art_painting,art_painting/guitar/pic_026.jpg,3,3
dan_1,art_painting,art_painting/guitar/pic_034.jpg,3,3
dan_1,art_painting,art_painting/guitar/pic_044.jpg,3,3
dan_1,art_painting,art_painting/guitar/pic_050.jpg,3,3
dan_1,art_painting,art_painting/guitar/pic_059.jpg,3,3
dan_1,art_painting,art_painting/guitar/pic_063.jpg,3,3
dan_1,art_painting,art_painting/guitar/pic_071.jpg,3,3
dan_1,art_painting,art_painting/guitar/pic_074.jpg,3,3
dan_1,art_painting,art_painting/guitar/pic_075.jpg,3,3
dan_1,art_painting,art_painting/guitar/pic_082.jpg,3,3
dan_1,art_painting,art_painting/guitar/pic_089.jpg,3,3
dan_1,art_painting,art_painting/guitar/pic_092.jpg,3,3
dan_1,art_painting,art_painting/guitar/pic_103.jpg,3,3
dan_1,art_painting,art_painting/guitar/pic_108.jpg,3,3
dan_1,art_painting,art_painting/guitar/pic_111.jpg,3,3
dan_1,art_painting,art_painting/guitar/pic_113.jpg,3,3
dan_1,art_painting,art_painting/guitar/pic_114.jpg,3,3
dan_1,art_painting,art_painting/guitar/pic_127.jpg,3,3
dan_1,art_painting,art_painting/guitar/pic_129.jpg,3,3
dan_1,art_painting,art_painting/guitar/pic_135.jpg,3,3
dan_1,art_painting,art_painting/guitar/pic_137.jpg,3,3
dan_1,art_painting,art_painting/guitar/pic_142.jpg,3,3
dan_1,art_painting,art_painting/guitar/pic_158.jpg,3,1
dan_1,art_painting,art_painting/guitar/pic_166.jpg,3,3
dan_1,art_painting,art_painting/guitar/pic_170.jpg,3,3
dan_1,art_painting,art_painting/guitar/pic_171.jpg,3,3
dan_1,art_painting,art_painting/guitar/pic_173.jpg,3,3
dan_1,art_painting,art_painting/guitar/pic_177.jpg,3,6
dan_1,art_painting,art_painting/guitar/pic_178.jpg,3,3
dan_1,art_painting,art_painting/guitar/pic_182.jpg,3,3
dan_1,art_painting,art_painting/guitar/pic_187.jpg,3,3
dan_1,art_painting,art_painting/guitar/pic_192.jpg,3,3
dan_1,art_painting,art_painting/guitar/pic_193.jpg,3,3
dan_1,art_painting,art_painting/guitar/pic_197.jpg,3,3
dan_1,art_painting,art_painting/horse/pic_001.jpg,4,4
dan_1,art_painting,art_painting/horse/pic_002.jpg,4,4
dan_1,art_painting,art_painting/horse/pic_008.jpg,4,4
dan_1,art_painting,art_painting/horse/pic_012.jpg,4,4
dan_1,art_painting,art_painting/horse/pic_017.jpg,4,4
dan_1,art_painting,art_painting/horse/pic_028.jpg,4,4
dan_1,art_painting,art_painting/horse/pic_034.jpg,4,4
dan_1,art_painting,art_painting/horse/pic_042.jpg,4,4
dan_1,art_painting,art_painting/horse/pic_047.jpg,4,4
dan_1,art_painting,art_painting/horse/pic_049.jpg,4,4
dan_1,art_painting,art_painting/horse/pic_054.jpg,4,6
dan_1,art_painting,art_painting/horse/pic_056.jpg,4,4
dan_1,art_painting,art_painting/horse/pic_081.jpg,4,4
dan_1,art_painting,art_painting/horse/pic_090.jpg,4,4
dan_1,art_painting,art_painting/horse/pic_099.jpg,4,4
dan_1,art_painting,art_painting/horse/pic_106.jpg,4,4
dan_1,art_painting,art_painting/horse/pic_115.jpg,4,4
dan_1,art_painting,art_painting/horse/pic_125.jpg,4,4
dan_1,art_painting,art_painting/horse/pic_128.jpg,4,4
dan_1,art_painting,art_painting/horse/pic_130.jpg,4,4
dan_1,art_painting,art_painting/horse/pic_133.jpg,4,4
dan_1,art_painting,art_painting/horse/pic_134.jpg,4,4
dan_1,art_painting,art_painting/horse/pic_135.jpg,4,0
dan_1,art_painting,art_painting/horse/pic_136.jpg,4,4
dan_1,art_painting,art_painting/horse/pic_138.jpg,4,0
dan_1,art_painting,art_painting/horse/pic_142.jpg,4,4
dan_1,art_painting,art_painting/horse/pic_150.jpg,4,4
dan_1,art_painting,art_painting/horse/pic_151.jpg,4,4
dan_1,art_painting,art_painting/horse/pic_154.jpg,4,4
dan_1,art_painting,art_painting/horse/pic_161.jpg,4,4
dan_1,art_painting,art_painting/horse/pic_162.jpg,4,4
dan_1,art_painting,art_painting/horse/pic_182.jpg,4,4
dan_1,art_painting,art_painting/horse/pic_195.jpg,4,4
dan_1,art_painting,art_painting/horse/pic_206.jpg,4,4
dan_1,art_painting,art_painting/horse/pic_213.jpg,4,4
dan_1,art_painting,art_painting/horse/pic_218.jpg,4,4
dan_1,art_painting,art_painting/horse/pic_219.jpg,4,0
dan_1,art_painting,art_painting/horse/pic_222.jpg,4,0
dan_1,art_painting,art_painting/horse/pic_228.jpg,4,0
dan_1,art_painting,art_painting/horse/pic_232.jpg,4,4
dan_1,art_painting,art_painting/house/pic_004.jpg,5,5
dan_1,art_painting,art_painting/house/pic_008.jpg,5,5
dan_1,art_painting,art_painting/house/pic_009.jpg,5,5
dan_1,art_painting,art_painting/house/pic_011.jpg,5,5
dan_1,art_painting,art_painting/house/pic_014.jpg,5,5
dan_1,art_painting,art_painting/house/pic_018.jpg,5,5
dan_1,art_painting,art_painting/house/pic_022.jpg,5,5
dan_1,art_painting,art_painting/house/pic_026.jpg,5,5
dan_1,art_painting,art_painting/house/pic_029.jpg,5,5
dan_1,art_painting,art_painting/house/pic_034.jpg,5,5
dan_1,art_painting,art_painting/house/pic_038.jpg,5,5
dan_1,art_painting,art_painting/house/pic_054.jpg,5,5
dan_1,art_painting,art_painting/house/pic_061.jpg,5,5
dan_1,art_painting,art_painting/house/pic_074.jpg,5,5
dan_1,art_painting,art_painting/house/pic_076.jpg,5,5
dan_1,art_painting,art_painting/house/pic_082.jpg,5,5
dan_1,art_painting,art_painting/house/pic_088.jpg,5,5
dan_1,art_painting,art_painting/house/pic_091.jpg,5,5
dan_1,art_painting,art_painting/house/pic_098.jpg,5,5
dan_1,art_painting,art_painting/house/pic_103.jpg,5,6
dan_1,art_painting,art_painting/house/pic_107.jpg,5,5
dan_1,art_painting,art_painting/house/pic_111.jpg,5,5
dan_1,art_painting,art_painting/house/pic_121.jpg,5,5
dan_1,art_painting,art_painting/house/pic_123.jpg,5,5
dan_1,art_painting,art_painting/house/pic_134.jpg,5,5
dan_1,art_painting,art_painting/house/pic_136.jpg,5,6
dan_1,art_painting,art_painting/house/pic_149.jpg,5,5
dan_1,art_painting,art_painting/house/pic_153.jpg,5,5
dan_1,art_painting,art_painting/house/pic_157.jpg,5,5
dan_1,art_painting,art_painting/house/pic_187.jpg,5,5
dan_1,art_painting,art_painting/house/pic_189.jpg,5,5
dan_1,art_painting,art_painting/house/pic_191.jpg,5,5
dan_1,art_painting,art_painting/house/pic_198.jpg,5,5
dan_1,art_painting,art_painting/house/pic_212.jpg,5,5
dan_1,art_painting,art_painting/house/pic_213.jpg,5,5
dan_1,art_painting,art_painting/house/pic_218.jpg,5,5
dan_1,art_painting,art_painting/house/pic_219.jpg,5,5
dan_1,art_painting,art_painting/house/pic_221.jpg,5,5
dan_1,art_painting,art_painting/house/pic_226.jpg,5,5
dan_1,art_painting,art_painting/house/pic_231.jpg,5,5
dan_1,art_painting,art_painting/house/pic_245.jpg,5,5
dan_1,art_painting,art_painting/house/pic_246.jpg,5,5
dan_1,art_painting,art_painting/house/pic_261.jpg,5,5
dan_1,art_painting,art_painting/house/pic_269.jpg,5,3
dan_1,art_painting,art_painting/house/pic_276.jpg,5,5
dan_1,art_painting,art_painting/house/pic_281.jpg,5,5
dan_1,art_painting,art_painting/house/pic_291.jpg,5,5
dan_1,art_painting,art_painting/house/pic_295.jpg,5,5
dan_1,art_painting,art_painting/house/pic_298.jpg,5,5
dan_1,art_painting,art_painting/house/pic_304.jpg,5,5
dan_1,art_painting,art_painting/house/pic_306.jpg,5,5
dan_1,art_painting,art_painting/house/pic_309.jpg,5,5
dan_1,art_painting,art_painting/house/pic_311.jpg,5,5
dan_1,art_painting,art_painting/house/pic_313.jpg,5,5
dan_1,art_painting,art_painting/house/pic_315.jpg,5,5
dan_1,art_painting,art_painting/house/pic_322.jpg,5,4
dan_1,art_painting,art_painting/house/pic_330.jpg,5,5
dan_1,art_painting,art_painting/house/pic_331.jpg,5,5
dan_1,art_painting,art_painting/house/pic_336.jpg,5,5
dan_1,art_painting,art_painting/person/pic_009.jpg,6,6
dan_1,art_painting,art_painting/person/pic_011.jpg,6,6
dan_1,art_painting,art_painting/person/pic_014.jpg,6,6
dan_1,art_painting,art_painting/person/pic_016.jpg,6,6
dan_1,art_painting,art_painting/person/pic_018.jpg,6,6
dan_1,art_painting,art_painting/person/pic_026.jpg,6,6
dan_1,art_painting,art_painting/person/pic_027.jpg,6,6
dan_1,art_painting,art_painting/person/pic_033.jpg,6,6
dan_1,art_painting,art_painting/person/pic_042.jpg,6,6
dan_1,art_painting,art_painting/person/pic_052.jpg,6,6
dan_1,art_painting,art_painting/person/pic_069.jpg,6,6
dan_1,art_painting,art_painting/person/pic_070.jpg,6,6
dan_1,art_painting,art_painting/person/pic_074.jpg,6,6
dan_1,art_painting,art_painting/person/pic_094.jpg,6,5
dan_1,art_painting,art_painting/person/pic_097.jpg,6,6
dan_1,art_painting,art_painting/person/pic_101.jpg,6,6
dan_1,art_painting,art_painting/person/pic_105.jpg,6,6
dan_1,art_painting,art_painting/person/pic_107.jpg,6,6
dan_1,art_painting,art_painting/person/pic_109.jpg,6,6
dan_1,art_painting,art_painting/person/pic_110.jpg,6,6
dan_1,art_painting,art_painting/person/pic_116.jpg,6,6
dan_1,art_painting,art_painting/person/pic_124.jpg,6,6
dan_1,art_painting,art_painting/person/pic_126.jpg,6,6
dan_1,art_painting,art_painting/person/pic_129.jpg,6,6
dan_1,art_painting,art_painting/person/pic_134.jpg,6,6
dan_1,art_painting,art_painting/person/pic_135.jpg,6,6
dan_1,art_painting,art_painting/person/pic_150.jpg,6,6
dan_1,art_painting,art_painting/person/pic_157.jpg,6,6
dan_1,art_painting,art_painting/person/pic_160.jpg,6,6
dan_1,art_painting,art_painting/person/pic_161.jpg,6,6
dan_1,art_painting,art_painting/person/pic_162.jpg,6,6
dan_1,art_painting,art_painting/person/pic_168.jpg,6,6
dan_1,art_painting,art_painting/person/pic_169.jpg,6,6
dan_1,art_painting,art_painting/person/pic_171.jpg,6,6
dan_1,art_painting,art_painting/person/pic_183.jpg,6,6
dan_1,art_painting,art_painting/person/pic_194.jpg,6,6
dan_1,art_painting,art_painting/person/pic_196.jpg,6,6
dan_1,art_painting,art_painting/person/pic_203.jpg,6,6
dan_1,art_painting,art_painting/person/pic_204.jpg,6,6
dan_1,art_painting,art_painting/person/pic_206.jpg,6,2
dan_1,art_painting,art_painting/person/pic_208.jpg,6,6
dan_1,art_painting,art_painting/person/pic_209.jpg,6,6
dan_1,art_painting,art_painting/person/pic_213.jpg,6,6
dan_1,art_painting,art_painting/person/pic_242.jpg,6,6
dan_1,art_painting,art_painting/person/pic_247.jpg,6,6
dan_1,art_painting,art_painting/person/pic_248.jpg,6,6
dan_1,art_painting,art_painting/person/pic_249.jpg,6,6
dan_1,art_painting,art_painting/person/pic_255.jpg,6,6
dan_1,art_painting,art_painting/person/pic_263.jpg,6,6
dan_1,art_painting,art_painting/person/pic_265.jpg,6,6
dan_1,art_painting,art_painting/person/pic_267.jpg,6,6
dan_1,art_painting,art_painting/person/pic_268.jpg,6,6
dan_1,art_painting,art_painting/person/pic_273.jpg,6,6
dan_1,art_painting,art_painting/person/pic_277.jpg,6,6
dan_1,art_painting,art_painting/person/pic_292.jpg,6,3
dan_1,art_painting,art_painting/person/pic_294.jpg,6,6
dan_1,art_painting,art_painting/person/pic_296.jpg,6,2
dan_1,art_painting,art_painting/person/pic_303.jpg,6,6
dan_1,art_painting,art_painting/person/pic_304.jpg,6,6
dan_1,art_painting,art_painting/person/pic_320.jpg,6,6
dan_1,art_painting,art_painting/person/pic_327.jpg,6,6
dan_1,art_painting,art_painting/person/pic_328.jpg,6,6
dan_1,art_painting,art_painting/person/pic_334.jpg,6,6
dan_1,art_painting,art_painting/person/pic_346.jpg,6,4
dan_1,art_painting,art_painting/person/pic_350.jpg,6,6
dan_1,art_painting,art_painting/person/pic_358.jpg,6,6
dan_1,art_painting,art_painting/person/pic_380.jpg,6,6
dan_1,art_painting,art_painting/person/pic_382.jpg,6,6
dan_1,art_painting,art_painting/person/pic_387.jpg,6,6
dan_1,art_painting,art_painting/person/pic_394.jpg,6,6
dan_1,art_painting,art_painting/person/pic_396.jpg,6,6
dan_1,art_painting,art_painting/person/pic_400.jpg,6,6
dan_1,art_painting,art_painting/person/pic_405.jpg,6,6
dan_1,art_painting,art_painting/person/pic_423.jpg,6,6
dan_1,art_painting,art_painting/person/pic_429.jpg,6,6
dan_1,art_painting,art_painting/person/pic_433.jpg,6,6
dan_1,art_painting,art_painting/person/pic_435.jpg,6,6
dan_1,art_painting,art_painting/person/pic_438.jpg,6,0
dan_1,art_painting,art_painting/person/pic_458.jpg,6,6
dan_1,art_painting,art_painting/person/pic_464.jpg,6,1
dan_1,art_painting,art_painting/person/pic_479.jpg,6,6
dan_1,art_painting,art_painting/person/pic_487.jpg,6,6
dan_1,art_painting,art_painting/person/pic_496.jpg,6,6
dan_1,art_painting,art_painting/person/pic_518.jpg,6,6
dan_1,art_painting,art_painting/person/pic_520.jpg,6,6
dan_1,art_painting,art_painting/person/pic_525.jpg,6,6
dan_1,art_painting,art_painting/person/pic_531.jpg,6,6
dan_1,art_painting,art_painting/person/pic_542.jpg,6,6
dan_1,art_painting,art_painting/person/pic_543.jpg,6,6
dan_1,art_painting,art_painting/person/pic_545.jpg,6,6
dan_1,cartoon,cartoon/dog/pic_008.jpg,0,0
dan_1,cartoon,cartoon/dog/pic_009.jpg,0,0
dan_1,cartoon,cartoon/dog/pic_023.jpg,0,0
dan_1,cartoon,cartoon/dog/pic_028.jpg,0,0
dan_1,cartoon,cartoon/dog/pic_038.jpg,0,0
dan_1,cartoon,cartoon/dog/pic_060.jpg,0,0
dan_1,cartoon,cartoon/dog/pic_063.jpg,0,0
dan_1,cartoon,cartoon/dog/pic_069.jpg,0,0
dan_1,cartoon,cartoon/dog/pic_074.jpg,0,0
dan_1,cartoon,cartoon/dog/pic_076.jpg,0,0
dan_1,cartoon,cartoon/dog/pic_077.jpg,0,0
dan_1,cartoon,cartoon/dog/pic_078.jpg,0,0
dan_1,cartoon,cartoon/dog/pic_083.jpg,0,0
dan_1,cartoon,cartoon/dog/pic_085.jpg,0,0
dan_1,cartoon,cartoon/dog/pic_087.jpg,0,0
dan_1,cartoon,cartoon/dog/pic_088.jpg,0,0
dan_1,cartoon,cartoon/dog/pic_094.jpg,0,0
dan_1,cartoon,cartoon/dog/pic_095.jpg,0,0
dan_1,cartoon,cartoon/dog/pic_102.jpg,0,0
dan_1,cartoon,cartoon/dog/pic_103.jpg,0,0
dan_1,cartoon,cartoon/dog/pic_108.jpg,0,0
dan_1,cartoon,cartoon/dog/pic_125.jpg,0,0
dan_1,cartoon,cartoon/dog/pic_135.jpg,0,0
dan_1,cartoon,cartoon/dog/pic_136.jpg,0,0
dan_1,cartoon,cartoon/dog/pic_139.jpg,0,0
dan_1,cartoon,cartoon/dog/pic_140.jpg,0,0
dan_1,cartoon,cartoon/dog/pic_155.jpg,0,0
dan_1,cartoon,cartoon/dog/pic_160.jpg,0,4
dan_1,cartoon,cartoon/dog/pic_164.jpg,0,0
dan_1,cartoon,cartoon/dog/pic_171.jpg,0,0
dan_1,cartoon,cartoon/dog/pic_176.jpg,0,4
dan_1,cartoon,cartoon/dog/pic_178.jpg,0,0
dan_1,cartoon,cartoon/dog/pic_180.jpg,0,0
dan_1,cartoon,cartoon/dog/pic_190.jpg,0,0
dan_1,cartoon,cartoon/dog/pic_198.jpg,0,0
dan_1,cartoon,cartoon/dog/pic_210.jpg,0,0
dan_1,cartoon,cartoon/dog/pic_218.jpg,0,0
dan_1,cartoon,cartoon/dog/pic_229.jpg,0,0
dan_1,cartoon,cartoon/dog/pic_237.jpg,0,0
dan_1,cartoon,cartoon/dog/pic_262.jpg,0,0
dan_1,cartoon,cartoon/dog/pic_265.jpg,0,0
dan_1,cartoon,cartoon/dog/pic_274.jpg,0,0
dan_1,cartoon,cartoon/dog/pic_282.jpg,0,0
dan_1,cartoon,cartoon/dog/pic_284.jpg,0,6
dan_1,cartoon,cartoon/dog/pic_287.jpg,0,0
dan_1,cartoon,cartoon/dog/pic_292.jpg,0,0
dan_1,cartoon,cartoon/dog/pic_294.jpg,0,0
dan_1,cartoon,cartoon/dog/pic_305.jpg,0,0
dan_1,cartoon,cartoon/dog/pic_310.jpg,0,0
dan_1,cartoon,cartoon/dog/pic_313.jpg,0,1
dan_1,cartoon,cartoon/dog/pic_317.jpg,0,0
dan_1,cartoon,cartoon/dog/pic_319.jpg,0,0
dan_1,cartoon,cartoon/dog/pic_325.jpg,0,6
dan_1,cartoon,cartoon/dog/pic_327.jpg,0,0
dan_1,cartoon,cartoon/dog/pic_329.jpg,0,0
dan_1,cartoon,cartoon/dog/pic_330.jpg,0,6
dan_1,cartoon,cartoon/dog/pic_333.jpg,0,0
dan_1,cartoon,cartoon/dog/pic_334.jpg,0,0
dan_1,cartoon,cartoon/dog/pic_338.jpg,0,0
dan_1,cartoon,cartoon/dog/pic_339.jpg,0,0
dan_1,cartoon,cartoon/dog/pic_344.jpg,0,0
dan_1,cartoon,cartoon/dog/pic_346.jpg,0,0
dan_1,cartoon,cartoon/dog/pic_348.jpg,0,6
dan_1,cartoon,cartoon/dog/pic_354.jpg,0,0
dan_1,cartoon,cartoon/dog/pic_368.jpg,0,0
dan_1,cartoon,cartoon/dog/pic_369.jpg,0,0
dan_1,cartoon,cartoon/dog/pic_386.jpg,0,0
dan_1,cartoon,cartoon/dog/pic_393.jpg,0,0
dan_1,cartoon,cartoon/dog/pic_397.jpg,0,0
dan_1,cartoon,cartoon/dog/pic_398.jpg,0,0
dan_1,cartoon,cartoon/dog/pic_401.jpg,0,6
dan_1,cartoon,cartoon/dog/pic_419.jpg,0,0
dan_1,cartoon,cartoon/dog/pic_422.jpg,0,0
dan_1,cartoon,cartoon/dog/pic_425.jpg,0,0
dan_1,cartoon,cartoon/dog/pic_427.jpg,0,0
dan_1,cartoon,cartoon/dog/pic_430.jpg,0,0
dan_1,cartoon,cartoon/dog/pic_433.jpg,0,0
dan_1,cartoon,cartoon/dog/pic_440.jpg,0,0
dan_1,cartoon,cartoon/elephant/pic_010.jpg,1,1
dan_1,cartoon,cartoon/elephant/pic_013.jpg,1,1
dan_1,cartoon,cartoon/elephant/pic_021.jpg,1,1
dan_1,cartoon,cartoon/elephant/pic_022.jpg,1,1
dan_1,cartoon,cartoon/elephant/pic_030.jpg,1,1
dan_1,cartoon,cartoon/elephant/pic_032.jpg,1,1
dan_1,cartoon,cartoon/elephant/pic_037.jpg,1,1
dan_1,cartoon,cartoon/elephant/pic_047.jpg,1,1
dan_1,cartoon,cartoon/elephant/pic_049.jpg,1,1
dan_1,cartoon,cartoon/elephant/pic_054.jpg,1,1
dan_1,cartoon,cartoon/elephant/pic_061.jpg,1,1
dan_1,cartoon,cartoon/elephant/pic_062.jpg,1,1
dan_1,cartoon,cartoon/elephant/pic_087.jpg,1,1
dan_1,cartoon,cartoon/elephant/pic_088.jpg,1,1
dan_1,cartoon,cartoon/elephant/pic_091.jpg,1,1
dan_1,cartoon,cartoon/elephant/pic_094.jpg,1,1
dan_1,cartoon,cartoon/elephant/pic_105.jpg,1,1
dan_1,cartoon,cartoon/elephant/pic_107.jpg,1,1
dan_1,cartoon,cartoon/elephant/pic_109.jpg,1,1
dan_1,cartoon,cartoon/elephant/pic_113.jpg,1,1
dan_1,cartoon,cartoon/elephant/pic_114.jpg,1,1
dan_1,cartoon,cartoon/elephant/pic_124.jpg,1,1
dan_1,cartoon,cartoon/elephant/pic_129.jpg,1,1
dan_1,cartoon,cartoon/elephant/pic_130.jpg,1,1
dan_1,cartoon,cartoon/elephant/pic_135.jpg,1,1
dan_1,cartoon,cartoon/elephant/pic_136.jpg,1,1
dan_1,cartoon,cartoon/elephant/pic_141.jpg,1,1
dan_1,cartoon,cartoon/elephant/pic_147.jpg,1,1
dan_1,cartoon,cartoon/elephant/pic_154.jpg,1,1
dan_1,cartoon,cartoon/elephant/pic_155.jpg,1,1
dan_1,cartoon,cartoon/elephant/pic_173.jpg,1,1
dan_1,cartoon,cartoon/elephant/pic_180.jpg,1,1
dan_1,cartoon,cartoon/elephant/pic_184.jpg,1,1
dan_1,cartoon,cartoon/elephant/pic_187.jpg,1,1
dan_1,cartoon,cartoon/elephant/pic_192.jpg,1,1
dan_1,cartoon,cartoon/elephant/pic_205.jpg,1,1
dan_1,cartoon,cartoon/elephant/pic_208.jpg,1,1
dan_1,cartoon,cartoon/elephant/pic_214.jpg,1,1
dan_1,cartoon,cartoon/elephant/pic_216.jpg,1,1
dan_1,cartoon,cartoon/elephant/pic_228.jpg,1,1
dan_1,cartoon,cartoon/elephant/pic_242.jpg,1,1
dan_1,cartoon,cartoon/elephant/pic_244.jpg,1,1
dan_1,cartoon,cartoon/elephant/pic_246.jpg,1,1
dan_1,cartoon,cartoon/elephant/pic_251.jpg,1,1
dan_1,cartoon,cartoon/elephant/pic_254.jpg,1,1
dan_1,cartoon,cartoon/elephant/pic_257.jpg,1,1
dan_1,cartoon,cartoon/elephant/pic_258.jpg,1,1
dan_1,cartoon,cartoon/elephant/pic_262.jpg,1,1
dan_1,cartoon,cartoon/elephant/pic_276.jpg,1,1
dan_1,cartoon,cartoon/elephant/pic_280.jpg,1,1
dan_1,cartoon,cartoon/elephant/pic_296.jpg,1,1
dan_1,cartoon,cartoon/elephant/pic_302.jpg,1,1
dan_1,cartoon,cartoon/elephant/pic_306.jpg,1,1
dan_1,cartoon,cartoon/elephant/pic_307.jpg,1,1
dan_1,cartoon,cartoon/elephant/pic_316.jpg,1,1
dan_1,cartoon,cartoon/elephant/pic_319.jpg,1,1
dan_1,cartoon,cartoon/elephant/pic_320.jpg,1,1
dan_1,cartoon,cartoon/elephant/pic_327.jpg,1,1
dan_1,cartoon,cartoon/elephant/pic_334.jpg,1,1
dan_1,cartoon,cartoon/elephant/pic_336.jpg,1,1
dan_1,cartoon,cartoon/elephant/pic_337.jpg,1,1
dan_1,cartoon,cartoon/elephant/pic_345.jpg,1,1
dan_1,cartoon,cartoon/elephant/pic_346.jpg,1,1
dan_1,cartoon,cartoon/elephant/pic_350.jpg,1,1
dan_1,cartoon,cartoon/elephant/pic_354.jpg,1,1
dan_1,cartoon,cartoon/elephant/pic_362.jpg,1,1
dan_1,cartoon,cartoon/elephant/pic_364.jpg,1,1
dan_1,cartoon,cartoon/elephant/pic_374.jpg,1,1
dan_1,cartoon,cartoon/elephant/pic_378.jpg,1,2
dan_1,cartoon,cartoon/elephant/pic_381.jpg,1,1
dan_1,cartoon,cartoon/elephant/pic_382.jpg,1,1
dan_1,cartoon,cartoon/elephant/pic_387.jpg,1,1
dan_1,cartoon,cartoon/elephant/pic_389.jpg,1,1
dan_1,cartoon,cartoon/elephant/pic_393.jpg,1,1
dan_1,cartoon,cartoon/elephant/pic_396.jpg,1,1
dan_1,cartoon,cartoon/elephant/pic_400.jpg,1,1
dan_1,cartoon,cartoon/elephant/pic_402.jpg,1,1
dan_1,cartoon,cartoon/elephant/pic_405.jpg,1,1
dan_1,cartoon,cartoon/elephant/pic_416.jpg,1,1
dan_1,cartoon,cartoon/elephant/pic_425.jpg,1,1
dan_1,cartoon,cartoon/elephant/pic_432.jpg,1,1
dan_1,cartoon,cartoon/elephant/pic_435.jpg,1,1
dan_1,cartoon,cartoon/elephant/pic_444.jpg,1,1
dan_1,cartoon,cartoon/elephant/pic_446.jpg,1,1
dan_1,cartoon,cartoon/elephant/pic_449.jpg,1,1
dan_1,cartoon,cartoon/elephant/pic_450.jpg,1,1
dan_1,cartoon,cartoon/elephant/pic_471.jpg,1,1
dan_1,cartoon,cartoon/elephant/pic_477.jpg,1,1
dan_1,cartoon,cartoon/elephant/pic_479.jpg,1,1
dan_1,cartoon,cartoon/elephant/pic_496.jpg,1,1
dan_1,cartoon,cartoon/elephant/pic_501.jpg,1,6
dan_1,cartoon,cartoon/giraffe/pic_005.jpg,2,2
dan_1,cartoon,cartoon/giraffe/pic_009.jpg,2,2
dan_1,cartoon,cartoon/giraffe/pic_013.jpg,2,2
dan_1,cartoon,cartoon/giraffe/pic_017.jpg,2,2
dan_1,cartoon,cartoon/giraffe/pic_019.jpg,2,2
dan_1,cartoon,cartoon/giraffe/pic_020.jpg,2,2
dan_1,cartoon,cartoon/giraffe/pic_030.jpg,2,2
dan_1,cartoon,cartoon/giraffe/pic_037.jpg,2,2
dan_1,cartoon,cartoon/giraffe/pic_045.jpg,2,2
dan_1,cartoon,cartoon/giraffe/pic_061.jpg,2,2
dan_1,cartoon,cartoon/giraffe/pic_071.jpg,2,2
dan_1,cartoon,cartoon/giraffe/pic_082.jpg,2,2
dan_1,cartoon,cartoon/giraffe/pic_090.jpg,2,2
dan_1,cartoon,cartoon/giraffe/pic_098.jpg,2,2
dan_1,cartoon,cartoon/giraffe/pic_100.jpg,2,2
dan_1,cartoon,cartoon/giraffe/pic_105.jpg,2,2
dan_1,cartoon,cartoon/giraffe/pic_112.jpg,2,2
dan_1,cartoon,cartoon/giraffe/pic_113.jpg,2,2
dan_1,cartoon,cartoon/giraffe/pic_119.jpg,2,2
dan_1,cartoon,cartoon/giraffe/pic_125.jpg,2,2
dan_1,cartoon,cartoon/giraffe/pic_127.jpg,2,2
dan_1,cartoon,cartoon/giraffe/pic_136.jpg,2,2
dan_1,cartoon,cartoon/giraffe/pic_143.jpg,2,2
dan_1,cartoon,cartoon/giraffe/pic_148.jpg,2,2
dan_1,cartoon,cartoon/giraffe/pic_156.jpg,2,2
dan_1,cartoon,cartoon/giraffe/pic_160.jpg,2,2
dan_1,cartoon,cartoon/giraffe/pic_168.jpg,2,2
dan_1,cartoon,cartoon/giraffe/pic_173.jpg,2,2
dan_1,cartoon,cartoon/giraffe/pic_192.jpg,2,2
dan_1,cartoon,cartoon/giraffe/pic_195.jpg,2,6
dan_1,cartoon,cartoon/giraffe/pic_198.jpg,2,2
dan_1,cartoon,cartoon/giraffe/pic_199.jpg,2,2
dan_1,cartoon,cartoon/giraffe/pic_202.jpg,2,2
dan_1,cartoon,cartoon/giraffe/pic_209.jpg,2,2
dan_1,cartoon,cartoon/giraffe/pic_212.jpg,2,2
dan_1,cartoon,cartoon/giraffe/pic_216.jpg,2,2
dan_1,cartoon,cartoon/giraffe/pic_218.jpg,2,2
dan_1,cartoon,cartoon/giraffe/pic_219.jpg,2,2
dan_1,cartoon,cartoon/giraffe/pic_225.jpg,2,2
dan_1,cartoon,cartoon/giraffe/pic_226.jpg,2,2
dan_1,cartoon,cartoon/giraffe/pic_231.jpg,2,2
dan_1,cartoon,cartoon/giraffe/pic_244.jpg,2,2
dan_1,cartoon,cartoon/giraffe/pic_248.jpg,2,4
dan_1,cartoon,cartoon/giraffe/pic_253.jpg,2,4
dan_1,cartoon,cartoon/giraffe/pic_254.jpg,2,2
dan_1,cartoon,cartoon/giraffe/pic_260.jpg,2,2
dan_1,cartoon,cartoon/giraffe/pic_262.jpg,2,2
dan_1,cartoon,cartoon/giraffe/pic_267.jpg,2,2
dan_1,cartoon,cartoon/giraffe/pic_272.jpg,2,1
dan_1,cartoon,cartoon/giraffe/pic_273.jpg,2,2
dan_1,cartoon,cartoon/giraffe/pic_280.jpg,2,2
dan_1,cartoon,cartoon/giraffe/pic_297.jpg,2,2
dan_1,cartoon,cartoon/giraffe/pic_305.jpg,2,2
dan_1,cartoon,cartoon/giraffe/pic_317.jpg,2,2
dan_1,cartoon,cartoon/giraffe/pic_318.jpg,2,6
dan_1,cartoon,cartoon/giraffe/pic_320.jpg,2,2
dan_1,cartoon,cartoon/giraffe/pic_322.jpg,2,2
dan_1,cartoon,cartoon/giraffe/pic_339.jpg,2,2
dan_1,cartoon,cartoon/giraffe/pic_341.jpg,2,2
dan_1,cartoon,cartoon/giraffe/pic_349.jpg,2,2
dan_1,cartoon,cartoon/giraffe/pic_353.jpg,2,2
dan_1,cartoon,cartoon/giraffe/pic_356.jpg,2,2
dan_1,cartoon,cartoon/giraffe/pic_360.jpg,2,2
dan_1,cartoon,cartoon/giraffe/pic_365.jpg,2,2
dan_1,cartoon,cartoon/giraffe/pic_369.jpg,2,2
dan_1,cartoon,cartoon/giraffe/pic_373.jpg,2,2
dan_1,cartoon,cartoon/giraffe/pic_379.jpg,2,2
dan_1,cartoon,cartoon/giraffe/pic_383.jpg,2,2
dan_1,cartoon,cartoon/giraffe/pic_385.jpg,2,2
dan_1,cartoon,cartoon/guitar/pic_004.jpg,3,3
dan_1,cartoon,cartoon/guitar/pic_011.jpg,3,3
dan_1,cartoon,cartoon/guitar/pic_012.jpg,3,3
dan_1,cartoon,cartoon/guitar/pic_016.jpg,3,3
dan_1,cartoon,cartoon/guitar/pic_020.jpg,3,3
dan_1,cartoon,cartoon/guitar/pic_024.jpg,3,3
dan_1,cartoon,cartoon/guitar/pic_030.jpg,3,3
dan_1,cartoon,cartoon/guitar/pic_035.jpg,3,3
dan_1,cartoon,cartoon/guitar/pic_046.jpg,3,3
dan_1,cartoon,cartoon/guitar/pic_048.jpg,3,3
dan_1,cartoon,cartoon/guitar/pic_058.jpg,3,3
dan_1,cartoon,cartoon/guitar/pic_060.jpg,3,3
dan_1,cartoon,cartoon/guitar/pic_068.jpg,3,3
dan_1,cartoon,cartoon/guitar/pic_069.jpg,3,3
dan_1,cartoon,cartoon/guitar/pic_070.jpg,3,3
dan_1,cartoon,cartoon/guitar/pic_073.jpg,3,3
dan_1,cartoon,cartoon/guitar/pic_076.jpg,3,3
dan_1,cartoon,cartoon/guitar/pic_083.jpg,3,3
dan_1,cartoon,cartoon/guitar/pic_089.jpg,3,3
dan_1,cartoon,cartoon/guitar/pic_097.jpg,3,3
dan_1,cartoon,cartoon/guitar/pic_100.jpg,3,3
dan_1,cartoon,cartoon/guitar/pic_107.jpg,3,3
dan_1,cartoon,cartoon/guitar/pic_112.jpg,3,3
dan_1,cartoon,cartoon/guitar/pic_117.jpg,3,3
dan_1,cartoon,cartoon/guitar/pic_118.jpg,3,3
dan_1,cartoon,cartoon/guitar/pic_124.jpg,3,3
dan_1,cartoon,cartoon/guitar/pic_125.jpg,3,3
dan_1,cartoon,cartoon/horse/pic_004.jpg,4,4
dan_1,cartoon,cartoon/horse/pic_009.jpg,4,4
dan_1,cartoon,cartoon/horse/pic_011.jpg,4,4
dan_1,cartoon,cartoon/horse/pic_013.jpg,4,4
dan_1,cartoon,cartoon/horse/pic_021.jpg,4,4
dan_1,cartoon,cartoon/horse/pic_025.jpg,4,4
dan_1,cartoon,cartoon/horse/pic_026.jpg,4,4
dan_1,cartoon,cartoon/horse/pic_028.jpg,4,4
dan_1,cartoon,cartoon/horse/pic_032.jpg,4,4
dan_1,cartoon,cartoon/horse/pic_048.jpg,4,4
dan_1,cartoon,cartoon/horse/pic_049.jpg,4,4
dan_1,cartoon,cartoon/horse/pic_051.jpg,4,4
dan_1,cartoon,cartoon/horse/pic_053.jpg,4,4
dan_1,cartoon,cartoon/horse/pic_064.jpg,4,4
dan_1,cartoon,cartoon/horse/pic_070.jpg,4,4
dan_1,cartoon,cartoon/horse/pic_072.jpg,4,0
dan_1,cartoon,cartoon/horse/pic_079.jpg,4,0
dan_1,cartoon,cartoon/horse/pic_086.jpg,4,4
dan_1,cartoon,cartoon/horse/pic_092.jpg,4,4
dan_1,cartoon,cartoon/horse/pic_096.jpg,4,4
dan_1,cartoon,cartoon/horse/pic_106.jpg,4,4
dan_1,cartoon,cartoon/horse/pic_118.jpg,4,4
dan_1,cartoon,cartoon/horse/pic_121.jpg,4,4
dan_1,cartoon,cartoon/horse/pic_131.jpg,4,4
dan_1,cartoon,cartoon/horse/pic_132.jpg,4,4
dan_1,cartoon,cartoon/horse/pic_135.jpg,4,4
dan_1,cartoon,cartoon/horse/pic_139.jpg,4,4
dan_1,cartoon,cartoon/horse/pic_147.jpg,4,4
dan_1,cartoon,cartoon/horse/pic_157.jpg,4,4
dan_1,cartoon,cartoon/horse/pic_173.jpg,4,4
dan_1,cartoon,cartoon/horse/pic_186.jpg,4,4
dan_1,cartoon,cartoon/horse/pic_187.jpg,4,4
dan_1,cartoon,cartoon/horse/pic_188.jpg,4,0
dan_1,cartoon,cartoon/horse/pic_189.jpg,4,4
dan_1,cartoon,cartoon/horse/pic_196.jpg,4,4
dan_1,cartoon,cartoon/horse/pic_214.jpg,4,4
dan_1,cartoon,cartoon/horse/pic_219.jpg,4,4
dan_1,cartoon,cartoon/horse/pic_220.jpg,4,4
dan_1,cartoon,cartoon/horse/pic_221.jpg,4,4
dan_1,cartoon,cartoon/horse/pic_224.jpg,4,4
dan_1,cartoon,cartoon/horse/pic_233.jpg,4,4
dan_1,cartoon,cartoon/horse/pic_243.jpg,4,4
dan_1,cartoon,cartoon/horse/pic_257.jpg,4,4
dan_1,cartoon,cartoon/horse/pic_264.jpg,4,6
dan_1,cartoon,cartoon/horse/pic_267.jpg,4,6
dan_1,cartoon,cartoon/horse/pic_275.jpg,4,4
dan_1,cartoon,cartoon/horse/pic_288.jpg,4,1
dan_1,cartoon,cartoon/horse/pic_293.jpg,4,0
dan_1,cartoon,cartoon/horse/pic_297.jpg,4,6
dan_1,cartoon,cartoon/horse/pic_300.jpg,4,4
dan_1,cartoon,cartoon/horse/pic_303.jpg,4,4
dan_1,cartoon,cartoon/horse/pic_312.jpg,4,4
dan_1,cartoon,cartoon/horse/pic_322.jpg,4,4
dan_1,cartoon,cartoon/horse/pic_327.jpg,4,4
dan_1,cartoon,cartoon/horse/pic_332.jpg,4,4
dan_1,cartoon,cartoon/horse/pic_336.jpg,4,4
dan_1,cartoon,cartoon/horse/pic_340.jpg,4,4
dan_1,cartoon,cartoon/horse/pic_343.jpg,4,4
dan_1,cartoon,cartoon/horse/pic_345.jpg,4,4
dan_1,cartoon,cartoon/horse/pic_347.jpg,4,4
dan_1,cartoon,cartoon/horse/pic_352.jpg,4,4
dan_1,cartoon,cartoon/horse/pic_355.jpg,4,4
dan_1,cartoon,cartoon/horse/pic_357.jpg,4,4
dan_1,cartoon,cartoon/horse/pic_363.jpg,4,4
dan_1,cartoon,cartoon/horse/pic_364.jpg,4,4
dan_1,cartoon,cartoon/house/pic_007.jpg,5,5
dan_1,cartoon,cartoon/house/pic_011.jpg,5,5
dan_1,cartoon,cartoon/house/pic_012.jpg,5,5
dan_1,cartoon,cartoon/house/pic_014.jpg,5,5
dan_1,cartoon,cartoon/house/pic_017.jpg,5,5
dan_1,cartoon,cartoon/house/pic_023.jpg,5,5
dan_1,cartoon,cartoon/house/pic_025.jpg,5,5
dan_1,cartoon,cartoon/house/pic_026.jpg,5,5
dan_1,cartoon,cartoon/house/pic_038.jpg,5,5
dan_1,cartoon,cartoon/house/pic_039.jpg,5,5
dan_1,cartoon,cartoon/house/pic_048.jpg,5,5
dan_1,cartoon,cartoon/house/pic_064.jpg,5,5
dan_1,cartoon,cartoon/house/pic_074.jpg,5,5
dan_1,cartoon,cartoon/house/pic_080.jpg,5,5
dan_1,cartoon,cartoon/house/pic_093.jpg,5,5
dan_1,cartoon,cartoon/house/pic_098.jpg,5,5
dan_1,cartoon,cartoon/house/pic_102.jpg,5,5
dan_1,cartoon,cartoon/house/pic_103.jpg,5,5
dan_1,cartoon,cartoon/house/pic_108.jpg,5,5
dan_1,cartoon,cartoon/house/pic_119.jpg,5,5
dan_1,cartoon,cartoon/house/pic_121.jpg,5,5
dan_1,cartoon,cartoon/house/pic_140.jpg,5,5
dan_1,cartoon,cartoon/house/pic_145.jpg,5,5
dan_1,cartoon,cartoon/house/pic_147.jpg,5,5
dan_1,cartoon,cartoon/house/pic_153.jpg,5,5
dan_1,cartoon,cartoon/house/pic_160.jpg,5,5
dan_1,cartoon,cartoon/house/pic_165.jpg,5,5
dan_1,cartoon,cartoon/house/pic_167.jpg,5,5
dan_1,cartoon,cartoon/house/pic_182.jpg,5,5
dan_1,cartoon,cartoon/house/pic_191.jpg,5,5
dan_1,cartoon,cartoon/house/pic_198.jpg,5,5
dan_1,cartoon,cartoon/house/pic_201.jpg,5,5
dan_1,cartoon,cartoon/house/pic_211.jpg,5,5
dan_1,cartoon,cartoon/house/pic_212.jpg,5,5
dan_1,cartoon,cartoon/house/pic_216.jpg,5,5
dan_1,cartoon,cartoon/house/pic_217.jpg,5,5
dan_1,cartoon,cartoon/house/pic_223.jpg,5,5
dan_1,cartoon,cartoon/house/pic_228.jpg,5,5
dan_1,cartoon,cartoon/house/pic_252.jpg,5,5
dan_1,cartoon,cartoon/house/pic_256.jpg,5,5
dan_1,cartoon,cartoon/house/pic_257.jpg,5,5
dan_1,cartoon,cartoon/house/pic_265.jpg,5,5
dan_1,cartoon,cartoon/house/pic_277.jpg,5,5
dan_1,cartoon,cartoon/house/pic_278.jpg,5,5
dan_1,cartoon,cartoon/house/pic_282.jpg,5,5
dan_1,cartoon,cartoon/house/pic_286.jpg,5,5
dan_1,cartoon,cartoon/house/pic_299.jpg,5,5
dan_1,cartoon,cartoon/house/pic_308.jpg,5,5
dan_1,cartoon,cartoon/house/pic_310.jpg,5,5
dan_1,cartoon,cartoon/house/pic_311.jpg,5,5
dan_1,cartoon,cartoon/house/pic_314.jpg,5,5
dan_1,cartoon,cartoon/house/pic_317.jpg,5,5
dan_1,cartoon,cartoon/house/pic_321.jpg,5,5
dan_1,cartoon,cartoon/house/pic_340.jpg,5,5
dan_1,cartoon,cartoon/house/pic_343.jpg,5,5
dan_1,cartoon,cartoon/house/pic_347.jpg,5,5
dan_1,cartoon,cartoon/house/pic_354.jpg,5,5
dan_1,cartoon,cartoon/house/pic_355.jpg,5,5
dan_1,cartoon,cartoon/person/pic_008.jpg,6,6
dan_1,cartoon,cartoon/person/pic_020.jpg,6,6
dan_1,cartoon,cartoon/person/pic_025.jpg,6,6
dan_1,cartoon,cartoon/person/pic_031.jpg,6,6
dan_1,cartoon,cartoon/person/pic_035.jpg,6,6
dan_1,cartoon,cartoon/person/pic_036.jpg,6,6
dan_1,cartoon,cartoon/person/pic_037.jpg,6,6
dan_1,cartoon,cartoon/person/pic_039.jpg,6,6
dan_1,cartoon,cartoon/person/pic_044.jpg,6,6
dan_1,cartoon,cartoon/person/pic_052.jpg,6,6
dan_1,cartoon,cartoon/person/pic_055.jpg,6,6
dan_1,cartoon,cartoon/person/pic_061.jpg,6,6
dan_1,cartoon,cartoon/person/pic_067.jpg,6,6
dan_1,cartoon,cartoon/person/pic_070.jpg,6,6
dan_1,cartoon,cartoon/person/pic_078.jpg,6,6
dan_1,cartoon,cartoon/person/pic_079.jpg,6,6
dan_1,cartoon,cartoon/person/pic_093.jpg,6,6
dan_1,cartoon,cartoon/person/pic_094.jpg,6,6
dan_1,cartoon,cartoon/person/pic_095.jpg,6,6
dan_1,cartoon,cartoon/person/pic_105.jpg,6,6
dan_1,cartoon,cartoon/person/pic_111.jpg,6,6
dan_1,cartoon,cartoon/person/pic_113.jpg,6,6
dan_1,cartoon,cartoon/person/pic_119.jpg,6,6
dan_1,cartoon,cartoon/person/pic_125.jpg,6,6
dan_1,cartoon,cartoon/person/pic_126.jpg,6,6
dan_1,cartoon,cartoon/person/pic_129.jpg,6,6
dan_1,cartoon,cartoon/person/pic_131.jpg,6,6
dan_1,cartoon,cartoon/person/pic_141.jpg,6,6
dan_1,cartoon,cartoon/person/pic_146.jpg,6,6
dan_1,cartoon,cartoon/person/pic_151.jpg,6,6
dan_1,cartoon,cartoon/person/pic_159.jpg,6,6
dan_1,cartoon,cartoon/person/pic_167.jpg,6,6
dan_1,cartoon,cartoon/person/pic_169.jpg,6,0
dan_1,cartoon,cartoon/person/pic_170.jpg,6,6
dan_1,cartoon,cartoon/person/pic_190.jpg,6,6
dan_1,cartoon,cartoon/person/pic_193.jpg,6,6
dan_1,cartoon,cartoon/person/pic_197.jpg,6,6
dan_1,cartoon,cartoon/person/pic_203.jpg,6,6
dan_1,cartoon,cartoon/person/pic_209.jpg,6,6
dan_1,cartoon,cartoon/person/pic_210.jpg,6,6
dan_1,cartoon,cartoon/person/pic_215.jpg,6,6
dan_1,cartoon,cartoon/person/pic_216.jpg,6,6
dan_1,cartoon,cartoon/person/pic_218.jpg,6,6
dan_1,cartoon,cartoon/person/pic_224.jpg,6,6
dan_1,cartoon,cartoon/person/pic_225.jpg,6,6
dan_1,cartoon,cartoon/person/pic_226.jpg,6,6
dan_1,cartoon,cartoon/person/pic_227.jpg,6,6
dan_1,cartoon,cartoon/person/pic_236.jpg,6,6
dan_1,cartoon,cartoon/person/pic_248.jpg,6,6
dan_1,cartoon,cartoon/person/pic_253.jpg,6,6
dan_1,cartoon,cartoon/person/pic_257.jpg,6,6
dan_1,cartoon,cartoon/person/pic_259.jpg,6,6
dan_1,cartoon,cartoon/person/pic_261.jpg,6,6
dan_1,cartoon,cartoon/person/pic_265.jpg,6,6
dan_1,cartoon,cartoon/person/pic_268.jpg,6,6
dan_1,cartoon,cartoon/person/pic_285.jpg,6,6
dan_1,cartoon,cartoon/person/pic_302.jpg,6,6
dan_1,cartoon,cartoon/person/pic_313.jpg,6,6
dan_1,cartoon,cartoon/person/pic_314.jpg,6,6
dan_1,cartoon,cartoon/person/pic_316.jpg,6,6
dan_1,cartoon,cartoon/person/pic_319.jpg,6,6
dan_1,cartoon,cartoon/person/pic_320.jpg,6,6
dan_1,cartoon,cartoon/person/pic_323.jpg,6,6
dan_1,cartoon,cartoon/person/pic_333.jpg,6,6
dan_1,cartoon,cartoon/person/pic_349.jpg,6,6
dan_1,cartoon,cartoon/person/pic_368.jpg,6,6
dan_1,cartoon,cartoon/person/pic_372.jpg,6,6
dan_1,cartoon,cartoon/person/pic_377.jpg,6,6
dan_1,cartoon,cartoon/person/pic_385.jpg,6,6
dan_1,cartoon,cartoon/person/pic_387.jpg,6,6
dan_1,cartoon,cartoon/person/pic_389.jpg,6,6
dan_1,cartoon,cartoon/person/pic_392.jpg,6,6
dan_1,cartoon,cartoon/person/pic_409.jpg,6,6
dan_1,cartoon,cartoon/person/pic_415.jpg,6,6
dan_1,cartoon,cartoon/person/pic_418.jpg,6,6
dan_1,cartoon,cartoon/person/pic_424.jpg,6,6
dan_1,cartoon,cartoon/person/pic_425.jpg,6,6
dan_1,cartoon,cartoon/person/pic_434.jpg,6,6
dan_1,cartoon,cartoon/person/pic_438.jpg,6,6
dan_1,cartoon,cartoon/person/pic_449.jpg,6,6
dan_1,cartoon,cartoon/person/pic_452.jpg,6,6
dan_10,photo,photo/dog/056_0009.jpg,0,6
dan_10,photo,photo/dog/056_0010.jpg,0,6
dan_10,photo,photo/dog/056_0029.jpg,0,6
dan_10,photo,photo/dog/056_0030.jpg,0,6
dan_10,photo,photo/dog/056_0042.jpg,0,6
dan_10,photo,photo/dog/056_0043.jpg,0,6
dan_10,photo,photo/dog/056_0048.jpg,0,6
dan_10,photo,photo/dog/056_0050.jpg,0,6
dan_10,photo,photo/dog/056_0052.jpg,0,6
dan_10,photo,photo/dog/056_0058.jpg,0,6
dan_10,photo,photo/dog/056_0062.jpg,0,6
dan_10,photo,photo/dog/056_0068.jpg,0,6
dan_10,photo,photo/dog/056_0071.jpg,0,6
dan_10,photo,photo/dog/056_0073.jpg,0,6
dan_10,photo,photo/dog/056_0075.jpg,0,6
dan_10,photo,photo/dog/056_0080.jpg,0,6
dan_10,photo,photo/dog/056_0082.jpg,0,6
dan_10,photo,photo/dog/056_0084.jpg,0,6
dan_10,photo,photo/dog/056_0090.jpg,0,6
dan_10,photo,photo/dog/056_0095.jpg,0,6
dan_10,photo,photo/dog/n02103406_1599.jpg,0,6
dan_10,photo,photo/dog/n02103406_2954.jpg,0,6
dan_10,photo,photo/dog/n02103406_3132.jpg,0,6
dan_10,photo,photo/dog/n02103406_3538.jpg,0,6
dan_10,photo,photo/dog/n02103406_371.jpg,0,6
dan_10,photo,photo/dog/n02103406_3964.jpg,0,6
dan_10,photo,photo/dog/n02103406_4916.jpg,0,6
dan_10,photo,photo/dog/n02103406_5035.jpg,0,6
dan_10,photo,photo/dog/n02103406_5456.jpg,0,6
dan_10,photo,photo/dog/n02103406_5505.jpg,0,6
dan_10,photo,photo/dog/n02103406_6530.jpg,0,6
dan_10,photo,photo/dog/n02103406_8280.jpg,0,6
dan_10,photo,photo/dog/n02106662_11133.jpg,0,6
dan_10,photo,photo/dog/n02106662_1922.jpg,0,6
dan_10,photo,photo/dog/n02106662_25917.jpg,0,6
dan_10,photo,photo/dog/n02106662_27393.jpg,0,6
dan_10,photo,photo/dog/n02106662_7885.jpg,0,6
dan_10,photo,photo/dog/n02109525_12875.jpg,0,6
dan_10,photo,photo/elephant/064_0004.jpg,1,6
dan_10,photo,photo/elephant/064_0008.jpg,1,6
dan_10,photo,photo/elephant/064_0011.jpg,1,6
dan_10,photo,photo/elephant/064_0012.jpg,1,6
dan_10,photo,photo/elephant/064_0016.jpg,1,6
dan_10,photo,photo/elephant/064_0024.jpg,1,6
dan_10,photo,photo/elephant/064_0039.jpg,1,6
dan_10,photo,photo/elephant/064_0044.jpg,1,6
dan_10,photo,photo/elephant/064_0045.jpg,1,6
dan_10,photo,photo/elephant/064_0062.jpg,1,6
dan_10,photo,photo/elephant/064_0067.jpg,1,6
dan_10,photo,photo/elephant/064_0070.jpg,1,6
dan_10,photo,photo/elephant/064_0072.jpg,1,6
dan_10,photo,photo/elephant/064_0074.jpg,1,6
dan_10,photo,photo/elephant/064_0097.jpg,1,6
dan_10,photo,photo/elephant/064_0111.jpg,1,6
dan_10,photo,photo/elephant/064_0114.jpg,1,6
dan_10,photo,photo/elephant/064_0115.jpg,1,6
dan_10,photo,photo/elephant/064_0120.jpg,1,6
dan_10,photo,photo/elephant/064_0125.jpg,1,6
dan_10,photo,photo/elephant/064_0127.jpg,1,6
dan_10,photo,photo/elephant/064_0130.jpg,1,6
dan_10,photo,photo/elephant/n02503517_10193.jpg,1,6
dan_10,photo,photo/elephant/n02503517_1453.jpg,1,6
dan_10,photo,photo/elephant/n02503517_184.jpg,1,6
dan_10,photo,photo/elephant/n02503517_3803.jpg,1,6
dan_10,photo,photo/elephant/n02503517_4247.jpg,1,6
dan_10,photo,photo/elephant/n02503517_4605.jpg,1,6
dan_10,photo,photo/elephant/n02503517_5287.jpg,1,6
dan_10,photo,photo/elephant/n02503517_5418.jpg,1,6
dan_10,photo,photo/elephant/n02503517_5527.jpg,1,6
dan_10,photo,photo/elephant/n02503517_564.jpg,1,6
dan_10,photo,photo/elephant/n02503517_6032.jpg,1,6
dan_10,photo,photo/elephant/n02503517_6479.jpg,1,6
dan_10,photo,photo/elephant/n02503517_6880.jpg,1,6
dan_10,photo,photo/elephant/n02503517_7020.jpg,1,6
dan_10,photo,photo/elephant/n02503517_753.jpg,1,6
dan_10,photo,photo/elephant/n02503517_8571.jpg,1,6
dan_10,photo,photo/elephant/n02503517_8901.jpg,1,6
dan_10,photo,photo/elephant/n02503517_8904.jpg,1,6
dan_10,photo,photo/elephant/n02503517_9827.jpg,1,6
dan_10,photo,photo/giraffe/084_0011.jpg,2,6
dan_10,photo,photo/giraffe/084_0012.jpg,2,6
dan_10,photo,photo/giraffe/084_0020.jpg,2,6
dan_10,photo,photo/giraffe/084_0028.jpg,2,6
dan_10,photo,photo/giraffe/084_0029.jpg,2,6
dan_10,photo,photo/giraffe/084_0042.jpg,2,6
dan_10,photo,photo/giraffe/084_0045.jpg,2,6
dan_10,photo,photo/giraffe/084_0047.jpg,2,6
dan_10,photo,photo/giraffe/084_0059.jpg,2,6
dan_10,photo,photo/giraffe/084_0060.jpg,2,6
dan_10,photo,photo/giraffe/084_0074.jpg,2,6
dan_10,photo,photo/giraffe/084_0077.jpg,2,6
dan_10,photo,photo/giraffe/n02439033_10130.jpg,2,6
dan_10,photo,photo/giraffe/n02439033_10164.jpg,2,6
dan_10,photo,photo/giraffe/n02439033_10453.jpg,2,6
dan_10,photo,photo/giraffe/n02439033_10919.jpg,2,6
dan_10,photo,photo/giraffe/n02439033_11059.jpg,2,6
dan_10,photo,photo/giraffe/n02439033_11114.jpg,2,6
dan_10,photo,photo/giraffe/n02439033_11486.jpg,2,6
dan_10,photo,photo/giraffe/n02439033_11504.jpg,2,6
dan_10,photo,photo/giraffe/n02439033_11627.jpg,2,6
dan_10,photo,photo/giraffe/n02439033_11683.jpg,2,6
dan_10,photo,photo/giraffe/n02439033_11715.jpg,2,6
dan_10,photo,photo/giraffe/n02439033_12413.jpg,2,6
dan_10,photo,photo/giraffe/n02439033_12680.jpg,2,6
dan_10,photo,photo/giraffe/n02439033_12987.jpg,2,6
dan_10,photo,photo/giraffe/n02439033_13602.jpg,2,6
dan_10,photo,photo/giraffe/n02439033_14148.jpg,2,6
dan_10,photo,photo/giraffe/n02439033_14846.jpg,2,6
dan_10,photo,photo/giraffe/n02439033_14872.jpg,2,6
dan_10,photo,photo/giraffe/n02439033_1508.jpg,2,6
dan_10,photo,photo/giraffe/n02439033_15479.jpg,2,6
dan_10,photo,photo/giraffe/n02439033_16483.jpg,2,6
dan_10,photo,photo/giraffe/n02439033_5652.jpg,2,6
dan_10,photo,photo/giraffe/n02439033_9472.jpg,2,6
dan_10,photo,photo/giraffe/n02439033_991.jpg,2,6
dan_10,photo,photo/guitar/063_0001.jpg,3,6
dan_10,photo,photo/guitar/063_0009.jpg,3,6
dan_10,photo,photo/guitar/063_0010.jpg,3,6
dan_10,photo,photo/guitar/063_0022.jpg,3,6
dan_10,photo,photo/guitar/063_0024.jpg,3,6
dan_10,photo,photo/guitar/063_0035.jpg,3,6
dan_10,photo,photo/guitar/063_0038.jpg,3,6
dan_10,photo,photo/guitar/063_0041.jpg,3,6
dan_10,photo,photo/guitar/063_0046.jpg,3,6
dan_10,photo,photo/guitar/063_0048.jpg,3,6
dan_10,photo,photo/guitar/063_0050.jpg,3,6
dan_10,photo,photo/guitar/063_0052.jpg,3,6
dan_10,photo,photo/guitar/063_0053.jpg,3,6
dan_10,photo,photo/guitar/063_0067.jpg,3,6
dan_10,photo,photo/guitar/063_0074.jpg,3,6
dan_10,photo,photo/guitar/063_0079.jpg,3,6
dan_10,photo,photo/guitar/063_0084.jpg,3,6
dan_10,photo,photo/guitar/063_0087.jpg,3,6
dan_10,photo,photo/guitar/063_0089.jpg,3,6
dan_10,photo,photo/guitar/063_0090.jpg,3,6
dan_10,photo,photo/guitar/063_0093.jpg,3,6
dan_10,photo,photo/guitar/063_0095.jpg,3,6
dan_10,photo,photo/guitar/063_0107.jpg,3,6
dan_10,photo,photo/guitar/063_0108.jpg,3,6
dan_10,photo,photo/guitar/n02676566_4189.jpg,3,6
dan_10,photo,photo/guitar/n02676566_6704.jpg,3,6
dan_10,photo,photo/guitar/n02676566_7830.jpg,3,6
dan_10,photo,photo/guitar/n02676566_7844.jpg,3,6
dan_10,photo,photo/guitar/n02676566_8997.jpg,3,6
dan_10,photo,photo/guitar/n03272010_10795.jpg,3,6
dan_10,photo,photo/guitar/n03272010_6820.jpg,3,6
dan_10,photo,photo/guitar/n03272010_7092.jpg,3,6
dan_10,photo,photo/guitar/n03272010_7390.jpg,3,6
dan_10,photo,photo/guitar/n03272010_9557.jpg,3,6
dan_10,photo,photo/guitar/n03467517_12925.jpg,3,6
dan_10,photo,photo/guitar/n03467517_22785.jpg,3,6
dan_10,photo,photo/guitar/n03467517_23229.jpg,3,6
dan_10,photo,photo/horse/105_0007.jpg,4,6
dan_10,photo,photo/horse/105_0008.jpg,4,6
dan_10,photo,photo/horse/105_0030.jpg,4,6
dan_10,photo,photo/horse/105_0048.jpg,4,6
dan_10,photo,photo/horse/105_0059.jpg,4,6
dan_10,photo,photo/horse/105_0066.jpg,4,6
dan_10,photo,photo/horse/105_0067.jpg,4,6
dan_10,photo,photo/horse/105_0076.jpg,4,6
dan_10,photo,photo/horse/105_0103.jpg,4,6
dan_10,photo,photo/horse/105_0106.jpg,4,6
dan_10,photo,photo/horse/105_0115.jpg,4,6
dan_10,photo,photo/horse/105_0134.jpg,4,6
dan_10,photo,photo/horse/105_0199.jpg,4,6
dan_10,photo,photo/horse/105_0206.jpg,4,6
dan_10,photo,photo/horse/105_0207.jpg,4,6
dan_10,photo,photo/horse/105_0215.jpg,4,6
dan_10,photo,photo/horse/105_0260.jpg,4,6
dan_10,photo,photo/horse/105_0266.jpg,4,6
dan_10,photo,photo/horse/n02374451_10098.jpg,4,6
dan_10,photo,photo/horse/n02374451_10669.jpg,4,6
dan_10,photo,photo/horse/n02374451_10761.jpg,4,6
dan_10,photo,photo/horse/n02374451_11492.jpg,4,6
dan_10,photo,photo/horse/n02374451_1234.jpg,4,6
dan_10,photo,photo/horse/n02374451_13718.jpg,4,6
dan_10,photo,photo/horse/n02374451_14119.jpg,4,6
dan_10,photo,photo/horse/n02374451_1443.jpg,4,6
dan_10,photo,photo/horse/n02374451_14738.jpg,4,6
dan_10,photo,photo/horse/n02374451_16358.jpg,4,6
dan_10,photo,photo/horse/n02374451_17474.jpg,4,6
dan_10,photo,photo/horse/n02374451_18570.jpg,4,6
dan_10,photo,photo/horse/n02374451_2248.jpg,4,6
dan_10,photo,photo/horse/n02374451_4795.jpg,4,6
dan_10,photo,photo/horse/n02374451_503.jpg,4,6
dan_10,photo,photo/horse/n02374451_54.jpg,4,6
dan_10,photo,photo/horse/n02374451_7631.jpg,4,6
dan_10,photo,photo/horse/n02374451_8526.jpg,4,6
dan_10,photo,photo/horse/n02374451_8744.jpg,4,6
dan_10,photo,photo/horse/n02374451_9064.jpg,4,6
dan_10,photo,photo/horse/n02374451_925.jpg,4,6
dan_10,photo,photo/horse/n02374451_9892.jpg,4,6
dan_10,photo,photo/house/pic_004.jpg,5,6
dan_10,photo,photo/house/pic_005.jpg,5,6
dan_10,photo,photo/house/pic_013.jpg,5,6
dan_10,photo,photo/house/pic_015.jpg,5,6
dan_10,photo,photo/house/pic_017.jpg,5,6
dan_10,photo,photo/house/pic_028.jpg,5,6
dan_10,photo,photo/house/pic_034.jpg,5,6
dan_10,photo,photo/house/pic_038.jpg,5,6
dan_10,photo,photo/house/pic_046.jpg,5,6
dan_10,photo,photo/house/pic_049.jpg,5,6
dan_10,photo,photo/house/pic_050.jpg,5,6
dan_10,photo,photo/house/pic_054.jpg,5,6
dan_10,photo,photo/house/pic_058.jpg,5,6
dan_10,photo,photo/house/pic_060.jpg,5,6
dan_10,photo,photo/house/pic_067.jpg,5,6
dan_10,photo,photo/house/pic_069.jpg,5,6
dan_10,photo,photo/house/pic_073.jpg,5,6
dan_10,photo,photo/house/pic_077.jpg,5,6
dan_10,photo,photo/house/pic_080.jpg,5,6
dan_10,photo,photo/house/pic_090.jpg,5,6
dan_10,photo,photo/house/pic_092.jpg,5,6
dan_10,photo,photo/house/pic_094.jpg,5,6
dan_10,photo,photo/house/pic_097.jpg,5,6
dan_10,photo,photo/house/pic_104.jpg,5,6
dan_10,photo,photo/house/pic_106.jpg,5,6
dan_10,photo,photo/house/pic_111.jpg,5,6
dan_10,photo,photo/house/pic_112.jpg,5,6
dan_10,photo,photo/house/pic_113.jpg,5,6
dan_10,photo,photo/house/pic_117.jpg,5,6
dan_10,photo,photo/house/pic_130.jpg,5,6
dan_10,photo,photo/house/pic_144.jpg,5,6
dan_10,photo,photo/house/pic_145.jpg,5,6
dan_10,photo,photo/house/pic_146.jpg,5,6
dan_10,photo,photo/house/pic_160.jpg,5,6
dan_10,photo,photo/house/pic_161.jpg,5,6
dan_10,photo,photo/house/pic_165.jpg,5,6
dan_10,photo,photo/house/pic_172.jpg,5,6
dan_10,photo,photo/house/pic_173.jpg,5,6
dan_10,photo,photo/house/pic_175.jpg,5,6
dan_10,photo,photo/house/pic_184.jpg,5,6
dan_10,photo,photo/house/pic_188.jpg,5,6
dan_10,photo,photo/house/pic_195.jpg,5,6
dan_10,photo,photo/house/pic_206.jpg,5,6
dan_10,photo,photo/house/pic_224.jpg,5,6
dan_10,photo,photo/house/pic_225.jpg,5,6
dan_10,photo,photo/house/pic_229.jpg,5,6
dan_10,photo,photo/house/pic_234.jpg,5,6
dan_10,photo,photo/house/pic_235.jpg,5,6
dan_10,photo,photo/house/pic_250.jpg,5,6
dan_10,photo,photo/house/pic_259.jpg,5,6
dan_10,photo,photo/house/pic_260.jpg,5,6
dan_10,photo,photo/house/pic_278.jpg,5,6
dan_10,photo,photo/house/pic_279.jpg,5,6
dan_10,photo,photo/house/pic_280.jpg,5,6
dan_10,photo,photo/house/pic_281.jpg,5,6
dan_10,photo,photo/house/pic_284.jpg,5,6
dan_10,photo,photo/person/253_0006.jpg,6,6
dan_10,photo,photo/person/253_0014.jpg,6,6
dan_10,photo,photo/person/253_0015.jpg,6,6
dan_10,photo,photo/person/253_0017.jpg,6,6
dan_10,photo,photo/person/253_0021.jpg,6,6
dan_10,photo,photo/person/253_0024.jpg,6,6
dan_10,photo,photo/person/253_0033.jpg,6,6
dan_10,photo,photo/person/253_0034.jpg,6,6
dan_10,photo,photo/person/253_0045.jpg,6,6
dan_10,photo,photo/person/253_0049.jpg,6,6
dan_10,photo,photo/person/253_0050.jpg,6,6
dan_10,photo,photo/person/253_0055.jpg,6,6
dan_10,photo,photo/person/253_0058.jpg,6,6
dan_10,photo,photo/person/253_0063.jpg,6,6
dan_10,photo,photo/person/253_0074.jpg,6,6
dan_10,photo,photo/person/253_0075.jpg,6,6
dan_10,photo,photo/person/253_0082.jpg,6,6
dan_10,photo,photo/person/253_0084.jpg,6,6
dan_10,photo,photo/person/253_0095.jpg,6,6
dan_10,photo,photo/person/253_0097.jpg,6,6
dan_10,photo,photo/person/253_0102.jpg,6,6
dan_10,photo,photo/person/253_0104.jpg,6,6
dan_10,photo,photo/person/253_0105.jpg,6,6
dan_10,photo,photo/person/253_0106.jpg,6,6
dan_10,photo,photo/person/253_0123.jpg,6,6
dan_10,photo,photo/person/253_0128.jpg,6,6
dan_10,photo,photo/person/253_0130.jpg,6,6
dan_10,photo,photo/person/253_0131.jpg,6,6
dan_10,photo,photo/person/253_0139.jpg,6,6
dan_10,photo,photo/person/253_0141.jpg,6,6
dan_10,photo,photo/person/253_0145.jpg,6,6
dan_10,photo,photo/person/253_0146.jpg,6,6
dan_10,photo,photo/person/253_0147.jpg,6,6
dan_10,photo,photo/person/253_0153.jpg,6,6
dan_10,photo,photo/person/253_0166.jpg,6,6
dan_10,photo,photo/person/253_0168.jpg,6,6
dan_10,photo,photo/person/253_0170.jpg,6,6
dan_10,photo,photo/person/253_0174.jpg,6,6
dan_10,photo,photo/person/253_0176.jpg,6,6
dan_10,photo,photo/person/253_0187.jpg,6,6
dan_10,photo,photo/person/253_0193.jpg,6,6
dan_10,photo,photo/person/253_0195.jpg,6,6
dan_10,photo,photo/person/253_0196.jpg,6,6
dan_10,photo,photo/person/253_0211.jpg,6,6
dan_10,photo,photo/person/253_0221.jpg,6,6
dan_10,photo,photo/person/253_0232.jpg,6,6
dan_10,photo,photo/person/253_0242.jpg,6,6
dan_10,photo,photo/person/253_0246.jpg,6,6
dan_10,photo,photo/person/253_0247.jpg,6,6
dan_10,photo,photo/person/253_0248.jpg,6,6
dan_10,photo,photo/person/253_0253.jpg,6,6
dan_10,photo,photo/person/253_0256.jpg,6,6
dan_10,photo,photo/person/253_0266.jpg,6,6
dan_10,photo,photo/person/253_0267.jpg,6,6
dan_10,photo,photo/person/253_0273.jpg,6,6
dan_10,photo,photo/person/253_0277.jpg,6,6
dan_10,photo,photo/person/253_0278.jpg,6,6
dan_10,photo,photo/person/253_0281.jpg,6,6
dan_10,photo,photo/person/253_0287.jpg,6,6
dan_10,photo,photo/person/253_0290.jpg,6,6
dan_10,photo,photo/person/253_0294.jpg,6,6
dan_10,photo,photo/person/253_0296.jpg,6,6
dan_10,photo,photo/person/253_0299.jpg,6,6
dan_10,photo,photo/person/253_0300.jpg,6,6
dan_10,photo,photo/person/253_0301.jpg,6,6
dan_10,photo,photo/person/253_0310.jpg,6,6
dan_10,photo,photo/person/253_0311.jpg,6,6
dan_10,photo,photo/person/253_0323.jpg,6,6
dan_10,photo,photo/person/253_0324.jpg,6,6
dan_10,photo,photo/person/253_0327.jpg,6,6
dan_10,photo,photo/person/253_0338.jpg,6,6
dan_10,photo,photo/person/253_0348.jpg,6,6
dan_10,photo,photo/person/253_0354.jpg,6,6
dan_10,photo,photo/person/253_0359.jpg,6,6
dan_10,photo,photo/person/253_0361.jpg,6,6
dan_10,photo,photo/person/253_0374.jpg,6,6
dan_10,photo,photo/person/253_0382.jpg,6,6
dan_10,photo,photo/person/253_0386.jpg,6,6
dan_10,photo,photo/person/253_0387.jpg,6,6
dan_10,photo,photo/person/253_0395.jpg,6,6
dan_10,photo,photo/person/253_0405.jpg,6,6
dan_10,photo,photo/person/253_0417.jpg,6,6
dan_10,photo,photo/person/253_0422.jpg,6,6
dan_10,photo,photo/person/253_0423.jpg,6,6
dan_10,photo,photo/person/253_0429.jpg,6,6
dan_10,photo,photo/person/253_0434.jpg,6,6
dan_10,art_painting,art_painting/dog/pic_007.jpg,0,6
dan_10,art_painting,art_painting/dog/pic_008.jpg,0,6
dan_10,art_painting,art_painting/dog/pic_021.jpg,0,6
dan_10,art_painting,art_painting/dog/pic_026.jpg,0,6
dan_10,art_painting,art_painting/dog/pic_036.jpg,0,6
dan_10,art_painting,art_painting/dog/pic_055.jpg,0,6
dan_10,art_painting,art_painting/dog/pic_058.jpg,0,6
dan_10,art_painting,art_painting/dog/pic_064.jpg,0,6
dan_10,art_painting,art_painting/dog/pic_070.jpg,0,6
dan_10,art_painting,art_painting/dog/pic_072.jpg,0,6
dan_10,art_painting,art_painting/dog/pic_073.jpg,0,6
dan_10,art_painting,art_painting/dog/pic_074.jpg,0,6
dan_10,art_painting,art_painting/dog/pic_079.jpg,0,6
dan_10,art_painting,art_painting/dog/pic_081.jpg,0,6
dan_10,art_painting,art_painting/dog/pic_083.jpg,0,6
dan_10,art_painting,art_painting/dog/pic_084.jpg,0,6
dan_10,art_painting,art_painting/dog/pic_090.jpg,0,6
dan_10,art_painting,art_painting/dog/pic_091.jpg,0,6
dan_10,art_painting,art_painting/dog/pic_099.jpg,0,6
dan_10,art_painting,art_painting/dog/pic_100.jpg,0,6
dan_10,art_painting,art_painting/dog/pic_105.jpg,0,6
dan_10,art_painting,art_painting/dog/pic_123.jpg,0,6
dan_10,art_painting,art_painting/dog/pic_133.jpg,0,6
dan_10,art_painting,art_painting/dog/pic_134.jpg,0,6
dan_10,art_painting,art_painting/dog/pic_137.jpg,0,6
dan_10,art_painting,art_painting/dog/pic_138.jpg,0,6
dan_10,art_painting,art_painting/dog/pic_152.jpg,0,6
dan_10,art_painting,art_painting/dog/pic_154.jpg,0,6
dan_10,art_painting,art_painting/dog/pic_157.jpg,0,6
dan_10,art_painting,art_painting/dog/pic_167.jpg,0,6
dan_10,art_painting,art_painting/dog/pic_172.jpg,0,6
dan_10,art_painting,art_painting/dog/pic_174.jpg,0,6
dan_10,art_painting,art_painting/dog/pic_177.jpg,0,6
dan_10,art_painting,art_painting/dog/pic_186.jpg,0,6
dan_10,art_painting,art_painting/dog/pic_194.jpg,0,6
dan_10,art_painting,art_painting/dog/pic_205.jpg,0,6
dan_10,art_painting,art_painting/dog/pic_214.jpg,0,6
dan_10,art_painting,art_painting/dog/pic_226.jpg,0,6
dan_10,art_painting,art_painting/dog/pic_232.jpg,0,6
dan_10,art_painting,art_painting/dog/pic_251.jpg,0,6
dan_10,art_painting,art_painting/dog/pic_253.jpg,0,6
dan_10,art_painting,art_painting/dog/pic_260.jpg,0,6
dan_10,art_painting,art_painting/dog/pic_268.jpg,0,6
dan_10,art_painting,art_painting/dog/pic_269.jpg,0,6
dan_10,art_painting,art_painting/dog/pic_274.jpg,0,6
dan_10,art_painting,art_painting/dog/pic_280.jpg,0,6
dan_10,art_painting,art_painting/dog/pic_282.jpg,0,6
dan_10,art_painting,art_painting/dog/pic_291.jpg,0,6
dan_10,art_painting,art_painting/dog/pic_295.jpg,0,6
dan_10,art_painting,art_painting/dog/pic_297.jpg,0,6
dan_10,art_painting,art_painting/dog/pic_301.jpg,0,6
dan_10,art_painting,art_painting/dog/pic_304.jpg,0,6
dan_10,art_painting,art_painting/dog/pic_310.jpg,0,6
dan_10,art_painting,art_painting/dog/pic_312.jpg,0,6
dan_10,art_painting,art_painting/dog/pic_314.jpg,0,6
dan_10,art_painting,art_painting/dog/pic_315.jpg,0,6
dan_10,art_painting,art_painting/dog/pic_318.jpg,0,6
dan_10,art_painting,art_painting/dog/pic_319.jpg,0,6
dan_10,art_painting,art_painting/dog/pic_322.jpg,0,6
dan_10,art_painting,art_painting/dog/pic_323.jpg,0,6
dan_10,art_painting,art_painting/dog/pic_327.jpg,0,6
dan_10,art_painting,art_painting/dog/pic_329.jpg,0,6
dan_10,art_painting,art_painting/dog/pic_331.jpg,0,6
dan_10,art_painting,art_painting/dog/pic_349.jpg,0,6
dan_10,art_painting,art_painting/dog/pic_350.jpg,0,6
dan_10,art_painting,art_painting/dog/pic_366.jpg,0,6
dan_10,art_painting,art_painting/dog/pic_368.jpg,0,6
dan_10,art_painting,art_painting/dog/pic_371.jpg,0,6
dan_10,art_painting,art_painting/dog/pic_372.jpg,0,6
dan_10,art_painting,art_painting/dog/pic_377.jpg,0,6
dan_10,art_painting,art_painting/dog/pic_384.jpg,0,6
dan_10,art_painting,art_painting/dog/pic_391.jpg,0,6
dan_10,art_painting,art_painting/dog/pic_393.jpg,0,6
dan_10,art_painting,art_painting/dog/pic_394.jpg,0,6
dan_10,art_painting,art_painting/dog/pic_397.jpg,0,6
dan_10,art_painting,art_painting/dog/pic_398.jpg,0,6
dan_10,art_painting,art_painting/elephant/pic_011.jpg,1,6
dan_10,art_painting,art_painting/elephant/pic_012.jpg,1,6
dan_10,art_painting,art_painting/elephant/pic_016.jpg,1,6
dan_10,art_painting,art_painting/elephant/pic_029.jpg,1,6
dan_10,art_painting,art_painting/elephant/pic_030.jpg,1,6
dan_10,art_painting,art_painting/elephant/pic_044.jpg,1,6
dan_10,art_painting,art_painting/elephant/pic_046.jpg,1,6
dan_10,art_painting,art_painting/elephant/pic_048.jpg,1,6
dan_10,art_painting,art_painting/elephant/pic_059.jpg,1,6
dan_10,art_painting,art_painting/elephant/pic_060.jpg,1,6
dan_10,art_painting,art_painting/elephant/pic_061.jpg,1,6
dan_10,art_painting,art_painting/elephant/pic_075.jpg,1,6
dan_10,art_painting,art_painting/elephant/pic_078.jpg,1,6
dan_10,art_painting,art_painting/elephant/pic_086.jpg,1,6
dan_10,art_painting,art_painting/elephant/pic_087.jpg,1,6
dan_10,art_painting,art_painting/elephant/pic_090.jpg,1,6
dan_10,art_painting,art_painting/elephant/pic_098.jpg,1,6
dan_10,art_painting,art_painting/elephant/pic_099.jpg,1,6
dan_10,art_painting,art_painting/elephant/pic_100.jpg,1,6
dan_10,art_painting,art_painting/elephant/pic_106.jpg,1,6
dan_10,art_painting,art_painting/elephant/pic_108.jpg,1,6
dan_10,art_painting,art_painting/elephant/pic_110.jpg,1,6
dan_10,art_painting,art_painting/elephant/pic_112.jpg,1,6
dan_10,art_painting,art_painting/elephant/pic_113.jpg,1,6
dan_10,art_painting,art_painting/elephant/pic_117.jpg,1,6
dan_10,art_painting,art_painting/elephant/pic_119.jpg,1,6
dan_10,art_painting,art_painting/elephant/pic_122.jpg,1,6
dan_10,art_painting,art_painting/elephant/pic_127.jpg,1,6
dan_10,art_painting,art_painting/elephant/pic_132.jpg,1,6
dan_10,art_painting,art_painting/elephant/pic_144.jpg,1,6
dan_10,art_painting,art_painting/elephant/pic_145.jpg,1,6
dan_10,art_painting,art_painting/elephant/pic_148.jpg,1,6
dan_10,art_painting,art_painting/elephant/pic_152.jpg,1,6
dan_10,art_painting,art_painting/elephant/pic_156.jpg,1,6
dan_10,art_painting,art_painting/elephant/pic_158.jpg,1,6
dan_10,art_painting,art_painting/elephant/pic_161.jpg,1,6
dan_10,art_painting,art_painting/elephant/pic_177.jpg,1,6
dan_10,art_painting,art_painting/elephant/pic_178.jpg,1,6
dan_10,art_painting,art_painting/elephant/pic_183.jpg,1,6
dan_10,art_painting,art_painting/elephant/pic_191.jpg,1,6
dan_10,art_painting,art_painting/elephant/pic_198.jpg,1,6
dan_10,art_painting,art_painting/elephant/pic_200.jpg,1,6
dan_10,art_painting,art_painting/elephant/pic_201.jpg,1,6
dan_10,art_painting,art_painting/elephant/pic_204.jpg,1,6
dan_10,art_painting,art_painting/elephant/pic_207.jpg,1,6
dan_10,art_painting,art_painting/elephant/pic_209.jpg,1,6
dan_10,art_painting,art_painting/elephant/pic_227.jpg,1,6
dan_10,art_painting,art_painting/elephant/pic_242.jpg,1,6
dan_10,art_painting,art_painting/elephant/pic_249.jpg,1,6
dan_10,art_painting,art_painting/elephant/pic_252.jpg,1,6
dan_10,art_painting,art_painting/elephant/pic_260.jpg,1,6
dan_10,art_painting,art_painting/giraffe/pic_001.jpg,2,6
dan_10,art_painting,art_painting/giraffe/pic_005.jpg,2,6
dan_10,art_painting,art_painting/giraffe/pic_009.jpg,2,6
dan_10,art_painting,art_painting/giraffe/pic_010.jpg,2,6
dan_10,art_painting,art_painting/giraffe/pic_011.jpg,2,6
dan_10,art_painting,art_painting/giraffe/pic_013.jpg,2,6
dan_10,art_painting,art_painting/giraffe/pic_014.jpg,2,6
dan_10,art_painting,art_painting/giraffe/pic_028.jpg,2,6
dan_10,art_painting,art_painting/giraffe/pic_040.jpg,2,6
dan_10,art_painting,art_painting/giraffe/pic_044.jpg,2,6
dan_10,art_painting,art_painting/giraffe/pic_052.jpg,2,6
dan_10,art_painting,art_painting/giraffe/pic_057.jpg,2,6
dan_10,art_painting,art_painting/giraffe/pic_068.jpg,2,6
dan_10,art_painting,art_painting/giraffe/pic_069.jpg,2,6
dan_10,art_painting,art_painting/giraffe/pic_071.jpg,2,6
dan_10,art_painting,art_painting/giraffe/pic_072.jpg,2,6
dan_10,art_painting,art_painting/giraffe/pic_077.jpg,2,6
dan_10,art_painting,art_painting/giraffe/pic_085.jpg,2,6
dan_10,art_painting,art_painting/giraffe/pic_086.jpg,2,6
dan_10,art_painting,art_painting/giraffe/pic_092.jpg,2,6
dan_10,art_painting,art_painting/giraffe/pic_094.jpg,2,6
dan_10,art_painting,art_painting/giraffe/pic_102.jpg,2,6
dan_10,art_painting,art_painting/giraffe/pic_108.jpg,2,6
dan_10,art_painting,art_painting/giraffe/pic_118.jpg,2,6
dan_10,art_painting,art_painting/giraffe/pic_122.jpg,2,6
dan_10,art_painting,art_painting/giraffe/pic_126.jpg,2,6
dan_10,art_painting,art_painting/giraffe/pic_137.jpg,2,6
dan_10,art_painting,art_painting/giraffe/pic_138.jpg,2,6
dan_10,art_painting,art_painting/giraffe/pic_139.jpg,2,6
dan_10,art_painting,art_painting/giraffe/pic_140.jpg,2,6
dan_10,art_painting,art_painting/giraffe/pic_142.jpg,2,6
dan_10,art_painting,art_painting/giraffe/pic_153.jpg,2,6
dan_10,art_painting,art_painting/giraffe/pic_170.jpg,2,6
dan_10,art_painting,art_painting/giraffe/pic_171.jpg,2,6
dan_10,art_painting,art_painting/giraffe/pic_173.jpg,2,6
dan_10,art_painting,art_painting/giraffe/pic_176.jpg,2,6
dan_10,art_painting,art_painting/giraffe/pic_180.jpg,2,6
dan_10,art_painting,art_painting/giraffe/pic_185.jpg,2,6
dan_10,art_painting,art_painting/giraffe/pic_190.jpg,2,6
dan_10,art_painting,art_painting/giraffe/pic_191.jpg,2,6
dan_10,art_painting,art_painting/giraffe/pic_193.jpg,2,6
dan_10,art_painting,art_painting/giraffe/pic_210.jpg,2,6
dan_10,art_painting,art_painting/giraffe/pic_214.jpg,2,6
dan_10,art_painting,art_painting/giraffe/pic_238.jpg,2,6
dan_10,art_painting,art_painting/giraffe/pic_239.jpg,2,6
dan_10,art_painting,art_painting/giraffe/pic_243.jpg,2,6
dan_10,art_painting,art_painting/giraffe/pic_244.jpg,2,6
dan_10,art_painting,art_painting/giraffe/pic_253.jpg,2,6
dan_10,art_painting,art_painting/giraffe/pic_261.jpg,2,6
dan_10,art_painting,art_painting/giraffe/pic_265.jpg,2,6
dan_10,art_painting,art_painting/giraffe/pic_268.jpg,2,6
dan_10,art_painting,art_painting/giraffe/pic_271.jpg,2,6
dan_10,art_painting,art_painting/giraffe/pic_293.jpg,2,6
dan_10,art_painting,art_painting/giraffe/pic_300.jpg,2,6
dan_10,art_painting,art_painting/giraffe/pic_302.jpg,2,6
dan_10,art_painting,art_painting/giraffe/pic_307.jpg,2,6
dan_10,art_painting,art_painting/giraffe/pic_309.jpg,2,6
dan_10,art_painting,art_painting/guitar/pic_014.jpg,3,6
dan_10,art_painting,art_painting/guitar/pic_023.jpg,3,6
dan_10,art_painting,art_painting/guitar/pic_024.jpg,3,6
dan_10,art_painting,art_painting/guitar/pic_026.jpg,3,6
dan_10,art_painting,art_painting/guitar/pic_034.jpg,3,6
dan_10,art_painting,art_painting/guitar/pic_044.jpg,3,6
dan_10,art_painting,art_painting/guitar/pic_050.jpg,3,6
dan_10,art_painting,art_painting/guitar/pic_059.jpg,3,6
dan_10,art_painting,art_painting/guitar/pic_063.jpg,3,6
dan_10,art_painting,art_painting/guitar/pic_071.jpg,3,6
dan_10,art_painting,art_painting/guitar/pic_074.jpg,3,6
dan_10,art_painting,art_painting/guitar/pic_075.jpg,3,6
dan_10,art_painting,art_painting/guitar/pic_082.jpg,3,6
dan_10,art_painting,art_painting/guitar/pic_089.jpg,3,6
dan_10,art_painting,art_painting/guitar/pic_092.jpg,3,6
dan_10,art_painting,art_painting/guitar/pic_103.jpg,3,6
dan_10,art_painting,art_painting/guitar/pic_108.jpg,3,6
dan_10,art_painting,art_painting/guitar/pic_111.jpg,3,6
dan_10,art_painting,art_painting/guitar/pic_113.jpg,3,6
dan_10,art_painting,art_painting/guitar/pic_114.jpg,3,6
dan_10,art_painting,art_painting/guitar/pic_127.jpg,3,6
dan_10,art_painting,art_painting/guitar/pic_129.jpg,3,6
dan_10,art_painting,art_painting/guitar/pic_135.jpg,3,6
dan_10,art_painting,art_painting/guitar/pic_137.jpg,3,6
dan_10,art_painting,art_painting/guitar/pic_142.jpg,3,6
dan_10,art_painting,art_painting/guitar/pic_158.jpg,3,6
dan_10,art_painting,art_painting/guitar/pic_166.jpg,3,6
dan_10,art_painting,art_painting/guitar/pic_170.jpg,3,6
dan_10,art_painting,art_painting/guitar/pic_171.jpg,3,6
dan_10,art_painting,art_painting/guitar/pic_173.jpg,3,6
dan_10,art_painting,art_painting/guitar/pic_177.jpg,3,6
dan_10,art_painting,art_painting/guitar/pic_178.jpg,3,6
dan_10,art_painting,art_painting/guitar/pic_182.jpg,3,6
dan_10,art_painting,art_painting/guitar/pic_187.jpg,3,6
dan_10,art_painting,art_painting/guitar/pic_192.jpg,3,6
dan_10,art_painting,art_painting/guitar/pic_193.jpg,3,6
dan_10,art_painting,art_painting/guitar/pic_197.jpg,3,6
dan_10,art_painting,art_painting/horse/pic_001.jpg,4,6
dan_10,art_painting,art_painting/horse/pic_002.jpg,4,6
dan_10,art_painting,art_painting/horse/pic_008.jpg,4,6
dan_10,art_painting,art_painting/horse/pic_012.jpg,4,6
dan_10,art_painting,art_painting/horse/pic_017.jpg,4,6
dan_10,art_painting,art_painting/horse/pic_028.jpg,4,6
dan_10,art_painting,art_painting/horse/pic_034.jpg,4,6
dan_10,art_painting,art_painting/horse/pic_042.jpg,4,6
dan_10,art_painting,art_painting/horse/pic_047.jpg,4,6
dan_10,art_painting,art_painting/horse/pic_049.jpg,4,6
dan_10,art_painting,art_painting/horse/pic_054.jpg,4,6
dan_10,art_painting,art_painting/horse/pic_056.jpg,4,6
dan_10,art_painting,art_painting/horse/pic_081.jpg,4,6
dan_10,art_painting,art_painting/horse/pic_090.jpg,4,6
dan_10,art_painting,art_painting/horse/pic_099.jpg,4,6
dan_10,art_painting,art_painting/horse/pic_106.jpg,4,6
dan_10,art_painting,art_painting/horse/pic_115.jpg,4,6
dan_10,art_painting,art_painting/horse/pic_125.jpg,4,6
dan_10,art_painting,art_painting/horse/pic_128.jpg,4,6
dan_10,art_painting,art_painting/horse/pic_130.jpg,4,6
dan_10,art_painting,art_painting/horse/pic_133.jpg,4,6
dan_10,art_painting,art_painting/horse/pic_134.jpg,4,6
dan_10,art_painting,art_painting/horse/pic_135.jpg,4,6
dan_10,art_painting,art_painting/horse/pic_136.jpg,4,6
dan_10,art_painting,art_painting/horse/pic_138.jpg,4,6
dan_10,art_painting,art_painting/horse/pic_142.jpg,4,6
dan_10,art_painting,art_painting/horse/pic_150.jpg,4,6
dan_10,art_painting,art_painting/horse/pic_151.jpg,4,6
dan_10,art_painting,art_painting/horse/pic_154.jpg,4,6
dan_10,art_painting,art_painting/horse/pic_161.jpg,4,6
dan_10,art_painting,art_painting/horse/pic_162.jpg,4,6
dan_10,art_painting,art_painting/horse/pic_182.jpg,4,6
dan_10,art_painting,art_painting/horse/pic_195.jpg,4,6
dan_10,art_painting,art_painting/horse/pic_206.jpg,4,6
dan_10,art_painting,art_painting/horse/pic_213.jpg,4,6
dan_10,art_painting,art_painting/horse/pic_218.jpg,4,6
dan_10,art_painting,art_painting/horse/pic_219.jpg,4,6
dan_10,art_painting,art_painting/horse/pic_222.jpg,4,6
dan_10,art_painting,art_painting/horse/pic_228.jpg,4,6
dan_10,art_painting,art_painting/horse/pic_232.jpg,4,6
dan_10,art_painting,art_painting/house/pic_004.jpg,5,6
dan_10,art_painting,art_painting/house/pic_008.jpg,5,6
dan_10,art_painting,art_painting/house/pic_009.jpg,5,6
dan_10,art_painting,art_painting/house/pic_011.jpg,5,6
dan_10,art_painting,art_painting/house/pic_014.jpg,5,6
dan_10,art_painting,art_painting/house/pic_018.jpg,5,6
dan_10,art_painting,art_painting/house/pic_022.jpg,5,6
dan_10,art_painting,art_painting/house/pic_026.jpg,5,6
dan_10,art_painting,art_painting/house/pic_029.jpg,5,6
dan_10,art_painting,art_painting/house/pic_034.jpg,5,6
dan_10,art_painting,art_painting/house/pic_038.jpg,5,6
dan_10,art_painting,art_painting/house/pic_054.jpg,5,6
dan_10,art_painting,art_painting/house/pic_061.jpg,5,6
dan_10,art_painting,art_painting/house/pic_074.jpg,5,6
dan_10,art_painting,art_painting/house/pic_076.jpg,5,6
dan_10,art_painting,art_painting/house/pic_082.jpg,5,6
dan_10,art_painting,art_painting/house/pic_088.jpg,5,6
dan_10,art_painting,art_painting/house/pic_091.jpg,5,6
dan_10,art_painting,art_painting/house/pic_098.jpg,5,6
dan_10,art_painting,art_painting/house/pic_103.jpg,5,6
dan_10,art_painting,art_painting/house/pic_107.jpg,5,6
dan_10,art_painting,art_painting/house/pic_111.jpg,5,6
dan_10,art_painting,art_painting/house/pic_121.jpg,5,6
dan_10,art_painting,art_painting/house/pic_123.jpg,5,6
dan_10,art_painting,art_painting/house/pic_134.jpg,5,6
dan_10,art_painting,art_painting/house/pic_136.jpg,5,6
dan_10,art_painting,art_painting/house/pic_149.jpg,5,6
dan_10,art_painting,art_painting/house/pic_153.jpg,5,6
dan_10,art_painting,art_painting/house/pic_157.jpg,5,6
dan_10,art_painting,art_painting/house/pic_187.jpg,5,6
dan_10,art_painting,art_painting/house/pic_189.jpg,5,6
dan_10,art_painting,art_painting/house/pic_191.jpg,5,6
dan_10,art_painting,art_painting/house/pic_198.jpg,5,6
dan_10,art_painting,art_painting/house/pic_212.jpg,5,6
dan_10,art_painting,art_painting/house/pic_213.jpg,5,6
dan_10,art_painting,art_painting/house/pic_218.jpg,5,6
dan_10,art_painting,art_painting/house/pic_219.jpg,5,6
dan_10,art_painting,art_painting/house/pic_221.jpg,5,6
dan_10,art_painting,art_painting/house/pic_226.jpg,5,6
dan_10,art_painting,art_painting/house/pic_231.jpg,5,6
dan_10,art_painting,art_painting/house/pic_245.jpg,5,6
dan_10,art_painting,art_painting/house/pic_246.jpg,5,6
dan_10,art_painting,art_painting/house/pic_261.jpg,5,6
dan_10,art_painting,art_painting/house/pic_269.jpg,5,6
dan_10,art_painting,art_painting/house/pic_276.jpg,5,6
dan_10,art_painting,art_painting/house/pic_281.jpg,5,6
dan_10,art_painting,art_painting/house/pic_291.jpg,5,6
dan_10,art_painting,art_painting/house/pic_295.jpg,5,6
dan_10,art_painting,art_painting/house/pic_298.jpg,5,6
dan_10,art_painting,art_painting/house/pic_304.jpg,5,6
dan_10,art_painting,art_painting/house/pic_306.jpg,5,6
dan_10,art_painting,art_painting/house/pic_309.jpg,5,6
dan_10,art_painting,art_painting/house/pic_311.jpg,5,6
dan_10,art_painting,art_painting/house/pic_313.jpg,5,6
dan_10,art_painting,art_painting/house/pic_315.jpg,5,6
dan_10,art_painting,art_painting/house/pic_322.jpg,5,6
dan_10,art_painting,art_painting/house/pic_330.jpg,5,6
dan_10,art_painting,art_painting/house/pic_331.jpg,5,6
dan_10,art_painting,art_painting/house/pic_336.jpg,5,6
dan_10,art_painting,art_painting/person/pic_009.jpg,6,6
dan_10,art_painting,art_painting/person/pic_011.jpg,6,6
dan_10,art_painting,art_painting/person/pic_014.jpg,6,6
dan_10,art_painting,art_painting/person/pic_016.jpg,6,6
dan_10,art_painting,art_painting/person/pic_018.jpg,6,6
dan_10,art_painting,art_painting/person/pic_026.jpg,6,6
dan_10,art_painting,art_painting/person/pic_027.jpg,6,6
dan_10,art_painting,art_painting/person/pic_033.jpg,6,6
dan_10,art_painting,art_painting/person/pic_042.jpg,6,6
dan_10,art_painting,art_painting/person/pic_052.jpg,6,6
dan_10,art_painting,art_painting/person/pic_069.jpg,6,6
dan_10,art_painting,art_painting/person/pic_070.jpg,6,6
dan_10,art_painting,art_painting/person/pic_074.jpg,6,6
dan_10,art_painting,art_painting/person/pic_094.jpg,6,6
dan_10,art_painting,art_painting/person/pic_097.jpg,6,6
dan_10,art_painting,art_painting/person/pic_101.jpg,6,6
dan_10,art_painting,art_painting/person/pic_105.jpg,6,6
dan_10,art_painting,art_painting/person/pic_107.jpg,6,6
dan_10,art_painting,art_painting/person/pic_109.jpg,6,6
dan_10,art_painting,art_painting/person/pic_110.jpg,6,6
dan_10,art_painting,art_painting/person/pic_116.jpg,6,6
dan_10,art_painting,art_painting/person/pic_124.jpg,6,6
dan_10,art_painting,art_painting/person/pic_126.jpg,6,6
dan_10,art_painting,art_painting/person/pic_129.jpg,6,6
dan_10,art_painting,art_painting/person/pic_134.jpg,6,6
dan_10,art_painting,art_painting/person/pic_135.jpg,6,6
dan_10,art_painting,art_painting/person/pic_150.jpg,6,6
dan_10,art_painting,art_painting/person/pic_157.jpg,6,6
dan_10,art_painting,art_painting/person/pic_160.jpg,6,6
dan_10,art_painting,art_painting/person/pic_161.jpg,6,6
dan_10,art_painting,art_painting/person/pic_162.jpg,6,6
dan_10,art_painting,art_painting/person/pic_168.jpg,6,6
dan_10,art_painting,art_painting/person/pic_169.jpg,6,6
dan_10,art_painting,art_painting/person/pic_171.jpg,6,6
dan_10,art_painting,art_painting/person/pic_183.jpg,6,6
dan_10,art_painting,art_painting/person/pic_194.jpg,6,6
dan_10,art_painting,art_painting/person/pic_196.jpg,6,6
dan_10,art_painting,art_painting/person/pic_203.jpg,6,6
dan_10,art_painting,art_painting/person/pic_204.jpg,6,6
dan_10,art_painting,art_painting/person/pic_206.jpg,6,6
dan_10,art_painting,art_painting/person/pic_208.jpg,6,6
dan_10,art_painting,art_painting/person/pic_209.jpg,6,6
dan_10,art_painting,art_painting/person/pic_213.jpg,6,6
dan_10,art_painting,art_painting/person/pic_242.jpg,6,6
dan_10,art_painting,art_painting/person/pic_247.jpg,6,6
dan_10,art_painting,art_painting/person/pic_248.jpg,6,6
dan_10,art_painting,art_painting/person/pic_249.jpg,6,6
dan_10,art_painting,art_painting/person/pic_255.jpg,6,6
dan_10,art_painting,art_painting/person/pic_263.jpg,6,6
dan_10,art_painting,art_painting/person/pic_265.jpg,6,6
dan_10,art_painting,art_painting/person/pic_267.jpg,6,6
dan_10,art_painting,art_painting/person/pic_268.jpg,6,6
dan_10,art_painting,art_painting/person/pic_273.jpg,6,6
dan_10,art_painting,art_painting/person/pic_277.jpg,6,6
dan_10,art_painting,art_painting/person/pic_292.jpg,6,6
dan_10,art_painting,art_painting/person/pic_294.jpg,6,6
dan_10,art_painting,art_painting/person/pic_296.jpg,6,6
dan_10,art_painting,art_painting/person/pic_303.jpg,6,6
dan_10,art_painting,art_painting/person/pic_304.jpg,6,6
dan_10,art_painting,art_painting/person/pic_320.jpg,6,6
dan_10,art_painting,art_painting/person/pic_327.jpg,6,6
dan_10,art_painting,art_painting/person/pic_328.jpg,6,6
dan_10,art_painting,art_painting/person/pic_334.jpg,6,6
dan_10,art_painting,art_painting/person/pic_346.jpg,6,6
dan_10,art_painting,art_painting/person/pic_350.jpg,6,6
dan_10,art_painting,art_painting/person/pic_358.jpg,6,6
dan_10,art_painting,art_painting/person/pic_380.jpg,6,6
dan_10,art_painting,art_painting/person/pic_382.jpg,6,6
dan_10,art_painting,art_painting/person/pic_387.jpg,6,6
dan_10,art_painting,art_painting/person/pic_394.jpg,6,6
dan_10,art_painting,art_painting/person/pic_396.jpg,6,6
dan_10,art_painting,art_painting/person/pic_400.jpg,6,6
dan_10,art_painting,art_painting/person/pic_405.jpg,6,6
dan_10,art_painting,art_painting/person/pic_423.jpg,6,6
dan_10,art_painting,art_painting/person/pic_429.jpg,6,6
dan_10,art_painting,art_painting/person/pic_433.jpg,6,6
dan_10,art_painting,art_painting/person/pic_435.jpg,6,6
dan_10,art_painting,art_painting/person/pic_438.jpg,6,6
dan_10,art_painting,art_painting/person/pic_458.jpg,6,6
dan_10,art_painting,art_painting/person/pic_464.jpg,6,6
dan_10,art_painting,art_painting/person/pic_479.jpg,6,6
dan_10,art_painting,art_painting/person/pic_487.jpg,6,6
dan_10,art_painting,art_painting/person/pic_496.jpg,6,6
dan_10,art_painting,art_painting/person/pic_518.jpg,6,6
dan_10,art_painting,art_painting/person/pic_520.jpg,6,6
dan_10,art_painting,art_painting/person/pic_525.jpg,6,6
dan_10,art_painting,art_painting/person/pic_531.jpg,6,6
dan_10,art_painting,art_painting/person/pic_542.jpg,6,6
dan_10,art_painting,art_painting/person/pic_543.jpg,6,6
dan_10,art_painting,art_painting/person/pic_545.jpg,6,6
dan_10,cartoon,cartoon/dog/pic_008.jpg,0,6
dan_10,cartoon,cartoon/dog/pic_009.jpg,0,6
dan_10,cartoon,cartoon/dog/pic_023.jpg,0,6
dan_10,cartoon,cartoon/dog/pic_028.jpg,0,6
dan_10,cartoon,cartoon/dog/pic_038.jpg,0,6
dan_10,cartoon,cartoon/dog/pic_060.jpg,0,6
dan_10,cartoon,cartoon/dog/pic_063.jpg,0,6
dan_10,cartoon,cartoon/dog/pic_069.jpg,0,6
dan_10,cartoon,cartoon/dog/pic_074.jpg,0,6
dan_10,cartoon,cartoon/dog/pic_076.jpg,0,6
dan_10,cartoon,cartoon/dog/pic_077.jpg,0,6
dan_10,cartoon,cartoon/dog/pic_078.jpg,0,6
dan_10,cartoon,cartoon/dog/pic_083.jpg,0,6
dan_10,cartoon,cartoon/dog/pic_085.jpg,0,6
dan_10,cartoon,cartoon/dog/pic_087.jpg,0,6
dan_10,cartoon,cartoon/dog/pic_088.jpg,0,6
dan_10,cartoon,cartoon/dog/pic_094.jpg,0,6
dan_10,cartoon,cartoon/dog/pic_095.jpg,0,6
dan_10,cartoon,cartoon/dog/pic_102.jpg,0,6
dan_10,cartoon,cartoon/dog/pic_103.jpg,0,6
dan_10,cartoon,cartoon/dog/pic_108.jpg,0,6
dan_10,cartoon,cartoon/dog/pic_125.jpg,0,6
dan_10,cartoon,cartoon/dog/pic_135.jpg,0,6
dan_10,cartoon,cartoon/dog/pic_136.jpg,0,6
dan_10,cartoon,cartoon/dog/pic_139.jpg,0,6
dan_10,cartoon,cartoon/dog/pic_140.jpg,0,6
dan_10,cartoon,cartoon/dog/pic_155.jpg,0,6
dan_10,cartoon,cartoon/dog/pic_160.jpg,0,6
dan_10,cartoon,cartoon/dog/pic_164.jpg,0,6
dan_10,cartoon,cartoon/dog/pic_171.jpg,0,6
dan_10,cartoon,cartoon/dog/pic_176.jpg,0,6
dan_10,cartoon,cartoon/dog/pic_178.jpg,0,6
dan_10,cartoon,cartoon/dog/pic_180.jpg,0,6
dan_10,cartoon,cartoon/dog/pic_190.jpg,0,6
dan_10,cartoon,cartoon/dog/pic_198.jpg,0,6
dan_10,cartoon,cartoon/dog/pic_210.jpg,0,6
dan_10,cartoon,cartoon/dog/pic_218.jpg,0,6
dan_10,cartoon,cartoon/dog/pic_229.jpg,0,6
dan_10,cartoon,cartoon/dog/pic_237.jpg,0,6
dan_10,cartoon,cartoon/dog/pic_262.jpg,0,6
dan_10,cartoon,cartoon/dog/pic_265.jpg,0,6
dan_10,cartoon,cartoon/dog/pic_274.jpg,0,6
dan_10,cartoon,cartoon/dog/pic_282.jpg,0,6
dan_10,cartoon,cartoon/dog/pic_284.jpg,0,6
dan_10,cartoon,cartoon/dog/pic_287.jpg,0,6
dan_10,cartoon,cartoon/dog/pic_292.jpg,0,6
dan_10,cartoon,cartoon/dog/pic_294.jpg,0,6
dan_10,cartoon,cartoon/dog/pic_305.jpg,0,6
dan_10,cartoon,cartoon/dog/pic_310.jpg,0,6
dan_10,cartoon,cartoon/dog/pic_313.jpg,0,6
dan_10,cartoon,cartoon/dog/pic_317.jpg,0,6
dan_10,cartoon,cartoon/dog/pic_319.jpg,0,6
dan_10,cartoon,cartoon/dog/pic_325.jpg,0,6
dan_10,cartoon,cartoon/dog/pic_327.jpg,0,6
dan_10,cartoon,cartoon/dog/pic_329.jpg,0,6
dan_10,cartoon,cartoon/dog/pic_330.jpg,0,6
dan_10,cartoon,cartoon/dog/pic_333.jpg,0,6
dan_10,cartoon,cartoon/dog/pic_334.jpg,0,6
dan_10,cartoon,cartoon/dog/pic_338.jpg,0,6
dan_10,cartoon,cartoon/dog/pic_339.jpg,0,6
dan_10,cartoon,cartoon/dog/pic_344.jpg,0,6
dan_10,cartoon,cartoon/dog/pic_346.jpg,0,6
dan_10,cartoon,cartoon/dog/pic_348.jpg,0,6
dan_10,cartoon,cartoon/dog/pic_354.jpg,0,6
dan_10,cartoon,cartoon/dog/pic_368.jpg,0,6
dan_10,cartoon,cartoon/dog/pic_369.jpg,0,6
dan_10,cartoon,cartoon/dog/pic_386.jpg,0,6
dan_10,cartoon,cartoon/dog/pic_393.jpg,0,6
dan_10,cartoon,cartoon/dog/pic_397.jpg,0,6
dan_10,cartoon,cartoon/dog/pic_398.jpg,0,6
dan_10,cartoon,cartoon/dog/pic_401.jpg,0,6
dan_10,cartoon,cartoon/dog/pic_419.jpg,0,6
dan_10,cartoon,cartoon/dog/pic_422.jpg,0,6
dan_10,cartoon,cartoon/dog/pic_425.jpg,0,6
dan_10,cartoon,cartoon/dog/pic_427.jpg,0,6
dan_10,cartoon,cartoon/dog/pic_430.jpg,0,6
dan_10,cartoon,cartoon/dog/pic_433.jpg,0,6
dan_10,cartoon,cartoon/dog/pic_440.jpg,0,6
dan_10,cartoon,cartoon/elephant/pic_010.jpg,1,6
dan_10,cartoon,cartoon/elephant/pic_013.jpg,1,6
dan_10,cartoon,cartoon/elephant/pic_021.jpg,1,6
dan_10,cartoon,cartoon/elephant/pic_022.jpg,1,6
dan_10,cartoon,cartoon/elephant/pic_030.jpg,1,6
dan_10,cartoon,cartoon/elephant/pic_032.jpg,1,6
dan_10,cartoon,cartoon/elephant/pic_037.jpg,1,6
dan_10,cartoon,cartoon/elephant/pic_047.jpg,1,6
dan_10,cartoon,cartoon/elephant/pic_049.jpg,1,6
dan_10,cartoon,cartoon/elephant/pic_054.jpg,1,6
dan_10,cartoon,cartoon/elephant/pic_061.jpg,1,6
dan_10,cartoon,cartoon/elephant/pic_062.jpg,1,6
dan_10,cartoon,cartoon/elephant/pic_087.jpg,1,6
dan_10,cartoon,cartoon/elephant/pic_088.jpg,1,6
dan_10,cartoon,cartoon/elephant/pic_091.jpg,1,6
dan_10,cartoon,cartoon/elephant/pic_094.jpg,1,6
dan_10,cartoon,cartoon/elephant/pic_105.jpg,1,6
dan_10,cartoon,cartoon/elephant/pic_107.jpg,1,6
dan_10,cartoon,cartoon/elephant/pic_109.jpg,1,6
dan_10,cartoon,cartoon/elephant/pic_113.jpg,1,6
dan_10,cartoon,cartoon/elephant/pic_114.jpg,1,6
dan_10,cartoon,cartoon/elephant/pic_124.jpg,1,6
dan_10,cartoon,cartoon/elephant/pic_129.jpg,1,6
dan_10,cartoon,cartoon/elephant/pic_130.jpg,1,6
dan_10,cartoon,cartoon/elephant/pic_135.jpg,1,6
dan_10,cartoon,cartoon/elephant/pic_136.jpg,1,6
dan_10,cartoon,cartoon/elephant/pic_141.jpg,1,6
dan_10,cartoon,cartoon/elephant/pic_147.jpg,1,6
dan_10,cartoon,cartoon/elephant/pic_154.jpg,1,6
dan_10,cartoon,cartoon/elephant/pic_155.jpg,1,6
dan_10,cartoon,cartoon/elephant/pic_173.jpg,1,6
dan_10,cartoon,cartoon/elephant/pic_180.jpg,1,6
dan_10,cartoon,cartoon/elephant/pic_184.jpg,1,6
dan_10,cartoon,cartoon/elephant/pic_187.jpg,1,6
dan_10,cartoon,cartoon/elephant/pic_192.jpg,1,6
dan_10,cartoon,cartoon/elephant/pic_205.jpg,1,6
dan_10,cartoon,cartoon/elephant/pic_208.jpg,1,6
dan_10,cartoon,cartoon/elephant/pic_214.jpg,1,6
dan_10,cartoon,cartoon/elephant/pic_216.jpg,1,6
dan_10,cartoon,cartoon/elephant/pic_228.jpg,1,6
dan_10,cartoon,cartoon/elephant/pic_242.jpg,1,6
dan_10,cartoon,cartoon/elephant/pic_244.jpg,1,6
dan_10,cartoon,cartoon/elephant/pic_246.jpg,1,6
dan_10,cartoon,cartoon/elephant/pic_251.jpg,1,6
dan_10,cartoon,cartoon/elephant/pic_254.jpg,1,6
dan_10,cartoon,cartoon/elephant/pic_257.jpg,1,6
dan_10,cartoon,cartoon/elephant/pic_258.jpg,1,6
dan_10,cartoon,cartoon/elephant/pic_262.jpg,1,6
dan_10,cartoon,cartoon/elephant/pic_276.jpg,1,6
dan_10,cartoon,cartoon/elephant/pic_280.jpg,1,6
dan_10,cartoon,cartoon/elephant/pic_296.jpg,1,6
dan_10,cartoon,cartoon/elephant/pic_302.jpg,1,6
dan_10,cartoon,cartoon/elephant/pic_306.jpg,1,6
dan_10,cartoon,cartoon/elephant/pic_307.jpg,1,6
dan_10,cartoon,cartoon/elephant/pic_316.jpg,1,6
dan_10,cartoon,cartoon/elephant/pic_319.jpg,1,6
dan_10,cartoon,cartoon/elephant/pic_320.jpg,1,6
dan_10,cartoon,cartoon/elephant/pic_327.jpg,1,6
dan_10,cartoon,cartoon/elephant/pic_334.jpg,1,6
dan_10,cartoon,cartoon/elephant/pic_336.jpg,1,6
dan_10,cartoon,cartoon/elephant/pic_337.jpg,1,6
dan_10,cartoon,cartoon/elephant/pic_345.jpg,1,6
dan_10,cartoon,cartoon/elephant/pic_346.jpg,1,6
dan_10,cartoon,cartoon/elephant/pic_350.jpg,1,6
dan_10,cartoon,cartoon/elephant/pic_354.jpg,1,6
dan_10,cartoon,cartoon/elephant/pic_362.jpg,1,6
dan_10,cartoon,cartoon/elephant/pic_364.jpg,1,6
dan_10,cartoon,cartoon/elephant/pic_374.jpg,1,6
dan_10,cartoon,cartoon/elephant/pic_378.jpg,1,6
dan_10,cartoon,cartoon/elephant/pic_381.jpg,1,6
dan_10,cartoon,cartoon/elephant/pic_382.jpg,1,6
dan_10,cartoon,cartoon/elephant/pic_387.jpg,1,6
dan_10,cartoon,cartoon/elephant/pic_389.jpg,1,6
dan_10,cartoon,cartoon/elephant/pic_393.jpg,1,6
dan_10,cartoon,cartoon/elephant/pic_396.jpg,1,6
dan_10,cartoon,cartoon/elephant/pic_400.jpg,1,6
dan_10,cartoon,cartoon/elephant/pic_402.jpg,1,6
dan_10,cartoon,cartoon/elephant/pic_405.jpg,1,6
dan_10,cartoon,cartoon/elephant/pic_416.jpg,1,6
dan_10,cartoon,cartoon/elephant/pic_425.jpg,1,6
dan_10,cartoon,cartoon/elephant/pic_432.jpg,1,6
dan_10,cartoon,cartoon/elephant/pic_435.jpg,1,6
dan_10,cartoon,cartoon/elephant/pic_444.jpg,1,6
dan_10,cartoon,cartoon/elephant/pic_446.jpg,1,6
dan_10,cartoon,cartoon/elephant/pic_449.jpg,1,6
dan_10,cartoon,cartoon/elephant/pic_450.jpg,1,6
dan_10,cartoon,cartoon/elephant/pic_471.jpg,1,6
dan_10,cartoon,cartoon/elephant/pic_477.jpg,1,6
dan_10,cartoon,cartoon/elephant/pic_479.jpg,1,6
dan_10,cartoon,cartoon/elephant/pic_496.jpg,1,6
dan_10,cartoon,cartoon/elephant/pic_501.jpg,1,6
dan_10,cartoon,cartoon/giraffe/pic_005.jpg,2,6
dan_10,cartoon,cartoon/giraffe/pic_009.jpg,2,6
dan_10,cartoon,cartoon/giraffe/pic_013.jpg,2,6
dan_10,cartoon,cartoon/giraffe/pic_017.jpg,2,6
dan_10,cartoon,cartoon/giraffe/pic_019.jpg,2,6
dan_10,cartoon,cartoon/giraffe/pic_020.jpg,2,6
dan_10,cartoon,cartoon/giraffe/pic_030.jpg,2,6
dan_10,cartoon,cartoon/giraffe/pic_037.jpg,2,6
dan_10,cartoon,cartoon/giraffe/pic_045.jpg,2,6
dan_10,cartoon,cartoon/giraffe/pic_061.jpg,2,6
dan_10,cartoon,cartoon/giraffe/pic_071.jpg,2,6
dan_10,cartoon,cartoon/giraffe/pic_082.jpg,2,6
dan_10,cartoon,cartoon/giraffe/pic_090.jpg,2,6
dan_10,cartoon,cartoon/giraffe/pic_098.jpg,2,6
dan_10,cartoon,cartoon/giraffe/pic_100.jpg,2,6
dan_10,cartoon,cartoon/giraffe/pic_105.jpg,2,6
dan_10,cartoon,cartoon/giraffe/pic_112.jpg,2,6
dan_10,cartoon,cartoon/giraffe/pic_113.jpg,2,6
dan_10,cartoon,cartoon/giraffe/pic_119.jpg,2,6
dan_10,cartoon,cartoon/giraffe/pic_125.jpg,2,6
dan_10,cartoon,cartoon/giraffe/pic_127.jpg,2,6
dan_10,cartoon,cartoon/giraffe/pic_136.jpg,2,6
dan_10,cartoon,cartoon/giraffe/pic_143.jpg,2,6
dan_10,cartoon,cartoon/giraffe/pic_148.jpg,2,6
dan_10,cartoon,cartoon/giraffe/pic_156.jpg,2,6
dan_10,cartoon,cartoon/giraffe/pic_160.jpg,2,6
dan_10,cartoon,cartoon/giraffe/pic_168.jpg,2,6
dan_10,cartoon,cartoon/giraffe/pic_173.jpg,2,6
dan_10,cartoon,cartoon/giraffe/pic_192.jpg,2,6
dan_10,cartoon,cartoon/giraffe/pic_195.jpg,2,6
dan_10,cartoon,cartoon/giraffe/pic_198.jpg,2,6
dan_10,cartoon,cartoon/giraffe/pic_199.jpg,2,6
dan_10,cartoon,cartoon/giraffe/pic_202.jpg,2,6
dan_10,cartoon,cartoon/giraffe/pic_209.jpg,2,6
dan_10,cartoon,cartoon/giraffe/pic_212.jpg,2,6
dan_10,cartoon,cartoon/giraffe/pic_216.jpg,2,6
dan_10,cartoon,cartoon/giraffe/pic_218.jpg,2,6
dan_10,cartoon,cartoon/giraffe/pic_219.jpg,2,6
dan_10,cartoon,cartoon/giraffe/pic_225.jpg,2,6
dan_10,cartoon,cartoon/giraffe/pic_226.jpg,2,6
dan_10,cartoon,cartoon/giraffe/pic_231.jpg,2,6
dan_10,cartoon,cartoon/giraffe/pic_244.jpg,2,6
dan_10,cartoon,cartoon/giraffe/pic_248.jpg,2,6
dan_10,cartoon,cartoon/giraffe/pic_253.jpg,2,6
dan_10,cartoon,cartoon/giraffe/pic_254.jpg,2,6
dan_10,cartoon,cartoon/giraffe/pic_260.jpg,2,6
dan_10,cartoon,cartoon/giraffe/pic_262.jpg,2,6
dan_10,cartoon,cartoon/giraffe/pic_267.jpg,2,6
dan_10,cartoon,cartoon/giraffe/pic_272.jpg,2,6
dan_10,cartoon,cartoon/giraffe/pic_273.jpg,2,6
dan_10,cartoon,cartoon/giraffe/pic_280.jpg,2,6
dan_10,cartoon,cartoon/giraffe/pic_297.jpg,2,6
dan_10,cartoon,cartoon/giraffe/pic_305.jpg,2,6
dan_10,cartoon,cartoon/giraffe/pic_317.jpg,2,6
dan_10,cartoon,cartoon/giraffe/pic_318.jpg,2,6
dan_10,cartoon,cartoon/giraffe/pic_320.jpg,2,6
dan_10,cartoon,cartoon/giraffe/pic_322.jpg,2,6
dan_10,cartoon,cartoon/giraffe/pic_339.jpg,2,6
dan_10,cartoon,cartoon/giraffe/pic_341.jpg,2,6
dan_10,cartoon,cartoon/giraffe/pic_349.jpg,2,6
dan_10,cartoon,cartoon/giraffe/pic_353.jpg,2,6
dan_10,cartoon,cartoon/giraffe/pic_356.jpg,2,6
dan_10,cartoon,cartoon/giraffe/pic_360.jpg,2,6
dan_10,cartoon,cartoon/giraffe/pic_365.jpg,2,6
dan_10,cartoon,cartoon/giraffe/pic_369.jpg,2,6
dan_10,cartoon,cartoon/giraffe/pic_373.jpg,2,6
dan_10,cartoon,cartoon/giraffe/pic_379.jpg,2,6
dan_10,cartoon,cartoon/giraffe/pic_383.jpg,2,6
dan_10,cartoon,cartoon/giraffe/pic_385.jpg,2,6
dan_10,cartoon,cartoon/guitar/pic_004.jpg,3,6
dan_10,cartoon,cartoon/guitar/pic_011.jpg,3,6
dan_10,cartoon,cartoon/guitar/pic_012.jpg,3,6
dan_10,cartoon,cartoon/guitar/pic_016.jpg,3,6
dan_10,cartoon,cartoon/guitar/pic_020.jpg,3,6
dan_10,cartoon,cartoon/guitar/pic_024.jpg,3,6
dan_10,cartoon,cartoon/guitar/pic_030.jpg,3,6
dan_10,cartoon,cartoon/guitar/pic_035.jpg,3,6
dan_10,cartoon,cartoon/guitar/pic_046.jpg,3,6
dan_10,cartoon,cartoon/guitar/pic_048.jpg,3,6
dan_10,cartoon,cartoon/guitar/pic_058.jpg,3,6
dan_10,cartoon,cartoon/guitar/pic_060.jpg,3,6
dan_10,cartoon,cartoon/guitar/pic_068.jpg,3,6
dan_10,cartoon,cartoon/guitar/pic_069.jpg,3,6
dan_10,cartoon,cartoon/guitar/pic_070.jpg,3,6
dan_10,cartoon,cartoon/guitar/pic_073.jpg,3,6
dan_10,cartoon,cartoon/guitar/pic_076.jpg,3,6
dan_10,cartoon,cartoon/guitar/pic_083.jpg,3,6
dan_10,cartoon,cartoon/guitar/pic_089.jpg,3,6
dan_10,cartoon,cartoon/guitar/pic_097.jpg,3,6
dan_10,cartoon,cartoon/guitar/pic_100.jpg,3,6
dan_10,cartoon,cartoon/guitar/pic_107.jpg,3,6
dan_10,cartoon,cartoon/guitar/pic_112.jpg,3,6
dan_10,cartoon,cartoon/guitar/pic_117.jpg,3,6
dan_10,cartoon,cartoon/guitar/pic_118.jpg,3,6
dan_10,cartoon,cartoon/guitar/pic_124.jpg,3,6
dan_10,cartoon,cartoon/guitar/pic_125.jpg,3,6
dan_10,cartoon,cartoon/horse/pic_004.jpg,4,6
dan_10,cartoon,cartoon/horse/pic_009.jpg,4,6
dan_10,cartoon,cartoon/horse/pic_011.jpg,4,6
dan_10,cartoon,cartoon/horse/pic_013.jpg,4,6
dan_10,cartoon,cartoon/horse/pic_021.jpg,4,6
dan_10,cartoon,cartoon/horse/pic_025.jpg,4,6
dan_10,cartoon,cartoon/horse/pic_026.jpg,4,6
dan_10,cartoon,cartoon/horse/pic_028.jpg,4,6
dan_10,cartoon,cartoon/horse/pic_032.jpg,4,6
dan_10,cartoon,cartoon/horse/pic_048.jpg,4,6
dan_10,cartoon,cartoon/horse/pic_049.jpg,4,6
dan_10,cartoon,cartoon/horse/pic_051.jpg,4,6
dan_10,cartoon,cartoon/horse/pic_053.jpg,4,6
dan_10,cartoon,cartoon/horse/pic_064.jpg,4,6
dan_10,cartoon,cartoon/horse/pic_070.jpg,4,6
dan_10,cartoon,cartoon/horse/pic_072.jpg,4,6
dan_10,cartoon,cartoon/horse/pic_079.jpg,4,6
dan_10,cartoon,cartoon/horse/pic_086.jpg,4,6
dan_10,cartoon,cartoon/horse/pic_092.jpg,4,6
dan_10,cartoon,cartoon/horse/pic_096.jpg,4,6
dan_10,cartoon,cartoon/horse/pic_106.jpg,4,6
dan_10,cartoon,cartoon/horse/pic_118.jpg,4,6
dan_10,cartoon,cartoon/horse/pic_121.jpg,4,6
dan_10,cartoon,cartoon/horse/pic_131.jpg,4,6
dan_10,cartoon,cartoon/horse/pic_132.jpg,4,6
dan_10,cartoon,cartoon/horse/pic_135.jpg,4,6
dan_10,cartoon,cartoon/horse/pic_139.jpg,4,6
dan_10,cartoon,cartoon/horse/pic_147.jpg,4,6
dan_10,cartoon,cartoon/horse/pic_157.jpg,4,6
dan_10,cartoon,cartoon/horse/pic_173.jpg,4,6
dan_10,cartoon,cartoon/horse/pic_186.jpg,4,6
dan_10,cartoon,cartoon/horse/pic_187.jpg,4,6
dan_10,cartoon,cartoon/horse/pic_188.jpg,4,6
dan_10,cartoon,cartoon/horse/pic_189.jpg,4,6
dan_10,cartoon,cartoon/horse/pic_196.jpg,4,6
dan_10,cartoon,cartoon/horse/pic_214.jpg,4,6
dan_10,cartoon,cartoon/horse/pic_219.jpg,4,6
dan_10,cartoon,cartoon/horse/pic_220.jpg,4,6
dan_10,cartoon,cartoon/horse/pic_221.jpg,4,6
dan_10,cartoon,cartoon/horse/pic_224.jpg,4,6
dan_10,cartoon,cartoon/horse/pic_233.jpg,4,6
dan_10,cartoon,cartoon/horse/pic_243.jpg,4,6
dan_10,cartoon,cartoon/horse/pic_257.jpg,4,6
dan_10,cartoon,cartoon/horse/pic_264.jpg,4,6
dan_10,cartoon,cartoon/horse/pic_267.jpg,4,6
dan_10,cartoon,cartoon/horse/pic_275.jpg,4,6
dan_10,cartoon,cartoon/horse/pic_288.jpg,4,6
dan_10,cartoon,cartoon/horse/pic_293.jpg,4,6
dan_10,cartoon,cartoon/horse/pic_297.jpg,4,6
dan_10,cartoon,cartoon/horse/pic_300.jpg,4,6
dan_10,cartoon,cartoon/horse/pic_303.jpg,4,6
dan_10,cartoon,cartoon/horse/pic_312.jpg,4,6
dan_10,cartoon,cartoon/horse/pic_322.jpg,4,6
dan_10,cartoon,cartoon/horse/pic_327.jpg,4,6
dan_10,cartoon,cartoon/horse/pic_332.jpg,4,6
dan_10,cartoon,cartoon/horse/pic_336.jpg,4,6
dan_10,cartoon,cartoon/horse/pic_340.jpg,4,6
dan_10,cartoon,cartoon/horse/pic_343.jpg,4,6
dan_10,cartoon,cartoon/horse/pic_345.jpg,4,6
dan_10,cartoon,cartoon/horse/pic_347.jpg,4,6
dan_10,cartoon,cartoon/horse/pic_352.jpg,4,6
dan_10,cartoon,cartoon/horse/pic_355.jpg,4,6
dan_10,cartoon,cartoon/horse/pic_357.jpg,4,6
dan_10,cartoon,cartoon/horse/pic_363.jpg,4,6
dan_10,cartoon,cartoon/horse/pic_364.jpg,4,6
dan_10,cartoon,cartoon/house/pic_007.jpg,5,6
dan_10,cartoon,cartoon/house/pic_011.jpg,5,6
dan_10,cartoon,cartoon/house/pic_012.jpg,5,6
dan_10,cartoon,cartoon/house/pic_014.jpg,5,6
dan_10,cartoon,cartoon/house/pic_017.jpg,5,6
dan_10,cartoon,cartoon/house/pic_023.jpg,5,6
dan_10,cartoon,cartoon/house/pic_025.jpg,5,6
dan_10,cartoon,cartoon/house/pic_026.jpg,5,6
dan_10,cartoon,cartoon/house/pic_038.jpg,5,6
dan_10,cartoon,cartoon/house/pic_039.jpg,5,6
dan_10,cartoon,cartoon/house/pic_048.jpg,5,6
dan_10,cartoon,cartoon/house/pic_064.jpg,5,6
dan_10,cartoon,cartoon/house/pic_074.jpg,5,6
dan_10,cartoon,cartoon/house/pic_080.jpg,5,6
dan_10,cartoon,cartoon/house/pic_093.jpg,5,6
dan_10,cartoon,cartoon/house/pic_098.jpg,5,6
dan_10,cartoon,cartoon/house/pic_102.jpg,5,6
dan_10,cartoon,cartoon/house/pic_103.jpg,5,6
dan_10,cartoon,cartoon/house/pic_108.jpg,5,6
dan_10,cartoon,cartoon/house/pic_119.jpg,5,6
dan_10,cartoon,cartoon/house/pic_121.jpg,5,6
dan_10,cartoon,cartoon/house/pic_140.jpg,5,6
dan_10,cartoon,cartoon/house/pic_145.jpg,5,6
dan_10,cartoon,cartoon/house/pic_147.jpg,5,6
dan_10,cartoon,cartoon/house/pic_153.jpg,5,6
dan_10,cartoon,cartoon/house/pic_160.jpg,5,6
dan_10,cartoon,cartoon/house/pic_165.jpg,5,6
dan_10,cartoon,cartoon/house/pic_167.jpg,5,6
dan_10,cartoon,cartoon/house/pic_182.jpg,5,6
dan_10,cartoon,cartoon/house/pic_191.jpg,5,6
dan_10,cartoon,cartoon/house/pic_198.jpg,5,6
dan_10,cartoon,cartoon/house/pic_201.jpg,5,6
dan_10,cartoon,cartoon/house/pic_211.jpg,5,6
dan_10,cartoon,cartoon/house/pic_212.jpg,5,6
dan_10,cartoon,cartoon/house/pic_216.jpg,5,6
dan_10,cartoon,cartoon/house/pic_217.jpg,5,6
dan_10,cartoon,cartoon/house/pic_223.jpg,5,6
dan_10,cartoon,cartoon/house/pic_228.jpg,5,6
dan_10,cartoon,cartoon/house/pic_252.jpg,5,6
dan_10,cartoon,cartoon/house/pic_256.jpg,5,6
dan_10,cartoon,cartoon/house/pic_257.jpg,5,6
dan_10,cartoon,cartoon/house/pic_265.jpg,5,6
dan_10,cartoon,cartoon/house/pic_277.jpg,5,6
dan_10,cartoon,cartoon/house/pic_278.jpg,5,6
dan_10,cartoon,cartoon/house/pic_282.jpg,5,6
dan_10,cartoon,cartoon/house/pic_286.jpg,5,6
dan_10,cartoon,cartoon/house/pic_299.jpg,5,6
dan_10,cartoon,cartoon/house/pic_308.jpg,5,6
dan_10,cartoon,cartoon/house/pic_310.jpg,5,6
dan_10,cartoon,cartoon/house/pic_311.jpg,5,6
dan_10,cartoon,cartoon/house/pic_314.jpg,5,6
dan_10,cartoon,cartoon/house/pic_317.jpg,5,6
dan_10,cartoon,cartoon/house/pic_321.jpg,5,6
dan_10,cartoon,cartoon/house/pic_340.jpg,5,6
dan_10,cartoon,cartoon/house/pic_343.jpg,5,6
dan_10,cartoon,cartoon/house/pic_347.jpg,5,6
dan_10,cartoon,cartoon/house/pic_354.jpg,5,6
dan_10,cartoon,cartoon/house/pic_355.jpg,5,6
dan_10,cartoon,cartoon/person/pic_008.jpg,6,6
dan_10,cartoon,cartoon/person/pic_020.jpg,6,6
dan_10,cartoon,cartoon/person/pic_025.jpg,6,6
dan_10,cartoon,cartoon/person/pic_031.jpg,6,6
dan_10,cartoon,cartoon/person/pic_035.jpg,6,6
dan_10,cartoon,cartoon/person/pic_036.jpg,6,6
dan_10,cartoon,cartoon/person/pic_037.jpg,6,6
dan_10,cartoon,cartoon/person/pic_039.jpg,6,6
dan_10,cartoon,cartoon/person/pic_044.jpg,6,6
dan_10,cartoon,cartoon/person/pic_052.jpg,6,6
dan_10,cartoon,cartoon/person/pic_055.jpg,6,6
dan_10,cartoon,cartoon/person/pic_061.jpg,6,6
dan_10,cartoon,cartoon/person/pic_067.jpg,6,6
dan_10,cartoon,cartoon/person/pic_070.jpg,6,6
dan_10,cartoon,cartoon/person/pic_078.jpg,6,6
dan_10,cartoon,cartoon/person/pic_079.jpg,6,6
dan_10,cartoon,cartoon/person/pic_093.jpg,6,6
dan_10,cartoon,cartoon/person/pic_094.jpg,6,6
dan_10,cartoon,cartoon/person/pic_095.jpg,6,6
dan_10,cartoon,cartoon/person/pic_105.jpg,6,6
dan_10,cartoon,cartoon/person/pic_111.jpg,6,6
dan_10,cartoon,cartoon/person/pic_113.jpg,6,6
dan_10,cartoon,cartoon/person/pic_119.jpg,6,6
dan_10,cartoon,cartoon/person/pic_125.jpg,6,6
dan_10,cartoon,cartoon/person/pic_126.jpg,6,6
dan_10,cartoon,cartoon/person/pic_129.jpg,6,6
dan_10,cartoon,cartoon/person/pic_131.jpg,6,6
dan_10,cartoon,cartoon/person/pic_141.jpg,6,6
dan_10,cartoon,cartoon/person/pic_146.jpg,6,6
dan_10,cartoon,cartoon/person/pic_151.jpg,6,6
dan_10,cartoon,cartoon/person/pic_159.jpg,6,6
dan_10,cartoon,cartoon/person/pic_167.jpg,6,6
dan_10,cartoon,cartoon/person/pic_169.jpg,6,6
dan_10,cartoon,cartoon/person/pic_170.jpg,6,6
dan_10,cartoon,cartoon/person/pic_190.jpg,6,6
dan_10,cartoon,cartoon/person/pic_193.jpg,6,6
dan_10,cartoon,cartoon/person/pic_197.jpg,6,6
dan_10,cartoon,cartoon/person/pic_203.jpg,6,6
dan_10,cartoon,cartoon/person/pic_209.jpg,6,6
dan_10,cartoon,cartoon/person/pic_210.jpg,6,6
dan_10,cartoon,cartoon/person/pic_215.jpg,6,6
dan_10,cartoon,cartoon/person/pic_216.jpg,6,6
dan_10,cartoon,cartoon/person/pic_218.jpg,6,6
dan_10,cartoon,cartoon/person/pic_224.jpg,6,6
dan_10,cartoon,cartoon/person/pic_225.jpg,6,6
dan_10,cartoon,cartoon/person/pic_226.jpg,6,6
dan_10,cartoon,cartoon/person/pic_227.jpg,6,6
dan_10,cartoon,cartoon/person/pic_236.jpg,6,6
dan_10,cartoon,cartoon/person/pic_248.jpg,6,6
dan_10,cartoon,cartoon/person/pic_253.jpg,6,6
dan_10,cartoon,cartoon/person/pic_257.jpg,6,6
dan_10,cartoon,cartoon/person/pic_259.jpg,6,6
dan_10,cartoon,cartoon/person/pic_261.jpg,6,6
dan_10,cartoon,cartoon/person/pic_265.jpg,6,6
dan_10,cartoon,cartoon/person/pic_268.jpg,6,6
dan_10,cartoon,cartoon/person/pic_285.jpg,6,6
dan_10,cartoon,cartoon/person/pic_302.jpg,6,6
dan_10,cartoon,cartoon/person/pic_313.jpg,6,6
dan_10,cartoon,cartoon/person/pic_314.jpg,6,6
dan_10,cartoon,cartoon/person/pic_316.jpg,6,6
dan_10,cartoon,cartoon/person/pic_319.jpg,6,6
dan_10,cartoon,cartoon/person/pic_320.jpg,6,6
dan_10,cartoon,cartoon/person/pic_323.jpg,6,6
dan_10,cartoon,cartoon/person/pic_333.jpg,6,6
dan_10,cartoon,cartoon/person/pic_349.jpg,6,6
dan_10,cartoon,cartoon/person/pic_368.jpg,6,6
dan_10,cartoon,cartoon/person/pic_372.jpg,6,6
dan_10,cartoon,cartoon/person/pic_377.jpg,6,6
dan_10,cartoon,cartoon/person/pic_385.jpg,6,6
dan_10,cartoon,cartoon/person/pic_387.jpg,6,6
dan_10,cartoon,cartoon/person/pic_389.jpg,6,6
dan_10,cartoon,cartoon/person/pic_392.jpg,6,6
dan_10,cartoon,cartoon/person/pic_409.jpg,6,6
dan_10,cartoon,cartoon/person/pic_415.jpg,6,6
dan_10,cartoon,cartoon/person/pic_418.jpg,6,6
dan_10,cartoon,cartoon/person/pic_424.jpg,6,6
dan_10,cartoon,cartoon/person/pic_425.jpg,6,6
dan_10,cartoon,cartoon/person/pic_434.jpg,6,6
dan_10,cartoon,cartoon/person/pic_438.jpg,6,6
dan_10,cartoon,cartoon/person/pic_449.jpg,6,6
dan_10,cartoon,cartoon/person/pic_452.jpg,6,6
dann,photo,photo/dog/056_0009.jpg,0,6
dann,photo,photo/dog/056_0010.jpg,0,5
dann,photo,photo/dog/056_0029.jpg,0,0
dann,photo,photo/dog/056_0030.jpg,0,0
dann,photo,photo/dog/056_0042.jpg,0,6
dann,photo,photo/dog/056_0043.jpg,0,1
dann,photo,photo/dog/056_0048.jpg,0,2
dann,photo,photo/dog/056_0050.jpg,0,0
dann,photo,photo/dog/056_0052.jpg,0,6
dann,photo,photo/dog/056_0058.jpg,0,6
dann,photo,photo/dog/056_0062.jpg,0,6
dann,photo,photo/dog/056_0068.jpg,0,6
dann,photo,photo/dog/056_0071.jpg,0,2
dann,photo,photo/dog/056_0073.jpg,0,6
dann,photo,photo/dog/056_0075.jpg,0,2
dann,photo,photo/dog/056_0080.jpg,0,0
dann,photo,photo/dog/056_0082.jpg,0,0
dann,photo,photo/dog/056_0084.jpg,0,2
dann,photo,photo/dog/056_0090.jpg,0,2
dann,photo,photo/dog/056_0095.jpg,0,0
dann,photo,photo/dog/n02103406_1599.jpg,0,5
dann,photo,photo/dog/n02103406_2954.jpg,0,6
dann,photo,photo/dog/n02103406_3132.jpg,0,2
dann,photo,photo/dog/n02103406_3538.jpg,0,6
dann,photo,photo/dog/n02103406_371.jpg,0,6
dann,photo,photo/dog/n02103406_3964.jpg,0,4
dann,photo,photo/dog/n02103406_4916.jpg,0,6
dann,photo,photo/dog/n02103406_5035.jpg,0,6
dann,photo,photo/dog/n02103406_5456.jpg,0,6
dann,photo,photo/dog/n02103406_5505.jpg,0,6
dann,photo,photo/dog/n02103406_6530.jpg,0,6
dann,photo,photo/dog/n02103406_8280.jpg,0,0
dann,photo,photo/dog/n02106662_11133.jpg,0,6
dann,photo,photo/dog/n02106662_1922.jpg,0,6
dann,photo,photo/dog/n02106662_25917.jpg,0,6
dann,photo,photo/dog/n02106662_27393.jpg,0,5
dann,photo,photo/dog/n02106662_7885.jpg,0,6
dann,photo,photo/dog/n02109525_12875.jpg,0,6
dann,photo,photo/elephant/064_0004.jpg,1,6
dann,photo,photo/elephant/064_0008.jpg,1,6
dann,photo,photo/elephant/064_0011.jpg,1,5
dann,photo,photo/elephant/064_0012.jpg,1,5
dann,photo,photo/elephant/064_0016.jpg,1,5
dann,photo,photo/elephant/064_0024.jpg,1,0
dann,photo,photo/elephant/064_0039.jpg,1,5
dann,photo,photo/elephant/064_0044.jpg,1,5
dann,photo,photo/elephant/064_0045.jpg,1,0
dann,photo,photo/elephant/064_0062.jpg,1,1
dann,photo,photo/elephant/064_0067.jpg,1,5
dann,photo,photo/elephant/064_0070.jpg,1,5
dann,photo,photo/elephant/064_0072.jpg,1,6
dann,photo,photo/elephant/064_0074.jpg,1,1
dann,photo,photo/elephant/064_0097.jpg,1,6
dann,photo,photo/elephant/064_0111.jpg,1,5
dann,photo,photo/elephant/064_0114.jpg,1,6
dann,photo,photo/elephant/064_0115.jpg,1,1
dann,photo,photo/elephant/064_0120.jpg,1,5
dann,photo,photo/elephant/064_0125.jpg,1,0
dann,photo,photo/elephant/064_0127.jpg,1,5
dann,photo,photo/elephant/064_0130.jpg,1,5
dann,photo,photo/elephant/n02503517_10193.jpg,1,5
dann,photo,photo/elephant/n02503517_1453.jpg,1,6
dann,photo,photo/elephant/n02503517_184.jpg,1,1
dann,photo,photo/elephant/n02503517_3803.jpg,1,6
dann,photo,photo/elephant/n02503517_4247.jpg,1,6
dann,photo,photo/elephant/n02503517_4605.jpg,1,1
dann,photo,photo/elephant/n02503517_5287.jpg,1,5
dann,photo,photo/elephant/n02503517_5418.jpg,1,6
dann,photo,photo/elephant/n02503517_5527.jpg,1,6
dann,photo,photo/elephant/n02503517_564.jpg,1,0
dann,photo,photo/elephant/n02503517_6032.jpg,1,5
dann,photo,photo/elephant/n02503517_6479.jpg,1,5
dann,photo,photo/elephant/n02503517_6880.jpg,1,6
dann,photo,photo/elephant/n02503517_7020.jpg,1,5
dann,photo,photo/elephant/n02503517_753.jpg,1,6
dann,photo,photo/elephant/n02503517_8571.jpg,1,5
dann,photo,photo/elephant/n02503517_8901.jpg,1,5
dann,photo,photo/elephant/n02503517_8904.jpg,1,5
dann,photo,photo/elephant/n02503517_9827.jpg,1,1
dann,photo,photo/giraffe/084_0011.jpg,2,0
dann,photo,photo/giraffe/084_0012.jpg,2,6
dann,photo,photo/giraffe/084_0020.jpg,2,5
dann,photo,photo/giraffe/084_0028.jpg,2,2
dann,photo,photo/giraffe/084_0029.jpg,2,5
dann,photo,photo/giraffe/084_0042.jpg,2,5
dann,photo,photo/giraffe/084_0045.jpg,2,6
dann,photo,photo/giraffe/084_0047.jpg,2,5
dann,photo,photo/giraffe/084_0059.jpg,2,5
dann,photo,photo/giraffe/084_0060.jpg,2,6
dann,photo,photo/giraffe/084_0074.jpg,2,5
dann,photo,photo/giraffe/084_0077.jpg,2,5
dann,photo,photo/giraffe/n02439033_10130.jpg,2,0
dann,photo,photo/giraffe/n02439033_10164.jpg,2,0
dann,photo,photo/giraffe/n02439033_10453.jpg,2,0
dann,photo,photo/giraffe/n02439033_10919.jpg,2,5
dann,photo,photo/giraffe/n02439033_11059.jpg,2,5
dann,photo,photo/giraffe/n02439033_11114.jpg,2,0
dann,photo,photo/giraffe/n02439033_11486.jpg,2,6
dann,photo,photo/giraffe/n02439033_11504.jpg,2,0
dann,photo,photo/giraffe/n02439033_11627.jpg,2,2
dann,photo,photo/giraffe/n02439033_11683.jpg,2,2
dann,photo,photo/giraffe/n02439033_11715.jpg,2,6
dann,photo,photo/giraffe/n02439033_12413.jpg,2,2
dann,photo,photo/giraffe/n02439033_12680.jpg,2,6
dann,photo,photo/giraffe/n02439033_12987.jpg,2,0
dann,photo,photo/giraffe/n02439033_13602.jpg,2,6
dann,photo,photo/giraffe/n02439033_14148.jpg,2,0
dann,photo,photo/giraffe/n02439033_14846.jpg,2,6
dann,photo,photo/giraffe/n02439033_14872.jpg,2,0
dann,photo,photo/giraffe/n02439033_1508.jpg,2,0
dann,photo,photo/giraffe/n02439033_15479.jpg,2,0
dann,photo,photo/giraffe/n02439033_16483.jpg,2,5
dann,photo,photo/giraffe/n02439033_5652.jpg,2,0
dann,photo,photo/giraffe/n02439033_9472.jpg,2,5
dann,photo,photo/giraffe/n02439033_991.jpg,2,0
dann,photo,photo/guitar/063_0001.jpg,3,5
dann,photo,photo/guitar/063_0009.jpg,3,6
dann,photo,photo/guitar/063_0010.jpg,3,6
dann,photo,photo/guitar/063_0022.jpg,3,2
dann,photo,photo/guitar/063_0024.jpg,3,5
dann,photo,photo/guitar/063_0035.jpg,3,0
dann,photo,photo/guitar/063_0038.jpg,3,5
dann,photo,photo/guitar/063_0041.jpg,3,6
dann,photo,photo/guitar/063_0046.jpg,3,5
dann,photo,photo/guitar/063_0048.jpg,3,6
dann,photo,photo/guitar/063_0050.jpg,3,6
dann,photo,photo/guitar/063_0052.jpg,3,0
dann,photo,photo/guitar/063_0053.jpg,3,5
dann,photo,photo/guitar/063_0067.jpg,3,0
dann,photo,photo/guitar/063_0074.jpg,3,4
dann,photo,photo/guitar/063_0079.jpg,3,5
dann,photo,photo/guitar/063_0084.jpg,3,1
dann,photo,photo/guitar/063_0087.jpg,3,6
dann,photo,photo/guitar/063_0089.jpg,3,5
dann,photo,photo/guitar/063_0090.jpg,3,6
dann,photo,photo/guitar/063_0093.jpg,3,4
dann,photo,photo/guitar/063_0095.jpg,3,5
dann,photo,photo/guitar/063_0107.jpg,3,0
dann,photo,photo/guitar/063_0108.jpg,3,4
dann,photo,photo/guitar/n02676566_4189.jpg,3,6
dann,photo,photo/guitar/n02676566_6704.jpg,3,0
dann,photo,photo/guitar/n02676566_7830.jpg,3,3
dann,photo,photo/guitar/n02676566_7844.jpg,3,6
dann,photo,photo/guitar/n02676566_8997.jpg,3,6
dann,photo,photo/guitar/n03272010_10795.jpg,3,1
dann,photo,photo/guitar/n03272010_6820.jpg,3,1
dann,photo,photo/guitar/n03272010_7092.jpg,3,1
dann,photo,photo/guitar/n03272010_7390.jpg,3,6
dann,photo,photo/guitar/n03272010_9557.jpg,3,6
dann,photo,photo/guitar/n03467517_12925.jpg,3,0
dann,photo,photo/guitar/n03467517_22785.jpg,3,1
dann,photo,photo/guitar/n03467517_23229.jpg,3,6
dann,photo,photo/horse/105_0007.jpg,4,1
dann,photo,photo/horse/105_0008.jpg,4,6
dann,photo,photo/horse/105_0030.jpg,4,0
dann,photo,photo/horse/105_0048.jpg,4,6
dann,photo,photo/horse/105_0059.jpg,4,5
dann,photo,photo/horse/105_0066.jpg,4,1
dann,photo,photo/horse/105_0067.jpg,4,5
dann,photo,photo/horse/105_0076.jpg,4,2
dann,photo,photo/horse/105_0103.jpg,4,5
dann,photo,photo/horse/105_0106.jpg,4,6
dann,photo,photo/horse/105_0115.jpg,4,0
dann,photo,photo/horse/105_0134.jpg,4,5
dann,photo,photo/horse/105_0199.jpg,4,6
dann,photo,photo/horse/105_0206.jpg,4,5
dann,photo,photo/horse/105_0207.jpg,4,0
dann,photo,photo/horse/105_0215.jpg,4,5
dann,photo,photo/horse/105_0260.jpg,4,0
dann,photo,photo/horse/105_0266.jpg,4,5
dann,photo,photo/horse/n02374451_10098.jpg,4,5
dann,photo,photo/horse/n02374451_10669.jpg,4,5
dann,photo,photo/horse/n02374451_10761.jpg,4,0
dann,photo,photo/horse/n02374451_11492.jpg,4,5
dann,photo,photo/horse/n02374451_1234.jpg,4,1
dann,photo,photo/horse/n02374451_13718.jpg,4,5
dann,photo,photo/horse/n02374451_14119.jpg,4,5
dann,photo,photo/horse/n02374451_1443.jpg,4,0
dann,photo,photo/horse/n02374451_14738.jpg,4,6
dann,photo,photo/horse/n02374451_16358.jpg,4,6
dann,photo,photo/horse/n02374451_17474.jpg,4,0
dann,photo,photo/horse/n02374451_18570.jpg,4,6
dann,photo,photo/horse/n02374451_2248.jpg,4,6
dann,photo,photo/horse/n02374451_4795.jpg,4,5
dann,photo,photo/horse/n02374451_503.jpg,4,6
dann,photo,photo/horse/n02374451_54.jpg,4,6
dann,photo,photo/horse/n02374451_7631.jpg,4,5
dann,photo,photo/horse/n02374451_8526.jpg,4,5
dann,photo,photo/horse/n02374451_8744.jpg,4,6
dann,photo,photo/horse/n02374451_9064.jpg,4,5
dann,photo,photo/horse/n02374451_925.jpg,4,5
dann,photo,photo/horse/n02374451_9892.jpg,4,6
dann,photo,photo/house/pic_004.jpg,5,5
dann,photo,photo/house/pic_005.jpg,5,5
dann,photo,photo/house/pic_013.jpg,5,5
dann,photo,photo/house/pic_015.jpg,5,5
dann,photo,photo/house/pic_017.jpg,5,5
dann,photo,photo/house/pic_028.jpg,5,5
dann,photo,photo/house/pic_034.jpg,5,5
dann,photo,photo/house/pic_038.jpg,5,5
dann,photo,photo/house/pic_046.jpg,5,5
dann,photo,photo/house/pic_049.jpg,5,5
dann,photo,photo/house/pic_050.jpg,5,5
dann,photo,photo/house/pic_054.jpg,5,5
dann,photo,photo/house/pic_058.jpg,5,5
dann,photo,photo/house/pic_060.jpg,5,5
dann,photo,photo/house/pic_067.jpg,5,5
dann,photo,photo/house/pic_069.jpg,5,5
dann,photo,photo/house/pic_073.jpg,5,5
dann,photo,photo/house/pic_077.jpg,5,5
dann,photo,photo/house/pic_080.jpg,5,5
dann,photo,photo/house/pic_090.jpg,5,6
dann,photo,photo/house/pic_092.jpg,5,5
dann,photo,photo/house/pic_094.jpg,5,5
dann,photo,photo/house/pic_097.jpg,5,5
dann,photo,photo/house/pic_104.jpg,5,5
dann,photo,photo/house/pic_106.jpg,5,5
dann,photo,photo/house/pic_111.jpg,5,5
dann,photo,photo/house/pic_112.jpg,5,5
dann,photo,photo/house/pic_113.jpg,5,5
dann,photo,photo/house/pic_117.jpg,5,5
dann,photo,photo/house/pic_130.jpg,5,5
dann,photo,photo/house/pic_144.jpg,5,5
dann,photo,photo/house/pic_145.jpg,5,5
dann,photo,photo/house/pic_146.jpg,5,5
dann,photo,photo/house/pic_160.jpg,5,5
dann,photo,photo/house/pic_161.jpg,5,5
dann,photo,photo/house/pic_165.jpg,5,5
dann,photo,photo/house/pic_172.jpg,5,5
dann,photo,photo/house/pic_173.jpg,5,5
dann,photo,photo/house/pic_175.jpg,5,5
dann,photo,photo/house/pic_184.jpg,5,6
dann,photo,photo/house/pic_188.jpg,5,5
dann,photo,photo/house/pic_195.jpg,5,6
dann,photo,photo/house/pic_206.jpg,5,5
dann,photo,photo/house/pic_224.jpg,5,5
dann,photo,photo/house/pic_225.jpg,5,5
dann,photo,photo/house/pic_229.jpg,5,5
dann,photo,photo/house/pic_234.jpg,5,6
dann,photo,photo/house/pic_235.jpg,5,5
dann,photo,photo/house/pic_250.jpg,5,5
dann,photo,photo/house/pic_259.jpg,5,5
dann,photo,photo/house/pic_260.jpg,5,5
dann,photo,photo/house/pic_278.jpg,5,5
dann,photo,photo/house/pic_279.jpg,5,5
dann,photo,photo/house/pic_280.jpg,5,6
dann,photo,photo/house/pic_281.jpg,5,5
dann,photo,photo/house/pic_284.jpg,5,5
dann,photo,photo/person/253_0006.jpg,6,6
dann,photo,photo/person/253_0014.jpg,6,1
dann,photo,photo/person/253_0015.jpg,6,1
dann,photo,photo/person/253_0017.jpg,6,6
dann,photo,photo/person/253_0021.jpg,6,6
dann,photo,photo/person/253_0024.jpg,6,6
dann,photo,photo/person/253_0033.jpg,6,6
dann,photo,photo/person/253_0034.jpg,6,6
dann,photo,photo/person/253_0045.jpg,6,6
dann,photo,photo/person/253_0049.jpg,6,6
dann,photo,photo/person/253_0050.jpg,6,6
dann,photo,photo/person/253_0055.jpg,6,6
dann,photo,photo/person/253_0058.jpg,6,6
dann,photo,photo/person/253_0063.jpg,6,6
dann,photo,photo/person/253_0074.jpg,6,6
dann,photo,photo/person/253_0075.jpg,6,0
dann,photo,photo/person/253_0082.jpg,6,6
dann,photo,photo/person/253_0084.jpg,6,6
dann,photo,photo/person/253_0095.jpg,6,6
dann,photo,photo/person/253_0097.jpg,6,6
dann,photo,photo/person/253_0102.jpg,6,6
dann,photo,photo/person/253_0104.jpg,6,6
dann,photo,photo/person/253_0105.jpg,6,0
dann,photo,photo/person/253_0106.jpg,6,6
dann,photo,photo/person/253_0123.jpg,6,6
dann,photo,photo/person/253_0128.jpg,6,6
dann,photo,photo/person/253_0130.jpg,6,6
dann,photo,photo/person/253_0131.jpg,6,6
dann,photo,photo/person/253_0139.jpg,6,6
dann,photo,photo/person/253_0141.jpg,6,6
dann,photo,photo/person/253_0145.jpg,6,6
dann,photo,photo/person/253_0146.jpg,6,6
dann,photo,photo/person/253_0147.jpg,6,6
dann,photo,photo/person/253_0153.jpg,6,6
dann,photo,photo/person/253_0166.jpg,6,6
dann,photo,photo/person/253_0168.jpg,6,6
dann,photo,photo/person/253_0170.jpg,6,6
dann,photo,photo/person/253_0174.jpg,6,6
dann,photo,photo/person/253_0176.jpg,6,6
dann,photo,photo/person/253_0187.jpg,6,6
dann,photo,photo/person/253_0193.jpg,6,6
dann,photo,photo/person/253_0195.jpg,6,6
dann,photo,photo/person/253_0196.jpg,6,6
dann,photo,photo/person/253_0211.jpg,6,6
dann,photo,photo/person/253_0221.jpg,6,6
dann,photo,photo/person/253_0232.jpg,6,6
dann,photo,photo/person/253_0242.jpg,6,6
dann,photo,photo/person/253_0246.jpg,6,6
dann,photo,photo/person/253_0247.jpg,6,6
dann,photo,photo/person/253_0248.jpg,6,0
dann,photo,photo/person/253_0253.jpg,6,6
dann,photo,photo/person/253_0256.jpg,6,6
dann,photo,photo/person/253_0266.jpg,6,6
dann,photo,photo/person/253_0267.jpg,6,6
dann,photo,photo/person/253_0273.jpg,6,6
dann,photo,photo/person/253_0277.jpg,6,6
dann,photo,photo/person/253_0278.jpg,6,6
dann,photo,photo/person/253_0281.jpg,6,6
dann,photo,photo/person/253_0287.jpg,6,5
dann,photo,photo/person/253_0290.jpg,6,6
dann,photo,photo/person/253_0294.jpg,6,6
dann,photo,photo/person/253_0296.jpg,6,1
dann,photo,photo/person/253_0299.jpg,6,6
dann,photo,photo/person/253_0300.jpg,6,6
dann,photo,photo/person/253_0301.jpg,6,1
dann,photo,photo/person/253_0310.jpg,6,5
dann,photo,photo/person/253_0311.jpg,6,6
dann,photo,photo/person/253_0323.jpg,6,5
dann,photo,photo/person/253_0324.jpg,6,6
dann,photo,photo/person/253_0327.jpg,6,6
dann,photo,photo/person/253_0338.jpg,6,6
dann,photo,photo/person/253_0348.jpg,6,6
dann,photo,photo/person/253_0354.jpg,6,6
dann,photo,photo/person/253_0359.jpg,6,6
dann,photo,photo/person/253_0361.jpg,6,6
dann,photo,photo/person/253_0374.jpg,6,6
dann,photo,photo/person/253_0382.jpg,6,6
dann,photo,photo/person/253_0386.jpg,6,6
dann,photo,photo/person/253_0387.jpg,6,6
dann,photo,photo/person/253_0395.jpg,6,6
dann,photo,photo/person/253_0405.jpg,6,6
dann,photo,photo/person/253_0417.jpg,6,6
dann,photo,photo/person/253_0422.jpg,6,6
dann,photo,photo/person/253_0423.jpg,6,6
dann,photo,photo/person/253_0429.jpg,6,6
dann,photo,photo/person/253_0434.jpg,6,6
dann,art_painting,art_painting/dog/pic_007.jpg,0,5
dann,art_painting,art_painting/dog/pic_008.jpg,0,0
dann,art_painting,art_painting/dog/pic_021.jpg,0,0
dann,art_painting,art_painting/dog/pic_026.jpg,0,6
dann,art_painting,art_painting/dog/pic_036.jpg,0,2
dann,art_painting,art_painting/dog/pic_055.jpg,0,0
dann,art_painting,art_painting/dog/pic_058.jpg,0,0
dann,art_painting,art_painting/dog/pic_064.jpg,0,5
dann,art_painting,art_painting/dog/pic_070.jpg,0,6
dann,art_painting,art_painting/dog/pic_072.jpg,0,6
dann,art_painting,art_painting/dog/pic_073.jpg,0,0
dann,art_painting,art_painting/dog/pic_074.jpg,0,2
dann,art_painting,art_painting/dog/pic_079.jpg,0,0
dann,art_painting,art_painting/dog/pic_081.jpg,0,0
dann,art_painting,art_painting/dog/pic_083.jpg,0,6
dann,art_painting,art_painting/dog/pic_084.jpg,0,2
dann,art_painting,art_painting/dog/pic_090.jpg,0,0
dann,art_painting,art_painting/dog/pic_091.jpg,0,0
dann,art_painting,art_painting/dog/pic_099.jpg,0,0
dann,art_painting,art_painting/dog/pic_100.jpg,0,0
dann,art_painting,art_painting/dog/pic_105.jpg,0,0
dann,art_painting,art_painting/dog/pic_123.jpg,0,6
dann,art_painting,art_painting/dog/pic_133.jpg,0,0
dann,art_painting,art_painting/dog/pic_134.jpg,0,0
dann,art_painting,art_painting/dog/pic_137.jpg,0,0
dann,art_painting,art_painting/dog/pic_138.jpg,0,6
dann,art_painting,art_painting/dog/pic_152.jpg,0,0
dann,art_painting,art_painting/dog/pic_154.jpg,0,5
dann,art_painting,art_painting/dog/pic_157.jpg,0,6
dann,art_painting,art_painting/dog/pic_167.jpg,0,0
dann,art_painting,art_painting/dog/pic_172.jpg,0,0
dann,art_painting,art_painting/dog/pic_174.jpg,0,6
dann,art_painting,art_painting/dog/pic_177.jpg,0,0
dann,art_painting,art_painting/dog/pic_186.jpg,0,0
dann,art_painting,art_painting/dog/pic_194.jpg,0,0
dann,art_painting,art_painting/dog/pic_205.jpg,0,6
dann,art_painting,art_painting/dog/pic_214.jpg,0,0
dann,art_painting,art_painting/dog/pic_226.jpg,0,0
dann,art_painting,art_painting/dog/pic_232.jpg,0,6
dann,art_painting,art_painting/dog/pic_251.jpg,0,5
dann,art_painting,art_painting/dog/pic_253.jpg,0,0
dann,art_painting,art_painting/dog/pic_260.jpg,0,0
dann,art_painting,art_painting/dog/pic_268.jpg,0,0
dann,art_painting,art_painting/dog/pic_269.jpg,0,5
dann,art_painting,art_painting/dog/pic_274.jpg,0,6
dann,art_painting,art_painting/dog/pic_280.jpg,0,2
dann,art_painting,art_painting/dog/pic_282.jpg,0,0
dann,art_painting,art_painting/dog/pic_291.jpg,0,5
dann,art_painting,art_painting/dog/pic_295.jpg,0,0
dann,art_painting,art_painting/dog/pic_297.jpg,0,1
dann,art_painting,art_painting/dog/pic_301.jpg,0,5
dann,art_painting,art_painting/dog/pic_304.jpg,0,2
dann,art_painting,art_painting/dog/pic_310.jpg,0,5
dann,art_painting,art_painting/dog/pic_312.jpg,0,0
dann,art_painting,art_painting/dog/pic_314.jpg,0,0
dann,art_painting,art_painting/dog/pic_315.jpg,0,0
dann,art_painting,art_painting/dog/pic_318.jpg,0,1
dann,art_painting,art_painting/dog/pic_319.jpg,0,5
dann,art_painting,art_painting/dog/pic_322.jpg,0,0
dann,art_painting,art_painting/dog/pic_323.jpg,0,0
dann,art_painting,art_painting/dog/pic_327.jpg,0,0
dann,art_painting,art_painting/dog/pic_329.jpg,0,5
dann,art_painting,art_painting/dog/pic_331.jpg,0,1
dann,art_painting,art_painting/dog/pic_349.jpg,0,0
dann,art_painting,art_painting/dog/pic_350.jpg,0,6
dann,art_painting,art_painting/dog/pic_366.jpg,0,2
dann,art_painting,art_painting/dog/pic_368.jpg,0,0
dann,art_painting,art_painting/dog/pic_371.jpg,0,5
dann,art_painting,art_painting/dog/pic_372.jpg,0,6
dann,art_painting,art_painting/dog/pic_377.jpg,0,5
dann,art_painting,art_painting/dog/pic_384.jpg,0,2
dann,art_painting,art_painting/dog/pic_391.jpg,0,5
dann,art_painting,art_painting/dog/pic_393.jpg,0,6
dann,art_painting,art_painting/dog/pic_394.jpg,0,1
dann,art_painting,art_painting/dog/pic_397.jpg,0,6
dann,art_painting,art_painting/dog/pic_398.jpg,0,6
dann,art_painting,art_painting/elephant/pic_011.jpg,1,6
dann,art_painting,art_painting/elephant/pic_012.jpg,1,2
dann,art_painting,art_painting/elephant/pic_016.jpg,1,2
dann,art_painting,art_painting/elephant/pic_029.jpg,1,5
dann,art_painting,art_painting/elephant/pic_030.jpg,1,2
dann,art_painting,art_painting/elephant/pic_044.jpg,1,2
dann,art_painting,art_painting/elephant/pic_046.jpg,1,0
dann,art_painting,art_painting/elephant/pic_048.jpg,1,0
dann,art_painting,art_painting/elephant/pic_059.jpg,1,2
dann,art_painting,art_painting/elephant/pic_060.jpg,1,0
dann,art_painting,art_painting/elephant/pic_061.jpg,1,5
dann,art_painting,art_painting/elephant/pic_075.jpg,1,6
dann,art_painting,art_painting/elephant/pic_078.jpg,1,2
dann,art_painting,art_painting/elephant/pic_086.jpg,1,0
dann,art_painting,art_painting/elephant/pic_087.jpg,1,1
dann,art_painting,art_painting/elephant/pic_090.jpg,1,2
dann,art_painting,art_painting/elephant/pic_098.jpg,1,6
dann,art_painting,art_painting/elephant/pic_099.jpg,1,5
dann,art_painting,art_painting/elephant/pic_100.jpg,1,4
dann,art_painting,art_painting/elephant/pic_106.jpg,1,2
dann,art_painting,art_painting/elephant/pic_108.jpg,1,6
dann,art_painting,art_painting/elephant/pic_110.jpg,1,5
dann,art_painting,art_painting/elephant/pic_112.jpg,1,0
dann,art_painting,art_painting/elephant/pic_113.jpg,1,2
dann,art_painting,art_painting/elephant/pic_117.jpg,1,5
dann,art_painting,art_painting/elephant/pic_119.jpg,1,0
dann,art_painting,art_painting/elephant/pic_122.jpg,1,6
dann,art_painting,art_painting/elephant/pic_127.jpg,1,2
dann,art_painting,art_painting/elephant/pic_132.jpg,1,0
dann,art_painting,art_painting/elephant/pic_144.jpg,1,2
dann,art_painting,art_painting/elephant/pic_145.jpg,1,5
dann,art_painting,art_painting/elephant/pic_148.jpg,1,0
dann,art_painting,art_painting/elephant/pic_152.jpg,1,5
dann,art_painting,art_painting/elephant/pic_156.jpg,1,0
dann,art_painting,art_painting/elephant/pic_158.jpg,1,2
dann,art_painting,art_painting/elephant/pic_161.jpg,1,2
dann,art_painting,art_painting/elephant/pic_177.jpg,1,5
dann,art_painting,art_painting/elephant/pic_178.jpg,1,6
dann,art_painting,art_painting/elephant/pic_183.jpg,1,2
dann,art_painting,art_painting/elephant/pic_191.jpg,1,0
dann,art_painting,art_painting/elephant/pic_198.jpg,1,0
dann,art_painting,art_painting/elephant/pic_200.jpg,1,2
dann,art_painting,art_painting/elephant/pic_201.jpg,1,5
dann,art_painting,art_painting/elephant/pic_204.jpg,1,0
dann,art_painting,art_painting/elephant/pic_207.jpg,1,0
dann,art_painting,art_painting/elephant/pic_209.jpg,1,0
dann,art_painting,art_painting/elephant/pic_227.jpg,1,5
dann,art_painting,art_painting/elephant/pic_242.jpg,1,5
dann,art_painting,art_painting/elephant/pic_249.jpg,1,0
dann,art_painting,art_painting/elephant/pic_252.jpg,1,5
dann,art_painting,art_painting/elephant/pic_260.jpg,1,2
dann,art_painting,art_painting/giraffe/pic_001.jpg,2,2
dann,art_painting,art_painting/giraffe/pic_005.jpg,2,6
dann,art_painting,art_painting/giraffe/pic_009.jpg,2,0
dann,art_painting,art_painting/giraffe/pic_010.jpg,2,2
dann,art_painting,art_painting/giraffe/pic_011.jpg,2,2
dann,art_painting,art_painting/giraffe/pic_013.jpg,2,6
dann,art_painting,art_painting/giraffe/pic_014.jpg,2,2
dann,art_painting,art_painting/giraffe/pic_028.jpg,2,6
dann,art_painting,art_painting/giraffe/pic_040.jpg,2,0
dann,art_painting,art_painting/giraffe/pic_044.jpg,2,0
dann,art_painting,art_painting/giraffe/pic_052.jpg,2,2
dann,art_painting,art_painting/giraffe/pic_057.jpg,2,0
dann,art_painting,art_painting/giraffe/pic_068.jpg,2,2
dann,art_painting,art_painting/giraffe/pic_069.jpg,2,0
dann,art_painting,art_painting/giraffe/pic_071.jpg,2,2
dann,art_painting,art_painting/giraffe/pic_072.jpg,2,5
dann,art_painting,art_painting/giraffe/pic_077.jpg,2,5
dann,art_painting,art_painting/giraffe/pic_085.jpg,2,5
dann,art_painting,art_painting/giraffe/pic_086.jpg,2,2
dann,art_painting,art_painting/giraffe/pic_092.jpg,2,0
dann,art_painting,art_painting/giraffe/pic_094.jpg,2,2
dann,art_painting,art_painting/giraffe/pic_102.jpg,2,2
dann,art_painting,art_painting/giraffe/pic_108.jpg,2,2
dann,art_painting,art_painting/giraffe/pic_118.jpg,2,2
dann,art_painting,art_painting/giraffe/pic_122.jpg,2,2
dann,art_painting,art_painting/giraffe/pic_126.jpg,2,6
dann,art_painting,art_painting/giraffe/pic_137.jpg,2,0
dann,art_painting,art_painting/giraffe/pic_138.jpg,2,0
dann,art_painting,art_painting/giraffe/pic_139.jpg,2,2
dann,art_painting,art_painting/giraffe/pic_140.jpg,2,2
dann,art_painting,art_painting/giraffe/pic_142.jpg,2,0
dann,art_painting,art_painting/giraffe/pic_153.jpg,2,2
dann,art_painting,art_painting/giraffe/pic_170.jpg,2,0
dann,art_painting,art_painting/giraffe/pic_171.jpg,2,6
dann,art_painting,art_painting/giraffe/pic_173.jpg,2,2
dann,art_painting,art_painting/giraffe/pic_176.jpg,2,0
dann,art_painting,art_painting/giraffe/pic_180.jpg,2,0
dann,art_painting,art_painting/giraffe/pic_185.jpg,2,0
dann,art_painting,art_painting/giraffe/pic_190.jpg,2,5
dann,art_painting,art_painting/giraffe/pic_191.jpg,2,2
dann,art_painting,art_painting/giraffe/pic_193.jpg,2,4
dann,art_painting,art_painting/giraffe/pic_210.jpg,2,2
dann,art_painting,art_painting/giraffe/pic_214.jpg,2,2
dann,art_painting,art_painting/giraffe/pic_238.jpg,2,2
dann,art_painting,art_painting/giraffe/pic_239.jpg,2,0
dann,art_painting,art_painting/giraffe/pic_243.jpg,2,0
dann,art_painting,art_painting/giraffe/pic_244.jpg,2,2
dann,art_painting,art_painting/giraffe/pic_253.jpg,2,0
dann,art_painting,art_painting/giraffe/pic_261.jpg,2,6
dann,art_painting,art_painting/giraffe/pic_265.jpg,2,0
dann,art_painting,art_painting/giraffe/pic_268.jpg,2,0
dann,art_painting,art_painting/giraffe/pic_271.jpg,2,6
dann,art_painting,art_painting/giraffe/pic_293.jpg,2,0
dann,art_painting,art_painting/giraffe/pic_300.jpg,2,0
dann,art_painting,art_painting/giraffe/pic_302.jpg,2,2
dann,art_painting,art_painting/giraffe/pic_307.jpg,2,6
dann,art_painting,art_painting/giraffe/pic_309.jpg,2,4
dann,art_painting,art_painting/guitar/pic_014.jpg,3,6
dann,art_painting,art_painting/guitar/pic_023.jpg,3,2
dann,art_painting,art_painting/guitar/pic_024.jpg,3,2
dann,art_painting,art_painting/guitar/pic_026.jpg,3,2
dann,art_painting,art_painting/guitar/pic_034.jpg,3,6
dann,art_painting,art_painting/guitar/pic_044.jpg,3,6
dann,art_painting,art_painting/guitar/pic_050.jpg,3,6
dann,art_painting,art_painting/guitar/pic_059.jpg,3,6
dann,art_painting,art_painting/guitar/pic_063.jpg,3,6
dann,art_painting,art_painting/guitar/pic_071.jpg,3,5
dann,art_painting,art_painting/guitar/pic_074.jpg,3,6
dann,art_painting,art_painting/guitar/pic_075.jpg,3,6
dann,art_painting,art_painting/guitar/pic_082.jpg,3,0
dann,art_painting,art_painting/guitar/pic_089.jpg,3,2
dann,art_painting,art_painting/guitar/pic_092.jpg,3,2
dann,art_painting,art_painting/guitar/pic_103.jpg,3,6
dann,art_painting,art_painting/guitar/pic_108.jpg,3,6
dann,art_painting,art_painting/guitar/pic_111.jpg,3,6
dann,art_painting,art_painting/guitar/pic_113.jpg,3,6
dann,art_painting,art_painting/guitar/pic_114.jpg,3,0
dann,art_painting,art_painting/guitar/pic_127.jpg,3,1
dann,art_painting,art_painting/guitar/pic_129.jpg,3,1
dann,art_painting,art_painting/guitar/pic_135.jpg,3,0
dann,art_painting,art_painting/guitar/pic_137.jpg,3,5
dann,art_painting,art_painting/guitar/pic_142.jpg,3,5
dann,art_painting,art_painting/guitar/pic_158.jpg,3,2
dann,art_painting,art_painting/guitar/pic_166.jpg,3,6
dann,art_painting,art_painting/guitar/pic_170.jpg,3,2
dann,art_painting,art_painting/guitar/pic_171.jpg,3,0
dann,art_painting,art_painting/guitar/pic_173.jpg,3,2
dann,art_painting,art_painting/guitar/pic_177.jpg,3,0
dann,art_painting,art_painting/guitar/pic_178.jpg,3,5
dann,art_painting,art_painting/guitar/pic_182.jpg,3,5
dann,art_painting,art_painting/guitar/pic_187.jpg,3,0
dann,art_painting,art_painting/guitar/pic_192.jpg,3,0
dann,art_painting,art_painting/guitar/pic_193.jpg,3,2
dann,art_painting,art_painting/guitar/pic_197.jpg,3,0
dann,art_painting,art_painting/horse/pic_001.jpg,4,2
dann,art_painting,art_painting/horse/pic_002.jpg,4,5
dann,art_painting,art_painting/horse/pic_008.jpg,4,2
dann,art_painting,art_painting/horse/pic_012.jpg,4,6
dann,art_painting,art_painting/horse/pic_017.jpg,4,4
dann,art_painting,art_painting/horse/pic_028.jpg,4,5
dann,art_painting,art_painting/horse/pic_034.jpg,4,0
dann,art_painting,art_painting/horse/pic_042.jpg,4,2
dann,art_painting,art_painting/horse/pic_047.jpg,4,0
dann,art_painting,art_painting/horse/pic_049.jpg,4,2
dann,art_painting,art_painting/horse/pic_054.jpg,4,6
dann,art_painting,art_painting/horse/pic_056.jpg,4,0
dann,art_painting,art_painting/horse/pic_081.jpg,4,6
dann,art_painting,art_painting/horse/pic_090.jpg,4,0
dann,art_painting,art_painting/horse/pic_099.jpg,4,0
dann,art_painting,art_painting/horse/pic_106.jpg,4,2
dann,art_painting,art_painting/horse/pic_115.jpg,4,0
dann,art_painting,art_painting/horse/pic_125.jpg,4,0
dann,art_painting,art_painting/horse/pic_128.jpg,4,0
dann,art_painting,art_painting/horse/pic_130.jpg,4,0
dann,art_painting,art_painting/horse/pic_133.jpg,4,2
dann,art_painting,art_painting/horse/pic_134.jpg,4,0
dann,art_painting,art_painting/horse/pic_135.jpg,4,0
dann,art_painting,art_painting/horse/pic_136.jpg,4,6
dann,art_painting,art_painting/horse/pic_138.jpg,4,0
dann,art_painting,art_painting/horse/pic_142.jpg,4,6
dann,art_painting,art_painting/horse/pic_150.jpg,4,2
dann,art_painting,art_painting/horse/pic_151.jpg,4,0
dann,art_painting,art_painting/horse/pic_154.jpg,4,5
dann,art_painting,art_painting/horse/pic_161.jpg,4,2
dann,art_painting,art_painting/horse/pic_162.jpg,4,6
dann,art_painting,art_painting/horse/pic_182.jpg,4,0
dann,art_painting,art_painting/horse/pic_195.jpg,4,5
dann,art_painting,art_painting/horse/pic_206.jpg,4,1
dann,art_painting,art_painting/horse/pic_213.jpg,4,0
dann,art_painting,art_painting/horse/pic_218.jpg,4,6
dann,art_painting,art_painting/horse/pic_219.jpg,4,5
dann,art_painting,art_painting/horse/pic_222.jpg,4,0
dann,art_painting,art_painting/horse/pic_228.jpg,4,6
dann,art_painting,art_painting/horse/pic_232.jpg,4,4
dann,art_painting,art_painting/house/pic_004.jpg,5,5
dann,art_painting,art_painting/house/pic_008.jpg,5,5
dann,art_painting,art_painting/house/pic_009.jpg,5,2
dann,art_painting,art_painting/house/pic_011.jpg,5,5
dann,art_painting,art_painting/house/pic_014.jpg,5,5
dann,art_painting,art_painting/house/pic_018.jpg,5,5
dann,art_painting,art_painting/house/pic_022.jpg,5,5
dann,art_painting,art_painting/house/pic_026.jpg,5,5
dann,art_painting,art_painting/house/pic_029.jpg,5,5
dann,art_painting,art_painting/house/pic_034.jpg,5,5
dann,art_painting,art_painting/house/pic_038.jpg,5,6
dann,art_painting,art_painting/house/pic_054.jpg,5,5
dann,art_painting,art_painting/house/pic_061.jpg,5,5
dann,art_painting,art_painting/house/pic_074.jpg,5,6
dann,art_painting,art_painting/house/pic_076.jpg,5,5
dann,art_painting,art_painting/house/pic_082.jpg,5,5
dann,art_painting,art_painting/house/pic_088.jpg,5,6
dann,art_painting,art_painting/house/pic_091.jpg,5,6
dann,art_painting,art_painting/house/pic_098.jpg,5,5
dann,art_painting,art_painting/house/pic_103.jpg,5,0
dann,art_painting,art_painting/house/pic_107.jpg,5,5
dann,art_painting,art_painting/house/pic_111.jpg,5,5
dann,art_painting,art_painting/house/pic_121.jpg,5,5
dann,art_painting,art_painting/house/pic_123.jpg,5,5
dann,art_painting,art_painting/house/pic_134.jpg,5,5
dann,art_painting,art_painting/house/pic_136.jpg,5,6
dann,art_painting,art_painting/house/pic_149.jpg,5,0
dann,art_painting,art_painting/house/pic_153.jpg,5,5
dann,art_painting,art_painting/house/pic_157.jpg,5,5
dann,art_painting,art_painting/house/pic_187.jpg,5,5
dann,art_painting,art_painting/house/pic_189.jpg,5,5
dann,art_painting,art_painting/house/pic_191.jpg,5,5
dann,art_painting,art_painting/house/pic_198.jpg,5,6
dann,art_painting,art_painting/house/pic_212.jpg,5,5
dann,art_painting,art_painting/house/pic_213.jpg,5,0
dann,art_painting,art_painting/house/pic_218.jpg,5,5
dann,art_painting,art_painting/house/pic_219.jpg,5,5
dann,art_painting,art_painting/house/pic_221.jpg,5,5
dann,art_painting,art_painting/house/pic_226.jpg,5,5
dann,art_painting,art_painting/house/pic_231.jpg,5,5
dann,art_painting,art_painting/house/pic_245.jpg,5,5
dann,art_painting,art_painting/house/pic_246.jpg,5,6
dann,art_painting,art_painting/house/pic_261.jpg,5,0
dann,art_painting,art_painting/house/pic_269.jpg,5,4
dann,art_painting,art_painting/house/pic_276.jpg,5,5
dann,art_painting,art_painting/house/pic_281.jpg,5,5
dann,art_painting,art_painting/house/pic_291.jpg,5,5
dann,art_painting,art_painting/house/pic_295.jpg,5,6
dann,art_painting,art_painting/house/pic_298.jpg,5,5
dann,art_painting,art_painting/house/pic_304.jpg,5,5
dann,art_painting,art_painting/house/pic_306.jpg,5,5
dann,art_painting,art_painting/house/pic_309.jpg,5,5
dann,art_painting,art_painting/house/pic_311.jpg,5,6
dann,art_painting,art_painting/house/pic_313.jpg,5,5
dann,art_painting,art_painting/house/pic_315.jpg,5,5
dann,art_painting,art_painting/house/pic_322.jpg,5,2
dann,art_painting,art_painting/house/pic_330.jpg,5,0
dann,art_painting,art_painting/house/pic_331.jpg,5,2
dann,art_painting,art_painting/house/pic_336.jpg,5,5
dann,art_painting,art_painting/person/pic_009.jpg,6,0
dann,art_painting,art_painting/person/pic_011.jpg,6,1
dann,art_painting,art_painting/person/pic_014.jpg,6,0
dann,art_painting,art_painting/person/pic_016.jpg,6,2
dann,art_painting,art_painting/person/pic_018.jpg,6,6
dann,art_painting,art_painting/person/pic_026.jpg,6,6
dann,art_painting,art_painting/person/pic_027.jpg,6,6
dann,art_painting,art_painting/person/pic_033.jpg,6,0
dann,art_painting,art_painting/person/pic_042.jpg,6,0
dann,art_painting,art_painting/person/pic_052.jpg,6,0
dann,art_painting,art_painting/person/pic_069.jpg,6,5
dann,art_painting,art_painting/person/pic_070.jpg,6,0
dann,art_painting,art_painting/person/pic_074.jpg,6,6
dann,art_painting,art_painting/person/pic_094.jpg,6,6
dann,art_painting,art_painting/person/pic_097.jpg,6,2
dann,art_painting,art_painting/person/pic_101.jpg,6,6
dann,art_painting,art_painting/person/pic_105.jpg,6,0
dann,art_painting,art_painting/person/pic_107.jpg,6,6
dann,art_painting,art_painting/person/pic_109.jpg,6,5
dann,art_painting,art_painting/person/pic_110.jpg,6,6
dann,art_painting,art_painting/person/pic_116.jpg,6,6
dann,art_painting,art_painting/person/pic_124.jpg,6,0
dann,art_painting,art_painting/person/pic_126.jpg,6,6
dann,art_painting,art_painting/person/pic_129.jpg,6,6
dann,art_painting,art_painting/person/pic_134.jpg,6,6
dann,art_painting,art_painting/person/pic_135.jpg,6,6
dann,art_painting,art_painting/person/pic_150.jpg,6,6
dann,art_painting,art_painting/person/pic_157.jpg,6,6
dann,art_painting,art_painting/person/pic_160.jpg,6,0
dann,art_painting,art_painting/person/pic_161.jpg,6,1
dann,art_painting,art_painting/person/pic_162.jpg,6,6
dann,art_painting,art_painting/person/pic_168.jpg,6,6
dann,art_painting,art_painting/person/pic_169.jpg,6,5
dann,art_painting,art_painting/person/pic_171.jpg,6,5
dann,art_painting,art_painting/person/pic_183.jpg,6,0
dann,art_painting,art_painting/person/pic_194.jpg,6,6
dann,art_painting,art_painting/person/pic_196.jpg,6,0
dann,art_painting,art_painting/person/pic_203.jpg,6,6
dann,art_painting,art_painting/person/pic_204.jpg,6,5
dann,art_painting,art_painting/person/pic_206.jpg,6,6
dann,art_painting,art_painting/person/pic_208.jpg,6,6
dann,art_painting,art_painting/person/pic_209.jpg,6,0
dann,art_painting,art_painting/person/pic_213.jpg,6,2
dann,art_painting,art_painting/person/pic_242.jpg,6,0
dann,art_painting,art_painting/person/pic_247.jpg,6,6
dann,art_painting,art_painting/person/pic_248.jpg,6,2
dann,art_painting,art_painting/person/pic_249.jpg,6,6
dann,art_painting,art_painting/person/pic_255.jpg,6,5
dann,art_painting,art_painting/person/pic_263.jpg,6,6
dann,art_painting,art_painting/person/pic_265.jpg,6,0
dann,art_painting,art_painting/person/pic_267.jpg,6,5
dann,art_painting,art_painting/person/pic_268.jpg,6,0
dann,art_painting,art_painting/person/pic_273.jpg,6,5
dann,art_painting,art_painting/person/pic_277.jpg,6,6
dann,art_painting,art_painting/person/pic_292.jpg,6,2
dann,art_painting,art_painting/person/pic_294.jpg,6,6
dann,art_painting,art_painting/person/pic_296.jpg,6,0
dann,art_painting,art_painting/person/pic_303.jpg,6,6
dann,art_painting,art_painting/person/pic_304.jpg,6,5
dann,art_painting,art_painting/person/pic_320.jpg,6,6
dann,art_painting,art_painting/person/pic_327.jpg,6,0
dann,art_painting,art_painting/person/pic_328.jpg,6,0
dann,art_painting,art_painting/person/pic_334.jpg,6,0
dann,art_painting,art_painting/person/pic_346.jpg,6,0
dann,art_painting,art_painting/person/pic_350.jpg,6,6
dann,art_painting,art_painting/person/pic_358.jpg,6,6
dann,art_painting,art_painting/person/pic_380.jpg,6,6
dann,art_painting,art_painting/person/pic_382.jpg,6,6
dann,art_painting,art_painting/person/pic_387.jpg,6,5
dann,art_painting,art_painting/person/pic_394.jpg,6,6
dann,art_painting,art_painting/person/pic_396.jpg,6,6
dann,art_painting,art_painting/person/pic_400.jpg,6,6
dann,art_painting,art_painting/person/pic_405.jpg,6,0
dann,art_painting,art_painting/person/pic_423.jpg,6,0
dann,art_painting,art_painting/person/pic_429.jpg,6,2
dann,art_painting,art_painting/person/pic_433.jpg,6,5
dann,art_painting,art_painting/person/pic_435.jpg,6,0
dann,art_painting,art_painting/person/pic_438.jpg,6,0
dann,art_painting,art_painting/person/pic_458.jpg,6,0
dann,art_painting,art_painting/person/pic_464.jpg,6,5
dann,art_painting,art_painting/person/pic_479.jpg,6,2
dann,art_painting,art_painting/person/pic_487.jpg,6,0
dann,art_painting,art_painting/person/pic_496.jpg,6,0
dann,art_painting,art_painting/person/pic_518.jpg,6,6
dann,art_painting,art_painting/person/pic_520.jpg,6,6
dann,art_painting,art_painting/person/pic_525.jpg,6,0
dann,art_painting,art_painting/person/pic_531.jpg,6,2
dann,art_painting,art_painting/person/pic_542.jpg,6,6
dann,art_painting,art_painting/person/pic_543.jpg,6,6
dann,art_painting,art_painting/person/pic_545.jpg,6,6
dann,cartoon,cartoon/dog/pic_008.jpg,0,2
dann,cartoon,cartoon/dog/pic_009.jpg,0,1
dann,cartoon,cartoon/dog/pic_023.jpg,0,6
dann,cartoon,cartoon/dog/pic_028.jpg,0,0
dann,cartoon,cartoon/dog/pic_038.jpg,0,2
dann,cartoon,cartoon/dog/pic_060.jpg,0,0
dann,cartoon,cartoon/dog/pic_063.jpg,0,1
dann,cartoon,cartoon/dog/pic_069.jpg,0,1
dann,cartoon,cartoon/dog/pic_074.jpg,0,0
dann,cartoon,cartoon/dog/pic_076.jpg,0,4
dann,cartoon,cartoon/dog/pic_077.jpg,0,1
dann,cartoon,cartoon/dog/pic_078.jpg,0,0
dann,cartoon,cartoon/dog/pic_083.jpg,0,0
dann,cartoon,cartoon/dog/pic_085.jpg,0,0
dann,cartoon,cartoon/dog/pic_087.jpg,0,1
dann,cartoon,cartoon/dog/pic_088.jpg,0,1
dann,cartoon,cartoon/dog/pic_094.jpg,0,0
dann,cartoon,cartoon/dog/pic_095.jpg,0,1
dann,cartoon,cartoon/dog/pic_102.jpg,0,1
dann,cartoon,cartoon/dog/pic_103.jpg,0,0
dann,cartoon,cartoon/dog/pic_108.jpg,0,0
dann,cartoon,cartoon/dog/pic_125.jpg,0,0
dann,cartoon,cartoon/dog/pic_135.jpg,0,6
dann,cartoon,cartoon/dog/pic_136.jpg,0,0
dann,cartoon,cartoon/dog/pic_139.jpg,0,2
dann,cartoon,cartoon/dog/pic_140.jpg,0,0
dann,cartoon,cartoon/dog/pic_155.jpg,0,0
dann,cartoon,cartoon/dog/pic_160.jpg,0,4
dann,cartoon,cartoon/dog/pic_164.jpg,0,0
dann,cartoon,cartoon/dog/pic_171.jpg,0,1
dann,cartoon,cartoon/dog/pic_176.jpg,0,2
dann,cartoon,cartoon/dog/pic_178.jpg,0,4
dann,cartoon,cartoon/dog/pic_180.jpg,0,0
dann,cartoon,cartoon/dog/pic_190.jpg,0,0
dann,cartoon,cartoon/dog/pic_198.jpg,0,1
dann,cartoon,cartoon/dog/pic_210.jpg,0,1
dann,cartoon,cartoon/dog/pic_218.jpg,0,0
dann,cartoon,cartoon/dog/pic_229.jpg,0,2
dann,cartoon,cartoon/dog/pic_237.jpg,0,2
dann,cartoon,cartoon/dog/pic_262.jpg,0,0
dann,cartoon,cartoon/dog/pic_265.jpg,0,0
dann,cartoon,cartoon/dog/pic_274.jpg,0,0
dann,cartoon,cartoon/dog/pic_282.jpg,0,0
dann,cartoon,cartoon/dog/pic_284.jpg,0,6
dann,cartoon,cartoon/dog/pic_287.jpg,0,0
dann,cartoon,cartoon/dog/pic_292.jpg,0,6
dann,cartoon,cartoon/dog/pic_294.jpg,0,1
dann,cartoon,cartoon/dog/pic_305.jpg,0,1
dann,cartoon,cartoon/dog/pic_310.jpg,0,1
dann,cartoon,cartoon/dog/pic_313.jpg,0,1
dann,cartoon,cartoon/dog/pic_317.jpg,0,1
dann,cartoon,cartoon/dog/pic_319.jpg,0,1
dann,cartoon,cartoon/dog/pic_325.jpg,0,4
dann,cartoon,cartoon/dog/pic_327.jpg,0,1
dann,cartoon,cartoon/dog/pic_329.jpg,0,6
dann,cartoon,cartoon/dog/pic_330.jpg,0,1
dann,cartoon,cartoon/dog/pic_333.jpg,0,2
dann,cartoon,cartoon/dog/pic_334.jpg,0,2
dann,cartoon,cartoon/dog/pic_338.jpg,0,0
dann,cartoon,cartoon/dog/pic_339.jpg,0,0
dann,cartoon,cartoon/dog/pic_344.jpg,0,0
dann,cartoon,cartoon/dog/pic_346.jpg,0,2
dann,cartoon,cartoon/dog/pic_348.jpg,0,2
dann,cartoon,cartoon/dog/pic_354.jpg,0,1
dann,cartoon,cartoon/dog/pic_368.jpg,0,0
dann,cartoon,cartoon/dog/pic_369.jpg,0,2
dann,cartoon,cartoon/dog/pic_386.jpg,0,1
dann,cartoon,cartoon/dog/pic_393.jpg,0,2
dann,cartoon,cartoon/dog/pic_397.jpg,0,0
dann,cartoon,cartoon/dog/pic_398.jpg,0,0
dann,cartoon,cartoon/dog/pic_401.jpg,0,1
dann,cartoon,cartoon/dog/pic_419.jpg,0,6
dann,cartoon,cartoon/dog/pic_422.jpg,0,0
dann,cartoon,cartoon/dog/pic_425.jpg,0,6
dann,cartoon,cartoon/dog/pic_427.jpg,0,6
dann,cartoon,cartoon/dog/pic_430.jpg,0,1
dann,cartoon,cartoon/dog/pic_433.jpg,0,2
dann,cartoon,cartoon/dog/pic_440.jpg,0,1
dann,cartoon,cartoon/elephant/pic_010.jpg,1,1
dann,cartoon,cartoon/elephant/pic_013.jpg,1,1
dann,cartoon,cartoon/elephant/pic_021.jpg,1,1
dann,cartoon,cartoon/elephant/pic_022.jpg,1,1
dann,cartoon,cartoon/elephant/pic_030.jpg,1,5
dann,cartoon,cartoon/elephant/pic_032.jpg,1,1
dann,cartoon,cartoon/elephant/pic_037.jpg,1,1
dann,cartoon,cartoon/elephant/pic_047.jpg,1,1
dann,cartoon,cartoon/elephant/pic_049.jpg,1,1
dann,cartoon,cartoon/elephant/pic_054.jpg,1,4
dann,cartoon,cartoon/elephant/pic_061.jpg,1,0
dann,cartoon,cartoon/elephant/pic_062.jpg,1,1
dann,cartoon,cartoon/elephant/pic_087.jpg,1,1
dann,cartoon,cartoon/elephant/pic_088.jpg,1,1
dann,cartoon,cartoon/elephant/pic_091.jpg,1,0
dann,cartoon,cartoon/elephant/pic_094.jpg,1,1
dann,cartoon,cartoon/elephant/pic_105.jpg,1,1
dann,cartoon,cartoon/elephant/pic_107.jpg,1,1
dann,cartoon,cartoon/elephant/pic_109.jpg,1,0
dann,cartoon,cartoon/elephant/pic_113.jpg,1,1
dann,cartoon,cartoon/elephant/pic_114.jpg,1,6
dann,cartoon,cartoon/elephant/pic_124.jpg,1,4
dann,cartoon,cartoon/elephant/pic_129.jpg,1,1
dann,cartoon,cartoon/elephant/pic_130.jpg,1,1
dann,cartoon,cartoon/elephant/pic_135.jpg,1,6
dann,cartoon,cartoon/elephant/pic_136.jpg,1,1
dann,cartoon,cartoon/elephant/pic_141.jpg,1,1
dann,cartoon,cartoon/elephant/pic_147.jpg,1,1
dann,cartoon,cartoon/elephant/pic_154.jpg,1,1
dann,cartoon,cartoon/elephant/pic_155.jpg,1,6
dann,cartoon,cartoon/elephant/pic_173.jpg,1,1
dann,cartoon,cartoon/elephant/pic_180.jpg,1,1
dann,cartoon,cartoon/elephant/pic_184.jpg,1,1
dann,cartoon,cartoon/elephant/pic_187.jpg,1,1
dann,cartoon,cartoon/elephant/pic_192.jpg,1,5
dann,cartoon,cartoon/elephant/pic_205.jpg,1,6
dann,cartoon,cartoon/elephant/pic_208.jpg,1,1
dann,cartoon,cartoon/elephant/pic_214.jpg,1,4
dann,cartoon,cartoon/elephant/pic_216.jpg,1,1
dann,cartoon,cartoon/elephant/pic_228.jpg,1,1
dann,cartoon,cartoon/elephant/pic_242.jpg,1,6
dann,cartoon,cartoon/elephant/pic_244.jpg,1,1
dann,cartoon,cartoon/elephant/pic_246.jpg,1,0
dann,cartoon,cartoon/elephant/pic_251.jpg,1,1
dann,cartoon,cartoon/elephant/pic_254.jpg,1,1
dann,cartoon,cartoon/elephant/pic_257.jpg,1,1
dann,cartoon,cartoon/elephant/pic_258.jpg,1,1
dann,cartoon,cartoon/elephant/pic_262.jpg,1,1
dann,cartoon,cartoon/elephant/pic_276.jpg,1,1
dann,cartoon,cartoon/elephant/pic_280.jpg,1,0
dann,cartoon,cartoon/elephant/pic_296.jpg,1,1
dann,cartoon,cartoon/elephant/pic_302.jpg,1,1
dann,cartoon,cartoon/elephant/pic_306.jpg,1,1
dann,cartoon,cartoon/elephant/pic_307.jpg,1,1
dann,cartoon,cartoon/elephant/pic_316.jpg,1,1
dann,cartoon,cartoon/elephant/pic_319.jpg,1,1
dann,cartoon,cartoon/elephant/pic_320.jpg,1,1
dann,cartoon,cartoon/elephant/pic_327.jpg,1,1
dann,cartoon,cartoon/elephant/pic_334.jpg,1,0
dann,cartoon,cartoon/elephant/pic_336.jpg,1,6
dann,cartoon,cartoon/elephant/pic_337.jpg,1,1
dann,cartoon,cartoon/elephant/pic_345.jpg,1,0
dann,cartoon,cartoon/elephant/pic_346.jpg,1,0
dann,cartoon,cartoon/elephant/pic_350.jpg,1,1
dann,cartoon,cartoon/elephant/pic_354.jpg,1,1
dann,cartoon,cartoon/elephant/pic_362.jpg,1,1
dann,cartoon,cartoon/elephant/pic_364.jpg,1,1
dann,cartoon,cartoon/elephant/pic_374.jpg,1,1
dann,cartoon,cartoon/elephant/pic_378.jpg,1,2
dann,cartoon,cartoon/elephant/pic_381.jpg,1,1
dann,cartoon,cartoon/elephant/pic_382.jpg,1,1
dann,cartoon,cartoon/elephant/pic_387.jpg,1,1
dann,cartoon,cartoon/elephant/pic_389.jpg,1,6
dann,cartoon,cartoon/elephant/pic_393.jpg,1,1
dann,cartoon,cartoon/elephant/pic_396.jpg,1,0
dann,cartoon,cartoon/elephant/pic_400.jpg,1,1
dann,cartoon,cartoon/elephant/pic_402.jpg,1,0
dann,cartoon,cartoon/elephant/pic_405.jpg,1,0
dann,cartoon,cartoon/elephant/pic_416.jpg,1,1
dann,cartoon,cartoon/elephant/pic_425.jpg,1,0
dann,cartoon,cartoon/elephant/pic_432.jpg,1,6
dann,cartoon,cartoon/elephant/pic_435.jpg,1,1
dann,cartoon,cartoon/elephant/pic_444.jpg,1,1
dann,cartoon,cartoon/elephant/pic_446.jpg,1,1
dann,cartoon,cartoon/elephant/pic_449.jpg,1,6
dann,cartoon,cartoon/elephant/pic_450.jpg,1,1
dann,cartoon,cartoon/elephant/pic_471.jpg,1,0
dann,cartoon,cartoon/elephant/pic_477.jpg,1,0
dann,cartoon,cartoon/elephant/pic_479.jpg,1,1
dann,cartoon,cartoon/elephant/pic_496.jpg,1,0
dann,cartoon,cartoon/elephant/pic_501.jpg,1,2
dann,cartoon,cartoon/giraffe/pic_005.jpg,2,2
dann,cartoon,cartoon/giraffe/pic_009.jpg,2,2
dann,cartoon,cartoon/giraffe/pic_013.jpg,2,2
dann,cartoon,cartoon/giraffe/pic_017.jpg,2,2
dann,cartoon,cartoon/giraffe/pic_019.jpg,2,2
dann,cartoon,cartoon/giraffe/pic_020.jpg,2,2
dann,cartoon,cartoon/giraffe/pic_030.jpg,2,2
dann,cartoon,cartoon/giraffe/pic_037.jpg,2,2
dann,cartoon,cartoon/giraffe/pic_045.jpg,2,2
dann,cartoon,cartoon/giraffe/pic_061.jpg,2,2
dann,cartoon,cartoon/giraffe/pic_071.jpg,2,2
dann,cartoon,cartoon/giraffe/pic_082.jpg,2,0
dann,cartoon,cartoon/giraffe/pic_090.jpg,2,2
dann,cartoon,cartoon/giraffe/pic_098.jpg,2,2
dann,cartoon,cartoon/giraffe/pic_100.jpg,2,2
dann,cartoon,cartoon/giraffe/pic_105.jpg,2,2
dann,cartoon,cartoon/giraffe/pic_112.jpg,2,2
dann,cartoon,cartoon/giraffe/pic_113.jpg,2,2
dann,cartoon,cartoon/giraffe/pic_119.jpg,2,6
dann,cartoon,cartoon/giraffe/pic_125.jpg,2,2
dann,cartoon,cartoon/giraffe/pic_127.jpg,2,2
dann,cartoon,cartoon/giraffe/pic_136.jpg,2,2
dann,cartoon,cartoon/giraffe/pic_143.jpg,2,2
dann,cartoon,cartoon/giraffe/pic_148.jpg,2,6
dann,cartoon,cartoon/giraffe/pic_156.jpg,2,2
dann,cartoon,cartoon/giraffe/pic_160.jpg,2,2
dann,cartoon,cartoon/giraffe/pic_168.jpg,2,2
dann,cartoon,cartoon/giraffe/pic_173.jpg,2,6
dann,cartoon,cartoon/giraffe/pic_192.jpg,2,2
dann,cartoon,cartoon/giraffe/pic_195.jpg,2,2
dann,cartoon,cartoon/giraffe/pic_198.jpg,2,2
dann,cartoon,cartoon/giraffe/pic_199.jpg,2,2
dann,cartoon,cartoon/giraffe/pic_202.jpg,2,2
dann,cartoon,cartoon/giraffe/pic_209.jpg,2,2
dann,cartoon,cartoon/giraffe/pic_212.jpg,2,2
dann,cartoon,cartoon/giraffe/pic_216.jpg,2,6
dann,cartoon,cartoon/giraffe/pic_218.jpg,2,2
dann,cartoon,cartoon/giraffe/pic_219.jpg,2,0
dann,cartoon,cartoon/giraffe/pic_225.jpg,2,2
dann,cartoon,cartoon/giraffe/pic_226.jpg,2,2
dann,cartoon,cartoon/giraffe/pic_231.jpg,2,2
dann,cartoon,cartoon/giraffe/pic_244.jpg,2,6
dann,cartoon,cartoon/giraffe/pic_248.jpg,2,4
dann,cartoon,cartoon/giraffe/pic_253.jpg,2,2
dann,cartoon,cartoon/giraffe/pic_254.jpg,2,2
dann,cartoon,cartoon/giraffe/pic_260.jpg,2,2
dann,cartoon,cartoon/giraffe/pic_262.jpg,2,2
dann,cartoon,cartoon/giraffe/pic_267.jpg,2,2
dann,cartoon,cartoon/giraffe/pic_272.jpg,2,6
dann,cartoon,cartoon/giraffe/pic_273.jpg,2,2
dann,cartoon,cartoon/giraffe/pic_280.jpg,2,2
dann,cartoon,cartoon/giraffe/pic_297.jpg,2,2
dann,cartoon,cartoon/giraffe/pic_305.jpg,2,2
dann,cartoon,cartoon/giraffe/pic_317.jpg,2,2
dann,cartoon,cartoon/giraffe/pic_318.jpg,2,0
dann,cartoon,cartoon/giraffe/pic_320.jpg,2,2
dann,cartoon,cartoon/giraffe/pic_322.jpg,2,2
dann,cartoon,cartoon/giraffe/pic_339.jpg,2,5
dann,cartoon,cartoon/giraffe/pic_341.jpg,2,2
dann,cartoon,cartoon/giraffe/pic_349.jpg,2,0
dann,cartoon,cartoon/giraffe/pic_353.jpg,2,2
dann,cartoon,cartoon/giraffe/pic_356.jpg,2,0
dann,cartoon,cartoon/giraffe/pic_360.jpg,2,2
dann,cartoon,cartoon/giraffe/pic_365.jpg,2,2
dann,cartoon,cartoon/giraffe/pic_369.jpg,2,6
dann,cartoon,cartoon/giraffe/pic_373.jpg,2,0
dann,cartoon,cartoon/giraffe/pic_379.jpg,2,2
dann,cartoon,cartoon/giraffe/pic_383.jpg,2,2
dann,cartoon,cartoon/giraffe/pic_385.jpg,2,0
dann,cartoon,cartoon/guitar/pic_004.jpg,3,6
dann,cartoon,cartoon/guitar/pic_011.jpg,3,4
dann,cartoon,cartoon/guitar/pic_012.jpg,3,3
dann,cartoon,cartoon/guitar/pic_016.jpg,3,2
dann,cartoon,cartoon/guitar/pic_020.jpg,3,4
dann,cartoon,cartoon/guitar/pic_024.jpg,3,2
dann,cartoon,cartoon/guitar/pic_030.jpg,3,4
dann,cartoon,cartoon/guitar/pic_035.jpg,3,2
dann,cartoon,cartoon/guitar/pic_046.jpg,3,3
dann,cartoon,cartoon/guitar/pic_048.jpg,3,3
dann,cartoon,cartoon/guitar/pic_058.jpg,3,4
dann,cartoon,cartoon/guitar/pic_060.jpg,3,6
dann,cartoon,cartoon/guitar/pic_068.jpg,3,2
dann,cartoon,cartoon/guitar/pic_069.jpg,3,2
dann,cartoon,cartoon/guitar/pic_070.jpg,3,6
dann,cartoon,cartoon/guitar/pic_073.jpg,3,0
dann,cartoon,cartoon/guitar/pic_076.jpg,3,3
dann,cartoon,cartoon/guitar/pic_083.jpg,3,2
dann,cartoon,cartoon/guitar/pic_089.jpg,3,3
dann,cartoon,cartoon/guitar/pic_097.jpg,3,6
dann,cartoon,cartoon/guitar/pic_100.jpg,3,0
dann,cartoon,cartoon/guitar/pic_107.jpg,3,2
dann,cartoon,cartoon/guitar/pic_112.jpg,3,4
dann,cartoon,cartoon/guitar/pic_117.jpg,3,2
dann,cartoon,cartoon/guitar/pic_118.jpg,3,2
dann,cartoon,cartoon/guitar/pic_124.jpg,3,1
dann,cartoon,cartoon/guitar/pic_125.jpg,3,4
dann,cartoon,cartoon/horse/pic_004.jpg,4,4
dann,cartoon,cartoon/horse/pic_009.jpg,4,0
dann,cartoon,cartoon/horse/pic_011.jpg,4,1
dann,cartoon,cartoon/horse/pic_013.jpg,4,4
dann,cartoon,cartoon/horse/pic_021.jpg,4,0
dann,cartoon,cartoon/horse/pic_025.jpg,4,4
dann,cartoon,cartoon/horse/pic_026.jpg,4,4
dann,cartoon,cartoon/horse/pic_028.jpg,4,5
dann,cartoon,cartoon/horse/pic_032.jpg,4,4
dann,cartoon,cartoon/horse/pic_048.jpg,4,4
dann,cartoon,cartoon/horse/pic_049.jpg,4,4
dann,cartoon,cartoon/horse/pic_051.jpg,4,4
dann,cartoon,cartoon/horse/pic_053.jpg,4,4
dann,cartoon,cartoon/horse/pic_064.jpg,4,4
dann,cartoon,cartoon/horse/pic_070.jpg,4,4
dann,cartoon,cartoon/horse/pic_072.jpg,4,5
dann,cartoon,cartoon/horse/pic_079.jpg,4,6
dann,cartoon,cartoon/horse/pic_086.jpg,4,0
dann,cartoon,cartoon/horse/pic_092.jpg,4,2
dann,cartoon,cartoon/horse/pic_096.jpg,4,0
dann,cartoon,cartoon/horse/pic_106.jpg,4,4
dann,cartoon,cartoon/horse/pic_118.jpg,4,0
dann,cartoon,cartoon/horse/pic_121.jpg,4,4
dann,cartoon,cartoon/horse/pic_131.jpg,4,0
dann,cartoon,cartoon/horse/pic_132.jpg,4,4
dann,cartoon,cartoon/horse/pic_135.jpg,4,4
dann,cartoon,cartoon/horse/pic_139.jpg,4,0
dann,cartoon,cartoon/horse/pic_147.jpg,4,1
dann,cartoon,cartoon/horse/pic_157.jpg,4,0
dann,cartoon,cartoon/horse/pic_173.jpg,4,4
dann,cartoon,cartoon/horse/pic_186.jpg,4,5
dann,cartoon,cartoon/horse/pic_187.jpg,4,0
dann,cartoon,cartoon/horse/pic_188.jpg,4,0
dann,cartoon,cartoon/horse/pic_189.jpg,4,2
dann,cartoon,cartoon/horse/pic_196.jpg,4,0
dann,cartoon,cartoon/horse/pic_214.jpg,4,0
dann,cartoon,cartoon/horse/pic_219.jpg,4,4
dann,cartoon,cartoon/horse/pic_220.jpg,4,5
dann,cartoon,cartoon/horse/pic_221.jpg,4,5
dann,cartoon,cartoon/horse/pic_224.jpg,4,2
dann,cartoon,cartoon/horse/pic_233.jpg,4,4
dann,cartoon,cartoon/horse/pic_243.jpg,4,6
dann,cartoon,cartoon/horse/pic_257.jpg,4,0
dann,cartoon,cartoon/horse/pic_264.jpg,4,2
dann,cartoon,cartoon/horse/pic_267.jpg,4,4
dann,cartoon,cartoon/horse/pic_275.jpg,4,4
dann,cartoon,cartoon/horse/pic_288.jpg,4,2
dann,cartoon,cartoon/horse/pic_293.jpg,4,4
dann,cartoon,cartoon/horse/pic_297.jpg,4,4
dann,cartoon,cartoon/horse/pic_300.jpg,4,4
dann,cartoon,cartoon/horse/pic_303.jpg,4,0
dann,cartoon,cartoon/horse/pic_312.jpg,4,0
dann,cartoon,cartoon/horse/pic_322.jpg,4,5
dann,cartoon,cartoon/horse/pic_327.jpg,4,1
dann,cartoon,cartoon/horse/pic_332.jpg,4,4
dann,cartoon,cartoon/horse/pic_336.jpg,4,1
dann,cartoon,cartoon/horse/pic_340.jpg,4,1
dann,cartoon,cartoon/horse/pic_343.jpg,4,6
dann,cartoon,cartoon/horse/pic_345.jpg,4,6
dann,cartoon,cartoon/horse/pic_347.jpg,4,2
dann,cartoon,cartoon/horse/pic_352.jpg,4,0
dann,cartoon,cartoon/horse/pic_355.jpg,4,4
dann,cartoon,cartoon/horse/pic_357.jpg,4,2
dann,cartoon,cartoon/horse/pic_363.jpg,4,6
dann,cartoon,cartoon/horse/pic_364.jpg,4,2
dann,cartoon,cartoon/house/pic_007.jpg,5,5
dann,cartoon,cartoon/house/pic_011.jpg,5,5
dann,cartoon,cartoon/house/pic_012.jpg,5,5
dann,cartoon,cartoon/house/pic_014.jpg,5,5
dann,cartoon,cartoon/house/pic_017.jpg,5,5
dann,cartoon,cartoon/house/pic_023.jpg,5,5
dann,cartoon,cartoon/house/pic_025.jpg,5,5
dann,cartoon,cartoon/house/pic_026.jpg,5,5
dann,cartoon,cartoon/house/pic_038.jpg,5,5
dann,cartoon,cartoon/house/pic_039.jpg,5,5
dann,cartoon,cartoon/house/pic_048.jpg,5,5
dann,cartoon,cartoon/house/pic_064.jpg,5,5
dann,cartoon,cartoon/house/pic_074.jpg,5,5
dann,cartoon,cartoon/house/pic_080.jpg,5,5
dann,cartoon,cartoon/house/pic_093.jpg,5,5
dann,cartoon,cartoon/house/pic_098.jpg,5,2
dann,cartoon,cartoon/house/pic_102.jpg,5,0
dann,cartoon,cartoon/house/pic_103.jpg,5,5
dann,cartoon,cartoon/house/pic_108.jpg,5,5
dann,cartoon,cartoon/house/pic_119.jpg,5,1
dann,cartoon,cartoon/house/pic_121.jpg,5,1
dann,cartoon,cartoon/house/pic_140.jpg,5,0
dann,cartoon,cartoon/house/pic_145.jpg,5,5
dann,cartoon,cartoon/house/pic_147.jpg,5,5
dann,cartoon,cartoon/house/pic_153.jpg,5,0
dann,cartoon,cartoon/house/pic_160.jpg,5,5
dann,cartoon,cartoon/house/pic_165.jpg,5,5
dann,cartoon,cartoon/house/pic_167.jpg,5,5
dann,cartoon,cartoon/house/pic_182.jpg,5,5
dann,cartoon,cartoon/house/pic_191.jpg,5,4
dann,cartoon,cartoon/house/pic_198.jpg,5,0
dann,cartoon,cartoon/house/pic_201.jpg,5,5
dann,cartoon,cartoon/house/pic_211.jpg,5,0
dann,cartoon,cartoon/house/pic_212.jpg,5,1
dann,cartoon,cartoon/house/pic_216.jpg,5,0
dann,cartoon,cartoon/house/pic_217.jpg,5,6
dann,cartoon,cartoon/house/pic_223.jpg,5,0
dann,cartoon,cartoon/house/pic_228.jpg,5,5
dann,cartoon,cartoon/house/pic_252.jpg,5,5
dann,cartoon,cartoon/house/pic_256.jpg,5,4
dann,cartoon,cartoon/house/pic_257.jpg,5,0
dann,cartoon,cartoon/house/pic_265.jpg,5,5
dann,cartoon,cartoon/house/pic_277.jpg,5,4
dann,cartoon,cartoon/house/pic_278.jpg,5,0
dann,cartoon,cartoon/house/pic_282.jpg,5,5
dann,cartoon,cartoon/house/pic_286.jpg,5,6
dann,cartoon,cartoon/house/pic_299.jpg,5,5
dann,cartoon,cartoon/house/pic_308.jpg,5,5
dann,cartoon,cartoon/house/pic_310.jpg,5,5
dann,cartoon,cartoon/house/pic_311.jpg,5,1
dann,cartoon,cartoon/house/pic_314.jpg,5,0
dann,cartoon,cartoon/house/pic_317.jpg,5,6
dann,cartoon,cartoon/house/pic_321.jpg,5,5
dann,cartoon,cartoon/house/pic_340.jpg,5,2
dann,cartoon,cartoon/house/pic_343.jpg,5,1
dann,cartoon,cartoon/house/pic_347.jpg,5,0
dann,cartoon,cartoon/house/pic_354.jpg,5,5
dann,cartoon,cartoon/house/pic_355.jpg,5,5
dann,cartoon,cartoon/person/pic_008.jpg,6,2
dann,cartoon,cartoon/person/pic_020.jpg,6,1
dann,cartoon,cartoon/person/pic_025.jpg,6,3
dann,cartoon,cartoon/person/pic_031.jpg,6,1
dann,cartoon,cartoon/person/pic_035.jpg,6,2
dann,cartoon,cartoon/person/pic_036.jpg,6,0
dann,cartoon,cartoon/person/pic_037.jpg,6,6
dann,cartoon,cartoon/person/pic_039.jpg,6,1
dann,cartoon,cartoon/person/pic_044.jpg,6,2
dann,cartoon,cartoon/person/pic_052.jpg,6,0
dann,cartoon,cartoon/person/pic_055.jpg,6,2
dann,cartoon,cartoon/person/pic_061.jpg,6,6
dann,cartoon,cartoon/person/pic_067.jpg,6,6
dann,cartoon,cartoon/person/pic_070.jpg,6,1
dann,cartoon,cartoon/person/pic_078.jpg,6,5
dann,cartoon,cartoon/person/pic_079.jpg,6,6
dann,cartoon,cartoon/person/pic_093.jpg,6,1
dann,cartoon,cartoon/person/pic_094.jpg,6,1
dann,cartoon,cartoon/person/pic_095.jpg,6,2
dann,cartoon,cartoon/person/pic_105.jpg,6,1
dann,cartoon,cartoon/person/pic_111.jpg,6,2
dann,cartoon,cartoon/person/pic_113.jpg,6,6
dann,cartoon,cartoon/person/pic_119.jpg,6,4
dann,cartoon,cartoon/person/pic_125.jpg,6,1
dann,cartoon,cartoon/person/pic_126.jpg,6,5
dann,cartoon,cartoon/person/pic_129.jpg,6,3
dann,cartoon,cartoon/person/pic_131.jpg,6,0
dann,cartoon,cartoon/person/pic_141.jpg,6,6
dann,cartoon,cartoon/person/pic_146.jpg,6,6
dann,cartoon,cartoon/person/pic_151.jpg,6,6
dann,cartoon,cartoon/person/pic_159.jpg,6,1
dann,cartoon,cartoon/person/pic_167.jpg,6,1
dann,cartoon,cartoon/person/pic_169.jpg,6,1
dann,cartoon,cartoon/person/pic_170.jpg,6,6
dann,cartoon,cartoon/person/pic_190.jpg,6,1
dann,cartoon,cartoon/person/pic_193.jpg,6,6
dann,cartoon,cartoon/person/pic_197.jpg,6,2
dann,cartoon,cartoon/person/pic_203.jpg,6,0
dann,cartoon,cartoon/person/pic_209.jpg,6,0
dann,cartoon,cartoon/person/pic_210.jpg,6,0
dann,cartoon,cartoon/person/pic_215.jpg,6,1
dann,cartoon,cartoon/person/pic_216.jpg,6,6
dann,cartoon,cartoon/person/pic_218.jpg,6,1
dann,cartoon,cartoon/person/pic_224.jpg,6,2
dann,cartoon,cartoon/person/pic_225.jpg,6,1
dann,cartoon,cartoon/person/pic_226.jpg,6,1
dann,cartoon,cartoon/person/pic_227.jpg,6,1
dann,cartoon,cartoon/person/pic_236.jpg,6,5
dann,cartoon,cartoon/person/pic_248.jpg,6,6
dann,cartoon,cartoon/person/pic_253.jpg,6,1
dann,cartoon,cartoon/person/pic_257.jpg,6,0
dann,cartoon,cartoon/person/pic_259.jpg,6,1
dann,cartoon,cartoon/person/pic_261.jpg,6,1
dann,cartoon,cartoon/person/pic_265.jpg,6,6
dann,cartoon,cartoon/person/pic_268.jpg,6,0
dann,cartoon,cartoon/person/pic_285.jpg,6,6
dann,cartoon,cartoon/person/pic_302.jpg,6,0
dann,cartoon,cartoon/person/pic_313.jpg,6,1
dann,cartoon,cartoon/person/pic_314.jpg,6,2
dann,cartoon,cartoon/person/pic_316.jpg,6,0
dann,cartoon,cartoon/person/pic_319.jpg,6,3
dann,cartoon,cartoon/person/pic_320.jpg,6,6
dann,cartoon,cartoon/person/pic_323.jpg,6,2
dann,cartoon,cartoon/person/pic_333.jpg,6,1
dann,cartoon,cartoon/person/pic_349.jpg,6,0
dann,cartoon,cartoon/person/pic_368.jpg,6,0
dann,cartoon,cartoon/person/pic_372.jpg,6,1
dann,cartoon,cartoon/person/pic_377.jpg,6,6
dann,cartoon,cartoon/person/pic_385.jpg,6,6
dann,cartoon,cartoon/person/pic_387.jpg,6,5
dann,cartoon,cartoon/person/pic_389.jpg,6,0
dann,cartoon,cartoon/person/pic_392.jpg,6,6
dann,cartoon,cartoon/person/pic_409.jpg,6,5
dann,cartoon,cartoon/person/pic_415.jpg,6,6
dann,cartoon,cartoon/person/pic_418.jpg,6,6
dann,cartoon,cartoon/person/pic_424.jpg,6,6
dann,cartoon,cartoon/person/pic_425.jpg,6,0
dann,cartoon,cartoon/person/pic_434.jpg,6,5
dann,cartoon,cartoon/person/pic_438.jpg,6,6
dann,cartoon,cartoon/person/pic_449.jpg,6,0
dann,cartoon,cartoon/person/pic_452.jpg,6,1
source_only,photo,photo/dog/056_0009.jpg,0,0
source_only,photo,photo/dog/056_0010.jpg,0,0
source_only,photo,photo/dog/056_0029.jpg,0,0
source_only,photo,photo/dog/056_0030.jpg,0,0
source_only,photo,photo/dog/056_0042.jpg,0,0
source_only,photo,photo/dog/056_0043.jpg,0,4
source_only,photo,photo/dog/056_0048.jpg,0,0
source_only,photo,photo/dog/056_0050.jpg,0,0
source_only,photo,photo/dog/056_0052.jpg,0,0
source_only,photo,photo/dog/056_0058.jpg,0,0
source_only,photo,photo/dog/056_0062.jpg,0,0
source_only,photo,photo/dog/056_0068.jpg,0,0
source_only,photo,photo/dog/056_0071.jpg,0,0
source_only,photo,photo/dog/056_0073.jpg,0,0
source_only,photo,photo/dog/056_0075.jpg,0,0
source_only,photo,photo/dog/056_0080.jpg,0,4
source_only,photo,photo/dog/056_0082.jpg,0,0
source_only,photo,photo/dog/056_0084.jpg,0,0
source_only,photo,photo/dog/056_0090.jpg,0,0
source_only,photo,photo/dog/056_0095.jpg,0,0
source_only,photo,photo/dog/n02103406_1599.jpg,0,0
source_only,photo,photo/dog/n02103406_2954.jpg,0,0
source_only,photo,photo/dog/n02103406_3132.jpg,0,0
source_only,photo,photo/dog/n02103406_3538.jpg,0,0
source_only,photo,photo/dog/n02103406_371.jpg,0,0
source_only,photo,photo/dog/n02103406_3964.jpg,0,0
source_only,photo,photo/dog/n02103406_4916.jpg,0,0
source_only,photo,photo/dog/n02103406_5035.jpg,0,0
source_only,photo,photo/dog/n02103406_5456.jpg,0,0
source_only,photo,photo/dog/n02103406_5505.jpg,0,0
source_only,photo,photo/dog/n02103406_6530.jpg,0,0
source_only,photo,photo/dog/n02103406_8280.jpg,0,0
source_only,photo,photo/dog/n02106662_11133.jpg,0,0
source_only,photo,photo/dog/n02106662_1922.jpg,0,0
source_only,photo,photo/dog/n02106662_25917.jpg,0,0
source_only,photo,photo/dog/n02106662_27393.jpg,0,0
source_only,photo,photo/dog/n02106662_7885.jpg,0,0
source_only,photo,photo/dog/n02109525_12875.jpg,0,0
source_only,photo,photo/elephant/064_0004.jpg,1,1
source_only,photo,photo/elephant/064_0008.jpg,1,1
source_only,photo,photo/elephant/064_0011.jpg,1,1
source_only,photo,photo/elephant/064_0012.jpg,1,1
source_only,photo,photo/elephant/064_0016.jpg,1,1
source_only,photo,photo/elephant/064_0024.jpg,1,1
source_only,photo,photo/elephant/064_0039.jpg,1,1
source_only,photo,photo/elephant/064_0044.jpg,1,1
source_only,photo,photo/elephant/064_0045.jpg,1,1
source_only,photo,photo/elephant/064_0062.jpg,1,1
source_only,photo,photo/elephant/064_0067.jpg,1,1
source_only,photo,photo/elephant/064_0070.jpg,1,1
source_only,photo,photo/elephant/064_0072.jpg,1,1
source_only,photo,photo/elephant/064_0074.jpg,1,1
source_only,photo,photo/elephant/064_0097.jpg,1,1
source_only,photo,photo/elephant/064_0111.jpg,1,1
source_only,photo,photo/elephant/064_0114.jpg,1,1
source_only,photo,photo/elephant/064_0115.jpg,1,1
source_only,photo,photo/elephant/064_0120.jpg,1,1
source_only,photo,photo/elephant/064_0125.jpg,1,1
source_only,photo,photo/elephant/064_0127.jpg,1,1
source_only,photo,photo/elephant/064_0130.jpg,1,1
source_only,photo,photo/elephant/n02503517_10193.jpg,1,1
source_only,photo,photo/elephant/n02503517_1453.jpg,1,1
source_only,photo,photo/elephant/n02503517_184.jpg,1,1
source_only,photo,photo/elephant/n02503517_3803.jpg,1,1
source_only,photo,photo/elephant/n02503517_4247.jpg,1,1
source_only,photo,photo/elephant/n02503517_4605.jpg,1,1
source_only,photo,photo/elephant/n02503517_5287.jpg,1,1
source_only,photo,photo/elephant/n02503517_5418.jpg,1,1
source_only,photo,photo/elephant/n02503517_5527.jpg,1,1
source_only,photo,photo/elephant/n02503517_564.jpg,1,1
source_only,photo,photo/elephant/n02503517_6032.jpg,1,1
source_only,photo,photo/elephant/n02503517_6479.jpg,1,1
source_only,photo,photo/elephant/n02503517_6880.jpg,1,1
source_only,photo,photo/elephant/n02503517_7020.jpg,1,1
source_only,photo,photo/elephant/n02503517_753.jpg,1,4
source_only,photo,photo/elephant/n02503517_8571.jpg,1,1
source_only,photo,photo/elephant/n02503517_8901.jpg,1,1
source_only,photo,photo/elephant/n02503517_8904.jpg,1,1
source_only,photo,photo/elephant/n02503517_9827.jpg,1,1
source_only,photo,photo/giraffe/084_0011.jpg,2,2
source_only,photo,photo/giraffe/084_0012.jpg,2,2
source_only,photo,photo/giraffe/084_0020.jpg,2,2
source_only,photo,photo/giraffe/084_0028.jpg,2,2
source_only,photo,photo/giraffe/084_0029.jpg,2,3
source_only,photo,photo/giraffe/084_0042.jpg,2,2
source_only,photo,photo/giraffe/084_0045.jpg,2,2
source_only,photo,photo/giraffe/084_0047.jpg,2,2
source_only,photo,photo/giraffe/084_0059.jpg,2,6
source_only,photo,photo/giraffe/084_0060.jpg,2,2
source_only,photo,photo/giraffe/084_0074.jpg,2,2
source_only,photo,photo/giraffe/084_0077.jpg,2,2
source_only,photo,photo/giraffe/n02439033_10130.jpg,2,2
source_only,photo,photo/giraffe/n02439033_10164.jpg,2,2
source_only,photo,photo/giraffe/n02439033_10453.jpg,2,2
source_only,photo,photo/giraffe/n02439033_10919.jpg,2,2
source_only,photo,photo/giraffe/n02439033_11059.jpg,2,2
source_only,photo,photo/giraffe/n02439033_11114.jpg,2,2
source_only,photo,photo/giraffe/n02439033_11486.jpg,2,2
source_only,photo,photo/giraffe/n02439033_11504.jpg,2,2
source_only,photo,photo/giraffe/n02439033_11627.jpg,2,2
source_only,photo,photo/giraffe/n02439033_11683.jpg,2,2
source_only,photo,photo/giraffe/n02439033_11715.jpg,2,6
source_only,photo,photo/giraffe/n02439033_12413.jpg,2,2
source_only,photo,photo/giraffe/n02439033_12680.jpg,2,2
source_only,photo,photo/giraffe/n02439033_12987.jpg,2,2
source_only,photo,photo/giraffe/n02439033_13602.jpg,2,2
source_only,photo,photo/giraffe/n02439033_14148.jpg,2,2
source_only,photo,photo/giraffe/n02439033_14846.jpg,2,2
source_only,photo,photo/giraffe/n02439033_14872.jpg,2,2
source_only,photo,photo/giraffe/n02439033_1508.jpg,2,2
source_only,photo,photo/giraffe/n02439033_15479.jpg,2,2
source_only,photo,photo/giraffe/n02439033_16483.jpg,2,2
source_only,photo,photo/giraffe/n02439033_5652.jpg,2,2
source_only,photo,photo/giraffe/n02439033_9472.jpg,2,2
source_only,photo,photo/giraffe/n02439033_991.jpg,2,2
source_only,photo,photo/guitar/063_0001.jpg,3,3
source_only,photo,photo/guitar/063_0009.jpg,3,3
source_only,photo,photo/guitar/063_0010.jpg,3,6
source_only,photo,photo/guitar/063_0022.jpg,3,3
source_only,photo,photo/guitar/063_0024.jpg,3,3
source_only,photo,photo/guitar/063_0035.jpg,3,3
source_only,photo,photo/guitar/063_0038.jpg,3,3
source_only,photo,photo/guitar/063_0041.jpg,3,3
source_only,photo,photo/guitar/063_0046.jpg,3,3
source_only,photo,photo/guitar/063_0048.jpg,3,3
source_only,photo,photo/guitar/063_0050.jpg,3,3
source_only,photo,photo/guitar/063_0052.jpg,3,3
source_only,photo,photo/guitar/063_0053.jpg,3,3
source_only,photo,photo/guitar/063_0067.jpg,3,3
source_only,photo,photo/guitar/063_0074.jpg,3,3
source_only,photo,photo/guitar/063_0079.jpg,3,6
source_only,photo,photo/guitar/063_0084.jpg,3,3
source_only,photo,photo/guitar/063_0087.jpg,3,3
source_only,photo,photo/guitar/063_0089.jpg,3,3
source_only,photo,photo/guitar/063_0090.jpg,3,3
source_only,photo,photo/guitar/063_0093.jpg,3,3
source_only,photo,photo/guitar/063_0095.jpg,3,3
source_only,photo,photo/guitar/063_0107.jpg,3,0
source_only,photo,photo/guitar/063_0108.jpg,3,3
source_only,photo,photo/guitar/n02676566_4189.jpg,3,3
source_only,photo,photo/guitar/n02676566_6704.jpg,3,3
source_only,photo,photo/guitar/n02676566_7830.jpg,3,3
source_only,photo,photo/guitar/n02676566_7844.jpg,3,3
source_only,photo,photo/guitar/n02676566_8997.jpg,3,3
source_only,photo,photo/guitar/n03272010_10795.jpg,3,3
source_only,photo,photo/guitar/n03272010_6820.jpg,3,3
source_only,photo,photo/guitar/n03272010_7092.jpg,3,3
source_only,photo,photo/guitar/n03272010_7390.jpg,3,3
source_only,photo,photo/guitar/n03272010_9557.jpg,3,3
source_only,photo,photo/guitar/n03467517_12925.jpg,3,3
source_only,photo,photo/guitar/n03467517_22785.jpg,3,3
source_only,photo,photo/guitar/n03467517_23229.jpg,3,3
source_only,photo,photo/horse/105_0007.jpg,4,4
source_only,photo,photo/horse/105_0008.jpg,4,4
source_only,photo,photo/horse/105_0030.jpg,4,4
source_only,photo,photo/horse/105_0048.jpg,4,4
source_only,photo,photo/horse/105_0059.jpg,4,4
source_only,photo,photo/horse/105_0066.jpg,4,4
source_only,photo,photo/horse/105_0067.jpg,4,4
source_only,photo,photo/horse/105_0076.jpg,4,6
source_only,photo,photo/horse/105_0103.jpg,4,4
source_only,photo,photo/horse/105_0106.jpg,4,4
source_only,photo,photo/horse/105_0115.jpg,4,1
source_only,photo,photo/horse/105_0134.jpg,4,4
source_only,photo,photo/horse/105_0199.jpg,4,4
source_only,photo,photo/horse/105_0206.jpg,4,0
source_only,photo,photo/horse/105_0207.jpg,4,4
source_only,photo,photo/horse/105_0215.jpg,4,4
source_only,photo,photo/horse/105_0260.jpg,4,4
source_only,photo,photo/horse/105_0266.jpg,4,4
source_only,photo,photo/horse/n02374451_10098.jpg,4,4
source_only,photo,photo/horse/n02374451_10669.jpg,4,4
source_only,photo,photo/horse/n02374451_10761.jpg,4,0
source_only,photo,photo/horse/n02374451_11492.jpg,4,4
source_only,photo,photo/horse/n02374451_1234.jpg,4,4
source_only,photo,photo/horse/n02374451_13718.jpg,4,4
source_only,photo,photo/horse/n02374451_14119.jpg,4,4
source_only,photo,photo/horse/n02374451_1443.jpg,4,4
source_only,photo,photo/horse/n02374451_14738.jpg,4,0
source_only,photo,photo/horse/n02374451_16358.jpg,4,4
source_only,photo,photo/horse/n02374451_17474.jpg,4,4
source_only,photo,photo/horse/n02374451_18570.jpg,4,0
source_only,photo,photo/horse/n02374451_2248.jpg,4,4
source_only,photo,photo/horse/n02374451_4795.jpg,4,4
source_only,photo,photo/horse/n02374451_503.jpg,4,4
source_only,photo,photo/horse/n02374451_54.jpg,4,4
source_only,photo,photo/horse/n02374451_7631.jpg,4,4
source_only,photo,photo/horse/n02374451_8526.jpg,4,4
source_only,photo,photo/horse/n02374451_8744.jpg,4,4
source_only,photo,photo/horse/n02374451_9064.jpg,4,4
source_only,photo,photo/horse/n02374451_925.jpg,4,4
source_only,photo,photo/horse/n02374451_9892.jpg,4,4
source_only,photo,photo/house/pic_004.jpg,5,5
source_only,photo,photo/house/pic_005.jpg,5,5
source_only,photo,photo/house/pic_013.jpg,5,5
source_only,photo,photo/house/pic_015.jpg,5,5
source_only,photo,photo/house/pic_017.jpg,5,5
source_only,photo,photo/house/pic_028.jpg,5,5
source_only,photo,photo/house/pic_034.jpg,5,5
source_only,photo,photo/house/pic_038.jpg,5,5
source_only,photo,photo/house/pic_046.jpg,5,5
source_only,photo,photo/house/pic_049.jpg,5,5
source_only,photo,photo/house/pic_050.jpg,5,5
source_only,photo,photo/house/pic_054.jpg,5,5
source_only,photo,photo/house/pic_058.jpg,5,5
source_only,photo,photo/house/pic_060.jpg,5,5
source_only,photo,photo/house/pic_067.jpg,5,5
source_only,photo,photo/house/pic_069.jpg,5,5
source_only,photo,photo/house/pic_073.jpg,5,5
source_only,photo,photo/house/pic_077.jpg,5,5
source_only,photo,photo/house/pic_080.jpg,5,5
source_only,photo,photo/house/pic_090.jpg,5,5
source_only,photo,photo/house/pic_092.jpg,5,5
source_only,photo,photo/house/pic_094.jpg,5,5
source_only,photo,photo/house/pic_097.jpg,5,5
source_only,photo,photo/house/pic_104.jpg,5,5
source_only,photo,photo/house/pic_106.jpg,5,5
source_only,photo,photo/house/pic_111.jpg,5,5
source_only,photo,photo/house/pic_112.jpg,5,5
source_only,photo,photo/house/pic_113.jpg,5,5
source_only,photo,photo/house/pic_117.jpg,5,5
source_only,photo,photo/house/pic_130.jpg,5,5
source_only,photo,photo/house/pic_144.jpg,5,5
source_only,photo,photo/house/pic_145.jpg,5,5
source_only,photo,photo/house/pic_146.jpg,5,5
source_only,photo,photo/house/pic_160.jpg,5,5
source_only,photo,photo/house/pic_161.jpg,5,5
source_only,photo,photo/house/pic_165.jpg,5,5
source_only,photo,photo/house/pic_172.jpg,5,5
source_only,photo,photo/house/pic_173.jpg,5,5
source_only,photo,photo/house/pic_175.jpg,5,5
source_only,photo,photo/house/pic_184.jpg,5,5
source_only,photo,photo/house/pic_188.jpg,5,5
source_only,photo,photo/house/pic_195.jpg,5,5
source_only,photo,photo/house/pic_206.jpg,5,5
source_only,photo,photo/house/pic_224.jpg,5,5
source_only,photo,photo/house/pic_225.jpg,5,5
source_only,photo,photo/house/pic_229.jpg,5,5
source_only,photo,photo/house/pic_234.jpg,5,5
source_only,photo,photo/house/pic_235.jpg,5,5
source_only,photo,photo/house/pic_250.jpg,5,5
source_only,photo,photo/house/pic_259.jpg,5,5
source_only,photo,photo/house/pic_260.jpg,5,5
source_only,photo,photo/house/pic_278.jpg,5,5
source_only,photo,photo/house/pic_279.jpg,5,5
source_only,photo,photo/house/pic_280.jpg,5,5
source_only,photo,photo/house/pic_281.jpg,5,5
source_only,photo,photo/house/pic_284.jpg,5,5
source_only,photo,photo/person/253_0006.jpg,6,6
source_only,photo,photo/person/253_0014.jpg,6,6
source_only,photo,photo/person/253_0015.jpg,6,6
source_only,photo,photo/person/253_0017.jpg,6,6
source_only,photo,photo/person/253_0021.jpg,6,6
source_only,photo,photo/person/253_0024.jpg,6,6
source_only,photo,photo/person/253_0033.jpg,6,6
source_only,photo,photo/person/253_0034.jpg,6,6
source_only,photo,photo/person/253_0045.jpg,6,6
source_only,photo,photo/person/253_0049.jpg,6,6
source_only,photo,photo/person/253_0050.jpg,6,6
source_only,photo,photo/person/253_0055.jpg,6,6
source_only,photo,photo/person/253_0058.jpg,6,6
source_only,photo,photo/person/253_0063.jpg,6,6
source_only,photo,photo/person/253_0074.jpg,6,6
source_only,photo,photo/person/253_0075.jpg,6,6
source_only,photo,photo/person/253_0082.jpg,6,6
source_only,photo,photo/person/253_0084.jpg,6,6
source_only,photo,photo/person/253_0095.jpg,6,6
source_only,photo,photo/person/253_0097.jpg,6,6
source_only,photo,photo/person/253_0102.jpg,6,6
source_only,photo,photo/person/253_0104.jpg,6,6
source_only,photo,photo/person/253_0105.jpg,6,6
source_only,photo,photo/person/253_0106.jpg,6,6
source_only,photo,photo/person/253_0123.jpg,6,6
source_only,photo,photo/person/253_0128.jpg,6,6
source_only,photo,photo/person/253_0130.jpg,6,6
source_only,photo,photo/person/253_0131.jpg,6,6
source_only,photo,photo/person/253_0139.jpg,6,6
source_only,photo,photo/person/253_0141.jpg,6,6
source_only,photo,photo/person/253_0145.jpg,6,6
source_only,photo,photo/person/253_0146.jpg,6,6
source_only,photo,photo/person/253_0147.jpg,6,6
source_only,photo,photo/person/253_0153.jpg,6,6
source_only,photo,photo/person/253_0166.jpg,6,6
source_only,photo,photo/person/253_0168.jpg,6,6
source_only,photo,photo/person/253_0170.jpg,6,6
source_only,photo,photo/person/253_0174.jpg,6,6
source_only,photo,photo/person/253_0176.jpg,6,6
source_only,photo,photo/person/253_0187.jpg,6,6
source_only,photo,photo/person/253_0193.jpg,6,6
source_only,photo,photo/person/253_0195.jpg,6,6
source_only,photo,photo/person/253_0196.jpg,6,6
source_only,photo,photo/person/253_0211.jpg,6,6
source_only,photo,photo/person/253_0221.jpg,6,6
source_only,photo,photo/person/253_0232.jpg,6,6
source_only,photo,photo/person/253_0242.jpg,6,6
source_only,photo,photo/person/253_0246.jpg,6,6
source_only,photo,photo/person/253_0247.jpg,6,6
source_only,photo,photo/person/253_0248.jpg,6,6
source_only,photo,photo/person/253_0253.jpg,6,6
source_only,photo,photo/person/253_0256.jpg,6,6
source_only,photo,photo/person/253_0266.jpg,6,6
source_only,photo,photo/person/253_0267.jpg,6,6
source_only,photo,photo/person/253_0273.jpg,6,6
source_only,photo,photo/person/253_0277.jpg,6,6
source_only,photo,photo/person/253_0278.jpg,6,6
source_only,photo,photo/person/253_0281.jpg,6,6
source_only,photo,photo/person/253_0287.jpg,6,6
source_only,photo,photo/person/253_0290.jpg,6,6
source_only,photo,photo/person/253_0294.jpg,6,6
source_only,photo,photo/person/253_0296.jpg,6,6
source_only,photo,photo/person/253_0299.jpg,6,6
source_only,photo,photo/person/253_0300.jpg,6,6
source_only,photo,photo/person/253_0301.jpg,6,6
source_only,photo,photo/person/253_0310.jpg,6,6
source_only,photo,photo/person/253_0311.jpg,6,6
source_only,photo,photo/person/253_0323.jpg,6,6
source_only,photo,photo/person/253_0324.jpg,6,6
source_only,photo,photo/person/253_0327.jpg,6,6
source_only,photo,photo/person/253_0338.jpg,6,6
source_only,photo,photo/person/253_0348.jpg,6,6
source_only,photo,photo/person/253_0354.jpg,6,6
source_only,photo,photo/person/253_0359.jpg,6,6
source_only,photo,photo/person/253_0361.jpg,6,6
source_only,photo,photo/person/253_0374.jpg,6,6
source_only,photo,photo/person/253_0382.jpg,6,6
source_only,photo,photo/person/253_0386.jpg,6,6
source_only,photo,photo/person/253_0387.jpg,6,6
source_only,photo,photo/person/253_0395.jpg,6,6
source_only,photo,photo/person/253_0405.jpg,6,6
source_only,photo,photo/person/253_0417.jpg,6,6
source_only,photo,photo/person/253_0422.jpg,6,6
source_only,photo,photo/person/253_0423.jpg,6,6
source_only,photo,photo/person/253_0429.jpg,6,6
source_only,photo,photo/person/253_0434.jpg,6,6
source_only,art_painting,art_painting/dog/pic_007.jpg,0,0
source_only,art_painting,art_painting/dog/pic_008.jpg,0,0
source_only,art_painting,art_painting/dog/pic_021.jpg,0,0
source_only,art_painting,art_painting/dog/pic_026.jpg,0,1
source_only,art_painting,art_painting/dog/pic_036.jpg,0,4
source_only,art_painting,art_painting/dog/pic_055.jpg,0,0
source_only,art_painting,art_painting/dog/pic_058.jpg,0,0
source_only,art_painting,art_painting/dog/pic_064.jpg,0,0
source_only,art_painting,art_painting/dog/pic_070.jpg,0,0
source_only,art_painting,art_painting/dog/pic_072.jpg,0,0
source_only,art_painting,art_painting/dog/pic_073.jpg,0,0
source_only,art_painting,art_painting/dog/pic_074.jpg,0,0
source_only,art_painting,art_painting/dog/pic_079.jpg,0,0
source_only,art_painting,art_painting/dog/pic_081.jpg,0,0
source_only,art_painting,art_painting/dog/pic_083.jpg,0,0
source_only,art_painting,art_painting/dog/pic_084.jpg,0,0
source_only,art_painting,art_painting/dog/pic_090.jpg,0,0
source_only,art_painting,art_painting/dog/pic_091.jpg,0,0
source_only,art_painting,art_painting/dog/pic_099.jpg,0,0
source_only,art_painting,art_painting/dog/pic_100.jpg,0,0
source_only,art_painting,art_painting/dog/pic_105.jpg,0,0
source_only,art_painting,art_painting/dog/pic_123.jpg,0,0
source_only,art_painting,art_painting/dog/pic_133.jpg,0,6
source_only,art_painting,art_painting/dog/pic_134.jpg,0,0
source_only,art_painting,art_painting/dog/pic_137.jpg,0,0
source_only,art_painting,art_painting/dog/pic_138.jpg,0,0
source_only,art_painting,art_painting/dog/pic_152.jpg,0,0
source_only,art_painting,art_painting/dog/pic_154.jpg,0,0
source_only,art_painting,art_painting/dog/pic_157.jpg,0,0
source_only,art_painting,art_painting/dog/pic_167.jpg,0,0
source_only,art_painting,art_painting/dog/pic_172.jpg,0,0
source_only,art_painting,art_painting/dog/pic_174.jpg,0,6
source_only,art_painting,art_painting/dog/pic_177.jpg,0,0
source_only,art_painting,art_painting/dog/pic_186.jpg,0,0
source_only,art_painting,art_painting/dog/pic_194.jpg,0,0
source_only,art_painting,art_painting/dog/pic_205.jpg,0,0
source_only,art_painting,art_painting/dog/pic_214.jpg,0,0
source_only,art_painting,art_painting/dog/pic_226.jpg,0,0
source_only,art_painting,art_painting/dog/pic_232.jpg,0,0
source_only,art_painting,art_painting/dog/pic_251.jpg,0,0
source_only,art_painting,art_painting/dog/pic_253.jpg,0,0
source_only,art_painting,art_painting/dog/pic_260.jpg,0,0
source_only,art_painting,art_painting/dog/pic_268.jpg,0,0
source_only,art_painting,art_painting/dog/pic_269.jpg,0,0
source_only,art_painting,art_painting/dog/pic_274.jpg,0,0
source_only,art_painting,art_painting/dog/pic_280.jpg,0,0
source_only,art_painting,art_painting/dog/pic_282.jpg,0,0
source_only,art_painting,art_painting/dog/pic_291.jpg,0,0
source_only,art_painting,art_painting/dog/pic_295.jpg,0,6
source_only,art_painting,art_painting/dog/pic_297.jpg,0,0
source_only,art_painting,art_painting/dog/pic_301.jpg,0,0
source_only,art_painting,art_painting/dog/pic_304.jpg,0,0
source_only,art_painting,art_painting/dog/pic_310.jpg,0,0
source_only,art_painting,art_painting/dog/pic_312.jpg,0,6
source_only,art_painting,art_painting/dog/pic_314.jpg,0,0
source_only,art_painting,art_painting/dog/pic_315.jpg,0,0
source_only,art_painting,art_painting/dog/pic_318.jpg,0,0
source_only,art_painting,art_painting/dog/pic_319.jpg,0,0
source_only,art_painting,art_painting/dog/pic_322.jpg,0,0
source_only,art_painting,art_painting/dog/pic_323.jpg,0,0
source_only,art_painting,art_painting/dog/pic_327.jpg,0,0
source_only,art_painting,art_painting/dog/pic_329.jpg,0,0
source_only,art_painting,art_painting/dog/pic_331.jpg,0,6
source_only,art_painting,art_painting/dog/pic_349.jpg,0,0
source_only,art_painting,art_painting/dog/pic_350.jpg,0,0
source_only,art_painting,art_painting/dog/pic_366.jpg,0,0
source_only,art_painting,art_painting/dog/pic_368.jpg,0,0
source_only,art_painting,art_painting/dog/pic_371.jpg,0,0
source_only,art_painting,art_painting/dog/pic_372.jpg,0,0
source_only,art_painting,art_painting/dog/pic_377.jpg,0,0
source_only,art_painting,art_painting/dog/pic_384.jpg,0,0
source_only,art_painting,art_painting/dog/pic_391.jpg,0,0
source_only,art_painting,art_painting/dog/pic_393.jpg,0,0
source_only,art_painting,art_painting/dog/pic_394.jpg,0,0
source_only,art_painting,art_painting/dog/pic_397.jpg,0,0
source_only,art_painting,art_painting/dog/pic_398.jpg,0,0
source_only,art_painting,art_painting/elephant/pic_011.jpg,1,1
source_only,art_painting,art_painting/elephant/pic_012.jpg,1,1
source_only,art_painting,art_painting/elephant/pic_016.jpg,1,1
source_only,art_painting,art_painting/elephant/pic_029.jpg,1,1
source_only,art_painting,art_painting/elephant/pic_030.jpg,1,1
source_only,art_painting,art_painting/elephant/pic_044.jpg,1,1
source_only,art_painting,art_painting/elephant/pic_046.jpg,1,1
source_only,art_painting,art_painting/elephant/pic_048.jpg,1,1
source_only,art_painting,art_painting/elephant/pic_059.jpg,1,1
source_only,art_painting,art_painting/elephant/pic_060.jpg,1,1
source_only,art_painting,art_painting/elephant/pic_061.jpg,1,1
source_only,art_painting,art_painting/elephant/pic_075.jpg,1,1
source_only,art_painting,art_painting/elephant/pic_078.jpg,1,1
source_only,art_painting,art_painting/elephant/pic_086.jpg,1,1
source_only,art_painting,art_painting/elephant/pic_087.jpg,1,1
source_only,art_painting,art_painting/elephant/pic_090.jpg,1,1
source_only,art_painting,art_painting/elephant/pic_098.jpg,1,1
source_only,art_painting,art_painting/elephant/pic_099.jpg,1,1
source_only,art_painting,art_painting/elephant/pic_100.jpg,1,1
source_only,art_painting,art_painting/elephant/pic_106.jpg,1,1
source_only,art_painting,art_painting/elephant/pic_108.jpg,1,1
source_only,art_painting,art_painting/elephant/pic_110.jpg,1,1
source_only,art_painting,art_painting/elephant/pic_112.jpg,1,1
source_only,art_painting,art_painting/elephant/pic_113.jpg,1,6
source_only,art_painting,art_painting/elephant/pic_117.jpg,1,1
source_only,art_painting,art_painting/elephant/pic_119.jpg,1,1
source_only,art_painting,art_painting/elephant/pic_122.jpg,1,1
source_only,art_painting,art_painting/elephant/pic_127.jpg,1,1
source_only,art_painting,art_painting/elephant/pic_132.jpg,1,1
source_only,art_painting,art_painting/elephant/pic_144.jpg,1,1
source_only,art_painting,art_painting/elephant/pic_145.jpg,1,1
source_only,art_painting,art_painting/elephant/pic_148.jpg,1,1
source_only,art_painting,art_painting/elephant/pic_152.jpg,1,1
source_only,art_painting,art_painting/elephant/pic_156.jpg,1,1
source_only,art_painting,art_painting/elephant/pic_158.jpg,1,1
source_only,art_painting,art_painting/elephant/pic_161.jpg,1,1
source_only,art_painting,art_painting/elephant/pic_177.jpg,1,1
source_only,art_painting,art_painting/elephant/pic_178.jpg,1,1
source_only,art_painting,art_painting/elephant/pic_183.jpg,1,1
source_only,art_painting,art_painting/elephant/pic_191.jpg,1,1
source_only,art_painting,art_painting/elephant/pic_198.jpg,1,1
source_only,art_painting,art_painting/elephant/pic_200.jpg,1,1
source_only,art_painting,art_painting/elephant/pic_201.jpg,1,1
source_only,art_painting,art_painting/elephant/pic_204.jpg,1,1
source_only,art_painting,art_painting/elephant/pic_207.jpg,1,1
source_only,art_painting,art_painting/elephant/pic_209.jpg,1,1
source_only,art_painting,art_painting/elephant/pic_227.jpg,1,3
source_only,art_painting,art_painting/elephant/pic_242.jpg,1,1
source_only,art_painting,art_painting/elephant/pic_249.jpg,1,1
source_only,art_painting,art_painting/elephant/pic_252.jpg,1,1
source_only,art_painting,art_painting/elephant/pic_260.jpg,1,1
source_only,art_painting,art_painting/giraffe/pic_001.jpg,2,2
source_only,art_painting,art_painting/giraffe/pic_005.jpg,2,2
source_only,art_painting,art_painting/giraffe/pic_009.jpg,2,2
source_only,art_painting,art_painting/giraffe/pic_010.jpg,2,2
source_only,art_painting,art_painting/giraffe/pic_011.jpg,2,2
source_only,art_painting,art_painting/giraffe/pic_013.jpg,2,2
source_only,art_painting,art_painting/giraffe/pic_014.jpg,2,2
source_only,art_painting,art_painting/giraffe/pic_028.jpg,2,2
source_only,art_painting,art_painting/giraffe/pic_040.jpg,2,2
source_only,art_painting,art_painting/giraffe/pic_044.jpg,2,2
source_only,art_painting,art_painting/giraffe/pic_052.jpg,2,2
source_only,art_painting,art_painting/giraffe/pic_057.jpg,2,2
source_only,art_painting,art_painting/giraffe/pic_068.jpg,2,2
source_only,art_painting,art_painting/giraffe/pic_069.jpg,2,2
source_only,art_painting,art_painting/giraffe/pic_071.jpg,2,2
source_only,art_painting,art_painting/giraffe/pic_072.jpg,2,2
source_only,art_painting,art_painting/giraffe/pic_077.jpg,2,2
source_only,art_painting,art_painting/giraffe/pic_085.jpg,2,2
source_only,art_painting,art_painting/giraffe/pic_086.jpg,2,2
source_only,art_painting,art_painting/giraffe/pic_092.jpg,2,2
source_only,art_painting,art_painting/giraffe/pic_094.jpg,2,2
source_only,art_painting,art_painting/giraffe/pic_102.jpg,2,2
source_only,art_painting,art_painting/giraffe/pic_108.jpg,2,2
source_only,art_painting,art_painting/giraffe/pic_118.jpg,2,2
source_only,art_painting,art_painting/giraffe/pic_122.jpg,2,2
source_only,art_painting,art_painting/giraffe/pic_126.jpg,2,2
source_only,art_painting,art_painting/giraffe/pic_137.jpg,2,2
source_only,art_painting,art_painting/giraffe/pic_138.jpg,2,2
source_only,art_painting,art_painting/giraffe/pic_139.jpg,2,2
source_only,art_painting,art_painting/giraffe/pic_140.jpg,2,2
source_only,art_painting,art_painting/giraffe/pic_142.jpg,2,2
source_only,art_painting,art_painting/giraffe/pic_153.jpg,2,2
source_only,art_painting,art_painting/giraffe/pic_170.jpg,2,2
source_only,art_painting,art_painting/giraffe/pic_171.jpg,2,2
source_only,art_painting,art_painting/giraffe/pic_173.jpg,2,2
source_only,art_painting,art_painting/giraffe/pic_176.jpg,2,6
source_only,art_painting,art_painting/giraffe/pic_180.jpg,2,2
source_only,art_painting,art_painting/giraffe/pic_185.jpg,2,2
source_only,art_painting,art_painting/giraffe/pic_190.jpg,2,6
source_only,art_painting,art_painting/giraffe/pic_191.jpg,2,2
source_only,art_painting,art_painting/giraffe/pic_193.jpg,2,2
source_only,art_painting,art_painting/giraffe/pic_210.jpg,2,2
source_only,art_painting,art_painting/giraffe/pic_214.jpg,2,2
source_only,art_painting,art_painting/giraffe/pic_238.jpg,2,2
source_only,art_painting,art_painting/giraffe/pic_239.jpg,2,2
source_only,art_painting,art_painting/giraffe/pic_243.jpg,2,2
source_only,art_painting,art_painting/giraffe/pic_244.jpg,2,2
source_only,art_painting,art_painting/giraffe/pic_253.jpg,2,2
source_only,art_painting,art_painting/giraffe/pic_261.jpg,2,6
source_only,art_painting,art_painting/giraffe/pic_265.jpg,2,4
source_only,art_painting,art_painting/giraffe/pic_268.jpg,2,0
source_only,art_painting,art_painting/giraffe/pic_271.jpg,2,2
source_only,art_painting,art_painting/giraffe/pic_293.jpg,2,2
source_only,art_painting,art_painting/giraffe/pic_300.jpg,2,2
source_only,art_painting,art_painting/giraffe/pic_302.jpg,2,6
source_only,art_painting,art_painting/giraffe/pic_307.jpg,2,2
source_only,art_painting,art_painting/giraffe/pic_309.jpg,2,2
source_only,art_painting,art_painting/guitar/pic_014.jpg,3,3
source_only,art_painting,art_painting/guitar/pic_023.jpg,3,3
source_only,art_painting,art_painting/guitar/pic_024.jpg,3,3
source_only,art_painting,art_painting/guitar/pic_026.jpg,3,3
source_only,art_painting,art_painting/guitar/pic_034.jpg,3,3
source_only,art_painting,art_painting/guitar/pic_044.jpg,3,3
source_only,art_painting,art_painting/guitar/pic_050.jpg,3,3
source_only,art_painting,art_painting/guitar/pic_059.jpg,3,3
source_only,art_painting,art_painting/guitar/pic_063.jpg,3,3
source_only,art_painting,art_painting/guitar/pic_071.jpg,3,3
source_only,art_painting,art_painting/guitar/pic_074.jpg,3,3
source_only,art_painting,art_painting/guitar/pic_075.jpg,3,3
source_only,art_painting,art_painting/guitar/pic_082.jpg,3,3
source_only,art_painting,art_painting/guitar/pic_089.jpg,3,3
source_only,art_painting,art_painting/guitar/pic_092.jpg,3,3
source_only,art_painting,art_painting/guitar/pic_103.jpg,3,3
source_only,art_painting,art_painting/guitar/pic_108.jpg,3,3
source_only,art_painting,art_painting/guitar/pic_111.jpg,3,3
source_only,art_painting,art_painting/guitar/pic_113.jpg,3,3
source_only,art_painting,art_painting/guitar/pic_114.jpg,3,3
source_only,art_painting,art_painting/guitar/pic_127.jpg,3,3
source_only,art_painting,art_painting/guitar/pic_129.jpg,3,3
source_only,art_painting,art_painting/guitar/pic_135.jpg,3,3
source_only,art_painting,art_painting/guitar/pic_137.jpg,3,3
source_only,art_painting,art_painting/guitar/pic_142.jpg,3,3
source_only,art_painting,art_painting/guitar/pic_158.jpg,3,3
source_only,art_painting,art_painting/guitar/pic_166.jpg,3,3
source_only,art_painting,art_painting/guitar/pic_170.jpg,3,3
source_only,art_painting,art_painting/guitar/pic_171.jpg,3,3
source_only,art_painting,art_painting/guitar/pic_173.jpg,3,3
source_only,art_painting,art_painting/guitar/pic_177.jpg,3,4
source_only,art_painting,art_painting/guitar/pic_178.jpg,3,3
source_only,art_painting,art_painting/guitar/pic_182.jpg,3,3
source_only,art_painting,art_painting/guitar/pic_187.jpg,3,3
source_only,art_painting,art_painting/guitar/pic_192.jpg,3,3
source_only,art_painting,art_painting/guitar/pic_193.jpg,3,3
source_only,art_painting,art_painting/guitar/pic_197.jpg,3,3
source_only,art_painting,art_painting/horse/pic_001.jpg,4,4
source_only,art_painting,art_painting/horse/pic_002.jpg,4,0
source_only,art_painting,art_painting/horse/pic_008.jpg,4,4
source_only,art_painting,art_painting/horse/pic_012.jpg,4,4
source_only,art_painting,art_painting/horse/pic_017.jpg,4,4
source_only,art_painting,art_painting/horse/pic_028.jpg,4,0
source_only,art_painting,art_painting/horse/pic_034.jpg,4,4
source_only,art_painting,art_painting/horse/pic_042.jpg,4,4
source_only,art_painting,art_painting/horse/pic_047.jpg,4,4
source_only,art_painting,art_painting/horse/pic_049.jpg,4,4
source_only,art_painting,art_painting/horse/pic_054.jpg,4,6
source_only,art_painting,art_painting/horse/pic_056.jpg,4,4
source_only,art_painting,art_painting/horse/pic_081.jpg,4,4
source_only,art_painting,art_painting/horse/pic_090.jpg,4,3
source_only,art_painting,art_painting/horse/pic_099.jpg,4,4
source_only,art_painting,art_painting/horse/pic_106.jpg,4,4
source_only,art_painting,art_painting/horse/pic_115.jpg,4,4
source_only,art_painting,art_painting/horse/pic_125.jpg,4,4
source_only,art_painting,art_painting/horse/pic_128.jpg,4,4
source_only,art_painting,art_painting/horse/pic_130.jpg,4,4
source_only,art_painting,art_painting/horse/pic_133.jpg,4,4
source_only,art_painting,art_painting/horse/pic_134.jpg,4,4
source_only,art_painting,art_painting/horse/pic_135.jpg,4,4
source_only,art_painting,art_painting/horse/pic_136.jpg,4,4
source_only,art_painting,art_painting/horse/pic_138.jpg,4,1
source_only,art_painting,art_painting/horse/pic_142.jpg,4,4
source_only,art_painting,art_painting/horse/pic_150.jpg,4,4
source_only,art_painting,art_painting/horse/pic_151.jpg,4,4
source_only,art_painting,art_painting/horse/pic_154.jpg,4,4
source_only,art_painting,art_painting/horse/pic_161.jpg,4,4
source_only,art_painting,art_painting/horse/pic_162.jpg,4,4
source_only,art_painting,art_painting/horse/pic_182.jpg,4,4
source_only,art_painting,art_painting/horse/pic_195.jpg,4,4
source_only,art_painting,art_painting/horse/pic_206.jpg,4,4
source_only,art_painting,art_painting/horse/pic_213.jpg,4,4
source_only,art_painting,art_painting/horse/pic_218.jpg,4,6
source_only,art_painting,art_painting/horse/pic_219.jpg,4,0
source_only,art_painting,art_painting/horse/pic_222.jpg,4,0
source_only,art_painting,art_painting/horse/pic_228.jpg,4,3
source_only,art_painting,art_painting/horse/pic_232.jpg,4,4
source_only,art_painting,art_painting/house/pic_004.jpg,5,5
source_only,art_painting,art_painting/house/pic_008.jpg,5,5
source_only,art_painting,art_painting/house/pic_009.jpg,5,5
source_only,art_painting,art_painting/house/pic_011.jpg,5,5
source_only,art_painting,art_painting/house/pic_014.jpg,5,5
source_only,art_painting,art_painting/house/pic_018.jpg,5,5
source_only,art_painting,art_painting/house/pic_022.jpg,5,5
source_only,art_painting,art_painting/house/pic_026.jpg,5,5
source_only,art_painting,art_painting/house/pic_029.jpg,5,5
source_only,art_painting,art_painting/house/pic_034.jpg,5,5
source_only,art_painting,art_painting/house/pic_038.jpg,5,5
source_only,art_painting,art_painting/house/pic_054.jpg,5,5
source_only,art_painting,art_painting/house/pic_061.jpg,5,5
source_only,art_painting,art_painting/house/pic_074.jpg,5,5
source_only,art_painting,art_painting/house/pic_076.jpg,5,5
source_only,art_painting,art_painting/house/pic_082.jpg,5,5
source_only,art_painting,art_painting/house/pic_088.jpg,5,5
source_only,art_painting,art_painting/house/pic_091.jpg,5,0
source_only,art_painting,art_painting/house/pic_098.jpg,5,5
source_only,art_painting,art_painting/house/pic_103.jpg,5,6
source_only,art_painting,art_painting/house/pic_107.jpg,5,5
source_only,art_painting,art_painting/house/pic_111.jpg,5,5
source_only,art_painting,art_painting/house/pic_121.jpg,5,5
source_only,art_painting,art_painting/house/pic_123.jpg,5,5
source_only,art_painting,art_painting/house/pic_134.jpg,5,5
source_only,art_painting,art_painting/house/pic_136.jpg,5,5
source_only,art_painting,art_painting/house/pic_149.jpg,5,5
source_only,art_painting,art_painting/house/pic_153.jpg,5,5
source_only,art_painting,art_painting/house/pic_157.jpg,5,5
source_only,art_painting,art_painting/house/pic_187.jpg,5,5
source_only,art_painting,art_painting/house/pic_189.jpg,5,5
source_only,art_painting,art_painting/house/pic_191.jpg,5,5
source_only,art_painting,art_painting/house/pic_198.jpg,5,5
source_only,art_painting,art_painting/house/pic_212.jpg,5,5
source_only,art_painting,art_painting/house/pic_213.jpg,5,5
source_only,art_painting,art_painting/house/pic_218.jpg,5,5
source_only,art_painting,art_painting/house/pic_219.jpg,5,5
source_only,art_painting,art_painting/house/pic_221.jpg,5,5
source_only,art_painting,art_painting/house/pic_226.jpg,5,5
source_only,art_painting,art_painting/house/pic_231.jpg,5,5
source_only,art_painting,art_painting/house/pic_245.jpg,5,5
source_only,art_painting,art_painting/house/pic_246.jpg,5,5
source_only,art_painting,art_painting/house/pic_261.jpg,5,5
source_only,art_painting,art_painting/house/pic_269.jpg,5,3
source_only,art_painting,art_painting/house/pic_276.jpg,5,5
source_only,art_painting,art_painting/house/pic_281.jpg,5,5
source_only,art_painting,art_painting/house/pic_291.jpg,5,3
source_only,art_painting,art_painting/house/pic_295.jpg,5,5
source_only,art_painting,art_painting/house/pic_298.jpg,5,5
source_only,art_painting,art_painting/house/pic_304.jpg,5,5
source_only,art_painting,art_painting/house/pic_306.jpg,5,5
source_only,art_painting,art_painting/house/pic_309.jpg,5,5
source_only,art_painting,art_painting/house/pic_311.jpg,5,5
source_only,art_painting,art_painting/house/pic_313.jpg,5,5
source_only,art_painting,art_painting/house/pic_315.jpg,5,5
source_only,art_painting,art_painting/house/pic_322.jpg,5,5
source_only,art_painting,art_painting/house/pic_330.jpg,5,5
source_only,art_painting,art_painting/house/pic_331.jpg,5,5
source_only,art_painting,art_painting/house/pic_336.jpg,5,5
source_only,art_painting,art_painting/person/pic_009.jpg,6,6
source_only,art_painting,art_painting/person/pic_011.jpg,6,6
source_only,art_painting,art_painting/person/pic_014.jpg,6,6
source_only,art_painting,art_painting/person/pic_016.jpg,6,6
source_only,art_painting,art_painting/person/pic_018.jpg,6,6
source_only,art_painting,art_painting/person/pic_026.jpg,6,6
source_only,art_painting,art_painting/person/pic_027.jpg,6,6
source_only,art_painting,art_painting/person/pic_033.jpg,6,6
source_only,art_painting,art_painting/person/pic_042.jpg,6,6
source_only,art_painting,art_painting/person/pic_052.jpg,6,6
source_only,art_painting,art_painting/person/pic_069.jpg,6,6
source_only,art_painting,art_painting/person/pic_070.jpg,6,6
source_only,art_painting,art_painting/person/pic_074.jpg,6,6
source_only,art_painting,art_painting/person/pic_094.jpg,6,6
source_only,art_painting,art_painting/person/pic_097.jpg,6,6
source_only,art_painting,art_painting/person/pic_101.jpg,6,6
source_only,art_painting,art_painting/person/pic_105.jpg,6,6
source_only,art_painting,art_painting/person/pic_107.jpg,6,6
source_only,art_painting,art_painting/person/pic_109.jpg,6,6
source_only,art_painting,art_painting/person/pic_110.jpg,6,6
source_only,art_painting,art_painting/person/pic_116.jpg,6,6
source_only,art_painting,art_painting/person/pic_124.jpg,6,6
source_only,art_painting,art_painting/person/pic_126.jpg,6,6
source_only,art_painting,art_painting/person/pic_129.jpg,6,6
source_only,art_painting,art_painting/person/pic_134.jpg,6,6
source_only,art_painting,art_painting/person/pic_135.jpg,6,6
source_only,art_painting,art_painting/person/pic_150.jpg,6,6
source_only,art_painting,art_painting/person/pic_157.jpg,6,6
source_only,art_painting,art_painting/person/pic_160.jpg,6,6
source_only,art_painting,art_painting/person/pic_161.jpg,6,6
source_only,art_painting,art_painting/person/pic_162.jpg,6,6
source_only,art_painting,art_painting/person/pic_168.jpg,6,6
source_only,art_painting,art_painting/person/pic_169.jpg,6,6
source_only,art_painting,art_painting/person/pic_171.jpg,6,6
source_only,art_painting,art_painting/person/pic_183.jpg,6,6
source_only,art_painting,art_painting/person/pic_194.jpg,6,6
source_only,art_painting,art_painting/person/pic_196.jpg,6,6
source_only,art_painting,art_painting/person/pic_203.jpg,6,6
source_only,art_painting,art_painting/person/pic_204.jpg,6,6
source_only,art_painting,art_painting/person/pic_206.jpg,6,6
source_only,art_painting,art_painting/person/pic_208.jpg,6,6
source_only,art_painting,art_painting/person/pic_209.jpg,6,6
source_only,art_painting,art_painting/person/pic_213.jpg,6,6
source_only,art_painting,art_painting/person/pic_242.jpg,6,6
source_only,art_painting,art_painting/person/pic_247.jpg,6,6
source_only,art_painting,art_painting/person/pic_248.jpg,6,6
source_only,art_painting,art_painting/person/pic_249.jpg,6,6
source_only,art_painting,art_painting/person/pic_255.jpg,6,6
source_only,art_painting,art_painting/person/pic_263.jpg,6,6
source_only,art_painting,art_painting/person/pic_265.jpg,6,6
source_only,art_painting,art_painting/person/pic_267.jpg,6,6
source_only,art_painting,art_painting/person/pic_268.jpg,6,6
source_only,art_painting,art_painting/person/pic_273.jpg,6,6
source_only,art_painting,art_painting/person/pic_277.jpg,6,6
source_only,art_painting,art_painting/person/pic_292.jpg,6,6
source_only,art_painting,art_painting/person/pic_294.jpg,6,6
source_only,art_painting,art_painting/person/pic_296.jpg,6,0
source_only,art_painting,art_painting/person/pic_303.jpg,6,6
source_only,art_painting,art_painting/person/pic_304.jpg,6,6
source_only,art_painting,art_painting/person/pic_320.jpg,6,6
source_only,art_painting,art_painting/person/pic_327.jpg,6,6
source_only,art_painting,art_painting/person/pic_328.jpg,6,6
source_only,art_painting,art_painting/person/pic_334.jpg,6,6
source_only,art_painting,art_painting/person/pic_346.jpg,6,4
source_only,art_painting,art_painting/person/pic_350.jpg,6,6
source_only,art_painting,art_painting/person/pic_358.jpg,6,6
source_only,art_painting,art_painting/person/pic_380.jpg,6,6
source_only,art_painting,art_painting/person/pic_382.jpg,6,6
source_only,art_painting,art_painting/person/pic_387.jpg,6,6
source_only,art_painting,art_painting/person/pic_394.jpg,6,6
source_only,art_painting,art_painting/person/pic_396.jpg,6,6
source_only,art_painting,art_painting/person/pic_400.jpg,6,6
source_only,art_painting,art_painting/person/pic_405.jpg,6,6
source_only,art_painting,art_painting/person/pic_423.jpg,6,6
source_only,art_painting,art_painting/person/pic_429.jpg,6,6
source_only,art_painting,art_painting/person/pic_433.jpg,6,6
source_only,art_painting,art_painting/person/pic_435.jpg,6,6
source_only,art_painting,art_painting/person/pic_438.jpg,6,6
source_only,art_painting,art_painting/person/pic_458.jpg,6,6
source_only,art_painting,art_painting/person/pic_464.jpg,6,6
source_only,art_painting,art_painting/person/pic_479.jpg,6,6
source_only,art_painting,art_painting/person/pic_487.jpg,6,6
source_only,art_painting,art_painting/person/pic_496.jpg,6,6
source_only,art_painting,art_painting/person/pic_518.jpg,6,6
source_only,art_painting,art_painting/person/pic_520.jpg,6,6
source_only,art_painting,art_painting/person/pic_525.jpg,6,6
source_only,art_painting,art_painting/person/pic_531.jpg,6,6
source_only,art_painting,art_painting/person/pic_542.jpg,6,6
source_only,art_painting,art_painting/person/pic_543.jpg,6,6
source_only,art_painting,art_painting/person/pic_545.jpg,6,6
source_only,cartoon,cartoon/dog/pic_008.jpg,0,0
source_only,cartoon,cartoon/dog/pic_009.jpg,0,0
source_only,cartoon,cartoon/dog/pic_023.jpg,0,0
source_only,cartoon,cartoon/dog/pic_028.jpg,0,0
source_only,cartoon,cartoon/dog/pic_038.jpg,0,0
source_only,cartoon,cartoon/dog/pic_060.jpg,0,0
source_only,cartoon,cartoon/dog/pic_063.jpg,0,0
source_only,cartoon,cartoon/dog/pic_069.jpg,0,0
source_only,cartoon,cartoon/dog/pic_074.jpg,0,0
source_only,cartoon,cartoon/dog/pic_076.jpg,0,0
source_only,cartoon,cartoon/dog/pic_077.jpg,0,0
source_only,cartoon,cartoon/dog/pic_078.jpg,0,0
source_only,cartoon,cartoon/dog/pic_083.jpg,0,0
source_only,cartoon,cartoon/dog/pic_085.jpg,0,0
source_only,cartoon,cartoon/dog/pic_087.jpg,0,0
source_only,cartoon,cartoon/dog/pic_088.jpg,0,0
source_only,cartoon,cartoon/dog/pic_094.jpg,0,0
source_only,cartoon,cartoon/dog/pic_095.jpg,0,0
source_only,cartoon,cartoon/dog/pic_102.jpg,0,0
source_only,cartoon,cartoon/dog/pic_103.jpg,0,0
source_only,cartoon,cartoon/dog/pic_108.jpg,0,0
source_only,cartoon,cartoon/dog/pic_125.jpg,0,0
source_only,cartoon,cartoon/dog/pic_135.jpg,0,0
source_only,cartoon,cartoon/dog/pic_136.jpg,0,0
source_only,cartoon,cartoon/dog/pic_139.jpg,0,0
source_only,cartoon,cartoon/dog/pic_140.jpg,0,0
source_only,cartoon,cartoon/dog/pic_155.jpg,0,0
source_only,cartoon,cartoon/dog/pic_160.jpg,0,0
source_only,cartoon,cartoon/dog/pic_164.jpg,0,0
source_only,cartoon,cartoon/dog/pic_171.jpg,0,0
source_only,cartoon,cartoon/dog/pic_176.jpg,0,0
source_only,cartoon,cartoon/dog/pic_178.jpg,0,0
source_only,cartoon,cartoon/dog/pic_180.jpg,0,0
source_only,cartoon,cartoon/dog/pic_190.jpg,0,6
source_only,cartoon,cartoon/dog/pic_198.jpg,0,0
source_only,cartoon,cartoon/dog/pic_210.jpg,0,0
source_only,cartoon,cartoon/dog/pic_218.jpg,0,0
source_only,cartoon,cartoon/dog/pic_229.jpg,0,0
source_only,cartoon,cartoon/dog/pic_237.jpg,0,0
source_only,cartoon,cartoon/dog/pic_262.jpg,0,0
source_only,cartoon,cartoon/dog/pic_265.jpg,0,0
source_only,cartoon,cartoon/dog/pic_274.jpg,0,0
source_only,cartoon,cartoon/dog/pic_282.jpg,0,0
source_only,cartoon,cartoon/dog/pic_284.jpg,0,0
source_only,cartoon,cartoon/dog/pic_287.jpg,0,0
source_only,cartoon,cartoon/dog/pic_292.jpg,0,0
source_only,cartoon,cartoon/dog/pic_294.jpg,0,0
source_only,cartoon,cartoon/dog/pic_305.jpg,0,0
source_only,cartoon,cartoon/dog/pic_310.jpg,0,0
source_only,cartoon,cartoon/dog/pic_313.jpg,0,0
source_only,cartoon,cartoon/dog/pic_317.jpg,0,0
source_only,cartoon,cartoon/dog/pic_319.jpg,0,0
source_only,cartoon,cartoon/dog/pic_325.jpg,0,6
source_only,cartoon,cartoon/dog/pic_327.jpg,0,0
source_only,cartoon,cartoon/dog/pic_329.jpg,0,0
source_only,cartoon,cartoon/dog/pic_330.jpg,0,6
source_only,cartoon,cartoon/dog/pic_333.jpg,0,0
source_only,cartoon,cartoon/dog/pic_334.jpg,0,0
source_only,cartoon,cartoon/dog/pic_338.jpg,0,0
source_only,cartoon,cartoon/dog/pic_339.jpg,0,4
source_only,cartoon,cartoon/dog/pic_344.jpg,0,0
source_only,cartoon,cartoon/dog/pic_346.jpg,0,0
source_only,cartoon,cartoon/dog/pic_348.jpg,0,0
source_only,cartoon,cartoon/dog/pic_354.jpg,0,0
source_only,cartoon,cartoon/dog/pic_368.jpg,0,0
source_only,cartoon,cartoon/dog/pic_369.jpg,0,0
source_only,cartoon,cartoon/dog/pic_386.jpg,0,0
source_only,cartoon,cartoon/dog/pic_393.jpg,0,6
source_only,cartoon,cartoon/dog/pic_397.jpg,0,0
source_only,cartoon,cartoon/dog/pic_398.jpg,0,0
source_only,cartoon,cartoon/dog/pic_401.jpg,0,6
source_only,cartoon,cartoon/dog/pic_419.jpg,0,0
source_only,cartoon,cartoon/dog/pic_422.jpg,0,0
source_only,cartoon,cartoon/dog/pic_425.jpg,0,0
source_only,cartoon,cartoon/dog/pic_427.jpg,0,6
source_only,cartoon,cartoon/dog/pic_430.jpg,0,0
source_only,cartoon,cartoon/dog/pic_433.jpg,0,0
source_only,cartoon,cartoon/dog/pic_440.jpg,0,0
source_only,cartoon,cartoon/elephant/pic_010.jpg,1,1
source_only,cartoon,cartoon/elephant/pic_013.jpg,1,1
source_only,cartoon,cartoon/elephant/pic_021.jpg,1,1
source_only,cartoon,cartoon/elephant/pic_022.jpg,1,1
source_only,cartoon,cartoon/elephant/pic_030.jpg,1,1
source_only,cartoon,cartoon/elephant/pic_032.jpg,1,1
source_only,cartoon,cartoon/elephant/pic_037.jpg,1,1
source_only,cartoon,cartoon/elephant/pic_047.jpg,1,1
source_only,cartoon,cartoon/elephant/pic_049.jpg,1,1
source_only,cartoon,cartoon/elephant/pic_054.jpg,1,1
source_only,cartoon,cartoon/elephant/pic_061.jpg,1,1
source_only,cartoon,cartoon/elephant/pic_062.jpg,1,1
source_only,cartoon,cartoon/elephant/pic_087.jpg,1,1
source_only,cartoon,cartoon/elephant/pic_088.jpg,1,1
source_only,cartoon,cartoon/elephant/pic_091.jpg,1,1
source_only,cartoon,cartoon/elephant/pic_094.jpg,1,1
source_only,cartoon,cartoon/elephant/pic_105.jpg,1,1
source_only,cartoon,cartoon/elephant/pic_107.jpg,1,1
source_only,cartoon,cartoon/elephant/pic_109.jpg,1,1
source_only,cartoon,cartoon/elephant/pic_113.jpg,1,1
source_only,cartoon,cartoon/elephant/pic_114.jpg,1,1
source_only,cartoon,cartoon/elephant/pic_124.jpg,1,1
source_only,cartoon,cartoon/elephant/pic_129.jpg,1,1
source_only,cartoon,cartoon/elephant/pic_130.jpg,1,1
source_only,cartoon,cartoon/elephant/pic_135.jpg,1,1
source_only,cartoon,cartoon/elephant/pic_136.jpg,1,1
source_only,cartoon,cartoon/elephant/pic_141.jpg,1,1
source_only,cartoon,cartoon/elephant/pic_147.jpg,1,1
source_only,cartoon,cartoon/elephant/pic_154.jpg,1,1
source_only,cartoon,cartoon/elephant/pic_155.jpg,1,1
source_only,cartoon,cartoon/elephant/pic_173.jpg,1,1
source_only,cartoon,cartoon/elephant/pic_180.jpg,1,1
source_only,cartoon,cartoon/elephant/pic_184.jpg,1,1
source_only,cartoon,cartoon/elephant/pic_187.jpg,1,1
source_only,cartoon,cartoon/elephant/pic_192.jpg,1,1
source_only,cartoon,cartoon/elephant/pic_205.jpg,1,1
source_only,cartoon,cartoon/elephant/pic_208.jpg,1,1
source_only,cartoon,cartoon/elephant/pic_214.jpg,1,1
source_only,cartoon,cartoon/elephant/pic_216.jpg,1,1
source_only,cartoon,cartoon/elephant/pic_228.jpg,1,1
source_only,cartoon,cartoon/elephant/pic_242.jpg,1,1
source_only,cartoon,cartoon/elephant/pic_244.jpg,1,1
source_only,cartoon,cartoon/elephant/pic_246.jpg,1,1
source_only,cartoon,cartoon/elephant/pic_251.jpg,1,1
source_only,cartoon,cartoon/elephant/pic_254.jpg,1,1
source_only,cartoon,cartoon/elephant/pic_257.jpg,1,1
source_only,cartoon,cartoon/elephant/pic_258.jpg,1,1
source_only,cartoon,cartoon/elephant/pic_262.jpg,1,1
source_only,cartoon,cartoon/elephant/pic_276.jpg,1,1
source_only,cartoon,cartoon/elephant/pic_280.jpg,1,1
source_only,cartoon,cartoon/elephant/pic_296.jpg,1,1
source_only,cartoon,cartoon/elephant/pic_302.jpg,1,1
source_only,cartoon,cartoon/elephant/pic_306.jpg,1,1
source_only,cartoon,cartoon/elephant/pic_307.jpg,1,1
source_only,cartoon,cartoon/elephant/pic_316.jpg,1,1
source_only,cartoon,cartoon/elephant/pic_319.jpg,1,1
source_only,cartoon,cartoon/elephant/pic_320.jpg,1,1
source_only,cartoon,cartoon/elephant/pic_327.jpg,1,1
source_only,cartoon,cartoon/elephant/pic_334.jpg,1,1
source_only,cartoon,cartoon/elephant/pic_336.jpg,1,1
source_only,cartoon,cartoon/elephant/pic_337.jpg,1,1
source_only,cartoon,cartoon/elephant/pic_345.jpg,1,1
source_only,cartoon,cartoon/elephant/pic_346.jpg,1,1
source_only,cartoon,cartoon/elephant/pic_350.jpg,1,1
source_only,cartoon,cartoon/elephant/pic_354.jpg,1,1
source_only,cartoon,cartoon/elephant/pic_362.jpg,1,1
source_only,cartoon,cartoon/elephant/pic_364.jpg,1,1
source_only,cartoon,cartoon/elephant/pic_374.jpg,1,1
source_only,cartoon,cartoon/elephant/pic_378.jpg,1,2
source_only,cartoon,cartoon/elephant/pic_381.jpg,1,1
source_only,cartoon,cartoon/elephant/pic_382.jpg,1,1
source_only,cartoon,cartoon/elephant/pic_387.jpg,1,1
source_only,cartoon,cartoon/elephant/pic_389.jpg,1,1
source_only,cartoon,cartoon/elephant/pic_393.jpg,1,1
source_only,cartoon,cartoon/elephant/pic_396.jpg,1,1
source_only,cartoon,cartoon/elephant/pic_400.jpg,1,1
source_only,cartoon,cartoon/elephant/pic_402.jpg,1,0
source_only,cartoon,cartoon/elephant/pic_405.jpg,1,1
source_only,cartoon,cartoon/elephant/pic_416.jpg,1,1
source_only,cartoon,cartoon/elephant/pic_425.jpg,1,0
source_only,cartoon,cartoon/elephant/pic_432.jpg,1,1
source_only,cartoon,cartoon/elephant/pic_435.jpg,1,1
source_only,cartoon,cartoon/elephant/pic_444.jpg,1,1
source_only,cartoon,cartoon/elephant/pic_446.jpg,1,1
source_only,cartoon,cartoon/elephant/pic_449.jpg,1,1
source_only,cartoon,cartoon/elephant/pic_450.jpg,1,1
source_only,cartoon,cartoon/elephant/pic_471.jpg,1,1
source_only,cartoon,cartoon/elephant/pic_477.jpg,1,6
source_only,cartoon,cartoon/elephant/pic_479.jpg,1,1
source_only,cartoon,cartoon/elephant/pic_496.jpg,1,1
source_only,cartoon,cartoon/elephant/pic_501.jpg,1,6
source_only,cartoon,cartoon/giraffe/pic_005.jpg,2,2
source_only,cartoon,cartoon/giraffe/pic_009.jpg,2,2
source_only,cartoon,cartoon/giraffe/pic_013.jpg,2,2
source_only,cartoon,cartoon/giraffe/pic_017.jpg,2,2
source_only,cartoon,cartoon/giraffe/pic_019.jpg,2,2
source_only,cartoon,cartoon/giraffe/pic_020.jpg,2,2
source_only,cartoon,cartoon/giraffe/pic_030.jpg,2,2
source_only,cartoon,cartoon/giraffe/pic_037.jpg,2,2
source_only,cartoon,cartoon/giraffe/pic_045.jpg,2,2
source_only,cartoon,cartoon/giraffe/pic_061.jpg,2,2
source_only,cartoon,cartoon/giraffe/pic_071.jpg,2,2
source_only,cartoon,cartoon/giraffe/pic_082.jpg,2,2
source_only,cartoon,cartoon/giraffe/pic_090.jpg,2,2
source_only,cartoon,cartoon/giraffe/pic_098.jpg,2,2
source_only,cartoon,cartoon/giraffe/pic_100.jpg,2,2
source_only,cartoon,cartoon/giraffe/pic_105.jpg,2,2
source_only,cartoon,cartoon/giraffe/pic_112.jpg,2,2
source_only,cartoon,cartoon/giraffe/pic_113.jpg,2,2
source_only,cartoon,cartoon/giraffe/pic_119.jpg,2,2
source_only,cartoon,cartoon/giraffe/pic_125.jpg,2,2
source_only,cartoon,cartoon/giraffe/pic_127.jpg,2,2
source_only,cartoon,cartoon/giraffe/pic_136.jpg,2,2
source_only,cartoon,cartoon/giraffe/pic_143.jpg,2,2
source_only,cartoon,cartoon/giraffe/pic_148.jpg,2,2
source_only,cartoon,cartoon/giraffe/pic_156.jpg,2,2
source_only,cartoon,cartoon/giraffe/pic_160.jpg,2,2
source_only,cartoon,cartoon/giraffe/pic_168.jpg,2,2
source_only,cartoon,cartoon/giraffe/pic_173.jpg,2,2
source_only,cartoon,cartoon/giraffe/pic_192.jpg,2,2
source_only,cartoon,cartoon/giraffe/pic_195.jpg,2,6
source_only,cartoon,cartoon/giraffe/pic_198.jpg,2,2
source_only,cartoon,cartoon/giraffe/pic_199.jpg,2,2
source_only,cartoon,cartoon/giraffe/pic_202.jpg,2,2
source_only,cartoon,cartoon/giraffe/pic_209.jpg,2,2
source_only,cartoon,cartoon/giraffe/pic_212.jpg,2,2
source_only,cartoon,cartoon/giraffe/pic_216.jpg,2,2
source_only,cartoon,cartoon/giraffe/pic_218.jpg,2,2
source_only,cartoon,cartoon/giraffe/pic_219.jpg,2,2
source_only,cartoon,cartoon/giraffe/pic_225.jpg,2,2
source_only,cartoon,cartoon/giraffe/pic_226.jpg,2,2
source_only,cartoon,cartoon/giraffe/pic_231.jpg,2,2
source_only,cartoon,cartoon/giraffe/pic_244.jpg,2,2
source_only,cartoon,cartoon/giraffe/pic_248.jpg,2,4
source_only,cartoon,cartoon/giraffe/pic_253.jpg,2,4
source_only,cartoon,cartoon/giraffe/pic_254.jpg,2,2
source_only,cartoon,cartoon/giraffe/pic_260.jpg,2,2
source_only,cartoon,cartoon/giraffe/pic_262.jpg,2,2
source_only,cartoon,cartoon/giraffe/pic_267.jpg,2,2
source_only,cartoon,cartoon/giraffe/pic_272.jpg,2,2
source_only,cartoon,cartoon/giraffe/pic_273.jpg,2,2
source_only,cartoon,cartoon/giraffe/pic_280.jpg,2,2
source_only,cartoon,cartoon/giraffe/pic_297.jpg,2,2
source_only,cartoon,cartoon/giraffe/pic_305.jpg,2,2
source_only,cartoon,cartoon/giraffe/pic_317.jpg,2,2
source_only,cartoon,cartoon/giraffe/pic_318.jpg,2,6
source_only,cartoon,cartoon/giraffe/pic_320.jpg,2,2
source_only,cartoon,cartoon/giraffe/pic_322.jpg,2,2
source_only,cartoon,cartoon/giraffe/pic_339.jpg,2,2
source_only,cartoon,cartoon/giraffe/pic_341.jpg,2,2
source_only,cartoon,cartoon/giraffe/pic_349.jpg,2,2
source_only,cartoon,cartoon/giraffe/pic_353.jpg,2,2
source_only,cartoon,cartoon/giraffe/pic_356.jpg,2,2
source_only,cartoon,cartoon/giraffe/pic_360.jpg,2,2
source_only,cartoon,cartoon/giraffe/pic_365.jpg,2,2
source_only,cartoon,cartoon/giraffe/pic_369.jpg,2,2
source_only,cartoon,cartoon/giraffe/pic_373.jpg,2,2
source_only,cartoon,cartoon/giraffe/pic_379.jpg,2,2
source_only,cartoon,cartoon/giraffe/pic_383.jpg,2,2
source_only,cartoon,cartoon/giraffe/pic_385.jpg,2,2
source_only,cartoon,cartoon/guitar/pic_004.jpg,3,3
source_only,cartoon,cartoon/guitar/pic_011.jpg,3,3
source_only,cartoon,cartoon/guitar/pic_012.jpg,3,3
source_only,cartoon,cartoon/guitar/pic_016.jpg,3,3
source_only,cartoon,cartoon/guitar/pic_020.jpg,3,3
source_only,cartoon,cartoon/guitar/pic_024.jpg,3,3
source_only,cartoon,cartoon/guitar/pic_030.jpg,3,3
source_only,cartoon,cartoon/guitar/pic_035.jpg,3,3
source_only,cartoon,cartoon/guitar/pic_046.jpg,3,3
source_only,cartoon,cartoon/guitar/pic_048.jpg,3,3
source_only,cartoon,cartoon/guitar/pic_058.jpg,3,3
source_only,cartoon,cartoon/guitar/pic_060.jpg,3,3
source_only,cartoon,cartoon/guitar/pic_068.jpg,3,3
source_only,cartoon,cartoon/guitar/pic_069.jpg,3,3
source_only,cartoon,cartoon/guitar/pic_070.jpg,3,3
source_only,cartoon,cartoon/guitar/pic_073.jpg,3,3
source_only,cartoon,cartoon/guitar/pic_076.jpg,3,3
source_only,cartoon,cartoon/guitar/pic_083.jpg,3,3
source_only,cartoon,cartoon/guitar/pic_089.jpg,3,3
source_only,cartoon,cartoon/guitar/pic_097.jpg,3,3
source_only,cartoon,cartoon/guitar/pic_100.jpg,3,3
source_only,cartoon,cartoon/guitar/pic_107.jpg,3,3
source_only,cartoon,cartoon/guitar/pic_112.jpg,3,3
source_only,cartoon,cartoon/guitar/pic_117.jpg,3,3
source_only,cartoon,cartoon/guitar/pic_118.jpg,3,3
source_only,cartoon,cartoon/guitar/pic_124.jpg,3,3
source_only,cartoon,cartoon/guitar/pic_125.jpg,3,3
source_only,cartoon,cartoon/horse/pic_004.jpg,4,4
source_only,cartoon,cartoon/horse/pic_009.jpg,4,4
source_only,cartoon,cartoon/horse/pic_011.jpg,4,4
source_only,cartoon,cartoon/horse/pic_013.jpg,4,4
source_only,cartoon,cartoon/horse/pic_021.jpg,4,4
source_only,cartoon,cartoon/horse/pic_025.jpg,4,4
source_only,cartoon,cartoon/horse/pic_026.jpg,4,4
source_only,cartoon,cartoon/horse/pic_028.jpg,4,4
source_only,cartoon,cartoon/horse/pic_032.jpg,4,4
source_only,cartoon,cartoon/horse/pic_048.jpg,4,4
source_only,cartoon,cartoon/horse/pic_049.jpg,4,4
source_only,cartoon,cartoon/horse/pic_051.jpg,4,4
source_only,cartoon,cartoon/horse/pic_053.jpg,4,4
source_only,cartoon,cartoon/horse/pic_064.jpg,4,4
source_only,cartoon,cartoon/horse/pic_070.jpg,4,4
source_only,cartoon,cartoon/horse/pic_072.jpg,4,6
source_only,cartoon,cartoon/horse/pic_079.jpg,4,4
source_only,cartoon,cartoon/horse/pic_086.jpg,4,4
source_only,cartoon,cartoon/horse/pic_092.jpg,4,4
source_only,cartoon,cartoon/horse/pic_096.jpg,4,4
source_only,cartoon,cartoon/horse/pic_106.jpg,4,4
source_only,cartoon,cartoon/horse/pic_118.jpg,4,4
source_only,cartoon,cartoon/horse/pic_121.jpg,4,4
source_only,cartoon,cartoon/horse/pic_131.jpg,4,4
source_only,cartoon,cartoon/horse/pic_132.jpg,4,4
source_only,cartoon,cartoon/horse/pic_135.jpg,4,4
source_only,cartoon,cartoon/horse/pic_139.jpg,4,4
source_only,cartoon,cartoon/horse/pic_147.jpg,4,4
source_only,cartoon,cartoon/horse/pic_157.jpg,4,4
source_only,cartoon,cartoon/horse/pic_173.jpg,4,4
source_only,cartoon,cartoon/horse/pic_186.jpg,4,4
source_only,cartoon,cartoon/horse/pic_187.jpg,4,4
source_only,cartoon,cartoon/horse/pic_188.jpg,4,0
source_only,cartoon,cartoon/horse/pic_189.jpg,4,4
source_only,cartoon,cartoon/horse/pic_196.jpg,4,4
source_only,cartoon,cartoon/horse/pic_214.jpg,4,4
source_only,cartoon,cartoon/horse/pic_219.jpg,4,4
source_only,cartoon,cartoon/horse/pic_220.jpg,4,4
source_only,cartoon,cartoon/horse/pic_221.jpg,4,4
source_only,cartoon,cartoon/horse/pic_224.jpg,4,4
source_only,cartoon,cartoon/horse/pic_233.jpg,4,4
source_only,cartoon,cartoon/horse/pic_243.jpg,4,4
source_only,cartoon,cartoon/horse/pic_257.jpg,4,4
source_only,cartoon,cartoon/horse/pic_264.jpg,4,6
source_only,cartoon,cartoon/horse/pic_267.jpg,4,4
source_only,cartoon,cartoon/horse/pic_275.jpg,4,4
source_only,cartoon,cartoon/horse/pic_288.jpg,4,1
source_only,cartoon,cartoon/horse/pic_293.jpg,4,0
source_only,cartoon,cartoon/horse/pic_297.jpg,4,4
source_only,cartoon,cartoon/horse/pic_300.jpg,4,4
source_only,cartoon,cartoon/horse/pic_303.jpg,4,4
source_only,cartoon,cartoon/horse/pic_312.jpg,4,4
source_only,cartoon,cartoon/horse/pic_322.jpg,4,4
source_only,cartoon,cartoon/horse/pic_327.jpg,4,4
source_only,cartoon,cartoon/horse/pic_332.jpg,4,4
source_only,cartoon,cartoon/horse/pic_336.jpg,4,4
source_only,cartoon,cartoon/horse/pic_340.jpg,4,4
source_only,cartoon,cartoon/horse/pic_343.jpg,4,4
source_only,cartoon,cartoon/horse/pic_345.jpg,4,4
source_only,cartoon,cartoon/horse/pic_347.jpg,4,4
source_only,cartoon,cartoon/horse/pic_352.jpg,4,4
source_only,cartoon,cartoon/horse/pic_355.jpg,4,4
source_only,cartoon,cartoon/horse/pic_357.jpg,4,4
source_only,cartoon,cartoon/horse/pic_363.jpg,4,4
source_only,cartoon,cartoon/horse/pic_364.jpg,4,4
source_only,cartoon,cartoon/house/pic_007.jpg,5,5
source_only,cartoon,cartoon/house/pic_011.jpg,5,5
source_only,cartoon,cartoon/house/pic_012.jpg,5,5
source_only,cartoon,cartoon/house/pic_014.jpg,5,5
source_only,cartoon,cartoon/house/pic_017.jpg,5,5
source_only,cartoon,cartoon/house/pic_023.jpg,5,5
source_only,cartoon,cartoon/house/pic_025.jpg,5,5
source_only,cartoon,cartoon/house/pic_026.jpg,5,5
source_only,cartoon,cartoon/house/pic_038.jpg,5,5
source_only,cartoon,cartoon/house/pic_039.jpg,5,5
source_only,cartoon,cartoon/house/pic_048.jpg,5,5
source_only,cartoon,cartoon/house/pic_064.jpg,5,5
source_only,cartoon,cartoon/house/pic_074.jpg,5,5
source_only,cartoon,cartoon/house/pic_080.jpg,5,5
source_only,cartoon,cartoon/house/pic_093.jpg,5,5
source_only,cartoon,cartoon/house/pic_098.jpg,5,5
source_only,cartoon,cartoon/house/pic_102.jpg,5,5
source_only,cartoon,cartoon/house/pic_103.jpg,5,5
source_only,cartoon,cartoon/house/pic_108.jpg,5,5
source_only,cartoon,cartoon/house/pic_119.jpg,5,5
source_only,cartoon,cartoon/house/pic_121.jpg,5,5
source_only,cartoon,cartoon/house/pic_140.jpg,5,5
source_only,cartoon,cartoon/house/pic_145.jpg,5,5
source_only,cartoon,cartoon/house/pic_147.jpg,5,5
source_only,cartoon,cartoon/house/pic_153.jpg,5,5
source_only,cartoon,cartoon/house/pic_160.jpg,5,5
source_only,cartoon,cartoon/house/pic_165.jpg,5,5
source_only,cartoon,cartoon/house/pic_167.jpg,5,5
source_only,cartoon,cartoon/house/pic_182.jpg,5,5
source_only,cartoon,cartoon/house/pic_191.jpg,5,5
source_only,cartoon,cartoon/house/pic_198.jpg,5,5
source_only,cartoon,cartoon/house/pic_201.jpg,5,5
source_only,cartoon,cartoon/house/pic_211.jpg,5,5
source_only,cartoon,cartoon/house/pic_212.jpg,5,5
source_only,cartoon,cartoon/house/pic_216.jpg,5,5
source_only,cartoon,cartoon/house/pic_217.jpg,5,5
source_only,cartoon,cartoon/house/pic_223.jpg,5,5
source_only,cartoon,cartoon/house/pic_228.jpg,5,5
source_only,cartoon,cartoon/house/pic_252.jpg,5,5
source_only,cartoon,cartoon/house/pic_256.jpg,5,5
source_only,cartoon,cartoon/house/pic_257.jpg,5,5
source_only,cartoon,cartoon/house/pic_265.jpg,5,5
source_only,cartoon,cartoon/house/pic_277.jpg,5,5
source_only,cartoon,cartoon/house/pic_278.jpg,5,5
source_only,cartoon,cartoon/house/pic_282.jpg,5,5
source_only,cartoon,cartoon/house/pic_286.jpg,5,5
source_only,cartoon,cartoon/house/pic_299.jpg,5,5
source_only,cartoon,cartoon/house/pic_308.jpg,5,5
source_only,cartoon,cartoon/house/pic_310.jpg,5,5
source_only,cartoon,cartoon/house/pic_311.jpg,5,5
source_only,cartoon,cartoon/house/pic_314.jpg,5,5
source_only,cartoon,cartoon/house/pic_317.jpg,5,5
source_only,cartoon,cartoon/house/pic_321.jpg,5,5
source_only,cartoon,cartoon/house/pic_340.jpg,5,5
source_only,cartoon,cartoon/house/pic_343.jpg,5,5
source_only,cartoon,cartoon/house/pic_347.jpg,5,5
source_only,cartoon,cartoon/house/pic_354.jpg,5,5
source_only,cartoon,cartoon/house/pic_355.jpg,5,5
source_only,cartoon,cartoon/person/pic_008.jpg,6,6
source_only,cartoon,cartoon/person/pic_020.jpg,6,6
source_only,cartoon,cartoon/person/pic_025.jpg,6,6
source_only,cartoon,cartoon/person/pic_031.jpg,6,6
source_only,cartoon,cartoon/person/pic_035.jpg,6,6
source_only,cartoon,cartoon/person/pic_036.jpg,6,6
source_only,cartoon,cartoon/person/pic_037.jpg,6,6
source_only,cartoon,cartoon/person/pic_039.jpg,6,6
source_only,cartoon,cartoon/person/pic_044.jpg,6,6
source_only,cartoon,cartoon/person/pic_052.jpg,6,6
source_only,cartoon,cartoon/person/pic_055.jpg,6,6
source_only,cartoon,cartoon/person/pic_061.jpg,6,6
source_only,cartoon,cartoon/person/pic_067.jpg,6,6
source_only,cartoon,cartoon/person/pic_070.jpg,6,6
source_only,cartoon,cartoon/person/pic_078.jpg,6,6
source_only,cartoon,cartoon/person/pic_079.jpg,6,6
source_only,cartoon,cartoon/person/pic_093.jpg,6,6
source_only,cartoon,cartoon/person/pic_094.jpg,6,6
source_only,cartoon,cartoon/person/pic_095.jpg,6,6
source_only,cartoon,cartoon/person/pic_105.jpg,6,6
source_only,cartoon,cartoon/person/pic_111.jpg,6,6
source_only,cartoon,cartoon/person/pic_113.jpg,6,6
source_only,cartoon,cartoon/person/pic_119.jpg,6,4
source_only,cartoon,cartoon/person/pic_125.jpg,6,6
source_only,cartoon,cartoon/person/pic_126.jpg,6,6
source_only,cartoon,cartoon/person/pic_129.jpg,6,6
source_only,cartoon,cartoon/person/pic_131.jpg,6,6
source_only,cartoon,cartoon/person/pic_141.jpg,6,6
source_only,cartoon,cartoon/person/pic_146.jpg,6,6
source_only,cartoon,cartoon/person/pic_151.jpg,6,6
source_only,cartoon,cartoon/person/pic_159.jpg,6,6
source_only,cartoon,cartoon/person/pic_167.jpg,6,6
source_only,cartoon,cartoon/person/pic_169.jpg,6,0
source_only,cartoon,cartoon/person/pic_170.jpg,6,6
source_only,cartoon,cartoon/person/pic_190.jpg,6,6
source_only,cartoon,cartoon/person/pic_193.jpg,6,6
source_only,cartoon,cartoon/person/pic_197.jpg,6,6
source_only,cartoon,cartoon/person/pic_203.jpg,6,6
source_only,cartoon,cartoon/person/pic_209.jpg,6,6
source_only,cartoon,cartoon/person/pic_210.jpg,6,6
source_only,cartoon,cartoon/person/pic_215.jpg,6,6
source_only,cartoon,cartoon/person/pic_216.jpg,6,6
source_only,cartoon,cartoon/person/pic_218.jpg,6,6
source_only,cartoon,cartoon/person/pic_224.jpg,6,6
source_only,cartoon,cartoon/person/pic_225.jpg,6,6
source_only,cartoon,cartoon/person/pic_226.jpg,6,6
source_only,cartoon,cartoon/person/pic_227.jpg,6,6
source_only,cartoon,cartoon/person/pic_236.jpg,6,6
source_only,cartoon,cartoon/person/pic_248.jpg,6,6
source_only,cartoon,cartoon/person/pic_253.jpg,6,6
source_only,cartoon,cartoon/person/pic_257.jpg,6,6
source_only,cartoon,cartoon/person/pic_259.jpg,6,6
source_only,cartoon,cartoon/person/pic_261.jpg,6,6
source_only,cartoon,cartoon/person/pic_265.jpg,6,6
source_only,cartoon,cartoon/person/pic_268.jpg,6,6
source_only,cartoon,cartoon/person/pic_285.jpg,6,6
source_only,cartoon,cartoon/person/pic_302.jpg,6,6
source_only,cartoon,cartoon/person/pic_313.jpg,6,6
source_only,cartoon,cartoon/person/pic_314.jpg,6,6
source_only,cartoon,cartoon/person/pic_316.jpg,6,6
source_only,cartoon,cartoon/person/pic_319.jpg,6,6
source_only,cartoon,cartoon/person/pic_320.jpg,6,6
source_only,cartoon,cartoon/person/pic_323.jpg,6,6
source_only,cartoon,cartoon/person/pic_333.jpg,6,6
source_only,cartoon,cartoon/person/pic_349.jpg,6,6
source_only,cartoon,cartoon/person/pic_368.jpg,6,6
source_only,cartoon,cartoon/person/pic_372.jpg,6,6
source_only,cartoon,cartoon/person/pic_377.jpg,6,6
source_only,cartoon,cartoon/person/pic_385.jpg,6,6
source_only,cartoon,cartoon/person/pic_387.jpg,6,6
source_only,cartoon,cartoon/person/pic_389.jpg,6,6
source_only,cartoon,cartoon/person/pic_392.jpg,6,6
source_only,cartoon,cartoon/person/pic_409.jpg,6,6
source_only,cartoon,cartoon/person/pic_415.jpg,6,6
source_only,cartoon,cartoon/person/pic_418.jpg,6,6
source_only,cartoon,cartoon/person/pic_424.jpg,6,6
source_only,cartoon,cartoon/person/pic_425.jpg,6,6
source_only,cartoon,cartoon/person/pic_434.jpg,6,6
source_only,cartoon,cartoon/person/pic_438.jpg,6,6
source_only,cartoon,cartoon/person/pic_449.jpg,6,6
source_only,cartoon,cartoon/person/pic_452.jpg,6,6
