backbone,predictor,condition,transformed_identifier,clean_official_index,true_class_id,cosine_similarity,clean_predicted_class_id,transformed_predicted_class_id,prediction_consistent
clip_vit_b_32,clip_vit_b_32_linear_head,grayscale,3,3,0,0.898702085018158,0,0,True
clip_vit_b_32,clip_vit_b_32_linear_head,grayscale,29,29,7,0.9999998807907104,7,7,True
clip_vit_b_32,clip_vit_b_32_linear_head,grayscale,35,35,2,0.815886914730072,2,9,False
clip_vit_b_32,clip_vit_b_32_linear_head,grayscale,42,42,0,0.949641227722168,0,0,True
clip_vit_b_32,clip_vit_b_32_linear_head,grayscale,49,49,2,0.8766802549362183,2,2,True
clip_vit_b_32,clip_vit_b_32_linear_head,grayscale,81,81,0,1.0,0,0,True
clip_vit_b_32,clip_vit_b_32_linear_head,grayscale,95,95,1,0.9105801582336426,1,1,True
clip_vit_b_32,clip_vit_b_32_linear_head,grayscale,97,97,5,0.8486294746398926,5,5,True
clip_vit_b_32,clip_vit_b_32_linear_head,grayscale,116,116,1,0.9182164669036865,1,1,True
clip_vit_b_32,clip_vit_b_32_linear_head,grayscale,131,131,9,0.8351224660873413,9,9,True
clip_vit_b_32,clip_vit_b_32_linear_head,grayscale,151,151,8,0.8864666223526001,8,8,True
clip_vit_b_32,clip_vit_b_32_linear_head,grayscale,171,171,4,0.9184257984161377,4,4,True
clip_vit_b_32,clip_vit_b_32_linear_head,grayscale,176,176,3,0.9265481233596802,3,3,True
clip_vit_b_32,clip_vit_b_32_linear_head,grayscale,191,191,9,0.9143543243408203,2,2,True
clip_vit_b_32,clip_vit_b_32_linear_head,grayscale,194,194,8,0.918280839920044,8,8,True
clip_vit_b_32,clip_vit_b_32_linear_head,grayscale,198,198,1,0.9042391180992126,1,1,True
clip_vit_b_32,clip_vit_b_32_linear_head,grayscale,239,239,9,0.9127190709114075,9,9,True
clip_vit_b_32,clip_vit_b_32_linear_head,grayscale,261,261,1,0.9035383462905884,1,1,True
clip_vit_b_32,clip_vit_b_32_linear_head,grayscale,269,269,7,0.8686851859092712,7,7,True
clip_vit_b_32,clip_vit_b_32_linear_head,grayscale,276,276,9,0.8884161114692688,9,9,True
clip_vit_b_32,clip_vit_b_32_linear_head,grayscale,303,303,9,0.9485242366790771,9,9,True
clip_vit_b_32,clip_vit_b_32_linear_head,grayscale,304,304,1,0.8729760050773621,1,1,True
clip_vit_b_32,clip_vit_b_32_linear_head,grayscale,317,317,2,0.8883135318756104,2,2,True
clip_vit_b_32,clip_vit_b_32_linear_head,grayscale,319,319,5,0.922518789768219,5,5,True
clip_vit_b_32,clip_vit_b_32_linear_head,grayscale,323,323,7,0.9399060010910034,7,7,True
clip_vit_b_32,clip_vit_b_32_linear_head,grayscale,365,365,3,0.9070459008216858,3,3,True
clip_vit_b_32,clip_vit_b_32_linear_head,grayscale,370,370,7,0.8815661072731018,7,7,True
clip_vit_b_32,clip_vit_b_32_linear_head,grayscale,372,372,3,0.8943583965301514,3,3,True
clip_vit_b_32,clip_vit_b_32_linear_head,grayscale,378,378,5,0.9566603302955627,5,5,True
clip_vit_b_32,clip_vit_b_32_linear_head,grayscale,391,391,3,0.9187688827514648,3,3,True
clip_vit_b_32,clip_vit_b_32_linear_head,grayscale,409,409,2,0.9190865755081177,2,2,True
clip_vit_b_32,clip_vit_b_32_linear_head,grayscale,419,419,9,0.8555912375450134,9,9,True
clip_vit_b_32,clip_vit_b_32_linear_head,grayscale,449,449,6,0.9101746678352356,6,6,True
clip_vit_b_32,clip_vit_b_32_linear_head,grayscale,470,470,2,0.920507550239563,2,2,True
clip_vit_b_32,clip_vit_b_32_linear_head,grayscale,483,483,2,0.8695375323295593,2,2,True
clip_vit_b_32,clip_vit_b_32_linear_head,grayscale,484,484,0,0.8779197335243225,0,0,True
clip_vit_b_32,clip_vit_b_32_linear_head,grayscale,506,506,4,0.8977948427200317,4,4,True
clip_vit_b_32,clip_vit_b_32_linear_head,grayscale,545,545,6,0.7941057682037354,6,6,True
clip_vit_b_32,clip_vit_b_32_linear_head,grayscale,562,562,0,0.9145375490188599,0,0,True
clip_vit_b_32,clip_vit_b_32_linear_head,grayscale,568,568,5,0.962410569190979,5,5,True
clip_vit_b_32,clip_vit_b_32_linear_head,grayscale,603,603,9,0.923191487789154,9,9,True
clip_vit_b_32,clip_vit_b_32_linear_head,grayscale,632,632,3,0.9113564491271973,3,3,True
clip_vit_b_32,clip_vit_b_32_linear_head,grayscale,645,645,5,0.9043989777565002,5,5,True
clip_vit_b_32,clip_vit_b_32_linear_head,grayscale,667,667,8,0.8574624061584473,8,8,True
clip_vit_b_32,clip_vit_b_32_linear_head,grayscale,672,672,3,0.9262649416923523,3,3,True
clip_vit_b_32,clip_vit_b_32_linear_head,grayscale,677,677,3,0.9673702716827393,3,3,True
clip_vit_b_32,clip_vit_b_32_linear_head,grayscale,685,685,5,0.9393560886383057,5,5,True
clip_vit_b_32,clip_vit_b_32_linear_head,grayscale,691,691,4,0.8782645463943481,4,4,True
clip_vit_b_32,clip_vit_b_32_linear_head,grayscale,706,706,8,0.9459840059280396,8,8,True
clip_vit_b_32,clip_vit_b_32_linear_head,grayscale,714,714,2,0.7993856072425842,2,2,True
clip_vit_b_32,clip_vit_b_32_linear_head,grayscale,716,716,8,0.9328327178955078,8,8,True
clip_vit_b_32,clip_vit_b_32_linear_head,grayscale,738,738,3,0.9165148735046387,3,3,True
clip_vit_b_32,clip_vit_b_32_linear_head,grayscale,739,739,8,0.8831459879875183,8,8,True
clip_vit_b_32,clip_vit_b_32_linear_head,grayscale,766,766,4,0.8918609619140625,6,4,False
clip_vit_b_32,clip_vit_b_32_linear_head,grayscale,791,791,3,0.9547463655471802,3,3,True
clip_vit_b_32,clip_vit_b_32_linear_head,grayscale,805,805,9,0.8393625617027283,9,9,True
clip_vit_b_32,clip_vit_b_32_linear_head,grayscale,825,825,1,0.9208471775054932,1,1,True
clip_vit_b_32,clip_vit_b_32_linear_head,grayscale,852,852,9,0.9355974197387695,9,9,True
clip_vit_b_32,clip_vit_b_32_linear_head,grayscale,855,855,4,0.9072930812835693,4,4,True
clip_vit_b_32,clip_vit_b_32_linear_head,grayscale,873,873,6,0.9584192037582397,6,6,True
clip_vit_b_32,clip_vit_b_32_linear_head,grayscale,890,890,6,0.9301853775978088,6,6,True
clip_vit_b_32,clip_vit_b_32_linear_head,grayscale,920,920,6,0.9320322871208191,6,6,True
clip_vit_b_32,clip_vit_b_32_linear_head,grayscale,929,929,6,0.9428237080574036,6,6,True
clip_vit_b_32,clip_vit_b_32_linear_head,grayscale,962,962,8,0.8731106519699097,8,8,True
clip_vit_b_32,clip_vit_b_32_linear_head,grayscale,964,964,6,0.908746063709259,6,6,True
clip_vit_b_32,clip_vit_b_32_linear_head,grayscale,977,977,6,0.9201279878616333,6,6,True
clip_vit_b_32,clip_vit_b_32_linear_head,grayscale,979,979,3,0.9271653294563293,3,3,True
clip_vit_b_32,clip_vit_b_32_linear_head,grayscale,981,981,2,0.9330551624298096,2,2,True
clip_vit_b_32,clip_vit_b_32_linear_head,grayscale,1022,1022,9,0.8057923913002014,9,9,True
clip_vit_b_32,clip_vit_b_32_linear_head,grayscale,1032,1032,7,0.7913556098937988,7,7,True
clip_vit_b_32,clip_vit_b_32_linear_head,grayscale,1048,1048,7,0.89620041847229,7,7,True
clip_vit_b_32,clip_vit_b_32_linear_head,grayscale,1090,1090,1,0.9314191341400146,1,1,True
clip_vit_b_32,clip_vit_b_32_linear_head,grayscale,1095,1095,5,0.912294328212738,5,5,True
clip_vit_b_32,clip_vit_b_32_linear_head,grayscale,1109,1109,1,0.8930034637451172,1,1,True
clip_vit_b_32,clip_vit_b_32_linear_head,grayscale,1111,1111,4,0.8917959928512573,4,4,True
clip_vit_b_32,clip_vit_b_32_linear_head,grayscale,1115,1115,1,0.853451669216156,1,1,True
clip_vit_b_32,clip_vit_b_32_linear_head,grayscale,1124,1124,4,0.9184103012084961,4,4,True
clip_vit_b_32,clip_vit_b_32_linear_head,grayscale,1129,1129,8,0.8562673926353455,8,8,True
clip_vit_b_32,clip_vit_b_32_linear_head,grayscale,1175,1175,0,0.9375371336936951,0,0,True
clip_vit_b_32,clip_vit_b_32_linear_head,grayscale,1202,1202,2,0.8883134126663208,2,2,True
clip_vit_b_32,clip_vit_b_32_linear_head,grayscale,1204,1204,3,0.9104657769203186,3,3,True
clip_vit_b_32,clip_vit_b_32_linear_head,grayscale,1211,1211,4,0.9036853909492493,4,4,True
clip_vit_b_32,clip_vit_b_32_linear_head,grayscale,1220,1220,7,0.924695611000061,7,7,True
clip_vit_b_32,clip_vit_b_32_linear_head,grayscale,1230,1230,1,0.8429394364356995,1,7,False
clip_vit_b_32,clip_vit_b_32_linear_head,grayscale,1247,1247,8,0.9257609248161316,8,8,True
clip_vit_b_32,clip_vit_b_32_linear_head,grayscale,1263,1263,3,0.9101794362068176,3,3,True
clip_vit_b_32,clip_vit_b_32_linear_head,grayscale,1266,1266,4,0.9035329222679138,4,4,True
clip_vit_b_32,clip_vit_b_32_linear_head,grayscale,1287,1287,7,0.8923158645629883,7,7,True
clip_vit_b_32,clip_vit_b_32_linear_head,grayscale,1296,1296,7,0.7979288101196289,7,4,False
clip_vit_b_32,clip_vit_b_32_linear_head,grayscale,1370,1370,3,0.8984013795852661,3,3,True
clip_vit_b_32,clip_vit_b_32_linear_head,grayscale,1389,1389,0,0.930237352848053,0,0,True
clip_vit_b_32,clip_vit_b_32_linear_head,grayscale,1401,1401,3,0.9138974547386169,3,3,True
clip_vit_b_32,clip_vit_b_32_linear_head,grayscale,1403,1403,2,0.9172436594963074,2,2,True
clip_vit_b_32,clip_vit_b_32_linear_head,grayscale,1411,1411,9,0.9135844111442566,9,9,True
clip_vit_b_32,clip_vit_b_32_linear_head,grayscale,1429,1429,4,0.8939386606216431,4,4,True
clip_vit_b_32,clip_vit_b_32_linear_head,grayscale,1430,1430,9,0.843713641166687,9,9,True
clip_vit_b_32,clip_vit_b_32_linear_head,grayscale,1431,1431,3,0.9654054641723633,3,3,True
clip_vit_b_32,clip_vit_b_32_linear_head,grayscale,1436,1436,1,0.8891102075576782,1,1,True
clip_vit_b_32,clip_vit_b_32_linear_head,grayscale,1440,1440,7,0.9400394558906555,7,7,True
clip_vit_b_32,clip_vit_b_32_linear_head,grayscale,1468,1468,9,0.9004358649253845,9,9,True
clip_vit_b_32,clip_vit_b_32_linear_head,grayscale,1473,1473,7,0.9026361107826233,7,7,True
clip_vit_b_32,clip_vit_b_32_linear_head,grayscale,1515,1515,9,0.9019783139228821,9,9,True
clip_vit_b_32,clip_vit_b_32_linear_head,grayscale,1520,1520,2,0.9319269061088562,2,2,True
clip_vit_b_32,clip_vit_b_32_linear_head,grayscale,1531,1531,3,0.9118704199790955,3,3,True
clip_vit_b_32,clip_vit_b_32_linear_head,grayscale,1534,1534,6,0.9887653589248657,6,6,True
clip_vit_b_32,clip_vit_b_32_linear_head,grayscale,1552,1552,5,0.901864230632782,5,4,False
clip_vit_b_32,clip_vit_b_32_linear_head,grayscale,1553,1553,0,0.8240947127342224,0,0,True
clip_vit_b_32,clip_vit_b_32_linear_head,grayscale,1563,1563,3,0.9056774973869324,7,3,False
clip_vit_b_32,clip_vit_b_32_linear_head,grayscale,1568,1568,1,0.8726179599761963,1,1,True
clip_vit_b_32,clip_vit_b_32_linear_head,grayscale,1579,1579,7,0.8999279141426086,7,7,True
clip_vit_b_32,clip_vit_b_32_linear_head,grayscale,1586,1586,2,0.9053738117218018,2,2,True
clip_vit_b_32,clip_vit_b_32_linear_head,grayscale,1596,1596,0,0.9244728684425354,0,0,True
clip_vit_b_32,clip_vit_b_32_linear_head,grayscale,1626,1626,5,0.9003922939300537,5,5,True
clip_vit_b_32,clip_vit_b_32_linear_head,grayscale,1640,1640,8,0.9373921155929565,8,8,True
clip_vit_b_32,clip_vit_b_32_linear_head,grayscale,1644,1644,5,0.8943813443183899,5,5,True
clip_vit_b_32,clip_vit_b_32_linear_head,grayscale,1648,1648,0,0.9492112398147583,0,0,True
clip_vit_b_32,clip_vit_b_32_linear_head,grayscale,1654,1654,9,0.8047892451286316,9,9,True
clip_vit_b_32,clip_vit_b_32_linear_head,grayscale,1667,1667,6,1.0,6,6,True
clip_vit_b_32,clip_vit_b_32_linear_head,grayscale,1703,1703,7,0.9003227949142456,7,7,True
clip_vit_b_32,clip_vit_b_32_linear_head,grayscale,1711,1711,7,0.9270466566085815,7,7,True
clip_vit_b_32,clip_vit_b_32_linear_head,grayscale,1771,1771,7,0.9124892354011536,7,4,False
clip_vit_b_32,clip_vit_b_32_linear_head,grayscale,1783,1783,8,0.8939504027366638,8,8,True
clip_vit_b_32,clip_vit_b_32_linear_head,grayscale,1814,1814,2,0.8877425193786621,2,2,True
clip_vit_b_32,clip_vit_b_32_linear_head,grayscale,1833,1833,8,0.922234058380127,8,8,True
clip_vit_b_32,clip_vit_b_32_linear_head,grayscale,1836,1836,9,0.9148865938186646,9,9,True
clip_vit_b_32,clip_vit_b_32_linear_head,grayscale,1839,1839,2,0.9442833065986633,2,2,True
clip_vit_b_32,clip_vit_b_32_linear_head,grayscale,1852,1852,1,0.8965030908584595,1,1,True
clip_vit_b_32,clip_vit_b_32_linear_head,grayscale,1871,1871,1,0.8505799770355225,1,1,True
clip_vit_b_32,clip_vit_b_32_linear_head,grayscale,1877,1877,5,0.7680373191833496,5,4,False
clip_vit_b_32,clip_vit_b_32_linear_head,grayscale,1884,1884,7,0.9279314279556274,7,7,True
clip_vit_b_32,clip_vit_b_32_linear_head,grayscale,1927,1927,7,0.892167866230011,7,7,True
clip_vit_b_32,clip_vit_b_32_linear_head,grayscale,1954,1954,8,0.8578054904937744,8,8,True
clip_vit_b_32,clip_vit_b_32_linear_head,grayscale,1956,1956,7,0.9174816608428955,7,7,True
clip_vit_b_32,clip_vit_b_32_linear_head,grayscale,1960,1960,4,0.8962105512619019,4,4,True
clip_vit_b_32,clip_vit_b_32_linear_head,grayscale,1977,1977,0,0.9378293752670288,0,0,True
clip_vit_b_32,clip_vit_b_32_linear_head,grayscale,1986,1986,1,0.8867437243461609,1,1,True
clip_vit_b_32,clip_vit_b_32_linear_head,grayscale,1993,1993,1,0.8424990177154541,1,1,True
clip_vit_b_32,clip_vit_b_32_linear_head,grayscale,2003,2003,6,0.9007620811462402,6,6,True
clip_vit_b_32,clip_vit_b_32_linear_head,grayscale,2011,2011,9,0.9001958966255188,9,9,True
clip_vit_b_32,clip_vit_b_32_linear_head,grayscale,2024,2024,0,0.8815641403198242,0,0,True
clip_vit_b_32,clip_vit_b_32_linear_head,grayscale,2028,2028,3,0.8896875381469727,3,3,True
clip_vit_b_32,clip_vit_b_32_linear_head,grayscale,2062,2062,9,0.9032012224197388,9,9,True
clip_vit_b_32,clip_vit_b_32_linear_head,grayscale,2070,2070,1,0.8284773826599121,1,1,True
clip_vit_b_32,clip_vit_b_32_linear_head,grayscale,2082,2082,2,0.8860886096954346,2,2,True
clip_vit_b_32,clip_vit_b_32_linear_head,grayscale,2095,2095,1,0.9473199844360352,1,1,True
clip_vit_b_32,clip_vit_b_32_linear_head,grayscale,2109,2109,8,0.9258692860603333,8,8,True
clip_vit_b_32,clip_vit_b_32_linear_head,grayscale,2114,2114,9,0.9264101982116699,9,9,True
clip_vit_b_32,clip_vit_b_32_linear_head,grayscale,2116,2116,1,0.9238389134407043,1,1,True
clip_vit_b_32,clip_vit_b_32_linear_head,grayscale,2157,2157,1,0.8725042343139648,1,1,True
clip_vit_b_32,clip_vit_b_32_linear_head,grayscale,2167,2167,9,0.8848960399627686,9,9,True
clip_vit_b_32,clip_vit_b_32_linear_head,grayscale,2178,2178,1,0.9181958436965942,1,1,True
clip_vit_b_32,clip_vit_b_32_linear_head,grayscale,2191,2191,8,0.893444836139679,8,8,True
clip_vit_b_32,clip_vit_b_32_linear_head,grayscale,2230,2230,8,0.8154503107070923,8,8,True
clip_vit_b_32,clip_vit_b_32_linear_head,grayscale,2242,2242,0,0.9101893901824951,0,0,True
clip_vit_b_32,clip_vit_b_32_linear_head,grayscale,2265,2265,5,0.909384548664093,5,5,True
clip_vit_b_32,clip_vit_b_32_linear_head,grayscale,2268,2268,5,0.8962143063545227,5,5,True
clip_vit_b_32,clip_vit_b_32_linear_head,grayscale,2291,2291,3,0.7935909032821655,3,3,True
clip_vit_b_32,clip_vit_b_32_linear_head,grayscale,2334,2334,5,0.9292507767677307,5,5,True
clip_vit_b_32,clip_vit_b_32_linear_head,grayscale,2340,2340,8,0.8965232968330383,8,8,True
clip_vit_b_32,clip_vit_b_32_linear_head,grayscale,2342,2342,8,0.851880669593811,8,8,True
clip_vit_b_32,clip_vit_b_32_linear_head,grayscale,2351,2351,9,0.9232847094535828,9,9,True
clip_vit_b_32,clip_vit_b_32_linear_head,grayscale,2391,2391,5,0.889626681804657,5,5,True
clip_vit_b_32,clip_vit_b_32_linear_head,grayscale,2392,2392,2,0.9228140711784363,2,2,True
clip_vit_b_32,clip_vit_b_32_linear_head,grayscale,2399,2399,4,0.9276519417762756,4,4,True
clip_vit_b_32,clip_vit_b_32_linear_head,grayscale,2414,2414,9,0.8548799753189087,9,9,True
clip_vit_b_32,clip_vit_b_32_linear_head,grayscale,2427,2427,5,0.9146358966827393,5,5,True
clip_vit_b_32,clip_vit_b_32_linear_head,grayscale,2458,2458,5,0.9301162958145142,5,5,True
clip_vit_b_32,clip_vit_b_32_linear_head,grayscale,2501,2501,7,0.9234528541564941,7,7,True
clip_vit_b_32,clip_vit_b_32_linear_head,grayscale,2502,2502,2,0.9279924035072327,2,2,True
clip_vit_b_32,clip_vit_b_32_linear_head,grayscale,2536,2536,3,0.9157042503356934,3,3,True
clip_vit_b_32,clip_vit_b_32_linear_head,grayscale,2539,2539,3,0.8500590324401855,3,3,True
clip_vit_b_32,clip_vit_b_32_linear_head,grayscale,2610,2610,6,0.874326765537262,6,6,True
clip_vit_b_32,clip_vit_b_32_linear_head,grayscale,2623,2623,5,0.8863933682441711,5,5,True
clip_vit_b_32,clip_vit_b_32_linear_head,grayscale,2655,2655,9,0.8917244076728821,9,9,True
clip_vit_b_32,clip_vit_b_32_linear_head,grayscale,2668,2668,7,0.9023192524909973,7,7,True
clip_vit_b_32,clip_vit_b_32_linear_head,grayscale,2676,2676,6,0.8259479403495789,6,6,True
clip_vit_b_32,clip_vit_b_32_linear_head,grayscale,2687,2687,1,0.8347183465957642,1,1,True
clip_vit_b_32,clip_vit_b_32_linear_head,grayscale,2690,2690,1,0.9116336703300476,1,1,True
clip_vit_b_32,clip_vit_b_32_linear_head,grayscale,2704,2704,4,0.9443048238754272,4,4,True
clip_vit_b_32,clip_vit_b_32_linear_head,grayscale,2745,2745,8,0.9339997172355652,8,8,True
clip_vit_b_32,clip_vit_b_32_linear_head,grayscale,2746,2746,7,0.8955606818199158,7,7,True
clip_vit_b_32,clip_vit_b_32_linear_head,grayscale,2750,2750,0,0.8425666093826294,0,8,False
clip_vit_b_32,clip_vit_b_32_linear_head,grayscale,2754,2754,3,0.8868202567100525,3,3,True
clip_vit_b_32,clip_vit_b_32_linear_head,grayscale,2757,2757,4,0.9066969156265259,4,4,True
clip_vit_b_32,clip_vit_b_32_linear_head,grayscale,2766,2766,5,0.9134387373924255,5,5,True
clip_vit_b_32,clip_vit_b_32_linear_head,grayscale,2807,2807,5,0.8820024132728577,5,7,False
clip_vit_b_32,clip_vit_b_32_linear_head,grayscale,2844,2844,8,0.9452878832817078,8,8,True
clip_vit_b_32,clip_vit_b_32_linear_head,grayscale,2854,2854,7,0.8948878049850464,7,7,True
clip_vit_b_32,clip_vit_b_32_linear_head,grayscale,2861,2861,3,1.0,3,3,True
clip_vit_b_32,clip_vit_b_32_linear_head,grayscale,2888,2888,0,0.8915751576423645,0,0,True
clip_vit_b_32,clip_vit_b_32_linear_head,grayscale,2898,2898,4,0.9220424890518188,4,4,True
clip_vit_b_32,clip_vit_b_32_linear_head,grayscale,2950,2950,5,0.931894838809967,5,5,True
clip_vit_b_32,clip_vit_b_32_linear_head,grayscale,2958,2958,6,0.932671308517456,6,6,True
clip_vit_b_32,clip_vit_b_32_linear_head,grayscale,3015,3015,8,0.9155872464179993,8,8,True
clip_vit_b_32,clip_vit_b_32_linear_head,grayscale,3024,3024,2,0.9343476295471191,2,2,True
clip_vit_b_32,clip_vit_b_32_linear_head,grayscale,3025,3025,0,1.0000001192092896,0,0,True
clip_vit_b_32,clip_vit_b_32_linear_head,grayscale,3034,3034,4,0.9075588583946228,4,4,True
clip_vit_b_32,clip_vit_b_32_linear_head,grayscale,3067,3067,2,0.9371637105941772,2,2,True
clip_vit_b_32,clip_vit_b_32_linear_head,grayscale,3078,3078,4,0.9679115414619446,4,4,True
clip_vit_b_32,clip_vit_b_32_linear_head,grayscale,3079,3079,1,0.867820680141449,1,1,True
clip_vit_b_32,clip_vit_b_32_linear_head,grayscale,3083,3083,0,0.8761149048805237,0,0,True
clip_vit_b_32,clip_vit_b_32_linear_head,grayscale,3122,3122,4,0.8630290031433105,4,4,True
clip_vit_b_32,clip_vit_b_32_linear_head,grayscale,3153,3153,7,0.8881832957267761,7,7,True
clip_vit_b_32,clip_vit_b_32_linear_head,grayscale,3157,3157,8,0.8146947026252747,8,8,True
clip_vit_b_32,clip_vit_b_32_linear_head,grayscale,3163,3163,2,0.9235029220581055,2,2,True
clip_vit_b_32,clip_vit_b_32_linear_head,grayscale,3179,3179,4,0.8984031081199646,4,4,True
clip_vit_b_32,clip_vit_b_32_linear_head,grayscale,3191,3191,6,0.8879014849662781,6,6,True
clip_vit_b_32,clip_vit_b_32_linear_head,grayscale,3276,3276,3,0.9137184023857117,7,3,False
clip_vit_b_32,clip_vit_b_32_linear_head,grayscale,3287,3287,4,0.913375973701477,4,4,True
clip_vit_b_32,clip_vit_b_32_linear_head,grayscale,3288,3288,7,0.9007737040519714,7,7,True
clip_vit_b_32,clip_vit_b_32_linear_head,grayscale,3292,3292,6,0.7523041367530823,6,6,True
clip_vit_b_32,clip_vit_b_32_linear_head,grayscale,3318,3318,9,0.8334594368934631,9,9,True
clip_vit_b_32,clip_vit_b_32_linear_head,grayscale,3347,3347,0,0.9253320097923279,0,0,True
clip_vit_b_32,clip_vit_b_32_linear_head,grayscale,3353,3353,5,0.9042837023735046,5,5,True
clip_vit_b_32,clip_vit_b_32_linear_head,grayscale,3362,3362,2,0.8786892890930176,2,2,True
clip_vit_b_32,clip_vit_b_32_linear_head,grayscale,3365,3365,4,0.9284781813621521,4,4,True
clip_vit_b_32,clip_vit_b_32_linear_head,grayscale,3375,3375,3,0.9205756187438965,3,3,True
clip_vit_b_32,clip_vit_b_32_linear_head,grayscale,3383,3383,3,0.8983079195022583,3,3,True
clip_vit_b_32,clip_vit_b_32_linear_head,grayscale,3404,3404,7,0.9522697925567627,7,7,True
clip_vit_b_32,clip_vit_b_32_linear_head,grayscale,3412,3412,8,0.8752077221870422,8,8,True
clip_vit_b_32,clip_vit_b_32_linear_head,grayscale,3413,3413,1,0.9020476937294006,1,1,True
clip_vit_b_32,clip_vit_b_32_linear_head,grayscale,3418,3418,6,0.9517791867256165,6,6,True
clip_vit_b_32,clip_vit_b_32_linear_head,grayscale,3437,3437,0,0.9149054884910583,0,0,True
clip_vit_b_32,clip_vit_b_32_linear_head,grayscale,3446,3446,7,0.8894258737564087,7,7,True
clip_vit_b_32,clip_vit_b_32_linear_head,grayscale,3454,3454,2,0.9350976347923279,2,2,True
clip_vit_b_32,clip_vit_b_32_linear_head,grayscale,3455,3455,0,0.944851279258728,0,0,True
clip_vit_b_32,clip_vit_b_32_linear_head,grayscale,3458,3458,4,0.9466472268104553,4,4,True
clip_vit_b_32,clip_vit_b_32_linear_head,grayscale,3467,3467,7,0.901650071144104,7,7,True
clip_vit_b_32,clip_vit_b_32_linear_head,grayscale,3491,3491,1,0.8291335105895996,1,1,True
clip_vit_b_32,clip_vit_b_32_linear_head,grayscale,3494,3494,6,0.9324604868888855,6,6,True
clip_vit_b_32,clip_vit_b_32_linear_head,grayscale,3512,3512,4,0.8884620666503906,4,4,True
clip_vit_b_32,clip_vit_b_32_linear_head,grayscale,3515,3515,6,0.9369016289710999,6,6,True
clip_vit_b_32,clip_vit_b_32_linear_head,grayscale,3542,3542,7,0.9178417921066284,7,7,True
clip_vit_b_32,clip_vit_b_32_linear_head,grayscale,3550,3550,1,0.9295179843902588,1,1,True
clip_vit_b_32,clip_vit_b_32_linear_head,grayscale,3562,3562,3,0.9205136299133301,3,4,False
clip_vit_b_32,clip_vit_b_32_linear_head,grayscale,3755,3755,2,0.9142144322395325,2,2,True
clip_vit_b_32,clip_vit_b_32_linear_head,grayscale,3763,3763,4,0.9327898621559143,4,4,True
clip_vit_b_32,clip_vit_b_32_linear_head,grayscale,3777,3777,6,0.9070218801498413,6,6,True
clip_vit_b_32,clip_vit_b_32_linear_head,grayscale,3778,3778,3,0.9696393013000488,3,3,True
clip_vit_b_32,clip_vit_b_32_linear_head,grayscale,3779,3779,6,0.9440405368804932,6,6,True
clip_vit_b_32,clip_vit_b_32_linear_head,grayscale,3844,3844,6,0.8720558285713196,6,6,True
clip_vit_b_32,clip_vit_b_32_linear_head,grayscale,3851,3851,3,0.9523434042930603,3,3,True
clip_vit_b_32,clip_vit_b_32_linear_head,grayscale,3852,3852,5,0.8852255344390869,5,5,True
clip_vit_b_32,clip_vit_b_32_linear_head,grayscale,3863,3863,5,0.9275179505348206,5,5,True
clip_vit_b_32,clip_vit_b_32_linear_head,grayscale,3867,3867,7,0.9245542287826538,7,7,True
clip_vit_b_32,clip_vit_b_32_linear_head,grayscale,3876,3876,0,0.8770989775657654,0,0,True
clip_vit_b_32,clip_vit_b_32_linear_head,grayscale,3889,3889,5,0.9305088520050049,5,5,True
clip_vit_b_32,clip_vit_b_32_linear_head,grayscale,3891,3891,4,0.871259331703186,4,4,True
clip_vit_b_32,clip_vit_b_32_linear_head,grayscale,3893,3893,9,0.8311760425567627,9,9,True
clip_vit_b_32,clip_vit_b_32_linear_head,grayscale,3905,3905,8,0.9271013140678406,8,8,True
clip_vit_b_32,clip_vit_b_32_linear_head,grayscale,3914,3914,3,0.9394949674606323,3,3,True
clip_vit_b_32,clip_vit_b_32_linear_head,grayscale,3937,3937,1,0.8606762290000916,1,1,True
clip_vit_b_32,clip_vit_b_32_linear_head,grayscale,3942,3942,9,0.9124590158462524,9,9,True
clip_vit_b_32,clip_vit_b_32_linear_head,grayscale,3948,3948,8,0.8697110414505005,8,8,True
clip_vit_b_32,clip_vit_b_32_linear_head,grayscale,3962,3962,6,0.932174026966095,6,6,True
clip_vit_b_32,clip_vit_b_32_linear_head,grayscale,3965,3965,0,0.8935431838035583,0,0,True
clip_vit_b_32,clip_vit_b_32_linear_head,grayscale,3994,3994,4,0.910155713558197,4,4,True
clip_vit_b_32,clip_vit_b_32_linear_head,grayscale,3996,3996,9,0.9292223453521729,9,9,True
clip_vit_b_32,clip_vit_b_32_linear_head,grayscale,4011,4011,6,0.9274984002113342,6,6,True
clip_vit_b_32,clip_vit_b_32_linear_head,grayscale,4023,4023,3,0.9151570796966553,3,3,True
clip_vit_b_32,clip_vit_b_32_linear_head,grayscale,4054,4054,4,0.8209176063537598,4,4,True
clip_vit_b_32,clip_vit_b_32_linear_head,grayscale,4065,4065,2,0.903956413269043,2,2,True
clip_vit_b_32,clip_vit_b_32_linear_head,grayscale,4069,4069,8,0.8553240299224854,8,0,False
clip_vit_b_32,clip_vit_b_32_linear_head,grayscale,4093,4093,6,0.9022319316864014,6,6,True
clip_vit_b_32,clip_vit_b_32_linear_head,grayscale,4094,4094,9,0.8851893544197083,9,9,True
clip_vit_b_32,clip_vit_b_32_linear_head,grayscale,4106,4106,5,0.8886053562164307,5,5,True
clip_vit_b_32,clip_vit_b_32_linear_head,grayscale,4130,4130,0,0.9571171402931213,0,0,True
clip_vit_b_32,clip_vit_b_32_linear_head,grayscale,4168,4168,3,0.9075634479522705,3,3,True
clip_vit_b_32,clip_vit_b_32_linear_head,grayscale,4170,4170,8,0.9070848226547241,8,8,True
clip_vit_b_32,clip_vit_b_32_linear_head,grayscale,4172,4172,7,0.9049214720726013,7,7,True
clip_vit_b_32,clip_vit_b_32_linear_head,grayscale,4177,4177,8,0.9283425211906433,8,8,True
clip_vit_b_32,clip_vit_b_32_linear_head,grayscale,4215,4215,3,0.8402926325798035,3,3,True
clip_vit_b_32,clip_vit_b_32_linear_head,grayscale,4229,4229,3,0.905122697353363,3,3,True
clip_vit_b_32,clip_vit_b_32_linear_head,grayscale,4236,4236,7,0.8105434775352478,7,7,True
clip_vit_b_32,clip_vit_b_32_linear_head,grayscale,4242,4242,8,0.8734774589538574,8,8,True
clip_vit_b_32,clip_vit_b_32_linear_head,grayscale,4254,4254,6,0.9091289043426514,6,6,True
clip_vit_b_32,clip_vit_b_32_linear_head,grayscale,4290,4290,5,0.8706335425376892,4,4,True
clip_vit_b_32,clip_vit_b_32_linear_head,grayscale,4298,4298,1,0.9150878190994263,1,1,True
clip_vit_b_32,clip_vit_b_32_linear_head,grayscale,4308,4308,7,0.8772553205490112,7,7,True
clip_vit_b_32,clip_vit_b_32_linear_head,grayscale,4311,4311,8,0.8821395039558411,8,8,True
clip_vit_b_32,clip_vit_b_32_linear_head,grayscale,4323,4323,3,0.9442399740219116,3,3,True
clip_vit_b_32,clip_vit_b_32_linear_head,grayscale,4330,4330,3,0.9025861620903015,3,3,True
clip_vit_b_32,clip_vit_b_32_linear_head,grayscale,4341,4341,6,0.8833024501800537,6,6,True
clip_vit_b_32,clip_vit_b_32_linear_head,grayscale,4355,4355,8,0.9246174097061157,8,8,True
clip_vit_b_32,clip_vit_b_32_linear_head,grayscale,4399,4399,0,0.9212295413017273,0,0,True
clip_vit_b_32,clip_vit_b_32_linear_head,grayscale,4403,4403,7,0.91340571641922,7,7,True
clip_vit_b_32,clip_vit_b_32_linear_head,grayscale,4411,4411,6,0.8728464841842651,6,6,True
clip_vit_b_32,clip_vit_b_32_linear_head,grayscale,4449,4449,9,0.8711082339286804,9,9,True
clip_vit_b_32,clip_vit_b_32_linear_head,grayscale,4463,4463,3,0.9416413307189941,3,3,True
clip_vit_b_32,clip_vit_b_32_linear_head,grayscale,4531,4531,3,0.9238681793212891,3,3,True
clip_vit_b_32,clip_vit_b_32_linear_head,grayscale,4539,4539,0,0.9740599393844604,0,0,True
clip_vit_b_32,clip_vit_b_32_linear_head,grayscale,4547,4547,5,0.9242627620697021,5,5,True
clip_vit_b_32,clip_vit_b_32_linear_head,grayscale,4552,4552,8,0.9175426959991455,8,8,True
clip_vit_b_32,clip_vit_b_32_linear_head,grayscale,4570,4570,5,0.8915303945541382,5,5,True
clip_vit_b_32,clip_vit_b_32_linear_head,grayscale,4590,4590,3,0.9318947792053223,3,3,True
clip_vit_b_32,clip_vit_b_32_linear_head,grayscale,4609,4609,3,0.8300238251686096,3,7,False
clip_vit_b_32,clip_vit_b_32_linear_head,grayscale,4615,4615,0,0.8879076838493347,0,0,True
clip_vit_b_32,clip_vit_b_32_linear_head,grayscale,4617,4617,0,0.8682823777198792,0,0,True
clip_vit_b_32,clip_vit_b_32_linear_head,grayscale,4620,4620,6,0.8682751655578613,6,6,True
clip_vit_b_32,clip_vit_b_32_linear_head,grayscale,4629,4629,4,0.9054728150367737,4,4,True
clip_vit_b_32,clip_vit_b_32_linear_head,grayscale,4640,4640,1,0.8370674848556519,1,7,False
clip_vit_b_32,clip_vit_b_32_linear_head,grayscale,4642,4642,4,0.9177613258361816,4,4,True
clip_vit_b_32,clip_vit_b_32_linear_head,grayscale,4661,4661,7,0.9109694957733154,7,7,True
clip_vit_b_32,clip_vit_b_32_linear_head,grayscale,4662,4662,8,0.9470037817955017,8,8,True
clip_vit_b_32,clip_vit_b_32_linear_head,grayscale,4675,4675,0,0.9165230393409729,0,0,True
clip_vit_b_32,clip_vit_b_32_linear_head,grayscale,4676,4676,8,0.896721601486206,8,8,True
clip_vit_b_32,clip_vit_b_32_linear_head,grayscale,4704,4704,7,0.9020804762840271,7,7,True
clip_vit_b_32,clip_vit_b_32_linear_head,grayscale,4723,4723,9,0.888283371925354,9,9,True
clip_vit_b_32,clip_vit_b_32_linear_head,grayscale,4731,4731,6,0.9315446615219116,6,6,True
clip_vit_b_32,clip_vit_b_32_linear_head,grayscale,4735,4735,2,0.8906797170639038,2,2,True
clip_vit_b_32,clip_vit_b_32_linear_head,grayscale,4740,4740,4,0.9183852672576904,4,4,True
clip_vit_b_32,clip_vit_b_32_linear_head,grayscale,4746,4746,6,0.9402610659599304,6,6,True
clip_vit_b_32,clip_vit_b_32_linear_head,grayscale,4748,4748,7,0.9437196254730225,7,7,True
clip_vit_b_32,clip_vit_b_32_linear_head,grayscale,4754,4754,6,0.9241316914558411,6,6,True
clip_vit_b_32,clip_vit_b_32_linear_head,grayscale,4785,4785,0,0.895889163017273,0,0,True
clip_vit_b_32,clip_vit_b_32_linear_head,grayscale,4791,4791,7,0.9160174131393433,7,7,True
clip_vit_b_32,clip_vit_b_32_linear_head,grayscale,4819,4819,0,0.910866916179657,0,0,True
clip_vit_b_32,clip_vit_b_32_linear_head,grayscale,4821,4821,3,0.8774927258491516,3,3,True
clip_vit_b_32,clip_vit_b_32_linear_head,grayscale,4827,4827,6,0.918947696685791,6,6,True
clip_vit_b_32,clip_vit_b_32_linear_head,grayscale,4850,4850,5,0.9510131478309631,5,5,True
clip_vit_b_32,clip_vit_b_32_linear_head,grayscale,4881,4881,3,0.6796917915344238,3,0,False
clip_vit_b_32,clip_vit_b_32_linear_head,grayscale,4893,4893,0,0.9330531358718872,0,0,True
clip_vit_b_32,clip_vit_b_32_linear_head,grayscale,4908,4908,3,0.8485428094863892,3,3,True
clip_vit_b_32,clip_vit_b_32_linear_head,grayscale,4913,4913,2,0.9108977317810059,2,2,True
clip_vit_b_32,clip_vit_b_32_linear_head,grayscale,4921,4921,2,0.9063502550125122,2,2,True
clip_vit_b_32,clip_vit_b_32_linear_head,grayscale,4953,4953,5,0.9107974171638489,5,5,True
clip_vit_b_32,clip_vit_b_32_linear_head,grayscale,4966,4966,5,0.8560926914215088,5,5,True
clip_vit_b_32,clip_vit_b_32_linear_head,grayscale,4990,4990,8,0.8623117208480835,8,8,True
clip_vit_b_32,clip_vit_b_32_linear_head,grayscale,5000,5000,8,0.9551156759262085,8,8,True
clip_vit_b_32,clip_vit_b_32_linear_head,grayscale,5030,5030,2,0.8759417533874512,2,2,True
clip_vit_b_32,clip_vit_b_32_linear_head,grayscale,5062,5062,4,0.9385831952095032,4,4,True
clip_vit_b_32,clip_vit_b_32_linear_head,grayscale,5077,5077,4,0.9059762358665466,4,4,True
clip_vit_b_32,clip_vit_b_32_linear_head,grayscale,5082,5082,6,0.8654521703720093,6,6,True
clip_vit_b_32,clip_vit_b_32_linear_head,grayscale,5092,5092,1,0.890221357345581,1,1,True
clip_vit_b_32,clip_vit_b_32_linear_head,grayscale,5101,5101,5,0.9398605823516846,5,5,True
clip_vit_b_32,clip_vit_b_32_linear_head,grayscale,5117,5117,0,0.8835517764091492,0,0,True
clip_vit_b_32,clip_vit_b_32_linear_head,grayscale,5123,5123,1,0.8429890871047974,1,1,True
clip_vit_b_32,clip_vit_b_32_linear_head,grayscale,5135,5135,4,0.9161387085914612,4,4,True
clip_vit_b_32,clip_vit_b_32_linear_head,grayscale,5183,5183,2,0.8936164379119873,2,2,True
clip_vit_b_32,clip_vit_b_32_linear_head,grayscale,5213,5213,4,0.8925405144691467,4,4,True
clip_vit_b_32,clip_vit_b_32_linear_head,grayscale,5218,5218,2,0.9012631177902222,2,2,True
clip_vit_b_32,clip_vit_b_32_linear_head,grayscale,5220,5220,1,0.8605335354804993,7,3,False
clip_vit_b_32,clip_vit_b_32_linear_head,grayscale,5237,5237,2,0.8851891756057739,2,2,True
clip_vit_b_32,clip_vit_b_32_linear_head,grayscale,5256,5256,1,0.8480253219604492,1,1,True
clip_vit_b_32,clip_vit_b_32_linear_head,grayscale,5284,5284,9,0.8304802775382996,9,9,True
clip_vit_b_32,clip_vit_b_32_linear_head,grayscale,5301,5301,9,0.8488813042640686,9,9,True
clip_vit_b_32,clip_vit_b_32_linear_head,grayscale,5318,5318,2,0.9344174265861511,2,2,True
clip_vit_b_32,clip_vit_b_32_linear_head,grayscale,5332,5332,5,0.9208291172981262,5,5,True
clip_vit_b_32,clip_vit_b_32_linear_head,grayscale,5333,5333,2,0.9131444096565247,2,2,True
clip_vit_b_32,clip_vit_b_32_linear_head,grayscale,5360,5360,9,0.9070883393287659,9,9,True
clip_vit_b_32,clip_vit_b_32_linear_head,grayscale,5381,5381,5,0.8836376667022705,5,5,True
clip_vit_b_32,clip_vit_b_32_linear_head,grayscale,5382,5382,6,0.844626247882843,6,6,True
clip_vit_b_32,clip_vit_b_32_linear_head,grayscale,5395,5395,2,0.9203301072120667,2,2,True
clip_vit_b_32,clip_vit_b_32_linear_head,grayscale,5402,5402,4,0.9006829857826233,4,4,True
clip_vit_b_32,clip_vit_b_32_linear_head,grayscale,5408,5408,6,0.9138731360435486,6,6,True
clip_vit_b_32,clip_vit_b_32_linear_head,grayscale,5436,5436,7,0.9052382707595825,7,7,True
clip_vit_b_32,clip_vit_b_32_linear_head,grayscale,5447,5447,9,0.9168907999992371,9,9,True
clip_vit_b_32,clip_vit_b_32_linear_head,grayscale,5450,5450,7,0.9440163373947144,7,7,True
clip_vit_b_32,clip_vit_b_32_linear_head,grayscale,5451,5451,8,0.8227922320365906,8,8,True
clip_vit_b_32,clip_vit_b_32_linear_head,grayscale,5452,5452,9,0.9260765910148621,9,9,True
clip_vit_b_32,clip_vit_b_32_linear_head,grayscale,5467,5467,4,0.9110039472579956,4,4,True
clip_vit_b_32,clip_vit_b_32_linear_head,grayscale,5478,5478,0,0.8866630792617798,0,0,True
clip_vit_b_32,clip_vit_b_32_linear_head,grayscale,5488,5488,1,0.9017056822776794,1,1,True
clip_vit_b_32,clip_vit_b_32_linear_head,grayscale,5496,5496,5,0.9469077587127686,5,5,True
clip_vit_b_32,clip_vit_b_32_linear_head,grayscale,5508,5508,9,0.9167520403862,9,9,True
clip_vit_b_32,clip_vit_b_32_linear_head,grayscale,5512,5512,2,0.8488346338272095,9,9,True
clip_vit_b_32,clip_vit_b_32_linear_head,grayscale,5525,5525,8,0.9281756281852722,8,8,True
clip_vit_b_32,clip_vit_b_32_linear_head,grayscale,5528,5528,3,0.9324883818626404,3,3,True
clip_vit_b_32,clip_vit_b_32_linear_head,grayscale,5556,5556,4,0.9357426166534424,4,4,True
clip_vit_b_32,clip_vit_b_32_linear_head,grayscale,5560,5560,1,0.8628332614898682,1,1,True
clip_vit_b_32,clip_vit_b_32_linear_head,grayscale,5572,5572,9,0.8576897978782654,9,9,True
clip_vit_b_32,clip_vit_b_32_linear_head,grayscale,5580,5580,6,0.8807326555252075,6,6,True
clip_vit_b_32,clip_vit_b_32_linear_head,grayscale,5590,5590,9,0.898624062538147,9,9,True
clip_vit_b_32,clip_vit_b_32_linear_head,grayscale,5623,5623,4,0.9202203750610352,4,4,True
clip_vit_b_32,clip_vit_b_32_linear_head,grayscale,5677,5677,2,0.9116643667221069,2,2,True
clip_vit_b_32,clip_vit_b_32_linear_head,grayscale,5694,5694,8,0.9043166041374207,8,8,True
clip_vit_b_32,clip_vit_b_32_linear_head,grayscale,5701,5701,5,0.9352068901062012,5,5,True
clip_vit_b_32,clip_vit_b_32_linear_head,grayscale,5705,5705,8,0.9203447699546814,8,8,True
clip_vit_b_32,clip_vit_b_32_linear_head,grayscale,5719,5719,7,0.9206067323684692,7,7,True
clip_vit_b_32,clip_vit_b_32_linear_head,grayscale,5729,5729,6,0.8774446249008179,6,6,True
clip_vit_b_32,clip_vit_b_32_linear_head,grayscale,5756,5756,2,0.9774181842803955,2,2,True
clip_vit_b_32,clip_vit_b_32_linear_head,grayscale,5788,5788,9,0.8827541470527649,9,9,True
clip_vit_b_32,clip_vit_b_32_linear_head,grayscale,5789,5789,4,0.909346342086792,4,4,True
clip_vit_b_32,clip_vit_b_32_linear_head,grayscale,5824,5824,2,0.841849148273468,2,2,True
clip_vit_b_32,clip_vit_b_32_linear_head,grayscale,5848,5848,7,0.9222385287284851,7,7,True
clip_vit_b_32,clip_vit_b_32_linear_head,grayscale,5851,5851,9,0.9585076570510864,9,9,True
clip_vit_b_32,clip_vit_b_32_linear_head,grayscale,5857,5857,6,0.8821262121200562,6,6,True
clip_vit_b_32,clip_vit_b_32_linear_head,grayscale,5858,5858,6,0.8645532131195068,6,6,True
clip_vit_b_32,clip_vit_b_32_linear_head,grayscale,5912,5912,0,0.8619059324264526,0,0,True
clip_vit_b_32,clip_vit_b_32_linear_head,grayscale,5915,5915,9,0.7728235721588135,9,9,True
clip_vit_b_32,clip_vit_b_32_linear_head,grayscale,5918,5918,0,0.9249676465988159,0,0,True
clip_vit_b_32,clip_vit_b_32_linear_head,grayscale,5924,5924,5,0.9248560667037964,5,5,True
clip_vit_b_32,clip_vit_b_32_linear_head,grayscale,5977,5977,7,0.8920069336891174,7,7,True
clip_vit_b_32,clip_vit_b_32_linear_head,grayscale,5981,5981,9,0.9125785231590271,9,9,True
clip_vit_b_32,clip_vit_b_32_linear_head,grayscale,5999,5999,0,0.914493978023529,0,0,True
clip_vit_b_32,clip_vit_b_32_linear_head,grayscale,6028,6028,2,0.9452955722808838,2,2,True
clip_vit_b_32,clip_vit_b_32_linear_head,grayscale,6033,6033,4,0.8428255915641785,4,4,True
clip_vit_b_32,clip_vit_b_32_linear_head,grayscale,6076,6076,1,0.8972802758216858,1,1,True
clip_vit_b_32,clip_vit_b_32_linear_head,grayscale,6084,6084,7,0.9168777465820312,7,7,True
clip_vit_b_32,clip_vit_b_32_linear_head,grayscale,6097,6097,4,0.925044596195221,4,4,True
clip_vit_b_32,clip_vit_b_32_linear_head,grayscale,6169,6169,1,0.8459699153900146,1,1,True
clip_vit_b_32,clip_vit_b_32_linear_head,grayscale,6190,6190,7,0.9281884431838989,7,7,True
clip_vit_b_32,clip_vit_b_32_linear_head,grayscale,6224,6224,5,0.8719319701194763,5,5,True
clip_vit_b_32,clip_vit_b_32_linear_head,grayscale,6244,6244,2,0.8820598125457764,2,2,True
clip_vit_b_32,clip_vit_b_32_linear_head,grayscale,6264,6264,2,0.8819559812545776,2,2,True
clip_vit_b_32,clip_vit_b_32_linear_head,grayscale,6271,6271,2,0.9172301888465881,2,2,True
clip_vit_b_32,clip_vit_b_32_linear_head,grayscale,6288,6288,4,0.9113842844963074,4,4,True
clip_vit_b_32,clip_vit_b_32_linear_head,grayscale,6332,6332,2,0.8966839909553528,2,2,True
clip_vit_b_32,clip_vit_b_32_linear_head,grayscale,6349,6349,1,0.8135607838630676,1,1,True
clip_vit_b_32,clip_vit_b_32_linear_head,grayscale,6354,6354,2,0.8818265199661255,2,2,True
clip_vit_b_32,clip_vit_b_32_linear_head,grayscale,6358,6358,5,0.9232795834541321,5,5,True
clip_vit_b_32,clip_vit_b_32_linear_head,grayscale,6381,6381,6,0.8522946238517761,6,6,True
clip_vit_b_32,clip_vit_b_32_linear_head,grayscale,6414,6414,5,0.8864985704421997,5,5,True
clip_vit_b_32,clip_vit_b_32_linear_head,grayscale,6426,6426,2,0.9668247699737549,2,2,True
clip_vit_b_32,clip_vit_b_32_linear_head,grayscale,6434,6434,8,0.9104021787643433,8,8,True
clip_vit_b_32,clip_vit_b_32_linear_head,grayscale,6437,6437,0,0.9254471659660339,0,0,True
clip_vit_b_32,clip_vit_b_32_linear_head,grayscale,6455,6455,0,0.8848972320556641,0,0,True
clip_vit_b_32,clip_vit_b_32_linear_head,grayscale,6490,6490,3,0.894191324710846,3,3,True
clip_vit_b_32,clip_vit_b_32_linear_head,grayscale,6503,6503,2,0.8845901489257812,2,2,True
clip_vit_b_32,clip_vit_b_32_linear_head,grayscale,6508,6508,4,0.902177631855011,4,4,True
clip_vit_b_32,clip_vit_b_32_linear_head,grayscale,6528,6528,4,0.9399704933166504,4,4,True
clip_vit_b_32,clip_vit_b_32_linear_head,grayscale,6594,6594,1,0.9302246570587158,1,1,True
clip_vit_b_32,clip_vit_b_32_linear_head,grayscale,6609,6609,0,0.9245607852935791,0,0,True
clip_vit_b_32,clip_vit_b_32_linear_head,grayscale,6616,6616,2,0.9244256615638733,2,2,True
clip_vit_b_32,clip_vit_b_32_linear_head,grayscale,6650,6650,7,0.8739538788795471,7,7,True
clip_vit_b_32,clip_vit_b_32_linear_head,grayscale,6689,6689,8,0.9073225259780884,8,8,True
clip_vit_b_32,clip_vit_b_32_linear_head,grayscale,6692,6692,2,0.8809439539909363,2,2,True
clip_vit_b_32,clip_vit_b_32_linear_head,grayscale,6713,6713,6,0.916880190372467,6,6,True
clip_vit_b_32,clip_vit_b_32_linear_head,grayscale,6716,6716,5,0.908243715763092,5,5,True
clip_vit_b_32,clip_vit_b_32_linear_head,grayscale,6726,6726,7,0.9123960137367249,7,7,True
clip_vit_b_32,clip_vit_b_32_linear_head,grayscale,6733,6733,1,0.8868815898895264,1,1,True
clip_vit_b_32,clip_vit_b_32_linear_head,grayscale,6772,6772,7,0.866658627986908,7,7,True
clip_vit_b_32,clip_vit_b_32_linear_head,grayscale,6805,6805,1,0.9038515686988831,1,1,True
clip_vit_b_32,clip_vit_b_32_linear_head,grayscale,6836,6836,1,0.7987973690032959,1,1,True
clip_vit_b_32,clip_vit_b_32_linear_head,grayscale,6844,6844,0,0.8657938241958618,0,0,True
clip_vit_b_32,clip_vit_b_32_linear_head,grayscale,6922,6922,5,0.8978449702262878,5,5,True
clip_vit_b_32,clip_vit_b_32_linear_head,grayscale,6931,6931,9,0.8576720356941223,9,9,True
clip_vit_b_32,clip_vit_b_32_linear_head,grayscale,6938,6938,1,0.9108073711395264,1,1,True
clip_vit_b_32,clip_vit_b_32_linear_head,grayscale,6952,6952,3,0.916681170463562,3,3,True
clip_vit_b_32,clip_vit_b_32_linear_head,grayscale,6954,6954,1,0.934490442276001,1,1,True
clip_vit_b_32,clip_vit_b_32_linear_head,grayscale,6986,6986,0,0.903551459312439,0,0,True
clip_vit_b_32,clip_vit_b_32_linear_head,grayscale,6989,6989,5,0.8887109160423279,5,5,True
clip_vit_b_32,clip_vit_b_32_linear_head,grayscale,7009,7009,0,0.8849201798439026,0,0,True
clip_vit_b_32,clip_vit_b_32_linear_head,grayscale,7029,7029,1,0.8810423612594604,1,1,True
clip_vit_b_32,clip_vit_b_32_linear_head,grayscale,7033,7033,1,0.8840813636779785,1,1,True
clip_vit_b_32,clip_vit_b_32_linear_head,grayscale,7041,7041,5,0.8422392010688782,5,5,True
clip_vit_b_32,clip_vit_b_32_linear_head,grayscale,7047,7047,9,0.8799053430557251,9,9,True
clip_vit_b_32,clip_vit_b_32_linear_head,grayscale,7081,7081,7,0.8878229856491089,7,7,True
clip_vit_b_32,clip_vit_b_32_linear_head,grayscale,7084,7084,2,0.9483227133750916,2,2,True
clip_vit_b_32,clip_vit_b_32_linear_head,grayscale,7108,7108,6,0.912571370601654,6,6,True
clip_vit_b_32,clip_vit_b_32_linear_head,grayscale,7130,7130,5,0.9108672142028809,5,5,True
clip_vit_b_32,clip_vit_b_32_linear_head,grayscale,7138,7138,8,0.8357317447662354,8,8,True
clip_vit_b_32,clip_vit_b_32_linear_head,grayscale,7150,7150,0,0.8754835724830627,0,0,True
clip_vit_b_32,clip_vit_b_32_linear_head,grayscale,7202,7202,1,0.8809062838554382,1,1,True
clip_vit_b_32,clip_vit_b_32_linear_head,grayscale,7262,7262,0,0.907065749168396,0,0,True
clip_vit_b_32,clip_vit_b_32_linear_head,grayscale,7266,7266,9,0.8217645287513733,9,9,True
clip_vit_b_32,clip_vit_b_32_linear_head,grayscale,7270,7270,7,0.8881219625473022,7,7,True
clip_vit_b_32,clip_vit_b_32_linear_head,grayscale,7309,7309,0,0.9118239879608154,0,0,True
clip_vit_b_32,clip_vit_b_32_linear_head,grayscale,7320,7320,0,0.9050565958023071,0,0,True
clip_vit_b_32,clip_vit_b_32_linear_head,grayscale,7338,7338,6,0.9028133153915405,6,6,True
clip_vit_b_32,clip_vit_b_32_linear_head,grayscale,7372,7372,0,0.9027729034423828,0,0,True
clip_vit_b_32,clip_vit_b_32_linear_head,grayscale,7373,7373,0,0.8615452647209167,0,0,True
clip_vit_b_32,clip_vit_b_32_linear_head,grayscale,7380,7380,9,0.931657075881958,9,9,True
clip_vit_b_32,clip_vit_b_32_linear_head,grayscale,7390,7390,1,0.875612735748291,1,1,True
clip_vit_b_32,clip_vit_b_32_linear_head,grayscale,7413,7413,5,0.951262891292572,3,3,True
clip_vit_b_32,clip_vit_b_32_linear_head,grayscale,7416,7416,3,0.905450165271759,3,3,True
clip_vit_b_32,clip_vit_b_32_linear_head,grayscale,7425,7425,2,0.9488958120346069,2,2,True
clip_vit_b_32,clip_vit_b_32_linear_head,grayscale,7446,7446,8,0.883438229560852,8,8,True
clip_vit_b_32,clip_vit_b_32_linear_head,grayscale,7460,7460,8,0.8503201007843018,8,8,True
clip_vit_b_32,clip_vit_b_32_linear_head,grayscale,7465,7465,0,0.8752879500389099,0,0,True
clip_vit_b_32,clip_vit_b_32_linear_head,grayscale,7474,7474,5,0.899834156036377,5,5,True
clip_vit_b_32,clip_vit_b_32_linear_head,grayscale,7475,7475,4,0.9123863577842712,4,4,True
clip_vit_b_32,clip_vit_b_32_linear_head,grayscale,7476,7476,8,0.8662991523742676,8,8,True
clip_vit_b_32,clip_vit_b_32_linear_head,grayscale,7544,7544,9,0.8311892747879028,9,9,True
clip_vit_b_32,clip_vit_b_32_linear_head,grayscale,7555,7555,6,0.8545937538146973,6,6,True
clip_vit_b_32,clip_vit_b_32_linear_head,grayscale,7600,7600,6,0.864893913269043,6,6,True
clip_vit_b_32,clip_vit_b_32_linear_head,grayscale,7610,7610,4,0.9127253293991089,4,4,True
clip_vit_b_32,clip_vit_b_32_linear_head,grayscale,7634,7634,0,0.9537284970283508,0,0,True
clip_vit_b_32,clip_vit_b_32_linear_head,grayscale,7692,7692,4,0.8723388910293579,4,4,True
clip_vit_b_32,clip_vit_b_32_linear_head,grayscale,7706,7706,5,0.8878383636474609,5,5,True
clip_vit_b_32,clip_vit_b_32_linear_head,grayscale,7726,7726,6,0.8978080749511719,6,6,True
clip_vit_b_32,clip_vit_b_32_linear_head,grayscale,7744,7744,3,0.9615156650543213,3,3,True
clip_vit_b_32,clip_vit_b_32_linear_head,grayscale,7752,7752,9,0.9240712523460388,9,9,True
clip_vit_b_32,clip_vit_b_32_linear_head,grayscale,7776,7776,5,0.7911417484283447,5,5,True
clip_vit_b_32,clip_vit_b_32_linear_head,grayscale,7779,7779,6,0.8271428942680359,6,6,True
clip_vit_b_32,clip_vit_b_32_linear_head,grayscale,7781,7781,6,0.9554556012153625,6,6,True
clip_vit_b_32,clip_vit_b_32_linear_head,grayscale,7793,7793,3,0.8884958028793335,3,3,True
clip_vit_b_32,clip_vit_b_32_linear_head,grayscale,7797,7797,3,0.8673236966133118,3,3,True
clip_vit_b_32,clip_vit_b_32_linear_head,grayscale,7810,7810,8,0.8445724248886108,8,8,True
clip_vit_b_32,clip_vit_b_32_linear_head,grayscale,7818,7818,8,0.9602775573730469,8,8,True
clip_vit_b_32,clip_vit_b_32_linear_head,grayscale,7835,7835,7,0.8856329321861267,7,7,True
clip_vit_b_32,clip_vit_b_32_linear_head,grayscale,7864,7864,4,0.8836753368377686,4,4,True
clip_vit_b_32,clip_vit_b_32_linear_head,grayscale,7875,7875,8,0.8855361938476562,8,8,True
clip_vit_b_32,clip_vit_b_32_linear_head,grayscale,7938,7938,9,0.8116960525512695,9,9,True
clip_vit_b_32,clip_vit_b_32_linear_head,grayscale,7940,7940,4,0.8993238210678101,4,4,True
clip_vit_b_32,clip_vit_b_32_linear_head,grayscale,7944,7944,4,0.8586235642433167,4,4,True
clip_vit_b_32,clip_vit_b_32_linear_head,grayscale,7955,7955,1,0.881355881690979,1,1,True
clip_vit_b_32,clip_vit_b_32_linear_head,grayscale,7995,7995,9,0.8326496481895447,9,9,True
clip_vit_b_32,clip_vit_b_32_linear_head,grayscale,7996,7996,6,0.8902130722999573,6,6,True
clip_vit_b_32,clip_vit_b_32_linear_head,grayscale,7999,7999,8,0.910244345664978,8,8,True
clip_vit_b_32,clip_vit_b_32_linear_head,cue_conflict,p01_r01_a_to_b,6455,0,0.7663648724555969,0,0,True
clip_vit_b_32,clip_vit_b_32_linear_head,cue_conflict,p01_r03_a_to_b,4130,0,0.6071866750717163,0,1,False
clip_vit_b_32,clip_vit_b_32_linear_head,cue_conflict,p01_r04_a_to_b,2024,0,0.5947485566139221,0,1,False
clip_vit_b_32,clip_vit_b_32_linear_head,cue_conflict,p01_r06_a_to_b,7150,0,0.7021453976631165,0,0,True
clip_vit_b_32,clip_vit_b_32_linear_head,cue_conflict,p01_r07_a_to_b,7372,0,0.590566873550415,0,1,False
clip_vit_b_32,clip_vit_b_32_linear_head,cue_conflict,p01_r09_a_to_b,7009,0,0.6690317392349243,0,0,True
clip_vit_b_32,clip_vit_b_32_linear_head,cue_conflict,p01_r11_a_to_b,3437,0,0.6696997880935669,0,4,False
clip_vit_b_32,clip_vit_b_32_linear_head,cue_conflict,p01_r12_a_to_b,4615,0,0.7730822563171387,0,0,True
clip_vit_b_32,clip_vit_b_32_linear_head,cue_conflict,p01_r14_a_to_b,5999,0,0.6712554097175598,0,0,True
clip_vit_b_32,clip_vit_b_32_linear_head,cue_conflict,p01_r15_a_to_b,4675,0,0.7955266237258911,0,0,True
clip_vit_b_32,clip_vit_b_32_linear_head,cue_conflict,p01_r16_a_to_b,4785,0,0.43987154960632324,0,6,False
clip_vit_b_32,clip_vit_b_32_linear_head,cue_conflict,p01_r18_a_to_b,1175,0,0.7735155820846558,0,0,True
clip_vit_b_32,clip_vit_b_32_linear_head,cue_conflict,p01_r19_a_to_b,1648,0,0.7857158780097961,0,0,True
clip_vit_b_32,clip_vit_b_32_linear_head,cue_conflict,p01_r21_a_to_b,4893,0,0.6206750273704529,0,1,False
clip_vit_b_32,clip_vit_b_32_linear_head,cue_conflict,p01_r22_a_to_b,1977,0,0.6627921462059021,0,0,True
clip_vit_b_32,clip_vit_b_32_linear_head,cue_conflict,p01_r23_a_to_b,6986,0,0.657547116279602,0,0,True
clip_vit_b_32,clip_vit_b_32_linear_head,cue_conflict,p01_r24_a_to_b,7634,0,0.6379181146621704,0,0,True
clip_vit_b_32,clip_vit_b_32_linear_head,cue_conflict,p01_r25_a_to_b,6844,0,0.7213460206985474,0,0,True
clip_vit_b_32,clip_vit_b_32_linear_head,cue_conflict,p01_r26_a_to_b,81,0,0.8600579500198364,0,0,True
clip_vit_b_32,clip_vit_b_32_linear_head,cue_conflict,p01_r27_a_to_b,3965,0,0.6721532940864563,0,0,True
clip_vit_b_32,clip_vit_b_32_linear_head,cue_conflict,p01_r04_b_to_a,1204,3,0.7854729890823364,3,3,True
clip_vit_b_32,clip_vit_b_32_linear_head,cue_conflict,p01_r05_b_to_a,4229,3,0.5386530160903931,3,3,True
clip_vit_b_32,clip_vit_b_32_linear_head,cue_conflict,p01_r08_b_to_a,5528,3,0.629355788230896,3,1,False
clip_vit_b_32,clip_vit_b_32_linear_head,cue_conflict,p01_r09_b_to_a,1401,3,0.6492372751235962,3,3,True
clip_vit_b_32,clip_vit_b_32_linear_head,cue_conflict,p01_r11_b_to_a,4821,3,0.6977838277816772,3,3,True
clip_vit_b_32,clip_vit_b_32_linear_head,cue_conflict,p01_r12_b_to_a,6952,3,0.7011735439300537,3,4,False
clip_vit_b_32,clip_vit_b_32_linear_head,cue_conflict,p01_r14_b_to_a,372,3,0.6550077199935913,3,1,False
clip_vit_b_32,clip_vit_b_32_linear_head,cue_conflict,p01_r17_b_to_a,4908,3,0.6425427198410034,3,1,False
clip_vit_b_32,clip_vit_b_32_linear_head,cue_conflict,p01_r19_b_to_a,2754,3,0.6577920913696289,3,3,True
clip_vit_b_32,clip_vit_b_32_linear_head,cue_conflict,p01_r24_b_to_a,632,3,0.5604892373085022,3,3,True
clip_vit_b_32,clip_vit_b_32_linear_head,cue_conflict,p01_r25_b_to_a,4023,3,0.6435197591781616,3,1,False
clip_vit_b_32,clip_vit_b_32_linear_head,cue_conflict,p01_r26_b_to_a,176,3,0.6082000732421875,3,9,False
clip_vit_b_32,clip_vit_b_32_linear_head,cue_conflict,p01_r27_b_to_a,3851,3,0.7931963205337524,3,3,True
clip_vit_b_32,clip_vit_b_32_linear_head,cue_conflict,p01_r28_b_to_a,391,3,0.7170224189758301,3,3,True
clip_vit_b_32,clip_vit_b_32_linear_head,cue_conflict,p01_r30_b_to_a,4463,3,0.7410978674888611,3,3,True
clip_vit_b_32,clip_vit_b_32_linear_head,cue_conflict,p01_r31_b_to_a,3375,3,0.5819175839424133,3,3,True
clip_vit_b_32,clip_vit_b_32_linear_head,cue_conflict,p01_r32_b_to_a,1370,3,0.8083423972129822,3,3,True
clip_vit_b_32,clip_vit_b_32_linear_head,cue_conflict,p01_r33_b_to_a,2539,3,0.5722145438194275,3,1,False
clip_vit_b_32,clip_vit_b_32_linear_head,cue_conflict,p01_r34_b_to_a,979,3,0.7004362344741821,3,3,True
clip_vit_b_32,clip_vit_b_32_linear_head,cue_conflict,p01_r35_b_to_a,4590,3,0.786819577217102,3,3,True
clip_vit_b_32,clip_vit_b_32_linear_head,cue_conflict,p02_r01_a_to_b,3067,2,0.63080233335495,2,2,True
clip_vit_b_32,clip_vit_b_32_linear_head,cue_conflict,p02_r02_a_to_b,3362,2,0.663794994354248,2,2,True
clip_vit_b_32,clip_vit_b_32_linear_head,cue_conflict,p02_r03_a_to_b,6244,2,0.6116045117378235,2,2,True
clip_vit_b_32,clip_vit_b_32_linear_head,cue_conflict,p02_r04_a_to_b,6271,2,0.6856539249420166,2,2,True
clip_vit_b_32,clip_vit_b_32_linear_head,cue_conflict,p02_r05_a_to_b,317,2,0.7165642976760864,2,2,True
clip_vit_b_32,clip_vit_b_32_linear_head,cue_conflict,p02_r06_a_to_b,1202,2,0.7562435865402222,2,2,True
clip_vit_b_32,clip_vit_b_32_linear_head,cue_conflict,p02_r07_a_to_b,4921,2,0.8358877897262573,2,2,True
clip_vit_b_32,clip_vit_b_32_linear_head,cue_conflict,p02_r08_a_to_b,6264,2,0.7772874236106873,2,2,True
clip_vit_b_32,clip_vit_b_32_linear_head,cue_conflict,p02_r09_a_to_b,6426,2,0.6357185244560242,2,2,True
clip_vit_b_32,clip_vit_b_32_linear_head,cue_conflict,p02_r10_a_to_b,470,2,0.7167708873748779,2,2,True
clip_vit_b_32,clip_vit_b_32_linear_head,cue_conflict,p02_r11_a_to_b,1839,2,0.6652536988258362,2,2,True
clip_vit_b_32,clip_vit_b_32_linear_head,cue_conflict,p02_r13_a_to_b,5237,2,0.6987113952636719,2,2,True
clip_vit_b_32,clip_vit_b_32_linear_head,cue_conflict,p02_r14_a_to_b,409,2,0.7419533133506775,2,2,True
clip_vit_b_32,clip_vit_b_32_linear_head,cue_conflict,p02_r15_a_to_b,6616,2,0.752429723739624,2,2,True
clip_vit_b_32,clip_vit_b_32_linear_head,cue_conflict,p02_r16_a_to_b,7084,2,0.7952744364738464,2,2,True
clip_vit_b_32,clip_vit_b_32_linear_head,cue_conflict,p02_r18_a_to_b,6028,2,0.6807311773300171,2,2,True
clip_vit_b_32,clip_vit_b_32_linear_head,cue_conflict,p02_r19_a_to_b,6692,2,0.7210363149642944,2,2,True
clip_vit_b_32,clip_vit_b_32_linear_head,cue_conflict,p02_r20_a_to_b,2392,2,0.6741976141929626,2,2,True
clip_vit_b_32,clip_vit_b_32_linear_head,cue_conflict,p02_r21_a_to_b,483,2,0.6421219706535339,2,2,True
clip_vit_b_32,clip_vit_b_32_linear_head,cue_conflict,p02_r22_a_to_b,4735,2,0.6226789355278015,2,2,True
clip_vit_b_32,clip_vit_b_32_linear_head,cue_conflict,p02_r02_b_to_a,691,4,0.6565195322036743,4,4,True
clip_vit_b_32,clip_vit_b_32_linear_head,cue_conflict,p02_r03_b_to_a,6288,4,0.6822782754898071,4,4,True
clip_vit_b_32,clip_vit_b_32_linear_head,cue_conflict,p02_r04_b_to_a,3287,4,0.5830573439598083,4,4,True
clip_vit_b_32,clip_vit_b_32_linear_head,cue_conflict,p02_r05_b_to_a,3512,4,0.6273316740989685,4,4,True
clip_vit_b_32,clip_vit_b_32_linear_head,cue_conflict,p02_r08_b_to_a,3458,4,0.8563714623451233,4,4,True
clip_vit_b_32,clip_vit_b_32_linear_head,cue_conflict,p02_r09_b_to_a,7864,4,0.6193127632141113,4,1,False
clip_vit_b_32,clip_vit_b_32_linear_head,cue_conflict,p02_r10_b_to_a,7475,4,0.5063469409942627,4,6,False
clip_vit_b_32,clip_vit_b_32_linear_head,cue_conflict,p02_r12_b_to_a,171,4,0.6808410286903381,4,4,True
clip_vit_b_32,clip_vit_b_32_linear_head,cue_conflict,p02_r14_b_to_a,5135,4,0.6637325882911682,4,0,False
clip_vit_b_32,clip_vit_b_32_linear_head,cue_conflict,p02_r15_b_to_a,7940,4,0.695899248123169,4,4,True
clip_vit_b_32,clip_vit_b_32_linear_head,cue_conflict,p02_r16_b_to_a,5062,4,0.8301501870155334,4,4,True
clip_vit_b_32,clip_vit_b_32_linear_head,cue_conflict,p02_r18_b_to_a,5623,4,0.7266648411750793,4,4,True
clip_vit_b_32,clip_vit_b_32_linear_head,cue_conflict,p02_r19_b_to_a,3365,4,0.7668415307998657,4,4,True
clip_vit_b_32,clip_vit_b_32_linear_head,cue_conflict,p02_r20_b_to_a,3763,4,0.6070386171340942,4,4,True
clip_vit_b_32,clip_vit_b_32_linear_head,cue_conflict,p02_r21_b_to_a,7610,4,0.6791135668754578,4,6,False
clip_vit_b_32,clip_vit_b_32_linear_head,cue_conflict,p02_r22_b_to_a,3179,4,0.7606931924819946,4,4,True
clip_vit_b_32,clip_vit_b_32_linear_head,cue_conflict,p02_r23_b_to_a,5077,4,0.7339289784431458,4,4,True
clip_vit_b_32,clip_vit_b_32_linear_head,cue_conflict,p02_r25_b_to_a,1111,4,0.7368061542510986,4,4,True
clip_vit_b_32,clip_vit_b_32_linear_head,cue_conflict,p02_r26_b_to_a,5213,4,0.634769082069397,4,4,True
clip_vit_b_32,clip_vit_b_32_linear_head,cue_conflict,p02_r27_b_to_a,6097,4,0.7049544453620911,4,4,True
clip_vit_b_32,clip_vit_b_32_linear_head,cue_conflict,p03_r01_a_to_b,5525,8,0.6073989868164062,8,0,False
clip_vit_b_32,clip_vit_b_32_linear_head,cue_conflict,p03_r02_a_to_b,7875,8,0.738486111164093,8,8,True
clip_vit_b_32,clip_vit_b_32_linear_head,cue_conflict,p03_r03_a_to_b,706,8,0.8523226380348206,8,8,True
clip_vit_b_32,clip_vit_b_32_linear_head,cue_conflict,p03_r05_a_to_b,3412,8,0.8207308650016785,8,8,True
clip_vit_b_32,clip_vit_b_32_linear_head,cue_conflict,p03_r06_a_to_b,667,8,0.7410679459571838,8,8,True
clip_vit_b_32,clip_vit_b_32_linear_head,cue_conflict,p03_r07_a_to_b,7818,8,0.627332866191864,8,1,False
clip_vit_b_32,clip_vit_b_32_linear_head,cue_conflict,p03_r10_a_to_b,2109,8,0.8433992862701416,8,8,True
clip_vit_b_32,clip_vit_b_32_linear_head,cue_conflict,p03_r11_a_to_b,6434,8,0.606938898563385,8,8,True
clip_vit_b_32,clip_vit_b_32_linear_head,cue_conflict,p03_r12_a_to_b,4662,8,0.6594135165214539,8,8,True
clip_vit_b_32,clip_vit_b_32_linear_head,cue_conflict,p03_r13_a_to_b,1640,8,0.7638969421386719,8,8,True
clip_vit_b_32,clip_vit_b_32_linear_head,cue_conflict,p03_r14_a_to_b,5451,8,0.6383386254310608,8,8,True
clip_vit_b_32,clip_vit_b_32_linear_head,cue_conflict,p03_r15_a_to_b,4990,8,0.6288809776306152,8,9,False
clip_vit_b_32,clip_vit_b_32_linear_head,cue_conflict,p03_r16_a_to_b,5694,8,0.5419495105743408,8,9,False
clip_vit_b_32,clip_vit_b_32_linear_head,cue_conflict,p03_r17_a_to_b,1783,8,0.8318793177604675,8,8,True
clip_vit_b_32,clip_vit_b_32_linear_head,cue_conflict,p03_r18_a_to_b,2340,8,0.5067808628082275,8,3,False
clip_vit_b_32,clip_vit_b_32_linear_head,cue_conflict,p03_r19_a_to_b,2745,8,0.6791484951972961,8,8,True
clip_vit_b_32,clip_vit_b_32_linear_head,cue_conflict,p03_r20_a_to_b,2844,8,0.5103636980056763,8,9,False
clip_vit_b_32,clip_vit_b_32_linear_head,cue_conflict,p03_r21_a_to_b,4242,8,0.5705097317695618,8,9,False
clip_vit_b_32,clip_vit_b_32_linear_head,cue_conflict,p03_r24_a_to_b,3157,8,0.5006250143051147,8,4,False
clip_vit_b_32,clip_vit_b_32_linear_head,cue_conflict,p03_r25_a_to_b,1833,8,0.5608041882514954,8,9,False
clip_vit_b_32,clip_vit_b_32_linear_head,cue_conflict,p03_r01_b_to_a,319,5,0.720381498336792,5,5,True
clip_vit_b_32,clip_vit_b_32_linear_head,cue_conflict,p03_r02_b_to_a,2391,5,0.6578161120414734,5,5,True
clip_vit_b_32,clip_vit_b_32_linear_head,cue_conflict,p03_r03_b_to_a,5381,5,0.7919516563415527,5,5,True
clip_vit_b_32,clip_vit_b_32_linear_head,cue_conflict,p03_r04_b_to_a,3863,5,0.6199471950531006,5,7,False
clip_vit_b_32,clip_vit_b_32_linear_head,cue_conflict,p03_r05_b_to_a,6358,5,0.8504243493080139,5,3,False
clip_vit_b_32,clip_vit_b_32_linear_head,cue_conflict,p03_r06_b_to_a,97,5,0.6748875975608826,5,6,False
clip_vit_b_32,clip_vit_b_32_linear_head,cue_conflict,p03_r07_b_to_a,6224,5,0.6886340975761414,5,6,False
clip_vit_b_32,clip_vit_b_32_linear_head,cue_conflict,p03_r08_b_to_a,2268,5,0.5941673517227173,5,2,False
clip_vit_b_32,clip_vit_b_32_linear_head,cue_conflict,p03_r10_b_to_a,7706,5,0.6713871955871582,5,6,False
clip_vit_b_32,clip_vit_b_32_linear_head,cue_conflict,p03_r11_b_to_a,2950,5,0.8338945508003235,5,5,True
clip_vit_b_32,clip_vit_b_32_linear_head,cue_conflict,p03_r12_b_to_a,4290,5,0.680251955986023,4,0,False
clip_vit_b_32,clip_vit_b_32_linear_head,cue_conflict,p03_r13_b_to_a,7130,5,0.6355270743370056,5,5,True
clip_vit_b_32,clip_vit_b_32_linear_head,cue_conflict,p03_r14_b_to_a,5924,5,0.6195454597473145,5,6,False
clip_vit_b_32,clip_vit_b_32_linear_head,cue_conflict,p03_r16_b_to_a,6922,5,0.5550655126571655,5,5,True
clip_vit_b_32,clip_vit_b_32_linear_head,cue_conflict,p03_r17_b_to_a,2766,5,0.7274312973022461,5,5,True
clip_vit_b_32,clip_vit_b_32_linear_head,cue_conflict,p03_r20_b_to_a,645,5,0.6979326009750366,5,6,False
clip_vit_b_32,clip_vit_b_32_linear_head,cue_conflict,p03_r21_b_to_a,6989,5,0.6649078130722046,5,5,True
clip_vit_b_32,clip_vit_b_32_linear_head,cue_conflict,p03_r22_b_to_a,6716,5,0.6396769285202026,5,0,False
clip_vit_b_32,clip_vit_b_32_linear_head,cue_conflict,p03_r23_b_to_a,7413,5,0.7409151792526245,3,5,False
clip_vit_b_32,clip_vit_b_32_linear_head,cue_conflict,p03_r24_b_to_a,4547,5,0.5627710819244385,5,9,False
clip_vit_b_32,clip_vit_b_32_linear_head,cue_conflict,p04_r01_a_to_b,7995,9,0.7156966328620911,9,9,True
clip_vit_b_32,clip_vit_b_32_linear_head,cue_conflict,p04_r02_a_to_b,1515,9,0.8039997816085815,9,9,True
clip_vit_b_32,clip_vit_b_32_linear_head,cue_conflict,p04_r03_a_to_b,7752,9,0.741513192653656,9,9,True
clip_vit_b_32,clip_vit_b_32_linear_head,cue_conflict,p04_r04_a_to_b,2655,9,0.6696730852127075,9,9,True
clip_vit_b_32,clip_vit_b_32_linear_head,cue_conflict,p04_r06_a_to_b,2114,9,0.7812615036964417,9,9,True
clip_vit_b_32,clip_vit_b_32_linear_head,cue_conflict,p04_r07_a_to_b,2062,9,0.7665080428123474,9,9,True
clip_vit_b_32,clip_vit_b_32_linear_head,cue_conflict,p04_r08_a_to_b,7380,9,0.8535512089729309,9,9,True
clip_vit_b_32,clip_vit_b_32_linear_head,cue_conflict,p04_r09_a_to_b,5284,9,0.7624141573905945,9,9,True
clip_vit_b_32,clip_vit_b_32_linear_head,cue_conflict,p04_r11_a_to_b,191,9,0.7419082522392273,2,2,True
clip_vit_b_32,clip_vit_b_32_linear_head,cue_conflict,p04_r12_a_to_b,4723,9,0.7108303904533386,9,9,True
clip_vit_b_32,clip_vit_b_32_linear_head,cue_conflict,p04_r13_a_to_b,1430,9,0.8130666017532349,9,9,True
clip_vit_b_32,clip_vit_b_32_linear_head,cue_conflict,p04_r14_a_to_b,3893,9,0.672422468662262,9,9,True
clip_vit_b_32,clip_vit_b_32_linear_head,cue_conflict,p04_r15_a_to_b,5851,9,0.8493924736976624,9,9,True
clip_vit_b_32,clip_vit_b_32_linear_head,cue_conflict,p04_r16_a_to_b,7938,9,0.7567780613899231,9,9,True
clip_vit_b_32,clip_vit_b_32_linear_head,cue_conflict,p04_r17_a_to_b,4094,9,0.5871909260749817,9,2,False
clip_vit_b_32,clip_vit_b_32_linear_head,cue_conflict,p04_r18_a_to_b,419,9,0.6265444755554199,9,9,True
clip_vit_b_32,clip_vit_b_32_linear_head,cue_conflict,p04_r19_a_to_b,2011,9,0.7322129011154175,9,9,True
clip_vit_b_32,clip_vit_b_32_linear_head,cue_conflict,p04_r20_a_to_b,1411,9,0.5855357646942139,9,6,False
clip_vit_b_32,clip_vit_b_32_linear_head,cue_conflict,p04_r21_a_to_b,5981,9,0.7011905908584595,9,9,True
clip_vit_b_32,clip_vit_b_32_linear_head,cue_conflict,p04_r22_a_to_b,5452,9,0.5849453806877136,9,0,False
clip_vit_b_32,clip_vit_b_32_linear_head,cue_conflict,p04_r01_b_to_a,1667,6,0.8143206834793091,6,6,True
clip_vit_b_32,clip_vit_b_32_linear_head,cue_conflict,p04_r04_b_to_a,7555,6,0.6372084617614746,6,0,False
clip_vit_b_32,clip_vit_b_32_linear_head,cue_conflict,p04_r06_b_to_a,3292,6,0.5442801713943481,6,6,True
clip_vit_b_32,clip_vit_b_32_linear_head,cue_conflict,p04_r08_b_to_a,4093,6,0.7820385098457336,6,6,True
clip_vit_b_32,clip_vit_b_32_linear_head,cue_conflict,p04_r09_b_to_a,7108,6,0.8367788791656494,6,6,True
clip_vit_b_32,clip_vit_b_32_linear_head,cue_conflict,p04_r10_b_to_a,7600,6,0.8071635365486145,6,6,True
clip_vit_b_32,clip_vit_b_32_linear_head,cue_conflict,p04_r11_b_to_a,7781,6,0.8018190860748291,6,6,True
clip_vit_b_32,clip_vit_b_32_linear_head,cue_conflict,p04_r12_b_to_a,7338,6,0.8519522547721863,6,6,True
clip_vit_b_32,clip_vit_b_32_linear_head,cue_conflict,p04_r13_b_to_a,5580,6,0.5677697062492371,6,6,True
clip_vit_b_32,clip_vit_b_32_linear_head,cue_conflict,p04_r14_b_to_a,3494,6,0.6365257501602173,6,6,True
clip_vit_b_32,clip_vit_b_32_linear_head,cue_conflict,p04_r16_b_to_a,920,6,0.7697080969810486,6,6,True
clip_vit_b_32,clip_vit_b_32_linear_head,cue_conflict,p04_r19_b_to_a,6713,6,0.7120732069015503,6,6,True
clip_vit_b_32,clip_vit_b_32_linear_head,cue_conflict,p04_r22_b_to_a,3418,6,0.8325574398040771,6,6,True
clip_vit_b_32,clip_vit_b_32_linear_head,cue_conflict,p04_r23_b_to_a,3777,6,0.6674473881721497,6,6,True
clip_vit_b_32,clip_vit_b_32_linear_head,cue_conflict,p04_r24_b_to_a,3962,6,0.5381615161895752,6,0,False
clip_vit_b_32,clip_vit_b_32_linear_head,cue_conflict,p04_r25_b_to_a,2958,6,0.8769740462303162,6,6,True
clip_vit_b_32,clip_vit_b_32_linear_head,cue_conflict,p04_r26_b_to_a,873,6,0.8697971105575562,6,6,True
clip_vit_b_32,clip_vit_b_32_linear_head,cue_conflict,p04_r27_b_to_a,4254,6,0.7675437927246094,6,6,True
clip_vit_b_32,clip_vit_b_32_linear_head,cue_conflict,p04_r28_b_to_a,5858,6,0.76871657371521,6,6,True
clip_vit_b_32,clip_vit_b_32_linear_head,cue_conflict,p04_r29_b_to_a,3515,6,0.8297457695007324,6,6,True
clip_vit_b_32,clip_vit_b_32_linear_head,cue_conflict,p05_r01_a_to_b,95,1,0.9180408716201782,1,1,True
clip_vit_b_32,clip_vit_b_32_linear_head,cue_conflict,p05_r02_a_to_b,3937,1,0.8254634141921997,1,1,True
clip_vit_b_32,clip_vit_b_32_linear_head,cue_conflict,p05_r03_a_to_b,6169,1,0.8366286754608154,1,1,True
clip_vit_b_32,clip_vit_b_32_linear_head,cue_conflict,p05_r04_a_to_b,5560,1,0.8019751906394958,1,1,True
clip_vit_b_32,clip_vit_b_32_linear_head,cue_conflict,p05_r05_a_to_b,1115,1,0.8094745874404907,1,1,True
clip_vit_b_32,clip_vit_b_32_linear_head,cue_conflict,p05_r06_a_to_b,6938,1,0.8879570960998535,1,1,True
clip_vit_b_32,clip_vit_b_32_linear_head,cue_conflict,p05_r07_a_to_b,1109,1,0.802746057510376,1,1,True
clip_vit_b_32,clip_vit_b_32_linear_head,cue_conflict,p05_r10_a_to_b,4640,1,0.7830386161804199,1,1,True
clip_vit_b_32,clip_vit_b_32_linear_head,cue_conflict,p05_r11_a_to_b,825,1,0.8099279999732971,1,1,True
clip_vit_b_32,clip_vit_b_32_linear_head,cue_conflict,p05_r12_a_to_b,6594,1,0.7485888004302979,1,1,True
clip_vit_b_32,clip_vit_b_32_linear_head,cue_conflict,p05_r13_a_to_b,261,1,0.7800275683403015,1,1,True
clip_vit_b_32,clip_vit_b_32_linear_head,cue_conflict,p05_r14_a_to_b,116,1,0.8841241002082825,1,1,True
clip_vit_b_32,clip_vit_b_32_linear_head,cue_conflict,p05_r15_a_to_b,2687,1,0.8494880199432373,1,1,True
clip_vit_b_32,clip_vit_b_32_linear_head,cue_conflict,p05_r16_a_to_b,5256,1,0.8372008204460144,1,1,True
clip_vit_b_32,clip_vit_b_32_linear_head,cue_conflict,p05_r17_a_to_b,1568,1,0.8304944038391113,1,1,True
clip_vit_b_32,clip_vit_b_32_linear_head,cue_conflict,p05_r18_a_to_b,5220,1,0.8449907898902893,7,3,False
clip_vit_b_32,clip_vit_b_32_linear_head,cue_conflict,p05_r19_a_to_b,6954,1,0.7539599537849426,1,1,True
clip_vit_b_32,clip_vit_b_32_linear_head,cue_conflict,p05_r20_a_to_b,2116,1,0.8470162749290466,1,1,True
clip_vit_b_32,clip_vit_b_32_linear_head,cue_conflict,p05_r21_a_to_b,3491,1,0.7385707497596741,1,1,True
clip_vit_b_32,clip_vit_b_32_linear_head,cue_conflict,p05_r22_a_to_b,5092,1,0.8239352703094482,1,1,True
clip_vit_b_32,clip_vit_b_32_linear_head,cue_conflict,p05_r05_b_to_a,4172,7,0.902187168598175,7,7,True
clip_vit_b_32,clip_vit_b_32_linear_head,cue_conflict,p05_r06_b_to_a,1711,7,0.9010765552520752,7,7,True
clip_vit_b_32,clip_vit_b_32_linear_head,cue_conflict,p05_r07_b_to_a,4403,7,0.7131208181381226,7,7,True
clip_vit_b_32,clip_vit_b_32_linear_head,cue_conflict,p05_r09_b_to_a,1048,7,0.7019043564796448,7,1,False
clip_vit_b_32,clip_vit_b_32_linear_head,cue_conflict,p05_r15_b_to_a,5450,7,0.8299193382263184,7,7,True
clip_vit_b_32,clip_vit_b_32_linear_head,cue_conflict,p05_r16_b_to_a,1579,7,0.7866252660751343,7,7,True
clip_vit_b_32,clip_vit_b_32_linear_head,cue_conflict,p05_r17_b_to_a,1771,7,0.7271166443824768,7,1,False
clip_vit_b_32,clip_vit_b_32_linear_head,cue_conflict,p05_r18_b_to_a,29,7,0.7075387239456177,7,3,False
clip_vit_b_32,clip_vit_b_32_linear_head,cue_conflict,p05_r20_b_to_a,6772,7,0.7238037586212158,7,1,False
clip_vit_b_32,clip_vit_b_32_linear_head,cue_conflict,p05_r21_b_to_a,2746,7,0.8149629235267639,7,7,True
clip_vit_b_32,clip_vit_b_32_linear_head,cue_conflict,p05_r22_b_to_a,1220,7,0.8392274379730225,7,7,True
clip_vit_b_32,clip_vit_b_32_linear_head,cue_conflict,p05_r23_b_to_a,269,7,0.916172981262207,7,7,True
clip_vit_b_32,clip_vit_b_32_linear_head,cue_conflict,p05_r24_b_to_a,5719,7,0.7968859672546387,7,7,True
clip_vit_b_32,clip_vit_b_32_linear_head,cue_conflict,p05_r25_b_to_a,1956,7,0.6846184134483337,7,3,False
clip_vit_b_32,clip_vit_b_32_linear_head,cue_conflict,p05_r26_b_to_a,2854,7,0.7791829109191895,7,7,True
clip_vit_b_32,clip_vit_b_32_linear_head,cue_conflict,p05_r27_b_to_a,4236,7,0.6668701171875,7,1,False
clip_vit_b_32,clip_vit_b_32_linear_head,cue_conflict,p05_r28_b_to_a,3404,7,0.8504678606987,7,7,True
clip_vit_b_32,clip_vit_b_32_linear_head,cue_conflict,p05_r29_b_to_a,2668,7,0.8500977754592896,7,7,True
clip_vit_b_32,clip_vit_b_32_linear_head,cue_conflict,p05_r30_b_to_a,1440,7,0.7717352509498596,7,7,True
clip_vit_b_32,clip_vit_b_32_linear_head,cue_conflict,p05_r32_b_to_a,4308,7,0.8125336170196533,7,7,True
clip_vit_b_32,clip_vit_b_32_linear_head,patch_shuffle,3,3,0,0.7601471543312073,0,0,True
clip_vit_b_32,clip_vit_b_32_linear_head,patch_shuffle,29,29,7,0.6815716624259949,7,3,False
clip_vit_b_32,clip_vit_b_32_linear_head,patch_shuffle,35,35,2,0.6674713492393494,2,2,True
clip_vit_b_32,clip_vit_b_32_linear_head,patch_shuffle,42,42,0,0.7914589643478394,0,0,True
clip_vit_b_32,clip_vit_b_32_linear_head,patch_shuffle,49,49,2,0.5452048778533936,2,2,True
clip_vit_b_32,clip_vit_b_32_linear_head,patch_shuffle,81,81,0,0.6770926713943481,0,0,True
clip_vit_b_32,clip_vit_b_32_linear_head,patch_shuffle,95,95,1,0.7301804423332214,1,1,True
clip_vit_b_32,clip_vit_b_32_linear_head,patch_shuffle,97,97,5,0.7718638777732849,5,3,False
clip_vit_b_32,clip_vit_b_32_linear_head,patch_shuffle,116,116,1,0.7120252251625061,1,1,True
clip_vit_b_32,clip_vit_b_32_linear_head,patch_shuffle,131,131,9,0.662212073802948,9,9,True
clip_vit_b_32,clip_vit_b_32_linear_head,patch_shuffle,151,151,8,0.6609256267547607,8,8,True
clip_vit_b_32,clip_vit_b_32_linear_head,patch_shuffle,171,171,4,0.6893925666809082,4,1,False
clip_vit_b_32,clip_vit_b_32_linear_head,patch_shuffle,176,176,3,0.6520199775695801,3,3,True
clip_vit_b_32,clip_vit_b_32_linear_head,patch_shuffle,191,191,9,0.6760099530220032,2,9,False
clip_vit_b_32,clip_vit_b_32_linear_head,patch_shuffle,194,194,8,0.7253727316856384,8,8,True
clip_vit_b_32,clip_vit_b_32_linear_head,patch_shuffle,198,198,1,0.7487494349479675,1,1,True
clip_vit_b_32,clip_vit_b_32_linear_head,patch_shuffle,239,239,9,0.733851432800293,9,9,True
clip_vit_b_32,clip_vit_b_32_linear_head,patch_shuffle,261,261,1,0.7130084037780762,1,1,True
clip_vit_b_32,clip_vit_b_32_linear_head,patch_shuffle,269,269,7,0.7730467319488525,7,7,True
clip_vit_b_32,clip_vit_b_32_linear_head,patch_shuffle,276,276,9,0.6905107498168945,9,9,True
clip_vit_b_32,clip_vit_b_32_linear_head,patch_shuffle,303,303,9,0.7357421517372131,9,9,True
clip_vit_b_32,clip_vit_b_32_linear_head,patch_shuffle,304,304,1,0.7534167766571045,1,3,False
clip_vit_b_32,clip_vit_b_32_linear_head,patch_shuffle,317,317,2,0.5774819254875183,2,2,True
clip_vit_b_32,clip_vit_b_32_linear_head,patch_shuffle,319,319,5,0.646248459815979,5,3,False
clip_vit_b_32,clip_vit_b_32_linear_head,patch_shuffle,323,323,7,0.6666556000709534,7,3,False
clip_vit_b_32,clip_vit_b_32_linear_head,patch_shuffle,365,365,3,0.7849913239479065,3,3,True
clip_vit_b_32,clip_vit_b_32_linear_head,patch_shuffle,370,370,7,0.6677088737487793,7,7,True
clip_vit_b_32,clip_vit_b_32_linear_head,patch_shuffle,372,372,3,0.7224932312965393,3,3,True
clip_vit_b_32,clip_vit_b_32_linear_head,patch_shuffle,378,378,5,0.6696614623069763,5,3,False
clip_vit_b_32,clip_vit_b_32_linear_head,patch_shuffle,391,391,3,0.82973313331604,3,3,True
clip_vit_b_32,clip_vit_b_32_linear_head,patch_shuffle,409,409,2,0.6822053790092468,2,2,True
clip_vit_b_32,clip_vit_b_32_linear_head,patch_shuffle,419,419,9,0.6660345792770386,9,9,True
clip_vit_b_32,clip_vit_b_32_linear_head,patch_shuffle,449,449,6,0.7470679879188538,6,6,True
clip_vit_b_32,clip_vit_b_32_linear_head,patch_shuffle,470,470,2,0.7820965051651001,2,2,True
clip_vit_b_32,clip_vit_b_32_linear_head,patch_shuffle,483,483,2,0.6853619813919067,2,2,True
clip_vit_b_32,clip_vit_b_32_linear_head,patch_shuffle,484,484,0,0.6893686056137085,0,0,True
clip_vit_b_32,clip_vit_b_32_linear_head,patch_shuffle,506,506,4,0.6933578252792358,4,3,False
clip_vit_b_32,clip_vit_b_32_linear_head,patch_shuffle,545,545,6,0.673021137714386,6,6,True
clip_vit_b_32,clip_vit_b_32_linear_head,patch_shuffle,562,562,0,0.7691454291343689,0,0,True
clip_vit_b_32,clip_vit_b_32_linear_head,patch_shuffle,568,568,5,0.6247144341468811,5,3,False
clip_vit_b_32,clip_vit_b_32_linear_head,patch_shuffle,603,603,9,0.5585552453994751,9,9,True
clip_vit_b_32,clip_vit_b_32_linear_head,patch_shuffle,632,632,3,0.768120288848877,3,3,True
clip_vit_b_32,clip_vit_b_32_linear_head,patch_shuffle,645,645,5,0.7625516653060913,5,5,True
clip_vit_b_32,clip_vit_b_32_linear_head,patch_shuffle,667,667,8,0.8205062747001648,8,8,True
clip_vit_b_32,clip_vit_b_32_linear_head,patch_shuffle,672,672,3,0.7209593057632446,3,3,True
clip_vit_b_32,clip_vit_b_32_linear_head,patch_shuffle,677,677,3,0.7687587141990662,3,3,True
clip_vit_b_32,clip_vit_b_32_linear_head,patch_shuffle,685,685,5,0.758529543876648,5,5,True
clip_vit_b_32,clip_vit_b_32_linear_head,patch_shuffle,691,691,4,0.7208008170127869,4,4,True
clip_vit_b_32,clip_vit_b_32_linear_head,patch_shuffle,706,706,8,0.6920241713523865,8,0,False
clip_vit_b_32,clip_vit_b_32_linear_head,patch_shuffle,714,714,2,0.6607062220573425,2,2,True
clip_vit_b_32,clip_vit_b_32_linear_head,patch_shuffle,716,716,8,0.8764004707336426,8,8,True
clip_vit_b_32,clip_vit_b_32_linear_head,patch_shuffle,738,738,3,0.6877224445343018,3,3,True
clip_vit_b_32,clip_vit_b_32_linear_head,patch_shuffle,739,739,8,0.7332788109779358,8,8,True
clip_vit_b_32,clip_vit_b_32_linear_head,patch_shuffle,766,766,4,0.6969581842422485,6,6,True
clip_vit_b_32,clip_vit_b_32_linear_head,patch_shuffle,791,791,3,0.7867528796195984,3,3,True
clip_vit_b_32,clip_vit_b_32_linear_head,patch_shuffle,805,805,9,0.7380228638648987,9,9,True
clip_vit_b_32,clip_vit_b_32_linear_head,patch_shuffle,825,825,1,0.7595012187957764,1,1,True
clip_vit_b_32,clip_vit_b_32_linear_head,patch_shuffle,852,852,9,0.647148609161377,9,9,True
clip_vit_b_32,clip_vit_b_32_linear_head,patch_shuffle,855,855,4,0.7104353904724121,4,3,False
clip_vit_b_32,clip_vit_b_32_linear_head,patch_shuffle,873,873,6,0.803035318851471,6,3,False
clip_vit_b_32,clip_vit_b_32_linear_head,patch_shuffle,890,890,6,0.8186917304992676,6,6,True
clip_vit_b_32,clip_vit_b_32_linear_head,patch_shuffle,920,920,6,0.7836496829986572,6,6,True
clip_vit_b_32,clip_vit_b_32_linear_head,patch_shuffle,929,929,6,0.6672820448875427,6,6,True
clip_vit_b_32,clip_vit_b_32_linear_head,patch_shuffle,962,962,8,0.8053766489028931,8,8,True
clip_vit_b_32,clip_vit_b_32_linear_head,patch_shuffle,964,964,6,0.573186993598938,6,3,False
clip_vit_b_32,clip_vit_b_32_linear_head,patch_shuffle,977,977,6,0.8000183701515198,6,6,True
clip_vit_b_32,clip_vit_b_32_linear_head,patch_shuffle,979,979,3,0.7486893534660339,3,3,True
clip_vit_b_32,clip_vit_b_32_linear_head,patch_shuffle,981,981,2,0.7507732510566711,2,2,True
clip_vit_b_32,clip_vit_b_32_linear_head,patch_shuffle,1022,1022,9,0.7586241960525513,9,9,True
clip_vit_b_32,clip_vit_b_32_linear_head,patch_shuffle,1032,1032,7,0.7953783273696899,7,7,True
clip_vit_b_32,clip_vit_b_32_linear_head,patch_shuffle,1048,1048,7,0.712979257106781,7,7,True
clip_vit_b_32,clip_vit_b_32_linear_head,patch_shuffle,1090,1090,1,0.7388885021209717,1,1,True
clip_vit_b_32,clip_vit_b_32_linear_head,patch_shuffle,1095,1095,5,0.7514581084251404,5,5,True
clip_vit_b_32,clip_vit_b_32_linear_head,patch_shuffle,1109,1109,1,0.7022765278816223,1,1,True
clip_vit_b_32,clip_vit_b_32_linear_head,patch_shuffle,1111,1111,4,0.8004584908485413,4,4,True
clip_vit_b_32,clip_vit_b_32_linear_head,patch_shuffle,1115,1115,1,0.6729735732078552,1,1,True
clip_vit_b_32,clip_vit_b_32_linear_head,patch_shuffle,1124,1124,4,0.6916450262069702,4,4,True
clip_vit_b_32,clip_vit_b_32_linear_head,patch_shuffle,1129,1129,8,0.69666588306427,8,8,True
clip_vit_b_32,clip_vit_b_32_linear_head,patch_shuffle,1175,1175,0,0.7028999328613281,0,0,True
clip_vit_b_32,clip_vit_b_32_linear_head,patch_shuffle,1202,1202,2,0.7618736028671265,2,2,True
clip_vit_b_32,clip_vit_b_32_linear_head,patch_shuffle,1204,1204,3,0.7554227709770203,3,3,True
clip_vit_b_32,clip_vit_b_32_linear_head,patch_shuffle,1211,1211,4,0.7986729145050049,4,4,True
clip_vit_b_32,clip_vit_b_32_linear_head,patch_shuffle,1220,1220,7,0.7839561104774475,7,7,True
clip_vit_b_32,clip_vit_b_32_linear_head,patch_shuffle,1230,1230,1,0.7415903806686401,1,1,True
clip_vit_b_32,clip_vit_b_32_linear_head,patch_shuffle,1247,1247,8,0.8068550825119019,8,8,True
clip_vit_b_32,clip_vit_b_32_linear_head,patch_shuffle,1263,1263,3,0.7143133878707886,3,3,True
clip_vit_b_32,clip_vit_b_32_linear_head,patch_shuffle,1266,1266,4,0.8105471730232239,4,4,True
clip_vit_b_32,clip_vit_b_32_linear_head,patch_shuffle,1287,1287,7,0.7458774447441101,7,7,True
clip_vit_b_32,clip_vit_b_32_linear_head,patch_shuffle,1296,1296,7,0.7114492058753967,7,1,False
clip_vit_b_32,clip_vit_b_32_linear_head,patch_shuffle,1370,1370,3,0.8007137775421143,3,3,True
clip_vit_b_32,clip_vit_b_32_linear_head,patch_shuffle,1389,1389,0,0.7732508778572083,0,0,True
clip_vit_b_32,clip_vit_b_32_linear_head,patch_shuffle,1401,1401,3,0.7586961984634399,3,3,True
clip_vit_b_32,clip_vit_b_32_linear_head,patch_shuffle,1403,1403,2,0.6481267809867859,2,2,True
clip_vit_b_32,clip_vit_b_32_linear_head,patch_shuffle,1411,1411,9,0.6728982925415039,9,0,False
clip_vit_b_32,clip_vit_b_32_linear_head,patch_shuffle,1429,1429,4,0.8249291181564331,4,7,False
clip_vit_b_32,clip_vit_b_32_linear_head,patch_shuffle,1430,1430,9,0.8136265873908997,9,9,True
clip_vit_b_32,clip_vit_b_32_linear_head,patch_shuffle,1431,1431,3,0.7917561531066895,3,3,True
clip_vit_b_32,clip_vit_b_32_linear_head,patch_shuffle,1436,1436,1,0.7927297353744507,1,1,True
clip_vit_b_32,clip_vit_b_32_linear_head,patch_shuffle,1440,1440,7,0.765338659286499,7,7,True
clip_vit_b_32,clip_vit_b_32_linear_head,patch_shuffle,1468,1468,9,0.713395893573761,9,9,True
clip_vit_b_32,clip_vit_b_32_linear_head,patch_shuffle,1473,1473,7,0.7672630548477173,7,7,True
clip_vit_b_32,clip_vit_b_32_linear_head,patch_shuffle,1515,1515,9,0.6238358020782471,9,9,True
clip_vit_b_32,clip_vit_b_32_linear_head,patch_shuffle,1520,1520,2,0.6973749399185181,2,2,True
clip_vit_b_32,clip_vit_b_32_linear_head,patch_shuffle,1531,1531,3,0.7844153642654419,3,4,False
clip_vit_b_32,clip_vit_b_32_linear_head,patch_shuffle,1534,1534,6,0.7278205156326294,6,6,True
clip_vit_b_32,clip_vit_b_32_linear_head,patch_shuffle,1552,1552,5,0.748481035232544,5,7,False
clip_vit_b_32,clip_vit_b_32_linear_head,patch_shuffle,1553,1553,0,0.6956071257591248,0,0,True
clip_vit_b_32,clip_vit_b_32_linear_head,patch_shuffle,1563,1563,3,0.770887017250061,7,7,True
clip_vit_b_32,clip_vit_b_32_linear_head,patch_shuffle,1568,1568,1,0.705070436000824,1,1,True
clip_vit_b_32,clip_vit_b_32_linear_head,patch_shuffle,1579,1579,7,0.7561268210411072,7,5,False
clip_vit_b_32,clip_vit_b_32_linear_head,patch_shuffle,1586,1586,2,0.6800362467765808,2,2,True
clip_vit_b_32,clip_vit_b_32_linear_head,patch_shuffle,1596,1596,0,0.7241263389587402,0,0,True
clip_vit_b_32,clip_vit_b_32_linear_head,patch_shuffle,1626,1626,5,0.6519049406051636,5,5,True
clip_vit_b_32,clip_vit_b_32_linear_head,patch_shuffle,1640,1640,8,0.6663803458213806,8,8,True
clip_vit_b_32,clip_vit_b_32_linear_head,patch_shuffle,1644,1644,5,0.7359839677810669,5,5,True
clip_vit_b_32,clip_vit_b_32_linear_head,patch_shuffle,1648,1648,0,0.7485175132751465,0,0,True
clip_vit_b_32,clip_vit_b_32_linear_head,patch_shuffle,1654,1654,9,0.620842456817627,9,9,True
clip_vit_b_32,clip_vit_b_32_linear_head,patch_shuffle,1667,1667,6,0.7786606550216675,6,6,True
clip_vit_b_32,clip_vit_b_32_linear_head,patch_shuffle,1703,1703,7,0.7957128882408142,7,3,False
clip_vit_b_32,clip_vit_b_32_linear_head,patch_shuffle,1711,1711,7,0.6869245767593384,7,7,True
clip_vit_b_32,clip_vit_b_32_linear_head,patch_shuffle,1771,1771,7,0.6764048933982849,7,6,False
clip_vit_b_32,clip_vit_b_32_linear_head,patch_shuffle,1783,1783,8,0.6930532455444336,8,8,True
clip_vit_b_32,clip_vit_b_32_linear_head,patch_shuffle,1814,1814,2,0.7317243814468384,2,2,True
clip_vit_b_32,clip_vit_b_32_linear_head,patch_shuffle,1833,1833,8,0.6534332036972046,8,8,True
clip_vit_b_32,clip_vit_b_32_linear_head,patch_shuffle,1836,1836,9,0.7364352345466614,9,9,True
clip_vit_b_32,clip_vit_b_32_linear_head,patch_shuffle,1839,1839,2,0.6853041648864746,2,2,True
clip_vit_b_32,clip_vit_b_32_linear_head,patch_shuffle,1852,1852,1,0.769550085067749,1,1,True
clip_vit_b_32,clip_vit_b_32_linear_head,patch_shuffle,1871,1871,1,0.8311481475830078,1,1,True
clip_vit_b_32,clip_vit_b_32_linear_head,patch_shuffle,1877,1877,5,0.6785904765129089,5,5,True
clip_vit_b_32,clip_vit_b_32_linear_head,patch_shuffle,1884,1884,7,0.7224017381668091,7,7,True
clip_vit_b_32,clip_vit_b_32_linear_head,patch_shuffle,1927,1927,7,0.7548874616622925,7,7,True
clip_vit_b_32,clip_vit_b_32_linear_head,patch_shuffle,1954,1954,8,0.7286575436592102,8,8,True
clip_vit_b_32,clip_vit_b_32_linear_head,patch_shuffle,1956,1956,7,0.7442836761474609,7,7,True
clip_vit_b_32,clip_vit_b_32_linear_head,patch_shuffle,1960,1960,4,0.7763204574584961,4,5,False
clip_vit_b_32,clip_vit_b_32_linear_head,patch_shuffle,1977,1977,0,0.8476762175559998,0,0,True
clip_vit_b_32,clip_vit_b_32_linear_head,patch_shuffle,1986,1986,1,0.8367490172386169,1,1,True
clip_vit_b_32,clip_vit_b_32_linear_head,patch_shuffle,1993,1993,1,0.7829613089561462,1,1,True
clip_vit_b_32,clip_vit_b_32_linear_head,patch_shuffle,2003,2003,6,0.7970424294471741,6,6,True
clip_vit_b_32,clip_vit_b_32_linear_head,patch_shuffle,2011,2011,9,0.755460798740387,9,9,True
clip_vit_b_32,clip_vit_b_32_linear_head,patch_shuffle,2024,2024,0,0.6344150900840759,0,0,True
clip_vit_b_32,clip_vit_b_32_linear_head,patch_shuffle,2028,2028,3,0.7876017093658447,3,3,True
clip_vit_b_32,clip_vit_b_32_linear_head,patch_shuffle,2062,2062,9,0.8016985058784485,9,9,True
clip_vit_b_32,clip_vit_b_32_linear_head,patch_shuffle,2070,2070,1,0.7546355724334717,1,1,True
clip_vit_b_32,clip_vit_b_32_linear_head,patch_shuffle,2082,2082,2,0.7111817598342896,2,2,True
clip_vit_b_32,clip_vit_b_32_linear_head,patch_shuffle,2095,2095,1,0.7838154435157776,1,1,True
clip_vit_b_32,clip_vit_b_32_linear_head,patch_shuffle,2109,2109,8,0.7251774668693542,8,8,True
clip_vit_b_32,clip_vit_b_32_linear_head,patch_shuffle,2114,2114,9,0.8616897463798523,9,9,True
clip_vit_b_32,clip_vit_b_32_linear_head,patch_shuffle,2116,2116,1,0.7657567262649536,1,1,True
clip_vit_b_32,clip_vit_b_32_linear_head,patch_shuffle,2157,2157,1,0.7434491515159607,1,1,True
clip_vit_b_32,clip_vit_b_32_linear_head,patch_shuffle,2167,2167,9,0.6739540100097656,9,9,True
clip_vit_b_32,clip_vit_b_32_linear_head,patch_shuffle,2178,2178,1,0.7095339894294739,1,1,True
clip_vit_b_32,clip_vit_b_32_linear_head,patch_shuffle,2191,2191,8,0.7036949992179871,8,0,False
clip_vit_b_32,clip_vit_b_32_linear_head,patch_shuffle,2230,2230,8,0.6447957754135132,8,0,False
clip_vit_b_32,clip_vit_b_32_linear_head,patch_shuffle,2242,2242,0,0.8044045567512512,0,0,True
clip_vit_b_32,clip_vit_b_32_linear_head,patch_shuffle,2265,2265,5,0.7471054196357727,5,5,True
clip_vit_b_32,clip_vit_b_32_linear_head,patch_shuffle,2268,2268,5,0.6567676067352295,5,3,False
clip_vit_b_32,clip_vit_b_32_linear_head,patch_shuffle,2291,2291,3,0.632497251033783,3,3,True
clip_vit_b_32,clip_vit_b_32_linear_head,patch_shuffle,2334,2334,5,0.6613516807556152,5,5,True
clip_vit_b_32,clip_vit_b_32_linear_head,patch_shuffle,2340,2340,8,0.7324855327606201,8,8,True
clip_vit_b_32,clip_vit_b_32_linear_head,patch_shuffle,2342,2342,8,0.7402436137199402,8,8,True
clip_vit_b_32,clip_vit_b_32_linear_head,patch_shuffle,2351,2351,9,0.6737541556358337,9,9,True
clip_vit_b_32,clip_vit_b_32_linear_head,patch_shuffle,2391,2391,5,0.664296567440033,5,5,True
clip_vit_b_32,clip_vit_b_32_linear_head,patch_shuffle,2392,2392,2,0.675741970539093,2,2,True
clip_vit_b_32,clip_vit_b_32_linear_head,patch_shuffle,2399,2399,4,0.6779126524925232,4,4,True
clip_vit_b_32,clip_vit_b_32_linear_head,patch_shuffle,2414,2414,9,0.8039703965187073,9,9,True
clip_vit_b_32,clip_vit_b_32_linear_head,patch_shuffle,2427,2427,5,0.712173342704773,5,5,True
clip_vit_b_32,clip_vit_b_32_linear_head,patch_shuffle,2458,2458,5,0.7135885953903198,5,5,True
clip_vit_b_32,clip_vit_b_32_linear_head,patch_shuffle,2501,2501,7,0.7669754028320312,7,7,True
clip_vit_b_32,clip_vit_b_32_linear_head,patch_shuffle,2502,2502,2,0.7579724788665771,2,2,True
clip_vit_b_32,clip_vit_b_32_linear_head,patch_shuffle,2536,2536,3,0.7973812222480774,3,3,True
clip_vit_b_32,clip_vit_b_32_linear_head,patch_shuffle,2539,2539,3,0.6262756586074829,3,3,True
clip_vit_b_32,clip_vit_b_32_linear_head,patch_shuffle,2610,2610,6,0.7998647689819336,6,5,False
clip_vit_b_32,clip_vit_b_32_linear_head,patch_shuffle,2623,2623,5,0.6893713474273682,5,3,False
clip_vit_b_32,clip_vit_b_32_linear_head,patch_shuffle,2655,2655,9,0.579068660736084,9,9,True
clip_vit_b_32,clip_vit_b_32_linear_head,patch_shuffle,2668,2668,7,0.7902427315711975,7,7,True
clip_vit_b_32,clip_vit_b_32_linear_head,patch_shuffle,2676,2676,6,0.673078179359436,6,5,False
clip_vit_b_32,clip_vit_b_32_linear_head,patch_shuffle,2687,2687,1,0.6958009004592896,1,1,True
clip_vit_b_32,clip_vit_b_32_linear_head,patch_shuffle,2690,2690,1,0.8122929334640503,1,1,True
clip_vit_b_32,clip_vit_b_32_linear_head,patch_shuffle,2704,2704,4,0.8223671913146973,4,4,True
clip_vit_b_32,clip_vit_b_32_linear_head,patch_shuffle,2745,2745,8,0.7893779873847961,8,8,True
clip_vit_b_32,clip_vit_b_32_linear_head,patch_shuffle,2746,2746,7,0.7306797504425049,7,1,False
clip_vit_b_32,clip_vit_b_32_linear_head,patch_shuffle,2750,2750,0,0.7638916373252869,0,0,True
clip_vit_b_32,clip_vit_b_32_linear_head,patch_shuffle,2754,2754,3,0.7403714656829834,3,3,True
clip_vit_b_32,clip_vit_b_32_linear_head,patch_shuffle,2757,2757,4,0.7379360795021057,4,4,True
clip_vit_b_32,clip_vit_b_32_linear_head,patch_shuffle,2766,2766,5,0.5902247428894043,5,3,False
clip_vit_b_32,clip_vit_b_32_linear_head,patch_shuffle,2807,2807,5,0.7736234068870544,5,3,False
clip_vit_b_32,clip_vit_b_32_linear_head,patch_shuffle,2844,2844,8,0.70261549949646,8,8,True
clip_vit_b_32,clip_vit_b_32_linear_head,patch_shuffle,2854,2854,7,0.7365134358406067,7,1,False
clip_vit_b_32,clip_vit_b_32_linear_head,patch_shuffle,2861,2861,3,0.8111306428909302,3,3,True
clip_vit_b_32,clip_vit_b_32_linear_head,patch_shuffle,2888,2888,0,0.7460833787918091,0,0,True
clip_vit_b_32,clip_vit_b_32_linear_head,patch_shuffle,2898,2898,4,0.6628076434135437,4,4,True
clip_vit_b_32,clip_vit_b_32_linear_head,patch_shuffle,2950,2950,5,0.7518888711929321,5,5,True
clip_vit_b_32,clip_vit_b_32_linear_head,patch_shuffle,2958,2958,6,0.8441399335861206,6,6,True
clip_vit_b_32,clip_vit_b_32_linear_head,patch_shuffle,3015,3015,8,0.5590208172798157,8,0,False
clip_vit_b_32,clip_vit_b_32_linear_head,patch_shuffle,3024,3024,2,0.5869045257568359,2,2,True
clip_vit_b_32,clip_vit_b_32_linear_head,patch_shuffle,3025,3025,0,0.6509171724319458,0,0,True
clip_vit_b_32,clip_vit_b_32_linear_head,patch_shuffle,3034,3034,4,0.7318890690803528,4,4,True
clip_vit_b_32,clip_vit_b_32_linear_head,patch_shuffle,3067,3067,2,0.6787989139556885,2,2,True
clip_vit_b_32,clip_vit_b_32_linear_head,patch_shuffle,3078,3078,4,0.7612771391868591,4,4,True
clip_vit_b_32,clip_vit_b_32_linear_head,patch_shuffle,3079,3079,1,0.7856290340423584,1,1,True
clip_vit_b_32,clip_vit_b_32_linear_head,patch_shuffle,3083,3083,0,0.7454411387443542,0,0,True
clip_vit_b_32,clip_vit_b_32_linear_head,patch_shuffle,3122,3122,4,0.8273211717605591,4,4,True
clip_vit_b_32,clip_vit_b_32_linear_head,patch_shuffle,3153,3153,7,0.6878156661987305,7,1,False
clip_vit_b_32,clip_vit_b_32_linear_head,patch_shuffle,3157,3157,8,0.6952642798423767,8,8,True
clip_vit_b_32,clip_vit_b_32_linear_head,patch_shuffle,3163,3163,2,0.6689532995223999,2,2,True
clip_vit_b_32,clip_vit_b_32_linear_head,patch_shuffle,3179,3179,4,0.8234143853187561,4,4,True
clip_vit_b_32,clip_vit_b_32_linear_head,patch_shuffle,3191,3191,6,0.6791970133781433,6,6,True
clip_vit_b_32,clip_vit_b_32_linear_head,patch_shuffle,3276,3276,3,0.7042737007141113,7,3,False
clip_vit_b_32,clip_vit_b_32_linear_head,patch_shuffle,3287,3287,4,0.8274995684623718,4,4,True
clip_vit_b_32,clip_vit_b_32_linear_head,patch_shuffle,3288,3288,7,0.7748088240623474,7,7,True
clip_vit_b_32,clip_vit_b_32_linear_head,patch_shuffle,3292,3292,6,0.559860110282898,6,6,True
clip_vit_b_32,clip_vit_b_32_linear_head,patch_shuffle,3318,3318,9,0.6489999294281006,9,9,True
clip_vit_b_32,clip_vit_b_32_linear_head,patch_shuffle,3347,3347,0,0.6808035373687744,0,0,True
clip_vit_b_32,clip_vit_b_32_linear_head,patch_shuffle,3353,3353,5,0.7162304520606995,5,1,False
clip_vit_b_32,clip_vit_b_32_linear_head,patch_shuffle,3362,3362,2,0.790149986743927,2,2,True
clip_vit_b_32,clip_vit_b_32_linear_head,patch_shuffle,3365,3365,4,0.7413446307182312,4,4,True
clip_vit_b_32,clip_vit_b_32_linear_head,patch_shuffle,3375,3375,3,0.6939510703086853,3,5,False
clip_vit_b_32,clip_vit_b_32_linear_head,patch_shuffle,3383,3383,3,0.7174578905105591,3,3,True
clip_vit_b_32,clip_vit_b_32_linear_head,patch_shuffle,3404,3404,7,0.6431230306625366,7,3,False
clip_vit_b_32,clip_vit_b_32_linear_head,patch_shuffle,3412,3412,8,0.7901297211647034,8,8,True
clip_vit_b_32,clip_vit_b_32_linear_head,patch_shuffle,3413,3413,1,0.7132390141487122,1,1,True
clip_vit_b_32,clip_vit_b_32_linear_head,patch_shuffle,3418,3418,6,0.7399229407310486,6,6,True
clip_vit_b_32,clip_vit_b_32_linear_head,patch_shuffle,3437,3437,0,0.7063472867012024,0,0,True
clip_vit_b_32,clip_vit_b_32_linear_head,patch_shuffle,3446,3446,7,0.7814596891403198,7,7,True
clip_vit_b_32,clip_vit_b_32_linear_head,patch_shuffle,3454,3454,2,0.6312505006790161,2,2,True
clip_vit_b_32,clip_vit_b_32_linear_head,patch_shuffle,3455,3455,0,0.6394081711769104,0,0,True
clip_vit_b_32,clip_vit_b_32_linear_head,patch_shuffle,3458,3458,4,0.8035892248153687,4,4,True
clip_vit_b_32,clip_vit_b_32_linear_head,patch_shuffle,3467,3467,7,0.7574591040611267,7,4,False
clip_vit_b_32,clip_vit_b_32_linear_head,patch_shuffle,3491,3491,1,0.7499963045120239,1,1,True
clip_vit_b_32,clip_vit_b_32_linear_head,patch_shuffle,3494,3494,6,0.7536137104034424,6,6,True
clip_vit_b_32,clip_vit_b_32_linear_head,patch_shuffle,3512,3512,4,0.7780432105064392,4,4,True
clip_vit_b_32,clip_vit_b_32_linear_head,patch_shuffle,3515,3515,6,0.7739840745925903,6,6,True
clip_vit_b_32,clip_vit_b_32_linear_head,patch_shuffle,3542,3542,7,0.7380989193916321,7,7,True
clip_vit_b_32,clip_vit_b_32_linear_head,patch_shuffle,3550,3550,1,0.7646188735961914,1,1,True
clip_vit_b_32,clip_vit_b_32_linear_head,patch_shuffle,3562,3562,3,0.7559568285942078,3,4,False
clip_vit_b_32,clip_vit_b_32_linear_head,patch_shuffle,3755,3755,2,0.6775885820388794,2,2,True
clip_vit_b_32,clip_vit_b_32_linear_head,patch_shuffle,3763,3763,4,0.7765094041824341,4,4,True
clip_vit_b_32,clip_vit_b_32_linear_head,patch_shuffle,3777,3777,6,0.7871786952018738,6,6,True
clip_vit_b_32,clip_vit_b_32_linear_head,patch_shuffle,3778,3778,3,0.7475704550743103,3,3,True
clip_vit_b_32,clip_vit_b_32_linear_head,patch_shuffle,3779,3779,6,0.744653046131134,6,6,True
clip_vit_b_32,clip_vit_b_32_linear_head,patch_shuffle,3844,3844,6,0.7716484665870667,6,6,True
clip_vit_b_32,clip_vit_b_32_linear_head,patch_shuffle,3851,3851,3,0.7309701442718506,3,3,True
clip_vit_b_32,clip_vit_b_32_linear_head,patch_shuffle,3852,3852,5,0.5735366344451904,5,5,True
clip_vit_b_32,clip_vit_b_32_linear_head,patch_shuffle,3863,3863,5,0.7407864928245544,5,5,True
clip_vit_b_32,clip_vit_b_32_linear_head,patch_shuffle,3867,3867,7,0.7141129970550537,7,7,True
clip_vit_b_32,clip_vit_b_32_linear_head,patch_shuffle,3876,3876,0,0.6975083351135254,0,0,True
clip_vit_b_32,clip_vit_b_32_linear_head,patch_shuffle,3889,3889,5,0.6986393928527832,5,3,False
clip_vit_b_32,clip_vit_b_32_linear_head,patch_shuffle,3891,3891,4,0.7294384241104126,4,4,True
clip_vit_b_32,clip_vit_b_32_linear_head,patch_shuffle,3893,3893,9,0.7131479978561401,9,9,True
clip_vit_b_32,clip_vit_b_32_linear_head,patch_shuffle,3905,3905,8,0.6755508780479431,8,8,True
clip_vit_b_32,clip_vit_b_32_linear_head,patch_shuffle,3914,3914,3,0.6654984951019287,3,3,True
clip_vit_b_32,clip_vit_b_32_linear_head,patch_shuffle,3937,3937,1,0.6482996344566345,1,1,True
clip_vit_b_32,clip_vit_b_32_linear_head,patch_shuffle,3942,3942,9,0.6659631133079529,9,9,True
clip_vit_b_32,clip_vit_b_32_linear_head,patch_shuffle,3948,3948,8,0.7133035063743591,8,8,True
clip_vit_b_32,clip_vit_b_32_linear_head,patch_shuffle,3962,3962,6,0.7938759922981262,6,6,True
clip_vit_b_32,clip_vit_b_32_linear_head,patch_shuffle,3965,3965,0,0.6927257180213928,0,0,True
clip_vit_b_32,clip_vit_b_32_linear_head,patch_shuffle,3994,3994,4,0.7761321067810059,4,4,True
clip_vit_b_32,clip_vit_b_32_linear_head,patch_shuffle,3996,3996,9,0.5447136163711548,9,9,True
clip_vit_b_32,clip_vit_b_32_linear_head,patch_shuffle,4011,4011,6,0.6919200420379639,6,6,True
clip_vit_b_32,clip_vit_b_32_linear_head,patch_shuffle,4023,4023,3,0.7553807497024536,3,7,False
clip_vit_b_32,clip_vit_b_32_linear_head,patch_shuffle,4054,4054,4,0.7440779209136963,4,4,True
clip_vit_b_32,clip_vit_b_32_linear_head,patch_shuffle,4065,4065,2,0.6502460837364197,2,2,True
clip_vit_b_32,clip_vit_b_32_linear_head,patch_shuffle,4069,4069,8,0.7058579921722412,8,9,False
clip_vit_b_32,clip_vit_b_32_linear_head,patch_shuffle,4093,4093,6,0.6508707404136658,6,6,True
clip_vit_b_32,clip_vit_b_32_linear_head,patch_shuffle,4094,4094,9,0.6393892168998718,9,9,True
clip_vit_b_32,clip_vit_b_32_linear_head,patch_shuffle,4106,4106,5,0.7298383116722107,5,5,True
clip_vit_b_32,clip_vit_b_32_linear_head,patch_shuffle,4130,4130,0,0.6577998995780945,0,0,True
clip_vit_b_32,clip_vit_b_32_linear_head,patch_shuffle,4168,4168,3,0.8290965557098389,3,3,True
clip_vit_b_32,clip_vit_b_32_linear_head,patch_shuffle,4170,4170,8,0.7790532112121582,8,8,True
clip_vit_b_32,clip_vit_b_32_linear_head,patch_shuffle,4172,4172,7,0.8188175559043884,7,1,False
clip_vit_b_32,clip_vit_b_32_linear_head,patch_shuffle,4177,4177,8,0.7362563014030457,8,8,True
clip_vit_b_32,clip_vit_b_32_linear_head,patch_shuffle,4215,4215,3,0.7466767430305481,3,3,True
clip_vit_b_32,clip_vit_b_32_linear_head,patch_shuffle,4229,4229,3,0.6870893239974976,3,3,True
clip_vit_b_32,clip_vit_b_32_linear_head,patch_shuffle,4236,4236,7,0.7057962417602539,7,7,True
clip_vit_b_32,clip_vit_b_32_linear_head,patch_shuffle,4242,4242,8,0.7904820442199707,8,8,True
clip_vit_b_32,clip_vit_b_32_linear_head,patch_shuffle,4254,4254,6,0.7302957773208618,6,6,True
clip_vit_b_32,clip_vit_b_32_linear_head,patch_shuffle,4290,4290,5,0.6962608695030212,4,6,False
clip_vit_b_32,clip_vit_b_32_linear_head,patch_shuffle,4298,4298,1,0.7789958715438843,1,1,True
clip_vit_b_32,clip_vit_b_32_linear_head,patch_shuffle,4308,4308,7,0.7600720524787903,7,7,True
clip_vit_b_32,clip_vit_b_32_linear_head,patch_shuffle,4311,4311,8,0.7534844875335693,8,8,True
clip_vit_b_32,clip_vit_b_32_linear_head,patch_shuffle,4323,4323,3,0.6113458275794983,3,3,True
clip_vit_b_32,clip_vit_b_32_linear_head,patch_shuffle,4330,4330,3,0.7365304231643677,3,3,True
clip_vit_b_32,clip_vit_b_32_linear_head,patch_shuffle,4341,4341,6,0.8312835693359375,6,6,True
clip_vit_b_32,clip_vit_b_32_linear_head,patch_shuffle,4355,4355,8,0.6656268239021301,8,0,False
clip_vit_b_32,clip_vit_b_32_linear_head,patch_shuffle,4399,4399,0,0.5872349739074707,0,7,False
clip_vit_b_32,clip_vit_b_32_linear_head,patch_shuffle,4403,4403,7,0.7843918800354004,7,7,True
clip_vit_b_32,clip_vit_b_32_linear_head,patch_shuffle,4411,4411,6,0.7540779709815979,6,6,True
clip_vit_b_32,clip_vit_b_32_linear_head,patch_shuffle,4449,4449,9,0.6840068697929382,9,0,False
clip_vit_b_32,clip_vit_b_32_linear_head,patch_shuffle,4463,4463,3,0.8087496757507324,3,3,True
clip_vit_b_32,clip_vit_b_32_linear_head,patch_shuffle,4531,4531,3,0.7056217789649963,3,4,False
clip_vit_b_32,clip_vit_b_32_linear_head,patch_shuffle,4539,4539,0,0.819229006767273,0,0,True
clip_vit_b_32,clip_vit_b_32_linear_head,patch_shuffle,4547,4547,5,0.7538271546363831,5,5,True
clip_vit_b_32,clip_vit_b_32_linear_head,patch_shuffle,4552,4552,8,0.7883467078208923,8,8,True
clip_vit_b_32,clip_vit_b_32_linear_head,patch_shuffle,4570,4570,5,0.7105717062950134,5,6,False
clip_vit_b_32,clip_vit_b_32_linear_head,patch_shuffle,4590,4590,3,0.7370210886001587,3,3,True
clip_vit_b_32,clip_vit_b_32_linear_head,patch_shuffle,4609,4609,3,0.653477132320404,3,1,False
clip_vit_b_32,clip_vit_b_32_linear_head,patch_shuffle,4615,4615,0,0.7510777115821838,0,0,True
clip_vit_b_32,clip_vit_b_32_linear_head,patch_shuffle,4617,4617,0,0.7400274872779846,0,0,True
clip_vit_b_32,clip_vit_b_32_linear_head,patch_shuffle,4620,4620,6,0.7866451144218445,6,6,True
clip_vit_b_32,clip_vit_b_32_linear_head,patch_shuffle,4629,4629,4,0.7806089520454407,4,4,True
clip_vit_b_32,clip_vit_b_32_linear_head,patch_shuffle,4640,4640,1,0.7697545289993286,1,1,True
clip_vit_b_32,clip_vit_b_32_linear_head,patch_shuffle,4642,4642,4,0.7475146651268005,4,4,True
clip_vit_b_32,clip_vit_b_32_linear_head,patch_shuffle,4661,4661,7,0.6766794919967651,7,3,False
clip_vit_b_32,clip_vit_b_32_linear_head,patch_shuffle,4662,4662,8,0.6378979086875916,8,8,True
clip_vit_b_32,clip_vit_b_32_linear_head,patch_shuffle,4675,4675,0,0.7007766962051392,0,0,True
clip_vit_b_32,clip_vit_b_32_linear_head,patch_shuffle,4676,4676,8,0.6448663473129272,8,8,True
clip_vit_b_32,clip_vit_b_32_linear_head,patch_shuffle,4704,4704,7,0.80252605676651,7,7,True
clip_vit_b_32,clip_vit_b_32_linear_head,patch_shuffle,4723,4723,9,0.7539438009262085,9,9,True
clip_vit_b_32,clip_vit_b_32_linear_head,patch_shuffle,4731,4731,6,0.7783035635948181,6,6,True
clip_vit_b_32,clip_vit_b_32_linear_head,patch_shuffle,4735,4735,2,0.5614937543869019,2,2,True
clip_vit_b_32,clip_vit_b_32_linear_head,patch_shuffle,4740,4740,4,0.7466692328453064,4,4,True
clip_vit_b_32,clip_vit_b_32_linear_head,patch_shuffle,4746,4746,6,0.83442622423172,6,6,True
clip_vit_b_32,clip_vit_b_32_linear_head,patch_shuffle,4748,4748,7,0.7541764378547668,7,7,True
clip_vit_b_32,clip_vit_b_32_linear_head,patch_shuffle,4754,4754,6,0.8285402655601501,6,6,True
clip_vit_b_32,clip_vit_b_32_linear_head,patch_shuffle,4785,4785,0,0.6680823564529419,0,0,True
clip_vit_b_32,clip_vit_b_32_linear_head,patch_shuffle,4791,4791,7,0.7070006728172302,7,7,True
clip_vit_b_32,clip_vit_b_32_linear_head,patch_shuffle,4819,4819,0,0.7377158403396606,0,0,True
clip_vit_b_32,clip_vit_b_32_linear_head,patch_shuffle,4821,4821,3,0.8090694546699524,3,3,True
clip_vit_b_32,clip_vit_b_32_linear_head,patch_shuffle,4827,4827,6,0.7515320777893066,6,6,True
clip_vit_b_32,clip_vit_b_32_linear_head,patch_shuffle,4850,4850,5,0.7148407101631165,5,5,True
clip_vit_b_32,clip_vit_b_32_linear_head,patch_shuffle,4881,4881,3,0.7127870917320251,3,1,False
clip_vit_b_32,clip_vit_b_32_linear_head,patch_shuffle,4893,4893,0,0.8053797483444214,0,0,True
clip_vit_b_32,clip_vit_b_32_linear_head,patch_shuffle,4908,4908,3,0.7883312702178955,3,3,True
clip_vit_b_32,clip_vit_b_32_linear_head,patch_shuffle,4913,4913,2,0.7063822150230408,2,2,True
clip_vit_b_32,clip_vit_b_32_linear_head,patch_shuffle,4921,4921,2,0.7674980759620667,2,2,True
clip_vit_b_32,clip_vit_b_32_linear_head,patch_shuffle,4953,4953,5,0.6828927397727966,5,3,False
clip_vit_b_32,clip_vit_b_32_linear_head,patch_shuffle,4966,4966,5,0.7039895057678223,5,5,True
clip_vit_b_32,clip_vit_b_32_linear_head,patch_shuffle,4990,4990,8,0.703152596950531,8,8,True
clip_vit_b_32,clip_vit_b_32_linear_head,patch_shuffle,5000,5000,8,0.7134411334991455,8,0,False
clip_vit_b_32,clip_vit_b_32_linear_head,patch_shuffle,5030,5030,2,0.6822113990783691,2,2,True
clip_vit_b_32,clip_vit_b_32_linear_head,patch_shuffle,5062,5062,4,0.7762307524681091,4,4,True
clip_vit_b_32,clip_vit_b_32_linear_head,patch_shuffle,5077,5077,4,0.7498966455459595,4,4,True
clip_vit_b_32,clip_vit_b_32_linear_head,patch_shuffle,5082,5082,6,0.791908860206604,6,6,True
clip_vit_b_32,clip_vit_b_32_linear_head,patch_shuffle,5092,5092,1,0.7801499962806702,1,1,True
clip_vit_b_32,clip_vit_b_32_linear_head,patch_shuffle,5101,5101,5,0.696918249130249,5,5,True
clip_vit_b_32,clip_vit_b_32_linear_head,patch_shuffle,5117,5117,0,0.7821147441864014,0,0,True
clip_vit_b_32,clip_vit_b_32_linear_head,patch_shuffle,5123,5123,1,0.7093217968940735,1,1,True
clip_vit_b_32,clip_vit_b_32_linear_head,patch_shuffle,5135,5135,4,0.7150520086288452,4,3,False
clip_vit_b_32,clip_vit_b_32_linear_head,patch_shuffle,5183,5183,2,0.6761816143989563,2,2,True
clip_vit_b_32,clip_vit_b_32_linear_head,patch_shuffle,5213,5213,4,0.7134661674499512,4,4,True
clip_vit_b_32,clip_vit_b_32_linear_head,patch_shuffle,5218,5218,2,0.7951564192771912,2,2,True
clip_vit_b_32,clip_vit_b_32_linear_head,patch_shuffle,5220,5220,1,0.7877359390258789,7,3,False
clip_vit_b_32,clip_vit_b_32_linear_head,patch_shuffle,5237,5237,2,0.7472772598266602,2,2,True
clip_vit_b_32,clip_vit_b_32_linear_head,patch_shuffle,5256,5256,1,0.7931264638900757,1,1,True
clip_vit_b_32,clip_vit_b_32_linear_head,patch_shuffle,5284,5284,9,0.8132632970809937,9,9,True
clip_vit_b_32,clip_vit_b_32_linear_head,patch_shuffle,5301,5301,9,0.6917175650596619,9,2,False
clip_vit_b_32,clip_vit_b_32_linear_head,patch_shuffle,5318,5318,2,0.7331594228744507,2,2,True
clip_vit_b_32,clip_vit_b_32_linear_head,patch_shuffle,5332,5332,5,0.7499614357948303,5,5,True
clip_vit_b_32,clip_vit_b_32_linear_head,patch_shuffle,5333,5333,2,0.6800079345703125,2,2,True
clip_vit_b_32,clip_vit_b_32_linear_head,patch_shuffle,5360,5360,9,0.7228353023529053,9,9,True
clip_vit_b_32,clip_vit_b_32_linear_head,patch_shuffle,5381,5381,5,0.734180212020874,5,5,True
clip_vit_b_32,clip_vit_b_32_linear_head,patch_shuffle,5382,5382,6,0.7431065440177917,6,6,True
clip_vit_b_32,clip_vit_b_32_linear_head,patch_shuffle,5395,5395,2,0.6883329749107361,2,2,True
clip_vit_b_32,clip_vit_b_32_linear_head,patch_shuffle,5402,5402,4,0.8182637095451355,4,4,True
clip_vit_b_32,clip_vit_b_32_linear_head,patch_shuffle,5408,5408,6,0.7447072267532349,6,4,False
clip_vit_b_32,clip_vit_b_32_linear_head,patch_shuffle,5436,5436,7,0.766297459602356,7,7,True
clip_vit_b_32,clip_vit_b_32_linear_head,patch_shuffle,5447,5447,9,0.6806493997573853,9,9,True
clip_vit_b_32,clip_vit_b_32_linear_head,patch_shuffle,5450,5450,7,0.6464807391166687,7,1,False
clip_vit_b_32,clip_vit_b_32_linear_head,patch_shuffle,5451,5451,8,0.755620002746582,8,8,True
clip_vit_b_32,clip_vit_b_32_linear_head,patch_shuffle,5452,5452,9,0.5977953672409058,9,2,False
clip_vit_b_32,clip_vit_b_32_linear_head,patch_shuffle,5467,5467,4,0.8719257712364197,4,4,True
clip_vit_b_32,clip_vit_b_32_linear_head,patch_shuffle,5478,5478,0,0.7102550864219666,0,0,True
clip_vit_b_32,clip_vit_b_32_linear_head,patch_shuffle,5488,5488,1,0.7567335963249207,1,7,False
clip_vit_b_32,clip_vit_b_32_linear_head,patch_shuffle,5496,5496,5,0.6928505301475525,5,5,True
clip_vit_b_32,clip_vit_b_32_linear_head,patch_shuffle,5508,5508,9,0.7449456453323364,9,9,True
clip_vit_b_32,clip_vit_b_32_linear_head,patch_shuffle,5512,5512,2,0.6705033183097839,9,6,False
clip_vit_b_32,clip_vit_b_32_linear_head,patch_shuffle,5525,5525,8,0.7647430300712585,8,8,True
clip_vit_b_32,clip_vit_b_32_linear_head,patch_shuffle,5528,5528,3,0.7992475032806396,3,3,True
clip_vit_b_32,clip_vit_b_32_linear_head,patch_shuffle,5556,5556,4,0.7148244380950928,4,6,False
clip_vit_b_32,clip_vit_b_32_linear_head,patch_shuffle,5560,5560,1,0.7855134010314941,1,1,True
clip_vit_b_32,clip_vit_b_32_linear_head,patch_shuffle,5572,5572,9,0.72536700963974,9,9,True
clip_vit_b_32,clip_vit_b_32_linear_head,patch_shuffle,5580,5580,6,0.6726977229118347,6,5,False
clip_vit_b_32,clip_vit_b_32_linear_head,patch_shuffle,5590,5590,9,0.6753014326095581,9,0,False
clip_vit_b_32,clip_vit_b_32_linear_head,patch_shuffle,5623,5623,4,0.7568216323852539,4,4,True
clip_vit_b_32,clip_vit_b_32_linear_head,patch_shuffle,5677,5677,2,0.6504102349281311,2,2,True
clip_vit_b_32,clip_vit_b_32_linear_head,patch_shuffle,5694,5694,8,0.7847668528556824,8,8,True
clip_vit_b_32,clip_vit_b_32_linear_head,patch_shuffle,5701,5701,5,0.7066935300827026,5,3,False
clip_vit_b_32,clip_vit_b_32_linear_head,patch_shuffle,5705,5705,8,0.7933918237686157,8,8,True
clip_vit_b_32,clip_vit_b_32_linear_head,patch_shuffle,5719,5719,7,0.7404953241348267,7,7,True
clip_vit_b_32,clip_vit_b_32_linear_head,patch_shuffle,5729,5729,6,0.8078623414039612,6,6,True
clip_vit_b_32,clip_vit_b_32_linear_head,patch_shuffle,5756,5756,2,0.6970140337944031,2,2,True
clip_vit_b_32,clip_vit_b_32_linear_head,patch_shuffle,5788,5788,9,0.7844818234443665,9,9,True
clip_vit_b_32,clip_vit_b_32_linear_head,patch_shuffle,5789,5789,4,0.6539223194122314,4,4,True
clip_vit_b_32,clip_vit_b_32_linear_head,patch_shuffle,5824,5824,2,0.7651693820953369,2,2,True
clip_vit_b_32,clip_vit_b_32_linear_head,patch_shuffle,5848,5848,7,0.7949745655059814,7,7,True
clip_vit_b_32,clip_vit_b_32_linear_head,patch_shuffle,5851,5851,9,0.7364253997802734,9,9,True
clip_vit_b_32,clip_vit_b_32_linear_head,patch_shuffle,5857,5857,6,0.6672033071517944,6,3,False
clip_vit_b_32,clip_vit_b_32_linear_head,patch_shuffle,5858,5858,6,0.7464740872383118,6,6,True
clip_vit_b_32,clip_vit_b_32_linear_head,patch_shuffle,5912,5912,0,0.77698814868927,0,0,True
clip_vit_b_32,clip_vit_b_32_linear_head,patch_shuffle,5915,5915,9,0.6736668944358826,9,9,True
clip_vit_b_32,clip_vit_b_32_linear_head,patch_shuffle,5918,5918,0,0.7126500606536865,0,0,True
clip_vit_b_32,clip_vit_b_32_linear_head,patch_shuffle,5924,5924,5,0.7560017704963684,5,5,True
clip_vit_b_32,clip_vit_b_32_linear_head,patch_shuffle,5977,5977,7,0.7187212705612183,7,7,True
clip_vit_b_32,clip_vit_b_32_linear_head,patch_shuffle,5981,5981,9,0.7581469416618347,9,9,True
clip_vit_b_32,clip_vit_b_32_linear_head,patch_shuffle,5999,5999,0,0.562372624874115,0,0,True
clip_vit_b_32,clip_vit_b_32_linear_head,patch_shuffle,6028,6028,2,0.5772415399551392,2,2,True
clip_vit_b_32,clip_vit_b_32_linear_head,patch_shuffle,6033,6033,4,0.7466880679130554,4,4,True
clip_vit_b_32,clip_vit_b_32_linear_head,patch_shuffle,6076,6076,1,0.695929765701294,1,1,True
clip_vit_b_32,clip_vit_b_32_linear_head,patch_shuffle,6084,6084,7,0.7641077041625977,7,7,True
clip_vit_b_32,clip_vit_b_32_linear_head,patch_shuffle,6097,6097,4,0.7874355316162109,4,4,True
clip_vit_b_32,clip_vit_b_32_linear_head,patch_shuffle,6169,6169,1,0.7149805426597595,1,1,True
clip_vit_b_32,clip_vit_b_32_linear_head,patch_shuffle,6190,6190,7,0.8008478879928589,7,7,True
clip_vit_b_32,clip_vit_b_32_linear_head,patch_shuffle,6224,6224,5,0.6236637234687805,5,7,False
clip_vit_b_32,clip_vit_b_32_linear_head,patch_shuffle,6244,6244,2,0.559144914150238,2,2,True
clip_vit_b_32,clip_vit_b_32_linear_head,patch_shuffle,6264,6264,2,0.7078773975372314,2,2,True
clip_vit_b_32,clip_vit_b_32_linear_head,patch_shuffle,6271,6271,2,0.7395381331443787,2,2,True
clip_vit_b_32,clip_vit_b_32_linear_head,patch_shuffle,6288,6288,4,0.5965696573257446,4,4,True
clip_vit_b_32,clip_vit_b_32_linear_head,patch_shuffle,6332,6332,2,0.6795644760131836,2,2,True
clip_vit_b_32,clip_vit_b_32_linear_head,patch_shuffle,6349,6349,1,0.7338479161262512,1,1,True
clip_vit_b_32,clip_vit_b_32_linear_head,patch_shuffle,6354,6354,2,0.6032946109771729,2,2,True
clip_vit_b_32,clip_vit_b_32_linear_head,patch_shuffle,6358,6358,5,0.71809983253479,5,5,True
clip_vit_b_32,clip_vit_b_32_linear_head,patch_shuffle,6381,6381,6,0.7561535835266113,6,6,True
clip_vit_b_32,clip_vit_b_32_linear_head,patch_shuffle,6414,6414,5,0.7611435055732727,5,3,False
clip_vit_b_32,clip_vit_b_32_linear_head,patch_shuffle,6426,6426,2,0.5637160539627075,2,2,True
clip_vit_b_32,clip_vit_b_32_linear_head,patch_shuffle,6434,6434,8,0.6980019211769104,8,8,True
clip_vit_b_32,clip_vit_b_32_linear_head,patch_shuffle,6437,6437,0,0.6899017095565796,0,0,True
clip_vit_b_32,clip_vit_b_32_linear_head,patch_shuffle,6455,6455,0,0.7092529535293579,0,0,True
clip_vit_b_32,clip_vit_b_32_linear_head,patch_shuffle,6490,6490,3,0.8026416897773743,3,3,True
clip_vit_b_32,clip_vit_b_32_linear_head,patch_shuffle,6503,6503,2,0.6936410069465637,2,2,True
clip_vit_b_32,clip_vit_b_32_linear_head,patch_shuffle,6508,6508,4,0.6990227699279785,4,4,True
clip_vit_b_32,clip_vit_b_32_linear_head,patch_shuffle,6528,6528,4,0.8125113844871521,4,4,True
clip_vit_b_32,clip_vit_b_32_linear_head,patch_shuffle,6594,6594,1,0.7387376427650452,1,1,True
clip_vit_b_32,clip_vit_b_32_linear_head,patch_shuffle,6609,6609,0,0.7333292961120605,0,0,True
clip_vit_b_32,clip_vit_b_32_linear_head,patch_shuffle,6616,6616,2,0.7364460825920105,2,2,True
clip_vit_b_32,clip_vit_b_32_linear_head,patch_shuffle,6650,6650,7,0.6911947131156921,7,7,True
clip_vit_b_32,clip_vit_b_32_linear_head,patch_shuffle,6689,6689,8,0.7491480112075806,8,8,True
clip_vit_b_32,clip_vit_b_32_linear_head,patch_shuffle,6692,6692,2,0.639552652835846,2,2,True
clip_vit_b_32,clip_vit_b_32_linear_head,patch_shuffle,6713,6713,6,0.6789406538009644,6,6,True
clip_vit_b_32,clip_vit_b_32_linear_head,patch_shuffle,6716,6716,5,0.792192280292511,5,5,True
clip_vit_b_32,clip_vit_b_32_linear_head,patch_shuffle,6726,6726,7,0.7431651949882507,7,7,True
clip_vit_b_32,clip_vit_b_32_linear_head,patch_shuffle,6733,6733,1,0.8471241593360901,1,1,True
clip_vit_b_32,clip_vit_b_32_linear_head,patch_shuffle,6772,6772,7,0.7838888168334961,7,7,True
clip_vit_b_32,clip_vit_b_32_linear_head,patch_shuffle,6805,6805,1,0.748775839805603,1,1,True
clip_vit_b_32,clip_vit_b_32_linear_head,patch_shuffle,6836,6836,1,0.8300238251686096,1,1,True
clip_vit_b_32,clip_vit_b_32_linear_head,patch_shuffle,6844,6844,0,0.8166787028312683,0,0,True
clip_vit_b_32,clip_vit_b_32_linear_head,patch_shuffle,6922,6922,5,0.6343561410903931,5,5,True
clip_vit_b_32,clip_vit_b_32_linear_head,patch_shuffle,6931,6931,9,0.6834991574287415,9,0,False
clip_vit_b_32,clip_vit_b_32_linear_head,patch_shuffle,6938,6938,1,0.7235239744186401,1,1,True
clip_vit_b_32,clip_vit_b_32_linear_head,patch_shuffle,6952,6952,3,0.7546730637550354,3,3,True
clip_vit_b_32,clip_vit_b_32_linear_head,patch_shuffle,6954,6954,1,0.8571030497550964,1,1,True
clip_vit_b_32,clip_vit_b_32_linear_head,patch_shuffle,6986,6986,0,0.7824177742004395,0,0,True
clip_vit_b_32,clip_vit_b_32_linear_head,patch_shuffle,6989,6989,5,0.6519314050674438,5,7,False
clip_vit_b_32,clip_vit_b_32_linear_head,patch_shuffle,7009,7009,0,0.7393268942832947,0,0,True
clip_vit_b_32,clip_vit_b_32_linear_head,patch_shuffle,7029,7029,1,0.7756441235542297,1,1,True
clip_vit_b_32,clip_vit_b_32_linear_head,patch_shuffle,7033,7033,1,0.728348970413208,1,1,True
clip_vit_b_32,clip_vit_b_32_linear_head,patch_shuffle,7041,7041,5,0.7016379833221436,5,5,True
clip_vit_b_32,clip_vit_b_32_linear_head,patch_shuffle,7047,7047,9,0.6942231059074402,9,9,True
clip_vit_b_32,clip_vit_b_32_linear_head,patch_shuffle,7081,7081,7,0.7498392462730408,7,1,False
clip_vit_b_32,clip_vit_b_32_linear_head,patch_shuffle,7084,7084,2,0.6789982914924622,2,2,True
clip_vit_b_32,clip_vit_b_32_linear_head,patch_shuffle,7108,7108,6,0.7211281657218933,6,6,True
clip_vit_b_32,clip_vit_b_32_linear_head,patch_shuffle,7130,7130,5,0.6401754021644592,5,4,False
clip_vit_b_32,clip_vit_b_32_linear_head,patch_shuffle,7138,7138,8,0.7656711935997009,8,8,True
clip_vit_b_32,clip_vit_b_32_linear_head,patch_shuffle,7150,7150,0,0.7140318751335144,0,0,True
clip_vit_b_32,clip_vit_b_32_linear_head,patch_shuffle,7202,7202,1,0.77260422706604,1,1,True
clip_vit_b_32,clip_vit_b_32_linear_head,patch_shuffle,7262,7262,0,0.7700889110565186,0,0,True
clip_vit_b_32,clip_vit_b_32_linear_head,patch_shuffle,7266,7266,9,0.7945101857185364,9,9,True
clip_vit_b_32,clip_vit_b_32_linear_head,patch_shuffle,7270,7270,7,0.7490542531013489,7,7,True
clip_vit_b_32,clip_vit_b_32_linear_head,patch_shuffle,7309,7309,0,0.6291886568069458,0,0,True
clip_vit_b_32,clip_vit_b_32_linear_head,patch_shuffle,7320,7320,0,0.6008590459823608,0,0,True
clip_vit_b_32,clip_vit_b_32_linear_head,patch_shuffle,7338,7338,6,0.6540055871009827,6,6,True
clip_vit_b_32,clip_vit_b_32_linear_head,patch_shuffle,7372,7372,0,0.7236815094947815,0,0,True
clip_vit_b_32,clip_vit_b_32_linear_head,patch_shuffle,7373,7373,0,0.7145618200302124,0,0,True
clip_vit_b_32,clip_vit_b_32_linear_head,patch_shuffle,7380,7380,9,0.7611121535301208,9,9,True
clip_vit_b_32,clip_vit_b_32_linear_head,patch_shuffle,7390,7390,1,0.7131008505821228,1,1,True
clip_vit_b_32,clip_vit_b_32_linear_head,patch_shuffle,7413,7413,5,0.7631481289863586,3,3,True
clip_vit_b_32,clip_vit_b_32_linear_head,patch_shuffle,7416,7416,3,0.7641730904579163,3,3,True
clip_vit_b_32,clip_vit_b_32_linear_head,patch_shuffle,7425,7425,2,0.6325471997261047,2,2,True
clip_vit_b_32,clip_vit_b_32_linear_head,patch_shuffle,7446,7446,8,0.7313712239265442,8,8,True
clip_vit_b_32,clip_vit_b_32_linear_head,patch_shuffle,7460,7460,8,0.757678747177124,8,8,True
clip_vit_b_32,clip_vit_b_32_linear_head,patch_shuffle,7465,7465,0,0.7589138746261597,0,0,True
clip_vit_b_32,clip_vit_b_32_linear_head,patch_shuffle,7474,7474,5,0.8148812055587769,5,5,True
clip_vit_b_32,clip_vit_b_32_linear_head,patch_shuffle,7475,7475,4,0.7619874477386475,4,4,True
clip_vit_b_32,clip_vit_b_32_linear_head,patch_shuffle,7476,7476,8,0.7432026863098145,8,8,True
clip_vit_b_32,clip_vit_b_32_linear_head,patch_shuffle,7544,7544,9,0.7924013733863831,9,9,True
clip_vit_b_32,clip_vit_b_32_linear_head,patch_shuffle,7555,7555,6,0.7652058005332947,6,6,True
clip_vit_b_32,clip_vit_b_32_linear_head,patch_shuffle,7600,7600,6,0.7394905090332031,6,6,True
clip_vit_b_32,clip_vit_b_32_linear_head,patch_shuffle,7610,7610,4,0.71420818567276,4,4,True
clip_vit_b_32,clip_vit_b_32_linear_head,patch_shuffle,7634,7634,0,0.8038467764854431,0,0,True
clip_vit_b_32,clip_vit_b_32_linear_head,patch_shuffle,7692,7692,4,0.7991721630096436,4,4,True
clip_vit_b_32,clip_vit_b_32_linear_head,patch_shuffle,7706,7706,5,0.6809180974960327,5,3,False
clip_vit_b_32,clip_vit_b_32_linear_head,patch_shuffle,7726,7726,6,0.7905887365341187,6,6,True
clip_vit_b_32,clip_vit_b_32_linear_head,patch_shuffle,7744,7744,3,0.6782934069633484,3,3,True
clip_vit_b_32,clip_vit_b_32_linear_head,patch_shuffle,7752,7752,9,0.8261843323707581,9,9,True
clip_vit_b_32,clip_vit_b_32_linear_head,patch_shuffle,7776,7776,5,0.6344315409660339,5,6,False
clip_vit_b_32,clip_vit_b_32_linear_head,patch_shuffle,7779,7779,6,0.7321927547454834,6,6,True
clip_vit_b_32,clip_vit_b_32_linear_head,patch_shuffle,7781,7781,6,0.8093727231025696,6,6,True
clip_vit_b_32,clip_vit_b_32_linear_head,patch_shuffle,7793,7793,3,0.6744992733001709,3,3,True
clip_vit_b_32,clip_vit_b_32_linear_head,patch_shuffle,7797,7797,3,0.7104223370552063,3,1,False
clip_vit_b_32,clip_vit_b_32_linear_head,patch_shuffle,7810,7810,8,0.7756511569023132,8,8,True
clip_vit_b_32,clip_vit_b_32_linear_head,patch_shuffle,7818,7818,8,0.7280661463737488,8,8,True
clip_vit_b_32,clip_vit_b_32_linear_head,patch_shuffle,7835,7835,7,0.7458238005638123,7,7,True
clip_vit_b_32,clip_vit_b_32_linear_head,patch_shuffle,7864,7864,4,0.7852611541748047,4,4,True
clip_vit_b_32,clip_vit_b_32_linear_head,patch_shuffle,7875,7875,8,0.6853656768798828,8,8,True
clip_vit_b_32,clip_vit_b_32_linear_head,patch_shuffle,7938,7938,9,0.7545575499534607,9,9,True
clip_vit_b_32,clip_vit_b_32_linear_head,patch_shuffle,7940,7940,4,0.7391089797019958,4,4,True
clip_vit_b_32,clip_vit_b_32_linear_head,patch_shuffle,7944,7944,4,0.7320037484169006,4,4,True
clip_vit_b_32,clip_vit_b_32_linear_head,patch_shuffle,7955,7955,1,0.7145991325378418,1,1,True
clip_vit_b_32,clip_vit_b_32_linear_head,patch_shuffle,7995,7995,9,0.7342251539230347,9,9,True
clip_vit_b_32,clip_vit_b_32_linear_head,patch_shuffle,7996,7996,6,0.779141902923584,6,6,True
clip_vit_b_32,clip_vit_b_32_linear_head,patch_shuffle,7999,7999,8,0.7896459698677063,8,8,True
clip_vit_b_32,clip_vit_b_32_linear_head,d8_up,3,3,0,0.9842034578323364,0,0,True
clip_vit_b_32,clip_vit_b_32_linear_head,d8_up,29,29,7,0.9672589898109436,7,7,True
clip_vit_b_32,clip_vit_b_32_linear_head,d8_up,35,35,2,0.9685932993888855,2,2,True
clip_vit_b_32,clip_vit_b_32_linear_head,d8_up,42,42,0,0.9866181015968323,0,0,True
clip_vit_b_32,clip_vit_b_32_linear_head,d8_up,49,49,2,0.9670389294624329,2,2,True
clip_vit_b_32,clip_vit_b_32_linear_head,d8_up,81,81,0,0.9875660538673401,0,0,True
clip_vit_b_32,clip_vit_b_32_linear_head,d8_up,95,95,1,0.9885134696960449,1,1,True
clip_vit_b_32,clip_vit_b_32_linear_head,d8_up,97,97,5,0.9886257648468018,5,5,True
clip_vit_b_32,clip_vit_b_32_linear_head,d8_up,116,116,1,0.9831180572509766,1,1,True
clip_vit_b_32,clip_vit_b_32_linear_head,d8_up,131,131,9,0.9811398386955261,9,9,True
clip_vit_b_32,clip_vit_b_32_linear_head,d8_up,151,151,8,0.9799141883850098,8,8,True
clip_vit_b_32,clip_vit_b_32_linear_head,d8_up,171,171,4,0.9897322654724121,4,4,True
clip_vit_b_32,clip_vit_b_32_linear_head,d8_up,176,176,3,0.9891378879547119,3,3,True
clip_vit_b_32,clip_vit_b_32_linear_head,d8_up,191,191,9,0.9513142108917236,2,9,False
clip_vit_b_32,clip_vit_b_32_linear_head,d8_up,194,194,8,0.9812081456184387,8,8,True
clip_vit_b_32,clip_vit_b_32_linear_head,d8_up,198,198,1,0.9853985905647278,1,1,True
clip_vit_b_32,clip_vit_b_32_linear_head,d8_up,239,239,9,0.9868465662002563,9,9,True
clip_vit_b_32,clip_vit_b_32_linear_head,d8_up,261,261,1,0.9800862073898315,1,1,True
clip_vit_b_32,clip_vit_b_32_linear_head,d8_up,269,269,7,0.9821575880050659,7,7,True
clip_vit_b_32,clip_vit_b_32_linear_head,d8_up,276,276,9,0.962639570236206,9,9,True
clip_vit_b_32,clip_vit_b_32_linear_head,d8_up,303,303,9,0.9917016625404358,9,9,True
clip_vit_b_32,clip_vit_b_32_linear_head,d8_up,304,304,1,0.9770834445953369,1,1,True
clip_vit_b_32,clip_vit_b_32_linear_head,d8_up,317,317,2,0.9847092628479004,2,2,True
clip_vit_b_32,clip_vit_b_32_linear_head,d8_up,319,319,5,0.9863823652267456,5,5,True
clip_vit_b_32,clip_vit_b_32_linear_head,d8_up,323,323,7,0.9868096113204956,7,7,True
clip_vit_b_32,clip_vit_b_32_linear_head,d8_up,365,365,3,0.9916669130325317,3,3,True
clip_vit_b_32,clip_vit_b_32_linear_head,d8_up,370,370,7,0.9729868769645691,7,7,True
clip_vit_b_32,clip_vit_b_32_linear_head,d8_up,372,372,3,0.977258563041687,3,3,True
clip_vit_b_32,clip_vit_b_32_linear_head,d8_up,378,378,5,0.9858449697494507,5,5,True
clip_vit_b_32,clip_vit_b_32_linear_head,d8_up,391,391,3,0.977573037147522,3,3,True
clip_vit_b_32,clip_vit_b_32_linear_head,d8_up,409,409,2,0.983378529548645,2,2,True
clip_vit_b_32,clip_vit_b_32_linear_head,d8_up,419,419,9,0.9704877138137817,9,9,True
clip_vit_b_32,clip_vit_b_32_linear_head,d8_up,449,449,6,0.9769327044487,6,6,True
clip_vit_b_32,clip_vit_b_32_linear_head,d8_up,470,470,2,0.9835490584373474,2,2,True
clip_vit_b_32,clip_vit_b_32_linear_head,d8_up,483,483,2,0.9764271974563599,2,2,True
clip_vit_b_32,clip_vit_b_32_linear_head,d8_up,484,484,0,0.976536214351654,0,0,True
clip_vit_b_32,clip_vit_b_32_linear_head,d8_up,506,506,4,0.9907026886940002,4,4,True
clip_vit_b_32,clip_vit_b_32_linear_head,d8_up,545,545,6,0.9768351912498474,6,6,True
clip_vit_b_32,clip_vit_b_32_linear_head,d8_up,562,562,0,0.9852098822593689,0,0,True
clip_vit_b_32,clip_vit_b_32_linear_head,d8_up,568,568,5,0.9927628636360168,5,5,True
clip_vit_b_32,clip_vit_b_32_linear_head,d8_up,603,603,9,0.9739951491355896,9,9,True
clip_vit_b_32,clip_vit_b_32_linear_head,d8_up,632,632,3,0.9791603088378906,3,3,True
clip_vit_b_32,clip_vit_b_32_linear_head,d8_up,645,645,5,0.9897952079772949,5,5,True
clip_vit_b_32,clip_vit_b_32_linear_head,d8_up,667,667,8,0.9862638711929321,8,8,True
clip_vit_b_32,clip_vit_b_32_linear_head,d8_up,672,672,3,0.9858055710792542,3,3,True
clip_vit_b_32,clip_vit_b_32_linear_head,d8_up,677,677,3,0.9884515404701233,3,3,True
clip_vit_b_32,clip_vit_b_32_linear_head,d8_up,685,685,5,0.9938985705375671,5,5,True
clip_vit_b_32,clip_vit_b_32_linear_head,d8_up,691,691,4,0.9889989495277405,4,4,True
clip_vit_b_32,clip_vit_b_32_linear_head,d8_up,706,706,8,0.9824499487876892,8,8,True
clip_vit_b_32,clip_vit_b_32_linear_head,d8_up,714,714,2,0.9714176058769226,2,2,True
clip_vit_b_32,clip_vit_b_32_linear_head,d8_up,716,716,8,0.9962413907051086,8,8,True
clip_vit_b_32,clip_vit_b_32_linear_head,d8_up,738,738,3,0.9675168395042419,3,3,True
clip_vit_b_32,clip_vit_b_32_linear_head,d8_up,739,739,8,0.9919710755348206,8,8,True
clip_vit_b_32,clip_vit_b_32_linear_head,d8_up,766,766,4,0.9777578711509705,6,6,True
clip_vit_b_32,clip_vit_b_32_linear_head,d8_up,791,791,3,0.9810829162597656,3,3,True
clip_vit_b_32,clip_vit_b_32_linear_head,d8_up,805,805,9,0.9842053055763245,9,9,True
clip_vit_b_32,clip_vit_b_32_linear_head,d8_up,825,825,1,0.989601194858551,1,1,True
clip_vit_b_32,clip_vit_b_32_linear_head,d8_up,852,852,9,0.9889867305755615,9,9,True
clip_vit_b_32,clip_vit_b_32_linear_head,d8_up,855,855,4,0.9830330014228821,4,4,True
clip_vit_b_32,clip_vit_b_32_linear_head,d8_up,873,873,6,0.9875094294548035,6,4,False
clip_vit_b_32,clip_vit_b_32_linear_head,d8_up,890,890,6,0.9911205172538757,6,6,True
clip_vit_b_32,clip_vit_b_32_linear_head,d8_up,920,920,6,0.9895318150520325,6,6,True
clip_vit_b_32,clip_vit_b_32_linear_head,d8_up,929,929,6,0.9914602041244507,6,6,True
clip_vit_b_32,clip_vit_b_32_linear_head,d8_up,962,962,8,0.9790390729904175,8,8,True
clip_vit_b_32,clip_vit_b_32_linear_head,d8_up,964,964,6,0.9787712097167969,6,6,True
clip_vit_b_32,clip_vit_b_32_linear_head,d8_up,977,977,6,0.9843934178352356,6,6,True
clip_vit_b_32,clip_vit_b_32_linear_head,d8_up,979,979,3,0.9941494464874268,3,3,True
clip_vit_b_32,clip_vit_b_32_linear_head,d8_up,981,981,2,0.9727667570114136,2,2,True
clip_vit_b_32,clip_vit_b_32_linear_head,d8_up,1022,1022,9,0.9496850967407227,9,9,True
clip_vit_b_32,clip_vit_b_32_linear_head,d8_up,1032,1032,7,0.9728438854217529,7,7,True
clip_vit_b_32,clip_vit_b_32_linear_head,d8_up,1048,1048,7,0.9822060465812683,7,7,True
clip_vit_b_32,clip_vit_b_32_linear_head,d8_up,1090,1090,1,0.9897576570510864,1,1,True
clip_vit_b_32,clip_vit_b_32_linear_head,d8_up,1095,1095,5,0.9912806153297424,5,5,True
clip_vit_b_32,clip_vit_b_32_linear_head,d8_up,1109,1109,1,0.9871014952659607,1,1,True
clip_vit_b_32,clip_vit_b_32_linear_head,d8_up,1111,1111,4,0.979017972946167,4,4,True
clip_vit_b_32,clip_vit_b_32_linear_head,d8_up,1115,1115,1,0.9831727743148804,1,1,True
clip_vit_b_32,clip_vit_b_32_linear_head,d8_up,1124,1124,4,0.9910901784896851,4,4,True
clip_vit_b_32,clip_vit_b_32_linear_head,d8_up,1129,1129,8,0.9873437285423279,8,8,True
clip_vit_b_32,clip_vit_b_32_linear_head,d8_up,1175,1175,0,0.9736961126327515,0,0,True
clip_vit_b_32,clip_vit_b_32_linear_head,d8_up,1202,1202,2,0.9762365221977234,2,2,True
clip_vit_b_32,clip_vit_b_32_linear_head,d8_up,1204,1204,3,0.9730895161628723,3,3,True
clip_vit_b_32,clip_vit_b_32_linear_head,d8_up,1211,1211,4,0.9840824007987976,4,4,True
clip_vit_b_32,clip_vit_b_32_linear_head,d8_up,1220,1220,7,0.9860363602638245,7,7,True
clip_vit_b_32,clip_vit_b_32_linear_head,d8_up,1230,1230,1,0.9735973477363586,1,1,True
clip_vit_b_32,clip_vit_b_32_linear_head,d8_up,1247,1247,8,0.9816457033157349,8,8,True
clip_vit_b_32,clip_vit_b_32_linear_head,d8_up,1263,1263,3,0.9889258146286011,3,3,True
clip_vit_b_32,clip_vit_b_32_linear_head,d8_up,1266,1266,4,0.9885112047195435,4,4,True
clip_vit_b_32,clip_vit_b_32_linear_head,d8_up,1287,1287,7,0.9666070342063904,7,7,True
clip_vit_b_32,clip_vit_b_32_linear_head,d8_up,1296,1296,7,0.9695502519607544,7,7,True
clip_vit_b_32,clip_vit_b_32_linear_head,d8_up,1370,1370,3,0.972700297832489,3,3,True
clip_vit_b_32,clip_vit_b_32_linear_head,d8_up,1389,1389,0,0.9902018308639526,0,0,True
clip_vit_b_32,clip_vit_b_32_linear_head,d8_up,1401,1401,3,0.9763554334640503,3,3,True
clip_vit_b_32,clip_vit_b_32_linear_head,d8_up,1403,1403,2,0.9641021490097046,2,2,True
clip_vit_b_32,clip_vit_b_32_linear_head,d8_up,1411,1411,9,0.9770152568817139,9,9,True
clip_vit_b_32,clip_vit_b_32_linear_head,d8_up,1429,1429,4,0.9742624759674072,4,4,True
clip_vit_b_32,clip_vit_b_32_linear_head,d8_up,1430,1430,9,0.9701884388923645,9,9,True
clip_vit_b_32,clip_vit_b_32_linear_head,d8_up,1431,1431,3,0.98580402135849,3,3,True
clip_vit_b_32,clip_vit_b_32_linear_head,d8_up,1436,1436,1,0.9778665900230408,1,1,True
clip_vit_b_32,clip_vit_b_32_linear_head,d8_up,1440,1440,7,0.9753497838973999,7,7,True
clip_vit_b_32,clip_vit_b_32_linear_head,d8_up,1468,1468,9,0.9713817834854126,9,9,True
clip_vit_b_32,clip_vit_b_32_linear_head,d8_up,1473,1473,7,0.9826304316520691,7,7,True
clip_vit_b_32,clip_vit_b_32_linear_head,d8_up,1515,1515,9,0.9623903036117554,9,9,True
clip_vit_b_32,clip_vit_b_32_linear_head,d8_up,1520,1520,2,0.9847078323364258,2,2,True
clip_vit_b_32,clip_vit_b_32_linear_head,d8_up,1531,1531,3,0.9835907220840454,3,3,True
clip_vit_b_32,clip_vit_b_32_linear_head,d8_up,1534,1534,6,0.9771839380264282,6,6,True
clip_vit_b_32,clip_vit_b_32_linear_head,d8_up,1552,1552,5,0.9901013970375061,5,5,True
clip_vit_b_32,clip_vit_b_32_linear_head,d8_up,1553,1553,0,0.9820340275764465,0,0,True
clip_vit_b_32,clip_vit_b_32_linear_head,d8_up,1563,1563,3,0.9815108776092529,7,3,False
clip_vit_b_32,clip_vit_b_32_linear_head,d8_up,1568,1568,1,0.9913680553436279,1,1,True
clip_vit_b_32,clip_vit_b_32_linear_head,d8_up,1579,1579,7,0.9917176961898804,7,7,True
clip_vit_b_32,clip_vit_b_32_linear_head,d8_up,1586,1586,2,0.9696189165115356,2,2,True
clip_vit_b_32,clip_vit_b_32_linear_head,d8_up,1596,1596,0,0.9839990139007568,0,0,True
clip_vit_b_32,clip_vit_b_32_linear_head,d8_up,1626,1626,5,0.9848148226737976,5,5,True
clip_vit_b_32,clip_vit_b_32_linear_head,d8_up,1640,1640,8,0.988345742225647,8,8,True
clip_vit_b_32,clip_vit_b_32_linear_head,d8_up,1644,1644,5,0.9929569959640503,5,5,True
clip_vit_b_32,clip_vit_b_32_linear_head,d8_up,1648,1648,0,0.9918830394744873,0,0,True
clip_vit_b_32,clip_vit_b_32_linear_head,d8_up,1654,1654,9,0.975428581237793,9,9,True
clip_vit_b_32,clip_vit_b_32_linear_head,d8_up,1667,1667,6,0.9920796751976013,6,6,True
clip_vit_b_32,clip_vit_b_32_linear_head,d8_up,1703,1703,7,0.9816873669624329,7,7,True
clip_vit_b_32,clip_vit_b_32_linear_head,d8_up,1711,1711,7,0.9767587780952454,7,7,True
clip_vit_b_32,clip_vit_b_32_linear_head,d8_up,1771,1771,7,0.9747814536094666,7,7,True
clip_vit_b_32,clip_vit_b_32_linear_head,d8_up,1783,1783,8,0.9939768314361572,8,8,True
clip_vit_b_32,clip_vit_b_32_linear_head,d8_up,1814,1814,2,0.974733293056488,2,2,True
clip_vit_b_32,clip_vit_b_32_linear_head,d8_up,1833,1833,8,0.989150881767273,8,8,True
clip_vit_b_32,clip_vit_b_32_linear_head,d8_up,1836,1836,9,0.9832421541213989,9,9,True
clip_vit_b_32,clip_vit_b_32_linear_head,d8_up,1839,1839,2,0.9781734943389893,2,2,True
clip_vit_b_32,clip_vit_b_32_linear_head,d8_up,1852,1852,1,0.9837401509284973,1,1,True
clip_vit_b_32,clip_vit_b_32_linear_head,d8_up,1871,1871,1,0.994418203830719,1,1,True
clip_vit_b_32,clip_vit_b_32_linear_head,d8_up,1877,1877,5,0.9936055541038513,5,5,True
clip_vit_b_32,clip_vit_b_32_linear_head,d8_up,1884,1884,7,0.9637582302093506,7,7,True
clip_vit_b_32,clip_vit_b_32_linear_head,d8_up,1927,1927,7,0.9787620902061462,7,7,True
clip_vit_b_32,clip_vit_b_32_linear_head,d8_up,1954,1954,8,0.9803810715675354,8,8,True
clip_vit_b_32,clip_vit_b_32_linear_head,d8_up,1956,1956,7,0.985446572303772,7,7,True
clip_vit_b_32,clip_vit_b_32_linear_head,d8_up,1960,1960,4,0.988471269607544,4,4,True
clip_vit_b_32,clip_vit_b_32_linear_head,d8_up,1977,1977,0,0.9822154641151428,0,0,True
clip_vit_b_32,clip_vit_b_32_linear_head,d8_up,1986,1986,1,0.9963229894638062,1,1,True
clip_vit_b_32,clip_vit_b_32_linear_head,d8_up,1993,1993,1,0.9901543855667114,1,1,True
clip_vit_b_32,clip_vit_b_32_linear_head,d8_up,2003,2003,6,0.9885966777801514,6,6,True
clip_vit_b_32,clip_vit_b_32_linear_head,d8_up,2011,2011,9,0.9709287881851196,9,9,True
clip_vit_b_32,clip_vit_b_32_linear_head,d8_up,2024,2024,0,0.9890598654747009,0,0,True
clip_vit_b_32,clip_vit_b_32_linear_head,d8_up,2028,2028,3,0.9861102104187012,3,3,True
clip_vit_b_32,clip_vit_b_32_linear_head,d8_up,2062,2062,9,0.9848412871360779,9,9,True
clip_vit_b_32,clip_vit_b_32_linear_head,d8_up,2070,2070,1,0.9700740575790405,1,1,True
clip_vit_b_32,clip_vit_b_32_linear_head,d8_up,2082,2082,2,0.9756924510002136,2,2,True
clip_vit_b_32,clip_vit_b_32_linear_head,d8_up,2095,2095,1,0.9956291317939758,1,1,True
clip_vit_b_32,clip_vit_b_32_linear_head,d8_up,2109,2109,8,0.9712157249450684,8,8,True
clip_vit_b_32,clip_vit_b_32_linear_head,d8_up,2114,2114,9,0.9918094873428345,9,9,True
clip_vit_b_32,clip_vit_b_32_linear_head,d8_up,2116,2116,1,0.959213376045227,1,1,True
clip_vit_b_32,clip_vit_b_32_linear_head,d8_up,2157,2157,1,0.9802858829498291,1,1,True
clip_vit_b_32,clip_vit_b_32_linear_head,d8_up,2167,2167,9,0.9806540012359619,9,9,True
clip_vit_b_32,clip_vit_b_32_linear_head,d8_up,2178,2178,1,0.9779781103134155,1,1,True
clip_vit_b_32,clip_vit_b_32_linear_head,d8_up,2191,2191,8,0.9881691932678223,8,8,True
clip_vit_b_32,clip_vit_b_32_linear_head,d8_up,2230,2230,8,0.9817383289337158,8,8,True
clip_vit_b_32,clip_vit_b_32_linear_head,d8_up,2242,2242,0,0.9891825914382935,0,0,True
clip_vit_b_32,clip_vit_b_32_linear_head,d8_up,2265,2265,5,0.9875649809837341,5,5,True
clip_vit_b_32,clip_vit_b_32_linear_head,d8_up,2268,2268,5,0.9875274300575256,5,5,True
clip_vit_b_32,clip_vit_b_32_linear_head,d8_up,2291,2291,3,0.9786108136177063,3,3,True
clip_vit_b_32,clip_vit_b_32_linear_head,d8_up,2334,2334,5,0.9872883558273315,5,5,True
clip_vit_b_32,clip_vit_b_32_linear_head,d8_up,2340,2340,8,0.9857351779937744,8,8,True
clip_vit_b_32,clip_vit_b_32_linear_head,d8_up,2342,2342,8,0.9862797260284424,8,8,True
clip_vit_b_32,clip_vit_b_32_linear_head,d8_up,2351,2351,9,0.9819463491439819,9,9,True
clip_vit_b_32,clip_vit_b_32_linear_head,d8_up,2391,2391,5,0.9816943407058716,5,5,True
clip_vit_b_32,clip_vit_b_32_linear_head,d8_up,2392,2392,2,0.9870618581771851,2,2,True
clip_vit_b_32,clip_vit_b_32_linear_head,d8_up,2399,2399,4,0.9938117861747742,4,4,True
clip_vit_b_32,clip_vit_b_32_linear_head,d8_up,2414,2414,9,0.9743449091911316,9,9,True
clip_vit_b_32,clip_vit_b_32_linear_head,d8_up,2427,2427,5,0.9853567481040955,5,5,True
clip_vit_b_32,clip_vit_b_32_linear_head,d8_up,2458,2458,5,0.9918880462646484,5,5,True
clip_vit_b_32,clip_vit_b_32_linear_head,d8_up,2501,2501,7,0.9896182417869568,7,7,True
clip_vit_b_32,clip_vit_b_32_linear_head,d8_up,2502,2502,2,0.9746701121330261,2,2,True
clip_vit_b_32,clip_vit_b_32_linear_head,d8_up,2536,2536,3,0.9833669066429138,3,3,True
clip_vit_b_32,clip_vit_b_32_linear_head,d8_up,2539,2539,3,0.9762335419654846,3,3,True
clip_vit_b_32,clip_vit_b_32_linear_head,d8_up,2610,2610,6,0.9881511926651001,6,6,True
clip_vit_b_32,clip_vit_b_32_linear_head,d8_up,2623,2623,5,0.9887353777885437,5,5,True
clip_vit_b_32,clip_vit_b_32_linear_head,d8_up,2655,2655,9,0.9805638194084167,9,9,True
clip_vit_b_32,clip_vit_b_32_linear_head,d8_up,2668,2668,7,0.9870536923408508,7,7,True
clip_vit_b_32,clip_vit_b_32_linear_head,d8_up,2676,2676,6,0.9724004864692688,6,6,True
clip_vit_b_32,clip_vit_b_32_linear_head,d8_up,2687,2687,1,0.9665190577507019,1,1,True
clip_vit_b_32,clip_vit_b_32_linear_head,d8_up,2690,2690,1,0.9863583445549011,1,1,True
clip_vit_b_32,clip_vit_b_32_linear_head,d8_up,2704,2704,4,0.9875305891036987,4,4,True
clip_vit_b_32,clip_vit_b_32_linear_head,d8_up,2745,2745,8,0.9929206967353821,8,8,True
clip_vit_b_32,clip_vit_b_32_linear_head,d8_up,2746,2746,7,0.9831587076187134,7,7,True
clip_vit_b_32,clip_vit_b_32_linear_head,d8_up,2750,2750,0,0.9777464866638184,0,0,True
clip_vit_b_32,clip_vit_b_32_linear_head,d8_up,2754,2754,3,0.9834847450256348,3,3,True
clip_vit_b_32,clip_vit_b_32_linear_head,d8_up,2757,2757,4,0.9861743450164795,4,4,True
clip_vit_b_32,clip_vit_b_32_linear_head,d8_up,2766,2766,5,0.9457454681396484,5,5,True
clip_vit_b_32,clip_vit_b_32_linear_head,d8_up,2807,2807,5,0.9606120586395264,5,5,True
clip_vit_b_32,clip_vit_b_32_linear_head,d8_up,2844,2844,8,0.9876622557640076,8,8,True
clip_vit_b_32,clip_vit_b_32_linear_head,d8_up,2854,2854,7,0.9712496995925903,7,7,True
clip_vit_b_32,clip_vit_b_32_linear_head,d8_up,2861,2861,3,0.9874071478843689,3,3,True
clip_vit_b_32,clip_vit_b_32_linear_head,d8_up,2888,2888,0,0.9721838235855103,0,0,True
clip_vit_b_32,clip_vit_b_32_linear_head,d8_up,2898,2898,4,0.9877523183822632,4,4,True
clip_vit_b_32,clip_vit_b_32_linear_head,d8_up,2950,2950,5,0.9815730452537537,5,5,True
clip_vit_b_32,clip_vit_b_32_linear_head,d8_up,2958,2958,6,0.9803637862205505,6,6,True
clip_vit_b_32,clip_vit_b_32_linear_head,d8_up,3015,3015,8,0.9727367758750916,8,8,True
clip_vit_b_32,clip_vit_b_32_linear_head,d8_up,3024,3024,2,0.9882467985153198,2,2,True
clip_vit_b_32,clip_vit_b_32_linear_head,d8_up,3025,3025,0,0.9790598154067993,0,0,True
clip_vit_b_32,clip_vit_b_32_linear_head,d8_up,3034,3034,4,0.9884199500083923,4,4,True
clip_vit_b_32,clip_vit_b_32_linear_head,d8_up,3067,3067,2,0.9864266514778137,2,2,True
clip_vit_b_32,clip_vit_b_32_linear_head,d8_up,3078,3078,4,0.988935112953186,4,4,True
clip_vit_b_32,clip_vit_b_32_linear_head,d8_up,3079,3079,1,0.9863566160202026,1,1,True
clip_vit_b_32,clip_vit_b_32_linear_head,d8_up,3083,3083,0,0.9705873727798462,0,0,True
clip_vit_b_32,clip_vit_b_32_linear_head,d8_up,3122,3122,4,0.9768718481063843,4,4,True
clip_vit_b_32,clip_vit_b_32_linear_head,d8_up,3153,3153,7,0.980166494846344,7,7,True
clip_vit_b_32,clip_vit_b_32_linear_head,d8_up,3157,3157,8,0.9718321561813354,8,8,True
clip_vit_b_32,clip_vit_b_32_linear_head,d8_up,3163,3163,2,0.9836040735244751,2,2,True
clip_vit_b_32,clip_vit_b_32_linear_head,d8_up,3179,3179,4,0.9890026450157166,4,4,True
clip_vit_b_32,clip_vit_b_32_linear_head,d8_up,3191,3191,6,0.9822617769241333,6,6,True
clip_vit_b_32,clip_vit_b_32_linear_head,d8_up,3276,3276,3,0.9807159900665283,7,7,True
clip_vit_b_32,clip_vit_b_32_linear_head,d8_up,3287,3287,4,0.9897989630699158,4,4,True
clip_vit_b_32,clip_vit_b_32_linear_head,d8_up,3288,3288,7,0.9776281714439392,7,7,True
clip_vit_b_32,clip_vit_b_32_linear_head,d8_up,3292,3292,6,0.9605511426925659,6,6,True
clip_vit_b_32,clip_vit_b_32_linear_head,d8_up,3318,3318,9,0.9512775540351868,9,9,True
clip_vit_b_32,clip_vit_b_32_linear_head,d8_up,3347,3347,0,0.9909418821334839,0,0,True
clip_vit_b_32,clip_vit_b_32_linear_head,d8_up,3353,3353,5,0.9514514207839966,5,5,True
clip_vit_b_32,clip_vit_b_32_linear_head,d8_up,3362,3362,2,0.9743607640266418,2,2,True
clip_vit_b_32,clip_vit_b_32_linear_head,d8_up,3365,3365,4,0.9806148409843445,4,4,True
clip_vit_b_32,clip_vit_b_32_linear_head,d8_up,3375,3375,3,0.9899656176567078,3,3,True
clip_vit_b_32,clip_vit_b_32_linear_head,d8_up,3383,3383,3,0.9710264205932617,3,3,True
clip_vit_b_32,clip_vit_b_32_linear_head,d8_up,3404,3404,7,0.9893062710762024,7,7,True
clip_vit_b_32,clip_vit_b_32_linear_head,d8_up,3412,3412,8,0.9890024662017822,8,8,True
clip_vit_b_32,clip_vit_b_32_linear_head,d8_up,3413,3413,1,0.9886330366134644,1,1,True
clip_vit_b_32,clip_vit_b_32_linear_head,d8_up,3418,3418,6,0.9782581329345703,6,6,True
clip_vit_b_32,clip_vit_b_32_linear_head,d8_up,3437,3437,0,0.9555771350860596,0,0,True
clip_vit_b_32,clip_vit_b_32_linear_head,d8_up,3446,3446,7,0.9851105809211731,7,7,True
clip_vit_b_32,clip_vit_b_32_linear_head,d8_up,3454,3454,2,0.9674510955810547,2,2,True
clip_vit_b_32,clip_vit_b_32_linear_head,d8_up,3455,3455,0,0.981151282787323,0,0,True
clip_vit_b_32,clip_vit_b_32_linear_head,d8_up,3458,3458,4,0.9932745099067688,4,4,True
clip_vit_b_32,clip_vit_b_32_linear_head,d8_up,3467,3467,7,0.9798140525817871,7,7,True
clip_vit_b_32,clip_vit_b_32_linear_head,d8_up,3491,3491,1,0.9746540784835815,1,1,True
clip_vit_b_32,clip_vit_b_32_linear_head,d8_up,3494,3494,6,0.9808869361877441,6,6,True
clip_vit_b_32,clip_vit_b_32_linear_head,d8_up,3512,3512,4,0.9877912402153015,4,4,True
clip_vit_b_32,clip_vit_b_32_linear_head,d8_up,3515,3515,6,0.9826608300209045,6,6,True
clip_vit_b_32,clip_vit_b_32_linear_head,d8_up,3542,3542,7,0.9905123114585876,7,7,True
clip_vit_b_32,clip_vit_b_32_linear_head,d8_up,3550,3550,1,0.9777499437332153,1,1,True
clip_vit_b_32,clip_vit_b_32_linear_head,d8_up,3562,3562,3,0.9801206588745117,3,3,True
clip_vit_b_32,clip_vit_b_32_linear_head,d8_up,3755,3755,2,0.9783117771148682,2,2,True
clip_vit_b_32,clip_vit_b_32_linear_head,d8_up,3763,3763,4,0.9892376065254211,4,4,True
clip_vit_b_32,clip_vit_b_32_linear_head,d8_up,3777,3777,6,0.9892027378082275,6,6,True
clip_vit_b_32,clip_vit_b_32_linear_head,d8_up,3778,3778,3,0.9752551317214966,3,3,True
clip_vit_b_32,clip_vit_b_32_linear_head,d8_up,3779,3779,6,0.989090621471405,6,6,True
clip_vit_b_32,clip_vit_b_32_linear_head,d8_up,3844,3844,6,0.9706698060035706,6,6,True
clip_vit_b_32,clip_vit_b_32_linear_head,d8_up,3851,3851,3,0.9842044711112976,3,3,True
clip_vit_b_32,clip_vit_b_32_linear_head,d8_up,3852,3852,5,0.9769492149353027,5,5,True
clip_vit_b_32,clip_vit_b_32_linear_head,d8_up,3863,3863,5,0.9809483289718628,5,5,True
clip_vit_b_32,clip_vit_b_32_linear_head,d8_up,3867,3867,7,0.9915521740913391,7,7,True
clip_vit_b_32,clip_vit_b_32_linear_head,d8_up,3876,3876,0,0.9655724167823792,0,0,True
clip_vit_b_32,clip_vit_b_32_linear_head,d8_up,3889,3889,5,0.9879732728004456,5,5,True
clip_vit_b_32,clip_vit_b_32_linear_head,d8_up,3891,3891,4,0.9825404286384583,4,4,True
clip_vit_b_32,clip_vit_b_32_linear_head,d8_up,3893,3893,9,0.9680983424186707,9,9,True
clip_vit_b_32,clip_vit_b_32_linear_head,d8_up,3905,3905,8,0.9882823824882507,8,8,True
clip_vit_b_32,clip_vit_b_32_linear_head,d8_up,3914,3914,3,0.9953362941741943,3,3,True
clip_vit_b_32,clip_vit_b_32_linear_head,d8_up,3937,3937,1,0.9833986759185791,1,1,True
clip_vit_b_32,clip_vit_b_32_linear_head,d8_up,3942,3942,9,0.9697209000587463,9,9,True
clip_vit_b_32,clip_vit_b_32_linear_head,d8_up,3948,3948,8,0.9824293851852417,8,8,True
clip_vit_b_32,clip_vit_b_32_linear_head,d8_up,3962,3962,6,0.9884375929832458,6,6,True
clip_vit_b_32,clip_vit_b_32_linear_head,d8_up,3965,3965,0,0.9946433305740356,0,0,True
clip_vit_b_32,clip_vit_b_32_linear_head,d8_up,3994,3994,4,0.9739636778831482,4,4,True
clip_vit_b_32,clip_vit_b_32_linear_head,d8_up,3996,3996,9,0.9741339683532715,9,9,True
clip_vit_b_32,clip_vit_b_32_linear_head,d8_up,4011,4011,6,0.9844860434532166,6,6,True
clip_vit_b_32,clip_vit_b_32_linear_head,d8_up,4023,4023,3,0.975786030292511,3,3,True
clip_vit_b_32,clip_vit_b_32_linear_head,d8_up,4054,4054,4,0.9794259667396545,4,4,True
clip_vit_b_32,clip_vit_b_32_linear_head,d8_up,4065,4065,2,0.9837892055511475,2,2,True
clip_vit_b_32,clip_vit_b_32_linear_head,d8_up,4069,4069,8,0.9631568193435669,8,8,True
clip_vit_b_32,clip_vit_b_32_linear_head,d8_up,4093,4093,6,0.9589141011238098,6,6,True
clip_vit_b_32,clip_vit_b_32_linear_head,d8_up,4094,4094,9,0.9476200938224792,9,9,True
clip_vit_b_32,clip_vit_b_32_linear_head,d8_up,4106,4106,5,0.9538488388061523,5,5,True
clip_vit_b_32,clip_vit_b_32_linear_head,d8_up,4130,4130,0,0.9937158823013306,0,0,True
clip_vit_b_32,clip_vit_b_32_linear_head,d8_up,4168,4168,3,0.9808555245399475,3,3,True
clip_vit_b_32,clip_vit_b_32_linear_head,d8_up,4170,4170,8,0.9755859971046448,8,8,True
clip_vit_b_32,clip_vit_b_32_linear_head,d8_up,4172,4172,7,0.9769725799560547,7,7,True
clip_vit_b_32,clip_vit_b_32_linear_head,d8_up,4177,4177,8,0.9868782758712769,8,8,True
clip_vit_b_32,clip_vit_b_32_linear_head,d8_up,4215,4215,3,0.9880272150039673,3,3,True
clip_vit_b_32,clip_vit_b_32_linear_head,d8_up,4229,4229,3,0.9877855777740479,3,3,True
clip_vit_b_32,clip_vit_b_32_linear_head,d8_up,4236,4236,7,0.9918076992034912,7,7,True
clip_vit_b_32,clip_vit_b_32_linear_head,d8_up,4242,4242,8,0.9883477687835693,8,8,True
clip_vit_b_32,clip_vit_b_32_linear_head,d8_up,4254,4254,6,0.994238018989563,6,6,True
clip_vit_b_32,clip_vit_b_32_linear_head,d8_up,4290,4290,5,0.9767460823059082,4,4,True
clip_vit_b_32,clip_vit_b_32_linear_head,d8_up,4298,4298,1,0.9925053715705872,1,1,True
clip_vit_b_32,clip_vit_b_32_linear_head,d8_up,4308,4308,7,0.9693770408630371,7,7,True
clip_vit_b_32,clip_vit_b_32_linear_head,d8_up,4311,4311,8,0.9933643937110901,8,8,True
clip_vit_b_32,clip_vit_b_32_linear_head,d8_up,4323,4323,3,0.9879493117332458,3,3,True
clip_vit_b_32,clip_vit_b_32_linear_head,d8_up,4330,4330,3,0.9720902442932129,3,3,True
clip_vit_b_32,clip_vit_b_32_linear_head,d8_up,4341,4341,6,0.9889886975288391,6,6,True
clip_vit_b_32,clip_vit_b_32_linear_head,d8_up,4355,4355,8,0.938681423664093,8,8,True
clip_vit_b_32,clip_vit_b_32_linear_head,d8_up,4399,4399,0,0.9868085980415344,0,0,True
clip_vit_b_32,clip_vit_b_32_linear_head,d8_up,4403,4403,7,0.9870885014533997,7,7,True
clip_vit_b_32,clip_vit_b_32_linear_head,d8_up,4411,4411,6,0.9733420610427856,6,6,True
clip_vit_b_32,clip_vit_b_32_linear_head,d8_up,4449,4449,9,0.9518451690673828,9,9,True
clip_vit_b_32,clip_vit_b_32_linear_head,d8_up,4463,4463,3,0.9680172801017761,3,3,True
clip_vit_b_32,clip_vit_b_32_linear_head,d8_up,4531,4531,3,0.9879477024078369,3,3,True
clip_vit_b_32,clip_vit_b_32_linear_head,d8_up,4539,4539,0,0.9839716553688049,0,0,True
clip_vit_b_32,clip_vit_b_32_linear_head,d8_up,4547,4547,5,0.9913331270217896,5,5,True
clip_vit_b_32,clip_vit_b_32_linear_head,d8_up,4552,4552,8,0.9723039865493774,8,8,True
clip_vit_b_32,clip_vit_b_32_linear_head,d8_up,4570,4570,5,0.9800155758857727,5,5,True
clip_vit_b_32,clip_vit_b_32_linear_head,d8_up,4590,4590,3,0.9931952357292175,3,3,True
clip_vit_b_32,clip_vit_b_32_linear_head,d8_up,4609,4609,3,0.9732284545898438,3,3,True
clip_vit_b_32,clip_vit_b_32_linear_head,d8_up,4615,4615,0,0.9781391620635986,0,0,True
clip_vit_b_32,clip_vit_b_32_linear_head,d8_up,4617,4617,0,0.9896523952484131,0,0,True
clip_vit_b_32,clip_vit_b_32_linear_head,d8_up,4620,4620,6,0.9769122004508972,6,6,True
clip_vit_b_32,clip_vit_b_32_linear_head,d8_up,4629,4629,4,0.9783568382263184,4,4,True
clip_vit_b_32,clip_vit_b_32_linear_head,d8_up,4640,4640,1,0.9682556986808777,1,1,True
clip_vit_b_32,clip_vit_b_32_linear_head,d8_up,4642,4642,4,0.9914199709892273,4,4,True
clip_vit_b_32,clip_vit_b_32_linear_head,d8_up,4661,4661,7,0.9885686635971069,7,7,True
clip_vit_b_32,clip_vit_b_32_linear_head,d8_up,4662,4662,8,0.9933730959892273,8,8,True
clip_vit_b_32,clip_vit_b_32_linear_head,d8_up,4675,4675,0,0.9944292902946472,0,0,True
clip_vit_b_32,clip_vit_b_32_linear_head,d8_up,4676,4676,8,0.9847545027732849,8,8,True
clip_vit_b_32,clip_vit_b_32_linear_head,d8_up,4704,4704,7,0.969110369682312,7,7,True
clip_vit_b_32,clip_vit_b_32_linear_head,d8_up,4723,4723,9,0.9931333661079407,9,9,True
clip_vit_b_32,clip_vit_b_32_linear_head,d8_up,4731,4731,6,0.9913190007209778,6,6,True
clip_vit_b_32,clip_vit_b_32_linear_head,d8_up,4735,4735,2,0.9778499007225037,2,2,True
clip_vit_b_32,clip_vit_b_32_linear_head,d8_up,4740,4740,4,0.9853659272193909,4,4,True
clip_vit_b_32,clip_vit_b_32_linear_head,d8_up,4746,4746,6,0.9945599436759949,6,6,True
clip_vit_b_32,clip_vit_b_32_linear_head,d8_up,4748,4748,7,0.992699146270752,7,7,True
clip_vit_b_32,clip_vit_b_32_linear_head,d8_up,4754,4754,6,0.9872693419456482,6,6,True
clip_vit_b_32,clip_vit_b_32_linear_head,d8_up,4785,4785,0,0.9651123285293579,0,0,True
clip_vit_b_32,clip_vit_b_32_linear_head,d8_up,4791,4791,7,0.9805477261543274,7,7,True
clip_vit_b_32,clip_vit_b_32_linear_head,d8_up,4819,4819,0,0.9923220276832581,0,0,True
clip_vit_b_32,clip_vit_b_32_linear_head,d8_up,4821,4821,3,0.9788223505020142,3,3,True
clip_vit_b_32,clip_vit_b_32_linear_head,d8_up,4827,4827,6,0.9880337119102478,6,6,True
clip_vit_b_32,clip_vit_b_32_linear_head,d8_up,4850,4850,5,0.9845782518386841,5,5,True
clip_vit_b_32,clip_vit_b_32_linear_head,d8_up,4881,4881,3,0.9767811894416809,3,3,True
clip_vit_b_32,clip_vit_b_32_linear_head,d8_up,4893,4893,0,0.9916595816612244,0,0,True
clip_vit_b_32,clip_vit_b_32_linear_head,d8_up,4908,4908,3,0.9896286129951477,3,3,True
clip_vit_b_32,clip_vit_b_32_linear_head,d8_up,4913,4913,2,0.9734041690826416,2,2,True
clip_vit_b_32,clip_vit_b_32_linear_head,d8_up,4921,4921,2,0.9745288491249084,2,2,True
clip_vit_b_32,clip_vit_b_32_linear_head,d8_up,4953,4953,5,0.972710371017456,5,5,True
clip_vit_b_32,clip_vit_b_32_linear_head,d8_up,4966,4966,5,0.9891419410705566,5,5,True
clip_vit_b_32,clip_vit_b_32_linear_head,d8_up,4990,4990,8,0.9813129901885986,8,8,True
clip_vit_b_32,clip_vit_b_32_linear_head,d8_up,5000,5000,8,0.9811640977859497,8,8,True
clip_vit_b_32,clip_vit_b_32_linear_head,d8_up,5030,5030,2,0.9821608662605286,2,2,True
clip_vit_b_32,clip_vit_b_32_linear_head,d8_up,5062,5062,4,0.9929385185241699,4,4,True
clip_vit_b_32,clip_vit_b_32_linear_head,d8_up,5077,5077,4,0.9918618202209473,4,4,True
clip_vit_b_32,clip_vit_b_32_linear_head,d8_up,5082,5082,6,0.9886685013771057,6,6,True
clip_vit_b_32,clip_vit_b_32_linear_head,d8_up,5092,5092,1,0.9882559776306152,1,1,True
clip_vit_b_32,clip_vit_b_32_linear_head,d8_up,5101,5101,5,0.9905932545661926,5,5,True
clip_vit_b_32,clip_vit_b_32_linear_head,d8_up,5117,5117,0,0.9935060739517212,0,0,True
clip_vit_b_32,clip_vit_b_32_linear_head,d8_up,5123,5123,1,0.9783185124397278,1,1,True
clip_vit_b_32,clip_vit_b_32_linear_head,d8_up,5135,5135,4,0.98054039478302,4,4,True
clip_vit_b_32,clip_vit_b_32_linear_head,d8_up,5183,5183,2,0.9758964776992798,2,2,True
clip_vit_b_32,clip_vit_b_32_linear_head,d8_up,5213,5213,4,0.9864484071731567,4,4,True
clip_vit_b_32,clip_vit_b_32_linear_head,d8_up,5218,5218,2,0.9759466648101807,2,2,True
clip_vit_b_32,clip_vit_b_32_linear_head,d8_up,5220,5220,1,0.9748560786247253,7,7,True
clip_vit_b_32,clip_vit_b_32_linear_head,d8_up,5237,5237,2,0.9817757606506348,2,2,True
clip_vit_b_32,clip_vit_b_32_linear_head,d8_up,5256,5256,1,0.9810037016868591,1,1,True
clip_vit_b_32,clip_vit_b_32_linear_head,d8_up,5284,5284,9,0.9748144745826721,9,9,True
clip_vit_b_32,clip_vit_b_32_linear_head,d8_up,5301,5301,9,0.9710074067115784,9,9,True
clip_vit_b_32,clip_vit_b_32_linear_head,d8_up,5318,5318,2,0.9795364737510681,2,2,True
clip_vit_b_32,clip_vit_b_32_linear_head,d8_up,5332,5332,5,0.9814366102218628,5,5,True
clip_vit_b_32,clip_vit_b_32_linear_head,d8_up,5333,5333,2,0.9785890579223633,2,2,True
clip_vit_b_32,clip_vit_b_32_linear_head,d8_up,5360,5360,9,0.9839618802070618,9,9,True
clip_vit_b_32,clip_vit_b_32_linear_head,d8_up,5381,5381,5,0.9805322289466858,5,5,True
clip_vit_b_32,clip_vit_b_32_linear_head,d8_up,5382,5382,6,0.972012996673584,6,6,True
clip_vit_b_32,clip_vit_b_32_linear_head,d8_up,5395,5395,2,0.9622334241867065,2,2,True
clip_vit_b_32,clip_vit_b_32_linear_head,d8_up,5402,5402,4,0.9908124208450317,4,4,True
clip_vit_b_32,clip_vit_b_32_linear_head,d8_up,5408,5408,6,0.9940776228904724,6,6,True
clip_vit_b_32,clip_vit_b_32_linear_head,d8_up,5436,5436,7,0.985115647315979,7,7,True
clip_vit_b_32,clip_vit_b_32_linear_head,d8_up,5447,5447,9,0.9822062253952026,9,9,True
clip_vit_b_32,clip_vit_b_32_linear_head,d8_up,5450,5450,7,0.9892671704292297,7,7,True
clip_vit_b_32,clip_vit_b_32_linear_head,d8_up,5451,5451,8,0.9825458526611328,8,8,True
clip_vit_b_32,clip_vit_b_32_linear_head,d8_up,5452,5452,9,0.9152126908302307,9,9,True
clip_vit_b_32,clip_vit_b_32_linear_head,d8_up,5467,5467,4,0.989177405834198,4,4,True
clip_vit_b_32,clip_vit_b_32_linear_head,d8_up,5478,5478,0,0.9843593239784241,0,0,True
clip_vit_b_32,clip_vit_b_32_linear_head,d8_up,5488,5488,1,0.9855861663818359,1,7,False
clip_vit_b_32,clip_vit_b_32_linear_head,d8_up,5496,5496,5,0.9876679182052612,5,5,True
clip_vit_b_32,clip_vit_b_32_linear_head,d8_up,5508,5508,9,0.9763879179954529,9,9,True
clip_vit_b_32,clip_vit_b_32_linear_head,d8_up,5512,5512,2,0.97137850522995,9,9,True
clip_vit_b_32,clip_vit_b_32_linear_head,d8_up,5525,5525,8,0.9820753335952759,8,8,True
clip_vit_b_32,clip_vit_b_32_linear_head,d8_up,5528,5528,3,0.972399890422821,3,3,True
clip_vit_b_32,clip_vit_b_32_linear_head,d8_up,5556,5556,4,0.9724970459938049,4,4,True
clip_vit_b_32,clip_vit_b_32_linear_head,d8_up,5560,5560,1,0.9910640716552734,1,1,True
clip_vit_b_32,clip_vit_b_32_linear_head,d8_up,5572,5572,9,0.9903307557106018,9,9,True
clip_vit_b_32,clip_vit_b_32_linear_head,d8_up,5580,5580,6,0.9843339920043945,6,6,True
clip_vit_b_32,clip_vit_b_32_linear_head,d8_up,5590,5590,9,0.9744474291801453,9,9,True
clip_vit_b_32,clip_vit_b_32_linear_head,d8_up,5623,5623,4,0.9902330636978149,4,4,True
clip_vit_b_32,clip_vit_b_32_linear_head,d8_up,5677,5677,2,0.975117027759552,2,2,True
clip_vit_b_32,clip_vit_b_32_linear_head,d8_up,5694,5694,8,0.9885448217391968,8,8,True
clip_vit_b_32,clip_vit_b_32_linear_head,d8_up,5701,5701,5,0.9934713244438171,5,5,True
clip_vit_b_32,clip_vit_b_32_linear_head,d8_up,5705,5705,8,0.9847840070724487,8,8,True
clip_vit_b_32,clip_vit_b_32_linear_head,d8_up,5719,5719,7,0.9856611490249634,7,7,True
clip_vit_b_32,clip_vit_b_32_linear_head,d8_up,5729,5729,6,0.9882538914680481,6,6,True
clip_vit_b_32,clip_vit_b_32_linear_head,d8_up,5756,5756,2,0.9515266418457031,2,2,True
clip_vit_b_32,clip_vit_b_32_linear_head,d8_up,5788,5788,9,0.9884586334228516,9,9,True
clip_vit_b_32,clip_vit_b_32_linear_head,d8_up,5789,5789,4,0.9896547198295593,4,4,True
clip_vit_b_32,clip_vit_b_32_linear_head,d8_up,5824,5824,2,0.9831926226615906,2,2,True
clip_vit_b_32,clip_vit_b_32_linear_head,d8_up,5848,5848,7,0.9904271364212036,7,7,True
clip_vit_b_32,clip_vit_b_32_linear_head,d8_up,5851,5851,9,0.9857680201530457,9,9,True
clip_vit_b_32,clip_vit_b_32_linear_head,d8_up,5857,5857,6,0.9738563299179077,6,6,True
clip_vit_b_32,clip_vit_b_32_linear_head,d8_up,5858,5858,6,0.989025354385376,6,6,True
clip_vit_b_32,clip_vit_b_32_linear_head,d8_up,5912,5912,0,0.9681459665298462,0,0,True
clip_vit_b_32,clip_vit_b_32_linear_head,d8_up,5915,5915,9,0.9765356779098511,9,9,True
clip_vit_b_32,clip_vit_b_32_linear_head,d8_up,5918,5918,0,0.9798249006271362,0,0,True
clip_vit_b_32,clip_vit_b_32_linear_head,d8_up,5924,5924,5,0.9844956994056702,5,5,True
clip_vit_b_32,clip_vit_b_32_linear_head,d8_up,5977,5977,7,0.991882860660553,7,7,True
clip_vit_b_32,clip_vit_b_32_linear_head,d8_up,5981,5981,9,0.9684391617774963,9,9,True
clip_vit_b_32,clip_vit_b_32_linear_head,d8_up,5999,5999,0,0.9792912006378174,0,0,True
clip_vit_b_32,clip_vit_b_32_linear_head,d8_up,6028,6028,2,0.9867852330207825,2,2,True
clip_vit_b_32,clip_vit_b_32_linear_head,d8_up,6033,6033,4,0.9674801826477051,4,4,True
clip_vit_b_32,clip_vit_b_32_linear_head,d8_up,6076,6076,1,0.9921952486038208,1,1,True
clip_vit_b_32,clip_vit_b_32_linear_head,d8_up,6084,6084,7,0.9879118800163269,7,7,True
clip_vit_b_32,clip_vit_b_32_linear_head,d8_up,6097,6097,4,0.9952941536903381,4,4,True
clip_vit_b_32,clip_vit_b_32_linear_head,d8_up,6169,6169,1,0.981741189956665,1,1,True
clip_vit_b_32,clip_vit_b_32_linear_head,d8_up,6190,6190,7,0.9887164831161499,7,7,True
clip_vit_b_32,clip_vit_b_32_linear_head,d8_up,6224,6224,5,0.9875319004058838,5,5,True
clip_vit_b_32,clip_vit_b_32_linear_head,d8_up,6244,6244,2,0.9432034492492676,2,2,True
clip_vit_b_32,clip_vit_b_32_linear_head,d8_up,6264,6264,2,0.9742752909660339,2,2,True
clip_vit_b_32,clip_vit_b_32_linear_head,d8_up,6271,6271,2,0.9700003862380981,2,2,True
clip_vit_b_32,clip_vit_b_32_linear_head,d8_up,6288,6288,4,0.9799185395240784,4,4,True
clip_vit_b_32,clip_vit_b_32_linear_head,d8_up,6332,6332,2,0.9844092130661011,2,2,True
clip_vit_b_32,clip_vit_b_32_linear_head,d8_up,6349,6349,1,0.988608717918396,1,1,True
clip_vit_b_32,clip_vit_b_32_linear_head,d8_up,6354,6354,2,0.9516137838363647,2,2,True
clip_vit_b_32,clip_vit_b_32_linear_head,d8_up,6358,6358,5,0.9851728081703186,5,5,True
clip_vit_b_32,clip_vit_b_32_linear_head,d8_up,6381,6381,6,0.9804908037185669,6,6,True
clip_vit_b_32,clip_vit_b_32_linear_head,d8_up,6414,6414,5,0.9410939812660217,5,5,True
clip_vit_b_32,clip_vit_b_32_linear_head,d8_up,6426,6426,2,0.9727395176887512,2,2,True
clip_vit_b_32,clip_vit_b_32_linear_head,d8_up,6434,6434,8,0.9768047332763672,8,8,True
clip_vit_b_32,clip_vit_b_32_linear_head,d8_up,6437,6437,0,0.9832132458686829,0,0,True
clip_vit_b_32,clip_vit_b_32_linear_head,d8_up,6455,6455,0,0.9840542078018188,0,0,True
clip_vit_b_32,clip_vit_b_32_linear_head,d8_up,6490,6490,3,0.9863023161888123,3,3,True
clip_vit_b_32,clip_vit_b_32_linear_head,d8_up,6503,6503,2,0.967250645160675,2,2,True
clip_vit_b_32,clip_vit_b_32_linear_head,d8_up,6508,6508,4,0.9866021275520325,4,4,True
clip_vit_b_32,clip_vit_b_32_linear_head,d8_up,6528,6528,4,0.9873299598693848,4,4,True
clip_vit_b_32,clip_vit_b_32_linear_head,d8_up,6594,6594,1,0.9927294850349426,1,1,True
clip_vit_b_32,clip_vit_b_32_linear_head,d8_up,6609,6609,0,0.9868324995040894,0,0,True
clip_vit_b_32,clip_vit_b_32_linear_head,d8_up,6616,6616,2,0.9675123691558838,2,2,True
clip_vit_b_32,clip_vit_b_32_linear_head,d8_up,6650,6650,7,0.9792391657829285,7,7,True
clip_vit_b_32,clip_vit_b_32_linear_head,d8_up,6689,6689,8,0.9783908128738403,8,8,True
clip_vit_b_32,clip_vit_b_32_linear_head,d8_up,6692,6692,2,0.9841217398643494,2,2,True
clip_vit_b_32,clip_vit_b_32_linear_head,d8_up,6713,6713,6,0.9670640826225281,6,6,True
clip_vit_b_32,clip_vit_b_32_linear_head,d8_up,6716,6716,5,0.9692574739456177,5,5,True
clip_vit_b_32,clip_vit_b_32_linear_head,d8_up,6726,6726,7,0.9796395301818848,7,7,True
clip_vit_b_32,clip_vit_b_32_linear_head,d8_up,6733,6733,1,0.9953196048736572,1,1,True
clip_vit_b_32,clip_vit_b_32_linear_head,d8_up,6772,6772,7,0.972144603729248,7,7,True
clip_vit_b_32,clip_vit_b_32_linear_head,d8_up,6805,6805,1,0.9866443276405334,1,1,True
clip_vit_b_32,clip_vit_b_32_linear_head,d8_up,6836,6836,1,0.9884159564971924,1,1,True
clip_vit_b_32,clip_vit_b_32_linear_head,d8_up,6844,6844,0,0.9812819957733154,0,0,True
clip_vit_b_32,clip_vit_b_32_linear_head,d8_up,6922,6922,5,0.967544674873352,5,5,True
clip_vit_b_32,clip_vit_b_32_linear_head,d8_up,6931,6931,9,0.9861372709274292,9,9,True
clip_vit_b_32,clip_vit_b_32_linear_head,d8_up,6938,6938,1,0.9815667271614075,1,1,True
clip_vit_b_32,clip_vit_b_32_linear_head,d8_up,6952,6952,3,0.9933112263679504,3,3,True
clip_vit_b_32,clip_vit_b_32_linear_head,d8_up,6954,6954,1,0.9810518622398376,1,1,True
clip_vit_b_32,clip_vit_b_32_linear_head,d8_up,6986,6986,0,0.9822563529014587,0,0,True
clip_vit_b_32,clip_vit_b_32_linear_head,d8_up,6989,6989,5,0.9768044352531433,5,6,False
clip_vit_b_32,clip_vit_b_32_linear_head,d8_up,7009,7009,0,0.9654427766799927,0,0,True
clip_vit_b_32,clip_vit_b_32_linear_head,d8_up,7029,7029,1,0.9887959361076355,1,1,True
clip_vit_b_32,clip_vit_b_32_linear_head,d8_up,7033,7033,1,0.9777700304985046,1,1,True
clip_vit_b_32,clip_vit_b_32_linear_head,d8_up,7041,7041,5,0.9802153706550598,5,5,True
clip_vit_b_32,clip_vit_b_32_linear_head,d8_up,7047,7047,9,0.9863702058792114,9,9,True
clip_vit_b_32,clip_vit_b_32_linear_head,d8_up,7081,7081,7,0.98504638671875,7,7,True
clip_vit_b_32,clip_vit_b_32_linear_head,d8_up,7084,7084,2,0.9825564622879028,2,2,True
clip_vit_b_32,clip_vit_b_32_linear_head,d8_up,7108,7108,6,0.9890584945678711,6,6,True
clip_vit_b_32,clip_vit_b_32_linear_head,d8_up,7130,7130,5,0.9922451376914978,5,5,True
clip_vit_b_32,clip_vit_b_32_linear_head,d8_up,7138,7138,8,0.9764012098312378,8,8,True
clip_vit_b_32,clip_vit_b_32_linear_head,d8_up,7150,7150,0,0.9885275363922119,0,0,True
clip_vit_b_32,clip_vit_b_32_linear_head,d8_up,7202,7202,1,0.9895671010017395,1,1,True
clip_vit_b_32,clip_vit_b_32_linear_head,d8_up,7262,7262,0,0.9904326796531677,0,0,True
clip_vit_b_32,clip_vit_b_32_linear_head,d8_up,7266,7266,9,0.9611189365386963,9,9,True
clip_vit_b_32,clip_vit_b_32_linear_head,d8_up,7270,7270,7,0.9788981676101685,7,7,True
clip_vit_b_32,clip_vit_b_32_linear_head,d8_up,7309,7309,0,0.9766702055931091,0,0,True
clip_vit_b_32,clip_vit_b_32_linear_head,d8_up,7320,7320,0,0.9786420464515686,0,0,True
clip_vit_b_32,clip_vit_b_32_linear_head,d8_up,7338,7338,6,0.9810510277748108,6,6,True
clip_vit_b_32,clip_vit_b_32_linear_head,d8_up,7372,7372,0,0.9735848307609558,0,0,True
clip_vit_b_32,clip_vit_b_32_linear_head,d8_up,7373,7373,0,0.97230064868927,0,0,True
clip_vit_b_32,clip_vit_b_32_linear_head,d8_up,7380,7380,9,0.9914916157722473,9,9,True
clip_vit_b_32,clip_vit_b_32_linear_head,d8_up,7390,7390,1,0.9916912317276001,1,1,True
clip_vit_b_32,clip_vit_b_32_linear_head,d8_up,7413,7413,5,0.9887235164642334,3,3,True
clip_vit_b_32,clip_vit_b_32_linear_head,d8_up,7416,7416,3,0.9904703497886658,3,3,True
clip_vit_b_32,clip_vit_b_32_linear_head,d8_up,7425,7425,2,0.9784673452377319,2,2,True
clip_vit_b_32,clip_vit_b_32_linear_head,d8_up,7446,7446,8,0.9843534231185913,8,8,True
clip_vit_b_32,clip_vit_b_32_linear_head,d8_up,7460,7460,8,0.9859424233436584,8,8,True
clip_vit_b_32,clip_vit_b_32_linear_head,d8_up,7465,7465,0,0.9531044960021973,0,0,True
clip_vit_b_32,clip_vit_b_32_linear_head,d8_up,7474,7474,5,0.9725199341773987,5,5,True
clip_vit_b_32,clip_vit_b_32_linear_head,d8_up,7475,7475,4,0.9884554743766785,4,4,True
clip_vit_b_32,clip_vit_b_32_linear_head,d8_up,7476,7476,8,0.9749771952629089,8,8,True
clip_vit_b_32,clip_vit_b_32_linear_head,d8_up,7544,7544,9,0.9857866168022156,9,9,True
clip_vit_b_32,clip_vit_b_32_linear_head,d8_up,7555,7555,6,0.973583996295929,6,6,True
clip_vit_b_32,clip_vit_b_32_linear_head,d8_up,7600,7600,6,0.9797511100769043,6,6,True
clip_vit_b_32,clip_vit_b_32_linear_head,d8_up,7610,7610,4,0.9810807108879089,4,4,True
clip_vit_b_32,clip_vit_b_32_linear_head,d8_up,7634,7634,0,0.9917646050453186,0,0,True
clip_vit_b_32,clip_vit_b_32_linear_head,d8_up,7692,7692,4,0.9868103265762329,4,4,True
clip_vit_b_32,clip_vit_b_32_linear_head,d8_up,7706,7706,5,0.9562636017799377,5,5,True
clip_vit_b_32,clip_vit_b_32_linear_head,d8_up,7726,7726,6,0.9877511262893677,6,6,True
clip_vit_b_32,clip_vit_b_32_linear_head,d8_up,7744,7744,3,0.9867110252380371,3,3,True
clip_vit_b_32,clip_vit_b_32_linear_head,d8_up,7752,7752,9,0.993780255317688,9,9,True
clip_vit_b_32,clip_vit_b_32_linear_head,d8_up,7776,7776,5,0.9655934572219849,5,5,True
clip_vit_b_32,clip_vit_b_32_linear_head,d8_up,7779,7779,6,0.9872626066207886,6,6,True
clip_vit_b_32,clip_vit_b_32_linear_head,d8_up,7781,7781,6,0.9881782531738281,6,6,True
clip_vit_b_32,clip_vit_b_32_linear_head,d8_up,7793,7793,3,0.9793551564216614,3,3,True
clip_vit_b_32,clip_vit_b_32_linear_head,d8_up,7797,7797,3,0.9804626703262329,3,3,True
clip_vit_b_32,clip_vit_b_32_linear_head,d8_up,7810,7810,8,0.9764606356620789,8,8,True
clip_vit_b_32,clip_vit_b_32_linear_head,d8_up,7818,7818,8,0.9826456904411316,8,8,True
clip_vit_b_32,clip_vit_b_32_linear_head,d8_up,7835,7835,7,0.9815062880516052,7,7,True
clip_vit_b_32,clip_vit_b_32_linear_head,d8_up,7864,7864,4,0.9821323156356812,4,4,True
clip_vit_b_32,clip_vit_b_32_linear_head,d8_up,7875,7875,8,0.9845989942550659,8,8,True
clip_vit_b_32,clip_vit_b_32_linear_head,d8_up,7938,7938,9,0.9675410985946655,9,9,True
clip_vit_b_32,clip_vit_b_32_linear_head,d8_up,7940,7940,4,0.9893810153007507,4,4,True
clip_vit_b_32,clip_vit_b_32_linear_head,d8_up,7944,7944,4,0.9842853546142578,4,4,True
clip_vit_b_32,clip_vit_b_32_linear_head,d8_up,7955,7955,1,0.9861052632331848,1,1,True
clip_vit_b_32,clip_vit_b_32_linear_head,d8_up,7995,7995,9,0.9619830846786499,9,9,True
clip_vit_b_32,clip_vit_b_32_linear_head,d8_up,7996,7996,6,0.9900082945823669,6,6,True
clip_vit_b_32,clip_vit_b_32_linear_head,d8_up,7999,7999,8,0.9849196672439575,8,8,True
clip_vit_b_32,clip_vit_b_32_linear_head,d8_down,3,3,0,0.9825447797775269,0,0,True
clip_vit_b_32,clip_vit_b_32_linear_head,d8_down,29,29,7,0.9801262021064758,7,7,True
clip_vit_b_32,clip_vit_b_32_linear_head,d8_down,35,35,2,0.9715312719345093,2,2,True
clip_vit_b_32,clip_vit_b_32_linear_head,d8_down,42,42,0,0.9853641986846924,0,0,True
clip_vit_b_32,clip_vit_b_32_linear_head,d8_down,49,49,2,0.965863049030304,2,2,True
clip_vit_b_32,clip_vit_b_32_linear_head,d8_down,81,81,0,0.990816056728363,0,0,True
clip_vit_b_32,clip_vit_b_32_linear_head,d8_down,95,95,1,0.9920343160629272,1,1,True
clip_vit_b_32,clip_vit_b_32_linear_head,d8_down,97,97,5,0.9899306297302246,5,5,True
clip_vit_b_32,clip_vit_b_32_linear_head,d8_down,116,116,1,0.9846100807189941,1,1,True
clip_vit_b_32,clip_vit_b_32_linear_head,d8_down,131,131,9,0.9668654799461365,9,9,True
clip_vit_b_32,clip_vit_b_32_linear_head,d8_down,151,151,8,0.9840694665908813,8,8,True
clip_vit_b_32,clip_vit_b_32_linear_head,d8_down,171,171,4,0.9810665249824524,4,4,True
clip_vit_b_32,clip_vit_b_32_linear_head,d8_down,176,176,3,0.9826394319534302,3,3,True
clip_vit_b_32,clip_vit_b_32_linear_head,d8_down,191,191,9,0.9499288201332092,2,2,True
clip_vit_b_32,clip_vit_b_32_linear_head,d8_down,194,194,8,0.9751615524291992,8,8,True
clip_vit_b_32,clip_vit_b_32_linear_head,d8_down,198,198,1,0.983458936214447,1,1,True
clip_vit_b_32,clip_vit_b_32_linear_head,d8_down,239,239,9,0.9852979183197021,9,9,True
clip_vit_b_32,clip_vit_b_32_linear_head,d8_down,261,261,1,0.9823764562606812,1,1,True
clip_vit_b_32,clip_vit_b_32_linear_head,d8_down,269,269,7,0.9727165102958679,7,7,True
clip_vit_b_32,clip_vit_b_32_linear_head,d8_down,276,276,9,0.9781770706176758,9,9,True
clip_vit_b_32,clip_vit_b_32_linear_head,d8_down,303,303,9,0.9919442534446716,9,9,True
clip_vit_b_32,clip_vit_b_32_linear_head,d8_down,304,304,1,0.9810642600059509,1,1,True
clip_vit_b_32,clip_vit_b_32_linear_head,d8_down,317,317,2,0.9836434125900269,2,2,True
clip_vit_b_32,clip_vit_b_32_linear_head,d8_down,319,319,5,0.9810139536857605,5,5,True
clip_vit_b_32,clip_vit_b_32_linear_head,d8_down,323,323,7,0.983924925327301,7,7,True
clip_vit_b_32,clip_vit_b_32_linear_head,d8_down,365,365,3,0.9901934862136841,3,3,True
clip_vit_b_32,clip_vit_b_32_linear_head,d8_down,370,370,7,0.9897669553756714,7,7,True
clip_vit_b_32,clip_vit_b_32_linear_head,d8_down,372,372,3,0.9857084155082703,3,3,True
clip_vit_b_32,clip_vit_b_32_linear_head,d8_down,378,378,5,0.9823734760284424,5,5,True
clip_vit_b_32,clip_vit_b_32_linear_head,d8_down,391,391,3,0.9805757403373718,3,3,True
clip_vit_b_32,clip_vit_b_32_linear_head,d8_down,409,409,2,0.978407084941864,2,2,True
clip_vit_b_32,clip_vit_b_32_linear_head,d8_down,419,419,9,0.9487834572792053,9,9,True
clip_vit_b_32,clip_vit_b_32_linear_head,d8_down,449,449,6,0.979883074760437,6,6,True
clip_vit_b_32,clip_vit_b_32_linear_head,d8_down,470,470,2,0.9744613170623779,2,2,True
clip_vit_b_32,clip_vit_b_32_linear_head,d8_down,483,483,2,0.9819509387016296,2,2,True
clip_vit_b_32,clip_vit_b_32_linear_head,d8_down,484,484,0,0.9775984883308411,0,0,True
clip_vit_b_32,clip_vit_b_32_linear_head,d8_down,506,506,4,0.9928045868873596,4,4,True
clip_vit_b_32,clip_vit_b_32_linear_head,d8_down,545,545,6,0.9577423930168152,6,6,True
clip_vit_b_32,clip_vit_b_32_linear_head,d8_down,562,562,0,0.9810237884521484,0,0,True
clip_vit_b_32,clip_vit_b_32_linear_head,d8_down,568,568,5,0.9896202087402344,5,5,True
clip_vit_b_32,clip_vit_b_32_linear_head,d8_down,603,603,9,0.9619498252868652,9,9,True
clip_vit_b_32,clip_vit_b_32_linear_head,d8_down,632,632,3,0.983992338180542,3,3,True
clip_vit_b_32,clip_vit_b_32_linear_head,d8_down,645,645,5,0.9867638945579529,5,5,True
clip_vit_b_32,clip_vit_b_32_linear_head,d8_down,667,667,8,0.9841129779815674,8,8,True
clip_vit_b_32,clip_vit_b_32_linear_head,d8_down,672,672,3,0.9830293655395508,3,3,True
clip_vit_b_32,clip_vit_b_32_linear_head,d8_down,677,677,3,0.993096113204956,3,3,True
clip_vit_b_32,clip_vit_b_32_linear_head,d8_down,685,685,5,0.9938072562217712,5,5,True
clip_vit_b_32,clip_vit_b_32_linear_head,d8_down,691,691,4,0.9916189908981323,4,4,True
clip_vit_b_32,clip_vit_b_32_linear_head,d8_down,706,706,8,0.9801420569419861,8,8,True
clip_vit_b_32,clip_vit_b_32_linear_head,d8_down,714,714,2,0.9781426787376404,2,2,True
clip_vit_b_32,clip_vit_b_32_linear_head,d8_down,716,716,8,0.9959848523139954,8,8,True
clip_vit_b_32,clip_vit_b_32_linear_head,d8_down,738,738,3,0.9743930697441101,3,3,True
clip_vit_b_32,clip_vit_b_32_linear_head,d8_down,739,739,8,0.9917148351669312,8,8,True
clip_vit_b_32,clip_vit_b_32_linear_head,d8_down,766,766,4,0.9827906489372253,6,6,True
clip_vit_b_32,clip_vit_b_32_linear_head,d8_down,791,791,3,0.9805907607078552,3,3,True
clip_vit_b_32,clip_vit_b_32_linear_head,d8_down,805,805,9,0.9893831014633179,9,9,True
clip_vit_b_32,clip_vit_b_32_linear_head,d8_down,825,825,1,0.9830774068832397,1,1,True
clip_vit_b_32,clip_vit_b_32_linear_head,d8_down,852,852,9,0.9845067262649536,9,9,True
clip_vit_b_32,clip_vit_b_32_linear_head,d8_down,855,855,4,0.9798802733421326,4,4,True
clip_vit_b_32,clip_vit_b_32_linear_head,d8_down,873,873,6,0.989534854888916,6,6,True
clip_vit_b_32,clip_vit_b_32_linear_head,d8_down,890,890,6,0.9835444688796997,6,6,True
clip_vit_b_32,clip_vit_b_32_linear_head,d8_down,920,920,6,0.9903051853179932,6,6,True
clip_vit_b_32,clip_vit_b_32_linear_head,d8_down,929,929,6,0.9906480312347412,6,6,True
clip_vit_b_32,clip_vit_b_32_linear_head,d8_down,962,962,8,0.9894294142723083,8,8,True
clip_vit_b_32,clip_vit_b_32_linear_head,d8_down,964,964,6,0.9788394570350647,6,6,True
clip_vit_b_32,clip_vit_b_32_linear_head,d8_down,977,977,6,0.9868254065513611,6,6,True
clip_vit_b_32,clip_vit_b_32_linear_head,d8_down,979,979,3,0.991895318031311,3,3,True
clip_vit_b_32,clip_vit_b_32_linear_head,d8_down,981,981,2,0.9731048345565796,2,2,True
clip_vit_b_32,clip_vit_b_32_linear_head,d8_down,1022,1022,9,0.966139554977417,9,9,True
clip_vit_b_32,clip_vit_b_32_linear_head,d8_down,1032,1032,7,0.9916072487831116,7,7,True
clip_vit_b_32,clip_vit_b_32_linear_head,d8_down,1048,1048,7,0.9869078397750854,7,7,True
clip_vit_b_32,clip_vit_b_32_linear_head,d8_down,1090,1090,1,0.988691508769989,1,1,True
clip_vit_b_32,clip_vit_b_32_linear_head,d8_down,1095,1095,5,0.9895905256271362,5,5,True
clip_vit_b_32,clip_vit_b_32_linear_head,d8_down,1109,1109,1,0.978874683380127,1,1,True
clip_vit_b_32,clip_vit_b_32_linear_head,d8_down,1111,1111,4,0.9776639342308044,4,4,True
clip_vit_b_32,clip_vit_b_32_linear_head,d8_down,1115,1115,1,0.9786504507064819,1,1,True
clip_vit_b_32,clip_vit_b_32_linear_head,d8_down,1124,1124,4,0.9895504713058472,4,4,True
clip_vit_b_32,clip_vit_b_32_linear_head,d8_down,1129,1129,8,0.9823418259620667,8,8,True
clip_vit_b_32,clip_vit_b_32_linear_head,d8_down,1175,1175,0,0.9871816039085388,0,0,True
clip_vit_b_32,clip_vit_b_32_linear_head,d8_down,1202,1202,2,0.9788943529129028,2,2,True
clip_vit_b_32,clip_vit_b_32_linear_head,d8_down,1204,1204,3,0.9749946594238281,3,3,True
clip_vit_b_32,clip_vit_b_32_linear_head,d8_down,1211,1211,4,0.9804481267929077,4,4,True
clip_vit_b_32,clip_vit_b_32_linear_head,d8_down,1220,1220,7,0.9846445322036743,7,7,True
clip_vit_b_32,clip_vit_b_32_linear_head,d8_down,1230,1230,1,0.9828935861587524,1,1,True
clip_vit_b_32,clip_vit_b_32_linear_head,d8_down,1247,1247,8,0.9826913475990295,8,8,True
clip_vit_b_32,clip_vit_b_32_linear_head,d8_down,1263,1263,3,0.9898277521133423,3,3,True
clip_vit_b_32,clip_vit_b_32_linear_head,d8_down,1266,1266,4,0.9887694120407104,4,4,True
clip_vit_b_32,clip_vit_b_32_linear_head,d8_down,1287,1287,7,0.9844692945480347,7,7,True
clip_vit_b_32,clip_vit_b_32_linear_head,d8_down,1296,1296,7,0.946120023727417,7,7,True
clip_vit_b_32,clip_vit_b_32_linear_head,d8_down,1370,1370,3,0.9775094985961914,3,3,True
clip_vit_b_32,clip_vit_b_32_linear_head,d8_down,1389,1389,0,0.9870584607124329,0,0,True
clip_vit_b_32,clip_vit_b_32_linear_head,d8_down,1401,1401,3,0.9735147953033447,3,3,True
clip_vit_b_32,clip_vit_b_32_linear_head,d8_down,1403,1403,2,0.9666445255279541,2,2,True
clip_vit_b_32,clip_vit_b_32_linear_head,d8_down,1411,1411,9,0.9720598459243774,9,9,True
clip_vit_b_32,clip_vit_b_32_linear_head,d8_down,1429,1429,4,0.9816589951515198,4,4,True
clip_vit_b_32,clip_vit_b_32_linear_head,d8_down,1430,1430,9,0.9740067720413208,9,9,True
clip_vit_b_32,clip_vit_b_32_linear_head,d8_down,1431,1431,3,0.9891210198402405,3,3,True
clip_vit_b_32,clip_vit_b_32_linear_head,d8_down,1436,1436,1,0.9862613677978516,1,1,True
clip_vit_b_32,clip_vit_b_32_linear_head,d8_down,1440,1440,7,0.9853081703186035,7,7,True
clip_vit_b_32,clip_vit_b_32_linear_head,d8_down,1468,1468,9,0.9825591444969177,9,9,True
clip_vit_b_32,clip_vit_b_32_linear_head,d8_down,1473,1473,7,0.9904167652130127,7,7,True
clip_vit_b_32,clip_vit_b_32_linear_head,d8_down,1515,1515,9,0.9622753858566284,9,9,True
clip_vit_b_32,clip_vit_b_32_linear_head,d8_down,1520,1520,2,0.9885265231132507,2,2,True
clip_vit_b_32,clip_vit_b_32_linear_head,d8_down,1531,1531,3,0.9673948884010315,3,3,True
clip_vit_b_32,clip_vit_b_32_linear_head,d8_down,1534,1534,6,0.9640132784843445,6,6,True
clip_vit_b_32,clip_vit_b_32_linear_head,d8_down,1552,1552,5,0.984533965587616,5,5,True
clip_vit_b_32,clip_vit_b_32_linear_head,d8_down,1553,1553,0,0.9836019277572632,0,0,True
clip_vit_b_32,clip_vit_b_32_linear_head,d8_down,1563,1563,3,0.9821956157684326,7,7,True
clip_vit_b_32,clip_vit_b_32_linear_head,d8_down,1568,1568,1,0.9866124987602234,1,1,True
clip_vit_b_32,clip_vit_b_32_linear_head,d8_down,1579,1579,7,0.9844304323196411,7,7,True
clip_vit_b_32,clip_vit_b_32_linear_head,d8_down,1586,1586,2,0.9589727520942688,2,2,True
clip_vit_b_32,clip_vit_b_32_linear_head,d8_down,1596,1596,0,0.9872324466705322,0,0,True
clip_vit_b_32,clip_vit_b_32_linear_head,d8_down,1626,1626,5,0.9788826107978821,5,5,True
clip_vit_b_32,clip_vit_b_32_linear_head,d8_down,1640,1640,8,0.9817922115325928,8,8,True
clip_vit_b_32,clip_vit_b_32_linear_head,d8_down,1644,1644,5,0.9937875866889954,5,5,True
clip_vit_b_32,clip_vit_b_32_linear_head,d8_down,1648,1648,0,0.9891646504402161,0,0,True
clip_vit_b_32,clip_vit_b_32_linear_head,d8_down,1654,1654,9,0.9814344048500061,9,9,True
clip_vit_b_32,clip_vit_b_32_linear_head,d8_down,1667,1667,6,0.9824913144111633,6,6,True
clip_vit_b_32,clip_vit_b_32_linear_head,d8_down,1703,1703,7,0.983877420425415,7,7,True
clip_vit_b_32,clip_vit_b_32_linear_head,d8_down,1711,1711,7,0.9772105813026428,7,7,True
clip_vit_b_32,clip_vit_b_32_linear_head,d8_down,1771,1771,7,0.9846183657646179,7,7,True
clip_vit_b_32,clip_vit_b_32_linear_head,d8_down,1783,1783,8,0.9940603971481323,8,8,True
clip_vit_b_32,clip_vit_b_32_linear_head,d8_down,1814,1814,2,0.9574492573738098,2,2,True
clip_vit_b_32,clip_vit_b_32_linear_head,d8_down,1833,1833,8,0.991369366645813,8,8,True
clip_vit_b_32,clip_vit_b_32_linear_head,d8_down,1836,1836,9,0.9878746271133423,9,9,True
clip_vit_b_32,clip_vit_b_32_linear_head,d8_down,1839,1839,2,0.9810574650764465,2,2,True
clip_vit_b_32,clip_vit_b_32_linear_head,d8_down,1852,1852,1,0.9861574769020081,1,1,True
clip_vit_b_32,clip_vit_b_32_linear_head,d8_down,1871,1871,1,0.992293119430542,1,1,True
clip_vit_b_32,clip_vit_b_32_linear_head,d8_down,1877,1877,5,0.9853997230529785,5,5,True
clip_vit_b_32,clip_vit_b_32_linear_head,d8_down,1884,1884,7,0.9657648205757141,7,7,True
clip_vit_b_32,clip_vit_b_32_linear_head,d8_down,1927,1927,7,0.981680154800415,7,7,True
clip_vit_b_32,clip_vit_b_32_linear_head,d8_down,1954,1954,8,0.9638596773147583,8,8,True
clip_vit_b_32,clip_vit_b_32_linear_head,d8_down,1956,1956,7,0.9836407899856567,7,7,True
clip_vit_b_32,clip_vit_b_32_linear_head,d8_down,1960,1960,4,0.9835045337677002,4,4,True
clip_vit_b_32,clip_vit_b_32_linear_head,d8_down,1977,1977,0,0.9878029823303223,0,0,True
clip_vit_b_32,clip_vit_b_32_linear_head,d8_down,1986,1986,1,0.9947208762168884,1,1,True
clip_vit_b_32,clip_vit_b_32_linear_head,d8_down,1993,1993,1,0.9907442927360535,1,1,True
clip_vit_b_32,clip_vit_b_32_linear_head,d8_down,2003,2003,6,0.9848667979240417,6,6,True
clip_vit_b_32,clip_vit_b_32_linear_head,d8_down,2011,2011,9,0.9697458148002625,9,9,True
clip_vit_b_32,clip_vit_b_32_linear_head,d8_down,2024,2024,0,0.9896255731582642,0,0,True
clip_vit_b_32,clip_vit_b_32_linear_head,d8_down,2028,2028,3,0.9888741970062256,3,3,True
clip_vit_b_32,clip_vit_b_32_linear_head,d8_down,2062,2062,9,0.9879007935523987,9,9,True
clip_vit_b_32,clip_vit_b_32_linear_head,d8_down,2070,2070,1,0.9825296401977539,1,1,True
clip_vit_b_32,clip_vit_b_32_linear_head,d8_down,2082,2082,2,0.981416642665863,2,2,True
clip_vit_b_32,clip_vit_b_32_linear_head,d8_down,2095,2095,1,0.9920693039894104,1,1,True
clip_vit_b_32,clip_vit_b_32_linear_head,d8_down,2109,2109,8,0.9811189770698547,8,8,True
clip_vit_b_32,clip_vit_b_32_linear_head,d8_down,2114,2114,9,0.9890048503875732,9,9,True
clip_vit_b_32,clip_vit_b_32_linear_head,d8_down,2116,2116,1,0.9829572439193726,1,1,True
clip_vit_b_32,clip_vit_b_32_linear_head,d8_down,2157,2157,1,0.9830402135848999,1,1,True
clip_vit_b_32,clip_vit_b_32_linear_head,d8_down,2167,2167,9,0.9771254658699036,9,9,True
clip_vit_b_32,clip_vit_b_32_linear_head,d8_down,2178,2178,1,0.985478401184082,1,1,True
clip_vit_b_32,clip_vit_b_32_linear_head,d8_down,2191,2191,8,0.9880815744400024,8,8,True
clip_vit_b_32,clip_vit_b_32_linear_head,d8_down,2230,2230,8,0.970303475856781,8,8,True
clip_vit_b_32,clip_vit_b_32_linear_head,d8_down,2242,2242,0,0.989960789680481,0,0,True
clip_vit_b_32,clip_vit_b_32_linear_head,d8_down,2265,2265,5,0.983615517616272,5,5,True
clip_vit_b_32,clip_vit_b_32_linear_head,d8_down,2268,2268,5,0.987338125705719,5,5,True
clip_vit_b_32,clip_vit_b_32_linear_head,d8_down,2291,2291,3,0.9822895526885986,3,3,True
clip_vit_b_32,clip_vit_b_32_linear_head,d8_down,2334,2334,5,0.9930908679962158,5,5,True
clip_vit_b_32,clip_vit_b_32_linear_head,d8_down,2340,2340,8,0.9913922548294067,8,8,True
clip_vit_b_32,clip_vit_b_32_linear_head,d8_down,2342,2342,8,0.9859159588813782,8,8,True
clip_vit_b_32,clip_vit_b_32_linear_head,d8_down,2351,2351,9,0.984025239944458,9,9,True
clip_vit_b_32,clip_vit_b_32_linear_head,d8_down,2391,2391,5,0.9845793843269348,5,5,True
clip_vit_b_32,clip_vit_b_32_linear_head,d8_down,2392,2392,2,0.9653238654136658,2,2,True
clip_vit_b_32,clip_vit_b_32_linear_head,d8_down,2399,2399,4,0.989137589931488,4,4,True
clip_vit_b_32,clip_vit_b_32_linear_head,d8_down,2414,2414,9,0.9825313687324524,9,9,True
clip_vit_b_32,clip_vit_b_32_linear_head,d8_down,2427,2427,5,0.9869494438171387,5,5,True
clip_vit_b_32,clip_vit_b_32_linear_head,d8_down,2458,2458,5,0.991169810295105,5,5,True
clip_vit_b_32,clip_vit_b_32_linear_head,d8_down,2501,2501,7,0.983094334602356,7,7,True
clip_vit_b_32,clip_vit_b_32_linear_head,d8_down,2502,2502,2,0.9671015739440918,2,2,True
clip_vit_b_32,clip_vit_b_32_linear_head,d8_down,2536,2536,3,0.9884185791015625,3,3,True
clip_vit_b_32,clip_vit_b_32_linear_head,d8_down,2539,2539,3,0.9876865744590759,3,3,True
clip_vit_b_32,clip_vit_b_32_linear_head,d8_down,2610,2610,6,0.9781439900398254,6,6,True
clip_vit_b_32,clip_vit_b_32_linear_head,d8_down,2623,2623,5,0.9753055572509766,5,5,True
clip_vit_b_32,clip_vit_b_32_linear_head,d8_down,2655,2655,9,0.9699668288230896,9,9,True
clip_vit_b_32,clip_vit_b_32_linear_head,d8_down,2668,2668,7,0.9824226498603821,7,7,True
clip_vit_b_32,clip_vit_b_32_linear_head,d8_down,2676,2676,6,0.964033842086792,6,6,True
clip_vit_b_32,clip_vit_b_32_linear_head,d8_down,2687,2687,1,0.9677551984786987,1,1,True
clip_vit_b_32,clip_vit_b_32_linear_head,d8_down,2690,2690,1,0.9767872095108032,1,1,True
clip_vit_b_32,clip_vit_b_32_linear_head,d8_down,2704,2704,4,0.9887550473213196,4,4,True
clip_vit_b_32,clip_vit_b_32_linear_head,d8_down,2745,2745,8,0.9844483137130737,8,8,True
clip_vit_b_32,clip_vit_b_32_linear_head,d8_down,2746,2746,7,0.9796149730682373,7,7,True
clip_vit_b_32,clip_vit_b_32_linear_head,d8_down,2750,2750,0,0.9768998026847839,0,0,True
clip_vit_b_32,clip_vit_b_32_linear_head,d8_down,2754,2754,3,0.9697636961936951,3,3,True
clip_vit_b_32,clip_vit_b_32_linear_head,d8_down,2757,2757,4,0.9735052585601807,4,4,True
clip_vit_b_32,clip_vit_b_32_linear_head,d8_down,2766,2766,5,0.9320058226585388,5,5,True
clip_vit_b_32,clip_vit_b_32_linear_head,d8_down,2807,2807,5,0.9689701795578003,5,5,True
clip_vit_b_32,clip_vit_b_32_linear_head,d8_down,2844,2844,8,0.9831199645996094,8,8,True
clip_vit_b_32,clip_vit_b_32_linear_head,d8_down,2854,2854,7,0.9737589359283447,7,7,True
clip_vit_b_32,clip_vit_b_32_linear_head,d8_down,2861,2861,3,0.989392101764679,3,3,True
clip_vit_b_32,clip_vit_b_32_linear_head,d8_down,2888,2888,0,0.97002112865448,0,0,True
clip_vit_b_32,clip_vit_b_32_linear_head,d8_down,2898,2898,4,0.9869474768638611,4,4,True
clip_vit_b_32,clip_vit_b_32_linear_head,d8_down,2950,2950,5,0.9884402751922607,5,5,True
clip_vit_b_32,clip_vit_b_32_linear_head,d8_down,2958,2958,6,0.9797235727310181,6,6,True
clip_vit_b_32,clip_vit_b_32_linear_head,d8_down,3015,3015,8,0.9853821396827698,8,8,True
clip_vit_b_32,clip_vit_b_32_linear_head,d8_down,3024,3024,2,0.9898654818534851,2,2,True
clip_vit_b_32,clip_vit_b_32_linear_head,d8_down,3025,3025,0,0.9831165671348572,0,0,True
clip_vit_b_32,clip_vit_b_32_linear_head,d8_down,3034,3034,4,0.9850432276725769,4,4,True
clip_vit_b_32,clip_vit_b_32_linear_head,d8_down,3067,3067,2,0.9806846380233765,2,2,True
clip_vit_b_32,clip_vit_b_32_linear_head,d8_down,3078,3078,4,0.9922992587089539,4,4,True
clip_vit_b_32,clip_vit_b_32_linear_head,d8_down,3079,3079,1,0.9881781339645386,1,1,True
clip_vit_b_32,clip_vit_b_32_linear_head,d8_down,3083,3083,0,0.9832181930541992,0,0,True
clip_vit_b_32,clip_vit_b_32_linear_head,d8_down,3122,3122,4,0.9664516448974609,4,4,True
clip_vit_b_32,clip_vit_b_32_linear_head,d8_down,3153,3153,7,0.9856683611869812,7,7,True
clip_vit_b_32,clip_vit_b_32_linear_head,d8_down,3157,3157,8,0.9839546084403992,8,8,True
clip_vit_b_32,clip_vit_b_32_linear_head,d8_down,3163,3163,2,0.9795634150505066,2,2,True
clip_vit_b_32,clip_vit_b_32_linear_head,d8_down,3179,3179,4,0.9873746633529663,4,4,True
clip_vit_b_32,clip_vit_b_32_linear_head,d8_down,3191,3191,6,0.9813224077224731,6,6,True
clip_vit_b_32,clip_vit_b_32_linear_head,d8_down,3276,3276,3,0.9773468971252441,7,3,False
clip_vit_b_32,clip_vit_b_32_linear_head,d8_down,3287,3287,4,0.9842020869255066,4,4,True
clip_vit_b_32,clip_vit_b_32_linear_head,d8_down,3288,3288,7,0.9874346256256104,7,7,True
clip_vit_b_32,clip_vit_b_32_linear_head,d8_down,3292,3292,6,0.9637260437011719,6,6,True
clip_vit_b_32,clip_vit_b_32_linear_head,d8_down,3318,3318,9,0.9532853960990906,9,9,True
clip_vit_b_32,clip_vit_b_32_linear_head,d8_down,3347,3347,0,0.988235354423523,0,0,True
clip_vit_b_32,clip_vit_b_32_linear_head,d8_down,3353,3353,5,0.9771801233291626,5,5,True
clip_vit_b_32,clip_vit_b_32_linear_head,d8_down,3362,3362,2,0.9697971343994141,2,2,True
clip_vit_b_32,clip_vit_b_32_linear_head,d8_down,3365,3365,4,0.9780523777008057,4,4,True
clip_vit_b_32,clip_vit_b_32_linear_head,d8_down,3375,3375,3,0.9841746687889099,3,3,True
clip_vit_b_32,clip_vit_b_32_linear_head,d8_down,3383,3383,3,0.9736157059669495,3,3,True
clip_vit_b_32,clip_vit_b_32_linear_head,d8_down,3404,3404,7,0.9900291562080383,7,7,True
clip_vit_b_32,clip_vit_b_32_linear_head,d8_down,3412,3412,8,0.9850181341171265,8,8,True
clip_vit_b_32,clip_vit_b_32_linear_head,d8_down,3413,3413,1,0.9848945140838623,1,1,True
clip_vit_b_32,clip_vit_b_32_linear_head,d8_down,3418,3418,6,0.990227222442627,6,6,True
clip_vit_b_32,clip_vit_b_32_linear_head,d8_down,3437,3437,0,0.9770213961601257,0,0,True
clip_vit_b_32,clip_vit_b_32_linear_head,d8_down,3446,3446,7,0.9583383202552795,7,7,True
clip_vit_b_32,clip_vit_b_32_linear_head,d8_down,3454,3454,2,0.9808588027954102,2,2,True
clip_vit_b_32,clip_vit_b_32_linear_head,d8_down,3455,3455,0,0.9651172757148743,0,0,True
clip_vit_b_32,clip_vit_b_32_linear_head,d8_down,3458,3458,4,0.9874517917633057,4,4,True
clip_vit_b_32,clip_vit_b_32_linear_head,d8_down,3467,3467,7,0.9823713302612305,7,7,True
clip_vit_b_32,clip_vit_b_32_linear_head,d8_down,3491,3491,1,0.9873838424682617,1,1,True
clip_vit_b_32,clip_vit_b_32_linear_head,d8_down,3494,3494,6,0.9774086475372314,6,6,True
clip_vit_b_32,clip_vit_b_32_linear_head,d8_down,3512,3512,4,0.9929236173629761,4,4,True
clip_vit_b_32,clip_vit_b_32_linear_head,d8_down,3515,3515,6,0.9849231243133545,6,6,True
clip_vit_b_32,clip_vit_b_32_linear_head,d8_down,3542,3542,7,0.9918211102485657,7,7,True
clip_vit_b_32,clip_vit_b_32_linear_head,d8_down,3550,3550,1,0.9830028414726257,1,1,True
clip_vit_b_32,clip_vit_b_32_linear_head,d8_down,3562,3562,3,0.9687762260437012,3,3,True
clip_vit_b_32,clip_vit_b_32_linear_head,d8_down,3755,3755,2,0.9804294109344482,2,2,True
clip_vit_b_32,clip_vit_b_32_linear_head,d8_down,3763,3763,4,0.9921444654464722,4,4,True
clip_vit_b_32,clip_vit_b_32_linear_head,d8_down,3777,3777,6,0.9842543601989746,6,6,True
clip_vit_b_32,clip_vit_b_32_linear_head,d8_down,3778,3778,3,0.9890488386154175,3,3,True
clip_vit_b_32,clip_vit_b_32_linear_head,d8_down,3779,3779,6,0.9773747324943542,6,6,True
clip_vit_b_32,clip_vit_b_32_linear_head,d8_down,3844,3844,6,0.978786826133728,6,6,True
clip_vit_b_32,clip_vit_b_32_linear_head,d8_down,3851,3851,3,0.9902381896972656,3,3,True
clip_vit_b_32,clip_vit_b_32_linear_head,d8_down,3852,3852,5,0.97503262758255,5,5,True
clip_vit_b_32,clip_vit_b_32_linear_head,d8_down,3863,3863,5,0.986028254032135,5,5,True
clip_vit_b_32,clip_vit_b_32_linear_head,d8_down,3867,3867,7,0.9858682751655579,7,7,True
clip_vit_b_32,clip_vit_b_32_linear_head,d8_down,3876,3876,0,0.9748870134353638,0,0,True
clip_vit_b_32,clip_vit_b_32_linear_head,d8_down,3889,3889,5,0.9895637035369873,5,5,True
clip_vit_b_32,clip_vit_b_32_linear_head,d8_down,3891,3891,4,0.9869534373283386,4,4,True
clip_vit_b_32,clip_vit_b_32_linear_head,d8_down,3893,3893,9,0.967330813407898,9,9,True
clip_vit_b_32,clip_vit_b_32_linear_head,d8_down,3905,3905,8,0.9895447492599487,8,8,True
clip_vit_b_32,clip_vit_b_32_linear_head,d8_down,3914,3914,3,0.9820119142532349,3,3,True
clip_vit_b_32,clip_vit_b_32_linear_head,d8_down,3937,3937,1,0.9921634793281555,1,1,True
clip_vit_b_32,clip_vit_b_32_linear_head,d8_down,3942,3942,9,0.9797509908676147,9,9,True
clip_vit_b_32,clip_vit_b_32_linear_head,d8_down,3948,3948,8,0.9802493453025818,8,8,True
clip_vit_b_32,clip_vit_b_32_linear_head,d8_down,3962,3962,6,0.9835866689682007,6,6,True
clip_vit_b_32,clip_vit_b_32_linear_head,d8_down,3965,3965,0,0.99466472864151,0,0,True
clip_vit_b_32,clip_vit_b_32_linear_head,d8_down,3994,3994,4,0.9821620583534241,4,4,True
clip_vit_b_32,clip_vit_b_32_linear_head,d8_down,3996,3996,9,0.9649119973182678,9,9,True
clip_vit_b_32,clip_vit_b_32_linear_head,d8_down,4011,4011,6,0.987135112285614,6,6,True
clip_vit_b_32,clip_vit_b_32_linear_head,d8_down,4023,4023,3,0.9818452596664429,3,3,True
clip_vit_b_32,clip_vit_b_32_linear_head,d8_down,4054,4054,4,0.9867143630981445,4,4,True
clip_vit_b_32,clip_vit_b_32_linear_head,d8_down,4065,4065,2,0.9773648381233215,2,2,True
clip_vit_b_32,clip_vit_b_32_linear_head,d8_down,4069,4069,8,0.9809243083000183,8,8,True
clip_vit_b_32,clip_vit_b_32_linear_head,d8_down,4093,4093,6,0.9805081486701965,6,6,True
clip_vit_b_32,clip_vit_b_32_linear_head,d8_down,4094,4094,9,0.9791007041931152,9,9,True
clip_vit_b_32,clip_vit_b_32_linear_head,d8_down,4106,4106,5,0.9726496934890747,5,5,True
clip_vit_b_32,clip_vit_b_32_linear_head,d8_down,4130,4130,0,0.9894247651100159,0,0,True
clip_vit_b_32,clip_vit_b_32_linear_head,d8_down,4168,4168,3,0.988454282283783,3,3,True
clip_vit_b_32,clip_vit_b_32_linear_head,d8_down,4170,4170,8,0.9775611162185669,8,8,True
clip_vit_b_32,clip_vit_b_32_linear_head,d8_down,4172,4172,7,0.9767549633979797,7,7,True
clip_vit_b_32,clip_vit_b_32_linear_head,d8_down,4177,4177,8,0.990344226360321,8,8,True
clip_vit_b_32,clip_vit_b_32_linear_head,d8_down,4215,4215,3,0.9765854477882385,3,3,True
clip_vit_b_32,clip_vit_b_32_linear_head,d8_down,4229,4229,3,0.9819087982177734,3,3,True
clip_vit_b_32,clip_vit_b_32_linear_head,d8_down,4236,4236,7,0.9868975281715393,7,7,True
clip_vit_b_32,clip_vit_b_32_linear_head,d8_down,4242,4242,8,0.9765213131904602,8,8,True
clip_vit_b_32,clip_vit_b_32_linear_head,d8_down,4254,4254,6,0.9719563722610474,6,6,True
clip_vit_b_32,clip_vit_b_32_linear_head,d8_down,4290,4290,5,0.9832041263580322,4,4,True
clip_vit_b_32,clip_vit_b_32_linear_head,d8_down,4298,4298,1,0.9933223128318787,1,1,True
clip_vit_b_32,clip_vit_b_32_linear_head,d8_down,4308,4308,7,0.9772956967353821,7,7,True
clip_vit_b_32,clip_vit_b_32_linear_head,d8_down,4311,4311,8,0.9846473336219788,8,8,True
clip_vit_b_32,clip_vit_b_32_linear_head,d8_down,4323,4323,3,0.9802362322807312,3,3,True
clip_vit_b_32,clip_vit_b_32_linear_head,d8_down,4330,4330,3,0.9578186273574829,3,3,True
clip_vit_b_32,clip_vit_b_32_linear_head,d8_down,4341,4341,6,0.9898270964622498,6,6,True
clip_vit_b_32,clip_vit_b_32_linear_head,d8_down,4355,4355,8,0.9898829460144043,8,8,True
clip_vit_b_32,clip_vit_b_32_linear_head,d8_down,4399,4399,0,0.9818081259727478,0,0,True
clip_vit_b_32,clip_vit_b_32_linear_head,d8_down,4403,4403,7,0.9831832051277161,7,7,True
clip_vit_b_32,clip_vit_b_32_linear_head,d8_down,4411,4411,6,0.9643956422805786,6,6,True
clip_vit_b_32,clip_vit_b_32_linear_head,d8_down,4449,4449,9,0.959965705871582,9,9,True
clip_vit_b_32,clip_vit_b_32_linear_head,d8_down,4463,4463,3,0.96640545129776,3,3,True
clip_vit_b_32,clip_vit_b_32_linear_head,d8_down,4531,4531,3,0.9796456098556519,3,3,True
clip_vit_b_32,clip_vit_b_32_linear_head,d8_down,4539,4539,0,0.9880555272102356,0,0,True
clip_vit_b_32,clip_vit_b_32_linear_head,d8_down,4547,4547,5,0.9878867864608765,5,5,True
clip_vit_b_32,clip_vit_b_32_linear_head,d8_down,4552,4552,8,0.9788916707038879,8,8,True
clip_vit_b_32,clip_vit_b_32_linear_head,d8_down,4570,4570,5,0.9805017709732056,5,5,True
clip_vit_b_32,clip_vit_b_32_linear_head,d8_down,4590,4590,3,0.9914336800575256,3,3,True
clip_vit_b_32,clip_vit_b_32_linear_head,d8_down,4609,4609,3,0.9646305441856384,3,3,True
clip_vit_b_32,clip_vit_b_32_linear_head,d8_down,4615,4615,0,0.98747718334198,0,0,True
clip_vit_b_32,clip_vit_b_32_linear_head,d8_down,4617,4617,0,0.9951785802841187,0,0,True
clip_vit_b_32,clip_vit_b_32_linear_head,d8_down,4620,4620,6,0.9772619605064392,6,6,True
clip_vit_b_32,clip_vit_b_32_linear_head,d8_down,4629,4629,4,0.9756612777709961,4,4,True
clip_vit_b_32,clip_vit_b_32_linear_head,d8_down,4640,4640,1,0.9780727028846741,1,1,True
clip_vit_b_32,clip_vit_b_32_linear_head,d8_down,4642,4642,4,0.9881794452667236,4,4,True
clip_vit_b_32,clip_vit_b_32_linear_head,d8_down,4661,4661,7,0.9856933355331421,7,7,True
clip_vit_b_32,clip_vit_b_32_linear_head,d8_down,4662,4662,8,0.9915771484375,8,8,True
clip_vit_b_32,clip_vit_b_32_linear_head,d8_down,4675,4675,0,0.9966441988945007,0,0,True
clip_vit_b_32,clip_vit_b_32_linear_head,d8_down,4676,4676,8,0.9876063466072083,8,8,True
clip_vit_b_32,clip_vit_b_32_linear_head,d8_down,4704,4704,7,0.9832474589347839,7,7,True
clip_vit_b_32,clip_vit_b_32_linear_head,d8_down,4723,4723,9,0.9928812980651855,9,9,True
clip_vit_b_32,clip_vit_b_32_linear_head,d8_down,4731,4731,6,0.9905067682266235,6,6,True
clip_vit_b_32,clip_vit_b_32_linear_head,d8_down,4735,4735,2,0.9710684418678284,2,2,True
clip_vit_b_32,clip_vit_b_32_linear_head,d8_down,4740,4740,4,0.9678611159324646,4,4,True
clip_vit_b_32,clip_vit_b_32_linear_head,d8_down,4746,4746,6,0.9961621165275574,6,6,True
clip_vit_b_32,clip_vit_b_32_linear_head,d8_down,4748,4748,7,0.9930847883224487,7,7,True
clip_vit_b_32,clip_vit_b_32_linear_head,d8_down,4754,4754,6,0.9714116454124451,6,6,True
clip_vit_b_32,clip_vit_b_32_linear_head,d8_down,4785,4785,0,0.964918315410614,0,0,True
clip_vit_b_32,clip_vit_b_32_linear_head,d8_down,4791,4791,7,0.9820789098739624,7,7,True
clip_vit_b_32,clip_vit_b_32_linear_head,d8_down,4819,4819,0,0.9908927083015442,0,0,True
clip_vit_b_32,clip_vit_b_32_linear_head,d8_down,4821,4821,3,0.9839368462562561,3,3,True
clip_vit_b_32,clip_vit_b_32_linear_head,d8_down,4827,4827,6,0.9895787835121155,6,6,True
clip_vit_b_32,clip_vit_b_32_linear_head,d8_down,4850,4850,5,0.9898622035980225,5,5,True
clip_vit_b_32,clip_vit_b_32_linear_head,d8_down,4881,4881,3,0.9750139713287354,3,3,True
clip_vit_b_32,clip_vit_b_32_linear_head,d8_down,4893,4893,0,0.9839406609535217,0,0,True
clip_vit_b_32,clip_vit_b_32_linear_head,d8_down,4908,4908,3,0.9912014007568359,3,3,True
clip_vit_b_32,clip_vit_b_32_linear_head,d8_down,4913,4913,2,0.9821285009384155,2,2,True
clip_vit_b_32,clip_vit_b_32_linear_head,d8_down,4921,4921,2,0.9705876111984253,2,2,True
clip_vit_b_32,clip_vit_b_32_linear_head,d8_down,4953,4953,5,0.9700130820274353,5,5,True
clip_vit_b_32,clip_vit_b_32_linear_head,d8_down,4966,4966,5,0.9876320958137512,5,5,True
clip_vit_b_32,clip_vit_b_32_linear_head,d8_down,4990,4990,8,0.9745970964431763,8,8,True
clip_vit_b_32,clip_vit_b_32_linear_head,d8_down,5000,5000,8,0.9864176511764526,8,8,True
clip_vit_b_32,clip_vit_b_32_linear_head,d8_down,5030,5030,2,0.9815232753753662,2,2,True
clip_vit_b_32,clip_vit_b_32_linear_head,d8_down,5062,5062,4,0.9884372353553772,4,4,True
clip_vit_b_32,clip_vit_b_32_linear_head,d8_down,5077,5077,4,0.992169201374054,4,4,True
clip_vit_b_32,clip_vit_b_32_linear_head,d8_down,5082,5082,6,0.9926556944847107,6,6,True
clip_vit_b_32,clip_vit_b_32_linear_head,d8_down,5092,5092,1,0.9831375479698181,1,1,True
clip_vit_b_32,clip_vit_b_32_linear_head,d8_down,5101,5101,5,0.9909412264823914,5,5,True
clip_vit_b_32,clip_vit_b_32_linear_head,d8_down,5117,5117,0,0.9910463094711304,0,0,True
clip_vit_b_32,clip_vit_b_32_linear_head,d8_down,5123,5123,1,0.986346423625946,1,1,True
clip_vit_b_32,clip_vit_b_32_linear_head,d8_down,5135,5135,4,0.9902699589729309,4,4,True
clip_vit_b_32,clip_vit_b_32_linear_head,d8_down,5183,5183,2,0.9797300100326538,2,2,True
clip_vit_b_32,clip_vit_b_32_linear_head,d8_down,5213,5213,4,0.9892269372940063,4,4,True
clip_vit_b_32,clip_vit_b_32_linear_head,d8_down,5218,5218,2,0.9795215129852295,2,2,True
clip_vit_b_32,clip_vit_b_32_linear_head,d8_down,5220,5220,1,0.969772219657898,7,7,True
clip_vit_b_32,clip_vit_b_32_linear_head,d8_down,5237,5237,2,0.985710620880127,2,2,True
clip_vit_b_32,clip_vit_b_32_linear_head,d8_down,5256,5256,1,0.9786816835403442,1,1,True
clip_vit_b_32,clip_vit_b_32_linear_head,d8_down,5284,5284,9,0.9681336879730225,9,9,True
clip_vit_b_32,clip_vit_b_32_linear_head,d8_down,5301,5301,9,0.9730170965194702,9,9,True
clip_vit_b_32,clip_vit_b_32_linear_head,d8_down,5318,5318,2,0.9741560220718384,2,2,True
clip_vit_b_32,clip_vit_b_32_linear_head,d8_down,5332,5332,5,0.9798681139945984,5,5,True
clip_vit_b_32,clip_vit_b_32_linear_head,d8_down,5333,5333,2,0.9846962094306946,2,2,True
clip_vit_b_32,clip_vit_b_32_linear_head,d8_down,5360,5360,9,0.983573317527771,9,9,True
clip_vit_b_32,clip_vit_b_32_linear_head,d8_down,5381,5381,5,0.9736363291740417,5,5,True
clip_vit_b_32,clip_vit_b_32_linear_head,d8_down,5382,5382,6,0.964752197265625,6,6,True
clip_vit_b_32,clip_vit_b_32_linear_head,d8_down,5395,5395,2,0.9843617081642151,2,2,True
clip_vit_b_32,clip_vit_b_32_linear_head,d8_down,5402,5402,4,0.9925841093063354,4,4,True
clip_vit_b_32,clip_vit_b_32_linear_head,d8_down,5408,5408,6,0.9931016564369202,6,6,True
clip_vit_b_32,clip_vit_b_32_linear_head,d8_down,5436,5436,7,0.9857327938079834,7,7,True
clip_vit_b_32,clip_vit_b_32_linear_head,d8_down,5447,5447,9,0.988915205001831,9,9,True
clip_vit_b_32,clip_vit_b_32_linear_head,d8_down,5450,5450,7,0.9947623014450073,7,7,True
clip_vit_b_32,clip_vit_b_32_linear_head,d8_down,5451,5451,8,0.9818973541259766,8,8,True
clip_vit_b_32,clip_vit_b_32_linear_head,d8_down,5452,5452,9,0.9482433795928955,9,9,True
clip_vit_b_32,clip_vit_b_32_linear_head,d8_down,5467,5467,4,0.9854564070701599,4,4,True
clip_vit_b_32,clip_vit_b_32_linear_head,d8_down,5478,5478,0,0.9846048951148987,0,0,True
clip_vit_b_32,clip_vit_b_32_linear_head,d8_down,5488,5488,1,0.9925472140312195,1,1,True
clip_vit_b_32,clip_vit_b_32_linear_head,d8_down,5496,5496,5,0.9909186959266663,5,5,True
clip_vit_b_32,clip_vit_b_32_linear_head,d8_down,5508,5508,9,0.9719634056091309,9,9,True
clip_vit_b_32,clip_vit_b_32_linear_head,d8_down,5512,5512,2,0.9768528938293457,9,9,True
clip_vit_b_32,clip_vit_b_32_linear_head,d8_down,5525,5525,8,0.9776517748832703,8,8,True
clip_vit_b_32,clip_vit_b_32_linear_head,d8_down,5528,5528,3,0.9752848744392395,3,3,True
clip_vit_b_32,clip_vit_b_32_linear_head,d8_down,5556,5556,4,0.9779307842254639,4,4,True
clip_vit_b_32,clip_vit_b_32_linear_head,d8_down,5560,5560,1,0.9934518337249756,1,1,True
clip_vit_b_32,clip_vit_b_32_linear_head,d8_down,5572,5572,9,0.9819716215133667,9,9,True
clip_vit_b_32,clip_vit_b_32_linear_head,d8_down,5580,5580,6,0.9888413548469543,6,6,True
clip_vit_b_32,clip_vit_b_32_linear_head,d8_down,5590,5590,9,0.9633122086524963,9,9,True
clip_vit_b_32,clip_vit_b_32_linear_head,d8_down,5623,5623,4,0.9875008463859558,4,4,True
clip_vit_b_32,clip_vit_b_32_linear_head,d8_down,5677,5677,2,0.9836351871490479,2,2,True
clip_vit_b_32,clip_vit_b_32_linear_head,d8_down,5694,5694,8,0.9876894354820251,8,8,True
clip_vit_b_32,clip_vit_b_32_linear_head,d8_down,5701,5701,5,0.9922769665718079,5,5,True
clip_vit_b_32,clip_vit_b_32_linear_head,d8_down,5705,5705,8,0.9928072094917297,8,8,True
clip_vit_b_32,clip_vit_b_32_linear_head,d8_down,5719,5719,7,0.9852657914161682,7,7,True
clip_vit_b_32,clip_vit_b_32_linear_head,d8_down,5729,5729,6,0.9722340106964111,6,6,True
clip_vit_b_32,clip_vit_b_32_linear_head,d8_down,5756,5756,2,0.9805138111114502,2,2,True
clip_vit_b_32,clip_vit_b_32_linear_head,d8_down,5788,5788,9,0.9900267720222473,9,9,True
clip_vit_b_32,clip_vit_b_32_linear_head,d8_down,5789,5789,4,0.9816376566886902,4,4,True
clip_vit_b_32,clip_vit_b_32_linear_head,d8_down,5824,5824,2,0.9694392681121826,2,2,True
clip_vit_b_32,clip_vit_b_32_linear_head,d8_down,5848,5848,7,0.9820784330368042,7,7,True
clip_vit_b_32,clip_vit_b_32_linear_head,d8_down,5851,5851,9,0.9919759035110474,9,9,True
clip_vit_b_32,clip_vit_b_32_linear_head,d8_down,5857,5857,6,0.9723824262619019,6,6,True
clip_vit_b_32,clip_vit_b_32_linear_head,d8_down,5858,5858,6,0.9876536130905151,6,6,True
clip_vit_b_32,clip_vit_b_32_linear_head,d8_down,5912,5912,0,0.9884243607521057,0,0,True
clip_vit_b_32,clip_vit_b_32_linear_head,d8_down,5915,5915,9,0.96636563539505,9,9,True
clip_vit_b_32,clip_vit_b_32_linear_head,d8_down,5918,5918,0,0.9840080738067627,0,0,True
clip_vit_b_32,clip_vit_b_32_linear_head,d8_down,5924,5924,5,0.9800814390182495,5,5,True
clip_vit_b_32,clip_vit_b_32_linear_head,d8_down,5977,5977,7,0.9917289018630981,7,7,True
clip_vit_b_32,clip_vit_b_32_linear_head,d8_down,5981,5981,9,0.9747021794319153,9,9,True
clip_vit_b_32,clip_vit_b_32_linear_head,d8_down,5999,5999,0,0.9726336002349854,0,0,True
clip_vit_b_32,clip_vit_b_32_linear_head,d8_down,6028,6028,2,0.971429705619812,2,2,True
clip_vit_b_32,clip_vit_b_32_linear_head,d8_down,6033,6033,4,0.9575015902519226,4,4,True
clip_vit_b_32,clip_vit_b_32_linear_head,d8_down,6076,6076,1,0.9912591576576233,1,1,True
clip_vit_b_32,clip_vit_b_32_linear_head,d8_down,6084,6084,7,0.9893746376037598,7,7,True
clip_vit_b_32,clip_vit_b_32_linear_head,d8_down,6097,6097,4,0.9917663335800171,4,4,True
clip_vit_b_32,clip_vit_b_32_linear_head,d8_down,6169,6169,1,0.9867215156555176,1,1,True
clip_vit_b_32,clip_vit_b_32_linear_head,d8_down,6190,6190,7,0.9848475456237793,7,7,True
clip_vit_b_32,clip_vit_b_32_linear_head,d8_down,6224,6224,5,0.9906275868415833,5,5,True
clip_vit_b_32,clip_vit_b_32_linear_head,d8_down,6244,6244,2,0.9705171585083008,2,2,True
clip_vit_b_32,clip_vit_b_32_linear_head,d8_down,6264,6264,2,0.9651287794113159,2,2,True
clip_vit_b_32,clip_vit_b_32_linear_head,d8_down,6271,6271,2,0.9800195097923279,2,2,True
clip_vit_b_32,clip_vit_b_32_linear_head,d8_down,6288,6288,4,0.9840637445449829,4,4,True
clip_vit_b_32,clip_vit_b_32_linear_head,d8_down,6332,6332,2,0.9776684641838074,2,2,True
clip_vit_b_32,clip_vit_b_32_linear_head,d8_down,6349,6349,1,0.986366331577301,1,1,True
clip_vit_b_32,clip_vit_b_32_linear_head,d8_down,6354,6354,2,0.9599947929382324,2,2,True
clip_vit_b_32,clip_vit_b_32_linear_head,d8_down,6358,6358,5,0.9804264903068542,5,5,True
clip_vit_b_32,clip_vit_b_32_linear_head,d8_down,6381,6381,6,0.9824954271316528,6,6,True
clip_vit_b_32,clip_vit_b_32_linear_head,d8_down,6414,6414,5,0.97524094581604,5,5,True
clip_vit_b_32,clip_vit_b_32_linear_head,d8_down,6426,6426,2,0.9829133152961731,2,2,True
clip_vit_b_32,clip_vit_b_32_linear_head,d8_down,6434,6434,8,0.9845454692840576,8,8,True
clip_vit_b_32,clip_vit_b_32_linear_head,d8_down,6437,6437,0,0.9837821125984192,0,0,True
clip_vit_b_32,clip_vit_b_32_linear_head,d8_down,6455,6455,0,0.978193461894989,0,0,True
clip_vit_b_32,clip_vit_b_32_linear_head,d8_down,6490,6490,3,0.9829927682876587,3,3,True
clip_vit_b_32,clip_vit_b_32_linear_head,d8_down,6503,6503,2,0.9843157529830933,2,2,True
clip_vit_b_32,clip_vit_b_32_linear_head,d8_down,6508,6508,4,0.9912794232368469,4,4,True
clip_vit_b_32,clip_vit_b_32_linear_head,d8_down,6528,6528,4,0.9658011794090271,4,4,True
clip_vit_b_32,clip_vit_b_32_linear_head,d8_down,6594,6594,1,0.9892473220825195,1,1,True
clip_vit_b_32,clip_vit_b_32_linear_head,d8_down,6609,6609,0,0.9860386252403259,0,0,True
clip_vit_b_32,clip_vit_b_32_linear_head,d8_down,6616,6616,2,0.9780043363571167,2,2,True
clip_vit_b_32,clip_vit_b_32_linear_head,d8_down,6650,6650,7,0.9864329695701599,7,7,True
clip_vit_b_32,clip_vit_b_32_linear_head,d8_down,6689,6689,8,0.9750556349754333,8,8,True
clip_vit_b_32,clip_vit_b_32_linear_head,d8_down,6692,6692,2,0.9816586375236511,2,2,True
clip_vit_b_32,clip_vit_b_32_linear_head,d8_down,6713,6713,6,0.9679476022720337,6,6,True
clip_vit_b_32,clip_vit_b_32_linear_head,d8_down,6716,6716,5,0.9755894541740417,5,5,True
clip_vit_b_32,clip_vit_b_32_linear_head,d8_down,6726,6726,7,0.9666873216629028,7,7,True
clip_vit_b_32,clip_vit_b_32_linear_head,d8_down,6733,6733,1,0.9960427284240723,1,1,True
clip_vit_b_32,clip_vit_b_32_linear_head,d8_down,6772,6772,7,0.9702853560447693,7,3,False
clip_vit_b_32,clip_vit_b_32_linear_head,d8_down,6805,6805,1,0.992516279220581,1,1,True
clip_vit_b_32,clip_vit_b_32_linear_head,d8_down,6836,6836,1,0.9891815185546875,1,1,True
clip_vit_b_32,clip_vit_b_32_linear_head,d8_down,6844,6844,0,0.9918217658996582,0,0,True
clip_vit_b_32,clip_vit_b_32_linear_head,d8_down,6922,6922,5,0.9498398303985596,5,5,True
clip_vit_b_32,clip_vit_b_32_linear_head,d8_down,6931,6931,9,0.9689264297485352,9,9,True
clip_vit_b_32,clip_vit_b_32_linear_head,d8_down,6938,6938,1,0.9896236658096313,1,1,True
clip_vit_b_32,clip_vit_b_32_linear_head,d8_down,6952,6952,3,0.9853255748748779,3,3,True
clip_vit_b_32,clip_vit_b_32_linear_head,d8_down,6954,6954,1,0.9905627369880676,1,1,True
clip_vit_b_32,clip_vit_b_32_linear_head,d8_down,6986,6986,0,0.9842512011528015,0,0,True
clip_vit_b_32,clip_vit_b_32_linear_head,d8_down,6989,6989,5,0.9707664847373962,5,5,True
clip_vit_b_32,clip_vit_b_32_linear_head,d8_down,7009,7009,0,0.9711633920669556,0,0,True
clip_vit_b_32,clip_vit_b_32_linear_head,d8_down,7029,7029,1,0.9878445863723755,1,1,True
clip_vit_b_32,clip_vit_b_32_linear_head,d8_down,7033,7033,1,0.9850979447364807,1,1,True
clip_vit_b_32,clip_vit_b_32_linear_head,d8_down,7041,7041,5,0.9759203195571899,5,5,True
clip_vit_b_32,clip_vit_b_32_linear_head,d8_down,7047,7047,9,0.9866893291473389,9,9,True
clip_vit_b_32,clip_vit_b_32_linear_head,d8_down,7081,7081,7,0.9886123538017273,7,7,True
clip_vit_b_32,clip_vit_b_32_linear_head,d8_down,7084,7084,2,0.9790935516357422,2,2,True
clip_vit_b_32,clip_vit_b_32_linear_head,d8_down,7108,7108,6,0.9818769097328186,6,6,True
clip_vit_b_32,clip_vit_b_32_linear_head,d8_down,7130,7130,5,0.9901061058044434,5,5,True
clip_vit_b_32,clip_vit_b_32_linear_head,d8_down,7138,7138,8,0.988710880279541,8,8,True
clip_vit_b_32,clip_vit_b_32_linear_head,d8_down,7150,7150,0,0.9830865263938904,0,0,True
clip_vit_b_32,clip_vit_b_32_linear_head,d8_down,7202,7202,1,0.9877495765686035,1,1,True
clip_vit_b_32,clip_vit_b_32_linear_head,d8_down,7262,7262,0,0.969791054725647,0,0,True
clip_vit_b_32,clip_vit_b_32_linear_head,d8_down,7266,7266,9,0.9523983597755432,9,9,True
clip_vit_b_32,clip_vit_b_32_linear_head,d8_down,7270,7270,7,0.9731717109680176,7,7,True
clip_vit_b_32,clip_vit_b_32_linear_head,d8_down,7309,7309,0,0.9817661046981812,0,0,True
clip_vit_b_32,clip_vit_b_32_linear_head,d8_down,7320,7320,0,0.9444536566734314,0,0,True
clip_vit_b_32,clip_vit_b_32_linear_head,d8_down,7338,7338,6,0.9820245504379272,6,6,True
clip_vit_b_32,clip_vit_b_32_linear_head,d8_down,7372,7372,0,0.9752844572067261,0,0,True
clip_vit_b_32,clip_vit_b_32_linear_head,d8_down,7373,7373,0,0.96709144115448,0,0,True
clip_vit_b_32,clip_vit_b_32_linear_head,d8_down,7380,7380,9,0.9869300127029419,9,9,True
clip_vit_b_32,clip_vit_b_32_linear_head,d8_down,7390,7390,1,0.9916985630989075,1,1,True
clip_vit_b_32,clip_vit_b_32_linear_head,d8_down,7413,7413,5,0.9844250679016113,3,5,False
clip_vit_b_32,clip_vit_b_32_linear_head,d8_down,7416,7416,3,0.9712791442871094,3,3,True
clip_vit_b_32,clip_vit_b_32_linear_head,d8_down,7425,7425,2,0.9851547479629517,2,2,True
clip_vit_b_32,clip_vit_b_32_linear_head,d8_down,7446,7446,8,0.9820966720581055,8,8,True
clip_vit_b_32,clip_vit_b_32_linear_head,d8_down,7460,7460,8,0.9746556282043457,8,8,True
clip_vit_b_32,clip_vit_b_32_linear_head,d8_down,7465,7465,0,0.9666749835014343,0,0,True
clip_vit_b_32,clip_vit_b_32_linear_head,d8_down,7474,7474,5,0.986328125,5,5,True
clip_vit_b_32,clip_vit_b_32_linear_head,d8_down,7475,7475,4,0.989108145236969,4,4,True
clip_vit_b_32,clip_vit_b_32_linear_head,d8_down,7476,7476,8,0.9741319417953491,8,8,True
clip_vit_b_32,clip_vit_b_32_linear_head,d8_down,7544,7544,9,0.9856810569763184,9,9,True
clip_vit_b_32,clip_vit_b_32_linear_head,d8_down,7555,7555,6,0.9690268039703369,6,6,True
clip_vit_b_32,clip_vit_b_32_linear_head,d8_down,7600,7600,6,0.9914080500602722,6,6,True
clip_vit_b_32,clip_vit_b_32_linear_head,d8_down,7610,7610,4,0.9825681447982788,4,4,True
clip_vit_b_32,clip_vit_b_32_linear_head,d8_down,7634,7634,0,0.9919612407684326,0,0,True
clip_vit_b_32,clip_vit_b_32_linear_head,d8_down,7692,7692,4,0.9873160719871521,4,4,True
clip_vit_b_32,clip_vit_b_32_linear_head,d8_down,7706,7706,5,0.9620195031166077,5,5,True
clip_vit_b_32,clip_vit_b_32_linear_head,d8_down,7726,7726,6,0.9878940582275391,6,6,True
clip_vit_b_32,clip_vit_b_32_linear_head,d8_down,7744,7744,3,0.9909914135932922,3,3,True
clip_vit_b_32,clip_vit_b_32_linear_head,d8_down,7752,7752,9,0.9845607876777649,9,9,True
clip_vit_b_32,clip_vit_b_32_linear_head,d8_down,7776,7776,5,0.9706516265869141,5,5,True
clip_vit_b_32,clip_vit_b_32_linear_head,d8_down,7779,7779,6,0.9832149147987366,6,6,True
clip_vit_b_32,clip_vit_b_32_linear_head,d8_down,7781,7781,6,0.9900043606758118,6,6,True
clip_vit_b_32,clip_vit_b_32_linear_head,d8_down,7793,7793,3,0.9707399606704712,3,3,True
clip_vit_b_32,clip_vit_b_32_linear_head,d8_down,7797,7797,3,0.9868868589401245,3,3,True
clip_vit_b_32,clip_vit_b_32_linear_head,d8_down,7810,7810,8,0.985904335975647,8,8,True
clip_vit_b_32,clip_vit_b_32_linear_head,d8_down,7818,7818,8,0.9810394644737244,8,8,True
clip_vit_b_32,clip_vit_b_32_linear_head,d8_down,7835,7835,7,0.9835172295570374,7,7,True
clip_vit_b_32,clip_vit_b_32_linear_head,d8_down,7864,7864,4,0.9919178485870361,4,4,True
clip_vit_b_32,clip_vit_b_32_linear_head,d8_down,7875,7875,8,0.9828312397003174,8,8,True
clip_vit_b_32,clip_vit_b_32_linear_head,d8_down,7938,7938,9,0.9734512567520142,9,9,True
clip_vit_b_32,clip_vit_b_32_linear_head,d8_down,7940,7940,4,0.9873741269111633,4,4,True
clip_vit_b_32,clip_vit_b_32_linear_head,d8_down,7944,7944,4,0.9835245609283447,4,4,True
clip_vit_b_32,clip_vit_b_32_linear_head,d8_down,7955,7955,1,0.9819704294204712,1,1,True
clip_vit_b_32,clip_vit_b_32_linear_head,d8_down,7995,7995,9,0.9582778215408325,9,9,True
clip_vit_b_32,clip_vit_b_32_linear_head,d8_down,7996,7996,6,0.970355212688446,6,6,True
clip_vit_b_32,clip_vit_b_32_linear_head,d8_down,7999,7999,8,0.975389838218689,8,8,True
clip_vit_b_32,clip_vit_b_32_linear_head,d8_left,3,3,0,0.9730326533317566,0,0,True
clip_vit_b_32,clip_vit_b_32_linear_head,d8_left,29,29,7,0.9645883440971375,7,7,True
clip_vit_b_32,clip_vit_b_32_linear_head,d8_left,35,35,2,0.9864615201950073,2,2,True
clip_vit_b_32,clip_vit_b_32_linear_head,d8_left,42,42,0,0.9817214608192444,0,0,True
clip_vit_b_32,clip_vit_b_32_linear_head,d8_left,49,49,2,0.9664369821548462,2,2,True
clip_vit_b_32,clip_vit_b_32_linear_head,d8_left,81,81,0,0.9694480299949646,0,0,True
clip_vit_b_32,clip_vit_b_32_linear_head,d8_left,95,95,1,0.9904713034629822,1,1,True
clip_vit_b_32,clip_vit_b_32_linear_head,d8_left,97,97,5,0.9710027575492859,5,5,True
clip_vit_b_32,clip_vit_b_32_linear_head,d8_left,116,116,1,0.9743502736091614,1,1,True
clip_vit_b_32,clip_vit_b_32_linear_head,d8_left,131,131,9,0.9753076434135437,9,9,True
clip_vit_b_32,clip_vit_b_32_linear_head,d8_left,151,151,8,0.9870750308036804,8,8,True
clip_vit_b_32,clip_vit_b_32_linear_head,d8_left,171,171,4,0.986404299736023,4,4,True
clip_vit_b_32,clip_vit_b_32_linear_head,d8_left,176,176,3,0.9794291853904724,3,3,True
clip_vit_b_32,clip_vit_b_32_linear_head,d8_left,191,191,9,0.9561768770217896,2,9,False
clip_vit_b_32,clip_vit_b_32_linear_head,d8_left,194,194,8,0.9849814772605896,8,8,True
clip_vit_b_32,clip_vit_b_32_linear_head,d8_left,198,198,1,0.9857058525085449,1,1,True
clip_vit_b_32,clip_vit_b_32_linear_head,d8_left,239,239,9,0.9645264148712158,9,9,True
clip_vit_b_32,clip_vit_b_32_linear_head,d8_left,261,261,1,0.9879897236824036,1,1,True
clip_vit_b_32,clip_vit_b_32_linear_head,d8_left,269,269,7,0.9803950786590576,7,7,True
clip_vit_b_32,clip_vit_b_32_linear_head,d8_left,276,276,9,0.95756596326828,9,9,True
clip_vit_b_32,clip_vit_b_32_linear_head,d8_left,303,303,9,0.9888135194778442,9,9,True
clip_vit_b_32,clip_vit_b_32_linear_head,d8_left,304,304,1,0.9590795636177063,1,1,True
clip_vit_b_32,clip_vit_b_32_linear_head,d8_left,317,317,2,0.9776372313499451,2,2,True
clip_vit_b_32,clip_vit_b_32_linear_head,d8_left,319,319,5,0.9853663444519043,5,5,True
clip_vit_b_32,clip_vit_b_32_linear_head,d8_left,323,323,7,0.9779316186904907,7,7,True
clip_vit_b_32,clip_vit_b_32_linear_head,d8_left,365,365,3,0.9820454716682434,3,3,True
clip_vit_b_32,clip_vit_b_32_linear_head,d8_left,370,370,7,0.9796581864356995,7,7,True
clip_vit_b_32,clip_vit_b_32_linear_head,d8_left,372,372,3,0.973322868347168,3,3,True
clip_vit_b_32,clip_vit_b_32_linear_head,d8_left,378,378,5,0.9785844683647156,5,5,True
clip_vit_b_32,clip_vit_b_32_linear_head,d8_left,391,391,3,0.9622199535369873,3,3,True
clip_vit_b_32,clip_vit_b_32_linear_head,d8_left,409,409,2,0.9680590629577637,2,2,True
clip_vit_b_32,clip_vit_b_32_linear_head,d8_left,419,419,9,0.9732511043548584,9,9,True
clip_vit_b_32,clip_vit_b_32_linear_head,d8_left,449,449,6,0.9841601848602295,6,6,True
clip_vit_b_32,clip_vit_b_32_linear_head,d8_left,470,470,2,0.9880133867263794,2,2,True
clip_vit_b_32,clip_vit_b_32_linear_head,d8_left,483,483,2,0.9791785478591919,2,2,True
clip_vit_b_32,clip_vit_b_32_linear_head,d8_left,484,484,0,0.9833089113235474,0,0,True
clip_vit_b_32,clip_vit_b_32_linear_head,d8_left,506,506,4,0.9867962002754211,4,4,True
clip_vit_b_32,clip_vit_b_32_linear_head,d8_left,545,545,6,0.9713928699493408,6,6,True
clip_vit_b_32,clip_vit_b_32_linear_head,d8_left,562,562,0,0.9857064485549927,0,0,True
clip_vit_b_32,clip_vit_b_32_linear_head,d8_left,568,568,5,0.9898286461830139,5,5,True
clip_vit_b_32,clip_vit_b_32_linear_head,d8_left,603,603,9,0.9594168663024902,9,9,True
clip_vit_b_32,clip_vit_b_32_linear_head,d8_left,632,632,3,0.9875894784927368,3,3,True
clip_vit_b_32,clip_vit_b_32_linear_head,d8_left,645,645,5,0.9877626299858093,5,5,True
clip_vit_b_32,clip_vit_b_32_linear_head,d8_left,667,667,8,0.994138240814209,8,8,True
clip_vit_b_32,clip_vit_b_32_linear_head,d8_left,672,672,3,0.9858266115188599,3,3,True
clip_vit_b_32,clip_vit_b_32_linear_head,d8_left,677,677,3,0.9817224144935608,3,3,True
clip_vit_b_32,clip_vit_b_32_linear_head,d8_left,685,685,5,0.9849421977996826,5,5,True
clip_vit_b_32,clip_vit_b_32_linear_head,d8_left,691,691,4,0.9876420497894287,4,4,True
clip_vit_b_32,clip_vit_b_32_linear_head,d8_left,706,706,8,0.9828543066978455,8,8,True
clip_vit_b_32,clip_vit_b_32_linear_head,d8_left,714,714,2,0.9533556699752808,2,2,True
clip_vit_b_32,clip_vit_b_32_linear_head,d8_left,716,716,8,0.9931865334510803,8,8,True
clip_vit_b_32,clip_vit_b_32_linear_head,d8_left,738,738,3,0.9532591104507446,3,3,True
clip_vit_b_32,clip_vit_b_32_linear_head,d8_left,739,739,8,0.9921026825904846,8,8,True
clip_vit_b_32,clip_vit_b_32_linear_head,d8_left,766,766,4,0.9882625937461853,6,6,True
clip_vit_b_32,clip_vit_b_32_linear_head,d8_left,791,791,3,0.9957540035247803,3,3,True
clip_vit_b_32,clip_vit_b_32_linear_head,d8_left,805,805,9,0.9865186810493469,9,9,True
clip_vit_b_32,clip_vit_b_32_linear_head,d8_left,825,825,1,0.9893825054168701,1,1,True
clip_vit_b_32,clip_vit_b_32_linear_head,d8_left,852,852,9,0.9831529855728149,9,9,True
clip_vit_b_32,clip_vit_b_32_linear_head,d8_left,855,855,4,0.9731901288032532,4,4,True
clip_vit_b_32,clip_vit_b_32_linear_head,d8_left,873,873,6,0.9886422157287598,6,6,True
clip_vit_b_32,clip_vit_b_32_linear_head,d8_left,890,890,6,0.9879478216171265,6,6,True
clip_vit_b_32,clip_vit_b_32_linear_head,d8_left,920,920,6,0.9879002571105957,6,6,True
clip_vit_b_32,clip_vit_b_32_linear_head,d8_left,929,929,6,0.9847589731216431,6,6,True
clip_vit_b_32,clip_vit_b_32_linear_head,d8_left,962,962,8,0.9850054979324341,8,8,True
clip_vit_b_32,clip_vit_b_32_linear_head,d8_left,964,964,6,0.9811608791351318,6,6,True
clip_vit_b_32,clip_vit_b_32_linear_head,d8_left,977,977,6,0.9873411059379578,6,6,True
clip_vit_b_32,clip_vit_b_32_linear_head,d8_left,979,979,3,0.9423227906227112,3,3,True
clip_vit_b_32,clip_vit_b_32_linear_head,d8_left,981,981,2,0.9717639684677124,2,2,True
clip_vit_b_32,clip_vit_b_32_linear_head,d8_left,1022,1022,9,0.9729828238487244,9,9,True
clip_vit_b_32,clip_vit_b_32_linear_head,d8_left,1032,1032,7,0.987019956111908,7,7,True
clip_vit_b_32,clip_vit_b_32_linear_head,d8_left,1048,1048,7,0.9871100187301636,7,7,True
clip_vit_b_32,clip_vit_b_32_linear_head,d8_left,1090,1090,1,0.9923520088195801,1,1,True
clip_vit_b_32,clip_vit_b_32_linear_head,d8_left,1095,1095,5,0.9849323034286499,5,5,True
clip_vit_b_32,clip_vit_b_32_linear_head,d8_left,1109,1109,1,0.9782083034515381,1,1,True
clip_vit_b_32,clip_vit_b_32_linear_head,d8_left,1111,1111,4,0.9893760681152344,4,4,True
clip_vit_b_32,clip_vit_b_32_linear_head,d8_left,1115,1115,1,0.9632909297943115,1,1,True
clip_vit_b_32,clip_vit_b_32_linear_head,d8_left,1124,1124,4,0.9885772466659546,4,4,True
clip_vit_b_32,clip_vit_b_32_linear_head,d8_left,1129,1129,8,0.9801878929138184,8,8,True
clip_vit_b_32,clip_vit_b_32_linear_head,d8_left,1175,1175,0,0.9869330525398254,0,0,True
clip_vit_b_32,clip_vit_b_32_linear_head,d8_left,1202,1202,2,0.9748150110244751,2,2,True
clip_vit_b_32,clip_vit_b_32_linear_head,d8_left,1204,1204,3,0.9736260771751404,3,3,True
clip_vit_b_32,clip_vit_b_32_linear_head,d8_left,1211,1211,4,0.9856346249580383,4,4,True
clip_vit_b_32,clip_vit_b_32_linear_head,d8_left,1220,1220,7,0.9913315176963806,7,7,True
clip_vit_b_32,clip_vit_b_32_linear_head,d8_left,1230,1230,1,0.966175377368927,1,1,True
clip_vit_b_32,clip_vit_b_32_linear_head,d8_left,1247,1247,8,0.985762894153595,8,8,True
clip_vit_b_32,clip_vit_b_32_linear_head,d8_left,1263,1263,3,0.9876238107681274,3,3,True
clip_vit_b_32,clip_vit_b_32_linear_head,d8_left,1266,1266,4,0.9775374531745911,4,4,True
clip_vit_b_32,clip_vit_b_32_linear_head,d8_left,1287,1287,7,0.9557696580886841,7,7,True
clip_vit_b_32,clip_vit_b_32_linear_head,d8_left,1296,1296,7,0.9720498919487,7,7,True
clip_vit_b_32,clip_vit_b_32_linear_head,d8_left,1370,1370,3,0.982721745967865,3,3,True
clip_vit_b_32,clip_vit_b_32_linear_head,d8_left,1389,1389,0,0.9840328097343445,0,0,True
clip_vit_b_32,clip_vit_b_32_linear_head,d8_left,1401,1401,3,0.9884644746780396,3,3,True
clip_vit_b_32,clip_vit_b_32_linear_head,d8_left,1403,1403,2,0.9664860963821411,2,2,True
clip_vit_b_32,clip_vit_b_32_linear_head,d8_left,1411,1411,9,0.9889156222343445,9,9,True
clip_vit_b_32,clip_vit_b_32_linear_head,d8_left,1429,1429,4,0.9610757231712341,4,4,True
clip_vit_b_32,clip_vit_b_32_linear_head,d8_left,1430,1430,9,0.9723206758499146,9,9,True
clip_vit_b_32,clip_vit_b_32_linear_head,d8_left,1431,1431,3,0.9660542011260986,3,3,True
clip_vit_b_32,clip_vit_b_32_linear_head,d8_left,1436,1436,1,0.9896581768989563,1,1,True
clip_vit_b_32,clip_vit_b_32_linear_head,d8_left,1440,1440,7,0.9875959753990173,7,7,True
clip_vit_b_32,clip_vit_b_32_linear_head,d8_left,1468,1468,9,0.9718984365463257,9,9,True
clip_vit_b_32,clip_vit_b_32_linear_head,d8_left,1473,1473,7,0.9930214285850525,7,7,True
clip_vit_b_32,clip_vit_b_32_linear_head,d8_left,1515,1515,9,0.9791842699050903,9,9,True
clip_vit_b_32,clip_vit_b_32_linear_head,d8_left,1520,1520,2,0.9877036213874817,2,2,True
clip_vit_b_32,clip_vit_b_32_linear_head,d8_left,1531,1531,3,0.9901620149612427,3,3,True
clip_vit_b_32,clip_vit_b_32_linear_head,d8_left,1534,1534,6,0.9763830304145813,6,6,True
clip_vit_b_32,clip_vit_b_32_linear_head,d8_left,1552,1552,5,0.991249680519104,5,5,True
clip_vit_b_32,clip_vit_b_32_linear_head,d8_left,1553,1553,0,0.9765520095825195,0,0,True
clip_vit_b_32,clip_vit_b_32_linear_head,d8_left,1563,1563,3,0.9845176935195923,7,7,True
clip_vit_b_32,clip_vit_b_32_linear_head,d8_left,1568,1568,1,0.9802069067955017,1,1,True
clip_vit_b_32,clip_vit_b_32_linear_head,d8_left,1579,1579,7,0.9778059124946594,7,7,True
clip_vit_b_32,clip_vit_b_32_linear_head,d8_left,1586,1586,2,0.9705765843391418,2,2,True
clip_vit_b_32,clip_vit_b_32_linear_head,d8_left,1596,1596,0,0.9914265871047974,0,0,True
clip_vit_b_32,clip_vit_b_32_linear_head,d8_left,1626,1626,5,0.9872514605522156,5,5,True
clip_vit_b_32,clip_vit_b_32_linear_head,d8_left,1640,1640,8,0.9851014614105225,8,8,True
clip_vit_b_32,clip_vit_b_32_linear_head,d8_left,1644,1644,5,0.993028461933136,5,5,True
clip_vit_b_32,clip_vit_b_32_linear_head,d8_left,1648,1648,0,0.9516254663467407,0,0,True
clip_vit_b_32,clip_vit_b_32_linear_head,d8_left,1654,1654,9,0.9908264875411987,9,9,True
clip_vit_b_32,clip_vit_b_32_linear_head,d8_left,1667,1667,6,0.9856944680213928,6,6,True
clip_vit_b_32,clip_vit_b_32_linear_head,d8_left,1703,1703,7,0.9854795336723328,7,7,True
clip_vit_b_32,clip_vit_b_32_linear_head,d8_left,1711,1711,7,0.9866989254951477,7,7,True
clip_vit_b_32,clip_vit_b_32_linear_head,d8_left,1771,1771,7,0.9592401385307312,7,7,True
clip_vit_b_32,clip_vit_b_32_linear_head,d8_left,1783,1783,8,0.9859455227851868,8,8,True
clip_vit_b_32,clip_vit_b_32_linear_head,d8_left,1814,1814,2,0.9814635515213013,2,2,True
clip_vit_b_32,clip_vit_b_32_linear_head,d8_left,1833,1833,8,0.9937676191329956,8,8,True
clip_vit_b_32,clip_vit_b_32_linear_head,d8_left,1836,1836,9,0.9840533137321472,9,9,True
clip_vit_b_32,clip_vit_b_32_linear_head,d8_left,1839,1839,2,0.9799205660820007,2,2,True
clip_vit_b_32,clip_vit_b_32_linear_head,d8_left,1852,1852,1,0.9834368824958801,1,1,True
clip_vit_b_32,clip_vit_b_32_linear_head,d8_left,1871,1871,1,0.9953703880310059,1,1,True
clip_vit_b_32,clip_vit_b_32_linear_head,d8_left,1877,1877,5,0.987818717956543,5,5,True
clip_vit_b_32,clip_vit_b_32_linear_head,d8_left,1884,1884,7,0.9818158149719238,7,7,True
clip_vit_b_32,clip_vit_b_32_linear_head,d8_left,1927,1927,7,0.9781414270401001,7,7,True
clip_vit_b_32,clip_vit_b_32_linear_head,d8_left,1954,1954,8,0.9797982573509216,8,8,True
clip_vit_b_32,clip_vit_b_32_linear_head,d8_left,1956,1956,7,0.9812697768211365,7,7,True
clip_vit_b_32,clip_vit_b_32_linear_head,d8_left,1960,1960,4,0.9881187677383423,4,4,True
clip_vit_b_32,clip_vit_b_32_linear_head,d8_left,1977,1977,0,0.9902164340019226,0,0,True
clip_vit_b_32,clip_vit_b_32_linear_head,d8_left,1986,1986,1,0.9935989379882812,1,1,True
clip_vit_b_32,clip_vit_b_32_linear_head,d8_left,1993,1993,1,0.9919693470001221,1,1,True
clip_vit_b_32,clip_vit_b_32_linear_head,d8_left,2003,2003,6,0.9919161796569824,6,6,True
clip_vit_b_32,clip_vit_b_32_linear_head,d8_left,2011,2011,9,0.9150014519691467,9,9,True
clip_vit_b_32,clip_vit_b_32_linear_head,d8_left,2024,2024,0,0.9866231679916382,0,0,True
clip_vit_b_32,clip_vit_b_32_linear_head,d8_left,2028,2028,3,0.9753530025482178,3,3,True
clip_vit_b_32,clip_vit_b_32_linear_head,d8_left,2062,2062,9,0.9896426796913147,9,9,True
clip_vit_b_32,clip_vit_b_32_linear_head,d8_left,2070,2070,1,0.9754630327224731,1,1,True
clip_vit_b_32,clip_vit_b_32_linear_head,d8_left,2082,2082,2,0.9847480058670044,2,2,True
clip_vit_b_32,clip_vit_b_32_linear_head,d8_left,2095,2095,1,0.9931635856628418,1,1,True
clip_vit_b_32,clip_vit_b_32_linear_head,d8_left,2109,2109,8,0.9916067123413086,8,8,True
clip_vit_b_32,clip_vit_b_32_linear_head,d8_left,2114,2114,9,0.9895727038383484,9,9,True
clip_vit_b_32,clip_vit_b_32_linear_head,d8_left,2116,2116,1,0.9919652342796326,1,1,True
clip_vit_b_32,clip_vit_b_32_linear_head,d8_left,2157,2157,1,0.9843059778213501,1,1,True
clip_vit_b_32,clip_vit_b_32_linear_head,d8_left,2167,2167,9,0.9690571427345276,9,9,True
clip_vit_b_32,clip_vit_b_32_linear_head,d8_left,2178,2178,1,0.9800491333007812,1,1,True
clip_vit_b_32,clip_vit_b_32_linear_head,d8_left,2191,2191,8,0.9896389245986938,8,8,True
clip_vit_b_32,clip_vit_b_32_linear_head,d8_left,2230,2230,8,0.9791239500045776,8,8,True
clip_vit_b_32,clip_vit_b_32_linear_head,d8_left,2242,2242,0,0.9927079677581787,0,0,True
clip_vit_b_32,clip_vit_b_32_linear_head,d8_left,2265,2265,5,0.9873520135879517,5,5,True
clip_vit_b_32,clip_vit_b_32_linear_head,d8_left,2268,2268,5,0.9860765933990479,5,5,True
clip_vit_b_32,clip_vit_b_32_linear_head,d8_left,2291,2291,3,0.9679193496704102,3,3,True
clip_vit_b_32,clip_vit_b_32_linear_head,d8_left,2334,2334,5,0.9930363893508911,5,5,True
clip_vit_b_32,clip_vit_b_32_linear_head,d8_left,2340,2340,8,0.9912821650505066,8,8,True
clip_vit_b_32,clip_vit_b_32_linear_head,d8_left,2342,2342,8,0.9767033457756042,8,8,True
clip_vit_b_32,clip_vit_b_32_linear_head,d8_left,2351,2351,9,0.9818050861358643,9,9,True
clip_vit_b_32,clip_vit_b_32_linear_head,d8_left,2391,2391,5,0.9800214767456055,5,5,True
clip_vit_b_32,clip_vit_b_32_linear_head,d8_left,2392,2392,2,0.9830421209335327,2,2,True
clip_vit_b_32,clip_vit_b_32_linear_head,d8_left,2399,2399,4,0.9898514151573181,4,4,True
clip_vit_b_32,clip_vit_b_32_linear_head,d8_left,2414,2414,9,0.9877210855484009,9,9,True
clip_vit_b_32,clip_vit_b_32_linear_head,d8_left,2427,2427,5,0.9935811758041382,5,5,True
clip_vit_b_32,clip_vit_b_32_linear_head,d8_left,2458,2458,5,0.9763800501823425,5,5,True
clip_vit_b_32,clip_vit_b_32_linear_head,d8_left,2501,2501,7,0.9856129288673401,7,7,True
clip_vit_b_32,clip_vit_b_32_linear_head,d8_left,2502,2502,2,0.9807429909706116,2,2,True
clip_vit_b_32,clip_vit_b_32_linear_head,d8_left,2536,2536,3,0.9792174696922302,3,3,True
clip_vit_b_32,clip_vit_b_32_linear_head,d8_left,2539,2539,3,0.9874085187911987,3,3,True
clip_vit_b_32,clip_vit_b_32_linear_head,d8_left,2610,2610,6,0.9680835604667664,6,6,True
clip_vit_b_32,clip_vit_b_32_linear_head,d8_left,2623,2623,5,0.9821165800094604,5,5,True
clip_vit_b_32,clip_vit_b_32_linear_head,d8_left,2655,2655,9,0.9719257354736328,9,9,True
clip_vit_b_32,clip_vit_b_32_linear_head,d8_left,2668,2668,7,0.9886407852172852,7,7,True
clip_vit_b_32,clip_vit_b_32_linear_head,d8_left,2676,2676,6,0.9619120359420776,6,6,True
clip_vit_b_32,clip_vit_b_32_linear_head,d8_left,2687,2687,1,0.984433650970459,1,1,True
clip_vit_b_32,clip_vit_b_32_linear_head,d8_left,2690,2690,1,0.9792202115058899,1,1,True
clip_vit_b_32,clip_vit_b_32_linear_head,d8_left,2704,2704,4,0.9947064518928528,4,4,True
clip_vit_b_32,clip_vit_b_32_linear_head,d8_left,2745,2745,8,0.9825864434242249,8,8,True
clip_vit_b_32,clip_vit_b_32_linear_head,d8_left,2746,2746,7,0.9776824712753296,7,7,True
clip_vit_b_32,clip_vit_b_32_linear_head,d8_left,2750,2750,0,0.9826345443725586,0,0,True
clip_vit_b_32,clip_vit_b_32_linear_head,d8_left,2754,2754,3,0.9912975430488586,3,3,True
clip_vit_b_32,clip_vit_b_32_linear_head,d8_left,2757,2757,4,0.9853655099868774,4,4,True
clip_vit_b_32,clip_vit_b_32_linear_head,d8_left,2766,2766,5,0.9689510464668274,5,5,True
clip_vit_b_32,clip_vit_b_32_linear_head,d8_left,2807,2807,5,0.9708219170570374,5,3,False
clip_vit_b_32,clip_vit_b_32_linear_head,d8_left,2844,2844,8,0.9865257143974304,8,8,True
clip_vit_b_32,clip_vit_b_32_linear_head,d8_left,2854,2854,7,0.983808159828186,7,7,True
clip_vit_b_32,clip_vit_b_32_linear_head,d8_left,2861,2861,3,0.983305811882019,3,3,True
clip_vit_b_32,clip_vit_b_32_linear_head,d8_left,2888,2888,0,0.9775267243385315,0,0,True
clip_vit_b_32,clip_vit_b_32_linear_head,d8_left,2898,2898,4,0.9881384968757629,4,4,True
clip_vit_b_32,clip_vit_b_32_linear_head,d8_left,2950,2950,5,0.9818229675292969,5,5,True
clip_vit_b_32,clip_vit_b_32_linear_head,d8_left,2958,2958,6,0.9929443597793579,6,6,True
clip_vit_b_32,clip_vit_b_32_linear_head,d8_left,3015,3015,8,0.9901258945465088,8,8,True
clip_vit_b_32,clip_vit_b_32_linear_head,d8_left,3024,3024,2,0.9886060953140259,2,2,True
clip_vit_b_32,clip_vit_b_32_linear_head,d8_left,3025,3025,0,0.9743410348892212,0,0,True
clip_vit_b_32,clip_vit_b_32_linear_head,d8_left,3034,3034,4,0.9890302419662476,4,4,True
clip_vit_b_32,clip_vit_b_32_linear_head,d8_left,3067,3067,2,0.980018138885498,2,2,True
clip_vit_b_32,clip_vit_b_32_linear_head,d8_left,3078,3078,4,0.9904099106788635,4,4,True
clip_vit_b_32,clip_vit_b_32_linear_head,d8_left,3079,3079,1,0.9884174466133118,1,1,True
clip_vit_b_32,clip_vit_b_32_linear_head,d8_left,3083,3083,0,0.9904654026031494,0,0,True
clip_vit_b_32,clip_vit_b_32_linear_head,d8_left,3122,3122,4,0.9809101819992065,4,4,True
clip_vit_b_32,clip_vit_b_32_linear_head,d8_left,3153,3153,7,0.9771032929420471,7,7,True
clip_vit_b_32,clip_vit_b_32_linear_head,d8_left,3157,3157,8,0.9872644543647766,8,8,True
clip_vit_b_32,clip_vit_b_32_linear_head,d8_left,3163,3163,2,0.9804092645645142,2,2,True
clip_vit_b_32,clip_vit_b_32_linear_head,d8_left,3179,3179,4,0.9886714816093445,4,4,True
clip_vit_b_32,clip_vit_b_32_linear_head,d8_left,3191,3191,6,0.9690391421318054,6,6,True
clip_vit_b_32,clip_vit_b_32_linear_head,d8_left,3276,3276,3,0.9760032892227173,7,7,True
clip_vit_b_32,clip_vit_b_32_linear_head,d8_left,3287,3287,4,0.990949273109436,4,4,True
clip_vit_b_32,clip_vit_b_32_linear_head,d8_left,3288,3288,7,0.9880722761154175,7,7,True
clip_vit_b_32,clip_vit_b_32_linear_head,d8_left,3292,3292,6,0.9426068067550659,6,6,True
clip_vit_b_32,clip_vit_b_32_linear_head,d8_left,3318,3318,9,0.9794837832450867,9,9,True
clip_vit_b_32,clip_vit_b_32_linear_head,d8_left,3347,3347,0,0.988800585269928,0,0,True
clip_vit_b_32,clip_vit_b_32_linear_head,d8_left,3353,3353,5,0.9824052453041077,5,5,True
clip_vit_b_32,clip_vit_b_32_linear_head,d8_left,3362,3362,2,0.9809917211532593,2,2,True
clip_vit_b_32,clip_vit_b_32_linear_head,d8_left,3365,3365,4,0.9844497442245483,4,4,True
clip_vit_b_32,clip_vit_b_32_linear_head,d8_left,3375,3375,3,0.9851516485214233,3,3,True
clip_vit_b_32,clip_vit_b_32_linear_head,d8_left,3383,3383,3,0.980408251285553,3,3,True
clip_vit_b_32,clip_vit_b_32_linear_head,d8_left,3404,3404,7,0.9934225082397461,7,7,True
clip_vit_b_32,clip_vit_b_32_linear_head,d8_left,3412,3412,8,0.9887548089027405,8,8,True
clip_vit_b_32,clip_vit_b_32_linear_head,d8_left,3413,3413,1,0.9888633489608765,1,1,True
clip_vit_b_32,clip_vit_b_32_linear_head,d8_left,3418,3418,6,0.9926401972770691,6,6,True
clip_vit_b_32,clip_vit_b_32_linear_head,d8_left,3437,3437,0,0.9456632733345032,0,0,True
clip_vit_b_32,clip_vit_b_32_linear_head,d8_left,3446,3446,7,0.9821526408195496,7,7,True
clip_vit_b_32,clip_vit_b_32_linear_head,d8_left,3454,3454,2,0.9691272974014282,2,2,True
clip_vit_b_32,clip_vit_b_32_linear_head,d8_left,3455,3455,0,0.989103376865387,0,0,True
clip_vit_b_32,clip_vit_b_32_linear_head,d8_left,3458,3458,4,0.9927760362625122,4,4,True
clip_vit_b_32,clip_vit_b_32_linear_head,d8_left,3467,3467,7,0.9705144166946411,7,7,True
clip_vit_b_32,clip_vit_b_32_linear_head,d8_left,3491,3491,1,0.9763305187225342,1,1,True
clip_vit_b_32,clip_vit_b_32_linear_head,d8_left,3494,3494,6,0.9836899638175964,6,6,True
clip_vit_b_32,clip_vit_b_32_linear_head,d8_left,3512,3512,4,0.990338921546936,4,4,True
clip_vit_b_32,clip_vit_b_32_linear_head,d8_left,3515,3515,6,0.9837303757667542,6,6,True
clip_vit_b_32,clip_vit_b_32_linear_head,d8_left,3542,3542,7,0.9936035871505737,7,7,True
clip_vit_b_32,clip_vit_b_32_linear_head,d8_left,3550,3550,1,0.9884416460990906,1,1,True
clip_vit_b_32,clip_vit_b_32_linear_head,d8_left,3562,3562,3,0.9798699617385864,3,3,True
clip_vit_b_32,clip_vit_b_32_linear_head,d8_left,3755,3755,2,0.9836357831954956,2,2,True
clip_vit_b_32,clip_vit_b_32_linear_head,d8_left,3763,3763,4,0.9873660802841187,4,4,True
clip_vit_b_32,clip_vit_b_32_linear_head,d8_left,3777,3777,6,0.9886221289634705,6,6,True
clip_vit_b_32,clip_vit_b_32_linear_head,d8_left,3778,3778,3,0.9786849021911621,3,3,True
clip_vit_b_32,clip_vit_b_32_linear_head,d8_left,3779,3779,6,0.9896948337554932,6,6,True
clip_vit_b_32,clip_vit_b_32_linear_head,d8_left,3844,3844,6,0.9819035530090332,6,6,True
clip_vit_b_32,clip_vit_b_32_linear_head,d8_left,3851,3851,3,0.9868722558021545,3,3,True
clip_vit_b_32,clip_vit_b_32_linear_head,d8_left,3852,3852,5,0.9767922759056091,5,5,True
clip_vit_b_32,clip_vit_b_32_linear_head,d8_left,3863,3863,5,0.98130863904953,5,5,True
clip_vit_b_32,clip_vit_b_32_linear_head,d8_left,3867,3867,7,0.9859674572944641,7,7,True
clip_vit_b_32,clip_vit_b_32_linear_head,d8_left,3876,3876,0,0.9680267572402954,0,0,True
clip_vit_b_32,clip_vit_b_32_linear_head,d8_left,3889,3889,5,0.9787522554397583,5,5,True
clip_vit_b_32,clip_vit_b_32_linear_head,d8_left,3891,3891,4,0.9911342859268188,4,4,True
clip_vit_b_32,clip_vit_b_32_linear_head,d8_left,3893,3893,9,0.976015567779541,9,9,True
clip_vit_b_32,clip_vit_b_32_linear_head,d8_left,3905,3905,8,0.9920598864555359,8,8,True
clip_vit_b_32,clip_vit_b_32_linear_head,d8_left,3914,3914,3,0.9925182461738586,3,3,True
clip_vit_b_32,clip_vit_b_32_linear_head,d8_left,3937,3937,1,0.9908176064491272,1,1,True
clip_vit_b_32,clip_vit_b_32_linear_head,d8_left,3942,3942,9,0.981350302696228,9,9,True
clip_vit_b_32,clip_vit_b_32_linear_head,d8_left,3948,3948,8,0.9837765693664551,8,8,True
clip_vit_b_32,clip_vit_b_32_linear_head,d8_left,3962,3962,6,0.987725019454956,6,6,True
clip_vit_b_32,clip_vit_b_32_linear_head,d8_left,3965,3965,0,0.9931886792182922,0,0,True
clip_vit_b_32,clip_vit_b_32_linear_head,d8_left,3994,3994,4,0.9773670434951782,4,4,True
clip_vit_b_32,clip_vit_b_32_linear_head,d8_left,3996,3996,9,0.9744450449943542,9,9,True
clip_vit_b_32,clip_vit_b_32_linear_head,d8_left,4011,4011,6,0.9768499732017517,6,6,True
clip_vit_b_32,clip_vit_b_32_linear_head,d8_left,4023,4023,3,0.9777768850326538,3,3,True
clip_vit_b_32,clip_vit_b_32_linear_head,d8_left,4054,4054,4,0.9880697131156921,4,4,True
clip_vit_b_32,clip_vit_b_32_linear_head,d8_left,4065,4065,2,0.9791669845581055,2,2,True
clip_vit_b_32,clip_vit_b_32_linear_head,d8_left,4069,4069,8,0.9780759811401367,8,8,True
clip_vit_b_32,clip_vit_b_32_linear_head,d8_left,4093,4093,6,0.9812216758728027,6,6,True
clip_vit_b_32,clip_vit_b_32_linear_head,d8_left,4094,4094,9,0.9737017750740051,9,9,True
clip_vit_b_32,clip_vit_b_32_linear_head,d8_left,4106,4106,5,0.9775295853614807,5,5,True
clip_vit_b_32,clip_vit_b_32_linear_head,d8_left,4130,4130,0,0.9920033812522888,0,0,True
clip_vit_b_32,clip_vit_b_32_linear_head,d8_left,4168,4168,3,0.9798933863639832,3,3,True
clip_vit_b_32,clip_vit_b_32_linear_head,d8_left,4170,4170,8,0.9886624217033386,8,8,True
clip_vit_b_32,clip_vit_b_32_linear_head,d8_left,4172,4172,7,0.9832059741020203,7,7,True
clip_vit_b_32,clip_vit_b_32_linear_head,d8_left,4177,4177,8,0.9788245558738708,8,8,True
clip_vit_b_32,clip_vit_b_32_linear_head,d8_left,4215,4215,3,0.9245064854621887,3,3,True
clip_vit_b_32,clip_vit_b_32_linear_head,d8_left,4229,4229,3,0.9801965951919556,3,3,True
clip_vit_b_32,clip_vit_b_32_linear_head,d8_left,4236,4236,7,0.9808549284934998,7,7,True
clip_vit_b_32,clip_vit_b_32_linear_head,d8_left,4242,4242,8,0.9883280992507935,8,8,True
clip_vit_b_32,clip_vit_b_32_linear_head,d8_left,4254,4254,6,0.9906498789787292,6,6,True
clip_vit_b_32,clip_vit_b_32_linear_head,d8_left,4290,4290,5,0.9769296050071716,4,4,True
clip_vit_b_32,clip_vit_b_32_linear_head,d8_left,4298,4298,1,0.9913250207901001,1,1,True
clip_vit_b_32,clip_vit_b_32_linear_head,d8_left,4308,4308,7,0.972474992275238,7,7,True
clip_vit_b_32,clip_vit_b_32_linear_head,d8_left,4311,4311,8,0.9930334687232971,8,8,True
clip_vit_b_32,clip_vit_b_32_linear_head,d8_left,4323,4323,3,0.9864445924758911,3,3,True
clip_vit_b_32,clip_vit_b_32_linear_head,d8_left,4330,4330,3,0.9809407591819763,3,3,True
clip_vit_b_32,clip_vit_b_32_linear_head,d8_left,4341,4341,6,0.9843320846557617,6,6,True
clip_vit_b_32,clip_vit_b_32_linear_head,d8_left,4355,4355,8,0.9625109434127808,8,8,True
clip_vit_b_32,clip_vit_b_32_linear_head,d8_left,4399,4399,0,0.9871211051940918,0,0,True
clip_vit_b_32,clip_vit_b_32_linear_head,d8_left,4403,4403,7,0.9873133897781372,7,7,True
clip_vit_b_32,clip_vit_b_32_linear_head,d8_left,4411,4411,6,0.9564169645309448,6,6,True
clip_vit_b_32,clip_vit_b_32_linear_head,d8_left,4449,4449,9,0.9654651284217834,9,9,True
clip_vit_b_32,clip_vit_b_32_linear_head,d8_left,4463,4463,3,0.955733060836792,3,3,True
clip_vit_b_32,clip_vit_b_32_linear_head,d8_left,4531,4531,3,0.9695265889167786,3,3,True
clip_vit_b_32,clip_vit_b_32_linear_head,d8_left,4539,4539,0,0.9901373982429504,0,0,True
clip_vit_b_32,clip_vit_b_32_linear_head,d8_left,4547,4547,5,0.9870123863220215,5,5,True
clip_vit_b_32,clip_vit_b_32_linear_head,d8_left,4552,4552,8,0.9814637899398804,8,8,True
clip_vit_b_32,clip_vit_b_32_linear_head,d8_left,4570,4570,5,0.9765408039093018,5,5,True
clip_vit_b_32,clip_vit_b_32_linear_head,d8_left,4590,4590,3,0.9812600016593933,3,3,True
clip_vit_b_32,clip_vit_b_32_linear_head,d8_left,4609,4609,3,0.9699691534042358,3,7,False
clip_vit_b_32,clip_vit_b_32_linear_head,d8_left,4615,4615,0,0.9841330647468567,0,0,True
clip_vit_b_32,clip_vit_b_32_linear_head,d8_left,4617,4617,0,0.9903621673583984,0,0,True
clip_vit_b_32,clip_vit_b_32_linear_head,d8_left,4620,4620,6,0.9792464971542358,6,6,True
clip_vit_b_32,clip_vit_b_32_linear_head,d8_left,4629,4629,4,0.9778135418891907,4,4,True
clip_vit_b_32,clip_vit_b_32_linear_head,d8_left,4640,4640,1,0.9669679999351501,1,1,True
clip_vit_b_32,clip_vit_b_32_linear_head,d8_left,4642,4642,4,0.9882484078407288,4,4,True
clip_vit_b_32,clip_vit_b_32_linear_head,d8_left,4661,4661,7,0.985852062702179,7,7,True
clip_vit_b_32,clip_vit_b_32_linear_head,d8_left,4662,4662,8,0.9861137270927429,8,8,True
clip_vit_b_32,clip_vit_b_32_linear_head,d8_left,4675,4675,0,0.9813617467880249,0,0,True
clip_vit_b_32,clip_vit_b_32_linear_head,d8_left,4676,4676,8,0.9909073114395142,8,8,True
clip_vit_b_32,clip_vit_b_32_linear_head,d8_left,4704,4704,7,0.9739376902580261,7,7,True
clip_vit_b_32,clip_vit_b_32_linear_head,d8_left,4723,4723,9,0.9908657670021057,9,9,True
clip_vit_b_32,clip_vit_b_32_linear_head,d8_left,4731,4731,6,0.9927970170974731,6,6,True
clip_vit_b_32,clip_vit_b_32_linear_head,d8_left,4735,4735,2,0.9840596914291382,2,2,True
clip_vit_b_32,clip_vit_b_32_linear_head,d8_left,4740,4740,4,0.989061176776886,4,4,True
clip_vit_b_32,clip_vit_b_32_linear_head,d8_left,4746,4746,6,0.9958085417747498,6,6,True
clip_vit_b_32,clip_vit_b_32_linear_head,d8_left,4748,4748,7,0.9862815141677856,7,7,True
clip_vit_b_32,clip_vit_b_32_linear_head,d8_left,4754,4754,6,0.9899742007255554,6,6,True
clip_vit_b_32,clip_vit_b_32_linear_head,d8_left,4785,4785,0,0.9647566676139832,0,0,True
clip_vit_b_32,clip_vit_b_32_linear_head,d8_left,4791,4791,7,0.995483934879303,7,7,True
clip_vit_b_32,clip_vit_b_32_linear_head,d8_left,4819,4819,0,0.9923808574676514,0,0,True
clip_vit_b_32,clip_vit_b_32_linear_head,d8_left,4821,4821,3,0.9737098813056946,3,3,True
clip_vit_b_32,clip_vit_b_32_linear_head,d8_left,4827,4827,6,0.9854140281677246,6,6,True
clip_vit_b_32,clip_vit_b_32_linear_head,d8_left,4850,4850,5,0.9850577712059021,5,5,True
clip_vit_b_32,clip_vit_b_32_linear_head,d8_left,4881,4881,3,0.9792665243148804,3,3,True
clip_vit_b_32,clip_vit_b_32_linear_head,d8_left,4893,4893,0,0.9887405633926392,0,0,True
clip_vit_b_32,clip_vit_b_32_linear_head,d8_left,4908,4908,3,0.9811308979988098,3,3,True
clip_vit_b_32,clip_vit_b_32_linear_head,d8_left,4913,4913,2,0.9768437147140503,2,2,True
clip_vit_b_32,clip_vit_b_32_linear_head,d8_left,4921,4921,2,0.9790732264518738,2,2,True
clip_vit_b_32,clip_vit_b_32_linear_head,d8_left,4953,4953,5,0.9823626279830933,5,5,True
clip_vit_b_32,clip_vit_b_32_linear_head,d8_left,4966,4966,5,0.9381982088088989,5,5,True
clip_vit_b_32,clip_vit_b_32_linear_head,d8_left,4990,4990,8,0.9913449287414551,8,8,True
clip_vit_b_32,clip_vit_b_32_linear_head,d8_left,5000,5000,8,0.9917081594467163,8,8,True
clip_vit_b_32,clip_vit_b_32_linear_head,d8_left,5030,5030,2,0.9789190292358398,2,2,True
clip_vit_b_32,clip_vit_b_32_linear_head,d8_left,5062,5062,4,0.9936090707778931,4,4,True
clip_vit_b_32,clip_vit_b_32_linear_head,d8_left,5077,5077,4,0.9875801801681519,4,4,True
clip_vit_b_32,clip_vit_b_32_linear_head,d8_left,5082,5082,6,0.9907944202423096,6,6,True
clip_vit_b_32,clip_vit_b_32_linear_head,d8_left,5092,5092,1,0.9779561758041382,1,1,True
clip_vit_b_32,clip_vit_b_32_linear_head,d8_left,5101,5101,5,0.990589439868927,5,5,True
clip_vit_b_32,clip_vit_b_32_linear_head,d8_left,5117,5117,0,0.9910574555397034,0,0,True
clip_vit_b_32,clip_vit_b_32_linear_head,d8_left,5123,5123,1,0.9871378540992737,1,1,True
clip_vit_b_32,clip_vit_b_32_linear_head,d8_left,5135,5135,4,0.9820530414581299,4,4,True
clip_vit_b_32,clip_vit_b_32_linear_head,d8_left,5183,5183,2,0.9784823060035706,2,2,True
clip_vit_b_32,clip_vit_b_32_linear_head,d8_left,5213,5213,4,0.990029513835907,4,4,True
clip_vit_b_32,clip_vit_b_32_linear_head,d8_left,5218,5218,2,0.9894707202911377,2,2,True
clip_vit_b_32,clip_vit_b_32_linear_head,d8_left,5220,5220,1,0.9360482692718506,7,7,True
clip_vit_b_32,clip_vit_b_32_linear_head,d8_left,5237,5237,2,0.9840197563171387,2,2,True
clip_vit_b_32,clip_vit_b_32_linear_head,d8_left,5256,5256,1,0.9837218523025513,1,1,True
clip_vit_b_32,clip_vit_b_32_linear_head,d8_left,5284,5284,9,0.970007061958313,9,9,True
clip_vit_b_32,clip_vit_b_32_linear_head,d8_left,5301,5301,9,0.9436959028244019,9,9,True
clip_vit_b_32,clip_vit_b_32_linear_head,d8_left,5318,5318,2,0.9666638374328613,2,2,True
clip_vit_b_32,clip_vit_b_32_linear_head,d8_left,5332,5332,5,0.9765850901603699,5,5,True
clip_vit_b_32,clip_vit_b_32_linear_head,d8_left,5333,5333,2,0.9747752547264099,2,2,True
clip_vit_b_32,clip_vit_b_32_linear_head,d8_left,5360,5360,9,0.9842828512191772,9,9,True
clip_vit_b_32,clip_vit_b_32_linear_head,d8_left,5381,5381,5,0.9708695411682129,5,5,True
clip_vit_b_32,clip_vit_b_32_linear_head,d8_left,5382,5382,6,0.9622727632522583,6,6,True
clip_vit_b_32,clip_vit_b_32_linear_head,d8_left,5395,5395,2,0.9677460193634033,2,2,True
clip_vit_b_32,clip_vit_b_32_linear_head,d8_left,5402,5402,4,0.9941505193710327,4,4,True
clip_vit_b_32,clip_vit_b_32_linear_head,d8_left,5408,5408,6,0.9867998361587524,6,6,True
clip_vit_b_32,clip_vit_b_32_linear_head,d8_left,5436,5436,7,0.9914507269859314,7,7,True
clip_vit_b_32,clip_vit_b_32_linear_head,d8_left,5447,5447,9,0.9881187677383423,9,9,True
clip_vit_b_32,clip_vit_b_32_linear_head,d8_left,5450,5450,7,0.9921286702156067,7,7,True
clip_vit_b_32,clip_vit_b_32_linear_head,d8_left,5451,5451,8,0.9857149124145508,8,8,True
clip_vit_b_32,clip_vit_b_32_linear_head,d8_left,5452,5452,9,0.9423651099205017,9,9,True
clip_vit_b_32,clip_vit_b_32_linear_head,d8_left,5467,5467,4,0.9873749017715454,4,4,True
clip_vit_b_32,clip_vit_b_32_linear_head,d8_left,5478,5478,0,0.9852745532989502,0,0,True
clip_vit_b_32,clip_vit_b_32_linear_head,d8_left,5488,5488,1,0.9687487483024597,1,1,True
clip_vit_b_32,clip_vit_b_32_linear_head,d8_left,5496,5496,5,0.9935285449028015,5,5,True
clip_vit_b_32,clip_vit_b_32_linear_head,d8_left,5508,5508,9,0.9787701368331909,9,9,True
clip_vit_b_32,clip_vit_b_32_linear_head,d8_left,5512,5512,2,0.9548520445823669,9,9,True
clip_vit_b_32,clip_vit_b_32_linear_head,d8_left,5525,5525,8,0.9841026663780212,8,8,True
clip_vit_b_32,clip_vit_b_32_linear_head,d8_left,5528,5528,3,0.9796022176742554,3,3,True
clip_vit_b_32,clip_vit_b_32_linear_head,d8_left,5556,5556,4,0.9930609464645386,4,4,True
clip_vit_b_32,clip_vit_b_32_linear_head,d8_left,5560,5560,1,0.9940075278282166,1,1,True
clip_vit_b_32,clip_vit_b_32_linear_head,d8_left,5572,5572,9,0.9873368740081787,9,9,True
clip_vit_b_32,clip_vit_b_32_linear_head,d8_left,5580,5580,6,0.9907969832420349,6,6,True
clip_vit_b_32,clip_vit_b_32_linear_head,d8_left,5590,5590,9,0.988464891910553,9,9,True
clip_vit_b_32,clip_vit_b_32_linear_head,d8_left,5623,5623,4,0.9792046546936035,4,4,True
clip_vit_b_32,clip_vit_b_32_linear_head,d8_left,5677,5677,2,0.9599989056587219,2,2,True
clip_vit_b_32,clip_vit_b_32_linear_head,d8_left,5694,5694,8,0.9827107191085815,8,8,True
clip_vit_b_32,clip_vit_b_32_linear_head,d8_left,5701,5701,5,0.9886855483055115,5,5,True
clip_vit_b_32,clip_vit_b_32_linear_head,d8_left,5705,5705,8,0.9922055006027222,8,8,True
clip_vit_b_32,clip_vit_b_32_linear_head,d8_left,5719,5719,7,0.9849745035171509,7,7,True
clip_vit_b_32,clip_vit_b_32_linear_head,d8_left,5729,5729,6,0.9814020395278931,6,6,True
clip_vit_b_32,clip_vit_b_32_linear_head,d8_left,5756,5756,2,0.9726463556289673,2,2,True
clip_vit_b_32,clip_vit_b_32_linear_head,d8_left,5788,5788,9,0.9838820695877075,9,9,True
clip_vit_b_32,clip_vit_b_32_linear_head,d8_left,5789,5789,4,0.9744443893432617,4,4,True
clip_vit_b_32,clip_vit_b_32_linear_head,d8_left,5824,5824,2,0.9406185746192932,2,2,True
clip_vit_b_32,clip_vit_b_32_linear_head,d8_left,5848,5848,7,0.9841906428337097,7,7,True
clip_vit_b_32,clip_vit_b_32_linear_head,d8_left,5851,5851,9,0.9912669658660889,9,9,True
clip_vit_b_32,clip_vit_b_32_linear_head,d8_left,5857,5857,6,0.9371235370635986,6,6,True
clip_vit_b_32,clip_vit_b_32_linear_head,d8_left,5858,5858,6,0.9840404987335205,6,6,True
clip_vit_b_32,clip_vit_b_32_linear_head,d8_left,5912,5912,0,0.9896076321601868,0,0,True
clip_vit_b_32,clip_vit_b_32_linear_head,d8_left,5915,5915,9,0.9822099208831787,9,9,True
clip_vit_b_32,clip_vit_b_32_linear_head,d8_left,5918,5918,0,0.9870690107345581,0,0,True
clip_vit_b_32,clip_vit_b_32_linear_head,d8_left,5924,5924,5,0.9902634620666504,5,6,False
clip_vit_b_32,clip_vit_b_32_linear_head,d8_left,5977,5977,7,0.9895498156547546,7,7,True
clip_vit_b_32,clip_vit_b_32_linear_head,d8_left,5981,5981,9,0.977372407913208,9,9,True
clip_vit_b_32,clip_vit_b_32_linear_head,d8_left,5999,5999,0,0.9713788628578186,0,0,True
clip_vit_b_32,clip_vit_b_32_linear_head,d8_left,6028,6028,2,0.9841199517250061,2,2,True
clip_vit_b_32,clip_vit_b_32_linear_head,d8_left,6033,6033,4,0.9847356677055359,4,4,True
clip_vit_b_32,clip_vit_b_32_linear_head,d8_left,6076,6076,1,0.9915242195129395,1,1,True
clip_vit_b_32,clip_vit_b_32_linear_head,d8_left,6084,6084,7,0.9871683716773987,7,7,True
clip_vit_b_32,clip_vit_b_32_linear_head,d8_left,6097,6097,4,0.9922518730163574,4,4,True
clip_vit_b_32,clip_vit_b_32_linear_head,d8_left,6169,6169,1,0.988226056098938,1,1,True
clip_vit_b_32,clip_vit_b_32_linear_head,d8_left,6190,6190,7,0.987967848777771,7,7,True
clip_vit_b_32,clip_vit_b_32_linear_head,d8_left,6224,6224,5,0.9897568821907043,5,5,True
clip_vit_b_32,clip_vit_b_32_linear_head,d8_left,6244,6244,2,0.9585545659065247,2,2,True
clip_vit_b_32,clip_vit_b_32_linear_head,d8_left,6264,6264,2,0.9562739133834839,2,2,True
clip_vit_b_32,clip_vit_b_32_linear_head,d8_left,6271,6271,2,0.9730465412139893,2,2,True
clip_vit_b_32,clip_vit_b_32_linear_head,d8_left,6288,6288,4,0.9773009419441223,4,4,True
clip_vit_b_32,clip_vit_b_32_linear_head,d8_left,6332,6332,2,0.9886767864227295,2,2,True
clip_vit_b_32,clip_vit_b_32_linear_head,d8_left,6349,6349,1,0.9874250888824463,1,1,True
clip_vit_b_32,clip_vit_b_32_linear_head,d8_left,6354,6354,2,0.9680742621421814,2,2,True
clip_vit_b_32,clip_vit_b_32_linear_head,d8_left,6358,6358,5,0.9545897841453552,5,5,True
clip_vit_b_32,clip_vit_b_32_linear_head,d8_left,6381,6381,6,0.9812517166137695,6,6,True
clip_vit_b_32,clip_vit_b_32_linear_head,d8_left,6414,6414,5,0.9709057211875916,5,5,True
clip_vit_b_32,clip_vit_b_32_linear_head,d8_left,6426,6426,2,0.9838853478431702,2,2,True
clip_vit_b_32,clip_vit_b_32_linear_head,d8_left,6434,6434,8,0.986007809638977,8,8,True
clip_vit_b_32,clip_vit_b_32_linear_head,d8_left,6437,6437,0,0.9889032244682312,0,0,True
clip_vit_b_32,clip_vit_b_32_linear_head,d8_left,6455,6455,0,0.9824894666671753,0,0,True
clip_vit_b_32,clip_vit_b_32_linear_head,d8_left,6490,6490,3,0.9845048785209656,3,3,True
clip_vit_b_32,clip_vit_b_32_linear_head,d8_left,6503,6503,2,0.9788684248924255,2,2,True
clip_vit_b_32,clip_vit_b_32_linear_head,d8_left,6508,6508,4,0.9908573627471924,4,4,True
clip_vit_b_32,clip_vit_b_32_linear_head,d8_left,6528,6528,4,0.9755988121032715,4,4,True
clip_vit_b_32,clip_vit_b_32_linear_head,d8_left,6594,6594,1,0.9928331971168518,1,1,True
clip_vit_b_32,clip_vit_b_32_linear_head,d8_left,6609,6609,0,0.9860435724258423,0,0,True
clip_vit_b_32,clip_vit_b_32_linear_head,d8_left,6616,6616,2,0.9848572015762329,2,2,True
clip_vit_b_32,clip_vit_b_32_linear_head,d8_left,6650,6650,7,0.965214192867279,7,7,True
clip_vit_b_32,clip_vit_b_32_linear_head,d8_left,6689,6689,8,0.9879024028778076,8,8,True
clip_vit_b_32,clip_vit_b_32_linear_head,d8_left,6692,6692,2,0.9896953105926514,2,2,True
clip_vit_b_32,clip_vit_b_32_linear_head,d8_left,6713,6713,6,0.9798790216445923,6,6,True
clip_vit_b_32,clip_vit_b_32_linear_head,d8_left,6716,6716,5,0.9787967801094055,5,5,True
clip_vit_b_32,clip_vit_b_32_linear_head,d8_left,6726,6726,7,0.9506077766418457,7,7,True
clip_vit_b_32,clip_vit_b_32_linear_head,d8_left,6733,6733,1,0.9958180785179138,1,1,True
clip_vit_b_32,clip_vit_b_32_linear_head,d8_left,6772,6772,7,0.9843617081642151,7,7,True
clip_vit_b_32,clip_vit_b_32_linear_head,d8_left,6805,6805,1,0.9897528886795044,1,1,True
clip_vit_b_32,clip_vit_b_32_linear_head,d8_left,6836,6836,1,0.9784738421440125,1,1,True
clip_vit_b_32,clip_vit_b_32_linear_head,d8_left,6844,6844,0,0.98454749584198,0,0,True
clip_vit_b_32,clip_vit_b_32_linear_head,d8_left,6922,6922,5,0.9605879783630371,5,5,True
clip_vit_b_32,clip_vit_b_32_linear_head,d8_left,6931,6931,9,0.9787238836288452,9,9,True
clip_vit_b_32,clip_vit_b_32_linear_head,d8_left,6938,6938,1,0.9902758002281189,1,1,True
clip_vit_b_32,clip_vit_b_32_linear_head,d8_left,6952,6952,3,0.9867464303970337,3,3,True
clip_vit_b_32,clip_vit_b_32_linear_head,d8_left,6954,6954,1,0.9911978840827942,1,1,True
clip_vit_b_32,clip_vit_b_32_linear_head,d8_left,6986,6986,0,0.98429274559021,0,0,True
clip_vit_b_32,clip_vit_b_32_linear_head,d8_left,6989,6989,5,0.9593918323516846,5,5,True
clip_vit_b_32,clip_vit_b_32_linear_head,d8_left,7009,7009,0,0.9670332670211792,0,0,True
clip_vit_b_32,clip_vit_b_32_linear_head,d8_left,7029,7029,1,0.9901836514472961,1,1,True
clip_vit_b_32,clip_vit_b_32_linear_head,d8_left,7033,7033,1,0.9780030846595764,1,1,True
clip_vit_b_32,clip_vit_b_32_linear_head,d8_left,7041,7041,5,0.9373427629470825,5,5,True
clip_vit_b_32,clip_vit_b_32_linear_head,d8_left,7047,7047,9,0.9787154197692871,9,9,True
clip_vit_b_32,clip_vit_b_32_linear_head,d8_left,7081,7081,7,0.9870853424072266,7,7,True
clip_vit_b_32,clip_vit_b_32_linear_head,d8_left,7084,7084,2,0.98247230052948,2,2,True
clip_vit_b_32,clip_vit_b_32_linear_head,d8_left,7108,7108,6,0.9842267632484436,6,6,True
clip_vit_b_32,clip_vit_b_32_linear_head,d8_left,7130,7130,5,0.9897190928459167,5,5,True
clip_vit_b_32,clip_vit_b_32_linear_head,d8_left,7138,7138,8,0.9897761940956116,8,8,True
clip_vit_b_32,clip_vit_b_32_linear_head,d8_left,7150,7150,0,0.98479825258255,0,0,True
clip_vit_b_32,clip_vit_b_32_linear_head,d8_left,7202,7202,1,0.9896451234817505,1,1,True
clip_vit_b_32,clip_vit_b_32_linear_head,d8_left,7262,7262,0,0.985327959060669,0,0,True
clip_vit_b_32,clip_vit_b_32_linear_head,d8_left,7266,7266,9,0.9782291650772095,9,9,True
clip_vit_b_32,clip_vit_b_32_linear_head,d8_left,7270,7270,7,0.9735837578773499,7,7,True
clip_vit_b_32,clip_vit_b_32_linear_head,d8_left,7309,7309,0,0.985029935836792,0,0,True
clip_vit_b_32,clip_vit_b_32_linear_head,d8_left,7320,7320,0,0.9731892347335815,0,0,True
clip_vit_b_32,clip_vit_b_32_linear_head,d8_left,7338,7338,6,0.9779917001724243,6,6,True
clip_vit_b_32,clip_vit_b_32_linear_head,d8_left,7372,7372,0,0.9874441623687744,0,0,True
clip_vit_b_32,clip_vit_b_32_linear_head,d8_left,7373,7373,0,0.9881265163421631,0,0,True
clip_vit_b_32,clip_vit_b_32_linear_head,d8_left,7380,7380,9,0.9930263757705688,9,9,True
clip_vit_b_32,clip_vit_b_32_linear_head,d8_left,7390,7390,1,0.98808354139328,1,1,True
clip_vit_b_32,clip_vit_b_32_linear_head,d8_left,7413,7413,5,0.9878778457641602,3,3,True
clip_vit_b_32,clip_vit_b_32_linear_head,d8_left,7416,7416,3,0.9841463565826416,3,3,True
clip_vit_b_32,clip_vit_b_32_linear_head,d8_left,7425,7425,2,0.981583833694458,2,2,True
clip_vit_b_32,clip_vit_b_32_linear_head,d8_left,7446,7446,8,0.9764758348464966,8,8,True
clip_vit_b_32,clip_vit_b_32_linear_head,d8_left,7460,7460,8,0.9928513765335083,8,8,True
clip_vit_b_32,clip_vit_b_32_linear_head,d8_left,7465,7465,0,0.9813367128372192,0,0,True
clip_vit_b_32,clip_vit_b_32_linear_head,d8_left,7474,7474,5,0.9910570979118347,5,5,True
clip_vit_b_32,clip_vit_b_32_linear_head,d8_left,7475,7475,4,0.9858675003051758,4,4,True
clip_vit_b_32,clip_vit_b_32_linear_head,d8_left,7476,7476,8,0.9795263409614563,8,8,True
clip_vit_b_32,clip_vit_b_32_linear_head,d8_left,7544,7544,9,0.9825645685195923,9,9,True
clip_vit_b_32,clip_vit_b_32_linear_head,d8_left,7555,7555,6,0.9785365462303162,6,6,True
clip_vit_b_32,clip_vit_b_32_linear_head,d8_left,7600,7600,6,0.9953321814537048,6,6,True
clip_vit_b_32,clip_vit_b_32_linear_head,d8_left,7610,7610,4,0.9885250926017761,4,4,True
clip_vit_b_32,clip_vit_b_32_linear_head,d8_left,7634,7634,0,0.9927756190299988,0,0,True
clip_vit_b_32,clip_vit_b_32_linear_head,d8_left,7692,7692,4,0.9796258211135864,4,4,True
clip_vit_b_32,clip_vit_b_32_linear_head,d8_left,7706,7706,5,0.9829387068748474,5,5,True
clip_vit_b_32,clip_vit_b_32_linear_head,d8_left,7726,7726,6,0.9821268320083618,6,6,True
clip_vit_b_32,clip_vit_b_32_linear_head,d8_left,7744,7744,3,0.974765419960022,3,3,True
clip_vit_b_32,clip_vit_b_32_linear_head,d8_left,7752,7752,9,0.9910290241241455,9,9,True
clip_vit_b_32,clip_vit_b_32_linear_head,d8_left,7776,7776,5,0.9595163464546204,5,5,True
clip_vit_b_32,clip_vit_b_32_linear_head,d8_left,7779,7779,6,0.9653368592262268,6,6,True
clip_vit_b_32,clip_vit_b_32_linear_head,d8_left,7781,7781,6,0.9885504841804504,6,6,True
clip_vit_b_32,clip_vit_b_32_linear_head,d8_left,7793,7793,3,0.985971212387085,3,3,True
clip_vit_b_32,clip_vit_b_32_linear_head,d8_left,7797,7797,3,0.9865128397941589,3,3,True
clip_vit_b_32,clip_vit_b_32_linear_head,d8_left,7810,7810,8,0.9893682599067688,8,8,True
clip_vit_b_32,clip_vit_b_32_linear_head,d8_left,7818,7818,8,0.9817595481872559,8,8,True
clip_vit_b_32,clip_vit_b_32_linear_head,d8_left,7835,7835,7,0.970402181148529,7,7,True
clip_vit_b_32,clip_vit_b_32_linear_head,d8_left,7864,7864,4,0.991782546043396,4,4,True
clip_vit_b_32,clip_vit_b_32_linear_head,d8_left,7875,7875,8,0.9890572428703308,8,8,True
clip_vit_b_32,clip_vit_b_32_linear_head,d8_left,7938,7938,9,0.9806000590324402,9,9,True
clip_vit_b_32,clip_vit_b_32_linear_head,d8_left,7940,7940,4,0.9661860466003418,4,4,True
clip_vit_b_32,clip_vit_b_32_linear_head,d8_left,7944,7944,4,0.9748146533966064,4,4,True
clip_vit_b_32,clip_vit_b_32_linear_head,d8_left,7955,7955,1,0.9877925515174866,1,1,True
clip_vit_b_32,clip_vit_b_32_linear_head,d8_left,7995,7995,9,0.9671487808227539,9,9,True
clip_vit_b_32,clip_vit_b_32_linear_head,d8_left,7996,7996,6,0.9799352288246155,6,6,True
clip_vit_b_32,clip_vit_b_32_linear_head,d8_left,7999,7999,8,0.9867206811904907,8,8,True
clip_vit_b_32,clip_vit_b_32_linear_head,d8_right,3,3,0,0.9349408149719238,0,0,True
clip_vit_b_32,clip_vit_b_32_linear_head,d8_right,29,29,7,0.9822342991828918,7,7,True
clip_vit_b_32,clip_vit_b_32_linear_head,d8_right,35,35,2,0.9677007794380188,2,2,True
clip_vit_b_32,clip_vit_b_32_linear_head,d8_right,42,42,0,0.9744921922683716,0,0,True
clip_vit_b_32,clip_vit_b_32_linear_head,d8_right,49,49,2,0.9782097935676575,2,2,True
clip_vit_b_32,clip_vit_b_32_linear_head,d8_right,81,81,0,0.9776535630226135,0,0,True
clip_vit_b_32,clip_vit_b_32_linear_head,d8_right,95,95,1,0.9911184310913086,1,1,True
clip_vit_b_32,clip_vit_b_32_linear_head,d8_right,97,97,5,0.9874714016914368,5,5,True
clip_vit_b_32,clip_vit_b_32_linear_head,d8_right,116,116,1,0.9686440229415894,1,1,True
clip_vit_b_32,clip_vit_b_32_linear_head,d8_right,131,131,9,0.978341817855835,9,9,True
clip_vit_b_32,clip_vit_b_32_linear_head,d8_right,151,151,8,0.992680013179779,8,8,True
clip_vit_b_32,clip_vit_b_32_linear_head,d8_right,171,171,4,0.9851681590080261,4,4,True
clip_vit_b_32,clip_vit_b_32_linear_head,d8_right,176,176,3,0.9767972826957703,3,3,True
clip_vit_b_32,clip_vit_b_32_linear_head,d8_right,191,191,9,0.9170477390289307,2,2,True
clip_vit_b_32,clip_vit_b_32_linear_head,d8_right,194,194,8,0.9837908744812012,8,8,True
clip_vit_b_32,clip_vit_b_32_linear_head,d8_right,198,198,1,0.9875734448432922,1,1,True
clip_vit_b_32,clip_vit_b_32_linear_head,d8_right,239,239,9,0.9758528470993042,9,9,True
clip_vit_b_32,clip_vit_b_32_linear_head,d8_right,261,261,1,0.9914191961288452,1,1,True
clip_vit_b_32,clip_vit_b_32_linear_head,d8_right,269,269,7,0.9663794636726379,7,7,True
clip_vit_b_32,clip_vit_b_32_linear_head,d8_right,276,276,9,0.9572789669036865,9,9,True
clip_vit_b_32,clip_vit_b_32_linear_head,d8_right,303,303,9,0.992920994758606,9,9,True
clip_vit_b_32,clip_vit_b_32_linear_head,d8_right,304,304,1,0.9671172499656677,1,1,True
clip_vit_b_32,clip_vit_b_32_linear_head,d8_right,317,317,2,0.9790343642234802,2,2,True
clip_vit_b_32,clip_vit_b_32_linear_head,d8_right,319,319,5,0.9786322116851807,5,5,True
clip_vit_b_32,clip_vit_b_32_linear_head,d8_right,323,323,7,0.9803158640861511,7,7,True
clip_vit_b_32,clip_vit_b_32_linear_head,d8_right,365,365,3,0.9786595702171326,3,3,True
clip_vit_b_32,clip_vit_b_32_linear_head,d8_right,370,370,7,0.9923667907714844,7,7,True
clip_vit_b_32,clip_vit_b_32_linear_head,d8_right,372,372,3,0.9700980186462402,3,3,True
clip_vit_b_32,clip_vit_b_32_linear_head,d8_right,378,378,5,0.9791447520256042,5,5,True
clip_vit_b_32,clip_vit_b_32_linear_head,d8_right,391,391,3,0.9755087494850159,3,3,True
clip_vit_b_32,clip_vit_b_32_linear_head,d8_right,409,409,2,0.9795609712600708,2,2,True
clip_vit_b_32,clip_vit_b_32_linear_head,d8_right,419,419,9,0.9711989760398865,9,9,True
clip_vit_b_32,clip_vit_b_32_linear_head,d8_right,449,449,6,0.9802982211112976,6,6,True
clip_vit_b_32,clip_vit_b_32_linear_head,d8_right,470,470,2,0.9853825569152832,2,2,True
clip_vit_b_32,clip_vit_b_32_linear_head,d8_right,483,483,2,0.9706764221191406,2,2,True
clip_vit_b_32,clip_vit_b_32_linear_head,d8_right,484,484,0,0.991988480091095,0,0,True
clip_vit_b_32,clip_vit_b_32_linear_head,d8_right,506,506,4,0.9892896413803101,4,4,True
clip_vit_b_32,clip_vit_b_32_linear_head,d8_right,545,545,6,0.96357661485672,6,6,True
clip_vit_b_32,clip_vit_b_32_linear_head,d8_right,562,562,0,0.9836105108261108,0,0,True
clip_vit_b_32,clip_vit_b_32_linear_head,d8_right,568,568,5,0.9919525384902954,5,5,True
clip_vit_b_32,clip_vit_b_32_linear_head,d8_right,603,603,9,0.9754116535186768,9,9,True
clip_vit_b_32,clip_vit_b_32_linear_head,d8_right,632,632,3,0.9874889850616455,3,3,True
clip_vit_b_32,clip_vit_b_32_linear_head,d8_right,645,645,5,0.9810559749603271,5,5,True
clip_vit_b_32,clip_vit_b_32_linear_head,d8_right,667,667,8,0.9871637225151062,8,8,True
clip_vit_b_32,clip_vit_b_32_linear_head,d8_right,672,672,3,0.9824201464653015,3,3,True
clip_vit_b_32,clip_vit_b_32_linear_head,d8_right,677,677,3,0.9817476868629456,3,3,True
clip_vit_b_32,clip_vit_b_32_linear_head,d8_right,685,685,5,0.9945812225341797,5,5,True
clip_vit_b_32,clip_vit_b_32_linear_head,d8_right,691,691,4,0.9929871559143066,4,4,True
clip_vit_b_32,clip_vit_b_32_linear_head,d8_right,706,706,8,0.9806720614433289,8,8,True
clip_vit_b_32,clip_vit_b_32_linear_head,d8_right,714,714,2,0.9570671916007996,2,2,True
clip_vit_b_32,clip_vit_b_32_linear_head,d8_right,716,716,8,0.9970346093177795,8,8,True
clip_vit_b_32,clip_vit_b_32_linear_head,d8_right,738,738,3,0.9646835327148438,3,3,True
clip_vit_b_32,clip_vit_b_32_linear_head,d8_right,739,739,8,0.9925159215927124,8,8,True
clip_vit_b_32,clip_vit_b_32_linear_head,d8_right,766,766,4,0.9783961772918701,6,6,True
clip_vit_b_32,clip_vit_b_32_linear_head,d8_right,791,791,3,0.9956064224243164,3,3,True
clip_vit_b_32,clip_vit_b_32_linear_head,d8_right,805,805,9,0.9862889051437378,9,9,True
clip_vit_b_32,clip_vit_b_32_linear_head,d8_right,825,825,1,0.9936946630477905,1,1,True
clip_vit_b_32,clip_vit_b_32_linear_head,d8_right,852,852,9,0.977393627166748,9,9,True
clip_vit_b_32,clip_vit_b_32_linear_head,d8_right,855,855,4,0.9841574430465698,4,4,True
clip_vit_b_32,clip_vit_b_32_linear_head,d8_right,873,873,6,0.9876285195350647,6,6,True
clip_vit_b_32,clip_vit_b_32_linear_head,d8_right,890,890,6,0.9880193471908569,6,6,True
clip_vit_b_32,clip_vit_b_32_linear_head,d8_right,920,920,6,0.9856424331665039,6,6,True
clip_vit_b_32,clip_vit_b_32_linear_head,d8_right,929,929,6,0.9870700240135193,6,6,True
clip_vit_b_32,clip_vit_b_32_linear_head,d8_right,962,962,8,0.9884805679321289,8,8,True
clip_vit_b_32,clip_vit_b_32_linear_head,d8_right,964,964,6,0.9814128279685974,6,6,True
clip_vit_b_32,clip_vit_b_32_linear_head,d8_right,977,977,6,0.9864089488983154,6,6,True
clip_vit_b_32,clip_vit_b_32_linear_head,d8_right,979,979,3,0.9955724477767944,3,3,True
clip_vit_b_32,clip_vit_b_32_linear_head,d8_right,981,981,2,0.98031085729599,2,2,True
clip_vit_b_32,clip_vit_b_32_linear_head,d8_right,1022,1022,9,0.9642536044120789,9,9,True
clip_vit_b_32,clip_vit_b_32_linear_head,d8_right,1032,1032,7,0.982309877872467,7,7,True
clip_vit_b_32,clip_vit_b_32_linear_head,d8_right,1048,1048,7,0.9760500192642212,7,7,True
clip_vit_b_32,clip_vit_b_32_linear_head,d8_right,1090,1090,1,0.9908736944198608,1,1,True
clip_vit_b_32,clip_vit_b_32_linear_head,d8_right,1095,1095,5,0.9852488040924072,5,5,True
clip_vit_b_32,clip_vit_b_32_linear_head,d8_right,1109,1109,1,0.9808598160743713,1,1,True
clip_vit_b_32,clip_vit_b_32_linear_head,d8_right,1111,1111,4,0.988990843296051,4,4,True
clip_vit_b_32,clip_vit_b_32_linear_head,d8_right,1115,1115,1,0.9633107781410217,1,1,True
clip_vit_b_32,clip_vit_b_32_linear_head,d8_right,1124,1124,4,0.9923930764198303,4,4,True
clip_vit_b_32,clip_vit_b_32_linear_head,d8_right,1129,1129,8,0.9910598397254944,8,8,True
clip_vit_b_32,clip_vit_b_32_linear_head,d8_right,1175,1175,0,0.9642555117607117,0,0,True
clip_vit_b_32,clip_vit_b_32_linear_head,d8_right,1202,1202,2,0.9667119979858398,2,2,True
clip_vit_b_32,clip_vit_b_32_linear_head,d8_right,1204,1204,3,0.9775686264038086,3,3,True
clip_vit_b_32,clip_vit_b_32_linear_head,d8_right,1211,1211,4,0.9853520393371582,4,4,True
clip_vit_b_32,clip_vit_b_32_linear_head,d8_right,1220,1220,7,0.9845781922340393,7,7,True
clip_vit_b_32,clip_vit_b_32_linear_head,d8_right,1230,1230,1,0.9776957631111145,1,7,False
clip_vit_b_32,clip_vit_b_32_linear_head,d8_right,1247,1247,8,0.98872971534729,8,8,True
clip_vit_b_32,clip_vit_b_32_linear_head,d8_right,1263,1263,3,0.9802542924880981,3,3,True
clip_vit_b_32,clip_vit_b_32_linear_head,d8_right,1266,1266,4,0.9884814620018005,4,4,True
clip_vit_b_32,clip_vit_b_32_linear_head,d8_right,1287,1287,7,0.9740567207336426,7,7,True
clip_vit_b_32,clip_vit_b_32_linear_head,d8_right,1296,1296,7,0.9780675768852234,7,7,True
clip_vit_b_32,clip_vit_b_32_linear_head,d8_right,1370,1370,3,0.9591571688652039,3,3,True
clip_vit_b_32,clip_vit_b_32_linear_head,d8_right,1389,1389,0,0.9823698401451111,0,0,True
clip_vit_b_32,clip_vit_b_32_linear_head,d8_right,1401,1401,3,0.9812250137329102,3,3,True
clip_vit_b_32,clip_vit_b_32_linear_head,d8_right,1403,1403,2,0.9648106098175049,2,2,True
clip_vit_b_32,clip_vit_b_32_linear_head,d8_right,1411,1411,9,0.9906789064407349,9,9,True
clip_vit_b_32,clip_vit_b_32_linear_head,d8_right,1429,1429,4,0.9557318687438965,4,4,True
clip_vit_b_32,clip_vit_b_32_linear_head,d8_right,1430,1430,9,0.9735262989997864,9,9,True
clip_vit_b_32,clip_vit_b_32_linear_head,d8_right,1431,1431,3,0.980244517326355,3,3,True
clip_vit_b_32,clip_vit_b_32_linear_head,d8_right,1436,1436,1,0.9859374165534973,1,1,True
clip_vit_b_32,clip_vit_b_32_linear_head,d8_right,1440,1440,7,0.9824831485748291,7,7,True
clip_vit_b_32,clip_vit_b_32_linear_head,d8_right,1468,1468,9,0.9814355373382568,9,9,True
clip_vit_b_32,clip_vit_b_32_linear_head,d8_right,1473,1473,7,0.9873670339584351,7,7,True
clip_vit_b_32,clip_vit_b_32_linear_head,d8_right,1515,1515,9,0.9722495079040527,9,9,True
clip_vit_b_32,clip_vit_b_32_linear_head,d8_right,1520,1520,2,0.9728334546089172,2,2,True
clip_vit_b_32,clip_vit_b_32_linear_head,d8_right,1531,1531,3,0.981502890586853,3,4,False
clip_vit_b_32,clip_vit_b_32_linear_head,d8_right,1534,1534,6,0.9710178375244141,6,6,True
clip_vit_b_32,clip_vit_b_32_linear_head,d8_right,1552,1552,5,0.974489152431488,5,5,True
clip_vit_b_32,clip_vit_b_32_linear_head,d8_right,1553,1553,0,0.9740158915519714,0,0,True
clip_vit_b_32,clip_vit_b_32_linear_head,d8_right,1563,1563,3,0.9869078993797302,7,7,True
clip_vit_b_32,clip_vit_b_32_linear_head,d8_right,1568,1568,1,0.9885654449462891,1,1,True
clip_vit_b_32,clip_vit_b_32_linear_head,d8_right,1579,1579,7,0.9878883957862854,7,7,True
clip_vit_b_32,clip_vit_b_32_linear_head,d8_right,1586,1586,2,0.9670349359512329,2,2,True
clip_vit_b_32,clip_vit_b_32_linear_head,d8_right,1596,1596,0,0.9896734356880188,0,0,True
clip_vit_b_32,clip_vit_b_32_linear_head,d8_right,1626,1626,5,0.9853966236114502,5,5,True
clip_vit_b_32,clip_vit_b_32_linear_head,d8_right,1640,1640,8,0.992246150970459,8,8,True
clip_vit_b_32,clip_vit_b_32_linear_head,d8_right,1644,1644,5,0.9856099486351013,5,5,True
clip_vit_b_32,clip_vit_b_32_linear_head,d8_right,1648,1648,0,0.9553192853927612,0,0,True
clip_vit_b_32,clip_vit_b_32_linear_head,d8_right,1654,1654,9,0.9751028418540955,9,9,True
clip_vit_b_32,clip_vit_b_32_linear_head,d8_right,1667,1667,6,0.9865788221359253,6,6,True
clip_vit_b_32,clip_vit_b_32_linear_head,d8_right,1703,1703,7,0.984753429889679,7,7,True
clip_vit_b_32,clip_vit_b_32_linear_head,d8_right,1711,1711,7,0.9884287714958191,7,7,True
clip_vit_b_32,clip_vit_b_32_linear_head,d8_right,1771,1771,7,0.9749549031257629,7,7,True
clip_vit_b_32,clip_vit_b_32_linear_head,d8_right,1783,1783,8,0.9875431656837463,8,8,True
clip_vit_b_32,clip_vit_b_32_linear_head,d8_right,1814,1814,2,0.9700807929039001,2,2,True
clip_vit_b_32,clip_vit_b_32_linear_head,d8_right,1833,1833,8,0.9939819574356079,8,8,True
clip_vit_b_32,clip_vit_b_32_linear_head,d8_right,1836,1836,9,0.9841055274009705,9,9,True
clip_vit_b_32,clip_vit_b_32_linear_head,d8_right,1839,1839,2,0.9866288304328918,2,2,True
clip_vit_b_32,clip_vit_b_32_linear_head,d8_right,1852,1852,1,0.9819026589393616,1,1,True
clip_vit_b_32,clip_vit_b_32_linear_head,d8_right,1871,1871,1,0.9956040978431702,1,1,True
clip_vit_b_32,clip_vit_b_32_linear_head,d8_right,1877,1877,5,0.9623537063598633,5,5,True
clip_vit_b_32,clip_vit_b_32_linear_head,d8_right,1884,1884,7,0.9752051830291748,7,7,True
clip_vit_b_32,clip_vit_b_32_linear_head,d8_right,1927,1927,7,0.9787313938140869,7,7,True
clip_vit_b_32,clip_vit_b_32_linear_head,d8_right,1954,1954,8,0.9804710745811462,8,8,True
clip_vit_b_32,clip_vit_b_32_linear_head,d8_right,1956,1956,7,0.982948899269104,7,7,True
clip_vit_b_32,clip_vit_b_32_linear_head,d8_right,1960,1960,4,0.9892529845237732,4,4,True
clip_vit_b_32,clip_vit_b_32_linear_head,d8_right,1977,1977,0,0.9884212017059326,0,0,True
clip_vit_b_32,clip_vit_b_32_linear_head,d8_right,1986,1986,1,0.9933929443359375,1,1,True
clip_vit_b_32,clip_vit_b_32_linear_head,d8_right,1993,1993,1,0.9878999590873718,1,1,True
clip_vit_b_32,clip_vit_b_32_linear_head,d8_right,2003,2003,6,0.9770539402961731,6,6,True
clip_vit_b_32,clip_vit_b_32_linear_head,d8_right,2011,2011,9,0.9385565519332886,9,9,True
clip_vit_b_32,clip_vit_b_32_linear_head,d8_right,2024,2024,0,0.9894270896911621,0,0,True
clip_vit_b_32,clip_vit_b_32_linear_head,d8_right,2028,2028,3,0.97004234790802,3,3,True
clip_vit_b_32,clip_vit_b_32_linear_head,d8_right,2062,2062,9,0.9884748458862305,9,9,True
clip_vit_b_32,clip_vit_b_32_linear_head,d8_right,2070,2070,1,0.9796106815338135,1,1,True
clip_vit_b_32,clip_vit_b_32_linear_head,d8_right,2082,2082,2,0.9757147431373596,2,2,True
clip_vit_b_32,clip_vit_b_32_linear_head,d8_right,2095,2095,1,0.9925630688667297,1,1,True
clip_vit_b_32,clip_vit_b_32_linear_head,d8_right,2109,2109,8,0.9877010583877563,8,8,True
clip_vit_b_32,clip_vit_b_32_linear_head,d8_right,2114,2114,9,0.99393630027771,9,9,True
clip_vit_b_32,clip_vit_b_32_linear_head,d8_right,2116,2116,1,0.99162358045578,1,1,True
clip_vit_b_32,clip_vit_b_32_linear_head,d8_right,2157,2157,1,0.9803702235221863,1,1,True
clip_vit_b_32,clip_vit_b_32_linear_head,d8_right,2167,2167,9,0.976812481880188,9,9,True
clip_vit_b_32,clip_vit_b_32_linear_head,d8_right,2178,2178,1,0.9890214800834656,1,1,True
clip_vit_b_32,clip_vit_b_32_linear_head,d8_right,2191,2191,8,0.9924620389938354,8,8,True
clip_vit_b_32,clip_vit_b_32_linear_head,d8_right,2230,2230,8,0.9724385738372803,8,8,True
clip_vit_b_32,clip_vit_b_32_linear_head,d8_right,2242,2242,0,0.9866998195648193,0,0,True
clip_vit_b_32,clip_vit_b_32_linear_head,d8_right,2265,2265,5,0.9873918890953064,5,5,True
clip_vit_b_32,clip_vit_b_32_linear_head,d8_right,2268,2268,5,0.9810088872909546,5,5,True
clip_vit_b_32,clip_vit_b_32_linear_head,d8_right,2291,2291,3,0.9835315346717834,3,3,True
clip_vit_b_32,clip_vit_b_32_linear_head,d8_right,2334,2334,5,0.9886140823364258,5,5,True
clip_vit_b_32,clip_vit_b_32_linear_head,d8_right,2340,2340,8,0.9906342625617981,8,8,True
clip_vit_b_32,clip_vit_b_32_linear_head,d8_right,2342,2342,8,0.9874024391174316,8,8,True
clip_vit_b_32,clip_vit_b_32_linear_head,d8_right,2351,2351,9,0.9732353091239929,9,9,True
clip_vit_b_32,clip_vit_b_32_linear_head,d8_right,2391,2391,5,0.9591811895370483,5,5,True
clip_vit_b_32,clip_vit_b_32_linear_head,d8_right,2392,2392,2,0.9827595353126526,2,2,True
clip_vit_b_32,clip_vit_b_32_linear_head,d8_right,2399,2399,4,0.991801381111145,4,4,True
clip_vit_b_32,clip_vit_b_32_linear_head,d8_right,2414,2414,9,0.9904675483703613,9,9,True
clip_vit_b_32,clip_vit_b_32_linear_head,d8_right,2427,2427,5,0.9883460402488708,5,5,True
clip_vit_b_32,clip_vit_b_32_linear_head,d8_right,2458,2458,5,0.9910017251968384,5,5,True
clip_vit_b_32,clip_vit_b_32_linear_head,d8_right,2501,2501,7,0.975375235080719,7,7,True
clip_vit_b_32,clip_vit_b_32_linear_head,d8_right,2502,2502,2,0.973112165927887,2,2,True
clip_vit_b_32,clip_vit_b_32_linear_head,d8_right,2536,2536,3,0.9821590185165405,3,3,True
clip_vit_b_32,clip_vit_b_32_linear_head,d8_right,2539,2539,3,0.9761108756065369,3,3,True
clip_vit_b_32,clip_vit_b_32_linear_head,d8_right,2610,2610,6,0.9850539565086365,6,6,True
clip_vit_b_32,clip_vit_b_32_linear_head,d8_right,2623,2623,5,0.9803213477134705,5,5,True
clip_vit_b_32,clip_vit_b_32_linear_head,d8_right,2655,2655,9,0.9641343355178833,9,9,True
clip_vit_b_32,clip_vit_b_32_linear_head,d8_right,2668,2668,7,0.9857279062271118,7,7,True
clip_vit_b_32,clip_vit_b_32_linear_head,d8_right,2676,2676,6,0.9732741713523865,6,6,True
clip_vit_b_32,clip_vit_b_32_linear_head,d8_right,2687,2687,1,0.9679471254348755,1,1,True
clip_vit_b_32,clip_vit_b_32_linear_head,d8_right,2690,2690,1,0.9831541776657104,1,1,True
clip_vit_b_32,clip_vit_b_32_linear_head,d8_right,2704,2704,4,0.9948777556419373,4,4,True
clip_vit_b_32,clip_vit_b_32_linear_head,d8_right,2745,2745,8,0.9865727424621582,8,8,True
clip_vit_b_32,clip_vit_b_32_linear_head,d8_right,2746,2746,7,0.9821188449859619,7,7,True
clip_vit_b_32,clip_vit_b_32_linear_head,d8_right,2750,2750,0,0.9632933735847473,0,0,True
clip_vit_b_32,clip_vit_b_32_linear_head,d8_right,2754,2754,3,0.9804995656013489,3,3,True
clip_vit_b_32,clip_vit_b_32_linear_head,d8_right,2757,2757,4,0.980417013168335,4,4,True
clip_vit_b_32,clip_vit_b_32_linear_head,d8_right,2766,2766,5,0.9578817486763,5,5,True
clip_vit_b_32,clip_vit_b_32_linear_head,d8_right,2807,2807,5,0.9782968759536743,5,5,True
clip_vit_b_32,clip_vit_b_32_linear_head,d8_right,2844,2844,8,0.9822832345962524,8,8,True
clip_vit_b_32,clip_vit_b_32_linear_head,d8_right,2854,2854,7,0.9695799350738525,7,7,True
clip_vit_b_32,clip_vit_b_32_linear_head,d8_right,2861,2861,3,0.9858947992324829,3,3,True
clip_vit_b_32,clip_vit_b_32_linear_head,d8_right,2888,2888,0,0.9907701015472412,0,0,True
clip_vit_b_32,clip_vit_b_32_linear_head,d8_right,2898,2898,4,0.9894686937332153,4,4,True
clip_vit_b_32,clip_vit_b_32_linear_head,d8_right,2950,2950,5,0.9833685755729675,5,5,True
clip_vit_b_32,clip_vit_b_32_linear_head,d8_right,2958,2958,6,0.9891715049743652,6,6,True
clip_vit_b_32,clip_vit_b_32_linear_head,d8_right,3015,3015,8,0.990010678768158,8,8,True
clip_vit_b_32,clip_vit_b_32_linear_head,d8_right,3024,3024,2,0.991576075553894,2,2,True
clip_vit_b_32,clip_vit_b_32_linear_head,d8_right,3025,3025,0,0.9714613556861877,0,0,True
clip_vit_b_32,clip_vit_b_32_linear_head,d8_right,3034,3034,4,0.9884378910064697,4,4,True
clip_vit_b_32,clip_vit_b_32_linear_head,d8_right,3067,3067,2,0.9866136312484741,2,2,True
clip_vit_b_32,clip_vit_b_32_linear_head,d8_right,3078,3078,4,0.9837062358856201,4,4,True
clip_vit_b_32,clip_vit_b_32_linear_head,d8_right,3079,3079,1,0.9838210940361023,1,1,True
clip_vit_b_32,clip_vit_b_32_linear_head,d8_right,3083,3083,0,0.986795961856842,0,0,True
clip_vit_b_32,clip_vit_b_32_linear_head,d8_right,3122,3122,4,0.9862047433853149,4,4,True
clip_vit_b_32,clip_vit_b_32_linear_head,d8_right,3153,3153,7,0.9787048697471619,7,7,True
clip_vit_b_32,clip_vit_b_32_linear_head,d8_right,3157,3157,8,0.9863284230232239,8,8,True
clip_vit_b_32,clip_vit_b_32_linear_head,d8_right,3163,3163,2,0.9819129705429077,2,2,True
clip_vit_b_32,clip_vit_b_32_linear_head,d8_right,3179,3179,4,0.9802025556564331,4,4,True
clip_vit_b_32,clip_vit_b_32_linear_head,d8_right,3191,3191,6,0.9850953221321106,6,6,True
clip_vit_b_32,clip_vit_b_32_linear_head,d8_right,3276,3276,3,0.977938175201416,7,7,True
clip_vit_b_32,clip_vit_b_32_linear_head,d8_right,3287,3287,4,0.9884666800498962,4,4,True
clip_vit_b_32,clip_vit_b_32_linear_head,d8_right,3288,3288,7,0.9895994663238525,7,7,True
clip_vit_b_32,clip_vit_b_32_linear_head,d8_right,3292,3292,6,0.9676142334938049,6,6,True
clip_vit_b_32,clip_vit_b_32_linear_head,d8_right,3318,3318,9,0.9743235111236572,9,9,True
clip_vit_b_32,clip_vit_b_32_linear_head,d8_right,3347,3347,0,0.9893737435340881,0,0,True
clip_vit_b_32,clip_vit_b_32_linear_head,d8_right,3353,3353,5,0.9545421004295349,5,5,True
clip_vit_b_32,clip_vit_b_32_linear_head,d8_right,3362,3362,2,0.9863635301589966,2,2,True
clip_vit_b_32,clip_vit_b_32_linear_head,d8_right,3365,3365,4,0.983852207660675,4,4,True
clip_vit_b_32,clip_vit_b_32_linear_head,d8_right,3375,3375,3,0.9897415041923523,3,3,True
clip_vit_b_32,clip_vit_b_32_linear_head,d8_right,3383,3383,3,0.9427259564399719,3,3,True
clip_vit_b_32,clip_vit_b_32_linear_head,d8_right,3404,3404,7,0.9897423982620239,7,7,True
clip_vit_b_32,clip_vit_b_32_linear_head,d8_right,3412,3412,8,0.9852781891822815,8,8,True
clip_vit_b_32,clip_vit_b_32_linear_head,d8_right,3413,3413,1,0.9904208183288574,1,1,True
clip_vit_b_32,clip_vit_b_32_linear_head,d8_right,3418,3418,6,0.9875585436820984,6,6,True
clip_vit_b_32,clip_vit_b_32_linear_head,d8_right,3437,3437,0,0.9711998701095581,0,0,True
clip_vit_b_32,clip_vit_b_32_linear_head,d8_right,3446,3446,7,0.9690953493118286,7,7,True
clip_vit_b_32,clip_vit_b_32_linear_head,d8_right,3454,3454,2,0.9637510180473328,2,2,True
clip_vit_b_32,clip_vit_b_32_linear_head,d8_right,3455,3455,0,0.9875678420066833,0,0,True
clip_vit_b_32,clip_vit_b_32_linear_head,d8_right,3458,3458,4,0.9928892850875854,4,4,True
clip_vit_b_32,clip_vit_b_32_linear_head,d8_right,3467,3467,7,0.9847490191459656,7,7,True
clip_vit_b_32,clip_vit_b_32_linear_head,d8_right,3491,3491,1,0.9795922040939331,1,1,True
clip_vit_b_32,clip_vit_b_32_linear_head,d8_right,3494,3494,6,0.989101767539978,6,6,True
clip_vit_b_32,clip_vit_b_32_linear_head,d8_right,3512,3512,4,0.987397313117981,4,4,True
clip_vit_b_32,clip_vit_b_32_linear_head,d8_right,3515,3515,6,0.9862910509109497,6,6,True
clip_vit_b_32,clip_vit_b_32_linear_head,d8_right,3542,3542,7,0.9805472493171692,7,7,True
clip_vit_b_32,clip_vit_b_32_linear_head,d8_right,3550,3550,1,0.9920706748962402,1,1,True
clip_vit_b_32,clip_vit_b_32_linear_head,d8_right,3562,3562,3,0.9736789464950562,3,4,False
clip_vit_b_32,clip_vit_b_32_linear_head,d8_right,3755,3755,2,0.9754515886306763,2,2,True
clip_vit_b_32,clip_vit_b_32_linear_head,d8_right,3763,3763,4,0.9921851754188538,4,4,True
clip_vit_b_32,clip_vit_b_32_linear_head,d8_right,3777,3777,6,0.9877414703369141,6,6,True
clip_vit_b_32,clip_vit_b_32_linear_head,d8_right,3778,3778,3,0.9783741235733032,3,3,True
clip_vit_b_32,clip_vit_b_32_linear_head,d8_right,3779,3779,6,0.9875751733779907,6,6,True
clip_vit_b_32,clip_vit_b_32_linear_head,d8_right,3844,3844,6,0.9613772034645081,6,6,True
clip_vit_b_32,clip_vit_b_32_linear_head,d8_right,3851,3851,3,0.9876117706298828,3,3,True
clip_vit_b_32,clip_vit_b_32_linear_head,d8_right,3852,3852,5,0.9861310124397278,5,5,True
clip_vit_b_32,clip_vit_b_32_linear_head,d8_right,3863,3863,5,0.9872235655784607,5,5,True
clip_vit_b_32,clip_vit_b_32_linear_head,d8_right,3867,3867,7,0.9856680035591125,7,7,True
clip_vit_b_32,clip_vit_b_32_linear_head,d8_right,3876,3876,0,0.9721348285675049,0,0,True
clip_vit_b_32,clip_vit_b_32_linear_head,d8_right,3889,3889,5,0.9815431833267212,5,5,True
clip_vit_b_32,clip_vit_b_32_linear_head,d8_right,3891,3891,4,0.9843193888664246,4,4,True
clip_vit_b_32,clip_vit_b_32_linear_head,d8_right,3893,3893,9,0.972599446773529,9,9,True
clip_vit_b_32,clip_vit_b_32_linear_head,d8_right,3905,3905,8,0.9942423105239868,8,8,True
clip_vit_b_32,clip_vit_b_32_linear_head,d8_right,3914,3914,3,0.9920424222946167,3,3,True
clip_vit_b_32,clip_vit_b_32_linear_head,d8_right,3937,3937,1,0.9925225973129272,1,1,True
clip_vit_b_32,clip_vit_b_32_linear_head,d8_right,3942,3942,9,0.9754667282104492,9,9,True
clip_vit_b_32,clip_vit_b_32_linear_head,d8_right,3948,3948,8,0.9863190054893494,8,8,True
clip_vit_b_32,clip_vit_b_32_linear_head,d8_right,3962,3962,6,0.9847508668899536,6,6,True
clip_vit_b_32,clip_vit_b_32_linear_head,d8_right,3965,3965,0,0.9960176944732666,0,0,True
clip_vit_b_32,clip_vit_b_32_linear_head,d8_right,3994,3994,4,0.9836221933364868,4,4,True
clip_vit_b_32,clip_vit_b_32_linear_head,d8_right,3996,3996,9,0.9147729873657227,9,9,True
clip_vit_b_32,clip_vit_b_32_linear_head,d8_right,4011,4011,6,0.987621545791626,6,6,True
clip_vit_b_32,clip_vit_b_32_linear_head,d8_right,4023,4023,3,0.9859364032745361,3,3,True
clip_vit_b_32,clip_vit_b_32_linear_head,d8_right,4054,4054,4,0.978654682636261,4,4,True
clip_vit_b_32,clip_vit_b_32_linear_head,d8_right,4065,4065,2,0.9810048937797546,2,2,True
clip_vit_b_32,clip_vit_b_32_linear_head,d8_right,4069,4069,8,0.9647641777992249,8,8,True
clip_vit_b_32,clip_vit_b_32_linear_head,d8_right,4093,4093,6,0.9699244499206543,6,6,True
clip_vit_b_32,clip_vit_b_32_linear_head,d8_right,4094,4094,9,0.9769934415817261,9,9,True
clip_vit_b_32,clip_vit_b_32_linear_head,d8_right,4106,4106,5,0.9723559021949768,5,5,True
clip_vit_b_32,clip_vit_b_32_linear_head,d8_right,4130,4130,0,0.9940010905265808,0,0,True
clip_vit_b_32,clip_vit_b_32_linear_head,d8_right,4168,4168,3,0.980005145072937,3,3,True
clip_vit_b_32,clip_vit_b_32_linear_head,d8_right,4170,4170,8,0.9863041639328003,8,8,True
clip_vit_b_32,clip_vit_b_32_linear_head,d8_right,4172,4172,7,0.9844801425933838,7,7,True
clip_vit_b_32,clip_vit_b_32_linear_head,d8_right,4177,4177,8,0.977415144443512,8,8,True
clip_vit_b_32,clip_vit_b_32_linear_head,d8_right,4215,4215,3,0.9872402548789978,3,3,True
clip_vit_b_32,clip_vit_b_32_linear_head,d8_right,4229,4229,3,0.9869987368583679,3,3,True
clip_vit_b_32,clip_vit_b_32_linear_head,d8_right,4236,4236,7,0.9779043793678284,7,7,True
clip_vit_b_32,clip_vit_b_32_linear_head,d8_right,4242,4242,8,0.9933035969734192,8,8,True
clip_vit_b_32,clip_vit_b_32_linear_head,d8_right,4254,4254,6,0.9907494783401489,6,6,True
clip_vit_b_32,clip_vit_b_32_linear_head,d8_right,4290,4290,5,0.9815064072608948,4,5,False
clip_vit_b_32,clip_vit_b_32_linear_head,d8_right,4298,4298,1,0.9861249327659607,1,1,True
clip_vit_b_32,clip_vit_b_32_linear_head,d8_right,4308,4308,7,0.9706181287765503,7,7,True
clip_vit_b_32,clip_vit_b_32_linear_head,d8_right,4311,4311,8,0.9911421537399292,8,8,True
clip_vit_b_32,clip_vit_b_32_linear_head,d8_right,4323,4323,3,0.9840738773345947,3,3,True
clip_vit_b_32,clip_vit_b_32_linear_head,d8_right,4330,4330,3,0.9817551970481873,3,3,True
clip_vit_b_32,clip_vit_b_32_linear_head,d8_right,4341,4341,6,0.9847712516784668,6,6,True
clip_vit_b_32,clip_vit_b_32_linear_head,d8_right,4355,4355,8,0.9900232553482056,8,8,True
clip_vit_b_32,clip_vit_b_32_linear_head,d8_right,4399,4399,0,0.983508288860321,0,0,True
clip_vit_b_32,clip_vit_b_32_linear_head,d8_right,4403,4403,7,0.9915775060653687,7,7,True
clip_vit_b_32,clip_vit_b_32_linear_head,d8_right,4411,4411,6,0.9657236933708191,6,6,True
clip_vit_b_32,clip_vit_b_32_linear_head,d8_right,4449,4449,9,0.9767574667930603,9,9,True
clip_vit_b_32,clip_vit_b_32_linear_head,d8_right,4463,4463,3,0.925309956073761,3,3,True
clip_vit_b_32,clip_vit_b_32_linear_head,d8_right,4531,4531,3,0.9699618816375732,3,3,True
clip_vit_b_32,clip_vit_b_32_linear_head,d8_right,4539,4539,0,0.9842243790626526,0,0,True
clip_vit_b_32,clip_vit_b_32_linear_head,d8_right,4547,4547,5,0.9768433570861816,5,5,True
clip_vit_b_32,clip_vit_b_32_linear_head,d8_right,4552,4552,8,0.9723422527313232,8,8,True
clip_vit_b_32,clip_vit_b_32_linear_head,d8_right,4570,4570,5,0.9661656022071838,5,5,True
clip_vit_b_32,clip_vit_b_32_linear_head,d8_right,4590,4590,3,0.986930251121521,3,3,True
clip_vit_b_32,clip_vit_b_32_linear_head,d8_right,4609,4609,3,0.9561119675636292,3,3,True
clip_vit_b_32,clip_vit_b_32_linear_head,d8_right,4615,4615,0,0.9752947688102722,0,0,True
clip_vit_b_32,clip_vit_b_32_linear_head,d8_right,4617,4617,0,0.9920339584350586,0,0,True
clip_vit_b_32,clip_vit_b_32_linear_head,d8_right,4620,4620,6,0.980765163898468,6,6,True
clip_vit_b_32,clip_vit_b_32_linear_head,d8_right,4629,4629,4,0.9764257073402405,4,4,True
clip_vit_b_32,clip_vit_b_32_linear_head,d8_right,4640,4640,1,0.9808610081672668,1,1,True
clip_vit_b_32,clip_vit_b_32_linear_head,d8_right,4642,4642,4,0.9885231256484985,4,4,True
clip_vit_b_32,clip_vit_b_32_linear_head,d8_right,4661,4661,7,0.9867933988571167,7,7,True
clip_vit_b_32,clip_vit_b_32_linear_head,d8_right,4662,4662,8,0.9905521869659424,8,8,True
clip_vit_b_32,clip_vit_b_32_linear_head,d8_right,4675,4675,0,0.9869230389595032,0,0,True
clip_vit_b_32,clip_vit_b_32_linear_head,d8_right,4676,4676,8,0.9852116703987122,8,8,True
clip_vit_b_32,clip_vit_b_32_linear_head,d8_right,4704,4704,7,0.975666344165802,7,7,True
clip_vit_b_32,clip_vit_b_32_linear_head,d8_right,4723,4723,9,0.9916661381721497,9,9,True
clip_vit_b_32,clip_vit_b_32_linear_head,d8_right,4731,4731,6,0.9910426139831543,6,6,True
clip_vit_b_32,clip_vit_b_32_linear_head,d8_right,4735,4735,2,0.979783833026886,2,2,True
clip_vit_b_32,clip_vit_b_32_linear_head,d8_right,4740,4740,4,0.9835501909255981,4,4,True
clip_vit_b_32,clip_vit_b_32_linear_head,d8_right,4746,4746,6,0.9955337047576904,6,6,True
clip_vit_b_32,clip_vit_b_32_linear_head,d8_right,4748,4748,7,0.9881109595298767,7,7,True
clip_vit_b_32,clip_vit_b_32_linear_head,d8_right,4754,4754,6,0.9904273748397827,6,6,True
clip_vit_b_32,clip_vit_b_32_linear_head,d8_right,4785,4785,0,0.9491721391677856,0,0,True
clip_vit_b_32,clip_vit_b_32_linear_head,d8_right,4791,4791,7,0.9920217394828796,7,7,True
clip_vit_b_32,clip_vit_b_32_linear_head,d8_right,4819,4819,0,0.9812525510787964,0,0,True
clip_vit_b_32,clip_vit_b_32_linear_head,d8_right,4821,4821,3,0.9739869236946106,3,3,True
clip_vit_b_32,clip_vit_b_32_linear_head,d8_right,4827,4827,6,0.9861500263214111,6,6,True
clip_vit_b_32,clip_vit_b_32_linear_head,d8_right,4850,4850,5,0.9835751056671143,5,5,True
clip_vit_b_32,clip_vit_b_32_linear_head,d8_right,4881,4881,3,0.973515510559082,3,3,True
clip_vit_b_32,clip_vit_b_32_linear_head,d8_right,4893,4893,0,0.978300929069519,0,0,True
clip_vit_b_32,clip_vit_b_32_linear_head,d8_right,4908,4908,3,0.9852534532546997,3,3,True
clip_vit_b_32,clip_vit_b_32_linear_head,d8_right,4913,4913,2,0.9740801453590393,2,2,True
clip_vit_b_32,clip_vit_b_32_linear_head,d8_right,4921,4921,2,0.9552357196807861,2,2,True
clip_vit_b_32,clip_vit_b_32_linear_head,d8_right,4953,4953,5,0.9802854061126709,5,5,True
clip_vit_b_32,clip_vit_b_32_linear_head,d8_right,4966,4966,5,0.9642418622970581,5,5,True
clip_vit_b_32,clip_vit_b_32_linear_head,d8_right,4990,4990,8,0.9850044250488281,8,8,True
clip_vit_b_32,clip_vit_b_32_linear_head,d8_right,5000,5000,8,0.9878873229026794,8,8,True
clip_vit_b_32,clip_vit_b_32_linear_head,d8_right,5030,5030,2,0.9796753525733948,2,2,True
clip_vit_b_32,clip_vit_b_32_linear_head,d8_right,5062,5062,4,0.9851765632629395,4,4,True
clip_vit_b_32,clip_vit_b_32_linear_head,d8_right,5077,5077,4,0.9871781468391418,4,4,True
clip_vit_b_32,clip_vit_b_32_linear_head,d8_right,5082,5082,6,0.9889000058174133,6,6,True
clip_vit_b_32,clip_vit_b_32_linear_head,d8_right,5092,5092,1,0.9838131666183472,1,1,True
clip_vit_b_32,clip_vit_b_32_linear_head,d8_right,5101,5101,5,0.9929848909378052,5,5,True
clip_vit_b_32,clip_vit_b_32_linear_head,d8_right,5117,5117,0,0.9915927648544312,0,0,True
clip_vit_b_32,clip_vit_b_32_linear_head,d8_right,5123,5123,1,0.9870339035987854,1,1,True
clip_vit_b_32,clip_vit_b_32_linear_head,d8_right,5135,5135,4,0.9460770487785339,4,4,True
clip_vit_b_32,clip_vit_b_32_linear_head,d8_right,5183,5183,2,0.9732329845428467,2,2,True
clip_vit_b_32,clip_vit_b_32_linear_head,d8_right,5213,5213,4,0.9864661693572998,4,4,True
clip_vit_b_32,clip_vit_b_32_linear_head,d8_right,5218,5218,2,0.9724358320236206,2,2,True
clip_vit_b_32,clip_vit_b_32_linear_head,d8_right,5220,5220,1,0.9741588830947876,7,1,False
clip_vit_b_32,clip_vit_b_32_linear_head,d8_right,5237,5237,2,0.9833728671073914,2,2,True
clip_vit_b_32,clip_vit_b_32_linear_head,d8_right,5256,5256,1,0.9650386571884155,1,1,True
clip_vit_b_32,clip_vit_b_32_linear_head,d8_right,5284,5284,9,0.9497737288475037,9,9,True
clip_vit_b_32,clip_vit_b_32_linear_head,d8_right,5301,5301,9,0.9736994504928589,9,9,True
clip_vit_b_32,clip_vit_b_32_linear_head,d8_right,5318,5318,2,0.9777447581291199,2,2,True
clip_vit_b_32,clip_vit_b_32_linear_head,d8_right,5332,5332,5,0.9836632013320923,5,5,True
clip_vit_b_32,clip_vit_b_32_linear_head,d8_right,5333,5333,2,0.9787941575050354,2,2,True
clip_vit_b_32,clip_vit_b_32_linear_head,d8_right,5360,5360,9,0.9712842106819153,9,9,True
clip_vit_b_32,clip_vit_b_32_linear_head,d8_right,5381,5381,5,0.9847049713134766,5,5,True
clip_vit_b_32,clip_vit_b_32_linear_head,d8_right,5382,5382,6,0.9614559412002563,6,6,True
clip_vit_b_32,clip_vit_b_32_linear_head,d8_right,5395,5395,2,0.9656004905700684,2,2,True
clip_vit_b_32,clip_vit_b_32_linear_head,d8_right,5402,5402,4,0.9926385879516602,4,4,True
clip_vit_b_32,clip_vit_b_32_linear_head,d8_right,5408,5408,6,0.9896383881568909,6,6,True
clip_vit_b_32,clip_vit_b_32_linear_head,d8_right,5436,5436,7,0.9912838339805603,7,7,True
clip_vit_b_32,clip_vit_b_32_linear_head,d8_right,5447,5447,9,0.9854551553726196,9,9,True
clip_vit_b_32,clip_vit_b_32_linear_head,d8_right,5450,5450,7,0.9866997003555298,7,7,True
clip_vit_b_32,clip_vit_b_32_linear_head,d8_right,5451,5451,8,0.9937331080436707,8,8,True
clip_vit_b_32,clip_vit_b_32_linear_head,d8_right,5452,5452,9,0.9444780945777893,9,9,True
clip_vit_b_32,clip_vit_b_32_linear_head,d8_right,5467,5467,4,0.9862680435180664,4,4,True
clip_vit_b_32,clip_vit_b_32_linear_head,d8_right,5478,5478,0,0.9905118942260742,0,0,True
clip_vit_b_32,clip_vit_b_32_linear_head,d8_right,5488,5488,1,0.981162428855896,1,1,True
clip_vit_b_32,clip_vit_b_32_linear_head,d8_right,5496,5496,5,0.9897233843803406,5,5,True
clip_vit_b_32,clip_vit_b_32_linear_head,d8_right,5508,5508,9,0.9751176238059998,9,9,True
clip_vit_b_32,clip_vit_b_32_linear_head,d8_right,5512,5512,2,0.966792106628418,9,9,True
clip_vit_b_32,clip_vit_b_32_linear_head,d8_right,5525,5525,8,0.983349084854126,8,8,True
clip_vit_b_32,clip_vit_b_32_linear_head,d8_right,5528,5528,3,0.9896769523620605,3,3,True
clip_vit_b_32,clip_vit_b_32_linear_head,d8_right,5556,5556,4,0.9908035397529602,4,4,True
clip_vit_b_32,clip_vit_b_32_linear_head,d8_right,5560,5560,1,0.993004560470581,1,1,True
clip_vit_b_32,clip_vit_b_32_linear_head,d8_right,5572,5572,9,0.9887515902519226,9,9,True
clip_vit_b_32,clip_vit_b_32_linear_head,d8_right,5580,5580,6,0.9899604916572571,6,6,True
clip_vit_b_32,clip_vit_b_32_linear_head,d8_right,5590,5590,9,0.9892789125442505,9,9,True
clip_vit_b_32,clip_vit_b_32_linear_head,d8_right,5623,5623,4,0.9937916398048401,4,4,True
clip_vit_b_32,clip_vit_b_32_linear_head,d8_right,5677,5677,2,0.9645424485206604,2,2,True
clip_vit_b_32,clip_vit_b_32_linear_head,d8_right,5694,5694,8,0.9917179942131042,8,8,True
clip_vit_b_32,clip_vit_b_32_linear_head,d8_right,5701,5701,5,0.9757788181304932,5,5,True
clip_vit_b_32,clip_vit_b_32_linear_head,d8_right,5705,5705,8,0.9885192513465881,8,8,True
clip_vit_b_32,clip_vit_b_32_linear_head,d8_right,5719,5719,7,0.9854766726493835,7,7,True
clip_vit_b_32,clip_vit_b_32_linear_head,d8_right,5729,5729,6,0.990914523601532,6,6,True
clip_vit_b_32,clip_vit_b_32_linear_head,d8_right,5756,5756,2,0.9704899191856384,2,2,True
clip_vit_b_32,clip_vit_b_32_linear_head,d8_right,5788,5788,9,0.9863946437835693,9,9,True
clip_vit_b_32,clip_vit_b_32_linear_head,d8_right,5789,5789,4,0.9678936004638672,4,4,True
clip_vit_b_32,clip_vit_b_32_linear_head,d8_right,5824,5824,2,0.9674175977706909,2,2,True
clip_vit_b_32,clip_vit_b_32_linear_head,d8_right,5848,5848,7,0.9937261343002319,7,7,True
clip_vit_b_32,clip_vit_b_32_linear_head,d8_right,5851,5851,9,0.9917876124382019,9,9,True
clip_vit_b_32,clip_vit_b_32_linear_head,d8_right,5857,5857,6,0.9652063846588135,6,6,True
clip_vit_b_32,clip_vit_b_32_linear_head,d8_right,5858,5858,6,0.9877790212631226,6,6,True
clip_vit_b_32,clip_vit_b_32_linear_head,d8_right,5912,5912,0,0.9874414205551147,0,0,True
clip_vit_b_32,clip_vit_b_32_linear_head,d8_right,5915,5915,9,0.9700492024421692,9,9,True
clip_vit_b_32,clip_vit_b_32_linear_head,d8_right,5918,5918,0,0.9863585233688354,0,0,True
clip_vit_b_32,clip_vit_b_32_linear_head,d8_right,5924,5924,5,0.938508152961731,5,5,True
clip_vit_b_32,clip_vit_b_32_linear_head,d8_right,5977,5977,7,0.9897918105125427,7,7,True
clip_vit_b_32,clip_vit_b_32_linear_head,d8_right,5981,5981,9,0.9819692373275757,9,9,True
clip_vit_b_32,clip_vit_b_32_linear_head,d8_right,5999,5999,0,0.9783498644828796,0,0,True
clip_vit_b_32,clip_vit_b_32_linear_head,d8_right,6028,6028,2,0.9797598719596863,2,2,True
clip_vit_b_32,clip_vit_b_32_linear_head,d8_right,6033,6033,4,0.9813657402992249,4,4,True
clip_vit_b_32,clip_vit_b_32_linear_head,d8_right,6076,6076,1,0.9737412333488464,1,1,True
clip_vit_b_32,clip_vit_b_32_linear_head,d8_right,6084,6084,7,0.9931198954582214,7,7,True
clip_vit_b_32,clip_vit_b_32_linear_head,d8_right,6097,6097,4,0.9944977760314941,4,4,True
clip_vit_b_32,clip_vit_b_32_linear_head,d8_right,6169,6169,1,0.9833493828773499,1,1,True
clip_vit_b_32,clip_vit_b_32_linear_head,d8_right,6190,6190,7,0.9849604964256287,7,7,True
clip_vit_b_32,clip_vit_b_32_linear_head,d8_right,6224,6224,5,0.9874169826507568,5,5,True
clip_vit_b_32,clip_vit_b_32_linear_head,d8_right,6244,6244,2,0.9410158395767212,2,2,True
clip_vit_b_32,clip_vit_b_32_linear_head,d8_right,6264,6264,2,0.9633297920227051,2,2,True
clip_vit_b_32,clip_vit_b_32_linear_head,d8_right,6271,6271,2,0.9612851142883301,2,2,True
clip_vit_b_32,clip_vit_b_32_linear_head,d8_right,6288,6288,4,0.9881423115730286,4,4,True
clip_vit_b_32,clip_vit_b_32_linear_head,d8_right,6332,6332,2,0.9860978126525879,2,2,True
clip_vit_b_32,clip_vit_b_32_linear_head,d8_right,6349,6349,1,0.9869576692581177,1,1,True
clip_vit_b_32,clip_vit_b_32_linear_head,d8_right,6354,6354,2,0.9621356725692749,2,2,True
clip_vit_b_32,clip_vit_b_32_linear_head,d8_right,6358,6358,5,0.9826938509941101,5,5,True
clip_vit_b_32,clip_vit_b_32_linear_head,d8_right,6381,6381,6,0.9790235757827759,6,6,True
clip_vit_b_32,clip_vit_b_32_linear_head,d8_right,6414,6414,5,0.9694907665252686,5,5,True
clip_vit_b_32,clip_vit_b_32_linear_head,d8_right,6426,6426,2,0.9778686165809631,2,2,True
clip_vit_b_32,clip_vit_b_32_linear_head,d8_right,6434,6434,8,0.9833000302314758,8,8,True
clip_vit_b_32,clip_vit_b_32_linear_head,d8_right,6437,6437,0,0.9894872903823853,0,0,True
clip_vit_b_32,clip_vit_b_32_linear_head,d8_right,6455,6455,0,0.9805606007575989,0,0,True
clip_vit_b_32,clip_vit_b_32_linear_head,d8_right,6490,6490,3,0.9779228568077087,3,3,True
clip_vit_b_32,clip_vit_b_32_linear_head,d8_right,6503,6503,2,0.9777886867523193,2,2,True
clip_vit_b_32,clip_vit_b_32_linear_head,d8_right,6508,6508,4,0.981505274772644,4,4,True
clip_vit_b_32,clip_vit_b_32_linear_head,d8_right,6528,6528,4,0.9892078638076782,4,4,True
clip_vit_b_32,clip_vit_b_32_linear_head,d8_right,6594,6594,1,0.9939396977424622,1,1,True
clip_vit_b_32,clip_vit_b_32_linear_head,d8_right,6609,6609,0,0.9855208396911621,0,0,True
clip_vit_b_32,clip_vit_b_32_linear_head,d8_right,6616,6616,2,0.9741044640541077,2,2,True
clip_vit_b_32,clip_vit_b_32_linear_head,d8_right,6650,6650,7,0.9629239439964294,7,7,True
clip_vit_b_32,clip_vit_b_32_linear_head,d8_right,6689,6689,8,0.9800816774368286,8,8,True
clip_vit_b_32,clip_vit_b_32_linear_head,d8_right,6692,6692,2,0.9729382395744324,2,2,True
clip_vit_b_32,clip_vit_b_32_linear_head,d8_right,6713,6713,6,0.9820512533187866,6,6,True
clip_vit_b_32,clip_vit_b_32_linear_head,d8_right,6716,6716,5,0.983208417892456,5,5,True
clip_vit_b_32,clip_vit_b_32_linear_head,d8_right,6726,6726,7,0.9666872620582581,7,7,True
clip_vit_b_32,clip_vit_b_32_linear_head,d8_right,6733,6733,1,0.9973214864730835,1,1,True
clip_vit_b_32,clip_vit_b_32_linear_head,d8_right,6772,6772,7,0.9749889969825745,7,7,True
clip_vit_b_32,clip_vit_b_32_linear_head,d8_right,6805,6805,1,0.9909347295761108,1,1,True
clip_vit_b_32,clip_vit_b_32_linear_head,d8_right,6836,6836,1,0.9819428324699402,1,1,True
clip_vit_b_32,clip_vit_b_32_linear_head,d8_right,6844,6844,0,0.9864371418952942,0,0,True
clip_vit_b_32,clip_vit_b_32_linear_head,d8_right,6922,6922,5,0.9423482418060303,5,5,True
clip_vit_b_32,clip_vit_b_32_linear_head,d8_right,6931,6931,9,0.9827497005462646,9,9,True
clip_vit_b_32,clip_vit_b_32_linear_head,d8_right,6938,6938,1,0.9854865074157715,1,1,True
clip_vit_b_32,clip_vit_b_32_linear_head,d8_right,6952,6952,3,0.9861952066421509,3,3,True
clip_vit_b_32,clip_vit_b_32_linear_head,d8_right,6954,6954,1,0.9911397695541382,1,1,True
clip_vit_b_32,clip_vit_b_32_linear_head,d8_right,6986,6986,0,0.984417200088501,0,0,True
clip_vit_b_32,clip_vit_b_32_linear_head,d8_right,6989,6989,5,0.9796550869941711,5,5,True
clip_vit_b_32,clip_vit_b_32_linear_head,d8_right,7009,7009,0,0.9769187569618225,0,0,True
clip_vit_b_32,clip_vit_b_32_linear_head,d8_right,7029,7029,1,0.9930717349052429,1,1,True
clip_vit_b_32,clip_vit_b_32_linear_head,d8_right,7033,7033,1,0.9842616319656372,1,1,True
clip_vit_b_32,clip_vit_b_32_linear_head,d8_right,7041,7041,5,0.9790102243423462,5,5,True
clip_vit_b_32,clip_vit_b_32_linear_head,d8_right,7047,7047,9,0.9868776202201843,9,9,True
clip_vit_b_32,clip_vit_b_32_linear_head,d8_right,7081,7081,7,0.9788265824317932,7,7,True
clip_vit_b_32,clip_vit_b_32_linear_head,d8_right,7084,7084,2,0.9831362962722778,2,2,True
clip_vit_b_32,clip_vit_b_32_linear_head,d8_right,7108,7108,6,0.9774723649024963,6,6,True
clip_vit_b_32,clip_vit_b_32_linear_head,d8_right,7130,7130,5,0.989425778388977,5,5,True
clip_vit_b_32,clip_vit_b_32_linear_head,d8_right,7138,7138,8,0.9883939027786255,8,8,True
clip_vit_b_32,clip_vit_b_32_linear_head,d8_right,7150,7150,0,0.986839771270752,0,0,True
clip_vit_b_32,clip_vit_b_32_linear_head,d8_right,7202,7202,1,0.9922428727149963,1,1,True
clip_vit_b_32,clip_vit_b_32_linear_head,d8_right,7262,7262,0,0.98863685131073,0,0,True
clip_vit_b_32,clip_vit_b_32_linear_head,d8_right,7266,7266,9,0.9707556962966919,9,9,True
clip_vit_b_32,clip_vit_b_32_linear_head,d8_right,7270,7270,7,0.9779036045074463,7,7,True
clip_vit_b_32,clip_vit_b_32_linear_head,d8_right,7309,7309,0,0.9851890802383423,0,0,True
clip_vit_b_32,clip_vit_b_32_linear_head,d8_right,7320,7320,0,0.9684334993362427,0,0,True
clip_vit_b_32,clip_vit_b_32_linear_head,d8_right,7338,7338,6,0.9859381318092346,6,6,True
clip_vit_b_32,clip_vit_b_32_linear_head,d8_right,7372,7372,0,0.9838807582855225,0,0,True
clip_vit_b_32,clip_vit_b_32_linear_head,d8_right,7373,7373,0,0.9837366342544556,0,0,True
clip_vit_b_32,clip_vit_b_32_linear_head,d8_right,7380,7380,9,0.9924110174179077,9,9,True
clip_vit_b_32,clip_vit_b_32_linear_head,d8_right,7390,7390,1,0.9880195260047913,1,1,True
clip_vit_b_32,clip_vit_b_32_linear_head,d8_right,7413,7413,5,0.988498330116272,3,3,True
clip_vit_b_32,clip_vit_b_32_linear_head,d8_right,7416,7416,3,0.9905515313148499,3,3,True
clip_vit_b_32,clip_vit_b_32_linear_head,d8_right,7425,7425,2,0.9784923791885376,2,2,True
clip_vit_b_32,clip_vit_b_32_linear_head,d8_right,7446,7446,8,0.9744420647621155,8,8,True
clip_vit_b_32,clip_vit_b_32_linear_head,d8_right,7460,7460,8,0.9858497381210327,8,8,True
clip_vit_b_32,clip_vit_b_32_linear_head,d8_right,7465,7465,0,0.9823507070541382,0,0,True
clip_vit_b_32,clip_vit_b_32_linear_head,d8_right,7474,7474,5,0.9938110709190369,5,5,True
clip_vit_b_32,clip_vit_b_32_linear_head,d8_right,7475,7475,4,0.9909421801567078,4,4,True
clip_vit_b_32,clip_vit_b_32_linear_head,d8_right,7476,7476,8,0.9829408526420593,8,8,True
clip_vit_b_32,clip_vit_b_32_linear_head,d8_right,7544,7544,9,0.9872311949729919,9,9,True
clip_vit_b_32,clip_vit_b_32_linear_head,d8_right,7555,7555,6,0.9820126295089722,6,6,True
clip_vit_b_32,clip_vit_b_32_linear_head,d8_right,7600,7600,6,0.989532470703125,6,6,True
clip_vit_b_32,clip_vit_b_32_linear_head,d8_right,7610,7610,4,0.9905191659927368,4,4,True
clip_vit_b_32,clip_vit_b_32_linear_head,d8_right,7634,7634,0,0.9928182363510132,0,0,True
clip_vit_b_32,clip_vit_b_32_linear_head,d8_right,7692,7692,4,0.9860599040985107,4,4,True
clip_vit_b_32,clip_vit_b_32_linear_head,d8_right,7706,7706,5,0.9727351069450378,5,5,True
clip_vit_b_32,clip_vit_b_32_linear_head,d8_right,7726,7726,6,0.9842004776000977,6,6,True
clip_vit_b_32,clip_vit_b_32_linear_head,d8_right,7744,7744,3,0.9928387999534607,3,3,True
clip_vit_b_32,clip_vit_b_32_linear_head,d8_right,7752,7752,9,0.9864120483398438,9,9,True
clip_vit_b_32,clip_vit_b_32_linear_head,d8_right,7776,7776,5,0.9678043127059937,5,5,True
clip_vit_b_32,clip_vit_b_32_linear_head,d8_right,7779,7779,6,0.9448043704032898,6,6,True
clip_vit_b_32,clip_vit_b_32_linear_head,d8_right,7781,7781,6,0.9882497191429138,6,6,True
clip_vit_b_32,clip_vit_b_32_linear_head,d8_right,7793,7793,3,0.9821869730949402,3,3,True
clip_vit_b_32,clip_vit_b_32_linear_head,d8_right,7797,7797,3,0.9854525923728943,3,3,True
clip_vit_b_32,clip_vit_b_32_linear_head,d8_right,7810,7810,8,0.9905186295509338,8,8,True
clip_vit_b_32,clip_vit_b_32_linear_head,d8_right,7818,7818,8,0.9922077059745789,8,8,True
clip_vit_b_32,clip_vit_b_32_linear_head,d8_right,7835,7835,7,0.9746185541152954,7,7,True
clip_vit_b_32,clip_vit_b_32_linear_head,d8_right,7864,7864,4,0.9888416528701782,4,4,True
clip_vit_b_32,clip_vit_b_32_linear_head,d8_right,7875,7875,8,0.9842454791069031,8,8,True
clip_vit_b_32,clip_vit_b_32_linear_head,d8_right,7938,7938,9,0.9657765626907349,9,9,True
clip_vit_b_32,clip_vit_b_32_linear_head,d8_right,7940,7940,4,0.9786897897720337,4,4,True
clip_vit_b_32,clip_vit_b_32_linear_head,d8_right,7944,7944,4,0.9789903163909912,4,4,True
clip_vit_b_32,clip_vit_b_32_linear_head,d8_right,7955,7955,1,0.9791332483291626,1,1,True
clip_vit_b_32,clip_vit_b_32_linear_head,d8_right,7995,7995,9,0.9691275358200073,9,9,True
clip_vit_b_32,clip_vit_b_32_linear_head,d8_right,7996,7996,6,0.987637996673584,6,6,True
clip_vit_b_32,clip_vit_b_32_linear_head,d8_right,7999,7999,8,0.9842103719711304,8,8,True
clip_vit_b_32,clip_vit_b_32_linear_head,d16_up,3,3,0,0.9761506915092468,0,0,True
clip_vit_b_32,clip_vit_b_32_linear_head,d16_up,29,29,7,0.9747270941734314,7,7,True
clip_vit_b_32,clip_vit_b_32_linear_head,d16_up,35,35,2,0.9626715183258057,2,2,True
clip_vit_b_32,clip_vit_b_32_linear_head,d16_up,42,42,0,0.9762106537818909,0,0,True
clip_vit_b_32,clip_vit_b_32_linear_head,d16_up,49,49,2,0.9682895541191101,2,2,True
clip_vit_b_32,clip_vit_b_32_linear_head,d16_up,81,81,0,0.9781361818313599,0,0,True
clip_vit_b_32,clip_vit_b_32_linear_head,d16_up,95,95,1,0.979543924331665,1,1,True
clip_vit_b_32,clip_vit_b_32_linear_head,d16_up,97,97,5,0.9855672717094421,5,5,True
clip_vit_b_32,clip_vit_b_32_linear_head,d16_up,116,116,1,0.9731239676475525,1,1,True
clip_vit_b_32,clip_vit_b_32_linear_head,d16_up,131,131,9,0.9800931215286255,9,9,True
clip_vit_b_32,clip_vit_b_32_linear_head,d16_up,151,151,8,0.9717843532562256,8,8,True
clip_vit_b_32,clip_vit_b_32_linear_head,d16_up,171,171,4,0.964352548122406,4,4,True
clip_vit_b_32,clip_vit_b_32_linear_head,d16_up,176,176,3,0.9709717035293579,3,3,True
clip_vit_b_32,clip_vit_b_32_linear_head,d16_up,191,191,9,0.9387789964675903,2,2,True
clip_vit_b_32,clip_vit_b_32_linear_head,d16_up,194,194,8,0.9734647274017334,8,8,True
clip_vit_b_32,clip_vit_b_32_linear_head,d16_up,198,198,1,0.9734984040260315,1,1,True
clip_vit_b_32,clip_vit_b_32_linear_head,d16_up,239,239,9,0.9780418276786804,9,9,True
clip_vit_b_32,clip_vit_b_32_linear_head,d16_up,261,261,1,0.9616934061050415,1,1,True
clip_vit_b_32,clip_vit_b_32_linear_head,d16_up,269,269,7,0.9586629867553711,7,7,True
clip_vit_b_32,clip_vit_b_32_linear_head,d16_up,276,276,9,0.9442563652992249,9,9,True
clip_vit_b_32,clip_vit_b_32_linear_head,d16_up,303,303,9,0.9856157898902893,9,9,True
clip_vit_b_32,clip_vit_b_32_linear_head,d16_up,304,304,1,0.9763139486312866,1,1,True
clip_vit_b_32,clip_vit_b_32_linear_head,d16_up,317,317,2,0.9610699415206909,2,2,True
clip_vit_b_32,clip_vit_b_32_linear_head,d16_up,319,319,5,0.980560839176178,5,5,True
clip_vit_b_32,clip_vit_b_32_linear_head,d16_up,323,323,7,0.9766727685928345,7,7,True
clip_vit_b_32,clip_vit_b_32_linear_head,d16_up,365,365,3,0.992436408996582,3,3,True
clip_vit_b_32,clip_vit_b_32_linear_head,d16_up,370,370,7,0.9491578936576843,7,7,True
clip_vit_b_32,clip_vit_b_32_linear_head,d16_up,372,372,3,0.970733642578125,3,3,True
clip_vit_b_32,clip_vit_b_32_linear_head,d16_up,378,378,5,0.9784320592880249,5,5,True
clip_vit_b_32,clip_vit_b_32_linear_head,d16_up,391,391,3,0.9718073606491089,3,3,True
clip_vit_b_32,clip_vit_b_32_linear_head,d16_up,409,409,2,0.969806432723999,2,2,True
clip_vit_b_32,clip_vit_b_32_linear_head,d16_up,419,419,9,0.9552559852600098,9,9,True
clip_vit_b_32,clip_vit_b_32_linear_head,d16_up,449,449,6,0.9801179766654968,6,6,True
clip_vit_b_32,clip_vit_b_32_linear_head,d16_up,470,470,2,0.9791309237480164,2,2,True
clip_vit_b_32,clip_vit_b_32_linear_head,d16_up,483,483,2,0.9688599109649658,2,2,True
clip_vit_b_32,clip_vit_b_32_linear_head,d16_up,484,484,0,0.9561749696731567,0,0,True
clip_vit_b_32,clip_vit_b_32_linear_head,d16_up,506,506,4,0.9874733090400696,4,4,True
clip_vit_b_32,clip_vit_b_32_linear_head,d16_up,545,545,6,0.9227173328399658,6,6,True
clip_vit_b_32,clip_vit_b_32_linear_head,d16_up,562,562,0,0.9740847945213318,0,0,True
clip_vit_b_32,clip_vit_b_32_linear_head,d16_up,568,568,5,0.9848164319992065,5,5,True
clip_vit_b_32,clip_vit_b_32_linear_head,d16_up,603,603,9,0.9435240626335144,9,9,True
clip_vit_b_32,clip_vit_b_32_linear_head,d16_up,632,632,3,0.9743092656135559,3,3,True
clip_vit_b_32,clip_vit_b_32_linear_head,d16_up,645,645,5,0.9798026084899902,5,5,True
clip_vit_b_32,clip_vit_b_32_linear_head,d16_up,667,667,8,0.9768375158309937,8,8,True
clip_vit_b_32,clip_vit_b_32_linear_head,d16_up,672,672,3,0.9718142747879028,3,3,True
clip_vit_b_32,clip_vit_b_32_linear_head,d16_up,677,677,3,0.97892826795578,3,3,True
clip_vit_b_32,clip_vit_b_32_linear_head,d16_up,685,685,5,0.9900425672531128,5,5,True
clip_vit_b_32,clip_vit_b_32_linear_head,d16_up,691,691,4,0.9914350509643555,4,4,True
clip_vit_b_32,clip_vit_b_32_linear_head,d16_up,706,706,8,0.9741140604019165,8,8,True
clip_vit_b_32,clip_vit_b_32_linear_head,d16_up,714,714,2,0.9022583961486816,2,2,True
clip_vit_b_32,clip_vit_b_32_linear_head,d16_up,716,716,8,0.9929465055465698,8,8,True
clip_vit_b_32,clip_vit_b_32_linear_head,d16_up,738,738,3,0.9533933401107788,3,3,True
clip_vit_b_32,clip_vit_b_32_linear_head,d16_up,739,739,8,0.9827191233634949,8,8,True
clip_vit_b_32,clip_vit_b_32_linear_head,d16_up,766,766,4,0.9732247591018677,6,6,True
clip_vit_b_32,clip_vit_b_32_linear_head,d16_up,791,791,3,0.9792567491531372,3,3,True
clip_vit_b_32,clip_vit_b_32_linear_head,d16_up,805,805,9,0.9766207337379456,9,9,True
clip_vit_b_32,clip_vit_b_32_linear_head,d16_up,825,825,1,0.9869940280914307,1,1,True
clip_vit_b_32,clip_vit_b_32_linear_head,d16_up,852,852,9,0.9824808239936829,9,9,True
clip_vit_b_32,clip_vit_b_32_linear_head,d16_up,855,855,4,0.9683998227119446,4,4,True
clip_vit_b_32,clip_vit_b_32_linear_head,d16_up,873,873,6,0.9768648743629456,6,4,False
clip_vit_b_32,clip_vit_b_32_linear_head,d16_up,890,890,6,0.9773838520050049,6,6,True
clip_vit_b_32,clip_vit_b_32_linear_head,d16_up,920,920,6,0.974976658821106,6,6,True
clip_vit_b_32,clip_vit_b_32_linear_head,d16_up,929,929,6,0.9833911657333374,6,6,True
clip_vit_b_32,clip_vit_b_32_linear_head,d16_up,962,962,8,0.9821511507034302,8,8,True
clip_vit_b_32,clip_vit_b_32_linear_head,d16_up,964,964,6,0.9660947918891907,6,6,True
clip_vit_b_32,clip_vit_b_32_linear_head,d16_up,977,977,6,0.972673237323761,6,6,True
clip_vit_b_32,clip_vit_b_32_linear_head,d16_up,979,979,3,0.9898419380187988,3,3,True
clip_vit_b_32,clip_vit_b_32_linear_head,d16_up,981,981,2,0.9546945095062256,2,2,True
clip_vit_b_32,clip_vit_b_32_linear_head,d16_up,1022,1022,9,0.9531137943267822,9,9,True
clip_vit_b_32,clip_vit_b_32_linear_head,d16_up,1032,1032,7,0.9818484783172607,7,7,True
clip_vit_b_32,clip_vit_b_32_linear_head,d16_up,1048,1048,7,0.9416418671607971,7,7,True
clip_vit_b_32,clip_vit_b_32_linear_head,d16_up,1090,1090,1,0.9864051938056946,1,1,True
clip_vit_b_32,clip_vit_b_32_linear_head,d16_up,1095,1095,5,0.9845420718193054,5,5,True
clip_vit_b_32,clip_vit_b_32_linear_head,d16_up,1109,1109,1,0.9745931029319763,1,1,True
clip_vit_b_32,clip_vit_b_32_linear_head,d16_up,1111,1111,4,0.9911785125732422,4,4,True
clip_vit_b_32,clip_vit_b_32_linear_head,d16_up,1115,1115,1,0.9584008455276489,1,1,True
clip_vit_b_32,clip_vit_b_32_linear_head,d16_up,1124,1124,4,0.9572763442993164,4,4,True
clip_vit_b_32,clip_vit_b_32_linear_head,d16_up,1129,1129,8,0.9798840284347534,8,8,True
clip_vit_b_32,clip_vit_b_32_linear_head,d16_up,1175,1175,0,0.9747015237808228,0,0,True
clip_vit_b_32,clip_vit_b_32_linear_head,d16_up,1202,1202,2,0.9423950910568237,2,2,True
clip_vit_b_32,clip_vit_b_32_linear_head,d16_up,1204,1204,3,0.9423431158065796,3,3,True
clip_vit_b_32,clip_vit_b_32_linear_head,d16_up,1211,1211,4,0.9614641666412354,4,4,True
clip_vit_b_32,clip_vit_b_32_linear_head,d16_up,1220,1220,7,0.9674849510192871,7,7,True
clip_vit_b_32,clip_vit_b_32_linear_head,d16_up,1230,1230,1,0.9726196527481079,1,7,False
clip_vit_b_32,clip_vit_b_32_linear_head,d16_up,1247,1247,8,0.9679946899414062,8,8,True
clip_vit_b_32,clip_vit_b_32_linear_head,d16_up,1263,1263,3,0.9829214215278625,3,3,True
clip_vit_b_32,clip_vit_b_32_linear_head,d16_up,1266,1266,4,0.9800074100494385,4,4,True
clip_vit_b_32,clip_vit_b_32_linear_head,d16_up,1287,1287,7,0.9531891942024231,7,7,True
clip_vit_b_32,clip_vit_b_32_linear_head,d16_up,1296,1296,7,0.9287973046302795,7,7,True
clip_vit_b_32,clip_vit_b_32_linear_head,d16_up,1370,1370,3,0.9536877274513245,3,3,True
clip_vit_b_32,clip_vit_b_32_linear_head,d16_up,1389,1389,0,0.980425238609314,0,0,True
clip_vit_b_32,clip_vit_b_32_linear_head,d16_up,1401,1401,3,0.9671051502227783,3,3,True
clip_vit_b_32,clip_vit_b_32_linear_head,d16_up,1403,1403,2,0.9358189702033997,2,2,True
clip_vit_b_32,clip_vit_b_32_linear_head,d16_up,1411,1411,9,0.9623698592185974,9,9,True
clip_vit_b_32,clip_vit_b_32_linear_head,d16_up,1429,1429,4,0.9647900462150574,4,4,True
clip_vit_b_32,clip_vit_b_32_linear_head,d16_up,1430,1430,9,0.972549319267273,9,9,True
clip_vit_b_32,clip_vit_b_32_linear_head,d16_up,1431,1431,3,0.9705883860588074,3,3,True
clip_vit_b_32,clip_vit_b_32_linear_head,d16_up,1436,1436,1,0.9747932553291321,1,1,True
clip_vit_b_32,clip_vit_b_32_linear_head,d16_up,1440,1440,7,0.9796078205108643,7,7,True
clip_vit_b_32,clip_vit_b_32_linear_head,d16_up,1468,1468,9,0.9715602397918701,9,9,True
clip_vit_b_32,clip_vit_b_32_linear_head,d16_up,1473,1473,7,0.9815602898597717,7,7,True
clip_vit_b_32,clip_vit_b_32_linear_head,d16_up,1515,1515,9,0.9460163116455078,9,9,True
clip_vit_b_32,clip_vit_b_32_linear_head,d16_up,1520,1520,2,0.9585321545600891,2,2,True
clip_vit_b_32,clip_vit_b_32_linear_head,d16_up,1531,1531,3,0.948862612247467,3,5,False
clip_vit_b_32,clip_vit_b_32_linear_head,d16_up,1534,1534,6,0.9710726737976074,6,6,True
clip_vit_b_32,clip_vit_b_32_linear_head,d16_up,1552,1552,5,0.9858085513114929,5,5,True
clip_vit_b_32,clip_vit_b_32_linear_head,d16_up,1553,1553,0,0.9686439037322998,0,0,True
clip_vit_b_32,clip_vit_b_32_linear_head,d16_up,1563,1563,3,0.9756549596786499,7,7,True
clip_vit_b_32,clip_vit_b_32_linear_head,d16_up,1568,1568,1,0.9798651933670044,1,1,True
clip_vit_b_32,clip_vit_b_32_linear_head,d16_up,1579,1579,7,0.9830765724182129,7,7,True
clip_vit_b_32,clip_vit_b_32_linear_head,d16_up,1586,1586,2,0.952947735786438,2,2,True
clip_vit_b_32,clip_vit_b_32_linear_head,d16_up,1596,1596,0,0.9849364161491394,0,0,True
clip_vit_b_32,clip_vit_b_32_linear_head,d16_up,1626,1626,5,0.9679566025733948,5,5,True
clip_vit_b_32,clip_vit_b_32_linear_head,d16_up,1640,1640,8,0.9860680103302002,8,8,True
clip_vit_b_32,clip_vit_b_32_linear_head,d16_up,1644,1644,5,0.9885836839675903,5,5,True
clip_vit_b_32,clip_vit_b_32_linear_head,d16_up,1648,1648,0,0.9819074273109436,0,0,True
clip_vit_b_32,clip_vit_b_32_linear_head,d16_up,1654,1654,9,0.9720572829246521,9,9,True
clip_vit_b_32,clip_vit_b_32_linear_head,d16_up,1667,1667,6,0.9746125936508179,6,6,True
clip_vit_b_32,clip_vit_b_32_linear_head,d16_up,1703,1703,7,0.9674797654151917,7,7,True
clip_vit_b_32,clip_vit_b_32_linear_head,d16_up,1711,1711,7,0.9794668555259705,7,7,True
clip_vit_b_32,clip_vit_b_32_linear_head,d16_up,1771,1771,7,0.9638264179229736,7,7,True
clip_vit_b_32,clip_vit_b_32_linear_head,d16_up,1783,1783,8,0.9840273857116699,8,8,True
clip_vit_b_32,clip_vit_b_32_linear_head,d16_up,1814,1814,2,0.973510205745697,2,2,True
clip_vit_b_32,clip_vit_b_32_linear_head,d16_up,1833,1833,8,0.9888706803321838,8,8,True
clip_vit_b_32,clip_vit_b_32_linear_head,d16_up,1836,1836,9,0.9808533191680908,9,9,True
clip_vit_b_32,clip_vit_b_32_linear_head,d16_up,1839,1839,2,0.9695444107055664,2,2,True
clip_vit_b_32,clip_vit_b_32_linear_head,d16_up,1852,1852,1,0.967218279838562,1,1,True
clip_vit_b_32,clip_vit_b_32_linear_head,d16_up,1871,1871,1,0.9915332794189453,1,1,True
clip_vit_b_32,clip_vit_b_32_linear_head,d16_up,1877,1877,5,0.9830209016799927,5,5,True
clip_vit_b_32,clip_vit_b_32_linear_head,d16_up,1884,1884,7,0.9416913986206055,7,7,True
clip_vit_b_32,clip_vit_b_32_linear_head,d16_up,1927,1927,7,0.9707924723625183,7,7,True
clip_vit_b_32,clip_vit_b_32_linear_head,d16_up,1954,1954,8,0.9638608694076538,8,8,True
clip_vit_b_32,clip_vit_b_32_linear_head,d16_up,1956,1956,7,0.9813858270645142,7,7,True
clip_vit_b_32,clip_vit_b_32_linear_head,d16_up,1960,1960,4,0.9806309938430786,4,4,True
clip_vit_b_32,clip_vit_b_32_linear_head,d16_up,1977,1977,0,0.9793593883514404,0,0,True
clip_vit_b_32,clip_vit_b_32_linear_head,d16_up,1986,1986,1,0.9899094700813293,1,1,True
clip_vit_b_32,clip_vit_b_32_linear_head,d16_up,1993,1993,1,0.9822531938552856,1,1,True
clip_vit_b_32,clip_vit_b_32_linear_head,d16_up,2003,2003,6,0.9764724373817444,6,6,True
clip_vit_b_32,clip_vit_b_32_linear_head,d16_up,2011,2011,9,0.9662343263626099,9,9,True
clip_vit_b_32,clip_vit_b_32_linear_head,d16_up,2024,2024,0,0.9846780300140381,0,0,True
clip_vit_b_32,clip_vit_b_32_linear_head,d16_up,2028,2028,3,0.963110625743866,3,3,True
clip_vit_b_32,clip_vit_b_32_linear_head,d16_up,2062,2062,9,0.9822312593460083,9,9,True
clip_vit_b_32,clip_vit_b_32_linear_head,d16_up,2070,2070,1,0.9567107558250427,1,1,True
clip_vit_b_32,clip_vit_b_32_linear_head,d16_up,2082,2082,2,0.9620516300201416,2,2,True
clip_vit_b_32,clip_vit_b_32_linear_head,d16_up,2095,2095,1,0.9914222955703735,1,1,True
clip_vit_b_32,clip_vit_b_32_linear_head,d16_up,2109,2109,8,0.9612137675285339,8,8,True
clip_vit_b_32,clip_vit_b_32_linear_head,d16_up,2114,2114,9,0.9808350205421448,9,9,True
clip_vit_b_32,clip_vit_b_32_linear_head,d16_up,2116,2116,1,0.9587550163269043,1,1,True
clip_vit_b_32,clip_vit_b_32_linear_head,d16_up,2157,2157,1,0.9693230390548706,1,1,True
clip_vit_b_32,clip_vit_b_32_linear_head,d16_up,2167,2167,9,0.9686993360519409,9,9,True
clip_vit_b_32,clip_vit_b_32_linear_head,d16_up,2178,2178,1,0.959237813949585,1,1,True
clip_vit_b_32,clip_vit_b_32_linear_head,d16_up,2191,2191,8,0.9791727662086487,8,8,True
clip_vit_b_32,clip_vit_b_32_linear_head,d16_up,2230,2230,8,0.9781494736671448,8,8,True
clip_vit_b_32,clip_vit_b_32_linear_head,d16_up,2242,2242,0,0.9843944311141968,0,0,True
clip_vit_b_32,clip_vit_b_32_linear_head,d16_up,2265,2265,5,0.9852370619773865,5,5,True
clip_vit_b_32,clip_vit_b_32_linear_head,d16_up,2268,2268,5,0.9735521078109741,5,5,True
clip_vit_b_32,clip_vit_b_32_linear_head,d16_up,2291,2291,3,0.9623931646347046,3,3,True
clip_vit_b_32,clip_vit_b_32_linear_head,d16_up,2334,2334,5,0.971015989780426,5,5,True
clip_vit_b_32,clip_vit_b_32_linear_head,d16_up,2340,2340,8,0.9744811654090881,8,8,True
clip_vit_b_32,clip_vit_b_32_linear_head,d16_up,2342,2342,8,0.9833725094795227,8,8,True
clip_vit_b_32,clip_vit_b_32_linear_head,d16_up,2351,2351,9,0.9675731062889099,9,9,True
clip_vit_b_32,clip_vit_b_32_linear_head,d16_up,2391,2391,5,0.9547573328018188,5,5,True
clip_vit_b_32,clip_vit_b_32_linear_head,d16_up,2392,2392,2,0.9778982400894165,2,2,True
clip_vit_b_32,clip_vit_b_32_linear_head,d16_up,2399,2399,4,0.982867419719696,4,4,True
clip_vit_b_32,clip_vit_b_32_linear_head,d16_up,2414,2414,9,0.9805343151092529,9,9,True
clip_vit_b_32,clip_vit_b_32_linear_head,d16_up,2427,2427,5,0.9836394190788269,5,5,True
clip_vit_b_32,clip_vit_b_32_linear_head,d16_up,2458,2458,5,0.9871000647544861,5,5,True
clip_vit_b_32,clip_vit_b_32_linear_head,d16_up,2501,2501,7,0.9746785759925842,7,7,True
clip_vit_b_32,clip_vit_b_32_linear_head,d16_up,2502,2502,2,0.9499433040618896,2,2,True
clip_vit_b_32,clip_vit_b_32_linear_head,d16_up,2536,2536,3,0.9661955833435059,3,3,True
clip_vit_b_32,clip_vit_b_32_linear_head,d16_up,2539,2539,3,0.967588484287262,3,3,True
clip_vit_b_32,clip_vit_b_32_linear_head,d16_up,2610,2610,6,0.9743027687072754,6,6,True
clip_vit_b_32,clip_vit_b_32_linear_head,d16_up,2623,2623,5,0.9647234082221985,5,5,True
clip_vit_b_32,clip_vit_b_32_linear_head,d16_up,2655,2655,9,0.97527676820755,9,9,True
clip_vit_b_32,clip_vit_b_32_linear_head,d16_up,2668,2668,7,0.9691115617752075,7,7,True
clip_vit_b_32,clip_vit_b_32_linear_head,d16_up,2676,2676,6,0.9357454180717468,6,6,True
clip_vit_b_32,clip_vit_b_32_linear_head,d16_up,2687,2687,1,0.9741789102554321,1,1,True
clip_vit_b_32,clip_vit_b_32_linear_head,d16_up,2690,2690,1,0.9775484800338745,1,1,True
clip_vit_b_32,clip_vit_b_32_linear_head,d16_up,2704,2704,4,0.983060896396637,4,4,True
clip_vit_b_32,clip_vit_b_32_linear_head,d16_up,2745,2745,8,0.9828414916992188,8,8,True
clip_vit_b_32,clip_vit_b_32_linear_head,d16_up,2746,2746,7,0.9631015062332153,7,7,True
clip_vit_b_32,clip_vit_b_32_linear_head,d16_up,2750,2750,0,0.9593542218208313,0,0,True
clip_vit_b_32,clip_vit_b_32_linear_head,d16_up,2754,2754,3,0.9502406120300293,3,3,True
clip_vit_b_32,clip_vit_b_32_linear_head,d16_up,2757,2757,4,0.9793227314949036,4,4,True
clip_vit_b_32,clip_vit_b_32_linear_head,d16_up,2766,2766,5,0.9122326374053955,5,5,True
clip_vit_b_32,clip_vit_b_32_linear_head,d16_up,2807,2807,5,0.9433231353759766,5,3,False
clip_vit_b_32,clip_vit_b_32_linear_head,d16_up,2844,2844,8,0.9756801724433899,8,8,True
clip_vit_b_32,clip_vit_b_32_linear_head,d16_up,2854,2854,7,0.9410895705223083,7,7,True
clip_vit_b_32,clip_vit_b_32_linear_head,d16_up,2861,2861,3,0.9835061430931091,3,3,True
clip_vit_b_32,clip_vit_b_32_linear_head,d16_up,2888,2888,0,0.9616674780845642,0,0,True
clip_vit_b_32,clip_vit_b_32_linear_head,d16_up,2898,2898,4,0.9857901930809021,4,4,True
clip_vit_b_32,clip_vit_b_32_linear_head,d16_up,2950,2950,5,0.9781269431114197,5,5,True
clip_vit_b_32,clip_vit_b_32_linear_head,d16_up,2958,2958,6,0.977221667766571,6,6,True
clip_vit_b_32,clip_vit_b_32_linear_head,d16_up,3015,3015,8,0.9665126800537109,8,8,True
clip_vit_b_32,clip_vit_b_32_linear_head,d16_up,3024,3024,2,0.9789827466011047,2,2,True
clip_vit_b_32,clip_vit_b_32_linear_head,d16_up,3025,3025,0,0.9675649404525757,0,0,True
clip_vit_b_32,clip_vit_b_32_linear_head,d16_up,3034,3034,4,0.9769136905670166,4,4,True
clip_vit_b_32,clip_vit_b_32_linear_head,d16_up,3067,3067,2,0.9694569110870361,2,2,True
clip_vit_b_32,clip_vit_b_32_linear_head,d16_up,3078,3078,4,0.9639230966567993,4,4,True
clip_vit_b_32,clip_vit_b_32_linear_head,d16_up,3079,3079,1,0.9805250763893127,1,1,True
clip_vit_b_32,clip_vit_b_32_linear_head,d16_up,3083,3083,0,0.9751909375190735,0,0,True
clip_vit_b_32,clip_vit_b_32_linear_head,d16_up,3122,3122,4,0.9534246325492859,4,4,True
clip_vit_b_32,clip_vit_b_32_linear_head,d16_up,3153,3153,7,0.9446458220481873,7,7,True
clip_vit_b_32,clip_vit_b_32_linear_head,d16_up,3157,3157,8,0.9812509417533875,8,8,True
clip_vit_b_32,clip_vit_b_32_linear_head,d16_up,3163,3163,2,0.9691553115844727,2,2,True
clip_vit_b_32,clip_vit_b_32_linear_head,d16_up,3179,3179,4,0.9596094489097595,4,4,True
clip_vit_b_32,clip_vit_b_32_linear_head,d16_up,3191,3191,6,0.955810546875,6,6,True
clip_vit_b_32,clip_vit_b_32_linear_head,d16_up,3276,3276,3,0.9727577567100525,7,7,True
clip_vit_b_32,clip_vit_b_32_linear_head,d16_up,3287,3287,4,0.9689904451370239,4,4,True
clip_vit_b_32,clip_vit_b_32_linear_head,d16_up,3288,3288,7,0.9682875871658325,7,7,True
clip_vit_b_32,clip_vit_b_32_linear_head,d16_up,3292,3292,6,0.950019896030426,6,6,True
clip_vit_b_32,clip_vit_b_32_linear_head,d16_up,3318,3318,9,0.9435576796531677,9,9,True
clip_vit_b_32,clip_vit_b_32_linear_head,d16_up,3347,3347,0,0.9848681092262268,0,0,True
clip_vit_b_32,clip_vit_b_32_linear_head,d16_up,3353,3353,5,0.981554388999939,5,5,True
clip_vit_b_32,clip_vit_b_32_linear_head,d16_up,3362,3362,2,0.9615498781204224,2,2,True
clip_vit_b_32,clip_vit_b_32_linear_head,d16_up,3365,3365,4,0.9570648074150085,4,4,True
clip_vit_b_32,clip_vit_b_32_linear_head,d16_up,3375,3375,3,0.9662580490112305,3,3,True
clip_vit_b_32,clip_vit_b_32_linear_head,d16_up,3383,3383,3,0.9714211821556091,3,3,True
clip_vit_b_32,clip_vit_b_32_linear_head,d16_up,3404,3404,7,0.9806652069091797,7,7,True
clip_vit_b_32,clip_vit_b_32_linear_head,d16_up,3412,3412,8,0.9754141569137573,8,8,True
clip_vit_b_32,clip_vit_b_32_linear_head,d16_up,3413,3413,1,0.9748808145523071,1,1,True
clip_vit_b_32,clip_vit_b_32_linear_head,d16_up,3418,3418,6,0.962480902671814,6,6,True
clip_vit_b_32,clip_vit_b_32_linear_head,d16_up,3437,3437,0,0.958030104637146,0,0,True
clip_vit_b_32,clip_vit_b_32_linear_head,d16_up,3446,3446,7,0.9477183818817139,7,7,True
clip_vit_b_32,clip_vit_b_32_linear_head,d16_up,3454,3454,2,0.9692095518112183,2,2,True
clip_vit_b_32,clip_vit_b_32_linear_head,d16_up,3455,3455,0,0.9549641609191895,0,0,True
clip_vit_b_32,clip_vit_b_32_linear_head,d16_up,3458,3458,4,0.9855300784111023,4,4,True
clip_vit_b_32,clip_vit_b_32_linear_head,d16_up,3467,3467,7,0.9632546901702881,7,7,True
clip_vit_b_32,clip_vit_b_32_linear_head,d16_up,3491,3491,1,0.9676688313484192,1,1,True
clip_vit_b_32,clip_vit_b_32_linear_head,d16_up,3494,3494,6,0.9673902988433838,6,6,True
clip_vit_b_32,clip_vit_b_32_linear_head,d16_up,3512,3512,4,0.9882566332817078,4,4,True
clip_vit_b_32,clip_vit_b_32_linear_head,d16_up,3515,3515,6,0.9777488708496094,6,6,True
clip_vit_b_32,clip_vit_b_32_linear_head,d16_up,3542,3542,7,0.9872403144836426,7,7,True
clip_vit_b_32,clip_vit_b_32_linear_head,d16_up,3550,3550,1,0.9372277855873108,1,1,True
clip_vit_b_32,clip_vit_b_32_linear_head,d16_up,3562,3562,3,0.9689962267875671,3,3,True
clip_vit_b_32,clip_vit_b_32_linear_head,d16_up,3755,3755,2,0.9732270836830139,2,2,True
clip_vit_b_32,clip_vit_b_32_linear_head,d16_up,3763,3763,4,0.9810558557510376,4,4,True
clip_vit_b_32,clip_vit_b_32_linear_head,d16_up,3777,3777,6,0.987896740436554,6,6,True
clip_vit_b_32,clip_vit_b_32_linear_head,d16_up,3778,3778,3,0.9850120544433594,3,3,True
clip_vit_b_32,clip_vit_b_32_linear_head,d16_up,3779,3779,6,0.9779821038246155,6,6,True
clip_vit_b_32,clip_vit_b_32_linear_head,d16_up,3844,3844,6,0.9727070927619934,6,6,True
clip_vit_b_32,clip_vit_b_32_linear_head,d16_up,3851,3851,3,0.9787318110466003,3,3,True
clip_vit_b_32,clip_vit_b_32_linear_head,d16_up,3852,3852,5,0.9478764533996582,5,5,True
clip_vit_b_32,clip_vit_b_32_linear_head,d16_up,3863,3863,5,0.9728085994720459,5,5,True
clip_vit_b_32,clip_vit_b_32_linear_head,d16_up,3867,3867,7,0.9708331823348999,7,7,True
clip_vit_b_32,clip_vit_b_32_linear_head,d16_up,3876,3876,0,0.9636362195014954,0,0,True
clip_vit_b_32,clip_vit_b_32_linear_head,d16_up,3889,3889,5,0.980070173740387,5,5,True
clip_vit_b_32,clip_vit_b_32_linear_head,d16_up,3891,3891,4,0.9794736504554749,4,4,True
clip_vit_b_32,clip_vit_b_32_linear_head,d16_up,3893,3893,9,0.9595760703086853,9,9,True
clip_vit_b_32,clip_vit_b_32_linear_head,d16_up,3905,3905,8,0.9797592163085938,8,8,True
clip_vit_b_32,clip_vit_b_32_linear_head,d16_up,3914,3914,3,0.9776300191879272,3,3,True
clip_vit_b_32,clip_vit_b_32_linear_head,d16_up,3937,3937,1,0.9819257855415344,1,1,True
clip_vit_b_32,clip_vit_b_32_linear_head,d16_up,3942,3942,9,0.9682320356369019,9,9,True
clip_vit_b_32,clip_vit_b_32_linear_head,d16_up,3948,3948,8,0.9702783226966858,8,8,True
clip_vit_b_32,clip_vit_b_32_linear_head,d16_up,3962,3962,6,0.9799822568893433,6,6,True
clip_vit_b_32,clip_vit_b_32_linear_head,d16_up,3965,3965,0,0.9909027218818665,0,0,True
clip_vit_b_32,clip_vit_b_32_linear_head,d16_up,3994,3994,4,0.9576525092124939,4,4,True
clip_vit_b_32,clip_vit_b_32_linear_head,d16_up,3996,3996,9,0.9749942421913147,9,9,True
clip_vit_b_32,clip_vit_b_32_linear_head,d16_up,4011,4011,6,0.9769125580787659,6,6,True
clip_vit_b_32,clip_vit_b_32_linear_head,d16_up,4023,4023,3,0.9566042423248291,3,3,True
clip_vit_b_32,clip_vit_b_32_linear_head,d16_up,4054,4054,4,0.9831793308258057,4,4,True
clip_vit_b_32,clip_vit_b_32_linear_head,d16_up,4065,4065,2,0.9849070310592651,2,2,True
clip_vit_b_32,clip_vit_b_32_linear_head,d16_up,4069,4069,8,0.9599392414093018,8,8,True
clip_vit_b_32,clip_vit_b_32_linear_head,d16_up,4093,4093,6,0.9660451412200928,6,6,True
clip_vit_b_32,clip_vit_b_32_linear_head,d16_up,4094,4094,9,0.9719149470329285,9,9,True
clip_vit_b_32,clip_vit_b_32_linear_head,d16_up,4106,4106,5,0.9664743542671204,5,5,True
clip_vit_b_32,clip_vit_b_32_linear_head,d16_up,4130,4130,0,0.988591730594635,0,0,True
clip_vit_b_32,clip_vit_b_32_linear_head,d16_up,4168,4168,3,0.9768728017807007,3,3,True
clip_vit_b_32,clip_vit_b_32_linear_head,d16_up,4170,4170,8,0.9464247822761536,8,8,True
clip_vit_b_32,clip_vit_b_32_linear_head,d16_up,4172,4172,7,0.9720370173454285,7,7,True
clip_vit_b_32,clip_vit_b_32_linear_head,d16_up,4177,4177,8,0.9901041984558105,8,8,True
clip_vit_b_32,clip_vit_b_32_linear_head,d16_up,4215,4215,3,0.9813611507415771,3,3,True
clip_vit_b_32,clip_vit_b_32_linear_head,d16_up,4229,4229,3,0.9815462827682495,3,3,True
clip_vit_b_32,clip_vit_b_32_linear_head,d16_up,4236,4236,7,0.9880913496017456,7,7,True
clip_vit_b_32,clip_vit_b_32_linear_head,d16_up,4242,4242,8,0.9724531173706055,8,8,True
clip_vit_b_32,clip_vit_b_32_linear_head,d16_up,4254,4254,6,0.9860434532165527,6,6,True
clip_vit_b_32,clip_vit_b_32_linear_head,d16_up,4290,4290,5,0.9660091400146484,4,4,True
clip_vit_b_32,clip_vit_b_32_linear_head,d16_up,4298,4298,1,0.9823387861251831,1,1,True
clip_vit_b_32,clip_vit_b_32_linear_head,d16_up,4308,4308,7,0.9664024114608765,7,7,True
clip_vit_b_32,clip_vit_b_32_linear_head,d16_up,4311,4311,8,0.9862241744995117,8,8,True
clip_vit_b_32,clip_vit_b_32_linear_head,d16_up,4323,4323,3,0.9594745635986328,3,3,True
clip_vit_b_32,clip_vit_b_32_linear_head,d16_up,4330,4330,3,0.955406904220581,3,3,True
clip_vit_b_32,clip_vit_b_32_linear_head,d16_up,4341,4341,6,0.9736409187316895,6,6,True
clip_vit_b_32,clip_vit_b_32_linear_head,d16_up,4355,4355,8,0.9551196694374084,8,8,True
clip_vit_b_32,clip_vit_b_32_linear_head,d16_up,4399,4399,0,0.9724303483963013,0,0,True
clip_vit_b_32,clip_vit_b_32_linear_head,d16_up,4403,4403,7,0.9628652334213257,7,7,True
clip_vit_b_32,clip_vit_b_32_linear_head,d16_up,4411,4411,6,0.9547997117042542,6,6,True
clip_vit_b_32,clip_vit_b_32_linear_head,d16_up,4449,4449,9,0.9266998767852783,9,9,True
clip_vit_b_32,clip_vit_b_32_linear_head,d16_up,4463,4463,3,0.9482542872428894,3,3,True
clip_vit_b_32,clip_vit_b_32_linear_head,d16_up,4531,4531,3,0.9787257313728333,3,3,True
clip_vit_b_32,clip_vit_b_32_linear_head,d16_up,4539,4539,0,0.9694039225578308,0,0,True
clip_vit_b_32,clip_vit_b_32_linear_head,d16_up,4547,4547,5,0.9856411814689636,5,5,True
clip_vit_b_32,clip_vit_b_32_linear_head,d16_up,4552,4552,8,0.9547587633132935,8,8,True
clip_vit_b_32,clip_vit_b_32_linear_head,d16_up,4570,4570,5,0.9753063917160034,5,5,True
clip_vit_b_32,clip_vit_b_32_linear_head,d16_up,4590,4590,3,0.9934306144714355,3,3,True
clip_vit_b_32,clip_vit_b_32_linear_head,d16_up,4609,4609,3,0.9680436849594116,3,3,True
clip_vit_b_32,clip_vit_b_32_linear_head,d16_up,4615,4615,0,0.964191198348999,0,0,True
clip_vit_b_32,clip_vit_b_32_linear_head,d16_up,4617,4617,0,0.9901804327964783,0,0,True
clip_vit_b_32,clip_vit_b_32_linear_head,d16_up,4620,4620,6,0.9453391432762146,6,6,True
clip_vit_b_32,clip_vit_b_32_linear_head,d16_up,4629,4629,4,0.9803265333175659,4,4,True
clip_vit_b_32,clip_vit_b_32_linear_head,d16_up,4640,4640,1,0.9412215352058411,1,1,True
clip_vit_b_32,clip_vit_b_32_linear_head,d16_up,4642,4642,4,0.9877108335494995,4,4,True
clip_vit_b_32,clip_vit_b_32_linear_head,d16_up,4661,4661,7,0.9782782196998596,7,7,True
clip_vit_b_32,clip_vit_b_32_linear_head,d16_up,4662,4662,8,0.990216851234436,8,8,True
clip_vit_b_32,clip_vit_b_32_linear_head,d16_up,4675,4675,0,0.9917172193527222,0,0,True
clip_vit_b_32,clip_vit_b_32_linear_head,d16_up,4676,4676,8,0.977317750453949,8,8,True
clip_vit_b_32,clip_vit_b_32_linear_head,d16_up,4704,4704,7,0.9664761424064636,7,7,True
clip_vit_b_32,clip_vit_b_32_linear_head,d16_up,4723,4723,9,0.9730502963066101,9,9,True
clip_vit_b_32,clip_vit_b_32_linear_head,d16_up,4731,4731,6,0.9857533574104309,6,6,True
clip_vit_b_32,clip_vit_b_32_linear_head,d16_up,4735,4735,2,0.9728080034255981,2,2,True
clip_vit_b_32,clip_vit_b_32_linear_head,d16_up,4740,4740,4,0.9700108170509338,4,4,True
clip_vit_b_32,clip_vit_b_32_linear_head,d16_up,4746,4746,6,0.9709721207618713,6,6,True
clip_vit_b_32,clip_vit_b_32_linear_head,d16_up,4748,4748,7,0.9924026131629944,7,7,True
clip_vit_b_32,clip_vit_b_32_linear_head,d16_up,4754,4754,6,0.9861106872558594,6,6,True
clip_vit_b_32,clip_vit_b_32_linear_head,d16_up,4785,4785,0,0.9402285814285278,0,0,True
clip_vit_b_32,clip_vit_b_32_linear_head,d16_up,4791,4791,7,0.9767013192176819,7,7,True
clip_vit_b_32,clip_vit_b_32_linear_head,d16_up,4819,4819,0,0.9875646233558655,0,0,True
clip_vit_b_32,clip_vit_b_32_linear_head,d16_up,4821,4821,3,0.9669212102890015,3,3,True
clip_vit_b_32,clip_vit_b_32_linear_head,d16_up,4827,4827,6,0.985601007938385,6,6,True
clip_vit_b_32,clip_vit_b_32_linear_head,d16_up,4850,4850,5,0.973892092704773,5,5,True
clip_vit_b_32,clip_vit_b_32_linear_head,d16_up,4881,4881,3,0.9696662425994873,3,3,True
clip_vit_b_32,clip_vit_b_32_linear_head,d16_up,4893,4893,0,0.9886296391487122,0,0,True
clip_vit_b_32,clip_vit_b_32_linear_head,d16_up,4908,4908,3,0.9780092835426331,3,3,True
clip_vit_b_32,clip_vit_b_32_linear_head,d16_up,4913,4913,2,0.9718571305274963,2,2,True
clip_vit_b_32,clip_vit_b_32_linear_head,d16_up,4921,4921,2,0.9736428260803223,2,2,True
clip_vit_b_32,clip_vit_b_32_linear_head,d16_up,4953,4953,5,0.9637058973312378,5,5,True
clip_vit_b_32,clip_vit_b_32_linear_head,d16_up,4966,4966,5,0.9824507236480713,5,5,True
clip_vit_b_32,clip_vit_b_32_linear_head,d16_up,4990,4990,8,0.9716703295707703,8,8,True
clip_vit_b_32,clip_vit_b_32_linear_head,d16_up,5000,5000,8,0.9818031191825867,8,8,True
clip_vit_b_32,clip_vit_b_32_linear_head,d16_up,5030,5030,2,0.9687460660934448,2,2,True
clip_vit_b_32,clip_vit_b_32_linear_head,d16_up,5062,5062,4,0.987444281578064,4,4,True
clip_vit_b_32,clip_vit_b_32_linear_head,d16_up,5077,5077,4,0.970725417137146,4,4,True
clip_vit_b_32,clip_vit_b_32_linear_head,d16_up,5082,5082,6,0.9816321134567261,6,6,True
clip_vit_b_32,clip_vit_b_32_linear_head,d16_up,5092,5092,1,0.9603894948959351,1,1,True
clip_vit_b_32,clip_vit_b_32_linear_head,d16_up,5101,5101,5,0.9835089445114136,5,5,True
clip_vit_b_32,clip_vit_b_32_linear_head,d16_up,5117,5117,0,0.9878120422363281,0,0,True
clip_vit_b_32,clip_vit_b_32_linear_head,d16_up,5123,5123,1,0.9570175409317017,1,1,True
clip_vit_b_32,clip_vit_b_32_linear_head,d16_up,5135,5135,4,0.9714106321334839,4,4,True
clip_vit_b_32,clip_vit_b_32_linear_head,d16_up,5183,5183,2,0.9657084345817566,2,2,True
clip_vit_b_32,clip_vit_b_32_linear_head,d16_up,5213,5213,4,0.9817020297050476,4,4,True
clip_vit_b_32,clip_vit_b_32_linear_head,d16_up,5218,5218,2,0.9815540313720703,2,2,True
clip_vit_b_32,clip_vit_b_32_linear_head,d16_up,5220,5220,1,0.9524804353713989,7,1,False
clip_vit_b_32,clip_vit_b_32_linear_head,d16_up,5237,5237,2,0.9660698175430298,2,2,True
clip_vit_b_32,clip_vit_b_32_linear_head,d16_up,5256,5256,1,0.9543982744216919,1,1,True
clip_vit_b_32,clip_vit_b_32_linear_head,d16_up,5284,5284,9,0.9406855702400208,9,9,True
clip_vit_b_32,clip_vit_b_32_linear_head,d16_up,5301,5301,9,0.9531465768814087,9,9,True
clip_vit_b_32,clip_vit_b_32_linear_head,d16_up,5318,5318,2,0.9536058902740479,2,2,True
clip_vit_b_32,clip_vit_b_32_linear_head,d16_up,5332,5332,5,0.9500285983085632,5,5,True
clip_vit_b_32,clip_vit_b_32_linear_head,d16_up,5333,5333,2,0.9723031520843506,2,2,True
clip_vit_b_32,clip_vit_b_32_linear_head,d16_up,5360,5360,9,0.9822407960891724,9,9,True
clip_vit_b_32,clip_vit_b_32_linear_head,d16_up,5381,5381,5,0.9139976501464844,5,5,True
clip_vit_b_32,clip_vit_b_32_linear_head,d16_up,5382,5382,6,0.9541612267494202,6,6,True
clip_vit_b_32,clip_vit_b_32_linear_head,d16_up,5395,5395,2,0.9714685678482056,2,2,True
clip_vit_b_32,clip_vit_b_32_linear_head,d16_up,5402,5402,4,0.9787749648094177,4,4,True
clip_vit_b_32,clip_vit_b_32_linear_head,d16_up,5408,5408,6,0.9875223636627197,6,6,True
clip_vit_b_32,clip_vit_b_32_linear_head,d16_up,5436,5436,7,0.9689937829971313,7,7,True
clip_vit_b_32,clip_vit_b_32_linear_head,d16_up,5447,5447,9,0.951827347278595,9,9,True
clip_vit_b_32,clip_vit_b_32_linear_head,d16_up,5450,5450,7,0.9787163734436035,7,7,True
clip_vit_b_32,clip_vit_b_32_linear_head,d16_up,5451,5451,8,0.9766706228256226,8,8,True
clip_vit_b_32,clip_vit_b_32_linear_head,d16_up,5452,5452,9,0.9221774935722351,9,9,True
clip_vit_b_32,clip_vit_b_32_linear_head,d16_up,5467,5467,4,0.9758071899414062,4,4,True
clip_vit_b_32,clip_vit_b_32_linear_head,d16_up,5478,5478,0,0.968411922454834,0,0,True
clip_vit_b_32,clip_vit_b_32_linear_head,d16_up,5488,5488,1,0.9817688465118408,1,1,True
clip_vit_b_32,clip_vit_b_32_linear_head,d16_up,5496,5496,5,0.9772887229919434,5,5,True
clip_vit_b_32,clip_vit_b_32_linear_head,d16_up,5508,5508,9,0.9634757041931152,9,9,True
clip_vit_b_32,clip_vit_b_32_linear_head,d16_up,5512,5512,2,0.9386120438575745,9,9,True
clip_vit_b_32,clip_vit_b_32_linear_head,d16_up,5525,5525,8,0.9747146964073181,8,8,True
clip_vit_b_32,clip_vit_b_32_linear_head,d16_up,5528,5528,3,0.9754805564880371,3,3,True
clip_vit_b_32,clip_vit_b_32_linear_head,d16_up,5556,5556,4,0.9660179615020752,4,4,True
clip_vit_b_32,clip_vit_b_32_linear_head,d16_up,5560,5560,1,0.9847546219825745,1,1,True
clip_vit_b_32,clip_vit_b_32_linear_head,d16_up,5572,5572,9,0.9831674695014954,9,9,True
clip_vit_b_32,clip_vit_b_32_linear_head,d16_up,5580,5580,6,0.9778183698654175,6,6,True
clip_vit_b_32,clip_vit_b_32_linear_head,d16_up,5590,5590,9,0.9521044492721558,9,9,True
clip_vit_b_32,clip_vit_b_32_linear_head,d16_up,5623,5623,4,0.9789913892745972,4,4,True
clip_vit_b_32,clip_vit_b_32_linear_head,d16_up,5677,5677,2,0.9745136499404907,2,2,True
clip_vit_b_32,clip_vit_b_32_linear_head,d16_up,5694,5694,8,0.974246621131897,8,8,True
clip_vit_b_32,clip_vit_b_32_linear_head,d16_up,5701,5701,5,0.9863975048065186,5,5,True
clip_vit_b_32,clip_vit_b_32_linear_head,d16_up,5705,5705,8,0.9773445129394531,8,8,True
clip_vit_b_32,clip_vit_b_32_linear_head,d16_up,5719,5719,7,0.9450621604919434,7,7,True
clip_vit_b_32,clip_vit_b_32_linear_head,d16_up,5729,5729,6,0.9449830651283264,6,6,True
clip_vit_b_32,clip_vit_b_32_linear_head,d16_up,5756,5756,2,0.9516018629074097,2,2,True
clip_vit_b_32,clip_vit_b_32_linear_head,d16_up,5788,5788,9,0.9798598289489746,9,9,True
clip_vit_b_32,clip_vit_b_32_linear_head,d16_up,5789,5789,4,0.9742153286933899,4,4,True
clip_vit_b_32,clip_vit_b_32_linear_head,d16_up,5824,5824,2,0.9648453593254089,2,2,True
clip_vit_b_32,clip_vit_b_32_linear_head,d16_up,5848,5848,7,0.9768855571746826,7,7,True
clip_vit_b_32,clip_vit_b_32_linear_head,d16_up,5851,5851,9,0.9913519620895386,9,9,True
clip_vit_b_32,clip_vit_b_32_linear_head,d16_up,5857,5857,6,0.9380864500999451,6,6,True
clip_vit_b_32,clip_vit_b_32_linear_head,d16_up,5858,5858,6,0.9861413240432739,6,6,True
clip_vit_b_32,clip_vit_b_32_linear_head,d16_up,5912,5912,0,0.966588020324707,0,0,True
clip_vit_b_32,clip_vit_b_32_linear_head,d16_up,5915,5915,9,0.9614760279655457,9,9,True
clip_vit_b_32,clip_vit_b_32_linear_head,d16_up,5918,5918,0,0.9374963641166687,0,0,True
clip_vit_b_32,clip_vit_b_32_linear_head,d16_up,5924,5924,5,0.9740499258041382,5,5,True
clip_vit_b_32,clip_vit_b_32_linear_head,d16_up,5977,5977,7,0.9724134802818298,7,7,True
clip_vit_b_32,clip_vit_b_32_linear_head,d16_up,5981,5981,9,0.969697892665863,9,9,True
clip_vit_b_32,clip_vit_b_32_linear_head,d16_up,5999,5999,0,0.9645514488220215,0,0,True
clip_vit_b_32,clip_vit_b_32_linear_head,d16_up,6028,6028,2,0.9634645581245422,2,2,True
clip_vit_b_32,clip_vit_b_32_linear_head,d16_up,6033,6033,4,0.9449141025543213,4,4,True
clip_vit_b_32,clip_vit_b_32_linear_head,d16_up,6076,6076,1,0.982345461845398,1,1,True
clip_vit_b_32,clip_vit_b_32_linear_head,d16_up,6084,6084,7,0.9803118705749512,7,7,True
clip_vit_b_32,clip_vit_b_32_linear_head,d16_up,6097,6097,4,0.9803404211997986,4,4,True
clip_vit_b_32,clip_vit_b_32_linear_head,d16_up,6169,6169,1,0.9828341603279114,1,1,True
clip_vit_b_32,clip_vit_b_32_linear_head,d16_up,6190,6190,7,0.9780627489089966,7,7,True
clip_vit_b_32,clip_vit_b_32_linear_head,d16_up,6224,6224,5,0.9814018607139587,5,5,True
clip_vit_b_32,clip_vit_b_32_linear_head,d16_up,6244,6244,2,0.9204566478729248,2,2,True
clip_vit_b_32,clip_vit_b_32_linear_head,d16_up,6264,6264,2,0.9439282417297363,2,2,True
clip_vit_b_32,clip_vit_b_32_linear_head,d16_up,6271,6271,2,0.9729542136192322,2,2,True
clip_vit_b_32,clip_vit_b_32_linear_head,d16_up,6288,6288,4,0.9720702767372131,4,4,True
clip_vit_b_32,clip_vit_b_32_linear_head,d16_up,6332,6332,2,0.9742248058319092,2,2,True
clip_vit_b_32,clip_vit_b_32_linear_head,d16_up,6349,6349,1,0.9661725163459778,1,1,True
clip_vit_b_32,clip_vit_b_32_linear_head,d16_up,6354,6354,2,0.9612622857093811,2,2,True
clip_vit_b_32,clip_vit_b_32_linear_head,d16_up,6358,6358,5,0.9766461849212646,5,5,True
clip_vit_b_32,clip_vit_b_32_linear_head,d16_up,6381,6381,6,0.9740186929702759,6,6,True
clip_vit_b_32,clip_vit_b_32_linear_head,d16_up,6414,6414,5,0.9500330686569214,5,5,True
clip_vit_b_32,clip_vit_b_32_linear_head,d16_up,6426,6426,2,0.9656223654747009,2,2,True
clip_vit_b_32,clip_vit_b_32_linear_head,d16_up,6434,6434,8,0.9790393710136414,8,8,True
clip_vit_b_32,clip_vit_b_32_linear_head,d16_up,6437,6437,0,0.9837964177131653,0,0,True
clip_vit_b_32,clip_vit_b_32_linear_head,d16_up,6455,6455,0,0.9812914133071899,0,0,True
clip_vit_b_32,clip_vit_b_32_linear_head,d16_up,6490,6490,3,0.9785631895065308,3,3,True
clip_vit_b_32,clip_vit_b_32_linear_head,d16_up,6503,6503,2,0.9459660053253174,2,2,True
clip_vit_b_32,clip_vit_b_32_linear_head,d16_up,6508,6508,4,0.9755875468254089,4,4,True
clip_vit_b_32,clip_vit_b_32_linear_head,d16_up,6528,6528,4,0.9728748798370361,4,4,True
clip_vit_b_32,clip_vit_b_32_linear_head,d16_up,6594,6594,1,0.9918573498725891,1,1,True
clip_vit_b_32,clip_vit_b_32_linear_head,d16_up,6609,6609,0,0.9635542631149292,0,0,True
clip_vit_b_32,clip_vit_b_32_linear_head,d16_up,6616,6616,2,0.9527443647384644,2,2,True
clip_vit_b_32,clip_vit_b_32_linear_head,d16_up,6650,6650,7,0.9732793569564819,7,7,True
clip_vit_b_32,clip_vit_b_32_linear_head,d16_up,6689,6689,8,0.9155170917510986,8,8,True
clip_vit_b_32,clip_vit_b_32_linear_head,d16_up,6692,6692,2,0.979308009147644,2,2,True
clip_vit_b_32,clip_vit_b_32_linear_head,d16_up,6713,6713,6,0.9522277116775513,6,6,True
clip_vit_b_32,clip_vit_b_32_linear_head,d16_up,6716,6716,5,0.9634664058685303,5,5,True
clip_vit_b_32,clip_vit_b_32_linear_head,d16_up,6726,6726,7,0.9583637714385986,7,7,True
clip_vit_b_32,clip_vit_b_32_linear_head,d16_up,6733,6733,1,0.9927027225494385,1,1,True
clip_vit_b_32,clip_vit_b_32_linear_head,d16_up,6772,6772,7,0.9744462966918945,7,7,True
clip_vit_b_32,clip_vit_b_32_linear_head,d16_up,6805,6805,1,0.9701679944992065,1,1,True
clip_vit_b_32,clip_vit_b_32_linear_head,d16_up,6836,6836,1,0.9856289625167847,1,1,True
clip_vit_b_32,clip_vit_b_32_linear_head,d16_up,6844,6844,0,0.9832490086555481,0,0,True
clip_vit_b_32,clip_vit_b_32_linear_head,d16_up,6922,6922,5,0.972432017326355,5,5,True
clip_vit_b_32,clip_vit_b_32_linear_head,d16_up,6931,6931,9,0.9688935875892639,9,9,True
clip_vit_b_32,clip_vit_b_32_linear_head,d16_up,6938,6938,1,0.9770452380180359,1,1,True
clip_vit_b_32,clip_vit_b_32_linear_head,d16_up,6952,6952,3,0.990156888961792,3,3,True
clip_vit_b_32,clip_vit_b_32_linear_head,d16_up,6954,6954,1,0.9629810452461243,1,1,True
clip_vit_b_32,clip_vit_b_32_linear_head,d16_up,6986,6986,0,0.9665652513504028,0,0,True
clip_vit_b_32,clip_vit_b_32_linear_head,d16_up,6989,6989,5,0.9567052721977234,5,5,True
clip_vit_b_32,clip_vit_b_32_linear_head,d16_up,7009,7009,0,0.9406684041023254,0,0,True
clip_vit_b_32,clip_vit_b_32_linear_head,d16_up,7029,7029,1,0.9788084030151367,1,1,True
clip_vit_b_32,clip_vit_b_32_linear_head,d16_up,7033,7033,1,0.9810435771942139,1,1,True
clip_vit_b_32,clip_vit_b_32_linear_head,d16_up,7041,7041,5,0.9381974935531616,5,5,True
clip_vit_b_32,clip_vit_b_32_linear_head,d16_up,7047,7047,9,0.9815413951873779,9,9,True
clip_vit_b_32,clip_vit_b_32_linear_head,d16_up,7081,7081,7,0.9725619554519653,7,7,True
clip_vit_b_32,clip_vit_b_32_linear_head,d16_up,7084,7084,2,0.9666882157325745,2,2,True
clip_vit_b_32,clip_vit_b_32_linear_head,d16_up,7108,7108,6,0.9810505509376526,6,6,True
clip_vit_b_32,clip_vit_b_32_linear_head,d16_up,7130,7130,5,0.990088701248169,5,5,True
clip_vit_b_32,clip_vit_b_32_linear_head,d16_up,7138,7138,8,0.9558168649673462,8,8,True
clip_vit_b_32,clip_vit_b_32_linear_head,d16_up,7150,7150,0,0.9874477982521057,0,0,True
clip_vit_b_32,clip_vit_b_32_linear_head,d16_up,7202,7202,1,0.9816396236419678,1,1,True
clip_vit_b_32,clip_vit_b_32_linear_head,d16_up,7262,7262,0,0.9850583672523499,0,0,True
clip_vit_b_32,clip_vit_b_32_linear_head,d16_up,7266,7266,9,0.9556741118431091,9,9,True
clip_vit_b_32,clip_vit_b_32_linear_head,d16_up,7270,7270,7,0.9621573686599731,7,7,True
clip_vit_b_32,clip_vit_b_32_linear_head,d16_up,7309,7309,0,0.9582182765007019,0,0,True
clip_vit_b_32,clip_vit_b_32_linear_head,d16_up,7320,7320,0,0.9529578685760498,0,0,True
clip_vit_b_32,clip_vit_b_32_linear_head,d16_up,7338,7338,6,0.9642507433891296,6,6,True
clip_vit_b_32,clip_vit_b_32_linear_head,d16_up,7372,7372,0,0.9540441632270813,0,0,True
clip_vit_b_32,clip_vit_b_32_linear_head,d16_up,7373,7373,0,0.9645035862922668,0,0,True
clip_vit_b_32,clip_vit_b_32_linear_head,d16_up,7380,7380,9,0.9711992740631104,9,9,True
clip_vit_b_32,clip_vit_b_32_linear_head,d16_up,7390,7390,1,0.9893176555633545,1,1,True
clip_vit_b_32,clip_vit_b_32_linear_head,d16_up,7413,7413,5,0.9765805602073669,3,3,True
clip_vit_b_32,clip_vit_b_32_linear_head,d16_up,7416,7416,3,0.9789347648620605,3,3,True
clip_vit_b_32,clip_vit_b_32_linear_head,d16_up,7425,7425,2,0.9787018299102783,2,2,True
clip_vit_b_32,clip_vit_b_32_linear_head,d16_up,7446,7446,8,0.9638997316360474,8,8,True
clip_vit_b_32,clip_vit_b_32_linear_head,d16_up,7460,7460,8,0.9809697866439819,8,8,True
clip_vit_b_32,clip_vit_b_32_linear_head,d16_up,7465,7465,0,0.9488742351531982,0,0,True
clip_vit_b_32,clip_vit_b_32_linear_head,d16_up,7474,7474,5,0.9581975340843201,5,5,True
clip_vit_b_32,clip_vit_b_32_linear_head,d16_up,7475,7475,4,0.9632108211517334,4,4,True
clip_vit_b_32,clip_vit_b_32_linear_head,d16_up,7476,7476,8,0.9702870845794678,8,8,True
clip_vit_b_32,clip_vit_b_32_linear_head,d16_up,7544,7544,9,0.9743441343307495,9,9,True
clip_vit_b_32,clip_vit_b_32_linear_head,d16_up,7555,7555,6,0.9701112508773804,6,6,True
clip_vit_b_32,clip_vit_b_32_linear_head,d16_up,7600,7600,6,0.9624085426330566,6,6,True
clip_vit_b_32,clip_vit_b_32_linear_head,d16_up,7610,7610,4,0.9724802374839783,4,4,True
clip_vit_b_32,clip_vit_b_32_linear_head,d16_up,7634,7634,0,0.9826552271842957,0,0,True
clip_vit_b_32,clip_vit_b_32_linear_head,d16_up,7692,7692,4,0.9797441363334656,4,4,True
clip_vit_b_32,clip_vit_b_32_linear_head,d16_up,7706,7706,5,0.9655990600585938,5,5,True
clip_vit_b_32,clip_vit_b_32_linear_head,d16_up,7726,7726,6,0.9622384905815125,6,6,True
clip_vit_b_32,clip_vit_b_32_linear_head,d16_up,7744,7744,3,0.9779856204986572,3,3,True
clip_vit_b_32,clip_vit_b_32_linear_head,d16_up,7752,7752,9,0.980378270149231,9,9,True
clip_vit_b_32,clip_vit_b_32_linear_head,d16_up,7776,7776,5,0.9567914009094238,5,5,True
clip_vit_b_32,clip_vit_b_32_linear_head,d16_up,7779,7779,6,0.9783432483673096,6,6,True
clip_vit_b_32,clip_vit_b_32_linear_head,d16_up,7781,7781,6,0.9892949461936951,6,6,True
clip_vit_b_32,clip_vit_b_32_linear_head,d16_up,7793,7793,3,0.964715301990509,3,3,True
clip_vit_b_32,clip_vit_b_32_linear_head,d16_up,7797,7797,3,0.9546193480491638,3,3,True
clip_vit_b_32,clip_vit_b_32_linear_head,d16_up,7810,7810,8,0.9783145189285278,8,8,True
clip_vit_b_32,clip_vit_b_32_linear_head,d16_up,7818,7818,8,0.967090904712677,8,8,True
clip_vit_b_32,clip_vit_b_32_linear_head,d16_up,7835,7835,7,0.9367048740386963,7,7,True
clip_vit_b_32,clip_vit_b_32_linear_head,d16_up,7864,7864,4,0.9849229454994202,4,4,True
clip_vit_b_32,clip_vit_b_32_linear_head,d16_up,7875,7875,8,0.9789524078369141,8,8,True
clip_vit_b_32,clip_vit_b_32_linear_head,d16_up,7938,7938,9,0.9567563533782959,9,9,True
clip_vit_b_32,clip_vit_b_32_linear_head,d16_up,7940,7940,4,0.9751949310302734,4,4,True
clip_vit_b_32,clip_vit_b_32_linear_head,d16_up,7944,7944,4,0.9693576097488403,4,4,True
clip_vit_b_32,clip_vit_b_32_linear_head,d16_up,7955,7955,1,0.9699307680130005,1,1,True
clip_vit_b_32,clip_vit_b_32_linear_head,d16_up,7995,7995,9,0.9497383236885071,9,9,True
clip_vit_b_32,clip_vit_b_32_linear_head,d16_up,7996,7996,6,0.9721640944480896,6,6,True
clip_vit_b_32,clip_vit_b_32_linear_head,d16_up,7999,7999,8,0.9801442623138428,8,8,True
clip_vit_b_32,clip_vit_b_32_linear_head,d16_down,3,3,0,0.9791490435600281,0,0,True
clip_vit_b_32,clip_vit_b_32_linear_head,d16_down,29,29,7,0.9785348773002625,7,7,True
clip_vit_b_32,clip_vit_b_32_linear_head,d16_down,35,35,2,0.9676423668861389,2,2,True
clip_vit_b_32,clip_vit_b_32_linear_head,d16_down,42,42,0,0.9721498489379883,0,0,True
clip_vit_b_32,clip_vit_b_32_linear_head,d16_down,49,49,2,0.9738946557044983,2,2,True
clip_vit_b_32,clip_vit_b_32_linear_head,d16_down,81,81,0,0.981184184551239,0,0,True
clip_vit_b_32,clip_vit_b_32_linear_head,d16_down,95,95,1,0.9713390469551086,1,1,True
clip_vit_b_32,clip_vit_b_32_linear_head,d16_down,97,97,5,0.9880210161209106,5,5,True
clip_vit_b_32,clip_vit_b_32_linear_head,d16_down,116,116,1,0.9752135276794434,1,1,True
clip_vit_b_32,clip_vit_b_32_linear_head,d16_down,131,131,9,0.9713786244392395,9,9,True
clip_vit_b_32,clip_vit_b_32_linear_head,d16_down,151,151,8,0.9761249423027039,8,8,True
clip_vit_b_32,clip_vit_b_32_linear_head,d16_down,171,171,4,0.9739780426025391,4,4,True
clip_vit_b_32,clip_vit_b_32_linear_head,d16_down,176,176,3,0.9693692922592163,3,3,True
clip_vit_b_32,clip_vit_b_32_linear_head,d16_down,191,191,9,0.9434004426002502,2,2,True
clip_vit_b_32,clip_vit_b_32_linear_head,d16_down,194,194,8,0.9738739728927612,8,8,True
clip_vit_b_32,clip_vit_b_32_linear_head,d16_down,198,198,1,0.9837457537651062,1,1,True
clip_vit_b_32,clip_vit_b_32_linear_head,d16_down,239,239,9,0.9701511859893799,9,9,True
clip_vit_b_32,clip_vit_b_32_linear_head,d16_down,261,261,1,0.9667373299598694,1,1,True
clip_vit_b_32,clip_vit_b_32_linear_head,d16_down,269,269,7,0.9482861757278442,7,7,True
clip_vit_b_32,clip_vit_b_32_linear_head,d16_down,276,276,9,0.9534511566162109,9,9,True
clip_vit_b_32,clip_vit_b_32_linear_head,d16_down,303,303,9,0.9794449210166931,9,9,True
clip_vit_b_32,clip_vit_b_32_linear_head,d16_down,304,304,1,0.9758890271186829,1,1,True
clip_vit_b_32,clip_vit_b_32_linear_head,d16_down,317,317,2,0.9522839784622192,2,2,True
clip_vit_b_32,clip_vit_b_32_linear_head,d16_down,319,319,5,0.9710706472396851,5,5,True
clip_vit_b_32,clip_vit_b_32_linear_head,d16_down,323,323,7,0.9793804883956909,7,7,True
clip_vit_b_32,clip_vit_b_32_linear_head,d16_down,365,365,3,0.9897236227989197,3,3,True
clip_vit_b_32,clip_vit_b_32_linear_head,d16_down,370,370,7,0.9659308195114136,7,7,True
clip_vit_b_32,clip_vit_b_32_linear_head,d16_down,372,372,3,0.9735772609710693,3,3,True
clip_vit_b_32,clip_vit_b_32_linear_head,d16_down,378,378,5,0.9754165410995483,5,5,True
clip_vit_b_32,clip_vit_b_32_linear_head,d16_down,391,391,3,0.978979229927063,3,3,True
clip_vit_b_32,clip_vit_b_32_linear_head,d16_down,409,409,2,0.9668235182762146,2,2,True
clip_vit_b_32,clip_vit_b_32_linear_head,d16_down,419,419,9,0.9553938508033752,9,9,True
clip_vit_b_32,clip_vit_b_32_linear_head,d16_down,449,449,6,0.9676061868667603,6,6,True
clip_vit_b_32,clip_vit_b_32_linear_head,d16_down,470,470,2,0.9805962443351746,2,2,True
clip_vit_b_32,clip_vit_b_32_linear_head,d16_down,483,483,2,0.9635788798332214,2,2,True
clip_vit_b_32,clip_vit_b_32_linear_head,d16_down,484,484,0,0.9503769278526306,0,0,True
clip_vit_b_32,clip_vit_b_32_linear_head,d16_down,506,506,4,0.9842925667762756,4,4,True
clip_vit_b_32,clip_vit_b_32_linear_head,d16_down,545,545,6,0.9602071046829224,6,6,True
clip_vit_b_32,clip_vit_b_32_linear_head,d16_down,562,562,0,0.9747437834739685,0,0,True
clip_vit_b_32,clip_vit_b_32_linear_head,d16_down,568,568,5,0.986620306968689,5,5,True
clip_vit_b_32,clip_vit_b_32_linear_head,d16_down,603,603,9,0.9345676898956299,9,9,True
clip_vit_b_32,clip_vit_b_32_linear_head,d16_down,632,632,3,0.9861174821853638,3,3,True
clip_vit_b_32,clip_vit_b_32_linear_head,d16_down,645,645,5,0.9850289821624756,5,5,True
clip_vit_b_32,clip_vit_b_32_linear_head,d16_down,667,667,8,0.982108473777771,8,8,True
clip_vit_b_32,clip_vit_b_32_linear_head,d16_down,672,672,3,0.9701454639434814,3,3,True
clip_vit_b_32,clip_vit_b_32_linear_head,d16_down,677,677,3,0.973008394241333,3,3,True
clip_vit_b_32,clip_vit_b_32_linear_head,d16_down,685,685,5,0.9919993877410889,5,5,True
clip_vit_b_32,clip_vit_b_32_linear_head,d16_down,691,691,4,0.9882959127426147,4,4,True
clip_vit_b_32,clip_vit_b_32_linear_head,d16_down,706,706,8,0.9433013796806335,8,8,True
clip_vit_b_32,clip_vit_b_32_linear_head,d16_down,714,714,2,0.9603866338729858,2,2,True
clip_vit_b_32,clip_vit_b_32_linear_head,d16_down,716,716,8,0.9922981262207031,8,8,True
clip_vit_b_32,clip_vit_b_32_linear_head,d16_down,738,738,3,0.9620391726493835,3,3,True
clip_vit_b_32,clip_vit_b_32_linear_head,d16_down,739,739,8,0.9759672284126282,8,8,True
clip_vit_b_32,clip_vit_b_32_linear_head,d16_down,766,766,4,0.9751628041267395,6,6,True
clip_vit_b_32,clip_vit_b_32_linear_head,d16_down,791,791,3,0.9310065507888794,3,3,True
clip_vit_b_32,clip_vit_b_32_linear_head,d16_down,805,805,9,0.9730218052864075,9,9,True
clip_vit_b_32,clip_vit_b_32_linear_head,d16_down,825,825,1,0.9866899251937866,1,1,True
clip_vit_b_32,clip_vit_b_32_linear_head,d16_down,852,852,9,0.9757641553878784,9,9,True
clip_vit_b_32,clip_vit_b_32_linear_head,d16_down,855,855,4,0.977077841758728,4,4,True
clip_vit_b_32,clip_vit_b_32_linear_head,d16_down,873,873,6,0.9764231443405151,6,4,False
clip_vit_b_32,clip_vit_b_32_linear_head,d16_down,890,890,6,0.9793875217437744,6,6,True
clip_vit_b_32,clip_vit_b_32_linear_head,d16_down,920,920,6,0.9547839760780334,6,6,True
clip_vit_b_32,clip_vit_b_32_linear_head,d16_down,929,929,6,0.9815604090690613,6,6,True
clip_vit_b_32,clip_vit_b_32_linear_head,d16_down,962,962,8,0.9831169843673706,8,8,True
clip_vit_b_32,clip_vit_b_32_linear_head,d16_down,964,964,6,0.9615682363510132,6,6,True
clip_vit_b_32,clip_vit_b_32_linear_head,d16_down,977,977,6,0.9710548520088196,6,6,True
clip_vit_b_32,clip_vit_b_32_linear_head,d16_down,979,979,3,0.9925598502159119,3,3,True
clip_vit_b_32,clip_vit_b_32_linear_head,d16_down,981,981,2,0.9619772434234619,2,2,True
clip_vit_b_32,clip_vit_b_32_linear_head,d16_down,1022,1022,9,0.9564187526702881,9,9,True
clip_vit_b_32,clip_vit_b_32_linear_head,d16_down,1032,1032,7,0.9876734018325806,7,7,True
clip_vit_b_32,clip_vit_b_32_linear_head,d16_down,1048,1048,7,0.9417381882667542,7,7,True
clip_vit_b_32,clip_vit_b_32_linear_head,d16_down,1090,1090,1,0.9856918454170227,1,1,True
clip_vit_b_32,clip_vit_b_32_linear_head,d16_down,1095,1095,5,0.9769172668457031,5,5,True
clip_vit_b_32,clip_vit_b_32_linear_head,d16_down,1109,1109,1,0.9826006889343262,1,1,True
clip_vit_b_32,clip_vit_b_32_linear_head,d16_down,1111,1111,4,0.9851162433624268,4,4,True
clip_vit_b_32,clip_vit_b_32_linear_head,d16_down,1115,1115,1,0.9586763978004456,1,1,True
clip_vit_b_32,clip_vit_b_32_linear_head,d16_down,1124,1124,4,0.9789330363273621,4,4,True
clip_vit_b_32,clip_vit_b_32_linear_head,d16_down,1129,1129,8,0.9808389544487,8,8,True
clip_vit_b_32,clip_vit_b_32_linear_head,d16_down,1175,1175,0,0.9713117480278015,0,0,True
clip_vit_b_32,clip_vit_b_32_linear_head,d16_down,1202,1202,2,0.9563670754432678,2,2,True
clip_vit_b_32,clip_vit_b_32_linear_head,d16_down,1204,1204,3,0.9379751086235046,3,3,True
clip_vit_b_32,clip_vit_b_32_linear_head,d16_down,1211,1211,4,0.9677572250366211,4,4,True
clip_vit_b_32,clip_vit_b_32_linear_head,d16_down,1220,1220,7,0.9827223420143127,7,7,True
clip_vit_b_32,clip_vit_b_32_linear_head,d16_down,1230,1230,1,0.9736632108688354,1,1,True
clip_vit_b_32,clip_vit_b_32_linear_head,d16_down,1247,1247,8,0.9678865671157837,8,8,True
clip_vit_b_32,clip_vit_b_32_linear_head,d16_down,1263,1263,3,0.9864773154258728,3,3,True
clip_vit_b_32,clip_vit_b_32_linear_head,d16_down,1266,1266,4,0.9803492426872253,4,4,True
clip_vit_b_32,clip_vit_b_32_linear_head,d16_down,1287,1287,7,0.9681076407432556,7,7,True
clip_vit_b_32,clip_vit_b_32_linear_head,d16_down,1296,1296,7,0.9157511591911316,7,3,False
clip_vit_b_32,clip_vit_b_32_linear_head,d16_down,1370,1370,3,0.9770861864089966,3,3,True
clip_vit_b_32,clip_vit_b_32_linear_head,d16_down,1389,1389,0,0.9678189754486084,0,0,True
clip_vit_b_32,clip_vit_b_32_linear_head,d16_down,1401,1401,3,0.9731410145759583,3,3,True
clip_vit_b_32,clip_vit_b_32_linear_head,d16_down,1403,1403,2,0.9306505918502808,2,2,True
clip_vit_b_32,clip_vit_b_32_linear_head,d16_down,1411,1411,9,0.965805172920227,9,9,True
clip_vit_b_32,clip_vit_b_32_linear_head,d16_down,1429,1429,4,0.9708224534988403,4,4,True
clip_vit_b_32,clip_vit_b_32_linear_head,d16_down,1430,1430,9,0.9720305800437927,9,9,True
clip_vit_b_32,clip_vit_b_32_linear_head,d16_down,1431,1431,3,0.9736586213111877,3,3,True
clip_vit_b_32,clip_vit_b_32_linear_head,d16_down,1436,1436,1,0.9807223081588745,1,1,True
clip_vit_b_32,clip_vit_b_32_linear_head,d16_down,1440,1440,7,0.9778128266334534,7,7,True
clip_vit_b_32,clip_vit_b_32_linear_head,d16_down,1468,1468,9,0.9702315330505371,9,9,True
clip_vit_b_32,clip_vit_b_32_linear_head,d16_down,1473,1473,7,0.9781177043914795,7,7,True
clip_vit_b_32,clip_vit_b_32_linear_head,d16_down,1515,1515,9,0.9543729424476624,9,9,True
clip_vit_b_32,clip_vit_b_32_linear_head,d16_down,1520,1520,2,0.969741940498352,2,2,True
clip_vit_b_32,clip_vit_b_32_linear_head,d16_down,1531,1531,3,0.9635795950889587,3,3,True
clip_vit_b_32,clip_vit_b_32_linear_head,d16_down,1534,1534,6,0.955924928188324,6,6,True
clip_vit_b_32,clip_vit_b_32_linear_head,d16_down,1552,1552,5,0.9819478988647461,5,5,True
clip_vit_b_32,clip_vit_b_32_linear_head,d16_down,1553,1553,0,0.968795120716095,0,0,True
clip_vit_b_32,clip_vit_b_32_linear_head,d16_down,1563,1563,3,0.9825220108032227,7,7,True
clip_vit_b_32,clip_vit_b_32_linear_head,d16_down,1568,1568,1,0.9729567766189575,1,1,True
clip_vit_b_32,clip_vit_b_32_linear_head,d16_down,1579,1579,7,0.9638707041740417,7,7,True
clip_vit_b_32,clip_vit_b_32_linear_head,d16_down,1586,1586,2,0.9558525085449219,2,2,True
clip_vit_b_32,clip_vit_b_32_linear_head,d16_down,1596,1596,0,0.984372615814209,0,0,True
clip_vit_b_32,clip_vit_b_32_linear_head,d16_down,1626,1626,5,0.9781962633132935,5,5,True
clip_vit_b_32,clip_vit_b_32_linear_head,d16_down,1640,1640,8,0.9647635817527771,8,8,True
clip_vit_b_32,clip_vit_b_32_linear_head,d16_down,1644,1644,5,0.9870375394821167,5,5,True
clip_vit_b_32,clip_vit_b_32_linear_head,d16_down,1648,1648,0,0.9819185733795166,0,0,True
clip_vit_b_32,clip_vit_b_32_linear_head,d16_down,1654,1654,9,0.9719926118850708,9,9,True
clip_vit_b_32,clip_vit_b_32_linear_head,d16_down,1667,1667,6,0.9770652055740356,6,6,True
clip_vit_b_32,clip_vit_b_32_linear_head,d16_down,1703,1703,7,0.9688721895217896,7,7,True
clip_vit_b_32,clip_vit_b_32_linear_head,d16_down,1711,1711,7,0.9707829356193542,7,7,True
clip_vit_b_32,clip_vit_b_32_linear_head,d16_down,1771,1771,7,0.9631441831588745,7,5,False
clip_vit_b_32,clip_vit_b_32_linear_head,d16_down,1783,1783,8,0.9853695034980774,8,8,True
clip_vit_b_32,clip_vit_b_32_linear_head,d16_down,1814,1814,2,0.9670318961143494,2,2,True
clip_vit_b_32,clip_vit_b_32_linear_head,d16_down,1833,1833,8,0.9903571605682373,8,8,True
clip_vit_b_32,clip_vit_b_32_linear_head,d16_down,1836,1836,9,0.9791228771209717,9,9,True
clip_vit_b_32,clip_vit_b_32_linear_head,d16_down,1839,1839,2,0.97374427318573,2,2,True
clip_vit_b_32,clip_vit_b_32_linear_head,d16_down,1852,1852,1,0.97429358959198,1,1,True
clip_vit_b_32,clip_vit_b_32_linear_head,d16_down,1871,1871,1,0.9871634840965271,1,1,True
clip_vit_b_32,clip_vit_b_32_linear_head,d16_down,1877,1877,5,0.9847767353057861,5,5,True
clip_vit_b_32,clip_vit_b_32_linear_head,d16_down,1884,1884,7,0.9529324173927307,7,7,True
clip_vit_b_32,clip_vit_b_32_linear_head,d16_down,1927,1927,7,0.9581874012947083,7,7,True
clip_vit_b_32,clip_vit_b_32_linear_head,d16_down,1954,1954,8,0.9678744077682495,8,8,True
clip_vit_b_32,clip_vit_b_32_linear_head,d16_down,1956,1956,7,0.9871015548706055,7,7,True
clip_vit_b_32,clip_vit_b_32_linear_head,d16_down,1960,1960,4,0.9826906323432922,4,4,True
clip_vit_b_32,clip_vit_b_32_linear_head,d16_down,1977,1977,0,0.9825265407562256,0,0,True
clip_vit_b_32,clip_vit_b_32_linear_head,d16_down,1986,1986,1,0.9841411113739014,1,1,True
clip_vit_b_32,clip_vit_b_32_linear_head,d16_down,1993,1993,1,0.9840062856674194,1,1,True
clip_vit_b_32,clip_vit_b_32_linear_head,d16_down,2003,2003,6,0.9672871232032776,6,6,True
clip_vit_b_32,clip_vit_b_32_linear_head,d16_down,2011,2011,9,0.9594249129295349,9,9,True
clip_vit_b_32,clip_vit_b_32_linear_head,d16_down,2024,2024,0,0.9838776588439941,0,0,True
clip_vit_b_32,clip_vit_b_32_linear_head,d16_down,2028,2028,3,0.9639955759048462,3,3,True
clip_vit_b_32,clip_vit_b_32_linear_head,d16_down,2062,2062,9,0.9846690893173218,9,9,True
clip_vit_b_32,clip_vit_b_32_linear_head,d16_down,2070,2070,1,0.980462372303009,1,1,True
clip_vit_b_32,clip_vit_b_32_linear_head,d16_down,2082,2082,2,0.9476536512374878,2,2,True
clip_vit_b_32,clip_vit_b_32_linear_head,d16_down,2095,2095,1,0.9885183572769165,1,1,True
clip_vit_b_32,clip_vit_b_32_linear_head,d16_down,2109,2109,8,0.9668622612953186,8,8,True
clip_vit_b_32,clip_vit_b_32_linear_head,d16_down,2114,2114,9,0.9863724708557129,9,9,True
clip_vit_b_32,clip_vit_b_32_linear_head,d16_down,2116,2116,1,0.981103241443634,1,1,True
clip_vit_b_32,clip_vit_b_32_linear_head,d16_down,2157,2157,1,0.9778287410736084,1,1,True
clip_vit_b_32,clip_vit_b_32_linear_head,d16_down,2167,2167,9,0.9762269854545593,9,9,True
clip_vit_b_32,clip_vit_b_32_linear_head,d16_down,2178,2178,1,0.9713788032531738,1,1,True
clip_vit_b_32,clip_vit_b_32_linear_head,d16_down,2191,2191,8,0.9782521724700928,8,8,True
clip_vit_b_32,clip_vit_b_32_linear_head,d16_down,2230,2230,8,0.9777376055717468,8,8,True
clip_vit_b_32,clip_vit_b_32_linear_head,d16_down,2242,2242,0,0.9781644344329834,0,0,True
clip_vit_b_32,clip_vit_b_32_linear_head,d16_down,2265,2265,5,0.9852092266082764,5,5,True
clip_vit_b_32,clip_vit_b_32_linear_head,d16_down,2268,2268,5,0.9724913239479065,5,5,True
clip_vit_b_32,clip_vit_b_32_linear_head,d16_down,2291,2291,3,0.9749126434326172,3,3,True
clip_vit_b_32,clip_vit_b_32_linear_head,d16_down,2334,2334,5,0.9824498891830444,5,5,True
clip_vit_b_32,clip_vit_b_32_linear_head,d16_down,2340,2340,8,0.9712108969688416,8,8,True
clip_vit_b_32,clip_vit_b_32_linear_head,d16_down,2342,2342,8,0.9820255637168884,8,8,True
clip_vit_b_32,clip_vit_b_32_linear_head,d16_down,2351,2351,9,0.9704165458679199,9,9,True
clip_vit_b_32,clip_vit_b_32_linear_head,d16_down,2391,2391,5,0.9734536409378052,5,5,True
clip_vit_b_32,clip_vit_b_32_linear_head,d16_down,2392,2392,2,0.9817845821380615,2,2,True
clip_vit_b_32,clip_vit_b_32_linear_head,d16_down,2399,2399,4,0.9849845170974731,4,4,True
clip_vit_b_32,clip_vit_b_32_linear_head,d16_down,2414,2414,9,0.9755071401596069,9,9,True
clip_vit_b_32,clip_vit_b_32_linear_head,d16_down,2427,2427,5,0.9787106513977051,5,5,True
clip_vit_b_32,clip_vit_b_32_linear_head,d16_down,2458,2458,5,0.9866905212402344,5,5,True
clip_vit_b_32,clip_vit_b_32_linear_head,d16_down,2501,2501,7,0.9729360342025757,7,7,True
clip_vit_b_32,clip_vit_b_32_linear_head,d16_down,2502,2502,2,0.9585036039352417,2,2,True
clip_vit_b_32,clip_vit_b_32_linear_head,d16_down,2536,2536,3,0.9855915307998657,3,3,True
clip_vit_b_32,clip_vit_b_32_linear_head,d16_down,2539,2539,3,0.9592893719673157,3,3,True
clip_vit_b_32,clip_vit_b_32_linear_head,d16_down,2610,2610,6,0.9599699378013611,6,6,True
clip_vit_b_32,clip_vit_b_32_linear_head,d16_down,2623,2623,5,0.9839807748794556,5,5,True
clip_vit_b_32,clip_vit_b_32_linear_head,d16_down,2655,2655,9,0.9714640974998474,9,9,True
clip_vit_b_32,clip_vit_b_32_linear_head,d16_down,2668,2668,7,0.9715222120285034,7,7,True
clip_vit_b_32,clip_vit_b_32_linear_head,d16_down,2676,2676,6,0.931084930896759,6,6,True
clip_vit_b_32,clip_vit_b_32_linear_head,d16_down,2687,2687,1,0.9692436456680298,1,1,True
clip_vit_b_32,clip_vit_b_32_linear_head,d16_down,2690,2690,1,0.9807747006416321,1,1,True
clip_vit_b_32,clip_vit_b_32_linear_head,d16_down,2704,2704,4,0.981328547000885,4,4,True
clip_vit_b_32,clip_vit_b_32_linear_head,d16_down,2745,2745,8,0.9789849519729614,8,8,True
clip_vit_b_32,clip_vit_b_32_linear_head,d16_down,2746,2746,7,0.9659262895584106,7,7,True
clip_vit_b_32,clip_vit_b_32_linear_head,d16_down,2750,2750,0,0.9577995538711548,0,0,True
clip_vit_b_32,clip_vit_b_32_linear_head,d16_down,2754,2754,3,0.9694877862930298,3,3,True
clip_vit_b_32,clip_vit_b_32_linear_head,d16_down,2757,2757,4,0.9727696776390076,4,4,True
clip_vit_b_32,clip_vit_b_32_linear_head,d16_down,2766,2766,5,0.8988596200942993,5,5,True
clip_vit_b_32,clip_vit_b_32_linear_head,d16_down,2807,2807,5,0.9472246170043945,5,5,True
clip_vit_b_32,clip_vit_b_32_linear_head,d16_down,2844,2844,8,0.9734326004981995,8,8,True
clip_vit_b_32,clip_vit_b_32_linear_head,d16_down,2854,2854,7,0.9615359306335449,7,7,True
clip_vit_b_32,clip_vit_b_32_linear_head,d16_down,2861,2861,3,0.9895806312561035,3,3,True
clip_vit_b_32,clip_vit_b_32_linear_head,d16_down,2888,2888,0,0.965650200843811,0,0,True
clip_vit_b_32,clip_vit_b_32_linear_head,d16_down,2898,2898,4,0.9789832234382629,4,4,True
clip_vit_b_32,clip_vit_b_32_linear_head,d16_down,2950,2950,5,0.9833465814590454,5,5,True
clip_vit_b_32,clip_vit_b_32_linear_head,d16_down,2958,2958,6,0.9710213541984558,6,6,True
clip_vit_b_32,clip_vit_b_32_linear_head,d16_down,3015,3015,8,0.9604285955429077,8,8,True
clip_vit_b_32,clip_vit_b_32_linear_head,d16_down,3024,3024,2,0.9817485809326172,2,2,True
clip_vit_b_32,clip_vit_b_32_linear_head,d16_down,3025,3025,0,0.9765422344207764,0,0,True
clip_vit_b_32,clip_vit_b_32_linear_head,d16_down,3034,3034,4,0.9816116094589233,4,4,True
clip_vit_b_32,clip_vit_b_32_linear_head,d16_down,3067,3067,2,0.966018795967102,2,2,True
clip_vit_b_32,clip_vit_b_32_linear_head,d16_down,3078,3078,4,0.9859751462936401,4,4,True
clip_vit_b_32,clip_vit_b_32_linear_head,d16_down,3079,3079,1,0.9796264171600342,1,1,True
clip_vit_b_32,clip_vit_b_32_linear_head,d16_down,3083,3083,0,0.9705928564071655,0,0,True
clip_vit_b_32,clip_vit_b_32_linear_head,d16_down,3122,3122,4,0.961732029914856,4,4,True
clip_vit_b_32,clip_vit_b_32_linear_head,d16_down,3153,3153,7,0.9553383588790894,7,3,False
clip_vit_b_32,clip_vit_b_32_linear_head,d16_down,3157,3157,8,0.9843563437461853,8,8,True
clip_vit_b_32,clip_vit_b_32_linear_head,d16_down,3163,3163,2,0.9696421027183533,2,2,True
clip_vit_b_32,clip_vit_b_32_linear_head,d16_down,3179,3179,4,0.9846757054328918,4,4,True
clip_vit_b_32,clip_vit_b_32_linear_head,d16_down,3191,3191,6,0.9685918092727661,6,6,True
clip_vit_b_32,clip_vit_b_32_linear_head,d16_down,3276,3276,3,0.9735223650932312,7,7,True
clip_vit_b_32,clip_vit_b_32_linear_head,d16_down,3287,3287,4,0.9837394952774048,4,4,True
clip_vit_b_32,clip_vit_b_32_linear_head,d16_down,3288,3288,7,0.9738432168960571,7,7,True
clip_vit_b_32,clip_vit_b_32_linear_head,d16_down,3292,3292,6,0.9584859013557434,6,6,True
clip_vit_b_32,clip_vit_b_32_linear_head,d16_down,3318,3318,9,0.9399576187133789,9,9,True
clip_vit_b_32,clip_vit_b_32_linear_head,d16_down,3347,3347,0,0.9900393486022949,0,0,True
clip_vit_b_32,clip_vit_b_32_linear_head,d16_down,3353,3353,5,0.9827011823654175,5,5,True
clip_vit_b_32,clip_vit_b_32_linear_head,d16_down,3362,3362,2,0.9560490846633911,2,2,True
clip_vit_b_32,clip_vit_b_32_linear_head,d16_down,3365,3365,4,0.9719046950340271,4,4,True
clip_vit_b_32,clip_vit_b_32_linear_head,d16_down,3375,3375,3,0.9617534875869751,3,3,True
clip_vit_b_32,clip_vit_b_32_linear_head,d16_down,3383,3383,3,0.933214008808136,3,3,True
clip_vit_b_32,clip_vit_b_32_linear_head,d16_down,3404,3404,7,0.9826605319976807,7,7,True
clip_vit_b_32,clip_vit_b_32_linear_head,d16_down,3412,3412,8,0.9761805534362793,8,8,True
clip_vit_b_32,clip_vit_b_32_linear_head,d16_down,3413,3413,1,0.9640780687332153,1,1,True
clip_vit_b_32,clip_vit_b_32_linear_head,d16_down,3418,3418,6,0.9852198362350464,6,6,True
clip_vit_b_32,clip_vit_b_32_linear_head,d16_down,3437,3437,0,0.9636164307594299,0,0,True
clip_vit_b_32,clip_vit_b_32_linear_head,d16_down,3446,3446,7,0.9657931327819824,7,7,True
clip_vit_b_32,clip_vit_b_32_linear_head,d16_down,3454,3454,2,0.9675524234771729,2,2,True
clip_vit_b_32,clip_vit_b_32_linear_head,d16_down,3455,3455,0,0.972639799118042,0,0,True
clip_vit_b_32,clip_vit_b_32_linear_head,d16_down,3458,3458,4,0.9715465307235718,4,4,True
clip_vit_b_32,clip_vit_b_32_linear_head,d16_down,3467,3467,7,0.963850200176239,7,7,True
clip_vit_b_32,clip_vit_b_32_linear_head,d16_down,3491,3491,1,0.9820482730865479,1,1,True
clip_vit_b_32,clip_vit_b_32_linear_head,d16_down,3494,3494,6,0.9677274227142334,6,6,True
clip_vit_b_32,clip_vit_b_32_linear_head,d16_down,3512,3512,4,0.9907768964767456,4,4,True
clip_vit_b_32,clip_vit_b_32_linear_head,d16_down,3515,3515,6,0.983892023563385,6,6,True
clip_vit_b_32,clip_vit_b_32_linear_head,d16_down,3542,3542,7,0.9886441826820374,7,7,True
clip_vit_b_32,clip_vit_b_32_linear_head,d16_down,3550,3550,1,0.966640055179596,1,1,True
clip_vit_b_32,clip_vit_b_32_linear_head,d16_down,3562,3562,3,0.9772764444351196,3,3,True
clip_vit_b_32,clip_vit_b_32_linear_head,d16_down,3755,3755,2,0.9638144969940186,2,2,True
clip_vit_b_32,clip_vit_b_32_linear_head,d16_down,3763,3763,4,0.9786766767501831,4,4,True
clip_vit_b_32,clip_vit_b_32_linear_head,d16_down,3777,3777,6,0.9805919528007507,6,6,True
clip_vit_b_32,clip_vit_b_32_linear_head,d16_down,3778,3778,3,0.9696794748306274,3,3,True
clip_vit_b_32,clip_vit_b_32_linear_head,d16_down,3779,3779,6,0.9749366044998169,6,6,True
clip_vit_b_32,clip_vit_b_32_linear_head,d16_down,3844,3844,6,0.9736039638519287,6,6,True
clip_vit_b_32,clip_vit_b_32_linear_head,d16_down,3851,3851,3,0.976055920124054,3,3,True
clip_vit_b_32,clip_vit_b_32_linear_head,d16_down,3852,3852,5,0.9768561124801636,5,5,True
clip_vit_b_32,clip_vit_b_32_linear_head,d16_down,3863,3863,5,0.9674494862556458,5,5,True
clip_vit_b_32,clip_vit_b_32_linear_head,d16_down,3867,3867,7,0.9760246276855469,7,7,True
clip_vit_b_32,clip_vit_b_32_linear_head,d16_down,3876,3876,0,0.9621024131774902,0,0,True
clip_vit_b_32,clip_vit_b_32_linear_head,d16_down,3889,3889,5,0.9784160256385803,5,5,True
clip_vit_b_32,clip_vit_b_32_linear_head,d16_down,3891,3891,4,0.9862155318260193,4,4,True
clip_vit_b_32,clip_vit_b_32_linear_head,d16_down,3893,3893,9,0.9728426337242126,9,9,True
clip_vit_b_32,clip_vit_b_32_linear_head,d16_down,3905,3905,8,0.9734144806861877,8,8,True
clip_vit_b_32,clip_vit_b_32_linear_head,d16_down,3914,3914,3,0.9845393896102905,3,3,True
clip_vit_b_32,clip_vit_b_32_linear_head,d16_down,3937,3937,1,0.9849681854248047,1,1,True
clip_vit_b_32,clip_vit_b_32_linear_head,d16_down,3942,3942,9,0.967729389667511,9,9,True
clip_vit_b_32,clip_vit_b_32_linear_head,d16_down,3948,3948,8,0.9612802863121033,8,8,True
clip_vit_b_32,clip_vit_b_32_linear_head,d16_down,3962,3962,6,0.9782973527908325,6,6,True
clip_vit_b_32,clip_vit_b_32_linear_head,d16_down,3965,3965,0,0.9926295876502991,0,0,True
clip_vit_b_32,clip_vit_b_32_linear_head,d16_down,3994,3994,4,0.9810875058174133,4,4,True
clip_vit_b_32,clip_vit_b_32_linear_head,d16_down,3996,3996,9,0.9765238761901855,9,9,True
clip_vit_b_32,clip_vit_b_32_linear_head,d16_down,4011,4011,6,0.9877474904060364,6,6,True
clip_vit_b_32,clip_vit_b_32_linear_head,d16_down,4023,4023,3,0.9738010764122009,3,3,True
clip_vit_b_32,clip_vit_b_32_linear_head,d16_down,4054,4054,4,0.9812886714935303,4,4,True
clip_vit_b_32,clip_vit_b_32_linear_head,d16_down,4065,4065,2,0.9782263040542603,2,2,True
clip_vit_b_32,clip_vit_b_32_linear_head,d16_down,4069,4069,8,0.958194375038147,8,8,True
clip_vit_b_32,clip_vit_b_32_linear_head,d16_down,4093,4093,6,0.9391239881515503,6,6,True
clip_vit_b_32,clip_vit_b_32_linear_head,d16_down,4094,4094,9,0.9654184579849243,9,9,True
clip_vit_b_32,clip_vit_b_32_linear_head,d16_down,4106,4106,5,0.9708208441734314,5,5,True
clip_vit_b_32,clip_vit_b_32_linear_head,d16_down,4130,4130,0,0.990342378616333,0,0,True
clip_vit_b_32,clip_vit_b_32_linear_head,d16_down,4168,4168,3,0.973663330078125,3,3,True
clip_vit_b_32,clip_vit_b_32_linear_head,d16_down,4170,4170,8,0.9699119925498962,8,8,True
clip_vit_b_32,clip_vit_b_32_linear_head,d16_down,4172,4172,7,0.9788615703582764,7,7,True
clip_vit_b_32,clip_vit_b_32_linear_head,d16_down,4177,4177,8,0.9863196611404419,8,8,True
clip_vit_b_32,clip_vit_b_32_linear_head,d16_down,4215,4215,3,0.9308240413665771,3,3,True
clip_vit_b_32,clip_vit_b_32_linear_head,d16_down,4229,4229,3,0.9787059426307678,3,3,True
clip_vit_b_32,clip_vit_b_32_linear_head,d16_down,4236,4236,7,0.9831637740135193,7,7,True
clip_vit_b_32,clip_vit_b_32_linear_head,d16_down,4242,4242,8,0.9672777652740479,8,8,True
clip_vit_b_32,clip_vit_b_32_linear_head,d16_down,4254,4254,6,0.989353358745575,6,6,True
clip_vit_b_32,clip_vit_b_32_linear_head,d16_down,4290,4290,5,0.9715451598167419,4,4,True
clip_vit_b_32,clip_vit_b_32_linear_head,d16_down,4298,4298,1,0.9835667014122009,1,1,True
clip_vit_b_32,clip_vit_b_32_linear_head,d16_down,4308,4308,7,0.9663037657737732,7,7,True
clip_vit_b_32,clip_vit_b_32_linear_head,d16_down,4311,4311,8,0.9778028726577759,8,8,True
clip_vit_b_32,clip_vit_b_32_linear_head,d16_down,4323,4323,3,0.9772942066192627,3,3,True
clip_vit_b_32,clip_vit_b_32_linear_head,d16_down,4330,4330,3,0.9584099054336548,3,3,True
clip_vit_b_32,clip_vit_b_32_linear_head,d16_down,4341,4341,6,0.978846549987793,6,6,True
clip_vit_b_32,clip_vit_b_32_linear_head,d16_down,4355,4355,8,0.9524823427200317,8,8,True
clip_vit_b_32,clip_vit_b_32_linear_head,d16_down,4399,4399,0,0.9782073497772217,0,0,True
clip_vit_b_32,clip_vit_b_32_linear_head,d16_down,4403,4403,7,0.9398306012153625,7,7,True
clip_vit_b_32,clip_vit_b_32_linear_head,d16_down,4411,4411,6,0.9557880163192749,6,6,True
clip_vit_b_32,clip_vit_b_32_linear_head,d16_down,4449,4449,9,0.939532458782196,9,9,True
clip_vit_b_32,clip_vit_b_32_linear_head,d16_down,4463,4463,3,0.9501850008964539,3,3,True
clip_vit_b_32,clip_vit_b_32_linear_head,d16_down,4531,4531,3,0.9803357124328613,3,3,True
clip_vit_b_32,clip_vit_b_32_linear_head,d16_down,4539,4539,0,0.9559504985809326,0,0,True
clip_vit_b_32,clip_vit_b_32_linear_head,d16_down,4547,4547,5,0.9823018908500671,5,5,True
clip_vit_b_32,clip_vit_b_32_linear_head,d16_down,4552,4552,8,0.9626041650772095,8,8,True
clip_vit_b_32,clip_vit_b_32_linear_head,d16_down,4570,4570,5,0.9751949906349182,5,5,True
clip_vit_b_32,clip_vit_b_32_linear_head,d16_down,4590,4590,3,0.9912935495376587,3,3,True
clip_vit_b_32,clip_vit_b_32_linear_head,d16_down,4609,4609,3,0.9702773094177246,3,3,True
clip_vit_b_32,clip_vit_b_32_linear_head,d16_down,4615,4615,0,0.9742388725280762,0,0,True
clip_vit_b_32,clip_vit_b_32_linear_head,d16_down,4617,4617,0,0.9919348955154419,0,0,True
clip_vit_b_32,clip_vit_b_32_linear_head,d16_down,4620,4620,6,0.9643539190292358,6,6,True
clip_vit_b_32,clip_vit_b_32_linear_head,d16_down,4629,4629,4,0.9847267270088196,4,4,True
clip_vit_b_32,clip_vit_b_32_linear_head,d16_down,4640,4640,1,0.9613689184188843,1,1,True
clip_vit_b_32,clip_vit_b_32_linear_head,d16_down,4642,4642,4,0.985063910484314,4,4,True
clip_vit_b_32,clip_vit_b_32_linear_head,d16_down,4661,4661,7,0.9755979776382446,7,7,True
clip_vit_b_32,clip_vit_b_32_linear_head,d16_down,4662,4662,8,0.9917133450508118,8,8,True
clip_vit_b_32,clip_vit_b_32_linear_head,d16_down,4675,4675,0,0.9923732280731201,0,0,True
clip_vit_b_32,clip_vit_b_32_linear_head,d16_down,4676,4676,8,0.9737545847892761,8,8,True
clip_vit_b_32,clip_vit_b_32_linear_head,d16_down,4704,4704,7,0.9810013771057129,7,7,True
clip_vit_b_32,clip_vit_b_32_linear_head,d16_down,4723,4723,9,0.9811252951622009,9,9,True
clip_vit_b_32,clip_vit_b_32_linear_head,d16_down,4731,4731,6,0.9878590106964111,6,6,True
clip_vit_b_32,clip_vit_b_32_linear_head,d16_down,4735,4735,2,0.9719458818435669,2,2,True
clip_vit_b_32,clip_vit_b_32_linear_head,d16_down,4740,4740,4,0.9636905193328857,4,4,True
clip_vit_b_32,clip_vit_b_32_linear_head,d16_down,4746,4746,6,0.9791187644004822,6,6,True
clip_vit_b_32,clip_vit_b_32_linear_head,d16_down,4748,4748,7,0.9931778311729431,7,7,True
clip_vit_b_32,clip_vit_b_32_linear_head,d16_down,4754,4754,6,0.9655627012252808,6,6,True
clip_vit_b_32,clip_vit_b_32_linear_head,d16_down,4785,4785,0,0.9418115615844727,0,0,True
clip_vit_b_32,clip_vit_b_32_linear_head,d16_down,4791,4791,7,0.9793732166290283,7,7,True
clip_vit_b_32,clip_vit_b_32_linear_head,d16_down,4819,4819,0,0.9843409061431885,0,0,True
clip_vit_b_32,clip_vit_b_32_linear_head,d16_down,4821,4821,3,0.9778943657875061,3,3,True
clip_vit_b_32,clip_vit_b_32_linear_head,d16_down,4827,4827,6,0.983929455280304,6,6,True
clip_vit_b_32,clip_vit_b_32_linear_head,d16_down,4850,4850,5,0.9778872132301331,5,5,True
clip_vit_b_32,clip_vit_b_32_linear_head,d16_down,4881,4881,3,0.9630888104438782,3,3,True
clip_vit_b_32,clip_vit_b_32_linear_head,d16_down,4893,4893,0,0.9845864176750183,0,0,True
clip_vit_b_32,clip_vit_b_32_linear_head,d16_down,4908,4908,3,0.9868607521057129,3,3,True
clip_vit_b_32,clip_vit_b_32_linear_head,d16_down,4913,4913,2,0.9614993929862976,2,2,True
clip_vit_b_32,clip_vit_b_32_linear_head,d16_down,4921,4921,2,0.9642579555511475,2,2,True
clip_vit_b_32,clip_vit_b_32_linear_head,d16_down,4953,4953,5,0.9596923589706421,5,5,True
clip_vit_b_32,clip_vit_b_32_linear_head,d16_down,4966,4966,5,0.9790045022964478,5,5,True
clip_vit_b_32,clip_vit_b_32_linear_head,d16_down,4990,4990,8,0.9555901885032654,8,8,True
clip_vit_b_32,clip_vit_b_32_linear_head,d16_down,5000,5000,8,0.9822558164596558,8,8,True
clip_vit_b_32,clip_vit_b_32_linear_head,d16_down,5030,5030,2,0.9695698022842407,2,2,True
clip_vit_b_32,clip_vit_b_32_linear_head,d16_down,5062,5062,4,0.9806090593338013,4,4,True
clip_vit_b_32,clip_vit_b_32_linear_head,d16_down,5077,5077,4,0.9860868453979492,4,4,True
clip_vit_b_32,clip_vit_b_32_linear_head,d16_down,5082,5082,6,0.9866662621498108,6,6,True
clip_vit_b_32,clip_vit_b_32_linear_head,d16_down,5092,5092,1,0.9766191840171814,1,1,True
clip_vit_b_32,clip_vit_b_32_linear_head,d16_down,5101,5101,5,0.9830652475357056,5,5,True
clip_vit_b_32,clip_vit_b_32_linear_head,d16_down,5117,5117,0,0.9897054433822632,0,0,True
clip_vit_b_32,clip_vit_b_32_linear_head,d16_down,5123,5123,1,0.966010570526123,1,1,True
clip_vit_b_32,clip_vit_b_32_linear_head,d16_down,5135,5135,4,0.9820285439491272,4,4,True
clip_vit_b_32,clip_vit_b_32_linear_head,d16_down,5183,5183,2,0.9709409475326538,2,2,True
clip_vit_b_32,clip_vit_b_32_linear_head,d16_down,5213,5213,4,0.9861994981765747,4,4,True
clip_vit_b_32,clip_vit_b_32_linear_head,d16_down,5218,5218,2,0.9741224050521851,2,2,True
clip_vit_b_32,clip_vit_b_32_linear_head,d16_down,5220,5220,1,0.9414780139923096,7,1,False
clip_vit_b_32,clip_vit_b_32_linear_head,d16_down,5237,5237,2,0.9288656711578369,2,2,True
clip_vit_b_32,clip_vit_b_32_linear_head,d16_down,5256,5256,1,0.9655737280845642,1,1,True
clip_vit_b_32,clip_vit_b_32_linear_head,d16_down,5284,5284,9,0.9671023488044739,9,9,True
clip_vit_b_32,clip_vit_b_32_linear_head,d16_down,5301,5301,9,0.9442337155342102,9,9,True
clip_vit_b_32,clip_vit_b_32_linear_head,d16_down,5318,5318,2,0.9645325541496277,2,2,True
clip_vit_b_32,clip_vit_b_32_linear_head,d16_down,5332,5332,5,0.9759791493415833,5,5,True
clip_vit_b_32,clip_vit_b_32_linear_head,d16_down,5333,5333,2,0.9778891205787659,2,2,True
clip_vit_b_32,clip_vit_b_32_linear_head,d16_down,5360,5360,9,0.9721024632453918,9,9,True
clip_vit_b_32,clip_vit_b_32_linear_head,d16_down,5381,5381,5,0.9659662842750549,5,5,True
clip_vit_b_32,clip_vit_b_32_linear_head,d16_down,5382,5382,6,0.9638746380805969,6,6,True
clip_vit_b_32,clip_vit_b_32_linear_head,d16_down,5395,5395,2,0.9731290340423584,2,2,True
clip_vit_b_32,clip_vit_b_32_linear_head,d16_down,5402,5402,4,0.9900237917900085,4,4,True
clip_vit_b_32,clip_vit_b_32_linear_head,d16_down,5408,5408,6,0.989081621170044,6,6,True
clip_vit_b_32,clip_vit_b_32_linear_head,d16_down,5436,5436,7,0.9661808609962463,7,7,True
clip_vit_b_32,clip_vit_b_32_linear_head,d16_down,5447,5447,9,0.9717290997505188,9,9,True
clip_vit_b_32,clip_vit_b_32_linear_head,d16_down,5450,5450,7,0.9875675439834595,7,7,True
clip_vit_b_32,clip_vit_b_32_linear_head,d16_down,5451,5451,8,0.9562358260154724,8,8,True
clip_vit_b_32,clip_vit_b_32_linear_head,d16_down,5452,5452,9,0.9162126779556274,9,9,True
clip_vit_b_32,clip_vit_b_32_linear_head,d16_down,5467,5467,4,0.9825127720832825,4,4,True
clip_vit_b_32,clip_vit_b_32_linear_head,d16_down,5478,5478,0,0.9699235558509827,0,0,True
clip_vit_b_32,clip_vit_b_32_linear_head,d16_down,5488,5488,1,0.9849879741668701,1,1,True
clip_vit_b_32,clip_vit_b_32_linear_head,d16_down,5496,5496,5,0.9875814914703369,5,5,True
clip_vit_b_32,clip_vit_b_32_linear_head,d16_down,5508,5508,9,0.9614546298980713,9,9,True
clip_vit_b_32,clip_vit_b_32_linear_head,d16_down,5512,5512,2,0.9401266574859619,9,9,True
clip_vit_b_32,clip_vit_b_32_linear_head,d16_down,5525,5525,8,0.9702809453010559,8,8,True
clip_vit_b_32,clip_vit_b_32_linear_head,d16_down,5528,5528,3,0.9789535999298096,3,3,True
clip_vit_b_32,clip_vit_b_32_linear_head,d16_down,5556,5556,4,0.9756355285644531,4,4,True
clip_vit_b_32,clip_vit_b_32_linear_head,d16_down,5560,5560,1,0.9870469570159912,1,1,True
clip_vit_b_32,clip_vit_b_32_linear_head,d16_down,5572,5572,9,0.9756700396537781,9,9,True
clip_vit_b_32,clip_vit_b_32_linear_head,d16_down,5580,5580,6,0.9793050289154053,6,6,True
clip_vit_b_32,clip_vit_b_32_linear_head,d16_down,5590,5590,9,0.9594071507453918,9,9,True
clip_vit_b_32,clip_vit_b_32_linear_head,d16_down,5623,5623,4,0.988723635673523,4,4,True
clip_vit_b_32,clip_vit_b_32_linear_head,d16_down,5677,5677,2,0.969225287437439,2,2,True
clip_vit_b_32,clip_vit_b_32_linear_head,d16_down,5694,5694,8,0.9699352383613586,8,8,True
clip_vit_b_32,clip_vit_b_32_linear_head,d16_down,5701,5701,5,0.9807504415512085,5,5,True
clip_vit_b_32,clip_vit_b_32_linear_head,d16_down,5705,5705,8,0.9863856434822083,8,8,True
clip_vit_b_32,clip_vit_b_32_linear_head,d16_down,5719,5719,7,0.9653169512748718,7,7,True
clip_vit_b_32,clip_vit_b_32_linear_head,d16_down,5729,5729,6,0.9561834335327148,6,6,True
clip_vit_b_32,clip_vit_b_32_linear_head,d16_down,5756,5756,2,0.9558773636817932,2,2,True
clip_vit_b_32,clip_vit_b_32_linear_head,d16_down,5788,5788,9,0.9740054607391357,9,9,True
clip_vit_b_32,clip_vit_b_32_linear_head,d16_down,5789,5789,4,0.9731473326683044,4,4,True
clip_vit_b_32,clip_vit_b_32_linear_head,d16_down,5824,5824,2,0.9735155701637268,2,2,True
clip_vit_b_32,clip_vit_b_32_linear_head,d16_down,5848,5848,7,0.9779298305511475,7,7,True
clip_vit_b_32,clip_vit_b_32_linear_head,d16_down,5851,5851,9,0.9918099045753479,9,9,True
clip_vit_b_32,clip_vit_b_32_linear_head,d16_down,5857,5857,6,0.9333857893943787,6,6,True
clip_vit_b_32,clip_vit_b_32_linear_head,d16_down,5858,5858,6,0.9754822254180908,6,6,True
clip_vit_b_32,clip_vit_b_32_linear_head,d16_down,5912,5912,0,0.9698322415351868,0,0,True
clip_vit_b_32,clip_vit_b_32_linear_head,d16_down,5915,5915,9,0.9615723490715027,9,9,True
clip_vit_b_32,clip_vit_b_32_linear_head,d16_down,5918,5918,0,0.9535109996795654,0,0,True
clip_vit_b_32,clip_vit_b_32_linear_head,d16_down,5924,5924,5,0.9707151651382446,5,5,True
clip_vit_b_32,clip_vit_b_32_linear_head,d16_down,5977,5977,7,0.9763278365135193,7,7,True
clip_vit_b_32,clip_vit_b_32_linear_head,d16_down,5981,5981,9,0.9727327823638916,9,9,True
clip_vit_b_32,clip_vit_b_32_linear_head,d16_down,5999,5999,0,0.9597067832946777,0,0,True
clip_vit_b_32,clip_vit_b_32_linear_head,d16_down,6028,6028,2,0.9662016034126282,2,2,True
clip_vit_b_32,clip_vit_b_32_linear_head,d16_down,6033,6033,4,0.9502232670783997,4,4,True
clip_vit_b_32,clip_vit_b_32_linear_head,d16_down,6076,6076,1,0.9868909120559692,1,1,True
clip_vit_b_32,clip_vit_b_32_linear_head,d16_down,6084,6084,7,0.9833291172981262,7,7,True
clip_vit_b_32,clip_vit_b_32_linear_head,d16_down,6097,6097,4,0.9862654209136963,4,4,True
clip_vit_b_32,clip_vit_b_32_linear_head,d16_down,6169,6169,1,0.9667319655418396,1,1,True
clip_vit_b_32,clip_vit_b_32_linear_head,d16_down,6190,6190,7,0.9603219628334045,7,7,True
clip_vit_b_32,clip_vit_b_32_linear_head,d16_down,6224,6224,5,0.9861065745353699,5,5,True
clip_vit_b_32,clip_vit_b_32_linear_head,d16_down,6244,6244,2,0.9602161049842834,2,2,True
clip_vit_b_32,clip_vit_b_32_linear_head,d16_down,6264,6264,2,0.9512596130371094,2,2,True
clip_vit_b_32,clip_vit_b_32_linear_head,d16_down,6271,6271,2,0.9755794405937195,2,2,True
clip_vit_b_32,clip_vit_b_32_linear_head,d16_down,6288,6288,4,0.9697601199150085,4,4,True
clip_vit_b_32,clip_vit_b_32_linear_head,d16_down,6332,6332,2,0.977380633354187,2,2,True
clip_vit_b_32,clip_vit_b_32_linear_head,d16_down,6349,6349,1,0.9641302824020386,1,1,True
clip_vit_b_32,clip_vit_b_32_linear_head,d16_down,6354,6354,2,0.9595472812652588,2,2,True
clip_vit_b_32,clip_vit_b_32_linear_head,d16_down,6358,6358,5,0.9835193157196045,5,5,True
clip_vit_b_32,clip_vit_b_32_linear_head,d16_down,6381,6381,6,0.9631596803665161,6,6,True
clip_vit_b_32,clip_vit_b_32_linear_head,d16_down,6414,6414,5,0.9731754660606384,5,5,True
clip_vit_b_32,clip_vit_b_32_linear_head,d16_down,6426,6426,2,0.9674503803253174,2,2,True
clip_vit_b_32,clip_vit_b_32_linear_head,d16_down,6434,6434,8,0.9833341836929321,8,8,True
clip_vit_b_32,clip_vit_b_32_linear_head,d16_down,6437,6437,0,0.9812005758285522,0,0,True
clip_vit_b_32,clip_vit_b_32_linear_head,d16_down,6455,6455,0,0.9696192145347595,0,0,True
clip_vit_b_32,clip_vit_b_32_linear_head,d16_down,6490,6490,3,0.9716302156448364,3,3,True
clip_vit_b_32,clip_vit_b_32_linear_head,d16_down,6503,6503,2,0.9584584832191467,2,2,True
clip_vit_b_32,clip_vit_b_32_linear_head,d16_down,6508,6508,4,0.9841590523719788,4,4,True
clip_vit_b_32,clip_vit_b_32_linear_head,d16_down,6528,6528,4,0.9382884502410889,4,4,True
clip_vit_b_32,clip_vit_b_32_linear_head,d16_down,6594,6594,1,0.9781829118728638,1,1,True
clip_vit_b_32,clip_vit_b_32_linear_head,d16_down,6609,6609,0,0.9708262085914612,0,0,True
clip_vit_b_32,clip_vit_b_32_linear_head,d16_down,6616,6616,2,0.9493863582611084,2,2,True
clip_vit_b_32,clip_vit_b_32_linear_head,d16_down,6650,6650,7,0.9785682559013367,7,7,True
clip_vit_b_32,clip_vit_b_32_linear_head,d16_down,6689,6689,8,0.9123969078063965,8,8,True
clip_vit_b_32,clip_vit_b_32_linear_head,d16_down,6692,6692,2,0.975693941116333,2,2,True
clip_vit_b_32,clip_vit_b_32_linear_head,d16_down,6713,6713,6,0.9611326456069946,6,6,True
clip_vit_b_32,clip_vit_b_32_linear_head,d16_down,6716,6716,5,0.9683155417442322,5,5,True
clip_vit_b_32,clip_vit_b_32_linear_head,d16_down,6726,6726,7,0.9517961740493774,7,7,True
clip_vit_b_32,clip_vit_b_32_linear_head,d16_down,6733,6733,1,0.9903835654258728,1,1,True
clip_vit_b_32,clip_vit_b_32_linear_head,d16_down,6772,6772,7,0.9562909603118896,7,7,True
clip_vit_b_32,clip_vit_b_32_linear_head,d16_down,6805,6805,1,0.975132942199707,1,1,True
clip_vit_b_32,clip_vit_b_32_linear_head,d16_down,6836,6836,1,0.9859050512313843,1,1,True
clip_vit_b_32,clip_vit_b_32_linear_head,d16_down,6844,6844,0,0.9831188917160034,0,0,True
clip_vit_b_32,clip_vit_b_32_linear_head,d16_down,6922,6922,5,0.9717258214950562,5,5,True
clip_vit_b_32,clip_vit_b_32_linear_head,d16_down,6931,6931,9,0.9698551893234253,9,9,True
clip_vit_b_32,clip_vit_b_32_linear_head,d16_down,6938,6938,1,0.9833700656890869,1,1,True
clip_vit_b_32,clip_vit_b_32_linear_head,d16_down,6952,6952,3,0.9888392686843872,3,3,True
clip_vit_b_32,clip_vit_b_32_linear_head,d16_down,6954,6954,1,0.9752644300460815,1,1,True
clip_vit_b_32,clip_vit_b_32_linear_head,d16_down,6986,6986,0,0.9659067988395691,0,0,True
clip_vit_b_32,clip_vit_b_32_linear_head,d16_down,6989,6989,5,0.9695435166358948,5,5,True
clip_vit_b_32,clip_vit_b_32_linear_head,d16_down,7009,7009,0,0.9510433673858643,0,0,True
clip_vit_b_32,clip_vit_b_32_linear_head,d16_down,7029,7029,1,0.9651855230331421,1,1,True
clip_vit_b_32,clip_vit_b_32_linear_head,d16_down,7033,7033,1,0.9827450513839722,1,1,True
clip_vit_b_32,clip_vit_b_32_linear_head,d16_down,7041,7041,5,0.9458317756652832,5,5,True
clip_vit_b_32,clip_vit_b_32_linear_head,d16_down,7047,7047,9,0.9799420237541199,9,9,True
clip_vit_b_32,clip_vit_b_32_linear_head,d16_down,7081,7081,7,0.9804157018661499,7,7,True
clip_vit_b_32,clip_vit_b_32_linear_head,d16_down,7084,7084,2,0.9765393137931824,2,2,True
clip_vit_b_32,clip_vit_b_32_linear_head,d16_down,7108,7108,6,0.9743134379386902,6,6,True
clip_vit_b_32,clip_vit_b_32_linear_head,d16_down,7130,7130,5,0.9904886484146118,5,5,True
clip_vit_b_32,clip_vit_b_32_linear_head,d16_down,7138,7138,8,0.9526996612548828,8,8,True
clip_vit_b_32,clip_vit_b_32_linear_head,d16_down,7150,7150,0,0.9882301688194275,0,0,True
clip_vit_b_32,clip_vit_b_32_linear_head,d16_down,7202,7202,1,0.9753667116165161,1,1,True
clip_vit_b_32,clip_vit_b_32_linear_head,d16_down,7262,7262,0,0.9838181138038635,0,0,True
clip_vit_b_32,clip_vit_b_32_linear_head,d16_down,7266,7266,9,0.9557841420173645,9,9,True
clip_vit_b_32,clip_vit_b_32_linear_head,d16_down,7270,7270,7,0.9695295095443726,7,7,True
clip_vit_b_32,clip_vit_b_32_linear_head,d16_down,7309,7309,0,0.9773979783058167,0,0,True
clip_vit_b_32,clip_vit_b_32_linear_head,d16_down,7320,7320,0,0.9514822959899902,0,0,True
clip_vit_b_32,clip_vit_b_32_linear_head,d16_down,7338,7338,6,0.9711454510688782,6,6,True
clip_vit_b_32,clip_vit_b_32_linear_head,d16_down,7372,7372,0,0.9764540195465088,0,0,True
clip_vit_b_32,clip_vit_b_32_linear_head,d16_down,7373,7373,0,0.9632847309112549,0,0,True
clip_vit_b_32,clip_vit_b_32_linear_head,d16_down,7380,7380,9,0.9669703841209412,9,9,True
clip_vit_b_32,clip_vit_b_32_linear_head,d16_down,7390,7390,1,0.97838294506073,1,1,True
clip_vit_b_32,clip_vit_b_32_linear_head,d16_down,7413,7413,5,0.9603479504585266,3,5,False
clip_vit_b_32,clip_vit_b_32_linear_head,d16_down,7416,7416,3,0.9690930247306824,3,3,True
clip_vit_b_32,clip_vit_b_32_linear_head,d16_down,7425,7425,2,0.9760539531707764,2,2,True
clip_vit_b_32,clip_vit_b_32_linear_head,d16_down,7446,7446,8,0.9619869589805603,8,8,True
clip_vit_b_32,clip_vit_b_32_linear_head,d16_down,7460,7460,8,0.9810826778411865,8,8,True
clip_vit_b_32,clip_vit_b_32_linear_head,d16_down,7465,7465,0,0.9528491497039795,0,0,True
clip_vit_b_32,clip_vit_b_32_linear_head,d16_down,7474,7474,5,0.9858765006065369,5,5,True
clip_vit_b_32,clip_vit_b_32_linear_head,d16_down,7475,7475,4,0.9813166856765747,4,4,True
clip_vit_b_32,clip_vit_b_32_linear_head,d16_down,7476,7476,8,0.9553118944168091,8,8,True
clip_vit_b_32,clip_vit_b_32_linear_head,d16_down,7544,7544,9,0.9719114303588867,9,9,True
clip_vit_b_32,clip_vit_b_32_linear_head,d16_down,7555,7555,6,0.9611446857452393,6,6,True
clip_vit_b_32,clip_vit_b_32_linear_head,d16_down,7600,7600,6,0.9839961528778076,6,6,True
clip_vit_b_32,clip_vit_b_32_linear_head,d16_down,7610,7610,4,0.9741657376289368,4,4,True
clip_vit_b_32,clip_vit_b_32_linear_head,d16_down,7634,7634,0,0.9818966388702393,0,0,True
clip_vit_b_32,clip_vit_b_32_linear_head,d16_down,7692,7692,4,0.981437087059021,4,4,True
clip_vit_b_32,clip_vit_b_32_linear_head,d16_down,7706,7706,5,0.941878080368042,5,5,True
clip_vit_b_32,clip_vit_b_32_linear_head,d16_down,7726,7726,6,0.9709881544113159,6,6,True
clip_vit_b_32,clip_vit_b_32_linear_head,d16_down,7744,7744,3,0.9887455105781555,3,3,True
clip_vit_b_32,clip_vit_b_32_linear_head,d16_down,7752,7752,9,0.9767649173736572,9,9,True
clip_vit_b_32,clip_vit_b_32_linear_head,d16_down,7776,7776,5,0.933613657951355,5,5,True
clip_vit_b_32,clip_vit_b_32_linear_head,d16_down,7779,7779,6,0.9815219640731812,6,6,True
clip_vit_b_32,clip_vit_b_32_linear_head,d16_down,7781,7781,6,0.9899478554725647,6,6,True
clip_vit_b_32,clip_vit_b_32_linear_head,d16_down,7793,7793,3,0.9706810712814331,3,3,True
clip_vit_b_32,clip_vit_b_32_linear_head,d16_down,7797,7797,3,0.9614000916481018,3,3,True
clip_vit_b_32,clip_vit_b_32_linear_head,d16_down,7810,7810,8,0.9726122617721558,8,8,True
clip_vit_b_32,clip_vit_b_32_linear_head,d16_down,7818,7818,8,0.9700578451156616,8,8,True
clip_vit_b_32,clip_vit_b_32_linear_head,d16_down,7835,7835,7,0.9686895608901978,7,7,True
clip_vit_b_32,clip_vit_b_32_linear_head,d16_down,7864,7864,4,0.9881313443183899,4,4,True
clip_vit_b_32,clip_vit_b_32_linear_head,d16_down,7875,7875,8,0.9762048125267029,8,8,True
clip_vit_b_32,clip_vit_b_32_linear_head,d16_down,7938,7938,9,0.9633123278617859,9,9,True
clip_vit_b_32,clip_vit_b_32_linear_head,d16_down,7940,7940,4,0.9797232747077942,4,4,True
clip_vit_b_32,clip_vit_b_32_linear_head,d16_down,7944,7944,4,0.9764601588249207,4,4,True
clip_vit_b_32,clip_vit_b_32_linear_head,d16_down,7955,7955,1,0.9728179574012756,1,1,True
clip_vit_b_32,clip_vit_b_32_linear_head,d16_down,7995,7995,9,0.9411126971244812,9,9,True
clip_vit_b_32,clip_vit_b_32_linear_head,d16_down,7996,7996,6,0.9682044982910156,6,6,True
clip_vit_b_32,clip_vit_b_32_linear_head,d16_down,7999,7999,8,0.9707587957382202,8,8,True
clip_vit_b_32,clip_vit_b_32_linear_head,d16_left,3,3,0,0.9477354884147644,0,0,True
clip_vit_b_32,clip_vit_b_32_linear_head,d16_left,29,29,7,0.8970949649810791,7,7,True
clip_vit_b_32,clip_vit_b_32_linear_head,d16_left,35,35,2,0.949435830116272,2,2,True
clip_vit_b_32,clip_vit_b_32_linear_head,d16_left,42,42,0,0.9754213094711304,0,0,True
clip_vit_b_32,clip_vit_b_32_linear_head,d16_left,49,49,2,0.9653170108795166,2,2,True
clip_vit_b_32,clip_vit_b_32_linear_head,d16_left,81,81,0,0.9306581616401672,0,0,True
clip_vit_b_32,clip_vit_b_32_linear_head,d16_left,95,95,1,0.98818039894104,1,1,True
clip_vit_b_32,clip_vit_b_32_linear_head,d16_left,97,97,5,0.944953203201294,5,5,True
clip_vit_b_32,clip_vit_b_32_linear_head,d16_left,116,116,1,0.9598088264465332,1,1,True
clip_vit_b_32,clip_vit_b_32_linear_head,d16_left,131,131,9,0.936795175075531,9,9,True
clip_vit_b_32,clip_vit_b_32_linear_head,d16_left,151,151,8,0.9909932613372803,8,8,True
clip_vit_b_32,clip_vit_b_32_linear_head,d16_left,171,171,4,0.9797362685203552,4,4,True
clip_vit_b_32,clip_vit_b_32_linear_head,d16_left,176,176,3,0.9726633429527283,3,3,True
clip_vit_b_32,clip_vit_b_32_linear_head,d16_left,191,191,9,0.910312294960022,2,9,False
clip_vit_b_32,clip_vit_b_32_linear_head,d16_left,194,194,8,0.9760053753852844,8,8,True
clip_vit_b_32,clip_vit_b_32_linear_head,d16_left,198,198,1,0.978339433670044,1,1,True
clip_vit_b_32,clip_vit_b_32_linear_head,d16_left,239,239,9,0.9474879503250122,9,9,True
clip_vit_b_32,clip_vit_b_32_linear_head,d16_left,261,261,1,0.9878202080726624,1,1,True
clip_vit_b_32,clip_vit_b_32_linear_head,d16_left,269,269,7,0.9516518712043762,7,7,True
clip_vit_b_32,clip_vit_b_32_linear_head,d16_left,276,276,9,0.9309000372886658,9,9,True
clip_vit_b_32,clip_vit_b_32_linear_head,d16_left,303,303,9,0.9814725518226624,9,9,True
clip_vit_b_32,clip_vit_b_32_linear_head,d16_left,304,304,1,0.939169704914093,1,1,True
clip_vit_b_32,clip_vit_b_32_linear_head,d16_left,317,317,2,0.9647493362426758,2,2,True
clip_vit_b_32,clip_vit_b_32_linear_head,d16_left,319,319,5,0.9699627757072449,5,5,True
clip_vit_b_32,clip_vit_b_32_linear_head,d16_left,323,323,7,0.9550866484642029,7,7,True
clip_vit_b_32,clip_vit_b_32_linear_head,d16_left,365,365,3,0.9549778699874878,3,3,True
clip_vit_b_32,clip_vit_b_32_linear_head,d16_left,370,370,7,0.9817671179771423,7,7,True
clip_vit_b_32,clip_vit_b_32_linear_head,d16_left,372,372,3,0.9754887223243713,3,3,True
clip_vit_b_32,clip_vit_b_32_linear_head,d16_left,378,378,5,0.9749147891998291,5,5,True
clip_vit_b_32,clip_vit_b_32_linear_head,d16_left,391,391,3,0.92319655418396,3,3,True
clip_vit_b_32,clip_vit_b_32_linear_head,d16_left,409,409,2,0.967219352722168,2,2,True
clip_vit_b_32,clip_vit_b_32_linear_head,d16_left,419,419,9,0.9642624258995056,9,9,True
clip_vit_b_32,clip_vit_b_32_linear_head,d16_left,449,449,6,0.9725676774978638,6,6,True
clip_vit_b_32,clip_vit_b_32_linear_head,d16_left,470,470,2,0.9531058073043823,2,2,True
clip_vit_b_32,clip_vit_b_32_linear_head,d16_left,483,483,2,0.970550000667572,2,2,True
clip_vit_b_32,clip_vit_b_32_linear_head,d16_left,484,484,0,0.9820267558097839,0,0,True
clip_vit_b_32,clip_vit_b_32_linear_head,d16_left,506,506,4,0.9859651923179626,4,4,True
clip_vit_b_32,clip_vit_b_32_linear_head,d16_left,545,545,6,0.9480989575386047,6,6,True
clip_vit_b_32,clip_vit_b_32_linear_head,d16_left,562,562,0,0.9787095189094543,0,0,True
clip_vit_b_32,clip_vit_b_32_linear_head,d16_left,568,568,5,0.9629276990890503,5,5,True
clip_vit_b_32,clip_vit_b_32_linear_head,d16_left,603,603,9,0.9464116096496582,9,9,True
clip_vit_b_32,clip_vit_b_32_linear_head,d16_left,632,632,3,0.9712423086166382,3,3,True
clip_vit_b_32,clip_vit_b_32_linear_head,d16_left,645,645,5,0.9725250005722046,5,5,True
clip_vit_b_32,clip_vit_b_32_linear_head,d16_left,667,667,8,0.9880587458610535,8,8,True
clip_vit_b_32,clip_vit_b_32_linear_head,d16_left,672,672,3,0.9516195058822632,3,3,True
clip_vit_b_32,clip_vit_b_32_linear_head,d16_left,677,677,3,0.947514533996582,3,3,True
clip_vit_b_32,clip_vit_b_32_linear_head,d16_left,685,685,5,0.9603469967842102,5,5,True
clip_vit_b_32,clip_vit_b_32_linear_head,d16_left,691,691,4,0.9803333878517151,4,4,True
clip_vit_b_32,clip_vit_b_32_linear_head,d16_left,706,706,8,0.9542991518974304,8,8,True
clip_vit_b_32,clip_vit_b_32_linear_head,d16_left,714,714,2,0.9284629821777344,2,2,True
clip_vit_b_32,clip_vit_b_32_linear_head,d16_left,716,716,8,0.9925028085708618,8,8,True
clip_vit_b_32,clip_vit_b_32_linear_head,d16_left,738,738,3,0.9177353382110596,3,3,True
clip_vit_b_32,clip_vit_b_32_linear_head,d16_left,739,739,8,0.9893828630447388,8,8,True
clip_vit_b_32,clip_vit_b_32_linear_head,d16_left,766,766,4,0.9718883037567139,6,6,True
clip_vit_b_32,clip_vit_b_32_linear_head,d16_left,791,791,3,0.9916854500770569,3,3,True
clip_vit_b_32,clip_vit_b_32_linear_head,d16_left,805,805,9,0.9780893921852112,9,9,True
clip_vit_b_32,clip_vit_b_32_linear_head,d16_left,825,825,1,0.9879360198974609,1,1,True
clip_vit_b_32,clip_vit_b_32_linear_head,d16_left,852,852,9,0.9838271141052246,9,9,True
clip_vit_b_32,clip_vit_b_32_linear_head,d16_left,855,855,4,0.9536185264587402,4,4,True
clip_vit_b_32,clip_vit_b_32_linear_head,d16_left,873,873,6,0.9766103625297546,6,4,False
clip_vit_b_32,clip_vit_b_32_linear_head,d16_left,890,890,6,0.9667060375213623,6,6,True
clip_vit_b_32,clip_vit_b_32_linear_head,d16_left,920,920,6,0.9455562233924866,6,6,True
clip_vit_b_32,clip_vit_b_32_linear_head,d16_left,929,929,6,0.9797011017799377,6,6,True
clip_vit_b_32,clip_vit_b_32_linear_head,d16_left,962,962,8,0.9849324226379395,8,8,True
clip_vit_b_32,clip_vit_b_32_linear_head,d16_left,964,964,6,0.962893545627594,6,6,True
clip_vit_b_32,clip_vit_b_32_linear_head,d16_left,977,977,6,0.978583574295044,6,6,True
clip_vit_b_32,clip_vit_b_32_linear_head,d16_left,979,979,3,0.9754860401153564,3,3,True
clip_vit_b_32,clip_vit_b_32_linear_head,d16_left,981,981,2,0.9693390727043152,2,2,True
clip_vit_b_32,clip_vit_b_32_linear_head,d16_left,1022,1022,9,0.9247698783874512,9,9,True
clip_vit_b_32,clip_vit_b_32_linear_head,d16_left,1032,1032,7,0.9620746970176697,7,7,True
clip_vit_b_32,clip_vit_b_32_linear_head,d16_left,1048,1048,7,0.9721759557723999,7,7,True
clip_vit_b_32,clip_vit_b_32_linear_head,d16_left,1090,1090,1,0.9792385697364807,1,1,True
clip_vit_b_32,clip_vit_b_32_linear_head,d16_left,1095,1095,5,0.9719259738922119,5,5,True
clip_vit_b_32,clip_vit_b_32_linear_head,d16_left,1109,1109,1,0.9183509945869446,1,1,True
clip_vit_b_32,clip_vit_b_32_linear_head,d16_left,1111,1111,4,0.949202299118042,4,4,True
clip_vit_b_32,clip_vit_b_32_linear_head,d16_left,1115,1115,1,0.9238671064376831,1,1,True
clip_vit_b_32,clip_vit_b_32_linear_head,d16_left,1124,1124,4,0.9622931480407715,4,4,True
clip_vit_b_32,clip_vit_b_32_linear_head,d16_left,1129,1129,8,0.967340350151062,8,8,True
clip_vit_b_32,clip_vit_b_32_linear_head,d16_left,1175,1175,0,0.9694488048553467,0,0,True
clip_vit_b_32,clip_vit_b_32_linear_head,d16_left,1202,1202,2,0.953511118888855,2,2,True
clip_vit_b_32,clip_vit_b_32_linear_head,d16_left,1204,1204,3,0.9628539085388184,3,3,True
clip_vit_b_32,clip_vit_b_32_linear_head,d16_left,1211,1211,4,0.9659467339515686,4,4,True
clip_vit_b_32,clip_vit_b_32_linear_head,d16_left,1220,1220,7,0.9548942446708679,7,7,True
clip_vit_b_32,clip_vit_b_32_linear_head,d16_left,1230,1230,1,0.9601131677627563,1,7,False
clip_vit_b_32,clip_vit_b_32_linear_head,d16_left,1247,1247,8,0.9847717881202698,8,8,True
clip_vit_b_32,clip_vit_b_32_linear_head,d16_left,1263,1263,3,0.9843939542770386,3,3,True
clip_vit_b_32,clip_vit_b_32_linear_head,d16_left,1266,1266,4,0.9701573848724365,4,4,True
clip_vit_b_32,clip_vit_b_32_linear_head,d16_left,1287,1287,7,0.9471123814582825,7,7,True
clip_vit_b_32,clip_vit_b_32_linear_head,d16_left,1296,1296,7,0.9450440406799316,7,7,True
clip_vit_b_32,clip_vit_b_32_linear_head,d16_left,1370,1370,3,0.9745657444000244,3,3,True
clip_vit_b_32,clip_vit_b_32_linear_head,d16_left,1389,1389,0,0.9613258838653564,0,0,True
clip_vit_b_32,clip_vit_b_32_linear_head,d16_left,1401,1401,3,0.9786239266395569,3,3,True
clip_vit_b_32,clip_vit_b_32_linear_head,d16_left,1403,1403,2,0.9420680403709412,2,2,True
clip_vit_b_32,clip_vit_b_32_linear_head,d16_left,1411,1411,9,0.9827074408531189,9,9,True
clip_vit_b_32,clip_vit_b_32_linear_head,d16_left,1429,1429,4,0.9437873959541321,4,4,True
clip_vit_b_32,clip_vit_b_32_linear_head,d16_left,1430,1430,9,0.9677839279174805,9,9,True
clip_vit_b_32,clip_vit_b_32_linear_head,d16_left,1431,1431,3,0.9586080312728882,3,3,True
clip_vit_b_32,clip_vit_b_32_linear_head,d16_left,1436,1436,1,0.9789733290672302,1,1,True
clip_vit_b_32,clip_vit_b_32_linear_head,d16_left,1440,1440,7,0.9803149700164795,7,7,True
clip_vit_b_32,clip_vit_b_32_linear_head,d16_left,1468,1468,9,0.9582648873329163,9,9,True
clip_vit_b_32,clip_vit_b_32_linear_head,d16_left,1473,1473,7,0.9842122793197632,7,7,True
clip_vit_b_32,clip_vit_b_32_linear_head,d16_left,1515,1515,9,0.9633890390396118,9,9,True
clip_vit_b_32,clip_vit_b_32_linear_head,d16_left,1520,1520,2,0.9599491953849792,2,2,True
clip_vit_b_32,clip_vit_b_32_linear_head,d16_left,1531,1531,3,0.9828152656555176,3,4,False
clip_vit_b_32,clip_vit_b_32_linear_head,d16_left,1534,1534,6,0.9386957287788391,6,6,True
clip_vit_b_32,clip_vit_b_32_linear_head,d16_left,1552,1552,5,0.9751995801925659,5,5,True
clip_vit_b_32,clip_vit_b_32_linear_head,d16_left,1553,1553,0,0.9584992527961731,0,0,True
clip_vit_b_32,clip_vit_b_32_linear_head,d16_left,1563,1563,3,0.9630154371261597,7,7,True
clip_vit_b_32,clip_vit_b_32_linear_head,d16_left,1568,1568,1,0.9684513807296753,1,1,True
clip_vit_b_32,clip_vit_b_32_linear_head,d16_left,1579,1579,7,0.972192108631134,7,7,True
clip_vit_b_32,clip_vit_b_32_linear_head,d16_left,1586,1586,2,0.9630683660507202,2,2,True
clip_vit_b_32,clip_vit_b_32_linear_head,d16_left,1596,1596,0,0.9885785579681396,0,0,True
clip_vit_b_32,clip_vit_b_32_linear_head,d16_left,1626,1626,5,0.975333571434021,5,5,True
clip_vit_b_32,clip_vit_b_32_linear_head,d16_left,1640,1640,8,0.9566489458084106,8,8,True
clip_vit_b_32,clip_vit_b_32_linear_head,d16_left,1644,1644,5,0.9695706367492676,5,5,True
clip_vit_b_32,clip_vit_b_32_linear_head,d16_left,1648,1648,0,0.9247214794158936,0,0,True
clip_vit_b_32,clip_vit_b_32_linear_head,d16_left,1654,1654,9,0.9708199501037598,9,9,True
clip_vit_b_32,clip_vit_b_32_linear_head,d16_left,1667,1667,6,0.9781183004379272,6,6,True
clip_vit_b_32,clip_vit_b_32_linear_head,d16_left,1703,1703,7,0.9654687643051147,7,7,True
clip_vit_b_32,clip_vit_b_32_linear_head,d16_left,1711,1711,7,0.9751487970352173,7,7,True
clip_vit_b_32,clip_vit_b_32_linear_head,d16_left,1771,1771,7,0.9265391826629639,7,7,True
clip_vit_b_32,clip_vit_b_32_linear_head,d16_left,1783,1783,8,0.9815642237663269,8,8,True
clip_vit_b_32,clip_vit_b_32_linear_head,d16_left,1814,1814,2,0.9677282571792603,2,2,True
clip_vit_b_32,clip_vit_b_32_linear_head,d16_left,1833,1833,8,0.9787243604660034,8,8,True
clip_vit_b_32,clip_vit_b_32_linear_head,d16_left,1836,1836,9,0.9771865010261536,9,9,True
clip_vit_b_32,clip_vit_b_32_linear_head,d16_left,1839,1839,2,0.9640941023826599,2,2,True
clip_vit_b_32,clip_vit_b_32_linear_head,d16_left,1852,1852,1,0.9813551902770996,1,1,True
clip_vit_b_32,clip_vit_b_32_linear_head,d16_left,1871,1871,1,0.9759640693664551,1,1,True
clip_vit_b_32,clip_vit_b_32_linear_head,d16_left,1877,1877,5,0.9681963324546814,5,5,True
clip_vit_b_32,clip_vit_b_32_linear_head,d16_left,1884,1884,7,0.9587926864624023,7,7,True
clip_vit_b_32,clip_vit_b_32_linear_head,d16_left,1927,1927,7,0.9154378175735474,7,7,True
clip_vit_b_32,clip_vit_b_32_linear_head,d16_left,1954,1954,8,0.9616792798042297,8,8,True
clip_vit_b_32,clip_vit_b_32_linear_head,d16_left,1956,1956,7,0.98406583070755,7,7,True
clip_vit_b_32,clip_vit_b_32_linear_head,d16_left,1960,1960,4,0.9791461229324341,4,4,True
clip_vit_b_32,clip_vit_b_32_linear_head,d16_left,1977,1977,0,0.974432647228241,0,0,True
clip_vit_b_32,clip_vit_b_32_linear_head,d16_left,1986,1986,1,0.9836919903755188,1,1,True
clip_vit_b_32,clip_vit_b_32_linear_head,d16_left,1993,1993,1,0.9829449653625488,1,1,True
clip_vit_b_32,clip_vit_b_32_linear_head,d16_left,2003,2003,6,0.9768002033233643,6,6,True
clip_vit_b_32,clip_vit_b_32_linear_head,d16_left,2011,2011,9,0.9172181487083435,9,9,True
clip_vit_b_32,clip_vit_b_32_linear_head,d16_left,2024,2024,0,0.9837548732757568,0,0,True
clip_vit_b_32,clip_vit_b_32_linear_head,d16_left,2028,2028,3,0.9791529178619385,3,3,True
clip_vit_b_32,clip_vit_b_32_linear_head,d16_left,2062,2062,9,0.9831558465957642,9,9,True
clip_vit_b_32,clip_vit_b_32_linear_head,d16_left,2070,2070,1,0.9158381223678589,1,1,True
clip_vit_b_32,clip_vit_b_32_linear_head,d16_left,2082,2082,2,0.9730643033981323,2,2,True
clip_vit_b_32,clip_vit_b_32_linear_head,d16_left,2095,2095,1,0.9861279726028442,1,1,True
clip_vit_b_32,clip_vit_b_32_linear_head,d16_left,2109,2109,8,0.9860128164291382,8,8,True
clip_vit_b_32,clip_vit_b_32_linear_head,d16_left,2114,2114,9,0.9817854166030884,9,9,True
clip_vit_b_32,clip_vit_b_32_linear_head,d16_left,2116,2116,1,0.9798575043678284,1,1,True
clip_vit_b_32,clip_vit_b_32_linear_head,d16_left,2157,2157,1,0.9485150575637817,1,1,True
clip_vit_b_32,clip_vit_b_32_linear_head,d16_left,2167,2167,9,0.9536665081977844,9,9,True
clip_vit_b_32,clip_vit_b_32_linear_head,d16_left,2178,2178,1,0.9661023616790771,1,1,True
clip_vit_b_32,clip_vit_b_32_linear_head,d16_left,2191,2191,8,0.9747872948646545,8,8,True
clip_vit_b_32,clip_vit_b_32_linear_head,d16_left,2230,2230,8,0.9575075507164001,8,8,True
clip_vit_b_32,clip_vit_b_32_linear_head,d16_left,2242,2242,0,0.9810855388641357,0,0,True
clip_vit_b_32,clip_vit_b_32_linear_head,d16_left,2265,2265,5,0.9667251706123352,5,5,True
clip_vit_b_32,clip_vit_b_32_linear_head,d16_left,2268,2268,5,0.948713481426239,5,5,True
clip_vit_b_32,clip_vit_b_32_linear_head,d16_left,2291,2291,3,0.9175268411636353,3,3,True
clip_vit_b_32,clip_vit_b_32_linear_head,d16_left,2334,2334,5,0.990707278251648,5,5,True
clip_vit_b_32,clip_vit_b_32_linear_head,d16_left,2340,2340,8,0.9877737760543823,8,8,True
clip_vit_b_32,clip_vit_b_32_linear_head,d16_left,2342,2342,8,0.9668158292770386,8,8,True
clip_vit_b_32,clip_vit_b_32_linear_head,d16_left,2351,2351,9,0.9681376218795776,9,9,True
clip_vit_b_32,clip_vit_b_32_linear_head,d16_left,2391,2391,5,0.9654994010925293,5,5,True
clip_vit_b_32,clip_vit_b_32_linear_head,d16_left,2392,2392,2,0.9723132252693176,2,2,True
clip_vit_b_32,clip_vit_b_32_linear_head,d16_left,2399,2399,4,0.9727146029472351,4,4,True
clip_vit_b_32,clip_vit_b_32_linear_head,d16_left,2414,2414,9,0.9832507371902466,9,9,True
clip_vit_b_32,clip_vit_b_32_linear_head,d16_left,2427,2427,5,0.9657351970672607,5,5,True
clip_vit_b_32,clip_vit_b_32_linear_head,d16_left,2458,2458,5,0.9719119668006897,5,5,True
clip_vit_b_32,clip_vit_b_32_linear_head,d16_left,2501,2501,7,0.9816735982894897,7,7,True
clip_vit_b_32,clip_vit_b_32_linear_head,d16_left,2502,2502,2,0.9525654911994934,2,2,True
clip_vit_b_32,clip_vit_b_32_linear_head,d16_left,2536,2536,3,0.9421126842498779,3,3,True
clip_vit_b_32,clip_vit_b_32_linear_head,d16_left,2539,2539,3,0.9731106758117676,3,3,True
clip_vit_b_32,clip_vit_b_32_linear_head,d16_left,2610,2610,6,0.9532937407493591,6,6,True
clip_vit_b_32,clip_vit_b_32_linear_head,d16_left,2623,2623,5,0.962938666343689,5,5,True
clip_vit_b_32,clip_vit_b_32_linear_head,d16_left,2655,2655,9,0.9684756994247437,9,9,True
clip_vit_b_32,clip_vit_b_32_linear_head,d16_left,2668,2668,7,0.9816292524337769,7,7,True
clip_vit_b_32,clip_vit_b_32_linear_head,d16_left,2676,2676,6,0.841515302658081,6,6,True
clip_vit_b_32,clip_vit_b_32_linear_head,d16_left,2687,2687,1,0.9168658256530762,1,1,True
clip_vit_b_32,clip_vit_b_32_linear_head,d16_left,2690,2690,1,0.9522800445556641,1,1,True
clip_vit_b_32,clip_vit_b_32_linear_head,d16_left,2704,2704,4,0.9926894307136536,4,4,True
clip_vit_b_32,clip_vit_b_32_linear_head,d16_left,2745,2745,8,0.9732091426849365,8,8,True
clip_vit_b_32,clip_vit_b_32_linear_head,d16_left,2746,2746,7,0.9700585603713989,7,7,True
clip_vit_b_32,clip_vit_b_32_linear_head,d16_left,2750,2750,0,0.9779618978500366,0,0,True
clip_vit_b_32,clip_vit_b_32_linear_head,d16_left,2754,2754,3,0.9851486682891846,3,3,True
clip_vit_b_32,clip_vit_b_32_linear_head,d16_left,2757,2757,4,0.9764469861984253,4,4,True
clip_vit_b_32,clip_vit_b_32_linear_head,d16_left,2766,2766,5,0.9625988602638245,5,5,True
clip_vit_b_32,clip_vit_b_32_linear_head,d16_left,2807,2807,5,0.9386131763458252,5,5,True
clip_vit_b_32,clip_vit_b_32_linear_head,d16_left,2844,2844,8,0.9795835018157959,8,8,True
clip_vit_b_32,clip_vit_b_32_linear_head,d16_left,2854,2854,7,0.9821497797966003,7,7,True
clip_vit_b_32,clip_vit_b_32_linear_head,d16_left,2861,2861,3,0.9553776979446411,3,3,True
clip_vit_b_32,clip_vit_b_32_linear_head,d16_left,2888,2888,0,0.9555009603500366,0,0,True
clip_vit_b_32,clip_vit_b_32_linear_head,d16_left,2898,2898,4,0.9797040820121765,4,4,True
clip_vit_b_32,clip_vit_b_32_linear_head,d16_left,2950,2950,5,0.9757010340690613,5,5,True
clip_vit_b_32,clip_vit_b_32_linear_head,d16_left,2958,2958,6,0.984831690788269,6,6,True
clip_vit_b_32,clip_vit_b_32_linear_head,d16_left,3015,3015,8,0.9862411618232727,8,8,True
clip_vit_b_32,clip_vit_b_32_linear_head,d16_left,3024,3024,2,0.9820801615715027,2,2,True
clip_vit_b_32,clip_vit_b_32_linear_head,d16_left,3025,3025,0,0.9556856751441956,0,0,True
clip_vit_b_32,clip_vit_b_32_linear_head,d16_left,3034,3034,4,0.9843006730079651,4,4,True
clip_vit_b_32,clip_vit_b_32_linear_head,d16_left,3067,3067,2,0.9632721543312073,2,2,True
clip_vit_b_32,clip_vit_b_32_linear_head,d16_left,3078,3078,4,0.9709938764572144,4,4,True
clip_vit_b_32,clip_vit_b_32_linear_head,d16_left,3079,3079,1,0.9771590232849121,1,1,True
clip_vit_b_32,clip_vit_b_32_linear_head,d16_left,3083,3083,0,0.9808581471443176,0,0,True
clip_vit_b_32,clip_vit_b_32_linear_head,d16_left,3122,3122,4,0.9729822278022766,4,4,True
clip_vit_b_32,clip_vit_b_32_linear_head,d16_left,3153,3153,7,0.950095534324646,7,3,False
clip_vit_b_32,clip_vit_b_32_linear_head,d16_left,3157,3157,8,0.9781143665313721,8,8,True
clip_vit_b_32,clip_vit_b_32_linear_head,d16_left,3163,3163,2,0.9623429179191589,2,2,True
clip_vit_b_32,clip_vit_b_32_linear_head,d16_left,3179,3179,4,0.9567557573318481,4,4,True
clip_vit_b_32,clip_vit_b_32_linear_head,d16_left,3191,3191,6,0.951539933681488,6,6,True
clip_vit_b_32,clip_vit_b_32_linear_head,d16_left,3276,3276,3,0.9400460720062256,7,7,True
clip_vit_b_32,clip_vit_b_32_linear_head,d16_left,3287,3287,4,0.9862285256385803,4,4,True
clip_vit_b_32,clip_vit_b_32_linear_head,d16_left,3288,3288,7,0.9830111861228943,7,7,True
clip_vit_b_32,clip_vit_b_32_linear_head,d16_left,3292,3292,6,0.9453519582748413,6,6,True
clip_vit_b_32,clip_vit_b_32_linear_head,d16_left,3318,3318,9,0.9686029553413391,9,9,True
clip_vit_b_32,clip_vit_b_32_linear_head,d16_left,3347,3347,0,0.98273766040802,0,0,True
clip_vit_b_32,clip_vit_b_32_linear_head,d16_left,3353,3353,5,0.9422909617424011,5,5,True
clip_vit_b_32,clip_vit_b_32_linear_head,d16_left,3362,3362,2,0.9777464866638184,2,2,True
clip_vit_b_32,clip_vit_b_32_linear_head,d16_left,3365,3365,4,0.9774682521820068,4,4,True
clip_vit_b_32,clip_vit_b_32_linear_head,d16_left,3375,3375,3,0.9840022921562195,3,3,True
clip_vit_b_32,clip_vit_b_32_linear_head,d16_left,3383,3383,3,0.935341477394104,3,3,True
clip_vit_b_32,clip_vit_b_32_linear_head,d16_left,3404,3404,7,0.9833719730377197,7,7,True
clip_vit_b_32,clip_vit_b_32_linear_head,d16_left,3412,3412,8,0.9856076240539551,8,8,True
clip_vit_b_32,clip_vit_b_32_linear_head,d16_left,3413,3413,1,0.9867286682128906,1,1,True
clip_vit_b_32,clip_vit_b_32_linear_head,d16_left,3418,3418,6,0.9834019541740417,6,6,True
clip_vit_b_32,clip_vit_b_32_linear_head,d16_left,3437,3437,0,0.9617045521736145,0,0,True
clip_vit_b_32,clip_vit_b_32_linear_head,d16_left,3446,3446,7,0.9412990808486938,7,7,True
clip_vit_b_32,clip_vit_b_32_linear_head,d16_left,3454,3454,2,0.9610550999641418,2,2,True
clip_vit_b_32,clip_vit_b_32_linear_head,d16_left,3455,3455,0,0.9723137021064758,0,0,True
clip_vit_b_32,clip_vit_b_32_linear_head,d16_left,3458,3458,4,0.9771636724472046,4,4,True
clip_vit_b_32,clip_vit_b_32_linear_head,d16_left,3467,3467,7,0.964866042137146,7,7,True
clip_vit_b_32,clip_vit_b_32_linear_head,d16_left,3491,3491,1,0.9647856950759888,1,1,True
clip_vit_b_32,clip_vit_b_32_linear_head,d16_left,3494,3494,6,0.9800053238868713,6,6,True
clip_vit_b_32,clip_vit_b_32_linear_head,d16_left,3512,3512,4,0.9815396070480347,4,4,True
clip_vit_b_32,clip_vit_b_32_linear_head,d16_left,3515,3515,6,0.9544624090194702,6,6,True
clip_vit_b_32,clip_vit_b_32_linear_head,d16_left,3542,3542,7,0.9850250482559204,7,7,True
clip_vit_b_32,clip_vit_b_32_linear_head,d16_left,3550,3550,1,0.9705631732940674,1,1,True
clip_vit_b_32,clip_vit_b_32_linear_head,d16_left,3562,3562,3,0.9554674029350281,3,4,False
clip_vit_b_32,clip_vit_b_32_linear_head,d16_left,3755,3755,2,0.9519777297973633,2,2,True
clip_vit_b_32,clip_vit_b_32_linear_head,d16_left,3763,3763,4,0.9830750226974487,4,4,True
clip_vit_b_32,clip_vit_b_32_linear_head,d16_left,3777,3777,6,0.9733121395111084,6,6,True
clip_vit_b_32,clip_vit_b_32_linear_head,d16_left,3778,3778,3,0.9709493517875671,3,3,True
clip_vit_b_32,clip_vit_b_32_linear_head,d16_left,3779,3779,6,0.9805142283439636,6,6,True
clip_vit_b_32,clip_vit_b_32_linear_head,d16_left,3844,3844,6,0.9431799054145813,6,6,True
clip_vit_b_32,clip_vit_b_32_linear_head,d16_left,3851,3851,3,0.9768669605255127,3,3,True
clip_vit_b_32,clip_vit_b_32_linear_head,d16_left,3852,3852,5,0.953887939453125,5,5,True
clip_vit_b_32,clip_vit_b_32_linear_head,d16_left,3863,3863,5,0.97384113073349,5,5,True
clip_vit_b_32,clip_vit_b_32_linear_head,d16_left,3867,3867,7,0.9672925472259521,7,7,True
clip_vit_b_32,clip_vit_b_32_linear_head,d16_left,3876,3876,0,0.9354668259620667,0,0,True
clip_vit_b_32,clip_vit_b_32_linear_head,d16_left,3889,3889,5,0.9598387479782104,5,5,True
clip_vit_b_32,clip_vit_b_32_linear_head,d16_left,3891,3891,4,0.9738351106643677,4,4,True
clip_vit_b_32,clip_vit_b_32_linear_head,d16_left,3893,3893,9,0.9507494568824768,9,9,True
clip_vit_b_32,clip_vit_b_32_linear_head,d16_left,3905,3905,8,0.9911582469940186,8,8,True
clip_vit_b_32,clip_vit_b_32_linear_head,d16_left,3914,3914,3,0.9882122874259949,3,3,True
clip_vit_b_32,clip_vit_b_32_linear_head,d16_left,3937,3937,1,0.9896601438522339,1,1,True
clip_vit_b_32,clip_vit_b_32_linear_head,d16_left,3942,3942,9,0.9289441704750061,9,9,True
clip_vit_b_32,clip_vit_b_32_linear_head,d16_left,3948,3948,8,0.9845356345176697,8,8,True
clip_vit_b_32,clip_vit_b_32_linear_head,d16_left,3962,3962,6,0.9840282797813416,6,6,True
clip_vit_b_32,clip_vit_b_32_linear_head,d16_left,3965,3965,0,0.991572916507721,0,0,True
clip_vit_b_32,clip_vit_b_32_linear_head,d16_left,3994,3994,4,0.9557792544364929,4,4,True
clip_vit_b_32,clip_vit_b_32_linear_head,d16_left,3996,3996,9,0.9294667840003967,9,9,True
clip_vit_b_32,clip_vit_b_32_linear_head,d16_left,4011,4011,6,0.9761662483215332,6,6,True
clip_vit_b_32,clip_vit_b_32_linear_head,d16_left,4023,4023,3,0.9782402515411377,3,3,True
clip_vit_b_32,clip_vit_b_32_linear_head,d16_left,4054,4054,4,0.9585527181625366,4,4,True
clip_vit_b_32,clip_vit_b_32_linear_head,d16_left,4065,4065,2,0.975650429725647,2,2,True
clip_vit_b_32,clip_vit_b_32_linear_head,d16_left,4069,4069,8,0.9607813954353333,8,8,True
clip_vit_b_32,clip_vit_b_32_linear_head,d16_left,4093,4093,6,0.9538885354995728,6,6,True
clip_vit_b_32,clip_vit_b_32_linear_head,d16_left,4094,4094,9,0.9416199326515198,9,9,True
clip_vit_b_32,clip_vit_b_32_linear_head,d16_left,4106,4106,5,0.9497669339179993,5,5,True
clip_vit_b_32,clip_vit_b_32_linear_head,d16_left,4130,4130,0,0.9858084917068481,0,0,True
clip_vit_b_32,clip_vit_b_32_linear_head,d16_left,4168,4168,3,0.966461718082428,3,3,True
clip_vit_b_32,clip_vit_b_32_linear_head,d16_left,4170,4170,8,0.9776962995529175,8,8,True
clip_vit_b_32,clip_vit_b_32_linear_head,d16_left,4172,4172,7,0.9788068532943726,7,7,True
clip_vit_b_32,clip_vit_b_32_linear_head,d16_left,4177,4177,8,0.9702851176261902,8,8,True
clip_vit_b_32,clip_vit_b_32_linear_head,d16_left,4215,4215,3,0.8174938559532166,3,1,False
clip_vit_b_32,clip_vit_b_32_linear_head,d16_left,4229,4229,3,0.9793248772621155,3,3,True
clip_vit_b_32,clip_vit_b_32_linear_head,d16_left,4236,4236,7,0.9464808106422424,7,7,True
clip_vit_b_32,clip_vit_b_32_linear_head,d16_left,4242,4242,8,0.9901885986328125,8,8,True
clip_vit_b_32,clip_vit_b_32_linear_head,d16_left,4254,4254,6,0.985039472579956,6,6,True
clip_vit_b_32,clip_vit_b_32_linear_head,d16_left,4290,4290,5,0.9303039908409119,4,4,True
clip_vit_b_32,clip_vit_b_32_linear_head,d16_left,4298,4298,1,0.9817798137664795,1,1,True
clip_vit_b_32,clip_vit_b_32_linear_head,d16_left,4308,4308,7,0.9427972435951233,7,7,True
clip_vit_b_32,clip_vit_b_32_linear_head,d16_left,4311,4311,8,0.9782852530479431,8,8,True
clip_vit_b_32,clip_vit_b_32_linear_head,d16_left,4323,4323,3,0.9760230779647827,3,3,True
clip_vit_b_32,clip_vit_b_32_linear_head,d16_left,4330,4330,3,0.9693489074707031,3,3,True
clip_vit_b_32,clip_vit_b_32_linear_head,d16_left,4341,4341,6,0.9710898995399475,6,6,True
clip_vit_b_32,clip_vit_b_32_linear_head,d16_left,4355,4355,8,0.9740095138549805,8,8,True
clip_vit_b_32,clip_vit_b_32_linear_head,d16_left,4399,4399,0,0.97691810131073,0,0,True
clip_vit_b_32,clip_vit_b_32_linear_head,d16_left,4403,4403,7,0.9662288427352905,7,7,True
clip_vit_b_32,clip_vit_b_32_linear_head,d16_left,4411,4411,6,0.9566908478736877,6,6,True
clip_vit_b_32,clip_vit_b_32_linear_head,d16_left,4449,4449,9,0.937009871006012,9,9,True
clip_vit_b_32,clip_vit_b_32_linear_head,d16_left,4463,4463,3,0.9667733907699585,3,3,True
clip_vit_b_32,clip_vit_b_32_linear_head,d16_left,4531,4531,3,0.9322675466537476,3,3,True
clip_vit_b_32,clip_vit_b_32_linear_head,d16_left,4539,4539,0,0.9844245314598083,0,0,True
clip_vit_b_32,clip_vit_b_32_linear_head,d16_left,4547,4547,5,0.9859014749526978,5,5,True
clip_vit_b_32,clip_vit_b_32_linear_head,d16_left,4552,4552,8,0.9730420708656311,8,8,True
clip_vit_b_32,clip_vit_b_32_linear_head,d16_left,4570,4570,5,0.9693142175674438,5,5,True
clip_vit_b_32,clip_vit_b_32_linear_head,d16_left,4590,4590,3,0.9735994338989258,3,3,True
clip_vit_b_32,clip_vit_b_32_linear_head,d16_left,4609,4609,3,0.9316701889038086,3,7,False
clip_vit_b_32,clip_vit_b_32_linear_head,d16_left,4615,4615,0,0.9570849537849426,0,0,True
clip_vit_b_32,clip_vit_b_32_linear_head,d16_left,4617,4617,0,0.9873014688491821,0,0,True
clip_vit_b_32,clip_vit_b_32_linear_head,d16_left,4620,4620,6,0.972038745880127,6,6,True
clip_vit_b_32,clip_vit_b_32_linear_head,d16_left,4629,4629,4,0.9524534344673157,4,4,True
clip_vit_b_32,clip_vit_b_32_linear_head,d16_left,4640,4640,1,0.9437656402587891,1,1,True
clip_vit_b_32,clip_vit_b_32_linear_head,d16_left,4642,4642,4,0.9851294755935669,4,4,True
clip_vit_b_32,clip_vit_b_32_linear_head,d16_left,4661,4661,7,0.954214870929718,7,7,True
clip_vit_b_32,clip_vit_b_32_linear_head,d16_left,4662,4662,8,0.980292022228241,8,8,True
clip_vit_b_32,clip_vit_b_32_linear_head,d16_left,4675,4675,0,0.9798337817192078,0,0,True
clip_vit_b_32,clip_vit_b_32_linear_head,d16_left,4676,4676,8,0.9886623024940491,8,8,True
clip_vit_b_32,clip_vit_b_32_linear_head,d16_left,4704,4704,7,0.944550633430481,7,7,True
clip_vit_b_32,clip_vit_b_32_linear_head,d16_left,4723,4723,9,0.9828421473503113,9,9,True
clip_vit_b_32,clip_vit_b_32_linear_head,d16_left,4731,4731,6,0.9780951738357544,6,6,True
clip_vit_b_32,clip_vit_b_32_linear_head,d16_left,4735,4735,2,0.9696507453918457,2,2,True
clip_vit_b_32,clip_vit_b_32_linear_head,d16_left,4740,4740,4,0.9740713238716125,4,4,True
clip_vit_b_32,clip_vit_b_32_linear_head,d16_left,4746,4746,6,0.9924613237380981,6,6,True
clip_vit_b_32,clip_vit_b_32_linear_head,d16_left,4748,4748,7,0.9697524309158325,7,7,True
clip_vit_b_32,clip_vit_b_32_linear_head,d16_left,4754,4754,6,0.9848880767822266,6,6,True
clip_vit_b_32,clip_vit_b_32_linear_head,d16_left,4785,4785,0,0.9655433893203735,0,0,True
clip_vit_b_32,clip_vit_b_32_linear_head,d16_left,4791,4791,7,0.9925199747085571,7,7,True
clip_vit_b_32,clip_vit_b_32_linear_head,d16_left,4819,4819,0,0.9788974523544312,0,0,True
clip_vit_b_32,clip_vit_b_32_linear_head,d16_left,4821,4821,3,0.9781750440597534,3,3,True
clip_vit_b_32,clip_vit_b_32_linear_head,d16_left,4827,4827,6,0.9802671074867249,6,6,True
clip_vit_b_32,clip_vit_b_32_linear_head,d16_left,4850,4850,5,0.9593283534049988,5,5,True
clip_vit_b_32,clip_vit_b_32_linear_head,d16_left,4881,4881,3,0.9523376226425171,3,3,True
clip_vit_b_32,clip_vit_b_32_linear_head,d16_left,4893,4893,0,0.9821913242340088,0,0,True
clip_vit_b_32,clip_vit_b_32_linear_head,d16_left,4908,4908,3,0.9802231788635254,3,3,True
clip_vit_b_32,clip_vit_b_32_linear_head,d16_left,4913,4913,2,0.9818241000175476,2,2,True
clip_vit_b_32,clip_vit_b_32_linear_head,d16_left,4921,4921,2,0.9391911029815674,2,2,True
clip_vit_b_32,clip_vit_b_32_linear_head,d16_left,4953,4953,5,0.9654852151870728,5,5,True
clip_vit_b_32,clip_vit_b_32_linear_head,d16_left,4966,4966,5,0.952518105506897,5,5,True
clip_vit_b_32,clip_vit_b_32_linear_head,d16_left,4990,4990,8,0.9696868062019348,8,8,True
clip_vit_b_32,clip_vit_b_32_linear_head,d16_left,5000,5000,8,0.9864221811294556,8,8,True
clip_vit_b_32,clip_vit_b_32_linear_head,d16_left,5030,5030,2,0.9550195932388306,2,2,True
clip_vit_b_32,clip_vit_b_32_linear_head,d16_left,5062,5062,4,0.9896547794342041,4,4,True
clip_vit_b_32,clip_vit_b_32_linear_head,d16_left,5077,5077,4,0.9539585113525391,4,4,True
clip_vit_b_32,clip_vit_b_32_linear_head,d16_left,5082,5082,6,0.9802408814430237,6,6,True
clip_vit_b_32,clip_vit_b_32_linear_head,d16_left,5092,5092,1,0.9695095419883728,1,1,True
clip_vit_b_32,clip_vit_b_32_linear_head,d16_left,5101,5101,5,0.9845162630081177,5,5,True
clip_vit_b_32,clip_vit_b_32_linear_head,d16_left,5117,5117,0,0.9837746024131775,0,0,True
clip_vit_b_32,clip_vit_b_32_linear_head,d16_left,5123,5123,1,0.976578950881958,1,1,True
clip_vit_b_32,clip_vit_b_32_linear_head,d16_left,5135,5135,4,0.9547979831695557,4,4,True
clip_vit_b_32,clip_vit_b_32_linear_head,d16_left,5183,5183,2,0.9497776031494141,2,2,True
clip_vit_b_32,clip_vit_b_32_linear_head,d16_left,5213,5213,4,0.9744205474853516,4,4,True
clip_vit_b_32,clip_vit_b_32_linear_head,d16_left,5218,5218,2,0.9606357216835022,2,2,True
clip_vit_b_32,clip_vit_b_32_linear_head,d16_left,5220,5220,1,0.8973047137260437,7,1,False
clip_vit_b_32,clip_vit_b_32_linear_head,d16_left,5237,5237,2,0.9750267863273621,2,2,True
clip_vit_b_32,clip_vit_b_32_linear_head,d16_left,5256,5256,1,0.9752861261367798,1,1,True
clip_vit_b_32,clip_vit_b_32_linear_head,d16_left,5284,5284,9,0.9454480409622192,9,9,True
clip_vit_b_32,clip_vit_b_32_linear_head,d16_left,5301,5301,9,0.9325189590454102,9,9,True
clip_vit_b_32,clip_vit_b_32_linear_head,d16_left,5318,5318,2,0.9546499252319336,2,2,True
clip_vit_b_32,clip_vit_b_32_linear_head,d16_left,5332,5332,5,0.9607014656066895,5,5,True
clip_vit_b_32,clip_vit_b_32_linear_head,d16_left,5333,5333,2,0.9651731848716736,2,2,True
clip_vit_b_32,clip_vit_b_32_linear_head,d16_left,5360,5360,9,0.9774730801582336,9,9,True
clip_vit_b_32,clip_vit_b_32_linear_head,d16_left,5381,5381,5,0.9445652961730957,5,5,True
clip_vit_b_32,clip_vit_b_32_linear_head,d16_left,5382,5382,6,0.9669674634933472,6,6,True
clip_vit_b_32,clip_vit_b_32_linear_head,d16_left,5395,5395,2,0.9565527439117432,2,2,True
clip_vit_b_32,clip_vit_b_32_linear_head,d16_left,5402,5402,4,0.9840229153633118,4,4,True
clip_vit_b_32,clip_vit_b_32_linear_head,d16_left,5408,5408,6,0.9698039889335632,6,6,True
clip_vit_b_32,clip_vit_b_32_linear_head,d16_left,5436,5436,7,0.9848797917366028,7,7,True
clip_vit_b_32,clip_vit_b_32_linear_head,d16_left,5447,5447,9,0.9676204323768616,9,9,True
clip_vit_b_32,clip_vit_b_32_linear_head,d16_left,5450,5450,7,0.974726676940918,7,7,True
clip_vit_b_32,clip_vit_b_32_linear_head,d16_left,5451,5451,8,0.9787607789039612,8,8,True
clip_vit_b_32,clip_vit_b_32_linear_head,d16_left,5452,5452,9,0.9242461919784546,9,9,True
clip_vit_b_32,clip_vit_b_32_linear_head,d16_left,5467,5467,4,0.9771409034729004,4,4,True
clip_vit_b_32,clip_vit_b_32_linear_head,d16_left,5478,5478,0,0.9830818772315979,0,0,True
clip_vit_b_32,clip_vit_b_32_linear_head,d16_left,5488,5488,1,0.9743260741233826,1,7,False
clip_vit_b_32,clip_vit_b_32_linear_head,d16_left,5496,5496,5,0.98382568359375,5,5,True
clip_vit_b_32,clip_vit_b_32_linear_head,d16_left,5508,5508,9,0.9609470963478088,9,9,True
clip_vit_b_32,clip_vit_b_32_linear_head,d16_left,5512,5512,2,0.9314122796058655,9,9,True
clip_vit_b_32,clip_vit_b_32_linear_head,d16_left,5525,5525,8,0.9747574329376221,8,8,True
clip_vit_b_32,clip_vit_b_32_linear_head,d16_left,5528,5528,3,0.986770749092102,3,3,True
clip_vit_b_32,clip_vit_b_32_linear_head,d16_left,5556,5556,4,0.9498928189277649,4,4,True
clip_vit_b_32,clip_vit_b_32_linear_head,d16_left,5560,5560,1,0.9716163873672485,1,1,True
clip_vit_b_32,clip_vit_b_32_linear_head,d16_left,5572,5572,9,0.9721828699111938,9,9,True
clip_vit_b_32,clip_vit_b_32_linear_head,d16_left,5580,5580,6,0.9620135426521301,6,6,True
clip_vit_b_32,clip_vit_b_32_linear_head,d16_left,5590,5590,9,0.9441777467727661,9,9,True
clip_vit_b_32,clip_vit_b_32_linear_head,d16_left,5623,5623,4,0.9558264017105103,4,4,True
clip_vit_b_32,clip_vit_b_32_linear_head,d16_left,5677,5677,2,0.9372333288192749,2,2,True
clip_vit_b_32,clip_vit_b_32_linear_head,d16_left,5694,5694,8,0.9639195799827576,8,8,True
clip_vit_b_32,clip_vit_b_32_linear_head,d16_left,5701,5701,5,0.9682135581970215,5,5,True
clip_vit_b_32,clip_vit_b_32_linear_head,d16_left,5705,5705,8,0.988044798374176,8,8,True
clip_vit_b_32,clip_vit_b_32_linear_head,d16_left,5719,5719,7,0.9794220924377441,7,7,True
clip_vit_b_32,clip_vit_b_32_linear_head,d16_left,5729,5729,6,0.9659558534622192,6,6,True
clip_vit_b_32,clip_vit_b_32_linear_head,d16_left,5756,5756,2,0.9436589479446411,2,2,True
clip_vit_b_32,clip_vit_b_32_linear_head,d16_left,5788,5788,9,0.9760425686836243,9,9,True
clip_vit_b_32,clip_vit_b_32_linear_head,d16_left,5789,5789,4,0.9621155261993408,4,4,True
clip_vit_b_32,clip_vit_b_32_linear_head,d16_left,5824,5824,2,0.9659329056739807,2,2,True
clip_vit_b_32,clip_vit_b_32_linear_head,d16_left,5848,5848,7,0.9883525371551514,7,7,True
clip_vit_b_32,clip_vit_b_32_linear_head,d16_left,5851,5851,9,0.9880154132843018,9,9,True
clip_vit_b_32,clip_vit_b_32_linear_head,d16_left,5857,5857,6,0.9345396161079407,6,6,True
clip_vit_b_32,clip_vit_b_32_linear_head,d16_left,5858,5858,6,0.9436296224594116,6,6,True
clip_vit_b_32,clip_vit_b_32_linear_head,d16_left,5912,5912,0,0.9717733860015869,0,0,True
clip_vit_b_32,clip_vit_b_32_linear_head,d16_left,5915,5915,9,0.9740142226219177,9,9,True
clip_vit_b_32,clip_vit_b_32_linear_head,d16_left,5918,5918,0,0.9751904010772705,0,0,True
clip_vit_b_32,clip_vit_b_32_linear_head,d16_left,5924,5924,5,0.9709855318069458,5,5,True
clip_vit_b_32,clip_vit_b_32_linear_head,d16_left,5977,5977,7,0.9627633690834045,7,7,True
clip_vit_b_32,clip_vit_b_32_linear_head,d16_left,5981,5981,9,0.9674425721168518,9,9,True
clip_vit_b_32,clip_vit_b_32_linear_head,d16_left,5999,5999,0,0.9682108759880066,0,0,True
clip_vit_b_32,clip_vit_b_32_linear_head,d16_left,6028,6028,2,0.9585849046707153,2,2,True
clip_vit_b_32,clip_vit_b_32_linear_head,d16_left,6033,6033,4,0.9706767201423645,4,4,True
clip_vit_b_32,clip_vit_b_32_linear_head,d16_left,6076,6076,1,0.9725512862205505,1,1,True
clip_vit_b_32,clip_vit_b_32_linear_head,d16_left,6084,6084,7,0.9700139760971069,7,7,True
clip_vit_b_32,clip_vit_b_32_linear_head,d16_left,6097,6097,4,0.9853969812393188,4,4,True
clip_vit_b_32,clip_vit_b_32_linear_head,d16_left,6169,6169,1,0.9772918820381165,1,1,True
clip_vit_b_32,clip_vit_b_32_linear_head,d16_left,6190,6190,7,0.9599944949150085,7,7,True
clip_vit_b_32,clip_vit_b_32_linear_head,d16_left,6224,6224,5,0.9666372537612915,5,5,True
clip_vit_b_32,clip_vit_b_32_linear_head,d16_left,6244,6244,2,0.9176427721977234,2,2,True
clip_vit_b_32,clip_vit_b_32_linear_head,d16_left,6264,6264,2,0.9109190106391907,2,2,True
clip_vit_b_32,clip_vit_b_32_linear_head,d16_left,6271,6271,2,0.9488191604614258,2,2,True
clip_vit_b_32,clip_vit_b_32_linear_head,d16_left,6288,6288,4,0.9552662968635559,4,4,True
clip_vit_b_32,clip_vit_b_32_linear_head,d16_left,6332,6332,2,0.9790838360786438,2,2,True
clip_vit_b_32,clip_vit_b_32_linear_head,d16_left,6349,6349,1,0.9783158302307129,1,1,True
clip_vit_b_32,clip_vit_b_32_linear_head,d16_left,6354,6354,2,0.950091540813446,2,2,True
clip_vit_b_32,clip_vit_b_32_linear_head,d16_left,6358,6358,5,0.9275712370872498,5,5,True
clip_vit_b_32,clip_vit_b_32_linear_head,d16_left,6381,6381,6,0.9476075172424316,6,6,True
clip_vit_b_32,clip_vit_b_32_linear_head,d16_left,6414,6414,5,0.9467763900756836,5,5,True
clip_vit_b_32,clip_vit_b_32_linear_head,d16_left,6426,6426,2,0.9644899368286133,2,2,True
clip_vit_b_32,clip_vit_b_32_linear_head,d16_left,6434,6434,8,0.9767500162124634,8,8,True
clip_vit_b_32,clip_vit_b_32_linear_head,d16_left,6437,6437,0,0.9713590145111084,0,0,True
clip_vit_b_32,clip_vit_b_32_linear_head,d16_left,6455,6455,0,0.9738476872444153,0,0,True
clip_vit_b_32,clip_vit_b_32_linear_head,d16_left,6490,6490,3,0.9776946306228638,3,3,True
clip_vit_b_32,clip_vit_b_32_linear_head,d16_left,6503,6503,2,0.9669278860092163,2,2,True
clip_vit_b_32,clip_vit_b_32_linear_head,d16_left,6508,6508,4,0.9800728559494019,4,4,True
clip_vit_b_32,clip_vit_b_32_linear_head,d16_left,6528,6528,4,0.9548745155334473,4,4,True
clip_vit_b_32,clip_vit_b_32_linear_head,d16_left,6594,6594,1,0.9858534336090088,1,1,True
clip_vit_b_32,clip_vit_b_32_linear_head,d16_left,6609,6609,0,0.9829933643341064,0,0,True
clip_vit_b_32,clip_vit_b_32_linear_head,d16_left,6616,6616,2,0.9381176829338074,2,2,True
clip_vit_b_32,clip_vit_b_32_linear_head,d16_left,6650,6650,7,0.9545145630836487,7,7,True
clip_vit_b_32,clip_vit_b_32_linear_head,d16_left,6689,6689,8,0.9698354601860046,8,8,True
clip_vit_b_32,clip_vit_b_32_linear_head,d16_left,6692,6692,2,0.9718415141105652,2,2,True
clip_vit_b_32,clip_vit_b_32_linear_head,d16_left,6713,6713,6,0.9575247764587402,6,6,True
clip_vit_b_32,clip_vit_b_32_linear_head,d16_left,6716,6716,5,0.9633817672729492,5,5,True
clip_vit_b_32,clip_vit_b_32_linear_head,d16_left,6726,6726,7,0.9555305242538452,7,7,True
clip_vit_b_32,clip_vit_b_32_linear_head,d16_left,6733,6733,1,0.9769371747970581,1,1,True
clip_vit_b_32,clip_vit_b_32_linear_head,d16_left,6772,6772,7,0.9659547805786133,7,7,True
clip_vit_b_32,clip_vit_b_32_linear_head,d16_left,6805,6805,1,0.9823518395423889,1,1,True
clip_vit_b_32,clip_vit_b_32_linear_head,d16_left,6836,6836,1,0.9653424620628357,1,1,True
clip_vit_b_32,clip_vit_b_32_linear_head,d16_left,6844,6844,0,0.9738492965698242,0,0,True
clip_vit_b_32,clip_vit_b_32_linear_head,d16_left,6922,6922,5,0.9426811337471008,5,5,True
clip_vit_b_32,clip_vit_b_32_linear_head,d16_left,6931,6931,9,0.9766679406166077,9,9,True
clip_vit_b_32,clip_vit_b_32_linear_head,d16_left,6938,6938,1,0.96795654296875,1,1,True
clip_vit_b_32,clip_vit_b_32_linear_head,d16_left,6952,6952,3,0.9499695897102356,3,3,True
clip_vit_b_32,clip_vit_b_32_linear_head,d16_left,6954,6954,1,0.9826329946517944,1,1,True
clip_vit_b_32,clip_vit_b_32_linear_head,d16_left,6986,6986,0,0.9850037693977356,0,0,True
clip_vit_b_32,clip_vit_b_32_linear_head,d16_left,6989,6989,5,0.952659010887146,5,5,True
clip_vit_b_32,clip_vit_b_32_linear_head,d16_left,7009,7009,0,0.9598115682601929,0,0,True
clip_vit_b_32,clip_vit_b_32_linear_head,d16_left,7029,7029,1,0.9877480268478394,1,1,True
clip_vit_b_32,clip_vit_b_32_linear_head,d16_left,7033,7033,1,0.9615300893783569,1,1,True
clip_vit_b_32,clip_vit_b_32_linear_head,d16_left,7041,7041,5,0.9254186153411865,5,5,True
clip_vit_b_32,clip_vit_b_32_linear_head,d16_left,7047,7047,9,0.9841286540031433,9,9,True
clip_vit_b_32,clip_vit_b_32_linear_head,d16_left,7081,7081,7,0.9737898111343384,7,7,True
clip_vit_b_32,clip_vit_b_32_linear_head,d16_left,7084,7084,2,0.9857273697853088,2,2,True
clip_vit_b_32,clip_vit_b_32_linear_head,d16_left,7108,7108,6,0.9549891352653503,6,6,True
clip_vit_b_32,clip_vit_b_32_linear_head,d16_left,7130,7130,5,0.9626753330230713,5,5,True
clip_vit_b_32,clip_vit_b_32_linear_head,d16_left,7138,7138,8,0.986824095249176,8,8,True
clip_vit_b_32,clip_vit_b_32_linear_head,d16_left,7150,7150,0,0.9681516289710999,0,0,True
clip_vit_b_32,clip_vit_b_32_linear_head,d16_left,7202,7202,1,0.9802689552307129,1,1,True
clip_vit_b_32,clip_vit_b_32_linear_head,d16_left,7262,7262,0,0.9743974208831787,0,0,True
clip_vit_b_32,clip_vit_b_32_linear_head,d16_left,7266,7266,9,0.9645668864250183,9,9,True
clip_vit_b_32,clip_vit_b_32_linear_head,d16_left,7270,7270,7,0.9459182024002075,7,7,True
clip_vit_b_32,clip_vit_b_32_linear_head,d16_left,7309,7309,0,0.9745019674301147,0,0,True
clip_vit_b_32,clip_vit_b_32_linear_head,d16_left,7320,7320,0,0.9648064374923706,0,0,True
clip_vit_b_32,clip_vit_b_32_linear_head,d16_left,7338,7338,6,0.9584839344024658,6,6,True
clip_vit_b_32,clip_vit_b_32_linear_head,d16_left,7372,7372,0,0.9478681087493896,0,0,True
clip_vit_b_32,clip_vit_b_32_linear_head,d16_left,7373,7373,0,0.9727311730384827,0,0,True
clip_vit_b_32,clip_vit_b_32_linear_head,d16_left,7380,7380,9,0.9771174192428589,9,9,True
clip_vit_b_32,clip_vit_b_32_linear_head,d16_left,7390,7390,1,0.9315894842147827,1,1,True
clip_vit_b_32,clip_vit_b_32_linear_head,d16_left,7413,7413,5,0.9778793454170227,3,3,True
clip_vit_b_32,clip_vit_b_32_linear_head,d16_left,7416,7416,3,0.9654731154441833,3,3,True
clip_vit_b_32,clip_vit_b_32_linear_head,d16_left,7425,7425,2,0.9483328461647034,2,2,True
clip_vit_b_32,clip_vit_b_32_linear_head,d16_left,7446,7446,8,0.9776633977890015,8,8,True
clip_vit_b_32,clip_vit_b_32_linear_head,d16_left,7460,7460,8,0.9679656028747559,8,8,True
clip_vit_b_32,clip_vit_b_32_linear_head,d16_left,7465,7465,0,0.9783977270126343,0,0,True
clip_vit_b_32,clip_vit_b_32_linear_head,d16_left,7474,7474,5,0.9787988662719727,5,5,True
clip_vit_b_32,clip_vit_b_32_linear_head,d16_left,7475,7475,4,0.9705552458763123,4,4,True
clip_vit_b_32,clip_vit_b_32_linear_head,d16_left,7476,7476,8,0.9746519327163696,8,8,True
clip_vit_b_32,clip_vit_b_32_linear_head,d16_left,7544,7544,9,0.9716838598251343,9,9,True
clip_vit_b_32,clip_vit_b_32_linear_head,d16_left,7555,7555,6,0.9507936239242554,6,6,True
clip_vit_b_32,clip_vit_b_32_linear_head,d16_left,7600,7600,6,0.9863239526748657,6,6,True
clip_vit_b_32,clip_vit_b_32_linear_head,d16_left,7610,7610,4,0.9731543064117432,4,4,True
clip_vit_b_32,clip_vit_b_32_linear_head,d16_left,7634,7634,0,0.9815834164619446,0,0,True
clip_vit_b_32,clip_vit_b_32_linear_head,d16_left,7692,7692,4,0.9691838026046753,4,4,True
clip_vit_b_32,clip_vit_b_32_linear_head,d16_left,7706,7706,5,0.9513753652572632,5,5,True
clip_vit_b_32,clip_vit_b_32_linear_head,d16_left,7726,7726,6,0.9737826585769653,6,6,True
clip_vit_b_32,clip_vit_b_32_linear_head,d16_left,7744,7744,3,0.96546870470047,3,3,True
clip_vit_b_32,clip_vit_b_32_linear_head,d16_left,7752,7752,9,0.9913046956062317,9,9,True
clip_vit_b_32,clip_vit_b_32_linear_head,d16_left,7776,7776,5,0.8358011245727539,5,5,True
clip_vit_b_32,clip_vit_b_32_linear_head,d16_left,7779,7779,6,0.9428074359893799,6,6,True
clip_vit_b_32,clip_vit_b_32_linear_head,d16_left,7781,7781,6,0.967888355255127,6,6,True
clip_vit_b_32,clip_vit_b_32_linear_head,d16_left,7793,7793,3,0.9629917740821838,3,3,True
clip_vit_b_32,clip_vit_b_32_linear_head,d16_left,7797,7797,3,0.9524264335632324,3,3,True
clip_vit_b_32,clip_vit_b_32_linear_head,d16_left,7810,7810,8,0.972162127494812,8,8,True
clip_vit_b_32,clip_vit_b_32_linear_head,d16_left,7818,7818,8,0.9786275029182434,8,8,True
clip_vit_b_32,clip_vit_b_32_linear_head,d16_left,7835,7835,7,0.944823682308197,7,7,True
clip_vit_b_32,clip_vit_b_32_linear_head,d16_left,7864,7864,4,0.9833132028579712,4,4,True
clip_vit_b_32,clip_vit_b_32_linear_head,d16_left,7875,7875,8,0.9788855910301208,8,8,True
clip_vit_b_32,clip_vit_b_32_linear_head,d16_left,7938,7938,9,0.9549997448921204,9,9,True
clip_vit_b_32,clip_vit_b_32_linear_head,d16_left,7940,7940,4,0.9582896828651428,4,4,True
clip_vit_b_32,clip_vit_b_32_linear_head,d16_left,7944,7944,4,0.9758418202400208,4,4,True
clip_vit_b_32,clip_vit_b_32_linear_head,d16_left,7955,7955,1,0.9538754820823669,1,1,True
clip_vit_b_32,clip_vit_b_32_linear_head,d16_left,7995,7995,9,0.9071105718612671,9,9,True
clip_vit_b_32,clip_vit_b_32_linear_head,d16_left,7996,7996,6,0.9586154818534851,6,6,True
clip_vit_b_32,clip_vit_b_32_linear_head,d16_left,7999,7999,8,0.9744642376899719,8,8,True
clip_vit_b_32,clip_vit_b_32_linear_head,d16_right,3,3,0,0.9289366602897644,0,0,True
clip_vit_b_32,clip_vit_b_32_linear_head,d16_right,29,29,7,0.9032692313194275,7,7,True
clip_vit_b_32,clip_vit_b_32_linear_head,d16_right,35,35,2,0.9461224675178528,2,2,True
clip_vit_b_32,clip_vit_b_32_linear_head,d16_right,42,42,0,0.9728409051895142,0,0,True
clip_vit_b_32,clip_vit_b_32_linear_head,d16_right,49,49,2,0.9679166674613953,2,2,True
clip_vit_b_32,clip_vit_b_32_linear_head,d16_right,81,81,0,0.9324245452880859,0,0,True
clip_vit_b_32,clip_vit_b_32_linear_head,d16_right,95,95,1,0.9891648292541504,1,1,True
clip_vit_b_32,clip_vit_b_32_linear_head,d16_right,97,97,5,0.9670319557189941,5,5,True
clip_vit_b_32,clip_vit_b_32_linear_head,d16_right,116,116,1,0.954064130783081,1,1,True
clip_vit_b_32,clip_vit_b_32_linear_head,d16_right,131,131,9,0.9555187225341797,9,9,True
clip_vit_b_32,clip_vit_b_32_linear_head,d16_right,151,151,8,0.9889003038406372,8,8,True
clip_vit_b_32,clip_vit_b_32_linear_head,d16_right,171,171,4,0.9829603433609009,4,4,True
clip_vit_b_32,clip_vit_b_32_linear_head,d16_right,176,176,3,0.9604946970939636,3,3,True
clip_vit_b_32,clip_vit_b_32_linear_head,d16_right,191,191,9,0.9038910865783691,2,9,False
clip_vit_b_32,clip_vit_b_32_linear_head,d16_right,194,194,8,0.9727008938789368,8,8,True
clip_vit_b_32,clip_vit_b_32_linear_head,d16_right,198,198,1,0.9827474355697632,1,1,True
clip_vit_b_32,clip_vit_b_32_linear_head,d16_right,239,239,9,0.9687774181365967,9,9,True
clip_vit_b_32,clip_vit_b_32_linear_head,d16_right,261,261,1,0.9844976663589478,1,1,True
clip_vit_b_32,clip_vit_b_32_linear_head,d16_right,269,269,7,0.9618361592292786,7,7,True
clip_vit_b_32,clip_vit_b_32_linear_head,d16_right,276,276,9,0.9302688837051392,9,9,True
clip_vit_b_32,clip_vit_b_32_linear_head,d16_right,303,303,9,0.9880338907241821,9,9,True
clip_vit_b_32,clip_vit_b_32_linear_head,d16_right,304,304,1,0.9314878582954407,1,1,True
clip_vit_b_32,clip_vit_b_32_linear_head,d16_right,317,317,2,0.9550495147705078,2,2,True
clip_vit_b_32,clip_vit_b_32_linear_head,d16_right,319,319,5,0.9752915501594543,5,5,True
clip_vit_b_32,clip_vit_b_32_linear_head,d16_right,323,323,7,0.9590647220611572,7,7,True
clip_vit_b_32,clip_vit_b_32_linear_head,d16_right,365,365,3,0.9294684529304504,3,3,True
clip_vit_b_32,clip_vit_b_32_linear_head,d16_right,370,370,7,0.9862474799156189,7,7,True
clip_vit_b_32,clip_vit_b_32_linear_head,d16_right,372,372,3,0.955237090587616,3,3,True
clip_vit_b_32,clip_vit_b_32_linear_head,d16_right,378,378,5,0.9727832674980164,5,5,True
clip_vit_b_32,clip_vit_b_32_linear_head,d16_right,391,391,3,0.9553749561309814,3,3,True
clip_vit_b_32,clip_vit_b_32_linear_head,d16_right,409,409,2,0.9655497074127197,2,2,True
clip_vit_b_32,clip_vit_b_32_linear_head,d16_right,419,419,9,0.9616961479187012,9,9,True
clip_vit_b_32,clip_vit_b_32_linear_head,d16_right,449,449,6,0.9691820740699768,6,6,True
clip_vit_b_32,clip_vit_b_32_linear_head,d16_right,470,470,2,0.9610742330551147,2,2,True
clip_vit_b_32,clip_vit_b_32_linear_head,d16_right,483,483,2,0.9655417203903198,2,2,True
clip_vit_b_32,clip_vit_b_32_linear_head,d16_right,484,484,0,0.9824340343475342,0,0,True
clip_vit_b_32,clip_vit_b_32_linear_head,d16_right,506,506,4,0.9894776940345764,4,4,True
clip_vit_b_32,clip_vit_b_32_linear_head,d16_right,545,545,6,0.9474470615386963,6,6,True
clip_vit_b_32,clip_vit_b_32_linear_head,d16_right,562,562,0,0.9803652763366699,0,0,True
clip_vit_b_32,clip_vit_b_32_linear_head,d16_right,568,568,5,0.9865684509277344,5,5,True
clip_vit_b_32,clip_vit_b_32_linear_head,d16_right,603,603,9,0.9513728022575378,9,9,True
clip_vit_b_32,clip_vit_b_32_linear_head,d16_right,632,632,3,0.9662555456161499,3,3,True
clip_vit_b_32,clip_vit_b_32_linear_head,d16_right,645,645,5,0.9641633033752441,5,5,True
clip_vit_b_32,clip_vit_b_32_linear_head,d16_right,667,667,8,0.9889096617698669,8,8,True
clip_vit_b_32,clip_vit_b_32_linear_head,d16_right,672,672,3,0.9140608906745911,3,3,True
clip_vit_b_32,clip_vit_b_32_linear_head,d16_right,677,677,3,0.940618097782135,3,3,True
clip_vit_b_32,clip_vit_b_32_linear_head,d16_right,685,685,5,0.9783799648284912,5,5,True
clip_vit_b_32,clip_vit_b_32_linear_head,d16_right,691,691,4,0.9826750755310059,4,4,True
clip_vit_b_32,clip_vit_b_32_linear_head,d16_right,706,706,8,0.9592910408973694,8,8,True
clip_vit_b_32,clip_vit_b_32_linear_head,d16_right,714,714,2,0.9242464303970337,2,2,True
clip_vit_b_32,clip_vit_b_32_linear_head,d16_right,716,716,8,0.9933648705482483,8,8,True
clip_vit_b_32,clip_vit_b_32_linear_head,d16_right,738,738,3,0.9470719695091248,3,3,True
clip_vit_b_32,clip_vit_b_32_linear_head,d16_right,739,739,8,0.9875885844230652,8,8,True
clip_vit_b_32,clip_vit_b_32_linear_head,d16_right,766,766,4,0.9585126042366028,6,6,True
clip_vit_b_32,clip_vit_b_32_linear_head,d16_right,791,791,3,0.9687666893005371,3,3,True
clip_vit_b_32,clip_vit_b_32_linear_head,d16_right,805,805,9,0.9798352122306824,9,9,True
clip_vit_b_32,clip_vit_b_32_linear_head,d16_right,825,825,1,0.9886010885238647,1,1,True
clip_vit_b_32,clip_vit_b_32_linear_head,d16_right,852,852,9,0.9731746315956116,9,9,True
clip_vit_b_32,clip_vit_b_32_linear_head,d16_right,855,855,4,0.9606335163116455,4,4,True
clip_vit_b_32,clip_vit_b_32_linear_head,d16_right,873,873,6,0.9759482145309448,6,6,True
clip_vit_b_32,clip_vit_b_32_linear_head,d16_right,890,890,6,0.9769503474235535,6,6,True
clip_vit_b_32,clip_vit_b_32_linear_head,d16_right,920,920,6,0.9395259022712708,6,6,True
clip_vit_b_32,clip_vit_b_32_linear_head,d16_right,929,929,6,0.9850354790687561,6,6,True
clip_vit_b_32,clip_vit_b_32_linear_head,d16_right,962,962,8,0.9884754419326782,8,8,True
clip_vit_b_32,clip_vit_b_32_linear_head,d16_right,964,964,6,0.9742693901062012,6,6,True
clip_vit_b_32,clip_vit_b_32_linear_head,d16_right,977,977,6,0.9772136807441711,6,6,True
clip_vit_b_32,clip_vit_b_32_linear_head,d16_right,979,979,3,0.9775218367576599,3,3,True
clip_vit_b_32,clip_vit_b_32_linear_head,d16_right,981,981,2,0.9602481126785278,2,2,True
clip_vit_b_32,clip_vit_b_32_linear_head,d16_right,1022,1022,9,0.954842746257782,9,9,True
clip_vit_b_32,clip_vit_b_32_linear_head,d16_right,1032,1032,7,0.9805319905281067,7,7,True
clip_vit_b_32,clip_vit_b_32_linear_head,d16_right,1048,1048,7,0.9658892750740051,7,7,True
clip_vit_b_32,clip_vit_b_32_linear_head,d16_right,1090,1090,1,0.9704441428184509,1,1,True
clip_vit_b_32,clip_vit_b_32_linear_head,d16_right,1095,1095,5,0.9798486232757568,5,5,True
clip_vit_b_32,clip_vit_b_32_linear_head,d16_right,1109,1109,1,0.9543445706367493,1,1,True
clip_vit_b_32,clip_vit_b_32_linear_head,d16_right,1111,1111,4,0.969072699546814,4,4,True
clip_vit_b_32,clip_vit_b_32_linear_head,d16_right,1115,1115,1,0.8939498066902161,1,1,True
clip_vit_b_32,clip_vit_b_32_linear_head,d16_right,1124,1124,4,0.9735094904899597,4,4,True
clip_vit_b_32,clip_vit_b_32_linear_head,d16_right,1129,1129,8,0.9607236385345459,8,8,True
clip_vit_b_32,clip_vit_b_32_linear_head,d16_right,1175,1175,0,0.960509717464447,0,0,True
clip_vit_b_32,clip_vit_b_32_linear_head,d16_right,1202,1202,2,0.9623817801475525,2,2,True
clip_vit_b_32,clip_vit_b_32_linear_head,d16_right,1204,1204,3,0.9357340931892395,3,3,True
clip_vit_b_32,clip_vit_b_32_linear_head,d16_right,1211,1211,4,0.9707839488983154,4,4,True
clip_vit_b_32,clip_vit_b_32_linear_head,d16_right,1220,1220,7,0.9711199998855591,7,7,True
clip_vit_b_32,clip_vit_b_32_linear_head,d16_right,1230,1230,1,0.9519973397254944,1,1,True
clip_vit_b_32,clip_vit_b_32_linear_head,d16_right,1247,1247,8,0.9828064441680908,8,8,True
clip_vit_b_32,clip_vit_b_32_linear_head,d16_right,1263,1263,3,0.9832393527030945,3,3,True
clip_vit_b_32,clip_vit_b_32_linear_head,d16_right,1266,1266,4,0.9577552080154419,4,4,True
clip_vit_b_32,clip_vit_b_32_linear_head,d16_right,1287,1287,7,0.9506621956825256,7,7,True
clip_vit_b_32,clip_vit_b_32_linear_head,d16_right,1296,1296,7,0.9188722372055054,7,7,True
clip_vit_b_32,clip_vit_b_32_linear_head,d16_right,1370,1370,3,0.9703913331031799,3,3,True
clip_vit_b_32,clip_vit_b_32_linear_head,d16_right,1389,1389,0,0.9677125215530396,0,0,True
clip_vit_b_32,clip_vit_b_32_linear_head,d16_right,1401,1401,3,0.9717243909835815,3,3,True
clip_vit_b_32,clip_vit_b_32_linear_head,d16_right,1403,1403,2,0.9420540928840637,2,2,True
clip_vit_b_32,clip_vit_b_32_linear_head,d16_right,1411,1411,9,0.984052836894989,9,9,True
clip_vit_b_32,clip_vit_b_32_linear_head,d16_right,1429,1429,4,0.9270890355110168,4,4,True
clip_vit_b_32,clip_vit_b_32_linear_head,d16_right,1430,1430,9,0.971278190612793,9,9,True
clip_vit_b_32,clip_vit_b_32_linear_head,d16_right,1431,1431,3,0.9820005297660828,3,3,True
clip_vit_b_32,clip_vit_b_32_linear_head,d16_right,1436,1436,1,0.9821982383728027,1,1,True
clip_vit_b_32,clip_vit_b_32_linear_head,d16_right,1440,1440,7,0.9852114915847778,7,7,True
clip_vit_b_32,clip_vit_b_32_linear_head,d16_right,1468,1468,9,0.968575119972229,9,9,True
clip_vit_b_32,clip_vit_b_32_linear_head,d16_right,1473,1473,7,0.9865233898162842,7,7,True
clip_vit_b_32,clip_vit_b_32_linear_head,d16_right,1515,1515,9,0.9600961208343506,9,9,True
clip_vit_b_32,clip_vit_b_32_linear_head,d16_right,1520,1520,2,0.9642806649208069,2,2,True
clip_vit_b_32,clip_vit_b_32_linear_head,d16_right,1531,1531,3,0.955511748790741,3,3,True
clip_vit_b_32,clip_vit_b_32_linear_head,d16_right,1534,1534,6,0.9537897109985352,6,6,True
clip_vit_b_32,clip_vit_b_32_linear_head,d16_right,1552,1552,5,0.9384199976921082,5,5,True
clip_vit_b_32,clip_vit_b_32_linear_head,d16_right,1553,1553,0,0.9608203172683716,0,0,True
clip_vit_b_32,clip_vit_b_32_linear_head,d16_right,1563,1563,3,0.9606590867042542,7,3,False
clip_vit_b_32,clip_vit_b_32_linear_head,d16_right,1568,1568,1,0.963225781917572,1,1,True
clip_vit_b_32,clip_vit_b_32_linear_head,d16_right,1579,1579,7,0.982559323310852,7,7,True
clip_vit_b_32,clip_vit_b_32_linear_head,d16_right,1586,1586,2,0.9651785492897034,2,2,True
clip_vit_b_32,clip_vit_b_32_linear_head,d16_right,1596,1596,0,0.9874780178070068,0,0,True
clip_vit_b_32,clip_vit_b_32_linear_head,d16_right,1626,1626,5,0.9608782529830933,5,5,True
clip_vit_b_32,clip_vit_b_32_linear_head,d16_right,1640,1640,8,0.9804622530937195,8,8,True
clip_vit_b_32,clip_vit_b_32_linear_head,d16_right,1644,1644,5,0.9619644284248352,5,5,True
clip_vit_b_32,clip_vit_b_32_linear_head,d16_right,1648,1648,0,0.936651349067688,0,0,True
clip_vit_b_32,clip_vit_b_32_linear_head,d16_right,1654,1654,9,0.966433048248291,9,9,True
clip_vit_b_32,clip_vit_b_32_linear_head,d16_right,1667,1667,6,0.9804831147193909,6,6,True
clip_vit_b_32,clip_vit_b_32_linear_head,d16_right,1703,1703,7,0.9724714756011963,7,7,True
clip_vit_b_32,clip_vit_b_32_linear_head,d16_right,1711,1711,7,0.9769479632377625,7,7,True
clip_vit_b_32,clip_vit_b_32_linear_head,d16_right,1771,1771,7,0.956528902053833,7,7,True
clip_vit_b_32,clip_vit_b_32_linear_head,d16_right,1783,1783,8,0.9835048317909241,8,8,True
clip_vit_b_32,clip_vit_b_32_linear_head,d16_right,1814,1814,2,0.9460455179214478,2,2,True
clip_vit_b_32,clip_vit_b_32_linear_head,d16_right,1833,1833,8,0.9835914969444275,8,8,True
clip_vit_b_32,clip_vit_b_32_linear_head,d16_right,1836,1836,9,0.9787840843200684,9,9,True
clip_vit_b_32,clip_vit_b_32_linear_head,d16_right,1839,1839,2,0.9740691781044006,2,2,True
clip_vit_b_32,clip_vit_b_32_linear_head,d16_right,1852,1852,1,0.983146607875824,1,1,True
clip_vit_b_32,clip_vit_b_32_linear_head,d16_right,1871,1871,1,0.9715893864631653,1,1,True
clip_vit_b_32,clip_vit_b_32_linear_head,d16_right,1877,1877,5,0.9675019383430481,5,5,True
clip_vit_b_32,clip_vit_b_32_linear_head,d16_right,1884,1884,7,0.9449880123138428,7,7,True
clip_vit_b_32,clip_vit_b_32_linear_head,d16_right,1927,1927,7,0.9777617454528809,7,7,True
clip_vit_b_32,clip_vit_b_32_linear_head,d16_right,1954,1954,8,0.9627655148506165,8,8,True
clip_vit_b_32,clip_vit_b_32_linear_head,d16_right,1956,1956,7,0.9557576775550842,7,7,True
clip_vit_b_32,clip_vit_b_32_linear_head,d16_right,1960,1960,4,0.9695325493812561,4,4,True
clip_vit_b_32,clip_vit_b_32_linear_head,d16_right,1977,1977,0,0.9644185900688171,0,0,True
clip_vit_b_32,clip_vit_b_32_linear_head,d16_right,1986,1986,1,0.9829728007316589,1,1,True
clip_vit_b_32,clip_vit_b_32_linear_head,d16_right,1993,1993,1,0.9757876396179199,1,1,True
clip_vit_b_32,clip_vit_b_32_linear_head,d16_right,2003,2003,6,0.9797357320785522,6,6,True
clip_vit_b_32,clip_vit_b_32_linear_head,d16_right,2011,2011,9,0.867912769317627,9,9,True
clip_vit_b_32,clip_vit_b_32_linear_head,d16_right,2024,2024,0,0.9805808663368225,0,0,True
clip_vit_b_32,clip_vit_b_32_linear_head,d16_right,2028,2028,3,0.9776630401611328,3,3,True
clip_vit_b_32,clip_vit_b_32_linear_head,d16_right,2062,2062,9,0.9850274920463562,9,9,True
clip_vit_b_32,clip_vit_b_32_linear_head,d16_right,2070,2070,1,0.91789710521698,1,1,True
clip_vit_b_32,clip_vit_b_32_linear_head,d16_right,2082,2082,2,0.9761290550231934,2,2,True
clip_vit_b_32,clip_vit_b_32_linear_head,d16_right,2095,2095,1,0.9871423840522766,1,1,True
clip_vit_b_32,clip_vit_b_32_linear_head,d16_right,2109,2109,8,0.979364275932312,8,8,True
clip_vit_b_32,clip_vit_b_32_linear_head,d16_right,2114,2114,9,0.9862327575683594,9,9,True
clip_vit_b_32,clip_vit_b_32_linear_head,d16_right,2116,2116,1,0.9687474966049194,1,1,True
clip_vit_b_32,clip_vit_b_32_linear_head,d16_right,2157,2157,1,0.9686163067817688,1,1,True
clip_vit_b_32,clip_vit_b_32_linear_head,d16_right,2167,2167,9,0.9566375017166138,9,9,True
clip_vit_b_32,clip_vit_b_32_linear_head,d16_right,2178,2178,1,0.9624643921852112,1,1,True
clip_vit_b_32,clip_vit_b_32_linear_head,d16_right,2191,2191,8,0.9817357063293457,8,8,True
clip_vit_b_32,clip_vit_b_32_linear_head,d16_right,2230,2230,8,0.9298511147499084,8,8,True
clip_vit_b_32,clip_vit_b_32_linear_head,d16_right,2242,2242,0,0.9792495369911194,0,0,True
clip_vit_b_32,clip_vit_b_32_linear_head,d16_right,2265,2265,5,0.9655044078826904,5,5,True
clip_vit_b_32,clip_vit_b_32_linear_head,d16_right,2268,2268,5,0.9795439839363098,5,5,True
clip_vit_b_32,clip_vit_b_32_linear_head,d16_right,2291,2291,3,0.9322686195373535,3,3,True
clip_vit_b_32,clip_vit_b_32_linear_head,d16_right,2334,2334,5,0.9865989685058594,5,5,True
clip_vit_b_32,clip_vit_b_32_linear_head,d16_right,2340,2340,8,0.980121910572052,8,8,True
clip_vit_b_32,clip_vit_b_32_linear_head,d16_right,2342,2342,8,0.960577130317688,8,8,True
clip_vit_b_32,clip_vit_b_32_linear_head,d16_right,2351,2351,9,0.9721484780311584,9,9,True
clip_vit_b_32,clip_vit_b_32_linear_head,d16_right,2391,2391,5,0.8726107478141785,5,5,True
clip_vit_b_32,clip_vit_b_32_linear_head,d16_right,2392,2392,2,0.9718485474586487,2,2,True
clip_vit_b_32,clip_vit_b_32_linear_head,d16_right,2399,2399,4,0.9841501712799072,4,4,True
clip_vit_b_32,clip_vit_b_32_linear_head,d16_right,2414,2414,9,0.9821752309799194,9,9,True
clip_vit_b_32,clip_vit_b_32_linear_head,d16_right,2427,2427,5,0.9845963716506958,5,5,True
clip_vit_b_32,clip_vit_b_32_linear_head,d16_right,2458,2458,5,0.9779830574989319,5,5,True
clip_vit_b_32,clip_vit_b_32_linear_head,d16_right,2501,2501,7,0.9817946553230286,7,7,True
clip_vit_b_32,clip_vit_b_32_linear_head,d16_right,2502,2502,2,0.9706760048866272,2,2,True
clip_vit_b_32,clip_vit_b_32_linear_head,d16_right,2536,2536,3,0.9726378917694092,3,3,True
clip_vit_b_32,clip_vit_b_32_linear_head,d16_right,2539,2539,3,0.9712861180305481,3,3,True
clip_vit_b_32,clip_vit_b_32_linear_head,d16_right,2610,2610,6,0.96614670753479,6,6,True
clip_vit_b_32,clip_vit_b_32_linear_head,d16_right,2623,2623,5,0.9763140678405762,5,5,True
clip_vit_b_32,clip_vit_b_32_linear_head,d16_right,2655,2655,9,0.9398869872093201,9,9,True
clip_vit_b_32,clip_vit_b_32_linear_head,d16_right,2668,2668,7,0.9803269505500793,7,7,True
clip_vit_b_32,clip_vit_b_32_linear_head,d16_right,2676,2676,6,0.9610493183135986,6,6,True
clip_vit_b_32,clip_vit_b_32_linear_head,d16_right,2687,2687,1,0.970122754573822,1,1,True
clip_vit_b_32,clip_vit_b_32_linear_head,d16_right,2690,2690,1,0.953131914138794,1,1,True
clip_vit_b_32,clip_vit_b_32_linear_head,d16_right,2704,2704,4,0.992588996887207,4,4,True
clip_vit_b_32,clip_vit_b_32_linear_head,d16_right,2745,2745,8,0.9596619009971619,8,8,True
clip_vit_b_32,clip_vit_b_32_linear_head,d16_right,2746,2746,7,0.9714347124099731,7,7,True
clip_vit_b_32,clip_vit_b_32_linear_head,d16_right,2750,2750,0,0.974007248878479,0,0,True
clip_vit_b_32,clip_vit_b_32_linear_head,d16_right,2754,2754,3,0.9800995588302612,3,3,True
clip_vit_b_32,clip_vit_b_32_linear_head,d16_right,2757,2757,4,0.9799021482467651,4,4,True
clip_vit_b_32,clip_vit_b_32_linear_head,d16_right,2766,2766,5,0.943801999092102,5,5,True
clip_vit_b_32,clip_vit_b_32_linear_head,d16_right,2807,2807,5,0.9364851713180542,5,5,True
clip_vit_b_32,clip_vit_b_32_linear_head,d16_right,2844,2844,8,0.9541617631912231,8,8,True
clip_vit_b_32,clip_vit_b_32_linear_head,d16_right,2854,2854,7,0.9862596988677979,7,7,True
clip_vit_b_32,clip_vit_b_32_linear_head,d16_right,2861,2861,3,0.9844156503677368,3,3,True
clip_vit_b_32,clip_vit_b_32_linear_head,d16_right,2888,2888,0,0.9603236317634583,0,0,True
clip_vit_b_32,clip_vit_b_32_linear_head,d16_right,2898,2898,4,0.9792632460594177,4,4,True
clip_vit_b_32,clip_vit_b_32_linear_head,d16_right,2950,2950,5,0.9675300121307373,5,5,True
clip_vit_b_32,clip_vit_b_32_linear_head,d16_right,2958,2958,6,0.9849305152893066,6,6,True
clip_vit_b_32,clip_vit_b_32_linear_head,d16_right,3015,3015,8,0.9844890236854553,8,8,True
clip_vit_b_32,clip_vit_b_32_linear_head,d16_right,3024,3024,2,0.9878863096237183,2,2,True
clip_vit_b_32,clip_vit_b_32_linear_head,d16_right,3025,3025,0,0.9528704881668091,0,0,True
clip_vit_b_32,clip_vit_b_32_linear_head,d16_right,3034,3034,4,0.9897236227989197,4,4,True
clip_vit_b_32,clip_vit_b_32_linear_head,d16_right,3067,3067,2,0.9628981947898865,2,2,True
clip_vit_b_32,clip_vit_b_32_linear_head,d16_right,3078,3078,4,0.9550828337669373,4,4,True
clip_vit_b_32,clip_vit_b_32_linear_head,d16_right,3079,3079,1,0.9745160341262817,1,1,True
clip_vit_b_32,clip_vit_b_32_linear_head,d16_right,3083,3083,0,0.9848949313163757,0,0,True
clip_vit_b_32,clip_vit_b_32_linear_head,d16_right,3122,3122,4,0.9579727649688721,4,4,True
clip_vit_b_32,clip_vit_b_32_linear_head,d16_right,3153,3153,7,0.9481379985809326,7,3,False
clip_vit_b_32,clip_vit_b_32_linear_head,d16_right,3157,3157,8,0.9836686253547668,8,8,True
clip_vit_b_32,clip_vit_b_32_linear_head,d16_right,3163,3163,2,0.9519800543785095,2,2,True
clip_vit_b_32,clip_vit_b_32_linear_head,d16_right,3179,3179,4,0.9757123589515686,4,4,True
clip_vit_b_32,clip_vit_b_32_linear_head,d16_right,3191,3191,6,0.9621447324752808,6,6,True
clip_vit_b_32,clip_vit_b_32_linear_head,d16_right,3276,3276,3,0.9347915649414062,7,3,False
clip_vit_b_32,clip_vit_b_32_linear_head,d16_right,3287,3287,4,0.9821131229400635,4,4,True
clip_vit_b_32,clip_vit_b_32_linear_head,d16_right,3288,3288,7,0.9678801894187927,7,7,True
clip_vit_b_32,clip_vit_b_32_linear_head,d16_right,3292,3292,6,0.9323709011077881,6,6,True
clip_vit_b_32,clip_vit_b_32_linear_head,d16_right,3318,3318,9,0.9589574933052063,9,9,True
clip_vit_b_32,clip_vit_b_32_linear_head,d16_right,3347,3347,0,0.9820199012756348,0,0,True
clip_vit_b_32,clip_vit_b_32_linear_head,d16_right,3353,3353,5,0.9384413957595825,5,5,True
clip_vit_b_32,clip_vit_b_32_linear_head,d16_right,3362,3362,2,0.9796360731124878,2,2,True
clip_vit_b_32,clip_vit_b_32_linear_head,d16_right,3365,3365,4,0.9743127226829529,4,4,True
clip_vit_b_32,clip_vit_b_32_linear_head,d16_right,3375,3375,3,0.9896845817565918,3,3,True
clip_vit_b_32,clip_vit_b_32_linear_head,d16_right,3383,3383,3,0.9177890419960022,3,3,True
clip_vit_b_32,clip_vit_b_32_linear_head,d16_right,3404,3404,7,0.9795033931732178,7,7,True
clip_vit_b_32,clip_vit_b_32_linear_head,d16_right,3412,3412,8,0.9840376973152161,8,8,True
clip_vit_b_32,clip_vit_b_32_linear_head,d16_right,3413,3413,1,0.9850782752037048,1,1,True
clip_vit_b_32,clip_vit_b_32_linear_head,d16_right,3418,3418,6,0.9814465045928955,6,6,True
clip_vit_b_32,clip_vit_b_32_linear_head,d16_right,3437,3437,0,0.9557340741157532,0,0,True
clip_vit_b_32,clip_vit_b_32_linear_head,d16_right,3446,3446,7,0.8757488131523132,7,7,True
clip_vit_b_32,clip_vit_b_32_linear_head,d16_right,3454,3454,2,0.9667151570320129,2,2,True
clip_vit_b_32,clip_vit_b_32_linear_head,d16_right,3455,3455,0,0.9695271849632263,0,0,True
clip_vit_b_32,clip_vit_b_32_linear_head,d16_right,3458,3458,4,0.9785521030426025,4,4,True
clip_vit_b_32,clip_vit_b_32_linear_head,d16_right,3467,3467,7,0.9683466553688049,7,7,True
clip_vit_b_32,clip_vit_b_32_linear_head,d16_right,3491,3491,1,0.938957929611206,1,1,True
clip_vit_b_32,clip_vit_b_32_linear_head,d16_right,3494,3494,6,0.9758976101875305,6,6,True
clip_vit_b_32,clip_vit_b_32_linear_head,d16_right,3512,3512,4,0.9770045876502991,4,4,True
clip_vit_b_32,clip_vit_b_32_linear_head,d16_right,3515,3515,6,0.9645993113517761,6,6,True
clip_vit_b_32,clip_vit_b_32_linear_head,d16_right,3542,3542,7,0.9564681053161621,7,7,True
clip_vit_b_32,clip_vit_b_32_linear_head,d16_right,3550,3550,1,0.969645619392395,1,1,True
clip_vit_b_32,clip_vit_b_32_linear_head,d16_right,3562,3562,3,0.9583383202552795,3,4,False
clip_vit_b_32,clip_vit_b_32_linear_head,d16_right,3755,3755,2,0.9486494064331055,2,2,True
clip_vit_b_32,clip_vit_b_32_linear_head,d16_right,3763,3763,4,0.981640100479126,4,4,True
clip_vit_b_32,clip_vit_b_32_linear_head,d16_right,3777,3777,6,0.9716228246688843,6,6,True
clip_vit_b_32,clip_vit_b_32_linear_head,d16_right,3778,3778,3,0.9783403873443604,3,3,True
clip_vit_b_32,clip_vit_b_32_linear_head,d16_right,3779,3779,6,0.9742379188537598,6,6,True
clip_vit_b_32,clip_vit_b_32_linear_head,d16_right,3844,3844,6,0.9201838970184326,6,6,True
clip_vit_b_32,clip_vit_b_32_linear_head,d16_right,3851,3851,3,0.9785517454147339,3,3,True
clip_vit_b_32,clip_vit_b_32_linear_head,d16_right,3852,3852,5,0.968720555305481,5,5,True
clip_vit_b_32,clip_vit_b_32_linear_head,d16_right,3863,3863,5,0.9783994555473328,5,5,True
clip_vit_b_32,clip_vit_b_32_linear_head,d16_right,3867,3867,7,0.9694435596466064,7,7,True
clip_vit_b_32,clip_vit_b_32_linear_head,d16_right,3876,3876,0,0.9482715725898743,0,0,True
clip_vit_b_32,clip_vit_b_32_linear_head,d16_right,3889,3889,5,0.954675555229187,5,5,True
clip_vit_b_32,clip_vit_b_32_linear_head,d16_right,3891,3891,4,0.9616975784301758,4,4,True
clip_vit_b_32,clip_vit_b_32_linear_head,d16_right,3893,3893,9,0.93727707862854,9,9,True
clip_vit_b_32,clip_vit_b_32_linear_head,d16_right,3905,3905,8,0.9887169003486633,8,8,True
clip_vit_b_32,clip_vit_b_32_linear_head,d16_right,3914,3914,3,0.9853291511535645,3,3,True
clip_vit_b_32,clip_vit_b_32_linear_head,d16_right,3937,3937,1,0.9905089139938354,1,1,True
clip_vit_b_32,clip_vit_b_32_linear_head,d16_right,3942,3942,9,0.939471423625946,9,9,True
clip_vit_b_32,clip_vit_b_32_linear_head,d16_right,3948,3948,8,0.981763482093811,8,8,True
clip_vit_b_32,clip_vit_b_32_linear_head,d16_right,3962,3962,6,0.9814389944076538,6,6,True
clip_vit_b_32,clip_vit_b_32_linear_head,d16_right,3965,3965,0,0.9937192797660828,0,0,True
clip_vit_b_32,clip_vit_b_32_linear_head,d16_right,3994,3994,4,0.968853771686554,4,4,True
clip_vit_b_32,clip_vit_b_32_linear_head,d16_right,3996,3996,9,0.891631543636322,9,9,True
clip_vit_b_32,clip_vit_b_32_linear_head,d16_right,4011,4011,6,0.9775753021240234,6,6,True
clip_vit_b_32,clip_vit_b_32_linear_head,d16_right,4023,4023,3,0.9748789668083191,3,3,True
clip_vit_b_32,clip_vit_b_32_linear_head,d16_right,4054,4054,4,0.9694485068321228,4,4,True
clip_vit_b_32,clip_vit_b_32_linear_head,d16_right,4065,4065,2,0.9667950868606567,2,2,True
clip_vit_b_32,clip_vit_b_32_linear_head,d16_right,4069,4069,8,0.9695870280265808,8,8,True
clip_vit_b_32,clip_vit_b_32_linear_head,d16_right,4093,4093,6,0.9317244291305542,6,6,True
clip_vit_b_32,clip_vit_b_32_linear_head,d16_right,4094,4094,9,0.9436225295066833,9,9,True
clip_vit_b_32,clip_vit_b_32_linear_head,d16_right,4106,4106,5,0.8972073793411255,5,5,True
clip_vit_b_32,clip_vit_b_32_linear_head,d16_right,4130,4130,0,0.9787646532058716,0,0,True
clip_vit_b_32,clip_vit_b_32_linear_head,d16_right,4168,4168,3,0.9778302907943726,3,3,True
clip_vit_b_32,clip_vit_b_32_linear_head,d16_right,4170,4170,8,0.9854103922843933,8,8,True
clip_vit_b_32,clip_vit_b_32_linear_head,d16_right,4172,4172,7,0.9768873453140259,7,7,True
clip_vit_b_32,clip_vit_b_32_linear_head,d16_right,4177,4177,8,0.9601774215698242,8,8,True
clip_vit_b_32,clip_vit_b_32_linear_head,d16_right,4215,4215,3,0.8649161458015442,3,3,True
clip_vit_b_32,clip_vit_b_32_linear_head,d16_right,4229,4229,3,0.9824212789535522,3,3,True
clip_vit_b_32,clip_vit_b_32_linear_head,d16_right,4236,4236,7,0.9662511944770813,7,7,True
clip_vit_b_32,clip_vit_b_32_linear_head,d16_right,4242,4242,8,0.9890060424804688,8,8,True
clip_vit_b_32,clip_vit_b_32_linear_head,d16_right,4254,4254,6,0.9647800922393799,6,6,True
clip_vit_b_32,clip_vit_b_32_linear_head,d16_right,4290,4290,5,0.9558525085449219,4,4,True
clip_vit_b_32,clip_vit_b_32_linear_head,d16_right,4298,4298,1,0.9762616157531738,1,1,True
clip_vit_b_32,clip_vit_b_32_linear_head,d16_right,4308,4308,7,0.9572145342826843,7,7,True
clip_vit_b_32,clip_vit_b_32_linear_head,d16_right,4311,4311,8,0.9784374237060547,8,8,True
clip_vit_b_32,clip_vit_b_32_linear_head,d16_right,4323,4323,3,0.9591553211212158,3,3,True
clip_vit_b_32,clip_vit_b_32_linear_head,d16_right,4330,4330,3,0.9741826057434082,3,3,True
clip_vit_b_32,clip_vit_b_32_linear_head,d16_right,4341,4341,6,0.98502516746521,6,6,True
clip_vit_b_32,clip_vit_b_32_linear_head,d16_right,4355,4355,8,0.9734741449356079,8,8,True
clip_vit_b_32,clip_vit_b_32_linear_head,d16_right,4399,4399,0,0.9732096791267395,0,0,True
clip_vit_b_32,clip_vit_b_32_linear_head,d16_right,4403,4403,7,0.9549648761749268,7,7,True
clip_vit_b_32,clip_vit_b_32_linear_head,d16_right,4411,4411,6,0.9632984399795532,6,6,True
clip_vit_b_32,clip_vit_b_32_linear_head,d16_right,4449,4449,9,0.9540005326271057,9,9,True
clip_vit_b_32,clip_vit_b_32_linear_head,d16_right,4463,4463,3,0.9542481303215027,3,3,True
clip_vit_b_32,clip_vit_b_32_linear_head,d16_right,4531,4531,3,0.9487625360488892,3,3,True
clip_vit_b_32,clip_vit_b_32_linear_head,d16_right,4539,4539,0,0.9861995577812195,0,0,True
clip_vit_b_32,clip_vit_b_32_linear_head,d16_right,4547,4547,5,0.9573670029640198,5,5,True
clip_vit_b_32,clip_vit_b_32_linear_head,d16_right,4552,4552,8,0.9496957063674927,8,8,True
clip_vit_b_32,clip_vit_b_32_linear_head,d16_right,4570,4570,5,0.9177454710006714,5,5,True
clip_vit_b_32,clip_vit_b_32_linear_head,d16_right,4590,4590,3,0.9849075078964233,3,3,True
clip_vit_b_32,clip_vit_b_32_linear_head,d16_right,4609,4609,3,0.9269184470176697,3,4,False
clip_vit_b_32,clip_vit_b_32_linear_head,d16_right,4615,4615,0,0.9543423652648926,0,0,True
clip_vit_b_32,clip_vit_b_32_linear_head,d16_right,4617,4617,0,0.9810442328453064,0,0,True
clip_vit_b_32,clip_vit_b_32_linear_head,d16_right,4620,4620,6,0.9680540561676025,6,6,True
clip_vit_b_32,clip_vit_b_32_linear_head,d16_right,4629,4629,4,0.9619477987289429,4,4,True
clip_vit_b_32,clip_vit_b_32_linear_head,d16_right,4640,4640,1,0.9704416990280151,1,1,True
clip_vit_b_32,clip_vit_b_32_linear_head,d16_right,4642,4642,4,0.9717751145362854,4,4,True
clip_vit_b_32,clip_vit_b_32_linear_head,d16_right,4661,4661,7,0.9430457353591919,7,7,True
clip_vit_b_32,clip_vit_b_32_linear_head,d16_right,4662,4662,8,0.9811288714408875,8,8,True
clip_vit_b_32,clip_vit_b_32_linear_head,d16_right,4675,4675,0,0.966095507144928,0,0,True
clip_vit_b_32,clip_vit_b_32_linear_head,d16_right,4676,4676,8,0.9767893552780151,8,8,True
clip_vit_b_32,clip_vit_b_32_linear_head,d16_right,4704,4704,7,0.9597277045249939,7,7,True
clip_vit_b_32,clip_vit_b_32_linear_head,d16_right,4723,4723,9,0.9861354231834412,9,9,True
clip_vit_b_32,clip_vit_b_32_linear_head,d16_right,4731,4731,6,0.9864680171012878,6,6,True
clip_vit_b_32,clip_vit_b_32_linear_head,d16_right,4735,4735,2,0.9581735730171204,2,2,True
clip_vit_b_32,clip_vit_b_32_linear_head,d16_right,4740,4740,4,0.9786310195922852,4,4,True
clip_vit_b_32,clip_vit_b_32_linear_head,d16_right,4746,4746,6,0.9919729828834534,6,6,True
clip_vit_b_32,clip_vit_b_32_linear_head,d16_right,4748,4748,7,0.9799702763557434,7,7,True
clip_vit_b_32,clip_vit_b_32_linear_head,d16_right,4754,4754,6,0.9797747135162354,6,6,True
clip_vit_b_32,clip_vit_b_32_linear_head,d16_right,4785,4785,0,0.9426626563072205,0,0,True
clip_vit_b_32,clip_vit_b_32_linear_head,d16_right,4791,4791,7,0.9884411096572876,7,7,True
clip_vit_b_32,clip_vit_b_32_linear_head,d16_right,4819,4819,0,0.9767227172851562,0,0,True
clip_vit_b_32,clip_vit_b_32_linear_head,d16_right,4821,4821,3,0.973650336265564,3,3,True
clip_vit_b_32,clip_vit_b_32_linear_head,d16_right,4827,4827,6,0.9813489317893982,6,6,True
clip_vit_b_32,clip_vit_b_32_linear_head,d16_right,4850,4850,5,0.9432913064956665,5,5,True
clip_vit_b_32,clip_vit_b_32_linear_head,d16_right,4881,4881,3,0.9478596448898315,3,3,True
clip_vit_b_32,clip_vit_b_32_linear_head,d16_right,4893,4893,0,0.9783059358596802,0,0,True
clip_vit_b_32,clip_vit_b_32_linear_head,d16_right,4908,4908,3,0.9744225144386292,3,3,True
clip_vit_b_32,clip_vit_b_32_linear_head,d16_right,4913,4913,2,0.9593342542648315,2,2,True
clip_vit_b_32,clip_vit_b_32_linear_head,d16_right,4921,4921,2,0.9132713079452515,2,2,True
clip_vit_b_32,clip_vit_b_32_linear_head,d16_right,4953,4953,5,0.9619638919830322,5,5,True
clip_vit_b_32,clip_vit_b_32_linear_head,d16_right,4966,4966,5,0.9594079256057739,5,5,True
clip_vit_b_32,clip_vit_b_32_linear_head,d16_right,4990,4990,8,0.9594660997390747,8,8,True
clip_vit_b_32,clip_vit_b_32_linear_head,d16_right,5000,5000,8,0.9838295578956604,8,8,True
clip_vit_b_32,clip_vit_b_32_linear_head,d16_right,5030,5030,2,0.9578695893287659,2,2,True
clip_vit_b_32,clip_vit_b_32_linear_head,d16_right,5062,5062,4,0.9764917492866516,4,4,True
clip_vit_b_32,clip_vit_b_32_linear_head,d16_right,5077,5077,4,0.9754307270050049,4,4,True
clip_vit_b_32,clip_vit_b_32_linear_head,d16_right,5082,5082,6,0.9638031721115112,6,6,True
clip_vit_b_32,clip_vit_b_32_linear_head,d16_right,5092,5092,1,0.9803630113601685,1,1,True
clip_vit_b_32,clip_vit_b_32_linear_head,d16_right,5101,5101,5,0.9836236834526062,5,5,True
clip_vit_b_32,clip_vit_b_32_linear_head,d16_right,5117,5117,0,0.9861759543418884,0,0,True
clip_vit_b_32,clip_vit_b_32_linear_head,d16_right,5123,5123,1,0.9784994125366211,1,1,True
clip_vit_b_32,clip_vit_b_32_linear_head,d16_right,5135,5135,4,0.9447410106658936,4,4,True
clip_vit_b_32,clip_vit_b_32_linear_head,d16_right,5183,5183,2,0.9737395644187927,2,2,True
clip_vit_b_32,clip_vit_b_32_linear_head,d16_right,5213,5213,4,0.9544291496276855,4,4,True
clip_vit_b_32,clip_vit_b_32_linear_head,d16_right,5218,5218,2,0.9514122009277344,2,2,True
clip_vit_b_32,clip_vit_b_32_linear_head,d16_right,5220,5220,1,0.9232326745986938,7,1,False
clip_vit_b_32,clip_vit_b_32_linear_head,d16_right,5237,5237,2,0.9646345376968384,2,2,True
clip_vit_b_32,clip_vit_b_32_linear_head,d16_right,5256,5256,1,0.9604687094688416,1,1,True
clip_vit_b_32,clip_vit_b_32_linear_head,d16_right,5284,5284,9,0.9455985426902771,9,9,True
clip_vit_b_32,clip_vit_b_32_linear_head,d16_right,5301,5301,9,0.9101775288581848,9,9,True
clip_vit_b_32,clip_vit_b_32_linear_head,d16_right,5318,5318,2,0.9617935419082642,2,2,True
clip_vit_b_32,clip_vit_b_32_linear_head,d16_right,5332,5332,5,0.942294716835022,5,5,True
clip_vit_b_32,clip_vit_b_32_linear_head,d16_right,5333,5333,2,0.9647144675254822,2,2,True
clip_vit_b_32,clip_vit_b_32_linear_head,d16_right,5360,5360,9,0.9649856090545654,9,9,True
clip_vit_b_32,clip_vit_b_32_linear_head,d16_right,5381,5381,5,0.982472836971283,5,5,True
clip_vit_b_32,clip_vit_b_32_linear_head,d16_right,5382,5382,6,0.9508398175239563,6,6,True
clip_vit_b_32,clip_vit_b_32_linear_head,d16_right,5395,5395,2,0.9477797746658325,2,2,True
clip_vit_b_32,clip_vit_b_32_linear_head,d16_right,5402,5402,4,0.9891904592514038,4,4,True
clip_vit_b_32,clip_vit_b_32_linear_head,d16_right,5408,5408,6,0.968165934085846,6,6,True
clip_vit_b_32,clip_vit_b_32_linear_head,d16_right,5436,5436,7,0.9880199432373047,7,7,True
clip_vit_b_32,clip_vit_b_32_linear_head,d16_right,5447,5447,9,0.9691250920295715,9,9,True
clip_vit_b_32,clip_vit_b_32_linear_head,d16_right,5450,5450,7,0.9731659889221191,7,7,True
clip_vit_b_32,clip_vit_b_32_linear_head,d16_right,5451,5451,8,0.9876408576965332,8,8,True
clip_vit_b_32,clip_vit_b_32_linear_head,d16_right,5452,5452,9,0.9224172234535217,9,9,True
clip_vit_b_32,clip_vit_b_32_linear_head,d16_right,5467,5467,4,0.9875890612602234,4,4,True
clip_vit_b_32,clip_vit_b_32_linear_head,d16_right,5478,5478,0,0.9808386564254761,0,0,True
clip_vit_b_32,clip_vit_b_32_linear_head,d16_right,5488,5488,1,0.9758641719818115,1,7,False
clip_vit_b_32,clip_vit_b_32_linear_head,d16_right,5496,5496,5,0.9762586951255798,5,5,True
clip_vit_b_32,clip_vit_b_32_linear_head,d16_right,5508,5508,9,0.9702123403549194,9,9,True
clip_vit_b_32,clip_vit_b_32_linear_head,d16_right,5512,5512,2,0.9077462553977966,9,9,True
clip_vit_b_32,clip_vit_b_32_linear_head,d16_right,5525,5525,8,0.9703314304351807,8,8,True
clip_vit_b_32,clip_vit_b_32_linear_head,d16_right,5528,5528,3,0.9629748463630676,3,3,True
clip_vit_b_32,clip_vit_b_32_linear_head,d16_right,5556,5556,4,0.9802448749542236,4,4,True
clip_vit_b_32,clip_vit_b_32_linear_head,d16_right,5560,5560,1,0.9898146390914917,1,1,True
clip_vit_b_32,clip_vit_b_32_linear_head,d16_right,5572,5572,9,0.9872094988822937,9,9,True
clip_vit_b_32,clip_vit_b_32_linear_head,d16_right,5580,5580,6,0.9747769832611084,6,6,True
clip_vit_b_32,clip_vit_b_32_linear_head,d16_right,5590,5590,9,0.9715258479118347,9,9,True
clip_vit_b_32,clip_vit_b_32_linear_head,d16_right,5623,5623,4,0.9702573418617249,4,4,True
clip_vit_b_32,clip_vit_b_32_linear_head,d16_right,5677,5677,2,0.9416834712028503,2,2,True
clip_vit_b_32,clip_vit_b_32_linear_head,d16_right,5694,5694,8,0.9779090881347656,8,8,True
clip_vit_b_32,clip_vit_b_32_linear_head,d16_right,5701,5701,5,0.9300855994224548,5,5,True
clip_vit_b_32,clip_vit_b_32_linear_head,d16_right,5705,5705,8,0.9878469109535217,8,8,True
clip_vit_b_32,clip_vit_b_32_linear_head,d16_right,5719,5719,7,0.9772974252700806,7,7,True
clip_vit_b_32,clip_vit_b_32_linear_head,d16_right,5729,5729,6,0.9757242798805237,6,6,True
clip_vit_b_32,clip_vit_b_32_linear_head,d16_right,5756,5756,2,0.9580388069152832,2,2,True
clip_vit_b_32,clip_vit_b_32_linear_head,d16_right,5788,5788,9,0.9733722805976868,9,9,True
clip_vit_b_32,clip_vit_b_32_linear_head,d16_right,5789,5789,4,0.9752627611160278,4,4,True
clip_vit_b_32,clip_vit_b_32_linear_head,d16_right,5824,5824,2,0.9546409249305725,2,2,True
clip_vit_b_32,clip_vit_b_32_linear_head,d16_right,5848,5848,7,0.9730597138404846,7,7,True
clip_vit_b_32,clip_vit_b_32_linear_head,d16_right,5851,5851,9,0.982525110244751,9,9,True
clip_vit_b_32,clip_vit_b_32_linear_head,d16_right,5857,5857,6,0.9494704008102417,6,6,True
clip_vit_b_32,clip_vit_b_32_linear_head,d16_right,5858,5858,6,0.9834316372871399,6,6,True
clip_vit_b_32,clip_vit_b_32_linear_head,d16_right,5912,5912,0,0.9703038930892944,0,0,True
clip_vit_b_32,clip_vit_b_32_linear_head,d16_right,5915,5915,9,0.9646281003952026,9,9,True
clip_vit_b_32,clip_vit_b_32_linear_head,d16_right,5918,5918,0,0.9781948924064636,0,0,True
clip_vit_b_32,clip_vit_b_32_linear_head,d16_right,5924,5924,5,0.9544695615768433,5,5,True
clip_vit_b_32,clip_vit_b_32_linear_head,d16_right,5977,5977,7,0.968754768371582,7,7,True
clip_vit_b_32,clip_vit_b_32_linear_head,d16_right,5981,5981,9,0.9659018516540527,9,9,True
clip_vit_b_32,clip_vit_b_32_linear_head,d16_right,5999,5999,0,0.9624632000923157,0,0,True
clip_vit_b_32,clip_vit_b_32_linear_head,d16_right,6028,6028,2,0.9619042873382568,2,2,True
clip_vit_b_32,clip_vit_b_32_linear_head,d16_right,6033,6033,4,0.9763352870941162,4,4,True
clip_vit_b_32,clip_vit_b_32_linear_head,d16_right,6076,6076,1,0.9685805439949036,1,1,True
clip_vit_b_32,clip_vit_b_32_linear_head,d16_right,6084,6084,7,0.9692916870117188,7,7,True
clip_vit_b_32,clip_vit_b_32_linear_head,d16_right,6097,6097,4,0.9906806349754333,4,4,True
clip_vit_b_32,clip_vit_b_32_linear_head,d16_right,6169,6169,1,0.9838840961456299,1,1,True
clip_vit_b_32,clip_vit_b_32_linear_head,d16_right,6190,6190,7,0.975123405456543,7,7,True
clip_vit_b_32,clip_vit_b_32_linear_head,d16_right,6224,6224,5,0.9697213172912598,5,5,True
clip_vit_b_32,clip_vit_b_32_linear_head,d16_right,6244,6244,2,0.935379683971405,2,2,True
clip_vit_b_32,clip_vit_b_32_linear_head,d16_right,6264,6264,2,0.9257315397262573,2,2,True
clip_vit_b_32,clip_vit_b_32_linear_head,d16_right,6271,6271,2,0.9251701235771179,2,2,True
clip_vit_b_32,clip_vit_b_32_linear_head,d16_right,6288,6288,4,0.9721869826316833,4,4,True
clip_vit_b_32,clip_vit_b_32_linear_head,d16_right,6332,6332,2,0.9766326546669006,2,2,True
clip_vit_b_32,clip_vit_b_32_linear_head,d16_right,6349,6349,1,0.9369787573814392,1,1,True
clip_vit_b_32,clip_vit_b_32_linear_head,d16_right,6354,6354,2,0.9587724804878235,2,2,True
clip_vit_b_32,clip_vit_b_32_linear_head,d16_right,6358,6358,5,0.9659838080406189,5,5,True
clip_vit_b_32,clip_vit_b_32_linear_head,d16_right,6381,6381,6,0.9738492369651794,6,6,True
clip_vit_b_32,clip_vit_b_32_linear_head,d16_right,6414,6414,5,0.9213710427284241,5,5,True
clip_vit_b_32,clip_vit_b_32_linear_head,d16_right,6426,6426,2,0.9723247289657593,2,2,True
clip_vit_b_32,clip_vit_b_32_linear_head,d16_right,6434,6434,8,0.9763181209564209,8,8,True
clip_vit_b_32,clip_vit_b_32_linear_head,d16_right,6437,6437,0,0.9572611451148987,0,0,True
clip_vit_b_32,clip_vit_b_32_linear_head,d16_right,6455,6455,0,0.9706075191497803,0,0,True
clip_vit_b_32,clip_vit_b_32_linear_head,d16_right,6490,6490,3,0.9607959985733032,3,3,True
clip_vit_b_32,clip_vit_b_32_linear_head,d16_right,6503,6503,2,0.9731747508049011,2,2,True
clip_vit_b_32,clip_vit_b_32_linear_head,d16_right,6508,6508,4,0.9790499806404114,4,4,True
clip_vit_b_32,clip_vit_b_32_linear_head,d16_right,6528,6528,4,0.9440841674804688,4,4,True
clip_vit_b_32,clip_vit_b_32_linear_head,d16_right,6594,6594,1,0.989884614944458,1,1,True
clip_vit_b_32,clip_vit_b_32_linear_head,d16_right,6609,6609,0,0.9809011220932007,0,0,True
clip_vit_b_32,clip_vit_b_32_linear_head,d16_right,6616,6616,2,0.9680519104003906,2,2,True
clip_vit_b_32,clip_vit_b_32_linear_head,d16_right,6650,6650,7,0.9070301651954651,7,7,True
clip_vit_b_32,clip_vit_b_32_linear_head,d16_right,6689,6689,8,0.9674574732780457,8,8,True
clip_vit_b_32,clip_vit_b_32_linear_head,d16_right,6692,6692,2,0.9738081693649292,2,2,True
clip_vit_b_32,clip_vit_b_32_linear_head,d16_right,6713,6713,6,0.9731000661849976,6,6,True
clip_vit_b_32,clip_vit_b_32_linear_head,d16_right,6716,6716,5,0.9636422395706177,5,5,True
clip_vit_b_32,clip_vit_b_32_linear_head,d16_right,6726,6726,7,0.9597492814064026,7,7,True
clip_vit_b_32,clip_vit_b_32_linear_head,d16_right,6733,6733,1,0.9943548440933228,1,1,True
clip_vit_b_32,clip_vit_b_32_linear_head,d16_right,6772,6772,7,0.9579769372940063,7,7,True
clip_vit_b_32,clip_vit_b_32_linear_head,d16_right,6805,6805,1,0.982498824596405,1,1,True
clip_vit_b_32,clip_vit_b_32_linear_head,d16_right,6836,6836,1,0.9699455499649048,1,1,True
clip_vit_b_32,clip_vit_b_32_linear_head,d16_right,6844,6844,0,0.9718579649925232,0,0,True
clip_vit_b_32,clip_vit_b_32_linear_head,d16_right,6922,6922,5,0.9273103475570679,5,5,True
clip_vit_b_32,clip_vit_b_32_linear_head,d16_right,6931,6931,9,0.9806869029998779,9,9,True
clip_vit_b_32,clip_vit_b_32_linear_head,d16_right,6938,6938,1,0.9807595014572144,1,1,True
clip_vit_b_32,clip_vit_b_32_linear_head,d16_right,6952,6952,3,0.964743971824646,3,3,True
clip_vit_b_32,clip_vit_b_32_linear_head,d16_right,6954,6954,1,0.9852033257484436,1,1,True
clip_vit_b_32,clip_vit_b_32_linear_head,d16_right,6986,6986,0,0.986173152923584,0,0,True
clip_vit_b_32,clip_vit_b_32_linear_head,d16_right,6989,6989,5,0.9471355676651001,5,5,True
clip_vit_b_32,clip_vit_b_32_linear_head,d16_right,7009,7009,0,0.9575670957565308,0,0,True
clip_vit_b_32,clip_vit_b_32_linear_head,d16_right,7029,7029,1,0.9915345311164856,1,1,True
clip_vit_b_32,clip_vit_b_32_linear_head,d16_right,7033,7033,1,0.9360556602478027,1,1,True
clip_vit_b_32,clip_vit_b_32_linear_head,d16_right,7041,7041,5,0.9342937469482422,5,5,True
clip_vit_b_32,clip_vit_b_32_linear_head,d16_right,7047,7047,9,0.9841122031211853,9,9,True
clip_vit_b_32,clip_vit_b_32_linear_head,d16_right,7081,7081,7,0.9576373100280762,7,7,True
clip_vit_b_32,clip_vit_b_32_linear_head,d16_right,7084,7084,2,0.9798662662506104,2,2,True
clip_vit_b_32,clip_vit_b_32_linear_head,d16_right,7108,7108,6,0.9612711071968079,6,6,True
clip_vit_b_32,clip_vit_b_32_linear_head,d16_right,7130,7130,5,0.9744085073471069,5,5,True
clip_vit_b_32,clip_vit_b_32_linear_head,d16_right,7138,7138,8,0.986858069896698,8,8,True
clip_vit_b_32,clip_vit_b_32_linear_head,d16_right,7150,7150,0,0.9638559818267822,0,0,True
clip_vit_b_32,clip_vit_b_32_linear_head,d16_right,7202,7202,1,0.9797167778015137,1,1,True
clip_vit_b_32,clip_vit_b_32_linear_head,d16_right,7262,7262,0,0.9649353623390198,0,0,True
clip_vit_b_32,clip_vit_b_32_linear_head,d16_right,7266,7266,9,0.9502803087234497,9,9,True
clip_vit_b_32,clip_vit_b_32_linear_head,d16_right,7270,7270,7,0.9560163617134094,7,7,True
clip_vit_b_32,clip_vit_b_32_linear_head,d16_right,7309,7309,0,0.9665388464927673,0,0,True
clip_vit_b_32,clip_vit_b_32_linear_head,d16_right,7320,7320,0,0.9627910852432251,0,0,True
clip_vit_b_32,clip_vit_b_32_linear_head,d16_right,7338,7338,6,0.9717788696289062,6,6,True
clip_vit_b_32,clip_vit_b_32_linear_head,d16_right,7372,7372,0,0.9475003480911255,0,0,True
clip_vit_b_32,clip_vit_b_32_linear_head,d16_right,7373,7373,0,0.9826452732086182,0,0,True
clip_vit_b_32,clip_vit_b_32_linear_head,d16_right,7380,7380,9,0.9680335521697998,9,9,True
clip_vit_b_32,clip_vit_b_32_linear_head,d16_right,7390,7390,1,0.9767957329750061,1,1,True
clip_vit_b_32,clip_vit_b_32_linear_head,d16_right,7413,7413,5,0.9764609932899475,3,3,True
clip_vit_b_32,clip_vit_b_32_linear_head,d16_right,7416,7416,3,0.9794943332672119,3,3,True
clip_vit_b_32,clip_vit_b_32_linear_head,d16_right,7425,7425,2,0.9505574107170105,2,2,True
clip_vit_b_32,clip_vit_b_32_linear_head,d16_right,7446,7446,8,0.9676414132118225,8,8,True
clip_vit_b_32,clip_vit_b_32_linear_head,d16_right,7460,7460,8,0.9710450768470764,8,8,True
clip_vit_b_32,clip_vit_b_32_linear_head,d16_right,7465,7465,0,0.9707841277122498,0,0,True
clip_vit_b_32,clip_vit_b_32_linear_head,d16_right,7474,7474,5,0.962248682975769,5,5,True
clip_vit_b_32,clip_vit_b_32_linear_head,d16_right,7475,7475,4,0.9778410792350769,4,4,True
clip_vit_b_32,clip_vit_b_32_linear_head,d16_right,7476,7476,8,0.9402124881744385,8,8,True
clip_vit_b_32,clip_vit_b_32_linear_head,d16_right,7544,7544,9,0.9633474349975586,9,9,True
clip_vit_b_32,clip_vit_b_32_linear_head,d16_right,7555,7555,6,0.9266244173049927,6,6,True
clip_vit_b_32,clip_vit_b_32_linear_head,d16_right,7600,7600,6,0.9798474311828613,6,6,True
clip_vit_b_32,clip_vit_b_32_linear_head,d16_right,7610,7610,4,0.9807612299919128,4,4,True
clip_vit_b_32,clip_vit_b_32_linear_head,d16_right,7634,7634,0,0.9815008640289307,0,0,True
clip_vit_b_32,clip_vit_b_32_linear_head,d16_right,7692,7692,4,0.9710581302642822,4,4,True
clip_vit_b_32,clip_vit_b_32_linear_head,d16_right,7706,7706,5,0.933239758014679,5,5,True
clip_vit_b_32,clip_vit_b_32_linear_head,d16_right,7726,7726,6,0.9693857431411743,6,6,True
clip_vit_b_32,clip_vit_b_32_linear_head,d16_right,7744,7744,3,0.9831950664520264,3,3,True
clip_vit_b_32,clip_vit_b_32_linear_head,d16_right,7752,7752,9,0.9875900745391846,9,9,True
clip_vit_b_32,clip_vit_b_32_linear_head,d16_right,7776,7776,5,0.9482536315917969,5,5,True
clip_vit_b_32,clip_vit_b_32_linear_head,d16_right,7779,7779,6,0.863996684551239,6,6,True
clip_vit_b_32,clip_vit_b_32_linear_head,d16_right,7781,7781,6,0.9840011596679688,6,6,True
clip_vit_b_32,clip_vit_b_32_linear_head,d16_right,7793,7793,3,0.9710449576377869,3,3,True
clip_vit_b_32,clip_vit_b_32_linear_head,d16_right,7797,7797,3,0.9726319313049316,3,3,True
clip_vit_b_32,clip_vit_b_32_linear_head,d16_right,7810,7810,8,0.9756805300712585,8,8,True
clip_vit_b_32,clip_vit_b_32_linear_head,d16_right,7818,7818,8,0.9882133603096008,8,8,True
clip_vit_b_32,clip_vit_b_32_linear_head,d16_right,7835,7835,7,0.9579581022262573,7,7,True
clip_vit_b_32,clip_vit_b_32_linear_head,d16_right,7864,7864,4,0.9810605049133301,4,4,True
clip_vit_b_32,clip_vit_b_32_linear_head,d16_right,7875,7875,8,0.9695218801498413,8,8,True
clip_vit_b_32,clip_vit_b_32_linear_head,d16_right,7938,7938,9,0.9622340798377991,9,9,True
clip_vit_b_32,clip_vit_b_32_linear_head,d16_right,7940,7940,4,0.9543325304985046,4,4,True
clip_vit_b_32,clip_vit_b_32_linear_head,d16_right,7944,7944,4,0.9770058989524841,4,4,True
clip_vit_b_32,clip_vit_b_32_linear_head,d16_right,7955,7955,1,0.9666568636894226,1,1,True
clip_vit_b_32,clip_vit_b_32_linear_head,d16_right,7995,7995,9,0.9253414273262024,9,9,True
clip_vit_b_32,clip_vit_b_32_linear_head,d16_right,7996,7996,6,0.9652413129806519,6,6,True
clip_vit_b_32,clip_vit_b_32_linear_head,d16_right,7999,7999,8,0.9667601585388184,8,8,True
clip_vit_b_32,clip_vit_b_32_linear_head,d32_up,3,3,0,0.9941377639770508,0,0,True
clip_vit_b_32,clip_vit_b_32_linear_head,d32_up,29,29,7,0.9371373057365417,7,7,True
clip_vit_b_32,clip_vit_b_32_linear_head,d32_up,35,35,2,0.9821116328239441,2,2,True
clip_vit_b_32,clip_vit_b_32_linear_head,d32_up,42,42,0,0.9577005505561829,0,0,True
clip_vit_b_32,clip_vit_b_32_linear_head,d32_up,49,49,2,0.962518572807312,2,2,True
clip_vit_b_32,clip_vit_b_32_linear_head,d32_up,81,81,0,0.9847630858421326,0,0,True
clip_vit_b_32,clip_vit_b_32_linear_head,d32_up,95,95,1,0.9754270315170288,1,1,True
clip_vit_b_32,clip_vit_b_32_linear_head,d32_up,97,97,5,0.9859103560447693,5,5,True
clip_vit_b_32,clip_vit_b_32_linear_head,d32_up,116,116,1,0.9696147441864014,1,1,True
clip_vit_b_32,clip_vit_b_32_linear_head,d32_up,131,131,9,0.9861419200897217,9,9,True
clip_vit_b_32,clip_vit_b_32_linear_head,d32_up,151,151,8,0.9668384790420532,8,8,True
clip_vit_b_32,clip_vit_b_32_linear_head,d32_up,171,171,4,0.9829152226448059,4,4,True
clip_vit_b_32,clip_vit_b_32_linear_head,d32_up,176,176,3,0.9797598123550415,3,3,True
clip_vit_b_32,clip_vit_b_32_linear_head,d32_up,191,191,9,0.9746790528297424,2,2,True
clip_vit_b_32,clip_vit_b_32_linear_head,d32_up,194,194,8,0.9713853001594543,8,8,True
clip_vit_b_32,clip_vit_b_32_linear_head,d32_up,198,198,1,0.9809699058532715,1,1,True
clip_vit_b_32,clip_vit_b_32_linear_head,d32_up,239,239,9,0.9773065447807312,9,9,True
clip_vit_b_32,clip_vit_b_32_linear_head,d32_up,261,261,1,0.9824466705322266,1,1,True
clip_vit_b_32,clip_vit_b_32_linear_head,d32_up,269,269,7,0.9757745265960693,7,7,True
clip_vit_b_32,clip_vit_b_32_linear_head,d32_up,276,276,9,0.9869340658187866,9,9,True
clip_vit_b_32,clip_vit_b_32_linear_head,d32_up,303,303,9,0.9841671586036682,9,9,True
clip_vit_b_32,clip_vit_b_32_linear_head,d32_up,304,304,1,0.9576150178909302,1,1,True
clip_vit_b_32,clip_vit_b_32_linear_head,d32_up,317,317,2,0.9753963351249695,2,2,True
clip_vit_b_32,clip_vit_b_32_linear_head,d32_up,319,319,5,0.9715168476104736,5,5,True
clip_vit_b_32,clip_vit_b_32_linear_head,d32_up,323,323,7,0.9892662763595581,7,7,True
clip_vit_b_32,clip_vit_b_32_linear_head,d32_up,365,365,3,0.9871035814285278,3,3,True
clip_vit_b_32,clip_vit_b_32_linear_head,d32_up,370,370,7,0.9328478574752808,7,7,True
clip_vit_b_32,clip_vit_b_32_linear_head,d32_up,372,372,3,0.9809775352478027,3,3,True
clip_vit_b_32,clip_vit_b_32_linear_head,d32_up,378,378,5,0.9849035739898682,5,5,True
clip_vit_b_32,clip_vit_b_32_linear_head,d32_up,391,391,3,0.9724836945533752,3,3,True
clip_vit_b_32,clip_vit_b_32_linear_head,d32_up,409,409,2,0.9891061186790466,2,2,True
clip_vit_b_32,clip_vit_b_32_linear_head,d32_up,419,419,9,0.9902303814888,9,9,True
clip_vit_b_32,clip_vit_b_32_linear_head,d32_up,449,449,6,0.9746041297912598,6,6,True
clip_vit_b_32,clip_vit_b_32_linear_head,d32_up,470,470,2,0.9891396164894104,2,2,True
clip_vit_b_32,clip_vit_b_32_linear_head,d32_up,483,483,2,0.9661425948143005,2,2,True
clip_vit_b_32,clip_vit_b_32_linear_head,d32_up,484,484,0,0.9518307447433472,0,0,True
clip_vit_b_32,clip_vit_b_32_linear_head,d32_up,506,506,4,0.9879595041275024,4,4,True
clip_vit_b_32,clip_vit_b_32_linear_head,d32_up,545,545,6,0.8714878559112549,6,6,True
clip_vit_b_32,clip_vit_b_32_linear_head,d32_up,562,562,0,0.9814757108688354,0,0,True
clip_vit_b_32,clip_vit_b_32_linear_head,d32_up,568,568,5,0.9869314432144165,5,3,False
clip_vit_b_32,clip_vit_b_32_linear_head,d32_up,603,603,9,0.9787644743919373,9,9,True
clip_vit_b_32,clip_vit_b_32_linear_head,d32_up,632,632,3,0.9460984468460083,3,3,True
clip_vit_b_32,clip_vit_b_32_linear_head,d32_up,645,645,5,0.9905707836151123,5,5,True
clip_vit_b_32,clip_vit_b_32_linear_head,d32_up,667,667,8,0.9917352199554443,8,8,True
clip_vit_b_32,clip_vit_b_32_linear_head,d32_up,672,672,3,0.9885520935058594,3,3,True
clip_vit_b_32,clip_vit_b_32_linear_head,d32_up,677,677,3,0.9431051015853882,3,3,True
clip_vit_b_32,clip_vit_b_32_linear_head,d32_up,685,685,5,0.9927998185157776,5,5,True
clip_vit_b_32,clip_vit_b_32_linear_head,d32_up,691,691,4,0.9924583435058594,4,4,True
clip_vit_b_32,clip_vit_b_32_linear_head,d32_up,706,706,8,0.9806482791900635,8,8,True
clip_vit_b_32,clip_vit_b_32_linear_head,d32_up,714,714,2,0.9519832134246826,2,2,True
clip_vit_b_32,clip_vit_b_32_linear_head,d32_up,716,716,8,0.9958798289299011,8,8,True
clip_vit_b_32,clip_vit_b_32_linear_head,d32_up,738,738,3,0.9660536050796509,3,3,True
clip_vit_b_32,clip_vit_b_32_linear_head,d32_up,739,739,8,0.9846830368041992,8,8,True
clip_vit_b_32,clip_vit_b_32_linear_head,d32_up,766,766,4,0.9609999656677246,6,6,True
clip_vit_b_32,clip_vit_b_32_linear_head,d32_up,791,791,3,0.9829854369163513,3,3,True
clip_vit_b_32,clip_vit_b_32_linear_head,d32_up,805,805,9,0.9619103074073792,9,9,True
clip_vit_b_32,clip_vit_b_32_linear_head,d32_up,825,825,1,0.9791075587272644,1,1,True
clip_vit_b_32,clip_vit_b_32_linear_head,d32_up,852,852,9,0.9862707257270813,9,9,True
clip_vit_b_32,clip_vit_b_32_linear_head,d32_up,855,855,4,0.964792013168335,4,4,True
clip_vit_b_32,clip_vit_b_32_linear_head,d32_up,873,873,6,0.9808215498924255,6,6,True
clip_vit_b_32,clip_vit_b_32_linear_head,d32_up,890,890,6,0.9777389764785767,6,6,True
clip_vit_b_32,clip_vit_b_32_linear_head,d32_up,920,920,6,0.976691722869873,6,6,True
clip_vit_b_32,clip_vit_b_32_linear_head,d32_up,929,929,6,0.9804511070251465,6,6,True
clip_vit_b_32,clip_vit_b_32_linear_head,d32_up,962,962,8,0.9949692487716675,8,8,True
clip_vit_b_32,clip_vit_b_32_linear_head,d32_up,964,964,6,0.9311471581459045,6,6,True
clip_vit_b_32,clip_vit_b_32_linear_head,d32_up,977,977,6,0.9729016423225403,6,6,True
clip_vit_b_32,clip_vit_b_32_linear_head,d32_up,979,979,3,0.9834785461425781,3,3,True
clip_vit_b_32,clip_vit_b_32_linear_head,d32_up,981,981,2,0.9852613210678101,2,2,True
clip_vit_b_32,clip_vit_b_32_linear_head,d32_up,1022,1022,9,0.963826060295105,9,9,True
clip_vit_b_32,clip_vit_b_32_linear_head,d32_up,1032,1032,7,0.9853771328926086,7,7,True
clip_vit_b_32,clip_vit_b_32_linear_head,d32_up,1048,1048,7,0.8594697117805481,7,0,False
clip_vit_b_32,clip_vit_b_32_linear_head,d32_up,1090,1090,1,0.9852339029312134,1,1,True
clip_vit_b_32,clip_vit_b_32_linear_head,d32_up,1095,1095,5,0.9824387431144714,5,5,True
clip_vit_b_32,clip_vit_b_32_linear_head,d32_up,1109,1109,1,0.9913602471351624,1,1,True
clip_vit_b_32,clip_vit_b_32_linear_head,d32_up,1111,1111,4,0.9961835145950317,4,4,True
clip_vit_b_32,clip_vit_b_32_linear_head,d32_up,1115,1115,1,0.9387684464454651,1,1,True
clip_vit_b_32,clip_vit_b_32_linear_head,d32_up,1124,1124,4,0.9934393167495728,4,4,True
clip_vit_b_32,clip_vit_b_32_linear_head,d32_up,1129,1129,8,0.9739620685577393,8,8,True
clip_vit_b_32,clip_vit_b_32_linear_head,d32_up,1175,1175,0,0.9968156814575195,0,0,True
clip_vit_b_32,clip_vit_b_32_linear_head,d32_up,1202,1202,2,0.9796913862228394,2,2,True
clip_vit_b_32,clip_vit_b_32_linear_head,d32_up,1204,1204,3,0.9705442786216736,3,3,True
clip_vit_b_32,clip_vit_b_32_linear_head,d32_up,1211,1211,4,0.9609941840171814,4,4,True
clip_vit_b_32,clip_vit_b_32_linear_head,d32_up,1220,1220,7,0.982143223285675,7,7,True
clip_vit_b_32,clip_vit_b_32_linear_head,d32_up,1230,1230,1,0.9445541501045227,1,1,True
clip_vit_b_32,clip_vit_b_32_linear_head,d32_up,1247,1247,8,0.9769843816757202,8,8,True
clip_vit_b_32,clip_vit_b_32_linear_head,d32_up,1263,1263,3,0.9722419381141663,3,3,True
clip_vit_b_32,clip_vit_b_32_linear_head,d32_up,1266,1266,4,0.9835013151168823,4,4,True
clip_vit_b_32,clip_vit_b_32_linear_head,d32_up,1287,1287,7,0.9400753378868103,7,7,True
clip_vit_b_32,clip_vit_b_32_linear_head,d32_up,1296,1296,7,0.905792236328125,7,7,True
clip_vit_b_32,clip_vit_b_32_linear_head,d32_up,1370,1370,3,0.9539014101028442,3,3,True
clip_vit_b_32,clip_vit_b_32_linear_head,d32_up,1389,1389,0,0.980903148651123,0,0,True
clip_vit_b_32,clip_vit_b_32_linear_head,d32_up,1401,1401,3,0.9792293906211853,3,3,True
clip_vit_b_32,clip_vit_b_32_linear_head,d32_up,1403,1403,2,0.9547450542449951,2,2,True
clip_vit_b_32,clip_vit_b_32_linear_head,d32_up,1411,1411,9,0.9953703880310059,9,9,True
clip_vit_b_32,clip_vit_b_32_linear_head,d32_up,1429,1429,4,0.9664672017097473,4,4,True
clip_vit_b_32,clip_vit_b_32_linear_head,d32_up,1430,1430,9,0.9640771150588989,9,9,True
clip_vit_b_32,clip_vit_b_32_linear_head,d32_up,1431,1431,3,0.9663404822349548,3,3,True
clip_vit_b_32,clip_vit_b_32_linear_head,d32_up,1436,1436,1,0.9759033918380737,1,1,True
clip_vit_b_32,clip_vit_b_32_linear_head,d32_up,1440,1440,7,0.9867064356803894,7,7,True
clip_vit_b_32,clip_vit_b_32_linear_head,d32_up,1468,1468,9,0.9764095544815063,9,9,True
clip_vit_b_32,clip_vit_b_32_linear_head,d32_up,1473,1473,7,0.9836552739143372,7,7,True
clip_vit_b_32,clip_vit_b_32_linear_head,d32_up,1515,1515,9,0.9631799459457397,9,9,True
clip_vit_b_32,clip_vit_b_32_linear_head,d32_up,1520,1520,2,0.9727316498756409,2,2,True
clip_vit_b_32,clip_vit_b_32_linear_head,d32_up,1531,1531,3,0.9801304340362549,3,3,True
clip_vit_b_32,clip_vit_b_32_linear_head,d32_up,1534,1534,6,0.9583665132522583,6,6,True
clip_vit_b_32,clip_vit_b_32_linear_head,d32_up,1552,1552,5,0.9785752892494202,5,5,True
clip_vit_b_32,clip_vit_b_32_linear_head,d32_up,1553,1553,0,0.9841030836105347,0,0,True
clip_vit_b_32,clip_vit_b_32_linear_head,d32_up,1563,1563,3,0.9677544236183167,7,7,True
clip_vit_b_32,clip_vit_b_32_linear_head,d32_up,1568,1568,1,0.9755523204803467,1,1,True
clip_vit_b_32,clip_vit_b_32_linear_head,d32_up,1579,1579,7,0.9854753017425537,7,7,True
clip_vit_b_32,clip_vit_b_32_linear_head,d32_up,1586,1586,2,0.9605065584182739,2,2,True
clip_vit_b_32,clip_vit_b_32_linear_head,d32_up,1596,1596,0,0.9935725927352905,0,0,True
clip_vit_b_32,clip_vit_b_32_linear_head,d32_up,1626,1626,5,0.9600465297698975,5,5,True
clip_vit_b_32,clip_vit_b_32_linear_head,d32_up,1640,1640,8,0.9737752676010132,8,8,True
clip_vit_b_32,clip_vit_b_32_linear_head,d32_up,1644,1644,5,0.9913651943206787,5,5,True
clip_vit_b_32,clip_vit_b_32_linear_head,d32_up,1648,1648,0,0.9875104427337646,0,0,True
clip_vit_b_32,clip_vit_b_32_linear_head,d32_up,1654,1654,9,0.986145555973053,9,9,True
clip_vit_b_32,clip_vit_b_32_linear_head,d32_up,1667,1667,6,0.9740787148475647,6,6,True
clip_vit_b_32,clip_vit_b_32_linear_head,d32_up,1703,1703,7,0.9708056449890137,7,7,True
clip_vit_b_32,clip_vit_b_32_linear_head,d32_up,1711,1711,7,0.9818523526191711,7,7,True
clip_vit_b_32,clip_vit_b_32_linear_head,d32_up,1771,1771,7,0.9479166269302368,7,7,True
clip_vit_b_32,clip_vit_b_32_linear_head,d32_up,1783,1783,8,0.9901396632194519,8,8,True
clip_vit_b_32,clip_vit_b_32_linear_head,d32_up,1814,1814,2,0.9867609739303589,2,2,True
clip_vit_b_32,clip_vit_b_32_linear_head,d32_up,1833,1833,8,0.9926596879959106,8,8,True
clip_vit_b_32,clip_vit_b_32_linear_head,d32_up,1836,1836,9,0.9850509762763977,9,9,True
clip_vit_b_32,clip_vit_b_32_linear_head,d32_up,1839,1839,2,0.9774453639984131,2,2,True
clip_vit_b_32,clip_vit_b_32_linear_head,d32_up,1852,1852,1,0.9285584092140198,1,1,True
clip_vit_b_32,clip_vit_b_32_linear_head,d32_up,1871,1871,1,0.979485809803009,1,1,True
clip_vit_b_32,clip_vit_b_32_linear_head,d32_up,1877,1877,5,0.9891025424003601,5,5,True
clip_vit_b_32,clip_vit_b_32_linear_head,d32_up,1884,1884,7,0.9376429319381714,7,7,True
clip_vit_b_32,clip_vit_b_32_linear_head,d32_up,1927,1927,7,0.9728484153747559,7,7,True
clip_vit_b_32,clip_vit_b_32_linear_head,d32_up,1954,1954,8,0.9863764643669128,8,8,True
clip_vit_b_32,clip_vit_b_32_linear_head,d32_up,1956,1956,7,0.9821124076843262,7,7,True
clip_vit_b_32,clip_vit_b_32_linear_head,d32_up,1960,1960,4,0.9972056746482849,4,4,True
clip_vit_b_32,clip_vit_b_32_linear_head,d32_up,1977,1977,0,0.9947080612182617,0,0,True
clip_vit_b_32,clip_vit_b_32_linear_head,d32_up,1986,1986,1,0.9869955778121948,1,1,True
clip_vit_b_32,clip_vit_b_32_linear_head,d32_up,1993,1993,1,0.9697703123092651,1,1,True
clip_vit_b_32,clip_vit_b_32_linear_head,d32_up,2003,2003,6,0.9543936252593994,6,6,True
clip_vit_b_32,clip_vit_b_32_linear_head,d32_up,2011,2011,9,0.9564403295516968,9,9,True
clip_vit_b_32,clip_vit_b_32_linear_head,d32_up,2024,2024,0,0.9946901798248291,0,0,True
clip_vit_b_32,clip_vit_b_32_linear_head,d32_up,2028,2028,3,0.9737059473991394,3,3,True
clip_vit_b_32,clip_vit_b_32_linear_head,d32_up,2062,2062,9,0.9785072207450867,9,9,True
clip_vit_b_32,clip_vit_b_32_linear_head,d32_up,2070,2070,1,0.979895830154419,1,1,True
clip_vit_b_32,clip_vit_b_32_linear_head,d32_up,2082,2082,2,0.9667912125587463,2,2,True
clip_vit_b_32,clip_vit_b_32_linear_head,d32_up,2095,2095,1,0.9914785027503967,1,1,True
clip_vit_b_32,clip_vit_b_32_linear_head,d32_up,2109,2109,8,0.9651191234588623,8,8,True
clip_vit_b_32,clip_vit_b_32_linear_head,d32_up,2114,2114,9,0.9826371669769287,9,9,True
clip_vit_b_32,clip_vit_b_32_linear_head,d32_up,2116,2116,1,0.9731119275093079,1,1,True
clip_vit_b_32,clip_vit_b_32_linear_head,d32_up,2157,2157,1,0.9282954931259155,1,1,True
clip_vit_b_32,clip_vit_b_32_linear_head,d32_up,2167,2167,9,0.9840603470802307,9,9,True
clip_vit_b_32,clip_vit_b_32_linear_head,d32_up,2178,2178,1,0.9779984354972839,1,1,True
clip_vit_b_32,clip_vit_b_32_linear_head,d32_up,2191,2191,8,0.9899521470069885,8,8,True
clip_vit_b_32,clip_vit_b_32_linear_head,d32_up,2230,2230,8,0.9886927604675293,8,8,True
clip_vit_b_32,clip_vit_b_32_linear_head,d32_up,2242,2242,0,0.991283118724823,0,0,True
clip_vit_b_32,clip_vit_b_32_linear_head,d32_up,2265,2265,5,0.9945052862167358,5,5,True
clip_vit_b_32,clip_vit_b_32_linear_head,d32_up,2268,2268,5,0.9760810732841492,5,5,True
clip_vit_b_32,clip_vit_b_32_linear_head,d32_up,2291,2291,3,0.980044424533844,3,3,True
clip_vit_b_32,clip_vit_b_32_linear_head,d32_up,2334,2334,5,0.9545589089393616,5,5,True
clip_vit_b_32,clip_vit_b_32_linear_head,d32_up,2340,2340,8,0.9816275835037231,8,8,True
clip_vit_b_32,clip_vit_b_32_linear_head,d32_up,2342,2342,8,0.9935195446014404,8,8,True
clip_vit_b_32,clip_vit_b_32_linear_head,d32_up,2351,2351,9,0.9721091985702515,9,9,True
clip_vit_b_32,clip_vit_b_32_linear_head,d32_up,2391,2391,5,0.973279595375061,5,5,True
clip_vit_b_32,clip_vit_b_32_linear_head,d32_up,2392,2392,2,0.9836328625679016,2,2,True
clip_vit_b_32,clip_vit_b_32_linear_head,d32_up,2399,2399,4,0.993781328201294,4,4,True
clip_vit_b_32,clip_vit_b_32_linear_head,d32_up,2414,2414,9,0.9790658354759216,9,9,True
clip_vit_b_32,clip_vit_b_32_linear_head,d32_up,2427,2427,5,0.983418881893158,5,5,True
clip_vit_b_32,clip_vit_b_32_linear_head,d32_up,2458,2458,5,0.978623628616333,5,5,True
clip_vit_b_32,clip_vit_b_32_linear_head,d32_up,2501,2501,7,0.9784165024757385,7,7,True
clip_vit_b_32,clip_vit_b_32_linear_head,d32_up,2502,2502,2,0.9790326356887817,2,2,True
clip_vit_b_32,clip_vit_b_32_linear_head,d32_up,2536,2536,3,0.9879688620567322,3,3,True
clip_vit_b_32,clip_vit_b_32_linear_head,d32_up,2539,2539,3,0.9589188694953918,3,3,True
clip_vit_b_32,clip_vit_b_32_linear_head,d32_up,2610,2610,6,0.974108874797821,6,6,True
clip_vit_b_32,clip_vit_b_32_linear_head,d32_up,2623,2623,5,0.9228986501693726,5,5,True
clip_vit_b_32,clip_vit_b_32_linear_head,d32_up,2655,2655,9,0.9855964183807373,9,9,True
clip_vit_b_32,clip_vit_b_32_linear_head,d32_up,2668,2668,7,0.9690536856651306,7,3,False
clip_vit_b_32,clip_vit_b_32_linear_head,d32_up,2676,2676,6,0.922106921672821,6,6,True
clip_vit_b_32,clip_vit_b_32_linear_head,d32_up,2687,2687,1,0.9806296825408936,1,1,True
clip_vit_b_32,clip_vit_b_32_linear_head,d32_up,2690,2690,1,0.9439370632171631,1,1,True
clip_vit_b_32,clip_vit_b_32_linear_head,d32_up,2704,2704,4,0.9640485048294067,4,4,True
clip_vit_b_32,clip_vit_b_32_linear_head,d32_up,2745,2745,8,0.996048629283905,8,8,True
clip_vit_b_32,clip_vit_b_32_linear_head,d32_up,2746,2746,7,0.9706540703773499,7,7,True
clip_vit_b_32,clip_vit_b_32_linear_head,d32_up,2750,2750,0,0.9853340983390808,0,0,True
clip_vit_b_32,clip_vit_b_32_linear_head,d32_up,2754,2754,3,0.975680410861969,3,3,True
clip_vit_b_32,clip_vit_b_32_linear_head,d32_up,2757,2757,4,0.9768465757369995,4,4,True
clip_vit_b_32,clip_vit_b_32_linear_head,d32_up,2766,2766,5,0.9118247032165527,5,5,True
clip_vit_b_32,clip_vit_b_32_linear_head,d32_up,2807,2807,5,0.9252060651779175,5,7,False
clip_vit_b_32,clip_vit_b_32_linear_head,d32_up,2844,2844,8,0.9819087982177734,8,8,True
clip_vit_b_32,clip_vit_b_32_linear_head,d32_up,2854,2854,7,0.9788265824317932,7,7,True
clip_vit_b_32,clip_vit_b_32_linear_head,d32_up,2861,2861,3,0.9866964221000671,3,3,True
clip_vit_b_32,clip_vit_b_32_linear_head,d32_up,2888,2888,0,0.9719235897064209,0,0,True
clip_vit_b_32,clip_vit_b_32_linear_head,d32_up,2898,2898,4,0.9869118928909302,4,4,True
clip_vit_b_32,clip_vit_b_32_linear_head,d32_up,2950,2950,5,0.9703465700149536,5,5,True
clip_vit_b_32,clip_vit_b_32_linear_head,d32_up,2958,2958,6,0.9756965637207031,6,6,True
clip_vit_b_32,clip_vit_b_32_linear_head,d32_up,3015,3015,8,0.9425601959228516,8,8,True
clip_vit_b_32,clip_vit_b_32_linear_head,d32_up,3024,3024,2,0.976979672908783,2,2,True
clip_vit_b_32,clip_vit_b_32_linear_head,d32_up,3025,3025,0,0.9920458197593689,0,0,True
clip_vit_b_32,clip_vit_b_32_linear_head,d32_up,3034,3034,4,0.9914562702178955,4,4,True
clip_vit_b_32,clip_vit_b_32_linear_head,d32_up,3067,3067,2,0.9735796451568604,2,2,True
clip_vit_b_32,clip_vit_b_32_linear_head,d32_up,3078,3078,4,0.9900820255279541,4,4,True
clip_vit_b_32,clip_vit_b_32_linear_head,d32_up,3079,3079,1,0.9726377725601196,1,1,True
clip_vit_b_32,clip_vit_b_32_linear_head,d32_up,3083,3083,0,0.9814001321792603,0,0,True
clip_vit_b_32,clip_vit_b_32_linear_head,d32_up,3122,3122,4,0.9808303713798523,4,4,True
clip_vit_b_32,clip_vit_b_32_linear_head,d32_up,3153,3153,7,0.9733994007110596,7,7,True
clip_vit_b_32,clip_vit_b_32_linear_head,d32_up,3157,3157,8,0.9866302609443665,8,8,True
clip_vit_b_32,clip_vit_b_32_linear_head,d32_up,3163,3163,2,0.9753299355506897,2,2,True
clip_vit_b_32,clip_vit_b_32_linear_head,d32_up,3179,3179,4,0.9836192727088928,4,4,True
clip_vit_b_32,clip_vit_b_32_linear_head,d32_up,3191,3191,6,0.9532157182693481,6,6,True
clip_vit_b_32,clip_vit_b_32_linear_head,d32_up,3276,3276,3,0.9586895704269409,7,3,False
clip_vit_b_32,clip_vit_b_32_linear_head,d32_up,3287,3287,4,0.9835561513900757,4,4,True
clip_vit_b_32,clip_vit_b_32_linear_head,d32_up,3288,3288,7,0.9814258813858032,7,7,True
clip_vit_b_32,clip_vit_b_32_linear_head,d32_up,3292,3292,6,0.9035296440124512,6,6,True
clip_vit_b_32,clip_vit_b_32_linear_head,d32_up,3318,3318,9,0.9656505584716797,9,9,True
clip_vit_b_32,clip_vit_b_32_linear_head,d32_up,3347,3347,0,0.9898842573165894,0,0,True
clip_vit_b_32,clip_vit_b_32_linear_head,d32_up,3353,3353,5,0.9782947897911072,5,5,True
clip_vit_b_32,clip_vit_b_32_linear_head,d32_up,3362,3362,2,0.9833648204803467,2,2,True
clip_vit_b_32,clip_vit_b_32_linear_head,d32_up,3365,3365,4,0.9726507663726807,4,4,True
clip_vit_b_32,clip_vit_b_32_linear_head,d32_up,3375,3375,3,0.969873309135437,3,3,True
clip_vit_b_32,clip_vit_b_32_linear_head,d32_up,3383,3383,3,0.9783841967582703,3,3,True
clip_vit_b_32,clip_vit_b_32_linear_head,d32_up,3404,3404,7,0.9861628413200378,7,7,True
clip_vit_b_32,clip_vit_b_32_linear_head,d32_up,3412,3412,8,0.9832910895347595,8,8,True
clip_vit_b_32,clip_vit_b_32_linear_head,d32_up,3413,3413,1,0.9263810515403748,1,1,True
clip_vit_b_32,clip_vit_b_32_linear_head,d32_up,3418,3418,6,0.982357382774353,6,6,True
clip_vit_b_32,clip_vit_b_32_linear_head,d32_up,3437,3437,0,0.9710729122161865,0,0,True
clip_vit_b_32,clip_vit_b_32_linear_head,d32_up,3446,3446,7,0.946583092212677,7,7,True
clip_vit_b_32,clip_vit_b_32_linear_head,d32_up,3454,3454,2,0.980556845664978,2,2,True
clip_vit_b_32,clip_vit_b_32_linear_head,d32_up,3455,3455,0,0.9846761226654053,0,0,True
clip_vit_b_32,clip_vit_b_32_linear_head,d32_up,3458,3458,4,0.978733479976654,4,4,True
clip_vit_b_32,clip_vit_b_32_linear_head,d32_up,3467,3467,7,0.9624300003051758,7,7,True
clip_vit_b_32,clip_vit_b_32_linear_head,d32_up,3491,3491,1,0.954020082950592,1,1,True
clip_vit_b_32,clip_vit_b_32_linear_head,d32_up,3494,3494,6,0.9480322599411011,6,6,True
clip_vit_b_32,clip_vit_b_32_linear_head,d32_up,3512,3512,4,0.9932661056518555,4,4,True
clip_vit_b_32,clip_vit_b_32_linear_head,d32_up,3515,3515,6,0.9801289439201355,6,6,True
clip_vit_b_32,clip_vit_b_32_linear_head,d32_up,3542,3542,7,0.9770185351371765,7,7,True
clip_vit_b_32,clip_vit_b_32_linear_head,d32_up,3550,3550,1,0.9440544247627258,1,1,True
clip_vit_b_32,clip_vit_b_32_linear_head,d32_up,3562,3562,3,0.9906277656555176,3,3,True
clip_vit_b_32,clip_vit_b_32_linear_head,d32_up,3755,3755,2,0.9843252897262573,2,2,True
clip_vit_b_32,clip_vit_b_32_linear_head,d32_up,3763,3763,4,0.9876238107681274,4,4,True
clip_vit_b_32,clip_vit_b_32_linear_head,d32_up,3777,3777,6,0.975384533405304,6,6,True
clip_vit_b_32,clip_vit_b_32_linear_head,d32_up,3778,3778,3,0.9736200571060181,3,3,True
clip_vit_b_32,clip_vit_b_32_linear_head,d32_up,3779,3779,6,0.9748432040214539,6,6,True
clip_vit_b_32,clip_vit_b_32_linear_head,d32_up,3844,3844,6,0.9814646244049072,6,6,True
clip_vit_b_32,clip_vit_b_32_linear_head,d32_up,3851,3851,3,0.9830039143562317,3,3,True
clip_vit_b_32,clip_vit_b_32_linear_head,d32_up,3852,3852,5,0.9704603552818298,5,5,True
clip_vit_b_32,clip_vit_b_32_linear_head,d32_up,3863,3863,5,0.9770490527153015,5,5,True
clip_vit_b_32,clip_vit_b_32_linear_head,d32_up,3867,3867,7,0.9827134013175964,7,7,True
clip_vit_b_32,clip_vit_b_32_linear_head,d32_up,3876,3876,0,0.9788633584976196,0,0,True
clip_vit_b_32,clip_vit_b_32_linear_head,d32_up,3889,3889,5,0.9898632764816284,5,5,True
clip_vit_b_32,clip_vit_b_32_linear_head,d32_up,3891,3891,4,0.9839900135993958,4,4,True
clip_vit_b_32,clip_vit_b_32_linear_head,d32_up,3893,3893,9,0.9796980619430542,9,9,True
clip_vit_b_32,clip_vit_b_32_linear_head,d32_up,3905,3905,8,0.9762203693389893,8,8,True
clip_vit_b_32,clip_vit_b_32_linear_head,d32_up,3914,3914,3,0.9745426774024963,3,3,True
clip_vit_b_32,clip_vit_b_32_linear_head,d32_up,3937,3937,1,0.9585987329483032,1,1,True
clip_vit_b_32,clip_vit_b_32_linear_head,d32_up,3942,3942,9,0.9799628257751465,9,9,True
clip_vit_b_32,clip_vit_b_32_linear_head,d32_up,3948,3948,8,0.9723142981529236,8,8,True
clip_vit_b_32,clip_vit_b_32_linear_head,d32_up,3962,3962,6,0.9807147979736328,6,6,True
clip_vit_b_32,clip_vit_b_32_linear_head,d32_up,3965,3965,0,0.9981154203414917,0,0,True
clip_vit_b_32,clip_vit_b_32_linear_head,d32_up,3994,3994,4,0.9477532505989075,4,4,True
clip_vit_b_32,clip_vit_b_32_linear_head,d32_up,3996,3996,9,0.9959778785705566,9,9,True
clip_vit_b_32,clip_vit_b_32_linear_head,d32_up,4011,4011,6,0.9735850691795349,6,6,True
clip_vit_b_32,clip_vit_b_32_linear_head,d32_up,4023,4023,3,0.9686411619186401,3,3,True
clip_vit_b_32,clip_vit_b_32_linear_head,d32_up,4054,4054,4,0.9910404682159424,4,4,True
clip_vit_b_32,clip_vit_b_32_linear_head,d32_up,4065,4065,2,0.984370768070221,2,2,True
clip_vit_b_32,clip_vit_b_32_linear_head,d32_up,4069,4069,8,0.9686379432678223,8,8,True
clip_vit_b_32,clip_vit_b_32_linear_head,d32_up,4093,4093,6,0.9307123422622681,6,6,True
clip_vit_b_32,clip_vit_b_32_linear_head,d32_up,4094,4094,9,0.9753025770187378,9,9,True
clip_vit_b_32,clip_vit_b_32_linear_head,d32_up,4106,4106,5,0.9673030376434326,5,5,True
clip_vit_b_32,clip_vit_b_32_linear_head,d32_up,4130,4130,0,0.9622148275375366,0,0,True
clip_vit_b_32,clip_vit_b_32_linear_head,d32_up,4168,4168,3,0.993505597114563,3,3,True
clip_vit_b_32,clip_vit_b_32_linear_head,d32_up,4170,4170,8,0.9472923874855042,8,8,True
clip_vit_b_32,clip_vit_b_32_linear_head,d32_up,4172,4172,7,0.9746178984642029,7,7,True
clip_vit_b_32,clip_vit_b_32_linear_head,d32_up,4177,4177,8,0.9949021935462952,8,8,True
clip_vit_b_32,clip_vit_b_32_linear_head,d32_up,4215,4215,3,0.9805266261100769,3,3,True
clip_vit_b_32,clip_vit_b_32_linear_head,d32_up,4229,4229,3,0.9936995506286621,3,3,True
clip_vit_b_32,clip_vit_b_32_linear_head,d32_up,4236,4236,7,0.9931086897850037,7,7,True
clip_vit_b_32,clip_vit_b_32_linear_head,d32_up,4242,4242,8,0.9713578820228577,8,8,True
clip_vit_b_32,clip_vit_b_32_linear_head,d32_up,4254,4254,6,0.9908113479614258,6,6,True
clip_vit_b_32,clip_vit_b_32_linear_head,d32_up,4290,4290,5,0.9562861919403076,4,4,True
clip_vit_b_32,clip_vit_b_32_linear_head,d32_up,4298,4298,1,0.9785351753234863,1,1,True
clip_vit_b_32,clip_vit_b_32_linear_head,d32_up,4308,4308,7,0.9465469121932983,7,7,True
clip_vit_b_32,clip_vit_b_32_linear_head,d32_up,4311,4311,8,0.9776172637939453,8,8,True
clip_vit_b_32,clip_vit_b_32_linear_head,d32_up,4323,4323,3,0.96616530418396,3,3,True
clip_vit_b_32,clip_vit_b_32_linear_head,d32_up,4330,4330,3,0.9859730005264282,3,3,True
clip_vit_b_32,clip_vit_b_32_linear_head,d32_up,4341,4341,6,0.9837563037872314,6,6,True
clip_vit_b_32,clip_vit_b_32_linear_head,d32_up,4355,4355,8,0.994351327419281,8,8,True
clip_vit_b_32,clip_vit_b_32_linear_head,d32_up,4399,4399,0,0.9808753132820129,0,0,True
clip_vit_b_32,clip_vit_b_32_linear_head,d32_up,4403,4403,7,0.9804332256317139,7,7,True
clip_vit_b_32,clip_vit_b_32_linear_head,d32_up,4411,4411,6,0.9760904312133789,6,6,True
clip_vit_b_32,clip_vit_b_32_linear_head,d32_up,4449,4449,9,0.980629026889801,9,9,True
clip_vit_b_32,clip_vit_b_32_linear_head,d32_up,4463,4463,3,0.9636297225952148,3,3,True
clip_vit_b_32,clip_vit_b_32_linear_head,d32_up,4531,4531,3,0.9825612902641296,3,3,True
clip_vit_b_32,clip_vit_b_32_linear_head,d32_up,4539,4539,0,0.9920886754989624,0,0,True
clip_vit_b_32,clip_vit_b_32_linear_head,d32_up,4547,4547,5,0.9640626907348633,5,5,True
clip_vit_b_32,clip_vit_b_32_linear_head,d32_up,4552,4552,8,0.949140191078186,8,8,True
clip_vit_b_32,clip_vit_b_32_linear_head,d32_up,4570,4570,5,0.9568872451782227,5,5,True
clip_vit_b_32,clip_vit_b_32_linear_head,d32_up,4590,4590,3,0.981713593006134,3,3,True
clip_vit_b_32,clip_vit_b_32_linear_head,d32_up,4609,4609,3,0.971726655960083,3,3,True
clip_vit_b_32,clip_vit_b_32_linear_head,d32_up,4615,4615,0,0.9890881776809692,0,0,True
clip_vit_b_32,clip_vit_b_32_linear_head,d32_up,4617,4617,0,0.9984450340270996,0,0,True
clip_vit_b_32,clip_vit_b_32_linear_head,d32_up,4620,4620,6,0.9424502849578857,6,6,True
clip_vit_b_32,clip_vit_b_32_linear_head,d32_up,4629,4629,4,0.9829681515693665,4,4,True
clip_vit_b_32,clip_vit_b_32_linear_head,d32_up,4640,4640,1,0.942861020565033,1,1,True
clip_vit_b_32,clip_vit_b_32_linear_head,d32_up,4642,4642,4,0.9892785549163818,4,4,True
clip_vit_b_32,clip_vit_b_32_linear_head,d32_up,4661,4661,7,0.9859840869903564,7,7,True
clip_vit_b_32,clip_vit_b_32_linear_head,d32_up,4662,4662,8,0.9969622492790222,8,8,True
clip_vit_b_32,clip_vit_b_32_linear_head,d32_up,4675,4675,0,0.972810685634613,0,0,True
clip_vit_b_32,clip_vit_b_32_linear_head,d32_up,4676,4676,8,0.9812999367713928,8,8,True
clip_vit_b_32,clip_vit_b_32_linear_head,d32_up,4704,4704,7,0.9564788341522217,7,7,True
clip_vit_b_32,clip_vit_b_32_linear_head,d32_up,4723,4723,9,0.9830076694488525,9,9,True
clip_vit_b_32,clip_vit_b_32_linear_head,d32_up,4731,4731,6,0.9853063225746155,6,6,True
clip_vit_b_32,clip_vit_b_32_linear_head,d32_up,4735,4735,2,0.9909756779670715,2,2,True
clip_vit_b_32,clip_vit_b_32_linear_head,d32_up,4740,4740,4,0.968894362449646,4,4,True
clip_vit_b_32,clip_vit_b_32_linear_head,d32_up,4746,4746,6,0.9715285897254944,6,6,True
clip_vit_b_32,clip_vit_b_32_linear_head,d32_up,4748,4748,7,0.9866007566452026,7,7,True
clip_vit_b_32,clip_vit_b_32_linear_head,d32_up,4754,4754,6,0.9540923237800598,6,6,True
clip_vit_b_32,clip_vit_b_32_linear_head,d32_up,4785,4785,0,0.97648686170578,0,0,True
clip_vit_b_32,clip_vit_b_32_linear_head,d32_up,4791,4791,7,0.9667573571205139,7,7,True
clip_vit_b_32,clip_vit_b_32_linear_head,d32_up,4819,4819,0,0.9934859871864319,0,0,True
clip_vit_b_32,clip_vit_b_32_linear_head,d32_up,4821,4821,3,0.9777107238769531,3,3,True
clip_vit_b_32,clip_vit_b_32_linear_head,d32_up,4827,4827,6,0.9927518963813782,6,6,True
clip_vit_b_32,clip_vit_b_32_linear_head,d32_up,4850,4850,5,0.9937690496444702,5,5,True
clip_vit_b_32,clip_vit_b_32_linear_head,d32_up,4881,4881,3,0.9876951575279236,3,3,True
clip_vit_b_32,clip_vit_b_32_linear_head,d32_up,4893,4893,0,0.9968365430831909,0,0,True
clip_vit_b_32,clip_vit_b_32_linear_head,d32_up,4908,4908,3,0.9900566935539246,3,3,True
clip_vit_b_32,clip_vit_b_32_linear_head,d32_up,4913,4913,2,0.9855473041534424,2,2,True
clip_vit_b_32,clip_vit_b_32_linear_head,d32_up,4921,4921,2,0.9725100994110107,2,2,True
clip_vit_b_32,clip_vit_b_32_linear_head,d32_up,4953,4953,5,0.9484796524047852,5,5,True
clip_vit_b_32,clip_vit_b_32_linear_head,d32_up,4966,4966,5,0.9882586598396301,5,5,True
clip_vit_b_32,clip_vit_b_32_linear_head,d32_up,4990,4990,8,0.9711399078369141,8,8,True
clip_vit_b_32,clip_vit_b_32_linear_head,d32_up,5000,5000,8,0.9905385375022888,8,8,True
clip_vit_b_32,clip_vit_b_32_linear_head,d32_up,5030,5030,2,0.9698287844657898,2,2,True
clip_vit_b_32,clip_vit_b_32_linear_head,d32_up,5062,5062,4,0.9869670867919922,4,4,True
clip_vit_b_32,clip_vit_b_32_linear_head,d32_up,5077,5077,4,0.9898110628128052,4,4,True
clip_vit_b_32,clip_vit_b_32_linear_head,d32_up,5082,5082,6,0.9845974445343018,6,6,True
clip_vit_b_32,clip_vit_b_32_linear_head,d32_up,5092,5092,1,0.9548006653785706,1,1,True
clip_vit_b_32,clip_vit_b_32_linear_head,d32_up,5101,5101,5,0.9574984312057495,5,5,True
clip_vit_b_32,clip_vit_b_32_linear_head,d32_up,5117,5117,0,0.9858736395835876,0,0,True
clip_vit_b_32,clip_vit_b_32_linear_head,d32_up,5123,5123,1,0.950942873954773,1,1,True
clip_vit_b_32,clip_vit_b_32_linear_head,d32_up,5135,5135,4,0.9839757084846497,4,4,True
clip_vit_b_32,clip_vit_b_32_linear_head,d32_up,5183,5183,2,0.980334997177124,2,2,True
clip_vit_b_32,clip_vit_b_32_linear_head,d32_up,5213,5213,4,0.9882388710975647,4,4,True
clip_vit_b_32,clip_vit_b_32_linear_head,d32_up,5218,5218,2,0.9911206960678101,2,2,True
clip_vit_b_32,clip_vit_b_32_linear_head,d32_up,5220,5220,1,0.9463257193565369,7,7,True
clip_vit_b_32,clip_vit_b_32_linear_head,d32_up,5237,5237,2,0.9762489199638367,2,2,True
clip_vit_b_32,clip_vit_b_32_linear_head,d32_up,5256,5256,1,0.9579068422317505,1,1,True
clip_vit_b_32,clip_vit_b_32_linear_head,d32_up,5284,5284,9,0.9760116934776306,9,9,True
clip_vit_b_32,clip_vit_b_32_linear_head,d32_up,5301,5301,9,0.9704204797744751,9,9,True
clip_vit_b_32,clip_vit_b_32_linear_head,d32_up,5318,5318,2,0.9704058170318604,2,2,True
clip_vit_b_32,clip_vit_b_32_linear_head,d32_up,5332,5332,5,0.9880120754241943,5,5,True
clip_vit_b_32,clip_vit_b_32_linear_head,d32_up,5333,5333,2,0.9589725732803345,2,2,True
clip_vit_b_32,clip_vit_b_32_linear_head,d32_up,5360,5360,9,0.9807630181312561,9,9,True
clip_vit_b_32,clip_vit_b_32_linear_head,d32_up,5381,5381,5,0.9677271246910095,5,5,True
clip_vit_b_32,clip_vit_b_32_linear_head,d32_up,5382,5382,6,0.9578269720077515,6,6,True
clip_vit_b_32,clip_vit_b_32_linear_head,d32_up,5395,5395,2,0.983426570892334,2,2,True
clip_vit_b_32,clip_vit_b_32_linear_head,d32_up,5402,5402,4,0.9932661652565002,4,4,True
clip_vit_b_32,clip_vit_b_32_linear_head,d32_up,5408,5408,6,0.9820221662521362,6,6,True
clip_vit_b_32,clip_vit_b_32_linear_head,d32_up,5436,5436,7,0.973738431930542,7,7,True
clip_vit_b_32,clip_vit_b_32_linear_head,d32_up,5447,5447,9,0.9656568169593811,9,9,True
clip_vit_b_32,clip_vit_b_32_linear_head,d32_up,5450,5450,7,0.9709302186965942,7,7,True
clip_vit_b_32,clip_vit_b_32_linear_head,d32_up,5451,5451,8,0.9746477603912354,8,8,True
clip_vit_b_32,clip_vit_b_32_linear_head,d32_up,5452,5452,9,0.9774861335754395,9,9,True
clip_vit_b_32,clip_vit_b_32_linear_head,d32_up,5467,5467,4,0.9831545352935791,4,4,True
clip_vit_b_32,clip_vit_b_32_linear_head,d32_up,5478,5478,0,0.982746958732605,0,0,True
clip_vit_b_32,clip_vit_b_32_linear_head,d32_up,5488,5488,1,0.9931573271751404,1,7,False
clip_vit_b_32,clip_vit_b_32_linear_head,d32_up,5496,5496,5,0.9867013096809387,5,5,True
clip_vit_b_32,clip_vit_b_32_linear_head,d32_up,5508,5508,9,0.959854006767273,9,9,True
clip_vit_b_32,clip_vit_b_32_linear_head,d32_up,5512,5512,2,0.9706168174743652,9,9,True
clip_vit_b_32,clip_vit_b_32_linear_head,d32_up,5525,5525,8,0.9829012155532837,8,8,True
clip_vit_b_32,clip_vit_b_32_linear_head,d32_up,5528,5528,3,0.9644561409950256,3,3,True
clip_vit_b_32,clip_vit_b_32_linear_head,d32_up,5556,5556,4,0.9765639305114746,4,4,True
clip_vit_b_32,clip_vit_b_32_linear_head,d32_up,5560,5560,1,0.9815273284912109,1,1,True
clip_vit_b_32,clip_vit_b_32_linear_head,d32_up,5572,5572,9,0.990712583065033,9,9,True
clip_vit_b_32,clip_vit_b_32_linear_head,d32_up,5580,5580,6,0.9869589805603027,6,6,True
clip_vit_b_32,clip_vit_b_32_linear_head,d32_up,5590,5590,9,0.9869397282600403,9,9,True
clip_vit_b_32,clip_vit_b_32_linear_head,d32_up,5623,5623,4,0.9903305768966675,4,4,True
clip_vit_b_32,clip_vit_b_32_linear_head,d32_up,5677,5677,2,0.9759370684623718,2,2,True
clip_vit_b_32,clip_vit_b_32_linear_head,d32_up,5694,5694,8,0.972507655620575,8,8,True
clip_vit_b_32,clip_vit_b_32_linear_head,d32_up,5701,5701,5,0.9906002283096313,5,5,True
clip_vit_b_32,clip_vit_b_32_linear_head,d32_up,5705,5705,8,0.9847837090492249,8,8,True
clip_vit_b_32,clip_vit_b_32_linear_head,d32_up,5719,5719,7,0.9622549414634705,7,7,True
clip_vit_b_32,clip_vit_b_32_linear_head,d32_up,5729,5729,6,0.9425634145736694,6,6,True
clip_vit_b_32,clip_vit_b_32_linear_head,d32_up,5756,5756,2,0.9876688718795776,2,2,True
clip_vit_b_32,clip_vit_b_32_linear_head,d32_up,5788,5788,9,0.9824460744857788,9,9,True
clip_vit_b_32,clip_vit_b_32_linear_head,d32_up,5789,5789,4,0.9934821724891663,4,4,True
clip_vit_b_32,clip_vit_b_32_linear_head,d32_up,5824,5824,2,0.9751282334327698,2,2,True
clip_vit_b_32,clip_vit_b_32_linear_head,d32_up,5848,5848,7,0.9718860983848572,7,7,True
clip_vit_b_32,clip_vit_b_32_linear_head,d32_up,5851,5851,9,0.9962862133979797,9,9,True
clip_vit_b_32,clip_vit_b_32_linear_head,d32_up,5857,5857,6,0.9452002048492432,6,6,True
clip_vit_b_32,clip_vit_b_32_linear_head,d32_up,5858,5858,6,0.9761335849761963,6,6,True
clip_vit_b_32,clip_vit_b_32_linear_head,d32_up,5912,5912,0,0.9677187204360962,0,0,True
clip_vit_b_32,clip_vit_b_32_linear_head,d32_up,5915,5915,9,0.9640507102012634,9,9,True
clip_vit_b_32,clip_vit_b_32_linear_head,d32_up,5918,5918,0,0.9691552519798279,0,0,True
clip_vit_b_32,clip_vit_b_32_linear_head,d32_up,5924,5924,5,0.9778594970703125,5,7,False
clip_vit_b_32,clip_vit_b_32_linear_head,d32_up,5977,5977,7,0.9788750410079956,7,7,True
clip_vit_b_32,clip_vit_b_32_linear_head,d32_up,5981,5981,9,0.9749065637588501,9,9,True
clip_vit_b_32,clip_vit_b_32_linear_head,d32_up,5999,5999,0,0.9805267453193665,0,0,True
clip_vit_b_32,clip_vit_b_32_linear_head,d32_up,6028,6028,2,0.9815636873245239,2,2,True
clip_vit_b_32,clip_vit_b_32_linear_head,d32_up,6033,6033,4,0.9721412062644958,4,4,True
clip_vit_b_32,clip_vit_b_32_linear_head,d32_up,6076,6076,1,0.9597249627113342,1,1,True
clip_vit_b_32,clip_vit_b_32_linear_head,d32_up,6084,6084,7,0.9866764545440674,7,7,True
clip_vit_b_32,clip_vit_b_32_linear_head,d32_up,6097,6097,4,0.9832510352134705,4,4,True
clip_vit_b_32,clip_vit_b_32_linear_head,d32_up,6169,6169,1,0.9270334243774414,1,6,False
clip_vit_b_32,clip_vit_b_32_linear_head,d32_up,6190,6190,7,0.9461618661880493,7,7,True
clip_vit_b_32,clip_vit_b_32_linear_head,d32_up,6224,6224,5,0.9758887887001038,5,5,True
clip_vit_b_32,clip_vit_b_32_linear_head,d32_up,6244,6244,2,0.8595638871192932,2,2,True
clip_vit_b_32,clip_vit_b_32_linear_head,d32_up,6264,6264,2,0.976737380027771,2,2,True
clip_vit_b_32,clip_vit_b_32_linear_head,d32_up,6271,6271,2,0.9749399423599243,2,2,True
clip_vit_b_32,clip_vit_b_32_linear_head,d32_up,6288,6288,4,0.9661498069763184,4,4,True
clip_vit_b_32,clip_vit_b_32_linear_head,d32_up,6332,6332,2,0.9901765584945679,2,2,True
clip_vit_b_32,clip_vit_b_32_linear_head,d32_up,6349,6349,1,0.9520461559295654,1,1,True
clip_vit_b_32,clip_vit_b_32_linear_head,d32_up,6354,6354,2,0.9452399611473083,2,2,True
clip_vit_b_32,clip_vit_b_32_linear_head,d32_up,6358,6358,5,0.9908178448677063,5,5,True
clip_vit_b_32,clip_vit_b_32_linear_head,d32_up,6381,6381,6,0.9760891199111938,6,6,True
clip_vit_b_32,clip_vit_b_32_linear_head,d32_up,6414,6414,5,0.9400292038917542,5,5,True
clip_vit_b_32,clip_vit_b_32_linear_head,d32_up,6426,6426,2,0.9843934774398804,2,2,True
clip_vit_b_32,clip_vit_b_32_linear_head,d32_up,6434,6434,8,0.9865925312042236,8,8,True
clip_vit_b_32,clip_vit_b_32_linear_head,d32_up,6437,6437,0,0.9852103590965271,0,0,True
clip_vit_b_32,clip_vit_b_32_linear_head,d32_up,6455,6455,0,0.9871628284454346,0,0,True
clip_vit_b_32,clip_vit_b_32_linear_head,d32_up,6490,6490,3,0.9927866458892822,3,3,True
clip_vit_b_32,clip_vit_b_32_linear_head,d32_up,6503,6503,2,0.9753903150558472,2,2,True
clip_vit_b_32,clip_vit_b_32_linear_head,d32_up,6508,6508,4,0.9860687255859375,4,4,True
clip_vit_b_32,clip_vit_b_32_linear_head,d32_up,6528,6528,4,0.9409664869308472,4,4,True
clip_vit_b_32,clip_vit_b_32_linear_head,d32_up,6594,6594,1,0.9909936189651489,1,1,True
clip_vit_b_32,clip_vit_b_32_linear_head,d32_up,6609,6609,0,0.9690380096435547,0,0,True
clip_vit_b_32,clip_vit_b_32_linear_head,d32_up,6616,6616,2,0.9567773342132568,2,2,True
clip_vit_b_32,clip_vit_b_32_linear_head,d32_up,6650,6650,7,0.971688449382782,7,7,True
clip_vit_b_32,clip_vit_b_32_linear_head,d32_up,6689,6689,8,0.9785364866256714,8,8,True
clip_vit_b_32,clip_vit_b_32_linear_head,d32_up,6692,6692,2,0.981942892074585,2,2,True
clip_vit_b_32,clip_vit_b_32_linear_head,d32_up,6713,6713,6,0.9322606325149536,6,6,True
clip_vit_b_32,clip_vit_b_32_linear_head,d32_up,6716,6716,5,0.9688104391098022,5,5,True
clip_vit_b_32,clip_vit_b_32_linear_head,d32_up,6726,6726,7,0.9751518368721008,7,7,True
clip_vit_b_32,clip_vit_b_32_linear_head,d32_up,6733,6733,1,0.9852468371391296,1,1,True
clip_vit_b_32,clip_vit_b_32_linear_head,d32_up,6772,6772,7,0.9833500385284424,7,7,True
clip_vit_b_32,clip_vit_b_32_linear_head,d32_up,6805,6805,1,0.9878969192504883,1,1,True
clip_vit_b_32,clip_vit_b_32_linear_head,d32_up,6836,6836,1,0.9881685972213745,1,1,True
clip_vit_b_32,clip_vit_b_32_linear_head,d32_up,6844,6844,0,0.9975448846817017,0,0,True
clip_vit_b_32,clip_vit_b_32_linear_head,d32_up,6922,6922,5,0.9809635281562805,5,5,True
clip_vit_b_32,clip_vit_b_32_linear_head,d32_up,6931,6931,9,0.9749206304550171,9,9,True
clip_vit_b_32,clip_vit_b_32_linear_head,d32_up,6938,6938,1,0.9763892889022827,1,1,True
clip_vit_b_32,clip_vit_b_32_linear_head,d32_up,6952,6952,3,0.9946248531341553,3,3,True
clip_vit_b_32,clip_vit_b_32_linear_head,d32_up,6954,6954,1,0.9774543046951294,1,1,True
clip_vit_b_32,clip_vit_b_32_linear_head,d32_up,6986,6986,0,0.9324991106987,0,0,True
clip_vit_b_32,clip_vit_b_32_linear_head,d32_up,6989,6989,5,0.948602557182312,5,5,True
clip_vit_b_32,clip_vit_b_32_linear_head,d32_up,7009,7009,0,0.9667194485664368,0,0,True
clip_vit_b_32,clip_vit_b_32_linear_head,d32_up,7029,7029,1,0.9803832769393921,1,1,True
clip_vit_b_32,clip_vit_b_32_linear_head,d32_up,7033,7033,1,0.9912739992141724,1,1,True
clip_vit_b_32,clip_vit_b_32_linear_head,d32_up,7041,7041,5,0.9706792235374451,5,5,True
clip_vit_b_32,clip_vit_b_32_linear_head,d32_up,7047,7047,9,0.9844691157341003,9,9,True
clip_vit_b_32,clip_vit_b_32_linear_head,d32_up,7081,7081,7,0.971075713634491,7,7,True
clip_vit_b_32,clip_vit_b_32_linear_head,d32_up,7084,7084,2,0.9631029963493347,2,2,True
clip_vit_b_32,clip_vit_b_32_linear_head,d32_up,7108,7108,6,0.9925987720489502,6,6,True
clip_vit_b_32,clip_vit_b_32_linear_head,d32_up,7130,7130,5,0.9916353225708008,5,5,True
clip_vit_b_32,clip_vit_b_32_linear_head,d32_up,7138,7138,8,0.982968270778656,8,8,True
clip_vit_b_32,clip_vit_b_32_linear_head,d32_up,7150,7150,0,0.9979411959648132,0,0,True
clip_vit_b_32,clip_vit_b_32_linear_head,d32_up,7202,7202,1,0.9797288775444031,1,1,True
clip_vit_b_32,clip_vit_b_32_linear_head,d32_up,7262,7262,0,0.9932023286819458,0,0,True
clip_vit_b_32,clip_vit_b_32_linear_head,d32_up,7266,7266,9,0.9654455184936523,9,9,True
clip_vit_b_32,clip_vit_b_32_linear_head,d32_up,7270,7270,7,0.9631738066673279,7,7,True
clip_vit_b_32,clip_vit_b_32_linear_head,d32_up,7309,7309,0,0.927771270275116,0,0,True
clip_vit_b_32,clip_vit_b_32_linear_head,d32_up,7320,7320,0,0.9719905257225037,0,0,True
clip_vit_b_32,clip_vit_b_32_linear_head,d32_up,7338,7338,6,0.9595562815666199,6,6,True
clip_vit_b_32,clip_vit_b_32_linear_head,d32_up,7372,7372,0,0.966126561164856,0,0,True
clip_vit_b_32,clip_vit_b_32_linear_head,d32_up,7373,7373,0,0.9524285197257996,0,0,True
clip_vit_b_32,clip_vit_b_32_linear_head,d32_up,7380,7380,9,0.9779461622238159,9,9,True
clip_vit_b_32,clip_vit_b_32_linear_head,d32_up,7390,7390,1,0.9793590903282166,1,1,True
clip_vit_b_32,clip_vit_b_32_linear_head,d32_up,7413,7413,5,0.9718325734138489,3,3,True
clip_vit_b_32,clip_vit_b_32_linear_head,d32_up,7416,7416,3,0.9815486669540405,3,3,True
clip_vit_b_32,clip_vit_b_32_linear_head,d32_up,7425,7425,2,0.9903317093849182,2,2,True
clip_vit_b_32,clip_vit_b_32_linear_head,d32_up,7446,7446,8,0.9640954732894897,8,8,True
clip_vit_b_32,clip_vit_b_32_linear_head,d32_up,7460,7460,8,0.9651346206665039,8,8,True
clip_vit_b_32,clip_vit_b_32_linear_head,d32_up,7465,7465,0,0.9697303175926208,0,0,True
clip_vit_b_32,clip_vit_b_32_linear_head,d32_up,7474,7474,5,0.9851244688034058,5,5,True
clip_vit_b_32,clip_vit_b_32_linear_head,d32_up,7475,7475,4,0.962488055229187,4,4,True
clip_vit_b_32,clip_vit_b_32_linear_head,d32_up,7476,7476,8,0.9696884155273438,8,8,True
clip_vit_b_32,clip_vit_b_32_linear_head,d32_up,7544,7544,9,0.9804573059082031,9,9,True
clip_vit_b_32,clip_vit_b_32_linear_head,d32_up,7555,7555,6,0.9750548601150513,6,6,True
clip_vit_b_32,clip_vit_b_32_linear_head,d32_up,7600,7600,6,0.9856501817703247,6,6,True
clip_vit_b_32,clip_vit_b_32_linear_head,d32_up,7610,7610,4,0.9871167540550232,4,4,True
clip_vit_b_32,clip_vit_b_32_linear_head,d32_up,7634,7634,0,0.9984875321388245,0,0,True
clip_vit_b_32,clip_vit_b_32_linear_head,d32_up,7692,7692,4,0.9827455878257751,4,4,True
clip_vit_b_32,clip_vit_b_32_linear_head,d32_up,7706,7706,5,0.9779186844825745,5,5,True
clip_vit_b_32,clip_vit_b_32_linear_head,d32_up,7726,7726,6,0.9483960866928101,6,6,True
clip_vit_b_32,clip_vit_b_32_linear_head,d32_up,7744,7744,3,0.9845706820487976,3,3,True
clip_vit_b_32,clip_vit_b_32_linear_head,d32_up,7752,7752,9,0.9829519391059875,9,9,True
clip_vit_b_32,clip_vit_b_32_linear_head,d32_up,7776,7776,5,0.9492781162261963,5,6,False
clip_vit_b_32,clip_vit_b_32_linear_head,d32_up,7779,7779,6,0.9754133224487305,6,6,True
clip_vit_b_32,clip_vit_b_32_linear_head,d32_up,7781,7781,6,0.9888997077941895,6,6,True
clip_vit_b_32,clip_vit_b_32_linear_head,d32_up,7793,7793,3,0.9828733205795288,3,3,True
clip_vit_b_32,clip_vit_b_32_linear_head,d32_up,7797,7797,3,0.9748907089233398,3,3,True
clip_vit_b_32,clip_vit_b_32_linear_head,d32_up,7810,7810,8,0.990096926689148,8,8,True
clip_vit_b_32,clip_vit_b_32_linear_head,d32_up,7818,7818,8,0.9828531742095947,8,8,True
clip_vit_b_32,clip_vit_b_32_linear_head,d32_up,7835,7835,7,0.9745222330093384,7,7,True
clip_vit_b_32,clip_vit_b_32_linear_head,d32_up,7864,7864,4,0.9795753359794617,4,4,True
clip_vit_b_32,clip_vit_b_32_linear_head,d32_up,7875,7875,8,0.9821256995201111,8,8,True
clip_vit_b_32,clip_vit_b_32_linear_head,d32_up,7938,7938,9,0.9761582016944885,9,9,True
clip_vit_b_32,clip_vit_b_32_linear_head,d32_up,7940,7940,4,0.9865173697471619,4,4,True
clip_vit_b_32,clip_vit_b_32_linear_head,d32_up,7944,7944,4,0.9941486120223999,4,4,True
clip_vit_b_32,clip_vit_b_32_linear_head,d32_up,7955,7955,1,0.9596627950668335,1,1,True
clip_vit_b_32,clip_vit_b_32_linear_head,d32_up,7995,7995,9,0.9917353987693787,9,9,True
clip_vit_b_32,clip_vit_b_32_linear_head,d32_up,7996,7996,6,0.9244559407234192,6,6,True
clip_vit_b_32,clip_vit_b_32_linear_head,d32_up,7999,7999,8,0.992149293422699,8,8,True
clip_vit_b_32,clip_vit_b_32_linear_head,d32_down,3,3,0,0.9912058711051941,0,0,True
clip_vit_b_32,clip_vit_b_32_linear_head,d32_down,29,29,7,0.9868192672729492,7,7,True
clip_vit_b_32,clip_vit_b_32_linear_head,d32_down,35,35,2,0.9926759004592896,2,2,True
clip_vit_b_32,clip_vit_b_32_linear_head,d32_down,42,42,0,0.9703915119171143,0,0,True
clip_vit_b_32,clip_vit_b_32_linear_head,d32_down,49,49,2,0.9471592903137207,2,2,True
clip_vit_b_32,clip_vit_b_32_linear_head,d32_down,81,81,0,0.9844655990600586,0,0,True
clip_vit_b_32,clip_vit_b_32_linear_head,d32_down,95,95,1,0.9376353621482849,1,1,True
clip_vit_b_32,clip_vit_b_32_linear_head,d32_down,97,97,5,0.9865843057632446,5,5,True
clip_vit_b_32,clip_vit_b_32_linear_head,d32_down,116,116,1,0.982248842716217,1,1,True
clip_vit_b_32,clip_vit_b_32_linear_head,d32_down,131,131,9,0.9735230207443237,9,9,True
clip_vit_b_32,clip_vit_b_32_linear_head,d32_down,151,151,8,0.9824720025062561,8,8,True
clip_vit_b_32,clip_vit_b_32_linear_head,d32_down,171,171,4,0.9715797901153564,4,4,True
clip_vit_b_32,clip_vit_b_32_linear_head,d32_down,176,176,3,0.9696637392044067,3,3,True
clip_vit_b_32,clip_vit_b_32_linear_head,d32_down,191,191,9,0.9911478161811829,2,2,True
clip_vit_b_32,clip_vit_b_32_linear_head,d32_down,194,194,8,0.9592287540435791,8,8,True
clip_vit_b_32,clip_vit_b_32_linear_head,d32_down,198,198,1,0.9734504222869873,1,1,True
clip_vit_b_32,clip_vit_b_32_linear_head,d32_down,239,239,9,0.9772374033927917,9,9,True
clip_vit_b_32,clip_vit_b_32_linear_head,d32_down,261,261,1,0.9435073137283325,1,1,True
clip_vit_b_32,clip_vit_b_32_linear_head,d32_down,269,269,7,0.9801091551780701,7,7,True
clip_vit_b_32,clip_vit_b_32_linear_head,d32_down,276,276,9,0.9781559109687805,9,9,True
clip_vit_b_32,clip_vit_b_32_linear_head,d32_down,303,303,9,0.9692776203155518,9,9,True
clip_vit_b_32,clip_vit_b_32_linear_head,d32_down,304,304,1,0.9793635606765747,1,1,True
clip_vit_b_32,clip_vit_b_32_linear_head,d32_down,317,317,2,0.9849380254745483,2,2,True
clip_vit_b_32,clip_vit_b_32_linear_head,d32_down,319,319,5,0.9653894305229187,5,5,True
clip_vit_b_32,clip_vit_b_32_linear_head,d32_down,323,323,7,0.9919509291648865,7,7,True
clip_vit_b_32,clip_vit_b_32_linear_head,d32_down,365,365,3,0.9882526993751526,3,3,True
clip_vit_b_32,clip_vit_b_32_linear_head,d32_down,370,370,7,0.9255833625793457,7,7,True
clip_vit_b_32,clip_vit_b_32_linear_head,d32_down,372,372,3,0.9777251482009888,3,3,True
clip_vit_b_32,clip_vit_b_32_linear_head,d32_down,378,378,5,0.966403603553772,5,5,True
clip_vit_b_32,clip_vit_b_32_linear_head,d32_down,391,391,3,0.9881599545478821,3,3,True
clip_vit_b_32,clip_vit_b_32_linear_head,d32_down,409,409,2,0.9904313683509827,2,2,True
clip_vit_b_32,clip_vit_b_32_linear_head,d32_down,419,419,9,0.9829548001289368,9,9,True
clip_vit_b_32,clip_vit_b_32_linear_head,d32_down,449,449,6,0.938477098941803,6,6,True
clip_vit_b_32,clip_vit_b_32_linear_head,d32_down,470,470,2,0.9883632659912109,2,2,True
clip_vit_b_32,clip_vit_b_32_linear_head,d32_down,483,483,2,0.9605241417884827,2,2,True
clip_vit_b_32,clip_vit_b_32_linear_head,d32_down,484,484,0,0.9742693901062012,0,0,True
clip_vit_b_32,clip_vit_b_32_linear_head,d32_down,506,506,4,0.9885687232017517,4,4,True
clip_vit_b_32,clip_vit_b_32_linear_head,d32_down,545,545,6,0.9707388877868652,6,6,True
clip_vit_b_32,clip_vit_b_32_linear_head,d32_down,562,562,0,0.9936141967773438,0,0,True
clip_vit_b_32,clip_vit_b_32_linear_head,d32_down,568,568,5,0.9866223931312561,5,5,True
clip_vit_b_32,clip_vit_b_32_linear_head,d32_down,603,603,9,0.976662278175354,9,9,True
clip_vit_b_32,clip_vit_b_32_linear_head,d32_down,632,632,3,0.9630211591720581,3,3,True
clip_vit_b_32,clip_vit_b_32_linear_head,d32_down,645,645,5,0.9874288439750671,5,5,True
clip_vit_b_32,clip_vit_b_32_linear_head,d32_down,667,667,8,0.989487886428833,8,8,True
clip_vit_b_32,clip_vit_b_32_linear_head,d32_down,672,672,3,0.986354649066925,3,3,True
clip_vit_b_32,clip_vit_b_32_linear_head,d32_down,677,677,3,0.959324061870575,3,3,True
clip_vit_b_32,clip_vit_b_32_linear_head,d32_down,685,685,5,0.9858601093292236,5,5,True
clip_vit_b_32,clip_vit_b_32_linear_head,d32_down,691,691,4,0.9933195114135742,4,4,True
clip_vit_b_32,clip_vit_b_32_linear_head,d32_down,706,706,8,0.9757681488990784,8,8,True
clip_vit_b_32,clip_vit_b_32_linear_head,d32_down,714,714,2,0.9748660922050476,2,2,True
clip_vit_b_32,clip_vit_b_32_linear_head,d32_down,716,716,8,0.998029351234436,8,8,True
clip_vit_b_32,clip_vit_b_32_linear_head,d32_down,738,738,3,0.9430595636367798,3,3,True
clip_vit_b_32,clip_vit_b_32_linear_head,d32_down,739,739,8,0.9815914630889893,8,8,True
clip_vit_b_32,clip_vit_b_32_linear_head,d32_down,766,766,4,0.9837578535079956,6,6,True
clip_vit_b_32,clip_vit_b_32_linear_head,d32_down,791,791,3,0.9268277883529663,3,3,True
clip_vit_b_32,clip_vit_b_32_linear_head,d32_down,805,805,9,0.9745354056358337,9,9,True
clip_vit_b_32,clip_vit_b_32_linear_head,d32_down,825,825,1,0.9811770915985107,1,1,True
clip_vit_b_32,clip_vit_b_32_linear_head,d32_down,852,852,9,0.9876997470855713,9,9,True
clip_vit_b_32,clip_vit_b_32_linear_head,d32_down,855,855,4,0.9714289307594299,4,4,True
clip_vit_b_32,clip_vit_b_32_linear_head,d32_down,873,873,6,0.9849216938018799,6,4,False
clip_vit_b_32,clip_vit_b_32_linear_head,d32_down,890,890,6,0.9865174293518066,6,6,True
clip_vit_b_32,clip_vit_b_32_linear_head,d32_down,920,920,6,0.9640448093414307,6,6,True
clip_vit_b_32,clip_vit_b_32_linear_head,d32_down,929,929,6,0.9679005146026611,6,6,True
clip_vit_b_32,clip_vit_b_32_linear_head,d32_down,962,962,8,0.9912703037261963,8,8,True
clip_vit_b_32,clip_vit_b_32_linear_head,d32_down,964,964,6,0.9687943458557129,6,6,True
clip_vit_b_32,clip_vit_b_32_linear_head,d32_down,977,977,6,0.9789994955062866,6,6,True
clip_vit_b_32,clip_vit_b_32_linear_head,d32_down,979,979,3,0.9894970655441284,3,3,True
clip_vit_b_32,clip_vit_b_32_linear_head,d32_down,981,981,2,0.9795730710029602,2,2,True
clip_vit_b_32,clip_vit_b_32_linear_head,d32_down,1022,1022,9,0.9716925024986267,9,9,True
clip_vit_b_32,clip_vit_b_32_linear_head,d32_down,1032,1032,7,0.990743100643158,7,7,True
clip_vit_b_32,clip_vit_b_32_linear_head,d32_down,1048,1048,7,0.9605269432067871,7,7,True
clip_vit_b_32,clip_vit_b_32_linear_head,d32_down,1090,1090,1,0.9808244109153748,1,1,True
clip_vit_b_32,clip_vit_b_32_linear_head,d32_down,1095,1095,5,0.9773550629615784,5,5,True
clip_vit_b_32,clip_vit_b_32_linear_head,d32_down,1109,1109,1,0.9956977367401123,1,1,True
clip_vit_b_32,clip_vit_b_32_linear_head,d32_down,1111,1111,4,0.986708402633667,4,4,True
clip_vit_b_32,clip_vit_b_32_linear_head,d32_down,1115,1115,1,0.9465458393096924,1,1,True
clip_vit_b_32,clip_vit_b_32_linear_head,d32_down,1124,1124,4,0.9959431290626526,4,4,True
clip_vit_b_32,clip_vit_b_32_linear_head,d32_down,1129,1129,8,0.9599764347076416,8,8,True
clip_vit_b_32,clip_vit_b_32_linear_head,d32_down,1175,1175,0,0.9938598275184631,0,0,True
clip_vit_b_32,clip_vit_b_32_linear_head,d32_down,1202,1202,2,0.9742623567581177,2,2,True
clip_vit_b_32,clip_vit_b_32_linear_head,d32_down,1204,1204,3,0.9740654826164246,3,3,True
clip_vit_b_32,clip_vit_b_32_linear_head,d32_down,1211,1211,4,0.988205075263977,4,4,True
clip_vit_b_32,clip_vit_b_32_linear_head,d32_down,1220,1220,7,0.9894697666168213,7,7,True
clip_vit_b_32,clip_vit_b_32_linear_head,d32_down,1230,1230,1,0.9725157022476196,1,1,True
clip_vit_b_32,clip_vit_b_32_linear_head,d32_down,1247,1247,8,0.9783637523651123,8,8,True
clip_vit_b_32,clip_vit_b_32_linear_head,d32_down,1263,1263,3,0.9744325280189514,3,4,False
clip_vit_b_32,clip_vit_b_32_linear_head,d32_down,1266,1266,4,0.9875874519348145,4,4,True
clip_vit_b_32,clip_vit_b_32_linear_head,d32_down,1287,1287,7,0.945750892162323,7,7,True
clip_vit_b_32,clip_vit_b_32_linear_head,d32_down,1296,1296,7,0.9608531594276428,7,7,True
clip_vit_b_32,clip_vit_b_32_linear_head,d32_down,1370,1370,3,0.9795860052108765,3,3,True
clip_vit_b_32,clip_vit_b_32_linear_head,d32_down,1389,1389,0,0.9725179672241211,0,0,True
clip_vit_b_32,clip_vit_b_32_linear_head,d32_down,1401,1401,3,0.9873135089874268,3,3,True
clip_vit_b_32,clip_vit_b_32_linear_head,d32_down,1403,1403,2,0.9755394458770752,2,2,True
clip_vit_b_32,clip_vit_b_32_linear_head,d32_down,1411,1411,9,0.9955849051475525,9,9,True
clip_vit_b_32,clip_vit_b_32_linear_head,d32_down,1429,1429,4,0.9654776453971863,4,4,True
clip_vit_b_32,clip_vit_b_32_linear_head,d32_down,1430,1430,9,0.983765721321106,9,9,True
clip_vit_b_32,clip_vit_b_32_linear_head,d32_down,1431,1431,3,0.9727332592010498,3,3,True
clip_vit_b_32,clip_vit_b_32_linear_head,d32_down,1436,1436,1,0.974689245223999,1,1,True
clip_vit_b_32,clip_vit_b_32_linear_head,d32_down,1440,1440,7,0.9939559698104858,7,7,True
clip_vit_b_32,clip_vit_b_32_linear_head,d32_down,1468,1468,9,0.9879008531570435,9,9,True
clip_vit_b_32,clip_vit_b_32_linear_head,d32_down,1473,1473,7,0.956168532371521,7,7,True
clip_vit_b_32,clip_vit_b_32_linear_head,d32_down,1515,1515,9,0.9608087539672852,9,9,True
clip_vit_b_32,clip_vit_b_32_linear_head,d32_down,1520,1520,2,0.9584833383560181,2,2,True
clip_vit_b_32,clip_vit_b_32_linear_head,d32_down,1531,1531,3,0.9967391490936279,3,3,True
clip_vit_b_32,clip_vit_b_32_linear_head,d32_down,1534,1534,6,0.9661977291107178,6,6,True
clip_vit_b_32,clip_vit_b_32_linear_head,d32_down,1552,1552,5,0.9391148090362549,5,7,False
clip_vit_b_32,clip_vit_b_32_linear_head,d32_down,1553,1553,0,0.9786041378974915,0,0,True
clip_vit_b_32,clip_vit_b_32_linear_head,d32_down,1563,1563,3,0.9785228371620178,7,7,True
clip_vit_b_32,clip_vit_b_32_linear_head,d32_down,1568,1568,1,0.9823422431945801,1,1,True
clip_vit_b_32,clip_vit_b_32_linear_head,d32_down,1579,1579,7,0.9695227742195129,7,7,True
clip_vit_b_32,clip_vit_b_32_linear_head,d32_down,1586,1586,2,0.9657325148582458,2,2,True
clip_vit_b_32,clip_vit_b_32_linear_head,d32_down,1596,1596,0,0.9968623518943787,0,0,True
clip_vit_b_32,clip_vit_b_32_linear_head,d32_down,1626,1626,5,0.9793198704719543,5,5,True
clip_vit_b_32,clip_vit_b_32_linear_head,d32_down,1640,1640,8,0.9427101612091064,8,8,True
clip_vit_b_32,clip_vit_b_32_linear_head,d32_down,1644,1644,5,0.9900271892547607,5,5,True
clip_vit_b_32,clip_vit_b_32_linear_head,d32_down,1648,1648,0,0.984110414981842,0,0,True
clip_vit_b_32,clip_vit_b_32_linear_head,d32_down,1654,1654,9,0.9690789580345154,9,9,True
clip_vit_b_32,clip_vit_b_32_linear_head,d32_down,1667,1667,6,0.9859290719032288,6,6,True
clip_vit_b_32,clip_vit_b_32_linear_head,d32_down,1703,1703,7,0.9594360589981079,7,7,True
clip_vit_b_32,clip_vit_b_32_linear_head,d32_down,1711,1711,7,0.9706519842147827,7,7,True
clip_vit_b_32,clip_vit_b_32_linear_head,d32_down,1771,1771,7,0.9494617581367493,7,7,True
clip_vit_b_32,clip_vit_b_32_linear_head,d32_down,1783,1783,8,0.9837036728858948,8,8,True
clip_vit_b_32,clip_vit_b_32_linear_head,d32_down,1814,1814,2,0.9733814001083374,2,2,True
clip_vit_b_32,clip_vit_b_32_linear_head,d32_down,1833,1833,8,0.9863735437393188,8,8,True
clip_vit_b_32,clip_vit_b_32_linear_head,d32_down,1836,1836,9,0.9905624985694885,9,9,True
clip_vit_b_32,clip_vit_b_32_linear_head,d32_down,1839,1839,2,0.9821302890777588,2,2,True
clip_vit_b_32,clip_vit_b_32_linear_head,d32_down,1852,1852,1,0.9624233245849609,1,1,True
clip_vit_b_32,clip_vit_b_32_linear_head,d32_down,1871,1871,1,0.9884206652641296,1,1,True
clip_vit_b_32,clip_vit_b_32_linear_head,d32_down,1877,1877,5,0.9948883652687073,5,5,True
clip_vit_b_32,clip_vit_b_32_linear_head,d32_down,1884,1884,7,0.9170199036598206,7,7,True
clip_vit_b_32,clip_vit_b_32_linear_head,d32_down,1927,1927,7,0.9575814604759216,7,7,True
clip_vit_b_32,clip_vit_b_32_linear_head,d32_down,1954,1954,8,0.9771087169647217,8,8,True
clip_vit_b_32,clip_vit_b_32_linear_head,d32_down,1956,1956,7,0.9938326478004456,7,7,True
clip_vit_b_32,clip_vit_b_32_linear_head,d32_down,1960,1960,4,0.9959100484848022,4,4,True
clip_vit_b_32,clip_vit_b_32_linear_head,d32_down,1977,1977,0,0.996745765209198,0,0,True
clip_vit_b_32,clip_vit_b_32_linear_head,d32_down,1986,1986,1,0.9867775440216064,1,1,True
clip_vit_b_32,clip_vit_b_32_linear_head,d32_down,1993,1993,1,0.9862239956855774,1,1,True
clip_vit_b_32,clip_vit_b_32_linear_head,d32_down,2003,2003,6,0.9797378778457642,6,6,True
clip_vit_b_32,clip_vit_b_32_linear_head,d32_down,2011,2011,9,0.9258704781532288,9,9,True
clip_vit_b_32,clip_vit_b_32_linear_head,d32_down,2024,2024,0,0.9911288022994995,0,0,True
clip_vit_b_32,clip_vit_b_32_linear_head,d32_down,2028,2028,3,0.9885620474815369,3,3,True
clip_vit_b_32,clip_vit_b_32_linear_head,d32_down,2062,2062,9,0.9796732068061829,9,9,True
clip_vit_b_32,clip_vit_b_32_linear_head,d32_down,2070,2070,1,0.9890726208686829,1,1,True
clip_vit_b_32,clip_vit_b_32_linear_head,d32_down,2082,2082,2,0.9492325186729431,2,2,True
clip_vit_b_32,clip_vit_b_32_linear_head,d32_down,2095,2095,1,0.960857629776001,1,1,True
clip_vit_b_32,clip_vit_b_32_linear_head,d32_down,2109,2109,8,0.9596869945526123,8,8,True
clip_vit_b_32,clip_vit_b_32_linear_head,d32_down,2114,2114,9,0.9882246851921082,9,9,True
clip_vit_b_32,clip_vit_b_32_linear_head,d32_down,2116,2116,1,0.9744606614112854,1,1,True
clip_vit_b_32,clip_vit_b_32_linear_head,d32_down,2157,2157,1,0.9706602096557617,1,1,True
clip_vit_b_32,clip_vit_b_32_linear_head,d32_down,2167,2167,9,0.9736089110374451,9,9,True
clip_vit_b_32,clip_vit_b_32_linear_head,d32_down,2178,2178,1,0.9761581420898438,1,1,True
clip_vit_b_32,clip_vit_b_32_linear_head,d32_down,2191,2191,8,0.9856581091880798,8,8,True
clip_vit_b_32,clip_vit_b_32_linear_head,d32_down,2230,2230,8,0.9918469786643982,8,8,True
clip_vit_b_32,clip_vit_b_32_linear_head,d32_down,2242,2242,0,0.9899759292602539,0,0,True
clip_vit_b_32,clip_vit_b_32_linear_head,d32_down,2265,2265,5,0.9792482852935791,5,5,True
clip_vit_b_32,clip_vit_b_32_linear_head,d32_down,2268,2268,5,0.9765302538871765,5,5,True
clip_vit_b_32,clip_vit_b_32_linear_head,d32_down,2291,2291,3,0.9832367897033691,3,3,True
clip_vit_b_32,clip_vit_b_32_linear_head,d32_down,2334,2334,5,0.987011730670929,5,5,True
clip_vit_b_32,clip_vit_b_32_linear_head,d32_down,2340,2340,8,0.9870208501815796,8,8,True
clip_vit_b_32,clip_vit_b_32_linear_head,d32_down,2342,2342,8,0.98074871301651,8,8,True
clip_vit_b_32,clip_vit_b_32_linear_head,d32_down,2351,2351,9,0.9722095727920532,9,9,True
clip_vit_b_32,clip_vit_b_32_linear_head,d32_down,2391,2391,5,0.9803565740585327,5,5,True
clip_vit_b_32,clip_vit_b_32_linear_head,d32_down,2392,2392,2,0.98136305809021,2,2,True
clip_vit_b_32,clip_vit_b_32_linear_head,d32_down,2399,2399,4,0.9948502779006958,4,4,True
clip_vit_b_32,clip_vit_b_32_linear_head,d32_down,2414,2414,9,0.9810734391212463,9,9,True
clip_vit_b_32,clip_vit_b_32_linear_head,d32_down,2427,2427,5,0.987376868724823,5,5,True
clip_vit_b_32,clip_vit_b_32_linear_head,d32_down,2458,2458,5,0.9833295941352844,5,5,True
clip_vit_b_32,clip_vit_b_32_linear_head,d32_down,2501,2501,7,0.9787114262580872,7,7,True
clip_vit_b_32,clip_vit_b_32_linear_head,d32_down,2502,2502,2,0.9817361235618591,2,2,True
clip_vit_b_32,clip_vit_b_32_linear_head,d32_down,2536,2536,3,0.9914016127586365,3,3,True
clip_vit_b_32,clip_vit_b_32_linear_head,d32_down,2539,2539,3,0.9848884344100952,3,3,True
clip_vit_b_32,clip_vit_b_32_linear_head,d32_down,2610,2610,6,0.9759517312049866,6,6,True
clip_vit_b_32,clip_vit_b_32_linear_head,d32_down,2623,2623,5,0.9654973149299622,5,5,True
clip_vit_b_32,clip_vit_b_32_linear_head,d32_down,2655,2655,9,0.9862657785415649,9,9,True
clip_vit_b_32,clip_vit_b_32_linear_head,d32_down,2668,2668,7,0.9616512656211853,7,7,True
clip_vit_b_32,clip_vit_b_32_linear_head,d32_down,2676,2676,6,0.9691429138183594,6,6,True
clip_vit_b_32,clip_vit_b_32_linear_head,d32_down,2687,2687,1,0.97786945104599,1,1,True
clip_vit_b_32,clip_vit_b_32_linear_head,d32_down,2690,2690,1,0.9880161881446838,1,1,True
clip_vit_b_32,clip_vit_b_32_linear_head,d32_down,2704,2704,4,0.9553667306900024,4,4,True
clip_vit_b_32,clip_vit_b_32_linear_head,d32_down,2745,2745,8,0.992003858089447,8,8,True
clip_vit_b_32,clip_vit_b_32_linear_head,d32_down,2746,2746,7,0.9646089673042297,7,7,True
clip_vit_b_32,clip_vit_b_32_linear_head,d32_down,2750,2750,0,0.9844005703926086,0,0,True
clip_vit_b_32,clip_vit_b_32_linear_head,d32_down,2754,2754,3,0.9802518486976624,3,3,True
clip_vit_b_32,clip_vit_b_32_linear_head,d32_down,2757,2757,4,0.9725142121315002,4,4,True
clip_vit_b_32,clip_vit_b_32_linear_head,d32_down,2766,2766,5,0.879730224609375,5,5,True
clip_vit_b_32,clip_vit_b_32_linear_head,d32_down,2807,2807,5,0.9805033206939697,5,7,False
clip_vit_b_32,clip_vit_b_32_linear_head,d32_down,2844,2844,8,0.9849116802215576,8,8,True
clip_vit_b_32,clip_vit_b_32_linear_head,d32_down,2854,2854,7,0.9726788997650146,7,7,True
clip_vit_b_32,clip_vit_b_32_linear_head,d32_down,2861,2861,3,0.985443115234375,3,3,True
clip_vit_b_32,clip_vit_b_32_linear_head,d32_down,2888,2888,0,0.9699307084083557,0,0,True
clip_vit_b_32,clip_vit_b_32_linear_head,d32_down,2898,2898,4,0.9620718359947205,4,4,True
clip_vit_b_32,clip_vit_b_32_linear_head,d32_down,2950,2950,5,0.9735741019248962,5,5,True
clip_vit_b_32,clip_vit_b_32_linear_head,d32_down,2958,2958,6,0.976224958896637,6,6,True
clip_vit_b_32,clip_vit_b_32_linear_head,d32_down,3015,3015,8,0.9738309979438782,8,8,True
clip_vit_b_32,clip_vit_b_32_linear_head,d32_down,3024,3024,2,0.9840540885925293,2,2,True
clip_vit_b_32,clip_vit_b_32_linear_head,d32_down,3025,3025,0,0.9901187419891357,0,0,True
clip_vit_b_32,clip_vit_b_32_linear_head,d32_down,3034,3034,4,0.9874921441078186,4,4,True
clip_vit_b_32,clip_vit_b_32_linear_head,d32_down,3067,3067,2,0.9753972887992859,2,2,True
clip_vit_b_32,clip_vit_b_32_linear_head,d32_down,3078,3078,4,0.9937102794647217,4,4,True
clip_vit_b_32,clip_vit_b_32_linear_head,d32_down,3079,3079,1,0.9882903099060059,1,1,True
clip_vit_b_32,clip_vit_b_32_linear_head,d32_down,3083,3083,0,0.9935322999954224,0,0,True
clip_vit_b_32,clip_vit_b_32_linear_head,d32_down,3122,3122,4,0.9558318257331848,4,4,True
clip_vit_b_32,clip_vit_b_32_linear_head,d32_down,3153,3153,7,0.919350266456604,7,7,True
clip_vit_b_32,clip_vit_b_32_linear_head,d32_down,3157,3157,8,0.9824064373970032,8,8,True
clip_vit_b_32,clip_vit_b_32_linear_head,d32_down,3163,3163,2,0.9840914607048035,2,2,True
clip_vit_b_32,clip_vit_b_32_linear_head,d32_down,3179,3179,4,0.987593948841095,4,4,True
clip_vit_b_32,clip_vit_b_32_linear_head,d32_down,3191,3191,6,0.9797269701957703,6,6,True
clip_vit_b_32,clip_vit_b_32_linear_head,d32_down,3276,3276,3,0.9842168688774109,7,7,True
clip_vit_b_32,clip_vit_b_32_linear_head,d32_down,3287,3287,4,0.9796210527420044,4,4,True
clip_vit_b_32,clip_vit_b_32_linear_head,d32_down,3288,3288,7,0.9826259016990662,7,7,True
clip_vit_b_32,clip_vit_b_32_linear_head,d32_down,3292,3292,6,0.9664494395256042,6,6,True
clip_vit_b_32,clip_vit_b_32_linear_head,d32_down,3318,3318,9,0.9588202834129333,9,9,True
clip_vit_b_32,clip_vit_b_32_linear_head,d32_down,3347,3347,0,0.995571494102478,0,0,True
clip_vit_b_32,clip_vit_b_32_linear_head,d32_down,3353,3353,5,0.9612544178962708,5,5,True
clip_vit_b_32,clip_vit_b_32_linear_head,d32_down,3362,3362,2,0.9815949201583862,2,2,True
clip_vit_b_32,clip_vit_b_32_linear_head,d32_down,3365,3365,4,0.9773887395858765,4,4,True
clip_vit_b_32,clip_vit_b_32_linear_head,d32_down,3375,3375,3,0.9578752517700195,3,3,True
clip_vit_b_32,clip_vit_b_32_linear_head,d32_down,3383,3383,3,0.9000082015991211,3,3,True
clip_vit_b_32,clip_vit_b_32_linear_head,d32_down,3404,3404,7,0.9769567251205444,7,7,True
clip_vit_b_32,clip_vit_b_32_linear_head,d32_down,3412,3412,8,0.964742124080658,8,8,True
clip_vit_b_32,clip_vit_b_32_linear_head,d32_down,3413,3413,1,0.9726583957672119,1,1,True
clip_vit_b_32,clip_vit_b_32_linear_head,d32_down,3418,3418,6,0.9499276876449585,6,6,True
clip_vit_b_32,clip_vit_b_32_linear_head,d32_down,3437,3437,0,0.9821060299873352,0,0,True
clip_vit_b_32,clip_vit_b_32_linear_head,d32_down,3446,3446,7,0.9665223360061646,7,7,True
clip_vit_b_32,clip_vit_b_32_linear_head,d32_down,3454,3454,2,0.9867013096809387,2,2,True
clip_vit_b_32,clip_vit_b_32_linear_head,d32_down,3455,3455,0,0.9823130965232849,0,0,True
clip_vit_b_32,clip_vit_b_32_linear_head,d32_down,3458,3458,4,0.9842709302902222,4,4,True
clip_vit_b_32,clip_vit_b_32_linear_head,d32_down,3467,3467,7,0.9728639721870422,7,7,True
clip_vit_b_32,clip_vit_b_32_linear_head,d32_down,3491,3491,1,0.9721084833145142,1,1,True
clip_vit_b_32,clip_vit_b_32_linear_head,d32_down,3494,3494,6,0.9555754661560059,6,6,True
clip_vit_b_32,clip_vit_b_32_linear_head,d32_down,3512,3512,4,0.9966011643409729,4,4,True
clip_vit_b_32,clip_vit_b_32_linear_head,d32_down,3515,3515,6,0.9839483499526978,6,6,True
clip_vit_b_32,clip_vit_b_32_linear_head,d32_down,3542,3542,7,0.9872996211051941,7,7,True
clip_vit_b_32,clip_vit_b_32_linear_head,d32_down,3550,3550,1,0.9557383060455322,1,1,True
clip_vit_b_32,clip_vit_b_32_linear_head,d32_down,3562,3562,3,0.9841786623001099,3,3,True
clip_vit_b_32,clip_vit_b_32_linear_head,d32_down,3755,3755,2,0.9622852802276611,2,2,True
clip_vit_b_32,clip_vit_b_32_linear_head,d32_down,3763,3763,4,0.9871046543121338,4,4,True
clip_vit_b_32,clip_vit_b_32_linear_head,d32_down,3777,3777,6,0.9769520163536072,6,6,True
clip_vit_b_32,clip_vit_b_32_linear_head,d32_down,3778,3778,3,0.9460829496383667,3,3,True
clip_vit_b_32,clip_vit_b_32_linear_head,d32_down,3779,3779,6,0.9082314968109131,6,6,True
clip_vit_b_32,clip_vit_b_32_linear_head,d32_down,3844,3844,6,0.9826505184173584,6,6,True
clip_vit_b_32,clip_vit_b_32_linear_head,d32_down,3851,3851,3,0.9732077717781067,3,3,True
clip_vit_b_32,clip_vit_b_32_linear_head,d32_down,3852,3852,5,0.9650046229362488,5,5,True
clip_vit_b_32,clip_vit_b_32_linear_head,d32_down,3863,3863,5,0.962452232837677,5,5,True
clip_vit_b_32,clip_vit_b_32_linear_head,d32_down,3867,3867,7,0.9783974885940552,7,7,True
clip_vit_b_32,clip_vit_b_32_linear_head,d32_down,3876,3876,0,0.9869413375854492,0,0,True
clip_vit_b_32,clip_vit_b_32_linear_head,d32_down,3889,3889,5,0.9871376156806946,5,5,True
clip_vit_b_32,clip_vit_b_32_linear_head,d32_down,3891,3891,4,0.9698539972305298,4,4,True
clip_vit_b_32,clip_vit_b_32_linear_head,d32_down,3893,3893,9,0.9752288460731506,9,9,True
clip_vit_b_32,clip_vit_b_32_linear_head,d32_down,3905,3905,8,0.980305016040802,8,8,True
clip_vit_b_32,clip_vit_b_32_linear_head,d32_down,3914,3914,3,0.983345627784729,3,3,True
clip_vit_b_32,clip_vit_b_32_linear_head,d32_down,3937,3937,1,0.9764130115509033,1,1,True
clip_vit_b_32,clip_vit_b_32_linear_head,d32_down,3942,3942,9,0.9799564480781555,9,9,True
clip_vit_b_32,clip_vit_b_32_linear_head,d32_down,3948,3948,8,0.9647140502929688,8,8,True
clip_vit_b_32,clip_vit_b_32_linear_head,d32_down,3962,3962,6,0.9640329480171204,6,6,True
clip_vit_b_32,clip_vit_b_32_linear_head,d32_down,3965,3965,0,0.9976537227630615,0,0,True
clip_vit_b_32,clip_vit_b_32_linear_head,d32_down,3994,3994,4,0.9777752757072449,4,4,True
clip_vit_b_32,clip_vit_b_32_linear_head,d32_down,3996,3996,9,0.9961354732513428,9,9,True
clip_vit_b_32,clip_vit_b_32_linear_head,d32_down,4011,4011,6,0.9529165029525757,6,6,True
clip_vit_b_32,clip_vit_b_32_linear_head,d32_down,4023,4023,3,0.9577742218971252,3,3,True
clip_vit_b_32,clip_vit_b_32_linear_head,d32_down,4054,4054,4,0.9911965727806091,4,4,True
clip_vit_b_32,clip_vit_b_32_linear_head,d32_down,4065,4065,2,0.9808233976364136,2,2,True
clip_vit_b_32,clip_vit_b_32_linear_head,d32_down,4069,4069,8,0.9720876216888428,8,8,True
clip_vit_b_32,clip_vit_b_32_linear_head,d32_down,4093,4093,6,0.9478142857551575,6,6,True
clip_vit_b_32,clip_vit_b_32_linear_head,d32_down,4094,4094,9,0.9828803539276123,9,9,True
clip_vit_b_32,clip_vit_b_32_linear_head,d32_down,4106,4106,5,0.9793592691421509,5,5,True
clip_vit_b_32,clip_vit_b_32_linear_head,d32_down,4130,4130,0,0.9801727533340454,0,0,True
clip_vit_b_32,clip_vit_b_32_linear_head,d32_down,4168,4168,3,0.9877983331680298,3,3,True
clip_vit_b_32,clip_vit_b_32_linear_head,d32_down,4170,4170,8,0.9753850698471069,8,8,True
clip_vit_b_32,clip_vit_b_32_linear_head,d32_down,4172,4172,7,0.9740716814994812,7,7,True
clip_vit_b_32,clip_vit_b_32_linear_head,d32_down,4177,4177,8,0.9904884099960327,8,8,True
clip_vit_b_32,clip_vit_b_32_linear_head,d32_down,4215,4215,3,0.9427427053451538,3,3,True
clip_vit_b_32,clip_vit_b_32_linear_head,d32_down,4229,4229,3,0.9902586340904236,3,3,True
clip_vit_b_32,clip_vit_b_32_linear_head,d32_down,4236,4236,7,0.9924432635307312,7,7,True
clip_vit_b_32,clip_vit_b_32_linear_head,d32_down,4242,4242,8,0.9580073356628418,8,8,True
clip_vit_b_32,clip_vit_b_32_linear_head,d32_down,4254,4254,6,0.9965587854385376,6,6,True
clip_vit_b_32,clip_vit_b_32_linear_head,d32_down,4290,4290,5,0.9600379467010498,4,4,True
clip_vit_b_32,clip_vit_b_32_linear_head,d32_down,4298,4298,1,0.9753511548042297,1,1,True
clip_vit_b_32,clip_vit_b_32_linear_head,d32_down,4308,4308,7,0.9550723433494568,7,7,True
clip_vit_b_32,clip_vit_b_32_linear_head,d32_down,4311,4311,8,0.9751490950584412,8,8,True
clip_vit_b_32,clip_vit_b_32_linear_head,d32_down,4323,4323,3,0.9792302846908569,3,3,True
clip_vit_b_32,clip_vit_b_32_linear_head,d32_down,4330,4330,3,0.9949323534965515,3,3,True
clip_vit_b_32,clip_vit_b_32_linear_head,d32_down,4341,4341,6,0.9803771376609802,6,6,True
clip_vit_b_32,clip_vit_b_32_linear_head,d32_down,4355,4355,8,0.9823485612869263,8,8,True
clip_vit_b_32,clip_vit_b_32_linear_head,d32_down,4399,4399,0,0.9864345788955688,0,0,True
clip_vit_b_32,clip_vit_b_32_linear_head,d32_down,4403,4403,7,0.9881055355072021,7,7,True
clip_vit_b_32,clip_vit_b_32_linear_head,d32_down,4411,4411,6,0.9388146996498108,6,6,True
clip_vit_b_32,clip_vit_b_32_linear_head,d32_down,4449,4449,9,0.9669665694236755,9,9,True
clip_vit_b_32,clip_vit_b_32_linear_head,d32_down,4463,4463,3,0.9580520391464233,3,3,True
clip_vit_b_32,clip_vit_b_32_linear_head,d32_down,4531,4531,3,0.9829784631729126,3,3,True
clip_vit_b_32,clip_vit_b_32_linear_head,d32_down,4539,4539,0,0.9885655641555786,0,0,True
clip_vit_b_32,clip_vit_b_32_linear_head,d32_down,4547,4547,5,0.9788997769355774,5,5,True
clip_vit_b_32,clip_vit_b_32_linear_head,d32_down,4552,4552,8,0.950793445110321,8,8,True
clip_vit_b_32,clip_vit_b_32_linear_head,d32_down,4570,4570,5,0.9743262529373169,5,5,True
clip_vit_b_32,clip_vit_b_32_linear_head,d32_down,4590,4590,3,0.9882723093032837,3,3,True
clip_vit_b_32,clip_vit_b_32_linear_head,d32_down,4609,4609,3,0.9736084938049316,3,3,True
clip_vit_b_32,clip_vit_b_32_linear_head,d32_down,4615,4615,0,0.9875626564025879,0,0,True
clip_vit_b_32,clip_vit_b_32_linear_head,d32_down,4617,4617,0,0.9975988864898682,0,0,True
clip_vit_b_32,clip_vit_b_32_linear_head,d32_down,4620,4620,6,0.9763122797012329,6,6,True
clip_vit_b_32,clip_vit_b_32_linear_head,d32_down,4629,4629,4,0.9857444763183594,4,4,True
clip_vit_b_32,clip_vit_b_32_linear_head,d32_down,4640,4640,1,0.9657372832298279,1,1,True
clip_vit_b_32,clip_vit_b_32_linear_head,d32_down,4642,4642,4,0.9925894737243652,4,4,True
clip_vit_b_32,clip_vit_b_32_linear_head,d32_down,4661,4661,7,0.9889349937438965,7,7,True
clip_vit_b_32,clip_vit_b_32_linear_head,d32_down,4662,4662,8,0.995846152305603,8,8,True
clip_vit_b_32,clip_vit_b_32_linear_head,d32_down,4675,4675,0,0.9507632255554199,0,0,True
clip_vit_b_32,clip_vit_b_32_linear_head,d32_down,4676,4676,8,0.970562219619751,8,8,True
clip_vit_b_32,clip_vit_b_32_linear_head,d32_down,4704,4704,7,0.9799634218215942,7,7,True
clip_vit_b_32,clip_vit_b_32_linear_head,d32_down,4723,4723,9,0.960610568523407,9,9,True
clip_vit_b_32,clip_vit_b_32_linear_head,d32_down,4731,4731,6,0.9833486080169678,6,6,True
clip_vit_b_32,clip_vit_b_32_linear_head,d32_down,4735,4735,2,0.9802274703979492,2,2,True
clip_vit_b_32,clip_vit_b_32_linear_head,d32_down,4740,4740,4,0.9759237170219421,4,4,True
clip_vit_b_32,clip_vit_b_32_linear_head,d32_down,4746,4746,6,0.9783159494400024,6,6,True
clip_vit_b_32,clip_vit_b_32_linear_head,d32_down,4748,4748,7,0.9907249808311462,7,7,True
clip_vit_b_32,clip_vit_b_32_linear_head,d32_down,4754,4754,6,0.9671504497528076,6,6,True
clip_vit_b_32,clip_vit_b_32_linear_head,d32_down,4785,4785,0,0.9819154739379883,0,0,True
clip_vit_b_32,clip_vit_b_32_linear_head,d32_down,4791,4791,7,0.9748377203941345,7,7,True
clip_vit_b_32,clip_vit_b_32_linear_head,d32_down,4819,4819,0,0.9943919777870178,0,0,True
clip_vit_b_32,clip_vit_b_32_linear_head,d32_down,4821,4821,3,0.9555312991142273,3,3,True
clip_vit_b_32,clip_vit_b_32_linear_head,d32_down,4827,4827,6,0.995107114315033,6,6,True
clip_vit_b_32,clip_vit_b_32_linear_head,d32_down,4850,4850,5,0.9877601861953735,5,5,True
clip_vit_b_32,clip_vit_b_32_linear_head,d32_down,4881,4881,3,0.9820332527160645,3,3,True
clip_vit_b_32,clip_vit_b_32_linear_head,d32_down,4893,4893,0,0.9973384737968445,0,0,True
clip_vit_b_32,clip_vit_b_32_linear_head,d32_down,4908,4908,3,0.9868602752685547,3,3,True
clip_vit_b_32,clip_vit_b_32_linear_head,d32_down,4913,4913,2,0.9809861183166504,2,2,True
clip_vit_b_32,clip_vit_b_32_linear_head,d32_down,4921,4921,2,0.981533408164978,2,2,True
clip_vit_b_32,clip_vit_b_32_linear_head,d32_down,4953,4953,5,0.9608349800109863,5,5,True
clip_vit_b_32,clip_vit_b_32_linear_head,d32_down,4966,4966,5,0.9876592755317688,5,5,True
clip_vit_b_32,clip_vit_b_32_linear_head,d32_down,4990,4990,8,0.9823510050773621,8,8,True
clip_vit_b_32,clip_vit_b_32_linear_head,d32_down,5000,5000,8,0.9929509162902832,8,8,True
clip_vit_b_32,clip_vit_b_32_linear_head,d32_down,5030,5030,2,0.9845001697540283,2,2,True
clip_vit_b_32,clip_vit_b_32_linear_head,d32_down,5062,5062,4,0.9864906668663025,4,4,True
clip_vit_b_32,clip_vit_b_32_linear_head,d32_down,5077,5077,4,0.9936127662658691,4,4,True
clip_vit_b_32,clip_vit_b_32_linear_head,d32_down,5082,5082,6,0.9861397743225098,6,6,True
clip_vit_b_32,clip_vit_b_32_linear_head,d32_down,5092,5092,1,0.9626694917678833,1,1,True
clip_vit_b_32,clip_vit_b_32_linear_head,d32_down,5101,5101,5,0.9741461277008057,5,5,True
clip_vit_b_32,clip_vit_b_32_linear_head,d32_down,5117,5117,0,0.9858303666114807,0,0,True
clip_vit_b_32,clip_vit_b_32_linear_head,d32_down,5123,5123,1,0.9528499245643616,1,1,True
clip_vit_b_32,clip_vit_b_32_linear_head,d32_down,5135,5135,4,0.979132890701294,4,4,True
clip_vit_b_32,clip_vit_b_32_linear_head,d32_down,5183,5183,2,0.9895234107971191,2,2,True
clip_vit_b_32,clip_vit_b_32_linear_head,d32_down,5213,5213,4,0.9932267665863037,4,4,True
clip_vit_b_32,clip_vit_b_32_linear_head,d32_down,5218,5218,2,0.9946999549865723,2,2,True
clip_vit_b_32,clip_vit_b_32_linear_head,d32_down,5220,5220,1,0.9713295102119446,7,7,True
clip_vit_b_32,clip_vit_b_32_linear_head,d32_down,5237,5237,2,0.9454970955848694,2,2,True
clip_vit_b_32,clip_vit_b_32_linear_head,d32_down,5256,5256,1,0.9675800800323486,1,1,True
clip_vit_b_32,clip_vit_b_32_linear_head,d32_down,5284,5284,9,0.9772529006004333,9,9,True
clip_vit_b_32,clip_vit_b_32_linear_head,d32_down,5301,5301,9,0.9317184686660767,9,9,True
clip_vit_b_32,clip_vit_b_32_linear_head,d32_down,5318,5318,2,0.9762566685676575,2,2,True
clip_vit_b_32,clip_vit_b_32_linear_head,d32_down,5332,5332,5,0.9853651523590088,5,5,True
clip_vit_b_32,clip_vit_b_32_linear_head,d32_down,5333,5333,2,0.9619424343109131,2,2,True
clip_vit_b_32,clip_vit_b_32_linear_head,d32_down,5360,5360,9,0.9846364855766296,9,9,True
clip_vit_b_32,clip_vit_b_32_linear_head,d32_down,5381,5381,5,0.9624975919723511,5,5,True
clip_vit_b_32,clip_vit_b_32_linear_head,d32_down,5382,5382,6,0.9815827012062073,6,6,True
clip_vit_b_32,clip_vit_b_32_linear_head,d32_down,5395,5395,2,0.9805682897567749,2,2,True
clip_vit_b_32,clip_vit_b_32_linear_head,d32_down,5402,5402,4,0.9938974380493164,4,4,True
clip_vit_b_32,clip_vit_b_32_linear_head,d32_down,5408,5408,6,0.9893048405647278,6,6,True
clip_vit_b_32,clip_vit_b_32_linear_head,d32_down,5436,5436,7,0.9637649655342102,7,7,True
clip_vit_b_32,clip_vit_b_32_linear_head,d32_down,5447,5447,9,0.9895005822181702,9,9,True
clip_vit_b_32,clip_vit_b_32_linear_head,d32_down,5450,5450,7,0.9707190990447998,7,7,True
clip_vit_b_32,clip_vit_b_32_linear_head,d32_down,5451,5451,8,0.9706798791885376,8,8,True
clip_vit_b_32,clip_vit_b_32_linear_head,d32_down,5452,5452,9,0.949512243270874,9,9,True
clip_vit_b_32,clip_vit_b_32_linear_head,d32_down,5467,5467,4,0.983420193195343,4,4,True
clip_vit_b_32,clip_vit_b_32_linear_head,d32_down,5478,5478,0,0.9941957592964172,0,0,True
clip_vit_b_32,clip_vit_b_32_linear_head,d32_down,5488,5488,1,0.991259753704071,1,7,False
clip_vit_b_32,clip_vit_b_32_linear_head,d32_down,5496,5496,5,0.983555793762207,5,5,True
clip_vit_b_32,clip_vit_b_32_linear_head,d32_down,5508,5508,9,0.9836317896842957,9,9,True
clip_vit_b_32,clip_vit_b_32_linear_head,d32_down,5512,5512,2,0.9632105827331543,9,9,True
clip_vit_b_32,clip_vit_b_32_linear_head,d32_down,5525,5525,8,0.9798412919044495,8,8,True
clip_vit_b_32,clip_vit_b_32_linear_head,d32_down,5528,5528,3,0.9845640659332275,3,3,True
clip_vit_b_32,clip_vit_b_32_linear_head,d32_down,5556,5556,4,0.9687842726707458,4,4,True
clip_vit_b_32,clip_vit_b_32_linear_head,d32_down,5560,5560,1,0.9755911827087402,1,1,True
clip_vit_b_32,clip_vit_b_32_linear_head,d32_down,5572,5572,9,0.9816535711288452,9,9,True
clip_vit_b_32,clip_vit_b_32_linear_head,d32_down,5580,5580,6,0.988998532295227,6,6,True
clip_vit_b_32,clip_vit_b_32_linear_head,d32_down,5590,5590,9,0.9902201294898987,9,9,True
clip_vit_b_32,clip_vit_b_32_linear_head,d32_down,5623,5623,4,0.9919300079345703,4,4,True
clip_vit_b_32,clip_vit_b_32_linear_head,d32_down,5677,5677,2,0.9813699126243591,2,2,True
clip_vit_b_32,clip_vit_b_32_linear_head,d32_down,5694,5694,8,0.952433705329895,8,8,True
clip_vit_b_32,clip_vit_b_32_linear_head,d32_down,5701,5701,5,0.9841165542602539,5,5,True
clip_vit_b_32,clip_vit_b_32_linear_head,d32_down,5705,5705,8,0.9787592887878418,8,8,True
clip_vit_b_32,clip_vit_b_32_linear_head,d32_down,5719,5719,7,0.959838330745697,7,7,True
clip_vit_b_32,clip_vit_b_32_linear_head,d32_down,5729,5729,6,0.9655422568321228,6,6,True
clip_vit_b_32,clip_vit_b_32_linear_head,d32_down,5756,5756,2,0.9905068874359131,2,2,True
clip_vit_b_32,clip_vit_b_32_linear_head,d32_down,5788,5788,9,0.981956422328949,9,9,True
clip_vit_b_32,clip_vit_b_32_linear_head,d32_down,5789,5789,4,0.9867875576019287,4,4,True
clip_vit_b_32,clip_vit_b_32_linear_head,d32_down,5824,5824,2,0.9718079566955566,2,2,True
clip_vit_b_32,clip_vit_b_32_linear_head,d32_down,5848,5848,7,0.9759446382522583,7,7,True
clip_vit_b_32,clip_vit_b_32_linear_head,d32_down,5851,5851,9,0.9956613183021545,9,9,True
clip_vit_b_32,clip_vit_b_32_linear_head,d32_down,5857,5857,6,0.9251447916030884,6,6,True
clip_vit_b_32,clip_vit_b_32_linear_head,d32_down,5858,5858,6,0.9447449445724487,6,6,True
clip_vit_b_32,clip_vit_b_32_linear_head,d32_down,5912,5912,0,0.9774802923202515,0,0,True
clip_vit_b_32,clip_vit_b_32_linear_head,d32_down,5915,5915,9,0.9521482586860657,9,9,True
clip_vit_b_32,clip_vit_b_32_linear_head,d32_down,5918,5918,0,0.9686098098754883,0,0,True
clip_vit_b_32,clip_vit_b_32_linear_head,d32_down,5924,5924,5,0.9737874269485474,5,5,True
clip_vit_b_32,clip_vit_b_32_linear_head,d32_down,5977,5977,7,0.978847861289978,7,7,True
clip_vit_b_32,clip_vit_b_32_linear_head,d32_down,5981,5981,9,0.9581789970397949,9,9,True
clip_vit_b_32,clip_vit_b_32_linear_head,d32_down,5999,5999,0,0.9769970178604126,0,0,True
clip_vit_b_32,clip_vit_b_32_linear_head,d32_down,6028,6028,2,0.9609655141830444,2,2,True
clip_vit_b_32,clip_vit_b_32_linear_head,d32_down,6033,6033,4,0.9719541072845459,4,4,True
clip_vit_b_32,clip_vit_b_32_linear_head,d32_down,6076,6076,1,0.9605193138122559,1,1,True
clip_vit_b_32,clip_vit_b_32_linear_head,d32_down,6084,6084,7,0.9899765849113464,7,7,True
clip_vit_b_32,clip_vit_b_32_linear_head,d32_down,6097,6097,4,0.988670825958252,4,4,True
clip_vit_b_32,clip_vit_b_32_linear_head,d32_down,6169,6169,1,0.9624247550964355,1,1,True
clip_vit_b_32,clip_vit_b_32_linear_head,d32_down,6190,6190,7,0.9550914168357849,7,7,True
clip_vit_b_32,clip_vit_b_32_linear_head,d32_down,6224,6224,5,0.9723083972930908,5,5,True
clip_vit_b_32,clip_vit_b_32_linear_head,d32_down,6244,6244,2,0.9635404348373413,2,2,True
clip_vit_b_32,clip_vit_b_32_linear_head,d32_down,6264,6264,2,0.9856330156326294,2,2,True
clip_vit_b_32,clip_vit_b_32_linear_head,d32_down,6271,6271,2,0.9692602157592773,2,2,True
clip_vit_b_32,clip_vit_b_32_linear_head,d32_down,6288,6288,4,0.956678032875061,4,4,True
clip_vit_b_32,clip_vit_b_32_linear_head,d32_down,6332,6332,2,0.9734418392181396,2,2,True
clip_vit_b_32,clip_vit_b_32_linear_head,d32_down,6349,6349,1,0.987360417842865,1,1,True
clip_vit_b_32,clip_vit_b_32_linear_head,d32_down,6354,6354,2,0.9691578149795532,2,2,True
clip_vit_b_32,clip_vit_b_32_linear_head,d32_down,6358,6358,5,0.9940578937530518,5,5,True
clip_vit_b_32,clip_vit_b_32_linear_head,d32_down,6381,6381,6,0.9883284568786621,6,6,True
clip_vit_b_32,clip_vit_b_32_linear_head,d32_down,6414,6414,5,0.9713031649589539,5,5,True
clip_vit_b_32,clip_vit_b_32_linear_head,d32_down,6426,6426,2,0.9871647357940674,2,2,True
clip_vit_b_32,clip_vit_b_32_linear_head,d32_down,6434,6434,8,0.9796267747879028,8,8,True
clip_vit_b_32,clip_vit_b_32_linear_head,d32_down,6437,6437,0,0.9866057634353638,0,0,True
clip_vit_b_32,clip_vit_b_32_linear_head,d32_down,6455,6455,0,0.9471349716186523,0,0,True
clip_vit_b_32,clip_vit_b_32_linear_head,d32_down,6490,6490,3,0.9843512177467346,3,3,True
clip_vit_b_32,clip_vit_b_32_linear_head,d32_down,6503,6503,2,0.9751887917518616,2,2,True
clip_vit_b_32,clip_vit_b_32_linear_head,d32_down,6508,6508,4,0.9920651912689209,4,4,True
clip_vit_b_32,clip_vit_b_32_linear_head,d32_down,6528,6528,4,0.9621950387954712,4,4,True
clip_vit_b_32,clip_vit_b_32_linear_head,d32_down,6594,6594,1,0.9674321413040161,1,1,True
clip_vit_b_32,clip_vit_b_32_linear_head,d32_down,6609,6609,0,0.983557939529419,0,0,True
clip_vit_b_32,clip_vit_b_32_linear_head,d32_down,6616,6616,2,0.9552077054977417,2,2,True
clip_vit_b_32,clip_vit_b_32_linear_head,d32_down,6650,6650,7,0.9924135804176331,7,7,True
clip_vit_b_32,clip_vit_b_32_linear_head,d32_down,6689,6689,8,0.9719281792640686,8,8,True
clip_vit_b_32,clip_vit_b_32_linear_head,d32_down,6692,6692,2,0.9786738157272339,2,2,True
clip_vit_b_32,clip_vit_b_32_linear_head,d32_down,6713,6713,6,0.9702242016792297,6,6,True
clip_vit_b_32,clip_vit_b_32_linear_head,d32_down,6716,6716,5,0.9604882597923279,5,5,True
clip_vit_b_32,clip_vit_b_32_linear_head,d32_down,6726,6726,7,0.9653365015983582,7,7,True
clip_vit_b_32,clip_vit_b_32_linear_head,d32_down,6733,6733,1,0.9942863583564758,1,1,True
clip_vit_b_32,clip_vit_b_32_linear_head,d32_down,6772,6772,7,0.9604701995849609,7,7,True
clip_vit_b_32,clip_vit_b_32_linear_head,d32_down,6805,6805,1,0.9790636301040649,1,1,True
clip_vit_b_32,clip_vit_b_32_linear_head,d32_down,6836,6836,1,0.9908510446548462,1,1,True
clip_vit_b_32,clip_vit_b_32_linear_head,d32_down,6844,6844,0,0.9971499443054199,0,0,True
clip_vit_b_32,clip_vit_b_32_linear_head,d32_down,6922,6922,5,0.9346792697906494,5,5,True
clip_vit_b_32,clip_vit_b_32_linear_head,d32_down,6931,6931,9,0.971662163734436,9,9,True
clip_vit_b_32,clip_vit_b_32_linear_head,d32_down,6938,6938,1,0.9885916113853455,1,1,True
clip_vit_b_32,clip_vit_b_32_linear_head,d32_down,6952,6952,3,0.9851675033569336,3,3,True
clip_vit_b_32,clip_vit_b_32_linear_head,d32_down,6954,6954,1,0.9466458559036255,1,1,True
clip_vit_b_32,clip_vit_b_32_linear_head,d32_down,6986,6986,0,0.9734956622123718,0,0,True
clip_vit_b_32,clip_vit_b_32_linear_head,d32_down,6989,6989,5,0.9471842050552368,5,5,True
clip_vit_b_32,clip_vit_b_32_linear_head,d32_down,7009,7009,0,0.9623621702194214,0,0,True
clip_vit_b_32,clip_vit_b_32_linear_head,d32_down,7029,7029,1,0.9647836089134216,1,1,True
clip_vit_b_32,clip_vit_b_32_linear_head,d32_down,7033,7033,1,0.9867994785308838,1,1,True
clip_vit_b_32,clip_vit_b_32_linear_head,d32_down,7041,7041,5,0.9563335180282593,5,5,True
clip_vit_b_32,clip_vit_b_32_linear_head,d32_down,7047,7047,9,0.9711974859237671,9,9,True
clip_vit_b_32,clip_vit_b_32_linear_head,d32_down,7081,7081,7,0.9912693500518799,7,7,True
clip_vit_b_32,clip_vit_b_32_linear_head,d32_down,7084,7084,2,0.9911279082298279,2,2,True
clip_vit_b_32,clip_vit_b_32_linear_head,d32_down,7108,7108,6,0.9878052473068237,6,6,True
clip_vit_b_32,clip_vit_b_32_linear_head,d32_down,7130,7130,5,0.9894442558288574,5,5,True
clip_vit_b_32,clip_vit_b_32_linear_head,d32_down,7138,7138,8,0.9578472375869751,8,8,True
clip_vit_b_32,clip_vit_b_32_linear_head,d32_down,7150,7150,0,0.9974138140678406,0,0,True
clip_vit_b_32,clip_vit_b_32_linear_head,d32_down,7202,7202,1,0.9868797659873962,1,1,True
clip_vit_b_32,clip_vit_b_32_linear_head,d32_down,7262,7262,0,0.9917066097259521,0,0,True
clip_vit_b_32,clip_vit_b_32_linear_head,d32_down,7266,7266,9,0.9471776485443115,9,9,True
clip_vit_b_32,clip_vit_b_32_linear_head,d32_down,7270,7270,7,0.9771361351013184,7,7,True
clip_vit_b_32,clip_vit_b_32_linear_head,d32_down,7309,7309,0,0.9573112726211548,0,0,True
clip_vit_b_32,clip_vit_b_32_linear_head,d32_down,7320,7320,0,0.975570559501648,0,0,True
clip_vit_b_32,clip_vit_b_32_linear_head,d32_down,7338,7338,6,0.9796707630157471,6,6,True
clip_vit_b_32,clip_vit_b_32_linear_head,d32_down,7372,7372,0,0.9886235594749451,0,0,True
clip_vit_b_32,clip_vit_b_32_linear_head,d32_down,7373,7373,0,0.9727931618690491,0,0,True
clip_vit_b_32,clip_vit_b_32_linear_head,d32_down,7380,7380,9,0.9569491147994995,9,9,True
clip_vit_b_32,clip_vit_b_32_linear_head,d32_down,7390,7390,1,0.975810706615448,1,1,True
clip_vit_b_32,clip_vit_b_32_linear_head,d32_down,7413,7413,5,0.9861797094345093,3,3,True
clip_vit_b_32,clip_vit_b_32_linear_head,d32_down,7416,7416,3,0.9844392538070679,3,3,True
clip_vit_b_32,clip_vit_b_32_linear_head,d32_down,7425,7425,2,0.9916584491729736,2,2,True
clip_vit_b_32,clip_vit_b_32_linear_head,d32_down,7446,7446,8,0.9656671285629272,8,8,True
clip_vit_b_32,clip_vit_b_32_linear_head,d32_down,7460,7460,8,0.9725579619407654,8,8,True
clip_vit_b_32,clip_vit_b_32_linear_head,d32_down,7465,7465,0,0.9788517951965332,0,0,True
clip_vit_b_32,clip_vit_b_32_linear_head,d32_down,7474,7474,5,0.9825500249862671,5,5,True
clip_vit_b_32,clip_vit_b_32_linear_head,d32_down,7475,7475,4,0.973931610584259,4,4,True
clip_vit_b_32,clip_vit_b_32_linear_head,d32_down,7476,7476,8,0.9788792133331299,8,8,True
clip_vit_b_32,clip_vit_b_32_linear_head,d32_down,7544,7544,9,0.9768258929252625,9,9,True
clip_vit_b_32,clip_vit_b_32_linear_head,d32_down,7555,7555,6,0.984302818775177,6,6,True
clip_vit_b_32,clip_vit_b_32_linear_head,d32_down,7600,7600,6,0.9819395542144775,6,6,True
clip_vit_b_32,clip_vit_b_32_linear_head,d32_down,7610,7610,4,0.9788541197776794,4,4,True
clip_vit_b_32,clip_vit_b_32_linear_head,d32_down,7634,7634,0,0.9952448606491089,0,0,True
clip_vit_b_32,clip_vit_b_32_linear_head,d32_down,7692,7692,4,0.9840341806411743,4,4,True
clip_vit_b_32,clip_vit_b_32_linear_head,d32_down,7706,7706,5,0.988455593585968,5,5,True
clip_vit_b_32,clip_vit_b_32_linear_head,d32_down,7726,7726,6,0.9874971508979797,6,6,True
clip_vit_b_32,clip_vit_b_32_linear_head,d32_down,7744,7744,3,0.9771663546562195,3,3,True
clip_vit_b_32,clip_vit_b_32_linear_head,d32_down,7752,7752,9,0.9745503067970276,9,9,True
clip_vit_b_32,clip_vit_b_32_linear_head,d32_down,7776,7776,5,0.9384469389915466,5,5,True
clip_vit_b_32,clip_vit_b_32_linear_head,d32_down,7779,7779,6,0.9813477993011475,6,6,True
clip_vit_b_32,clip_vit_b_32_linear_head,d32_down,7781,7781,6,0.9923438429832458,6,6,True
clip_vit_b_32,clip_vit_b_32_linear_head,d32_down,7793,7793,3,0.9838740229606628,3,3,True
clip_vit_b_32,clip_vit_b_32_linear_head,d32_down,7797,7797,3,0.9720133543014526,3,3,True
clip_vit_b_32,clip_vit_b_32_linear_head,d32_down,7810,7810,8,0.9825503826141357,8,8,True
clip_vit_b_32,clip_vit_b_32_linear_head,d32_down,7818,7818,8,0.9782907366752625,8,8,True
clip_vit_b_32,clip_vit_b_32_linear_head,d32_down,7835,7835,7,0.9836787581443787,7,7,True
clip_vit_b_32,clip_vit_b_32_linear_head,d32_down,7864,7864,4,0.9921468496322632,4,4,True
clip_vit_b_32,clip_vit_b_32_linear_head,d32_down,7875,7875,8,0.9695323705673218,8,8,True
clip_vit_b_32,clip_vit_b_32_linear_head,d32_down,7938,7938,9,0.965562641620636,9,9,True
clip_vit_b_32,clip_vit_b_32_linear_head,d32_down,7940,7940,4,0.9801070094108582,4,4,True
clip_vit_b_32,clip_vit_b_32_linear_head,d32_down,7944,7944,4,0.9973540902137756,4,4,True
clip_vit_b_32,clip_vit_b_32_linear_head,d32_down,7955,7955,1,0.989378809928894,1,1,True
clip_vit_b_32,clip_vit_b_32_linear_head,d32_down,7995,7995,9,0.9854183197021484,9,9,True
clip_vit_b_32,clip_vit_b_32_linear_head,d32_down,7996,7996,6,0.9736555814743042,6,6,True
clip_vit_b_32,clip_vit_b_32_linear_head,d32_down,7999,7999,8,0.967190682888031,8,8,True
clip_vit_b_32,clip_vit_b_32_linear_head,d32_left,3,3,0,0.9693596363067627,0,0,True
clip_vit_b_32,clip_vit_b_32_linear_head,d32_left,29,29,7,0.975159764289856,7,7,True
clip_vit_b_32,clip_vit_b_32_linear_head,d32_left,35,35,2,0.9494642615318298,2,2,True
clip_vit_b_32,clip_vit_b_32_linear_head,d32_left,42,42,0,0.9885278344154358,0,0,True
clip_vit_b_32,clip_vit_b_32_linear_head,d32_left,49,49,2,0.9740230441093445,2,2,True
clip_vit_b_32,clip_vit_b_32_linear_head,d32_left,81,81,0,0.9432682394981384,0,0,True
clip_vit_b_32,clip_vit_b_32_linear_head,d32_left,95,95,1,0.9712823629379272,1,1,True
clip_vit_b_32,clip_vit_b_32_linear_head,d32_left,97,97,5,0.9261989593505859,5,5,True
clip_vit_b_32,clip_vit_b_32_linear_head,d32_left,116,116,1,0.9512915015220642,1,1,True
clip_vit_b_32,clip_vit_b_32_linear_head,d32_left,131,131,9,0.9100521802902222,9,9,True
clip_vit_b_32,clip_vit_b_32_linear_head,d32_left,151,151,8,0.9834964275360107,8,8,True
clip_vit_b_32,clip_vit_b_32_linear_head,d32_left,171,171,4,0.9873549938201904,4,4,True
clip_vit_b_32,clip_vit_b_32_linear_head,d32_left,176,176,3,0.9750558137893677,3,3,True
clip_vit_b_32,clip_vit_b_32_linear_head,d32_left,191,191,9,0.9398927688598633,2,9,False
clip_vit_b_32,clip_vit_b_32_linear_head,d32_left,194,194,8,0.9767512679100037,8,8,True
clip_vit_b_32,clip_vit_b_32_linear_head,d32_left,198,198,1,0.9684001207351685,1,1,True
clip_vit_b_32,clip_vit_b_32_linear_head,d32_left,239,239,9,0.9035767316818237,9,9,True
clip_vit_b_32,clip_vit_b_32_linear_head,d32_left,261,261,1,0.9837164878845215,1,1,True
clip_vit_b_32,clip_vit_b_32_linear_head,d32_left,269,269,7,0.9421072006225586,7,7,True
clip_vit_b_32,clip_vit_b_32_linear_head,d32_left,276,276,9,0.8978075981140137,9,9,True
clip_vit_b_32,clip_vit_b_32_linear_head,d32_left,303,303,9,0.9809818863868713,9,9,True
clip_vit_b_32,clip_vit_b_32_linear_head,d32_left,304,304,1,0.987791121006012,1,1,True
clip_vit_b_32,clip_vit_b_32_linear_head,d32_left,317,317,2,0.9690691828727722,2,2,True
clip_vit_b_32,clip_vit_b_32_linear_head,d32_left,319,319,5,0.9684909582138062,5,5,True
clip_vit_b_32,clip_vit_b_32_linear_head,d32_left,323,323,7,0.9666507244110107,7,7,True
clip_vit_b_32,clip_vit_b_32_linear_head,d32_left,365,365,3,0.9494786858558655,3,3,True
clip_vit_b_32,clip_vit_b_32_linear_head,d32_left,370,370,7,0.9902681708335876,7,7,True
clip_vit_b_32,clip_vit_b_32_linear_head,d32_left,372,372,3,0.9591560959815979,3,3,True
clip_vit_b_32,clip_vit_b_32_linear_head,d32_left,378,378,5,0.9731901288032532,5,5,True
clip_vit_b_32,clip_vit_b_32_linear_head,d32_left,391,391,3,0.9698989391326904,3,3,True
clip_vit_b_32,clip_vit_b_32_linear_head,d32_left,409,409,2,0.9621461629867554,2,2,True
clip_vit_b_32,clip_vit_b_32_linear_head,d32_left,419,419,9,0.9303044676780701,9,9,True
clip_vit_b_32,clip_vit_b_32_linear_head,d32_left,449,449,6,0.9700835943222046,6,6,True
clip_vit_b_32,clip_vit_b_32_linear_head,d32_left,470,470,2,0.9506800174713135,2,2,True
clip_vit_b_32,clip_vit_b_32_linear_head,d32_left,483,483,2,0.9666649103164673,2,2,True
clip_vit_b_32,clip_vit_b_32_linear_head,d32_left,484,484,0,0.9812808632850647,0,0,True
clip_vit_b_32,clip_vit_b_32_linear_head,d32_left,506,506,4,0.9915399551391602,4,4,True
clip_vit_b_32,clip_vit_b_32_linear_head,d32_left,545,545,6,0.9334404468536377,6,6,True
clip_vit_b_32,clip_vit_b_32_linear_head,d32_left,562,562,0,0.9676423668861389,0,0,True
clip_vit_b_32,clip_vit_b_32_linear_head,d32_left,568,568,5,0.9597301483154297,5,3,False
clip_vit_b_32,clip_vit_b_32_linear_head,d32_left,603,603,9,0.9509868025779724,9,9,True
clip_vit_b_32,clip_vit_b_32_linear_head,d32_left,632,632,3,0.9696805477142334,3,3,True
clip_vit_b_32,clip_vit_b_32_linear_head,d32_left,645,645,5,0.965333104133606,5,5,True
clip_vit_b_32,clip_vit_b_32_linear_head,d32_left,667,667,8,0.9889797568321228,8,8,True
clip_vit_b_32,clip_vit_b_32_linear_head,d32_left,672,672,3,0.9462750554084778,3,3,True
clip_vit_b_32,clip_vit_b_32_linear_head,d32_left,677,677,3,0.9503185153007507,3,3,True
clip_vit_b_32,clip_vit_b_32_linear_head,d32_left,685,685,5,0.939997136592865,5,5,True
clip_vit_b_32,clip_vit_b_32_linear_head,d32_left,691,691,4,0.9629542827606201,4,4,True
clip_vit_b_32,clip_vit_b_32_linear_head,d32_left,706,706,8,0.9455382823944092,8,8,True
clip_vit_b_32,clip_vit_b_32_linear_head,d32_left,714,714,2,0.9551445245742798,2,2,True
clip_vit_b_32,clip_vit_b_32_linear_head,d32_left,716,716,8,0.9945584535598755,8,8,True
clip_vit_b_32,clip_vit_b_32_linear_head,d32_left,738,738,3,0.925197184085846,3,3,True
clip_vit_b_32,clip_vit_b_32_linear_head,d32_left,739,739,8,0.9903771281242371,8,8,True
clip_vit_b_32,clip_vit_b_32_linear_head,d32_left,766,766,4,0.9787824153900146,6,6,True
clip_vit_b_32,clip_vit_b_32_linear_head,d32_left,791,791,3,0.9899213314056396,3,3,True
clip_vit_b_32,clip_vit_b_32_linear_head,d32_left,805,805,9,0.9917951822280884,9,9,True
clip_vit_b_32,clip_vit_b_32_linear_head,d32_left,825,825,1,0.9965819120407104,1,1,True
clip_vit_b_32,clip_vit_b_32_linear_head,d32_left,852,852,9,0.9660041928291321,9,9,True
clip_vit_b_32,clip_vit_b_32_linear_head,d32_left,855,855,4,0.9435530304908752,4,4,True
clip_vit_b_32,clip_vit_b_32_linear_head,d32_left,873,873,6,0.9574347734451294,6,4,False
clip_vit_b_32,clip_vit_b_32_linear_head,d32_left,890,890,6,0.9523786306381226,6,6,True
clip_vit_b_32,clip_vit_b_32_linear_head,d32_left,920,920,6,0.9615170359611511,6,6,True
clip_vit_b_32,clip_vit_b_32_linear_head,d32_left,929,929,6,0.9551990032196045,6,6,True
clip_vit_b_32,clip_vit_b_32_linear_head,d32_left,962,962,8,0.9829405546188354,8,8,True
clip_vit_b_32,clip_vit_b_32_linear_head,d32_left,964,964,6,0.9538474678993225,6,6,True
clip_vit_b_32,clip_vit_b_32_linear_head,d32_left,977,977,6,0.9821997284889221,6,6,True
clip_vit_b_32,clip_vit_b_32_linear_head,d32_left,979,979,3,0.9874948263168335,3,3,True
clip_vit_b_32,clip_vit_b_32_linear_head,d32_left,981,981,2,0.9636421203613281,2,2,True
clip_vit_b_32,clip_vit_b_32_linear_head,d32_left,1022,1022,9,0.8930575847625732,9,9,True
clip_vit_b_32,clip_vit_b_32_linear_head,d32_left,1032,1032,7,0.9504052996635437,7,7,True
clip_vit_b_32,clip_vit_b_32_linear_head,d32_left,1048,1048,7,0.9807761907577515,7,7,True
clip_vit_b_32,clip_vit_b_32_linear_head,d32_left,1090,1090,1,0.9728507399559021,1,1,True
clip_vit_b_32,clip_vit_b_32_linear_head,d32_left,1095,1095,5,0.9533048868179321,5,5,True
clip_vit_b_32,clip_vit_b_32_linear_head,d32_left,1109,1109,1,0.9154426455497742,1,1,True
clip_vit_b_32,clip_vit_b_32_linear_head,d32_left,1111,1111,4,0.9671246409416199,4,4,True
clip_vit_b_32,clip_vit_b_32_linear_head,d32_left,1115,1115,1,0.9651092886924744,1,1,True
clip_vit_b_32,clip_vit_b_32_linear_head,d32_left,1124,1124,4,0.9862622022628784,4,4,True
clip_vit_b_32,clip_vit_b_32_linear_head,d32_left,1129,1129,8,0.9780465960502625,8,8,True
clip_vit_b_32,clip_vit_b_32_linear_head,d32_left,1175,1175,0,0.9775575995445251,0,0,True
clip_vit_b_32,clip_vit_b_32_linear_head,d32_left,1202,1202,2,0.9495134949684143,2,2,True
clip_vit_b_32,clip_vit_b_32_linear_head,d32_left,1204,1204,3,0.9593168497085571,3,3,True
clip_vit_b_32,clip_vit_b_32_linear_head,d32_left,1211,1211,4,0.9930866956710815,4,4,True
clip_vit_b_32,clip_vit_b_32_linear_head,d32_left,1220,1220,7,0.9193919897079468,7,7,True
clip_vit_b_32,clip_vit_b_32_linear_head,d32_left,1230,1230,1,0.9592829942703247,1,7,False
clip_vit_b_32,clip_vit_b_32_linear_head,d32_left,1247,1247,8,0.9788214564323425,8,8,True
clip_vit_b_32,clip_vit_b_32_linear_head,d32_left,1263,1263,3,0.9977625012397766,3,3,True
clip_vit_b_32,clip_vit_b_32_linear_head,d32_left,1266,1266,4,0.956635594367981,4,4,True
clip_vit_b_32,clip_vit_b_32_linear_head,d32_left,1287,1287,7,0.9779505729675293,7,7,True
clip_vit_b_32,clip_vit_b_32_linear_head,d32_left,1296,1296,7,0.9769116640090942,7,7,True
clip_vit_b_32,clip_vit_b_32_linear_head,d32_left,1370,1370,3,0.9761393070220947,3,3,True
clip_vit_b_32,clip_vit_b_32_linear_head,d32_left,1389,1389,0,0.9651845693588257,0,0,True
clip_vit_b_32,clip_vit_b_32_linear_head,d32_left,1401,1401,3,0.9829551577568054,3,3,True
clip_vit_b_32,clip_vit_b_32_linear_head,d32_left,1403,1403,2,0.9630416631698608,2,2,True
clip_vit_b_32,clip_vit_b_32_linear_head,d32_left,1411,1411,9,0.9929639101028442,9,9,True
clip_vit_b_32,clip_vit_b_32_linear_head,d32_left,1429,1429,4,0.9704349637031555,4,4,True
clip_vit_b_32,clip_vit_b_32_linear_head,d32_left,1430,1430,9,0.9721640348434448,9,9,True
clip_vit_b_32,clip_vit_b_32_linear_head,d32_left,1431,1431,3,0.9666111469268799,3,3,True
clip_vit_b_32,clip_vit_b_32_linear_head,d32_left,1436,1436,1,0.9605968594551086,1,1,True
clip_vit_b_32,clip_vit_b_32_linear_head,d32_left,1440,1440,7,0.9711588025093079,7,7,True
clip_vit_b_32,clip_vit_b_32_linear_head,d32_left,1468,1468,9,0.9779690504074097,9,9,True
clip_vit_b_32,clip_vit_b_32_linear_head,d32_left,1473,1473,7,0.9853988289833069,7,7,True
clip_vit_b_32,clip_vit_b_32_linear_head,d32_left,1515,1515,9,0.9447745680809021,9,9,True
clip_vit_b_32,clip_vit_b_32_linear_head,d32_left,1520,1520,2,0.9500348567962646,2,2,True
clip_vit_b_32,clip_vit_b_32_linear_head,d32_left,1531,1531,3,0.964584469795227,3,3,True
clip_vit_b_32,clip_vit_b_32_linear_head,d32_left,1534,1534,6,0.9474920034408569,6,6,True
clip_vit_b_32,clip_vit_b_32_linear_head,d32_left,1552,1552,5,0.9274349808692932,5,7,False
clip_vit_b_32,clip_vit_b_32_linear_head,d32_left,1553,1553,0,0.9416895508766174,0,0,True
clip_vit_b_32,clip_vit_b_32_linear_head,d32_left,1563,1563,3,0.9446316957473755,7,7,True
clip_vit_b_32,clip_vit_b_32_linear_head,d32_left,1568,1568,1,0.9310259819030762,1,1,True
clip_vit_b_32,clip_vit_b_32_linear_head,d32_left,1579,1579,7,0.9869451522827148,7,7,True
clip_vit_b_32,clip_vit_b_32_linear_head,d32_left,1586,1586,2,0.9517242908477783,2,2,True
clip_vit_b_32,clip_vit_b_32_linear_head,d32_left,1596,1596,0,0.990998387336731,0,0,True
clip_vit_b_32,clip_vit_b_32_linear_head,d32_left,1626,1626,5,0.9722315073013306,5,5,True
clip_vit_b_32,clip_vit_b_32_linear_head,d32_left,1640,1640,8,0.9637746214866638,8,8,True
clip_vit_b_32,clip_vit_b_32_linear_head,d32_left,1644,1644,5,0.9461263418197632,5,5,True
clip_vit_b_32,clip_vit_b_32_linear_head,d32_left,1648,1648,0,0.9213425517082214,0,0,True
clip_vit_b_32,clip_vit_b_32_linear_head,d32_left,1654,1654,9,0.9761961102485657,9,9,True
clip_vit_b_32,clip_vit_b_32_linear_head,d32_left,1667,1667,6,0.965531051158905,6,6,True
clip_vit_b_32,clip_vit_b_32_linear_head,d32_left,1703,1703,7,0.983264684677124,7,7,True
clip_vit_b_32,clip_vit_b_32_linear_head,d32_left,1711,1711,7,0.9631787538528442,7,7,True
clip_vit_b_32,clip_vit_b_32_linear_head,d32_left,1771,1771,7,0.9469017386436462,7,7,True
clip_vit_b_32,clip_vit_b_32_linear_head,d32_left,1783,1783,8,0.9804006814956665,8,8,True
clip_vit_b_32,clip_vit_b_32_linear_head,d32_left,1814,1814,2,0.9531151056289673,2,2,True
clip_vit_b_32,clip_vit_b_32_linear_head,d32_left,1833,1833,8,0.9829536080360413,8,8,True
clip_vit_b_32,clip_vit_b_32_linear_head,d32_left,1836,1836,9,0.968448281288147,9,9,True
clip_vit_b_32,clip_vit_b_32_linear_head,d32_left,1839,1839,2,0.9498503804206848,2,2,True
clip_vit_b_32,clip_vit_b_32_linear_head,d32_left,1852,1852,1,0.9970603585243225,1,1,True
clip_vit_b_32,clip_vit_b_32_linear_head,d32_left,1871,1871,1,0.9686286449432373,1,1,True
clip_vit_b_32,clip_vit_b_32_linear_head,d32_left,1877,1877,5,0.9810266494750977,5,5,True
clip_vit_b_32,clip_vit_b_32_linear_head,d32_left,1884,1884,7,0.9316478967666626,7,7,True
clip_vit_b_32,clip_vit_b_32_linear_head,d32_left,1927,1927,7,0.9291809797286987,7,7,True
clip_vit_b_32,clip_vit_b_32_linear_head,d32_left,1954,1954,8,0.9736278057098389,8,8,True
clip_vit_b_32,clip_vit_b_32_linear_head,d32_left,1956,1956,7,0.9498079419136047,7,3,False
clip_vit_b_32,clip_vit_b_32_linear_head,d32_left,1960,1960,4,0.9727681279182434,4,4,True
clip_vit_b_32,clip_vit_b_32_linear_head,d32_left,1977,1977,0,0.9490746259689331,0,0,True
clip_vit_b_32,clip_vit_b_32_linear_head,d32_left,1986,1986,1,0.978904664516449,1,1,True
clip_vit_b_32,clip_vit_b_32_linear_head,d32_left,1993,1993,1,0.9819537401199341,1,1,True
clip_vit_b_32,clip_vit_b_32_linear_head,d32_left,2003,2003,6,0.9638710021972656,6,6,True
clip_vit_b_32,clip_vit_b_32_linear_head,d32_left,2011,2011,9,0.9364302158355713,9,9,True
clip_vit_b_32,clip_vit_b_32_linear_head,d32_left,2024,2024,0,0.9881345629692078,0,0,True
clip_vit_b_32,clip_vit_b_32_linear_head,d32_left,2028,2028,3,0.9607211947441101,3,3,True
clip_vit_b_32,clip_vit_b_32_linear_head,d32_left,2062,2062,9,0.9870718121528625,9,9,True
clip_vit_b_32,clip_vit_b_32_linear_head,d32_left,2070,2070,1,0.8855330348014832,1,1,True
clip_vit_b_32,clip_vit_b_32_linear_head,d32_left,2082,2082,2,0.9645957350730896,2,2,True
clip_vit_b_32,clip_vit_b_32_linear_head,d32_left,2095,2095,1,0.9892216920852661,1,1,True
clip_vit_b_32,clip_vit_b_32_linear_head,d32_left,2109,2109,8,0.9784864187240601,8,8,True
clip_vit_b_32,clip_vit_b_32_linear_head,d32_left,2114,2114,9,0.9822221398353577,9,9,True
clip_vit_b_32,clip_vit_b_32_linear_head,d32_left,2116,2116,1,0.9837219715118408,1,1,True
clip_vit_b_32,clip_vit_b_32_linear_head,d32_left,2157,2157,1,0.9396592974662781,1,1,True
clip_vit_b_32,clip_vit_b_32_linear_head,d32_left,2167,2167,9,0.9477464556694031,9,9,True
clip_vit_b_32,clip_vit_b_32_linear_head,d32_left,2178,2178,1,0.9156584739685059,1,1,True
clip_vit_b_32,clip_vit_b_32_linear_head,d32_left,2191,2191,8,0.9833548069000244,8,8,True
clip_vit_b_32,clip_vit_b_32_linear_head,d32_left,2230,2230,8,0.9522358775138855,8,8,True
clip_vit_b_32,clip_vit_b_32_linear_head,d32_left,2242,2242,0,0.9853776693344116,0,0,True
clip_vit_b_32,clip_vit_b_32_linear_head,d32_left,2265,2265,5,0.9499675631523132,5,5,True
clip_vit_b_32,clip_vit_b_32_linear_head,d32_left,2268,2268,5,0.9393870234489441,5,5,True
clip_vit_b_32,clip_vit_b_32_linear_head,d32_left,2291,2291,3,0.9389545917510986,3,3,True
clip_vit_b_32,clip_vit_b_32_linear_head,d32_left,2334,2334,5,0.9939318895339966,5,5,True
clip_vit_b_32,clip_vit_b_32_linear_head,d32_left,2340,2340,8,0.9728447198867798,8,8,True
clip_vit_b_32,clip_vit_b_32_linear_head,d32_left,2342,2342,8,0.9714943766593933,8,8,True
clip_vit_b_32,clip_vit_b_32_linear_head,d32_left,2351,2351,9,0.9219127893447876,9,9,True
clip_vit_b_32,clip_vit_b_32_linear_head,d32_left,2391,2391,5,0.9684653282165527,5,5,True
clip_vit_b_32,clip_vit_b_32_linear_head,d32_left,2392,2392,2,0.9733179807662964,2,2,True
clip_vit_b_32,clip_vit_b_32_linear_head,d32_left,2399,2399,4,0.9654004573822021,4,4,True
clip_vit_b_32,clip_vit_b_32_linear_head,d32_left,2414,2414,9,0.9860476851463318,9,9,True
clip_vit_b_32,clip_vit_b_32_linear_head,d32_left,2427,2427,5,0.9249462485313416,5,5,True
clip_vit_b_32,clip_vit_b_32_linear_head,d32_left,2458,2458,5,0.9707633852958679,5,5,True
clip_vit_b_32,clip_vit_b_32_linear_head,d32_left,2501,2501,7,0.9942055940628052,7,7,True
clip_vit_b_32,clip_vit_b_32_linear_head,d32_left,2502,2502,2,0.9680658578872681,2,2,True
clip_vit_b_32,clip_vit_b_32_linear_head,d32_left,2536,2536,3,0.9789088368415833,3,3,True
clip_vit_b_32,clip_vit_b_32_linear_head,d32_left,2539,2539,3,0.9775267839431763,3,3,True
clip_vit_b_32,clip_vit_b_32_linear_head,d32_left,2610,2610,6,0.9387551546096802,6,6,True
clip_vit_b_32,clip_vit_b_32_linear_head,d32_left,2623,2623,5,0.9446287155151367,5,5,True
clip_vit_b_32,clip_vit_b_32_linear_head,d32_left,2655,2655,9,0.9780728220939636,9,9,True
clip_vit_b_32,clip_vit_b_32_linear_head,d32_left,2668,2668,7,0.9957131743431091,7,7,True
clip_vit_b_32,clip_vit_b_32_linear_head,d32_left,2676,2676,6,0.9078328609466553,6,6,True
clip_vit_b_32,clip_vit_b_32_linear_head,d32_left,2687,2687,1,0.9518858790397644,1,1,True
clip_vit_b_32,clip_vit_b_32_linear_head,d32_left,2690,2690,1,0.8979796171188354,1,1,True
clip_vit_b_32,clip_vit_b_32_linear_head,d32_left,2704,2704,4,0.9938632845878601,4,4,True
clip_vit_b_32,clip_vit_b_32_linear_head,d32_left,2745,2745,8,0.9812787175178528,8,8,True
clip_vit_b_32,clip_vit_b_32_linear_head,d32_left,2746,2746,7,0.9710314273834229,7,7,True
clip_vit_b_32,clip_vit_b_32_linear_head,d32_left,2750,2750,0,0.9647737145423889,0,0,True
clip_vit_b_32,clip_vit_b_32_linear_head,d32_left,2754,2754,3,0.9957561492919922,3,3,True
clip_vit_b_32,clip_vit_b_32_linear_head,d32_left,2757,2757,4,0.9678328037261963,4,4,True
clip_vit_b_32,clip_vit_b_32_linear_head,d32_left,2766,2766,5,0.9668333530426025,5,5,True
clip_vit_b_32,clip_vit_b_32_linear_head,d32_left,2807,2807,5,0.9534268379211426,5,5,True
clip_vit_b_32,clip_vit_b_32_linear_head,d32_left,2844,2844,8,0.9765878319740295,8,8,True
clip_vit_b_32,clip_vit_b_32_linear_head,d32_left,2854,2854,7,0.9950841665267944,7,7,True
clip_vit_b_32,clip_vit_b_32_linear_head,d32_left,2861,2861,3,0.9253373146057129,3,3,True
clip_vit_b_32,clip_vit_b_32_linear_head,d32_left,2888,2888,0,0.9632896184921265,0,0,True
clip_vit_b_32,clip_vit_b_32_linear_head,d32_left,2898,2898,4,0.973646879196167,4,4,True
clip_vit_b_32,clip_vit_b_32_linear_head,d32_left,2950,2950,5,0.979505717754364,5,5,True
clip_vit_b_32,clip_vit_b_32_linear_head,d32_left,2958,2958,6,0.9634858965873718,6,6,True
clip_vit_b_32,clip_vit_b_32_linear_head,d32_left,3015,3015,8,0.9926678538322449,8,8,True
clip_vit_b_32,clip_vit_b_32_linear_head,d32_left,3024,3024,2,0.9727038741111755,2,2,True
clip_vit_b_32,clip_vit_b_32_linear_head,d32_left,3025,3025,0,0.974879264831543,0,0,True
clip_vit_b_32,clip_vit_b_32_linear_head,d32_left,3034,3034,4,0.9890562295913696,4,4,True
clip_vit_b_32,clip_vit_b_32_linear_head,d32_left,3067,3067,2,0.9642243385314941,2,2,True
clip_vit_b_32,clip_vit_b_32_linear_head,d32_left,3078,3078,4,0.9840911030769348,4,4,True
clip_vit_b_32,clip_vit_b_32_linear_head,d32_left,3079,3079,1,0.9765902161598206,1,1,True
clip_vit_b_32,clip_vit_b_32_linear_head,d32_left,3083,3083,0,0.9882561564445496,0,0,True
clip_vit_b_32,clip_vit_b_32_linear_head,d32_left,3122,3122,4,0.9419181942939758,4,4,True
clip_vit_b_32,clip_vit_b_32_linear_head,d32_left,3153,3153,7,0.9851850867271423,7,7,True
clip_vit_b_32,clip_vit_b_32_linear_head,d32_left,3157,3157,8,0.9841103553771973,8,8,True
clip_vit_b_32,clip_vit_b_32_linear_head,d32_left,3163,3163,2,0.9654870629310608,2,2,True
clip_vit_b_32,clip_vit_b_32_linear_head,d32_left,3179,3179,4,0.9719551205635071,4,4,True
clip_vit_b_32,clip_vit_b_32_linear_head,d32_left,3191,3191,6,0.946578860282898,6,6,True
clip_vit_b_32,clip_vit_b_32_linear_head,d32_left,3276,3276,3,0.9249697923660278,7,7,True
clip_vit_b_32,clip_vit_b_32_linear_head,d32_left,3287,3287,4,0.9878374338150024,4,4,True
clip_vit_b_32,clip_vit_b_32_linear_head,d32_left,3288,3288,7,0.989588737487793,7,7,True
clip_vit_b_32,clip_vit_b_32_linear_head,d32_left,3292,3292,6,0.9431639313697815,6,6,True
clip_vit_b_32,clip_vit_b_32_linear_head,d32_left,3318,3318,9,0.9462438225746155,9,9,True
clip_vit_b_32,clip_vit_b_32_linear_head,d32_left,3347,3347,0,0.9855331182479858,0,0,True
clip_vit_b_32,clip_vit_b_32_linear_head,d32_left,3353,3353,5,0.9672116041183472,5,5,True
clip_vit_b_32,clip_vit_b_32_linear_head,d32_left,3362,3362,2,0.966571569442749,2,2,True
clip_vit_b_32,clip_vit_b_32_linear_head,d32_left,3365,3365,4,0.9824654459953308,4,4,True
clip_vit_b_32,clip_vit_b_32_linear_head,d32_left,3375,3375,3,0.9866567254066467,3,3,True
clip_vit_b_32,clip_vit_b_32_linear_head,d32_left,3383,3383,3,0.9435097575187683,3,3,True
clip_vit_b_32,clip_vit_b_32_linear_head,d32_left,3404,3404,7,0.9829068183898926,7,7,True
clip_vit_b_32,clip_vit_b_32_linear_head,d32_left,3412,3412,8,0.9803621172904968,8,8,True
clip_vit_b_32,clip_vit_b_32_linear_head,d32_left,3413,3413,1,0.9938596487045288,1,1,True
clip_vit_b_32,clip_vit_b_32_linear_head,d32_left,3418,3418,6,0.9620984196662903,6,6,True
clip_vit_b_32,clip_vit_b_32_linear_head,d32_left,3437,3437,0,0.9498737454414368,0,0,True
clip_vit_b_32,clip_vit_b_32_linear_head,d32_left,3446,3446,7,0.9865576028823853,7,7,True
clip_vit_b_32,clip_vit_b_32_linear_head,d32_left,3454,3454,2,0.9453474879264832,2,2,True
clip_vit_b_32,clip_vit_b_32_linear_head,d32_left,3455,3455,0,0.9822386503219604,0,0,True
clip_vit_b_32,clip_vit_b_32_linear_head,d32_left,3458,3458,4,0.9792710542678833,4,4,True
clip_vit_b_32,clip_vit_b_32_linear_head,d32_left,3467,3467,7,0.9925739765167236,7,7,True
clip_vit_b_32,clip_vit_b_32_linear_head,d32_left,3491,3491,1,0.9730784893035889,1,1,True
clip_vit_b_32,clip_vit_b_32_linear_head,d32_left,3494,3494,6,0.9783591628074646,6,6,True
clip_vit_b_32,clip_vit_b_32_linear_head,d32_left,3512,3512,4,0.9771395325660706,4,4,True
clip_vit_b_32,clip_vit_b_32_linear_head,d32_left,3515,3515,6,0.96397465467453,6,6,True
clip_vit_b_32,clip_vit_b_32_linear_head,d32_left,3542,3542,7,0.9877856373786926,7,7,True
clip_vit_b_32,clip_vit_b_32_linear_head,d32_left,3550,3550,1,0.9828675389289856,1,1,True
clip_vit_b_32,clip_vit_b_32_linear_head,d32_left,3562,3562,3,0.9661577343940735,3,3,True
clip_vit_b_32,clip_vit_b_32_linear_head,d32_left,3755,3755,2,0.9431171417236328,2,2,True
clip_vit_b_32,clip_vit_b_32_linear_head,d32_left,3763,3763,4,0.9925681352615356,4,4,True
clip_vit_b_32,clip_vit_b_32_linear_head,d32_left,3777,3777,6,0.9762375950813293,6,6,True
clip_vit_b_32,clip_vit_b_32_linear_head,d32_left,3778,3778,3,0.9566852450370789,3,3,True
clip_vit_b_32,clip_vit_b_32_linear_head,d32_left,3779,3779,6,0.970798909664154,6,6,True
clip_vit_b_32,clip_vit_b_32_linear_head,d32_left,3844,3844,6,0.9631645679473877,6,6,True
clip_vit_b_32,clip_vit_b_32_linear_head,d32_left,3851,3851,3,0.9768296480178833,3,3,True
clip_vit_b_32,clip_vit_b_32_linear_head,d32_left,3852,3852,5,0.9754211902618408,5,5,True
clip_vit_b_32,clip_vit_b_32_linear_head,d32_left,3863,3863,5,0.9462450742721558,5,5,True
clip_vit_b_32,clip_vit_b_32_linear_head,d32_left,3867,3867,7,0.9851800203323364,7,7,True
clip_vit_b_32,clip_vit_b_32_linear_head,d32_left,3876,3876,0,0.977421760559082,0,0,True
clip_vit_b_32,clip_vit_b_32_linear_head,d32_left,3889,3889,5,0.9727726578712463,5,5,True
clip_vit_b_32,clip_vit_b_32_linear_head,d32_left,3891,3891,4,0.9907891154289246,4,4,True
clip_vit_b_32,clip_vit_b_32_linear_head,d32_left,3893,3893,9,0.984578013420105,9,9,True
clip_vit_b_32,clip_vit_b_32_linear_head,d32_left,3905,3905,8,0.9878398776054382,8,8,True
clip_vit_b_32,clip_vit_b_32_linear_head,d32_left,3914,3914,3,0.9912440180778503,3,3,True
clip_vit_b_32,clip_vit_b_32_linear_head,d32_left,3937,3937,1,0.9945483803749084,1,1,True
clip_vit_b_32,clip_vit_b_32_linear_head,d32_left,3942,3942,9,0.9647014141082764,9,9,True
clip_vit_b_32,clip_vit_b_32_linear_head,d32_left,3948,3948,8,0.9686230421066284,8,8,True
clip_vit_b_32,clip_vit_b_32_linear_head,d32_left,3962,3962,6,0.9739938974380493,6,6,True
clip_vit_b_32,clip_vit_b_32_linear_head,d32_left,3965,3965,0,0.9912973642349243,0,0,True
clip_vit_b_32,clip_vit_b_32_linear_head,d32_left,3994,3994,4,0.9701288938522339,4,4,True
clip_vit_b_32,clip_vit_b_32_linear_head,d32_left,3996,3996,9,0.9107798933982849,9,9,True
clip_vit_b_32,clip_vit_b_32_linear_head,d32_left,4011,4011,6,0.950661838054657,6,6,True
clip_vit_b_32,clip_vit_b_32_linear_head,d32_left,4023,4023,3,0.9726840257644653,3,3,True
clip_vit_b_32,clip_vit_b_32_linear_head,d32_left,4054,4054,4,0.9689628481864929,4,4,True
clip_vit_b_32,clip_vit_b_32_linear_head,d32_left,4065,4065,2,0.9580055475234985,2,2,True
clip_vit_b_32,clip_vit_b_32_linear_head,d32_left,4069,4069,8,0.961743950843811,8,8,True
clip_vit_b_32,clip_vit_b_32_linear_head,d32_left,4093,4093,6,0.9567728042602539,6,6,True
clip_vit_b_32,clip_vit_b_32_linear_head,d32_left,4094,4094,9,0.9788875579833984,9,9,True
clip_vit_b_32,clip_vit_b_32_linear_head,d32_left,4106,4106,5,0.9651768207550049,5,5,True
clip_vit_b_32,clip_vit_b_32_linear_head,d32_left,4130,4130,0,0.9852644205093384,0,0,True
clip_vit_b_32,clip_vit_b_32_linear_head,d32_left,4168,4168,3,0.9554558396339417,3,3,True
clip_vit_b_32,clip_vit_b_32_linear_head,d32_left,4170,4170,8,0.9801197648048401,8,8,True
clip_vit_b_32,clip_vit_b_32_linear_head,d32_left,4172,4172,7,0.9878982901573181,7,7,True
clip_vit_b_32,clip_vit_b_32_linear_head,d32_left,4177,4177,8,0.9629753828048706,8,8,True
clip_vit_b_32,clip_vit_b_32_linear_head,d32_left,4215,4215,3,0.9581321477890015,3,3,True
clip_vit_b_32,clip_vit_b_32_linear_head,d32_left,4229,4229,3,0.9767409563064575,3,3,True
clip_vit_b_32,clip_vit_b_32_linear_head,d32_left,4236,4236,7,0.9439409971237183,7,7,True
clip_vit_b_32,clip_vit_b_32_linear_head,d32_left,4242,4242,8,0.9862331748008728,8,8,True
clip_vit_b_32,clip_vit_b_32_linear_head,d32_left,4254,4254,6,0.9642554521560669,6,6,True
clip_vit_b_32,clip_vit_b_32_linear_head,d32_left,4290,4290,5,0.943170428276062,4,4,True
clip_vit_b_32,clip_vit_b_32_linear_head,d32_left,4298,4298,1,0.9840013980865479,1,1,True
clip_vit_b_32,clip_vit_b_32_linear_head,d32_left,4308,4308,7,0.9391624927520752,7,7,True
clip_vit_b_32,clip_vit_b_32_linear_head,d32_left,4311,4311,8,0.9666973352432251,8,8,True
clip_vit_b_32,clip_vit_b_32_linear_head,d32_left,4323,4323,3,0.9718523621559143,3,3,True
clip_vit_b_32,clip_vit_b_32_linear_head,d32_left,4330,4330,3,0.9863024353981018,3,3,True
clip_vit_b_32,clip_vit_b_32_linear_head,d32_left,4341,4341,6,0.9697697162628174,6,6,True
clip_vit_b_32,clip_vit_b_32_linear_head,d32_left,4355,4355,8,0.9770880937576294,8,8,True
clip_vit_b_32,clip_vit_b_32_linear_head,d32_left,4399,4399,0,0.9515453577041626,0,0,True
clip_vit_b_32,clip_vit_b_32_linear_head,d32_left,4403,4403,7,0.9665306210517883,7,7,True
clip_vit_b_32,clip_vit_b_32_linear_head,d32_left,4411,4411,6,0.9801801443099976,6,6,True
clip_vit_b_32,clip_vit_b_32_linear_head,d32_left,4449,4449,9,0.9270699620246887,9,9,True
clip_vit_b_32,clip_vit_b_32_linear_head,d32_left,4463,4463,3,0.9715901017189026,3,3,True
clip_vit_b_32,clip_vit_b_32_linear_head,d32_left,4531,4531,3,0.9620676636695862,3,3,True
clip_vit_b_32,clip_vit_b_32_linear_head,d32_left,4539,4539,0,0.9691041707992554,0,0,True
clip_vit_b_32,clip_vit_b_32_linear_head,d32_left,4547,4547,5,0.9871383309364319,5,5,True
clip_vit_b_32,clip_vit_b_32_linear_head,d32_left,4552,4552,8,0.9692925214767456,8,8,True
clip_vit_b_32,clip_vit_b_32_linear_head,d32_left,4570,4570,5,0.984999418258667,5,5,True
clip_vit_b_32,clip_vit_b_32_linear_head,d32_left,4590,4590,3,0.9717415571212769,3,3,True
clip_vit_b_32,clip_vit_b_32_linear_head,d32_left,4609,4609,3,0.9113165736198425,3,3,True
clip_vit_b_32,clip_vit_b_32_linear_head,d32_left,4615,4615,0,0.9778761863708496,0,0,True
clip_vit_b_32,clip_vit_b_32_linear_head,d32_left,4617,4617,0,0.9776467680931091,0,0,True
clip_vit_b_32,clip_vit_b_32_linear_head,d32_left,4620,4620,6,0.9735853672027588,6,6,True
clip_vit_b_32,clip_vit_b_32_linear_head,d32_left,4629,4629,4,0.9791586399078369,4,4,True
clip_vit_b_32,clip_vit_b_32_linear_head,d32_left,4640,4640,1,0.9482852816581726,1,1,True
clip_vit_b_32,clip_vit_b_32_linear_head,d32_left,4642,4642,4,0.9678952693939209,4,4,True
clip_vit_b_32,clip_vit_b_32_linear_head,d32_left,4661,4661,7,0.9509763717651367,7,7,True
clip_vit_b_32,clip_vit_b_32_linear_head,d32_left,4662,4662,8,0.9747738242149353,8,8,True
clip_vit_b_32,clip_vit_b_32_linear_head,d32_left,4675,4675,0,0.988852322101593,0,0,True
clip_vit_b_32,clip_vit_b_32_linear_head,d32_left,4676,4676,8,0.9848163723945618,8,8,True
clip_vit_b_32,clip_vit_b_32_linear_head,d32_left,4704,4704,7,0.9404613375663757,7,7,True
clip_vit_b_32,clip_vit_b_32_linear_head,d32_left,4723,4723,9,0.9752444624900818,9,9,True
clip_vit_b_32,clip_vit_b_32_linear_head,d32_left,4731,4731,6,0.9375585913658142,6,6,True
clip_vit_b_32,clip_vit_b_32_linear_head,d32_left,4735,4735,2,0.9684213399887085,2,2,True
clip_vit_b_32,clip_vit_b_32_linear_head,d32_left,4740,4740,4,0.9829353094100952,4,4,True
clip_vit_b_32,clip_vit_b_32_linear_head,d32_left,4746,4746,6,0.9973649382591248,6,6,True
clip_vit_b_32,clip_vit_b_32_linear_head,d32_left,4748,4748,7,0.9562481641769409,7,7,True
clip_vit_b_32,clip_vit_b_32_linear_head,d32_left,4754,4754,6,0.9586924910545349,6,6,True
clip_vit_b_32,clip_vit_b_32_linear_head,d32_left,4785,4785,0,0.9630496501922607,0,0,True
clip_vit_b_32,clip_vit_b_32_linear_head,d32_left,4791,4791,7,0.9870510101318359,7,7,True
clip_vit_b_32,clip_vit_b_32_linear_head,d32_left,4819,4819,0,0.976817786693573,0,0,True
clip_vit_b_32,clip_vit_b_32_linear_head,d32_left,4821,4821,3,0.9939519762992859,3,3,True
clip_vit_b_32,clip_vit_b_32_linear_head,d32_left,4827,4827,6,0.9927229285240173,6,6,True
clip_vit_b_32,clip_vit_b_32_linear_head,d32_left,4850,4850,5,0.9457167983055115,5,5,True
clip_vit_b_32,clip_vit_b_32_linear_head,d32_left,4881,4881,3,0.9705179929733276,3,3,True
clip_vit_b_32,clip_vit_b_32_linear_head,d32_left,4893,4893,0,0.992976188659668,0,0,True
clip_vit_b_32,clip_vit_b_32_linear_head,d32_left,4908,4908,3,0.9699456691741943,3,3,True
clip_vit_b_32,clip_vit_b_32_linear_head,d32_left,4913,4913,2,0.9704658389091492,2,2,True
clip_vit_b_32,clip_vit_b_32_linear_head,d32_left,4921,4921,2,0.9451172351837158,2,2,True
clip_vit_b_32,clip_vit_b_32_linear_head,d32_left,4953,4953,5,0.9548968076705933,5,5,True
clip_vit_b_32,clip_vit_b_32_linear_head,d32_left,4966,4966,5,0.9501363039016724,5,5,True
clip_vit_b_32,clip_vit_b_32_linear_head,d32_left,4990,4990,8,0.9766982793807983,8,8,True
clip_vit_b_32,clip_vit_b_32_linear_head,d32_left,5000,5000,8,0.9786558747291565,8,8,True
clip_vit_b_32,clip_vit_b_32_linear_head,d32_left,5030,5030,2,0.9731738567352295,2,2,True
clip_vit_b_32,clip_vit_b_32_linear_head,d32_left,5062,5062,4,0.9837172627449036,4,4,True
clip_vit_b_32,clip_vit_b_32_linear_head,d32_left,5077,5077,4,0.9610077142715454,4,4,True
clip_vit_b_32,clip_vit_b_32_linear_head,d32_left,5082,5082,6,0.9662955403327942,6,6,True
clip_vit_b_32,clip_vit_b_32_linear_head,d32_left,5092,5092,1,0.9739857912063599,1,1,True
clip_vit_b_32,clip_vit_b_32_linear_head,d32_left,5101,5101,5,0.9729337692260742,5,5,True
clip_vit_b_32,clip_vit_b_32_linear_head,d32_left,5117,5117,0,0.9730392694473267,0,0,True
clip_vit_b_32,clip_vit_b_32_linear_head,d32_left,5123,5123,1,0.9840933680534363,1,1,True
clip_vit_b_32,clip_vit_b_32_linear_head,d32_left,5135,5135,4,0.9754886627197266,4,4,True
clip_vit_b_32,clip_vit_b_32_linear_head,d32_left,5183,5183,2,0.9596327543258667,2,2,True
clip_vit_b_32,clip_vit_b_32_linear_head,d32_left,5213,5213,4,0.9824382066726685,4,4,True
clip_vit_b_32,clip_vit_b_32_linear_head,d32_left,5218,5218,2,0.9682540893554688,2,2,True
clip_vit_b_32,clip_vit_b_32_linear_head,d32_left,5220,5220,1,0.8838070631027222,7,1,False
clip_vit_b_32,clip_vit_b_32_linear_head,d32_left,5237,5237,2,0.9669873118400574,2,2,True
clip_vit_b_32,clip_vit_b_32_linear_head,d32_left,5256,5256,1,0.9650354385375977,1,1,True
clip_vit_b_32,clip_vit_b_32_linear_head,d32_left,5284,5284,9,0.9351230263710022,9,9,True
clip_vit_b_32,clip_vit_b_32_linear_head,d32_left,5301,5301,9,0.9363630414009094,9,9,True
clip_vit_b_32,clip_vit_b_32_linear_head,d32_left,5318,5318,2,0.9760826826095581,2,2,True
clip_vit_b_32,clip_vit_b_32_linear_head,d32_left,5332,5332,5,0.9722589254379272,5,5,True
clip_vit_b_32,clip_vit_b_32_linear_head,d32_left,5333,5333,2,0.9623271226882935,2,2,True
clip_vit_b_32,clip_vit_b_32_linear_head,d32_left,5360,5360,9,0.971013605594635,9,9,True
clip_vit_b_32,clip_vit_b_32_linear_head,d32_left,5381,5381,5,0.9462048411369324,5,5,True
clip_vit_b_32,clip_vit_b_32_linear_head,d32_left,5382,5382,6,0.959022045135498,6,6,True
clip_vit_b_32,clip_vit_b_32_linear_head,d32_left,5395,5395,2,0.9598969221115112,2,2,True
clip_vit_b_32,clip_vit_b_32_linear_head,d32_left,5402,5402,4,0.9843580722808838,4,4,True
clip_vit_b_32,clip_vit_b_32_linear_head,d32_left,5408,5408,6,0.9622678756713867,6,6,True
clip_vit_b_32,clip_vit_b_32_linear_head,d32_left,5436,5436,7,0.9924878478050232,7,7,True
clip_vit_b_32,clip_vit_b_32_linear_head,d32_left,5447,5447,9,0.9694823026657104,9,9,True
clip_vit_b_32,clip_vit_b_32_linear_head,d32_left,5450,5450,7,0.9727084636688232,7,7,True
clip_vit_b_32,clip_vit_b_32_linear_head,d32_left,5451,5451,8,0.9830370545387268,8,8,True
clip_vit_b_32,clip_vit_b_32_linear_head,d32_left,5452,5452,9,0.9583499431610107,9,9,True
clip_vit_b_32,clip_vit_b_32_linear_head,d32_left,5467,5467,4,0.9857330322265625,4,4,True
clip_vit_b_32,clip_vit_b_32_linear_head,d32_left,5478,5478,0,0.9835072755813599,0,0,True
clip_vit_b_32,clip_vit_b_32_linear_head,d32_left,5488,5488,1,0.9849289655685425,1,1,True
clip_vit_b_32,clip_vit_b_32_linear_head,d32_left,5496,5496,5,0.963560938835144,5,5,True
clip_vit_b_32,clip_vit_b_32_linear_head,d32_left,5508,5508,9,0.9864189028739929,9,9,True
clip_vit_b_32,clip_vit_b_32_linear_head,d32_left,5512,5512,2,0.7829720973968506,9,9,True
clip_vit_b_32,clip_vit_b_32_linear_head,d32_left,5525,5525,8,0.9709054231643677,8,8,True
clip_vit_b_32,clip_vit_b_32_linear_head,d32_left,5528,5528,3,0.8876678943634033,3,3,True
clip_vit_b_32,clip_vit_b_32_linear_head,d32_left,5556,5556,4,0.9646379351615906,4,4,True
clip_vit_b_32,clip_vit_b_32_linear_head,d32_left,5560,5560,1,0.9550163745880127,1,1,True
clip_vit_b_32,clip_vit_b_32_linear_head,d32_left,5572,5572,9,0.9661589860916138,9,9,True
clip_vit_b_32,clip_vit_b_32_linear_head,d32_left,5580,5580,6,0.9457914233207703,6,6,True
clip_vit_b_32,clip_vit_b_32_linear_head,d32_left,5590,5590,9,0.9561557769775391,9,9,True
clip_vit_b_32,clip_vit_b_32_linear_head,d32_left,5623,5623,4,0.9736621379852295,4,4,True
clip_vit_b_32,clip_vit_b_32_linear_head,d32_left,5677,5677,2,0.9401095509529114,2,2,True
clip_vit_b_32,clip_vit_b_32_linear_head,d32_left,5694,5694,8,0.9774854183197021,8,8,True
clip_vit_b_32,clip_vit_b_32_linear_head,d32_left,5701,5701,5,0.9572555422782898,5,5,True
clip_vit_b_32,clip_vit_b_32_linear_head,d32_left,5705,5705,8,0.9757713675498962,8,8,True
clip_vit_b_32,clip_vit_b_32_linear_head,d32_left,5719,5719,7,0.9709573984146118,7,7,True
clip_vit_b_32,clip_vit_b_32_linear_head,d32_left,5729,5729,6,0.9469962120056152,6,6,True
clip_vit_b_32,clip_vit_b_32_linear_head,d32_left,5756,5756,2,0.965554416179657,2,2,True
clip_vit_b_32,clip_vit_b_32_linear_head,d32_left,5788,5788,9,0.9765902757644653,9,9,True
clip_vit_b_32,clip_vit_b_32_linear_head,d32_left,5789,5789,4,0.9698740243911743,4,4,True
clip_vit_b_32,clip_vit_b_32_linear_head,d32_left,5824,5824,2,0.9252792000770569,2,2,True
clip_vit_b_32,clip_vit_b_32_linear_head,d32_left,5848,5848,7,0.9959771633148193,7,7,True
clip_vit_b_32,clip_vit_b_32_linear_head,d32_left,5851,5851,9,0.9890621900558472,9,9,True
clip_vit_b_32,clip_vit_b_32_linear_head,d32_left,5857,5857,6,0.955985963344574,6,6,True
clip_vit_b_32,clip_vit_b_32_linear_head,d32_left,5858,5858,6,0.9359820485115051,6,6,True
clip_vit_b_32,clip_vit_b_32_linear_head,d32_left,5912,5912,0,0.9749204516410828,0,0,True
clip_vit_b_32,clip_vit_b_32_linear_head,d32_left,5915,5915,9,0.9687772989273071,9,9,True
clip_vit_b_32,clip_vit_b_32_linear_head,d32_left,5918,5918,0,0.9872530102729797,0,0,True
clip_vit_b_32,clip_vit_b_32_linear_head,d32_left,5924,5924,5,0.9880403280258179,5,7,False
clip_vit_b_32,clip_vit_b_32_linear_head,d32_left,5977,5977,7,0.9775800108909607,7,7,True
clip_vit_b_32,clip_vit_b_32_linear_head,d32_left,5981,5981,9,0.9708437323570251,9,9,True
clip_vit_b_32,clip_vit_b_32_linear_head,d32_left,5999,5999,0,0.9607448577880859,0,0,True
clip_vit_b_32,clip_vit_b_32_linear_head,d32_left,6028,6028,2,0.9550747871398926,2,2,True
clip_vit_b_32,clip_vit_b_32_linear_head,d32_left,6033,6033,4,0.9728065729141235,4,4,True
clip_vit_b_32,clip_vit_b_32_linear_head,d32_left,6076,6076,1,0.9497339129447937,1,1,True
clip_vit_b_32,clip_vit_b_32_linear_head,d32_left,6084,6084,7,0.9495143294334412,7,7,True
clip_vit_b_32,clip_vit_b_32_linear_head,d32_left,6097,6097,4,0.9821686744689941,4,4,True
clip_vit_b_32,clip_vit_b_32_linear_head,d32_left,6169,6169,1,0.9706273078918457,1,1,True
clip_vit_b_32,clip_vit_b_32_linear_head,d32_left,6190,6190,7,0.9754029512405396,7,7,True
clip_vit_b_32,clip_vit_b_32_linear_head,d32_left,6224,6224,5,0.9628878831863403,5,5,True
clip_vit_b_32,clip_vit_b_32_linear_head,d32_left,6244,6244,2,0.9314456582069397,2,2,True
clip_vit_b_32,clip_vit_b_32_linear_head,d32_left,6264,6264,2,0.940125048160553,2,2,True
clip_vit_b_32,clip_vit_b_32_linear_head,d32_left,6271,6271,2,0.9621666669845581,2,2,True
clip_vit_b_32,clip_vit_b_32_linear_head,d32_left,6288,6288,4,0.9643580913543701,4,4,True
clip_vit_b_32,clip_vit_b_32_linear_head,d32_left,6332,6332,2,0.9664146900177002,2,2,True
clip_vit_b_32,clip_vit_b_32_linear_head,d32_left,6349,6349,1,0.9876635074615479,1,1,True
clip_vit_b_32,clip_vit_b_32_linear_head,d32_left,6354,6354,2,0.9396005868911743,2,2,True
clip_vit_b_32,clip_vit_b_32_linear_head,d32_left,6358,6358,5,0.937826931476593,5,5,True
clip_vit_b_32,clip_vit_b_32_linear_head,d32_left,6381,6381,6,0.9485048055648804,6,6,True
clip_vit_b_32,clip_vit_b_32_linear_head,d32_left,6414,6414,5,0.9115988612174988,5,5,True
clip_vit_b_32,clip_vit_b_32_linear_head,d32_left,6426,6426,2,0.9606368541717529,2,2,True
clip_vit_b_32,clip_vit_b_32_linear_head,d32_left,6434,6434,8,0.9776319265365601,8,8,True
clip_vit_b_32,clip_vit_b_32_linear_head,d32_left,6437,6437,0,0.9733749628067017,0,0,True
clip_vit_b_32,clip_vit_b_32_linear_head,d32_left,6455,6455,0,0.9648651480674744,0,0,True
clip_vit_b_32,clip_vit_b_32_linear_head,d32_left,6490,6490,3,0.9583165049552917,3,3,True
clip_vit_b_32,clip_vit_b_32_linear_head,d32_left,6503,6503,2,0.9649655818939209,2,2,True
clip_vit_b_32,clip_vit_b_32_linear_head,d32_left,6508,6508,4,0.9939154982566833,4,4,True
clip_vit_b_32,clip_vit_b_32_linear_head,d32_left,6528,6528,4,0.9833894968032837,4,4,True
clip_vit_b_32,clip_vit_b_32_linear_head,d32_left,6594,6594,1,0.9728610515594482,1,1,True
clip_vit_b_32,clip_vit_b_32_linear_head,d32_left,6609,6609,0,0.9795992374420166,0,0,True
clip_vit_b_32,clip_vit_b_32_linear_head,d32_left,6616,6616,2,0.9518107771873474,2,2,True
clip_vit_b_32,clip_vit_b_32_linear_head,d32_left,6650,6650,7,0.9698837399482727,7,7,True
clip_vit_b_32,clip_vit_b_32_linear_head,d32_left,6689,6689,8,0.9825142025947571,8,8,True
clip_vit_b_32,clip_vit_b_32_linear_head,d32_left,6692,6692,2,0.9784731268882751,2,2,True
clip_vit_b_32,clip_vit_b_32_linear_head,d32_left,6713,6713,6,0.9792503714561462,6,6,True
clip_vit_b_32,clip_vit_b_32_linear_head,d32_left,6716,6716,5,0.9345591068267822,5,5,True
clip_vit_b_32,clip_vit_b_32_linear_head,d32_left,6726,6726,7,0.9832781553268433,7,7,True
clip_vit_b_32,clip_vit_b_32_linear_head,d32_left,6733,6733,1,0.9660161137580872,1,1,True
clip_vit_b_32,clip_vit_b_32_linear_head,d32_left,6772,6772,7,0.9110313653945923,7,4,False
clip_vit_b_32,clip_vit_b_32_linear_head,d32_left,6805,6805,1,0.9982354640960693,1,1,True
clip_vit_b_32,clip_vit_b_32_linear_head,d32_left,6836,6836,1,0.9683640599250793,1,1,True
clip_vit_b_32,clip_vit_b_32_linear_head,d32_left,6844,6844,0,0.9663339853286743,0,0,True
clip_vit_b_32,clip_vit_b_32_linear_head,d32_left,6922,6922,5,0.9469152688980103,5,5,True
clip_vit_b_32,clip_vit_b_32_linear_head,d32_left,6931,6931,9,0.9767028093338013,9,9,True
clip_vit_b_32,clip_vit_b_32_linear_head,d32_left,6938,6938,1,0.9393548369407654,1,1,True
clip_vit_b_32,clip_vit_b_32_linear_head,d32_left,6952,6952,3,0.9138991832733154,3,3,True
clip_vit_b_32,clip_vit_b_32_linear_head,d32_left,6954,6954,1,0.9860841631889343,1,1,True
clip_vit_b_32,clip_vit_b_32_linear_head,d32_left,6986,6986,0,0.977952778339386,0,0,True
clip_vit_b_32,clip_vit_b_32_linear_head,d32_left,6989,6989,5,0.9348883628845215,5,5,True
clip_vit_b_32,clip_vit_b_32_linear_head,d32_left,7009,7009,0,0.9743602275848389,0,0,True
clip_vit_b_32,clip_vit_b_32_linear_head,d32_left,7029,7029,1,0.9725370407104492,1,1,True
clip_vit_b_32,clip_vit_b_32_linear_head,d32_left,7033,7033,1,0.9849756360054016,1,1,True
clip_vit_b_32,clip_vit_b_32_linear_head,d32_left,7041,7041,5,0.8914123177528381,5,5,True
clip_vit_b_32,clip_vit_b_32_linear_head,d32_left,7047,7047,9,0.9807420372962952,9,9,True
clip_vit_b_32,clip_vit_b_32_linear_head,d32_left,7081,7081,7,0.9890055656433105,7,7,True
clip_vit_b_32,clip_vit_b_32_linear_head,d32_left,7084,7084,2,0.9727320075035095,2,2,True
clip_vit_b_32,clip_vit_b_32_linear_head,d32_left,7108,7108,6,0.972976565361023,6,6,True
clip_vit_b_32,clip_vit_b_32_linear_head,d32_left,7130,7130,5,0.9507814049720764,5,5,True
clip_vit_b_32,clip_vit_b_32_linear_head,d32_left,7138,7138,8,0.9744564890861511,8,8,True
clip_vit_b_32,clip_vit_b_32_linear_head,d32_left,7150,7150,0,0.9612078070640564,0,0,True
clip_vit_b_32,clip_vit_b_32_linear_head,d32_left,7202,7202,1,0.9530490636825562,1,1,True
clip_vit_b_32,clip_vit_b_32_linear_head,d32_left,7262,7262,0,0.9728309512138367,0,0,True
clip_vit_b_32,clip_vit_b_32_linear_head,d32_left,7266,7266,9,0.929412305355072,9,9,True
clip_vit_b_32,clip_vit_b_32_linear_head,d32_left,7270,7270,7,0.9341805577278137,7,7,True
clip_vit_b_32,clip_vit_b_32_linear_head,d32_left,7309,7309,0,0.9562118649482727,0,0,True
clip_vit_b_32,clip_vit_b_32_linear_head,d32_left,7320,7320,0,0.9629983901977539,0,0,True
clip_vit_b_32,clip_vit_b_32_linear_head,d32_left,7338,7338,6,0.9596425294876099,6,6,True
clip_vit_b_32,clip_vit_b_32_linear_head,d32_left,7372,7372,0,0.9555755853652954,0,0,True
clip_vit_b_32,clip_vit_b_32_linear_head,d32_left,7373,7373,0,0.9746800065040588,0,0,True
clip_vit_b_32,clip_vit_b_32_linear_head,d32_left,7380,7380,9,0.9739350080490112,9,9,True
clip_vit_b_32,clip_vit_b_32_linear_head,d32_left,7390,7390,1,0.9442439079284668,1,1,True
clip_vit_b_32,clip_vit_b_32_linear_head,d32_left,7413,7413,5,0.9709045886993408,3,3,True
clip_vit_b_32,clip_vit_b_32_linear_head,d32_left,7416,7416,3,0.9456172585487366,3,3,True
clip_vit_b_32,clip_vit_b_32_linear_head,d32_left,7425,7425,2,0.9599031209945679,2,2,True
clip_vit_b_32,clip_vit_b_32_linear_head,d32_left,7446,7446,8,0.9713311195373535,8,8,True
clip_vit_b_32,clip_vit_b_32_linear_head,d32_left,7460,7460,8,0.9796721339225769,8,8,True
clip_vit_b_32,clip_vit_b_32_linear_head,d32_left,7465,7465,0,0.9561880826950073,0,0,True
clip_vit_b_32,clip_vit_b_32_linear_head,d32_left,7474,7474,5,0.9717862010002136,5,5,True
clip_vit_b_32,clip_vit_b_32_linear_head,d32_left,7475,7475,4,0.9702523946762085,4,4,True
clip_vit_b_32,clip_vit_b_32_linear_head,d32_left,7476,7476,8,0.9773153066635132,8,8,True
clip_vit_b_32,clip_vit_b_32_linear_head,d32_left,7544,7544,9,0.9800370335578918,9,9,True
clip_vit_b_32,clip_vit_b_32_linear_head,d32_left,7555,7555,6,0.9585877656936646,6,6,True
clip_vit_b_32,clip_vit_b_32_linear_head,d32_left,7600,7600,6,0.9918552041053772,6,6,True
clip_vit_b_32,clip_vit_b_32_linear_head,d32_left,7610,7610,4,0.9764119386672974,4,4,True
clip_vit_b_32,clip_vit_b_32_linear_head,d32_left,7634,7634,0,0.9561063647270203,0,0,True
clip_vit_b_32,clip_vit_b_32_linear_head,d32_left,7692,7692,4,0.9863891005516052,4,4,True
clip_vit_b_32,clip_vit_b_32_linear_head,d32_left,7706,7706,5,0.952853262424469,5,5,True
clip_vit_b_32,clip_vit_b_32_linear_head,d32_left,7726,7726,6,0.9734705090522766,6,6,True
clip_vit_b_32,clip_vit_b_32_linear_head,d32_left,7744,7744,3,0.9348208904266357,3,3,True
clip_vit_b_32,clip_vit_b_32_linear_head,d32_left,7752,7752,9,0.9918521642684937,9,9,True
clip_vit_b_32,clip_vit_b_32_linear_head,d32_left,7776,7776,5,0.9406695365905762,5,5,True
clip_vit_b_32,clip_vit_b_32_linear_head,d32_left,7779,7779,6,0.9714823961257935,6,6,True
clip_vit_b_32,clip_vit_b_32_linear_head,d32_left,7781,7781,6,0.9584276080131531,6,6,True
clip_vit_b_32,clip_vit_b_32_linear_head,d32_left,7793,7793,3,0.9489255547523499,3,3,True
clip_vit_b_32,clip_vit_b_32_linear_head,d32_left,7797,7797,3,0.9739253520965576,3,3,True
clip_vit_b_32,clip_vit_b_32_linear_head,d32_left,7810,7810,8,0.9456983208656311,8,8,True
clip_vit_b_32,clip_vit_b_32_linear_head,d32_left,7818,7818,8,0.9905304908752441,8,8,True
clip_vit_b_32,clip_vit_b_32_linear_head,d32_left,7835,7835,7,0.9382229447364807,7,7,True
clip_vit_b_32,clip_vit_b_32_linear_head,d32_left,7864,7864,4,0.9928365349769592,4,4,True
clip_vit_b_32,clip_vit_b_32_linear_head,d32_left,7875,7875,8,0.9508575797080994,8,8,True
clip_vit_b_32,clip_vit_b_32_linear_head,d32_left,7938,7938,9,0.9456808567047119,9,9,True
clip_vit_b_32,clip_vit_b_32_linear_head,d32_left,7940,7940,4,0.9617205858230591,4,4,True
clip_vit_b_32,clip_vit_b_32_linear_head,d32_left,7944,7944,4,0.987151026725769,4,4,True
clip_vit_b_32,clip_vit_b_32_linear_head,d32_left,7955,7955,1,0.9449551105499268,1,1,True
clip_vit_b_32,clip_vit_b_32_linear_head,d32_left,7995,7995,9,0.9404451251029968,9,9,True
clip_vit_b_32,clip_vit_b_32_linear_head,d32_left,7996,7996,6,0.9638727903366089,6,6,True
clip_vit_b_32,clip_vit_b_32_linear_head,d32_left,7999,7999,8,0.9778661131858826,8,8,True
clip_vit_b_32,clip_vit_b_32_linear_head,d32_right,3,3,0,0.9669309854507446,0,0,True
clip_vit_b_32,clip_vit_b_32_linear_head,d32_right,29,29,7,0.9837924838066101,7,7,True
clip_vit_b_32,clip_vit_b_32_linear_head,d32_right,35,35,2,0.9717791080474854,2,2,True
clip_vit_b_32,clip_vit_b_32_linear_head,d32_right,42,42,0,0.9827498197555542,0,0,True
clip_vit_b_32,clip_vit_b_32_linear_head,d32_right,49,49,2,0.9570500254631042,2,2,True
clip_vit_b_32,clip_vit_b_32_linear_head,d32_right,81,81,0,0.9348391890525818,0,0,True
clip_vit_b_32,clip_vit_b_32_linear_head,d32_right,95,95,1,0.986205518245697,1,1,True
clip_vit_b_32,clip_vit_b_32_linear_head,d32_right,97,97,5,0.9554751515388489,5,5,True
clip_vit_b_32,clip_vit_b_32_linear_head,d32_right,116,116,1,0.9460573196411133,1,1,True
clip_vit_b_32,clip_vit_b_32_linear_head,d32_right,131,131,9,0.9618405699729919,9,9,True
clip_vit_b_32,clip_vit_b_32_linear_head,d32_right,151,151,8,0.9856160283088684,8,8,True
clip_vit_b_32,clip_vit_b_32_linear_head,d32_right,171,171,4,0.981931209564209,4,4,True
clip_vit_b_32,clip_vit_b_32_linear_head,d32_right,176,176,3,0.9679790735244751,3,3,True
clip_vit_b_32,clip_vit_b_32_linear_head,d32_right,191,191,9,0.9434888362884521,2,2,True
clip_vit_b_32,clip_vit_b_32_linear_head,d32_right,194,194,8,0.975329577922821,8,8,True
clip_vit_b_32,clip_vit_b_32_linear_head,d32_right,198,198,1,0.9770952463150024,1,1,True
clip_vit_b_32,clip_vit_b_32_linear_head,d32_right,239,239,9,0.9651005864143372,9,9,True
clip_vit_b_32,clip_vit_b_32_linear_head,d32_right,261,261,1,0.9823911190032959,1,1,True
clip_vit_b_32,clip_vit_b_32_linear_head,d32_right,269,269,7,0.987663209438324,7,7,True
clip_vit_b_32,clip_vit_b_32_linear_head,d32_right,276,276,9,0.9014506340026855,9,0,False
clip_vit_b_32,clip_vit_b_32_linear_head,d32_right,303,303,9,0.9817802309989929,9,9,True
clip_vit_b_32,clip_vit_b_32_linear_head,d32_right,304,304,1,0.9696934223175049,1,1,True
clip_vit_b_32,clip_vit_b_32_linear_head,d32_right,317,317,2,0.9616241455078125,2,2,True
clip_vit_b_32,clip_vit_b_32_linear_head,d32_right,319,319,5,0.938596248626709,5,5,True
clip_vit_b_32,clip_vit_b_32_linear_head,d32_right,323,323,7,0.9640200138092041,7,7,True
clip_vit_b_32,clip_vit_b_32_linear_head,d32_right,365,365,3,0.9266208410263062,3,3,True
clip_vit_b_32,clip_vit_b_32_linear_head,d32_right,370,370,7,0.972395658493042,7,7,True
clip_vit_b_32,clip_vit_b_32_linear_head,d32_right,372,372,3,0.9338278770446777,3,3,True
clip_vit_b_32,clip_vit_b_32_linear_head,d32_right,378,378,5,0.9804361462593079,5,5,True
clip_vit_b_32,clip_vit_b_32_linear_head,d32_right,391,391,3,0.9545727968215942,3,4,False
clip_vit_b_32,clip_vit_b_32_linear_head,d32_right,409,409,2,0.955861508846283,2,2,True
clip_vit_b_32,clip_vit_b_32_linear_head,d32_right,419,419,9,0.9459661841392517,9,9,True
clip_vit_b_32,clip_vit_b_32_linear_head,d32_right,449,449,6,0.9775203466415405,6,6,True
clip_vit_b_32,clip_vit_b_32_linear_head,d32_right,470,470,2,0.9546753168106079,2,2,True
clip_vit_b_32,clip_vit_b_32_linear_head,d32_right,483,483,2,0.9520444869995117,2,2,True
clip_vit_b_32,clip_vit_b_32_linear_head,d32_right,484,484,0,0.9836286902427673,0,0,True
clip_vit_b_32,clip_vit_b_32_linear_head,d32_right,506,506,4,0.9816215634346008,4,4,True
clip_vit_b_32,clip_vit_b_32_linear_head,d32_right,545,545,6,0.9516646862030029,6,6,True
clip_vit_b_32,clip_vit_b_32_linear_head,d32_right,562,562,0,0.96284019947052,0,0,True
clip_vit_b_32,clip_vit_b_32_linear_head,d32_right,568,568,5,0.970991849899292,5,3,False
clip_vit_b_32,clip_vit_b_32_linear_head,d32_right,603,603,9,0.9499644041061401,9,9,True
clip_vit_b_32,clip_vit_b_32_linear_head,d32_right,632,632,3,0.9522590041160583,3,3,True
clip_vit_b_32,clip_vit_b_32_linear_head,d32_right,645,645,5,0.9358457326889038,5,5,True
clip_vit_b_32,clip_vit_b_32_linear_head,d32_right,667,667,8,0.9779738187789917,8,8,True
clip_vit_b_32,clip_vit_b_32_linear_head,d32_right,672,672,3,0.9795476198196411,3,3,True
clip_vit_b_32,clip_vit_b_32_linear_head,d32_right,677,677,3,0.9423962831497192,3,3,True
clip_vit_b_32,clip_vit_b_32_linear_head,d32_right,685,685,5,0.9700432419776917,5,5,True
clip_vit_b_32,clip_vit_b_32_linear_head,d32_right,691,691,4,0.9646793603897095,4,4,True
clip_vit_b_32,clip_vit_b_32_linear_head,d32_right,706,706,8,0.9539750218391418,8,8,True
clip_vit_b_32,clip_vit_b_32_linear_head,d32_right,714,714,2,0.958096981048584,2,2,True
clip_vit_b_32,clip_vit_b_32_linear_head,d32_right,716,716,8,0.996061384677887,8,8,True
clip_vit_b_32,clip_vit_b_32_linear_head,d32_right,738,738,3,0.9273262619972229,3,3,True
clip_vit_b_32,clip_vit_b_32_linear_head,d32_right,739,739,8,0.9893226027488708,8,8,True
clip_vit_b_32,clip_vit_b_32_linear_head,d32_right,766,766,4,0.981339156627655,6,6,True
clip_vit_b_32,clip_vit_b_32_linear_head,d32_right,791,791,3,0.9478898048400879,3,3,True
clip_vit_b_32,clip_vit_b_32_linear_head,d32_right,805,805,9,0.9871136546134949,9,9,True
clip_vit_b_32,clip_vit_b_32_linear_head,d32_right,825,825,1,0.9986148476600647,1,1,True
clip_vit_b_32,clip_vit_b_32_linear_head,d32_right,852,852,9,0.9546279907226562,9,9,True
clip_vit_b_32,clip_vit_b_32_linear_head,d32_right,855,855,4,0.9574162364006042,4,4,True
clip_vit_b_32,clip_vit_b_32_linear_head,d32_right,873,873,6,0.9637070894241333,6,6,True
clip_vit_b_32,clip_vit_b_32_linear_head,d32_right,890,890,6,0.9808305501937866,6,6,True
clip_vit_b_32,clip_vit_b_32_linear_head,d32_right,920,920,6,0.9435940980911255,6,6,True
clip_vit_b_32,clip_vit_b_32_linear_head,d32_right,929,929,6,0.9826120138168335,6,6,True
clip_vit_b_32,clip_vit_b_32_linear_head,d32_right,962,962,8,0.9910315275192261,8,8,True
clip_vit_b_32,clip_vit_b_32_linear_head,d32_right,964,964,6,0.9755314588546753,6,6,True
clip_vit_b_32,clip_vit_b_32_linear_head,d32_right,977,977,6,0.9710314869880676,6,6,True
clip_vit_b_32,clip_vit_b_32_linear_head,d32_right,979,979,3,0.9601992964744568,3,3,True
clip_vit_b_32,clip_vit_b_32_linear_head,d32_right,981,981,2,0.9550814628601074,2,2,True
clip_vit_b_32,clip_vit_b_32_linear_head,d32_right,1022,1022,9,0.9642176628112793,9,9,True
clip_vit_b_32,clip_vit_b_32_linear_head,d32_right,1032,1032,7,0.9688869714736938,7,7,True
clip_vit_b_32,clip_vit_b_32_linear_head,d32_right,1048,1048,7,0.952092707157135,7,7,True
clip_vit_b_32,clip_vit_b_32_linear_head,d32_right,1090,1090,1,0.9785122275352478,1,1,True
clip_vit_b_32,clip_vit_b_32_linear_head,d32_right,1095,1095,5,0.9667584300041199,5,5,True
clip_vit_b_32,clip_vit_b_32_linear_head,d32_right,1109,1109,1,0.9128488898277283,1,1,True
clip_vit_b_32,clip_vit_b_32_linear_head,d32_right,1111,1111,4,0.9627863168716431,4,4,True
clip_vit_b_32,clip_vit_b_32_linear_head,d32_right,1115,1115,1,0.9209049344062805,1,1,True
clip_vit_b_32,clip_vit_b_32_linear_head,d32_right,1124,1124,4,0.9815340042114258,4,4,True
clip_vit_b_32,clip_vit_b_32_linear_head,d32_right,1129,1129,8,0.956153154373169,8,8,True
clip_vit_b_32,clip_vit_b_32_linear_head,d32_right,1175,1175,0,0.976646363735199,0,0,True
clip_vit_b_32,clip_vit_b_32_linear_head,d32_right,1202,1202,2,0.9490982294082642,2,2,True
clip_vit_b_32,clip_vit_b_32_linear_head,d32_right,1204,1204,3,0.9300299882888794,3,3,True
clip_vit_b_32,clip_vit_b_32_linear_head,d32_right,1211,1211,4,0.9925140142440796,4,4,True
clip_vit_b_32,clip_vit_b_32_linear_head,d32_right,1220,1220,7,0.9681451916694641,7,7,True
clip_vit_b_32,clip_vit_b_32_linear_head,d32_right,1230,1230,1,0.91822350025177,1,7,False
clip_vit_b_32,clip_vit_b_32_linear_head,d32_right,1247,1247,8,0.9804965257644653,8,8,True
clip_vit_b_32,clip_vit_b_32_linear_head,d32_right,1263,1263,3,0.9956820011138916,3,3,True
clip_vit_b_32,clip_vit_b_32_linear_head,d32_right,1266,1266,4,0.960080623626709,4,4,True
clip_vit_b_32,clip_vit_b_32_linear_head,d32_right,1287,1287,7,0.9463106989860535,7,7,True
clip_vit_b_32,clip_vit_b_32_linear_head,d32_right,1296,1296,7,0.9462926387786865,7,7,True
clip_vit_b_32,clip_vit_b_32_linear_head,d32_right,1370,1370,3,0.9669551253318787,3,3,True
clip_vit_b_32,clip_vit_b_32_linear_head,d32_right,1389,1389,0,0.9675465822219849,0,0,True
clip_vit_b_32,clip_vit_b_32_linear_head,d32_right,1401,1401,3,0.975549042224884,3,3,True
clip_vit_b_32,clip_vit_b_32_linear_head,d32_right,1403,1403,2,0.9567781090736389,2,2,True
clip_vit_b_32,clip_vit_b_32_linear_head,d32_right,1411,1411,9,0.9807641506195068,9,9,True
clip_vit_b_32,clip_vit_b_32_linear_head,d32_right,1429,1429,4,0.9450973868370056,4,4,True
clip_vit_b_32,clip_vit_b_32_linear_head,d32_right,1430,1430,9,0.9776425957679749,9,9,True
clip_vit_b_32,clip_vit_b_32_linear_head,d32_right,1431,1431,3,0.976498544216156,3,3,True
clip_vit_b_32,clip_vit_b_32_linear_head,d32_right,1436,1436,1,0.9588385224342346,1,1,True
clip_vit_b_32,clip_vit_b_32_linear_head,d32_right,1440,1440,7,0.9791887998580933,7,7,True
clip_vit_b_32,clip_vit_b_32_linear_head,d32_right,1468,1468,9,0.9757604002952576,9,9,True
clip_vit_b_32,clip_vit_b_32_linear_head,d32_right,1473,1473,7,0.9755839109420776,7,7,True
clip_vit_b_32,clip_vit_b_32_linear_head,d32_right,1515,1515,9,0.9657405614852905,9,9,True
clip_vit_b_32,clip_vit_b_32_linear_head,d32_right,1520,1520,2,0.9662150144577026,2,2,True
clip_vit_b_32,clip_vit_b_32_linear_head,d32_right,1531,1531,3,0.9679811596870422,3,3,True
clip_vit_b_32,clip_vit_b_32_linear_head,d32_right,1534,1534,6,0.9620654582977295,6,6,True
clip_vit_b_32,clip_vit_b_32_linear_head,d32_right,1552,1552,5,0.9417368769645691,5,5,True
clip_vit_b_32,clip_vit_b_32_linear_head,d32_right,1553,1553,0,0.9425486326217651,0,0,True
clip_vit_b_32,clip_vit_b_32_linear_head,d32_right,1563,1563,3,0.9646666049957275,7,3,False
clip_vit_b_32,clip_vit_b_32_linear_head,d32_right,1568,1568,1,0.9595500826835632,1,1,True
clip_vit_b_32,clip_vit_b_32_linear_head,d32_right,1579,1579,7,0.9805353283882141,7,7,True
clip_vit_b_32,clip_vit_b_32_linear_head,d32_right,1586,1586,2,0.9720249772071838,2,2,True
clip_vit_b_32,clip_vit_b_32_linear_head,d32_right,1596,1596,0,0.9849318265914917,0,0,True
clip_vit_b_32,clip_vit_b_32_linear_head,d32_right,1626,1626,5,0.9671752452850342,5,5,True
clip_vit_b_32,clip_vit_b_32_linear_head,d32_right,1640,1640,8,0.9700428247451782,8,8,True
clip_vit_b_32,clip_vit_b_32_linear_head,d32_right,1644,1644,5,0.9721312522888184,5,5,True
clip_vit_b_32,clip_vit_b_32_linear_head,d32_right,1648,1648,0,0.942601203918457,0,0,True
clip_vit_b_32,clip_vit_b_32_linear_head,d32_right,1654,1654,9,0.9776285886764526,9,9,True
clip_vit_b_32,clip_vit_b_32_linear_head,d32_right,1667,1667,6,0.974298357963562,6,6,True
clip_vit_b_32,clip_vit_b_32_linear_head,d32_right,1703,1703,7,0.9773350358009338,7,7,True
clip_vit_b_32,clip_vit_b_32_linear_head,d32_right,1711,1711,7,0.9683052897453308,7,7,True
clip_vit_b_32,clip_vit_b_32_linear_head,d32_right,1771,1771,7,0.963342547416687,7,7,True
clip_vit_b_32,clip_vit_b_32_linear_head,d32_right,1783,1783,8,0.9881642460823059,8,8,True
clip_vit_b_32,clip_vit_b_32_linear_head,d32_right,1814,1814,2,0.9723570942878723,2,2,True
clip_vit_b_32,clip_vit_b_32_linear_head,d32_right,1833,1833,8,0.9798741936683655,8,8,True
clip_vit_b_32,clip_vit_b_32_linear_head,d32_right,1836,1836,9,0.9793605208396912,9,9,True
clip_vit_b_32,clip_vit_b_32_linear_head,d32_right,1839,1839,2,0.950691819190979,2,2,True
clip_vit_b_32,clip_vit_b_32_linear_head,d32_right,1852,1852,1,0.9982029795646667,1,1,True
clip_vit_b_32,clip_vit_b_32_linear_head,d32_right,1871,1871,1,0.9691651463508606,1,1,True
clip_vit_b_32,clip_vit_b_32_linear_head,d32_right,1877,1877,5,0.9781068563461304,5,5,True
clip_vit_b_32,clip_vit_b_32_linear_head,d32_right,1884,1884,7,0.9782400727272034,7,7,True
clip_vit_b_32,clip_vit_b_32_linear_head,d32_right,1927,1927,7,0.9773920774459839,7,7,True
clip_vit_b_32,clip_vit_b_32_linear_head,d32_right,1954,1954,8,0.9575670957565308,8,8,True
clip_vit_b_32,clip_vit_b_32_linear_head,d32_right,1956,1956,7,0.9564557075500488,7,7,True
clip_vit_b_32,clip_vit_b_32_linear_head,d32_right,1960,1960,4,0.9686782360076904,4,4,True
clip_vit_b_32,clip_vit_b_32_linear_head,d32_right,1977,1977,0,0.974132776260376,0,0,True
clip_vit_b_32,clip_vit_b_32_linear_head,d32_right,1986,1986,1,0.9780360460281372,1,1,True
clip_vit_b_32,clip_vit_b_32_linear_head,d32_right,1993,1993,1,0.9213074445724487,1,1,True
clip_vit_b_32,clip_vit_b_32_linear_head,d32_right,2003,2003,6,0.951673150062561,6,6,True
clip_vit_b_32,clip_vit_b_32_linear_head,d32_right,2011,2011,9,0.9249921441078186,9,9,True
clip_vit_b_32,clip_vit_b_32_linear_head,d32_right,2024,2024,0,0.9805359840393066,0,0,True
clip_vit_b_32,clip_vit_b_32_linear_head,d32_right,2028,2028,3,0.939217209815979,3,3,True
clip_vit_b_32,clip_vit_b_32_linear_head,d32_right,2062,2062,9,0.9781776070594788,9,9,True
clip_vit_b_32,clip_vit_b_32_linear_head,d32_right,2070,2070,1,0.9522174596786499,1,1,True
clip_vit_b_32,clip_vit_b_32_linear_head,d32_right,2082,2082,2,0.9737831950187683,2,2,True
clip_vit_b_32,clip_vit_b_32_linear_head,d32_right,2095,2095,1,0.9920478463172913,1,1,True
clip_vit_b_32,clip_vit_b_32_linear_head,d32_right,2109,2109,8,0.9668542146682739,8,8,True
clip_vit_b_32,clip_vit_b_32_linear_head,d32_right,2114,2114,9,0.9855935573577881,9,9,True
clip_vit_b_32,clip_vit_b_32_linear_head,d32_right,2116,2116,1,0.9684337973594666,1,1,True
clip_vit_b_32,clip_vit_b_32_linear_head,d32_right,2157,2157,1,0.9032753705978394,1,1,True
clip_vit_b_32,clip_vit_b_32_linear_head,d32_right,2167,2167,9,0.977340042591095,9,9,True
clip_vit_b_32,clip_vit_b_32_linear_head,d32_right,2178,2178,1,0.9536144137382507,1,1,True
clip_vit_b_32,clip_vit_b_32_linear_head,d32_right,2191,2191,8,0.9686639904975891,8,8,True
clip_vit_b_32,clip_vit_b_32_linear_head,d32_right,2230,2230,8,0.9096816182136536,8,8,True
clip_vit_b_32,clip_vit_b_32_linear_head,d32_right,2242,2242,0,0.9787139892578125,0,0,True
clip_vit_b_32,clip_vit_b_32_linear_head,d32_right,2265,2265,5,0.9890637993812561,5,5,True
clip_vit_b_32,clip_vit_b_32_linear_head,d32_right,2268,2268,5,0.954239547252655,5,5,True
clip_vit_b_32,clip_vit_b_32_linear_head,d32_right,2291,2291,3,0.9671001434326172,3,3,True
clip_vit_b_32,clip_vit_b_32_linear_head,d32_right,2334,2334,5,0.9849447011947632,5,5,True
clip_vit_b_32,clip_vit_b_32_linear_head,d32_right,2340,2340,8,0.9826979041099548,8,8,True
clip_vit_b_32,clip_vit_b_32_linear_head,d32_right,2342,2342,8,0.9740817546844482,8,8,True
clip_vit_b_32,clip_vit_b_32_linear_head,d32_right,2351,2351,9,0.9537818431854248,9,9,True
clip_vit_b_32,clip_vit_b_32_linear_head,d32_right,2391,2391,5,0.9216444492340088,5,5,True
clip_vit_b_32,clip_vit_b_32_linear_head,d32_right,2392,2392,2,0.9663782715797424,2,2,True
clip_vit_b_32,clip_vit_b_32_linear_head,d32_right,2399,2399,4,0.9817677140235901,4,4,True
clip_vit_b_32,clip_vit_b_32_linear_head,d32_right,2414,2414,9,0.9832363724708557,9,9,True
clip_vit_b_32,clip_vit_b_32_linear_head,d32_right,2427,2427,5,0.9763544797897339,5,5,True
clip_vit_b_32,clip_vit_b_32_linear_head,d32_right,2458,2458,5,0.982155978679657,5,5,True
clip_vit_b_32,clip_vit_b_32_linear_head,d32_right,2501,2501,7,0.9924517869949341,7,7,True
clip_vit_b_32,clip_vit_b_32_linear_head,d32_right,2502,2502,2,0.9675793647766113,2,2,True
clip_vit_b_32,clip_vit_b_32_linear_head,d32_right,2536,2536,3,0.9794317483901978,3,3,True
clip_vit_b_32,clip_vit_b_32_linear_head,d32_right,2539,2539,3,0.9614354968070984,3,3,True
clip_vit_b_32,clip_vit_b_32_linear_head,d32_right,2610,2610,6,0.9651041030883789,6,6,True
clip_vit_b_32,clip_vit_b_32_linear_head,d32_right,2623,2623,5,0.950643002986908,5,5,True
clip_vit_b_32,clip_vit_b_32_linear_head,d32_right,2655,2655,9,0.957267701625824,9,9,True
clip_vit_b_32,clip_vit_b_32_linear_head,d32_right,2668,2668,7,0.9922656416893005,7,7,True
clip_vit_b_32,clip_vit_b_32_linear_head,d32_right,2676,2676,6,0.961444079875946,6,6,True
clip_vit_b_32,clip_vit_b_32_linear_head,d32_right,2687,2687,1,0.9370030164718628,1,1,True
clip_vit_b_32,clip_vit_b_32_linear_head,d32_right,2690,2690,1,0.9347302317619324,1,1,True
clip_vit_b_32,clip_vit_b_32_linear_head,d32_right,2704,2704,4,0.99650639295578,4,4,True
clip_vit_b_32,clip_vit_b_32_linear_head,d32_right,2745,2745,8,0.9771327376365662,8,8,True
clip_vit_b_32,clip_vit_b_32_linear_head,d32_right,2746,2746,7,0.9804098606109619,7,7,True
clip_vit_b_32,clip_vit_b_32_linear_head,d32_right,2750,2750,0,0.9102256894111633,0,8,False
clip_vit_b_32,clip_vit_b_32_linear_head,d32_right,2754,2754,3,0.9944095015525818,3,3,True
clip_vit_b_32,clip_vit_b_32_linear_head,d32_right,2757,2757,4,0.9790825247764587,4,4,True
clip_vit_b_32,clip_vit_b_32_linear_head,d32_right,2766,2766,5,0.934397280216217,5,5,True
clip_vit_b_32,clip_vit_b_32_linear_head,d32_right,2807,2807,5,0.9265334010124207,5,5,True
clip_vit_b_32,clip_vit_b_32_linear_head,d32_right,2844,2844,8,0.9657546877861023,8,8,True
clip_vit_b_32,clip_vit_b_32_linear_head,d32_right,2854,2854,7,0.9960980415344238,7,7,True
clip_vit_b_32,clip_vit_b_32_linear_head,d32_right,2861,2861,3,0.9682613611221313,3,3,True
clip_vit_b_32,clip_vit_b_32_linear_head,d32_right,2888,2888,0,0.9537374973297119,0,0,True
clip_vit_b_32,clip_vit_b_32_linear_head,d32_right,2898,2898,4,0.9803956747055054,4,4,True
clip_vit_b_32,clip_vit_b_32_linear_head,d32_right,2950,2950,5,0.992300808429718,5,5,True
clip_vit_b_32,clip_vit_b_32_linear_head,d32_right,2958,2958,6,0.9617228507995605,6,6,True
clip_vit_b_32,clip_vit_b_32_linear_head,d32_right,3015,3015,8,0.9834105372428894,8,8,True
clip_vit_b_32,clip_vit_b_32_linear_head,d32_right,3024,3024,2,0.9575452208518982,2,2,True
clip_vit_b_32,clip_vit_b_32_linear_head,d32_right,3025,3025,0,0.9695631265640259,0,0,True
clip_vit_b_32,clip_vit_b_32_linear_head,d32_right,3034,3034,4,0.9869946837425232,4,4,True
clip_vit_b_32,clip_vit_b_32_linear_head,d32_right,3067,3067,2,0.9675607085227966,2,2,True
clip_vit_b_32,clip_vit_b_32_linear_head,d32_right,3078,3078,4,0.9499725699424744,4,4,True
clip_vit_b_32,clip_vit_b_32_linear_head,d32_right,3079,3079,1,0.9750714302062988,1,1,True
clip_vit_b_32,clip_vit_b_32_linear_head,d32_right,3083,3083,0,0.9863731265068054,0,0,True
clip_vit_b_32,clip_vit_b_32_linear_head,d32_right,3122,3122,4,0.9639727473258972,4,4,True
clip_vit_b_32,clip_vit_b_32_linear_head,d32_right,3153,3153,7,0.9878053069114685,7,7,True
clip_vit_b_32,clip_vit_b_32_linear_head,d32_right,3157,3157,8,0.977420449256897,8,8,True
clip_vit_b_32,clip_vit_b_32_linear_head,d32_right,3163,3163,2,0.9703859090805054,2,2,True
clip_vit_b_32,clip_vit_b_32_linear_head,d32_right,3179,3179,4,0.9820777773857117,4,4,True
clip_vit_b_32,clip_vit_b_32_linear_head,d32_right,3191,3191,6,0.9296159744262695,6,6,True
clip_vit_b_32,clip_vit_b_32_linear_head,d32_right,3276,3276,3,0.9232646226882935,7,7,True
clip_vit_b_32,clip_vit_b_32_linear_head,d32_right,3287,3287,4,0.983845055103302,4,4,True
clip_vit_b_32,clip_vit_b_32_linear_head,d32_right,3288,3288,7,0.9736545085906982,7,7,True
clip_vit_b_32,clip_vit_b_32_linear_head,d32_right,3292,3292,6,0.9536383748054504,6,6,True
clip_vit_b_32,clip_vit_b_32_linear_head,d32_right,3318,3318,9,0.9670401811599731,9,9,True
clip_vit_b_32,clip_vit_b_32_linear_head,d32_right,3347,3347,0,0.9865659475326538,0,0,True
clip_vit_b_32,clip_vit_b_32_linear_head,d32_right,3353,3353,5,0.9453065991401672,5,5,True
clip_vit_b_32,clip_vit_b_32_linear_head,d32_right,3362,3362,2,0.9600602388381958,2,2,True
clip_vit_b_32,clip_vit_b_32_linear_head,d32_right,3365,3365,4,0.9784344434738159,4,4,True
clip_vit_b_32,clip_vit_b_32_linear_head,d32_right,3375,3375,3,0.9864397048950195,3,3,True
clip_vit_b_32,clip_vit_b_32_linear_head,d32_right,3383,3383,3,0.9672842025756836,3,3,True
clip_vit_b_32,clip_vit_b_32_linear_head,d32_right,3404,3404,7,0.9702293276786804,7,7,True
clip_vit_b_32,clip_vit_b_32_linear_head,d32_right,3412,3412,8,0.9732905626296997,8,8,True
clip_vit_b_32,clip_vit_b_32_linear_head,d32_right,3413,3413,1,0.9852957129478455,1,1,True
clip_vit_b_32,clip_vit_b_32_linear_head,d32_right,3418,3418,6,0.9589184522628784,6,6,True
clip_vit_b_32,clip_vit_b_32_linear_head,d32_right,3437,3437,0,0.9586177468299866,0,0,True
clip_vit_b_32,clip_vit_b_32_linear_head,d32_right,3446,3446,7,0.9517691135406494,7,7,True
clip_vit_b_32,clip_vit_b_32_linear_head,d32_right,3454,3454,2,0.9575711488723755,2,2,True
clip_vit_b_32,clip_vit_b_32_linear_head,d32_right,3455,3455,0,0.9802070260047913,0,0,True
clip_vit_b_32,clip_vit_b_32_linear_head,d32_right,3458,3458,4,0.9757357239723206,4,4,True
clip_vit_b_32,clip_vit_b_32_linear_head,d32_right,3467,3467,7,0.9754153490066528,7,7,True
clip_vit_b_32,clip_vit_b_32_linear_head,d32_right,3491,3491,1,0.9392514228820801,1,1,True
clip_vit_b_32,clip_vit_b_32_linear_head,d32_right,3494,3494,6,0.9617350101470947,6,6,True
clip_vit_b_32,clip_vit_b_32_linear_head,d32_right,3512,3512,4,0.9789140820503235,4,4,True
clip_vit_b_32,clip_vit_b_32_linear_head,d32_right,3515,3515,6,0.9618277549743652,6,6,True
clip_vit_b_32,clip_vit_b_32_linear_head,d32_right,3542,3542,7,0.9525647759437561,7,7,True
clip_vit_b_32,clip_vit_b_32_linear_head,d32_right,3550,3550,1,0.9843412637710571,1,1,True
clip_vit_b_32,clip_vit_b_32_linear_head,d32_right,3562,3562,3,0.970207929611206,3,3,True
clip_vit_b_32,clip_vit_b_32_linear_head,d32_right,3755,3755,2,0.9405127167701721,2,2,True
clip_vit_b_32,clip_vit_b_32_linear_head,d32_right,3763,3763,4,0.9905030131340027,4,4,True
clip_vit_b_32,clip_vit_b_32_linear_head,d32_right,3777,3777,6,0.973793089389801,6,6,True
clip_vit_b_32,clip_vit_b_32_linear_head,d32_right,3778,3778,3,0.9643455147743225,3,3,True
clip_vit_b_32,clip_vit_b_32_linear_head,d32_right,3779,3779,6,0.9798771142959595,6,6,True
clip_vit_b_32,clip_vit_b_32_linear_head,d32_right,3844,3844,6,0.9461504817008972,6,6,True
clip_vit_b_32,clip_vit_b_32_linear_head,d32_right,3851,3851,3,0.9958803057670593,3,3,True
clip_vit_b_32,clip_vit_b_32_linear_head,d32_right,3852,3852,5,0.9596202969551086,5,5,True
clip_vit_b_32,clip_vit_b_32_linear_head,d32_right,3863,3863,5,0.9333242774009705,5,5,True
clip_vit_b_32,clip_vit_b_32_linear_head,d32_right,3867,3867,7,0.9842846393585205,7,7,True
clip_vit_b_32,clip_vit_b_32_linear_head,d32_right,3876,3876,0,0.9608641266822815,0,0,True
clip_vit_b_32,clip_vit_b_32_linear_head,d32_right,3889,3889,5,0.9753075838088989,5,5,True
clip_vit_b_32,clip_vit_b_32_linear_head,d32_right,3891,3891,4,0.967275857925415,4,4,True
clip_vit_b_32,clip_vit_b_32_linear_head,d32_right,3893,3893,9,0.9808856248855591,9,9,True
clip_vit_b_32,clip_vit_b_32_linear_head,d32_right,3905,3905,8,0.9884061813354492,8,8,True
clip_vit_b_32,clip_vit_b_32_linear_head,d32_right,3914,3914,3,0.9707282185554504,3,3,True
clip_vit_b_32,clip_vit_b_32_linear_head,d32_right,3937,3937,1,0.9969614744186401,1,1,True
clip_vit_b_32,clip_vit_b_32_linear_head,d32_right,3942,3942,9,0.9662359356880188,9,9,True
clip_vit_b_32,clip_vit_b_32_linear_head,d32_right,3948,3948,8,0.953233003616333,8,8,True
clip_vit_b_32,clip_vit_b_32_linear_head,d32_right,3962,3962,6,0.9792579412460327,6,6,True
clip_vit_b_32,clip_vit_b_32_linear_head,d32_right,3965,3965,0,0.9865999221801758,0,0,True
clip_vit_b_32,clip_vit_b_32_linear_head,d32_right,3994,3994,4,0.957317054271698,4,4,True
clip_vit_b_32,clip_vit_b_32_linear_head,d32_right,3996,3996,9,0.8616002798080444,9,9,True
clip_vit_b_32,clip_vit_b_32_linear_head,d32_right,4011,4011,6,0.9841493964195251,6,6,True
clip_vit_b_32,clip_vit_b_32_linear_head,d32_right,4023,4023,3,0.9574188590049744,3,3,True
clip_vit_b_32,clip_vit_b_32_linear_head,d32_right,4054,4054,4,0.9821882843971252,4,4,True
clip_vit_b_32,clip_vit_b_32_linear_head,d32_right,4065,4065,2,0.9502712488174438,2,2,True
clip_vit_b_32,clip_vit_b_32_linear_head,d32_right,4069,4069,8,0.9671897292137146,8,8,True
clip_vit_b_32,clip_vit_b_32_linear_head,d32_right,4093,4093,6,0.8818572163581848,6,6,True
clip_vit_b_32,clip_vit_b_32_linear_head,d32_right,4094,4094,9,0.9756376147270203,9,9,True
clip_vit_b_32,clip_vit_b_32_linear_head,d32_right,4106,4106,5,0.9530395269393921,5,5,True
clip_vit_b_32,clip_vit_b_32_linear_head,d32_right,4130,4130,0,0.9638459086418152,0,0,True
clip_vit_b_32,clip_vit_b_32_linear_head,d32_right,4168,4168,3,0.9808927178382874,3,3,True
clip_vit_b_32,clip_vit_b_32_linear_head,d32_right,4170,4170,8,0.9773842096328735,8,8,True
clip_vit_b_32,clip_vit_b_32_linear_head,d32_right,4172,4172,7,0.9601893424987793,7,7,True
clip_vit_b_32,clip_vit_b_32_linear_head,d32_right,4177,4177,8,0.9541206955909729,8,8,True
clip_vit_b_32,clip_vit_b_32_linear_head,d32_right,4215,4215,3,0.9359822273254395,3,3,True
clip_vit_b_32,clip_vit_b_32_linear_head,d32_right,4229,4229,3,0.9776948094367981,3,3,True
clip_vit_b_32,clip_vit_b_32_linear_head,d32_right,4236,4236,7,0.9672545194625854,7,7,True
clip_vit_b_32,clip_vit_b_32_linear_head,d32_right,4242,4242,8,0.9915298223495483,8,8,True
clip_vit_b_32,clip_vit_b_32_linear_head,d32_right,4254,4254,6,0.9643585085868835,6,6,True
clip_vit_b_32,clip_vit_b_32_linear_head,d32_right,4290,4290,5,0.9809054732322693,4,4,True
clip_vit_b_32,clip_vit_b_32_linear_head,d32_right,4298,4298,1,0.9656654596328735,1,1,True
clip_vit_b_32,clip_vit_b_32_linear_head,d32_right,4308,4308,7,0.9537603259086609,7,7,True
clip_vit_b_32,clip_vit_b_32_linear_head,d32_right,4311,4311,8,0.9742177724838257,8,8,True
clip_vit_b_32,clip_vit_b_32_linear_head,d32_right,4323,4323,3,0.8975979685783386,3,3,True
clip_vit_b_32,clip_vit_b_32_linear_head,d32_right,4330,4330,3,0.967774510383606,3,3,True
clip_vit_b_32,clip_vit_b_32_linear_head,d32_right,4341,4341,6,0.980873167514801,6,6,True
clip_vit_b_32,clip_vit_b_32_linear_head,d32_right,4355,4355,8,0.9791297912597656,8,8,True
clip_vit_b_32,clip_vit_b_32_linear_head,d32_right,4399,4399,0,0.9710140824317932,0,0,True
clip_vit_b_32,clip_vit_b_32_linear_head,d32_right,4403,4403,7,0.972383439540863,7,7,True
clip_vit_b_32,clip_vit_b_32_linear_head,d32_right,4411,4411,6,0.9746049642562866,6,6,True
clip_vit_b_32,clip_vit_b_32_linear_head,d32_right,4449,4449,9,0.9331581592559814,9,9,True
clip_vit_b_32,clip_vit_b_32_linear_head,d32_right,4463,4463,3,0.9578847885131836,3,3,True
clip_vit_b_32,clip_vit_b_32_linear_head,d32_right,4531,4531,3,0.9708418846130371,3,3,True
clip_vit_b_32,clip_vit_b_32_linear_head,d32_right,4539,4539,0,0.9827446937561035,0,0,True
clip_vit_b_32,clip_vit_b_32_linear_head,d32_right,4547,4547,5,0.9571234583854675,5,5,True
clip_vit_b_32,clip_vit_b_32_linear_head,d32_right,4552,4552,8,0.9712286591529846,8,8,True
clip_vit_b_32,clip_vit_b_32_linear_head,d32_right,4570,4570,5,0.9123657941818237,5,5,True
clip_vit_b_32,clip_vit_b_32_linear_head,d32_right,4590,4590,3,0.9819822311401367,3,3,True
clip_vit_b_32,clip_vit_b_32_linear_head,d32_right,4609,4609,3,0.951481819152832,3,3,True
clip_vit_b_32,clip_vit_b_32_linear_head,d32_right,4615,4615,0,0.972201943397522,0,0,True
clip_vit_b_32,clip_vit_b_32_linear_head,d32_right,4617,4617,0,0.9877857565879822,0,0,True
clip_vit_b_32,clip_vit_b_32_linear_head,d32_right,4620,4620,6,0.9902865886688232,6,6,True
clip_vit_b_32,clip_vit_b_32_linear_head,d32_right,4629,4629,4,0.9810477495193481,4,4,True
clip_vit_b_32,clip_vit_b_32_linear_head,d32_right,4640,4640,1,0.9730070233345032,1,1,True
clip_vit_b_32,clip_vit_b_32_linear_head,d32_right,4642,4642,4,0.9522223472595215,4,4,True
clip_vit_b_32,clip_vit_b_32_linear_head,d32_right,4661,4661,7,0.9646196365356445,7,7,True
clip_vit_b_32,clip_vit_b_32_linear_head,d32_right,4662,4662,8,0.9804435968399048,8,8,True
clip_vit_b_32,clip_vit_b_32_linear_head,d32_right,4675,4675,0,0.9866104125976562,0,0,True
clip_vit_b_32,clip_vit_b_32_linear_head,d32_right,4676,4676,8,0.9810165166854858,8,8,True
clip_vit_b_32,clip_vit_b_32_linear_head,d32_right,4704,4704,7,0.9702773094177246,7,7,True
clip_vit_b_32,clip_vit_b_32_linear_head,d32_right,4723,4723,9,0.9850888252258301,9,9,True
clip_vit_b_32,clip_vit_b_32_linear_head,d32_right,4731,4731,6,0.9752160906791687,6,6,True
clip_vit_b_32,clip_vit_b_32_linear_head,d32_right,4735,4735,2,0.9651626944541931,2,2,True
clip_vit_b_32,clip_vit_b_32_linear_head,d32_right,4740,4740,4,0.9821814298629761,4,4,True
clip_vit_b_32,clip_vit_b_32_linear_head,d32_right,4746,4746,6,0.9895204305648804,6,6,True
clip_vit_b_32,clip_vit_b_32_linear_head,d32_right,4748,4748,7,0.9640951752662659,7,7,True
clip_vit_b_32,clip_vit_b_32_linear_head,d32_right,4754,4754,6,0.9664204716682434,6,6,True
clip_vit_b_32,clip_vit_b_32_linear_head,d32_right,4785,4785,0,0.9530199766159058,0,0,True
clip_vit_b_32,clip_vit_b_32_linear_head,d32_right,4791,4791,7,0.9652976989746094,7,7,True
clip_vit_b_32,clip_vit_b_32_linear_head,d32_right,4819,4819,0,0.9852988719940186,0,0,True
clip_vit_b_32,clip_vit_b_32_linear_head,d32_right,4821,4821,3,0.9854206442832947,3,3,True
clip_vit_b_32,clip_vit_b_32_linear_head,d32_right,4827,4827,6,0.9913744926452637,6,6,True
clip_vit_b_32,clip_vit_b_32_linear_head,d32_right,4850,4850,5,0.9136365056037903,5,5,True
clip_vit_b_32,clip_vit_b_32_linear_head,d32_right,4881,4881,3,0.973971426486969,3,3,True
clip_vit_b_32,clip_vit_b_32_linear_head,d32_right,4893,4893,0,0.9928478002548218,0,0,True
clip_vit_b_32,clip_vit_b_32_linear_head,d32_right,4908,4908,3,0.9559618830680847,3,3,True
clip_vit_b_32,clip_vit_b_32_linear_head,d32_right,4913,4913,2,0.9563908576965332,2,2,True
clip_vit_b_32,clip_vit_b_32_linear_head,d32_right,4921,4921,2,0.9118289947509766,2,2,True
clip_vit_b_32,clip_vit_b_32_linear_head,d32_right,4953,4953,5,0.9585770964622498,5,5,True
clip_vit_b_32,clip_vit_b_32_linear_head,d32_right,4966,4966,5,0.9265258312225342,5,5,True
clip_vit_b_32,clip_vit_b_32_linear_head,d32_right,4990,4990,8,0.9686411023139954,8,8,True
clip_vit_b_32,clip_vit_b_32_linear_head,d32_right,5000,5000,8,0.9732723832130432,8,8,True
clip_vit_b_32,clip_vit_b_32_linear_head,d32_right,5030,5030,2,0.9584770202636719,2,2,True
clip_vit_b_32,clip_vit_b_32_linear_head,d32_right,5062,5062,4,0.9733307361602783,4,4,True
clip_vit_b_32,clip_vit_b_32_linear_head,d32_right,5077,5077,4,0.9865240454673767,4,4,True
clip_vit_b_32,clip_vit_b_32_linear_head,d32_right,5082,5082,6,0.9389168620109558,6,6,True
clip_vit_b_32,clip_vit_b_32_linear_head,d32_right,5092,5092,1,0.966225266456604,1,1,True
clip_vit_b_32,clip_vit_b_32_linear_head,d32_right,5101,5101,5,0.954802393913269,5,5,True
clip_vit_b_32,clip_vit_b_32_linear_head,d32_right,5117,5117,0,0.9732414484024048,0,0,True
clip_vit_b_32,clip_vit_b_32_linear_head,d32_right,5123,5123,1,0.9915226697921753,1,1,True
clip_vit_b_32,clip_vit_b_32_linear_head,d32_right,5135,5135,4,0.9465613961219788,4,4,True
clip_vit_b_32,clip_vit_b_32_linear_head,d32_right,5183,5183,2,0.9622336030006409,2,2,True
clip_vit_b_32,clip_vit_b_32_linear_head,d32_right,5213,5213,4,0.9751420021057129,4,4,True
clip_vit_b_32,clip_vit_b_32_linear_head,d32_right,5218,5218,2,0.9628366827964783,2,2,True
clip_vit_b_32,clip_vit_b_32_linear_head,d32_right,5220,5220,1,0.8937362432479858,7,1,False
clip_vit_b_32,clip_vit_b_32_linear_head,d32_right,5237,5237,2,0.9770990610122681,2,2,True
clip_vit_b_32,clip_vit_b_32_linear_head,d32_right,5256,5256,1,0.9609115123748779,1,1,True
clip_vit_b_32,clip_vit_b_32_linear_head,d32_right,5284,5284,9,0.9236071705818176,9,9,True
clip_vit_b_32,clip_vit_b_32_linear_head,d32_right,5301,5301,9,0.9284099340438843,9,9,True
clip_vit_b_32,clip_vit_b_32_linear_head,d32_right,5318,5318,2,0.9591432809829712,2,2,True
clip_vit_b_32,clip_vit_b_32_linear_head,d32_right,5332,5332,5,0.9403108358383179,5,5,True
clip_vit_b_32,clip_vit_b_32_linear_head,d32_right,5333,5333,2,0.9650567770004272,2,2,True
clip_vit_b_32,clip_vit_b_32_linear_head,d32_right,5360,5360,9,0.9610621333122253,9,9,True
clip_vit_b_32,clip_vit_b_32_linear_head,d32_right,5381,5381,5,0.976612389087677,5,5,True
clip_vit_b_32,clip_vit_b_32_linear_head,d32_right,5382,5382,6,0.9606959819793701,6,6,True
clip_vit_b_32,clip_vit_b_32_linear_head,d32_right,5395,5395,2,0.9446620345115662,2,2,True
clip_vit_b_32,clip_vit_b_32_linear_head,d32_right,5402,5402,4,0.9835851788520813,4,4,True
clip_vit_b_32,clip_vit_b_32_linear_head,d32_right,5408,5408,6,0.9681252837181091,6,6,True
clip_vit_b_32,clip_vit_b_32_linear_head,d32_right,5436,5436,7,0.9930711388587952,7,7,True
clip_vit_b_32,clip_vit_b_32_linear_head,d32_right,5447,5447,9,0.9793365597724915,9,9,True
clip_vit_b_32,clip_vit_b_32_linear_head,d32_right,5450,5450,7,0.9724063277244568,7,7,True
clip_vit_b_32,clip_vit_b_32_linear_head,d32_right,5451,5451,8,0.9890126585960388,8,8,True
clip_vit_b_32,clip_vit_b_32_linear_head,d32_right,5452,5452,9,0.9418352246284485,9,9,True
clip_vit_b_32,clip_vit_b_32_linear_head,d32_right,5467,5467,4,0.9873782992362976,4,4,True
clip_vit_b_32,clip_vit_b_32_linear_head,d32_right,5478,5478,0,0.9880000948905945,0,0,True
clip_vit_b_32,clip_vit_b_32_linear_head,d32_right,5488,5488,1,0.9459891319274902,1,1,True
clip_vit_b_32,clip_vit_b_32_linear_head,d32_right,5496,5496,5,0.9432516098022461,5,5,True
clip_vit_b_32,clip_vit_b_32_linear_head,d32_right,5508,5508,9,0.9834018349647522,9,9,True
clip_vit_b_32,clip_vit_b_32_linear_head,d32_right,5512,5512,2,0.8498374819755554,9,9,True
clip_vit_b_32,clip_vit_b_32_linear_head,d32_right,5525,5525,8,0.9497342109680176,8,8,True
clip_vit_b_32,clip_vit_b_32_linear_head,d32_right,5528,5528,3,0.9105783104896545,3,3,True
clip_vit_b_32,clip_vit_b_32_linear_head,d32_right,5556,5556,4,0.9870477914810181,4,4,True
clip_vit_b_32,clip_vit_b_32_linear_head,d32_right,5560,5560,1,0.9603497385978699,1,1,True
clip_vit_b_32,clip_vit_b_32_linear_head,d32_right,5572,5572,9,0.9735998511314392,9,9,True
clip_vit_b_32,clip_vit_b_32_linear_head,d32_right,5580,5580,6,0.9822996258735657,6,6,True
clip_vit_b_32,clip_vit_b_32_linear_head,d32_right,5590,5590,9,0.9839394092559814,9,9,True
clip_vit_b_32,clip_vit_b_32_linear_head,d32_right,5623,5623,4,0.984844446182251,4,4,True
clip_vit_b_32,clip_vit_b_32_linear_head,d32_right,5677,5677,2,0.920920193195343,2,2,True
clip_vit_b_32,clip_vit_b_32_linear_head,d32_right,5694,5694,8,0.9661728143692017,8,8,True
clip_vit_b_32,clip_vit_b_32_linear_head,d32_right,5701,5701,5,0.9016218781471252,5,5,True
clip_vit_b_32,clip_vit_b_32_linear_head,d32_right,5705,5705,8,0.9876716732978821,8,8,True
clip_vit_b_32,clip_vit_b_32_linear_head,d32_right,5719,5719,7,0.982351541519165,7,7,True
clip_vit_b_32,clip_vit_b_32_linear_head,d32_right,5729,5729,6,0.9619889259338379,6,6,True
clip_vit_b_32,clip_vit_b_32_linear_head,d32_right,5756,5756,2,0.9743859171867371,2,2,True
clip_vit_b_32,clip_vit_b_32_linear_head,d32_right,5788,5788,9,0.9694646000862122,9,9,True
clip_vit_b_32,clip_vit_b_32_linear_head,d32_right,5789,5789,4,0.9736700057983398,4,4,True
clip_vit_b_32,clip_vit_b_32_linear_head,d32_right,5824,5824,2,0.9621922969818115,2,2,True
clip_vit_b_32,clip_vit_b_32_linear_head,d32_right,5848,5848,7,0.9800335764884949,7,7,True
clip_vit_b_32,clip_vit_b_32_linear_head,d32_right,5851,5851,9,0.985724925994873,9,9,True
clip_vit_b_32,clip_vit_b_32_linear_head,d32_right,5857,5857,6,0.9543657302856445,6,6,True
clip_vit_b_32,clip_vit_b_32_linear_head,d32_right,5858,5858,6,0.9451895952224731,6,6,True
clip_vit_b_32,clip_vit_b_32_linear_head,d32_right,5912,5912,0,0.9756354093551636,0,0,True
clip_vit_b_32,clip_vit_b_32_linear_head,d32_right,5915,5915,9,0.9495534300804138,9,9,True
clip_vit_b_32,clip_vit_b_32_linear_head,d32_right,5918,5918,0,0.9900716543197632,0,0,True
clip_vit_b_32,clip_vit_b_32_linear_head,d32_right,5924,5924,5,0.9881495237350464,5,5,True
clip_vit_b_32,clip_vit_b_32_linear_head,d32_right,5977,5977,7,0.9772084355354309,7,7,True
clip_vit_b_32,clip_vit_b_32_linear_head,d32_right,5981,5981,9,0.9780733585357666,9,9,True
clip_vit_b_32,clip_vit_b_32_linear_head,d32_right,5999,5999,0,0.9608221650123596,0,0,True
clip_vit_b_32,clip_vit_b_32_linear_head,d32_right,6028,6028,2,0.9682513475418091,2,2,True
clip_vit_b_32,clip_vit_b_32_linear_head,d32_right,6033,6033,4,0.9750490784645081,4,4,True
clip_vit_b_32,clip_vit_b_32_linear_head,d32_right,6076,6076,1,0.9536182880401611,1,1,True
clip_vit_b_32,clip_vit_b_32_linear_head,d32_right,6084,6084,7,0.9637495875358582,7,7,True
clip_vit_b_32,clip_vit_b_32_linear_head,d32_right,6097,6097,4,0.9906459450721741,4,4,True
clip_vit_b_32,clip_vit_b_32_linear_head,d32_right,6169,6169,1,0.9772118926048279,1,1,True
clip_vit_b_32,clip_vit_b_32_linear_head,d32_right,6190,6190,7,0.9879618883132935,7,7,True
clip_vit_b_32,clip_vit_b_32_linear_head,d32_right,6224,6224,5,0.9177175760269165,5,4,False
clip_vit_b_32,clip_vit_b_32_linear_head,d32_right,6244,6244,2,0.9125686287879944,2,2,True
clip_vit_b_32,clip_vit_b_32_linear_head,d32_right,6264,6264,2,0.9145234823226929,2,2,True
clip_vit_b_32,clip_vit_b_32_linear_head,d32_right,6271,6271,2,0.9350197315216064,2,2,True
clip_vit_b_32,clip_vit_b_32_linear_head,d32_right,6288,6288,4,0.9683403968811035,4,4,True
clip_vit_b_32,clip_vit_b_32_linear_head,d32_right,6332,6332,2,0.9768998622894287,2,2,True
clip_vit_b_32,clip_vit_b_32_linear_head,d32_right,6349,6349,1,0.9630904197692871,1,1,True
clip_vit_b_32,clip_vit_b_32_linear_head,d32_right,6354,6354,2,0.9460505247116089,2,2,True
clip_vit_b_32,clip_vit_b_32_linear_head,d32_right,6358,6358,5,0.9660561680793762,5,5,True
clip_vit_b_32,clip_vit_b_32_linear_head,d32_right,6381,6381,6,0.9692495465278625,6,6,True
clip_vit_b_32,clip_vit_b_32_linear_head,d32_right,6414,6414,5,0.8646207451820374,5,5,True
clip_vit_b_32,clip_vit_b_32_linear_head,d32_right,6426,6426,2,0.9642734527587891,2,2,True
clip_vit_b_32,clip_vit_b_32_linear_head,d32_right,6434,6434,8,0.9743650555610657,8,8,True
clip_vit_b_32,clip_vit_b_32_linear_head,d32_right,6437,6437,0,0.9538342952728271,0,0,True
clip_vit_b_32,clip_vit_b_32_linear_head,d32_right,6455,6455,0,0.9666773080825806,0,0,True
clip_vit_b_32,clip_vit_b_32_linear_head,d32_right,6490,6490,3,0.9604142904281616,3,3,True
clip_vit_b_32,clip_vit_b_32_linear_head,d32_right,6503,6503,2,0.9495927095413208,2,2,True
clip_vit_b_32,clip_vit_b_32_linear_head,d32_right,6508,6508,4,0.9967072010040283,4,4,True
clip_vit_b_32,clip_vit_b_32_linear_head,d32_right,6528,6528,4,0.9472209811210632,4,4,True
clip_vit_b_32,clip_vit_b_32_linear_head,d32_right,6594,6594,1,0.9817142486572266,1,1,True
clip_vit_b_32,clip_vit_b_32_linear_head,d32_right,6609,6609,0,0.9828002452850342,0,0,True
clip_vit_b_32,clip_vit_b_32_linear_head,d32_right,6616,6616,2,0.9550203680992126,2,2,True
clip_vit_b_32,clip_vit_b_32_linear_head,d32_right,6650,6650,7,0.9175366163253784,7,7,True
clip_vit_b_32,clip_vit_b_32_linear_head,d32_right,6689,6689,8,0.9812297821044922,8,8,True
clip_vit_b_32,clip_vit_b_32_linear_head,d32_right,6692,6692,2,0.9674648642539978,2,2,True
clip_vit_b_32,clip_vit_b_32_linear_head,d32_right,6713,6713,6,0.9740512371063232,6,6,True
clip_vit_b_32,clip_vit_b_32_linear_head,d32_right,6716,6716,5,0.94721519947052,5,5,True
clip_vit_b_32,clip_vit_b_32_linear_head,d32_right,6726,6726,7,0.9769052267074585,7,7,True
clip_vit_b_32,clip_vit_b_32_linear_head,d32_right,6733,6733,1,0.9734046459197998,1,1,True
clip_vit_b_32,clip_vit_b_32_linear_head,d32_right,6772,6772,7,0.9687554836273193,7,7,True
clip_vit_b_32,clip_vit_b_32_linear_head,d32_right,6805,6805,1,0.9974566102027893,1,1,True
clip_vit_b_32,clip_vit_b_32_linear_head,d32_right,6836,6836,1,0.9392269253730774,1,1,True
clip_vit_b_32,clip_vit_b_32_linear_head,d32_right,6844,6844,0,0.97328120470047,0,0,True
clip_vit_b_32,clip_vit_b_32_linear_head,d32_right,6922,6922,5,0.9245866537094116,5,5,True
clip_vit_b_32,clip_vit_b_32_linear_head,d32_right,6931,6931,9,0.9815715551376343,9,9,True
clip_vit_b_32,clip_vit_b_32_linear_head,d32_right,6938,6938,1,0.9820676445960999,1,1,True
clip_vit_b_32,clip_vit_b_32_linear_head,d32_right,6952,6952,3,0.9157873392105103,3,3,True
clip_vit_b_32,clip_vit_b_32_linear_head,d32_right,6954,6954,1,0.9838493466377258,1,1,True
clip_vit_b_32,clip_vit_b_32_linear_head,d32_right,6986,6986,0,0.9817042350769043,0,0,True
clip_vit_b_32,clip_vit_b_32_linear_head,d32_right,6989,6989,5,0.9538173675537109,5,5,True
clip_vit_b_32,clip_vit_b_32_linear_head,d32_right,7009,7009,0,0.9623319506645203,0,0,True
clip_vit_b_32,clip_vit_b_32_linear_head,d32_right,7029,7029,1,0.9588514566421509,1,1,True
clip_vit_b_32,clip_vit_b_32_linear_head,d32_right,7033,7033,1,0.9540351629257202,1,1,True
clip_vit_b_32,clip_vit_b_32_linear_head,d32_right,7041,7041,5,0.9768423438072205,5,5,True
clip_vit_b_32,clip_vit_b_32_linear_head,d32_right,7047,7047,9,0.9821885228157043,9,9,True
clip_vit_b_32,clip_vit_b_32_linear_head,d32_right,7081,7081,7,0.9827724695205688,7,7,True
clip_vit_b_32,clip_vit_b_32_linear_head,d32_right,7084,7084,2,0.9780550599098206,2,2,True
clip_vit_b_32,clip_vit_b_32_linear_head,d32_right,7108,7108,6,0.9777704477310181,6,6,True
clip_vit_b_32,clip_vit_b_32_linear_head,d32_right,7130,7130,5,0.9781390428543091,5,5,True
clip_vit_b_32,clip_vit_b_32_linear_head,d32_right,7138,7138,8,0.9843461513519287,8,8,True
clip_vit_b_32,clip_vit_b_32_linear_head,d32_right,7150,7150,0,0.9583131670951843,0,0,True
clip_vit_b_32,clip_vit_b_32_linear_head,d32_right,7202,7202,1,0.9836078882217407,1,1,True
clip_vit_b_32,clip_vit_b_32_linear_head,d32_right,7262,7262,0,0.9757871031761169,0,0,True
clip_vit_b_32,clip_vit_b_32_linear_head,d32_right,7266,7266,9,0.925561785697937,9,9,True
clip_vit_b_32,clip_vit_b_32_linear_head,d32_right,7270,7270,7,0.9524915218353271,7,7,True
clip_vit_b_32,clip_vit_b_32_linear_head,d32_right,7309,7309,0,0.9592599868774414,0,0,True
clip_vit_b_32,clip_vit_b_32_linear_head,d32_right,7320,7320,0,0.9642294645309448,0,0,True
clip_vit_b_32,clip_vit_b_32_linear_head,d32_right,7338,7338,6,0.9783756136894226,6,6,True
clip_vit_b_32,clip_vit_b_32_linear_head,d32_right,7372,7372,0,0.9581957459449768,0,0,True
clip_vit_b_32,clip_vit_b_32_linear_head,d32_right,7373,7373,0,0.9761402010917664,0,0,True
clip_vit_b_32,clip_vit_b_32_linear_head,d32_right,7380,7380,9,0.9741164445877075,9,9,True
clip_vit_b_32,clip_vit_b_32_linear_head,d32_right,7390,7390,1,0.9576945900917053,1,1,True
clip_vit_b_32,clip_vit_b_32_linear_head,d32_right,7413,7413,5,0.9695127010345459,3,3,True
clip_vit_b_32,clip_vit_b_32_linear_head,d32_right,7416,7416,3,0.9676835536956787,3,3,True
clip_vit_b_32,clip_vit_b_32_linear_head,d32_right,7425,7425,2,0.9650149941444397,2,2,True
clip_vit_b_32,clip_vit_b_32_linear_head,d32_right,7446,7446,8,0.9633724689483643,8,8,True
clip_vit_b_32,clip_vit_b_32_linear_head,d32_right,7460,7460,8,0.9839649200439453,8,8,True
clip_vit_b_32,clip_vit_b_32_linear_head,d32_right,7465,7465,0,0.975562334060669,0,0,True
clip_vit_b_32,clip_vit_b_32_linear_head,d32_right,7474,7474,5,0.9726579785346985,5,5,True
clip_vit_b_32,clip_vit_b_32_linear_head,d32_right,7475,7475,4,0.9789430499076843,4,4,True
clip_vit_b_32,clip_vit_b_32_linear_head,d32_right,7476,7476,8,0.9772258400917053,8,8,True
clip_vit_b_32,clip_vit_b_32_linear_head,d32_right,7544,7544,9,0.9637378454208374,9,9,True
clip_vit_b_32,clip_vit_b_32_linear_head,d32_right,7555,7555,6,0.9315248131752014,6,6,True
clip_vit_b_32,clip_vit_b_32_linear_head,d32_right,7600,7600,6,0.9860260486602783,6,6,True
clip_vit_b_32,clip_vit_b_32_linear_head,d32_right,7610,7610,4,0.9791041016578674,4,4,True
clip_vit_b_32,clip_vit_b_32_linear_head,d32_right,7634,7634,0,0.9701770544052124,0,0,True
clip_vit_b_32,clip_vit_b_32_linear_head,d32_right,7692,7692,4,0.9772011041641235,4,4,True
clip_vit_b_32,clip_vit_b_32_linear_head,d32_right,7706,7706,5,0.9769734740257263,5,5,True
clip_vit_b_32,clip_vit_b_32_linear_head,d32_right,7726,7726,6,0.9881623387336731,6,6,True
clip_vit_b_32,clip_vit_b_32_linear_head,d32_right,7744,7744,3,0.963959276676178,3,3,True
clip_vit_b_32,clip_vit_b_32_linear_head,d32_right,7752,7752,9,0.9683114290237427,9,9,True
clip_vit_b_32,clip_vit_b_32_linear_head,d32_right,7776,7776,5,0.9394286870956421,5,6,False
clip_vit_b_32,clip_vit_b_32_linear_head,d32_right,7779,7779,6,0.8772704005241394,6,6,True
clip_vit_b_32,clip_vit_b_32_linear_head,d32_right,7781,7781,6,0.9811272621154785,6,6,True
clip_vit_b_32,clip_vit_b_32_linear_head,d32_right,7793,7793,3,0.9444302320480347,3,3,True
clip_vit_b_32,clip_vit_b_32_linear_head,d32_right,7797,7797,3,0.9704393148422241,3,3,True
clip_vit_b_32,clip_vit_b_32_linear_head,d32_right,7810,7810,8,0.9520622491836548,8,8,True
clip_vit_b_32,clip_vit_b_32_linear_head,d32_right,7818,7818,8,0.9886794090270996,8,8,True
clip_vit_b_32,clip_vit_b_32_linear_head,d32_right,7835,7835,7,0.9706432819366455,7,7,True
clip_vit_b_32,clip_vit_b_32_linear_head,d32_right,7864,7864,4,0.9805094599723816,4,4,True
clip_vit_b_32,clip_vit_b_32_linear_head,d32_right,7875,7875,8,0.9689011573791504,8,8,True
clip_vit_b_32,clip_vit_b_32_linear_head,d32_right,7938,7938,9,0.9787912964820862,9,9,True
clip_vit_b_32,clip_vit_b_32_linear_head,d32_right,7940,7940,4,0.9563004374504089,4,4,True
clip_vit_b_32,clip_vit_b_32_linear_head,d32_right,7944,7944,4,0.9888729453086853,4,4,True
clip_vit_b_32,clip_vit_b_32_linear_head,d32_right,7955,7955,1,0.9388889074325562,1,1,True
clip_vit_b_32,clip_vit_b_32_linear_head,d32_right,7995,7995,9,0.9639338254928589,9,9,True
clip_vit_b_32,clip_vit_b_32_linear_head,d32_right,7996,7996,6,0.9263959527015686,6,6,True
clip_vit_b_32,clip_vit_b_32_linear_head,d32_right,7999,7999,8,0.9832430481910706,8,8,True
