backbone,predictor,condition,transformed_identifier,clean_official_index,true_class_id,cosine_similarity,clean_predicted_class_id,transformed_predicted_class_id,prediction_consistent
resnet50,resnet50_linear_head,grayscale,3,3,0,0.8663442730903625,0,0,True
resnet50,resnet50_linear_head,grayscale,29,29,7,1.0,7,7,True
resnet50,resnet50_linear_head,grayscale,35,35,2,0.8046995401382446,2,2,True
resnet50,resnet50_linear_head,grayscale,42,42,0,0.9738383293151855,0,0,True
resnet50,resnet50_linear_head,grayscale,49,49,2,0.8343777656555176,2,2,True
resnet50,resnet50_linear_head,grayscale,81,81,0,0.9999998807907104,0,0,True
resnet50,resnet50_linear_head,grayscale,95,95,1,0.8821617960929871,1,1,True
resnet50,resnet50_linear_head,grayscale,97,97,5,0.7278681397438049,5,5,True
resnet50,resnet50_linear_head,grayscale,116,116,1,0.7037398219108582,1,1,True
resnet50,resnet50_linear_head,grayscale,131,131,9,0.8656819462776184,9,9,True
resnet50,resnet50_linear_head,grayscale,151,151,8,0.682158350944519,8,8,True
resnet50,resnet50_linear_head,grayscale,171,171,4,0.8226706385612488,4,4,True
resnet50,resnet50_linear_head,grayscale,176,176,3,0.8016184568405151,3,3,True
resnet50,resnet50_linear_head,grayscale,191,191,9,0.862644612789154,9,2,False
resnet50,resnet50_linear_head,grayscale,194,194,8,0.8585271835327148,8,8,True
resnet50,resnet50_linear_head,grayscale,198,198,1,0.6717017889022827,1,1,True
resnet50,resnet50_linear_head,grayscale,239,239,9,0.8568766117095947,9,9,True
resnet50,resnet50_linear_head,grayscale,261,261,1,0.7796264290809631,1,1,True
resnet50,resnet50_linear_head,grayscale,269,269,7,0.7386202812194824,7,7,True
resnet50,resnet50_linear_head,grayscale,276,276,9,0.8310980200767517,9,9,True
resnet50,resnet50_linear_head,grayscale,303,303,9,0.9058173298835754,9,9,True
resnet50,resnet50_linear_head,grayscale,304,304,1,0.6255800127983093,1,1,True
resnet50,resnet50_linear_head,grayscale,317,317,2,0.8424317240715027,2,2,True
resnet50,resnet50_linear_head,grayscale,319,319,5,0.8311231732368469,5,5,True
resnet50,resnet50_linear_head,grayscale,323,323,7,0.9528687000274658,7,7,True
resnet50,resnet50_linear_head,grayscale,365,365,3,0.7291501760482788,3,3,True
resnet50,resnet50_linear_head,grayscale,370,370,7,0.8014388680458069,7,7,True
resnet50,resnet50_linear_head,grayscale,372,372,3,0.7494274973869324,3,3,True
resnet50,resnet50_linear_head,grayscale,378,378,5,0.7667005658149719,5,5,True
resnet50,resnet50_linear_head,grayscale,391,391,3,0.8352270126342773,3,3,True
resnet50,resnet50_linear_head,grayscale,409,409,2,0.849412202835083,2,2,True
resnet50,resnet50_linear_head,grayscale,419,419,9,0.929437518119812,9,9,True
resnet50,resnet50_linear_head,grayscale,449,449,6,0.8333737850189209,6,6,True
resnet50,resnet50_linear_head,grayscale,470,470,2,0.8295383453369141,2,2,True
resnet50,resnet50_linear_head,grayscale,483,483,2,0.6861043572425842,2,2,True
resnet50,resnet50_linear_head,grayscale,484,484,0,0.7025977969169617,0,0,True
resnet50,resnet50_linear_head,grayscale,506,506,4,0.6949824094772339,4,4,True
resnet50,resnet50_linear_head,grayscale,545,545,6,0.8296272158622742,6,2,False
resnet50,resnet50_linear_head,grayscale,562,562,0,0.8677695989608765,0,0,True
resnet50,resnet50_linear_head,grayscale,568,568,5,0.8806333541870117,5,5,True
resnet50,resnet50_linear_head,grayscale,603,603,9,0.9087725281715393,9,9,True
resnet50,resnet50_linear_head,grayscale,632,632,3,0.8603205680847168,3,3,True
resnet50,resnet50_linear_head,grayscale,645,645,5,0.8269012570381165,5,5,True
resnet50,resnet50_linear_head,grayscale,667,667,8,0.8791016340255737,8,8,True
resnet50,resnet50_linear_head,grayscale,672,672,3,0.8190006613731384,3,3,True
resnet50,resnet50_linear_head,grayscale,677,677,3,0.8469013571739197,3,3,True
resnet50,resnet50_linear_head,grayscale,685,685,5,0.826056957244873,5,5,True
resnet50,resnet50_linear_head,grayscale,691,691,4,0.7689290642738342,4,4,True
resnet50,resnet50_linear_head,grayscale,706,706,8,0.8843111991882324,8,8,True
resnet50,resnet50_linear_head,grayscale,714,714,2,0.7916677594184875,2,2,True
resnet50,resnet50_linear_head,grayscale,716,716,8,0.8171644806861877,8,8,True
resnet50,resnet50_linear_head,grayscale,738,738,3,0.8121787309646606,3,3,True
resnet50,resnet50_linear_head,grayscale,739,739,8,0.8378081917762756,8,8,True
resnet50,resnet50_linear_head,grayscale,766,766,4,0.6043209433555603,6,6,True
resnet50,resnet50_linear_head,grayscale,791,791,3,0.8908703327178955,3,3,True
resnet50,resnet50_linear_head,grayscale,805,805,9,0.8023996353149414,9,9,True
resnet50,resnet50_linear_head,grayscale,825,825,1,0.8819199800491333,1,1,True
resnet50,resnet50_linear_head,grayscale,852,852,9,0.8618640899658203,9,9,True
resnet50,resnet50_linear_head,grayscale,855,855,4,0.8203226327896118,4,4,True
resnet50,resnet50_linear_head,grayscale,873,873,6,0.8867381811141968,6,6,True
resnet50,resnet50_linear_head,grayscale,890,890,6,0.7953783273696899,6,6,True
resnet50,resnet50_linear_head,grayscale,920,920,6,0.8212025761604309,6,6,True
resnet50,resnet50_linear_head,grayscale,929,929,6,0.7406011819839478,6,6,True
resnet50,resnet50_linear_head,grayscale,962,962,8,0.7403000593185425,8,8,True
resnet50,resnet50_linear_head,grayscale,964,964,6,0.8848506808280945,6,6,True
resnet50,resnet50_linear_head,grayscale,977,977,6,0.6834832429885864,6,6,True
resnet50,resnet50_linear_head,grayscale,979,979,3,0.8738248944282532,3,3,True
resnet50,resnet50_linear_head,grayscale,981,981,2,0.8919655680656433,2,2,True
resnet50,resnet50_linear_head,grayscale,1022,1022,9,0.8445522785186768,9,9,True
resnet50,resnet50_linear_head,grayscale,1032,1032,7,0.5159610509872437,7,7,True
resnet50,resnet50_linear_head,grayscale,1048,1048,7,0.6901998519897461,7,7,True
resnet50,resnet50_linear_head,grayscale,1090,1090,1,0.8230794072151184,1,1,True
resnet50,resnet50_linear_head,grayscale,1095,1095,5,0.8040831089019775,5,5,True
resnet50,resnet50_linear_head,grayscale,1109,1109,1,0.7937065362930298,1,1,True
resnet50,resnet50_linear_head,grayscale,1111,1111,4,0.7072174549102783,4,4,True
resnet50,resnet50_linear_head,grayscale,1115,1115,1,0.8326513171195984,1,1,True
resnet50,resnet50_linear_head,grayscale,1124,1124,4,0.6795258522033691,4,4,True
resnet50,resnet50_linear_head,grayscale,1129,1129,8,0.7927696108818054,8,8,True
resnet50,resnet50_linear_head,grayscale,1175,1175,0,0.9088877439498901,0,0,True
resnet50,resnet50_linear_head,grayscale,1202,1202,2,0.7241004109382629,2,2,True
resnet50,resnet50_linear_head,grayscale,1204,1204,3,0.8822821974754333,3,3,True
resnet50,resnet50_linear_head,grayscale,1211,1211,4,0.6624733209609985,4,4,True
resnet50,resnet50_linear_head,grayscale,1220,1220,7,0.6967368125915527,7,7,True
resnet50,resnet50_linear_head,grayscale,1230,1230,1,0.771151065826416,1,1,True
resnet50,resnet50_linear_head,grayscale,1247,1247,8,0.7100843191146851,8,8,True
resnet50,resnet50_linear_head,grayscale,1263,1263,3,0.7619515657424927,3,3,True
resnet50,resnet50_linear_head,grayscale,1266,1266,4,0.6646307110786438,4,4,True
resnet50,resnet50_linear_head,grayscale,1287,1287,7,0.7575613856315613,7,7,True
resnet50,resnet50_linear_head,grayscale,1296,1296,7,0.5476903915405273,7,7,True
resnet50,resnet50_linear_head,grayscale,1370,1370,3,0.712968647480011,3,3,True
resnet50,resnet50_linear_head,grayscale,1389,1389,0,0.8959630131721497,0,0,True
resnet50,resnet50_linear_head,grayscale,1401,1401,3,0.8423259854316711,3,3,True
resnet50,resnet50_linear_head,grayscale,1403,1403,2,0.8570126891136169,2,2,True
resnet50,resnet50_linear_head,grayscale,1411,1411,9,0.9242759346961975,9,9,True
resnet50,resnet50_linear_head,grayscale,1429,1429,4,0.7739621996879578,4,4,True
resnet50,resnet50_linear_head,grayscale,1430,1430,9,0.7968173623085022,9,9,True
resnet50,resnet50_linear_head,grayscale,1431,1431,3,0.8601022362709045,3,3,True
resnet50,resnet50_linear_head,grayscale,1436,1436,1,0.6159812808036804,1,1,True
resnet50,resnet50_linear_head,grayscale,1440,1440,7,0.8476554155349731,7,7,True
resnet50,resnet50_linear_head,grayscale,1468,1468,9,0.8272386789321899,9,9,True
resnet50,resnet50_linear_head,grayscale,1473,1473,7,0.7900481224060059,7,7,True
resnet50,resnet50_linear_head,grayscale,1515,1515,9,0.8585364818572998,9,9,True
resnet50,resnet50_linear_head,grayscale,1520,1520,2,0.8794834613800049,2,2,True
resnet50,resnet50_linear_head,grayscale,1531,1531,3,0.7073864340782166,3,3,True
resnet50,resnet50_linear_head,grayscale,1534,1534,6,0.9724038243293762,6,6,True
resnet50,resnet50_linear_head,grayscale,1552,1552,5,0.8331568837165833,5,5,True
resnet50,resnet50_linear_head,grayscale,1553,1553,0,0.9050476551055908,0,0,True
resnet50,resnet50_linear_head,grayscale,1563,1563,3,0.7883115410804749,3,3,True
resnet50,resnet50_linear_head,grayscale,1568,1568,1,0.6514440774917603,1,1,True
resnet50,resnet50_linear_head,grayscale,1579,1579,7,0.7894381880760193,7,7,True
resnet50,resnet50_linear_head,grayscale,1586,1586,2,0.884084939956665,2,2,True
resnet50,resnet50_linear_head,grayscale,1596,1596,0,0.7375494241714478,0,0,True
resnet50,resnet50_linear_head,grayscale,1626,1626,5,0.8448400497436523,5,5,True
resnet50,resnet50_linear_head,grayscale,1640,1640,8,0.8087526559829712,8,8,True
resnet50,resnet50_linear_head,grayscale,1644,1644,5,0.7436813116073608,5,5,True
resnet50,resnet50_linear_head,grayscale,1648,1648,0,0.9000285863876343,0,0,True
resnet50,resnet50_linear_head,grayscale,1654,1654,9,0.754340410232544,9,9,True
resnet50,resnet50_linear_head,grayscale,1667,1667,6,1.0,6,6,True
resnet50,resnet50_linear_head,grayscale,1703,1703,7,0.5302475094795227,7,7,True
resnet50,resnet50_linear_head,grayscale,1711,1711,7,0.6767549514770508,7,7,True
resnet50,resnet50_linear_head,grayscale,1771,1771,7,0.880142867565155,7,4,False
resnet50,resnet50_linear_head,grayscale,1783,1783,8,0.713844358921051,8,8,True
resnet50,resnet50_linear_head,grayscale,1814,1814,2,0.8519513607025146,2,2,True
resnet50,resnet50_linear_head,grayscale,1833,1833,8,0.8616635203361511,8,8,True
resnet50,resnet50_linear_head,grayscale,1836,1836,9,0.7660930752754211,9,9,True
resnet50,resnet50_linear_head,grayscale,1839,1839,2,0.9264513254165649,2,2,True
resnet50,resnet50_linear_head,grayscale,1852,1852,1,0.8244766592979431,1,1,True
resnet50,resnet50_linear_head,grayscale,1871,1871,1,0.7763627767562866,1,1,True
resnet50,resnet50_linear_head,grayscale,1877,1877,5,0.46262988448143005,5,4,False
resnet50,resnet50_linear_head,grayscale,1884,1884,7,0.6796784400939941,7,7,True
resnet50,resnet50_linear_head,grayscale,1927,1927,7,0.8942489624023438,7,7,True
resnet50,resnet50_linear_head,grayscale,1954,1954,8,0.7962417602539062,8,0,False
resnet50,resnet50_linear_head,grayscale,1956,1956,7,0.6489267945289612,3,7,False
resnet50,resnet50_linear_head,grayscale,1960,1960,4,0.6995391845703125,4,4,True
resnet50,resnet50_linear_head,grayscale,1977,1977,0,0.8961454033851624,0,0,True
resnet50,resnet50_linear_head,grayscale,1986,1986,1,0.6181532740592957,1,1,True
resnet50,resnet50_linear_head,grayscale,1993,1993,1,0.7273064851760864,1,1,True
resnet50,resnet50_linear_head,grayscale,2003,2003,6,0.6052846312522888,6,6,True
resnet50,resnet50_linear_head,grayscale,2011,2011,9,0.8957762122154236,9,9,True
resnet50,resnet50_linear_head,grayscale,2024,2024,0,0.6962838172912598,0,0,True
resnet50,resnet50_linear_head,grayscale,2028,2028,3,0.7419799566268921,3,3,True
resnet50,resnet50_linear_head,grayscale,2062,2062,9,0.918921172618866,9,9,True
resnet50,resnet50_linear_head,grayscale,2070,2070,1,0.5894952416419983,1,1,True
resnet50,resnet50_linear_head,grayscale,2082,2082,2,0.6909611821174622,2,2,True
resnet50,resnet50_linear_head,grayscale,2095,2095,1,0.7639344930648804,1,1,True
resnet50,resnet50_linear_head,grayscale,2109,2109,8,0.8357704877853394,8,8,True
resnet50,resnet50_linear_head,grayscale,2114,2114,9,0.8573974370956421,9,9,True
resnet50,resnet50_linear_head,grayscale,2116,2116,1,0.7244440913200378,3,3,True
resnet50,resnet50_linear_head,grayscale,2157,2157,1,0.7775787115097046,1,1,True
resnet50,resnet50_linear_head,grayscale,2167,2167,9,0.7761757373809814,9,9,True
resnet50,resnet50_linear_head,grayscale,2178,2178,1,0.8662703633308411,1,1,True
resnet50,resnet50_linear_head,grayscale,2191,2191,8,0.764220118522644,8,8,True
resnet50,resnet50_linear_head,grayscale,2230,2230,8,0.7578623294830322,8,8,True
resnet50,resnet50_linear_head,grayscale,2242,2242,0,0.7447704076766968,0,0,True
resnet50,resnet50_linear_head,grayscale,2265,2265,5,0.6785451173782349,5,5,True
resnet50,resnet50_linear_head,grayscale,2268,2268,5,0.8270723819732666,5,5,True
resnet50,resnet50_linear_head,grayscale,2291,2291,3,0.7455483675003052,3,3,True
resnet50,resnet50_linear_head,grayscale,2334,2334,5,0.6925415992736816,5,5,True
resnet50,resnet50_linear_head,grayscale,2340,2340,8,0.8920812010765076,8,8,True
resnet50,resnet50_linear_head,grayscale,2342,2342,8,0.6395840048789978,8,8,True
resnet50,resnet50_linear_head,grayscale,2351,2351,9,0.9021900296211243,9,9,True
resnet50,resnet50_linear_head,grayscale,2391,2391,5,0.6969203948974609,5,5,True
resnet50,resnet50_linear_head,grayscale,2392,2392,2,0.8385493755340576,2,2,True
resnet50,resnet50_linear_head,grayscale,2399,2399,4,0.8319701552391052,4,4,True
resnet50,resnet50_linear_head,grayscale,2414,2414,9,0.7140827178955078,9,9,True
resnet50,resnet50_linear_head,grayscale,2427,2427,5,0.7396371364593506,5,5,True
resnet50,resnet50_linear_head,grayscale,2458,2458,5,0.8775726556777954,5,5,True
resnet50,resnet50_linear_head,grayscale,2501,2501,7,0.7584192752838135,7,7,True
resnet50,resnet50_linear_head,grayscale,2502,2502,2,0.8697861433029175,2,2,True
resnet50,resnet50_linear_head,grayscale,2536,2536,3,0.7057993412017822,3,3,True
resnet50,resnet50_linear_head,grayscale,2539,2539,3,0.8806536793708801,3,3,True
resnet50,resnet50_linear_head,grayscale,2610,2610,6,0.8262075185775757,6,6,True
resnet50,resnet50_linear_head,grayscale,2623,2623,5,0.6850828528404236,5,5,True
resnet50,resnet50_linear_head,grayscale,2655,2655,9,0.9228741526603699,9,9,True
resnet50,resnet50_linear_head,grayscale,2668,2668,7,0.7152841687202454,7,7,True
resnet50,resnet50_linear_head,grayscale,2676,2676,6,0.6730197072029114,6,6,True
resnet50,resnet50_linear_head,grayscale,2687,2687,1,0.7977593541145325,1,1,True
resnet50,resnet50_linear_head,grayscale,2690,2690,1,0.7898976802825928,1,1,True
resnet50,resnet50_linear_head,grayscale,2704,2704,4,0.85508793592453,4,4,True
resnet50,resnet50_linear_head,grayscale,2745,2745,8,0.8017882704734802,8,8,True
resnet50,resnet50_linear_head,grayscale,2746,2746,7,0.6958220601081848,7,7,True
resnet50,resnet50_linear_head,grayscale,2750,2750,0,0.7116622924804688,0,0,True
resnet50,resnet50_linear_head,grayscale,2754,2754,3,0.728452205657959,3,3,True
resnet50,resnet50_linear_head,grayscale,2757,2757,4,0.8025732040405273,4,4,True
resnet50,resnet50_linear_head,grayscale,2766,2766,5,0.8881608247756958,5,5,True
resnet50,resnet50_linear_head,grayscale,2807,2807,5,0.6395878791809082,4,7,False
resnet50,resnet50_linear_head,grayscale,2844,2844,8,0.7223687171936035,8,8,True
resnet50,resnet50_linear_head,grayscale,2854,2854,7,0.7359692454338074,7,7,True
resnet50,resnet50_linear_head,grayscale,2861,2861,3,1.0,3,3,True
resnet50,resnet50_linear_head,grayscale,2888,2888,0,0.9150036573410034,0,0,True
resnet50,resnet50_linear_head,grayscale,2898,2898,4,0.7981810569763184,4,4,True
resnet50,resnet50_linear_head,grayscale,2950,2950,5,0.7780449986457825,5,5,True
resnet50,resnet50_linear_head,grayscale,2958,2958,6,0.802244246006012,6,6,True
resnet50,resnet50_linear_head,grayscale,3015,3015,8,0.8509989380836487,8,8,True
resnet50,resnet50_linear_head,grayscale,3024,3024,2,0.7558166980743408,2,2,True
resnet50,resnet50_linear_head,grayscale,3025,3025,0,0.9999997615814209,0,0,True
resnet50,resnet50_linear_head,grayscale,3034,3034,4,0.7968807220458984,4,4,True
resnet50,resnet50_linear_head,grayscale,3067,3067,2,0.9220589995384216,2,2,True
resnet50,resnet50_linear_head,grayscale,3078,3078,4,0.9710593819618225,4,4,True
resnet50,resnet50_linear_head,grayscale,3079,3079,1,0.6831933856010437,1,1,True
resnet50,resnet50_linear_head,grayscale,3083,3083,0,0.615967333316803,0,0,True
resnet50,resnet50_linear_head,grayscale,3122,3122,4,0.6920986175537109,4,4,True
resnet50,resnet50_linear_head,grayscale,3153,3153,7,0.6334007978439331,7,7,True
resnet50,resnet50_linear_head,grayscale,3157,3157,8,0.7487198710441589,8,8,True
resnet50,resnet50_linear_head,grayscale,3163,3163,2,0.8366659879684448,2,2,True
resnet50,resnet50_linear_head,grayscale,3179,3179,4,0.728431224822998,4,4,True
resnet50,resnet50_linear_head,grayscale,3191,3191,6,0.7479381561279297,6,6,True
resnet50,resnet50_linear_head,grayscale,3276,3276,3,0.8655639886856079,3,3,True
resnet50,resnet50_linear_head,grayscale,3287,3287,4,0.7954196333885193,4,4,True
resnet50,resnet50_linear_head,grayscale,3288,3288,7,0.7729814648628235,7,7,True
resnet50,resnet50_linear_head,grayscale,3292,3292,6,0.797044038772583,6,6,True
resnet50,resnet50_linear_head,grayscale,3318,3318,9,0.8523234128952026,9,9,True
resnet50,resnet50_linear_head,grayscale,3347,3347,0,0.858718752861023,0,0,True
resnet50,resnet50_linear_head,grayscale,3353,3353,5,0.8313442468643188,3,3,True
resnet50,resnet50_linear_head,grayscale,3362,3362,2,0.8302873373031616,2,2,True
resnet50,resnet50_linear_head,grayscale,3365,3365,4,0.8232503533363342,4,4,True
resnet50,resnet50_linear_head,grayscale,3375,3375,3,0.7697638273239136,3,5,False
resnet50,resnet50_linear_head,grayscale,3383,3383,3,0.7380061149597168,3,3,True
resnet50,resnet50_linear_head,grayscale,3404,3404,7,0.893219530582428,7,7,True
resnet50,resnet50_linear_head,grayscale,3412,3412,8,0.785862386226654,8,8,True
resnet50,resnet50_linear_head,grayscale,3413,3413,1,0.8349810838699341,1,1,True
resnet50,resnet50_linear_head,grayscale,3418,3418,6,0.8297119140625,6,6,True
resnet50,resnet50_linear_head,grayscale,3437,3437,0,0.7256404757499695,0,0,True
resnet50,resnet50_linear_head,grayscale,3446,3446,7,0.6799684166908264,7,7,True
resnet50,resnet50_linear_head,grayscale,3454,3454,2,0.9343748092651367,2,2,True
resnet50,resnet50_linear_head,grayscale,3455,3455,0,0.8551464080810547,0,0,True
resnet50,resnet50_linear_head,grayscale,3458,3458,4,0.8330627083778381,4,4,True
resnet50,resnet50_linear_head,grayscale,3467,3467,7,0.7069534063339233,7,7,True
resnet50,resnet50_linear_head,grayscale,3491,3491,1,0.8109976649284363,1,1,True
resnet50,resnet50_linear_head,grayscale,3494,3494,6,0.9005146622657776,6,6,True
resnet50,resnet50_linear_head,grayscale,3512,3512,4,0.8015509247779846,4,4,True
resnet50,resnet50_linear_head,grayscale,3515,3515,6,0.8682225346565247,6,6,True
resnet50,resnet50_linear_head,grayscale,3542,3542,7,0.8504568338394165,7,7,True
resnet50,resnet50_linear_head,grayscale,3550,3550,1,0.8530254364013672,1,1,True
resnet50,resnet50_linear_head,grayscale,3562,3562,3,0.5482807755470276,3,5,False
resnet50,resnet50_linear_head,grayscale,3755,3755,2,0.7885087728500366,2,2,True
resnet50,resnet50_linear_head,grayscale,3763,3763,4,0.8105188012123108,4,4,True
resnet50,resnet50_linear_head,grayscale,3777,3777,6,0.682491660118103,6,6,True
resnet50,resnet50_linear_head,grayscale,3778,3778,3,0.8354862928390503,3,3,True
resnet50,resnet50_linear_head,grayscale,3779,3779,6,0.8805956244468689,6,6,True
resnet50,resnet50_linear_head,grayscale,3844,3844,6,0.6615197658538818,6,6,True
resnet50,resnet50_linear_head,grayscale,3851,3851,3,0.802677571773529,3,3,True
resnet50,resnet50_linear_head,grayscale,3852,3852,5,0.7868725657463074,5,5,True
resnet50,resnet50_linear_head,grayscale,3863,3863,5,0.9235543012619019,5,5,True
resnet50,resnet50_linear_head,grayscale,3867,3867,7,0.6644590497016907,7,7,True
resnet50,resnet50_linear_head,grayscale,3876,3876,0,0.8663279414176941,0,0,True
resnet50,resnet50_linear_head,grayscale,3889,3889,5,0.8752345442771912,5,5,True
resnet50,resnet50_linear_head,grayscale,3891,3891,4,0.6549487709999084,4,4,True
resnet50,resnet50_linear_head,grayscale,3893,3893,9,0.8597522974014282,9,9,True
resnet50,resnet50_linear_head,grayscale,3905,3905,8,0.864876389503479,8,8,True
resnet50,resnet50_linear_head,grayscale,3914,3914,3,0.8224000334739685,3,3,True
resnet50,resnet50_linear_head,grayscale,3937,3937,1,0.8319931626319885,1,1,True
resnet50,resnet50_linear_head,grayscale,3942,3942,9,0.7855455279350281,9,9,True
resnet50,resnet50_linear_head,grayscale,3948,3948,8,0.8630043864250183,8,8,True
resnet50,resnet50_linear_head,grayscale,3962,3962,6,0.8052208423614502,6,6,True
resnet50,resnet50_linear_head,grayscale,3965,3965,0,0.9520849585533142,0,0,True
resnet50,resnet50_linear_head,grayscale,3994,3994,4,0.8021249175071716,4,4,True
resnet50,resnet50_linear_head,grayscale,3996,3996,9,0.8463883399963379,9,9,True
resnet50,resnet50_linear_head,grayscale,4011,4011,6,0.713060736656189,6,6,True
resnet50,resnet50_linear_head,grayscale,4023,4023,3,0.7351846694946289,3,3,True
resnet50,resnet50_linear_head,grayscale,4054,4054,4,0.6395450234413147,4,4,True
resnet50,resnet50_linear_head,grayscale,4065,4065,2,0.8684820532798767,2,2,True
resnet50,resnet50_linear_head,grayscale,4069,4069,8,0.546095609664917,8,8,True
resnet50,resnet50_linear_head,grayscale,4093,4093,6,0.8705766201019287,6,6,True
resnet50,resnet50_linear_head,grayscale,4094,4094,9,0.7821897268295288,9,9,True
resnet50,resnet50_linear_head,grayscale,4106,4106,5,0.873837411403656,5,5,True
resnet50,resnet50_linear_head,grayscale,4130,4130,0,0.8480770587921143,0,0,True
resnet50,resnet50_linear_head,grayscale,4168,4168,3,0.8415080904960632,3,3,True
resnet50,resnet50_linear_head,grayscale,4170,4170,8,0.8379852771759033,8,8,True
resnet50,resnet50_linear_head,grayscale,4172,4172,7,0.7010268568992615,7,7,True
resnet50,resnet50_linear_head,grayscale,4177,4177,8,0.758949339389801,8,8,True
resnet50,resnet50_linear_head,grayscale,4215,4215,3,0.4996318519115448,3,1,False
resnet50,resnet50_linear_head,grayscale,4229,4229,3,0.8689268827438354,3,3,True
resnet50,resnet50_linear_head,grayscale,4236,4236,7,0.7107213139533997,7,7,True
resnet50,resnet50_linear_head,grayscale,4242,4242,8,0.826927900314331,8,8,True
resnet50,resnet50_linear_head,grayscale,4254,4254,6,0.7608363032341003,6,6,True
resnet50,resnet50_linear_head,grayscale,4290,4290,5,0.7259181141853333,5,5,True
resnet50,resnet50_linear_head,grayscale,4298,4298,1,0.9001684784889221,1,1,True
resnet50,resnet50_linear_head,grayscale,4308,4308,7,0.7534312009811401,7,7,True
resnet50,resnet50_linear_head,grayscale,4311,4311,8,0.7516723871231079,8,8,True
resnet50,resnet50_linear_head,grayscale,4323,4323,3,0.8606409430503845,3,3,True
resnet50,resnet50_linear_head,grayscale,4330,4330,3,0.6549081206321716,3,6,False
resnet50,resnet50_linear_head,grayscale,4341,4341,6,0.7259219288825989,6,6,True
resnet50,resnet50_linear_head,grayscale,4355,4355,8,0.7761614322662354,8,8,True
resnet50,resnet50_linear_head,grayscale,4399,4399,0,0.8910350203514099,0,0,True
resnet50,resnet50_linear_head,grayscale,4403,4403,7,0.8983192443847656,7,7,True
resnet50,resnet50_linear_head,grayscale,4411,4411,6,0.6778596639633179,6,6,True
resnet50,resnet50_linear_head,grayscale,4449,4449,9,0.7608272433280945,9,9,True
resnet50,resnet50_linear_head,grayscale,4463,4463,3,0.8119956851005554,3,3,True
resnet50,resnet50_linear_head,grayscale,4531,4531,3,0.6890150308609009,3,3,True
resnet50,resnet50_linear_head,grayscale,4539,4539,0,0.9209452867507935,0,0,True
resnet50,resnet50_linear_head,grayscale,4547,4547,5,0.7882723212242126,5,5,True
resnet50,resnet50_linear_head,grayscale,4552,4552,8,0.8080477714538574,8,9,False
resnet50,resnet50_linear_head,grayscale,4570,4570,5,0.8247507810592651,5,5,True
resnet50,resnet50_linear_head,grayscale,4590,4590,3,0.7255629301071167,3,3,True
resnet50,resnet50_linear_head,grayscale,4609,4609,3,0.7725389003753662,3,3,True
resnet50,resnet50_linear_head,grayscale,4615,4615,0,0.8148763179779053,0,0,True
resnet50,resnet50_linear_head,grayscale,4617,4617,0,0.7925279140472412,0,0,True
resnet50,resnet50_linear_head,grayscale,4620,4620,6,0.6196272969245911,6,6,True
resnet50,resnet50_linear_head,grayscale,4629,4629,4,0.594440758228302,4,4,True
resnet50,resnet50_linear_head,grayscale,4640,4640,1,0.709160327911377,1,7,False
resnet50,resnet50_linear_head,grayscale,4642,4642,4,0.7982088923454285,4,4,True
resnet50,resnet50_linear_head,grayscale,4661,4661,7,0.7482110261917114,7,7,True
resnet50,resnet50_linear_head,grayscale,4662,4662,8,0.9078746438026428,8,8,True
resnet50,resnet50_linear_head,grayscale,4675,4675,0,0.7919939756393433,0,0,True
resnet50,resnet50_linear_head,grayscale,4676,4676,8,0.8727673292160034,8,8,True
resnet50,resnet50_linear_head,grayscale,4704,4704,7,0.7963027358055115,7,7,True
resnet50,resnet50_linear_head,grayscale,4723,4723,9,0.8649548292160034,9,9,True
resnet50,resnet50_linear_head,grayscale,4731,4731,6,0.6971806287765503,6,6,True
resnet50,resnet50_linear_head,grayscale,4735,4735,2,0.8885329365730286,2,2,True
resnet50,resnet50_linear_head,grayscale,4740,4740,4,0.7131544351577759,4,4,True
resnet50,resnet50_linear_head,grayscale,4746,4746,6,0.7816277742385864,6,6,True
resnet50,resnet50_linear_head,grayscale,4748,4748,7,0.8976279497146606,7,7,True
resnet50,resnet50_linear_head,grayscale,4754,4754,6,0.7389927506446838,6,6,True
resnet50,resnet50_linear_head,grayscale,4785,4785,0,0.85450679063797,0,0,True
resnet50,resnet50_linear_head,grayscale,4791,4791,7,0.9033159017562866,7,7,True
resnet50,resnet50_linear_head,grayscale,4819,4819,0,0.7935657501220703,0,0,True
resnet50,resnet50_linear_head,grayscale,4821,4821,3,0.674119770526886,3,3,True
resnet50,resnet50_linear_head,grayscale,4827,4827,6,0.7238818407058716,6,6,True
resnet50,resnet50_linear_head,grayscale,4850,4850,5,0.8487405180931091,5,5,True
resnet50,resnet50_linear_head,grayscale,4881,4881,3,0.5747885704040527,3,3,True
resnet50,resnet50_linear_head,grayscale,4893,4893,0,0.9009574055671692,0,0,True
resnet50,resnet50_linear_head,grayscale,4908,4908,3,0.8002960681915283,3,3,True
resnet50,resnet50_linear_head,grayscale,4913,4913,2,0.7860684990882874,2,2,True
resnet50,resnet50_linear_head,grayscale,4921,4921,2,0.8542435169219971,2,2,True
resnet50,resnet50_linear_head,grayscale,4953,4953,5,0.7124966382980347,5,5,True
resnet50,resnet50_linear_head,grayscale,4966,4966,5,0.7577648162841797,5,5,True
resnet50,resnet50_linear_head,grayscale,4990,4990,8,0.7461512088775635,8,8,True
resnet50,resnet50_linear_head,grayscale,5000,5000,8,0.8288099765777588,8,8,True
resnet50,resnet50_linear_head,grayscale,5030,5030,2,0.8347721099853516,2,2,True
resnet50,resnet50_linear_head,grayscale,5062,5062,4,0.8506729602813721,4,4,True
resnet50,resnet50_linear_head,grayscale,5077,5077,4,0.7364338636398315,4,4,True
resnet50,resnet50_linear_head,grayscale,5082,5082,6,0.6588285565376282,6,6,True
resnet50,resnet50_linear_head,grayscale,5092,5092,1,0.7202931642532349,1,1,True
resnet50,resnet50_linear_head,grayscale,5101,5101,5,0.8490911722183228,5,5,True
resnet50,resnet50_linear_head,grayscale,5117,5117,0,0.7855329513549805,0,0,True
resnet50,resnet50_linear_head,grayscale,5123,5123,1,0.6967877745628357,1,1,True
resnet50,resnet50_linear_head,grayscale,5135,5135,4,0.8281511068344116,4,4,True
resnet50,resnet50_linear_head,grayscale,5183,5183,2,0.8406727313995361,2,2,True
resnet50,resnet50_linear_head,grayscale,5213,5213,4,0.8181183338165283,4,4,True
resnet50,resnet50_linear_head,grayscale,5218,5218,2,0.9118786454200745,2,2,True
resnet50,resnet50_linear_head,grayscale,5220,5220,1,0.7552590370178223,3,1,False
resnet50,resnet50_linear_head,grayscale,5237,5237,2,0.7680433988571167,2,2,True
resnet50,resnet50_linear_head,grayscale,5256,5256,1,0.5423446893692017,1,1,True
resnet50,resnet50_linear_head,grayscale,5284,5284,9,0.6440462470054626,9,9,True
resnet50,resnet50_linear_head,grayscale,5301,5301,9,0.8638738989830017,9,9,True
resnet50,resnet50_linear_head,grayscale,5318,5318,2,0.7940490245819092,2,2,True
resnet50,resnet50_linear_head,grayscale,5332,5332,5,0.7852820158004761,5,5,True
resnet50,resnet50_linear_head,grayscale,5333,5333,2,0.8582650423049927,2,2,True
resnet50,resnet50_linear_head,grayscale,5360,5360,9,0.8023261427879333,9,9,True
resnet50,resnet50_linear_head,grayscale,5381,5381,5,0.7638876438140869,5,5,True
resnet50,resnet50_linear_head,grayscale,5382,5382,6,0.8272539377212524,6,6,True
resnet50,resnet50_linear_head,grayscale,5395,5395,2,0.8794043660163879,2,2,True
resnet50,resnet50_linear_head,grayscale,5402,5402,4,0.5981769561767578,4,4,True
resnet50,resnet50_linear_head,grayscale,5408,5408,6,0.7987896800041199,6,6,True
resnet50,resnet50_linear_head,grayscale,5436,5436,7,0.8104907870292664,7,7,True
resnet50,resnet50_linear_head,grayscale,5447,5447,9,0.861095130443573,9,9,True
resnet50,resnet50_linear_head,grayscale,5450,5450,7,0.85313880443573,7,7,True
resnet50,resnet50_linear_head,grayscale,5451,5451,8,0.8329100608825684,8,8,True
resnet50,resnet50_linear_head,grayscale,5452,5452,9,0.8890349864959717,9,9,True
resnet50,resnet50_linear_head,grayscale,5467,5467,4,0.7047484517097473,4,4,True
resnet50,resnet50_linear_head,grayscale,5478,5478,0,0.7118470668792725,0,0,True
resnet50,resnet50_linear_head,grayscale,5488,5488,1,0.8536333441734314,7,7,True
resnet50,resnet50_linear_head,grayscale,5496,5496,5,0.8638441562652588,5,5,True
resnet50,resnet50_linear_head,grayscale,5508,5508,9,0.9156498908996582,9,9,True
resnet50,resnet50_linear_head,grayscale,5512,5512,2,0.8119343519210815,9,9,True
resnet50,resnet50_linear_head,grayscale,5525,5525,8,0.864665150642395,8,8,True
resnet50,resnet50_linear_head,grayscale,5528,5528,3,0.9275319576263428,5,5,True
resnet50,resnet50_linear_head,grayscale,5556,5556,4,0.86029052734375,4,4,True
resnet50,resnet50_linear_head,grayscale,5560,5560,1,0.3797711431980133,1,1,True
resnet50,resnet50_linear_head,grayscale,5572,5572,9,0.8195546865463257,9,9,True
resnet50,resnet50_linear_head,grayscale,5580,5580,6,0.721184492111206,6,6,True
resnet50,resnet50_linear_head,grayscale,5590,5590,9,0.8269749879837036,9,9,True
resnet50,resnet50_linear_head,grayscale,5623,5623,4,0.6400927901268005,4,4,True
resnet50,resnet50_linear_head,grayscale,5677,5677,2,0.8688162565231323,2,2,True
resnet50,resnet50_linear_head,grayscale,5694,5694,8,0.9170542359352112,8,8,True
resnet50,resnet50_linear_head,grayscale,5701,5701,5,0.8935344219207764,5,5,True
resnet50,resnet50_linear_head,grayscale,5705,5705,8,0.8276445269584656,8,8,True
resnet50,resnet50_linear_head,grayscale,5719,5719,7,0.8855330348014832,7,7,True
resnet50,resnet50_linear_head,grayscale,5729,5729,6,0.7059707641601562,6,6,True
resnet50,resnet50_linear_head,grayscale,5756,5756,2,0.9932932257652283,2,2,True
resnet50,resnet50_linear_head,grayscale,5788,5788,9,0.6987919211387634,9,9,True
resnet50,resnet50_linear_head,grayscale,5789,5789,4,0.6769518852233887,4,4,True
resnet50,resnet50_linear_head,grayscale,5824,5824,2,0.7265456318855286,2,2,True
resnet50,resnet50_linear_head,grayscale,5848,5848,7,0.6694468855857849,7,7,True
resnet50,resnet50_linear_head,grayscale,5851,5851,9,0.936299741268158,9,9,True
resnet50,resnet50_linear_head,grayscale,5857,5857,6,0.9121718406677246,4,6,False
resnet50,resnet50_linear_head,grayscale,5858,5858,6,0.8208039999008179,6,4,False
resnet50,resnet50_linear_head,grayscale,5912,5912,0,0.8613808155059814,0,0,True
resnet50,resnet50_linear_head,grayscale,5915,5915,9,0.6635441780090332,9,9,True
resnet50,resnet50_linear_head,grayscale,5918,5918,0,0.8649815320968628,0,0,True
resnet50,resnet50_linear_head,grayscale,5924,5924,5,0.8215842247009277,5,5,True
resnet50,resnet50_linear_head,grayscale,5977,5977,7,0.6209858059883118,7,7,True
resnet50,resnet50_linear_head,grayscale,5981,5981,9,0.76362544298172,9,9,True
resnet50,resnet50_linear_head,grayscale,5999,5999,0,0.7720986008644104,0,0,True
resnet50,resnet50_linear_head,grayscale,6028,6028,2,0.9214621186256409,2,2,True
resnet50,resnet50_linear_head,grayscale,6033,6033,4,0.7459060549736023,4,4,True
resnet50,resnet50_linear_head,grayscale,6076,6076,1,0.9217612147331238,1,1,True
resnet50,resnet50_linear_head,grayscale,6084,6084,7,0.7988359332084656,7,7,True
resnet50,resnet50_linear_head,grayscale,6097,6097,4,0.6137122511863708,4,4,True
resnet50,resnet50_linear_head,grayscale,6169,6169,1,0.5669862031936646,1,1,True
resnet50,resnet50_linear_head,grayscale,6190,6190,7,0.7995680570602417,7,7,True
resnet50,resnet50_linear_head,grayscale,6224,6224,5,0.7756019234657288,5,5,True
resnet50,resnet50_linear_head,grayscale,6244,6244,2,0.7867646813392639,2,2,True
resnet50,resnet50_linear_head,grayscale,6264,6264,2,0.9025328159332275,2,2,True
resnet50,resnet50_linear_head,grayscale,6271,6271,2,0.8898729681968689,2,2,True
resnet50,resnet50_linear_head,grayscale,6288,6288,4,0.7927210927009583,4,4,True
resnet50,resnet50_linear_head,grayscale,6332,6332,2,0.8942885398864746,2,2,True
resnet50,resnet50_linear_head,grayscale,6349,6349,1,0.760240375995636,1,1,True
resnet50,resnet50_linear_head,grayscale,6354,6354,2,0.8479121923446655,2,2,True
resnet50,resnet50_linear_head,grayscale,6358,6358,5,0.7389259338378906,5,5,True
resnet50,resnet50_linear_head,grayscale,6381,6381,6,0.9186399579048157,6,6,True
resnet50,resnet50_linear_head,grayscale,6414,6414,5,0.7537936568260193,5,5,True
resnet50,resnet50_linear_head,grayscale,6426,6426,2,0.9623175263404846,2,2,True
resnet50,resnet50_linear_head,grayscale,6434,6434,8,0.7707327604293823,8,8,True
resnet50,resnet50_linear_head,grayscale,6437,6437,0,0.9367977380752563,0,0,True
resnet50,resnet50_linear_head,grayscale,6455,6455,0,0.8315362930297852,0,0,True
resnet50,resnet50_linear_head,grayscale,6490,6490,3,0.7168880701065063,3,3,True
resnet50,resnet50_linear_head,grayscale,6503,6503,2,0.811571478843689,2,2,True
resnet50,resnet50_linear_head,grayscale,6508,6508,4,0.7192884683609009,4,4,True
resnet50,resnet50_linear_head,grayscale,6528,6528,4,0.7841324806213379,4,4,True
resnet50,resnet50_linear_head,grayscale,6594,6594,1,0.8719674348831177,1,1,True
resnet50,resnet50_linear_head,grayscale,6609,6609,0,0.784255862236023,0,0,True
resnet50,resnet50_linear_head,grayscale,6616,6616,2,0.862128734588623,2,2,True
resnet50,resnet50_linear_head,grayscale,6650,6650,7,0.7021921873092651,7,7,True
resnet50,resnet50_linear_head,grayscale,6689,6689,8,0.7760396003723145,8,8,True
resnet50,resnet50_linear_head,grayscale,6692,6692,2,0.7919914126396179,2,2,True
resnet50,resnet50_linear_head,grayscale,6713,6713,6,0.8480716347694397,6,6,True
resnet50,resnet50_linear_head,grayscale,6716,6716,5,0.7127733826637268,5,5,True
resnet50,resnet50_linear_head,grayscale,6726,6726,7,0.766454815864563,7,7,True
resnet50,resnet50_linear_head,grayscale,6733,6733,1,0.5794578194618225,1,1,True
resnet50,resnet50_linear_head,grayscale,6772,6772,7,0.7089923620223999,7,7,True
resnet50,resnet50_linear_head,grayscale,6805,6805,1,0.7052897810935974,1,1,True
resnet50,resnet50_linear_head,grayscale,6836,6836,1,0.2995022237300873,1,1,True
resnet50,resnet50_linear_head,grayscale,6844,6844,0,0.8210822939872742,0,0,True
resnet50,resnet50_linear_head,grayscale,6922,6922,5,0.8248463273048401,5,5,True
resnet50,resnet50_linear_head,grayscale,6931,6931,9,0.7713016867637634,9,9,True
resnet50,resnet50_linear_head,grayscale,6938,6938,1,0.8132746815681458,1,1,True
resnet50,resnet50_linear_head,grayscale,6952,6952,3,0.752955973148346,3,3,True
resnet50,resnet50_linear_head,grayscale,6954,6954,1,0.8321025371551514,1,1,True
resnet50,resnet50_linear_head,grayscale,6986,6986,0,0.8243871331214905,0,0,True
resnet50,resnet50_linear_head,grayscale,6989,6989,5,0.9168989062309265,5,5,True
resnet50,resnet50_linear_head,grayscale,7009,7009,0,0.8756650686264038,0,0,True
resnet50,resnet50_linear_head,grayscale,7029,7029,1,0.5555616021156311,1,1,True
resnet50,resnet50_linear_head,grayscale,7033,7033,1,0.7756054401397705,1,1,True
resnet50,resnet50_linear_head,grayscale,7041,7041,5,0.8482642769813538,5,5,True
resnet50,resnet50_linear_head,grayscale,7047,7047,9,0.8399010300636292,9,9,True
resnet50,resnet50_linear_head,grayscale,7081,7081,7,0.810380756855011,7,7,True
resnet50,resnet50_linear_head,grayscale,7084,7084,2,0.9743492007255554,2,2,True
resnet50,resnet50_linear_head,grayscale,7108,7108,6,0.793685793876648,6,6,True
resnet50,resnet50_linear_head,grayscale,7130,7130,5,0.7944142818450928,5,5,True
resnet50,resnet50_linear_head,grayscale,7138,7138,8,0.6938954591751099,8,8,True
resnet50,resnet50_linear_head,grayscale,7150,7150,0,0.8940128684043884,0,0,True
resnet50,resnet50_linear_head,grayscale,7202,7202,1,0.6078325510025024,1,1,True
resnet50,resnet50_linear_head,grayscale,7262,7262,0,0.7917721271514893,0,0,True
resnet50,resnet50_linear_head,grayscale,7266,7266,9,0.6237357258796692,9,9,True
resnet50,resnet50_linear_head,grayscale,7270,7270,7,0.7162452340126038,7,7,True
resnet50,resnet50_linear_head,grayscale,7309,7309,0,0.8872021436691284,0,0,True
resnet50,resnet50_linear_head,grayscale,7320,7320,0,0.7745399475097656,0,0,True
resnet50,resnet50_linear_head,grayscale,7338,7338,6,0.789114773273468,6,6,True
resnet50,resnet50_linear_head,grayscale,7372,7372,0,0.9608920216560364,0,0,True
resnet50,resnet50_linear_head,grayscale,7373,7373,0,0.8774845004081726,0,0,True
resnet50,resnet50_linear_head,grayscale,7380,7380,9,0.8643887042999268,9,9,True
resnet50,resnet50_linear_head,grayscale,7390,7390,1,0.7666888236999512,1,1,True
resnet50,resnet50_linear_head,grayscale,7413,7413,5,0.8791763782501221,5,5,True
resnet50,resnet50_linear_head,grayscale,7416,7416,3,0.7325601577758789,5,5,True
resnet50,resnet50_linear_head,grayscale,7425,7425,2,0.9702494144439697,2,2,True
resnet50,resnet50_linear_head,grayscale,7446,7446,8,0.8614474534988403,8,8,True
resnet50,resnet50_linear_head,grayscale,7460,7460,8,0.8494135141372681,8,9,False
resnet50,resnet50_linear_head,grayscale,7465,7465,0,0.8149142265319824,0,0,True
resnet50,resnet50_linear_head,grayscale,7474,7474,5,0.6188479661941528,5,5,True
resnet50,resnet50_linear_head,grayscale,7475,7475,4,0.7403160929679871,4,6,False
resnet50,resnet50_linear_head,grayscale,7476,7476,8,0.7774208188056946,8,8,True
resnet50,resnet50_linear_head,grayscale,7544,7544,9,0.7390971183776855,9,9,True
resnet50,resnet50_linear_head,grayscale,7555,7555,6,0.6996920108795166,6,6,True
resnet50,resnet50_linear_head,grayscale,7600,7600,6,0.7317992448806763,6,6,True
resnet50,resnet50_linear_head,grayscale,7610,7610,4,0.8650897145271301,4,4,True
resnet50,resnet50_linear_head,grayscale,7634,7634,0,0.9527921676635742,0,0,True
resnet50,resnet50_linear_head,grayscale,7692,7692,4,0.6768441200256348,4,4,True
resnet50,resnet50_linear_head,grayscale,7706,7706,5,0.7190097570419312,5,5,True
resnet50,resnet50_linear_head,grayscale,7726,7726,6,0.6798192858695984,6,6,True
resnet50,resnet50_linear_head,grayscale,7744,7744,3,0.7551161646842957,3,3,True
resnet50,resnet50_linear_head,grayscale,7752,7752,9,0.8044886589050293,9,9,True
resnet50,resnet50_linear_head,grayscale,7776,7776,5,0.7245014309883118,5,5,True
resnet50,resnet50_linear_head,grayscale,7779,7779,6,0.6372763514518738,6,6,True
resnet50,resnet50_linear_head,grayscale,7781,7781,6,0.8397445678710938,6,6,True
resnet50,resnet50_linear_head,grayscale,7793,7793,3,0.7274754047393799,5,7,False
resnet50,resnet50_linear_head,grayscale,7797,7797,3,0.7318418622016907,3,3,True
resnet50,resnet50_linear_head,grayscale,7810,7810,8,0.883544921875,8,8,True
resnet50,resnet50_linear_head,grayscale,7818,7818,8,0.9145718812942505,8,8,True
resnet50,resnet50_linear_head,grayscale,7835,7835,7,0.6714375615119934,7,7,True
resnet50,resnet50_linear_head,grayscale,7864,7864,4,0.6288519501686096,4,4,True
resnet50,resnet50_linear_head,grayscale,7875,7875,8,0.7143484950065613,8,8,True
resnet50,resnet50_linear_head,grayscale,7938,7938,9,0.7313266396522522,9,9,True
resnet50,resnet50_linear_head,grayscale,7940,7940,4,0.7669917345046997,4,4,True
resnet50,resnet50_linear_head,grayscale,7944,7944,4,0.5918039679527283,4,4,True
resnet50,resnet50_linear_head,grayscale,7955,7955,1,0.8106221556663513,1,1,True
resnet50,resnet50_linear_head,grayscale,7995,7995,9,0.7477293014526367,9,9,True
resnet50,resnet50_linear_head,grayscale,7996,7996,6,0.6996459364891052,6,6,True
resnet50,resnet50_linear_head,grayscale,7999,7999,8,0.7192469835281372,8,8,True
resnet50,resnet50_linear_head,cue_conflict,p01_r01_a_to_b,6455,0,0.3186754882335663,0,1,False
resnet50,resnet50_linear_head,cue_conflict,p01_r03_a_to_b,4130,0,0.12915267050266266,0,1,False
resnet50,resnet50_linear_head,cue_conflict,p01_r04_a_to_b,2024,0,0.2523215115070343,0,1,False
resnet50,resnet50_linear_head,cue_conflict,p01_r06_a_to_b,7150,0,0.1598244607448578,0,1,False
resnet50,resnet50_linear_head,cue_conflict,p01_r07_a_to_b,7372,0,0.23250335454940796,0,1,False
resnet50,resnet50_linear_head,cue_conflict,p01_r09_a_to_b,7009,0,0.305968701839447,0,8,False
resnet50,resnet50_linear_head,cue_conflict,p01_r11_a_to_b,3437,0,0.3384077250957489,0,4,False
resnet50,resnet50_linear_head,cue_conflict,p01_r12_a_to_b,4615,0,0.16663207113742828,0,1,False
resnet50,resnet50_linear_head,cue_conflict,p01_r14_a_to_b,5999,0,0.2505285143852234,0,1,False
resnet50,resnet50_linear_head,cue_conflict,p01_r15_a_to_b,4675,0,0.1901617795228958,0,0,True
resnet50,resnet50_linear_head,cue_conflict,p01_r16_a_to_b,4785,0,0.08594606071710587,0,1,False
resnet50,resnet50_linear_head,cue_conflict,p01_r18_a_to_b,1175,0,0.1711277812719345,0,1,False
resnet50,resnet50_linear_head,cue_conflict,p01_r19_a_to_b,1648,0,0.21603398025035858,0,3,False
resnet50,resnet50_linear_head,cue_conflict,p01_r21_a_to_b,4893,0,0.1570271998643875,0,1,False
resnet50,resnet50_linear_head,cue_conflict,p01_r22_a_to_b,1977,0,0.10918647050857544,0,1,False
resnet50,resnet50_linear_head,cue_conflict,p01_r23_a_to_b,6986,0,0.2700870633125305,0,1,False
resnet50,resnet50_linear_head,cue_conflict,p01_r24_a_to_b,7634,0,0.14139942824840546,0,4,False
resnet50,resnet50_linear_head,cue_conflict,p01_r25_a_to_b,6844,0,0.2706076502799988,0,1,False
resnet50,resnet50_linear_head,cue_conflict,p01_r26_a_to_b,81,0,0.2032971978187561,0,4,False
resnet50,resnet50_linear_head,cue_conflict,p01_r27_a_to_b,3965,0,0.29844462871551514,0,4,False
resnet50,resnet50_linear_head,cue_conflict,p01_r04_b_to_a,1204,3,0.43699586391448975,3,1,False
resnet50,resnet50_linear_head,cue_conflict,p01_r05_b_to_a,4229,3,0.4556809663772583,3,3,True
resnet50,resnet50_linear_head,cue_conflict,p01_r08_b_to_a,5528,3,0.4384026527404785,5,3,False
resnet50,resnet50_linear_head,cue_conflict,p01_r09_b_to_a,1401,3,0.20824776589870453,3,0,False
resnet50,resnet50_linear_head,cue_conflict,p01_r11_b_to_a,4821,3,0.26933032274246216,3,1,False
resnet50,resnet50_linear_head,cue_conflict,p01_r12_b_to_a,6952,3,0.22957636415958405,3,1,False
resnet50,resnet50_linear_head,cue_conflict,p01_r14_b_to_a,372,3,0.3488773703575134,3,1,False
resnet50,resnet50_linear_head,cue_conflict,p01_r17_b_to_a,4908,3,0.11227758973836899,3,1,False
resnet50,resnet50_linear_head,cue_conflict,p01_r19_b_to_a,2754,3,0.27735432982444763,3,3,True
resnet50,resnet50_linear_head,cue_conflict,p01_r24_b_to_a,632,3,0.14043760299682617,3,1,False
resnet50,resnet50_linear_head,cue_conflict,p01_r25_b_to_a,4023,3,0.14697499573230743,3,8,False
resnet50,resnet50_linear_head,cue_conflict,p01_r26_b_to_a,176,3,0.22762785851955414,3,3,True
resnet50,resnet50_linear_head,cue_conflict,p01_r27_b_to_a,3851,3,0.3696165680885315,3,1,False
resnet50,resnet50_linear_head,cue_conflict,p01_r28_b_to_a,391,3,0.3579462170600891,3,3,True
resnet50,resnet50_linear_head,cue_conflict,p01_r30_b_to_a,4463,3,0.18414869904518127,3,1,False
resnet50,resnet50_linear_head,cue_conflict,p01_r31_b_to_a,3375,3,0.10094361752271652,3,1,False
resnet50,resnet50_linear_head,cue_conflict,p01_r32_b_to_a,1370,3,0.3015802502632141,3,3,True
resnet50,resnet50_linear_head,cue_conflict,p01_r33_b_to_a,2539,3,0.20947766304016113,3,8,False
resnet50,resnet50_linear_head,cue_conflict,p01_r34_b_to_a,979,3,0.47225868701934814,3,3,True
resnet50,resnet50_linear_head,cue_conflict,p01_r35_b_to_a,4590,3,0.15399175882339478,3,1,False
resnet50,resnet50_linear_head,cue_conflict,p02_r01_a_to_b,3067,2,0.5973110795021057,2,2,True
resnet50,resnet50_linear_head,cue_conflict,p02_r02_a_to_b,3362,2,0.29682403802871704,2,2,True
resnet50,resnet50_linear_head,cue_conflict,p02_r03_a_to_b,6244,2,0.1715601086616516,2,1,False
resnet50,resnet50_linear_head,cue_conflict,p02_r04_a_to_b,6271,2,0.45647504925727844,2,2,True
resnet50,resnet50_linear_head,cue_conflict,p02_r05_a_to_b,317,2,0.21812930703163147,2,1,False
resnet50,resnet50_linear_head,cue_conflict,p02_r06_a_to_b,1202,2,0.3545852303504944,2,2,True
resnet50,resnet50_linear_head,cue_conflict,p02_r07_a_to_b,4921,2,0.6286998987197876,2,2,True
resnet50,resnet50_linear_head,cue_conflict,p02_r08_a_to_b,6264,2,0.5333884358406067,2,2,True
resnet50,resnet50_linear_head,cue_conflict,p02_r09_a_to_b,6426,2,0.29337817430496216,2,1,False
resnet50,resnet50_linear_head,cue_conflict,p02_r10_a_to_b,470,2,0.26022472977638245,2,2,True
resnet50,resnet50_linear_head,cue_conflict,p02_r11_a_to_b,1839,2,0.17423400282859802,2,1,False
resnet50,resnet50_linear_head,cue_conflict,p02_r13_a_to_b,5237,2,0.46479615569114685,2,2,True
resnet50,resnet50_linear_head,cue_conflict,p02_r14_a_to_b,409,2,0.5427980422973633,2,2,True
resnet50,resnet50_linear_head,cue_conflict,p02_r15_a_to_b,6616,2,0.2508266866207123,2,8,False
resnet50,resnet50_linear_head,cue_conflict,p02_r16_a_to_b,7084,2,0.6839568614959717,2,2,True
resnet50,resnet50_linear_head,cue_conflict,p02_r18_a_to_b,6028,2,0.3886692523956299,2,2,True
resnet50,resnet50_linear_head,cue_conflict,p02_r19_a_to_b,6692,2,0.39852240681648254,2,2,True
resnet50,resnet50_linear_head,cue_conflict,p02_r20_a_to_b,2392,2,0.3837069571018219,2,2,True
resnet50,resnet50_linear_head,cue_conflict,p02_r21_a_to_b,483,2,0.247658371925354,2,1,False
resnet50,resnet50_linear_head,cue_conflict,p02_r22_a_to_b,4735,2,0.45743584632873535,2,2,True
resnet50,resnet50_linear_head,cue_conflict,p02_r02_b_to_a,691,4,0.32749155163764954,4,4,True
resnet50,resnet50_linear_head,cue_conflict,p02_r03_b_to_a,6288,4,0.47240564227104187,4,6,False
resnet50,resnet50_linear_head,cue_conflict,p02_r04_b_to_a,3287,4,0.27524349093437195,4,1,False
resnet50,resnet50_linear_head,cue_conflict,p02_r05_b_to_a,3512,4,0.3607631325721741,4,4,True
resnet50,resnet50_linear_head,cue_conflict,p02_r08_b_to_a,3458,4,0.5649399161338806,4,4,True
resnet50,resnet50_linear_head,cue_conflict,p02_r09_b_to_a,7864,4,0.14404064416885376,4,1,False
resnet50,resnet50_linear_head,cue_conflict,p02_r10_b_to_a,7475,4,0.3415471315383911,4,6,False
resnet50,resnet50_linear_head,cue_conflict,p02_r12_b_to_a,171,4,0.1891447901725769,4,1,False
resnet50,resnet50_linear_head,cue_conflict,p02_r14_b_to_a,5135,4,0.2628701329231262,4,0,False
resnet50,resnet50_linear_head,cue_conflict,p02_r15_b_to_a,7940,4,0.45371171832084656,4,4,True
resnet50,resnet50_linear_head,cue_conflict,p02_r16_b_to_a,5062,4,0.6028753519058228,4,4,True
resnet50,resnet50_linear_head,cue_conflict,p02_r18_b_to_a,5623,4,0.37158775329589844,4,4,True
resnet50,resnet50_linear_head,cue_conflict,p02_r19_b_to_a,3365,4,0.450991153717041,4,4,True
resnet50,resnet50_linear_head,cue_conflict,p02_r20_b_to_a,3763,4,0.20348332822322845,4,1,False
resnet50,resnet50_linear_head,cue_conflict,p02_r21_b_to_a,7610,4,0.5465689301490784,4,4,True
resnet50,resnet50_linear_head,cue_conflict,p02_r22_b_to_a,3179,4,0.4616451859474182,4,4,True
resnet50,resnet50_linear_head,cue_conflict,p02_r23_b_to_a,5077,4,0.6776455044746399,4,4,True
resnet50,resnet50_linear_head,cue_conflict,p02_r25_b_to_a,1111,4,0.2531127631664276,4,8,False
resnet50,resnet50_linear_head,cue_conflict,p02_r26_b_to_a,5213,4,0.42204219102859497,4,6,False
resnet50,resnet50_linear_head,cue_conflict,p02_r27_b_to_a,6097,4,0.3223392963409424,4,1,False
resnet50,resnet50_linear_head,cue_conflict,p03_r01_a_to_b,5525,8,0.2417205274105072,8,1,False
resnet50,resnet50_linear_head,cue_conflict,p03_r02_a_to_b,7875,8,0.2644607424736023,8,4,False
resnet50,resnet50_linear_head,cue_conflict,p03_r03_a_to_b,706,8,0.4416704475879669,8,8,True
resnet50,resnet50_linear_head,cue_conflict,p03_r05_a_to_b,3412,8,0.5197039842605591,8,8,True
resnet50,resnet50_linear_head,cue_conflict,p03_r06_a_to_b,667,8,0.42758649587631226,8,8,True
resnet50,resnet50_linear_head,cue_conflict,p03_r07_a_to_b,7818,8,0.24782252311706543,8,8,True
resnet50,resnet50_linear_head,cue_conflict,p03_r10_a_to_b,2109,8,0.24962249398231506,8,8,True
resnet50,resnet50_linear_head,cue_conflict,p03_r11_a_to_b,6434,8,0.35801345109939575,8,8,True
resnet50,resnet50_linear_head,cue_conflict,p03_r12_a_to_b,4662,8,0.1969759613275528,8,1,False
resnet50,resnet50_linear_head,cue_conflict,p03_r13_a_to_b,1640,8,0.3663910925388336,8,8,True
resnet50,resnet50_linear_head,cue_conflict,p03_r14_a_to_b,5451,8,0.19911471009254456,8,1,False
resnet50,resnet50_linear_head,cue_conflict,p03_r15_a_to_b,4990,8,0.10382004082202911,8,1,False
resnet50,resnet50_linear_head,cue_conflict,p03_r16_a_to_b,5694,8,0.1281256079673767,8,1,False
resnet50,resnet50_linear_head,cue_conflict,p03_r17_a_to_b,1783,8,0.38983461260795593,8,8,True
resnet50,resnet50_linear_head,cue_conflict,p03_r18_a_to_b,2340,8,0.1039004921913147,8,1,False
resnet50,resnet50_linear_head,cue_conflict,p03_r19_a_to_b,2745,8,0.24461786448955536,8,1,False
resnet50,resnet50_linear_head,cue_conflict,p03_r20_a_to_b,2844,8,0.18127527832984924,8,4,False
resnet50,resnet50_linear_head,cue_conflict,p03_r21_a_to_b,4242,8,0.2755996882915497,8,8,True
resnet50,resnet50_linear_head,cue_conflict,p03_r24_a_to_b,3157,8,0.14102976024150848,8,1,False
resnet50,resnet50_linear_head,cue_conflict,p03_r25_a_to_b,1833,8,0.07493098825216293,8,1,False
resnet50,resnet50_linear_head,cue_conflict,p03_r01_b_to_a,319,5,0.471399188041687,5,1,False
resnet50,resnet50_linear_head,cue_conflict,p03_r02_b_to_a,2391,5,0.21548329293727875,5,1,False
resnet50,resnet50_linear_head,cue_conflict,p03_r03_b_to_a,5381,5,0.40774691104888916,5,0,False
resnet50,resnet50_linear_head,cue_conflict,p03_r04_b_to_a,3863,5,0.09318286925554276,5,8,False
resnet50,resnet50_linear_head,cue_conflict,p03_r05_b_to_a,6358,5,0.6870933771133423,5,6,False
resnet50,resnet50_linear_head,cue_conflict,p03_r06_b_to_a,97,5,0.4977755546569824,5,6,False
resnet50,resnet50_linear_head,cue_conflict,p03_r07_b_to_a,6224,5,0.5671190023422241,5,5,True
resnet50,resnet50_linear_head,cue_conflict,p03_r08_b_to_a,2268,5,0.26168715953826904,5,9,False
resnet50,resnet50_linear_head,cue_conflict,p03_r10_b_to_a,7706,5,0.4952652156352997,5,5,True
resnet50,resnet50_linear_head,cue_conflict,p03_r11_b_to_a,2950,5,0.4074842631816864,5,8,False
resnet50,resnet50_linear_head,cue_conflict,p03_r12_b_to_a,4290,5,0.31870901584625244,5,1,False
resnet50,resnet50_linear_head,cue_conflict,p03_r13_b_to_a,7130,5,0.18845969438552856,5,5,True
resnet50,resnet50_linear_head,cue_conflict,p03_r14_b_to_a,5924,5,0.27344197034835815,5,6,False
resnet50,resnet50_linear_head,cue_conflict,p03_r16_b_to_a,6922,5,0.20987340807914734,5,8,False
resnet50,resnet50_linear_head,cue_conflict,p03_r17_b_to_a,2766,5,0.624570369720459,5,6,False
resnet50,resnet50_linear_head,cue_conflict,p03_r20_b_to_a,645,5,0.3555947244167328,5,6,False
resnet50,resnet50_linear_head,cue_conflict,p03_r21_b_to_a,6989,5,0.3781519830226898,5,5,True
resnet50,resnet50_linear_head,cue_conflict,p03_r22_b_to_a,6716,5,0.23442792892456055,5,8,False
resnet50,resnet50_linear_head,cue_conflict,p03_r23_b_to_a,7413,5,0.5981653332710266,5,6,False
resnet50,resnet50_linear_head,cue_conflict,p03_r24_b_to_a,4547,5,0.12121034413576126,5,8,False
resnet50,resnet50_linear_head,cue_conflict,p04_r01_a_to_b,7995,9,0.5593363642692566,9,9,True
resnet50,resnet50_linear_head,cue_conflict,p04_r02_a_to_b,1515,9,0.6121559739112854,9,9,True
resnet50,resnet50_linear_head,cue_conflict,p04_r03_a_to_b,7752,9,0.46732982993125916,9,9,True
resnet50,resnet50_linear_head,cue_conflict,p04_r04_a_to_b,2655,9,0.5962359309196472,9,9,True
resnet50,resnet50_linear_head,cue_conflict,p04_r06_a_to_b,2114,9,0.6116564869880676,9,9,True
resnet50,resnet50_linear_head,cue_conflict,p04_r07_a_to_b,2062,9,0.2914677858352661,9,9,True
resnet50,resnet50_linear_head,cue_conflict,p04_r08_a_to_b,7380,9,0.5783506035804749,9,2,False
resnet50,resnet50_linear_head,cue_conflict,p04_r09_a_to_b,5284,9,0.2476027011871338,9,9,True
resnet50,resnet50_linear_head,cue_conflict,p04_r11_a_to_b,191,9,0.4658943712711334,9,2,False
resnet50,resnet50_linear_head,cue_conflict,p04_r12_a_to_b,4723,9,0.5381990671157837,9,9,True
resnet50,resnet50_linear_head,cue_conflict,p04_r13_a_to_b,1430,9,0.6050994992256165,9,9,True
resnet50,resnet50_linear_head,cue_conflict,p04_r14_a_to_b,3893,9,0.29231348633766174,9,9,True
resnet50,resnet50_linear_head,cue_conflict,p04_r15_a_to_b,5851,9,0.2815867066383362,9,9,True
resnet50,resnet50_linear_head,cue_conflict,p04_r16_a_to_b,7938,9,0.317803293466568,9,9,True
resnet50,resnet50_linear_head,cue_conflict,p04_r17_a_to_b,4094,9,0.2953190207481384,9,9,True
resnet50,resnet50_linear_head,cue_conflict,p04_r18_a_to_b,419,9,0.4123246669769287,9,9,True
resnet50,resnet50_linear_head,cue_conflict,p04_r19_a_to_b,2011,9,0.2730278968811035,9,9,True
resnet50,resnet50_linear_head,cue_conflict,p04_r20_a_to_b,1411,9,0.15514296293258667,9,1,False
resnet50,resnet50_linear_head,cue_conflict,p04_r21_a_to_b,5981,9,0.19911843538284302,9,1,False
resnet50,resnet50_linear_head,cue_conflict,p04_r22_a_to_b,5452,9,0.31433728337287903,9,1,False
resnet50,resnet50_linear_head,cue_conflict,p04_r01_b_to_a,1667,6,0.4985816776752472,6,6,True
resnet50,resnet50_linear_head,cue_conflict,p04_r04_b_to_a,7555,6,0.42926129698753357,6,0,False
resnet50,resnet50_linear_head,cue_conflict,p04_r06_b_to_a,3292,6,0.3946232497692108,6,9,False
resnet50,resnet50_linear_head,cue_conflict,p04_r08_b_to_a,4093,6,0.7222633361816406,6,6,True
resnet50,resnet50_linear_head,cue_conflict,p04_r09_b_to_a,7108,6,0.603310227394104,6,6,True
resnet50,resnet50_linear_head,cue_conflict,p04_r10_b_to_a,7600,6,0.4622880220413208,6,6,True
resnet50,resnet50_linear_head,cue_conflict,p04_r11_b_to_a,7781,6,0.5548807382583618,6,6,True
resnet50,resnet50_linear_head,cue_conflict,p04_r12_b_to_a,7338,6,0.7483841776847839,6,6,True
resnet50,resnet50_linear_head,cue_conflict,p04_r13_b_to_a,5580,6,0.31744542717933655,6,9,False
resnet50,resnet50_linear_head,cue_conflict,p04_r14_b_to_a,3494,6,0.20106852054595947,6,9,False
resnet50,resnet50_linear_head,cue_conflict,p04_r16_b_to_a,920,6,0.4031485319137573,6,6,True
resnet50,resnet50_linear_head,cue_conflict,p04_r19_b_to_a,6713,6,0.6812445521354675,6,6,True
resnet50,resnet50_linear_head,cue_conflict,p04_r22_b_to_a,3418,6,0.6404141783714294,6,6,True
resnet50,resnet50_linear_head,cue_conflict,p04_r23_b_to_a,3777,6,0.26011383533477783,6,1,False
resnet50,resnet50_linear_head,cue_conflict,p04_r24_b_to_a,3962,6,0.19789887964725494,6,8,False
resnet50,resnet50_linear_head,cue_conflict,p04_r25_b_to_a,2958,6,0.7302985191345215,6,6,True
resnet50,resnet50_linear_head,cue_conflict,p04_r26_b_to_a,873,6,0.7158699035644531,6,4,False
resnet50,resnet50_linear_head,cue_conflict,p04_r27_b_to_a,4254,6,0.17897211015224457,6,0,False
resnet50,resnet50_linear_head,cue_conflict,p04_r28_b_to_a,5858,6,0.4453209638595581,6,6,True
resnet50,resnet50_linear_head,cue_conflict,p04_r29_b_to_a,3515,6,0.7451192140579224,6,6,True
resnet50,resnet50_linear_head,cue_conflict,p05_r01_a_to_b,95,1,0.7141602635383606,1,1,True
resnet50,resnet50_linear_head,cue_conflict,p05_r02_a_to_b,3937,1,0.6530970335006714,1,1,True
resnet50,resnet50_linear_head,cue_conflict,p05_r03_a_to_b,6169,1,0.524949312210083,1,1,True
resnet50,resnet50_linear_head,cue_conflict,p05_r04_a_to_b,5560,1,0.20083698630332947,1,1,True
resnet50,resnet50_linear_head,cue_conflict,p05_r05_a_to_b,1115,1,0.5650349855422974,1,1,True
resnet50,resnet50_linear_head,cue_conflict,p05_r06_a_to_b,6938,1,0.7295966744422913,1,1,True
resnet50,resnet50_linear_head,cue_conflict,p05_r07_a_to_b,1109,1,0.37216535210609436,1,1,True
resnet50,resnet50_linear_head,cue_conflict,p05_r10_a_to_b,4640,1,0.5905153751373291,1,1,True
resnet50,resnet50_linear_head,cue_conflict,p05_r11_a_to_b,825,1,0.4214601218700409,1,1,True
resnet50,resnet50_linear_head,cue_conflict,p05_r12_a_to_b,6594,1,0.3060241639614105,1,1,True
resnet50,resnet50_linear_head,cue_conflict,p05_r13_a_to_b,261,1,0.5323963165283203,1,1,True
resnet50,resnet50_linear_head,cue_conflict,p05_r14_a_to_b,116,1,0.6278865337371826,1,1,True
resnet50,resnet50_linear_head,cue_conflict,p05_r15_a_to_b,2687,1,0.6529262661933899,1,1,True
resnet50,resnet50_linear_head,cue_conflict,p05_r16_a_to_b,5256,1,0.4724799394607544,1,1,True
resnet50,resnet50_linear_head,cue_conflict,p05_r17_a_to_b,1568,1,0.4406197965145111,1,3,False
resnet50,resnet50_linear_head,cue_conflict,p05_r18_a_to_b,5220,1,0.5632392168045044,3,3,True
resnet50,resnet50_linear_head,cue_conflict,p05_r19_a_to_b,6954,1,0.533896803855896,1,1,True
resnet50,resnet50_linear_head,cue_conflict,p05_r20_a_to_b,2116,1,0.44383955001831055,3,1,False
resnet50,resnet50_linear_head,cue_conflict,p05_r21_a_to_b,3491,1,0.553004264831543,1,1,True
resnet50,resnet50_linear_head,cue_conflict,p05_r22_a_to_b,5092,1,0.7202853560447693,1,1,True
resnet50,resnet50_linear_head,cue_conflict,p05_r05_b_to_a,4172,7,0.6079233288764954,7,7,True
resnet50,resnet50_linear_head,cue_conflict,p05_r06_b_to_a,1711,7,0.7624403834342957,7,7,True
resnet50,resnet50_linear_head,cue_conflict,p05_r07_b_to_a,4403,7,0.4777184724807739,7,7,True
resnet50,resnet50_linear_head,cue_conflict,p05_r09_b_to_a,1048,7,0.20801201462745667,7,1,False
resnet50,resnet50_linear_head,cue_conflict,p05_r15_b_to_a,5450,7,0.7473055720329285,7,7,True
resnet50,resnet50_linear_head,cue_conflict,p05_r16_b_to_a,1579,7,0.7316229939460754,7,7,True
resnet50,resnet50_linear_head,cue_conflict,p05_r17_b_to_a,1771,7,0.38932326436042786,7,4,False
resnet50,resnet50_linear_head,cue_conflict,p05_r18_b_to_a,29,7,0.40057483315467834,7,1,False
resnet50,resnet50_linear_head,cue_conflict,p05_r20_b_to_a,6772,7,0.28283411264419556,7,1,False
resnet50,resnet50_linear_head,cue_conflict,p05_r21_b_to_a,2746,7,0.33463138341903687,7,1,False
resnet50,resnet50_linear_head,cue_conflict,p05_r22_b_to_a,1220,7,0.6901108026504517,7,4,False
resnet50,resnet50_linear_head,cue_conflict,p05_r23_b_to_a,269,7,0.6855975389480591,7,7,True
resnet50,resnet50_linear_head,cue_conflict,p05_r24_b_to_a,5719,7,0.7240194082260132,7,7,True
resnet50,resnet50_linear_head,cue_conflict,p05_r25_b_to_a,1956,7,0.2767283618450165,3,1,False
resnet50,resnet50_linear_head,cue_conflict,p05_r26_b_to_a,2854,7,0.49889206886291504,7,7,True
resnet50,resnet50_linear_head,cue_conflict,p05_r27_b_to_a,4236,7,0.30093076825141907,7,1,False
resnet50,resnet50_linear_head,cue_conflict,p05_r28_b_to_a,3404,7,0.6141531467437744,7,7,True
resnet50,resnet50_linear_head,cue_conflict,p05_r29_b_to_a,2668,7,0.7634231448173523,7,7,True
resnet50,resnet50_linear_head,cue_conflict,p05_r30_b_to_a,1440,7,0.6913034319877625,7,7,True
resnet50,resnet50_linear_head,cue_conflict,p05_r32_b_to_a,4308,7,0.34199488162994385,7,1,False
resnet50,resnet50_linear_head,patch_shuffle,3,3,0,0.6850761771202087,0,0,True
resnet50,resnet50_linear_head,patch_shuffle,29,29,7,0.62852942943573,7,7,True
resnet50,resnet50_linear_head,patch_shuffle,35,35,2,0.7560946941375732,2,2,True
resnet50,resnet50_linear_head,patch_shuffle,42,42,0,0.7038799524307251,0,0,True
resnet50,resnet50_linear_head,patch_shuffle,49,49,2,0.659885585308075,2,2,True
resnet50,resnet50_linear_head,patch_shuffle,81,81,0,0.6706134676933289,0,8,False
resnet50,resnet50_linear_head,patch_shuffle,95,95,1,0.7307013869285583,1,1,True
resnet50,resnet50_linear_head,patch_shuffle,97,97,5,0.8099846839904785,5,5,True
resnet50,resnet50_linear_head,patch_shuffle,116,116,1,0.646530270576477,1,1,True
resnet50,resnet50_linear_head,patch_shuffle,131,131,9,0.7134138941764832,9,9,True
resnet50,resnet50_linear_head,patch_shuffle,151,151,8,0.695838987827301,8,8,True
resnet50,resnet50_linear_head,patch_shuffle,171,171,4,0.6968672871589661,4,4,True
resnet50,resnet50_linear_head,patch_shuffle,176,176,3,0.678791880607605,3,3,True
resnet50,resnet50_linear_head,patch_shuffle,191,191,9,0.7834807634353638,9,9,True
resnet50,resnet50_linear_head,patch_shuffle,194,194,8,0.7350398302078247,8,8,True
resnet50,resnet50_linear_head,patch_shuffle,198,198,1,0.733607828617096,1,1,True
resnet50,resnet50_linear_head,patch_shuffle,239,239,9,0.7475560307502747,9,9,True
resnet50,resnet50_linear_head,patch_shuffle,261,261,1,0.6574611663818359,1,1,True
resnet50,resnet50_linear_head,patch_shuffle,269,269,7,0.6998820304870605,7,7,True
resnet50,resnet50_linear_head,patch_shuffle,276,276,9,0.6420221328735352,9,2,False
resnet50,resnet50_linear_head,patch_shuffle,303,303,9,0.6980584859848022,9,9,True
resnet50,resnet50_linear_head,patch_shuffle,304,304,1,0.6755762100219727,1,1,True
resnet50,resnet50_linear_head,patch_shuffle,317,317,2,0.7309583425521851,2,2,True
resnet50,resnet50_linear_head,patch_shuffle,319,319,5,0.7159223556518555,5,5,True
resnet50,resnet50_linear_head,patch_shuffle,323,323,7,0.7254457473754883,7,7,True
resnet50,resnet50_linear_head,patch_shuffle,365,365,3,0.6879456639289856,3,3,True
resnet50,resnet50_linear_head,patch_shuffle,370,370,7,0.6658406257629395,7,7,True
resnet50,resnet50_linear_head,patch_shuffle,372,372,3,0.6800950169563293,3,3,True
resnet50,resnet50_linear_head,patch_shuffle,378,378,5,0.6901544332504272,5,5,True
resnet50,resnet50_linear_head,patch_shuffle,391,391,3,0.671531081199646,3,3,True
resnet50,resnet50_linear_head,patch_shuffle,409,409,2,0.7632521390914917,2,2,True
resnet50,resnet50_linear_head,patch_shuffle,419,419,9,0.7850894331932068,9,9,True
resnet50,resnet50_linear_head,patch_shuffle,449,449,6,0.838694155216217,6,6,True
resnet50,resnet50_linear_head,patch_shuffle,470,470,2,0.7492902874946594,2,2,True
resnet50,resnet50_linear_head,patch_shuffle,483,483,2,0.7769306302070618,2,2,True
resnet50,resnet50_linear_head,patch_shuffle,484,484,0,0.7069373726844788,0,8,False
resnet50,resnet50_linear_head,patch_shuffle,506,506,4,0.6873950362205505,4,4,True
resnet50,resnet50_linear_head,patch_shuffle,545,545,6,0.8041106462478638,6,6,True
resnet50,resnet50_linear_head,patch_shuffle,562,562,0,0.708487331867218,0,0,True
resnet50,resnet50_linear_head,patch_shuffle,568,568,5,0.7154440879821777,5,5,True
resnet50,resnet50_linear_head,patch_shuffle,603,603,9,0.593704879283905,9,2,False
resnet50,resnet50_linear_head,patch_shuffle,632,632,3,0.717323899269104,3,3,True
resnet50,resnet50_linear_head,patch_shuffle,645,645,5,0.6405619382858276,5,5,True
resnet50,resnet50_linear_head,patch_shuffle,667,667,8,0.8224263191223145,8,8,True
resnet50,resnet50_linear_head,patch_shuffle,672,672,3,0.6259171366691589,3,3,True
resnet50,resnet50_linear_head,patch_shuffle,677,677,3,0.8461249470710754,3,3,True
resnet50,resnet50_linear_head,patch_shuffle,685,685,5,0.7176697254180908,5,5,True
resnet50,resnet50_linear_head,patch_shuffle,691,691,4,0.6005499362945557,4,4,True
resnet50,resnet50_linear_head,patch_shuffle,706,706,8,0.6729815602302551,8,8,True
resnet50,resnet50_linear_head,patch_shuffle,714,714,2,0.7782868146896362,2,2,True
resnet50,resnet50_linear_head,patch_shuffle,716,716,8,0.7081458568572998,8,8,True
resnet50,resnet50_linear_head,patch_shuffle,738,738,3,0.7482905983924866,3,5,False
resnet50,resnet50_linear_head,patch_shuffle,739,739,8,0.7522331476211548,8,8,True
resnet50,resnet50_linear_head,patch_shuffle,766,766,4,0.7260705232620239,6,6,True
resnet50,resnet50_linear_head,patch_shuffle,791,791,3,0.8025456070899963,3,3,True
resnet50,resnet50_linear_head,patch_shuffle,805,805,9,0.7599436044692993,9,9,True
resnet50,resnet50_linear_head,patch_shuffle,825,825,1,0.7113317847251892,1,1,True
resnet50,resnet50_linear_head,patch_shuffle,852,852,9,0.6494660377502441,9,9,True
resnet50,resnet50_linear_head,patch_shuffle,855,855,4,0.7159327268600464,4,4,True
resnet50,resnet50_linear_head,patch_shuffle,873,873,6,0.6653722524642944,6,6,True
resnet50,resnet50_linear_head,patch_shuffle,890,890,6,0.8373036980628967,6,6,True
resnet50,resnet50_linear_head,patch_shuffle,920,920,6,0.6234683990478516,6,6,True
resnet50,resnet50_linear_head,patch_shuffle,929,929,6,0.6968265771865845,6,6,True
resnet50,resnet50_linear_head,patch_shuffle,962,962,8,0.8222784996032715,8,8,True
resnet50,resnet50_linear_head,patch_shuffle,964,964,6,0.6459171175956726,6,6,True
resnet50,resnet50_linear_head,patch_shuffle,977,977,6,0.6770009994506836,6,6,True
resnet50,resnet50_linear_head,patch_shuffle,979,979,3,0.7411465048789978,3,3,True
resnet50,resnet50_linear_head,patch_shuffle,981,981,2,0.6067584753036499,2,2,True
resnet50,resnet50_linear_head,patch_shuffle,1022,1022,9,0.7721444368362427,9,9,True
resnet50,resnet50_linear_head,patch_shuffle,1032,1032,7,0.8215896487236023,7,7,True
resnet50,resnet50_linear_head,patch_shuffle,1048,1048,7,0.677060604095459,7,7,True
resnet50,resnet50_linear_head,patch_shuffle,1090,1090,1,0.7305848002433777,1,1,True
resnet50,resnet50_linear_head,patch_shuffle,1095,1095,5,0.6299769282341003,5,5,True
resnet50,resnet50_linear_head,patch_shuffle,1109,1109,1,0.7707859873771667,1,1,True
resnet50,resnet50_linear_head,patch_shuffle,1111,1111,4,0.7205765843391418,4,4,True
resnet50,resnet50_linear_head,patch_shuffle,1115,1115,1,0.7068812251091003,1,1,True
resnet50,resnet50_linear_head,patch_shuffle,1124,1124,4,0.6748797297477722,4,1,False
resnet50,resnet50_linear_head,patch_shuffle,1129,1129,8,0.7026640772819519,8,8,True
resnet50,resnet50_linear_head,patch_shuffle,1175,1175,0,0.7183866500854492,0,0,True
resnet50,resnet50_linear_head,patch_shuffle,1202,1202,2,0.7135857343673706,2,2,True
resnet50,resnet50_linear_head,patch_shuffle,1204,1204,3,0.668401300907135,3,3,True
resnet50,resnet50_linear_head,patch_shuffle,1211,1211,4,0.7458515763282776,4,4,True
resnet50,resnet50_linear_head,patch_shuffle,1220,1220,7,0.6769313812255859,7,7,True
resnet50,resnet50_linear_head,patch_shuffle,1230,1230,1,0.6451396346092224,1,1,True
resnet50,resnet50_linear_head,patch_shuffle,1247,1247,8,0.7361663579940796,8,8,True
resnet50,resnet50_linear_head,patch_shuffle,1263,1263,3,0.7261732816696167,3,3,True
resnet50,resnet50_linear_head,patch_shuffle,1266,1266,4,0.7297235727310181,4,4,True
resnet50,resnet50_linear_head,patch_shuffle,1287,1287,7,0.6799507141113281,7,7,True
resnet50,resnet50_linear_head,patch_shuffle,1296,1296,7,0.7970632314682007,7,7,True
resnet50,resnet50_linear_head,patch_shuffle,1370,1370,3,0.6807701587677002,3,3,True
resnet50,resnet50_linear_head,patch_shuffle,1389,1389,0,0.807648777961731,0,0,True
resnet50,resnet50_linear_head,patch_shuffle,1401,1401,3,0.5531409382820129,3,3,True
resnet50,resnet50_linear_head,patch_shuffle,1403,1403,2,0.7542620897293091,2,2,True
resnet50,resnet50_linear_head,patch_shuffle,1411,1411,9,0.6987524628639221,9,9,True
resnet50,resnet50_linear_head,patch_shuffle,1429,1429,4,0.6745043396949768,4,4,True
resnet50,resnet50_linear_head,patch_shuffle,1430,1430,9,0.6648951172828674,9,9,True
resnet50,resnet50_linear_head,patch_shuffle,1431,1431,3,0.5689135193824768,3,3,True
resnet50,resnet50_linear_head,patch_shuffle,1436,1436,1,0.7561634182929993,1,1,True
resnet50,resnet50_linear_head,patch_shuffle,1440,1440,7,0.6438149213790894,7,7,True
resnet50,resnet50_linear_head,patch_shuffle,1468,1468,9,0.6446257829666138,9,9,True
resnet50,resnet50_linear_head,patch_shuffle,1473,1473,7,0.5928743481636047,7,7,True
resnet50,resnet50_linear_head,patch_shuffle,1515,1515,9,0.5723532438278198,9,9,True
resnet50,resnet50_linear_head,patch_shuffle,1520,1520,2,0.7167242169380188,2,2,True
resnet50,resnet50_linear_head,patch_shuffle,1531,1531,3,0.8304211497306824,3,5,False
resnet50,resnet50_linear_head,patch_shuffle,1534,1534,6,0.6063410043716431,6,6,True
resnet50,resnet50_linear_head,patch_shuffle,1552,1552,5,0.7855563163757324,5,5,True
resnet50,resnet50_linear_head,patch_shuffle,1553,1553,0,0.5410140156745911,0,0,True
resnet50,resnet50_linear_head,patch_shuffle,1563,1563,3,0.6146869659423828,3,7,False
resnet50,resnet50_linear_head,patch_shuffle,1568,1568,1,0.8010697364807129,1,3,False
resnet50,resnet50_linear_head,patch_shuffle,1579,1579,7,0.7446574568748474,7,7,True
resnet50,resnet50_linear_head,patch_shuffle,1586,1586,2,0.7155451774597168,2,2,True
resnet50,resnet50_linear_head,patch_shuffle,1596,1596,0,0.8185594081878662,0,0,True
resnet50,resnet50_linear_head,patch_shuffle,1626,1626,5,0.7614881992340088,5,5,True
resnet50,resnet50_linear_head,patch_shuffle,1640,1640,8,0.6897392272949219,8,8,True
resnet50,resnet50_linear_head,patch_shuffle,1644,1644,5,0.7345115542411804,5,5,True
resnet50,resnet50_linear_head,patch_shuffle,1648,1648,0,0.7954618334770203,0,0,True
resnet50,resnet50_linear_head,patch_shuffle,1654,1654,9,0.688867449760437,9,9,True
resnet50,resnet50_linear_head,patch_shuffle,1667,1667,6,0.7115901708602905,6,6,True
resnet50,resnet50_linear_head,patch_shuffle,1703,1703,7,0.6739383935928345,7,3,False
resnet50,resnet50_linear_head,patch_shuffle,1711,1711,7,0.6380010843276978,7,7,True
resnet50,resnet50_linear_head,patch_shuffle,1771,1771,7,0.6721822023391724,7,4,False
resnet50,resnet50_linear_head,patch_shuffle,1783,1783,8,0.8794574737548828,8,8,True
resnet50,resnet50_linear_head,patch_shuffle,1814,1814,2,0.7180305123329163,2,2,True
resnet50,resnet50_linear_head,patch_shuffle,1833,1833,8,0.7079340815544128,8,8,True
resnet50,resnet50_linear_head,patch_shuffle,1836,1836,9,0.5612344145774841,9,2,False
resnet50,resnet50_linear_head,patch_shuffle,1839,1839,2,0.7336534261703491,2,2,True
resnet50,resnet50_linear_head,patch_shuffle,1852,1852,1,0.5928983688354492,1,1,True
resnet50,resnet50_linear_head,patch_shuffle,1871,1871,1,0.778408944606781,1,3,False
resnet50,resnet50_linear_head,patch_shuffle,1877,1877,5,0.7145534753799438,5,4,False
resnet50,resnet50_linear_head,patch_shuffle,1884,1884,7,0.6052286624908447,7,7,True
resnet50,resnet50_linear_head,patch_shuffle,1927,1927,7,0.5446637272834778,7,7,True
resnet50,resnet50_linear_head,patch_shuffle,1954,1954,8,0.7079167366027832,8,0,False
resnet50,resnet50_linear_head,patch_shuffle,1956,1956,7,0.8006395697593689,3,3,True
resnet50,resnet50_linear_head,patch_shuffle,1960,1960,4,0.7339731454849243,4,4,True
resnet50,resnet50_linear_head,patch_shuffle,1977,1977,0,0.8492426872253418,0,0,True
resnet50,resnet50_linear_head,patch_shuffle,1986,1986,1,0.6974987983703613,1,1,True
resnet50,resnet50_linear_head,patch_shuffle,1993,1993,1,0.76958829164505,1,1,True
resnet50,resnet50_linear_head,patch_shuffle,2003,2003,6,0.7901540398597717,6,6,True
resnet50,resnet50_linear_head,patch_shuffle,2011,2011,9,0.5650844573974609,9,9,True
resnet50,resnet50_linear_head,patch_shuffle,2024,2024,0,0.7735638618469238,0,0,True
resnet50,resnet50_linear_head,patch_shuffle,2028,2028,3,0.7261860966682434,3,3,True
resnet50,resnet50_linear_head,patch_shuffle,2062,2062,9,0.6601904034614563,9,9,True
resnet50,resnet50_linear_head,patch_shuffle,2070,2070,1,0.8302849531173706,1,1,True
resnet50,resnet50_linear_head,patch_shuffle,2082,2082,2,0.847348153591156,2,2,True
resnet50,resnet50_linear_head,patch_shuffle,2095,2095,1,0.6797083020210266,1,1,True
resnet50,resnet50_linear_head,patch_shuffle,2109,2109,8,0.7578019499778748,8,8,True
resnet50,resnet50_linear_head,patch_shuffle,2114,2114,9,0.7497445940971375,9,9,True
resnet50,resnet50_linear_head,patch_shuffle,2116,2116,1,0.717334508895874,3,3,True
resnet50,resnet50_linear_head,patch_shuffle,2157,2157,1,0.7087223529815674,1,1,True
resnet50,resnet50_linear_head,patch_shuffle,2167,2167,9,0.7926750779151917,9,0,False
resnet50,resnet50_linear_head,patch_shuffle,2178,2178,1,0.709430456161499,1,1,True
resnet50,resnet50_linear_head,patch_shuffle,2191,2191,8,0.8003117442131042,8,8,True
resnet50,resnet50_linear_head,patch_shuffle,2230,2230,8,0.7798402309417725,8,8,True
resnet50,resnet50_linear_head,patch_shuffle,2242,2242,0,0.8058321475982666,0,0,True
resnet50,resnet50_linear_head,patch_shuffle,2265,2265,5,0.7452076077461243,5,5,True
resnet50,resnet50_linear_head,patch_shuffle,2268,2268,5,0.709378719329834,5,5,True
resnet50,resnet50_linear_head,patch_shuffle,2291,2291,3,0.5822423696517944,3,3,True
resnet50,resnet50_linear_head,patch_shuffle,2334,2334,5,0.7359979748725891,5,5,True
resnet50,resnet50_linear_head,patch_shuffle,2340,2340,8,0.7337831854820251,8,8,True
resnet50,resnet50_linear_head,patch_shuffle,2342,2342,8,0.6836981177330017,8,8,True
resnet50,resnet50_linear_head,patch_shuffle,2351,2351,9,0.4803481698036194,9,9,True
resnet50,resnet50_linear_head,patch_shuffle,2391,2391,5,0.7551326155662537,5,3,False
resnet50,resnet50_linear_head,patch_shuffle,2392,2392,2,0.7588539123535156,2,2,True
resnet50,resnet50_linear_head,patch_shuffle,2399,2399,4,0.6804739832878113,4,4,True
resnet50,resnet50_linear_head,patch_shuffle,2414,2414,9,0.7288310527801514,9,9,True
resnet50,resnet50_linear_head,patch_shuffle,2427,2427,5,0.7045565247535706,5,5,True
resnet50,resnet50_linear_head,patch_shuffle,2458,2458,5,0.707914412021637,5,5,True
resnet50,resnet50_linear_head,patch_shuffle,2501,2501,7,0.7775331139564514,7,7,True
resnet50,resnet50_linear_head,patch_shuffle,2502,2502,2,0.8095875978469849,2,2,True
resnet50,resnet50_linear_head,patch_shuffle,2536,2536,3,0.8120964169502258,3,3,True
resnet50,resnet50_linear_head,patch_shuffle,2539,2539,3,0.8328341841697693,3,3,True
resnet50,resnet50_linear_head,patch_shuffle,2610,2610,6,0.7099378108978271,6,1,False
resnet50,resnet50_linear_head,patch_shuffle,2623,2623,5,0.7314614057540894,5,5,True
resnet50,resnet50_linear_head,patch_shuffle,2655,2655,9,0.7069075703620911,9,9,True
resnet50,resnet50_linear_head,patch_shuffle,2668,2668,7,0.6734275221824646,7,7,True
resnet50,resnet50_linear_head,patch_shuffle,2676,2676,6,0.7134768962860107,6,6,True
resnet50,resnet50_linear_head,patch_shuffle,2687,2687,1,0.6481598615646362,1,1,True
resnet50,resnet50_linear_head,patch_shuffle,2690,2690,1,0.7432644963264465,1,1,True
resnet50,resnet50_linear_head,patch_shuffle,2704,2704,4,0.7911754846572876,4,4,True
resnet50,resnet50_linear_head,patch_shuffle,2745,2745,8,0.7941650152206421,8,8,True
resnet50,resnet50_linear_head,patch_shuffle,2746,2746,7,0.5595255494117737,7,3,False
resnet50,resnet50_linear_head,patch_shuffle,2750,2750,0,0.7638127207756042,0,0,True
resnet50,resnet50_linear_head,patch_shuffle,2754,2754,3,0.7403510808944702,3,3,True
resnet50,resnet50_linear_head,patch_shuffle,2757,2757,4,0.696510910987854,4,4,True
resnet50,resnet50_linear_head,patch_shuffle,2766,2766,5,0.6945223808288574,5,5,True
resnet50,resnet50_linear_head,patch_shuffle,2807,2807,5,0.7718662023544312,4,4,True
resnet50,resnet50_linear_head,patch_shuffle,2844,2844,8,0.8364654779434204,8,8,True
resnet50,resnet50_linear_head,patch_shuffle,2854,2854,7,0.7120288610458374,7,7,True
resnet50,resnet50_linear_head,patch_shuffle,2861,2861,3,0.6870067119598389,3,3,True
resnet50,resnet50_linear_head,patch_shuffle,2888,2888,0,0.622630774974823,0,0,True
resnet50,resnet50_linear_head,patch_shuffle,2898,2898,4,0.7914060950279236,4,4,True
resnet50,resnet50_linear_head,patch_shuffle,2950,2950,5,0.7405118346214294,5,5,True
resnet50,resnet50_linear_head,patch_shuffle,2958,2958,6,0.8194435238838196,6,6,True
resnet50,resnet50_linear_head,patch_shuffle,3015,3015,8,0.7041306495666504,8,8,True
resnet50,resnet50_linear_head,patch_shuffle,3024,3024,2,0.7098390460014343,2,2,True
resnet50,resnet50_linear_head,patch_shuffle,3025,3025,0,0.76024329662323,0,0,True
resnet50,resnet50_linear_head,patch_shuffle,3034,3034,4,0.7036440372467041,4,4,True
resnet50,resnet50_linear_head,patch_shuffle,3067,3067,2,0.6739706993103027,2,2,True
resnet50,resnet50_linear_head,patch_shuffle,3078,3078,4,0.7658154964447021,4,4,True
resnet50,resnet50_linear_head,patch_shuffle,3079,3079,1,0.6500994563102722,1,1,True
resnet50,resnet50_linear_head,patch_shuffle,3083,3083,0,0.7850897908210754,0,0,True
resnet50,resnet50_linear_head,patch_shuffle,3122,3122,4,0.7420405745506287,4,4,True
resnet50,resnet50_linear_head,patch_shuffle,3153,3153,7,0.6999174952507019,7,7,True
resnet50,resnet50_linear_head,patch_shuffle,3157,3157,8,0.8212177157402039,8,8,True
resnet50,resnet50_linear_head,patch_shuffle,3163,3163,2,0.7833124995231628,2,2,True
resnet50,resnet50_linear_head,patch_shuffle,3179,3179,4,0.7972632050514221,4,4,True
resnet50,resnet50_linear_head,patch_shuffle,3191,3191,6,0.7509488463401794,6,4,False
resnet50,resnet50_linear_head,patch_shuffle,3276,3276,3,0.5996541976928711,3,3,True
resnet50,resnet50_linear_head,patch_shuffle,3287,3287,4,0.7324623465538025,4,4,True
resnet50,resnet50_linear_head,patch_shuffle,3288,3288,7,0.6874076724052429,7,7,True
resnet50,resnet50_linear_head,patch_shuffle,3292,3292,6,0.6675628423690796,6,6,True
resnet50,resnet50_linear_head,patch_shuffle,3318,3318,9,0.5487432479858398,9,9,True
resnet50,resnet50_linear_head,patch_shuffle,3347,3347,0,0.593576967716217,0,0,True
resnet50,resnet50_linear_head,patch_shuffle,3353,3353,5,0.8571003675460815,3,3,True
resnet50,resnet50_linear_head,patch_shuffle,3362,3362,2,0.8393896222114563,2,2,True
resnet50,resnet50_linear_head,patch_shuffle,3365,3365,4,0.7444984316825867,4,4,True
resnet50,resnet50_linear_head,patch_shuffle,3375,3375,3,0.6929412484169006,3,3,True
resnet50,resnet50_linear_head,patch_shuffle,3383,3383,3,0.6567526459693909,3,3,True
resnet50,resnet50_linear_head,patch_shuffle,3404,3404,7,0.647790253162384,7,7,True
resnet50,resnet50_linear_head,patch_shuffle,3412,3412,8,0.804191529750824,8,8,True
resnet50,resnet50_linear_head,patch_shuffle,3413,3413,1,0.6800758242607117,1,1,True
resnet50,resnet50_linear_head,patch_shuffle,3418,3418,6,0.7310574650764465,6,6,True
resnet50,resnet50_linear_head,patch_shuffle,3437,3437,0,0.7554833889007568,0,0,True
resnet50,resnet50_linear_head,patch_shuffle,3446,3446,7,0.7947622537612915,7,7,True
resnet50,resnet50_linear_head,patch_shuffle,3454,3454,2,0.691878080368042,2,9,False
resnet50,resnet50_linear_head,patch_shuffle,3455,3455,0,0.6787911057472229,0,0,True
resnet50,resnet50_linear_head,patch_shuffle,3458,3458,4,0.6184569597244263,4,4,True
resnet50,resnet50_linear_head,patch_shuffle,3467,3467,7,0.7349731922149658,7,7,True
resnet50,resnet50_linear_head,patch_shuffle,3491,3491,1,0.7658628225326538,1,1,True
resnet50,resnet50_linear_head,patch_shuffle,3494,3494,6,0.44569525122642517,6,6,True
resnet50,resnet50_linear_head,patch_shuffle,3512,3512,4,0.7432538866996765,4,4,True
resnet50,resnet50_linear_head,patch_shuffle,3515,3515,6,0.6878728270530701,6,4,False
resnet50,resnet50_linear_head,patch_shuffle,3542,3542,7,0.6612961292266846,7,7,True
resnet50,resnet50_linear_head,patch_shuffle,3550,3550,1,0.6877561807632446,1,1,True
resnet50,resnet50_linear_head,patch_shuffle,3562,3562,3,0.642657995223999,3,3,True
resnet50,resnet50_linear_head,patch_shuffle,3755,3755,2,0.7154320478439331,2,2,True
resnet50,resnet50_linear_head,patch_shuffle,3763,3763,4,0.8343302607536316,4,4,True
resnet50,resnet50_linear_head,patch_shuffle,3777,3777,6,0.7090848684310913,6,6,True
resnet50,resnet50_linear_head,patch_shuffle,3778,3778,3,0.5825589895248413,3,3,True
resnet50,resnet50_linear_head,patch_shuffle,3779,3779,6,0.7554049491882324,6,6,True
resnet50,resnet50_linear_head,patch_shuffle,3844,3844,6,0.7800012826919556,6,6,True
resnet50,resnet50_linear_head,patch_shuffle,3851,3851,3,0.7198913097381592,3,5,False
resnet50,resnet50_linear_head,patch_shuffle,3852,3852,5,0.6274710893630981,5,5,True
resnet50,resnet50_linear_head,patch_shuffle,3863,3863,5,0.5676406025886536,5,5,True
resnet50,resnet50_linear_head,patch_shuffle,3867,3867,7,0.6806287169456482,7,7,True
resnet50,resnet50_linear_head,patch_shuffle,3876,3876,0,0.8847072720527649,0,0,True
resnet50,resnet50_linear_head,patch_shuffle,3889,3889,5,0.6661074757575989,5,5,True
resnet50,resnet50_linear_head,patch_shuffle,3891,3891,4,0.6365153193473816,4,4,True
resnet50,resnet50_linear_head,patch_shuffle,3893,3893,9,0.6663561463356018,9,9,True
resnet50,resnet50_linear_head,patch_shuffle,3905,3905,8,0.7010208964347839,8,8,True
resnet50,resnet50_linear_head,patch_shuffle,3914,3914,3,0.7222244143486023,3,3,True
resnet50,resnet50_linear_head,patch_shuffle,3937,3937,1,0.7383319735527039,1,1,True
resnet50,resnet50_linear_head,patch_shuffle,3942,3942,9,0.6942094564437866,9,9,True
resnet50,resnet50_linear_head,patch_shuffle,3948,3948,8,0.7539653778076172,8,8,True
resnet50,resnet50_linear_head,patch_shuffle,3962,3962,6,0.6874325275421143,6,6,True
resnet50,resnet50_linear_head,patch_shuffle,3965,3965,0,0.6884869337081909,0,0,True
resnet50,resnet50_linear_head,patch_shuffle,3994,3994,4,0.648809015750885,4,4,True
resnet50,resnet50_linear_head,patch_shuffle,3996,3996,9,0.7009390592575073,9,0,False
resnet50,resnet50_linear_head,patch_shuffle,4011,4011,6,0.8397974967956543,6,6,True
resnet50,resnet50_linear_head,patch_shuffle,4023,4023,3,0.7432167530059814,3,3,True
resnet50,resnet50_linear_head,patch_shuffle,4054,4054,4,0.795863926410675,4,4,True
resnet50,resnet50_linear_head,patch_shuffle,4065,4065,2,0.719983696937561,2,2,True
resnet50,resnet50_linear_head,patch_shuffle,4069,4069,8,0.8071269392967224,8,4,False
resnet50,resnet50_linear_head,patch_shuffle,4093,4093,6,0.7073324918746948,6,1,False
resnet50,resnet50_linear_head,patch_shuffle,4094,4094,9,0.708775520324707,9,9,True
resnet50,resnet50_linear_head,patch_shuffle,4106,4106,5,0.7844348549842834,5,5,True
resnet50,resnet50_linear_head,patch_shuffle,4130,4130,0,0.6898667812347412,0,0,True
resnet50,resnet50_linear_head,patch_shuffle,4168,4168,3,0.627113401889801,3,3,True
resnet50,resnet50_linear_head,patch_shuffle,4170,4170,8,0.7244065999984741,8,8,True
resnet50,resnet50_linear_head,patch_shuffle,4172,4172,7,0.7162536382675171,7,7,True
resnet50,resnet50_linear_head,patch_shuffle,4177,4177,8,0.7365587949752808,8,8,True
resnet50,resnet50_linear_head,patch_shuffle,4215,4215,3,0.7918675541877747,3,1,False
resnet50,resnet50_linear_head,patch_shuffle,4229,4229,3,0.6989030838012695,3,3,True
resnet50,resnet50_linear_head,patch_shuffle,4236,4236,7,0.6456516981124878,7,7,True
resnet50,resnet50_linear_head,patch_shuffle,4242,4242,8,0.7423807978630066,8,8,True
resnet50,resnet50_linear_head,patch_shuffle,4254,4254,6,0.8218443989753723,6,6,True
resnet50,resnet50_linear_head,patch_shuffle,4290,4290,5,0.6502887010574341,5,4,False
resnet50,resnet50_linear_head,patch_shuffle,4298,4298,1,0.594096302986145,1,1,True
resnet50,resnet50_linear_head,patch_shuffle,4308,4308,7,0.6244167685508728,7,7,True
resnet50,resnet50_linear_head,patch_shuffle,4311,4311,8,0.7510124444961548,8,8,True
resnet50,resnet50_linear_head,patch_shuffle,4323,4323,3,0.6470004916191101,3,5,False
resnet50,resnet50_linear_head,patch_shuffle,4330,4330,3,0.7502654790878296,3,3,True
resnet50,resnet50_linear_head,patch_shuffle,4341,4341,6,0.6740719079971313,6,6,True
resnet50,resnet50_linear_head,patch_shuffle,4355,4355,8,0.8002022504806519,8,8,True
resnet50,resnet50_linear_head,patch_shuffle,4399,4399,0,0.6666829586029053,0,0,True
resnet50,resnet50_linear_head,patch_shuffle,4403,4403,7,0.579670250415802,7,7,True
resnet50,resnet50_linear_head,patch_shuffle,4411,4411,6,0.7605807781219482,6,6,True
resnet50,resnet50_linear_head,patch_shuffle,4449,4449,9,0.7736890316009521,9,9,True
resnet50,resnet50_linear_head,patch_shuffle,4463,4463,3,0.5278382897377014,3,3,True
resnet50,resnet50_linear_head,patch_shuffle,4531,4531,3,0.6651071310043335,3,3,True
resnet50,resnet50_linear_head,patch_shuffle,4539,4539,0,0.7486834526062012,0,0,True
resnet50,resnet50_linear_head,patch_shuffle,4547,4547,5,0.680579423904419,5,5,True
resnet50,resnet50_linear_head,patch_shuffle,4552,4552,8,0.7592218518257141,8,8,True
resnet50,resnet50_linear_head,patch_shuffle,4570,4570,5,0.7013037204742432,5,5,True
resnet50,resnet50_linear_head,patch_shuffle,4590,4590,3,0.7777987718582153,3,3,True
resnet50,resnet50_linear_head,patch_shuffle,4609,4609,3,0.6548845767974854,3,4,False
resnet50,resnet50_linear_head,patch_shuffle,4615,4615,0,0.6765466928482056,0,0,True
resnet50,resnet50_linear_head,patch_shuffle,4617,4617,0,0.6273114681243896,0,0,True
resnet50,resnet50_linear_head,patch_shuffle,4620,4620,6,0.612111508846283,6,6,True
resnet50,resnet50_linear_head,patch_shuffle,4629,4629,4,0.7256942391395569,4,4,True
resnet50,resnet50_linear_head,patch_shuffle,4640,4640,1,0.7521387338638306,1,1,True
resnet50,resnet50_linear_head,patch_shuffle,4642,4642,4,0.6994466781616211,4,4,True
resnet50,resnet50_linear_head,patch_shuffle,4661,4661,7,0.7254672050476074,7,7,True
resnet50,resnet50_linear_head,patch_shuffle,4662,4662,8,0.76423180103302,8,8,True
resnet50,resnet50_linear_head,patch_shuffle,4675,4675,0,0.6449014544487,0,0,True
resnet50,resnet50_linear_head,patch_shuffle,4676,4676,8,0.6868111491203308,8,8,True
resnet50,resnet50_linear_head,patch_shuffle,4704,4704,7,0.6628385782241821,7,7,True
resnet50,resnet50_linear_head,patch_shuffle,4723,4723,9,0.7389169335365295,9,9,True
resnet50,resnet50_linear_head,patch_shuffle,4731,4731,6,0.6965486407279968,6,6,True
resnet50,resnet50_linear_head,patch_shuffle,4735,4735,2,0.7387284636497498,2,2,True
resnet50,resnet50_linear_head,patch_shuffle,4740,4740,4,0.8329698443412781,4,4,True
resnet50,resnet50_linear_head,patch_shuffle,4746,4746,6,0.7940769791603088,6,6,True
resnet50,resnet50_linear_head,patch_shuffle,4748,4748,7,0.6509233713150024,7,7,True
resnet50,resnet50_linear_head,patch_shuffle,4754,4754,6,0.7977705001831055,6,6,True
resnet50,resnet50_linear_head,patch_shuffle,4785,4785,0,0.7335658073425293,0,0,True
resnet50,resnet50_linear_head,patch_shuffle,4791,4791,7,0.605776846408844,7,7,True
resnet50,resnet50_linear_head,patch_shuffle,4819,4819,0,0.698317289352417,0,0,True
resnet50,resnet50_linear_head,patch_shuffle,4821,4821,3,0.8805570006370544,3,3,True
resnet50,resnet50_linear_head,patch_shuffle,4827,4827,6,0.7917890548706055,6,6,True
resnet50,resnet50_linear_head,patch_shuffle,4850,4850,5,0.7678285241127014,5,5,True
resnet50,resnet50_linear_head,patch_shuffle,4881,4881,3,0.765382707118988,3,3,True
resnet50,resnet50_linear_head,patch_shuffle,4893,4893,0,0.6560639142990112,0,0,True
resnet50,resnet50_linear_head,patch_shuffle,4908,4908,3,0.6864635348320007,3,3,True
resnet50,resnet50_linear_head,patch_shuffle,4913,4913,2,0.8344687223434448,2,2,True
resnet50,resnet50_linear_head,patch_shuffle,4921,4921,2,0.7302874326705933,2,2,True
resnet50,resnet50_linear_head,patch_shuffle,4953,4953,5,0.7975502014160156,5,5,True
resnet50,resnet50_linear_head,patch_shuffle,4966,4966,5,0.7299109697341919,5,5,True
resnet50,resnet50_linear_head,patch_shuffle,4990,4990,8,0.7287178039550781,8,8,True
resnet50,resnet50_linear_head,patch_shuffle,5000,5000,8,0.7727418541908264,8,8,True
resnet50,resnet50_linear_head,patch_shuffle,5030,5030,2,0.8250037431716919,2,2,True
resnet50,resnet50_linear_head,patch_shuffle,5062,5062,4,0.6418194770812988,4,6,False
resnet50,resnet50_linear_head,patch_shuffle,5077,5077,4,0.7705556750297546,4,4,True
resnet50,resnet50_linear_head,patch_shuffle,5082,5082,6,0.8454498052597046,6,6,True
resnet50,resnet50_linear_head,patch_shuffle,5092,5092,1,0.7578271627426147,1,1,True
resnet50,resnet50_linear_head,patch_shuffle,5101,5101,5,0.7527638077735901,5,5,True
resnet50,resnet50_linear_head,patch_shuffle,5117,5117,0,0.8041489124298096,0,0,True
resnet50,resnet50_linear_head,patch_shuffle,5123,5123,1,0.7706888914108276,1,1,True
resnet50,resnet50_linear_head,patch_shuffle,5135,5135,4,0.7101300358772278,4,4,True
resnet50,resnet50_linear_head,patch_shuffle,5183,5183,2,0.83329838514328,2,2,True
resnet50,resnet50_linear_head,patch_shuffle,5213,5213,4,0.7619192004203796,4,4,True
resnet50,resnet50_linear_head,patch_shuffle,5218,5218,2,0.8115420341491699,2,2,True
resnet50,resnet50_linear_head,patch_shuffle,5220,5220,1,0.7643043994903564,3,3,True
resnet50,resnet50_linear_head,patch_shuffle,5237,5237,2,0.7254946827888489,2,2,True
resnet50,resnet50_linear_head,patch_shuffle,5256,5256,1,0.7621059417724609,1,1,True
resnet50,resnet50_linear_head,patch_shuffle,5284,5284,9,0.7495619058609009,9,9,True
resnet50,resnet50_linear_head,patch_shuffle,5301,5301,9,0.7601537108421326,9,9,True
resnet50,resnet50_linear_head,patch_shuffle,5318,5318,2,0.7777042984962463,2,2,True
resnet50,resnet50_linear_head,patch_shuffle,5332,5332,5,0.7086337208747864,5,5,True
resnet50,resnet50_linear_head,patch_shuffle,5333,5333,2,0.6900079250335693,2,2,True
resnet50,resnet50_linear_head,patch_shuffle,5360,5360,9,0.7850561738014221,9,9,True
resnet50,resnet50_linear_head,patch_shuffle,5381,5381,5,0.7936204075813293,5,6,False
resnet50,resnet50_linear_head,patch_shuffle,5382,5382,6,0.6979429125785828,6,6,True
resnet50,resnet50_linear_head,patch_shuffle,5395,5395,2,0.6708682775497437,2,2,True
resnet50,resnet50_linear_head,patch_shuffle,5402,5402,4,0.8607663512229919,4,4,True
resnet50,resnet50_linear_head,patch_shuffle,5408,5408,6,0.7479003071784973,6,4,False
resnet50,resnet50_linear_head,patch_shuffle,5436,5436,7,0.8148825764656067,7,7,True
resnet50,resnet50_linear_head,patch_shuffle,5447,5447,9,0.7666863203048706,9,9,True
resnet50,resnet50_linear_head,patch_shuffle,5450,5450,7,0.669670820236206,7,7,True
resnet50,resnet50_linear_head,patch_shuffle,5451,5451,8,0.694985568523407,8,8,True
resnet50,resnet50_linear_head,patch_shuffle,5452,5452,9,0.6406136751174927,9,9,True
resnet50,resnet50_linear_head,patch_shuffle,5467,5467,4,0.7998225688934326,4,4,True
resnet50,resnet50_linear_head,patch_shuffle,5478,5478,0,0.8773995041847229,0,0,True
resnet50,resnet50_linear_head,patch_shuffle,5488,5488,1,0.6101517677307129,7,7,True
resnet50,resnet50_linear_head,patch_shuffle,5496,5496,5,0.7460528016090393,5,5,True
resnet50,resnet50_linear_head,patch_shuffle,5508,5508,9,0.618594229221344,9,9,True
resnet50,resnet50_linear_head,patch_shuffle,5512,5512,2,0.6637794375419617,9,6,False
resnet50,resnet50_linear_head,patch_shuffle,5525,5525,8,0.7786792516708374,8,8,True
resnet50,resnet50_linear_head,patch_shuffle,5528,5528,3,0.671808123588562,5,3,False
resnet50,resnet50_linear_head,patch_shuffle,5556,5556,4,0.7045084238052368,4,4,True
resnet50,resnet50_linear_head,patch_shuffle,5560,5560,1,0.6672093868255615,1,1,True
resnet50,resnet50_linear_head,patch_shuffle,5572,5572,9,0.7986194491386414,9,9,True
resnet50,resnet50_linear_head,patch_shuffle,5580,5580,6,0.773261308670044,6,6,True
resnet50,resnet50_linear_head,patch_shuffle,5590,5590,9,0.7240873575210571,9,8,False
resnet50,resnet50_linear_head,patch_shuffle,5623,5623,4,0.6642729043960571,4,4,True
resnet50,resnet50_linear_head,patch_shuffle,5677,5677,2,0.7311816811561584,2,2,True
resnet50,resnet50_linear_head,patch_shuffle,5694,5694,8,0.754774272441864,8,8,True
resnet50,resnet50_linear_head,patch_shuffle,5701,5701,5,0.6462850570678711,5,5,True
resnet50,resnet50_linear_head,patch_shuffle,5705,5705,8,0.7881941199302673,8,8,True
resnet50,resnet50_linear_head,patch_shuffle,5719,5719,7,0.8410643339157104,7,7,True
resnet50,resnet50_linear_head,patch_shuffle,5729,5729,6,0.7508251667022705,6,6,True
resnet50,resnet50_linear_head,patch_shuffle,5756,5756,2,0.6311545968055725,2,2,True
resnet50,resnet50_linear_head,patch_shuffle,5788,5788,9,0.6686404347419739,9,9,True
resnet50,resnet50_linear_head,patch_shuffle,5789,5789,4,0.6825369596481323,4,4,True
resnet50,resnet50_linear_head,patch_shuffle,5824,5824,2,0.618291974067688,2,2,True
resnet50,resnet50_linear_head,patch_shuffle,5848,5848,7,0.6036256551742554,7,7,True
resnet50,resnet50_linear_head,patch_shuffle,5851,5851,9,0.617855429649353,9,9,True
resnet50,resnet50_linear_head,patch_shuffle,5857,5857,6,0.7762476205825806,4,4,True
resnet50,resnet50_linear_head,patch_shuffle,5858,5858,6,0.6666479706764221,6,4,False
resnet50,resnet50_linear_head,patch_shuffle,5912,5912,0,0.7026247978210449,0,0,True
resnet50,resnet50_linear_head,patch_shuffle,5915,5915,9,0.7752673029899597,9,9,True
resnet50,resnet50_linear_head,patch_shuffle,5918,5918,0,0.6236696839332581,0,0,True
resnet50,resnet50_linear_head,patch_shuffle,5924,5924,5,0.755845308303833,5,5,True
resnet50,resnet50_linear_head,patch_shuffle,5977,5977,7,0.6928881406784058,7,7,True
resnet50,resnet50_linear_head,patch_shuffle,5981,5981,9,0.6351072788238525,9,9,True
resnet50,resnet50_linear_head,patch_shuffle,5999,5999,0,0.7866488099098206,0,0,True
resnet50,resnet50_linear_head,patch_shuffle,6028,6028,2,0.7456326484680176,2,2,True
resnet50,resnet50_linear_head,patch_shuffle,6033,6033,4,0.7872613668441772,4,4,True
resnet50,resnet50_linear_head,patch_shuffle,6076,6076,1,0.7287294268608093,1,1,True
resnet50,resnet50_linear_head,patch_shuffle,6084,6084,7,0.5027711987495422,7,7,True
resnet50,resnet50_linear_head,patch_shuffle,6097,6097,4,0.8469395637512207,4,4,True
resnet50,resnet50_linear_head,patch_shuffle,6169,6169,1,0.7243889570236206,1,1,True
resnet50,resnet50_linear_head,patch_shuffle,6190,6190,7,0.6734113097190857,7,7,True
resnet50,resnet50_linear_head,patch_shuffle,6224,6224,5,0.7347601652145386,5,4,False
resnet50,resnet50_linear_head,patch_shuffle,6244,6244,2,0.61150723695755,2,2,True
resnet50,resnet50_linear_head,patch_shuffle,6264,6264,2,0.742355227470398,2,2,True
resnet50,resnet50_linear_head,patch_shuffle,6271,6271,2,0.7992295622825623,2,2,True
resnet50,resnet50_linear_head,patch_shuffle,6288,6288,4,0.654132604598999,4,4,True
resnet50,resnet50_linear_head,patch_shuffle,6332,6332,2,0.7741153836250305,2,2,True
resnet50,resnet50_linear_head,patch_shuffle,6349,6349,1,0.7740846276283264,1,1,True
resnet50,resnet50_linear_head,patch_shuffle,6354,6354,2,0.7144439220428467,2,2,True
resnet50,resnet50_linear_head,patch_shuffle,6358,6358,5,0.7371516823768616,5,5,True
resnet50,resnet50_linear_head,patch_shuffle,6381,6381,6,0.704988956451416,6,6,True
resnet50,resnet50_linear_head,patch_shuffle,6414,6414,5,0.7655380368232727,5,3,False
resnet50,resnet50_linear_head,patch_shuffle,6426,6426,2,0.7282776832580566,2,2,True
resnet50,resnet50_linear_head,patch_shuffle,6434,6434,8,0.6499975323677063,8,8,True
resnet50,resnet50_linear_head,patch_shuffle,6437,6437,0,0.6258956789970398,0,0,True
resnet50,resnet50_linear_head,patch_shuffle,6455,6455,0,0.7597607970237732,0,0,True
resnet50,resnet50_linear_head,patch_shuffle,6490,6490,3,0.7683551907539368,3,3,True
resnet50,resnet50_linear_head,patch_shuffle,6503,6503,2,0.6746384501457214,2,2,True
resnet50,resnet50_linear_head,patch_shuffle,6508,6508,4,0.8373062014579773,4,4,True
resnet50,resnet50_linear_head,patch_shuffle,6528,6528,4,0.6739696264266968,4,4,True
resnet50,resnet50_linear_head,patch_shuffle,6594,6594,1,0.7933505177497864,1,1,True
resnet50,resnet50_linear_head,patch_shuffle,6609,6609,0,0.7348119616508484,0,0,True
resnet50,resnet50_linear_head,patch_shuffle,6616,6616,2,0.7864885330200195,2,2,True
resnet50,resnet50_linear_head,patch_shuffle,6650,6650,7,0.752982497215271,7,7,True
resnet50,resnet50_linear_head,patch_shuffle,6689,6689,8,0.7428073287010193,8,8,True
resnet50,resnet50_linear_head,patch_shuffle,6692,6692,2,0.6656030416488647,2,2,True
resnet50,resnet50_linear_head,patch_shuffle,6713,6713,6,0.7902255654335022,6,6,True
resnet50,resnet50_linear_head,patch_shuffle,6716,6716,5,0.7497143149375916,5,5,True
resnet50,resnet50_linear_head,patch_shuffle,6726,6726,7,0.6785451769828796,7,4,False
resnet50,resnet50_linear_head,patch_shuffle,6733,6733,1,0.7549763321876526,1,1,True
resnet50,resnet50_linear_head,patch_shuffle,6772,6772,7,0.812464714050293,7,7,True
resnet50,resnet50_linear_head,patch_shuffle,6805,6805,1,0.6786288022994995,1,1,True
resnet50,resnet50_linear_head,patch_shuffle,6836,6836,1,0.6261032819747925,1,1,True
resnet50,resnet50_linear_head,patch_shuffle,6844,6844,0,0.7985535264015198,0,0,True
resnet50,resnet50_linear_head,patch_shuffle,6922,6922,5,0.6760070323944092,5,5,True
resnet50,resnet50_linear_head,patch_shuffle,6931,6931,9,0.7597821354866028,9,9,True
resnet50,resnet50_linear_head,patch_shuffle,6938,6938,1,0.6691582202911377,1,1,True
resnet50,resnet50_linear_head,patch_shuffle,6952,6952,3,0.7657036781311035,3,3,True
resnet50,resnet50_linear_head,patch_shuffle,6954,6954,1,0.7745389938354492,1,1,True
resnet50,resnet50_linear_head,patch_shuffle,6986,6986,0,0.8058032989501953,0,0,True
resnet50,resnet50_linear_head,patch_shuffle,6989,6989,5,0.8028053641319275,5,5,True
resnet50,resnet50_linear_head,patch_shuffle,7009,7009,0,0.7616932392120361,0,0,True
resnet50,resnet50_linear_head,patch_shuffle,7029,7029,1,0.6719120144844055,1,1,True
resnet50,resnet50_linear_head,patch_shuffle,7033,7033,1,0.716869056224823,1,1,True
resnet50,resnet50_linear_head,patch_shuffle,7041,7041,5,0.8148840665817261,5,5,True
resnet50,resnet50_linear_head,patch_shuffle,7047,7047,9,0.4925834834575653,9,9,True
resnet50,resnet50_linear_head,patch_shuffle,7081,7081,7,0.6921799182891846,7,7,True
resnet50,resnet50_linear_head,patch_shuffle,7084,7084,2,0.7824195027351379,2,2,True
resnet50,resnet50_linear_head,patch_shuffle,7108,7108,6,0.7400428056716919,6,6,True
resnet50,resnet50_linear_head,patch_shuffle,7130,7130,5,0.5948517322540283,5,5,True
resnet50,resnet50_linear_head,patch_shuffle,7138,7138,8,0.7415602207183838,8,8,True
resnet50,resnet50_linear_head,patch_shuffle,7150,7150,0,0.6404336094856262,0,0,True
resnet50,resnet50_linear_head,patch_shuffle,7202,7202,1,0.8290812373161316,1,1,True
resnet50,resnet50_linear_head,patch_shuffle,7262,7262,0,0.7841567993164062,0,0,True
resnet50,resnet50_linear_head,patch_shuffle,7266,7266,9,0.8632657527923584,9,9,True
resnet50,resnet50_linear_head,patch_shuffle,7270,7270,7,0.7998464703559875,7,7,True
resnet50,resnet50_linear_head,patch_shuffle,7309,7309,0,0.6606641411781311,0,0,True
resnet50,resnet50_linear_head,patch_shuffle,7320,7320,0,0.7786272764205933,0,0,True
resnet50,resnet50_linear_head,patch_shuffle,7338,7338,6,0.5657635927200317,6,6,True
resnet50,resnet50_linear_head,patch_shuffle,7372,7372,0,0.7447804808616638,0,0,True
resnet50,resnet50_linear_head,patch_shuffle,7373,7373,0,0.6975778341293335,0,0,True
resnet50,resnet50_linear_head,patch_shuffle,7380,7380,9,0.6441651582717896,9,9,True
resnet50,resnet50_linear_head,patch_shuffle,7390,7390,1,0.6519511938095093,1,1,True
resnet50,resnet50_linear_head,patch_shuffle,7413,7413,5,0.6106631755828857,5,6,False
resnet50,resnet50_linear_head,patch_shuffle,7416,7416,3,0.7282016277313232,5,5,True
resnet50,resnet50_linear_head,patch_shuffle,7425,7425,2,0.7194173336029053,2,2,True
resnet50,resnet50_linear_head,patch_shuffle,7446,7446,8,0.7364310622215271,8,8,True
resnet50,resnet50_linear_head,patch_shuffle,7460,7460,8,0.7487160563468933,8,8,True
resnet50,resnet50_linear_head,patch_shuffle,7465,7465,0,0.6161059737205505,0,0,True
resnet50,resnet50_linear_head,patch_shuffle,7474,7474,5,0.7358160018920898,5,5,True
resnet50,resnet50_linear_head,patch_shuffle,7475,7475,4,0.726689875125885,4,4,True
resnet50,resnet50_linear_head,patch_shuffle,7476,7476,8,0.773176908493042,8,8,True
resnet50,resnet50_linear_head,patch_shuffle,7544,7544,9,0.7773417234420776,9,9,True
resnet50,resnet50_linear_head,patch_shuffle,7555,7555,6,0.8538700342178345,6,6,True
resnet50,resnet50_linear_head,patch_shuffle,7600,7600,6,0.7730901837348938,6,6,True
resnet50,resnet50_linear_head,patch_shuffle,7610,7610,4,0.7535065412521362,4,4,True
resnet50,resnet50_linear_head,patch_shuffle,7634,7634,0,0.7143847346305847,0,0,True
resnet50,resnet50_linear_head,patch_shuffle,7692,7692,4,0.7158638834953308,4,4,True
resnet50,resnet50_linear_head,patch_shuffle,7706,7706,5,0.7965443134307861,5,5,True
resnet50,resnet50_linear_head,patch_shuffle,7726,7726,6,0.8108186721801758,6,6,True
resnet50,resnet50_linear_head,patch_shuffle,7744,7744,3,0.6590564846992493,3,1,False
resnet50,resnet50_linear_head,patch_shuffle,7752,7752,9,0.8133205771446228,9,9,True
resnet50,resnet50_linear_head,patch_shuffle,7776,7776,5,0.629626452922821,5,5,True
resnet50,resnet50_linear_head,patch_shuffle,7779,7779,6,0.8525097966194153,6,6,True
resnet50,resnet50_linear_head,patch_shuffle,7781,7781,6,0.7270172834396362,6,6,True
resnet50,resnet50_linear_head,patch_shuffle,7793,7793,3,0.7065129280090332,5,5,True
resnet50,resnet50_linear_head,patch_shuffle,7797,7797,3,0.6826717853546143,3,3,True
resnet50,resnet50_linear_head,patch_shuffle,7810,7810,8,0.8037258386611938,8,8,True
resnet50,resnet50_linear_head,patch_shuffle,7818,7818,8,0.6681430339813232,8,8,True
resnet50,resnet50_linear_head,patch_shuffle,7835,7835,7,0.7288234233856201,7,7,True
resnet50,resnet50_linear_head,patch_shuffle,7864,7864,4,0.7646728157997131,4,4,True
resnet50,resnet50_linear_head,patch_shuffle,7875,7875,8,0.6031256914138794,8,8,True
resnet50,resnet50_linear_head,patch_shuffle,7938,7938,9,0.5226103663444519,9,9,True
resnet50,resnet50_linear_head,patch_shuffle,7940,7940,4,0.6601191759109497,4,4,True
resnet50,resnet50_linear_head,patch_shuffle,7944,7944,4,0.7997267842292786,4,4,True
resnet50,resnet50_linear_head,patch_shuffle,7955,7955,1,0.6670771241188049,1,1,True
resnet50,resnet50_linear_head,patch_shuffle,7995,7995,9,0.7678568959236145,9,9,True
resnet50,resnet50_linear_head,patch_shuffle,7996,7996,6,0.6123318672180176,6,6,True
resnet50,resnet50_linear_head,patch_shuffle,7999,7999,8,0.5871428847312927,8,8,True
resnet50,resnet50_linear_head,d8_up,3,3,0,0.983177661895752,0,0,True
resnet50,resnet50_linear_head,d8_up,29,29,7,0.9652959108352661,7,7,True
resnet50,resnet50_linear_head,d8_up,35,35,2,0.9765914678573608,2,2,True
resnet50,resnet50_linear_head,d8_up,42,42,0,0.9616809487342834,0,0,True
resnet50,resnet50_linear_head,d8_up,49,49,2,0.980647623538971,2,2,True
resnet50,resnet50_linear_head,d8_up,81,81,0,0.9427662491798401,0,0,True
resnet50,resnet50_linear_head,d8_up,95,95,1,0.9767733812332153,1,1,True
resnet50,resnet50_linear_head,d8_up,97,97,5,0.9662325382232666,5,5,True
resnet50,resnet50_linear_head,d8_up,116,116,1,0.9609663486480713,1,1,True
resnet50,resnet50_linear_head,d8_up,131,131,9,0.9216306805610657,9,9,True
resnet50,resnet50_linear_head,d8_up,151,151,8,0.9676716327667236,8,8,True
resnet50,resnet50_linear_head,d8_up,171,171,4,0.9810421466827393,4,4,True
resnet50,resnet50_linear_head,d8_up,176,176,3,0.9683983325958252,3,3,True
resnet50,resnet50_linear_head,d8_up,191,191,9,0.9698929786682129,9,9,True
resnet50,resnet50_linear_head,d8_up,194,194,8,0.9714773893356323,8,8,True
resnet50,resnet50_linear_head,d8_up,198,198,1,0.9700862765312195,1,1,True
resnet50,resnet50_linear_head,d8_up,239,239,9,0.947221040725708,9,9,True
resnet50,resnet50_linear_head,d8_up,261,261,1,0.9900305271148682,1,1,True
resnet50,resnet50_linear_head,d8_up,269,269,7,0.9542542099952698,7,7,True
resnet50,resnet50_linear_head,d8_up,276,276,9,0.9557167887687683,9,9,True
resnet50,resnet50_linear_head,d8_up,303,303,9,0.9778589010238647,9,9,True
resnet50,resnet50_linear_head,d8_up,304,304,1,0.9374956488609314,1,1,True
resnet50,resnet50_linear_head,d8_up,317,317,2,0.9732695817947388,2,2,True
resnet50,resnet50_linear_head,d8_up,319,319,5,0.9734848737716675,5,5,True
resnet50,resnet50_linear_head,d8_up,323,323,7,0.9806809425354004,7,7,True
resnet50,resnet50_linear_head,d8_up,365,365,3,0.9672450423240662,3,3,True
resnet50,resnet50_linear_head,d8_up,370,370,7,0.9784891605377197,7,7,True
resnet50,resnet50_linear_head,d8_up,372,372,3,0.950943112373352,3,3,True
resnet50,resnet50_linear_head,d8_up,378,378,5,0.987427294254303,5,5,True
resnet50,resnet50_linear_head,d8_up,391,391,3,0.9735057950019836,3,3,True
resnet50,resnet50_linear_head,d8_up,409,409,2,0.9734633564949036,2,2,True
resnet50,resnet50_linear_head,d8_up,419,419,9,0.9761993885040283,9,9,True
resnet50,resnet50_linear_head,d8_up,449,449,6,0.9788181781768799,6,6,True
resnet50,resnet50_linear_head,d8_up,470,470,2,0.985539436340332,2,2,True
resnet50,resnet50_linear_head,d8_up,483,483,2,0.9764156937599182,2,2,True
resnet50,resnet50_linear_head,d8_up,484,484,0,0.9612604379653931,0,0,True
resnet50,resnet50_linear_head,d8_up,506,506,4,0.9547868967056274,4,4,True
resnet50,resnet50_linear_head,d8_up,545,545,6,0.9735492467880249,6,6,True
resnet50,resnet50_linear_head,d8_up,562,562,0,0.9723018407821655,0,0,True
resnet50,resnet50_linear_head,d8_up,568,568,5,0.9819017648696899,5,5,True
resnet50,resnet50_linear_head,d8_up,603,603,9,0.9734893441200256,9,9,True
resnet50,resnet50_linear_head,d8_up,632,632,3,0.9731190800666809,3,3,True
resnet50,resnet50_linear_head,d8_up,645,645,5,0.9779784083366394,5,5,True
resnet50,resnet50_linear_head,d8_up,667,667,8,0.9765246510505676,8,8,True
resnet50,resnet50_linear_head,d8_up,672,672,3,0.9699361324310303,3,3,True
resnet50,resnet50_linear_head,d8_up,677,677,3,0.974994957447052,3,3,True
resnet50,resnet50_linear_head,d8_up,685,685,5,0.9657769203186035,5,5,True
resnet50,resnet50_linear_head,d8_up,691,691,4,0.9640332460403442,4,4,True
resnet50,resnet50_linear_head,d8_up,706,706,8,0.9755009412765503,8,8,True
resnet50,resnet50_linear_head,d8_up,714,714,2,0.9578224420547485,2,2,True
resnet50,resnet50_linear_head,d8_up,716,716,8,0.9795275330543518,8,8,True
resnet50,resnet50_linear_head,d8_up,738,738,3,0.9516226053237915,3,3,True
resnet50,resnet50_linear_head,d8_up,739,739,8,0.9611736536026001,8,8,True
resnet50,resnet50_linear_head,d8_up,766,766,4,0.9301694631576538,6,6,True
resnet50,resnet50_linear_head,d8_up,791,791,3,0.9673406481742859,3,3,True
resnet50,resnet50_linear_head,d8_up,805,805,9,0.9660261273384094,9,9,True
resnet50,resnet50_linear_head,d8_up,825,825,1,0.9792335033416748,1,1,True
resnet50,resnet50_linear_head,d8_up,852,852,9,0.9703966379165649,9,9,True
resnet50,resnet50_linear_head,d8_up,855,855,4,0.9553150534629822,4,4,True
resnet50,resnet50_linear_head,d8_up,873,873,6,0.965207576751709,6,6,True
resnet50,resnet50_linear_head,d8_up,890,890,6,0.9735445380210876,6,6,True
resnet50,resnet50_linear_head,d8_up,920,920,6,0.9714998006820679,6,6,True
resnet50,resnet50_linear_head,d8_up,929,929,6,0.9627538323402405,6,6,True
resnet50,resnet50_linear_head,d8_up,962,962,8,0.9811176061630249,8,8,True
resnet50,resnet50_linear_head,d8_up,964,964,6,0.9685657620429993,6,6,True
resnet50,resnet50_linear_head,d8_up,977,977,6,0.9512320756912231,6,6,True
resnet50,resnet50_linear_head,d8_up,979,979,3,0.9748729467391968,3,3,True
resnet50,resnet50_linear_head,d8_up,981,981,2,0.9583333730697632,2,2,True
resnet50,resnet50_linear_head,d8_up,1022,1022,9,0.9610903263092041,9,9,True
resnet50,resnet50_linear_head,d8_up,1032,1032,7,0.9695519208908081,7,7,True
resnet50,resnet50_linear_head,d8_up,1048,1048,7,0.989565908908844,7,7,True
resnet50,resnet50_linear_head,d8_up,1090,1090,1,0.9848974347114563,1,1,True
resnet50,resnet50_linear_head,d8_up,1095,1095,5,0.9736760258674622,5,5,True
resnet50,resnet50_linear_head,d8_up,1109,1109,1,0.9542472958564758,1,1,True
resnet50,resnet50_linear_head,d8_up,1111,1111,4,0.9787155389785767,4,4,True
resnet50,resnet50_linear_head,d8_up,1115,1115,1,0.9678660035133362,1,1,True
resnet50,resnet50_linear_head,d8_up,1124,1124,4,0.967385470867157,4,4,True
resnet50,resnet50_linear_head,d8_up,1129,1129,8,0.9724422693252563,8,8,True
resnet50,resnet50_linear_head,d8_up,1175,1175,0,0.9802975058555603,0,0,True
resnet50,resnet50_linear_head,d8_up,1202,1202,2,0.9666227102279663,2,2,True
resnet50,resnet50_linear_head,d8_up,1204,1204,3,0.9611130952835083,3,3,True
resnet50,resnet50_linear_head,d8_up,1211,1211,4,0.9571818709373474,4,4,True
resnet50,resnet50_linear_head,d8_up,1220,1220,7,0.9846308827400208,7,7,True
resnet50,resnet50_linear_head,d8_up,1230,1230,1,0.94254469871521,1,1,True
resnet50,resnet50_linear_head,d8_up,1247,1247,8,0.9831018447875977,8,8,True
resnet50,resnet50_linear_head,d8_up,1263,1263,3,0.9751567244529724,3,3,True
resnet50,resnet50_linear_head,d8_up,1266,1266,4,0.9669762849807739,4,4,True
resnet50,resnet50_linear_head,d8_up,1287,1287,7,0.9835667610168457,7,7,True
resnet50,resnet50_linear_head,d8_up,1296,1296,7,0.9520906805992126,7,7,True
resnet50,resnet50_linear_head,d8_up,1370,1370,3,0.9684410691261292,3,3,True
resnet50,resnet50_linear_head,d8_up,1389,1389,0,0.977531909942627,0,0,True
resnet50,resnet50_linear_head,d8_up,1401,1401,3,0.9731561541557312,3,3,True
resnet50,resnet50_linear_head,d8_up,1403,1403,2,0.9795681238174438,2,2,True
resnet50,resnet50_linear_head,d8_up,1411,1411,9,0.9629616737365723,9,9,True
resnet50,resnet50_linear_head,d8_up,1429,1429,4,0.9645631909370422,4,4,True
resnet50,resnet50_linear_head,d8_up,1430,1430,9,0.9557263255119324,9,9,True
resnet50,resnet50_linear_head,d8_up,1431,1431,3,0.9359534978866577,3,3,True
resnet50,resnet50_linear_head,d8_up,1436,1436,1,0.9637218117713928,1,1,True
resnet50,resnet50_linear_head,d8_up,1440,1440,7,0.9820860624313354,7,7,True
resnet50,resnet50_linear_head,d8_up,1468,1468,9,0.9800271987915039,9,9,True
resnet50,resnet50_linear_head,d8_up,1473,1473,7,0.9835484623908997,7,7,True
resnet50,resnet50_linear_head,d8_up,1515,1515,9,0.970908522605896,9,9,True
resnet50,resnet50_linear_head,d8_up,1520,1520,2,0.9697079658508301,2,2,True
resnet50,resnet50_linear_head,d8_up,1531,1531,3,0.9809209108352661,3,5,False
resnet50,resnet50_linear_head,d8_up,1534,1534,6,0.948915958404541,6,6,True
resnet50,resnet50_linear_head,d8_up,1552,1552,5,0.9721160531044006,5,5,True
resnet50,resnet50_linear_head,d8_up,1553,1553,0,0.9821875095367432,0,0,True
resnet50,resnet50_linear_head,d8_up,1563,1563,3,0.959925651550293,3,3,True
resnet50,resnet50_linear_head,d8_up,1568,1568,1,0.9562498331069946,1,1,True
resnet50,resnet50_linear_head,d8_up,1579,1579,7,0.9790217280387878,7,7,True
resnet50,resnet50_linear_head,d8_up,1586,1586,2,0.978222668170929,2,2,True
resnet50,resnet50_linear_head,d8_up,1596,1596,0,0.9790403246879578,0,0,True
resnet50,resnet50_linear_head,d8_up,1626,1626,5,0.9712220430374146,5,5,True
resnet50,resnet50_linear_head,d8_up,1640,1640,8,0.953733503818512,8,8,True
resnet50,resnet50_linear_head,d8_up,1644,1644,5,0.9736144542694092,5,5,True
resnet50,resnet50_linear_head,d8_up,1648,1648,0,0.9838147759437561,0,0,True
resnet50,resnet50_linear_head,d8_up,1654,1654,9,0.9710897207260132,9,9,True
resnet50,resnet50_linear_head,d8_up,1667,1667,6,0.9541821479797363,6,6,True
resnet50,resnet50_linear_head,d8_up,1703,1703,7,0.9612904787063599,7,7,True
resnet50,resnet50_linear_head,d8_up,1711,1711,7,0.9534465074539185,7,7,True
resnet50,resnet50_linear_head,d8_up,1771,1771,7,0.9732809662818909,7,7,True
resnet50,resnet50_linear_head,d8_up,1783,1783,8,0.980610728263855,8,8,True
resnet50,resnet50_linear_head,d8_up,1814,1814,2,0.9799318313598633,2,2,True
resnet50,resnet50_linear_head,d8_up,1833,1833,8,0.8842199444770813,8,8,True
resnet50,resnet50_linear_head,d8_up,1836,1836,9,0.9655912518501282,9,9,True
resnet50,resnet50_linear_head,d8_up,1839,1839,2,0.9757840037345886,2,2,True
resnet50,resnet50_linear_head,d8_up,1852,1852,1,0.9690099954605103,1,1,True
resnet50,resnet50_linear_head,d8_up,1871,1871,1,0.955704927444458,1,1,True
resnet50,resnet50_linear_head,d8_up,1877,1877,5,0.9676771759986877,5,5,True
resnet50,resnet50_linear_head,d8_up,1884,1884,7,0.9756944179534912,7,7,True
resnet50,resnet50_linear_head,d8_up,1927,1927,7,0.9886071681976318,7,7,True
resnet50,resnet50_linear_head,d8_up,1954,1954,8,0.9549920558929443,8,8,True
resnet50,resnet50_linear_head,d8_up,1956,1956,7,0.9802701473236084,3,3,True
resnet50,resnet50_linear_head,d8_up,1960,1960,4,0.9733147025108337,4,4,True
resnet50,resnet50_linear_head,d8_up,1977,1977,0,0.9755765199661255,0,0,True
resnet50,resnet50_linear_head,d8_up,1986,1986,1,0.9875607490539551,1,1,True
resnet50,resnet50_linear_head,d8_up,1993,1993,1,0.9832396507263184,1,1,True
resnet50,resnet50_linear_head,d8_up,2003,2003,6,0.9744082093238831,6,6,True
resnet50,resnet50_linear_head,d8_up,2011,2011,9,0.9765762090682983,9,9,True
resnet50,resnet50_linear_head,d8_up,2024,2024,0,0.9680659770965576,0,0,True
resnet50,resnet50_linear_head,d8_up,2028,2028,3,0.9565396308898926,3,3,True
resnet50,resnet50_linear_head,d8_up,2062,2062,9,0.9854297637939453,9,9,True
resnet50,resnet50_linear_head,d8_up,2070,2070,1,0.956915020942688,1,1,True
resnet50,resnet50_linear_head,d8_up,2082,2082,2,0.9688273668289185,2,2,True
resnet50,resnet50_linear_head,d8_up,2095,2095,1,0.970138669013977,1,1,True
resnet50,resnet50_linear_head,d8_up,2109,2109,8,0.947687566280365,8,8,True
resnet50,resnet50_linear_head,d8_up,2114,2114,9,0.9800481796264648,9,9,True
resnet50,resnet50_linear_head,d8_up,2116,2116,1,0.9598923921585083,3,3,True
resnet50,resnet50_linear_head,d8_up,2157,2157,1,0.9491876363754272,1,1,True
resnet50,resnet50_linear_head,d8_up,2167,2167,9,0.96672523021698,9,9,True
resnet50,resnet50_linear_head,d8_up,2178,2178,1,0.961389422416687,1,1,True
resnet50,resnet50_linear_head,d8_up,2191,2191,8,0.9725555777549744,8,8,True
resnet50,resnet50_linear_head,d8_up,2230,2230,8,0.9655673503875732,8,8,True
resnet50,resnet50_linear_head,d8_up,2242,2242,0,0.985470175743103,0,0,True
resnet50,resnet50_linear_head,d8_up,2265,2265,5,0.9812772274017334,5,5,True
resnet50,resnet50_linear_head,d8_up,2268,2268,5,0.9748155474662781,5,5,True
resnet50,resnet50_linear_head,d8_up,2291,2291,3,0.9671241044998169,3,3,True
resnet50,resnet50_linear_head,d8_up,2334,2334,5,0.9492135047912598,5,5,True
resnet50,resnet50_linear_head,d8_up,2340,2340,8,0.9761554598808289,8,8,True
resnet50,resnet50_linear_head,d8_up,2342,2342,8,0.9743213653564453,8,8,True
resnet50,resnet50_linear_head,d8_up,2351,2351,9,0.9851998090744019,9,9,True
resnet50,resnet50_linear_head,d8_up,2391,2391,5,0.9614946246147156,5,5,True
resnet50,resnet50_linear_head,d8_up,2392,2392,2,0.9818047285079956,2,2,True
resnet50,resnet50_linear_head,d8_up,2399,2399,4,0.9744137525558472,4,4,True
resnet50,resnet50_linear_head,d8_up,2414,2414,9,0.9624344706535339,9,9,True
resnet50,resnet50_linear_head,d8_up,2427,2427,5,0.9682353734970093,5,5,True
resnet50,resnet50_linear_head,d8_up,2458,2458,5,0.9794392585754395,5,5,True
resnet50,resnet50_linear_head,d8_up,2501,2501,7,0.9814979434013367,7,7,True
resnet50,resnet50_linear_head,d8_up,2502,2502,2,0.9833567142486572,2,2,True
resnet50,resnet50_linear_head,d8_up,2536,2536,3,0.971237301826477,3,3,True
resnet50,resnet50_linear_head,d8_up,2539,2539,3,0.9787686467170715,3,3,True
resnet50,resnet50_linear_head,d8_up,2610,2610,6,0.9514555931091309,6,6,True
resnet50,resnet50_linear_head,d8_up,2623,2623,5,0.9800533652305603,5,5,True
resnet50,resnet50_linear_head,d8_up,2655,2655,9,0.9743127822875977,9,9,True
resnet50,resnet50_linear_head,d8_up,2668,2668,7,0.9617117643356323,7,7,True
resnet50,resnet50_linear_head,d8_up,2676,2676,6,0.935917317867279,6,6,True
resnet50,resnet50_linear_head,d8_up,2687,2687,1,0.9579048752784729,1,1,True
resnet50,resnet50_linear_head,d8_up,2690,2690,1,0.9608445763587952,1,1,True
resnet50,resnet50_linear_head,d8_up,2704,2704,4,0.962493360042572,4,4,True
resnet50,resnet50_linear_head,d8_up,2745,2745,8,0.9586492776870728,8,8,True
resnet50,resnet50_linear_head,d8_up,2746,2746,7,0.9598116278648376,7,7,True
resnet50,resnet50_linear_head,d8_up,2750,2750,0,0.9685699343681335,0,0,True
resnet50,resnet50_linear_head,d8_up,2754,2754,3,0.9546094536781311,3,3,True
resnet50,resnet50_linear_head,d8_up,2757,2757,4,0.9616329669952393,4,4,True
resnet50,resnet50_linear_head,d8_up,2766,2766,5,0.9429764151573181,5,5,True
resnet50,resnet50_linear_head,d8_up,2807,2807,5,0.9503202438354492,4,3,False
resnet50,resnet50_linear_head,d8_up,2844,2844,8,0.9734435677528381,8,8,True
resnet50,resnet50_linear_head,d8_up,2854,2854,7,0.979835569858551,7,7,True
resnet50,resnet50_linear_head,d8_up,2861,2861,3,0.9443564414978027,3,3,True
resnet50,resnet50_linear_head,d8_up,2888,2888,0,0.9817747473716736,0,0,True
resnet50,resnet50_linear_head,d8_up,2898,2898,4,0.9723559617996216,4,4,True
resnet50,resnet50_linear_head,d8_up,2950,2950,5,0.9638314247131348,5,5,True
resnet50,resnet50_linear_head,d8_up,2958,2958,6,0.972048282623291,6,6,True
resnet50,resnet50_linear_head,d8_up,3015,3015,8,0.9690724611282349,8,8,True
resnet50,resnet50_linear_head,d8_up,3024,3024,2,0.9826937317848206,2,2,True
resnet50,resnet50_linear_head,d8_up,3025,3025,0,0.9359786510467529,0,0,True
resnet50,resnet50_linear_head,d8_up,3034,3034,4,0.9728211164474487,4,4,True
resnet50,resnet50_linear_head,d8_up,3067,3067,2,0.97893226146698,2,2,True
resnet50,resnet50_linear_head,d8_up,3078,3078,4,0.9797861576080322,4,4,True
resnet50,resnet50_linear_head,d8_up,3079,3079,1,0.9794620871543884,1,1,True
resnet50,resnet50_linear_head,d8_up,3083,3083,0,0.9733560085296631,0,0,True
resnet50,resnet50_linear_head,d8_up,3122,3122,4,0.9653428196907043,4,4,True
resnet50,resnet50_linear_head,d8_up,3153,3153,7,0.9687706828117371,7,7,True
resnet50,resnet50_linear_head,d8_up,3157,3157,8,0.9650257229804993,8,8,True
resnet50,resnet50_linear_head,d8_up,3163,3163,2,0.9740239381790161,2,2,True
resnet50,resnet50_linear_head,d8_up,3179,3179,4,0.9560024738311768,4,4,True
resnet50,resnet50_linear_head,d8_up,3191,3191,6,0.9496909976005554,6,6,True
resnet50,resnet50_linear_head,d8_up,3276,3276,3,0.968477189540863,3,3,True
resnet50,resnet50_linear_head,d8_up,3287,3287,4,0.9747816324234009,4,4,True
resnet50,resnet50_linear_head,d8_up,3288,3288,7,0.9836177229881287,7,7,True
resnet50,resnet50_linear_head,d8_up,3292,3292,6,0.9725161790847778,6,6,True
resnet50,resnet50_linear_head,d8_up,3318,3318,9,0.9737465381622314,9,9,True
resnet50,resnet50_linear_head,d8_up,3347,3347,0,0.9709498286247253,0,0,True
resnet50,resnet50_linear_head,d8_up,3353,3353,5,0.9677400588989258,3,3,True
resnet50,resnet50_linear_head,d8_up,3362,3362,2,0.9665966033935547,2,2,True
resnet50,resnet50_linear_head,d8_up,3365,3365,4,0.976239800453186,4,4,True
resnet50,resnet50_linear_head,d8_up,3375,3375,3,0.9792060852050781,3,3,True
resnet50,resnet50_linear_head,d8_up,3383,3383,3,0.9524226188659668,3,3,True
resnet50,resnet50_linear_head,d8_up,3404,3404,7,0.979970395565033,7,7,True
resnet50,resnet50_linear_head,d8_up,3412,3412,8,0.9579307436943054,8,8,True
resnet50,resnet50_linear_head,d8_up,3413,3413,1,0.9770351052284241,1,1,True
resnet50,resnet50_linear_head,d8_up,3418,3418,6,0.9789917469024658,6,6,True
resnet50,resnet50_linear_head,d8_up,3437,3437,0,0.9701240658760071,0,0,True
resnet50,resnet50_linear_head,d8_up,3446,3446,7,0.9546615481376648,7,7,True
resnet50,resnet50_linear_head,d8_up,3454,3454,2,0.975375235080719,2,2,True
resnet50,resnet50_linear_head,d8_up,3455,3455,0,0.9632307887077332,0,0,True
resnet50,resnet50_linear_head,d8_up,3458,3458,4,0.9704460501670837,4,4,True
resnet50,resnet50_linear_head,d8_up,3467,3467,7,0.9759634137153625,7,7,True
resnet50,resnet50_linear_head,d8_up,3491,3491,1,0.9705567359924316,1,1,True
resnet50,resnet50_linear_head,d8_up,3494,3494,6,0.9875734448432922,6,6,True
resnet50,resnet50_linear_head,d8_up,3512,3512,4,0.98819500207901,4,4,True
resnet50,resnet50_linear_head,d8_up,3515,3515,6,0.9729394316673279,6,6,True
resnet50,resnet50_linear_head,d8_up,3542,3542,7,0.987285852432251,7,7,True
resnet50,resnet50_linear_head,d8_up,3550,3550,1,0.9255881309509277,1,1,True
resnet50,resnet50_linear_head,d8_up,3562,3562,3,0.9424405097961426,3,3,True
resnet50,resnet50_linear_head,d8_up,3755,3755,2,0.981076717376709,2,2,True
resnet50,resnet50_linear_head,d8_up,3763,3763,4,0.9803009629249573,4,4,True
resnet50,resnet50_linear_head,d8_up,3777,3777,6,0.9705125689506531,6,6,True
resnet50,resnet50_linear_head,d8_up,3778,3778,3,0.9481541514396667,3,3,True
resnet50,resnet50_linear_head,d8_up,3779,3779,6,0.9600530862808228,6,6,True
resnet50,resnet50_linear_head,d8_up,3844,3844,6,0.9852139353752136,6,6,True
resnet50,resnet50_linear_head,d8_up,3851,3851,3,0.9736394286155701,3,3,True
resnet50,resnet50_linear_head,d8_up,3852,3852,5,0.9615170955657959,5,5,True
resnet50,resnet50_linear_head,d8_up,3863,3863,5,0.9904674291610718,5,5,True
resnet50,resnet50_linear_head,d8_up,3867,3867,7,0.9558117389678955,7,7,True
resnet50,resnet50_linear_head,d8_up,3876,3876,0,0.980343222618103,0,0,True
resnet50,resnet50_linear_head,d8_up,3889,3889,5,0.9568905234336853,5,5,True
resnet50,resnet50_linear_head,d8_up,3891,3891,4,0.959052324295044,4,4,True
resnet50,resnet50_linear_head,d8_up,3893,3893,9,0.9758573174476624,9,9,True
resnet50,resnet50_linear_head,d8_up,3905,3905,8,0.9742323160171509,8,8,True
resnet50,resnet50_linear_head,d8_up,3914,3914,3,0.9828777313232422,3,3,True
resnet50,resnet50_linear_head,d8_up,3937,3937,1,0.957844078540802,1,1,True
resnet50,resnet50_linear_head,d8_up,3942,3942,9,0.9692316651344299,9,9,True
resnet50,resnet50_linear_head,d8_up,3948,3948,8,0.943674623966217,8,8,True
resnet50,resnet50_linear_head,d8_up,3962,3962,6,0.9785879850387573,6,6,True
resnet50,resnet50_linear_head,d8_up,3965,3965,0,0.9853428602218628,0,0,True
resnet50,resnet50_linear_head,d8_up,3994,3994,4,0.9631087183952332,4,4,True
resnet50,resnet50_linear_head,d8_up,3996,3996,9,0.967179536819458,9,9,True
resnet50,resnet50_linear_head,d8_up,4011,4011,6,0.976894199848175,6,6,True
resnet50,resnet50_linear_head,d8_up,4023,4023,3,0.9740318059921265,3,3,True
resnet50,resnet50_linear_head,d8_up,4054,4054,4,0.9742920398712158,4,4,True
resnet50,resnet50_linear_head,d8_up,4065,4065,2,0.9518760442733765,2,2,True
resnet50,resnet50_linear_head,d8_up,4069,4069,8,0.9724488258361816,8,8,True
resnet50,resnet50_linear_head,d8_up,4093,4093,6,0.9518325328826904,6,6,True
resnet50,resnet50_linear_head,d8_up,4094,4094,9,0.9502671957015991,9,9,True
resnet50,resnet50_linear_head,d8_up,4106,4106,5,0.9838736653327942,5,5,True
resnet50,resnet50_linear_head,d8_up,4130,4130,0,0.9766117334365845,0,0,True
resnet50,resnet50_linear_head,d8_up,4168,4168,3,0.9794101119041443,3,3,True
resnet50,resnet50_linear_head,d8_up,4170,4170,8,0.969504714012146,8,8,True
resnet50,resnet50_linear_head,d8_up,4172,4172,7,0.9743630886077881,7,7,True
resnet50,resnet50_linear_head,d8_up,4177,4177,8,0.9624723792076111,8,8,True
resnet50,resnet50_linear_head,d8_up,4215,4215,3,0.968323826789856,3,1,False
resnet50,resnet50_linear_head,d8_up,4229,4229,3,0.9762701392173767,3,3,True
resnet50,resnet50_linear_head,d8_up,4236,4236,7,0.9841920137405396,7,7,True
resnet50,resnet50_linear_head,d8_up,4242,4242,8,0.9659560918807983,8,8,True
resnet50,resnet50_linear_head,d8_up,4254,4254,6,0.9817273616790771,6,6,True
resnet50,resnet50_linear_head,d8_up,4290,4290,5,0.9738942980766296,5,5,True
resnet50,resnet50_linear_head,d8_up,4298,4298,1,0.987152099609375,1,1,True
resnet50,resnet50_linear_head,d8_up,4308,4308,7,0.9593427181243896,7,7,True
resnet50,resnet50_linear_head,d8_up,4311,4311,8,0.9718729853630066,8,8,True
resnet50,resnet50_linear_head,d8_up,4323,4323,3,0.9737217426300049,3,3,True
resnet50,resnet50_linear_head,d8_up,4330,4330,3,0.955558180809021,3,3,True
resnet50,resnet50_linear_head,d8_up,4341,4341,6,0.9830225706100464,6,6,True
resnet50,resnet50_linear_head,d8_up,4355,4355,8,0.9715219736099243,8,8,True
resnet50,resnet50_linear_head,d8_up,4399,4399,0,0.9490708708763123,0,0,True
resnet50,resnet50_linear_head,d8_up,4403,4403,7,0.9849867224693298,7,7,True
resnet50,resnet50_linear_head,d8_up,4411,4411,6,0.9648706912994385,6,6,True
resnet50,resnet50_linear_head,d8_up,4449,4449,9,0.9664793014526367,9,9,True
resnet50,resnet50_linear_head,d8_up,4463,4463,3,0.8672244548797607,3,3,True
resnet50,resnet50_linear_head,d8_up,4531,4531,3,0.961051881313324,3,3,True
resnet50,resnet50_linear_head,d8_up,4539,4539,0,0.9592983722686768,0,0,True
resnet50,resnet50_linear_head,d8_up,4547,4547,5,0.9710371494293213,5,5,True
resnet50,resnet50_linear_head,d8_up,4552,4552,8,0.9656762480735779,8,8,True
resnet50,resnet50_linear_head,d8_up,4570,4570,5,0.9877476096153259,5,5,True
resnet50,resnet50_linear_head,d8_up,4590,4590,3,0.9733364582061768,3,3,True
resnet50,resnet50_linear_head,d8_up,4609,4609,3,0.9703763127326965,3,3,True
resnet50,resnet50_linear_head,d8_up,4615,4615,0,0.972321629524231,0,0,True
resnet50,resnet50_linear_head,d8_up,4617,4617,0,0.9731223583221436,0,0,True
resnet50,resnet50_linear_head,d8_up,4620,4620,6,0.9506072402000427,6,6,True
resnet50,resnet50_linear_head,d8_up,4629,4629,4,0.9352203607559204,4,4,True
resnet50,resnet50_linear_head,d8_up,4640,4640,1,0.9723735451698303,1,7,False
resnet50,resnet50_linear_head,d8_up,4642,4642,4,0.9662010073661804,4,4,True
resnet50,resnet50_linear_head,d8_up,4661,4661,7,0.9646250009536743,7,7,True
resnet50,resnet50_linear_head,d8_up,4662,4662,8,0.9880620837211609,8,8,True
resnet50,resnet50_linear_head,d8_up,4675,4675,0,0.9805198907852173,0,0,True
resnet50,resnet50_linear_head,d8_up,4676,4676,8,0.9703617095947266,8,8,True
resnet50,resnet50_linear_head,d8_up,4704,4704,7,0.956196665763855,7,7,True
resnet50,resnet50_linear_head,d8_up,4723,4723,9,0.970703661441803,9,9,True
resnet50,resnet50_linear_head,d8_up,4731,4731,6,0.9674375057220459,6,6,True
resnet50,resnet50_linear_head,d8_up,4735,4735,2,0.972971498966217,2,2,True
resnet50,resnet50_linear_head,d8_up,4740,4740,4,0.9720160961151123,4,4,True
resnet50,resnet50_linear_head,d8_up,4746,4746,6,0.956162691116333,6,6,True
resnet50,resnet50_linear_head,d8_up,4748,4748,7,0.9794004559516907,7,7,True
resnet50,resnet50_linear_head,d8_up,4754,4754,6,0.9843723177909851,6,6,True
resnet50,resnet50_linear_head,d8_up,4785,4785,0,0.9765545725822449,0,0,True
resnet50,resnet50_linear_head,d8_up,4791,4791,7,0.9862167239189148,7,7,True
resnet50,resnet50_linear_head,d8_up,4819,4819,0,0.9795520901679993,0,0,True
resnet50,resnet50_linear_head,d8_up,4821,4821,3,0.9849350452423096,3,3,True
resnet50,resnet50_linear_head,d8_up,4827,4827,6,0.9739152193069458,6,6,True
resnet50,resnet50_linear_head,d8_up,4850,4850,5,0.9607587456703186,5,5,True
resnet50,resnet50_linear_head,d8_up,4881,4881,3,0.9647545218467712,3,3,True
resnet50,resnet50_linear_head,d8_up,4893,4893,0,0.9774872660636902,0,0,True
resnet50,resnet50_linear_head,d8_up,4908,4908,3,0.98453289270401,3,3,True
resnet50,resnet50_linear_head,d8_up,4913,4913,2,0.984680712223053,2,2,True
resnet50,resnet50_linear_head,d8_up,4921,4921,2,0.9703120589256287,2,2,True
resnet50,resnet50_linear_head,d8_up,4953,4953,5,0.9640828371047974,5,5,True
resnet50,resnet50_linear_head,d8_up,4966,4966,5,0.949570894241333,5,5,True
resnet50,resnet50_linear_head,d8_up,4990,4990,8,0.9680562019348145,8,8,True
resnet50,resnet50_linear_head,d8_up,5000,5000,8,0.9753178358078003,8,8,True
resnet50,resnet50_linear_head,d8_up,5030,5030,2,0.9847663044929504,2,2,True
resnet50,resnet50_linear_head,d8_up,5062,5062,4,0.9730691313743591,4,4,True
resnet50,resnet50_linear_head,d8_up,5077,5077,4,0.9777400493621826,4,4,True
resnet50,resnet50_linear_head,d8_up,5082,5082,6,0.9868529438972473,6,6,True
resnet50,resnet50_linear_head,d8_up,5092,5092,1,0.9723858833312988,1,1,True
resnet50,resnet50_linear_head,d8_up,5101,5101,5,0.9668974876403809,5,5,True
resnet50,resnet50_linear_head,d8_up,5117,5117,0,0.985175609588623,0,0,True
resnet50,resnet50_linear_head,d8_up,5123,5123,1,0.9687091112136841,1,1,True
resnet50,resnet50_linear_head,d8_up,5135,5135,4,0.973058819770813,4,4,True
resnet50,resnet50_linear_head,d8_up,5183,5183,2,0.9732868075370789,2,2,True
resnet50,resnet50_linear_head,d8_up,5213,5213,4,0.9686779379844666,4,4,True
resnet50,resnet50_linear_head,d8_up,5218,5218,2,0.9899027347564697,2,2,True
resnet50,resnet50_linear_head,d8_up,5220,5220,1,0.9553806781768799,3,3,True
resnet50,resnet50_linear_head,d8_up,5237,5237,2,0.9872080087661743,2,2,True
resnet50,resnet50_linear_head,d8_up,5256,5256,1,0.9644465446472168,1,1,True
resnet50,resnet50_linear_head,d8_up,5284,5284,9,0.9617711901664734,9,9,True
resnet50,resnet50_linear_head,d8_up,5301,5301,9,0.9790619015693665,9,9,True
resnet50,resnet50_linear_head,d8_up,5318,5318,2,0.9846479892730713,2,2,True
resnet50,resnet50_linear_head,d8_up,5332,5332,5,0.9621422290802002,5,5,True
resnet50,resnet50_linear_head,d8_up,5333,5333,2,0.9659793376922607,2,2,True
resnet50,resnet50_linear_head,d8_up,5360,5360,9,0.9713581800460815,9,9,True
resnet50,resnet50_linear_head,d8_up,5381,5381,5,0.9755017757415771,5,5,True
resnet50,resnet50_linear_head,d8_up,5382,5382,6,0.9619145393371582,6,6,True
resnet50,resnet50_linear_head,d8_up,5395,5395,2,0.9705617427825928,2,2,True
resnet50,resnet50_linear_head,d8_up,5402,5402,4,0.9860726594924927,4,4,True
resnet50,resnet50_linear_head,d8_up,5408,5408,6,0.9748287200927734,6,6,True
resnet50,resnet50_linear_head,d8_up,5436,5436,7,0.9845259785652161,7,7,True
resnet50,resnet50_linear_head,d8_up,5447,5447,9,0.9635681509971619,9,9,True
resnet50,resnet50_linear_head,d8_up,5450,5450,7,0.9807836413383484,7,7,True
resnet50,resnet50_linear_head,d8_up,5451,5451,8,0.902100682258606,8,8,True
resnet50,resnet50_linear_head,d8_up,5452,5452,9,0.9641818404197693,9,9,True
resnet50,resnet50_linear_head,d8_up,5467,5467,4,0.9766209721565247,4,4,True
resnet50,resnet50_linear_head,d8_up,5478,5478,0,0.9791406989097595,0,0,True
resnet50,resnet50_linear_head,d8_up,5488,5488,1,0.9747007489204407,7,7,True
resnet50,resnet50_linear_head,d8_up,5496,5496,5,0.9734148383140564,5,5,True
resnet50,resnet50_linear_head,d8_up,5508,5508,9,0.9670590758323669,9,9,True
resnet50,resnet50_linear_head,d8_up,5512,5512,2,0.9635312557220459,9,9,True
resnet50,resnet50_linear_head,d8_up,5525,5525,8,0.9694538116455078,8,8,True
resnet50,resnet50_linear_head,d8_up,5528,5528,3,0.9606988430023193,5,5,True
resnet50,resnet50_linear_head,d8_up,5556,5556,4,0.9836413264274597,4,4,True
resnet50,resnet50_linear_head,d8_up,5560,5560,1,0.9891489744186401,1,1,True
resnet50,resnet50_linear_head,d8_up,5572,5572,9,0.984761118888855,9,9,True
resnet50,resnet50_linear_head,d8_up,5580,5580,6,0.9795032143592834,6,6,True
resnet50,resnet50_linear_head,d8_up,5590,5590,9,0.9594888687133789,9,9,True
resnet50,resnet50_linear_head,d8_up,5623,5623,4,0.9696687459945679,4,4,True
resnet50,resnet50_linear_head,d8_up,5677,5677,2,0.9770838022232056,2,2,True
resnet50,resnet50_linear_head,d8_up,5694,5694,8,0.9796812534332275,8,8,True
resnet50,resnet50_linear_head,d8_up,5701,5701,5,0.9770306944847107,5,5,True
resnet50,resnet50_linear_head,d8_up,5705,5705,8,0.9569554328918457,8,8,True
resnet50,resnet50_linear_head,d8_up,5719,5719,7,0.9840269684791565,7,7,True
resnet50,resnet50_linear_head,d8_up,5729,5729,6,0.9788383841514587,6,6,True
resnet50,resnet50_linear_head,d8_up,5756,5756,2,0.9786609411239624,2,2,True
resnet50,resnet50_linear_head,d8_up,5788,5788,9,0.9456995725631714,9,9,True
resnet50,resnet50_linear_head,d8_up,5789,5789,4,0.9693554639816284,4,4,True
resnet50,resnet50_linear_head,d8_up,5824,5824,2,0.9727294445037842,2,2,True
resnet50,resnet50_linear_head,d8_up,5848,5848,7,0.9704455137252808,7,7,True
resnet50,resnet50_linear_head,d8_up,5851,5851,9,0.9789644479751587,9,9,True
resnet50,resnet50_linear_head,d8_up,5857,5857,6,0.9490376710891724,4,4,True
resnet50,resnet50_linear_head,d8_up,5858,5858,6,0.9646093249320984,6,6,True
resnet50,resnet50_linear_head,d8_up,5912,5912,0,0.959449827671051,0,0,True
resnet50,resnet50_linear_head,d8_up,5915,5915,9,0.9717649221420288,9,9,True
resnet50,resnet50_linear_head,d8_up,5918,5918,0,0.9651663899421692,0,0,True
resnet50,resnet50_linear_head,d8_up,5924,5924,5,0.9817255735397339,5,5,True
resnet50,resnet50_linear_head,d8_up,5977,5977,7,0.982581615447998,7,7,True
resnet50,resnet50_linear_head,d8_up,5981,5981,9,0.9841104745864868,9,9,True
resnet50,resnet50_linear_head,d8_up,5999,5999,0,0.9697798490524292,0,0,True
resnet50,resnet50_linear_head,d8_up,6028,6028,2,0.9759098887443542,2,2,True
resnet50,resnet50_linear_head,d8_up,6033,6033,4,0.9569072127342224,4,4,True
resnet50,resnet50_linear_head,d8_up,6076,6076,1,0.988336980342865,1,1,True
resnet50,resnet50_linear_head,d8_up,6084,6084,7,0.9765088558197021,7,7,True
resnet50,resnet50_linear_head,d8_up,6097,6097,4,0.981497585773468,4,4,True
resnet50,resnet50_linear_head,d8_up,6169,6169,1,0.9611721038818359,1,1,True
resnet50,resnet50_linear_head,d8_up,6190,6190,7,0.976235568523407,7,7,True
resnet50,resnet50_linear_head,d8_up,6224,6224,5,0.9809768199920654,5,5,True
resnet50,resnet50_linear_head,d8_up,6244,6244,2,0.9676001071929932,2,2,True
resnet50,resnet50_linear_head,d8_up,6264,6264,2,0.9777922630310059,2,2,True
resnet50,resnet50_linear_head,d8_up,6271,6271,2,0.9906047582626343,2,2,True
resnet50,resnet50_linear_head,d8_up,6288,6288,4,0.9780516028404236,4,4,True
resnet50,resnet50_linear_head,d8_up,6332,6332,2,0.9709404110908508,2,2,True
resnet50,resnet50_linear_head,d8_up,6349,6349,1,0.9725857377052307,1,1,True
resnet50,resnet50_linear_head,d8_up,6354,6354,2,0.9660613536834717,2,2,True
resnet50,resnet50_linear_head,d8_up,6358,6358,5,0.9552720785140991,5,5,True
resnet50,resnet50_linear_head,d8_up,6381,6381,6,0.9754824042320251,6,6,True
resnet50,resnet50_linear_head,d8_up,6414,6414,5,0.9488827586174011,5,5,True
resnet50,resnet50_linear_head,d8_up,6426,6426,2,0.9746291041374207,2,2,True
resnet50,resnet50_linear_head,d8_up,6434,6434,8,0.9726577401161194,8,8,True
resnet50,resnet50_linear_head,d8_up,6437,6437,0,0.9693496227264404,0,0,True
resnet50,resnet50_linear_head,d8_up,6455,6455,0,0.9701334238052368,0,0,True
resnet50,resnet50_linear_head,d8_up,6490,6490,3,0.9556016325950623,3,3,True
resnet50,resnet50_linear_head,d8_up,6503,6503,2,0.9420905113220215,2,2,True
resnet50,resnet50_linear_head,d8_up,6508,6508,4,0.9866399765014648,4,4,True
resnet50,resnet50_linear_head,d8_up,6528,6528,4,0.9698306918144226,4,4,True
resnet50,resnet50_linear_head,d8_up,6594,6594,1,0.9687694907188416,1,1,True
resnet50,resnet50_linear_head,d8_up,6609,6609,0,0.979153037071228,0,0,True
resnet50,resnet50_linear_head,d8_up,6616,6616,2,0.9527775645256042,2,2,True
resnet50,resnet50_linear_head,d8_up,6650,6650,7,0.9649768471717834,7,7,True
resnet50,resnet50_linear_head,d8_up,6689,6689,8,0.93182772397995,8,8,True
resnet50,resnet50_linear_head,d8_up,6692,6692,2,0.9690245389938354,2,2,True
resnet50,resnet50_linear_head,d8_up,6713,6713,6,0.9758850336074829,6,6,True
resnet50,resnet50_linear_head,d8_up,6716,6716,5,0.9739160537719727,5,5,True
resnet50,resnet50_linear_head,d8_up,6726,6726,7,0.9808253049850464,7,7,True
resnet50,resnet50_linear_head,d8_up,6733,6733,1,0.9896041750907898,1,1,True
resnet50,resnet50_linear_head,d8_up,6772,6772,7,0.9596010446548462,7,7,True
resnet50,resnet50_linear_head,d8_up,6805,6805,1,0.980899453163147,1,1,True
resnet50,resnet50_linear_head,d8_up,6836,6836,1,0.9743116497993469,1,1,True
resnet50,resnet50_linear_head,d8_up,6844,6844,0,0.9846527576446533,0,0,True
resnet50,resnet50_linear_head,d8_up,6922,6922,5,0.9720216989517212,5,5,True
resnet50,resnet50_linear_head,d8_up,6931,6931,9,0.9624749422073364,9,9,True
resnet50,resnet50_linear_head,d8_up,6938,6938,1,0.9784160256385803,1,1,True
resnet50,resnet50_linear_head,d8_up,6952,6952,3,0.9744563698768616,3,3,True
resnet50,resnet50_linear_head,d8_up,6954,6954,1,0.9353611469268799,1,1,True
resnet50,resnet50_linear_head,d8_up,6986,6986,0,0.9660371541976929,0,0,True
resnet50,resnet50_linear_head,d8_up,6989,6989,5,0.9908636212348938,5,5,True
resnet50,resnet50_linear_head,d8_up,7009,7009,0,0.9775267243385315,0,0,True
resnet50,resnet50_linear_head,d8_up,7029,7029,1,0.9862837791442871,1,1,True
resnet50,resnet50_linear_head,d8_up,7033,7033,1,0.9654489159584045,1,1,True
resnet50,resnet50_linear_head,d8_up,7041,7041,5,0.9549174308776855,5,5,True
resnet50,resnet50_linear_head,d8_up,7047,7047,9,0.9769741892814636,9,9,True
resnet50,resnet50_linear_head,d8_up,7081,7081,7,0.973109245300293,7,7,True
resnet50,resnet50_linear_head,d8_up,7084,7084,2,0.9659079313278198,2,2,True
resnet50,resnet50_linear_head,d8_up,7108,7108,6,0.9848355650901794,6,6,True
resnet50,resnet50_linear_head,d8_up,7130,7130,5,0.9848359823226929,5,5,True
resnet50,resnet50_linear_head,d8_up,7138,7138,8,0.9632357358932495,8,8,True
resnet50,resnet50_linear_head,d8_up,7150,7150,0,0.9806554317474365,0,0,True
resnet50,resnet50_linear_head,d8_up,7202,7202,1,0.9753671884536743,1,1,True
resnet50,resnet50_linear_head,d8_up,7262,7262,0,0.9802678823471069,0,0,True
resnet50,resnet50_linear_head,d8_up,7266,7266,9,0.9719506502151489,9,9,True
resnet50,resnet50_linear_head,d8_up,7270,7270,7,0.9745604395866394,7,7,True
resnet50,resnet50_linear_head,d8_up,7309,7309,0,0.9387257695198059,0,0,True
resnet50,resnet50_linear_head,d8_up,7320,7320,0,0.9547159671783447,0,0,True
resnet50,resnet50_linear_head,d8_up,7338,7338,6,0.963151752948761,6,6,True
resnet50,resnet50_linear_head,d8_up,7372,7372,0,0.9724569320678711,0,0,True
resnet50,resnet50_linear_head,d8_up,7373,7373,0,0.9217302203178406,0,0,True
resnet50,resnet50_linear_head,d8_up,7380,7380,9,0.9813007712364197,9,9,True
resnet50,resnet50_linear_head,d8_up,7390,7390,1,0.9768909215927124,1,1,True
resnet50,resnet50_linear_head,d8_up,7413,7413,5,0.9770094156265259,5,5,True
resnet50,resnet50_linear_head,d8_up,7416,7416,3,0.9694870710372925,5,5,True
resnet50,resnet50_linear_head,d8_up,7425,7425,2,0.9778880476951599,2,2,True
resnet50,resnet50_linear_head,d8_up,7446,7446,8,0.9773854613304138,8,8,True
resnet50,resnet50_linear_head,d8_up,7460,7460,8,0.9678946733474731,8,8,True
resnet50,resnet50_linear_head,d8_up,7465,7465,0,0.9810509085655212,0,0,True
resnet50,resnet50_linear_head,d8_up,7474,7474,5,0.9805042147636414,5,5,True
resnet50,resnet50_linear_head,d8_up,7475,7475,4,0.9654375314712524,4,4,True
resnet50,resnet50_linear_head,d8_up,7476,7476,8,0.9668282866477966,8,8,True
resnet50,resnet50_linear_head,d8_up,7544,7544,9,0.9753144383430481,9,9,True
resnet50,resnet50_linear_head,d8_up,7555,7555,6,0.9715709090232849,6,6,True
resnet50,resnet50_linear_head,d8_up,7600,7600,6,0.9648748636245728,6,6,True
resnet50,resnet50_linear_head,d8_up,7610,7610,4,0.9773086309432983,4,4,True
resnet50,resnet50_linear_head,d8_up,7634,7634,0,0.9800153374671936,0,0,True
resnet50,resnet50_linear_head,d8_up,7692,7692,4,0.9723405241966248,4,4,True
resnet50,resnet50_linear_head,d8_up,7706,7706,5,0.9709357619285583,5,5,True
resnet50,resnet50_linear_head,d8_up,7726,7726,6,0.9787153601646423,6,6,True
resnet50,resnet50_linear_head,d8_up,7744,7744,3,0.9082306027412415,3,3,True
resnet50,resnet50_linear_head,d8_up,7752,7752,9,0.9655534625053406,9,9,True
resnet50,resnet50_linear_head,d8_up,7776,7776,5,0.9698261022567749,5,5,True
resnet50,resnet50_linear_head,d8_up,7779,7779,6,0.972021222114563,6,6,True
resnet50,resnet50_linear_head,d8_up,7781,7781,6,0.9743269681930542,6,6,True
resnet50,resnet50_linear_head,d8_up,7793,7793,3,0.9546715021133423,5,5,True
resnet50,resnet50_linear_head,d8_up,7797,7797,3,0.9631910920143127,3,3,True
resnet50,resnet50_linear_head,d8_up,7810,7810,8,0.983463704586029,8,8,True
resnet50,resnet50_linear_head,d8_up,7818,7818,8,0.9655981659889221,8,8,True
resnet50,resnet50_linear_head,d8_up,7835,7835,7,0.9855760335922241,7,7,True
resnet50,resnet50_linear_head,d8_up,7864,7864,4,0.9755657911300659,4,4,True
resnet50,resnet50_linear_head,d8_up,7875,7875,8,0.9640867710113525,8,8,True
resnet50,resnet50_linear_head,d8_up,7938,7938,9,0.963483452796936,9,9,True
resnet50,resnet50_linear_head,d8_up,7940,7940,4,0.9808273315429688,4,4,True
resnet50,resnet50_linear_head,d8_up,7944,7944,4,0.9688472151756287,4,4,True
resnet50,resnet50_linear_head,d8_up,7955,7955,1,0.9668958783149719,1,1,True
resnet50,resnet50_linear_head,d8_up,7995,7995,9,0.9806236028671265,9,9,True
resnet50,resnet50_linear_head,d8_up,7996,7996,6,0.9568251371383667,6,6,True
resnet50,resnet50_linear_head,d8_up,7999,7999,8,0.8871852159500122,8,8,True
resnet50,resnet50_linear_head,d8_down,3,3,0,0.9753164649009705,0,0,True
resnet50,resnet50_linear_head,d8_down,29,29,7,0.9510469436645508,7,7,True
resnet50,resnet50_linear_head,d8_down,35,35,2,0.9753578305244446,2,2,True
resnet50,resnet50_linear_head,d8_down,42,42,0,0.9608691930770874,0,0,True
resnet50,resnet50_linear_head,d8_down,49,49,2,0.96213698387146,2,2,True
resnet50,resnet50_linear_head,d8_down,81,81,0,0.9619840383529663,0,0,True
resnet50,resnet50_linear_head,d8_down,95,95,1,0.9753044247627258,1,1,True
resnet50,resnet50_linear_head,d8_down,97,97,5,0.9687144756317139,5,5,True
resnet50,resnet50_linear_head,d8_down,116,116,1,0.9489744901657104,1,1,True
resnet50,resnet50_linear_head,d8_down,131,131,9,0.836719810962677,9,9,True
resnet50,resnet50_linear_head,d8_down,151,151,8,0.9668909311294556,8,8,True
resnet50,resnet50_linear_head,d8_down,171,171,4,0.9654631614685059,4,4,True
resnet50,resnet50_linear_head,d8_down,176,176,3,0.9721999764442444,3,3,True
resnet50,resnet50_linear_head,d8_down,191,191,9,0.9716958403587341,9,9,True
resnet50,resnet50_linear_head,d8_down,194,194,8,0.9730419516563416,8,8,True
resnet50,resnet50_linear_head,d8_down,198,198,1,0.9717066287994385,1,1,True
resnet50,resnet50_linear_head,d8_down,239,239,9,0.9587383270263672,9,9,True
resnet50,resnet50_linear_head,d8_down,261,261,1,0.9859621524810791,1,1,True
resnet50,resnet50_linear_head,d8_down,269,269,7,0.9510715007781982,7,7,True
resnet50,resnet50_linear_head,d8_down,276,276,9,0.9578988552093506,9,9,True
resnet50,resnet50_linear_head,d8_down,303,303,9,0.9791263937950134,9,9,True
resnet50,resnet50_linear_head,d8_down,304,304,1,0.9455679655075073,1,1,True
resnet50,resnet50_linear_head,d8_down,317,317,2,0.982171356678009,2,2,True
resnet50,resnet50_linear_head,d8_down,319,319,5,0.979277491569519,5,5,True
resnet50,resnet50_linear_head,d8_down,323,323,7,0.976125955581665,7,7,True
resnet50,resnet50_linear_head,d8_down,365,365,3,0.960479736328125,3,3,True
resnet50,resnet50_linear_head,d8_down,370,370,7,0.9748344421386719,7,7,True
resnet50,resnet50_linear_head,d8_down,372,372,3,0.9508774876594543,3,3,True
resnet50,resnet50_linear_head,d8_down,378,378,5,0.9829662442207336,5,5,True
resnet50,resnet50_linear_head,d8_down,391,391,3,0.9731804132461548,3,3,True
resnet50,resnet50_linear_head,d8_down,409,409,2,0.9643992185592651,2,2,True
resnet50,resnet50_linear_head,d8_down,419,419,9,0.9713253378868103,9,9,True
resnet50,resnet50_linear_head,d8_down,449,449,6,0.9718052744865417,6,6,True
resnet50,resnet50_linear_head,d8_down,470,470,2,0.9817441701889038,2,2,True
resnet50,resnet50_linear_head,d8_down,483,483,2,0.9746370911598206,2,2,True
resnet50,resnet50_linear_head,d8_down,484,484,0,0.9596332311630249,0,0,True
resnet50,resnet50_linear_head,d8_down,506,506,4,0.9467163681983948,4,4,True
resnet50,resnet50_linear_head,d8_down,545,545,6,0.9708603620529175,6,6,True
resnet50,resnet50_linear_head,d8_down,562,562,0,0.964755654335022,0,0,True
resnet50,resnet50_linear_head,d8_down,568,568,5,0.9782890677452087,5,5,True
resnet50,resnet50_linear_head,d8_down,603,603,9,0.972837507724762,9,9,True
resnet50,resnet50_linear_head,d8_down,632,632,3,0.9619521498680115,3,3,True
resnet50,resnet50_linear_head,d8_down,645,645,5,0.9793996810913086,5,5,True
resnet50,resnet50_linear_head,d8_down,667,667,8,0.985268235206604,8,8,True
resnet50,resnet50_linear_head,d8_down,672,672,3,0.9570347666740417,3,3,True
resnet50,resnet50_linear_head,d8_down,677,677,3,0.9533879160881042,3,3,True
resnet50,resnet50_linear_head,d8_down,685,685,5,0.970729410648346,5,5,True
resnet50,resnet50_linear_head,d8_down,691,691,4,0.9606778025627136,4,4,True
resnet50,resnet50_linear_head,d8_down,706,706,8,0.9279043674468994,8,8,True
resnet50,resnet50_linear_head,d8_down,714,714,2,0.9528898000717163,2,2,True
resnet50,resnet50_linear_head,d8_down,716,716,8,0.9637148380279541,8,8,True
resnet50,resnet50_linear_head,d8_down,738,738,3,0.9451571702957153,3,3,True
resnet50,resnet50_linear_head,d8_down,739,739,8,0.9481884241104126,8,8,True
resnet50,resnet50_linear_head,d8_down,766,766,4,0.9562078714370728,6,6,True
resnet50,resnet50_linear_head,d8_down,791,791,3,0.9500669240951538,3,3,True
resnet50,resnet50_linear_head,d8_down,805,805,9,0.9559566974639893,9,9,True
resnet50,resnet50_linear_head,d8_down,825,825,1,0.9793078303337097,1,1,True
resnet50,resnet50_linear_head,d8_down,852,852,9,0.9691545963287354,9,9,True
resnet50,resnet50_linear_head,d8_down,855,855,4,0.9605472087860107,4,4,True
resnet50,resnet50_linear_head,d8_down,873,873,6,0.967660665512085,6,6,True
resnet50,resnet50_linear_head,d8_down,890,890,6,0.9530156254768372,6,6,True
resnet50,resnet50_linear_head,d8_down,920,920,6,0.9578882455825806,6,6,True
resnet50,resnet50_linear_head,d8_down,929,929,6,0.9719727635383606,6,6,True
resnet50,resnet50_linear_head,d8_down,962,962,8,0.9758774042129517,8,8,True
resnet50,resnet50_linear_head,d8_down,964,964,6,0.9705932140350342,6,6,True
resnet50,resnet50_linear_head,d8_down,977,977,6,0.9667951464653015,6,6,True
resnet50,resnet50_linear_head,d8_down,979,979,3,0.9811463356018066,3,3,True
resnet50,resnet50_linear_head,d8_down,981,981,2,0.9596700072288513,2,2,True
resnet50,resnet50_linear_head,d8_down,1022,1022,9,0.9562195539474487,9,9,True
resnet50,resnet50_linear_head,d8_down,1032,1032,7,0.9850057363510132,7,7,True
resnet50,resnet50_linear_head,d8_down,1048,1048,7,0.983298659324646,7,7,True
resnet50,resnet50_linear_head,d8_down,1090,1090,1,0.9843733906745911,1,1,True
resnet50,resnet50_linear_head,d8_down,1095,1095,5,0.9618896245956421,5,5,True
resnet50,resnet50_linear_head,d8_down,1109,1109,1,0.965910792350769,1,1,True
resnet50,resnet50_linear_head,d8_down,1111,1111,4,0.9843674898147583,4,4,True
resnet50,resnet50_linear_head,d8_down,1115,1115,1,0.9751575589179993,1,1,True
resnet50,resnet50_linear_head,d8_down,1124,1124,4,0.9579893350601196,4,4,True
resnet50,resnet50_linear_head,d8_down,1129,1129,8,0.957513153553009,8,8,True
resnet50,resnet50_linear_head,d8_down,1175,1175,0,0.975068211555481,0,0,True
resnet50,resnet50_linear_head,d8_down,1202,1202,2,0.9614228010177612,2,2,True
resnet50,resnet50_linear_head,d8_down,1204,1204,3,0.9343302845954895,3,3,True
resnet50,resnet50_linear_head,d8_down,1211,1211,4,0.961699903011322,4,4,True
resnet50,resnet50_linear_head,d8_down,1220,1220,7,0.9859664440155029,7,7,True
resnet50,resnet50_linear_head,d8_down,1230,1230,1,0.9443534016609192,1,1,True
resnet50,resnet50_linear_head,d8_down,1247,1247,8,0.9808552861213684,8,8,True
resnet50,resnet50_linear_head,d8_down,1263,1263,3,0.9850009083747864,3,3,True
resnet50,resnet50_linear_head,d8_down,1266,1266,4,0.9729917049407959,4,4,True
resnet50,resnet50_linear_head,d8_down,1287,1287,7,0.9934689402580261,7,7,True
resnet50,resnet50_linear_head,d8_down,1296,1296,7,0.9391387104988098,7,7,True
resnet50,resnet50_linear_head,d8_down,1370,1370,3,0.9594724774360657,3,3,True
resnet50,resnet50_linear_head,d8_down,1389,1389,0,0.9608005881309509,0,0,True
resnet50,resnet50_linear_head,d8_down,1401,1401,3,0.9642243385314941,3,3,True
resnet50,resnet50_linear_head,d8_down,1403,1403,2,0.9777498841285706,2,2,True
resnet50,resnet50_linear_head,d8_down,1411,1411,9,0.9646430611610413,9,9,True
resnet50,resnet50_linear_head,d8_down,1429,1429,4,0.9638325572013855,4,4,True
resnet50,resnet50_linear_head,d8_down,1430,1430,9,0.9567433595657349,9,9,True
resnet50,resnet50_linear_head,d8_down,1431,1431,3,0.9550821185112,3,3,True
resnet50,resnet50_linear_head,d8_down,1436,1436,1,0.9424033164978027,1,1,True
resnet50,resnet50_linear_head,d8_down,1440,1440,7,0.9857564568519592,7,7,True
resnet50,resnet50_linear_head,d8_down,1468,1468,9,0.9805229902267456,9,9,True
resnet50,resnet50_linear_head,d8_down,1473,1473,7,0.9859331250190735,7,7,True
resnet50,resnet50_linear_head,d8_down,1515,1515,9,0.9771140813827515,9,9,True
resnet50,resnet50_linear_head,d8_down,1520,1520,2,0.9717637300491333,2,2,True
resnet50,resnet50_linear_head,d8_down,1531,1531,3,0.9802445769309998,3,5,False
resnet50,resnet50_linear_head,d8_down,1534,1534,6,0.9555565118789673,6,6,True
resnet50,resnet50_linear_head,d8_down,1552,1552,5,0.976143479347229,5,5,True
resnet50,resnet50_linear_head,d8_down,1553,1553,0,0.9782038927078247,0,0,True
resnet50,resnet50_linear_head,d8_down,1563,1563,3,0.9681668877601624,3,3,True
resnet50,resnet50_linear_head,d8_down,1568,1568,1,0.9651702642440796,1,1,True
resnet50,resnet50_linear_head,d8_down,1579,1579,7,0.9782291650772095,7,7,True
resnet50,resnet50_linear_head,d8_down,1586,1586,2,0.9753717184066772,2,2,True
resnet50,resnet50_linear_head,d8_down,1596,1596,0,0.9833980202674866,0,0,True
resnet50,resnet50_linear_head,d8_down,1626,1626,5,0.9718160033226013,5,5,True
resnet50,resnet50_linear_head,d8_down,1640,1640,8,0.9468597173690796,8,8,True
resnet50,resnet50_linear_head,d8_down,1644,1644,5,0.969903826713562,5,5,True
resnet50,resnet50_linear_head,d8_down,1648,1648,0,0.9572007656097412,0,0,True
resnet50,resnet50_linear_head,d8_down,1654,1654,9,0.9685788154602051,9,9,True
resnet50,resnet50_linear_head,d8_down,1667,1667,6,0.9725472927093506,6,6,True
resnet50,resnet50_linear_head,d8_down,1703,1703,7,0.8810479044914246,7,7,True
resnet50,resnet50_linear_head,d8_down,1711,1711,7,0.948559045791626,7,7,True
resnet50,resnet50_linear_head,d8_down,1771,1771,7,0.9537203311920166,7,4,False
resnet50,resnet50_linear_head,d8_down,1783,1783,8,0.9831466674804688,8,8,True
resnet50,resnet50_linear_head,d8_down,1814,1814,2,0.9627419114112854,2,2,True
resnet50,resnet50_linear_head,d8_down,1833,1833,8,0.9405751824378967,8,8,True
resnet50,resnet50_linear_head,d8_down,1836,1836,9,0.9576906561851501,9,9,True
resnet50,resnet50_linear_head,d8_down,1839,1839,2,0.9734433889389038,2,2,True
resnet50,resnet50_linear_head,d8_down,1852,1852,1,0.9716863632202148,1,1,True
resnet50,resnet50_linear_head,d8_down,1871,1871,1,0.9542533159255981,1,1,True
resnet50,resnet50_linear_head,d8_down,1877,1877,5,0.96646648645401,5,5,True
resnet50,resnet50_linear_head,d8_down,1884,1884,7,0.9407796263694763,7,7,True
resnet50,resnet50_linear_head,d8_down,1927,1927,7,0.986332356929779,7,7,True
resnet50,resnet50_linear_head,d8_down,1954,1954,8,0.9461219906806946,8,8,True
resnet50,resnet50_linear_head,d8_down,1956,1956,7,0.9778575897216797,3,3,True
resnet50,resnet50_linear_head,d8_down,1960,1960,4,0.9703470468521118,4,4,True
resnet50,resnet50_linear_head,d8_down,1977,1977,0,0.970421552658081,0,0,True
resnet50,resnet50_linear_head,d8_down,1986,1986,1,0.9892057180404663,1,1,True
resnet50,resnet50_linear_head,d8_down,1993,1993,1,0.9772237539291382,1,1,True
resnet50,resnet50_linear_head,d8_down,2003,2003,6,0.9529253840446472,6,6,True
resnet50,resnet50_linear_head,d8_down,2011,2011,9,0.9846020340919495,9,9,True
resnet50,resnet50_linear_head,d8_down,2024,2024,0,0.9460715651512146,0,0,True
resnet50,resnet50_linear_head,d8_down,2028,2028,3,0.9543849229812622,3,3,True
resnet50,resnet50_linear_head,d8_down,2062,2062,9,0.9510596394538879,9,9,True
resnet50,resnet50_linear_head,d8_down,2070,2070,1,0.9447544813156128,1,1,True
resnet50,resnet50_linear_head,d8_down,2082,2082,2,0.9711202383041382,2,2,True
resnet50,resnet50_linear_head,d8_down,2095,2095,1,0.9552162885665894,1,1,True
resnet50,resnet50_linear_head,d8_down,2109,2109,8,0.9640164375305176,8,8,True
resnet50,resnet50_linear_head,d8_down,2114,2114,9,0.9626291990280151,9,9,True
resnet50,resnet50_linear_head,d8_down,2116,2116,1,0.9600716829299927,3,3,True
resnet50,resnet50_linear_head,d8_down,2157,2157,1,0.9484513998031616,1,1,True
resnet50,resnet50_linear_head,d8_down,2167,2167,9,0.9591106176376343,9,9,True
resnet50,resnet50_linear_head,d8_down,2178,2178,1,0.9795244932174683,1,1,True
resnet50,resnet50_linear_head,d8_down,2191,2191,8,0.9660391211509705,8,8,True
resnet50,resnet50_linear_head,d8_down,2230,2230,8,0.959463357925415,8,8,True
resnet50,resnet50_linear_head,d8_down,2242,2242,0,0.9824670553207397,0,0,True
resnet50,resnet50_linear_head,d8_down,2265,2265,5,0.9666836261749268,5,5,True
resnet50,resnet50_linear_head,d8_down,2268,2268,5,0.9745892882347107,5,5,True
resnet50,resnet50_linear_head,d8_down,2291,2291,3,0.9609071612358093,3,3,True
resnet50,resnet50_linear_head,d8_down,2334,2334,5,0.9658570289611816,5,5,True
resnet50,resnet50_linear_head,d8_down,2340,2340,8,0.9795623421669006,8,8,True
resnet50,resnet50_linear_head,d8_down,2342,2342,8,0.9709209203720093,8,8,True
resnet50,resnet50_linear_head,d8_down,2351,2351,9,0.9738256335258484,9,9,True
resnet50,resnet50_linear_head,d8_down,2391,2391,5,0.9572027325630188,5,5,True
resnet50,resnet50_linear_head,d8_down,2392,2392,2,0.9785743951797485,2,2,True
resnet50,resnet50_linear_head,d8_down,2399,2399,4,0.9738379716873169,4,4,True
resnet50,resnet50_linear_head,d8_down,2414,2414,9,0.9057155251502991,9,9,True
resnet50,resnet50_linear_head,d8_down,2427,2427,5,0.9801644086837769,5,5,True
resnet50,resnet50_linear_head,d8_down,2458,2458,5,0.9750706553459167,5,5,True
resnet50,resnet50_linear_head,d8_down,2501,2501,7,0.977655291557312,7,7,True
resnet50,resnet50_linear_head,d8_down,2502,2502,2,0.9755514860153198,2,2,True
resnet50,resnet50_linear_head,d8_down,2536,2536,3,0.974982738494873,3,3,True
resnet50,resnet50_linear_head,d8_down,2539,2539,3,0.9826104640960693,3,3,True
resnet50,resnet50_linear_head,d8_down,2610,2610,6,0.9521117210388184,6,6,True
resnet50,resnet50_linear_head,d8_down,2623,2623,5,0.9749170541763306,5,5,True
resnet50,resnet50_linear_head,d8_down,2655,2655,9,0.9617478847503662,9,9,True
resnet50,resnet50_linear_head,d8_down,2668,2668,7,0.9601719379425049,7,7,True
resnet50,resnet50_linear_head,d8_down,2676,2676,6,0.9204265475273132,6,6,True
resnet50,resnet50_linear_head,d8_down,2687,2687,1,0.9569475054740906,1,1,True
resnet50,resnet50_linear_head,d8_down,2690,2690,1,0.9460071921348572,1,1,True
resnet50,resnet50_linear_head,d8_down,2704,2704,4,0.9333529472351074,4,4,True
resnet50,resnet50_linear_head,d8_down,2745,2745,8,0.9606718420982361,8,8,True
resnet50,resnet50_linear_head,d8_down,2746,2746,7,0.9528292417526245,7,7,True
resnet50,resnet50_linear_head,d8_down,2750,2750,0,0.9581091403961182,0,0,True
resnet50,resnet50_linear_head,d8_down,2754,2754,3,0.9629059433937073,3,3,True
resnet50,resnet50_linear_head,d8_down,2757,2757,4,0.9578227996826172,4,4,True
resnet50,resnet50_linear_head,d8_down,2766,2766,5,0.9527007937431335,5,5,True
resnet50,resnet50_linear_head,d8_down,2807,2807,5,0.937731146812439,4,3,False
resnet50,resnet50_linear_head,d8_down,2844,2844,8,0.974418044090271,8,8,True
resnet50,resnet50_linear_head,d8_down,2854,2854,7,0.9484784007072449,7,7,True
resnet50,resnet50_linear_head,d8_down,2861,2861,3,0.9697703719139099,3,3,True
resnet50,resnet50_linear_head,d8_down,2888,2888,0,0.9875930547714233,0,0,True
resnet50,resnet50_linear_head,d8_down,2898,2898,4,0.9696282744407654,4,4,True
resnet50,resnet50_linear_head,d8_down,2950,2950,5,0.9533747434616089,5,5,True
resnet50,resnet50_linear_head,d8_down,2958,2958,6,0.9656398296356201,6,6,True
resnet50,resnet50_linear_head,d8_down,3015,3015,8,0.9736853241920471,8,8,True
resnet50,resnet50_linear_head,d8_down,3024,3024,2,0.978807806968689,2,2,True
resnet50,resnet50_linear_head,d8_down,3025,3025,0,0.9501015543937683,0,0,True
resnet50,resnet50_linear_head,d8_down,3034,3034,4,0.9688565135002136,4,4,True
resnet50,resnet50_linear_head,d8_down,3067,3067,2,0.9749504923820496,2,2,True
resnet50,resnet50_linear_head,d8_down,3078,3078,4,0.9699462652206421,4,4,True
resnet50,resnet50_linear_head,d8_down,3079,3079,1,0.9789584279060364,1,1,True
resnet50,resnet50_linear_head,d8_down,3083,3083,0,0.9740068316459656,0,0,True
resnet50,resnet50_linear_head,d8_down,3122,3122,4,0.9714245796203613,4,4,True
resnet50,resnet50_linear_head,d8_down,3153,3153,7,0.9594835042953491,7,7,True
resnet50,resnet50_linear_head,d8_down,3157,3157,8,0.9753006100654602,8,8,True
resnet50,resnet50_linear_head,d8_down,3163,3163,2,0.9611178040504456,2,2,True
resnet50,resnet50_linear_head,d8_down,3179,3179,4,0.948090672492981,4,4,True
resnet50,resnet50_linear_head,d8_down,3191,3191,6,0.9459649324417114,6,6,True
resnet50,resnet50_linear_head,d8_down,3276,3276,3,0.9641567468643188,3,3,True
resnet50,resnet50_linear_head,d8_down,3287,3287,4,0.9790732264518738,4,4,True
resnet50,resnet50_linear_head,d8_down,3288,3288,7,0.9830325841903687,7,7,True
resnet50,resnet50_linear_head,d8_down,3292,3292,6,0.9620851874351501,6,6,True
resnet50,resnet50_linear_head,d8_down,3318,3318,9,0.9655452966690063,9,9,True
resnet50,resnet50_linear_head,d8_down,3347,3347,0,0.9824411869049072,0,0,True
resnet50,resnet50_linear_head,d8_down,3353,3353,5,0.9701793193817139,3,3,True
resnet50,resnet50_linear_head,d8_down,3362,3362,2,0.972369909286499,2,2,True
resnet50,resnet50_linear_head,d8_down,3365,3365,4,0.9731218814849854,4,4,True
resnet50,resnet50_linear_head,d8_down,3375,3375,3,0.9738656282424927,3,3,True
resnet50,resnet50_linear_head,d8_down,3383,3383,3,0.9325954914093018,3,3,True
resnet50,resnet50_linear_head,d8_down,3404,3404,7,0.9785969853401184,7,7,True
resnet50,resnet50_linear_head,d8_down,3412,3412,8,0.9489247798919678,8,8,True
resnet50,resnet50_linear_head,d8_down,3413,3413,1,0.9721312522888184,1,1,True
resnet50,resnet50_linear_head,d8_down,3418,3418,6,0.9793809652328491,6,6,True
resnet50,resnet50_linear_head,d8_down,3437,3437,0,0.9726370573043823,0,0,True
resnet50,resnet50_linear_head,d8_down,3446,3446,7,0.9486868381500244,7,7,True
resnet50,resnet50_linear_head,d8_down,3454,3454,2,0.9771228432655334,2,2,True
resnet50,resnet50_linear_head,d8_down,3455,3455,0,0.9655757546424866,0,0,True
resnet50,resnet50_linear_head,d8_down,3458,3458,4,0.940506637096405,4,4,True
resnet50,resnet50_linear_head,d8_down,3467,3467,7,0.9540764093399048,7,7,True
resnet50,resnet50_linear_head,d8_down,3491,3491,1,0.9684895873069763,1,1,True
resnet50,resnet50_linear_head,d8_down,3494,3494,6,0.9730465412139893,6,6,True
resnet50,resnet50_linear_head,d8_down,3512,3512,4,0.9870907068252563,4,4,True
resnet50,resnet50_linear_head,d8_down,3515,3515,6,0.9743125438690186,6,6,True
resnet50,resnet50_linear_head,d8_down,3542,3542,7,0.9879493117332458,7,7,True
resnet50,resnet50_linear_head,d8_down,3550,3550,1,0.9634696245193481,1,1,True
resnet50,resnet50_linear_head,d8_down,3562,3562,3,0.927446186542511,3,3,True
resnet50,resnet50_linear_head,d8_down,3755,3755,2,0.9801345467567444,2,2,True
resnet50,resnet50_linear_head,d8_down,3763,3763,4,0.9670954942703247,4,4,True
resnet50,resnet50_linear_head,d8_down,3777,3777,6,0.9539478421211243,6,6,True
resnet50,resnet50_linear_head,d8_down,3778,3778,3,0.9555364847183228,3,3,True
resnet50,resnet50_linear_head,d8_down,3779,3779,6,0.961588978767395,6,6,True
resnet50,resnet50_linear_head,d8_down,3844,3844,6,0.981631875038147,6,6,True
resnet50,resnet50_linear_head,d8_down,3851,3851,3,0.9708551168441772,3,3,True
resnet50,resnet50_linear_head,d8_down,3852,3852,5,0.9578806161880493,5,5,True
resnet50,resnet50_linear_head,d8_down,3863,3863,5,0.9795076847076416,5,5,True
resnet50,resnet50_linear_head,d8_down,3867,3867,7,0.9642020463943481,7,7,True
resnet50,resnet50_linear_head,d8_down,3876,3876,0,0.9412955641746521,0,0,True
resnet50,resnet50_linear_head,d8_down,3889,3889,5,0.958703875541687,5,5,True
resnet50,resnet50_linear_head,d8_down,3891,3891,4,0.9729393124580383,4,4,True
resnet50,resnet50_linear_head,d8_down,3893,3893,9,0.9769226908683777,9,9,True
resnet50,resnet50_linear_head,d8_down,3905,3905,8,0.9695258140563965,8,8,True
resnet50,resnet50_linear_head,d8_down,3914,3914,3,0.9788585901260376,3,3,True
resnet50,resnet50_linear_head,d8_down,3937,3937,1,0.9693743586540222,1,1,True
resnet50,resnet50_linear_head,d8_down,3942,3942,9,0.9635029435157776,9,9,True
resnet50,resnet50_linear_head,d8_down,3948,3948,8,0.9748303890228271,8,8,True
resnet50,resnet50_linear_head,d8_down,3962,3962,6,0.9408217668533325,6,6,True
resnet50,resnet50_linear_head,d8_down,3965,3965,0,0.9887377023696899,0,0,True
resnet50,resnet50_linear_head,d8_down,3994,3994,4,0.9643339514732361,4,4,True
resnet50,resnet50_linear_head,d8_down,3996,3996,9,0.9594486355781555,9,9,True
resnet50,resnet50_linear_head,d8_down,4011,4011,6,0.9848705530166626,6,6,True
resnet50,resnet50_linear_head,d8_down,4023,4023,3,0.9754928350448608,3,3,True
resnet50,resnet50_linear_head,d8_down,4054,4054,4,0.97016841173172,4,4,True
resnet50,resnet50_linear_head,d8_down,4065,4065,2,0.907394528388977,2,2,True
resnet50,resnet50_linear_head,d8_down,4069,4069,8,0.9737991690635681,8,8,True
resnet50,resnet50_linear_head,d8_down,4093,4093,6,0.9643315076828003,6,6,True
resnet50,resnet50_linear_head,d8_down,4094,4094,9,0.939980685710907,9,9,True
resnet50,resnet50_linear_head,d8_down,4106,4106,5,0.974342942237854,5,5,True
resnet50,resnet50_linear_head,d8_down,4130,4130,0,0.9712897539138794,0,0,True
resnet50,resnet50_linear_head,d8_down,4168,4168,3,0.9733397364616394,3,3,True
resnet50,resnet50_linear_head,d8_down,4170,4170,8,0.9571407437324524,8,8,True
resnet50,resnet50_linear_head,d8_down,4172,4172,7,0.9790575504302979,7,7,True
resnet50,resnet50_linear_head,d8_down,4177,4177,8,0.9212233424186707,8,8,True
resnet50,resnet50_linear_head,d8_down,4215,4215,3,0.9617569446563721,3,3,True
resnet50,resnet50_linear_head,d8_down,4229,4229,3,0.9711561799049377,3,3,True
resnet50,resnet50_linear_head,d8_down,4236,4236,7,0.9791466593742371,7,7,True
resnet50,resnet50_linear_head,d8_down,4242,4242,8,0.9795051217079163,8,8,True
resnet50,resnet50_linear_head,d8_down,4254,4254,6,0.9825666546821594,6,6,True
resnet50,resnet50_linear_head,d8_down,4290,4290,5,0.9752719402313232,5,5,True
resnet50,resnet50_linear_head,d8_down,4298,4298,1,0.9838705062866211,1,1,True
resnet50,resnet50_linear_head,d8_down,4308,4308,7,0.9453749656677246,7,7,True
resnet50,resnet50_linear_head,d8_down,4311,4311,8,0.9796265959739685,8,8,True
resnet50,resnet50_linear_head,d8_down,4323,4323,3,0.9703506231307983,3,3,True
resnet50,resnet50_linear_head,d8_down,4330,4330,3,0.9534318447113037,3,3,True
resnet50,resnet50_linear_head,d8_down,4341,4341,6,0.9691318869590759,6,6,True
resnet50,resnet50_linear_head,d8_down,4355,4355,8,0.9601039290428162,8,8,True
resnet50,resnet50_linear_head,d8_down,4399,4399,0,0.9615299105644226,0,0,True
resnet50,resnet50_linear_head,d8_down,4403,4403,7,0.9851809740066528,7,7,True
resnet50,resnet50_linear_head,d8_down,4411,4411,6,0.9528422355651855,6,6,True
resnet50,resnet50_linear_head,d8_down,4449,4449,9,0.9634354114532471,9,9,True
resnet50,resnet50_linear_head,d8_down,4463,4463,3,0.8351695537567139,3,3,True
resnet50,resnet50_linear_head,d8_down,4531,4531,3,0.9425132870674133,3,3,True
resnet50,resnet50_linear_head,d8_down,4539,4539,0,0.9697944521903992,0,0,True
resnet50,resnet50_linear_head,d8_down,4547,4547,5,0.9730684161186218,5,5,True
resnet50,resnet50_linear_head,d8_down,4552,4552,8,0.9667903780937195,8,8,True
resnet50,resnet50_linear_head,d8_down,4570,4570,5,0.9841741919517517,5,5,True
resnet50,resnet50_linear_head,d8_down,4590,4590,3,0.9796923398971558,3,3,True
resnet50,resnet50_linear_head,d8_down,4609,4609,3,0.9776303768157959,3,3,True
resnet50,resnet50_linear_head,d8_down,4615,4615,0,0.9766470193862915,0,0,True
resnet50,resnet50_linear_head,d8_down,4617,4617,0,0.9718105792999268,0,0,True
resnet50,resnet50_linear_head,d8_down,4620,4620,6,0.9529517292976379,6,6,True
resnet50,resnet50_linear_head,d8_down,4629,4629,4,0.961503803730011,4,4,True
resnet50,resnet50_linear_head,d8_down,4640,4640,1,0.9565601944923401,1,7,False
resnet50,resnet50_linear_head,d8_down,4642,4642,4,0.9759581685066223,4,4,True
resnet50,resnet50_linear_head,d8_down,4661,4661,7,0.9687104821205139,7,7,True
resnet50,resnet50_linear_head,d8_down,4662,4662,8,0.9879635572433472,8,8,True
resnet50,resnet50_linear_head,d8_down,4675,4675,0,0.9834696054458618,0,0,True
resnet50,resnet50_linear_head,d8_down,4676,4676,8,0.9799453020095825,8,8,True
resnet50,resnet50_linear_head,d8_down,4704,4704,7,0.9707759022712708,7,7,True
resnet50,resnet50_linear_head,d8_down,4723,4723,9,0.9698323607444763,9,9,True
resnet50,resnet50_linear_head,d8_down,4731,4731,6,0.9501951932907104,6,6,True
resnet50,resnet50_linear_head,d8_down,4735,4735,2,0.9688281416893005,2,2,True
resnet50,resnet50_linear_head,d8_down,4740,4740,4,0.9761499166488647,4,4,True
resnet50,resnet50_linear_head,d8_down,4746,4746,6,0.9633542895317078,6,6,True
resnet50,resnet50_linear_head,d8_down,4748,4748,7,0.9841850399971008,7,7,True
resnet50,resnet50_linear_head,d8_down,4754,4754,6,0.9582948088645935,6,6,True
resnet50,resnet50_linear_head,d8_down,4785,4785,0,0.9768619537353516,0,0,True
resnet50,resnet50_linear_head,d8_down,4791,4791,7,0.9836035370826721,7,7,True
resnet50,resnet50_linear_head,d8_down,4819,4819,0,0.967471718788147,0,0,True
resnet50,resnet50_linear_head,d8_down,4821,4821,3,0.9804439544677734,3,3,True
resnet50,resnet50_linear_head,d8_down,4827,4827,6,0.9753698706626892,6,6,True
resnet50,resnet50_linear_head,d8_down,4850,4850,5,0.9575150012969971,5,5,True
resnet50,resnet50_linear_head,d8_down,4881,4881,3,0.9429813623428345,3,3,True
resnet50,resnet50_linear_head,d8_down,4893,4893,0,0.9822564721107483,0,0,True
resnet50,resnet50_linear_head,d8_down,4908,4908,3,0.9817471504211426,3,3,True
resnet50,resnet50_linear_head,d8_down,4913,4913,2,0.9791643619537354,2,2,True
resnet50,resnet50_linear_head,d8_down,4921,4921,2,0.9723725914955139,2,2,True
resnet50,resnet50_linear_head,d8_down,4953,4953,5,0.9662186503410339,5,5,True
resnet50,resnet50_linear_head,d8_down,4966,4966,5,0.9535917043685913,5,5,True
resnet50,resnet50_linear_head,d8_down,4990,4990,8,0.955829381942749,8,8,True
resnet50,resnet50_linear_head,d8_down,5000,5000,8,0.9581793546676636,8,8,True
resnet50,resnet50_linear_head,d8_down,5030,5030,2,0.9845693707466125,2,2,True
resnet50,resnet50_linear_head,d8_down,5062,5062,4,0.9709951877593994,4,4,True
resnet50,resnet50_linear_head,d8_down,5077,5077,4,0.97403484582901,4,4,True
resnet50,resnet50_linear_head,d8_down,5082,5082,6,0.9769693613052368,6,6,True
resnet50,resnet50_linear_head,d8_down,5092,5092,1,0.9798358082771301,1,1,True
resnet50,resnet50_linear_head,d8_down,5101,5101,5,0.9558016657829285,5,5,True
resnet50,resnet50_linear_head,d8_down,5117,5117,0,0.9853377938270569,0,0,True
resnet50,resnet50_linear_head,d8_down,5123,5123,1,0.9348241686820984,1,1,True
resnet50,resnet50_linear_head,d8_down,5135,5135,4,0.9746229648590088,4,4,True
resnet50,resnet50_linear_head,d8_down,5183,5183,2,0.9848631024360657,2,2,True
resnet50,resnet50_linear_head,d8_down,5213,5213,4,0.9641680717468262,4,4,True
resnet50,resnet50_linear_head,d8_down,5218,5218,2,0.9880084991455078,2,2,True
resnet50,resnet50_linear_head,d8_down,5220,5220,1,0.9418094754219055,3,3,True
resnet50,resnet50_linear_head,d8_down,5237,5237,2,0.9861831665039062,2,2,True
resnet50,resnet50_linear_head,d8_down,5256,5256,1,0.9716638326644897,1,1,True
resnet50,resnet50_linear_head,d8_down,5284,5284,9,0.9648104310035706,9,9,True
resnet50,resnet50_linear_head,d8_down,5301,5301,9,0.9725921154022217,9,9,True
resnet50,resnet50_linear_head,d8_down,5318,5318,2,0.9720746278762817,2,2,True
resnet50,resnet50_linear_head,d8_down,5332,5332,5,0.9501569271087646,5,5,True
resnet50,resnet50_linear_head,d8_down,5333,5333,2,0.9458571076393127,2,2,True
resnet50,resnet50_linear_head,d8_down,5360,5360,9,0.9565420150756836,9,9,True
resnet50,resnet50_linear_head,d8_down,5381,5381,5,0.9663373827934265,5,5,True
resnet50,resnet50_linear_head,d8_down,5382,5382,6,0.9563338756561279,6,6,True
resnet50,resnet50_linear_head,d8_down,5395,5395,2,0.9674206972122192,2,2,True
resnet50,resnet50_linear_head,d8_down,5402,5402,4,0.9801082611083984,4,4,True
resnet50,resnet50_linear_head,d8_down,5408,5408,6,0.986015796661377,6,6,True
resnet50,resnet50_linear_head,d8_down,5436,5436,7,0.9798954725265503,7,7,True
resnet50,resnet50_linear_head,d8_down,5447,5447,9,0.9608761072158813,9,9,True
resnet50,resnet50_linear_head,d8_down,5450,5450,7,0.9758491516113281,7,7,True
resnet50,resnet50_linear_head,d8_down,5451,5451,8,0.9295397996902466,8,8,True
resnet50,resnet50_linear_head,d8_down,5452,5452,9,0.9701718688011169,9,9,True
resnet50,resnet50_linear_head,d8_down,5467,5467,4,0.9774407148361206,4,4,True
resnet50,resnet50_linear_head,d8_down,5478,5478,0,0.9804909825325012,0,0,True
resnet50,resnet50_linear_head,d8_down,5488,5488,1,0.9808397889137268,7,7,True
resnet50,resnet50_linear_head,d8_down,5496,5496,5,0.9746739864349365,5,5,True
resnet50,resnet50_linear_head,d8_down,5508,5508,9,0.9753281474113464,9,9,True
resnet50,resnet50_linear_head,d8_down,5512,5512,2,0.9660864472389221,9,9,True
resnet50,resnet50_linear_head,d8_down,5525,5525,8,0.9711910486221313,8,8,True
resnet50,resnet50_linear_head,d8_down,5528,5528,3,0.9659254550933838,5,5,True
resnet50,resnet50_linear_head,d8_down,5556,5556,4,0.9757782220840454,4,4,True
resnet50,resnet50_linear_head,d8_down,5560,5560,1,0.9892114996910095,1,1,True
resnet50,resnet50_linear_head,d8_down,5572,5572,9,0.963058590888977,9,9,True
resnet50,resnet50_linear_head,d8_down,5580,5580,6,0.9768460988998413,6,6,True
resnet50,resnet50_linear_head,d8_down,5590,5590,9,0.9527298808097839,9,9,True
resnet50,resnet50_linear_head,d8_down,5623,5623,4,0.9714396595954895,4,4,True
resnet50,resnet50_linear_head,d8_down,5677,5677,2,0.9794304966926575,2,2,True
resnet50,resnet50_linear_head,d8_down,5694,5694,8,0.9535252451896667,8,8,True
resnet50,resnet50_linear_head,d8_down,5701,5701,5,0.9766372442245483,5,5,True
resnet50,resnet50_linear_head,d8_down,5705,5705,8,0.9577021598815918,8,8,True
resnet50,resnet50_linear_head,d8_down,5719,5719,7,0.9900686740875244,7,7,True
resnet50,resnet50_linear_head,d8_down,5729,5729,6,0.9652298092842102,6,6,True
resnet50,resnet50_linear_head,d8_down,5756,5756,2,0.9594971537590027,2,2,True
resnet50,resnet50_linear_head,d8_down,5788,5788,9,0.9462032914161682,9,9,True
resnet50,resnet50_linear_head,d8_down,5789,5789,4,0.9760445356369019,4,4,True
resnet50,resnet50_linear_head,d8_down,5824,5824,2,0.9778887629508972,2,2,True
resnet50,resnet50_linear_head,d8_down,5848,5848,7,0.9599464535713196,7,7,True
resnet50,resnet50_linear_head,d8_down,5851,5851,9,0.9862238168716431,9,9,True
resnet50,resnet50_linear_head,d8_down,5857,5857,6,0.9706058502197266,4,4,True
resnet50,resnet50_linear_head,d8_down,5858,5858,6,0.9581913948059082,6,6,True
resnet50,resnet50_linear_head,d8_down,5912,5912,0,0.9642110466957092,0,0,True
resnet50,resnet50_linear_head,d8_down,5915,5915,9,0.9159932136535645,9,9,True
resnet50,resnet50_linear_head,d8_down,5918,5918,0,0.9598426818847656,0,0,True
resnet50,resnet50_linear_head,d8_down,5924,5924,5,0.9781450033187866,5,5,True
resnet50,resnet50_linear_head,d8_down,5977,5977,7,0.9868454933166504,7,7,True
resnet50,resnet50_linear_head,d8_down,5981,5981,9,0.9823786616325378,9,9,True
resnet50,resnet50_linear_head,d8_down,5999,5999,0,0.9674100875854492,0,0,True
resnet50,resnet50_linear_head,d8_down,6028,6028,2,0.9705229997634888,2,2,True
resnet50,resnet50_linear_head,d8_down,6033,6033,4,0.8407554626464844,4,4,True
resnet50,resnet50_linear_head,d8_down,6076,6076,1,0.9794201850891113,1,1,True
resnet50,resnet50_linear_head,d8_down,6084,6084,7,0.973566472530365,7,7,True
resnet50,resnet50_linear_head,d8_down,6097,6097,4,0.9836306571960449,4,4,True
resnet50,resnet50_linear_head,d8_down,6169,6169,1,0.9569888114929199,1,1,True
resnet50,resnet50_linear_head,d8_down,6190,6190,7,0.9722934365272522,7,7,True
resnet50,resnet50_linear_head,d8_down,6224,6224,5,0.9786299467086792,5,5,True
resnet50,resnet50_linear_head,d8_down,6244,6244,2,0.9633767604827881,2,2,True
resnet50,resnet50_linear_head,d8_down,6264,6264,2,0.9709130525588989,2,2,True
resnet50,resnet50_linear_head,d8_down,6271,6271,2,0.9870182871818542,2,2,True
resnet50,resnet50_linear_head,d8_down,6288,6288,4,0.9779456853866577,4,4,True
resnet50,resnet50_linear_head,d8_down,6332,6332,2,0.9758126735687256,2,2,True
resnet50,resnet50_linear_head,d8_down,6349,6349,1,0.9802649021148682,1,1,True
resnet50,resnet50_linear_head,d8_down,6354,6354,2,0.9640818238258362,2,2,True
resnet50,resnet50_linear_head,d8_down,6358,6358,5,0.959232747554779,5,5,True
resnet50,resnet50_linear_head,d8_down,6381,6381,6,0.9755213260650635,6,6,True
resnet50,resnet50_linear_head,d8_down,6414,6414,5,0.9302348494529724,5,5,True
resnet50,resnet50_linear_head,d8_down,6426,6426,2,0.974885880947113,2,2,True
resnet50,resnet50_linear_head,d8_down,6434,6434,8,0.9703640937805176,8,8,True
resnet50,resnet50_linear_head,d8_down,6437,6437,0,0.9654029011726379,0,0,True
resnet50,resnet50_linear_head,d8_down,6455,6455,0,0.9510989189147949,0,0,True
resnet50,resnet50_linear_head,d8_down,6490,6490,3,0.9727432131767273,3,3,True
resnet50,resnet50_linear_head,d8_down,6503,6503,2,0.9621713161468506,2,2,True
resnet50,resnet50_linear_head,d8_down,6508,6508,4,0.9834070205688477,4,4,True
resnet50,resnet50_linear_head,d8_down,6528,6528,4,0.9565060138702393,4,4,True
resnet50,resnet50_linear_head,d8_down,6594,6594,1,0.9657375812530518,1,1,True
resnet50,resnet50_linear_head,d8_down,6609,6609,0,0.9766347408294678,0,0,True
resnet50,resnet50_linear_head,d8_down,6616,6616,2,0.9640722274780273,2,2,True
resnet50,resnet50_linear_head,d8_down,6650,6650,7,0.9674055576324463,7,7,True
resnet50,resnet50_linear_head,d8_down,6689,6689,8,0.9189513921737671,8,8,True
resnet50,resnet50_linear_head,d8_down,6692,6692,2,0.9851807951927185,2,2,True
resnet50,resnet50_linear_head,d8_down,6713,6713,6,0.9739927649497986,6,6,True
resnet50,resnet50_linear_head,d8_down,6716,6716,5,0.9540383815765381,5,5,True
resnet50,resnet50_linear_head,d8_down,6726,6726,7,0.9690234661102295,7,7,True
resnet50,resnet50_linear_head,d8_down,6733,6733,1,0.9879461526870728,1,1,True
resnet50,resnet50_linear_head,d8_down,6772,6772,7,0.9231163859367371,7,7,True
resnet50,resnet50_linear_head,d8_down,6805,6805,1,0.9716473817825317,1,1,True
resnet50,resnet50_linear_head,d8_down,6836,6836,1,0.9750677943229675,1,1,True
resnet50,resnet50_linear_head,d8_down,6844,6844,0,0.9799514412879944,0,0,True
resnet50,resnet50_linear_head,d8_down,6922,6922,5,0.9575644135475159,5,5,True
resnet50,resnet50_linear_head,d8_down,6931,6931,9,0.959788978099823,9,9,True
resnet50,resnet50_linear_head,d8_down,6938,6938,1,0.9684284925460815,1,1,True
resnet50,resnet50_linear_head,d8_down,6952,6952,3,0.9651314616203308,3,3,True
resnet50,resnet50_linear_head,d8_down,6954,6954,1,0.9310529232025146,1,1,True
resnet50,resnet50_linear_head,d8_down,6986,6986,0,0.966462254524231,0,0,True
resnet50,resnet50_linear_head,d8_down,6989,6989,5,0.9907301664352417,5,5,True
resnet50,resnet50_linear_head,d8_down,7009,7009,0,0.9680505394935608,0,0,True
resnet50,resnet50_linear_head,d8_down,7029,7029,1,0.9777557849884033,1,1,True
resnet50,resnet50_linear_head,d8_down,7033,7033,1,0.9615601301193237,1,1,True
resnet50,resnet50_linear_head,d8_down,7041,7041,5,0.9623781442642212,5,5,True
resnet50,resnet50_linear_head,d8_down,7047,7047,9,0.9546489715576172,9,9,True
resnet50,resnet50_linear_head,d8_down,7081,7081,7,0.9721529483795166,7,7,True
resnet50,resnet50_linear_head,d8_down,7084,7084,2,0.949173092842102,2,2,True
resnet50,resnet50_linear_head,d8_down,7108,7108,6,0.9777905344963074,6,6,True
resnet50,resnet50_linear_head,d8_down,7130,7130,5,0.9751365184783936,5,5,True
resnet50,resnet50_linear_head,d8_down,7138,7138,8,0.9653293490409851,8,8,True
resnet50,resnet50_linear_head,d8_down,7150,7150,0,0.9737568497657776,0,0,True
resnet50,resnet50_linear_head,d8_down,7202,7202,1,0.931634783744812,1,1,True
resnet50,resnet50_linear_head,d8_down,7262,7262,0,0.9778494834899902,0,0,True
resnet50,resnet50_linear_head,d8_down,7266,7266,9,0.9608551859855652,9,9,True
resnet50,resnet50_linear_head,d8_down,7270,7270,7,0.9657543301582336,7,7,True
resnet50,resnet50_linear_head,d8_down,7309,7309,0,0.9641968607902527,0,0,True
resnet50,resnet50_linear_head,d8_down,7320,7320,0,0.9023797512054443,0,0,True
resnet50,resnet50_linear_head,d8_down,7338,7338,6,0.9616513848304749,6,6,True
resnet50,resnet50_linear_head,d8_down,7372,7372,0,0.9762251377105713,0,0,True
resnet50,resnet50_linear_head,d8_down,7373,7373,0,0.9666368961334229,0,0,True
resnet50,resnet50_linear_head,d8_down,7380,7380,9,0.9846104383468628,9,9,True
resnet50,resnet50_linear_head,d8_down,7390,7390,1,0.9765211343765259,1,1,True
resnet50,resnet50_linear_head,d8_down,7413,7413,5,0.9778792858123779,5,5,True
resnet50,resnet50_linear_head,d8_down,7416,7416,3,0.9628466963768005,5,5,True
resnet50,resnet50_linear_head,d8_down,7425,7425,2,0.9762341976165771,2,2,True
resnet50,resnet50_linear_head,d8_down,7446,7446,8,0.977011501789093,8,8,True
resnet50,resnet50_linear_head,d8_down,7460,7460,8,0.9627556800842285,8,8,True
resnet50,resnet50_linear_head,d8_down,7465,7465,0,0.9845823645591736,0,0,True
resnet50,resnet50_linear_head,d8_down,7474,7474,5,0.9847607016563416,5,5,True
resnet50,resnet50_linear_head,d8_down,7475,7475,4,0.9657375812530518,4,4,True
resnet50,resnet50_linear_head,d8_down,7476,7476,8,0.960514485836029,8,8,True
resnet50,resnet50_linear_head,d8_down,7544,7544,9,0.9589129686355591,9,9,True
resnet50,resnet50_linear_head,d8_down,7555,7555,6,0.973501980304718,6,6,True
resnet50,resnet50_linear_head,d8_down,7600,7600,6,0.9638585448265076,6,6,True
resnet50,resnet50_linear_head,d8_down,7610,7610,4,0.9699247479438782,4,4,True
resnet50,resnet50_linear_head,d8_down,7634,7634,0,0.977454662322998,0,0,True
resnet50,resnet50_linear_head,d8_down,7692,7692,4,0.9511897563934326,4,4,True
resnet50,resnet50_linear_head,d8_down,7706,7706,5,0.9796069264411926,5,5,True
resnet50,resnet50_linear_head,d8_down,7726,7726,6,0.9696326851844788,6,6,True
resnet50,resnet50_linear_head,d8_down,7744,7744,3,0.9501342177391052,3,3,True
resnet50,resnet50_linear_head,d8_down,7752,7752,9,0.9677324295043945,9,9,True
resnet50,resnet50_linear_head,d8_down,7776,7776,5,0.9632719159126282,5,5,True
resnet50,resnet50_linear_head,d8_down,7779,7779,6,0.9748879075050354,6,6,True
resnet50,resnet50_linear_head,d8_down,7781,7781,6,0.9694148302078247,6,6,True
resnet50,resnet50_linear_head,d8_down,7793,7793,3,0.9450260996818542,5,5,True
resnet50,resnet50_linear_head,d8_down,7797,7797,3,0.9684741497039795,3,3,True
resnet50,resnet50_linear_head,d8_down,7810,7810,8,0.9812062382698059,8,8,True
resnet50,resnet50_linear_head,d8_down,7818,7818,8,0.9356554746627808,8,8,True
resnet50,resnet50_linear_head,d8_down,7835,7835,7,0.979569673538208,7,7,True
resnet50,resnet50_linear_head,d8_down,7864,7864,4,0.9769017696380615,4,4,True
resnet50,resnet50_linear_head,d8_down,7875,7875,8,0.9670469760894775,8,8,True
resnet50,resnet50_linear_head,d8_down,7938,7938,9,0.9726269841194153,9,9,True
resnet50,resnet50_linear_head,d8_down,7940,7940,4,0.9810328483581543,4,4,True
resnet50,resnet50_linear_head,d8_down,7944,7944,4,0.9712747931480408,4,4,True
resnet50,resnet50_linear_head,d8_down,7955,7955,1,0.9625117182731628,1,1,True
resnet50,resnet50_linear_head,d8_down,7995,7995,9,0.9751527905464172,9,9,True
resnet50,resnet50_linear_head,d8_down,7996,7996,6,0.9679884910583496,6,6,True
resnet50,resnet50_linear_head,d8_down,7999,7999,8,0.8528538942337036,8,8,True
resnet50,resnet50_linear_head,d8_left,3,3,0,0.9847113490104675,0,0,True
resnet50,resnet50_linear_head,d8_left,29,29,7,0.9657606482505798,7,7,True
resnet50,resnet50_linear_head,d8_left,35,35,2,0.9849199056625366,2,2,True
resnet50,resnet50_linear_head,d8_left,42,42,0,0.9265430569648743,0,1,False
resnet50,resnet50_linear_head,d8_left,49,49,2,0.9862315058708191,2,2,True
resnet50,resnet50_linear_head,d8_left,81,81,0,0.9389945864677429,0,0,True
resnet50,resnet50_linear_head,d8_left,95,95,1,0.9800657033920288,1,1,True
resnet50,resnet50_linear_head,d8_left,97,97,5,0.9769656658172607,5,5,True
resnet50,resnet50_linear_head,d8_left,116,116,1,0.9418501257896423,1,1,True
resnet50,resnet50_linear_head,d8_left,131,131,9,0.9789092540740967,9,9,True
resnet50,resnet50_linear_head,d8_left,151,151,8,0.9855847358703613,8,8,True
resnet50,resnet50_linear_head,d8_left,171,171,4,0.9825586676597595,4,4,True
resnet50,resnet50_linear_head,d8_left,176,176,3,0.9694215059280396,3,3,True
resnet50,resnet50_linear_head,d8_left,191,191,9,0.9533602595329285,9,9,True
resnet50,resnet50_linear_head,d8_left,194,194,8,0.982254683971405,8,8,True
resnet50,resnet50_linear_head,d8_left,198,198,1,0.9724494218826294,1,1,True
resnet50,resnet50_linear_head,d8_left,239,239,9,0.9804909229278564,9,9,True
resnet50,resnet50_linear_head,d8_left,261,261,1,0.9922870397567749,1,1,True
resnet50,resnet50_linear_head,d8_left,269,269,7,0.9635340571403503,7,7,True
resnet50,resnet50_linear_head,d8_left,276,276,9,0.9588149785995483,9,9,True
resnet50,resnet50_linear_head,d8_left,303,303,9,0.975642204284668,9,9,True
resnet50,resnet50_linear_head,d8_left,304,304,1,0.9109408855438232,1,1,True
resnet50,resnet50_linear_head,d8_left,317,317,2,0.9840583205223083,2,2,True
resnet50,resnet50_linear_head,d8_left,319,319,5,0.9797348976135254,5,5,True
resnet50,resnet50_linear_head,d8_left,323,323,7,0.979637861251831,7,7,True
resnet50,resnet50_linear_head,d8_left,365,365,3,0.9489704966545105,3,3,True
resnet50,resnet50_linear_head,d8_left,370,370,7,0.9800974130630493,7,7,True
resnet50,resnet50_linear_head,d8_left,372,372,3,0.9440007209777832,3,3,True
resnet50,resnet50_linear_head,d8_left,378,378,5,0.9661234617233276,5,5,True
resnet50,resnet50_linear_head,d8_left,391,391,3,0.9820363521575928,3,3,True
resnet50,resnet50_linear_head,d8_left,409,409,2,0.9862141609191895,2,2,True
resnet50,resnet50_linear_head,d8_left,419,419,9,0.9915232062339783,9,9,True
resnet50,resnet50_linear_head,d8_left,449,449,6,0.9822748303413391,6,6,True
resnet50,resnet50_linear_head,d8_left,470,470,2,0.9890242218971252,2,2,True
resnet50,resnet50_linear_head,d8_left,483,483,2,0.9758057594299316,2,2,True
resnet50,resnet50_linear_head,d8_left,484,484,0,0.9874656796455383,0,0,True
resnet50,resnet50_linear_head,d8_left,506,506,4,0.9704964756965637,4,4,True
resnet50,resnet50_linear_head,d8_left,545,545,6,0.9801869988441467,6,2,False
resnet50,resnet50_linear_head,d8_left,562,562,0,0.9672590494155884,0,0,True
resnet50,resnet50_linear_head,d8_left,568,568,5,0.9807514548301697,5,5,True
resnet50,resnet50_linear_head,d8_left,603,603,9,0.9748373627662659,9,9,True
resnet50,resnet50_linear_head,d8_left,632,632,3,0.9796431064605713,3,3,True
resnet50,resnet50_linear_head,d8_left,645,645,5,0.959087073802948,5,5,True
resnet50,resnet50_linear_head,d8_left,667,667,8,0.9881272912025452,8,8,True
resnet50,resnet50_linear_head,d8_left,672,672,3,0.9686806797981262,3,3,True
resnet50,resnet50_linear_head,d8_left,677,677,3,0.9565732479095459,3,3,True
resnet50,resnet50_linear_head,d8_left,685,685,5,0.984574556350708,5,5,True
resnet50,resnet50_linear_head,d8_left,691,691,4,0.9726701974868774,4,4,True
resnet50,resnet50_linear_head,d8_left,706,706,8,0.9774153232574463,8,8,True
resnet50,resnet50_linear_head,d8_left,714,714,2,0.9631819128990173,2,2,True
resnet50,resnet50_linear_head,d8_left,716,716,8,0.9645036458969116,8,8,True
resnet50,resnet50_linear_head,d8_left,738,738,3,0.9613615274429321,3,3,True
resnet50,resnet50_linear_head,d8_left,739,739,8,0.9764103293418884,8,8,True
resnet50,resnet50_linear_head,d8_left,766,766,4,0.9541099071502686,6,6,True
resnet50,resnet50_linear_head,d8_left,791,791,3,0.9808487296104431,3,3,True
resnet50,resnet50_linear_head,d8_left,805,805,9,0.9666517376899719,9,9,True
resnet50,resnet50_linear_head,d8_left,825,825,1,0.9787953495979309,1,1,True
resnet50,resnet50_linear_head,d8_left,852,852,9,0.9693813323974609,9,9,True
resnet50,resnet50_linear_head,d8_left,855,855,4,0.9478276968002319,4,4,True
resnet50,resnet50_linear_head,d8_left,873,873,6,0.9829820990562439,6,6,True
resnet50,resnet50_linear_head,d8_left,890,890,6,0.9747260808944702,6,6,True
resnet50,resnet50_linear_head,d8_left,920,920,6,0.9619378447532654,6,6,True
resnet50,resnet50_linear_head,d8_left,929,929,6,0.9790668487548828,6,6,True
resnet50,resnet50_linear_head,d8_left,962,962,8,0.9871354699134827,8,8,True
resnet50,resnet50_linear_head,d8_left,964,964,6,0.9706969261169434,6,6,True
resnet50,resnet50_linear_head,d8_left,977,977,6,0.9707074165344238,6,6,True
resnet50,resnet50_linear_head,d8_left,979,979,3,0.9877797365188599,3,3,True
resnet50,resnet50_linear_head,d8_left,981,981,2,0.9851874709129333,2,2,True
resnet50,resnet50_linear_head,d8_left,1022,1022,9,0.9640700817108154,9,9,True
resnet50,resnet50_linear_head,d8_left,1032,1032,7,0.9835379123687744,7,7,True
resnet50,resnet50_linear_head,d8_left,1048,1048,7,0.9869951009750366,7,7,True
resnet50,resnet50_linear_head,d8_left,1090,1090,1,0.9803034663200378,1,1,True
resnet50,resnet50_linear_head,d8_left,1095,1095,5,0.9836214184761047,5,5,True
resnet50,resnet50_linear_head,d8_left,1109,1109,1,0.9664689898490906,1,1,True
resnet50,resnet50_linear_head,d8_left,1111,1111,4,0.9844621419906616,4,4,True
resnet50,resnet50_linear_head,d8_left,1115,1115,1,0.9653497934341431,1,1,True
resnet50,resnet50_linear_head,d8_left,1124,1124,4,0.9742663502693176,4,4,True
resnet50,resnet50_linear_head,d8_left,1129,1129,8,0.9802052974700928,8,8,True
resnet50,resnet50_linear_head,d8_left,1175,1175,0,0.9618414640426636,0,0,True
resnet50,resnet50_linear_head,d8_left,1202,1202,2,0.9807323217391968,2,2,True
resnet50,resnet50_linear_head,d8_left,1204,1204,3,0.9556758999824524,3,3,True
resnet50,resnet50_linear_head,d8_left,1211,1211,4,0.9648144245147705,4,4,True
resnet50,resnet50_linear_head,d8_left,1220,1220,7,0.9698142409324646,7,7,True
resnet50,resnet50_linear_head,d8_left,1230,1230,1,0.9518854022026062,1,1,True
resnet50,resnet50_linear_head,d8_left,1247,1247,8,0.9822885990142822,8,8,True
resnet50,resnet50_linear_head,d8_left,1263,1263,3,0.9811644554138184,3,3,True
resnet50,resnet50_linear_head,d8_left,1266,1266,4,0.9765628576278687,4,4,True
resnet50,resnet50_linear_head,d8_left,1287,1287,7,0.9435534477233887,7,7,True
resnet50,resnet50_linear_head,d8_left,1296,1296,7,0.9550344347953796,7,7,True
resnet50,resnet50_linear_head,d8_left,1370,1370,3,0.980629563331604,3,3,True
resnet50,resnet50_linear_head,d8_left,1389,1389,0,0.9821348786354065,0,0,True
resnet50,resnet50_linear_head,d8_left,1401,1401,3,0.961800754070282,3,3,True
resnet50,resnet50_linear_head,d8_left,1403,1403,2,0.9812919497489929,2,2,True
resnet50,resnet50_linear_head,d8_left,1411,1411,9,0.9918128848075867,9,9,True
resnet50,resnet50_linear_head,d8_left,1429,1429,4,0.9258135557174683,4,4,True
resnet50,resnet50_linear_head,d8_left,1430,1430,9,0.9669195413589478,9,9,True
resnet50,resnet50_linear_head,d8_left,1431,1431,3,0.9397549033164978,3,3,True
resnet50,resnet50_linear_head,d8_left,1436,1436,1,0.9813700914382935,1,1,True
resnet50,resnet50_linear_head,d8_left,1440,1440,7,0.9802901148796082,7,7,True
resnet50,resnet50_linear_head,d8_left,1468,1468,9,0.9780648350715637,9,9,True
resnet50,resnet50_linear_head,d8_left,1473,1473,7,0.9831024408340454,7,7,True
resnet50,resnet50_linear_head,d8_left,1515,1515,9,0.9760822653770447,9,9,True
resnet50,resnet50_linear_head,d8_left,1520,1520,2,0.9765112996101379,2,2,True
resnet50,resnet50_linear_head,d8_left,1531,1531,3,0.9814267754554749,3,3,True
resnet50,resnet50_linear_head,d8_left,1534,1534,6,0.9515923857688904,6,6,True
resnet50,resnet50_linear_head,d8_left,1552,1552,5,0.9798014163970947,5,5,True
resnet50,resnet50_linear_head,d8_left,1553,1553,0,0.9857807755470276,0,0,True
resnet50,resnet50_linear_head,d8_left,1563,1563,3,0.9670917987823486,3,7,False
resnet50,resnet50_linear_head,d8_left,1568,1568,1,0.9528340101242065,1,1,True
resnet50,resnet50_linear_head,d8_left,1579,1579,7,0.9697688221931458,7,7,True
resnet50,resnet50_linear_head,d8_left,1586,1586,2,0.9801827669143677,2,2,True
resnet50,resnet50_linear_head,d8_left,1596,1596,0,0.9828884601593018,0,0,True
resnet50,resnet50_linear_head,d8_left,1626,1626,5,0.9772160053253174,5,5,True
resnet50,resnet50_linear_head,d8_left,1640,1640,8,0.9559661149978638,8,8,True
resnet50,resnet50_linear_head,d8_left,1644,1644,5,0.9807409048080444,5,5,True
resnet50,resnet50_linear_head,d8_left,1648,1648,0,0.9656919836997986,0,0,True
resnet50,resnet50_linear_head,d8_left,1654,1654,9,0.984737753868103,9,9,True
resnet50,resnet50_linear_head,d8_left,1667,1667,6,0.9721890091896057,6,6,True
resnet50,resnet50_linear_head,d8_left,1703,1703,7,0.9779815077781677,7,7,True
resnet50,resnet50_linear_head,d8_left,1711,1711,7,0.9627450704574585,7,7,True
resnet50,resnet50_linear_head,d8_left,1771,1771,7,0.9781660437583923,7,7,True
resnet50,resnet50_linear_head,d8_left,1783,1783,8,0.9825075268745422,8,8,True
resnet50,resnet50_linear_head,d8_left,1814,1814,2,0.9899235963821411,2,2,True
resnet50,resnet50_linear_head,d8_left,1833,1833,8,0.9936047196388245,8,8,True
resnet50,resnet50_linear_head,d8_left,1836,1836,9,0.9787670373916626,9,9,True
resnet50,resnet50_linear_head,d8_left,1839,1839,2,0.9831873178482056,2,2,True
resnet50,resnet50_linear_head,d8_left,1852,1852,1,0.980670690536499,1,1,True
resnet50,resnet50_linear_head,d8_left,1871,1871,1,0.9725571274757385,1,1,True
resnet50,resnet50_linear_head,d8_left,1877,1877,5,0.9775326251983643,5,5,True
resnet50,resnet50_linear_head,d8_left,1884,1884,7,0.9506849646568298,7,7,True
resnet50,resnet50_linear_head,d8_left,1927,1927,7,0.9835829734802246,7,7,True
resnet50,resnet50_linear_head,d8_left,1954,1954,8,0.9741241335868835,8,8,True
resnet50,resnet50_linear_head,d8_left,1956,1956,7,0.9763398170471191,3,3,True
resnet50,resnet50_linear_head,d8_left,1960,1960,4,0.974818229675293,4,4,True
resnet50,resnet50_linear_head,d8_left,1977,1977,0,0.9135913252830505,0,0,True
resnet50,resnet50_linear_head,d8_left,1986,1986,1,0.9905052781105042,1,1,True
resnet50,resnet50_linear_head,d8_left,1993,1993,1,0.9814968705177307,1,1,True
resnet50,resnet50_linear_head,d8_left,2003,2003,6,0.9805339574813843,6,6,True
resnet50,resnet50_linear_head,d8_left,2011,2011,9,0.9785727858543396,9,9,True
resnet50,resnet50_linear_head,d8_left,2024,2024,0,0.9679858684539795,0,0,True
resnet50,resnet50_linear_head,d8_left,2028,2028,3,0.9590247869491577,3,3,True
resnet50,resnet50_linear_head,d8_left,2062,2062,9,0.9866082668304443,9,9,True
resnet50,resnet50_linear_head,d8_left,2070,2070,1,0.9456170797348022,1,1,True
resnet50,resnet50_linear_head,d8_left,2082,2082,2,0.9884034991264343,2,2,True
resnet50,resnet50_linear_head,d8_left,2095,2095,1,0.9757816791534424,1,1,True
resnet50,resnet50_linear_head,d8_left,2109,2109,8,0.9836131930351257,8,8,True
resnet50,resnet50_linear_head,d8_left,2114,2114,9,0.9886619448661804,9,9,True
resnet50,resnet50_linear_head,d8_left,2116,2116,1,0.9600800275802612,3,3,True
resnet50,resnet50_linear_head,d8_left,2157,2157,1,0.9561991095542908,1,1,True
resnet50,resnet50_linear_head,d8_left,2167,2167,9,0.9772735834121704,9,9,True
resnet50,resnet50_linear_head,d8_left,2178,2178,1,0.9776175618171692,1,1,True
resnet50,resnet50_linear_head,d8_left,2191,2191,8,0.9832025170326233,8,8,True
resnet50,resnet50_linear_head,d8_left,2230,2230,8,0.9639303684234619,8,8,True
resnet50,resnet50_linear_head,d8_left,2242,2242,0,0.9893249273300171,0,0,True
resnet50,resnet50_linear_head,d8_left,2265,2265,5,0.9833056926727295,5,5,True
resnet50,resnet50_linear_head,d8_left,2268,2268,5,0.9783121943473816,5,5,True
resnet50,resnet50_linear_head,d8_left,2291,2291,3,0.9728238582611084,3,3,True
resnet50,resnet50_linear_head,d8_left,2334,2334,5,0.9660519361495972,5,5,True
resnet50,resnet50_linear_head,d8_left,2340,2340,8,0.993928849697113,8,8,True
resnet50,resnet50_linear_head,d8_left,2342,2342,8,0.9860110878944397,8,8,True
resnet50,resnet50_linear_head,d8_left,2351,2351,9,0.9874914288520813,9,9,True
resnet50,resnet50_linear_head,d8_left,2391,2391,5,0.9521282315254211,5,5,True
resnet50,resnet50_linear_head,d8_left,2392,2392,2,0.9903002977371216,2,2,True
resnet50,resnet50_linear_head,d8_left,2399,2399,4,0.9666825532913208,4,4,True
resnet50,resnet50_linear_head,d8_left,2414,2414,9,0.9854087233543396,9,9,True
resnet50,resnet50_linear_head,d8_left,2427,2427,5,0.9768126010894775,5,5,True
resnet50,resnet50_linear_head,d8_left,2458,2458,5,0.9765211939811707,5,5,True
resnet50,resnet50_linear_head,d8_left,2501,2501,7,0.9765677452087402,7,7,True
resnet50,resnet50_linear_head,d8_left,2502,2502,2,0.9931621551513672,2,2,True
resnet50,resnet50_linear_head,d8_left,2536,2536,3,0.9772635698318481,3,3,True
resnet50,resnet50_linear_head,d8_left,2539,2539,3,0.9776611328125,3,3,True
resnet50,resnet50_linear_head,d8_left,2610,2610,6,0.9618080258369446,6,6,True
resnet50,resnet50_linear_head,d8_left,2623,2623,5,0.974581778049469,5,5,True
resnet50,resnet50_linear_head,d8_left,2655,2655,9,0.9850685000419617,9,9,True
resnet50,resnet50_linear_head,d8_left,2668,2668,7,0.9856275916099548,7,7,True
resnet50,resnet50_linear_head,d8_left,2676,2676,6,0.9238649606704712,6,6,True
resnet50,resnet50_linear_head,d8_left,2687,2687,1,0.9585234522819519,1,1,True
resnet50,resnet50_linear_head,d8_left,2690,2690,1,0.9590649604797363,1,1,True
resnet50,resnet50_linear_head,d8_left,2704,2704,4,0.977934718132019,4,4,True
resnet50,resnet50_linear_head,d8_left,2745,2745,8,0.9738827347755432,8,8,True
resnet50,resnet50_linear_head,d8_left,2746,2746,7,0.9568800330162048,7,7,True
resnet50,resnet50_linear_head,d8_left,2750,2750,0,0.9825082421302795,0,0,True
resnet50,resnet50_linear_head,d8_left,2754,2754,3,0.9840778112411499,3,3,True
resnet50,resnet50_linear_head,d8_left,2757,2757,4,0.9676083922386169,4,4,True
resnet50,resnet50_linear_head,d8_left,2766,2766,5,0.9574697017669678,5,5,True
resnet50,resnet50_linear_head,d8_left,2807,2807,5,0.9524325728416443,4,4,True
resnet50,resnet50_linear_head,d8_left,2844,2844,8,0.980967104434967,8,8,True
resnet50,resnet50_linear_head,d8_left,2854,2854,7,0.9744358658790588,7,7,True
resnet50,resnet50_linear_head,d8_left,2861,2861,3,0.967134416103363,3,3,True
resnet50,resnet50_linear_head,d8_left,2888,2888,0,0.9914998412132263,0,0,True
resnet50,resnet50_linear_head,d8_left,2898,2898,4,0.9817109704017639,4,4,True
resnet50,resnet50_linear_head,d8_left,2950,2950,5,0.972740650177002,5,5,True
resnet50,resnet50_linear_head,d8_left,2958,2958,6,0.9850432276725769,6,6,True
resnet50,resnet50_linear_head,d8_left,3015,3015,8,0.9879581928253174,8,8,True
resnet50,resnet50_linear_head,d8_left,3024,3024,2,0.9791600704193115,2,2,True
resnet50,resnet50_linear_head,d8_left,3025,3025,0,0.959848165512085,0,0,True
resnet50,resnet50_linear_head,d8_left,3034,3034,4,0.9813718199729919,4,4,True
resnet50,resnet50_linear_head,d8_left,3067,3067,2,0.9907306432723999,2,2,True
resnet50,resnet50_linear_head,d8_left,3078,3078,4,0.9728652834892273,4,4,True
resnet50,resnet50_linear_head,d8_left,3079,3079,1,0.9662933945655823,1,1,True
resnet50,resnet50_linear_head,d8_left,3083,3083,0,0.9871809482574463,0,0,True
resnet50,resnet50_linear_head,d8_left,3122,3122,4,0.9558748006820679,4,4,True
resnet50,resnet50_linear_head,d8_left,3153,3153,7,0.9706488251686096,7,7,True
resnet50,resnet50_linear_head,d8_left,3157,3157,8,0.9867361187934875,8,8,True
resnet50,resnet50_linear_head,d8_left,3163,3163,2,0.9852245450019836,2,2,True
resnet50,resnet50_linear_head,d8_left,3179,3179,4,0.9726470708847046,4,4,True
resnet50,resnet50_linear_head,d8_left,3191,3191,6,0.9640076756477356,6,6,True
resnet50,resnet50_linear_head,d8_left,3276,3276,3,0.9187179207801819,3,3,True
resnet50,resnet50_linear_head,d8_left,3287,3287,4,0.9799514412879944,4,4,True
resnet50,resnet50_linear_head,d8_left,3288,3288,7,0.9808438420295715,7,7,True
resnet50,resnet50_linear_head,d8_left,3292,3292,6,0.967536211013794,6,6,True
resnet50,resnet50_linear_head,d8_left,3318,3318,9,0.9770997762680054,9,9,True
resnet50,resnet50_linear_head,d8_left,3347,3347,0,0.9594634175300598,0,0,True
resnet50,resnet50_linear_head,d8_left,3353,3353,5,0.9639413356781006,3,3,True
resnet50,resnet50_linear_head,d8_left,3362,3362,2,0.9941840171813965,2,2,True
resnet50,resnet50_linear_head,d8_left,3365,3365,4,0.9502235054969788,4,4,True
resnet50,resnet50_linear_head,d8_left,3375,3375,3,0.9836523532867432,3,3,True
resnet50,resnet50_linear_head,d8_left,3383,3383,3,0.9582229852676392,3,3,True
resnet50,resnet50_linear_head,d8_left,3404,3404,7,0.9830926656723022,7,7,True
resnet50,resnet50_linear_head,d8_left,3412,3412,8,0.9822185039520264,8,8,True
resnet50,resnet50_linear_head,d8_left,3413,3413,1,0.9851255416870117,1,1,True
resnet50,resnet50_linear_head,d8_left,3418,3418,6,0.9830843806266785,6,6,True
resnet50,resnet50_linear_head,d8_left,3437,3437,0,0.9702862501144409,0,0,True
resnet50,resnet50_linear_head,d8_left,3446,3446,7,0.9717052578926086,7,7,True
resnet50,resnet50_linear_head,d8_left,3454,3454,2,0.9778201580047607,2,2,True
resnet50,resnet50_linear_head,d8_left,3455,3455,0,0.9846175909042358,0,0,True
resnet50,resnet50_linear_head,d8_left,3458,3458,4,0.9796866774559021,4,4,True
resnet50,resnet50_linear_head,d8_left,3467,3467,7,0.967242956161499,7,7,True
resnet50,resnet50_linear_head,d8_left,3491,3491,1,0.9602994918823242,1,1,True
resnet50,resnet50_linear_head,d8_left,3494,3494,6,0.9883678555488586,6,6,True
resnet50,resnet50_linear_head,d8_left,3512,3512,4,0.9785146713256836,4,4,True
resnet50,resnet50_linear_head,d8_left,3515,3515,6,0.9669908881187439,6,6,True
resnet50,resnet50_linear_head,d8_left,3542,3542,7,0.9895321726799011,7,7,True
resnet50,resnet50_linear_head,d8_left,3550,3550,1,0.975920557975769,1,1,True
resnet50,resnet50_linear_head,d8_left,3562,3562,3,0.9614983797073364,3,3,True
resnet50,resnet50_linear_head,d8_left,3755,3755,2,0.9880787134170532,2,2,True
resnet50,resnet50_linear_head,d8_left,3763,3763,4,0.9832277894020081,4,4,True
resnet50,resnet50_linear_head,d8_left,3777,3777,6,0.9697717428207397,6,6,True
resnet50,resnet50_linear_head,d8_left,3778,3778,3,0.9768171310424805,3,3,True
resnet50,resnet50_linear_head,d8_left,3779,3779,6,0.9214966893196106,6,6,True
resnet50,resnet50_linear_head,d8_left,3844,3844,6,0.9843505024909973,6,6,True
resnet50,resnet50_linear_head,d8_left,3851,3851,3,0.9790785312652588,3,3,True
resnet50,resnet50_linear_head,d8_left,3852,3852,5,0.9624615907669067,5,5,True
resnet50,resnet50_linear_head,d8_left,3863,3863,5,0.98429274559021,5,5,True
resnet50,resnet50_linear_head,d8_left,3867,3867,7,0.9691940546035767,7,7,True
resnet50,resnet50_linear_head,d8_left,3876,3876,0,0.9685028791427612,0,0,True
resnet50,resnet50_linear_head,d8_left,3889,3889,5,0.9670670032501221,5,5,True
resnet50,resnet50_linear_head,d8_left,3891,3891,4,0.9707952737808228,4,4,True
resnet50,resnet50_linear_head,d8_left,3893,3893,9,0.9841898083686829,9,9,True
resnet50,resnet50_linear_head,d8_left,3905,3905,8,0.957710325717926,8,8,True
resnet50,resnet50_linear_head,d8_left,3914,3914,3,0.9855074286460876,3,3,True
resnet50,resnet50_linear_head,d8_left,3937,3937,1,0.9714233875274658,1,1,True
resnet50,resnet50_linear_head,d8_left,3942,3942,9,0.9773544073104858,9,9,True
resnet50,resnet50_linear_head,d8_left,3948,3948,8,0.9754681587219238,8,8,True
resnet50,resnet50_linear_head,d8_left,3962,3962,6,0.9665175080299377,6,6,True
resnet50,resnet50_linear_head,d8_left,3965,3965,0,0.9682820439338684,0,0,True
resnet50,resnet50_linear_head,d8_left,3994,3994,4,0.9744381904602051,4,4,True
resnet50,resnet50_linear_head,d8_left,3996,3996,9,0.9722065329551697,9,9,True
resnet50,resnet50_linear_head,d8_left,4011,4011,6,0.9749700427055359,6,6,True
resnet50,resnet50_linear_head,d8_left,4023,4023,3,0.9767673015594482,3,3,True
resnet50,resnet50_linear_head,d8_left,4054,4054,4,0.9552545547485352,4,4,True
resnet50,resnet50_linear_head,d8_left,4065,4065,2,0.9612571597099304,2,2,True
resnet50,resnet50_linear_head,d8_left,4069,4069,8,0.9857363104820251,8,0,False
resnet50,resnet50_linear_head,d8_left,4093,4093,6,0.9532288312911987,6,6,True
resnet50,resnet50_linear_head,d8_left,4094,4094,9,0.9843697547912598,9,9,True
resnet50,resnet50_linear_head,d8_left,4106,4106,5,0.9667047262191772,5,5,True
resnet50,resnet50_linear_head,d8_left,4130,4130,0,0.9727417230606079,0,0,True
resnet50,resnet50_linear_head,d8_left,4168,4168,3,0.9709741473197937,3,3,True
resnet50,resnet50_linear_head,d8_left,4170,4170,8,0.9887089133262634,8,8,True
resnet50,resnet50_linear_head,d8_left,4172,4172,7,0.9737168550491333,7,7,True
resnet50,resnet50_linear_head,d8_left,4177,4177,8,0.9739210605621338,8,8,True
resnet50,resnet50_linear_head,d8_left,4215,4215,3,0.9614641666412354,3,3,True
resnet50,resnet50_linear_head,d8_left,4229,4229,3,0.9777107238769531,3,3,True
resnet50,resnet50_linear_head,d8_left,4236,4236,7,0.9575290083885193,7,7,True
resnet50,resnet50_linear_head,d8_left,4242,4242,8,0.9923334121704102,8,8,True
resnet50,resnet50_linear_head,d8_left,4254,4254,6,0.9854649901390076,6,6,True
resnet50,resnet50_linear_head,d8_left,4290,4290,5,0.9438425302505493,5,5,True
resnet50,resnet50_linear_head,d8_left,4298,4298,1,0.9916702508926392,1,1,True
resnet50,resnet50_linear_head,d8_left,4308,4308,7,0.954749345779419,7,7,True
resnet50,resnet50_linear_head,d8_left,4311,4311,8,0.981277585029602,8,8,True
resnet50,resnet50_linear_head,d8_left,4323,4323,3,0.9506840109825134,3,3,True
resnet50,resnet50_linear_head,d8_left,4330,4330,3,0.9434155821800232,3,3,True
resnet50,resnet50_linear_head,d8_left,4341,4341,6,0.9814617037773132,6,6,True
resnet50,resnet50_linear_head,d8_left,4355,4355,8,0.9699229001998901,8,8,True
resnet50,resnet50_linear_head,d8_left,4399,4399,0,0.9687347412109375,0,0,True
resnet50,resnet50_linear_head,d8_left,4403,4403,7,0.985341489315033,7,7,True
resnet50,resnet50_linear_head,d8_left,4411,4411,6,0.9664127230644226,6,6,True
resnet50,resnet50_linear_head,d8_left,4449,4449,9,0.9724064469337463,9,9,True
resnet50,resnet50_linear_head,d8_left,4463,4463,3,0.9114687442779541,3,3,True
resnet50,resnet50_linear_head,d8_left,4531,4531,3,0.9704917669296265,3,3,True
resnet50,resnet50_linear_head,d8_left,4539,4539,0,0.9762740731239319,0,0,True
resnet50,resnet50_linear_head,d8_left,4547,4547,5,0.9763398170471191,5,5,True
resnet50,resnet50_linear_head,d8_left,4552,4552,8,0.979985237121582,8,8,True
resnet50,resnet50_linear_head,d8_left,4570,4570,5,0.9760482311248779,5,5,True
resnet50,resnet50_linear_head,d8_left,4590,4590,3,0.9775844812393188,3,3,True
resnet50,resnet50_linear_head,d8_left,4609,4609,3,0.976121723651886,3,3,True
resnet50,resnet50_linear_head,d8_left,4615,4615,0,0.9824204444885254,0,0,True
resnet50,resnet50_linear_head,d8_left,4617,4617,0,0.9835156202316284,0,0,True
resnet50,resnet50_linear_head,d8_left,4620,4620,6,0.9749491810798645,6,6,True
resnet50,resnet50_linear_head,d8_left,4629,4629,4,0.9597870111465454,4,4,True
resnet50,resnet50_linear_head,d8_left,4640,4640,1,0.9743538498878479,1,1,True
resnet50,resnet50_linear_head,d8_left,4642,4642,4,0.9744057059288025,4,4,True
resnet50,resnet50_linear_head,d8_left,4661,4661,7,0.9755472540855408,7,7,True
resnet50,resnet50_linear_head,d8_left,4662,4662,8,0.9872534871101379,8,8,True
resnet50,resnet50_linear_head,d8_left,4675,4675,0,0.9702539443969727,0,0,True
resnet50,resnet50_linear_head,d8_left,4676,4676,8,0.9760380983352661,8,8,True
resnet50,resnet50_linear_head,d8_left,4704,4704,7,0.9648656249046326,7,7,True
resnet50,resnet50_linear_head,d8_left,4723,4723,9,0.9794570207595825,9,9,True
resnet50,resnet50_linear_head,d8_left,4731,4731,6,0.9690868854522705,6,6,True
resnet50,resnet50_linear_head,d8_left,4735,4735,2,0.9899691939353943,2,2,True
resnet50,resnet50_linear_head,d8_left,4740,4740,4,0.972048819065094,4,4,True
resnet50,resnet50_linear_head,d8_left,4746,4746,6,0.97193843126297,6,6,True
resnet50,resnet50_linear_head,d8_left,4748,4748,7,0.9714736938476562,7,7,True
resnet50,resnet50_linear_head,d8_left,4754,4754,6,0.9790810346603394,6,6,True
resnet50,resnet50_linear_head,d8_left,4785,4785,0,0.9879764318466187,0,0,True
resnet50,resnet50_linear_head,d8_left,4791,4791,7,0.9894795417785645,7,7,True
resnet50,resnet50_linear_head,d8_left,4819,4819,0,0.978705108165741,0,0,True
resnet50,resnet50_linear_head,d8_left,4821,4821,3,0.9811920523643494,3,3,True
resnet50,resnet50_linear_head,d8_left,4827,4827,6,0.9761706590652466,6,6,True
resnet50,resnet50_linear_head,d8_left,4850,4850,5,0.9747298955917358,5,5,True
resnet50,resnet50_linear_head,d8_left,4881,4881,3,0.9516276121139526,3,3,True
resnet50,resnet50_linear_head,d8_left,4893,4893,0,0.9222123622894287,0,0,True
resnet50,resnet50_linear_head,d8_left,4908,4908,3,0.9760683178901672,3,3,True
resnet50,resnet50_linear_head,d8_left,4913,4913,2,0.9923626780509949,2,2,True
resnet50,resnet50_linear_head,d8_left,4921,4921,2,0.9860814809799194,2,2,True
resnet50,resnet50_linear_head,d8_left,4953,4953,5,0.9536008834838867,5,5,True
resnet50,resnet50_linear_head,d8_left,4966,4966,5,0.9623020887374878,5,5,True
resnet50,resnet50_linear_head,d8_left,4990,4990,8,0.9786312580108643,8,8,True
resnet50,resnet50_linear_head,d8_left,5000,5000,8,0.986171543598175,8,8,True
resnet50,resnet50_linear_head,d8_left,5030,5030,2,0.9871324896812439,2,2,True
resnet50,resnet50_linear_head,d8_left,5062,5062,4,0.9852210283279419,4,4,True
resnet50,resnet50_linear_head,d8_left,5077,5077,4,0.9724381566047668,4,4,True
resnet50,resnet50_linear_head,d8_left,5082,5082,6,0.9913040995597839,6,6,True
resnet50,resnet50_linear_head,d8_left,5092,5092,1,0.9829372763633728,1,1,True
resnet50,resnet50_linear_head,d8_left,5101,5101,5,0.9673104882240295,5,5,True
resnet50,resnet50_linear_head,d8_left,5117,5117,0,0.9865257740020752,0,0,True
resnet50,resnet50_linear_head,d8_left,5123,5123,1,0.9778405427932739,1,1,True
resnet50,resnet50_linear_head,d8_left,5135,5135,4,0.9548988342285156,4,4,True
resnet50,resnet50_linear_head,d8_left,5183,5183,2,0.9944376945495605,2,2,True
resnet50,resnet50_linear_head,d8_left,5213,5213,4,0.9794976711273193,4,4,True
resnet50,resnet50_linear_head,d8_left,5218,5218,2,0.9927052855491638,2,2,True
resnet50,resnet50_linear_head,d8_left,5220,5220,1,0.9349976181983948,3,1,False
resnet50,resnet50_linear_head,d8_left,5237,5237,2,0.9837270379066467,2,2,True
resnet50,resnet50_linear_head,d8_left,5256,5256,1,0.96627277135849,1,1,True
resnet50,resnet50_linear_head,d8_left,5284,5284,9,0.9770236015319824,9,9,True
resnet50,resnet50_linear_head,d8_left,5301,5301,9,0.9805312156677246,9,9,True
resnet50,resnet50_linear_head,d8_left,5318,5318,2,0.9827613234519958,2,2,True
resnet50,resnet50_linear_head,d8_left,5332,5332,5,0.9570488333702087,5,5,True
resnet50,resnet50_linear_head,d8_left,5333,5333,2,0.983087420463562,2,2,True
resnet50,resnet50_linear_head,d8_left,5360,5360,9,0.981566309928894,9,9,True
resnet50,resnet50_linear_head,d8_left,5381,5381,5,0.977626621723175,5,6,False
resnet50,resnet50_linear_head,d8_left,5382,5382,6,0.951179027557373,6,6,True
resnet50,resnet50_linear_head,d8_left,5395,5395,2,0.9733788967132568,2,2,True
resnet50,resnet50_linear_head,d8_left,5402,5402,4,0.9881741404533386,4,4,True
resnet50,resnet50_linear_head,d8_left,5408,5408,6,0.9837701320648193,6,6,True
resnet50,resnet50_linear_head,d8_left,5436,5436,7,0.9857630133628845,7,7,True
resnet50,resnet50_linear_head,d8_left,5447,5447,9,0.9854266047477722,9,9,True
resnet50,resnet50_linear_head,d8_left,5450,5450,7,0.9867857694625854,7,7,True
resnet50,resnet50_linear_head,d8_left,5451,5451,8,0.9783434271812439,8,8,True
resnet50,resnet50_linear_head,d8_left,5452,5452,9,0.9733140468597412,9,9,True
resnet50,resnet50_linear_head,d8_left,5467,5467,4,0.9834545850753784,4,4,True
resnet50,resnet50_linear_head,d8_left,5478,5478,0,0.9809696078300476,0,0,True
resnet50,resnet50_linear_head,d8_left,5488,5488,1,0.9668699502944946,7,7,True
resnet50,resnet50_linear_head,d8_left,5496,5496,5,0.9600226879119873,5,5,True
resnet50,resnet50_linear_head,d8_left,5508,5508,9,0.9897992014884949,9,9,True
resnet50,resnet50_linear_head,d8_left,5512,5512,2,0.9553040862083435,9,9,True
resnet50,resnet50_linear_head,d8_left,5525,5525,8,0.9795826077461243,8,8,True
resnet50,resnet50_linear_head,d8_left,5528,5528,3,0.9774666428565979,5,5,True
resnet50,resnet50_linear_head,d8_left,5556,5556,4,0.9845532178878784,4,4,True
resnet50,resnet50_linear_head,d8_left,5560,5560,1,0.9925848245620728,1,1,True
resnet50,resnet50_linear_head,d8_left,5572,5572,9,0.9877424836158752,9,9,True
resnet50,resnet50_linear_head,d8_left,5580,5580,6,0.9712557196617126,6,6,True
resnet50,resnet50_linear_head,d8_left,5590,5590,9,0.9670705795288086,9,9,True
resnet50,resnet50_linear_head,d8_left,5623,5623,4,0.9679676294326782,4,4,True
resnet50,resnet50_linear_head,d8_left,5677,5677,2,0.9717380404472351,2,2,True
resnet50,resnet50_linear_head,d8_left,5694,5694,8,0.9914711713790894,8,8,True
resnet50,resnet50_linear_head,d8_left,5701,5701,5,0.9628092646598816,5,5,True
resnet50,resnet50_linear_head,d8_left,5705,5705,8,0.9859352111816406,8,8,True
resnet50,resnet50_linear_head,d8_left,5719,5719,7,0.9849991202354431,7,7,True
resnet50,resnet50_linear_head,d8_left,5729,5729,6,0.9717218279838562,6,6,True
resnet50,resnet50_linear_head,d8_left,5756,5756,2,0.9920864701271057,2,2,True
resnet50,resnet50_linear_head,d8_left,5788,5788,9,0.9831349849700928,9,9,True
resnet50,resnet50_linear_head,d8_left,5789,5789,4,0.9310513138771057,4,4,True
resnet50,resnet50_linear_head,d8_left,5824,5824,2,0.9724846482276917,2,2,True
resnet50,resnet50_linear_head,d8_left,5848,5848,7,0.976177990436554,7,7,True
resnet50,resnet50_linear_head,d8_left,5851,5851,9,0.990100085735321,9,9,True
resnet50,resnet50_linear_head,d8_left,5857,5857,6,0.9714410901069641,4,4,True
resnet50,resnet50_linear_head,d8_left,5858,5858,6,0.9766219854354858,6,6,True
resnet50,resnet50_linear_head,d8_left,5912,5912,0,0.962039589881897,0,0,True
resnet50,resnet50_linear_head,d8_left,5915,5915,9,0.9779219031333923,9,9,True
resnet50,resnet50_linear_head,d8_left,5918,5918,0,0.9560738801956177,0,0,True
resnet50,resnet50_linear_head,d8_left,5924,5924,5,0.981345534324646,5,5,True
resnet50,resnet50_linear_head,d8_left,5977,5977,7,0.9794320464134216,7,7,True
resnet50,resnet50_linear_head,d8_left,5981,5981,9,0.983347475528717,9,9,True
resnet50,resnet50_linear_head,d8_left,5999,5999,0,0.9704638719558716,0,0,True
resnet50,resnet50_linear_head,d8_left,6028,6028,2,0.9735824465751648,2,2,True
resnet50,resnet50_linear_head,d8_left,6033,6033,4,0.9734753370285034,4,4,True
resnet50,resnet50_linear_head,d8_left,6076,6076,1,0.9844052791595459,1,1,True
resnet50,resnet50_linear_head,d8_left,6084,6084,7,0.9895707964897156,7,7,True
resnet50,resnet50_linear_head,d8_left,6097,6097,4,0.9867017269134521,4,4,True
resnet50,resnet50_linear_head,d8_left,6169,6169,1,0.9580866098403931,1,1,True
resnet50,resnet50_linear_head,d8_left,6190,6190,7,0.9834727644920349,7,7,True
resnet50,resnet50_linear_head,d8_left,6224,6224,5,0.9830561876296997,5,5,True
resnet50,resnet50_linear_head,d8_left,6244,6244,2,0.9491141438484192,2,2,True
resnet50,resnet50_linear_head,d8_left,6264,6264,2,0.9890314340591431,2,2,True
resnet50,resnet50_linear_head,d8_left,6271,6271,2,0.980617105960846,2,2,True
resnet50,resnet50_linear_head,d8_left,6288,6288,4,0.9587405323982239,4,4,True
resnet50,resnet50_linear_head,d8_left,6332,6332,2,0.987419605255127,2,2,True
resnet50,resnet50_linear_head,d8_left,6349,6349,1,0.9699601531028748,1,1,True
resnet50,resnet50_linear_head,d8_left,6354,6354,2,0.9693048596382141,2,2,True
resnet50,resnet50_linear_head,d8_left,6358,6358,5,0.9694635272026062,5,5,True
resnet50,resnet50_linear_head,d8_left,6381,6381,6,0.9803555607795715,6,6,True
resnet50,resnet50_linear_head,d8_left,6414,6414,5,0.9497297406196594,5,5,True
resnet50,resnet50_linear_head,d8_left,6426,6426,2,0.9803445935249329,2,2,True
resnet50,resnet50_linear_head,d8_left,6434,6434,8,0.9766950011253357,8,8,True
resnet50,resnet50_linear_head,d8_left,6437,6437,0,0.975610613822937,0,0,True
resnet50,resnet50_linear_head,d8_left,6455,6455,0,0.9821065664291382,0,0,True
resnet50,resnet50_linear_head,d8_left,6490,6490,3,0.9476127028465271,3,3,True
resnet50,resnet50_linear_head,d8_left,6503,6503,2,0.9727712869644165,2,2,True
resnet50,resnet50_linear_head,d8_left,6508,6508,4,0.9883561730384827,4,4,True
resnet50,resnet50_linear_head,d8_left,6528,6528,4,0.9705278277397156,4,4,True
resnet50,resnet50_linear_head,d8_left,6594,6594,1,0.9825144410133362,1,1,True
resnet50,resnet50_linear_head,d8_left,6609,6609,0,0.9852224588394165,0,0,True
resnet50,resnet50_linear_head,d8_left,6616,6616,2,0.9574576616287231,2,2,True
resnet50,resnet50_linear_head,d8_left,6650,6650,7,0.9660709500312805,7,7,True
resnet50,resnet50_linear_head,d8_left,6689,6689,8,0.9831866025924683,8,8,True
resnet50,resnet50_linear_head,d8_left,6692,6692,2,0.9833253026008606,2,2,True
resnet50,resnet50_linear_head,d8_left,6713,6713,6,0.9677101373672485,6,6,True
resnet50,resnet50_linear_head,d8_left,6716,6716,5,0.9773486256599426,5,5,True
resnet50,resnet50_linear_head,d8_left,6726,6726,7,0.9747443199157715,7,7,True
resnet50,resnet50_linear_head,d8_left,6733,6733,1,0.9872294068336487,1,1,True
resnet50,resnet50_linear_head,d8_left,6772,6772,7,0.9563292264938354,7,7,True
resnet50,resnet50_linear_head,d8_left,6805,6805,1,0.9845747351646423,1,1,True
resnet50,resnet50_linear_head,d8_left,6836,6836,1,0.9895670413970947,1,1,True
resnet50,resnet50_linear_head,d8_left,6844,6844,0,0.9872615337371826,0,0,True
resnet50,resnet50_linear_head,d8_left,6922,6922,5,0.9849486351013184,5,5,True
resnet50,resnet50_linear_head,d8_left,6931,6931,9,0.9784900546073914,9,9,True
resnet50,resnet50_linear_head,d8_left,6938,6938,1,0.9856119155883789,1,1,True
resnet50,resnet50_linear_head,d8_left,6952,6952,3,0.9713912606239319,3,3,True
resnet50,resnet50_linear_head,d8_left,6954,6954,1,0.9616011381149292,1,1,True
resnet50,resnet50_linear_head,d8_left,6986,6986,0,0.9830055832862854,0,0,True
resnet50,resnet50_linear_head,d8_left,6989,6989,5,0.990570604801178,5,5,True
resnet50,resnet50_linear_head,d8_left,7009,7009,0,0.9785587787628174,0,0,True
resnet50,resnet50_linear_head,d8_left,7029,7029,1,0.9876526594161987,1,1,True
resnet50,resnet50_linear_head,d8_left,7033,7033,1,0.9664638042449951,1,1,True
resnet50,resnet50_linear_head,d8_left,7041,7041,5,0.9647868871688843,5,5,True
resnet50,resnet50_linear_head,d8_left,7047,7047,9,0.9734495878219604,9,9,True
resnet50,resnet50_linear_head,d8_left,7081,7081,7,0.9490200281143188,7,7,True
resnet50,resnet50_linear_head,d8_left,7084,7084,2,0.9875577688217163,2,2,True
resnet50,resnet50_linear_head,d8_left,7108,7108,6,0.9833378791809082,6,6,True
resnet50,resnet50_linear_head,d8_left,7130,7130,5,0.9682869911193848,5,5,True
resnet50,resnet50_linear_head,d8_left,7138,7138,8,0.9912096858024597,8,8,True
resnet50,resnet50_linear_head,d8_left,7150,7150,0,0.980196475982666,0,0,True
resnet50,resnet50_linear_head,d8_left,7202,7202,1,0.9763966202735901,1,1,True
resnet50,resnet50_linear_head,d8_left,7262,7262,0,0.9807049036026001,0,0,True
resnet50,resnet50_linear_head,d8_left,7266,7266,9,0.9763525724411011,9,9,True
resnet50,resnet50_linear_head,d8_left,7270,7270,7,0.9441633820533752,7,7,True
resnet50,resnet50_linear_head,d8_left,7309,7309,0,0.9870442152023315,0,0,True
resnet50,resnet50_linear_head,d8_left,7320,7320,0,0.9687583446502686,0,0,True
resnet50,resnet50_linear_head,d8_left,7338,7338,6,0.9718912243843079,6,6,True
resnet50,resnet50_linear_head,d8_left,7372,7372,0,0.9812412261962891,0,0,True
resnet50,resnet50_linear_head,d8_left,7373,7373,0,0.9839714765548706,0,0,True
resnet50,resnet50_linear_head,d8_left,7380,7380,9,0.9742425084114075,9,9,True
resnet50,resnet50_linear_head,d8_left,7390,7390,1,0.9556288719177246,1,1,True
resnet50,resnet50_linear_head,d8_left,7413,7413,5,0.9852942228317261,5,5,True
resnet50,resnet50_linear_head,d8_left,7416,7416,3,0.9731388092041016,5,5,True
resnet50,resnet50_linear_head,d8_left,7425,7425,2,0.9896512031555176,2,2,True
resnet50,resnet50_linear_head,d8_left,7446,7446,8,0.987714946269989,8,8,True
resnet50,resnet50_linear_head,d8_left,7460,7460,8,0.9734319448471069,8,8,True
resnet50,resnet50_linear_head,d8_left,7465,7465,0,0.9778393507003784,0,0,True
resnet50,resnet50_linear_head,d8_left,7474,7474,5,0.9876883029937744,5,5,True
resnet50,resnet50_linear_head,d8_left,7475,7475,4,0.9708477854728699,4,4,True
resnet50,resnet50_linear_head,d8_left,7476,7476,8,0.9850888252258301,8,8,True
resnet50,resnet50_linear_head,d8_left,7544,7544,9,0.9869474768638611,9,9,True
resnet50,resnet50_linear_head,d8_left,7555,7555,6,0.9734454154968262,6,6,True
resnet50,resnet50_linear_head,d8_left,7600,7600,6,0.9831205606460571,6,6,True
resnet50,resnet50_linear_head,d8_left,7610,7610,4,0.9758972525596619,4,4,True
resnet50,resnet50_linear_head,d8_left,7634,7634,0,0.9892018437385559,0,0,True
resnet50,resnet50_linear_head,d8_left,7692,7692,4,0.9634881019592285,4,4,True
resnet50,resnet50_linear_head,d8_left,7706,7706,5,0.9771691560745239,5,5,True
resnet50,resnet50_linear_head,d8_left,7726,7726,6,0.9754926562309265,6,6,True
resnet50,resnet50_linear_head,d8_left,7744,7744,3,0.9166743755340576,3,3,True
resnet50,resnet50_linear_head,d8_left,7752,7752,9,0.9766345024108887,9,9,True
resnet50,resnet50_linear_head,d8_left,7776,7776,5,0.9614355564117432,5,5,True
resnet50,resnet50_linear_head,d8_left,7779,7779,6,0.9714043140411377,6,6,True
resnet50,resnet50_linear_head,d8_left,7781,7781,6,0.963727593421936,6,6,True
resnet50,resnet50_linear_head,d8_left,7793,7793,3,0.972709059715271,5,5,True
resnet50,resnet50_linear_head,d8_left,7797,7797,3,0.9745913743972778,3,3,True
resnet50,resnet50_linear_head,d8_left,7810,7810,8,0.9909510612487793,8,8,True
resnet50,resnet50_linear_head,d8_left,7818,7818,8,0.972640872001648,8,8,True
resnet50,resnet50_linear_head,d8_left,7835,7835,7,0.9821012020111084,7,7,True
resnet50,resnet50_linear_head,d8_left,7864,7864,4,0.9838532209396362,4,4,True
resnet50,resnet50_linear_head,d8_left,7875,7875,8,0.9790078401565552,8,8,True
resnet50,resnet50_linear_head,d8_left,7938,7938,9,0.9645014405250549,9,9,True
resnet50,resnet50_linear_head,d8_left,7940,7940,4,0.9747799634933472,4,4,True
resnet50,resnet50_linear_head,d8_left,7944,7944,4,0.9780151844024658,4,4,True
resnet50,resnet50_linear_head,d8_left,7955,7955,1,0.970024824142456,1,1,True
resnet50,resnet50_linear_head,d8_left,7995,7995,9,0.9823664426803589,9,9,True
resnet50,resnet50_linear_head,d8_left,7996,7996,6,0.973952054977417,6,6,True
resnet50,resnet50_linear_head,d8_left,7999,7999,8,0.9685397148132324,8,8,True
resnet50,resnet50_linear_head,d8_right,3,3,0,0.9867731332778931,0,0,True
resnet50,resnet50_linear_head,d8_right,29,29,7,0.9324127435684204,7,7,True
resnet50,resnet50_linear_head,d8_right,35,35,2,0.9869819283485413,2,2,True
resnet50,resnet50_linear_head,d8_right,42,42,0,0.895143449306488,0,1,False
resnet50,resnet50_linear_head,d8_right,49,49,2,0.9762505888938904,2,2,True
resnet50,resnet50_linear_head,d8_right,81,81,0,0.9354910254478455,0,0,True
resnet50,resnet50_linear_head,d8_right,95,95,1,0.9790899157524109,1,1,True
resnet50,resnet50_linear_head,d8_right,97,97,5,0.9605286717414856,5,5,True
resnet50,resnet50_linear_head,d8_right,116,116,1,0.9387269020080566,1,1,True
resnet50,resnet50_linear_head,d8_right,131,131,9,0.9716545343399048,9,9,True
resnet50,resnet50_linear_head,d8_right,151,151,8,0.9833856225013733,8,8,True
resnet50,resnet50_linear_head,d8_right,171,171,4,0.9575190544128418,4,4,True
resnet50,resnet50_linear_head,d8_right,176,176,3,0.9674414396286011,3,3,True
resnet50,resnet50_linear_head,d8_right,191,191,9,0.9789358973503113,9,9,True
resnet50,resnet50_linear_head,d8_right,194,194,8,0.9792033433914185,8,8,True
resnet50,resnet50_linear_head,d8_right,198,198,1,0.9702849984169006,1,1,True
resnet50,resnet50_linear_head,d8_right,239,239,9,0.9713317155838013,9,9,True
resnet50,resnet50_linear_head,d8_right,261,261,1,0.9930351972579956,1,1,True
resnet50,resnet50_linear_head,d8_right,269,269,7,0.8987504243850708,7,7,True
resnet50,resnet50_linear_head,d8_right,276,276,9,0.9560476541519165,9,9,True
resnet50,resnet50_linear_head,d8_right,303,303,9,0.9739930629730225,9,9,True
resnet50,resnet50_linear_head,d8_right,304,304,1,0.9292201995849609,1,1,True
resnet50,resnet50_linear_head,d8_right,317,317,2,0.9787033796310425,2,2,True
resnet50,resnet50_linear_head,d8_right,319,319,5,0.9610788822174072,5,5,True
resnet50,resnet50_linear_head,d8_right,323,323,7,0.9848949313163757,7,7,True
resnet50,resnet50_linear_head,d8_right,365,365,3,0.9477832317352295,3,3,True
resnet50,resnet50_linear_head,d8_right,370,370,7,0.9763197898864746,7,7,True
resnet50,resnet50_linear_head,d8_right,372,372,3,0.9433853030204773,3,3,True
resnet50,resnet50_linear_head,d8_right,378,378,5,0.9188780784606934,5,5,True
resnet50,resnet50_linear_head,d8_right,391,391,3,0.9583925008773804,3,3,True
resnet50,resnet50_linear_head,d8_right,409,409,2,0.9787125587463379,2,2,True
resnet50,resnet50_linear_head,d8_right,419,419,9,0.9890782237052917,9,9,True
resnet50,resnet50_linear_head,d8_right,449,449,6,0.9674528241157532,6,6,True
resnet50,resnet50_linear_head,d8_right,470,470,2,0.9857369065284729,2,2,True
resnet50,resnet50_linear_head,d8_right,483,483,2,0.9580649733543396,2,2,True
resnet50,resnet50_linear_head,d8_right,484,484,0,0.9794146418571472,0,0,True
resnet50,resnet50_linear_head,d8_right,506,506,4,0.9506298303604126,4,4,True
resnet50,resnet50_linear_head,d8_right,545,545,6,0.9605801701545715,6,6,True
resnet50,resnet50_linear_head,d8_right,562,562,0,0.9698985815048218,0,0,True
resnet50,resnet50_linear_head,d8_right,568,568,5,0.9743890762329102,5,5,True
resnet50,resnet50_linear_head,d8_right,603,603,9,0.9755938649177551,9,9,True
resnet50,resnet50_linear_head,d8_right,632,632,3,0.9756256937980652,3,3,True
resnet50,resnet50_linear_head,d8_right,645,645,5,0.9645622372627258,5,5,True
resnet50,resnet50_linear_head,d8_right,667,667,8,0.9896149635314941,8,8,True
resnet50,resnet50_linear_head,d8_right,672,672,3,0.9610734581947327,3,3,True
resnet50,resnet50_linear_head,d8_right,677,677,3,0.9235153198242188,3,3,True
resnet50,resnet50_linear_head,d8_right,685,685,5,0.9545897245407104,5,5,True
resnet50,resnet50_linear_head,d8_right,691,691,4,0.9664649963378906,4,4,True
resnet50,resnet50_linear_head,d8_right,706,706,8,0.9748630523681641,8,8,True
resnet50,resnet50_linear_head,d8_right,714,714,2,0.9603298306465149,2,2,True
resnet50,resnet50_linear_head,d8_right,716,716,8,0.984039843082428,8,8,True
resnet50,resnet50_linear_head,d8_right,738,738,3,0.8553096055984497,3,3,True
resnet50,resnet50_linear_head,d8_right,739,739,8,0.9850019216537476,8,8,True
resnet50,resnet50_linear_head,d8_right,766,766,4,0.9542022943496704,6,6,True
resnet50,resnet50_linear_head,d8_right,791,791,3,0.9673936367034912,3,3,True
resnet50,resnet50_linear_head,d8_right,805,805,9,0.9617770910263062,9,9,True
resnet50,resnet50_linear_head,d8_right,825,825,1,0.9826898574829102,1,1,True
resnet50,resnet50_linear_head,d8_right,852,852,9,0.9651612043380737,9,9,True
resnet50,resnet50_linear_head,d8_right,855,855,4,0.9169460535049438,4,4,True
resnet50,resnet50_linear_head,d8_right,873,873,6,0.9753018617630005,6,6,True
resnet50,resnet50_linear_head,d8_right,890,890,6,0.9478656053543091,6,6,True
resnet50,resnet50_linear_head,d8_right,920,920,6,0.9773001670837402,6,6,True
resnet50,resnet50_linear_head,d8_right,929,929,6,0.9695861339569092,6,6,True
resnet50,resnet50_linear_head,d8_right,962,962,8,0.9806947112083435,8,8,True
resnet50,resnet50_linear_head,d8_right,964,964,6,0.9660555124282837,6,6,True
resnet50,resnet50_linear_head,d8_right,977,977,6,0.9555618762969971,6,6,True
resnet50,resnet50_linear_head,d8_right,979,979,3,0.9806885719299316,3,3,True
resnet50,resnet50_linear_head,d8_right,981,981,2,0.9784020185470581,2,2,True
resnet50,resnet50_linear_head,d8_right,1022,1022,9,0.964282751083374,9,9,True
resnet50,resnet50_linear_head,d8_right,1032,1032,7,0.9778132438659668,7,7,True
resnet50,resnet50_linear_head,d8_right,1048,1048,7,0.9883066415786743,7,7,True
resnet50,resnet50_linear_head,d8_right,1090,1090,1,0.9799825549125671,1,1,True
resnet50,resnet50_linear_head,d8_right,1095,1095,5,0.977249264717102,5,5,True
resnet50,resnet50_linear_head,d8_right,1109,1109,1,0.9567364454269409,1,1,True
resnet50,resnet50_linear_head,d8_right,1111,1111,4,0.9771021604537964,4,4,True
resnet50,resnet50_linear_head,d8_right,1115,1115,1,0.9259950518608093,1,1,True
resnet50,resnet50_linear_head,d8_right,1124,1124,4,0.9678319096565247,4,4,True
resnet50,resnet50_linear_head,d8_right,1129,1129,8,0.9714789390563965,8,8,True
resnet50,resnet50_linear_head,d8_right,1175,1175,0,0.9538127779960632,0,0,True
resnet50,resnet50_linear_head,d8_right,1202,1202,2,0.9626997113227844,2,2,True
resnet50,resnet50_linear_head,d8_right,1204,1204,3,0.9388452768325806,3,3,True
resnet50,resnet50_linear_head,d8_right,1211,1211,4,0.9674811959266663,4,4,True
resnet50,resnet50_linear_head,d8_right,1220,1220,7,0.9750598669052124,7,7,True
resnet50,resnet50_linear_head,d8_right,1230,1230,1,0.9347589612007141,1,1,True
resnet50,resnet50_linear_head,d8_right,1247,1247,8,0.9574196338653564,8,8,True
resnet50,resnet50_linear_head,d8_right,1263,1263,3,0.9811645746231079,3,3,True
resnet50,resnet50_linear_head,d8_right,1266,1266,4,0.9610292315483093,4,4,True
resnet50,resnet50_linear_head,d8_right,1287,1287,7,0.9492375254631042,7,7,True
resnet50,resnet50_linear_head,d8_right,1296,1296,7,0.879510760307312,7,7,True
resnet50,resnet50_linear_head,d8_right,1370,1370,3,0.9780163764953613,3,3,True
resnet50,resnet50_linear_head,d8_right,1389,1389,0,0.9809974431991577,0,0,True
resnet50,resnet50_linear_head,d8_right,1401,1401,3,0.9617154002189636,3,3,True
resnet50,resnet50_linear_head,d8_right,1403,1403,2,0.9742917418479919,2,2,True
resnet50,resnet50_linear_head,d8_right,1411,1411,9,0.9794521331787109,9,9,True
resnet50,resnet50_linear_head,d8_right,1429,1429,4,0.9652939438819885,4,4,True
resnet50,resnet50_linear_head,d8_right,1430,1430,9,0.96992027759552,9,9,True
resnet50,resnet50_linear_head,d8_right,1431,1431,3,0.9382100105285645,3,3,True
resnet50,resnet50_linear_head,d8_right,1436,1436,1,0.9818419218063354,1,1,True
resnet50,resnet50_linear_head,d8_right,1440,1440,7,0.9761347770690918,7,7,True
resnet50,resnet50_linear_head,d8_right,1468,1468,9,0.9855326414108276,9,9,True
resnet50,resnet50_linear_head,d8_right,1473,1473,7,0.9784277081489563,7,7,True
resnet50,resnet50_linear_head,d8_right,1515,1515,9,0.9846740961074829,9,9,True
resnet50,resnet50_linear_head,d8_right,1520,1520,2,0.9730902910232544,2,2,True
resnet50,resnet50_linear_head,d8_right,1531,1531,3,0.9725485444068909,3,3,True
resnet50,resnet50_linear_head,d8_right,1534,1534,6,0.9395198225975037,6,6,True
resnet50,resnet50_linear_head,d8_right,1552,1552,5,0.9738864302635193,5,5,True
resnet50,resnet50_linear_head,d8_right,1553,1553,0,0.9668112397193909,0,0,True
resnet50,resnet50_linear_head,d8_right,1563,1563,3,0.9449816942214966,3,3,True
resnet50,resnet50_linear_head,d8_right,1568,1568,1,0.9532200694084167,1,1,True
resnet50,resnet50_linear_head,d8_right,1579,1579,7,0.9619530439376831,7,7,True
resnet50,resnet50_linear_head,d8_right,1586,1586,2,0.9564396739006042,2,2,True
resnet50,resnet50_linear_head,d8_right,1596,1596,0,0.9853175282478333,0,0,True
resnet50,resnet50_linear_head,d8_right,1626,1626,5,0.9293068051338196,5,5,True
resnet50,resnet50_linear_head,d8_right,1640,1640,8,0.946943998336792,8,8,True
resnet50,resnet50_linear_head,d8_right,1644,1644,5,0.9693701863288879,5,5,True
resnet50,resnet50_linear_head,d8_right,1648,1648,0,0.9155198335647583,0,0,True
resnet50,resnet50_linear_head,d8_right,1654,1654,9,0.978921115398407,9,9,True
resnet50,resnet50_linear_head,d8_right,1667,1667,6,0.9706569910049438,6,6,True
resnet50,resnet50_linear_head,d8_right,1703,1703,7,0.9751930236816406,7,7,True
resnet50,resnet50_linear_head,d8_right,1711,1711,7,0.9145128130912781,7,7,True
resnet50,resnet50_linear_head,d8_right,1771,1771,7,0.9777768850326538,7,7,True
resnet50,resnet50_linear_head,d8_right,1783,1783,8,0.9806653261184692,8,8,True
resnet50,resnet50_linear_head,d8_right,1814,1814,2,0.9731360077857971,2,2,True
resnet50,resnet50_linear_head,d8_right,1833,1833,8,0.9917910695075989,8,8,True
resnet50,resnet50_linear_head,d8_right,1836,1836,9,0.9753075838088989,9,9,True
resnet50,resnet50_linear_head,d8_right,1839,1839,2,0.9786930084228516,2,2,True
resnet50,resnet50_linear_head,d8_right,1852,1852,1,0.9792161583900452,1,1,True
resnet50,resnet50_linear_head,d8_right,1871,1871,1,0.9766104221343994,1,1,True
resnet50,resnet50_linear_head,d8_right,1877,1877,5,0.9753147959709167,5,5,True
resnet50,resnet50_linear_head,d8_right,1884,1884,7,0.9511120319366455,7,7,True
resnet50,resnet50_linear_head,d8_right,1927,1927,7,0.9853519201278687,7,7,True
resnet50,resnet50_linear_head,d8_right,1954,1954,8,0.9806329607963562,8,8,True
resnet50,resnet50_linear_head,d8_right,1956,1956,7,0.9568382501602173,3,3,True
resnet50,resnet50_linear_head,d8_right,1960,1960,4,0.9556792378425598,4,4,True
resnet50,resnet50_linear_head,d8_right,1977,1977,0,0.9213899970054626,0,0,True
resnet50,resnet50_linear_head,d8_right,1986,1986,1,0.9904874563217163,1,1,True
resnet50,resnet50_linear_head,d8_right,1993,1993,1,0.9738413691520691,1,1,True
resnet50,resnet50_linear_head,d8_right,2003,2003,6,0.9718477725982666,6,6,True
resnet50,resnet50_linear_head,d8_right,2011,2011,9,0.9636789560317993,9,9,True
resnet50,resnet50_linear_head,d8_right,2024,2024,0,0.9672332406044006,0,0,True
resnet50,resnet50_linear_head,d8_right,2028,2028,3,0.9381614923477173,3,3,True
resnet50,resnet50_linear_head,d8_right,2062,2062,9,0.9772845506668091,9,9,True
resnet50,resnet50_linear_head,d8_right,2070,2070,1,0.9506397843360901,1,1,True
resnet50,resnet50_linear_head,d8_right,2082,2082,2,0.9819835424423218,2,2,True
resnet50,resnet50_linear_head,d8_right,2095,2095,1,0.968049168586731,1,1,True
resnet50,resnet50_linear_head,d8_right,2109,2109,8,0.9765388369560242,8,8,True
resnet50,resnet50_linear_head,d8_right,2114,2114,9,0.9931384921073914,9,9,True
resnet50,resnet50_linear_head,d8_right,2116,2116,1,0.9592059850692749,3,3,True
resnet50,resnet50_linear_head,d8_right,2157,2157,1,0.9143692255020142,1,1,True
resnet50,resnet50_linear_head,d8_right,2167,2167,9,0.9751695394515991,9,9,True
resnet50,resnet50_linear_head,d8_right,2178,2178,1,0.9745439887046814,1,1,True
resnet50,resnet50_linear_head,d8_right,2191,2191,8,0.9749199151992798,8,8,True
resnet50,resnet50_linear_head,d8_right,2230,2230,8,0.9641480445861816,8,8,True
resnet50,resnet50_linear_head,d8_right,2242,2242,0,0.9842517375946045,0,0,True
resnet50,resnet50_linear_head,d8_right,2265,2265,5,0.9765452742576599,5,5,True
resnet50,resnet50_linear_head,d8_right,2268,2268,5,0.964020311832428,5,5,True
resnet50,resnet50_linear_head,d8_right,2291,2291,3,0.9329167008399963,3,3,True
resnet50,resnet50_linear_head,d8_right,2334,2334,5,0.9675840735435486,5,5,True
resnet50,resnet50_linear_head,d8_right,2340,2340,8,0.9905984401702881,8,8,True
resnet50,resnet50_linear_head,d8_right,2342,2342,8,0.985507071018219,8,8,True
resnet50,resnet50_linear_head,d8_right,2351,2351,9,0.9825650453567505,9,9,True
resnet50,resnet50_linear_head,d8_right,2391,2391,5,0.9161777496337891,5,4,False
resnet50,resnet50_linear_head,d8_right,2392,2392,2,0.9846258163452148,2,2,True
resnet50,resnet50_linear_head,d8_right,2399,2399,4,0.954379141330719,4,4,True
resnet50,resnet50_linear_head,d8_right,2414,2414,9,0.9793018698692322,9,9,True
resnet50,resnet50_linear_head,d8_right,2427,2427,5,0.9568033218383789,5,5,True
resnet50,resnet50_linear_head,d8_right,2458,2458,5,0.9822823405265808,5,5,True
resnet50,resnet50_linear_head,d8_right,2501,2501,7,0.976615846157074,7,7,True
resnet50,resnet50_linear_head,d8_right,2502,2502,2,0.9822622537612915,2,2,True
resnet50,resnet50_linear_head,d8_right,2536,2536,3,0.9529091715812683,3,3,True
resnet50,resnet50_linear_head,d8_right,2539,2539,3,0.9605748653411865,3,3,True
resnet50,resnet50_linear_head,d8_right,2610,2610,6,0.9567712545394897,6,6,True
resnet50,resnet50_linear_head,d8_right,2623,2623,5,0.9069183468818665,5,5,True
resnet50,resnet50_linear_head,d8_right,2655,2655,9,0.9781784415245056,9,9,True
resnet50,resnet50_linear_head,d8_right,2668,2668,7,0.9634419083595276,7,7,True
resnet50,resnet50_linear_head,d8_right,2676,2676,6,0.9411353468894958,6,6,True
resnet50,resnet50_linear_head,d8_right,2687,2687,1,0.9478535652160645,1,1,True
resnet50,resnet50_linear_head,d8_right,2690,2690,1,0.9452878832817078,1,1,True
resnet50,resnet50_linear_head,d8_right,2704,2704,4,0.9771320223808289,4,4,True
resnet50,resnet50_linear_head,d8_right,2745,2745,8,0.9627799987792969,8,8,True
resnet50,resnet50_linear_head,d8_right,2746,2746,7,0.9380407333374023,7,7,True
resnet50,resnet50_linear_head,d8_right,2750,2750,0,0.9773501753807068,0,0,True
resnet50,resnet50_linear_head,d8_right,2754,2754,3,0.9712263345718384,3,3,True
resnet50,resnet50_linear_head,d8_right,2757,2757,4,0.9717178344726562,4,4,True
resnet50,resnet50_linear_head,d8_right,2766,2766,5,0.9599360823631287,5,5,True
resnet50,resnet50_linear_head,d8_right,2807,2807,5,0.864326536655426,4,4,True
resnet50,resnet50_linear_head,d8_right,2844,2844,8,0.9794817566871643,8,8,True
resnet50,resnet50_linear_head,d8_right,2854,2854,7,0.9791826009750366,7,7,True
resnet50,resnet50_linear_head,d8_right,2861,2861,3,0.9574189186096191,3,3,True
resnet50,resnet50_linear_head,d8_right,2888,2888,0,0.9906779527664185,0,0,True
resnet50,resnet50_linear_head,d8_right,2898,2898,4,0.9722094535827637,4,4,True
resnet50,resnet50_linear_head,d8_right,2950,2950,5,0.9707542657852173,5,5,True
resnet50,resnet50_linear_head,d8_right,2958,2958,6,0.9859352707862854,6,6,True
resnet50,resnet50_linear_head,d8_right,3015,3015,8,0.9748935699462891,8,8,True
resnet50,resnet50_linear_head,d8_right,3024,3024,2,0.9544687271118164,2,2,True
resnet50,resnet50_linear_head,d8_right,3025,3025,0,0.9652692675590515,0,0,True
resnet50,resnet50_linear_head,d8_right,3034,3034,4,0.9800241589546204,4,4,True
resnet50,resnet50_linear_head,d8_right,3067,3067,2,0.9898058176040649,2,2,True
resnet50,resnet50_linear_head,d8_right,3078,3078,4,0.9796412587165833,4,4,True
resnet50,resnet50_linear_head,d8_right,3079,3079,1,0.9579381942749023,1,1,True
resnet50,resnet50_linear_head,d8_right,3083,3083,0,0.9861729741096497,0,0,True
resnet50,resnet50_linear_head,d8_right,3122,3122,4,0.9742487668991089,4,4,True
resnet50,resnet50_linear_head,d8_right,3153,3153,7,0.9675770998001099,7,7,True
resnet50,resnet50_linear_head,d8_right,3157,3157,8,0.9844800233840942,8,8,True
resnet50,resnet50_linear_head,d8_right,3163,3163,2,0.9724705815315247,2,2,True
resnet50,resnet50_linear_head,d8_right,3179,3179,4,0.962775468826294,4,4,True
resnet50,resnet50_linear_head,d8_right,3191,3191,6,0.9514020085334778,6,6,True
resnet50,resnet50_linear_head,d8_right,3276,3276,3,0.9381980895996094,3,3,True
resnet50,resnet50_linear_head,d8_right,3287,3287,4,0.979619026184082,4,4,True
resnet50,resnet50_linear_head,d8_right,3288,3288,7,0.9613789319992065,7,7,True
resnet50,resnet50_linear_head,d8_right,3292,3292,6,0.9681742191314697,6,6,True
resnet50,resnet50_linear_head,d8_right,3318,3318,9,0.9797674417495728,9,9,True
resnet50,resnet50_linear_head,d8_right,3347,3347,0,0.9528504014015198,0,0,True
resnet50,resnet50_linear_head,d8_right,3353,3353,5,0.9569810628890991,3,3,True
resnet50,resnet50_linear_head,d8_right,3362,3362,2,0.9917228817939758,2,2,True
resnet50,resnet50_linear_head,d8_right,3365,3365,4,0.9606548547744751,4,4,True
resnet50,resnet50_linear_head,d8_right,3375,3375,3,0.9808681011199951,3,3,True
resnet50,resnet50_linear_head,d8_right,3383,3383,3,0.8778561353683472,3,3,True
resnet50,resnet50_linear_head,d8_right,3404,3404,7,0.9715678095817566,7,7,True
resnet50,resnet50_linear_head,d8_right,3412,3412,8,0.9827718138694763,8,8,True
resnet50,resnet50_linear_head,d8_right,3413,3413,1,0.9732857942581177,1,1,True
resnet50,resnet50_linear_head,d8_right,3418,3418,6,0.977044939994812,6,6,True
resnet50,resnet50_linear_head,d8_right,3437,3437,0,0.9569597244262695,0,0,True
resnet50,resnet50_linear_head,d8_right,3446,3446,7,0.9556252956390381,7,7,True
resnet50,resnet50_linear_head,d8_right,3454,3454,2,0.9678539633750916,2,2,True
resnet50,resnet50_linear_head,d8_right,3455,3455,0,0.9863789081573486,0,0,True
resnet50,resnet50_linear_head,d8_right,3458,3458,4,0.9792034029960632,4,4,True
resnet50,resnet50_linear_head,d8_right,3467,3467,7,0.9608065485954285,7,7,True
resnet50,resnet50_linear_head,d8_right,3491,3491,1,0.9621331691741943,1,1,True
resnet50,resnet50_linear_head,d8_right,3494,3494,6,0.986198902130127,6,6,True
resnet50,resnet50_linear_head,d8_right,3512,3512,4,0.9760506749153137,4,4,True
resnet50,resnet50_linear_head,d8_right,3515,3515,6,0.9716851115226746,6,6,True
resnet50,resnet50_linear_head,d8_right,3542,3542,7,0.9734212160110474,7,7,True
resnet50,resnet50_linear_head,d8_right,3550,3550,1,0.97697514295578,1,1,True
resnet50,resnet50_linear_head,d8_right,3562,3562,3,0.95478755235672,3,3,True
resnet50,resnet50_linear_head,d8_right,3755,3755,2,0.9790583848953247,2,2,True
resnet50,resnet50_linear_head,d8_right,3763,3763,4,0.9769428372383118,4,4,True
resnet50,resnet50_linear_head,d8_right,3777,3777,6,0.9798049330711365,6,6,True
resnet50,resnet50_linear_head,d8_right,3778,3778,3,0.967548668384552,3,3,True
resnet50,resnet50_linear_head,d8_right,3779,3779,6,0.9167283177375793,6,6,True
resnet50,resnet50_linear_head,d8_right,3844,3844,6,0.9797537326812744,6,6,True
resnet50,resnet50_linear_head,d8_right,3851,3851,3,0.975543737411499,3,3,True
resnet50,resnet50_linear_head,d8_right,3852,3852,5,0.9369533061981201,5,5,True
resnet50,resnet50_linear_head,d8_right,3863,3863,5,0.9803501963615417,5,5,True
resnet50,resnet50_linear_head,d8_right,3867,3867,7,0.9445760250091553,7,7,True
resnet50,resnet50_linear_head,d8_right,3876,3876,0,0.9523239731788635,0,0,True
resnet50,resnet50_linear_head,d8_right,3889,3889,5,0.9671845436096191,5,5,True
resnet50,resnet50_linear_head,d8_right,3891,3891,4,0.9546156525611877,4,4,True
resnet50,resnet50_linear_head,d8_right,3893,3893,9,0.968508243560791,9,9,True
resnet50,resnet50_linear_head,d8_right,3905,3905,8,0.9785091876983643,8,8,True
resnet50,resnet50_linear_head,d8_right,3914,3914,3,0.9771062135696411,3,3,True
resnet50,resnet50_linear_head,d8_right,3937,3937,1,0.9770686626434326,1,1,True
resnet50,resnet50_linear_head,d8_right,3942,3942,9,0.9723495244979858,9,9,True
resnet50,resnet50_linear_head,d8_right,3948,3948,8,0.98490309715271,8,8,True
resnet50,resnet50_linear_head,d8_right,3962,3962,6,0.9730707406997681,6,6,True
resnet50,resnet50_linear_head,d8_right,3965,3965,0,0.9777109026908875,0,0,True
resnet50,resnet50_linear_head,d8_right,3994,3994,4,0.9717886447906494,4,4,True
resnet50,resnet50_linear_head,d8_right,3996,3996,9,0.9574517011642456,9,9,True
resnet50,resnet50_linear_head,d8_right,4011,4011,6,0.9762567281723022,6,6,True
resnet50,resnet50_linear_head,d8_right,4023,4023,3,0.9590085744857788,3,3,True
resnet50,resnet50_linear_head,d8_right,4054,4054,4,0.9755386114120483,4,4,True
resnet50,resnet50_linear_head,d8_right,4065,4065,2,0.9401001930236816,2,2,True
resnet50,resnet50_linear_head,d8_right,4069,4069,8,0.9807828068733215,8,8,True
resnet50,resnet50_linear_head,d8_right,4093,4093,6,0.9478276371955872,6,6,True
resnet50,resnet50_linear_head,d8_right,4094,4094,9,0.9769401550292969,9,9,True
resnet50,resnet50_linear_head,d8_right,4106,4106,5,0.9615481495857239,5,5,True
resnet50,resnet50_linear_head,d8_right,4130,4130,0,0.9773969650268555,0,0,True
resnet50,resnet50_linear_head,d8_right,4168,4168,3,0.970187246799469,3,3,True
resnet50,resnet50_linear_head,d8_right,4170,4170,8,0.9798204898834229,8,8,True
resnet50,resnet50_linear_head,d8_right,4172,4172,7,0.9597551822662354,7,7,True
resnet50,resnet50_linear_head,d8_right,4177,4177,8,0.9543264508247375,8,8,True
resnet50,resnet50_linear_head,d8_right,4215,4215,3,0.953637957572937,3,3,True
resnet50,resnet50_linear_head,d8_right,4229,4229,3,0.9672855138778687,3,3,True
resnet50,resnet50_linear_head,d8_right,4236,4236,7,0.9506428837776184,7,7,True
resnet50,resnet50_linear_head,d8_right,4242,4242,8,0.9915655851364136,8,8,True
resnet50,resnet50_linear_head,d8_right,4254,4254,6,0.9779281616210938,6,6,True
resnet50,resnet50_linear_head,d8_right,4290,4290,5,0.9519627690315247,5,5,True
resnet50,resnet50_linear_head,d8_right,4298,4298,1,0.9911161661148071,1,1,True
resnet50,resnet50_linear_head,d8_right,4308,4308,7,0.9611890316009521,7,7,True
resnet50,resnet50_linear_head,d8_right,4311,4311,8,0.9761777520179749,8,8,True
resnet50,resnet50_linear_head,d8_right,4323,4323,3,0.9132417440414429,3,3,True
resnet50,resnet50_linear_head,d8_right,4330,4330,3,0.9170256853103638,3,3,True
resnet50,resnet50_linear_head,d8_right,4341,4341,6,0.9858613610267639,6,6,True
resnet50,resnet50_linear_head,d8_right,4355,4355,8,0.9747762084007263,8,8,True
resnet50,resnet50_linear_head,d8_right,4399,4399,0,0.9498013854026794,0,0,True
resnet50,resnet50_linear_head,d8_right,4403,4403,7,0.979382336139679,7,7,True
resnet50,resnet50_linear_head,d8_right,4411,4411,6,0.9512736797332764,6,6,True
resnet50,resnet50_linear_head,d8_right,4449,4449,9,0.9626184701919556,9,9,True
resnet50,resnet50_linear_head,d8_right,4463,4463,3,0.872634768486023,3,3,True
resnet50,resnet50_linear_head,d8_right,4531,4531,3,0.9176650047302246,3,3,True
resnet50,resnet50_linear_head,d8_right,4539,4539,0,0.9765944480895996,0,0,True
resnet50,resnet50_linear_head,d8_right,4547,4547,5,0.9450485706329346,5,5,True
resnet50,resnet50_linear_head,d8_right,4552,4552,8,0.9701411128044128,8,8,True
resnet50,resnet50_linear_head,d8_right,4570,4570,5,0.9430738687515259,5,5,True
resnet50,resnet50_linear_head,d8_right,4590,4590,3,0.9687241315841675,3,3,True
resnet50,resnet50_linear_head,d8_right,4609,4609,3,0.9736315608024597,3,3,True
resnet50,resnet50_linear_head,d8_right,4615,4615,0,0.979226291179657,0,0,True
resnet50,resnet50_linear_head,d8_right,4617,4617,0,0.9761292934417725,0,0,True
resnet50,resnet50_linear_head,d8_right,4620,4620,6,0.9727206230163574,6,6,True
resnet50,resnet50_linear_head,d8_right,4629,4629,4,0.9357700943946838,4,4,True
resnet50,resnet50_linear_head,d8_right,4640,4640,1,0.9630547761917114,1,1,True
resnet50,resnet50_linear_head,d8_right,4642,4642,4,0.9770165085792542,4,4,True
resnet50,resnet50_linear_head,d8_right,4661,4661,7,0.9357991814613342,7,7,True
resnet50,resnet50_linear_head,d8_right,4662,4662,8,0.9851334095001221,8,8,True
resnet50,resnet50_linear_head,d8_right,4675,4675,0,0.9716703295707703,0,0,True
resnet50,resnet50_linear_head,d8_right,4676,4676,8,0.9699122905731201,8,8,True
resnet50,resnet50_linear_head,d8_right,4704,4704,7,0.9512996673583984,7,7,True
resnet50,resnet50_linear_head,d8_right,4723,4723,9,0.9835264682769775,9,9,True
resnet50,resnet50_linear_head,d8_right,4731,4731,6,0.9306080937385559,6,6,True
resnet50,resnet50_linear_head,d8_right,4735,4735,2,0.9809044599533081,2,2,True
resnet50,resnet50_linear_head,d8_right,4740,4740,4,0.9637451767921448,4,4,True
resnet50,resnet50_linear_head,d8_right,4746,4746,6,0.968003511428833,6,6,True
resnet50,resnet50_linear_head,d8_right,4748,4748,7,0.978929877281189,7,7,True
resnet50,resnet50_linear_head,d8_right,4754,4754,6,0.9761569499969482,6,6,True
resnet50,resnet50_linear_head,d8_right,4785,4785,0,0.9841474890708923,0,0,True
resnet50,resnet50_linear_head,d8_right,4791,4791,7,0.9865514039993286,7,7,True
resnet50,resnet50_linear_head,d8_right,4819,4819,0,0.9652763605117798,0,0,True
resnet50,resnet50_linear_head,d8_right,4821,4821,3,0.9839704632759094,3,3,True
resnet50,resnet50_linear_head,d8_right,4827,4827,6,0.9728308916091919,6,6,True
resnet50,resnet50_linear_head,d8_right,4850,4850,5,0.9693982601165771,5,5,True
resnet50,resnet50_linear_head,d8_right,4881,4881,3,0.9305563569068909,3,3,True
resnet50,resnet50_linear_head,d8_right,4893,4893,0,0.9050062894821167,0,0,True
resnet50,resnet50_linear_head,d8_right,4908,4908,3,0.9692192673683167,3,3,True
resnet50,resnet50_linear_head,d8_right,4913,4913,2,0.9882022142410278,2,2,True
resnet50,resnet50_linear_head,d8_right,4921,4921,2,0.9799867868423462,2,2,True
resnet50,resnet50_linear_head,d8_right,4953,4953,5,0.9427560567855835,5,5,True
resnet50,resnet50_linear_head,d8_right,4966,4966,5,0.9509743452072144,5,5,True
resnet50,resnet50_linear_head,d8_right,4990,4990,8,0.9742262959480286,8,8,True
resnet50,resnet50_linear_head,d8_right,5000,5000,8,0.9819791316986084,8,8,True
resnet50,resnet50_linear_head,d8_right,5030,5030,2,0.98093581199646,2,2,True
resnet50,resnet50_linear_head,d8_right,5062,5062,4,0.9819360971450806,4,4,True
resnet50,resnet50_linear_head,d8_right,5077,5077,4,0.9741504788398743,4,4,True
resnet50,resnet50_linear_head,d8_right,5082,5082,6,0.9877762794494629,6,6,True
resnet50,resnet50_linear_head,d8_right,5092,5092,1,0.9710367321968079,1,1,True
resnet50,resnet50_linear_head,d8_right,5101,5101,5,0.9684730172157288,5,5,True
resnet50,resnet50_linear_head,d8_right,5117,5117,0,0.9850899577140808,0,0,True
resnet50,resnet50_linear_head,d8_right,5123,5123,1,0.9787986874580383,1,1,True
resnet50,resnet50_linear_head,d8_right,5135,5135,4,0.9529208540916443,4,4,True
resnet50,resnet50_linear_head,d8_right,5183,5183,2,0.9919250011444092,2,2,True
resnet50,resnet50_linear_head,d8_right,5213,5213,4,0.971548318862915,4,4,True
resnet50,resnet50_linear_head,d8_right,5218,5218,2,0.9867059588432312,2,2,True
resnet50,resnet50_linear_head,d8_right,5220,5220,1,0.9014703035354614,3,3,True
resnet50,resnet50_linear_head,d8_right,5237,5237,2,0.9892928004264832,2,2,True
resnet50,resnet50_linear_head,d8_right,5256,5256,1,0.925207793712616,1,1,True
resnet50,resnet50_linear_head,d8_right,5284,5284,9,0.9675801992416382,9,9,True
resnet50,resnet50_linear_head,d8_right,5301,5301,9,0.9719278812408447,9,9,True
resnet50,resnet50_linear_head,d8_right,5318,5318,2,0.980809211730957,2,2,True
resnet50,resnet50_linear_head,d8_right,5332,5332,5,0.8782860636711121,5,5,True
resnet50,resnet50_linear_head,d8_right,5333,5333,2,0.9653465747833252,2,2,True
resnet50,resnet50_linear_head,d8_right,5360,5360,9,0.9859349727630615,9,9,True
resnet50,resnet50_linear_head,d8_right,5381,5381,5,0.9731537103652954,5,6,False
resnet50,resnet50_linear_head,d8_right,5382,5382,6,0.9109632968902588,6,6,True
resnet50,resnet50_linear_head,d8_right,5395,5395,2,0.948575496673584,2,2,True
resnet50,resnet50_linear_head,d8_right,5402,5402,4,0.9838232398033142,4,4,True
resnet50,resnet50_linear_head,d8_right,5408,5408,6,0.9742241501808167,6,6,True
resnet50,resnet50_linear_head,d8_right,5436,5436,7,0.9845398664474487,7,7,True
resnet50,resnet50_linear_head,d8_right,5447,5447,9,0.9815706014633179,9,9,True
resnet50,resnet50_linear_head,d8_right,5450,5450,7,0.9834042191505432,7,7,True
resnet50,resnet50_linear_head,d8_right,5451,5451,8,0.9688576459884644,8,8,True
resnet50,resnet50_linear_head,d8_right,5452,5452,9,0.9578033685684204,9,9,True
resnet50,resnet50_linear_head,d8_right,5467,5467,4,0.9837107062339783,4,4,True
resnet50,resnet50_linear_head,d8_right,5478,5478,0,0.9657571911811829,0,0,True
resnet50,resnet50_linear_head,d8_right,5488,5488,1,0.9655414819717407,7,7,True
resnet50,resnet50_linear_head,d8_right,5496,5496,5,0.9749464988708496,5,5,True
resnet50,resnet50_linear_head,d8_right,5508,5508,9,0.9791476130485535,9,9,True
resnet50,resnet50_linear_head,d8_right,5512,5512,2,0.9346430897712708,9,9,True
resnet50,resnet50_linear_head,d8_right,5525,5525,8,0.9690784215927124,8,8,True
resnet50,resnet50_linear_head,d8_right,5528,5528,3,0.9527245759963989,5,5,True
resnet50,resnet50_linear_head,d8_right,5556,5556,4,0.9777064919471741,4,4,True
resnet50,resnet50_linear_head,d8_right,5560,5560,1,0.9915122389793396,1,1,True
resnet50,resnet50_linear_head,d8_right,5572,5572,9,0.983371376991272,9,9,True
resnet50,resnet50_linear_head,d8_right,5580,5580,6,0.9750455617904663,6,6,True
resnet50,resnet50_linear_head,d8_right,5590,5590,9,0.977631151676178,9,9,True
resnet50,resnet50_linear_head,d8_right,5623,5623,4,0.9639796018600464,4,4,True
resnet50,resnet50_linear_head,d8_right,5677,5677,2,0.9794533848762512,2,2,True
resnet50,resnet50_linear_head,d8_right,5694,5694,8,0.989503026008606,8,8,True
resnet50,resnet50_linear_head,d8_right,5701,5701,5,0.9568908214569092,5,5,True
resnet50,resnet50_linear_head,d8_right,5705,5705,8,0.973669171333313,8,8,True
resnet50,resnet50_linear_head,d8_right,5719,5719,7,0.9862679243087769,7,7,True
resnet50,resnet50_linear_head,d8_right,5729,5729,6,0.9640573263168335,6,6,True
resnet50,resnet50_linear_head,d8_right,5756,5756,2,0.9872158169746399,2,2,True
resnet50,resnet50_linear_head,d8_right,5788,5788,9,0.9869909286499023,9,9,True
resnet50,resnet50_linear_head,d8_right,5789,5789,4,0.8929851055145264,4,4,True
resnet50,resnet50_linear_head,d8_right,5824,5824,2,0.9797720909118652,2,2,True
resnet50,resnet50_linear_head,d8_right,5848,5848,7,0.957409143447876,7,7,True
resnet50,resnet50_linear_head,d8_right,5851,5851,9,0.9827442169189453,9,9,True
resnet50,resnet50_linear_head,d8_right,5857,5857,6,0.9605515599250793,4,4,True
resnet50,resnet50_linear_head,d8_right,5858,5858,6,0.9614454507827759,6,6,True
resnet50,resnet50_linear_head,d8_right,5912,5912,0,0.9790163636207581,0,0,True
resnet50,resnet50_linear_head,d8_right,5915,5915,9,0.9684208631515503,9,9,True
resnet50,resnet50_linear_head,d8_right,5918,5918,0,0.9467771053314209,0,0,True
resnet50,resnet50_linear_head,d8_right,5924,5924,5,0.9576829075813293,5,5,True
resnet50,resnet50_linear_head,d8_right,5977,5977,7,0.9891659617424011,7,7,True
resnet50,resnet50_linear_head,d8_right,5981,5981,9,0.9666483402252197,9,9,True
resnet50,resnet50_linear_head,d8_right,5999,5999,0,0.9635959267616272,0,0,True
resnet50,resnet50_linear_head,d8_right,6028,6028,2,0.9631069898605347,2,2,True
resnet50,resnet50_linear_head,d8_right,6033,6033,4,0.9568321704864502,4,4,True
resnet50,resnet50_linear_head,d8_right,6076,6076,1,0.9608751535415649,1,1,True
resnet50,resnet50_linear_head,d8_right,6084,6084,7,0.9780834913253784,7,7,True
resnet50,resnet50_linear_head,d8_right,6097,6097,4,0.9743923544883728,4,4,True
resnet50,resnet50_linear_head,d8_right,6169,6169,1,0.9573888778686523,1,1,True
resnet50,resnet50_linear_head,d8_right,6190,6190,7,0.9685401320457458,7,7,True
resnet50,resnet50_linear_head,d8_right,6224,6224,5,0.9831880331039429,5,5,True
resnet50,resnet50_linear_head,d8_right,6244,6244,2,0.9308830499649048,2,2,True
resnet50,resnet50_linear_head,d8_right,6264,6264,2,0.9828513860702515,2,2,True
resnet50,resnet50_linear_head,d8_right,6271,6271,2,0.9646705389022827,2,2,True
resnet50,resnet50_linear_head,d8_right,6288,6288,4,0.9666262865066528,4,4,True
resnet50,resnet50_linear_head,d8_right,6332,6332,2,0.9818521738052368,2,2,True
resnet50,resnet50_linear_head,d8_right,6349,6349,1,0.9694591760635376,1,1,True
resnet50,resnet50_linear_head,d8_right,6354,6354,2,0.9748710989952087,2,2,True
resnet50,resnet50_linear_head,d8_right,6358,6358,5,0.9789194464683533,5,5,True
resnet50,resnet50_linear_head,d8_right,6381,6381,6,0.9674903750419617,6,6,True
resnet50,resnet50_linear_head,d8_right,6414,6414,5,0.8635483980178833,5,5,True
resnet50,resnet50_linear_head,d8_right,6426,6426,2,0.9475830793380737,2,2,True
resnet50,resnet50_linear_head,d8_right,6434,6434,8,0.9783535599708557,8,8,True
resnet50,resnet50_linear_head,d8_right,6437,6437,0,0.9713858962059021,0,0,True
resnet50,resnet50_linear_head,d8_right,6455,6455,0,0.9668723344802856,0,0,True
resnet50,resnet50_linear_head,d8_right,6490,6490,3,0.959069550037384,3,3,True
resnet50,resnet50_linear_head,d8_right,6503,6503,2,0.9753034114837646,2,2,True
resnet50,resnet50_linear_head,d8_right,6508,6508,4,0.9861028790473938,4,4,True
resnet50,resnet50_linear_head,d8_right,6528,6528,4,0.9604825377464294,4,4,True
resnet50,resnet50_linear_head,d8_right,6594,6594,1,0.9801446795463562,1,1,True
resnet50,resnet50_linear_head,d8_right,6609,6609,0,0.9905593991279602,0,0,True
resnet50,resnet50_linear_head,d8_right,6616,6616,2,0.9651110768318176,2,2,True
resnet50,resnet50_linear_head,d8_right,6650,6650,7,0.9230712056159973,7,7,True
resnet50,resnet50_linear_head,d8_right,6689,6689,8,0.9807926416397095,8,8,True
resnet50,resnet50_linear_head,d8_right,6692,6692,2,0.9830078482627869,2,2,True
resnet50,resnet50_linear_head,d8_right,6713,6713,6,0.9730356931686401,6,6,True
resnet50,resnet50_linear_head,d8_right,6716,6716,5,0.9682624936103821,5,5,True
resnet50,resnet50_linear_head,d8_right,6726,6726,7,0.9688546061515808,7,7,True
resnet50,resnet50_linear_head,d8_right,6733,6733,1,0.9911441206932068,1,1,True
resnet50,resnet50_linear_head,d8_right,6772,6772,7,0.9289289712905884,7,7,True
resnet50,resnet50_linear_head,d8_right,6805,6805,1,0.9837852716445923,1,1,True
resnet50,resnet50_linear_head,d8_right,6836,6836,1,0.955772340297699,1,1,True
resnet50,resnet50_linear_head,d8_right,6844,6844,0,0.9862275719642639,0,0,True
resnet50,resnet50_linear_head,d8_right,6922,6922,5,0.971430242061615,5,5,True
resnet50,resnet50_linear_head,d8_right,6931,6931,9,0.9732229113578796,9,9,True
resnet50,resnet50_linear_head,d8_right,6938,6938,1,0.9786184430122375,1,1,True
resnet50,resnet50_linear_head,d8_right,6952,6952,3,0.9568561911582947,3,3,True
resnet50,resnet50_linear_head,d8_right,6954,6954,1,0.9694716930389404,1,1,True
resnet50,resnet50_linear_head,d8_right,6986,6986,0,0.9876211285591125,0,0,True
resnet50,resnet50_linear_head,d8_right,6989,6989,5,0.9911689758300781,5,5,True
resnet50,resnet50_linear_head,d8_right,7009,7009,0,0.9799425601959229,0,0,True
resnet50,resnet50_linear_head,d8_right,7029,7029,1,0.9882562756538391,1,1,True
resnet50,resnet50_linear_head,d8_right,7033,7033,1,0.9581819772720337,1,1,True
resnet50,resnet50_linear_head,d8_right,7041,7041,5,0.9295080900192261,5,5,True
resnet50,resnet50_linear_head,d8_right,7047,7047,9,0.9841580390930176,9,9,True
resnet50,resnet50_linear_head,d8_right,7081,7081,7,0.8944008946418762,7,7,True
resnet50,resnet50_linear_head,d8_right,7084,7084,2,0.9848200678825378,2,2,True
resnet50,resnet50_linear_head,d8_right,7108,7108,6,0.9774114489555359,6,6,True
resnet50,resnet50_linear_head,d8_right,7130,7130,5,0.9716882705688477,5,5,True
resnet50,resnet50_linear_head,d8_right,7138,7138,8,0.9859451055526733,8,8,True
resnet50,resnet50_linear_head,d8_right,7150,7150,0,0.9802553057670593,0,0,True
resnet50,resnet50_linear_head,d8_right,7202,7202,1,0.9386283755302429,1,1,True
resnet50,resnet50_linear_head,d8_right,7262,7262,0,0.9884730577468872,0,0,True
resnet50,resnet50_linear_head,d8_right,7266,7266,9,0.9772803783416748,9,9,True
resnet50,resnet50_linear_head,d8_right,7270,7270,7,0.9343037605285645,7,7,True
resnet50,resnet50_linear_head,d8_right,7309,7309,0,0.9752045273780823,0,0,True
resnet50,resnet50_linear_head,d8_right,7320,7320,0,0.9712456464767456,0,0,True
resnet50,resnet50_linear_head,d8_right,7338,7338,6,0.9675038456916809,6,6,True
resnet50,resnet50_linear_head,d8_right,7372,7372,0,0.9688077569007874,0,0,True
resnet50,resnet50_linear_head,d8_right,7373,7373,0,0.9808157086372375,0,0,True
resnet50,resnet50_linear_head,d8_right,7380,7380,9,0.9741376638412476,9,9,True
resnet50,resnet50_linear_head,d8_right,7390,7390,1,0.9422609806060791,1,1,True
resnet50,resnet50_linear_head,d8_right,7413,7413,5,0.9747387766838074,5,5,True
resnet50,resnet50_linear_head,d8_right,7416,7416,3,0.9667549133300781,5,5,True
resnet50,resnet50_linear_head,d8_right,7425,7425,2,0.9751133322715759,2,2,True
resnet50,resnet50_linear_head,d8_right,7446,7446,8,0.9834007620811462,8,8,True
resnet50,resnet50_linear_head,d8_right,7460,7460,8,0.9671581387519836,8,8,True
resnet50,resnet50_linear_head,d8_right,7465,7465,0,0.970625638961792,0,0,True
resnet50,resnet50_linear_head,d8_right,7474,7474,5,0.9764823317527771,5,5,True
resnet50,resnet50_linear_head,d8_right,7475,7475,4,0.9702016711235046,4,4,True
resnet50,resnet50_linear_head,d8_right,7476,7476,8,0.9834756255149841,8,8,True
resnet50,resnet50_linear_head,d8_right,7544,7544,9,0.9848661422729492,9,9,True
resnet50,resnet50_linear_head,d8_right,7555,7555,6,0.9669069051742554,6,6,True
resnet50,resnet50_linear_head,d8_right,7600,7600,6,0.9789502620697021,6,6,True
resnet50,resnet50_linear_head,d8_right,7610,7610,4,0.9692891836166382,4,4,True
resnet50,resnet50_linear_head,d8_right,7634,7634,0,0.9887757301330566,0,0,True
resnet50,resnet50_linear_head,d8_right,7692,7692,4,0.9132013916969299,4,4,True
resnet50,resnet50_linear_head,d8_right,7706,7706,5,0.9693223834037781,5,5,True
resnet50,resnet50_linear_head,d8_right,7726,7726,6,0.9703007936477661,6,6,True
resnet50,resnet50_linear_head,d8_right,7744,7744,3,0.9120351672172546,3,3,True
resnet50,resnet50_linear_head,d8_right,7752,7752,9,0.97510826587677,9,9,True
resnet50,resnet50_linear_head,d8_right,7776,7776,5,0.9470095634460449,5,5,True
resnet50,resnet50_linear_head,d8_right,7779,7779,6,0.9574926495552063,6,6,True
resnet50,resnet50_linear_head,d8_right,7781,7781,6,0.9705911874771118,6,6,True
resnet50,resnet50_linear_head,d8_right,7793,7793,3,0.9689655900001526,5,5,True
resnet50,resnet50_linear_head,d8_right,7797,7797,3,0.9723124504089355,3,3,True
resnet50,resnet50_linear_head,d8_right,7810,7810,8,0.9893711805343628,8,8,True
resnet50,resnet50_linear_head,d8_right,7818,7818,8,0.9506032466888428,8,8,True
resnet50,resnet50_linear_head,d8_right,7835,7835,7,0.9771414995193481,7,7,True
resnet50,resnet50_linear_head,d8_right,7864,7864,4,0.9862772226333618,4,4,True
resnet50,resnet50_linear_head,d8_right,7875,7875,8,0.975633442401886,8,8,True
resnet50,resnet50_linear_head,d8_right,7938,7938,9,0.9757209420204163,9,9,True
resnet50,resnet50_linear_head,d8_right,7940,7940,4,0.9700073003768921,4,4,True
resnet50,resnet50_linear_head,d8_right,7944,7944,4,0.9630311131477356,4,4,True
resnet50,resnet50_linear_head,d8_right,7955,7955,1,0.9681696891784668,1,1,True
resnet50,resnet50_linear_head,d8_right,7995,7995,9,0.9828958511352539,9,9,True
resnet50,resnet50_linear_head,d8_right,7996,7996,6,0.9657464027404785,6,6,True
resnet50,resnet50_linear_head,d8_right,7999,7999,8,0.987662672996521,8,8,True
resnet50,resnet50_linear_head,d16_up,3,3,0,0.9727907776832581,0,0,True
resnet50,resnet50_linear_head,d16_up,29,29,7,0.9469712972640991,7,7,True
resnet50,resnet50_linear_head,d16_up,35,35,2,0.9582639932632446,2,2,True
resnet50,resnet50_linear_head,d16_up,42,42,0,0.9675105810165405,0,0,True
resnet50,resnet50_linear_head,d16_up,49,49,2,0.9831899404525757,2,2,True
resnet50,resnet50_linear_head,d16_up,81,81,0,0.934112548828125,0,0,True
resnet50,resnet50_linear_head,d16_up,95,95,1,0.9647877216339111,1,1,True
resnet50,resnet50_linear_head,d16_up,97,97,5,0.9714019894599915,5,5,True
resnet50,resnet50_linear_head,d16_up,116,116,1,0.9606071710586548,1,1,True
resnet50,resnet50_linear_head,d16_up,131,131,9,0.9411027431488037,9,9,True
resnet50,resnet50_linear_head,d16_up,151,151,8,0.9482471346855164,8,8,True
resnet50,resnet50_linear_head,d16_up,171,171,4,0.971191942691803,4,4,True
resnet50,resnet50_linear_head,d16_up,176,176,3,0.9572805166244507,3,3,True
resnet50,resnet50_linear_head,d16_up,191,191,9,0.9715166687965393,9,9,True
resnet50,resnet50_linear_head,d16_up,194,194,8,0.9559383988380432,8,8,True
resnet50,resnet50_linear_head,d16_up,198,198,1,0.9500573873519897,1,1,True
resnet50,resnet50_linear_head,d16_up,239,239,9,0.9380587339401245,9,9,True
resnet50,resnet50_linear_head,d16_up,261,261,1,0.9849128723144531,1,1,True
resnet50,resnet50_linear_head,d16_up,269,269,7,0.9489346146583557,7,7,True
resnet50,resnet50_linear_head,d16_up,276,276,9,0.9498285055160522,9,9,True
resnet50,resnet50_linear_head,d16_up,303,303,9,0.9679030776023865,9,9,True
resnet50,resnet50_linear_head,d16_up,304,304,1,0.9192065000534058,1,1,True
resnet50,resnet50_linear_head,d16_up,317,317,2,0.9616826176643372,2,2,True
resnet50,resnet50_linear_head,d16_up,319,319,5,0.9705318808555603,5,5,True
resnet50,resnet50_linear_head,d16_up,323,323,7,0.981127142906189,7,7,True
resnet50,resnet50_linear_head,d16_up,365,365,3,0.9572420716285706,3,3,True
resnet50,resnet50_linear_head,d16_up,370,370,7,0.9600841403007507,7,7,True
resnet50,resnet50_linear_head,d16_up,372,372,3,0.9464660882949829,3,3,True
resnet50,resnet50_linear_head,d16_up,378,378,5,0.976919412612915,5,5,True
resnet50,resnet50_linear_head,d16_up,391,391,3,0.967629075050354,3,3,True
resnet50,resnet50_linear_head,d16_up,409,409,2,0.9515337347984314,2,2,True
resnet50,resnet50_linear_head,d16_up,419,419,9,0.9763707518577576,9,9,True
resnet50,resnet50_linear_head,d16_up,449,449,6,0.9771451950073242,6,6,True
resnet50,resnet50_linear_head,d16_up,470,470,2,0.9699949026107788,2,2,True
resnet50,resnet50_linear_head,d16_up,483,483,2,0.9629608392715454,2,2,True
resnet50,resnet50_linear_head,d16_up,484,484,0,0.9632022380828857,0,0,True
resnet50,resnet50_linear_head,d16_up,506,506,4,0.9596526026725769,4,4,True
resnet50,resnet50_linear_head,d16_up,545,545,6,0.9560078382492065,6,6,True
resnet50,resnet50_linear_head,d16_up,562,562,0,0.9656755328178406,0,0,True
resnet50,resnet50_linear_head,d16_up,568,568,5,0.968622088432312,5,5,True
resnet50,resnet50_linear_head,d16_up,603,603,9,0.9701521396636963,9,9,True
resnet50,resnet50_linear_head,d16_up,632,632,3,0.9665939807891846,3,3,True
resnet50,resnet50_linear_head,d16_up,645,645,5,0.9741266369819641,5,5,True
resnet50,resnet50_linear_head,d16_up,667,667,8,0.9488804936408997,8,8,True
resnet50,resnet50_linear_head,d16_up,672,672,3,0.9592311382293701,3,3,True
resnet50,resnet50_linear_head,d16_up,677,677,3,0.9383524060249329,3,3,True
resnet50,resnet50_linear_head,d16_up,685,685,5,0.973307192325592,5,5,True
resnet50,resnet50_linear_head,d16_up,691,691,4,0.9558793902397156,4,4,True
resnet50,resnet50_linear_head,d16_up,706,706,8,0.930932343006134,8,8,True
resnet50,resnet50_linear_head,d16_up,714,714,2,0.9501623511314392,2,2,True
resnet50,resnet50_linear_head,d16_up,716,716,8,0.9628031849861145,8,8,True
resnet50,resnet50_linear_head,d16_up,738,738,3,0.9462547898292542,3,3,True
resnet50,resnet50_linear_head,d16_up,739,739,8,0.9555486440658569,8,8,True
resnet50,resnet50_linear_head,d16_up,766,766,4,0.9460697770118713,6,6,True
resnet50,resnet50_linear_head,d16_up,791,791,3,0.9649277925491333,3,3,True
resnet50,resnet50_linear_head,d16_up,805,805,9,0.953669011592865,9,9,True
resnet50,resnet50_linear_head,d16_up,825,825,1,0.9755100607872009,1,1,True
resnet50,resnet50_linear_head,d16_up,852,852,9,0.951779842376709,9,9,True
resnet50,resnet50_linear_head,d16_up,855,855,4,0.9338216781616211,4,4,True
resnet50,resnet50_linear_head,d16_up,873,873,6,0.9513859748840332,6,6,True
resnet50,resnet50_linear_head,d16_up,890,890,6,0.9583887457847595,6,6,True
resnet50,resnet50_linear_head,d16_up,920,920,6,0.9658772945404053,6,6,True
resnet50,resnet50_linear_head,d16_up,929,929,6,0.952817976474762,6,6,True
resnet50,resnet50_linear_head,d16_up,962,962,8,0.9752998948097229,8,8,True
resnet50,resnet50_linear_head,d16_up,964,964,6,0.9528159499168396,6,6,True
resnet50,resnet50_linear_head,d16_up,977,977,6,0.9376278519630432,6,6,True
resnet50,resnet50_linear_head,d16_up,979,979,3,0.9715429544448853,3,3,True
resnet50,resnet50_linear_head,d16_up,981,981,2,0.9530724883079529,2,2,True
resnet50,resnet50_linear_head,d16_up,1022,1022,9,0.9580172300338745,9,9,True
resnet50,resnet50_linear_head,d16_up,1032,1032,7,0.9798473715782166,7,7,True
resnet50,resnet50_linear_head,d16_up,1048,1048,7,0.9848487973213196,7,7,True
resnet50,resnet50_linear_head,d16_up,1090,1090,1,0.976424515247345,1,1,True
resnet50,resnet50_linear_head,d16_up,1095,1095,5,0.963090717792511,5,5,True
resnet50,resnet50_linear_head,d16_up,1109,1109,1,0.9596226811408997,1,1,True
resnet50,resnet50_linear_head,d16_up,1111,1111,4,0.9816453456878662,4,4,True
resnet50,resnet50_linear_head,d16_up,1115,1115,1,0.9311671257019043,1,1,True
resnet50,resnet50_linear_head,d16_up,1124,1124,4,0.9676482677459717,4,4,True
resnet50,resnet50_linear_head,d16_up,1129,1129,8,0.949277937412262,8,8,True
resnet50,resnet50_linear_head,d16_up,1175,1175,0,0.9821153283119202,0,0,True
resnet50,resnet50_linear_head,d16_up,1202,1202,2,0.9385697245597839,2,2,True
resnet50,resnet50_linear_head,d16_up,1204,1204,3,0.9048507809638977,3,3,True
resnet50,resnet50_linear_head,d16_up,1211,1211,4,0.9152350425720215,4,4,True
resnet50,resnet50_linear_head,d16_up,1220,1220,7,0.9818615317344666,7,7,True
resnet50,resnet50_linear_head,d16_up,1230,1230,1,0.9315919280052185,1,1,True
resnet50,resnet50_linear_head,d16_up,1247,1247,8,0.96406090259552,8,8,True
resnet50,resnet50_linear_head,d16_up,1263,1263,3,0.9436924457550049,3,3,True
resnet50,resnet50_linear_head,d16_up,1266,1266,4,0.9503855109214783,4,4,True
resnet50,resnet50_linear_head,d16_up,1287,1287,7,0.9698514342308044,7,7,True
resnet50,resnet50_linear_head,d16_up,1296,1296,7,0.9160344004631042,7,7,True
resnet50,resnet50_linear_head,d16_up,1370,1370,3,0.9184132218360901,3,3,True
resnet50,resnet50_linear_head,d16_up,1389,1389,0,0.9683371186256409,0,0,True
resnet50,resnet50_linear_head,d16_up,1401,1401,3,0.964916467666626,3,3,True
resnet50,resnet50_linear_head,d16_up,1403,1403,2,0.9658901691436768,2,2,True
resnet50,resnet50_linear_head,d16_up,1411,1411,9,0.9754980802536011,9,9,True
resnet50,resnet50_linear_head,d16_up,1429,1429,4,0.9712268114089966,4,4,True
resnet50,resnet50_linear_head,d16_up,1430,1430,9,0.9523966312408447,9,9,True
resnet50,resnet50_linear_head,d16_up,1431,1431,3,0.9340357780456543,3,3,True
resnet50,resnet50_linear_head,d16_up,1436,1436,1,0.9457197785377502,1,1,True
resnet50,resnet50_linear_head,d16_up,1440,1440,7,0.9746193885803223,7,7,True
resnet50,resnet50_linear_head,d16_up,1468,1468,9,0.9686893224716187,9,9,True
resnet50,resnet50_linear_head,d16_up,1473,1473,7,0.9529691338539124,7,7,True
resnet50,resnet50_linear_head,d16_up,1515,1515,9,0.9744620323181152,9,9,True
resnet50,resnet50_linear_head,d16_up,1520,1520,2,0.9537220001220703,2,2,True
resnet50,resnet50_linear_head,d16_up,1531,1531,3,0.975900411605835,3,5,False
resnet50,resnet50_linear_head,d16_up,1534,1534,6,0.9143573641777039,6,6,True
resnet50,resnet50_linear_head,d16_up,1552,1552,5,0.9691261053085327,5,5,True
resnet50,resnet50_linear_head,d16_up,1553,1553,0,0.8790038824081421,0,0,True
resnet50,resnet50_linear_head,d16_up,1563,1563,3,0.9262564182281494,3,7,False
resnet50,resnet50_linear_head,d16_up,1568,1568,1,0.9349237084388733,1,1,True
resnet50,resnet50_linear_head,d16_up,1579,1579,7,0.9657653570175171,7,7,True
resnet50,resnet50_linear_head,d16_up,1586,1586,2,0.9583463072776794,2,2,True
resnet50,resnet50_linear_head,d16_up,1596,1596,0,0.9763275980949402,0,0,True
resnet50,resnet50_linear_head,d16_up,1626,1626,5,0.9514954090118408,5,5,True
resnet50,resnet50_linear_head,d16_up,1640,1640,8,0.9262793660163879,8,8,True
resnet50,resnet50_linear_head,d16_up,1644,1644,5,0.958890438079834,5,5,True
resnet50,resnet50_linear_head,d16_up,1648,1648,0,0.9781129956245422,0,0,True
resnet50,resnet50_linear_head,d16_up,1654,1654,9,0.9629076719284058,9,9,True
resnet50,resnet50_linear_head,d16_up,1667,1667,6,0.9589670300483704,6,6,True
resnet50,resnet50_linear_head,d16_up,1703,1703,7,0.9386482238769531,7,7,True
resnet50,resnet50_linear_head,d16_up,1711,1711,7,0.9492242336273193,7,7,True
resnet50,resnet50_linear_head,d16_up,1771,1771,7,0.9569379687309265,7,7,True
resnet50,resnet50_linear_head,d16_up,1783,1783,8,0.9815083146095276,8,8,True
resnet50,resnet50_linear_head,d16_up,1814,1814,2,0.9552147388458252,2,2,True
resnet50,resnet50_linear_head,d16_up,1833,1833,8,0.8832003474235535,8,8,True
resnet50,resnet50_linear_head,d16_up,1836,1836,9,0.935090184211731,9,9,True
resnet50,resnet50_linear_head,d16_up,1839,1839,2,0.9752442240715027,2,2,True
resnet50,resnet50_linear_head,d16_up,1852,1852,1,0.9583736658096313,1,1,True
resnet50,resnet50_linear_head,d16_up,1871,1871,1,0.956978976726532,1,1,True
resnet50,resnet50_linear_head,d16_up,1877,1877,5,0.9728170037269592,5,5,True
resnet50,resnet50_linear_head,d16_up,1884,1884,7,0.8943344354629517,7,7,True
resnet50,resnet50_linear_head,d16_up,1927,1927,7,0.9800229072570801,7,7,True
resnet50,resnet50_linear_head,d16_up,1954,1954,8,0.9460278749465942,8,8,True
resnet50,resnet50_linear_head,d16_up,1956,1956,7,0.9653002619743347,3,3,True
resnet50,resnet50_linear_head,d16_up,1960,1960,4,0.9774641394615173,4,5,False
resnet50,resnet50_linear_head,d16_up,1977,1977,0,0.9363701343536377,0,0,True
resnet50,resnet50_linear_head,d16_up,1986,1986,1,0.9876965284347534,1,1,True
resnet50,resnet50_linear_head,d16_up,1993,1993,1,0.9767048954963684,1,1,True
resnet50,resnet50_linear_head,d16_up,2003,2003,6,0.9766444563865662,6,6,True
resnet50,resnet50_linear_head,d16_up,2011,2011,9,0.9795970320701599,9,9,True
resnet50,resnet50_linear_head,d16_up,2024,2024,0,0.9792979955673218,0,0,True
resnet50,resnet50_linear_head,d16_up,2028,2028,3,0.9260165691375732,3,3,True
resnet50,resnet50_linear_head,d16_up,2062,2062,9,0.9419166445732117,9,9,True
resnet50,resnet50_linear_head,d16_up,2070,2070,1,0.9311354160308838,1,1,True
resnet50,resnet50_linear_head,d16_up,2082,2082,2,0.9700164198875427,2,2,True
resnet50,resnet50_linear_head,d16_up,2095,2095,1,0.945885181427002,1,1,True
resnet50,resnet50_linear_head,d16_up,2109,2109,8,0.9478464722633362,8,8,True
resnet50,resnet50_linear_head,d16_up,2114,2114,9,0.9708174467086792,9,9,True
resnet50,resnet50_linear_head,d16_up,2116,2116,1,0.9509109258651733,3,3,True
resnet50,resnet50_linear_head,d16_up,2157,2157,1,0.93803870677948,1,1,True
resnet50,resnet50_linear_head,d16_up,2167,2167,9,0.9581741094589233,9,9,True
resnet50,resnet50_linear_head,d16_up,2178,2178,1,0.956289529800415,1,1,True
resnet50,resnet50_linear_head,d16_up,2191,2191,8,0.9556442499160767,8,8,True
resnet50,resnet50_linear_head,d16_up,2230,2230,8,0.9226090908050537,8,8,True
resnet50,resnet50_linear_head,d16_up,2242,2242,0,0.9763866066932678,0,0,True
resnet50,resnet50_linear_head,d16_up,2265,2265,5,0.9782187938690186,5,5,True
resnet50,resnet50_linear_head,d16_up,2268,2268,5,0.9657840132713318,5,5,True
resnet50,resnet50_linear_head,d16_up,2291,2291,3,0.9477100372314453,3,3,True
resnet50,resnet50_linear_head,d16_up,2334,2334,5,0.9628547430038452,5,5,True
resnet50,resnet50_linear_head,d16_up,2340,2340,8,0.7926495671272278,8,8,True
resnet50,resnet50_linear_head,d16_up,2342,2342,8,0.9742254018783569,8,8,True
resnet50,resnet50_linear_head,d16_up,2351,2351,9,0.9697705507278442,9,9,True
resnet50,resnet50_linear_head,d16_up,2391,2391,5,0.9615932703018188,5,5,True
resnet50,resnet50_linear_head,d16_up,2392,2392,2,0.971756637096405,2,2,True
resnet50,resnet50_linear_head,d16_up,2399,2399,4,0.9664679765701294,4,4,True
resnet50,resnet50_linear_head,d16_up,2414,2414,9,0.9607300758361816,9,9,True
resnet50,resnet50_linear_head,d16_up,2427,2427,5,0.9643206596374512,5,5,True
resnet50,resnet50_linear_head,d16_up,2458,2458,5,0.9688600897789001,5,5,True
resnet50,resnet50_linear_head,d16_up,2501,2501,7,0.9677623510360718,7,7,True
resnet50,resnet50_linear_head,d16_up,2502,2502,2,0.963533878326416,2,2,True
resnet50,resnet50_linear_head,d16_up,2536,2536,3,0.9688420295715332,3,3,True
resnet50,resnet50_linear_head,d16_up,2539,2539,3,0.967258632183075,3,3,True
resnet50,resnet50_linear_head,d16_up,2610,2610,6,0.9374428987503052,6,6,True
resnet50,resnet50_linear_head,d16_up,2623,2623,5,0.9529209733009338,5,5,True
resnet50,resnet50_linear_head,d16_up,2655,2655,9,0.9700112342834473,9,9,True
resnet50,resnet50_linear_head,d16_up,2668,2668,7,0.9616475701332092,7,7,True
resnet50,resnet50_linear_head,d16_up,2676,2676,6,0.8926328420639038,6,6,True
resnet50,resnet50_linear_head,d16_up,2687,2687,1,0.9614161252975464,1,1,True
resnet50,resnet50_linear_head,d16_up,2690,2690,1,0.9474393129348755,1,1,True
resnet50,resnet50_linear_head,d16_up,2704,2704,4,0.9564793705940247,4,4,True
resnet50,resnet50_linear_head,d16_up,2745,2745,8,0.9556055068969727,8,8,True
resnet50,resnet50_linear_head,d16_up,2746,2746,7,0.9590755701065063,7,7,True
resnet50,resnet50_linear_head,d16_up,2750,2750,0,0.9659059643745422,0,0,True
resnet50,resnet50_linear_head,d16_up,2754,2754,3,0.9284535646438599,3,3,True
resnet50,resnet50_linear_head,d16_up,2757,2757,4,0.9185355305671692,4,4,True
resnet50,resnet50_linear_head,d16_up,2766,2766,5,0.9140976667404175,5,5,True
resnet50,resnet50_linear_head,d16_up,2807,2807,5,0.9294823408126831,4,4,True
resnet50,resnet50_linear_head,d16_up,2844,2844,8,0.9567797183990479,8,8,True
resnet50,resnet50_linear_head,d16_up,2854,2854,7,0.9494324326515198,7,7,True
resnet50,resnet50_linear_head,d16_up,2861,2861,3,0.9240895509719849,3,3,True
resnet50,resnet50_linear_head,d16_up,2888,2888,0,0.8441592454910278,0,0,True
resnet50,resnet50_linear_head,d16_up,2898,2898,4,0.9701195955276489,4,4,True
resnet50,resnet50_linear_head,d16_up,2950,2950,5,0.9504776000976562,5,5,True
resnet50,resnet50_linear_head,d16_up,2958,2958,6,0.9718710780143738,6,6,True
resnet50,resnet50_linear_head,d16_up,3015,3015,8,0.9736652374267578,8,8,True
resnet50,resnet50_linear_head,d16_up,3024,3024,2,0.9753124117851257,2,2,True
resnet50,resnet50_linear_head,d16_up,3025,3025,0,0.9209511876106262,0,0,True
resnet50,resnet50_linear_head,d16_up,3034,3034,4,0.9685765504837036,4,4,True
resnet50,resnet50_linear_head,d16_up,3067,3067,2,0.9707620143890381,2,2,True
resnet50,resnet50_linear_head,d16_up,3078,3078,4,0.980292558670044,4,4,True
resnet50,resnet50_linear_head,d16_up,3079,3079,1,0.9761096239089966,1,1,True
resnet50,resnet50_linear_head,d16_up,3083,3083,0,0.9751948714256287,0,0,True
resnet50,resnet50_linear_head,d16_up,3122,3122,4,0.9212684035301208,4,4,True
resnet50,resnet50_linear_head,d16_up,3153,3153,7,0.9599765539169312,7,7,True
resnet50,resnet50_linear_head,d16_up,3157,3157,8,0.9593414664268494,8,8,True
resnet50,resnet50_linear_head,d16_up,3163,3163,2,0.970996081829071,2,2,True
resnet50,resnet50_linear_head,d16_up,3179,3179,4,0.949813187122345,4,4,True
resnet50,resnet50_linear_head,d16_up,3191,3191,6,0.9325312972068787,6,6,True
resnet50,resnet50_linear_head,d16_up,3276,3276,3,0.9595205783843994,3,3,True
resnet50,resnet50_linear_head,d16_up,3287,3287,4,0.9585434794425964,4,4,True
resnet50,resnet50_linear_head,d16_up,3288,3288,7,0.9617314338684082,7,7,True
resnet50,resnet50_linear_head,d16_up,3292,3292,6,0.9365168809890747,6,6,True
resnet50,resnet50_linear_head,d16_up,3318,3318,9,0.960115909576416,9,9,True
resnet50,resnet50_linear_head,d16_up,3347,3347,0,0.97066730260849,0,0,True
resnet50,resnet50_linear_head,d16_up,3353,3353,5,0.9694926738739014,3,3,True
resnet50,resnet50_linear_head,d16_up,3362,3362,2,0.9753978252410889,2,2,True
resnet50,resnet50_linear_head,d16_up,3365,3365,4,0.9457288980484009,4,4,True
resnet50,resnet50_linear_head,d16_up,3375,3375,3,0.9211243987083435,3,3,True
resnet50,resnet50_linear_head,d16_up,3383,3383,3,0.9227113723754883,3,3,True
resnet50,resnet50_linear_head,d16_up,3404,3404,7,0.968289315700531,7,7,True
resnet50,resnet50_linear_head,d16_up,3412,3412,8,0.953394889831543,8,8,True
resnet50,resnet50_linear_head,d16_up,3413,3413,1,0.9664778709411621,1,1,True
resnet50,resnet50_linear_head,d16_up,3418,3418,6,0.9512110948562622,6,6,True
resnet50,resnet50_linear_head,d16_up,3437,3437,0,0.9570170640945435,0,0,True
resnet50,resnet50_linear_head,d16_up,3446,3446,7,0.9609904289245605,7,7,True
resnet50,resnet50_linear_head,d16_up,3454,3454,2,0.9657617807388306,2,2,True
resnet50,resnet50_linear_head,d16_up,3455,3455,0,0.9471570253372192,0,0,True
resnet50,resnet50_linear_head,d16_up,3458,3458,4,0.9525247812271118,4,4,True
resnet50,resnet50_linear_head,d16_up,3467,3467,7,0.9638274312019348,7,7,True
resnet50,resnet50_linear_head,d16_up,3491,3491,1,0.9507948756217957,1,1,True
resnet50,resnet50_linear_head,d16_up,3494,3494,6,0.9751097559928894,6,6,True
resnet50,resnet50_linear_head,d16_up,3512,3512,4,0.9840034246444702,4,4,True
resnet50,resnet50_linear_head,d16_up,3515,3515,6,0.9688878059387207,6,6,True
resnet50,resnet50_linear_head,d16_up,3542,3542,7,0.9831981062889099,7,7,True
resnet50,resnet50_linear_head,d16_up,3550,3550,1,0.8851062059402466,1,1,True
resnet50,resnet50_linear_head,d16_up,3562,3562,3,0.946885883808136,3,3,True
resnet50,resnet50_linear_head,d16_up,3755,3755,2,0.9746862649917603,2,2,True
resnet50,resnet50_linear_head,d16_up,3763,3763,4,0.9717937707901001,4,4,True
resnet50,resnet50_linear_head,d16_up,3777,3777,6,0.9440246224403381,6,6,True
resnet50,resnet50_linear_head,d16_up,3778,3778,3,0.9040618538856506,3,3,True
resnet50,resnet50_linear_head,d16_up,3779,3779,6,0.9277258515357971,6,6,True
resnet50,resnet50_linear_head,d16_up,3844,3844,6,0.9604647159576416,6,6,True
resnet50,resnet50_linear_head,d16_up,3851,3851,3,0.9631825685501099,3,3,True
resnet50,resnet50_linear_head,d16_up,3852,3852,5,0.9377954006195068,5,5,True
resnet50,resnet50_linear_head,d16_up,3863,3863,5,0.9807327389717102,5,5,True
resnet50,resnet50_linear_head,d16_up,3867,3867,7,0.9467278718948364,7,7,True
resnet50,resnet50_linear_head,d16_up,3876,3876,0,0.9588695168495178,0,0,True
resnet50,resnet50_linear_head,d16_up,3889,3889,5,0.9609604477882385,5,5,True
resnet50,resnet50_linear_head,d16_up,3891,3891,4,0.9630976915359497,4,4,True
resnet50,resnet50_linear_head,d16_up,3893,3893,9,0.972262978553772,9,9,True
resnet50,resnet50_linear_head,d16_up,3905,3905,8,0.9374753832817078,8,8,True
resnet50,resnet50_linear_head,d16_up,3914,3914,3,0.9788258075714111,3,3,True
resnet50,resnet50_linear_head,d16_up,3937,3937,1,0.9370588064193726,1,1,True
resnet50,resnet50_linear_head,d16_up,3942,3942,9,0.9653769731521606,9,9,True
resnet50,resnet50_linear_head,d16_up,3948,3948,8,0.9323043823242188,8,8,True
resnet50,resnet50_linear_head,d16_up,3962,3962,6,0.9665840864181519,6,6,True
resnet50,resnet50_linear_head,d16_up,3965,3965,0,0.9846108555793762,0,0,True
resnet50,resnet50_linear_head,d16_up,3994,3994,4,0.934134840965271,4,4,True
resnet50,resnet50_linear_head,d16_up,3996,3996,9,0.9562705755233765,9,9,True
resnet50,resnet50_linear_head,d16_up,4011,4011,6,0.9598291516304016,6,6,True
resnet50,resnet50_linear_head,d16_up,4023,4023,3,0.9670857191085815,3,3,True
resnet50,resnet50_linear_head,d16_up,4054,4054,4,0.9738431572914124,4,4,True
resnet50,resnet50_linear_head,d16_up,4065,4065,2,0.8949863910675049,2,2,True
resnet50,resnet50_linear_head,d16_up,4069,4069,8,0.9614920020103455,8,8,True
resnet50,resnet50_linear_head,d16_up,4093,4093,6,0.9582216739654541,6,6,True
resnet50,resnet50_linear_head,d16_up,4094,4094,9,0.9499151110649109,9,9,True
resnet50,resnet50_linear_head,d16_up,4106,4106,5,0.9703646898269653,5,5,True
resnet50,resnet50_linear_head,d16_up,4130,4130,0,0.962967038154602,0,0,True
resnet50,resnet50_linear_head,d16_up,4168,4168,3,0.9792121648788452,3,3,True
resnet50,resnet50_linear_head,d16_up,4170,4170,8,0.859089732170105,8,8,True
resnet50,resnet50_linear_head,d16_up,4172,4172,7,0.9518547654151917,7,7,True
resnet50,resnet50_linear_head,d16_up,4177,4177,8,0.9394589066505432,8,8,True
resnet50,resnet50_linear_head,d16_up,4215,4215,3,0.9629058837890625,3,3,True
resnet50,resnet50_linear_head,d16_up,4229,4229,3,0.9684097766876221,3,3,True
resnet50,resnet50_linear_head,d16_up,4236,4236,7,0.9777860045433044,7,7,True
resnet50,resnet50_linear_head,d16_up,4242,4242,8,0.9702759981155396,8,8,True
resnet50,resnet50_linear_head,d16_up,4254,4254,6,0.9690567851066589,6,6,True
resnet50,resnet50_linear_head,d16_up,4290,4290,5,0.8900538682937622,5,4,False
resnet50,resnet50_linear_head,d16_up,4298,4298,1,0.9755308032035828,1,1,True
resnet50,resnet50_linear_head,d16_up,4308,4308,7,0.9193214774131775,7,7,True
resnet50,resnet50_linear_head,d16_up,4311,4311,8,0.9512783885002136,8,8,True
resnet50,resnet50_linear_head,d16_up,4323,4323,3,0.949029803276062,3,3,True
resnet50,resnet50_linear_head,d16_up,4330,4330,3,0.9658552408218384,3,3,True
resnet50,resnet50_linear_head,d16_up,4341,4341,6,0.9720227718353271,6,6,True
resnet50,resnet50_linear_head,d16_up,4355,4355,8,0.9626388549804688,8,8,True
resnet50,resnet50_linear_head,d16_up,4399,4399,0,0.9324169754981995,0,0,True
resnet50,resnet50_linear_head,d16_up,4403,4403,7,0.9849595427513123,7,7,True
resnet50,resnet50_linear_head,d16_up,4411,4411,6,0.9570614099502563,6,6,True
resnet50,resnet50_linear_head,d16_up,4449,4449,9,0.9466665983200073,9,9,True
resnet50,resnet50_linear_head,d16_up,4463,4463,3,0.8716121912002563,3,3,True
resnet50,resnet50_linear_head,d16_up,4531,4531,3,0.9533770680427551,3,3,True
resnet50,resnet50_linear_head,d16_up,4539,4539,0,0.971298336982727,0,0,True
resnet50,resnet50_linear_head,d16_up,4547,4547,5,0.9588063359260559,5,5,True
resnet50,resnet50_linear_head,d16_up,4552,4552,8,0.9582816362380981,8,8,True
resnet50,resnet50_linear_head,d16_up,4570,4570,5,0.98187255859375,5,5,True
resnet50,resnet50_linear_head,d16_up,4590,4590,3,0.958939254283905,3,3,True
resnet50,resnet50_linear_head,d16_up,4609,4609,3,0.9541153907775879,3,3,True
resnet50,resnet50_linear_head,d16_up,4615,4615,0,0.95699143409729,0,0,True
resnet50,resnet50_linear_head,d16_up,4617,4617,0,0.9700900316238403,0,0,True
resnet50,resnet50_linear_head,d16_up,4620,4620,6,0.9122546911239624,6,6,True
resnet50,resnet50_linear_head,d16_up,4629,4629,4,0.9062618017196655,4,4,True
resnet50,resnet50_linear_head,d16_up,4640,4640,1,0.9440872073173523,1,1,True
resnet50,resnet50_linear_head,d16_up,4642,4642,4,0.9733716249465942,4,4,True
resnet50,resnet50_linear_head,d16_up,4661,4661,7,0.9593192338943481,7,7,True
resnet50,resnet50_linear_head,d16_up,4662,4662,8,0.978916585445404,8,8,True
resnet50,resnet50_linear_head,d16_up,4675,4675,0,0.9786445498466492,0,0,True
resnet50,resnet50_linear_head,d16_up,4676,4676,8,0.9734862446784973,8,8,True
resnet50,resnet50_linear_head,d16_up,4704,4704,7,0.9486581087112427,7,7,True
resnet50,resnet50_linear_head,d16_up,4723,4723,9,0.9436755180358887,9,9,True
resnet50,resnet50_linear_head,d16_up,4731,4731,6,0.9561254382133484,6,6,True
resnet50,resnet50_linear_head,d16_up,4735,4735,2,0.9500730633735657,2,2,True
resnet50,resnet50_linear_head,d16_up,4740,4740,4,0.9573965668678284,4,4,True
resnet50,resnet50_linear_head,d16_up,4746,4746,6,0.9301384091377258,6,6,True
resnet50,resnet50_linear_head,d16_up,4748,4748,7,0.9667388796806335,7,7,True
resnet50,resnet50_linear_head,d16_up,4754,4754,6,0.9635091423988342,6,6,True
resnet50,resnet50_linear_head,d16_up,4785,4785,0,0.9752495288848877,0,0,True
resnet50,resnet50_linear_head,d16_up,4791,4791,7,0.9699092507362366,7,7,True
resnet50,resnet50_linear_head,d16_up,4819,4819,0,0.9772555828094482,0,0,True
resnet50,resnet50_linear_head,d16_up,4821,4821,3,0.987398624420166,3,3,True
resnet50,resnet50_linear_head,d16_up,4827,4827,6,0.9690485596656799,6,6,True
resnet50,resnet50_linear_head,d16_up,4850,4850,5,0.9526501893997192,5,5,True
resnet50,resnet50_linear_head,d16_up,4881,4881,3,0.9659215807914734,3,3,True
resnet50,resnet50_linear_head,d16_up,4893,4893,0,0.9752336144447327,0,0,True
resnet50,resnet50_linear_head,d16_up,4908,4908,3,0.9787783026695251,3,3,True
resnet50,resnet50_linear_head,d16_up,4913,4913,2,0.9844990372657776,2,2,True
resnet50,resnet50_linear_head,d16_up,4921,4921,2,0.9670780301094055,2,2,True
resnet50,resnet50_linear_head,d16_up,4953,4953,5,0.9403764009475708,5,5,True
resnet50,resnet50_linear_head,d16_up,4966,4966,5,0.9375501871109009,5,5,True
resnet50,resnet50_linear_head,d16_up,4990,4990,8,0.962645411491394,8,8,True
resnet50,resnet50_linear_head,d16_up,5000,5000,8,0.9696933031082153,8,8,True
resnet50,resnet50_linear_head,d16_up,5030,5030,2,0.985489010810852,2,2,True
resnet50,resnet50_linear_head,d16_up,5062,5062,4,0.9613296389579773,4,4,True
resnet50,resnet50_linear_head,d16_up,5077,5077,4,0.981497585773468,4,4,True
resnet50,resnet50_linear_head,d16_up,5082,5082,6,0.9832398891448975,6,6,True
resnet50,resnet50_linear_head,d16_up,5092,5092,1,0.9555442929267883,1,1,True
resnet50,resnet50_linear_head,d16_up,5101,5101,5,0.9245446920394897,5,5,True
resnet50,resnet50_linear_head,d16_up,5117,5117,0,0.9833747148513794,0,0,True
resnet50,resnet50_linear_head,d16_up,5123,5123,1,0.9523056149482727,1,1,True
resnet50,resnet50_linear_head,d16_up,5135,5135,4,0.974224328994751,4,4,True
resnet50,resnet50_linear_head,d16_up,5183,5183,2,0.9680184721946716,2,2,True
resnet50,resnet50_linear_head,d16_up,5213,5213,4,0.9742962121963501,4,4,True
resnet50,resnet50_linear_head,d16_up,5218,5218,2,0.9868818521499634,2,2,True
resnet50,resnet50_linear_head,d16_up,5220,5220,1,0.9328849911689758,3,3,True
resnet50,resnet50_linear_head,d16_up,5237,5237,2,0.9663288593292236,2,2,True
resnet50,resnet50_linear_head,d16_up,5256,5256,1,0.9648939371109009,1,1,True
resnet50,resnet50_linear_head,d16_up,5284,5284,9,0.9398224353790283,9,9,True
resnet50,resnet50_linear_head,d16_up,5301,5301,9,0.9724071025848389,9,9,True
resnet50,resnet50_linear_head,d16_up,5318,5318,2,0.9552371501922607,2,2,True
resnet50,resnet50_linear_head,d16_up,5332,5332,5,0.9596680998802185,5,5,True
resnet50,resnet50_linear_head,d16_up,5333,5333,2,0.9573860168457031,2,2,True
resnet50,resnet50_linear_head,d16_up,5360,5360,9,0.9693853855133057,9,9,True
resnet50,resnet50_linear_head,d16_up,5381,5381,5,0.9212653040885925,5,6,False
resnet50,resnet50_linear_head,d16_up,5382,5382,6,0.9532137513160706,6,6,True
resnet50,resnet50_linear_head,d16_up,5395,5395,2,0.9572832584381104,2,2,True
resnet50,resnet50_linear_head,d16_up,5402,5402,4,0.9849992394447327,4,4,True
resnet50,resnet50_linear_head,d16_up,5408,5408,6,0.9694726467132568,6,6,True
resnet50,resnet50_linear_head,d16_up,5436,5436,7,0.9821891188621521,7,7,True
resnet50,resnet50_linear_head,d16_up,5447,5447,9,0.9556154608726501,9,9,True
resnet50,resnet50_linear_head,d16_up,5450,5450,7,0.9783411622047424,7,7,True
resnet50,resnet50_linear_head,d16_up,5451,5451,8,0.8922823667526245,8,8,True
resnet50,resnet50_linear_head,d16_up,5452,5452,9,0.9721051454544067,9,9,True
resnet50,resnet50_linear_head,d16_up,5467,5467,4,0.9733450412750244,4,4,True
resnet50,resnet50_linear_head,d16_up,5478,5478,0,0.958482027053833,0,0,True
resnet50,resnet50_linear_head,d16_up,5488,5488,1,0.9727758169174194,7,7,True
resnet50,resnet50_linear_head,d16_up,5496,5496,5,0.9683763980865479,5,5,True
resnet50,resnet50_linear_head,d16_up,5508,5508,9,0.969323992729187,9,9,True
resnet50,resnet50_linear_head,d16_up,5512,5512,2,0.9464577436447144,9,9,True
resnet50,resnet50_linear_head,d16_up,5525,5525,8,0.9611475467681885,8,8,True
resnet50,resnet50_linear_head,d16_up,5528,5528,3,0.9433196783065796,5,5,True
resnet50,resnet50_linear_head,d16_up,5556,5556,4,0.9391428828239441,4,4,True
resnet50,resnet50_linear_head,d16_up,5560,5560,1,0.9829753041267395,1,1,True
resnet50,resnet50_linear_head,d16_up,5572,5572,9,0.9681189060211182,9,9,True
resnet50,resnet50_linear_head,d16_up,5580,5580,6,0.9738630056381226,6,6,True
resnet50,resnet50_linear_head,d16_up,5590,5590,9,0.9481011629104614,9,9,True
resnet50,resnet50_linear_head,d16_up,5623,5623,4,0.9600685834884644,4,4,True
resnet50,resnet50_linear_head,d16_up,5677,5677,2,0.9700591564178467,2,2,True
resnet50,resnet50_linear_head,d16_up,5694,5694,8,0.9628284573554993,8,8,True
resnet50,resnet50_linear_head,d16_up,5701,5701,5,0.9699195623397827,5,5,True
resnet50,resnet50_linear_head,d16_up,5705,5705,8,0.9419828653335571,8,8,True
resnet50,resnet50_linear_head,d16_up,5719,5719,7,0.9759511351585388,7,7,True
resnet50,resnet50_linear_head,d16_up,5729,5729,6,0.9646278023719788,6,6,True
resnet50,resnet50_linear_head,d16_up,5756,5756,2,0.9690722823143005,2,2,True
resnet50,resnet50_linear_head,d16_up,5788,5788,9,0.9443363547325134,9,9,True
resnet50,resnet50_linear_head,d16_up,5789,5789,4,0.948997974395752,4,4,True
resnet50,resnet50_linear_head,d16_up,5824,5824,2,0.9603458046913147,2,2,True
resnet50,resnet50_linear_head,d16_up,5848,5848,7,0.9608950614929199,7,7,True
resnet50,resnet50_linear_head,d16_up,5851,5851,9,0.9795326590538025,9,9,True
resnet50,resnet50_linear_head,d16_up,5857,5857,6,0.9479572772979736,4,4,True
resnet50,resnet50_linear_head,d16_up,5858,5858,6,0.9539672136306763,6,6,True
resnet50,resnet50_linear_head,d16_up,5912,5912,0,0.9505137205123901,0,0,True
resnet50,resnet50_linear_head,d16_up,5915,5915,9,0.9392387270927429,9,9,True
resnet50,resnet50_linear_head,d16_up,5918,5918,0,0.9492547512054443,0,0,True
resnet50,resnet50_linear_head,d16_up,5924,5924,5,0.9749248027801514,5,5,True
resnet50,resnet50_linear_head,d16_up,5977,5977,7,0.9650695323944092,7,7,True
resnet50,resnet50_linear_head,d16_up,5981,5981,9,0.9858253002166748,9,9,True
resnet50,resnet50_linear_head,d16_up,5999,5999,0,0.9518445134162903,0,0,True
resnet50,resnet50_linear_head,d16_up,6028,6028,2,0.9619837403297424,2,2,True
resnet50,resnet50_linear_head,d16_up,6033,6033,4,0.9404774904251099,4,4,True
resnet50,resnet50_linear_head,d16_up,6076,6076,1,0.9811530709266663,1,1,True
resnet50,resnet50_linear_head,d16_up,6084,6084,7,0.9795538187026978,7,7,True
resnet50,resnet50_linear_head,d16_up,6097,6097,4,0.9718790650367737,4,4,True
resnet50,resnet50_linear_head,d16_up,6169,6169,1,0.9327414035797119,1,1,True
resnet50,resnet50_linear_head,d16_up,6190,6190,7,0.9723826050758362,7,7,True
resnet50,resnet50_linear_head,d16_up,6224,6224,5,0.9883363246917725,5,5,True
resnet50,resnet50_linear_head,d16_up,6244,6244,2,0.948880672454834,2,2,True
resnet50,resnet50_linear_head,d16_up,6264,6264,2,0.964525043964386,2,2,True
resnet50,resnet50_linear_head,d16_up,6271,6271,2,0.979765772819519,2,2,True
resnet50,resnet50_linear_head,d16_up,6288,6288,4,0.9668622612953186,4,4,True
resnet50,resnet50_linear_head,d16_up,6332,6332,2,0.9756082892417908,2,2,True
resnet50,resnet50_linear_head,d16_up,6349,6349,1,0.9618197083473206,1,1,True
resnet50,resnet50_linear_head,d16_up,6354,6354,2,0.9419463872909546,2,2,True
resnet50,resnet50_linear_head,d16_up,6358,6358,5,0.9680383205413818,5,5,True
resnet50,resnet50_linear_head,d16_up,6381,6381,6,0.967644453048706,6,6,True
resnet50,resnet50_linear_head,d16_up,6414,6414,5,0.9316465854644775,5,5,True
resnet50,resnet50_linear_head,d16_up,6426,6426,2,0.9775823950767517,2,2,True
resnet50,resnet50_linear_head,d16_up,6434,6434,8,0.9666727781295776,8,8,True
resnet50,resnet50_linear_head,d16_up,6437,6437,0,0.9620108604431152,0,0,True
resnet50,resnet50_linear_head,d16_up,6455,6455,0,0.9675610065460205,0,0,True
resnet50,resnet50_linear_head,d16_up,6490,6490,3,0.9312022924423218,3,3,True
resnet50,resnet50_linear_head,d16_up,6503,6503,2,0.9253800511360168,2,2,True
resnet50,resnet50_linear_head,d16_up,6508,6508,4,0.9798814654350281,4,4,True
resnet50,resnet50_linear_head,d16_up,6528,6528,4,0.9559038877487183,4,4,True
resnet50,resnet50_linear_head,d16_up,6594,6594,1,0.9721992015838623,1,1,True
resnet50,resnet50_linear_head,d16_up,6609,6609,0,0.9693235158920288,0,0,True
resnet50,resnet50_linear_head,d16_up,6616,6616,2,0.9331811666488647,2,2,True
resnet50,resnet50_linear_head,d16_up,6650,6650,7,0.9452525973320007,7,7,True
resnet50,resnet50_linear_head,d16_up,6689,6689,8,0.8463789820671082,8,8,True
resnet50,resnet50_linear_head,d16_up,6692,6692,2,0.9561632871627808,2,2,True
resnet50,resnet50_linear_head,d16_up,6713,6713,6,0.9630355834960938,6,6,True
resnet50,resnet50_linear_head,d16_up,6716,6716,5,0.9408694505691528,5,5,True
resnet50,resnet50_linear_head,d16_up,6726,6726,7,0.9742599725723267,7,7,True
resnet50,resnet50_linear_head,d16_up,6733,6733,1,0.9807720184326172,1,1,True
resnet50,resnet50_linear_head,d16_up,6772,6772,7,0.9289933443069458,7,7,True
resnet50,resnet50_linear_head,d16_up,6805,6805,1,0.9695795178413391,1,1,True
resnet50,resnet50_linear_head,d16_up,6836,6836,1,0.9651119112968445,1,1,True
resnet50,resnet50_linear_head,d16_up,6844,6844,0,0.9853655099868774,0,0,True
resnet50,resnet50_linear_head,d16_up,6922,6922,5,0.972216010093689,5,5,True
resnet50,resnet50_linear_head,d16_up,6931,6931,9,0.9459249973297119,9,9,True
resnet50,resnet50_linear_head,d16_up,6938,6938,1,0.9632228016853333,1,1,True
resnet50,resnet50_linear_head,d16_up,6952,6952,3,0.9697571396827698,3,3,True
resnet50,resnet50_linear_head,d16_up,6954,6954,1,0.9326496124267578,1,1,True
resnet50,resnet50_linear_head,d16_up,6986,6986,0,0.9553640484809875,0,0,True
resnet50,resnet50_linear_head,d16_up,6989,6989,5,0.9833905100822449,5,5,True
resnet50,resnet50_linear_head,d16_up,7009,7009,0,0.9656604528427124,0,0,True
resnet50,resnet50_linear_head,d16_up,7029,7029,1,0.976665198802948,1,1,True
resnet50,resnet50_linear_head,d16_up,7033,7033,1,0.9745250940322876,1,1,True
resnet50,resnet50_linear_head,d16_up,7041,7041,5,0.9477508068084717,5,5,True
resnet50,resnet50_linear_head,d16_up,7047,7047,9,0.9644519090652466,9,9,True
resnet50,resnet50_linear_head,d16_up,7081,7081,7,0.95359867811203,7,7,True
resnet50,resnet50_linear_head,d16_up,7084,7084,2,0.9713612198829651,2,2,True
resnet50,resnet50_linear_head,d16_up,7108,7108,6,0.9790938496589661,6,6,True
resnet50,resnet50_linear_head,d16_up,7130,7130,5,0.9824232459068298,5,5,True
resnet50,resnet50_linear_head,d16_up,7138,7138,8,0.8287584781646729,8,8,True
resnet50,resnet50_linear_head,d16_up,7150,7150,0,0.9793875217437744,0,0,True
resnet50,resnet50_linear_head,d16_up,7202,7202,1,0.9476222395896912,1,1,True
resnet50,resnet50_linear_head,d16_up,7262,7262,0,0.9787966012954712,0,0,True
resnet50,resnet50_linear_head,d16_up,7266,7266,9,0.9529302716255188,9,9,True
resnet50,resnet50_linear_head,d16_up,7270,7270,7,0.9522579908370972,7,7,True
resnet50,resnet50_linear_head,d16_up,7309,7309,0,0.9095500707626343,0,0,True
resnet50,resnet50_linear_head,d16_up,7320,7320,0,0.9440822005271912,0,0,True
resnet50,resnet50_linear_head,d16_up,7338,7338,6,0.9442152976989746,6,6,True
resnet50,resnet50_linear_head,d16_up,7372,7372,0,0.9468387365341187,0,0,True
resnet50,resnet50_linear_head,d16_up,7373,7373,0,0.9383659958839417,0,0,True
resnet50,resnet50_linear_head,d16_up,7380,7380,9,0.9682072401046753,9,9,True
resnet50,resnet50_linear_head,d16_up,7390,7390,1,0.9676383137702942,1,1,True
resnet50,resnet50_linear_head,d16_up,7413,7413,5,0.9737889766693115,5,5,True
resnet50,resnet50_linear_head,d16_up,7416,7416,3,0.9333697557449341,5,5,True
resnet50,resnet50_linear_head,d16_up,7425,7425,2,0.9265525937080383,2,2,True
resnet50,resnet50_linear_head,d16_up,7446,7446,8,0.9770519137382507,8,8,True
resnet50,resnet50_linear_head,d16_up,7460,7460,8,0.9735572934150696,8,8,True
resnet50,resnet50_linear_head,d16_up,7465,7465,0,0.9030754566192627,0,0,True
resnet50,resnet50_linear_head,d16_up,7474,7474,5,0.9755290150642395,5,5,True
resnet50,resnet50_linear_head,d16_up,7475,7475,4,0.9386462569236755,4,4,True
resnet50,resnet50_linear_head,d16_up,7476,7476,8,0.9550079107284546,8,8,True
resnet50,resnet50_linear_head,d16_up,7544,7544,9,0.9664703607559204,9,9,True
resnet50,resnet50_linear_head,d16_up,7555,7555,6,0.9664244651794434,6,6,True
resnet50,resnet50_linear_head,d16_up,7600,7600,6,0.9513380527496338,6,6,True
resnet50,resnet50_linear_head,d16_up,7610,7610,4,0.9701682329177856,4,4,True
resnet50,resnet50_linear_head,d16_up,7634,7634,0,0.9831748604774475,0,0,True
resnet50,resnet50_linear_head,d16_up,7692,7692,4,0.9564666748046875,4,4,True
resnet50,resnet50_linear_head,d16_up,7706,7706,5,0.9665668606758118,5,5,True
resnet50,resnet50_linear_head,d16_up,7726,7726,6,0.9497202038764954,6,6,True
resnet50,resnet50_linear_head,d16_up,7744,7744,3,0.864806592464447,3,3,True
resnet50,resnet50_linear_head,d16_up,7752,7752,9,0.9378618001937866,9,9,True
resnet50,resnet50_linear_head,d16_up,7776,7776,5,0.9237433671951294,5,5,True
resnet50,resnet50_linear_head,d16_up,7779,7779,6,0.9715081453323364,6,6,True
resnet50,resnet50_linear_head,d16_up,7781,7781,6,0.9586433172225952,6,6,True
resnet50,resnet50_linear_head,d16_up,7793,7793,3,0.9316484928131104,5,5,True
resnet50,resnet50_linear_head,d16_up,7797,7797,3,0.9630336761474609,3,3,True
resnet50,resnet50_linear_head,d16_up,7810,7810,8,0.977744996547699,8,8,True
resnet50,resnet50_linear_head,d16_up,7818,7818,8,0.8811718225479126,8,8,True
resnet50,resnet50_linear_head,d16_up,7835,7835,7,0.9770815372467041,7,7,True
resnet50,resnet50_linear_head,d16_up,7864,7864,4,0.9767552614212036,4,4,True
resnet50,resnet50_linear_head,d16_up,7875,7875,8,0.9569413661956787,8,8,True
resnet50,resnet50_linear_head,d16_up,7938,7938,9,0.973002016544342,9,9,True
resnet50,resnet50_linear_head,d16_up,7940,7940,4,0.9735808372497559,4,4,True
resnet50,resnet50_linear_head,d16_up,7944,7944,4,0.9675076007843018,4,4,True
resnet50,resnet50_linear_head,d16_up,7955,7955,1,0.9597199559211731,1,1,True
resnet50,resnet50_linear_head,d16_up,7995,7995,9,0.9410578608512878,9,9,True
resnet50,resnet50_linear_head,d16_up,7996,7996,6,0.9100522994995117,6,6,True
resnet50,resnet50_linear_head,d16_up,7999,7999,8,0.8935254812240601,8,8,True
resnet50,resnet50_linear_head,d16_down,3,3,0,0.9600852727890015,0,0,True
resnet50,resnet50_linear_head,d16_down,29,29,7,0.9613689184188843,7,7,True
resnet50,resnet50_linear_head,d16_down,35,35,2,0.9673899412155151,2,2,True
resnet50,resnet50_linear_head,d16_down,42,42,0,0.909770667552948,0,0,True
resnet50,resnet50_linear_head,d16_down,49,49,2,0.952276885509491,2,2,True
resnet50,resnet50_linear_head,d16_down,81,81,0,0.9516962766647339,0,0,True
resnet50,resnet50_linear_head,d16_down,95,95,1,0.9419309496879578,1,1,True
resnet50,resnet50_linear_head,d16_down,97,97,5,0.9654260873794556,5,5,True
resnet50,resnet50_linear_head,d16_down,116,116,1,0.9539598226547241,1,1,True
resnet50,resnet50_linear_head,d16_down,131,131,9,0.7764448523521423,9,9,True
resnet50,resnet50_linear_head,d16_down,151,151,8,0.9422528147697449,8,8,True
resnet50,resnet50_linear_head,d16_down,171,171,4,0.9512308835983276,4,4,True
resnet50,resnet50_linear_head,d16_down,176,176,3,0.9410454034805298,3,3,True
resnet50,resnet50_linear_head,d16_down,191,191,9,0.9661577939987183,9,9,True
resnet50,resnet50_linear_head,d16_down,194,194,8,0.9690889716148376,8,8,True
resnet50,resnet50_linear_head,d16_down,198,198,1,0.9410725831985474,1,1,True
resnet50,resnet50_linear_head,d16_down,239,239,9,0.9461257457733154,9,9,True
resnet50,resnet50_linear_head,d16_down,261,261,1,0.9326189160346985,1,1,True
resnet50,resnet50_linear_head,d16_down,269,269,7,0.9517096281051636,7,7,True
resnet50,resnet50_linear_head,d16_down,276,276,9,0.9544885158538818,9,9,True
resnet50,resnet50_linear_head,d16_down,303,303,9,0.9565142393112183,9,9,True
resnet50,resnet50_linear_head,d16_down,304,304,1,0.9165533185005188,1,1,True
resnet50,resnet50_linear_head,d16_down,317,317,2,0.9697206616401672,2,2,True
resnet50,resnet50_linear_head,d16_down,319,319,5,0.9637600183486938,5,5,True
resnet50,resnet50_linear_head,d16_down,323,323,7,0.9756897687911987,7,7,True
resnet50,resnet50_linear_head,d16_down,365,365,3,0.9376623034477234,3,3,True
resnet50,resnet50_linear_head,d16_down,370,370,7,0.9571341872215271,7,7,True
resnet50,resnet50_linear_head,d16_down,372,372,3,0.9456318616867065,3,3,True
resnet50,resnet50_linear_head,d16_down,378,378,5,0.9782431125640869,5,5,True
resnet50,resnet50_linear_head,d16_down,391,391,3,0.9680430293083191,3,3,True
resnet50,resnet50_linear_head,d16_down,409,409,2,0.9550552368164062,2,2,True
resnet50,resnet50_linear_head,d16_down,419,419,9,0.9730251431465149,9,9,True
resnet50,resnet50_linear_head,d16_down,449,449,6,0.9658233523368835,6,6,True
resnet50,resnet50_linear_head,d16_down,470,470,2,0.9682080745697021,2,2,True
resnet50,resnet50_linear_head,d16_down,483,483,2,0.9649242162704468,2,2,True
resnet50,resnet50_linear_head,d16_down,484,484,0,0.9406747221946716,0,0,True
resnet50,resnet50_linear_head,d16_down,506,506,4,0.9578925967216492,4,4,True
resnet50,resnet50_linear_head,d16_down,545,545,6,0.9600866436958313,6,6,True
resnet50,resnet50_linear_head,d16_down,562,562,0,0.9719226956367493,0,0,True
resnet50,resnet50_linear_head,d16_down,568,568,5,0.9778353571891785,5,5,True
resnet50,resnet50_linear_head,d16_down,603,603,9,0.968102216720581,9,9,True
resnet50,resnet50_linear_head,d16_down,632,632,3,0.9483750462532043,3,3,True
resnet50,resnet50_linear_head,d16_down,645,645,5,0.9720926880836487,5,5,True
resnet50,resnet50_linear_head,d16_down,667,667,8,0.9754214286804199,8,8,True
resnet50,resnet50_linear_head,d16_down,672,672,3,0.9487582445144653,3,3,True
resnet50,resnet50_linear_head,d16_down,677,677,3,0.9270483255386353,3,3,True
resnet50,resnet50_linear_head,d16_down,685,685,5,0.9639483094215393,5,5,True
resnet50,resnet50_linear_head,d16_down,691,691,4,0.9586539268493652,4,4,True
resnet50,resnet50_linear_head,d16_down,706,706,8,0.857678234577179,8,8,True
resnet50,resnet50_linear_head,d16_down,714,714,2,0.9442774057388306,2,2,True
resnet50,resnet50_linear_head,d16_down,716,716,8,0.9373441338539124,8,8,True
resnet50,resnet50_linear_head,d16_down,738,738,3,0.9360750913619995,3,3,True
resnet50,resnet50_linear_head,d16_down,739,739,8,0.9143849611282349,8,8,True
resnet50,resnet50_linear_head,d16_down,766,766,4,0.9426993131637573,6,6,True
resnet50,resnet50_linear_head,d16_down,791,791,3,0.8915041089057922,3,3,True
resnet50,resnet50_linear_head,d16_down,805,805,9,0.9430655241012573,9,9,True
resnet50,resnet50_linear_head,d16_down,825,825,1,0.9716072678565979,1,1,True
resnet50,resnet50_linear_head,d16_down,852,852,9,0.9552279114723206,9,9,True
resnet50,resnet50_linear_head,d16_down,855,855,4,0.9266349077224731,4,4,True
resnet50,resnet50_linear_head,d16_down,873,873,6,0.959917426109314,6,6,True
resnet50,resnet50_linear_head,d16_down,890,890,6,0.9294136762619019,6,6,True
resnet50,resnet50_linear_head,d16_down,920,920,6,0.9542059898376465,6,6,True
resnet50,resnet50_linear_head,d16_down,929,929,6,0.9597538709640503,6,6,True
resnet50,resnet50_linear_head,d16_down,962,962,8,0.970386266708374,8,8,True
resnet50,resnet50_linear_head,d16_down,964,964,6,0.9449527263641357,6,6,True
resnet50,resnet50_linear_head,d16_down,977,977,6,0.9412648677825928,6,6,True
resnet50,resnet50_linear_head,d16_down,979,979,3,0.9734044671058655,3,3,True
resnet50,resnet50_linear_head,d16_down,981,981,2,0.9552792906761169,2,2,True
resnet50,resnet50_linear_head,d16_down,1022,1022,9,0.9452114701271057,9,9,True
resnet50,resnet50_linear_head,d16_down,1032,1032,7,0.986963152885437,7,7,True
resnet50,resnet50_linear_head,d16_down,1048,1048,7,0.978218674659729,7,7,True
resnet50,resnet50_linear_head,d16_down,1090,1090,1,0.9600682258605957,1,1,True
resnet50,resnet50_linear_head,d16_down,1095,1095,5,0.9425473809242249,5,5,True
resnet50,resnet50_linear_head,d16_down,1109,1109,1,0.9586231112480164,1,1,True
resnet50,resnet50_linear_head,d16_down,1111,1111,4,0.9822558164596558,4,4,True
resnet50,resnet50_linear_head,d16_down,1115,1115,1,0.9449687004089355,1,1,True
resnet50,resnet50_linear_head,d16_down,1124,1124,4,0.9580497145652771,4,4,True
resnet50,resnet50_linear_head,d16_down,1129,1129,8,0.9304359555244446,8,8,True
resnet50,resnet50_linear_head,d16_down,1175,1175,0,0.979971170425415,0,0,True
resnet50,resnet50_linear_head,d16_down,1202,1202,2,0.9448308348655701,2,2,True
resnet50,resnet50_linear_head,d16_down,1204,1204,3,0.8855968713760376,3,3,True
resnet50,resnet50_linear_head,d16_down,1211,1211,4,0.941834032535553,4,4,True
resnet50,resnet50_linear_head,d16_down,1220,1220,7,0.9826143383979797,7,7,True
resnet50,resnet50_linear_head,d16_down,1230,1230,1,0.9126192927360535,1,1,True
resnet50,resnet50_linear_head,d16_down,1247,1247,8,0.9244233965873718,8,8,True
resnet50,resnet50_linear_head,d16_down,1263,1263,3,0.973239004611969,3,3,True
resnet50,resnet50_linear_head,d16_down,1266,1266,4,0.9534138441085815,4,4,True
resnet50,resnet50_linear_head,d16_down,1287,1287,7,0.9820530414581299,7,7,True
resnet50,resnet50_linear_head,d16_down,1296,1296,7,0.8818299174308777,7,7,True
resnet50,resnet50_linear_head,d16_down,1370,1370,3,0.9501839280128479,3,3,True
resnet50,resnet50_linear_head,d16_down,1389,1389,0,0.9355446100234985,0,0,True
resnet50,resnet50_linear_head,d16_down,1401,1401,3,0.9515442848205566,3,3,True
resnet50,resnet50_linear_head,d16_down,1403,1403,2,0.9557313919067383,2,2,True
resnet50,resnet50_linear_head,d16_down,1411,1411,9,0.964199960231781,9,9,True
resnet50,resnet50_linear_head,d16_down,1429,1429,4,0.9626356363296509,4,4,True
resnet50,resnet50_linear_head,d16_down,1430,1430,9,0.9398235082626343,9,9,True
resnet50,resnet50_linear_head,d16_down,1431,1431,3,0.9339884519577026,3,3,True
resnet50,resnet50_linear_head,d16_down,1436,1436,1,0.9191153645515442,1,1,True
resnet50,resnet50_linear_head,d16_down,1440,1440,7,0.9785729050636292,7,7,True
resnet50,resnet50_linear_head,d16_down,1468,1468,9,0.9783759117126465,9,9,True
resnet50,resnet50_linear_head,d16_down,1473,1473,7,0.974727213382721,7,7,True
resnet50,resnet50_linear_head,d16_down,1515,1515,9,0.97723388671875,9,9,True
resnet50,resnet50_linear_head,d16_down,1520,1520,2,0.9626259803771973,2,2,True
resnet50,resnet50_linear_head,d16_down,1531,1531,3,0.9766963124275208,3,3,True
resnet50,resnet50_linear_head,d16_down,1534,1534,6,0.9241800308227539,6,6,True
resnet50,resnet50_linear_head,d16_down,1552,1552,5,0.9714694619178772,5,5,True
resnet50,resnet50_linear_head,d16_down,1553,1553,0,0.9021373987197876,0,0,True
resnet50,resnet50_linear_head,d16_down,1563,1563,3,0.9282665252685547,3,7,False
resnet50,resnet50_linear_head,d16_down,1568,1568,1,0.932476818561554,1,1,True
resnet50,resnet50_linear_head,d16_down,1579,1579,7,0.9598985910415649,7,7,True
resnet50,resnet50_linear_head,d16_down,1586,1586,2,0.964489758014679,2,2,True
resnet50,resnet50_linear_head,d16_down,1596,1596,0,0.9733699560165405,0,0,True
resnet50,resnet50_linear_head,d16_down,1626,1626,5,0.9540537595748901,5,5,True
resnet50,resnet50_linear_head,d16_down,1640,1640,8,0.9100539684295654,8,8,True
resnet50,resnet50_linear_head,d16_down,1644,1644,5,0.951911449432373,5,5,True
resnet50,resnet50_linear_head,d16_down,1648,1648,0,0.9343433380126953,0,0,True
resnet50,resnet50_linear_head,d16_down,1654,1654,9,0.9677624702453613,9,9,True
resnet50,resnet50_linear_head,d16_down,1667,1667,6,0.9470570087432861,6,6,True
resnet50,resnet50_linear_head,d16_down,1703,1703,7,0.8602054715156555,7,7,True
resnet50,resnet50_linear_head,d16_down,1711,1711,7,0.9348357915878296,7,7,True
resnet50,resnet50_linear_head,d16_down,1771,1771,7,0.9497314095497131,7,7,True
resnet50,resnet50_linear_head,d16_down,1783,1783,8,0.979128897190094,8,8,True
resnet50,resnet50_linear_head,d16_down,1814,1814,2,0.8934695720672607,2,2,True
resnet50,resnet50_linear_head,d16_down,1833,1833,8,0.800885796546936,8,8,True
resnet50,resnet50_linear_head,d16_down,1836,1836,9,0.955620527267456,9,9,True
resnet50,resnet50_linear_head,d16_down,1839,1839,2,0.9724934697151184,2,2,True
resnet50,resnet50_linear_head,d16_down,1852,1852,1,0.9521597623825073,1,1,True
resnet50,resnet50_linear_head,d16_down,1871,1871,1,0.9395918846130371,1,1,True
resnet50,resnet50_linear_head,d16_down,1877,1877,5,0.970238983631134,5,5,True
resnet50,resnet50_linear_head,d16_down,1884,1884,7,0.8328118920326233,7,7,True
resnet50,resnet50_linear_head,d16_down,1927,1927,7,0.9635081887245178,7,7,True
resnet50,resnet50_linear_head,d16_down,1954,1954,8,0.9509739875793457,8,8,True
resnet50,resnet50_linear_head,d16_down,1956,1956,7,0.971347451210022,3,3,True
resnet50,resnet50_linear_head,d16_down,1960,1960,4,0.9717745184898376,4,4,True
resnet50,resnet50_linear_head,d16_down,1977,1977,0,0.9381664991378784,0,0,True
resnet50,resnet50_linear_head,d16_down,1986,1986,1,0.9880422353744507,1,1,True
resnet50,resnet50_linear_head,d16_down,1993,1993,1,0.9731285572052002,1,1,True
resnet50,resnet50_linear_head,d16_down,2003,2003,6,0.9328134655952454,6,6,True
resnet50,resnet50_linear_head,d16_down,2011,2011,9,0.9680667519569397,9,9,True
resnet50,resnet50_linear_head,d16_down,2024,2024,0,0.9465330839157104,0,0,True
resnet50,resnet50_linear_head,d16_down,2028,2028,3,0.9480322599411011,3,3,True
resnet50,resnet50_linear_head,d16_down,2062,2062,9,0.8442781567573547,9,9,True
resnet50,resnet50_linear_head,d16_down,2070,2070,1,0.931139349937439,1,1,True
resnet50,resnet50_linear_head,d16_down,2082,2082,2,0.9498286247253418,2,2,True
resnet50,resnet50_linear_head,d16_down,2095,2095,1,0.9403588175773621,1,1,True
resnet50,resnet50_linear_head,d16_down,2109,2109,8,0.9483512043952942,8,8,True
resnet50,resnet50_linear_head,d16_down,2114,2114,9,0.9742168188095093,9,9,True
resnet50,resnet50_linear_head,d16_down,2116,2116,1,0.9550632238388062,3,3,True
resnet50,resnet50_linear_head,d16_down,2157,2157,1,0.9290140271186829,1,1,True
resnet50,resnet50_linear_head,d16_down,2167,2167,9,0.9323051571846008,9,9,True
resnet50,resnet50_linear_head,d16_down,2178,2178,1,0.9707605838775635,1,1,True
resnet50,resnet50_linear_head,d16_down,2191,2191,8,0.950832188129425,8,8,True
resnet50,resnet50_linear_head,d16_down,2230,2230,8,0.9177157878875732,8,8,True
resnet50,resnet50_linear_head,d16_down,2242,2242,0,0.9636814594268799,0,0,True
resnet50,resnet50_linear_head,d16_down,2265,2265,5,0.9606852531433105,5,5,True
resnet50,resnet50_linear_head,d16_down,2268,2268,5,0.9552427530288696,5,5,True
resnet50,resnet50_linear_head,d16_down,2291,2291,3,0.934916615486145,3,3,True
resnet50,resnet50_linear_head,d16_down,2334,2334,5,0.9614576101303101,5,5,True
resnet50,resnet50_linear_head,d16_down,2340,2340,8,0.9199496507644653,8,8,True
resnet50,resnet50_linear_head,d16_down,2342,2342,8,0.9678459167480469,8,8,True
resnet50,resnet50_linear_head,d16_down,2351,2351,9,0.9565386176109314,9,9,True
resnet50,resnet50_linear_head,d16_down,2391,2391,5,0.9618089199066162,5,5,True
resnet50,resnet50_linear_head,d16_down,2392,2392,2,0.9714459180831909,2,2,True
resnet50,resnet50_linear_head,d16_down,2399,2399,4,0.9673421382904053,4,4,True
resnet50,resnet50_linear_head,d16_down,2414,2414,9,0.8401217460632324,9,9,True
resnet50,resnet50_linear_head,d16_down,2427,2427,5,0.9611908197402954,5,5,True
resnet50,resnet50_linear_head,d16_down,2458,2458,5,0.9721704721450806,5,5,True
resnet50,resnet50_linear_head,d16_down,2501,2501,7,0.96532142162323,7,7,True
resnet50,resnet50_linear_head,d16_down,2502,2502,2,0.9706240892410278,2,2,True
resnet50,resnet50_linear_head,d16_down,2536,2536,3,0.9676070213317871,3,3,True
resnet50,resnet50_linear_head,d16_down,2539,2539,3,0.974303126335144,3,3,True
resnet50,resnet50_linear_head,d16_down,2610,2610,6,0.9479010701179504,6,6,True
resnet50,resnet50_linear_head,d16_down,2623,2623,5,0.9624282121658325,5,5,True
resnet50,resnet50_linear_head,d16_down,2655,2655,9,0.9509503245353699,9,9,True
resnet50,resnet50_linear_head,d16_down,2668,2668,7,0.9468709230422974,7,7,True
resnet50,resnet50_linear_head,d16_down,2676,2676,6,0.9043046832084656,6,6,True
resnet50,resnet50_linear_head,d16_down,2687,2687,1,0.9549950957298279,1,1,True
resnet50,resnet50_linear_head,d16_down,2690,2690,1,0.9404981136322021,1,1,True
resnet50,resnet50_linear_head,d16_down,2704,2704,4,0.9176620841026306,4,4,True
resnet50,resnet50_linear_head,d16_down,2745,2745,8,0.946499764919281,8,8,True
resnet50,resnet50_linear_head,d16_down,2746,2746,7,0.946864664554596,7,7,True
resnet50,resnet50_linear_head,d16_down,2750,2750,0,0.9604473114013672,0,0,True
resnet50,resnet50_linear_head,d16_down,2754,2754,3,0.9467697739601135,3,3,True
resnet50,resnet50_linear_head,d16_down,2757,2757,4,0.8980738520622253,4,4,True
resnet50,resnet50_linear_head,d16_down,2766,2766,5,0.9532052874565125,5,5,True
resnet50,resnet50_linear_head,d16_down,2807,2807,5,0.9194664359092712,4,3,False
resnet50,resnet50_linear_head,d16_down,2844,2844,8,0.9631613492965698,8,8,True
resnet50,resnet50_linear_head,d16_down,2854,2854,7,0.9359177947044373,7,7,True
resnet50,resnet50_linear_head,d16_down,2861,2861,3,0.9555456638336182,3,3,True
resnet50,resnet50_linear_head,d16_down,2888,2888,0,0.9053986668586731,0,0,True
resnet50,resnet50_linear_head,d16_down,2898,2898,4,0.9501643180847168,4,4,True
resnet50,resnet50_linear_head,d16_down,2950,2950,5,0.9475780129432678,5,5,True
resnet50,resnet50_linear_head,d16_down,2958,2958,6,0.9616816639900208,6,6,True
resnet50,resnet50_linear_head,d16_down,3015,3015,8,0.9521065354347229,8,8,True
resnet50,resnet50_linear_head,d16_down,3024,3024,2,0.97544264793396,2,2,True
resnet50,resnet50_linear_head,d16_down,3025,3025,0,0.9275155663490295,0,0,True
resnet50,resnet50_linear_head,d16_down,3034,3034,4,0.9662008285522461,4,4,True
resnet50,resnet50_linear_head,d16_down,3067,3067,2,0.9760586619377136,2,2,True
resnet50,resnet50_linear_head,d16_down,3078,3078,4,0.957419753074646,4,4,True
resnet50,resnet50_linear_head,d16_down,3079,3079,1,0.9717008471488953,1,1,True
resnet50,resnet50_linear_head,d16_down,3083,3083,0,0.9719274044036865,0,0,True
resnet50,resnet50_linear_head,d16_down,3122,3122,4,0.9604582786560059,4,4,True
resnet50,resnet50_linear_head,d16_down,3153,3153,7,0.9488292336463928,7,7,True
resnet50,resnet50_linear_head,d16_down,3157,3157,8,0.9645963311195374,8,8,True
resnet50,resnet50_linear_head,d16_down,3163,3163,2,0.9441558122634888,2,2,True
resnet50,resnet50_linear_head,d16_down,3179,3179,4,0.9154231548309326,4,4,True
resnet50,resnet50_linear_head,d16_down,3191,3191,6,0.9394697546958923,6,6,True
resnet50,resnet50_linear_head,d16_down,3276,3276,3,0.965087890625,3,3,True
resnet50,resnet50_linear_head,d16_down,3287,3287,4,0.9735826253890991,4,4,True
resnet50,resnet50_linear_head,d16_down,3288,3288,7,0.9742114543914795,7,7,True
resnet50,resnet50_linear_head,d16_down,3292,3292,6,0.9333406090736389,6,6,True
resnet50,resnet50_linear_head,d16_down,3318,3318,9,0.9249951839447021,9,9,True
resnet50,resnet50_linear_head,d16_down,3347,3347,0,0.9659380316734314,0,0,True
resnet50,resnet50_linear_head,d16_down,3353,3353,5,0.9574505090713501,3,3,True
resnet50,resnet50_linear_head,d16_down,3362,3362,2,0.9638946056365967,2,2,True
resnet50,resnet50_linear_head,d16_down,3365,3365,4,0.9678542613983154,4,4,True
resnet50,resnet50_linear_head,d16_down,3375,3375,3,0.9268370866775513,3,3,True
resnet50,resnet50_linear_head,d16_down,3383,3383,3,0.9106428623199463,3,3,True
resnet50,resnet50_linear_head,d16_down,3404,3404,7,0.9725143909454346,7,7,True
resnet50,resnet50_linear_head,d16_down,3412,3412,8,0.9280244708061218,8,8,True
resnet50,resnet50_linear_head,d16_down,3413,3413,1,0.9396340847015381,1,1,True
resnet50,resnet50_linear_head,d16_down,3418,3418,6,0.9763412475585938,6,6,True
resnet50,resnet50_linear_head,d16_down,3437,3437,0,0.9687350392341614,0,0,True
resnet50,resnet50_linear_head,d16_down,3446,3446,7,0.9099562764167786,7,7,True
resnet50,resnet50_linear_head,d16_down,3454,3454,2,0.9720169901847839,2,2,True
resnet50,resnet50_linear_head,d16_down,3455,3455,0,0.9390460252761841,0,0,True
resnet50,resnet50_linear_head,d16_down,3458,3458,4,0.9024450182914734,4,4,True
resnet50,resnet50_linear_head,d16_down,3467,3467,7,0.9195393323898315,7,7,True
resnet50,resnet50_linear_head,d16_down,3491,3491,1,0.9647537469863892,1,1,True
resnet50,resnet50_linear_head,d16_down,3494,3494,6,0.9789038896560669,6,6,True
resnet50,resnet50_linear_head,d16_down,3512,3512,4,0.985887348651886,4,4,True
resnet50,resnet50_linear_head,d16_down,3515,3515,6,0.9752854108810425,6,6,True
resnet50,resnet50_linear_head,d16_down,3542,3542,7,0.9844485521316528,7,7,True
resnet50,resnet50_linear_head,d16_down,3550,3550,1,0.9096458554267883,1,1,True
resnet50,resnet50_linear_head,d16_down,3562,3562,3,0.9375389814376831,3,3,True
resnet50,resnet50_linear_head,d16_down,3755,3755,2,0.9824002385139465,2,2,True
resnet50,resnet50_linear_head,d16_down,3763,3763,4,0.9685909152030945,4,4,True
resnet50,resnet50_linear_head,d16_down,3777,3777,6,0.9273810982704163,6,6,True
resnet50,resnet50_linear_head,d16_down,3778,3778,3,0.860560953617096,3,3,True
resnet50,resnet50_linear_head,d16_down,3779,3779,6,0.928554356098175,6,6,True
resnet50,resnet50_linear_head,d16_down,3844,3844,6,0.9805106520652771,6,6,True
resnet50,resnet50_linear_head,d16_down,3851,3851,3,0.9483839273452759,3,3,True
resnet50,resnet50_linear_head,d16_down,3852,3852,5,0.9324876666069031,5,5,True
resnet50,resnet50_linear_head,d16_down,3863,3863,5,0.9670179486274719,5,5,True
resnet50,resnet50_linear_head,d16_down,3867,3867,7,0.8817716240882874,7,7,True
resnet50,resnet50_linear_head,d16_down,3876,3876,0,0.9349749088287354,0,0,True
resnet50,resnet50_linear_head,d16_down,3889,3889,5,0.9535844326019287,5,5,True
resnet50,resnet50_linear_head,d16_down,3891,3891,4,0.9596959352493286,4,4,True
resnet50,resnet50_linear_head,d16_down,3893,3893,9,0.9694600701332092,9,9,True
resnet50,resnet50_linear_head,d16_down,3905,3905,8,0.9624131321907043,8,8,True
resnet50,resnet50_linear_head,d16_down,3914,3914,3,0.9629358649253845,3,3,True
resnet50,resnet50_linear_head,d16_down,3937,3937,1,0.9489930868148804,1,1,True
resnet50,resnet50_linear_head,d16_down,3942,3942,9,0.9453353881835938,9,9,True
resnet50,resnet50_linear_head,d16_down,3948,3948,8,0.9701406359672546,8,8,True
resnet50,resnet50_linear_head,d16_down,3962,3962,6,0.9098888635635376,6,6,True
resnet50,resnet50_linear_head,d16_down,3965,3965,0,0.9822539687156677,0,0,True
resnet50,resnet50_linear_head,d16_down,3994,3994,4,0.9627388119697571,4,4,True
resnet50,resnet50_linear_head,d16_down,3996,3996,9,0.9544538259506226,9,9,True
resnet50,resnet50_linear_head,d16_down,4011,4011,6,0.9829556345939636,6,6,True
resnet50,resnet50_linear_head,d16_down,4023,4023,3,0.9719662070274353,3,3,True
resnet50,resnet50_linear_head,d16_down,4054,4054,4,0.9691641330718994,4,4,True
resnet50,resnet50_linear_head,d16_down,4065,4065,2,0.8871046900749207,2,2,True
resnet50,resnet50_linear_head,d16_down,4069,4069,8,0.9738969802856445,8,8,True
resnet50,resnet50_linear_head,d16_down,4093,4093,6,0.9556244611740112,6,6,True
resnet50,resnet50_linear_head,d16_down,4094,4094,9,0.951269805431366,9,9,True
resnet50,resnet50_linear_head,d16_down,4106,4106,5,0.9643265604972839,5,5,True
resnet50,resnet50_linear_head,d16_down,4130,4130,0,0.9480128288269043,0,0,True
resnet50,resnet50_linear_head,d16_down,4168,4168,3,0.9695640206336975,3,3,True
resnet50,resnet50_linear_head,d16_down,4170,4170,8,0.8764373064041138,8,8,True
resnet50,resnet50_linear_head,d16_down,4172,4172,7,0.9636991024017334,7,7,True
resnet50,resnet50_linear_head,d16_down,4177,4177,8,0.9031144976615906,8,8,True
resnet50,resnet50_linear_head,d16_down,4215,4215,3,0.9637005925178528,3,1,False
resnet50,resnet50_linear_head,d16_down,4229,4229,3,0.9604787230491638,3,3,True
resnet50,resnet50_linear_head,d16_down,4236,4236,7,0.9827229380607605,7,7,True
resnet50,resnet50_linear_head,d16_down,4242,4242,8,0.9663351774215698,8,8,True
resnet50,resnet50_linear_head,d16_down,4254,4254,6,0.967262327671051,6,6,True
resnet50,resnet50_linear_head,d16_down,4290,4290,5,0.9672273397445679,5,4,False
resnet50,resnet50_linear_head,d16_down,4298,4298,1,0.9629713892936707,1,1,True
resnet50,resnet50_linear_head,d16_down,4308,4308,7,0.9151309728622437,7,7,True
resnet50,resnet50_linear_head,d16_down,4311,4311,8,0.9706335663795471,8,8,True
resnet50,resnet50_linear_head,d16_down,4323,4323,3,0.9512484073638916,3,3,True
resnet50,resnet50_linear_head,d16_down,4330,4330,3,0.9553473591804504,3,3,True
resnet50,resnet50_linear_head,d16_down,4341,4341,6,0.9596362113952637,6,6,True
resnet50,resnet50_linear_head,d16_down,4355,4355,8,0.9550222754478455,8,8,True
resnet50,resnet50_linear_head,d16_down,4399,4399,0,0.9270842671394348,0,0,True
resnet50,resnet50_linear_head,d16_down,4403,4403,7,0.9743931293487549,7,7,True
resnet50,resnet50_linear_head,d16_down,4411,4411,6,0.9520280957221985,6,6,True
resnet50,resnet50_linear_head,d16_down,4449,4449,9,0.9530202150344849,9,9,True
resnet50,resnet50_linear_head,d16_down,4463,4463,3,0.8219120502471924,3,3,True
resnet50,resnet50_linear_head,d16_down,4531,4531,3,0.9374886751174927,3,3,True
resnet50,resnet50_linear_head,d16_down,4539,4539,0,0.9668617248535156,0,0,True
resnet50,resnet50_linear_head,d16_down,4547,4547,5,0.9664905071258545,5,5,True
resnet50,resnet50_linear_head,d16_down,4552,4552,8,0.9534685015678406,8,8,True
resnet50,resnet50_linear_head,d16_down,4570,4570,5,0.9726519584655762,5,5,True
resnet50,resnet50_linear_head,d16_down,4590,4590,3,0.9561933875083923,3,3,True
resnet50,resnet50_linear_head,d16_down,4609,4609,3,0.9518030881881714,3,3,True
resnet50,resnet50_linear_head,d16_down,4615,4615,0,0.963013768196106,0,0,True
resnet50,resnet50_linear_head,d16_down,4617,4617,0,0.9708997011184692,0,0,True
resnet50,resnet50_linear_head,d16_down,4620,4620,6,0.9160362482070923,6,6,True
resnet50,resnet50_linear_head,d16_down,4629,4629,4,0.9629356265068054,4,4,True
resnet50,resnet50_linear_head,d16_down,4640,4640,1,0.9583255648612976,1,7,False
resnet50,resnet50_linear_head,d16_down,4642,4642,4,0.9694784879684448,4,4,True
resnet50,resnet50_linear_head,d16_down,4661,4661,7,0.9559417366981506,7,7,True
resnet50,resnet50_linear_head,d16_down,4662,4662,8,0.9818238615989685,8,8,True
resnet50,resnet50_linear_head,d16_down,4675,4675,0,0.9804986715316772,0,0,True
resnet50,resnet50_linear_head,d16_down,4676,4676,8,0.9776423573493958,8,8,True
resnet50,resnet50_linear_head,d16_down,4704,4704,7,0.9592533707618713,7,7,True
resnet50,resnet50_linear_head,d16_down,4723,4723,9,0.9380342364311218,9,9,True
resnet50,resnet50_linear_head,d16_down,4731,4731,6,0.9610421657562256,6,6,True
resnet50,resnet50_linear_head,d16_down,4735,4735,2,0.9396836757659912,2,2,True
resnet50,resnet50_linear_head,d16_down,4740,4740,4,0.9626319408416748,4,4,True
resnet50,resnet50_linear_head,d16_down,4746,4746,6,0.917304277420044,6,6,True
resnet50,resnet50_linear_head,d16_down,4748,4748,7,0.9786087870597839,7,7,True
resnet50,resnet50_linear_head,d16_down,4754,4754,6,0.9438093304634094,6,6,True
resnet50,resnet50_linear_head,d16_down,4785,4785,0,0.9566407203674316,0,0,True
resnet50,resnet50_linear_head,d16_down,4791,4791,7,0.9790704250335693,7,7,True
resnet50,resnet50_linear_head,d16_down,4819,4819,0,0.9741636514663696,0,0,True
resnet50,resnet50_linear_head,d16_down,4821,4821,3,0.9842339754104614,3,3,True
resnet50,resnet50_linear_head,d16_down,4827,4827,6,0.9636766910552979,6,6,True
resnet50,resnet50_linear_head,d16_down,4850,4850,5,0.9444426894187927,5,5,True
resnet50,resnet50_linear_head,d16_down,4881,4881,3,0.9417917728424072,3,3,True
resnet50,resnet50_linear_head,d16_down,4893,4893,0,0.9754258394241333,0,0,True
resnet50,resnet50_linear_head,d16_down,4908,4908,3,0.978923499584198,3,3,True
resnet50,resnet50_linear_head,d16_down,4913,4913,2,0.9582602381706238,2,2,True
resnet50,resnet50_linear_head,d16_down,4921,4921,2,0.9677895903587341,2,2,True
resnet50,resnet50_linear_head,d16_down,4953,4953,5,0.9521137475967407,5,5,True
resnet50,resnet50_linear_head,d16_down,4966,4966,5,0.9468976259231567,5,5,True
resnet50,resnet50_linear_head,d16_down,4990,4990,8,0.9265601634979248,8,8,True
resnet50,resnet50_linear_head,d16_down,5000,5000,8,0.9686459898948669,8,8,True
resnet50,resnet50_linear_head,d16_down,5030,5030,2,0.9802421927452087,2,2,True
resnet50,resnet50_linear_head,d16_down,5062,5062,4,0.9417158365249634,4,4,True
resnet50,resnet50_linear_head,d16_down,5077,5077,4,0.9805623292922974,4,4,True
resnet50,resnet50_linear_head,d16_down,5082,5082,6,0.9608312845230103,6,6,True
resnet50,resnet50_linear_head,d16_down,5092,5092,1,0.9614102244377136,1,1,True
resnet50,resnet50_linear_head,d16_down,5101,5101,5,0.9435697793960571,5,5,True
resnet50,resnet50_linear_head,d16_down,5117,5117,0,0.9836167097091675,0,0,True
resnet50,resnet50_linear_head,d16_down,5123,5123,1,0.9223208427429199,1,1,True
resnet50,resnet50_linear_head,d16_down,5135,5135,4,0.9512940049171448,4,4,True
resnet50,resnet50_linear_head,d16_down,5183,5183,2,0.9627024531364441,2,2,True
resnet50,resnet50_linear_head,d16_down,5213,5213,4,0.97528475522995,4,4,True
resnet50,resnet50_linear_head,d16_down,5218,5218,2,0.9801066517829895,2,2,True
resnet50,resnet50_linear_head,d16_down,5220,5220,1,0.9296154975891113,3,3,True
resnet50,resnet50_linear_head,d16_down,5237,5237,2,0.972085177898407,2,2,True
resnet50,resnet50_linear_head,d16_down,5256,5256,1,0.9672990441322327,1,1,True
resnet50,resnet50_linear_head,d16_down,5284,5284,9,0.936663806438446,9,9,True
resnet50,resnet50_linear_head,d16_down,5301,5301,9,0.9622082710266113,9,9,True
resnet50,resnet50_linear_head,d16_down,5318,5318,2,0.9483651518821716,2,2,True
resnet50,resnet50_linear_head,d16_down,5332,5332,5,0.9406012296676636,5,5,True
resnet50,resnet50_linear_head,d16_down,5333,5333,2,0.9066280722618103,2,2,True
resnet50,resnet50_linear_head,d16_down,5360,5360,9,0.9394192099571228,9,9,True
resnet50,resnet50_linear_head,d16_down,5381,5381,5,0.958344042301178,5,5,True
resnet50,resnet50_linear_head,d16_down,5382,5382,6,0.9412519335746765,6,6,True
resnet50,resnet50_linear_head,d16_down,5395,5395,2,0.9591715931892395,2,2,True
resnet50,resnet50_linear_head,d16_down,5402,5402,4,0.9788081049919128,4,4,True
resnet50,resnet50_linear_head,d16_down,5408,5408,6,0.9682822227478027,6,6,True
resnet50,resnet50_linear_head,d16_down,5436,5436,7,0.9783099293708801,7,7,True
resnet50,resnet50_linear_head,d16_down,5447,5447,9,0.9422614574432373,9,9,True
resnet50,resnet50_linear_head,d16_down,5450,5450,7,0.9596421718597412,7,7,True
resnet50,resnet50_linear_head,d16_down,5451,5451,8,0.7981859445571899,8,8,True
resnet50,resnet50_linear_head,d16_down,5452,5452,9,0.9643129706382751,9,9,True
resnet50,resnet50_linear_head,d16_down,5467,5467,4,0.9655085206031799,4,4,True
resnet50,resnet50_linear_head,d16_down,5478,5478,0,0.9660835266113281,0,0,True
resnet50,resnet50_linear_head,d16_down,5488,5488,1,0.9647865891456604,7,7,True
resnet50,resnet50_linear_head,d16_down,5496,5496,5,0.9627172946929932,5,5,True
resnet50,resnet50_linear_head,d16_down,5508,5508,9,0.9447128176689148,9,9,True
resnet50,resnet50_linear_head,d16_down,5512,5512,2,0.9053283929824829,9,9,True
resnet50,resnet50_linear_head,d16_down,5525,5525,8,0.9625974893569946,8,8,True
resnet50,resnet50_linear_head,d16_down,5528,5528,3,0.9292513132095337,5,5,True
resnet50,resnet50_linear_head,d16_down,5556,5556,4,0.9565069675445557,4,4,True
resnet50,resnet50_linear_head,d16_down,5560,5560,1,0.9782595634460449,1,1,True
resnet50,resnet50_linear_head,d16_down,5572,5572,9,0.9468514919281006,9,9,True
resnet50,resnet50_linear_head,d16_down,5580,5580,6,0.9692922234535217,6,6,True
resnet50,resnet50_linear_head,d16_down,5590,5590,9,0.9549596905708313,9,9,True
resnet50,resnet50_linear_head,d16_down,5623,5623,4,0.954469621181488,4,4,True
resnet50,resnet50_linear_head,d16_down,5677,5677,2,0.9151768684387207,2,2,True
resnet50,resnet50_linear_head,d16_down,5694,5694,8,0.9591658115386963,8,8,True
resnet50,resnet50_linear_head,d16_down,5701,5701,5,0.9487605094909668,5,5,True
resnet50,resnet50_linear_head,d16_down,5705,5705,8,0.9466584324836731,8,8,True
resnet50,resnet50_linear_head,d16_down,5719,5719,7,0.9703671932220459,7,7,True
resnet50,resnet50_linear_head,d16_down,5729,5729,6,0.9326317310333252,6,6,True
resnet50,resnet50_linear_head,d16_down,5756,5756,2,0.9575448036193848,2,2,True
resnet50,resnet50_linear_head,d16_down,5788,5788,9,0.9145819544792175,9,9,True
resnet50,resnet50_linear_head,d16_down,5789,5789,4,0.9507887363433838,4,4,True
resnet50,resnet50_linear_head,d16_down,5824,5824,2,0.9669525623321533,2,2,True
resnet50,resnet50_linear_head,d16_down,5848,5848,7,0.9310151934623718,7,7,True
resnet50,resnet50_linear_head,d16_down,5851,5851,9,0.9846233129501343,9,9,True
resnet50,resnet50_linear_head,d16_down,5857,5857,6,0.9110332727432251,4,4,True
resnet50,resnet50_linear_head,d16_down,5858,5858,6,0.934196949005127,6,4,False
resnet50,resnet50_linear_head,d16_down,5912,5912,0,0.9519951343536377,0,0,True
resnet50,resnet50_linear_head,d16_down,5915,5915,9,0.8404436707496643,9,9,True
resnet50,resnet50_linear_head,d16_down,5918,5918,0,0.9465417861938477,0,0,True
resnet50,resnet50_linear_head,d16_down,5924,5924,5,0.9719294309616089,5,5,True
resnet50,resnet50_linear_head,d16_down,5977,5977,7,0.9816650748252869,7,7,True
resnet50,resnet50_linear_head,d16_down,5981,5981,9,0.980739951133728,9,9,True
resnet50,resnet50_linear_head,d16_down,5999,5999,0,0.9544061422348022,0,0,True
resnet50,resnet50_linear_head,d16_down,6028,6028,2,0.9625919461250305,2,2,True
resnet50,resnet50_linear_head,d16_down,6033,6033,4,0.8545679450035095,4,4,True
resnet50,resnet50_linear_head,d16_down,6076,6076,1,0.9768750071525574,1,1,True
resnet50,resnet50_linear_head,d16_down,6084,6084,7,0.9821904301643372,7,7,True
resnet50,resnet50_linear_head,d16_down,6097,6097,4,0.9858191609382629,4,4,True
resnet50,resnet50_linear_head,d16_down,6169,6169,1,0.8832776546478271,1,1,True
resnet50,resnet50_linear_head,d16_down,6190,6190,7,0.945521354675293,7,7,True
resnet50,resnet50_linear_head,d16_down,6224,6224,5,0.9813756942749023,5,5,True
resnet50,resnet50_linear_head,d16_down,6244,6244,2,0.9323632717132568,2,2,True
resnet50,resnet50_linear_head,d16_down,6264,6264,2,0.967841625213623,2,2,True
resnet50,resnet50_linear_head,d16_down,6271,6271,2,0.9819542765617371,2,2,True
resnet50,resnet50_linear_head,d16_down,6288,6288,4,0.9686622023582458,4,4,True
resnet50,resnet50_linear_head,d16_down,6332,6332,2,0.9745028018951416,2,2,True
resnet50,resnet50_linear_head,d16_down,6349,6349,1,0.9703750014305115,1,1,True
resnet50,resnet50_linear_head,d16_down,6354,6354,2,0.939837634563446,2,2,True
resnet50,resnet50_linear_head,d16_down,6358,6358,5,0.9659029841423035,5,5,True
resnet50,resnet50_linear_head,d16_down,6381,6381,6,0.9609016180038452,6,6,True
resnet50,resnet50_linear_head,d16_down,6414,6414,5,0.9071905612945557,5,5,True
resnet50,resnet50_linear_head,d16_down,6426,6426,2,0.9709329605102539,2,2,True
resnet50,resnet50_linear_head,d16_down,6434,6434,8,0.964699387550354,8,8,True
resnet50,resnet50_linear_head,d16_down,6437,6437,0,0.9627861976623535,0,0,True
resnet50,resnet50_linear_head,d16_down,6455,6455,0,0.9540479183197021,0,0,True
resnet50,resnet50_linear_head,d16_down,6490,6490,3,0.9557995796203613,3,3,True
resnet50,resnet50_linear_head,d16_down,6503,6503,2,0.9476497769355774,2,2,True
resnet50,resnet50_linear_head,d16_down,6508,6508,4,0.9790575504302979,4,4,True
resnet50,resnet50_linear_head,d16_down,6528,6528,4,0.9352231025695801,4,4,True
resnet50,resnet50_linear_head,d16_down,6594,6594,1,0.9524592161178589,1,1,True
resnet50,resnet50_linear_head,d16_down,6609,6609,0,0.9530973434448242,0,0,True
resnet50,resnet50_linear_head,d16_down,6616,6616,2,0.9034854769706726,2,2,True
resnet50,resnet50_linear_head,d16_down,6650,6650,7,0.9562808871269226,7,7,True
resnet50,resnet50_linear_head,d16_down,6689,6689,8,0.8648565411567688,8,8,True
resnet50,resnet50_linear_head,d16_down,6692,6692,2,0.9764137864112854,2,2,True
resnet50,resnet50_linear_head,d16_down,6713,6713,6,0.9672968983650208,6,6,True
resnet50,resnet50_linear_head,d16_down,6716,6716,5,0.9389880299568176,5,5,True
resnet50,resnet50_linear_head,d16_down,6726,6726,7,0.9577587842941284,7,7,True
resnet50,resnet50_linear_head,d16_down,6733,6733,1,0.9794515371322632,1,1,True
resnet50,resnet50_linear_head,d16_down,6772,6772,7,0.9187072515487671,7,7,True
resnet50,resnet50_linear_head,d16_down,6805,6805,1,0.9618730545043945,1,1,True
resnet50,resnet50_linear_head,d16_down,6836,6836,1,0.9652420282363892,1,1,True
resnet50,resnet50_linear_head,d16_down,6844,6844,0,0.9787580966949463,0,0,True
resnet50,resnet50_linear_head,d16_down,6922,6922,5,0.9493942856788635,5,5,True
resnet50,resnet50_linear_head,d16_down,6931,6931,9,0.9534557461738586,9,9,True
resnet50,resnet50_linear_head,d16_down,6938,6938,1,0.9666607975959778,1,1,True
resnet50,resnet50_linear_head,d16_down,6952,6952,3,0.9582741260528564,3,3,True
resnet50,resnet50_linear_head,d16_down,6954,6954,1,0.8892520666122437,1,1,True
resnet50,resnet50_linear_head,d16_down,6986,6986,0,0.9555240273475647,0,0,True
resnet50,resnet50_linear_head,d16_down,6989,6989,5,0.9862784147262573,5,5,True
resnet50,resnet50_linear_head,d16_down,7009,7009,0,0.9369006752967834,0,0,True
resnet50,resnet50_linear_head,d16_down,7029,7029,1,0.9714857935905457,1,1,True
resnet50,resnet50_linear_head,d16_down,7033,7033,1,0.9571259021759033,1,1,True
resnet50,resnet50_linear_head,d16_down,7041,7041,5,0.9363390803337097,5,5,True
resnet50,resnet50_linear_head,d16_down,7047,7047,9,0.9339167475700378,9,9,True
resnet50,resnet50_linear_head,d16_down,7081,7081,7,0.9549652338027954,7,7,True
resnet50,resnet50_linear_head,d16_down,7084,7084,2,0.9491816163063049,2,2,True
resnet50,resnet50_linear_head,d16_down,7108,7108,6,0.975965678691864,6,6,True
resnet50,resnet50_linear_head,d16_down,7130,7130,5,0.9671425223350525,5,5,True
resnet50,resnet50_linear_head,d16_down,7138,7138,8,0.8456634283065796,8,8,True
resnet50,resnet50_linear_head,d16_down,7150,7150,0,0.9797496795654297,0,0,True
resnet50,resnet50_linear_head,d16_down,7202,7202,1,0.9313285946846008,1,1,True
resnet50,resnet50_linear_head,d16_down,7262,7262,0,0.9821996092796326,0,0,True
resnet50,resnet50_linear_head,d16_down,7266,7266,9,0.9616296291351318,9,9,True
resnet50,resnet50_linear_head,d16_down,7270,7270,7,0.9444617629051208,7,7,True
resnet50,resnet50_linear_head,d16_down,7309,7309,0,0.9506444931030273,0,0,True
resnet50,resnet50_linear_head,d16_down,7320,7320,0,0.8752439618110657,0,0,True
resnet50,resnet50_linear_head,d16_down,7338,7338,6,0.9071637988090515,6,6,True
resnet50,resnet50_linear_head,d16_down,7372,7372,0,0.9756590723991394,0,0,True
resnet50,resnet50_linear_head,d16_down,7373,7373,0,0.9521906971931458,0,0,True
resnet50,resnet50_linear_head,d16_down,7380,7380,9,0.9612405300140381,9,9,True
resnet50,resnet50_linear_head,d16_down,7390,7390,1,0.9666061997413635,1,1,True
resnet50,resnet50_linear_head,d16_down,7413,7413,5,0.9774632453918457,5,5,True
resnet50,resnet50_linear_head,d16_down,7416,7416,3,0.960199773311615,5,5,True
resnet50,resnet50_linear_head,d16_down,7425,7425,2,0.9492613673210144,2,2,True
resnet50,resnet50_linear_head,d16_down,7446,7446,8,0.974690854549408,8,8,True
resnet50,resnet50_linear_head,d16_down,7460,7460,8,0.9403327107429504,8,8,True
resnet50,resnet50_linear_head,d16_down,7465,7465,0,0.9296029210090637,0,0,True
resnet50,resnet50_linear_head,d16_down,7474,7474,5,0.9730510711669922,5,5,True
resnet50,resnet50_linear_head,d16_down,7475,7475,4,0.9478397965431213,4,4,True
resnet50,resnet50_linear_head,d16_down,7476,7476,8,0.9564681649208069,8,8,True
resnet50,resnet50_linear_head,d16_down,7544,7544,9,0.9441243410110474,9,9,True
resnet50,resnet50_linear_head,d16_down,7555,7555,6,0.9676755666732788,6,6,True
resnet50,resnet50_linear_head,d16_down,7600,7600,6,0.951889157295227,6,6,True
resnet50,resnet50_linear_head,d16_down,7610,7610,4,0.9638727307319641,4,4,True
resnet50,resnet50_linear_head,d16_down,7634,7634,0,0.9796018600463867,0,0,True
resnet50,resnet50_linear_head,d16_down,7692,7692,4,0.9411590695381165,4,4,True
resnet50,resnet50_linear_head,d16_down,7706,7706,5,0.9740180373191833,5,5,True
resnet50,resnet50_linear_head,d16_down,7726,7726,6,0.9571777582168579,6,6,True
resnet50,resnet50_linear_head,d16_down,7744,7744,3,0.9203482866287231,3,3,True
resnet50,resnet50_linear_head,d16_down,7752,7752,9,0.9580634832382202,9,9,True
resnet50,resnet50_linear_head,d16_down,7776,7776,5,0.9239345788955688,5,5,True
resnet50,resnet50_linear_head,d16_down,7779,7779,6,0.947539210319519,6,6,True
resnet50,resnet50_linear_head,d16_down,7781,7781,6,0.9562721252441406,6,6,True
resnet50,resnet50_linear_head,d16_down,7793,7793,3,0.9133970737457275,5,5,True
resnet50,resnet50_linear_head,d16_down,7797,7797,3,0.9447190761566162,3,3,True
resnet50,resnet50_linear_head,d16_down,7810,7810,8,0.9740907549858093,8,8,True
resnet50,resnet50_linear_head,d16_down,7818,7818,8,0.8572803139686584,8,8,True
resnet50,resnet50_linear_head,d16_down,7835,7835,7,0.9637792706489563,7,7,True
resnet50,resnet50_linear_head,d16_down,7864,7864,4,0.9735415577888489,4,4,True
resnet50,resnet50_linear_head,d16_down,7875,7875,8,0.9544187784194946,8,8,True
resnet50,resnet50_linear_head,d16_down,7938,7938,9,0.9631237983703613,9,9,True
resnet50,resnet50_linear_head,d16_down,7940,7940,4,0.9784910678863525,4,4,True
resnet50,resnet50_linear_head,d16_down,7944,7944,4,0.9674252867698669,4,4,True
resnet50,resnet50_linear_head,d16_down,7955,7955,1,0.9449068903923035,1,1,True
resnet50,resnet50_linear_head,d16_down,7995,7995,9,0.8451833128929138,9,9,True
resnet50,resnet50_linear_head,d16_down,7996,7996,6,0.9431942701339722,6,6,True
resnet50,resnet50_linear_head,d16_down,7999,7999,8,0.8192691206932068,8,8,True
resnet50,resnet50_linear_head,d16_left,3,3,0,0.9670622944831848,0,0,True
resnet50,resnet50_linear_head,d16_left,29,29,7,0.9616389274597168,7,7,True
resnet50,resnet50_linear_head,d16_left,35,35,2,0.9762721061706543,2,2,True
resnet50,resnet50_linear_head,d16_left,42,42,0,0.9015921354293823,0,1,False
resnet50,resnet50_linear_head,d16_left,49,49,2,0.9717182517051697,2,2,True
resnet50,resnet50_linear_head,d16_left,81,81,0,0.9239006042480469,0,0,True
resnet50,resnet50_linear_head,d16_left,95,95,1,0.976130485534668,1,1,True
resnet50,resnet50_linear_head,d16_left,97,97,5,0.9624931812286377,5,5,True
resnet50,resnet50_linear_head,d16_left,116,116,1,0.9101573824882507,1,1,True
resnet50,resnet50_linear_head,d16_left,131,131,9,0.9330218434333801,9,9,True
resnet50,resnet50_linear_head,d16_left,151,151,8,0.9637201428413391,8,8,True
resnet50,resnet50_linear_head,d16_left,171,171,4,0.9597011208534241,4,4,True
resnet50,resnet50_linear_head,d16_left,176,176,3,0.9609643816947937,3,3,True
resnet50,resnet50_linear_head,d16_left,191,191,9,0.9375584125518799,9,2,False
resnet50,resnet50_linear_head,d16_left,194,194,8,0.9767068028450012,8,8,True
resnet50,resnet50_linear_head,d16_left,198,198,1,0.9520162343978882,1,1,True
resnet50,resnet50_linear_head,d16_left,239,239,9,0.9653438329696655,9,9,True
resnet50,resnet50_linear_head,d16_left,261,261,1,0.9894249439239502,1,1,True
resnet50,resnet50_linear_head,d16_left,269,269,7,0.9070037007331848,7,7,True
resnet50,resnet50_linear_head,d16_left,276,276,9,0.946219801902771,9,9,True
resnet50,resnet50_linear_head,d16_left,303,303,9,0.9648297429084778,9,9,True
resnet50,resnet50_linear_head,d16_left,304,304,1,0.8903564810752869,1,1,True
resnet50,resnet50_linear_head,d16_left,317,317,2,0.960639476776123,2,2,True
resnet50,resnet50_linear_head,d16_left,319,319,5,0.9709795713424683,5,5,True
resnet50,resnet50_linear_head,d16_left,323,323,7,0.970301628112793,7,7,True
resnet50,resnet50_linear_head,d16_left,365,365,3,0.9259961843490601,3,3,True
resnet50,resnet50_linear_head,d16_left,370,370,7,0.9755111336708069,7,7,True
resnet50,resnet50_linear_head,d16_left,372,372,3,0.9128972291946411,3,3,True
resnet50,resnet50_linear_head,d16_left,378,378,5,0.9715967178344727,5,5,True
resnet50,resnet50_linear_head,d16_left,391,391,3,0.9757182598114014,3,3,True
resnet50,resnet50_linear_head,d16_left,409,409,2,0.9729099273681641,2,2,True
resnet50,resnet50_linear_head,d16_left,419,419,9,0.982219398021698,9,9,True
resnet50,resnet50_linear_head,d16_left,449,449,6,0.9608245491981506,6,6,True
resnet50,resnet50_linear_head,d16_left,470,470,2,0.9898970127105713,2,2,True
resnet50,resnet50_linear_head,d16_left,483,483,2,0.9558854103088379,2,2,True
resnet50,resnet50_linear_head,d16_left,484,484,0,0.9780205488204956,0,0,True
resnet50,resnet50_linear_head,d16_left,506,506,4,0.9687283635139465,4,4,True
resnet50,resnet50_linear_head,d16_left,545,545,6,0.9643599987030029,6,6,True
resnet50,resnet50_linear_head,d16_left,562,562,0,0.955760657787323,0,0,True
resnet50,resnet50_linear_head,d16_left,568,568,5,0.9760403633117676,5,5,True
resnet50,resnet50_linear_head,d16_left,603,603,9,0.9558528661727905,9,9,True
resnet50,resnet50_linear_head,d16_left,632,632,3,0.968586266040802,3,3,True
resnet50,resnet50_linear_head,d16_left,645,645,5,0.9531742334365845,5,5,True
resnet50,resnet50_linear_head,d16_left,667,667,8,0.9893259406089783,8,8,True
resnet50,resnet50_linear_head,d16_left,672,672,3,0.9405859112739563,3,3,True
resnet50,resnet50_linear_head,d16_left,677,677,3,0.9401763677597046,3,3,True
resnet50,resnet50_linear_head,d16_left,685,685,5,0.9832807779312134,5,5,True
resnet50,resnet50_linear_head,d16_left,691,691,4,0.9677197933197021,4,4,True
resnet50,resnet50_linear_head,d16_left,706,706,8,0.9477411508560181,8,8,True
resnet50,resnet50_linear_head,d16_left,714,714,2,0.9501746296882629,2,2,True
resnet50,resnet50_linear_head,d16_left,716,716,8,0.9508180618286133,8,8,True
resnet50,resnet50_linear_head,d16_left,738,738,3,0.9409931898117065,3,3,True
resnet50,resnet50_linear_head,d16_left,739,739,8,0.9679568409919739,8,8,True
resnet50,resnet50_linear_head,d16_left,766,766,4,0.9432907104492188,6,6,True
resnet50,resnet50_linear_head,d16_left,791,791,3,0.9618542790412903,3,3,True
resnet50,resnet50_linear_head,d16_left,805,805,9,0.9543352127075195,9,9,True
resnet50,resnet50_linear_head,d16_left,825,825,1,0.9780222773551941,1,1,True
resnet50,resnet50_linear_head,d16_left,852,852,9,0.9519668817520142,9,9,True
resnet50,resnet50_linear_head,d16_left,855,855,4,0.9452576637268066,4,4,True
resnet50,resnet50_linear_head,d16_left,873,873,6,0.9574692249298096,6,6,True
resnet50,resnet50_linear_head,d16_left,890,890,6,0.9573460817337036,6,6,True
resnet50,resnet50_linear_head,d16_left,920,920,6,0.9584112167358398,6,6,True
resnet50,resnet50_linear_head,d16_left,929,929,6,0.9710015654563904,6,6,True
resnet50,resnet50_linear_head,d16_left,962,962,8,0.9829544425010681,8,8,True
resnet50,resnet50_linear_head,d16_left,964,964,6,0.9734508991241455,6,6,True
resnet50,resnet50_linear_head,d16_left,977,977,6,0.9403200149536133,6,6,True
resnet50,resnet50_linear_head,d16_left,979,979,3,0.9808598756790161,3,3,True
resnet50,resnet50_linear_head,d16_left,981,981,2,0.9766229391098022,2,2,True
resnet50,resnet50_linear_head,d16_left,1022,1022,9,0.9677939414978027,9,9,True
resnet50,resnet50_linear_head,d16_left,1032,1032,7,0.9787073731422424,7,7,True
resnet50,resnet50_linear_head,d16_left,1048,1048,7,0.9790303707122803,7,7,True
resnet50,resnet50_linear_head,d16_left,1090,1090,1,0.982962429523468,1,1,True
resnet50,resnet50_linear_head,d16_left,1095,1095,5,0.9692050814628601,5,5,True
resnet50,resnet50_linear_head,d16_left,1109,1109,1,0.9367719292640686,1,1,True
resnet50,resnet50_linear_head,d16_left,1111,1111,4,0.9765089750289917,4,4,True
resnet50,resnet50_linear_head,d16_left,1115,1115,1,0.95548015832901,1,1,True
resnet50,resnet50_linear_head,d16_left,1124,1124,4,0.9649134874343872,4,4,True
resnet50,resnet50_linear_head,d16_left,1129,1129,8,0.9709101319313049,8,8,True
resnet50,resnet50_linear_head,d16_left,1175,1175,0,0.9471607208251953,0,0,True
resnet50,resnet50_linear_head,d16_left,1202,1202,2,0.9743157029151917,2,2,True
resnet50,resnet50_linear_head,d16_left,1204,1204,3,0.9372125267982483,3,3,True
resnet50,resnet50_linear_head,d16_left,1211,1211,4,0.9399743676185608,4,4,True
resnet50,resnet50_linear_head,d16_left,1220,1220,7,0.9600952863693237,7,7,True
resnet50,resnet50_linear_head,d16_left,1230,1230,1,0.9591878056526184,1,1,True
resnet50,resnet50_linear_head,d16_left,1247,1247,8,0.9576926231384277,8,8,True
resnet50,resnet50_linear_head,d16_left,1263,1263,3,0.9750851988792419,3,3,True
resnet50,resnet50_linear_head,d16_left,1266,1266,4,0.9611130952835083,4,4,True
resnet50,resnet50_linear_head,d16_left,1287,1287,7,0.9152203798294067,7,7,True
resnet50,resnet50_linear_head,d16_left,1296,1296,7,0.9077641367912292,7,7,True
resnet50,resnet50_linear_head,d16_left,1370,1370,3,0.9595146775245667,3,3,True
resnet50,resnet50_linear_head,d16_left,1389,1389,0,0.9780950546264648,0,0,True
resnet50,resnet50_linear_head,d16_left,1401,1401,3,0.9634138345718384,3,3,True
resnet50,resnet50_linear_head,d16_left,1403,1403,2,0.9730162024497986,2,2,True
resnet50,resnet50_linear_head,d16_left,1411,1411,9,0.9850884079933167,9,9,True
resnet50,resnet50_linear_head,d16_left,1429,1429,4,0.9353439211845398,4,4,True
resnet50,resnet50_linear_head,d16_left,1430,1430,9,0.9554042220115662,9,9,True
resnet50,resnet50_linear_head,d16_left,1431,1431,3,0.9311162233352661,3,3,True
resnet50,resnet50_linear_head,d16_left,1436,1436,1,0.9783491492271423,1,1,True
resnet50,resnet50_linear_head,d16_left,1440,1440,7,0.9664360880851746,7,7,True
resnet50,resnet50_linear_head,d16_left,1468,1468,9,0.9749886989593506,9,9,True
resnet50,resnet50_linear_head,d16_left,1473,1473,7,0.9773762226104736,7,7,True
resnet50,resnet50_linear_head,d16_left,1515,1515,9,0.9696898460388184,9,9,True
resnet50,resnet50_linear_head,d16_left,1520,1520,2,0.9751647710800171,2,2,True
resnet50,resnet50_linear_head,d16_left,1531,1531,3,0.9742811918258667,3,5,False
resnet50,resnet50_linear_head,d16_left,1534,1534,6,0.9517385959625244,6,6,True
resnet50,resnet50_linear_head,d16_left,1552,1552,5,0.9762253761291504,5,5,True
resnet50,resnet50_linear_head,d16_left,1553,1553,0,0.9721288084983826,0,0,True
resnet50,resnet50_linear_head,d16_left,1563,1563,3,0.9672866463661194,3,3,True
resnet50,resnet50_linear_head,d16_left,1568,1568,1,0.9506102204322815,1,1,True
resnet50,resnet50_linear_head,d16_left,1579,1579,7,0.9495779871940613,7,7,True
resnet50,resnet50_linear_head,d16_left,1586,1586,2,0.9679265022277832,2,2,True
resnet50,resnet50_linear_head,d16_left,1596,1596,0,0.9732622504234314,0,0,True
resnet50,resnet50_linear_head,d16_left,1626,1626,5,0.9694368839263916,5,5,True
resnet50,resnet50_linear_head,d16_left,1640,1640,8,0.925026535987854,8,8,True
resnet50,resnet50_linear_head,d16_left,1644,1644,5,0.971948504447937,5,5,True
resnet50,resnet50_linear_head,d16_left,1648,1648,0,0.930208146572113,0,0,True
resnet50,resnet50_linear_head,d16_left,1654,1654,9,0.9813017845153809,9,9,True
resnet50,resnet50_linear_head,d16_left,1667,1667,6,0.9423626661300659,6,6,True
resnet50,resnet50_linear_head,d16_left,1703,1703,7,0.9725182056427002,7,7,True
resnet50,resnet50_linear_head,d16_left,1711,1711,7,0.9554278254508972,7,7,True
resnet50,resnet50_linear_head,d16_left,1771,1771,7,0.9671739339828491,7,7,True
resnet50,resnet50_linear_head,d16_left,1783,1783,8,0.9679802060127258,8,8,True
resnet50,resnet50_linear_head,d16_left,1814,1814,2,0.9857699871063232,2,2,True
resnet50,resnet50_linear_head,d16_left,1833,1833,8,0.978811502456665,8,8,True
resnet50,resnet50_linear_head,d16_left,1836,1836,9,0.9745005965232849,9,9,True
resnet50,resnet50_linear_head,d16_left,1839,1839,2,0.971032440662384,2,2,True
resnet50,resnet50_linear_head,d16_left,1852,1852,1,0.9805694818496704,1,1,True
resnet50,resnet50_linear_head,d16_left,1871,1871,1,0.9580932259559631,1,1,True
resnet50,resnet50_linear_head,d16_left,1877,1877,5,0.9548978209495544,5,5,True
resnet50,resnet50_linear_head,d16_left,1884,1884,7,0.9458346962928772,7,7,True
resnet50,resnet50_linear_head,d16_left,1927,1927,7,0.9472774267196655,7,7,True
resnet50,resnet50_linear_head,d16_left,1954,1954,8,0.9398021697998047,8,8,True
resnet50,resnet50_linear_head,d16_left,1956,1956,7,0.9528453946113586,3,3,True
resnet50,resnet50_linear_head,d16_left,1960,1960,4,0.9593128561973572,4,4,True
resnet50,resnet50_linear_head,d16_left,1977,1977,0,0.9104903340339661,0,0,True
resnet50,resnet50_linear_head,d16_left,1986,1986,1,0.9825911521911621,1,1,True
resnet50,resnet50_linear_head,d16_left,1993,1993,1,0.9702196717262268,1,1,True
resnet50,resnet50_linear_head,d16_left,2003,2003,6,0.9776866436004639,6,6,True
resnet50,resnet50_linear_head,d16_left,2011,2011,9,0.9515453577041626,9,9,True
resnet50,resnet50_linear_head,d16_left,2024,2024,0,0.9630757570266724,0,0,True
resnet50,resnet50_linear_head,d16_left,2028,2028,3,0.9055168032646179,3,3,True
resnet50,resnet50_linear_head,d16_left,2062,2062,9,0.9691998958587646,9,9,True
resnet50,resnet50_linear_head,d16_left,2070,2070,1,0.870338499546051,1,1,True
resnet50,resnet50_linear_head,d16_left,2082,2082,2,0.9819974303245544,2,2,True
resnet50,resnet50_linear_head,d16_left,2095,2095,1,0.9667255878448486,1,1,True
resnet50,resnet50_linear_head,d16_left,2109,2109,8,0.9802711009979248,8,8,True
resnet50,resnet50_linear_head,d16_left,2114,2114,9,0.9739298224449158,9,9,True
resnet50,resnet50_linear_head,d16_left,2116,2116,1,0.953877866268158,3,3,True
resnet50,resnet50_linear_head,d16_left,2157,2157,1,0.9478392004966736,1,1,True
resnet50,resnet50_linear_head,d16_left,2167,2167,9,0.9633380174636841,9,9,True
resnet50,resnet50_linear_head,d16_left,2178,2178,1,0.9679104089736938,1,1,True
resnet50,resnet50_linear_head,d16_left,2191,2191,8,0.9690972566604614,8,8,True
resnet50,resnet50_linear_head,d16_left,2230,2230,8,0.9487121105194092,8,8,True
resnet50,resnet50_linear_head,d16_left,2242,2242,0,0.9812214374542236,0,0,True
resnet50,resnet50_linear_head,d16_left,2265,2265,5,0.9699029922485352,5,5,True
resnet50,resnet50_linear_head,d16_left,2268,2268,5,0.9763842821121216,5,5,True
resnet50,resnet50_linear_head,d16_left,2291,2291,3,0.9620925188064575,3,3,True
resnet50,resnet50_linear_head,d16_left,2334,2334,5,0.9787395000457764,5,5,True
resnet50,resnet50_linear_head,d16_left,2340,2340,8,0.9853394627571106,8,8,True
resnet50,resnet50_linear_head,d16_left,2342,2342,8,0.9780236482620239,8,8,True
resnet50,resnet50_linear_head,d16_left,2351,2351,9,0.9819682240486145,9,9,True
resnet50,resnet50_linear_head,d16_left,2391,2391,5,0.9237618446350098,5,5,True
resnet50,resnet50_linear_head,d16_left,2392,2392,2,0.9835630655288696,2,2,True
resnet50,resnet50_linear_head,d16_left,2399,2399,4,0.9573248624801636,4,4,True
resnet50,resnet50_linear_head,d16_left,2414,2414,9,0.9808970093727112,9,9,True
resnet50,resnet50_linear_head,d16_left,2427,2427,5,0.9772962331771851,5,5,True
resnet50,resnet50_linear_head,d16_left,2458,2458,5,0.9480964541435242,5,5,True
resnet50,resnet50_linear_head,d16_left,2501,2501,7,0.9702121019363403,7,7,True
resnet50,resnet50_linear_head,d16_left,2502,2502,2,0.9868807196617126,2,2,True
resnet50,resnet50_linear_head,d16_left,2536,2536,3,0.9735124111175537,3,3,True
resnet50,resnet50_linear_head,d16_left,2539,2539,3,0.9659267067909241,3,3,True
resnet50,resnet50_linear_head,d16_left,2610,2610,6,0.9401372075080872,6,6,True
resnet50,resnet50_linear_head,d16_left,2623,2623,5,0.9379982352256775,5,5,True
resnet50,resnet50_linear_head,d16_left,2655,2655,9,0.9812146425247192,9,9,True
resnet50,resnet50_linear_head,d16_left,2668,2668,7,0.9671028256416321,7,7,True
resnet50,resnet50_linear_head,d16_left,2676,2676,6,0.9101591110229492,6,6,True
resnet50,resnet50_linear_head,d16_left,2687,2687,1,0.8830718994140625,1,1,True
resnet50,resnet50_linear_head,d16_left,2690,2690,1,0.9161480665206909,1,1,True
resnet50,resnet50_linear_head,d16_left,2704,2704,4,0.9710731506347656,4,4,True
resnet50,resnet50_linear_head,d16_left,2745,2745,8,0.952558159828186,8,8,True
resnet50,resnet50_linear_head,d16_left,2746,2746,7,0.9407485723495483,7,7,True
resnet50,resnet50_linear_head,d16_left,2750,2750,0,0.9747035503387451,0,0,True
resnet50,resnet50_linear_head,d16_left,2754,2754,3,0.9665008187294006,3,3,True
resnet50,resnet50_linear_head,d16_left,2757,2757,4,0.9636031985282898,4,4,True
resnet50,resnet50_linear_head,d16_left,2766,2766,5,0.9694939851760864,5,5,True
resnet50,resnet50_linear_head,d16_left,2807,2807,5,0.9069936871528625,4,3,False
resnet50,resnet50_linear_head,d16_left,2844,2844,8,0.9621603488922119,8,8,True
resnet50,resnet50_linear_head,d16_left,2854,2854,7,0.9677044749259949,7,7,True
resnet50,resnet50_linear_head,d16_left,2861,2861,3,0.9369726777076721,3,3,True
resnet50,resnet50_linear_head,d16_left,2888,2888,0,0.9763584733009338,0,0,True
resnet50,resnet50_linear_head,d16_left,2898,2898,4,0.9724299311637878,4,4,True
resnet50,resnet50_linear_head,d16_left,2950,2950,5,0.9557907581329346,5,5,True
resnet50,resnet50_linear_head,d16_left,2958,2958,6,0.9758749604225159,6,6,True
resnet50,resnet50_linear_head,d16_left,3015,3015,8,0.9838026762008667,8,8,True
resnet50,resnet50_linear_head,d16_left,3024,3024,2,0.9578970074653625,2,2,True
resnet50,resnet50_linear_head,d16_left,3025,3025,0,0.9465237855911255,0,0,True
resnet50,resnet50_linear_head,d16_left,3034,3034,4,0.9813687801361084,4,4,True
resnet50,resnet50_linear_head,d16_left,3067,3067,2,0.9845170378684998,2,2,True
resnet50,resnet50_linear_head,d16_left,3078,3078,4,0.9620989561080933,4,4,True
resnet50,resnet50_linear_head,d16_left,3079,3079,1,0.9693095684051514,1,1,True
resnet50,resnet50_linear_head,d16_left,3083,3083,0,0.9847441911697388,0,0,True
resnet50,resnet50_linear_head,d16_left,3122,3122,4,0.9506521821022034,4,4,True
resnet50,resnet50_linear_head,d16_left,3153,3153,7,0.9674309492111206,7,7,True
resnet50,resnet50_linear_head,d16_left,3157,3157,8,0.982477605342865,8,8,True
resnet50,resnet50_linear_head,d16_left,3163,3163,2,0.9814393520355225,2,2,True
resnet50,resnet50_linear_head,d16_left,3179,3179,4,0.963161289691925,4,4,True
resnet50,resnet50_linear_head,d16_left,3191,3191,6,0.950997531414032,6,6,True
resnet50,resnet50_linear_head,d16_left,3276,3276,3,0.8466090559959412,3,3,True
resnet50,resnet50_linear_head,d16_left,3287,3287,4,0.9701027274131775,4,4,True
resnet50,resnet50_linear_head,d16_left,3288,3288,7,0.972970187664032,7,7,True
resnet50,resnet50_linear_head,d16_left,3292,3292,6,0.9714605808258057,6,6,True
resnet50,resnet50_linear_head,d16_left,3318,3318,9,0.9686278700828552,9,9,True
resnet50,resnet50_linear_head,d16_left,3347,3347,0,0.9335410594940186,0,0,True
resnet50,resnet50_linear_head,d16_left,3353,3353,5,0.9584119915962219,3,3,True
resnet50,resnet50_linear_head,d16_left,3362,3362,2,0.9918145537376404,2,2,True
resnet50,resnet50_linear_head,d16_left,3365,3365,4,0.9505406618118286,4,4,True
resnet50,resnet50_linear_head,d16_left,3375,3375,3,0.9798458814620972,3,3,True
resnet50,resnet50_linear_head,d16_left,3383,3383,3,0.9379017353057861,3,3,True
resnet50,resnet50_linear_head,d16_left,3404,3404,7,0.9702761173248291,7,7,True
resnet50,resnet50_linear_head,d16_left,3412,3412,8,0.9778531789779663,8,8,True
resnet50,resnet50_linear_head,d16_left,3413,3413,1,0.9808690547943115,1,1,True
resnet50,resnet50_linear_head,d16_left,3418,3418,6,0.9767919778823853,6,6,True
resnet50,resnet50_linear_head,d16_left,3437,3437,0,0.954089343547821,0,0,True
resnet50,resnet50_linear_head,d16_left,3446,3446,7,0.9688112139701843,7,7,True
resnet50,resnet50_linear_head,d16_left,3454,3454,2,0.9715818762779236,2,2,True
resnet50,resnet50_linear_head,d16_left,3455,3455,0,0.9772575497627258,0,0,True
resnet50,resnet50_linear_head,d16_left,3458,3458,4,0.973368763923645,4,4,True
resnet50,resnet50_linear_head,d16_left,3467,3467,7,0.9617180228233337,7,7,True
resnet50,resnet50_linear_head,d16_left,3491,3491,1,0.9516481757164001,1,1,True
resnet50,resnet50_linear_head,d16_left,3494,3494,6,0.979020357131958,6,6,True
resnet50,resnet50_linear_head,d16_left,3512,3512,4,0.9737871885299683,4,4,True
resnet50,resnet50_linear_head,d16_left,3515,3515,6,0.9488653540611267,6,6,True
resnet50,resnet50_linear_head,d16_left,3542,3542,7,0.9858862161636353,7,7,True
resnet50,resnet50_linear_head,d16_left,3550,3550,1,0.9706258773803711,1,1,True
resnet50,resnet50_linear_head,d16_left,3562,3562,3,0.9359189867973328,3,3,True
resnet50,resnet50_linear_head,d16_left,3755,3755,2,0.9578700661659241,2,2,True
resnet50,resnet50_linear_head,d16_left,3763,3763,4,0.9832903146743774,4,4,True
resnet50,resnet50_linear_head,d16_left,3777,3777,6,0.9774993062019348,6,6,True
resnet50,resnet50_linear_head,d16_left,3778,3778,3,0.9612727761268616,3,3,True
resnet50,resnet50_linear_head,d16_left,3779,3779,6,0.923768937587738,6,6,True
resnet50,resnet50_linear_head,d16_left,3844,3844,6,0.9830369353294373,6,6,True
resnet50,resnet50_linear_head,d16_left,3851,3851,3,0.9784246683120728,3,3,True
resnet50,resnet50_linear_head,d16_left,3852,3852,5,0.9380694031715393,5,5,True
resnet50,resnet50_linear_head,d16_left,3863,3863,5,0.9864044189453125,5,5,True
resnet50,resnet50_linear_head,d16_left,3867,3867,7,0.9508193135261536,7,7,True
resnet50,resnet50_linear_head,d16_left,3876,3876,0,0.9542020559310913,0,0,True
resnet50,resnet50_linear_head,d16_left,3889,3889,5,0.9634446501731873,5,5,True
resnet50,resnet50_linear_head,d16_left,3891,3891,4,0.9686886072158813,4,4,True
resnet50,resnet50_linear_head,d16_left,3893,3893,9,0.9724956154823303,9,9,True
resnet50,resnet50_linear_head,d16_left,3905,3905,8,0.9536011219024658,8,8,True
resnet50,resnet50_linear_head,d16_left,3914,3914,3,0.9819563627243042,3,3,True
resnet50,resnet50_linear_head,d16_left,3937,3937,1,0.9535494446754456,1,1,True
resnet50,resnet50_linear_head,d16_left,3942,3942,9,0.9522098302841187,9,9,True
resnet50,resnet50_linear_head,d16_left,3948,3948,8,0.9689947366714478,8,8,True
resnet50,resnet50_linear_head,d16_left,3962,3962,6,0.9646297693252563,6,6,True
resnet50,resnet50_linear_head,d16_left,3965,3965,0,0.9517729878425598,0,0,True
resnet50,resnet50_linear_head,d16_left,3994,3994,4,0.964838445186615,4,4,True
resnet50,resnet50_linear_head,d16_left,3996,3996,9,0.9559260606765747,9,9,True
resnet50,resnet50_linear_head,d16_left,4011,4011,6,0.9633883237838745,6,6,True
resnet50,resnet50_linear_head,d16_left,4023,4023,3,0.9733644127845764,3,3,True
resnet50,resnet50_linear_head,d16_left,4054,4054,4,0.9636479020118713,4,4,True
resnet50,resnet50_linear_head,d16_left,4065,4065,2,0.9507519602775574,2,2,True
resnet50,resnet50_linear_head,d16_left,4069,4069,8,0.9779350757598877,8,8,True
resnet50,resnet50_linear_head,d16_left,4093,4093,6,0.9483100175857544,6,6,True
resnet50,resnet50_linear_head,d16_left,4094,4094,9,0.9754943251609802,9,9,True
resnet50,resnet50_linear_head,d16_left,4106,4106,5,0.9473985433578491,5,5,True
resnet50,resnet50_linear_head,d16_left,4130,4130,0,0.9581870436668396,0,0,True
resnet50,resnet50_linear_head,d16_left,4168,4168,3,0.9412708282470703,3,3,True
resnet50,resnet50_linear_head,d16_left,4170,4170,8,0.9784124493598938,8,8,True
resnet50,resnet50_linear_head,d16_left,4172,4172,7,0.9698089957237244,7,7,True
resnet50,resnet50_linear_head,d16_left,4177,4177,8,0.9394118189811707,8,8,True
resnet50,resnet50_linear_head,d16_left,4215,4215,3,0.9004029631614685,3,3,True
resnet50,resnet50_linear_head,d16_left,4229,4229,3,0.9660881757736206,3,3,True
resnet50,resnet50_linear_head,d16_left,4236,4236,7,0.9587769508361816,7,7,True
resnet50,resnet50_linear_head,d16_left,4242,4242,8,0.9876026511192322,8,8,True
resnet50,resnet50_linear_head,d16_left,4254,4254,6,0.9706457853317261,6,6,True
resnet50,resnet50_linear_head,d16_left,4290,4290,5,0.8918063640594482,5,4,False
resnet50,resnet50_linear_head,d16_left,4298,4298,1,0.9869014620780945,1,1,True
resnet50,resnet50_linear_head,d16_left,4308,4308,7,0.9349827170372009,7,7,True
resnet50,resnet50_linear_head,d16_left,4311,4311,8,0.9637806415557861,8,8,True
resnet50,resnet50_linear_head,d16_left,4323,4323,3,0.9206095933914185,3,3,True
resnet50,resnet50_linear_head,d16_left,4330,4330,3,0.955705463886261,3,3,True
resnet50,resnet50_linear_head,d16_left,4341,4341,6,0.9662151336669922,6,6,True
resnet50,resnet50_linear_head,d16_left,4355,4355,8,0.974409282207489,8,8,True
resnet50,resnet50_linear_head,d16_left,4399,4399,0,0.9075366258621216,0,0,True
resnet50,resnet50_linear_head,d16_left,4403,4403,7,0.9816594123840332,7,7,True
resnet50,resnet50_linear_head,d16_left,4411,4411,6,0.9519972801208496,6,6,True
resnet50,resnet50_linear_head,d16_left,4449,4449,9,0.9620689153671265,9,9,True
resnet50,resnet50_linear_head,d16_left,4463,4463,3,0.8537638187408447,3,3,True
resnet50,resnet50_linear_head,d16_left,4531,4531,3,0.9622899293899536,3,3,True
resnet50,resnet50_linear_head,d16_left,4539,4539,0,0.9154252409934998,0,0,True
resnet50,resnet50_linear_head,d16_left,4547,4547,5,0.9681075811386108,5,5,True
resnet50,resnet50_linear_head,d16_left,4552,4552,8,0.963799774646759,8,8,True
resnet50,resnet50_linear_head,d16_left,4570,4570,5,0.9729677438735962,5,5,True
resnet50,resnet50_linear_head,d16_left,4590,4590,3,0.9694169163703918,3,3,True
resnet50,resnet50_linear_head,d16_left,4609,4609,3,0.962960422039032,3,3,True
resnet50,resnet50_linear_head,d16_left,4615,4615,0,0.9619202613830566,0,0,True
resnet50,resnet50_linear_head,d16_left,4617,4617,0,0.969521701335907,0,0,True
resnet50,resnet50_linear_head,d16_left,4620,4620,6,0.9660183191299438,6,6,True
resnet50,resnet50_linear_head,d16_left,4629,4629,4,0.9646142721176147,4,4,True
resnet50,resnet50_linear_head,d16_left,4640,4640,1,0.9421926140785217,1,1,True
resnet50,resnet50_linear_head,d16_left,4642,4642,4,0.9756327271461487,4,4,True
resnet50,resnet50_linear_head,d16_left,4661,4661,7,0.9485395550727844,7,7,True
resnet50,resnet50_linear_head,d16_left,4662,4662,8,0.9801197648048401,8,8,True
resnet50,resnet50_linear_head,d16_left,4675,4675,0,0.9582467079162598,0,0,True
resnet50,resnet50_linear_head,d16_left,4676,4676,8,0.9645100831985474,8,8,True
resnet50,resnet50_linear_head,d16_left,4704,4704,7,0.9609923362731934,7,7,True
resnet50,resnet50_linear_head,d16_left,4723,4723,9,0.9773629903793335,9,9,True
resnet50,resnet50_linear_head,d16_left,4731,4731,6,0.962965190410614,6,6,True
resnet50,resnet50_linear_head,d16_left,4735,4735,2,0.9869991540908813,2,2,True
resnet50,resnet50_linear_head,d16_left,4740,4740,4,0.962693452835083,4,4,True
resnet50,resnet50_linear_head,d16_left,4746,4746,6,0.959126353263855,6,6,True
resnet50,resnet50_linear_head,d16_left,4748,4748,7,0.9465553164482117,7,7,True
resnet50,resnet50_linear_head,d16_left,4754,4754,6,0.9724852442741394,6,6,True
resnet50,resnet50_linear_head,d16_left,4785,4785,0,0.9822523593902588,0,0,True
resnet50,resnet50_linear_head,d16_left,4791,4791,7,0.9846598505973816,7,7,True
resnet50,resnet50_linear_head,d16_left,4819,4819,0,0.9744164347648621,0,0,True
resnet50,resnet50_linear_head,d16_left,4821,4821,3,0.9751778841018677,3,3,True
resnet50,resnet50_linear_head,d16_left,4827,4827,6,0.9680952429771423,6,6,True
resnet50,resnet50_linear_head,d16_left,4850,4850,5,0.9606345295906067,5,5,True
resnet50,resnet50_linear_head,d16_left,4881,4881,3,0.9467222690582275,3,3,True
resnet50,resnet50_linear_head,d16_left,4893,4893,0,0.9245643019676208,0,0,True
resnet50,resnet50_linear_head,d16_left,4908,4908,3,0.970255434513092,3,3,True
resnet50,resnet50_linear_head,d16_left,4913,4913,2,0.9829522371292114,2,2,True
resnet50,resnet50_linear_head,d16_left,4921,4921,2,0.9757606387138367,2,2,True
resnet50,resnet50_linear_head,d16_left,4953,4953,5,0.9292551279067993,5,5,True
resnet50,resnet50_linear_head,d16_left,4966,4966,5,0.9519093036651611,5,5,True
resnet50,resnet50_linear_head,d16_left,4990,4990,8,0.9768478870391846,8,8,True
resnet50,resnet50_linear_head,d16_left,5000,5000,8,0.9849414825439453,8,8,True
resnet50,resnet50_linear_head,d16_left,5030,5030,2,0.9882472157478333,2,2,True
resnet50,resnet50_linear_head,d16_left,5062,5062,4,0.9823727011680603,4,4,True
resnet50,resnet50_linear_head,d16_left,5077,5077,4,0.9726732969284058,4,4,True
resnet50,resnet50_linear_head,d16_left,5082,5082,6,0.9861936569213867,6,6,True
resnet50,resnet50_linear_head,d16_left,5092,5092,1,0.9710227847099304,1,1,True
resnet50,resnet50_linear_head,d16_left,5101,5101,5,0.9450663328170776,5,5,True
resnet50,resnet50_linear_head,d16_left,5117,5117,0,0.9805153608322144,0,0,True
resnet50,resnet50_linear_head,d16_left,5123,5123,1,0.976326048374176,1,1,True
resnet50,resnet50_linear_head,d16_left,5135,5135,4,0.9157885909080505,4,4,True
resnet50,resnet50_linear_head,d16_left,5183,5183,2,0.9911295771598816,2,2,True
resnet50,resnet50_linear_head,d16_left,5213,5213,4,0.9759474396705627,4,4,True
resnet50,resnet50_linear_head,d16_left,5218,5218,2,0.9910523295402527,2,2,True
resnet50,resnet50_linear_head,d16_left,5220,5220,1,0.905133068561554,3,3,True
resnet50,resnet50_linear_head,d16_left,5237,5237,2,0.9765027761459351,2,2,True
resnet50,resnet50_linear_head,d16_left,5256,5256,1,0.9477989673614502,1,1,True
resnet50,resnet50_linear_head,d16_left,5284,5284,9,0.9647508859634399,9,9,True
resnet50,resnet50_linear_head,d16_left,5301,5301,9,0.9775667190551758,9,9,True
resnet50,resnet50_linear_head,d16_left,5318,5318,2,0.9699193239212036,2,2,True
resnet50,resnet50_linear_head,d16_left,5332,5332,5,0.9024925231933594,5,5,True
resnet50,resnet50_linear_head,d16_left,5333,5333,2,0.9668502807617188,2,2,True
resnet50,resnet50_linear_head,d16_left,5360,5360,9,0.9713687896728516,9,9,True
resnet50,resnet50_linear_head,d16_left,5381,5381,5,0.9625691175460815,5,6,False
resnet50,resnet50_linear_head,d16_left,5382,5382,6,0.9329020380973816,6,6,True
resnet50,resnet50_linear_head,d16_left,5395,5395,2,0.969700813293457,2,2,True
resnet50,resnet50_linear_head,d16_left,5402,5402,4,0.983092725276947,4,4,True
resnet50,resnet50_linear_head,d16_left,5408,5408,6,0.9618077874183655,6,6,True
resnet50,resnet50_linear_head,d16_left,5436,5436,7,0.9770377278327942,7,7,True
resnet50,resnet50_linear_head,d16_left,5447,5447,9,0.9738572835922241,9,9,True
resnet50,resnet50_linear_head,d16_left,5450,5450,7,0.9772120714187622,7,7,True
resnet50,resnet50_linear_head,d16_left,5451,5451,8,0.9661760330200195,8,8,True
resnet50,resnet50_linear_head,d16_left,5452,5452,9,0.9416021108627319,9,9,True
resnet50,resnet50_linear_head,d16_left,5467,5467,4,0.9726821780204773,4,4,True
resnet50,resnet50_linear_head,d16_left,5478,5478,0,0.9661706686019897,0,0,True
resnet50,resnet50_linear_head,d16_left,5488,5488,1,0.952492892742157,7,7,True
resnet50,resnet50_linear_head,d16_left,5496,5496,5,0.9546325206756592,5,5,True
resnet50,resnet50_linear_head,d16_left,5508,5508,9,0.9820749163627625,9,9,True
resnet50,resnet50_linear_head,d16_left,5512,5512,2,0.9107869267463684,9,9,True
resnet50,resnet50_linear_head,d16_left,5525,5525,8,0.9370257258415222,8,8,True
resnet50,resnet50_linear_head,d16_left,5528,5528,3,0.9639625549316406,5,5,True
resnet50,resnet50_linear_head,d16_left,5556,5556,4,0.9771906137466431,4,4,True
resnet50,resnet50_linear_head,d16_left,5560,5560,1,0.9778573513031006,1,1,True
resnet50,resnet50_linear_head,d16_left,5572,5572,9,0.9811357259750366,9,9,True
resnet50,resnet50_linear_head,d16_left,5580,5580,6,0.9647496342658997,6,6,True
resnet50,resnet50_linear_head,d16_left,5590,5590,9,0.9237589836120605,9,9,True
resnet50,resnet50_linear_head,d16_left,5623,5623,4,0.9150695204734802,4,4,True
resnet50,resnet50_linear_head,d16_left,5677,5677,2,0.9546677470207214,2,2,True
resnet50,resnet50_linear_head,d16_left,5694,5694,8,0.9834886193275452,8,8,True
resnet50,resnet50_linear_head,d16_left,5701,5701,5,0.9565669894218445,5,5,True
resnet50,resnet50_linear_head,d16_left,5705,5705,8,0.9770429730415344,8,8,True
resnet50,resnet50_linear_head,d16_left,5719,5719,7,0.98408442735672,7,7,True
resnet50,resnet50_linear_head,d16_left,5729,5729,6,0.9429631233215332,6,6,True
resnet50,resnet50_linear_head,d16_left,5756,5756,2,0.9886761903762817,2,2,True
resnet50,resnet50_linear_head,d16_left,5788,5788,9,0.9662753939628601,9,9,True
resnet50,resnet50_linear_head,d16_left,5789,5789,4,0.9105265140533447,4,4,True
resnet50,resnet50_linear_head,d16_left,5824,5824,2,0.9555290937423706,2,2,True
resnet50,resnet50_linear_head,d16_left,5848,5848,7,0.972732663154602,7,7,True
resnet50,resnet50_linear_head,d16_left,5851,5851,9,0.9820409417152405,9,9,True
resnet50,resnet50_linear_head,d16_left,5857,5857,6,0.9651276469230652,4,4,True
resnet50,resnet50_linear_head,d16_left,5858,5858,6,0.9628151059150696,6,6,True
resnet50,resnet50_linear_head,d16_left,5912,5912,0,0.9477638006210327,0,0,True
resnet50,resnet50_linear_head,d16_left,5915,5915,9,0.9698291420936584,9,9,True
resnet50,resnet50_linear_head,d16_left,5918,5918,0,0.9330983757972717,0,0,True
resnet50,resnet50_linear_head,d16_left,5924,5924,5,0.9568474292755127,5,5,True
resnet50,resnet50_linear_head,d16_left,5977,5977,7,0.9318349361419678,7,7,True
resnet50,resnet50_linear_head,d16_left,5981,5981,9,0.9661017060279846,9,9,True
resnet50,resnet50_linear_head,d16_left,5999,5999,0,0.9316273927688599,0,0,True
resnet50,resnet50_linear_head,d16_left,6028,6028,2,0.942282497882843,2,2,True
resnet50,resnet50_linear_head,d16_left,6033,6033,4,0.959927499294281,4,4,True
resnet50,resnet50_linear_head,d16_left,6076,6076,1,0.9786337614059448,1,1,True
resnet50,resnet50_linear_head,d16_left,6084,6084,7,0.958867073059082,7,7,True
resnet50,resnet50_linear_head,d16_left,6097,6097,4,0.9878109693527222,4,4,True
resnet50,resnet50_linear_head,d16_left,6169,6169,1,0.9549252986907959,1,1,True
resnet50,resnet50_linear_head,d16_left,6190,6190,7,0.9652568697929382,7,7,True
resnet50,resnet50_linear_head,d16_left,6224,6224,5,0.9810034036636353,5,5,True
resnet50,resnet50_linear_head,d16_left,6244,6244,2,0.9385671615600586,2,2,True
resnet50,resnet50_linear_head,d16_left,6264,6264,2,0.9668342471122742,2,2,True
resnet50,resnet50_linear_head,d16_left,6271,6271,2,0.9747524261474609,2,2,True
resnet50,resnet50_linear_head,d16_left,6288,6288,4,0.9472511410713196,4,4,True
resnet50,resnet50_linear_head,d16_left,6332,6332,2,0.9783365726470947,2,2,True
resnet50,resnet50_linear_head,d16_left,6349,6349,1,0.9675435423851013,1,1,True
resnet50,resnet50_linear_head,d16_left,6354,6354,2,0.9257533550262451,2,2,True
resnet50,resnet50_linear_head,d16_left,6358,6358,5,0.9562259912490845,5,5,True
resnet50,resnet50_linear_head,d16_left,6381,6381,6,0.969227135181427,6,6,True
resnet50,resnet50_linear_head,d16_left,6414,6414,5,0.9289108514785767,5,5,True
resnet50,resnet50_linear_head,d16_left,6426,6426,2,0.9732853174209595,2,2,True
resnet50,resnet50_linear_head,d16_left,6434,6434,8,0.969114363193512,8,8,True
resnet50,resnet50_linear_head,d16_left,6437,6437,0,0.955519437789917,0,0,True
resnet50,resnet50_linear_head,d16_left,6455,6455,0,0.9771707057952881,0,0,True
resnet50,resnet50_linear_head,d16_left,6490,6490,3,0.9166557788848877,3,3,True
resnet50,resnet50_linear_head,d16_left,6503,6503,2,0.9450892210006714,2,2,True
resnet50,resnet50_linear_head,d16_left,6508,6508,4,0.9810096025466919,4,4,True
resnet50,resnet50_linear_head,d16_left,6528,6528,4,0.9770472049713135,4,4,True
resnet50,resnet50_linear_head,d16_left,6594,6594,1,0.9794625639915466,1,1,True
resnet50,resnet50_linear_head,d16_left,6609,6609,0,0.9780616760253906,0,0,True
resnet50,resnet50_linear_head,d16_left,6616,6616,2,0.9193596243858337,2,2,True
resnet50,resnet50_linear_head,d16_left,6650,6650,7,0.9483715295791626,7,7,True
resnet50,resnet50_linear_head,d16_left,6689,6689,8,0.9855344295501709,8,8,True
resnet50,resnet50_linear_head,d16_left,6692,6692,2,0.979372501373291,2,2,True
resnet50,resnet50_linear_head,d16_left,6713,6713,6,0.9605916738510132,6,6,True
resnet50,resnet50_linear_head,d16_left,6716,6716,5,0.9607234597206116,5,5,True
resnet50,resnet50_linear_head,d16_left,6726,6726,7,0.9783328771591187,7,7,True
resnet50,resnet50_linear_head,d16_left,6733,6733,1,0.9810218811035156,1,1,True
resnet50,resnet50_linear_head,d16_left,6772,6772,7,0.944419264793396,7,7,True
resnet50,resnet50_linear_head,d16_left,6805,6805,1,0.9816719889640808,1,1,True
resnet50,resnet50_linear_head,d16_left,6836,6836,1,0.9744401574134827,1,1,True
resnet50,resnet50_linear_head,d16_left,6844,6844,0,0.9875500202178955,0,0,True
resnet50,resnet50_linear_head,d16_left,6922,6922,5,0.9792203307151794,5,5,True
resnet50,resnet50_linear_head,d16_left,6931,6931,9,0.968040406703949,9,9,True
resnet50,resnet50_linear_head,d16_left,6938,6938,1,0.9780995845794678,1,1,True
resnet50,resnet50_linear_head,d16_left,6952,6952,3,0.9621041417121887,3,3,True
resnet50,resnet50_linear_head,d16_left,6954,6954,1,0.9651857018470764,1,1,True
resnet50,resnet50_linear_head,d16_left,6986,6986,0,0.9778650403022766,0,0,True
resnet50,resnet50_linear_head,d16_left,6989,6989,5,0.9918549060821533,5,5,True
resnet50,resnet50_linear_head,d16_left,7009,7009,0,0.9794580340385437,0,0,True
resnet50,resnet50_linear_head,d16_left,7029,7029,1,0.9714080095291138,1,1,True
resnet50,resnet50_linear_head,d16_left,7033,7033,1,0.938463032245636,1,1,True
resnet50,resnet50_linear_head,d16_left,7041,7041,5,0.9472639560699463,5,5,True
resnet50,resnet50_linear_head,d16_left,7047,7047,9,0.9691727161407471,9,9,True
resnet50,resnet50_linear_head,d16_left,7081,7081,7,0.9444657564163208,7,7,True
resnet50,resnet50_linear_head,d16_left,7084,7084,2,0.9789198637008667,2,2,True
resnet50,resnet50_linear_head,d16_left,7108,7108,6,0.9720852375030518,6,6,True
resnet50,resnet50_linear_head,d16_left,7130,7130,5,0.9812172651290894,5,5,True
resnet50,resnet50_linear_head,d16_left,7138,7138,8,0.9843729138374329,8,8,True
resnet50,resnet50_linear_head,d16_left,7150,7150,0,0.962700366973877,0,0,True
resnet50,resnet50_linear_head,d16_left,7202,7202,1,0.9649791121482849,1,1,True
resnet50,resnet50_linear_head,d16_left,7262,7262,0,0.9754586219787598,0,0,True
resnet50,resnet50_linear_head,d16_left,7266,7266,9,0.9681534767150879,9,9,True
resnet50,resnet50_linear_head,d16_left,7270,7270,7,0.9145251512527466,7,7,True
resnet50,resnet50_linear_head,d16_left,7309,7309,0,0.9783716797828674,0,0,True
resnet50,resnet50_linear_head,d16_left,7320,7320,0,0.9465098977088928,0,0,True
resnet50,resnet50_linear_head,d16_left,7338,7338,6,0.939386248588562,6,6,True
resnet50,resnet50_linear_head,d16_left,7372,7372,0,0.952409565448761,0,0,True
resnet50,resnet50_linear_head,d16_left,7373,7373,0,0.9802519083023071,0,0,True
resnet50,resnet50_linear_head,d16_left,7380,7380,9,0.9562475681304932,9,9,True
resnet50,resnet50_linear_head,d16_left,7390,7390,1,0.9212346076965332,1,1,True
resnet50,resnet50_linear_head,d16_left,7413,7413,5,0.9863888621330261,5,5,True
resnet50,resnet50_linear_head,d16_left,7416,7416,3,0.9590244293212891,5,5,True
resnet50,resnet50_linear_head,d16_left,7425,7425,2,0.9830740094184875,2,2,True
resnet50,resnet50_linear_head,d16_left,7446,7446,8,0.9730478525161743,8,8,True
resnet50,resnet50_linear_head,d16_left,7460,7460,8,0.9641651511192322,8,8,True
resnet50,resnet50_linear_head,d16_left,7465,7465,0,0.9638826251029968,0,0,True
resnet50,resnet50_linear_head,d16_left,7474,7474,5,0.9727329611778259,5,5,True
resnet50,resnet50_linear_head,d16_left,7475,7475,4,0.963891327381134,4,4,True
resnet50,resnet50_linear_head,d16_left,7476,7476,8,0.975364625453949,8,8,True
resnet50,resnet50_linear_head,d16_left,7544,7544,9,0.97579425573349,9,9,True
resnet50,resnet50_linear_head,d16_left,7555,7555,6,0.9744921922683716,6,6,True
resnet50,resnet50_linear_head,d16_left,7600,7600,6,0.9774664044380188,6,6,True
resnet50,resnet50_linear_head,d16_left,7610,7610,4,0.961292564868927,4,4,True
resnet50,resnet50_linear_head,d16_left,7634,7634,0,0.9883878231048584,0,0,True
resnet50,resnet50_linear_head,d16_left,7692,7692,4,0.9327954649925232,4,4,True
resnet50,resnet50_linear_head,d16_left,7706,7706,5,0.9729328155517578,5,5,True
resnet50,resnet50_linear_head,d16_left,7726,7726,6,0.9682302474975586,6,6,True
resnet50,resnet50_linear_head,d16_left,7744,7744,3,0.8258339762687683,3,3,True
resnet50,resnet50_linear_head,d16_left,7752,7752,9,0.969607949256897,9,9,True
resnet50,resnet50_linear_head,d16_left,7776,7776,5,0.9352626800537109,5,5,True
resnet50,resnet50_linear_head,d16_left,7779,7779,6,0.9607059955596924,6,6,True
resnet50,resnet50_linear_head,d16_left,7781,7781,6,0.9464980363845825,6,6,True
resnet50,resnet50_linear_head,d16_left,7793,7793,3,0.9668638706207275,5,5,True
resnet50,resnet50_linear_head,d16_left,7797,7797,3,0.9608472585678101,3,3,True
resnet50,resnet50_linear_head,d16_left,7810,7810,8,0.9705448746681213,8,8,True
resnet50,resnet50_linear_head,d16_left,7818,7818,8,0.9537143111228943,8,8,True
resnet50,resnet50_linear_head,d16_left,7835,7835,7,0.9712976217269897,7,7,True
resnet50,resnet50_linear_head,d16_left,7864,7864,4,0.9846218228340149,4,4,True
resnet50,resnet50_linear_head,d16_left,7875,7875,8,0.9644315838813782,8,8,True
resnet50,resnet50_linear_head,d16_left,7938,7938,9,0.9469846487045288,9,9,True
resnet50,resnet50_linear_head,d16_left,7940,7940,4,0.9522202014923096,4,4,True
resnet50,resnet50_linear_head,d16_left,7944,7944,4,0.9774169921875,4,4,True
resnet50,resnet50_linear_head,d16_left,7955,7955,1,0.9343270063400269,1,1,True
resnet50,resnet50_linear_head,d16_left,7995,7995,9,0.9735397100448608,9,9,True
resnet50,resnet50_linear_head,d16_left,7996,7996,6,0.9724742770195007,6,6,True
resnet50,resnet50_linear_head,d16_left,7999,7999,8,0.9112952351570129,8,8,True
resnet50,resnet50_linear_head,d16_right,3,3,0,0.9769672751426697,0,0,True
resnet50,resnet50_linear_head,d16_right,29,29,7,0.8591712713241577,7,7,True
resnet50,resnet50_linear_head,d16_right,35,35,2,0.9471884965896606,2,2,True
resnet50,resnet50_linear_head,d16_right,42,42,0,0.875042736530304,0,1,False
resnet50,resnet50_linear_head,d16_right,49,49,2,0.9688574075698853,2,2,True
resnet50,resnet50_linear_head,d16_right,81,81,0,0.8840512037277222,0,0,True
resnet50,resnet50_linear_head,d16_right,95,95,1,0.9784147143363953,1,1,True
resnet50,resnet50_linear_head,d16_right,97,97,5,0.9324907064437866,5,5,True
resnet50,resnet50_linear_head,d16_right,116,116,1,0.8819886445999146,1,1,True
resnet50,resnet50_linear_head,d16_right,131,131,9,0.9247540235519409,9,9,True
resnet50,resnet50_linear_head,d16_right,151,151,8,0.9779422283172607,8,8,True
resnet50,resnet50_linear_head,d16_right,171,171,4,0.9305737614631653,4,4,True
resnet50,resnet50_linear_head,d16_right,176,176,3,0.9113188982009888,3,3,True
resnet50,resnet50_linear_head,d16_right,191,191,9,0.9554063677787781,9,9,True
resnet50,resnet50_linear_head,d16_right,194,194,8,0.9652358293533325,8,8,True
resnet50,resnet50_linear_head,d16_right,198,198,1,0.9628958702087402,1,1,True
resnet50,resnet50_linear_head,d16_right,239,239,9,0.958390474319458,9,9,True
resnet50,resnet50_linear_head,d16_right,261,261,1,0.98213130235672,1,1,True
resnet50,resnet50_linear_head,d16_right,269,269,7,0.8882949352264404,7,7,True
resnet50,resnet50_linear_head,d16_right,276,276,9,0.8975721597671509,9,9,True
resnet50,resnet50_linear_head,d16_right,303,303,9,0.9400240778923035,9,9,True
resnet50,resnet50_linear_head,d16_right,304,304,1,0.8882396221160889,1,1,True
resnet50,resnet50_linear_head,d16_right,317,317,2,0.9629305601119995,2,2,True
resnet50,resnet50_linear_head,d16_right,319,319,5,0.9449947476387024,5,5,True
resnet50,resnet50_linear_head,d16_right,323,323,7,0.9753004908561707,7,7,True
resnet50,resnet50_linear_head,d16_right,365,365,3,0.9100924730300903,3,3,True
resnet50,resnet50_linear_head,d16_right,370,370,7,0.9636002779006958,7,7,True
resnet50,resnet50_linear_head,d16_right,372,372,3,0.9040088057518005,3,3,True
resnet50,resnet50_linear_head,d16_right,378,378,5,0.9240171313285828,5,5,True
resnet50,resnet50_linear_head,d16_right,391,391,3,0.9220945835113525,3,3,True
resnet50,resnet50_linear_head,d16_right,409,409,2,0.9664655923843384,2,2,True
resnet50,resnet50_linear_head,d16_right,419,419,9,0.9762240648269653,9,9,True
resnet50,resnet50_linear_head,d16_right,449,449,6,0.9528548121452332,6,6,True
resnet50,resnet50_linear_head,d16_right,470,470,2,0.9858403205871582,2,2,True
resnet50,resnet50_linear_head,d16_right,483,483,2,0.9470839500427246,2,2,True
resnet50,resnet50_linear_head,d16_right,484,484,0,0.9627284407615662,0,8,False
resnet50,resnet50_linear_head,d16_right,506,506,4,0.9427187442779541,4,4,True
resnet50,resnet50_linear_head,d16_right,545,545,6,0.9338837265968323,6,6,True
resnet50,resnet50_linear_head,d16_right,562,562,0,0.9612664580345154,0,0,True
resnet50,resnet50_linear_head,d16_right,568,568,5,0.9768770933151245,5,5,True
resnet50,resnet50_linear_head,d16_right,603,603,9,0.9581011533737183,9,9,True
resnet50,resnet50_linear_head,d16_right,632,632,3,0.9574275612831116,3,3,True
resnet50,resnet50_linear_head,d16_right,645,645,5,0.9452278017997742,5,5,True
resnet50,resnet50_linear_head,d16_right,667,667,8,0.9860358238220215,8,8,True
resnet50,resnet50_linear_head,d16_right,672,672,3,0.9567790031433105,3,3,True
resnet50,resnet50_linear_head,d16_right,677,677,3,0.9089400172233582,3,3,True
resnet50,resnet50_linear_head,d16_right,685,685,5,0.9129907488822937,5,5,True
resnet50,resnet50_linear_head,d16_right,691,691,4,0.9652024507522583,4,4,True
resnet50,resnet50_linear_head,d16_right,706,706,8,0.9658929109573364,8,8,True
resnet50,resnet50_linear_head,d16_right,714,714,2,0.9463970065116882,2,2,True
resnet50,resnet50_linear_head,d16_right,716,716,8,0.9812321662902832,8,8,True
resnet50,resnet50_linear_head,d16_right,738,738,3,0.8048161268234253,3,3,True
resnet50,resnet50_linear_head,d16_right,739,739,8,0.9620169401168823,8,8,True
resnet50,resnet50_linear_head,d16_right,766,766,4,0.9311705231666565,6,6,True
resnet50,resnet50_linear_head,d16_right,791,791,3,0.9553804397583008,3,3,True
resnet50,resnet50_linear_head,d16_right,805,805,9,0.9636078476905823,9,9,True
resnet50,resnet50_linear_head,d16_right,825,825,1,0.9746218919754028,1,1,True
resnet50,resnet50_linear_head,d16_right,852,852,9,0.9465771913528442,9,9,True
resnet50,resnet50_linear_head,d16_right,855,855,4,0.8833603858947754,4,4,True
resnet50,resnet50_linear_head,d16_right,873,873,6,0.942197322845459,6,6,True
resnet50,resnet50_linear_head,d16_right,890,890,6,0.9349489212036133,6,6,True
resnet50,resnet50_linear_head,d16_right,920,920,6,0.9550720453262329,6,6,True
resnet50,resnet50_linear_head,d16_right,929,929,6,0.962391197681427,6,6,True
resnet50,resnet50_linear_head,d16_right,962,962,8,0.9782143831253052,8,8,True
resnet50,resnet50_linear_head,d16_right,964,964,6,0.9664266109466553,6,6,True
resnet50,resnet50_linear_head,d16_right,977,977,6,0.9487398862838745,6,6,True
resnet50,resnet50_linear_head,d16_right,979,979,3,0.9589085578918457,3,3,True
resnet50,resnet50_linear_head,d16_right,981,981,2,0.965861976146698,2,2,True
resnet50,resnet50_linear_head,d16_right,1022,1022,9,0.9688642024993896,9,9,True
resnet50,resnet50_linear_head,d16_right,1032,1032,7,0.9600712060928345,7,7,True
resnet50,resnet50_linear_head,d16_right,1048,1048,7,0.96095871925354,7,7,True
resnet50,resnet50_linear_head,d16_right,1090,1090,1,0.9801840782165527,1,1,True
resnet50,resnet50_linear_head,d16_right,1095,1095,5,0.9654160737991333,5,5,True
resnet50,resnet50_linear_head,d16_right,1109,1109,1,0.8989261984825134,1,1,True
resnet50,resnet50_linear_head,d16_right,1111,1111,4,0.958121657371521,4,4,True
resnet50,resnet50_linear_head,d16_right,1115,1115,1,0.8820450305938721,1,1,True
resnet50,resnet50_linear_head,d16_right,1124,1124,4,0.9474614262580872,4,4,True
resnet50,resnet50_linear_head,d16_right,1129,1129,8,0.9562990665435791,8,8,True
resnet50,resnet50_linear_head,d16_right,1175,1175,0,0.9171829223632812,0,0,True
resnet50,resnet50_linear_head,d16_right,1202,1202,2,0.9404495358467102,2,2,True
resnet50,resnet50_linear_head,d16_right,1204,1204,3,0.8916791081428528,3,3,True
resnet50,resnet50_linear_head,d16_right,1211,1211,4,0.9461085200309753,4,4,True
resnet50,resnet50_linear_head,d16_right,1220,1220,7,0.9371537566184998,7,7,True
resnet50,resnet50_linear_head,d16_right,1230,1230,1,0.879235565662384,1,1,True
resnet50,resnet50_linear_head,d16_right,1247,1247,8,0.9077578783035278,8,8,True
resnet50,resnet50_linear_head,d16_right,1263,1263,3,0.9607846736907959,3,3,True
resnet50,resnet50_linear_head,d16_right,1266,1266,4,0.8273078799247742,4,4,True
resnet50,resnet50_linear_head,d16_right,1287,1287,7,0.9011510014533997,7,7,True
resnet50,resnet50_linear_head,d16_right,1296,1296,7,0.8595719337463379,7,7,True
resnet50,resnet50_linear_head,d16_right,1370,1370,3,0.9710680842399597,3,3,True
resnet50,resnet50_linear_head,d16_right,1389,1389,0,0.9709528684616089,0,0,True
resnet50,resnet50_linear_head,d16_right,1401,1401,3,0.9556190371513367,3,3,True
resnet50,resnet50_linear_head,d16_right,1403,1403,2,0.9519603252410889,2,2,True
resnet50,resnet50_linear_head,d16_right,1411,1411,9,0.9730471968650818,9,9,True
resnet50,resnet50_linear_head,d16_right,1429,1429,4,0.9179490804672241,4,4,True
resnet50,resnet50_linear_head,d16_right,1430,1430,9,0.9505243301391602,9,9,True
resnet50,resnet50_linear_head,d16_right,1431,1431,3,0.9341039657592773,3,3,True
resnet50,resnet50_linear_head,d16_right,1436,1436,1,0.980065107345581,1,1,True
resnet50,resnet50_linear_head,d16_right,1440,1440,7,0.96258944272995,7,7,True
resnet50,resnet50_linear_head,d16_right,1468,1468,9,0.9636609554290771,9,9,True
resnet50,resnet50_linear_head,d16_right,1473,1473,7,0.981311023235321,7,7,True
resnet50,resnet50_linear_head,d16_right,1515,1515,9,0.9656495451927185,9,9,True
resnet50,resnet50_linear_head,d16_right,1520,1520,2,0.9709782600402832,2,2,True
resnet50,resnet50_linear_head,d16_right,1531,1531,3,0.9676101207733154,3,5,False
resnet50,resnet50_linear_head,d16_right,1534,1534,6,0.9325070381164551,6,6,True
resnet50,resnet50_linear_head,d16_right,1552,1552,5,0.9686668515205383,5,5,True
resnet50,resnet50_linear_head,d16_right,1553,1553,0,0.9413867592811584,0,0,True
resnet50,resnet50_linear_head,d16_right,1563,1563,3,0.9447246789932251,3,3,True
resnet50,resnet50_linear_head,d16_right,1568,1568,1,0.9213019013404846,1,1,True
resnet50,resnet50_linear_head,d16_right,1579,1579,7,0.9497126340866089,7,7,True
resnet50,resnet50_linear_head,d16_right,1586,1586,2,0.9188258647918701,2,2,True
resnet50,resnet50_linear_head,d16_right,1596,1596,0,0.9766256213188171,0,0,True
resnet50,resnet50_linear_head,d16_right,1626,1626,5,0.9145757555961609,5,5,True
resnet50,resnet50_linear_head,d16_right,1640,1640,8,0.8990240693092346,8,8,True
resnet50,resnet50_linear_head,d16_right,1644,1644,5,0.9621190428733826,5,5,True
resnet50,resnet50_linear_head,d16_right,1648,1648,0,0.8694397807121277,0,0,True
resnet50,resnet50_linear_head,d16_right,1654,1654,9,0.9524773359298706,9,9,True
resnet50,resnet50_linear_head,d16_right,1667,1667,6,0.9282683730125427,6,6,True
resnet50,resnet50_linear_head,d16_right,1703,1703,7,0.9589596390724182,7,7,True
resnet50,resnet50_linear_head,d16_right,1711,1711,7,0.8995264172554016,7,7,True
resnet50,resnet50_linear_head,d16_right,1771,1771,7,0.9637028574943542,7,7,True
resnet50,resnet50_linear_head,d16_right,1783,1783,8,0.9676934480667114,8,8,True
resnet50,resnet50_linear_head,d16_right,1814,1814,2,0.9752305746078491,2,2,True
resnet50,resnet50_linear_head,d16_right,1833,1833,8,0.9810084700584412,8,8,True
resnet50,resnet50_linear_head,d16_right,1836,1836,9,0.9755018949508667,9,9,True
resnet50,resnet50_linear_head,d16_right,1839,1839,2,0.962455689907074,2,2,True
resnet50,resnet50_linear_head,d16_right,1852,1852,1,0.9829127788543701,1,1,True
resnet50,resnet50_linear_head,d16_right,1871,1871,1,0.9372428059577942,1,1,True
resnet50,resnet50_linear_head,d16_right,1877,1877,5,0.969960629940033,5,5,True
resnet50,resnet50_linear_head,d16_right,1884,1884,7,0.8544227480888367,7,7,True
resnet50,resnet50_linear_head,d16_right,1927,1927,7,0.9734749794006348,7,7,True
resnet50,resnet50_linear_head,d16_right,1954,1954,8,0.9730850458145142,8,8,True
resnet50,resnet50_linear_head,d16_right,1956,1956,7,0.9155640006065369,3,3,True
resnet50,resnet50_linear_head,d16_right,1960,1960,4,0.9404246211051941,4,4,True
resnet50,resnet50_linear_head,d16_right,1977,1977,0,0.8971015214920044,0,0,True
resnet50,resnet50_linear_head,d16_right,1986,1986,1,0.9673154950141907,1,1,True
resnet50,resnet50_linear_head,d16_right,1993,1993,1,0.9653359651565552,1,1,True
resnet50,resnet50_linear_head,d16_right,2003,2003,6,0.9721218347549438,6,6,True
resnet50,resnet50_linear_head,d16_right,2011,2011,9,0.8891162872314453,9,9,True
resnet50,resnet50_linear_head,d16_right,2024,2024,0,0.9646318554878235,0,0,True
resnet50,resnet50_linear_head,d16_right,2028,2028,3,0.9012155532836914,3,3,True
resnet50,resnet50_linear_head,d16_right,2062,2062,9,0.959542989730835,9,9,True
resnet50,resnet50_linear_head,d16_right,2070,2070,1,0.8716802597045898,1,1,True
resnet50,resnet50_linear_head,d16_right,2082,2082,2,0.9686874151229858,2,2,True
resnet50,resnet50_linear_head,d16_right,2095,2095,1,0.9597511887550354,1,1,True
resnet50,resnet50_linear_head,d16_right,2109,2109,8,0.9493275880813599,8,8,True
resnet50,resnet50_linear_head,d16_right,2114,2114,9,0.9777856469154358,9,9,True
resnet50,resnet50_linear_head,d16_right,2116,2116,1,0.9207998514175415,3,3,True
resnet50,resnet50_linear_head,d16_right,2157,2157,1,0.8851333260536194,1,1,True
resnet50,resnet50_linear_head,d16_right,2167,2167,9,0.9676247835159302,9,9,True
resnet50,resnet50_linear_head,d16_right,2178,2178,1,0.9525871276855469,1,1,True
resnet50,resnet50_linear_head,d16_right,2191,2191,8,0.9555962681770325,8,8,True
resnet50,resnet50_linear_head,d16_right,2230,2230,8,0.9496374130249023,8,8,True
resnet50,resnet50_linear_head,d16_right,2242,2242,0,0.9753110408782959,0,0,True
resnet50,resnet50_linear_head,d16_right,2265,2265,5,0.9653900861740112,5,5,True
resnet50,resnet50_linear_head,d16_right,2268,2268,5,0.9532982110977173,5,5,True
resnet50,resnet50_linear_head,d16_right,2291,2291,3,0.8921338319778442,3,3,True
resnet50,resnet50_linear_head,d16_right,2334,2334,5,0.9729335904121399,5,5,True
resnet50,resnet50_linear_head,d16_right,2340,2340,8,0.9850010275840759,8,8,True
resnet50,resnet50_linear_head,d16_right,2342,2342,8,0.9608312249183655,8,8,True
resnet50,resnet50_linear_head,d16_right,2351,2351,9,0.9830701351165771,9,9,True
resnet50,resnet50_linear_head,d16_right,2391,2391,5,0.8771761655807495,5,4,False
resnet50,resnet50_linear_head,d16_right,2392,2392,2,0.9767073392868042,2,2,True
resnet50,resnet50_linear_head,d16_right,2399,2399,4,0.9345262050628662,4,4,True
resnet50,resnet50_linear_head,d16_right,2414,2414,9,0.9683774709701538,9,9,True
resnet50,resnet50_linear_head,d16_right,2427,2427,5,0.922249436378479,5,5,True
resnet50,resnet50_linear_head,d16_right,2458,2458,5,0.9590417146682739,5,5,True
resnet50,resnet50_linear_head,d16_right,2501,2501,7,0.9702138900756836,7,7,True
resnet50,resnet50_linear_head,d16_right,2502,2502,2,0.9480037689208984,2,2,True
resnet50,resnet50_linear_head,d16_right,2536,2536,3,0.9436264038085938,3,3,True
resnet50,resnet50_linear_head,d16_right,2539,2539,3,0.9512420296669006,3,3,True
resnet50,resnet50_linear_head,d16_right,2610,2610,6,0.9474132061004639,6,6,True
resnet50,resnet50_linear_head,d16_right,2623,2623,5,0.8705494999885559,5,5,True
resnet50,resnet50_linear_head,d16_right,2655,2655,9,0.9690688252449036,9,9,True
resnet50,resnet50_linear_head,d16_right,2668,2668,7,0.9454131126403809,7,7,True
resnet50,resnet50_linear_head,d16_right,2676,2676,6,0.9426755905151367,6,6,True
resnet50,resnet50_linear_head,d16_right,2687,2687,1,0.8958046436309814,1,1,True
resnet50,resnet50_linear_head,d16_right,2690,2690,1,0.8922910094261169,1,1,True
resnet50,resnet50_linear_head,d16_right,2704,2704,4,0.9719091653823853,4,4,True
resnet50,resnet50_linear_head,d16_right,2745,2745,8,0.955111026763916,8,8,True
resnet50,resnet50_linear_head,d16_right,2746,2746,7,0.9083160161972046,7,7,True
resnet50,resnet50_linear_head,d16_right,2750,2750,0,0.967639684677124,0,0,True
resnet50,resnet50_linear_head,d16_right,2754,2754,3,0.9542664885520935,3,3,True
resnet50,resnet50_linear_head,d16_right,2757,2757,4,0.9714769721031189,4,4,True
resnet50,resnet50_linear_head,d16_right,2766,2766,5,0.9477707147598267,5,5,True
resnet50,resnet50_linear_head,d16_right,2807,2807,5,0.7969980239868164,4,3,False
resnet50,resnet50_linear_head,d16_right,2844,2844,8,0.9376389980316162,8,8,True
resnet50,resnet50_linear_head,d16_right,2854,2854,7,0.9452531933784485,7,7,True
resnet50,resnet50_linear_head,d16_right,2861,2861,3,0.9406865835189819,3,3,True
resnet50,resnet50_linear_head,d16_right,2888,2888,0,0.9773046970367432,0,0,True
resnet50,resnet50_linear_head,d16_right,2898,2898,4,0.9639704823493958,4,4,True
resnet50,resnet50_linear_head,d16_right,2950,2950,5,0.969083845615387,5,5,True
resnet50,resnet50_linear_head,d16_right,2958,2958,6,0.9723670482635498,6,6,True
resnet50,resnet50_linear_head,d16_right,3015,3015,8,0.9760643243789673,8,8,True
resnet50,resnet50_linear_head,d16_right,3024,3024,2,0.9232529401779175,2,2,True
resnet50,resnet50_linear_head,d16_right,3025,3025,0,0.9252814054489136,0,0,True
resnet50,resnet50_linear_head,d16_right,3034,3034,4,0.9738014936447144,4,4,True
resnet50,resnet50_linear_head,d16_right,3067,3067,2,0.979428231716156,2,2,True
resnet50,resnet50_linear_head,d16_right,3078,3078,4,0.9240734577178955,4,4,True
resnet50,resnet50_linear_head,d16_right,3079,3079,1,0.9500507116317749,1,1,True
resnet50,resnet50_linear_head,d16_right,3083,3083,0,0.9851426482200623,0,0,True
resnet50,resnet50_linear_head,d16_right,3122,3122,4,0.9585868716239929,4,4,True
resnet50,resnet50_linear_head,d16_right,3153,3153,7,0.9634044170379639,7,7,True
resnet50,resnet50_linear_head,d16_right,3157,3157,8,0.974443256855011,8,8,True
resnet50,resnet50_linear_head,d16_right,3163,3163,2,0.9743676781654358,2,2,True
resnet50,resnet50_linear_head,d16_right,3179,3179,4,0.9520211815834045,4,4,True
resnet50,resnet50_linear_head,d16_right,3191,3191,6,0.9202846884727478,6,6,True
resnet50,resnet50_linear_head,d16_right,3276,3276,3,0.8687436580657959,3,3,True
resnet50,resnet50_linear_head,d16_right,3287,3287,4,0.9733961224555969,4,4,True
resnet50,resnet50_linear_head,d16_right,3288,3288,7,0.9545250535011292,7,7,True
resnet50,resnet50_linear_head,d16_right,3292,3292,6,0.9661086797714233,6,6,True
resnet50,resnet50_linear_head,d16_right,3318,3318,9,0.9689759612083435,9,9,True
resnet50,resnet50_linear_head,d16_right,3347,3347,0,0.9238520860671997,0,0,True
resnet50,resnet50_linear_head,d16_right,3353,3353,5,0.9453536868095398,3,3,True
resnet50,resnet50_linear_head,d16_right,3362,3362,2,0.9866926074028015,2,2,True
resnet50,resnet50_linear_head,d16_right,3365,3365,4,0.9523125886917114,4,4,True
resnet50,resnet50_linear_head,d16_right,3375,3375,3,0.9851393699645996,3,3,True
resnet50,resnet50_linear_head,d16_right,3383,3383,3,0.8043315410614014,3,3,True
resnet50,resnet50_linear_head,d16_right,3404,3404,7,0.9609628915786743,7,7,True
resnet50,resnet50_linear_head,d16_right,3412,3412,8,0.9717112183570862,8,8,True
resnet50,resnet50_linear_head,d16_right,3413,3413,1,0.9353978633880615,1,1,True
resnet50,resnet50_linear_head,d16_right,3418,3418,6,0.9578431844711304,6,6,True
resnet50,resnet50_linear_head,d16_right,3437,3437,0,0.9342621564865112,0,0,True
resnet50,resnet50_linear_head,d16_right,3446,3446,7,0.9019837379455566,7,7,True
resnet50,resnet50_linear_head,d16_right,3454,3454,2,0.9518372416496277,2,2,True
resnet50,resnet50_linear_head,d16_right,3455,3455,0,0.970125138759613,0,0,True
resnet50,resnet50_linear_head,d16_right,3458,3458,4,0.9191445708274841,4,4,True
resnet50,resnet50_linear_head,d16_right,3467,3467,7,0.9286009073257446,7,7,True
resnet50,resnet50_linear_head,d16_right,3491,3491,1,0.9232838153839111,1,1,True
resnet50,resnet50_linear_head,d16_right,3494,3494,6,0.9795204401016235,6,6,True
resnet50,resnet50_linear_head,d16_right,3512,3512,4,0.9780667424201965,4,4,True
resnet50,resnet50_linear_head,d16_right,3515,3515,6,0.9458366632461548,6,6,True
resnet50,resnet50_linear_head,d16_right,3542,3542,7,0.9466259479522705,7,7,True
resnet50,resnet50_linear_head,d16_right,3550,3550,1,0.9654881358146667,1,1,True
resnet50,resnet50_linear_head,d16_right,3562,3562,3,0.9150416851043701,3,3,True
resnet50,resnet50_linear_head,d16_right,3755,3755,2,0.9682794809341431,2,2,True
resnet50,resnet50_linear_head,d16_right,3763,3763,4,0.955779492855072,4,4,True
resnet50,resnet50_linear_head,d16_right,3777,3777,6,0.9594111442565918,6,6,True
resnet50,resnet50_linear_head,d16_right,3778,3778,3,0.965148389339447,3,3,True
resnet50,resnet50_linear_head,d16_right,3779,3779,6,0.9088671207427979,6,6,True
resnet50,resnet50_linear_head,d16_right,3844,3844,6,0.9564842581748962,6,6,True
resnet50,resnet50_linear_head,d16_right,3851,3851,3,0.9749336242675781,3,3,True
resnet50,resnet50_linear_head,d16_right,3852,3852,5,0.9015684723854065,5,5,True
resnet50,resnet50_linear_head,d16_right,3863,3863,5,0.9795486927032471,5,5,True
resnet50,resnet50_linear_head,d16_right,3867,3867,7,0.8937487602233887,7,7,True
resnet50,resnet50_linear_head,d16_right,3876,3876,0,0.9371501803398132,0,0,True
resnet50,resnet50_linear_head,d16_right,3889,3889,5,0.9529618620872498,5,5,True
resnet50,resnet50_linear_head,d16_right,3891,3891,4,0.919357419013977,4,4,True
resnet50,resnet50_linear_head,d16_right,3893,3893,9,0.9527762532234192,9,9,True
resnet50,resnet50_linear_head,d16_right,3905,3905,8,0.9527274370193481,8,8,True
resnet50,resnet50_linear_head,d16_right,3914,3914,3,0.9581264853477478,3,3,True
resnet50,resnet50_linear_head,d16_right,3937,3937,1,0.9730665683746338,1,1,True
resnet50,resnet50_linear_head,d16_right,3942,3942,9,0.9492655992507935,9,9,True
resnet50,resnet50_linear_head,d16_right,3948,3948,8,0.9790849089622498,8,8,True
resnet50,resnet50_linear_head,d16_right,3962,3962,6,0.9665462374687195,6,6,True
resnet50,resnet50_linear_head,d16_right,3965,3965,0,0.9492861032485962,0,0,True
resnet50,resnet50_linear_head,d16_right,3994,3994,4,0.9119987487792969,4,4,True
resnet50,resnet50_linear_head,d16_right,3996,3996,9,0.9313430786132812,9,9,True
resnet50,resnet50_linear_head,d16_right,4011,4011,6,0.9697796106338501,6,6,True
resnet50,resnet50_linear_head,d16_right,4023,4023,3,0.9157396554946899,3,3,True
resnet50,resnet50_linear_head,d16_right,4054,4054,4,0.8760730028152466,4,4,True
resnet50,resnet50_linear_head,d16_right,4065,4065,2,0.927460789680481,2,2,True
resnet50,resnet50_linear_head,d16_right,4069,4069,8,0.9574311375617981,8,8,True
resnet50,resnet50_linear_head,d16_right,4093,4093,6,0.9534826278686523,6,6,True
resnet50,resnet50_linear_head,d16_right,4094,4094,9,0.9671155214309692,9,9,True
resnet50,resnet50_linear_head,d16_right,4106,4106,5,0.8930323719978333,5,5,True
resnet50,resnet50_linear_head,d16_right,4130,4130,0,0.9567734003067017,0,0,True
resnet50,resnet50_linear_head,d16_right,4168,4168,3,0.9420132040977478,3,3,True
resnet50,resnet50_linear_head,d16_right,4170,4170,8,0.9705300331115723,8,8,True
resnet50,resnet50_linear_head,d16_right,4172,4172,7,0.9312506914138794,7,7,True
resnet50,resnet50_linear_head,d16_right,4177,4177,8,0.9381722211837769,8,8,True
resnet50,resnet50_linear_head,d16_right,4215,4215,3,0.9179762601852417,3,3,True
resnet50,resnet50_linear_head,d16_right,4229,4229,3,0.9327318668365479,3,3,True
resnet50,resnet50_linear_head,d16_right,4236,4236,7,0.9211376309394836,7,7,True
resnet50,resnet50_linear_head,d16_right,4242,4242,8,0.9864827990531921,8,8,True
resnet50,resnet50_linear_head,d16_right,4254,4254,6,0.9719589352607727,6,6,True
resnet50,resnet50_linear_head,d16_right,4290,4290,5,0.9451780319213867,5,5,True
resnet50,resnet50_linear_head,d16_right,4298,4298,1,0.9879456162452698,1,1,True
resnet50,resnet50_linear_head,d16_right,4308,4308,7,0.880357027053833,7,7,True
resnet50,resnet50_linear_head,d16_right,4311,4311,8,0.9654998779296875,8,8,True
resnet50,resnet50_linear_head,d16_right,4323,4323,3,0.8837757110595703,3,3,True
resnet50,resnet50_linear_head,d16_right,4330,4330,3,0.8895856738090515,3,3,True
resnet50,resnet50_linear_head,d16_right,4341,4341,6,0.9549822807312012,6,6,True
resnet50,resnet50_linear_head,d16_right,4355,4355,8,0.9585242867469788,8,8,True
resnet50,resnet50_linear_head,d16_right,4399,4399,0,0.9185887575149536,0,0,True
resnet50,resnet50_linear_head,d16_right,4403,4403,7,0.9636442065238953,7,7,True
resnet50,resnet50_linear_head,d16_right,4411,4411,6,0.9387711882591248,6,6,True
resnet50,resnet50_linear_head,d16_right,4449,4449,9,0.948569118976593,9,9,True
resnet50,resnet50_linear_head,d16_right,4463,4463,3,0.7996240854263306,3,3,True
resnet50,resnet50_linear_head,d16_right,4531,4531,3,0.860939621925354,3,3,True
resnet50,resnet50_linear_head,d16_right,4539,4539,0,0.9485770463943481,0,0,True
resnet50,resnet50_linear_head,d16_right,4547,4547,5,0.9240903854370117,5,5,True
resnet50,resnet50_linear_head,d16_right,4552,4552,8,0.9553461670875549,8,8,True
resnet50,resnet50_linear_head,d16_right,4570,4570,5,0.948177695274353,5,5,True
resnet50,resnet50_linear_head,d16_right,4590,4590,3,0.9626824259757996,3,3,True
resnet50,resnet50_linear_head,d16_right,4609,4609,3,0.8683562278747559,3,3,True
resnet50,resnet50_linear_head,d16_right,4615,4615,0,0.9624643325805664,0,0,True
resnet50,resnet50_linear_head,d16_right,4617,4617,0,0.9541060924530029,0,0,True
resnet50,resnet50_linear_head,d16_right,4620,4620,6,0.9680118560791016,6,6,True
resnet50,resnet50_linear_head,d16_right,4629,4629,4,0.8345224857330322,4,4,True
resnet50,resnet50_linear_head,d16_right,4640,4640,1,0.9009984731674194,1,1,True
resnet50,resnet50_linear_head,d16_right,4642,4642,4,0.9703543186187744,4,4,True
resnet50,resnet50_linear_head,d16_right,4661,4661,7,0.8664745092391968,7,7,True
resnet50,resnet50_linear_head,d16_right,4662,4662,8,0.966804563999176,8,8,True
resnet50,resnet50_linear_head,d16_right,4675,4675,0,0.9557379484176636,0,0,True
resnet50,resnet50_linear_head,d16_right,4676,4676,8,0.9653624296188354,8,8,True
resnet50,resnet50_linear_head,d16_right,4704,4704,7,0.9107217192649841,7,7,True
resnet50,resnet50_linear_head,d16_right,4723,4723,9,0.9773128032684326,9,9,True
resnet50,resnet50_linear_head,d16_right,4731,4731,6,0.8940994739532471,6,6,True
resnet50,resnet50_linear_head,d16_right,4735,4735,2,0.9729911088943481,2,2,True
resnet50,resnet50_linear_head,d16_right,4740,4740,4,0.9477044343948364,4,4,True
resnet50,resnet50_linear_head,d16_right,4746,4746,6,0.9597518444061279,6,6,True
resnet50,resnet50_linear_head,d16_right,4748,4748,7,0.9753628969192505,7,7,True
resnet50,resnet50_linear_head,d16_right,4754,4754,6,0.9663011431694031,6,6,True
resnet50,resnet50_linear_head,d16_right,4785,4785,0,0.9723822474479675,0,0,True
resnet50,resnet50_linear_head,d16_right,4791,4791,7,0.9821937084197998,7,7,True
resnet50,resnet50_linear_head,d16_right,4819,4819,0,0.9641871452331543,0,0,True
resnet50,resnet50_linear_head,d16_right,4821,4821,3,0.980644941329956,3,3,True
resnet50,resnet50_linear_head,d16_right,4827,4827,6,0.9415395259857178,6,6,True
resnet50,resnet50_linear_head,d16_right,4850,4850,5,0.9309991002082825,5,5,True
resnet50,resnet50_linear_head,d16_right,4881,4881,3,0.9100583791732788,3,3,True
resnet50,resnet50_linear_head,d16_right,4893,4893,0,0.9148530960083008,0,0,True
resnet50,resnet50_linear_head,d16_right,4908,4908,3,0.9633268713951111,3,3,True
resnet50,resnet50_linear_head,d16_right,4913,4913,2,0.9757993221282959,2,2,True
resnet50,resnet50_linear_head,d16_right,4921,4921,2,0.9632999300956726,2,2,True
resnet50,resnet50_linear_head,d16_right,4953,4953,5,0.8443992137908936,5,5,True
resnet50,resnet50_linear_head,d16_right,4966,4966,5,0.9257155656814575,5,5,True
resnet50,resnet50_linear_head,d16_right,4990,4990,8,0.9588336944580078,8,8,True
resnet50,resnet50_linear_head,d16_right,5000,5000,8,0.9588420391082764,8,8,True
resnet50,resnet50_linear_head,d16_right,5030,5030,2,0.97107994556427,2,2,True
resnet50,resnet50_linear_head,d16_right,5062,5062,4,0.9749326109886169,4,4,True
resnet50,resnet50_linear_head,d16_right,5077,5077,4,0.9444946646690369,4,4,True
resnet50,resnet50_linear_head,d16_right,5082,5082,6,0.9692615866661072,6,6,True
resnet50,resnet50_linear_head,d16_right,5092,5092,1,0.9546523690223694,1,1,True
resnet50,resnet50_linear_head,d16_right,5101,5101,5,0.9488831758499146,5,5,True
resnet50,resnet50_linear_head,d16_right,5117,5117,0,0.9684520959854126,0,0,True
resnet50,resnet50_linear_head,d16_right,5123,5123,1,0.9763283729553223,1,1,True
resnet50,resnet50_linear_head,d16_right,5135,5135,4,0.8930829167366028,4,4,True
resnet50,resnet50_linear_head,d16_right,5183,5183,2,0.9811961650848389,2,2,True
resnet50,resnet50_linear_head,d16_right,5213,5213,4,0.9663665294647217,4,4,True
resnet50,resnet50_linear_head,d16_right,5218,5218,2,0.9877467155456543,2,2,True
resnet50,resnet50_linear_head,d16_right,5220,5220,1,0.8177223801612854,3,3,True
resnet50,resnet50_linear_head,d16_right,5237,5237,2,0.9819011092185974,2,2,True
resnet50,resnet50_linear_head,d16_right,5256,5256,1,0.8737658262252808,1,1,True
resnet50,resnet50_linear_head,d16_right,5284,5284,9,0.9419598579406738,9,9,True
resnet50,resnet50_linear_head,d16_right,5301,5301,9,0.945547878742218,9,9,True
resnet50,resnet50_linear_head,d16_right,5318,5318,2,0.9626764059066772,2,2,True
resnet50,resnet50_linear_head,d16_right,5332,5332,5,0.8350087404251099,5,5,True
resnet50,resnet50_linear_head,d16_right,5333,5333,2,0.9473442435264587,2,2,True
resnet50,resnet50_linear_head,d16_right,5360,5360,9,0.9699444770812988,9,9,True
resnet50,resnet50_linear_head,d16_right,5381,5381,5,0.9707951545715332,5,5,True
resnet50,resnet50_linear_head,d16_right,5382,5382,6,0.8790658712387085,6,6,True
resnet50,resnet50_linear_head,d16_right,5395,5395,2,0.9349825382232666,2,2,True
resnet50,resnet50_linear_head,d16_right,5402,5402,4,0.9811318516731262,4,4,True
resnet50,resnet50_linear_head,d16_right,5408,5408,6,0.9602053761482239,6,6,True
resnet50,resnet50_linear_head,d16_right,5436,5436,7,0.9589344263076782,7,7,True
resnet50,resnet50_linear_head,d16_right,5447,5447,9,0.9788521528244019,9,9,True
resnet50,resnet50_linear_head,d16_right,5450,5450,7,0.9737372398376465,7,7,True
resnet50,resnet50_linear_head,d16_right,5451,5451,8,0.9710447192192078,8,8,True
resnet50,resnet50_linear_head,d16_right,5452,5452,9,0.9444001913070679,9,9,True
resnet50,resnet50_linear_head,d16_right,5467,5467,4,0.9781158566474915,4,4,True
resnet50,resnet50_linear_head,d16_right,5478,5478,0,0.9334716796875,0,0,True
resnet50,resnet50_linear_head,d16_right,5488,5488,1,0.9580466151237488,7,7,True
resnet50,resnet50_linear_head,d16_right,5496,5496,5,0.9444749355316162,5,5,True
resnet50,resnet50_linear_head,d16_right,5508,5508,9,0.9600586891174316,9,9,True
resnet50,resnet50_linear_head,d16_right,5512,5512,2,0.8575077056884766,9,9,True
resnet50,resnet50_linear_head,d16_right,5525,5525,8,0.9323242902755737,8,8,True
resnet50,resnet50_linear_head,d16_right,5528,5528,3,0.9516466856002808,5,5,True
resnet50,resnet50_linear_head,d16_right,5556,5556,4,0.9571478366851807,4,4,True
resnet50,resnet50_linear_head,d16_right,5560,5560,1,0.9868178963661194,1,1,True
resnet50,resnet50_linear_head,d16_right,5572,5572,9,0.9797757863998413,9,9,True
resnet50,resnet50_linear_head,d16_right,5580,5580,6,0.960570216178894,6,6,True
resnet50,resnet50_linear_head,d16_right,5590,5590,9,0.9444451332092285,9,9,True
resnet50,resnet50_linear_head,d16_right,5623,5623,4,0.8964663147926331,4,4,True
resnet50,resnet50_linear_head,d16_right,5677,5677,2,0.9576449394226074,2,2,True
resnet50,resnet50_linear_head,d16_right,5694,5694,8,0.9854558706283569,8,8,True
resnet50,resnet50_linear_head,d16_right,5701,5701,5,0.9391587972640991,5,5,True
resnet50,resnet50_linear_head,d16_right,5705,5705,8,0.9679327011108398,8,8,True
resnet50,resnet50_linear_head,d16_right,5719,5719,7,0.9831792712211609,7,7,True
resnet50,resnet50_linear_head,d16_right,5729,5729,6,0.9432205557823181,6,6,True
resnet50,resnet50_linear_head,d16_right,5756,5756,2,0.9804280996322632,2,2,True
resnet50,resnet50_linear_head,d16_right,5788,5788,9,0.9802603721618652,9,9,True
resnet50,resnet50_linear_head,d16_right,5789,5789,4,0.8981859683990479,4,4,True
resnet50,resnet50_linear_head,d16_right,5824,5824,2,0.9610440135002136,2,2,True
resnet50,resnet50_linear_head,d16_right,5848,5848,7,0.9291000366210938,7,7,True
resnet50,resnet50_linear_head,d16_right,5851,5851,9,0.9633060097694397,9,9,True
resnet50,resnet50_linear_head,d16_right,5857,5857,6,0.9461183547973633,4,4,True
resnet50,resnet50_linear_head,d16_right,5858,5858,6,0.9489681720733643,6,6,True
resnet50,resnet50_linear_head,d16_right,5912,5912,0,0.962988555431366,0,0,True
resnet50,resnet50_linear_head,d16_right,5915,5915,9,0.9245648384094238,9,9,True
resnet50,resnet50_linear_head,d16_right,5918,5918,0,0.9321562051773071,0,0,True
resnet50,resnet50_linear_head,d16_right,5924,5924,5,0.9441859126091003,5,5,True
resnet50,resnet50_linear_head,d16_right,5977,5977,7,0.9740723967552185,7,7,True
resnet50,resnet50_linear_head,d16_right,5981,5981,9,0.9453288912773132,9,9,True
resnet50,resnet50_linear_head,d16_right,5999,5999,0,0.9415083527565002,0,0,True
resnet50,resnet50_linear_head,d16_right,6028,6028,2,0.9628275036811829,2,2,True
resnet50,resnet50_linear_head,d16_right,6033,6033,4,0.9568315744400024,4,4,True
resnet50,resnet50_linear_head,d16_right,6076,6076,1,0.9661955833435059,1,1,True
resnet50,resnet50_linear_head,d16_right,6084,6084,7,0.9010802507400513,7,7,True
resnet50,resnet50_linear_head,d16_right,6097,6097,4,0.9776347875595093,4,4,True
resnet50,resnet50_linear_head,d16_right,6169,6169,1,0.9072372913360596,1,1,True
resnet50,resnet50_linear_head,d16_right,6190,6190,7,0.9163869619369507,7,7,True
resnet50,resnet50_linear_head,d16_right,6224,6224,5,0.9721609354019165,5,5,True
resnet50,resnet50_linear_head,d16_right,6244,6244,2,0.9048213362693787,2,2,True
resnet50,resnet50_linear_head,d16_right,6264,6264,2,0.9767372608184814,2,2,True
resnet50,resnet50_linear_head,d16_right,6271,6271,2,0.9252498149871826,2,2,True
resnet50,resnet50_linear_head,d16_right,6288,6288,4,0.8975649476051331,4,4,True
resnet50,resnet50_linear_head,d16_right,6332,6332,2,0.97438645362854,2,2,True
resnet50,resnet50_linear_head,d16_right,6349,6349,1,0.9509682655334473,1,1,True
resnet50,resnet50_linear_head,d16_right,6354,6354,2,0.9181142449378967,2,2,True
resnet50,resnet50_linear_head,d16_right,6358,6358,5,0.9482297301292419,5,5,True
resnet50,resnet50_linear_head,d16_right,6381,6381,6,0.9447752833366394,6,6,True
resnet50,resnet50_linear_head,d16_right,6414,6414,5,0.7978140711784363,5,5,True
resnet50,resnet50_linear_head,d16_right,6426,6426,2,0.9138835668563843,2,2,True
resnet50,resnet50_linear_head,d16_right,6434,6434,8,0.9713042974472046,8,8,True
resnet50,resnet50_linear_head,d16_right,6437,6437,0,0.9530586004257202,0,0,True
resnet50,resnet50_linear_head,d16_right,6455,6455,0,0.9401229619979858,0,0,True
resnet50,resnet50_linear_head,d16_right,6490,6490,3,0.9466688632965088,3,3,True
resnet50,resnet50_linear_head,d16_right,6503,6503,2,0.9563435912132263,2,2,True
resnet50,resnet50_linear_head,d16_right,6508,6508,4,0.9795612096786499,4,4,True
resnet50,resnet50_linear_head,d16_right,6528,6528,4,0.9488962888717651,4,4,True
resnet50,resnet50_linear_head,d16_right,6594,6594,1,0.9720636010169983,1,1,True
resnet50,resnet50_linear_head,d16_right,6609,6609,0,0.9867280125617981,0,0,True
resnet50,resnet50_linear_head,d16_right,6616,6616,2,0.907924234867096,2,2,True
resnet50,resnet50_linear_head,d16_right,6650,6650,7,0.8631470799446106,7,7,True
resnet50,resnet50_linear_head,d16_right,6689,6689,8,0.9838288426399231,8,8,True
resnet50,resnet50_linear_head,d16_right,6692,6692,2,0.9773992896080017,2,2,True
resnet50,resnet50_linear_head,d16_right,6713,6713,6,0.9502401351928711,6,6,True
resnet50,resnet50_linear_head,d16_right,6716,6716,5,0.9324537515640259,5,5,True
resnet50,resnet50_linear_head,d16_right,6726,6726,7,0.9359209537506104,7,7,True
resnet50,resnet50_linear_head,d16_right,6733,6733,1,0.9889329075813293,1,1,True
resnet50,resnet50_linear_head,d16_right,6772,6772,7,0.9068076610565186,7,7,True
resnet50,resnet50_linear_head,d16_right,6805,6805,1,0.9801279902458191,1,1,True
resnet50,resnet50_linear_head,d16_right,6836,6836,1,0.9058108329772949,1,1,True
resnet50,resnet50_linear_head,d16_right,6844,6844,0,0.9822221398353577,0,0,True
resnet50,resnet50_linear_head,d16_right,6922,6922,5,0.9725388288497925,5,5,True
resnet50,resnet50_linear_head,d16_right,6931,6931,9,0.9455617070198059,9,9,True
resnet50,resnet50_linear_head,d16_right,6938,6938,1,0.9704728126525879,1,1,True
resnet50,resnet50_linear_head,d16_right,6952,6952,3,0.9156488180160522,3,3,True
resnet50,resnet50_linear_head,d16_right,6954,6954,1,0.959809422492981,1,1,True
resnet50,resnet50_linear_head,d16_right,6986,6986,0,0.9762570858001709,0,0,True
resnet50,resnet50_linear_head,d16_right,6989,6989,5,0.9848161935806274,5,5,True
resnet50,resnet50_linear_head,d16_right,7009,7009,0,0.9591067433357239,0,0,True
resnet50,resnet50_linear_head,d16_right,7029,7029,1,0.9831669330596924,1,1,True
resnet50,resnet50_linear_head,d16_right,7033,7033,1,0.8717604875564575,1,1,True
resnet50,resnet50_linear_head,d16_right,7041,7041,5,0.9151488542556763,5,5,True
resnet50,resnet50_linear_head,d16_right,7047,7047,9,0.9515055418014526,9,9,True
resnet50,resnet50_linear_head,d16_right,7081,7081,7,0.8296266198158264,7,7,True
resnet50,resnet50_linear_head,d16_right,7084,7084,2,0.9737672209739685,2,2,True
resnet50,resnet50_linear_head,d16_right,7108,7108,6,0.9664261341094971,6,6,True
resnet50,resnet50_linear_head,d16_right,7130,7130,5,0.9625064730644226,5,5,True
resnet50,resnet50_linear_head,d16_right,7138,7138,8,0.9750056266784668,8,8,True
resnet50,resnet50_linear_head,d16_right,7150,7150,0,0.9662873148918152,0,0,True
resnet50,resnet50_linear_head,d16_right,7202,7202,1,0.8660159111022949,1,1,True
resnet50,resnet50_linear_head,d16_right,7262,7262,0,0.9838017225265503,0,0,True
resnet50,resnet50_linear_head,d16_right,7266,7266,9,0.9642004370689392,9,9,True
resnet50,resnet50_linear_head,d16_right,7270,7270,7,0.8796471357345581,7,7,True
resnet50,resnet50_linear_head,d16_right,7309,7309,0,0.9331910610198975,0,0,True
resnet50,resnet50_linear_head,d16_right,7320,7320,0,0.9606271982192993,0,0,True
resnet50,resnet50_linear_head,d16_right,7338,7338,6,0.9454443454742432,6,6,True
resnet50,resnet50_linear_head,d16_right,7372,7372,0,0.9546309113502502,0,0,True
resnet50,resnet50_linear_head,d16_right,7373,7373,0,0.9819855093955994,0,0,True
resnet50,resnet50_linear_head,d16_right,7380,7380,9,0.9605368971824646,9,9,True
resnet50,resnet50_linear_head,d16_right,7390,7390,1,0.9080544114112854,1,1,True
resnet50,resnet50_linear_head,d16_right,7413,7413,5,0.9710699319839478,5,5,True
resnet50,resnet50_linear_head,d16_right,7416,7416,3,0.9517663717269897,5,5,True
resnet50,resnet50_linear_head,d16_right,7425,7425,2,0.9744221568107605,2,2,True
resnet50,resnet50_linear_head,d16_right,7446,7446,8,0.974449634552002,8,8,True
resnet50,resnet50_linear_head,d16_right,7460,7460,8,0.9624713063240051,8,8,True
resnet50,resnet50_linear_head,d16_right,7465,7465,0,0.9519003033638,0,0,True
resnet50,resnet50_linear_head,d16_right,7474,7474,5,0.9518712759017944,5,5,True
resnet50,resnet50_linear_head,d16_right,7475,7475,4,0.9614959359169006,4,4,True
resnet50,resnet50_linear_head,d16_right,7476,7476,8,0.9703649282455444,8,8,True
resnet50,resnet50_linear_head,d16_right,7544,7544,9,0.9674581289291382,9,9,True
resnet50,resnet50_linear_head,d16_right,7555,7555,6,0.943910539150238,6,6,True
resnet50,resnet50_linear_head,d16_right,7600,7600,6,0.9697024822235107,6,6,True
resnet50,resnet50_linear_head,d16_right,7610,7610,4,0.9301055669784546,4,4,True
resnet50,resnet50_linear_head,d16_right,7634,7634,0,0.9837841391563416,0,0,True
resnet50,resnet50_linear_head,d16_right,7692,7692,4,0.8157994151115417,4,4,True
resnet50,resnet50_linear_head,d16_right,7706,7706,5,0.9614925980567932,5,5,True
resnet50,resnet50_linear_head,d16_right,7726,7726,6,0.9621457457542419,6,6,True
resnet50,resnet50_linear_head,d16_right,7744,7744,3,0.8496562838554382,3,3,True
resnet50,resnet50_linear_head,d16_right,7752,7752,9,0.9618024230003357,9,9,True
resnet50,resnet50_linear_head,d16_right,7776,7776,5,0.9497394561767578,5,5,True
resnet50,resnet50_linear_head,d16_right,7779,7779,6,0.9066389203071594,6,6,True
resnet50,resnet50_linear_head,d16_right,7781,7781,6,0.9474402070045471,6,6,True
resnet50,resnet50_linear_head,d16_right,7793,7793,3,0.9588386416435242,5,5,True
resnet50,resnet50_linear_head,d16_right,7797,7797,3,0.9442722797393799,3,3,True
resnet50,resnet50_linear_head,d16_right,7810,7810,8,0.9685123562812805,8,8,True
resnet50,resnet50_linear_head,d16_right,7818,7818,8,0.9187327027320862,8,8,True
resnet50,resnet50_linear_head,d16_right,7835,7835,7,0.9736536741256714,7,7,True
resnet50,resnet50_linear_head,d16_right,7864,7864,4,0.9838654398918152,4,4,True
resnet50,resnet50_linear_head,d16_right,7875,7875,8,0.9725545644760132,8,8,True
resnet50,resnet50_linear_head,d16_right,7938,7938,9,0.8866705298423767,9,9,True
resnet50,resnet50_linear_head,d16_right,7940,7940,4,0.9651669263839722,4,4,True
resnet50,resnet50_linear_head,d16_right,7944,7944,4,0.9393673539161682,4,4,True
resnet50,resnet50_linear_head,d16_right,7955,7955,1,0.9285985231399536,1,1,True
resnet50,resnet50_linear_head,d16_right,7995,7995,9,0.9763434529304504,9,9,True
resnet50,resnet50_linear_head,d16_right,7996,7996,6,0.9446372389793396,6,6,True
resnet50,resnet50_linear_head,d16_right,7999,7999,8,0.9708575010299683,8,8,True
resnet50,resnet50_linear_head,d32_up,3,3,0,0.9793044924736023,0,0,True
resnet50,resnet50_linear_head,d32_up,29,29,7,0.9113320708274841,7,7,True
resnet50,resnet50_linear_head,d32_up,35,35,2,0.9800896644592285,2,2,True
resnet50,resnet50_linear_head,d32_up,42,42,0,0.9507831931114197,0,0,True
resnet50,resnet50_linear_head,d32_up,49,49,2,0.9621222615242004,2,2,True
resnet50,resnet50_linear_head,d32_up,81,81,0,0.9074738025665283,0,0,True
resnet50,resnet50_linear_head,d32_up,95,95,1,0.9198229312896729,1,1,True
resnet50,resnet50_linear_head,d32_up,97,97,5,0.9578453302383423,5,5,True
resnet50,resnet50_linear_head,d32_up,116,116,1,0.9712942838668823,1,1,True
resnet50,resnet50_linear_head,d32_up,131,131,9,0.9583576321601868,9,9,True
resnet50,resnet50_linear_head,d32_up,151,151,8,0.9232975840568542,8,8,True
resnet50,resnet50_linear_head,d32_up,171,171,4,0.9563987255096436,4,4,True
resnet50,resnet50_linear_head,d32_up,176,176,3,0.9578238725662231,3,3,True
resnet50,resnet50_linear_head,d32_up,191,191,9,0.9470046758651733,9,9,True
resnet50,resnet50_linear_head,d32_up,194,194,8,0.8486468195915222,8,8,True
resnet50,resnet50_linear_head,d32_up,198,198,1,0.9650431275367737,1,1,True
resnet50,resnet50_linear_head,d32_up,239,239,9,0.9736266136169434,9,9,True
resnet50,resnet50_linear_head,d32_up,261,261,1,0.978266716003418,1,1,True
resnet50,resnet50_linear_head,d32_up,269,269,7,0.9191247820854187,7,7,True
resnet50,resnet50_linear_head,d32_up,276,276,9,0.9443738460540771,9,9,True
resnet50,resnet50_linear_head,d32_up,303,303,9,0.9327676296234131,9,9,True
resnet50,resnet50_linear_head,d32_up,304,304,1,0.8241965174674988,1,1,True
resnet50,resnet50_linear_head,d32_up,317,317,2,0.9729276299476624,2,2,True
resnet50,resnet50_linear_head,d32_up,319,319,5,0.959193229675293,5,5,True
resnet50,resnet50_linear_head,d32_up,323,323,7,0.9314141273498535,7,7,True
resnet50,resnet50_linear_head,d32_up,365,365,3,0.9360889196395874,3,3,True
resnet50,resnet50_linear_head,d32_up,370,370,7,0.8957889676094055,7,7,True
resnet50,resnet50_linear_head,d32_up,372,372,3,0.921411395072937,3,3,True
resnet50,resnet50_linear_head,d32_up,378,378,5,0.942305326461792,5,5,True
resnet50,resnet50_linear_head,d32_up,391,391,3,0.9268812537193298,3,3,True
resnet50,resnet50_linear_head,d32_up,409,409,2,0.9702375531196594,2,2,True
resnet50,resnet50_linear_head,d32_up,419,419,9,0.9572370052337646,9,9,True
resnet50,resnet50_linear_head,d32_up,449,449,6,0.9512854814529419,6,6,True
resnet50,resnet50_linear_head,d32_up,470,470,2,0.9753286838531494,2,2,True
resnet50,resnet50_linear_head,d32_up,483,483,2,0.9446012377738953,2,2,True
resnet50,resnet50_linear_head,d32_up,484,484,0,0.9170656204223633,0,0,True
resnet50,resnet50_linear_head,d32_up,506,506,4,0.9073695540428162,4,4,True
resnet50,resnet50_linear_head,d32_up,545,545,6,0.9345536828041077,6,6,True
resnet50,resnet50_linear_head,d32_up,562,562,0,0.9816830158233643,0,0,True
resnet50,resnet50_linear_head,d32_up,568,568,5,0.9299259781837463,5,5,True
resnet50,resnet50_linear_head,d32_up,603,603,9,0.9722041487693787,9,9,True
resnet50,resnet50_linear_head,d32_up,632,632,3,0.9431637525558472,3,3,True
resnet50,resnet50_linear_head,d32_up,645,645,5,0.9722625613212585,5,5,True
resnet50,resnet50_linear_head,d32_up,667,667,8,0.939700186252594,8,8,True
resnet50,resnet50_linear_head,d32_up,672,672,3,0.9779739379882812,3,3,True
resnet50,resnet50_linear_head,d32_up,677,677,3,0.8636477589607239,3,3,True
resnet50,resnet50_linear_head,d32_up,685,685,5,0.9777862429618835,5,5,True
resnet50,resnet50_linear_head,d32_up,691,691,4,0.9698296785354614,4,4,True
resnet50,resnet50_linear_head,d32_up,706,706,8,0.919314444065094,8,8,True
resnet50,resnet50_linear_head,d32_up,714,714,2,0.9436215162277222,2,2,True
resnet50,resnet50_linear_head,d32_up,716,716,8,0.9638471007347107,8,8,True
resnet50,resnet50_linear_head,d32_up,738,738,3,0.9317091703414917,3,3,True
resnet50,resnet50_linear_head,d32_up,739,739,8,0.9358468055725098,8,8,True
resnet50,resnet50_linear_head,d32_up,766,766,4,0.9092609882354736,6,6,True
resnet50,resnet50_linear_head,d32_up,791,791,3,0.9454179406166077,3,3,True
resnet50,resnet50_linear_head,d32_up,805,805,9,0.9520522356033325,9,9,True
resnet50,resnet50_linear_head,d32_up,825,825,1,0.9684475064277649,1,1,True
resnet50,resnet50_linear_head,d32_up,852,852,9,0.9748408198356628,9,9,True
resnet50,resnet50_linear_head,d32_up,855,855,4,0.8940231800079346,4,4,True
resnet50,resnet50_linear_head,d32_up,873,873,6,0.9501543641090393,6,6,True
resnet50,resnet50_linear_head,d32_up,890,890,6,0.9277547001838684,6,6,True
resnet50,resnet50_linear_head,d32_up,920,920,6,0.9446361660957336,6,6,True
resnet50,resnet50_linear_head,d32_up,929,929,6,0.9323107600212097,6,6,True
resnet50,resnet50_linear_head,d32_up,962,962,8,0.9666826725006104,8,8,True
resnet50,resnet50_linear_head,d32_up,964,964,6,0.9536314010620117,6,6,True
resnet50,resnet50_linear_head,d32_up,977,977,6,0.9124940037727356,6,6,True
resnet50,resnet50_linear_head,d32_up,979,979,3,0.9621498584747314,3,3,True
resnet50,resnet50_linear_head,d32_up,981,981,2,0.9637978672981262,2,2,True
resnet50,resnet50_linear_head,d32_up,1022,1022,9,0.9684194922447205,9,9,True
resnet50,resnet50_linear_head,d32_up,1032,1032,7,0.9821394681930542,7,7,True
resnet50,resnet50_linear_head,d32_up,1048,1048,7,0.9532580971717834,7,7,True
resnet50,resnet50_linear_head,d32_up,1090,1090,1,0.9784290194511414,1,1,True
resnet50,resnet50_linear_head,d32_up,1095,1095,5,0.9673315286636353,5,5,True
resnet50,resnet50_linear_head,d32_up,1109,1109,1,0.9672699570655823,1,1,True
resnet50,resnet50_linear_head,d32_up,1111,1111,4,0.977617084980011,4,4,True
resnet50,resnet50_linear_head,d32_up,1115,1115,1,0.839596152305603,1,1,True
resnet50,resnet50_linear_head,d32_up,1124,1124,4,0.9677159786224365,4,4,True
resnet50,resnet50_linear_head,d32_up,1129,1129,8,0.9335136413574219,8,8,True
resnet50,resnet50_linear_head,d32_up,1175,1175,0,0.9840607643127441,0,0,True
resnet50,resnet50_linear_head,d32_up,1202,1202,2,0.8624749183654785,2,2,True
resnet50,resnet50_linear_head,d32_up,1204,1204,3,0.8911212682723999,3,3,True
resnet50,resnet50_linear_head,d32_up,1211,1211,4,0.935890257358551,4,4,True
resnet50,resnet50_linear_head,d32_up,1220,1220,7,0.9842073917388916,7,7,True
resnet50,resnet50_linear_head,d32_up,1230,1230,1,0.8916432857513428,1,1,True
resnet50,resnet50_linear_head,d32_up,1247,1247,8,0.9222143888473511,8,8,True
resnet50,resnet50_linear_head,d32_up,1263,1263,3,0.8947193622589111,3,3,True
resnet50,resnet50_linear_head,d32_up,1266,1266,4,0.9392924904823303,4,4,True
resnet50,resnet50_linear_head,d32_up,1287,1287,7,0.914379358291626,7,7,True
resnet50,resnet50_linear_head,d32_up,1296,1296,7,0.8848488330841064,7,7,True
resnet50,resnet50_linear_head,d32_up,1370,1370,3,0.8698477745056152,3,3,True
resnet50,resnet50_linear_head,d32_up,1389,1389,0,0.8998348712921143,0,0,True
resnet50,resnet50_linear_head,d32_up,1401,1401,3,0.9567340016365051,3,3,True
resnet50,resnet50_linear_head,d32_up,1403,1403,2,0.9361084699630737,2,2,True
resnet50,resnet50_linear_head,d32_up,1411,1411,9,0.9593287706375122,9,9,True
resnet50,resnet50_linear_head,d32_up,1429,1429,4,0.9561973810195923,4,4,True
resnet50,resnet50_linear_head,d32_up,1430,1430,9,0.9529224634170532,9,9,True
resnet50,resnet50_linear_head,d32_up,1431,1431,3,0.8568146228790283,3,3,True
resnet50,resnet50_linear_head,d32_up,1436,1436,1,0.9391650557518005,1,1,True
resnet50,resnet50_linear_head,d32_up,1440,1440,7,0.9533262252807617,7,7,True
resnet50,resnet50_linear_head,d32_up,1468,1468,9,0.9344311356544495,9,9,True
resnet50,resnet50_linear_head,d32_up,1473,1473,7,0.952763557434082,7,7,True
resnet50,resnet50_linear_head,d32_up,1515,1515,9,0.9532477855682373,9,9,True
resnet50,resnet50_linear_head,d32_up,1520,1520,2,0.9160091876983643,2,2,True
resnet50,resnet50_linear_head,d32_up,1531,1531,3,0.9854274392127991,3,3,True
resnet50,resnet50_linear_head,d32_up,1534,1534,6,0.8528801202774048,6,6,True
resnet50,resnet50_linear_head,d32_up,1552,1552,5,0.9174948334693909,5,5,True
resnet50,resnet50_linear_head,d32_up,1553,1553,0,0.8207651972770691,0,0,True
resnet50,resnet50_linear_head,d32_up,1563,1563,3,0.9265257716178894,3,3,True
resnet50,resnet50_linear_head,d32_up,1568,1568,1,0.9432421326637268,1,1,True
resnet50,resnet50_linear_head,d32_up,1579,1579,7,0.941146969795227,7,7,True
resnet50,resnet50_linear_head,d32_up,1586,1586,2,0.9309453964233398,2,2,True
resnet50,resnet50_linear_head,d32_up,1596,1596,0,0.9847534894943237,0,0,True
resnet50,resnet50_linear_head,d32_up,1626,1626,5,0.947307825088501,5,5,True
resnet50,resnet50_linear_head,d32_up,1640,1640,8,0.8569912314414978,8,8,True
resnet50,resnet50_linear_head,d32_up,1644,1644,5,0.9568274617195129,5,5,True
resnet50,resnet50_linear_head,d32_up,1648,1648,0,0.946229100227356,0,0,True
resnet50,resnet50_linear_head,d32_up,1654,1654,9,0.9771222472190857,9,9,True
resnet50,resnet50_linear_head,d32_up,1667,1667,6,0.9475225210189819,6,6,True
resnet50,resnet50_linear_head,d32_up,1703,1703,7,0.8173604011535645,7,3,False
resnet50,resnet50_linear_head,d32_up,1711,1711,7,0.950724184513092,7,7,True
resnet50,resnet50_linear_head,d32_up,1771,1771,7,0.9261393547058105,7,4,False
resnet50,resnet50_linear_head,d32_up,1783,1783,8,0.9729247093200684,8,8,True
resnet50,resnet50_linear_head,d32_up,1814,1814,2,0.9743391871452332,2,2,True
resnet50,resnet50_linear_head,d32_up,1833,1833,8,0.9338012337684631,8,8,True
resnet50,resnet50_linear_head,d32_up,1836,1836,9,0.9757313132286072,9,9,True
resnet50,resnet50_linear_head,d32_up,1839,1839,2,0.9494484663009644,2,2,True
resnet50,resnet50_linear_head,d32_up,1852,1852,1,0.9203872084617615,1,1,True
resnet50,resnet50_linear_head,d32_up,1871,1871,1,0.9486439824104309,1,1,True
resnet50,resnet50_linear_head,d32_up,1877,1877,5,0.9805984497070312,5,5,True
resnet50,resnet50_linear_head,d32_up,1884,1884,7,0.7588950395584106,7,7,True
resnet50,resnet50_linear_head,d32_up,1927,1927,7,0.9670025110244751,7,7,True
resnet50,resnet50_linear_head,d32_up,1954,1954,8,0.9288272857666016,8,8,True
resnet50,resnet50_linear_head,d32_up,1956,1956,7,0.937490701675415,3,3,True
resnet50,resnet50_linear_head,d32_up,1960,1960,4,0.9888089895248413,4,4,True
resnet50,resnet50_linear_head,d32_up,1977,1977,0,0.9468128681182861,0,0,True
resnet50,resnet50_linear_head,d32_up,1986,1986,1,0.9840555191040039,1,1,True
resnet50,resnet50_linear_head,d32_up,1993,1993,1,0.9506778120994568,1,1,True
resnet50,resnet50_linear_head,d32_up,2003,2003,6,0.9577134251594543,6,6,True
resnet50,resnet50_linear_head,d32_up,2011,2011,9,0.9584639072418213,9,9,True
resnet50,resnet50_linear_head,d32_up,2024,2024,0,0.9843926429748535,0,0,True
resnet50,resnet50_linear_head,d32_up,2028,2028,3,0.9050278663635254,3,3,True
resnet50,resnet50_linear_head,d32_up,2062,2062,9,0.9309214353561401,9,9,True
resnet50,resnet50_linear_head,d32_up,2070,2070,1,0.9206436276435852,1,1,True
resnet50,resnet50_linear_head,d32_up,2082,2082,2,0.9539925456047058,2,2,True
resnet50,resnet50_linear_head,d32_up,2095,2095,1,0.9479413032531738,1,1,True
resnet50,resnet50_linear_head,d32_up,2109,2109,8,0.9117431640625,8,8,True
resnet50,resnet50_linear_head,d32_up,2114,2114,9,0.9830372333526611,9,9,True
resnet50,resnet50_linear_head,d32_up,2116,2116,1,0.8915916085243225,3,3,True
resnet50,resnet50_linear_head,d32_up,2157,2157,1,0.9024008512496948,1,1,True
resnet50,resnet50_linear_head,d32_up,2167,2167,9,0.9479750990867615,9,9,True
resnet50,resnet50_linear_head,d32_up,2178,2178,1,0.9527305960655212,1,1,True
resnet50,resnet50_linear_head,d32_up,2191,2191,8,0.9667935371398926,8,8,True
resnet50,resnet50_linear_head,d32_up,2230,2230,8,0.9691284894943237,8,8,True
resnet50,resnet50_linear_head,d32_up,2242,2242,0,0.9842742681503296,0,0,True
resnet50,resnet50_linear_head,d32_up,2265,2265,5,0.9654980301856995,5,5,True
resnet50,resnet50_linear_head,d32_up,2268,2268,5,0.8633232116699219,5,5,True
resnet50,resnet50_linear_head,d32_up,2291,2291,3,0.9267643690109253,3,3,True
resnet50,resnet50_linear_head,d32_up,2334,2334,5,0.9066424369812012,5,5,True
resnet50,resnet50_linear_head,d32_up,2340,2340,8,0.8048298358917236,8,8,True
resnet50,resnet50_linear_head,d32_up,2342,2342,8,0.969957709312439,8,8,True
resnet50,resnet50_linear_head,d32_up,2351,2351,9,0.9618368744850159,9,9,True
resnet50,resnet50_linear_head,d32_up,2391,2391,5,0.9592592716217041,5,5,True
resnet50,resnet50_linear_head,d32_up,2392,2392,2,0.9226535558700562,2,2,True
resnet50,resnet50_linear_head,d32_up,2399,2399,4,0.9661195874214172,4,4,True
resnet50,resnet50_linear_head,d32_up,2414,2414,9,0.9360636472702026,9,9,True
resnet50,resnet50_linear_head,d32_up,2427,2427,5,0.9389733076095581,5,5,True
resnet50,resnet50_linear_head,d32_up,2458,2458,5,0.9657338857650757,5,5,True
resnet50,resnet50_linear_head,d32_up,2501,2501,7,0.9572197198867798,7,7,True
resnet50,resnet50_linear_head,d32_up,2502,2502,2,0.928817629814148,2,2,True
resnet50,resnet50_linear_head,d32_up,2536,2536,3,0.9626110792160034,3,3,True
resnet50,resnet50_linear_head,d32_up,2539,2539,3,0.9537429213523865,3,3,True
resnet50,resnet50_linear_head,d32_up,2610,2610,6,0.9128201007843018,6,6,True
resnet50,resnet50_linear_head,d32_up,2623,2623,5,0.9024324417114258,5,5,True
resnet50,resnet50_linear_head,d32_up,2655,2655,9,0.9793617129325867,9,9,True
resnet50,resnet50_linear_head,d32_up,2668,2668,7,0.8541145324707031,7,7,True
resnet50,resnet50_linear_head,d32_up,2676,2676,6,0.9166930317878723,6,6,True
resnet50,resnet50_linear_head,d32_up,2687,2687,1,0.9590075016021729,1,1,True
resnet50,resnet50_linear_head,d32_up,2690,2690,1,0.9375950694084167,1,1,True
resnet50,resnet50_linear_head,d32_up,2704,2704,4,0.8977743983268738,4,4,True
resnet50,resnet50_linear_head,d32_up,2745,2745,8,0.967312753200531,8,8,True
resnet50,resnet50_linear_head,d32_up,2746,2746,7,0.963227391242981,7,7,True
resnet50,resnet50_linear_head,d32_up,2750,2750,0,0.9677836894989014,0,0,True
resnet50,resnet50_linear_head,d32_up,2754,2754,3,0.8886867165565491,3,3,True
resnet50,resnet50_linear_head,d32_up,2757,2757,4,0.930785059928894,4,4,True
resnet50,resnet50_linear_head,d32_up,2766,2766,5,0.8832331299781799,5,5,True
resnet50,resnet50_linear_head,d32_up,2807,2807,5,0.951748251914978,4,4,True
resnet50,resnet50_linear_head,d32_up,2844,2844,8,0.9473084211349487,8,8,True
resnet50,resnet50_linear_head,d32_up,2854,2854,7,0.9320958852767944,7,7,True
resnet50,resnet50_linear_head,d32_up,2861,2861,3,0.8946574330329895,3,3,True
resnet50,resnet50_linear_head,d32_up,2888,2888,0,0.810943603515625,0,0,True
resnet50,resnet50_linear_head,d32_up,2898,2898,4,0.9594869613647461,4,4,True
resnet50,resnet50_linear_head,d32_up,2950,2950,5,0.9281336665153503,5,5,True
resnet50,resnet50_linear_head,d32_up,2958,2958,6,0.9545149803161621,6,6,True
resnet50,resnet50_linear_head,d32_up,3015,3015,8,0.9133301973342896,8,8,True
resnet50,resnet50_linear_head,d32_up,3024,3024,2,0.9339337348937988,2,2,True
resnet50,resnet50_linear_head,d32_up,3025,3025,0,0.9707327485084534,0,0,True
resnet50,resnet50_linear_head,d32_up,3034,3034,4,0.9782505035400391,4,4,True
resnet50,resnet50_linear_head,d32_up,3067,3067,2,0.9014283418655396,2,2,True
resnet50,resnet50_linear_head,d32_up,3078,3078,4,0.9722764492034912,4,4,True
resnet50,resnet50_linear_head,d32_up,3079,3079,1,0.9317254424095154,1,1,True
resnet50,resnet50_linear_head,d32_up,3083,3083,0,0.9746791124343872,0,0,True
resnet50,resnet50_linear_head,d32_up,3122,3122,4,0.8865363001823425,4,4,True
resnet50,resnet50_linear_head,d32_up,3153,3153,7,0.8979592323303223,7,7,True
resnet50,resnet50_linear_head,d32_up,3157,3157,8,0.9349772334098816,8,8,True
resnet50,resnet50_linear_head,d32_up,3163,3163,2,0.9854263067245483,2,2,True
resnet50,resnet50_linear_head,d32_up,3179,3179,4,0.967388927936554,4,4,True
resnet50,resnet50_linear_head,d32_up,3191,3191,6,0.9195846915245056,6,6,True
resnet50,resnet50_linear_head,d32_up,3276,3276,3,0.9322684407234192,3,3,True
resnet50,resnet50_linear_head,d32_up,3287,3287,4,0.9097468852996826,4,4,True
resnet50,resnet50_linear_head,d32_up,3288,3288,7,0.9215057492256165,7,7,True
resnet50,resnet50_linear_head,d32_up,3292,3292,6,0.9110217690467834,6,6,True
resnet50,resnet50_linear_head,d32_up,3318,3318,9,0.9574732184410095,9,9,True
resnet50,resnet50_linear_head,d32_up,3347,3347,0,0.9780780673027039,0,0,True
resnet50,resnet50_linear_head,d32_up,3353,3353,5,0.9668460488319397,3,3,True
resnet50,resnet50_linear_head,d32_up,3362,3362,2,0.979806125164032,2,2,True
resnet50,resnet50_linear_head,d32_up,3365,3365,4,0.9113144874572754,4,4,True
resnet50,resnet50_linear_head,d32_up,3375,3375,3,0.9317803382873535,3,3,True
resnet50,resnet50_linear_head,d32_up,3383,3383,3,0.8756436705589294,3,3,True
resnet50,resnet50_linear_head,d32_up,3404,3404,7,0.9544399976730347,7,7,True
resnet50,resnet50_linear_head,d32_up,3412,3412,8,0.9130345582962036,8,8,True
resnet50,resnet50_linear_head,d32_up,3413,3413,1,0.9111919403076172,1,1,True
resnet50,resnet50_linear_head,d32_up,3418,3418,6,0.869705080986023,6,6,True
resnet50,resnet50_linear_head,d32_up,3437,3437,0,0.9461331367492676,0,0,True
resnet50,resnet50_linear_head,d32_up,3446,3446,7,0.9115866422653198,7,7,True
resnet50,resnet50_linear_head,d32_up,3454,3454,2,0.9689149856567383,2,2,True
resnet50,resnet50_linear_head,d32_up,3455,3455,0,0.9344062805175781,0,0,True
resnet50,resnet50_linear_head,d32_up,3458,3458,4,0.8598911166191101,4,4,True
resnet50,resnet50_linear_head,d32_up,3467,3467,7,0.9547079801559448,7,7,True
resnet50,resnet50_linear_head,d32_up,3491,3491,1,0.8922224640846252,1,1,True
resnet50,resnet50_linear_head,d32_up,3494,3494,6,0.9106576442718506,6,6,True
resnet50,resnet50_linear_head,d32_up,3512,3512,4,0.9861751198768616,4,4,True
resnet50,resnet50_linear_head,d32_up,3515,3515,6,0.9747932553291321,6,6,True
resnet50,resnet50_linear_head,d32_up,3542,3542,7,0.9731895923614502,7,7,True
resnet50,resnet50_linear_head,d32_up,3550,3550,1,0.8611129522323608,1,1,True
resnet50,resnet50_linear_head,d32_up,3562,3562,3,0.9500978589057922,3,3,True
resnet50,resnet50_linear_head,d32_up,3755,3755,2,0.9658496379852295,2,2,True
resnet50,resnet50_linear_head,d32_up,3763,3763,4,0.98276686668396,4,4,True
resnet50,resnet50_linear_head,d32_up,3777,3777,6,0.9613481163978577,6,6,True
resnet50,resnet50_linear_head,d32_up,3778,3778,3,0.8463860154151917,3,3,True
resnet50,resnet50_linear_head,d32_up,3779,3779,6,0.9179121255874634,6,6,True
resnet50,resnet50_linear_head,d32_up,3844,3844,6,0.9557483196258545,6,6,True
resnet50,resnet50_linear_head,d32_up,3851,3851,3,0.9549050331115723,3,3,True
resnet50,resnet50_linear_head,d32_up,3852,3852,5,0.9151856899261475,5,5,True
resnet50,resnet50_linear_head,d32_up,3863,3863,5,0.9646777510643005,5,5,True
resnet50,resnet50_linear_head,d32_up,3867,3867,7,0.930700421333313,7,7,True
resnet50,resnet50_linear_head,d32_up,3876,3876,0,0.9502765536308289,0,0,True
resnet50,resnet50_linear_head,d32_up,3889,3889,5,0.9557686448097229,5,5,True
resnet50,resnet50_linear_head,d32_up,3891,3891,4,0.9397756457328796,4,4,True
resnet50,resnet50_linear_head,d32_up,3893,3893,9,0.9281332492828369,9,9,True
resnet50,resnet50_linear_head,d32_up,3905,3905,8,0.9086779356002808,8,8,True
resnet50,resnet50_linear_head,d32_up,3914,3914,3,0.9512926340103149,3,3,True
resnet50,resnet50_linear_head,d32_up,3937,3937,1,0.8594465851783752,1,1,True
resnet50,resnet50_linear_head,d32_up,3942,3942,9,0.9644452333450317,9,9,True
resnet50,resnet50_linear_head,d32_up,3948,3948,8,0.841540515422821,8,8,True
resnet50,resnet50_linear_head,d32_up,3962,3962,6,0.952853798866272,6,6,True
resnet50,resnet50_linear_head,d32_up,3965,3965,0,0.9861953258514404,0,0,True
resnet50,resnet50_linear_head,d32_up,3994,3994,4,0.9037818908691406,4,4,True
resnet50,resnet50_linear_head,d32_up,3996,3996,9,0.9844803810119629,9,9,True
resnet50,resnet50_linear_head,d32_up,4011,4011,6,0.9532038569450378,6,6,True
resnet50,resnet50_linear_head,d32_up,4023,4023,3,0.938949704170227,3,3,True
resnet50,resnet50_linear_head,d32_up,4054,4054,4,0.9529713988304138,4,4,True
resnet50,resnet50_linear_head,d32_up,4065,4065,2,0.8881772756576538,2,2,True
resnet50,resnet50_linear_head,d32_up,4069,4069,8,0.964645504951477,8,8,True
resnet50,resnet50_linear_head,d32_up,4093,4093,6,0.9434770345687866,6,6,True
resnet50,resnet50_linear_head,d32_up,4094,4094,9,0.9494181871414185,9,9,True
resnet50,resnet50_linear_head,d32_up,4106,4106,5,0.9641404747962952,5,5,True
resnet50,resnet50_linear_head,d32_up,4130,4130,0,0.9659315347671509,0,0,True
resnet50,resnet50_linear_head,d32_up,4168,4168,3,0.9646105170249939,3,3,True
resnet50,resnet50_linear_head,d32_up,4170,4170,8,0.8549705147743225,8,8,True
resnet50,resnet50_linear_head,d32_up,4172,4172,7,0.9498392939567566,7,7,True
resnet50,resnet50_linear_head,d32_up,4177,4177,8,0.944293737411499,8,8,True
resnet50,resnet50_linear_head,d32_up,4215,4215,3,0.9746634364128113,3,3,True
resnet50,resnet50_linear_head,d32_up,4229,4229,3,0.9713163375854492,3,3,True
resnet50,resnet50_linear_head,d32_up,4236,4236,7,0.9575045704841614,7,7,True
resnet50,resnet50_linear_head,d32_up,4242,4242,8,0.8857288360595703,8,8,True
resnet50,resnet50_linear_head,d32_up,4254,4254,6,0.9855628609657288,6,6,True
resnet50,resnet50_linear_head,d32_up,4290,4290,5,0.8782763481140137,5,4,False
resnet50,resnet50_linear_head,d32_up,4298,4298,1,0.9775594472885132,1,1,True
resnet50,resnet50_linear_head,d32_up,4308,4308,7,0.8563103079795837,7,7,True
resnet50,resnet50_linear_head,d32_up,4311,4311,8,0.9635738730430603,8,8,True
resnet50,resnet50_linear_head,d32_up,4323,4323,3,0.8886836171150208,3,3,True
resnet50,resnet50_linear_head,d32_up,4330,4330,3,0.9767189025878906,3,3,True
resnet50,resnet50_linear_head,d32_up,4341,4341,6,0.9732335805892944,6,6,True
resnet50,resnet50_linear_head,d32_up,4355,4355,8,0.9254283308982849,8,8,True
resnet50,resnet50_linear_head,d32_up,4399,4399,0,0.8979431986808777,0,0,True
resnet50,resnet50_linear_head,d32_up,4403,4403,7,0.973160982131958,7,7,True
resnet50,resnet50_linear_head,d32_up,4411,4411,6,0.941584587097168,6,6,True
resnet50,resnet50_linear_head,d32_up,4449,4449,9,0.9652431607246399,9,9,True
resnet50,resnet50_linear_head,d32_up,4463,4463,3,0.8681874871253967,3,3,True
resnet50,resnet50_linear_head,d32_up,4531,4531,3,0.9046370983123779,3,3,True
resnet50,resnet50_linear_head,d32_up,4539,4539,0,0.9912048578262329,0,0,True
resnet50,resnet50_linear_head,d32_up,4547,4547,5,0.9213202595710754,5,5,True
resnet50,resnet50_linear_head,d32_up,4552,4552,8,0.9216268062591553,8,8,True
resnet50,resnet50_linear_head,d32_up,4570,4570,5,0.9741238355636597,5,5,True
resnet50,resnet50_linear_head,d32_up,4590,4590,3,0.9347203373908997,3,3,True
resnet50,resnet50_linear_head,d32_up,4609,4609,3,0.9351695775985718,3,3,True
resnet50,resnet50_linear_head,d32_up,4615,4615,0,0.9629900455474854,0,0,True
resnet50,resnet50_linear_head,d32_up,4617,4617,0,0.9904245138168335,0,0,True
resnet50,resnet50_linear_head,d32_up,4620,4620,6,0.8940789103507996,6,6,True
resnet50,resnet50_linear_head,d32_up,4629,4629,4,0.8836110830307007,4,4,True
resnet50,resnet50_linear_head,d32_up,4640,4640,1,0.941267728805542,1,1,True
resnet50,resnet50_linear_head,d32_up,4642,4642,4,0.9643657207489014,4,4,True
resnet50,resnet50_linear_head,d32_up,4661,4661,7,0.9200851917266846,7,7,True
resnet50,resnet50_linear_head,d32_up,4662,4662,8,0.9864214062690735,8,8,True
resnet50,resnet50_linear_head,d32_up,4675,4675,0,0.9119963049888611,0,0,True
resnet50,resnet50_linear_head,d32_up,4676,4676,8,0.885057806968689,8,8,True
resnet50,resnet50_linear_head,d32_up,4704,4704,7,0.8970215320587158,7,7,True
resnet50,resnet50_linear_head,d32_up,4723,4723,9,0.9136946201324463,9,9,True
resnet50,resnet50_linear_head,d32_up,4731,4731,6,0.9507102370262146,6,6,True
resnet50,resnet50_linear_head,d32_up,4735,4735,2,0.9595177173614502,2,2,True
resnet50,resnet50_linear_head,d32_up,4740,4740,4,0.9411643147468567,4,4,True
resnet50,resnet50_linear_head,d32_up,4746,4746,6,0.8739733695983887,6,6,True
resnet50,resnet50_linear_head,d32_up,4748,4748,7,0.9069036245346069,7,7,True
resnet50,resnet50_linear_head,d32_up,4754,4754,6,0.9384953379631042,6,6,True
resnet50,resnet50_linear_head,d32_up,4785,4785,0,0.9401511549949646,0,0,True
resnet50,resnet50_linear_head,d32_up,4791,4791,7,0.9448518753051758,7,7,True
resnet50,resnet50_linear_head,d32_up,4819,4819,0,0.9940060973167419,0,0,True
resnet50,resnet50_linear_head,d32_up,4821,4821,3,0.9871239066123962,3,3,True
resnet50,resnet50_linear_head,d32_up,4827,4827,6,0.9763509631156921,6,6,True
resnet50,resnet50_linear_head,d32_up,4850,4850,5,0.9613513946533203,5,5,True
resnet50,resnet50_linear_head,d32_up,4881,4881,3,0.9451290369033813,3,3,True
resnet50,resnet50_linear_head,d32_up,4893,4893,0,0.9840405583381653,0,0,True
resnet50,resnet50_linear_head,d32_up,4908,4908,3,0.9856666326522827,3,3,True
resnet50,resnet50_linear_head,d32_up,4913,4913,2,0.976269543170929,2,2,True
resnet50,resnet50_linear_head,d32_up,4921,4921,2,0.9736179709434509,2,2,True
resnet50,resnet50_linear_head,d32_up,4953,4953,5,0.9065284729003906,5,5,True
resnet50,resnet50_linear_head,d32_up,4966,4966,5,0.9476830363273621,5,5,True
resnet50,resnet50_linear_head,d32_up,4990,4990,8,0.9525765180587769,8,8,True
resnet50,resnet50_linear_head,d32_up,5000,5000,8,0.9714285135269165,8,8,True
resnet50,resnet50_linear_head,d32_up,5030,5030,2,0.9645059108734131,2,2,True
resnet50,resnet50_linear_head,d32_up,5062,5062,4,0.9500842690467834,4,4,True
resnet50,resnet50_linear_head,d32_up,5077,5077,4,0.9900626540184021,4,4,True
resnet50,resnet50_linear_head,d32_up,5082,5082,6,0.977412760257721,6,6,True
resnet50,resnet50_linear_head,d32_up,5092,5092,1,0.9152103066444397,1,1,True
resnet50,resnet50_linear_head,d32_up,5101,5101,5,0.8822152614593506,5,5,True
resnet50,resnet50_linear_head,d32_up,5117,5117,0,0.9629397392272949,0,0,True
resnet50,resnet50_linear_head,d32_up,5123,5123,1,0.876624584197998,1,1,True
resnet50,resnet50_linear_head,d32_up,5135,5135,4,0.9624321460723877,4,4,True
resnet50,resnet50_linear_head,d32_up,5183,5183,2,0.9567248821258545,2,2,True
resnet50,resnet50_linear_head,d32_up,5213,5213,4,0.9842503070831299,4,4,True
resnet50,resnet50_linear_head,d32_up,5218,5218,2,0.9852017760276794,2,2,True
resnet50,resnet50_linear_head,d32_up,5220,5220,1,0.9443195462226868,3,1,False
resnet50,resnet50_linear_head,d32_up,5237,5237,2,0.9516586661338806,2,2,True
resnet50,resnet50_linear_head,d32_up,5256,5256,1,0.8984578251838684,1,1,True
resnet50,resnet50_linear_head,d32_up,5284,5284,9,0.9287713766098022,9,9,True
resnet50,resnet50_linear_head,d32_up,5301,5301,9,0.9595750570297241,9,9,True
resnet50,resnet50_linear_head,d32_up,5318,5318,2,0.9218255877494812,2,2,True
resnet50,resnet50_linear_head,d32_up,5332,5332,5,0.9584832191467285,5,5,True
resnet50,resnet50_linear_head,d32_up,5333,5333,2,0.9803435206413269,2,2,True
resnet50,resnet50_linear_head,d32_up,5360,5360,9,0.9737014770507812,9,9,True
resnet50,resnet50_linear_head,d32_up,5381,5381,5,0.9491927623748779,5,6,False
resnet50,resnet50_linear_head,d32_up,5382,5382,6,0.9123978018760681,6,6,True
resnet50,resnet50_linear_head,d32_up,5395,5395,2,0.9519281387329102,2,2,True
resnet50,resnet50_linear_head,d32_up,5402,5402,4,0.9724896550178528,4,4,True
resnet50,resnet50_linear_head,d32_up,5408,5408,6,0.9741415977478027,6,6,True
resnet50,resnet50_linear_head,d32_up,5436,5436,7,0.9517386555671692,7,7,True
resnet50,resnet50_linear_head,d32_up,5447,5447,9,0.9626455307006836,9,9,True
resnet50,resnet50_linear_head,d32_up,5450,5450,7,0.964827299118042,7,7,True
resnet50,resnet50_linear_head,d32_up,5451,5451,8,0.8654167652130127,8,8,True
resnet50,resnet50_linear_head,d32_up,5452,5452,9,0.9057449102401733,9,9,True
resnet50,resnet50_linear_head,d32_up,5467,5467,4,0.9304031729698181,4,4,True
resnet50,resnet50_linear_head,d32_up,5478,5478,0,0.9535788297653198,0,0,True
resnet50,resnet50_linear_head,d32_up,5488,5488,1,0.9820140600204468,7,7,True
resnet50,resnet50_linear_head,d32_up,5496,5496,5,0.9615554809570312,5,5,True
resnet50,resnet50_linear_head,d32_up,5508,5508,9,0.9859710335731506,9,9,True
resnet50,resnet50_linear_head,d32_up,5512,5512,2,0.90641188621521,9,9,True
resnet50,resnet50_linear_head,d32_up,5525,5525,8,0.9668805599212646,8,8,True
resnet50,resnet50_linear_head,d32_up,5528,5528,3,0.9443100690841675,5,5,True
resnet50,resnet50_linear_head,d32_up,5556,5556,4,0.9087965488433838,4,4,True
resnet50,resnet50_linear_head,d32_up,5560,5560,1,0.9779168963432312,1,1,True
resnet50,resnet50_linear_head,d32_up,5572,5572,9,0.962336003780365,9,9,True
resnet50,resnet50_linear_head,d32_up,5580,5580,6,0.9808806777000427,6,6,True
resnet50,resnet50_linear_head,d32_up,5590,5590,9,0.9582164883613586,9,9,True
resnet50,resnet50_linear_head,d32_up,5623,5623,4,0.9707437753677368,4,4,True
resnet50,resnet50_linear_head,d32_up,5677,5677,2,0.9786537885665894,2,2,True
resnet50,resnet50_linear_head,d32_up,5694,5694,8,0.8936898708343506,8,8,True
resnet50,resnet50_linear_head,d32_up,5701,5701,5,0.9633267521858215,5,5,True
resnet50,resnet50_linear_head,d32_up,5705,5705,8,0.9165815114974976,8,8,True
resnet50,resnet50_linear_head,d32_up,5719,5719,7,0.955442488193512,7,7,True
resnet50,resnet50_linear_head,d32_up,5729,5729,6,0.9447489380836487,6,6,True
resnet50,resnet50_linear_head,d32_up,5756,5756,2,0.969456672668457,2,2,True
resnet50,resnet50_linear_head,d32_up,5788,5788,9,0.9175593852996826,9,9,True
resnet50,resnet50_linear_head,d32_up,5789,5789,4,0.9591867923736572,4,4,True
resnet50,resnet50_linear_head,d32_up,5824,5824,2,0.9169490933418274,2,2,True
resnet50,resnet50_linear_head,d32_up,5848,5848,7,0.8360496759414673,7,7,True
resnet50,resnet50_linear_head,d32_up,5851,5851,9,0.9888331294059753,9,9,True
resnet50,resnet50_linear_head,d32_up,5857,5857,6,0.9121017456054688,4,4,True
resnet50,resnet50_linear_head,d32_up,5858,5858,6,0.9188224077224731,6,6,True
resnet50,resnet50_linear_head,d32_up,5912,5912,0,0.9588150382041931,0,0,True
resnet50,resnet50_linear_head,d32_up,5915,5915,9,0.9474923014640808,9,9,True
resnet50,resnet50_linear_head,d32_up,5918,5918,0,0.942072331905365,0,0,True
resnet50,resnet50_linear_head,d32_up,5924,5924,5,0.9583319425582886,5,5,True
resnet50,resnet50_linear_head,d32_up,5977,5977,7,0.9470569491386414,7,7,True
resnet50,resnet50_linear_head,d32_up,5981,5981,9,0.9358462691307068,9,9,True
resnet50,resnet50_linear_head,d32_up,5999,5999,0,0.9657460451126099,0,0,True
resnet50,resnet50_linear_head,d32_up,6028,6028,2,0.9531773328781128,2,2,True
resnet50,resnet50_linear_head,d32_up,6033,6033,4,0.8661208152770996,4,4,True
resnet50,resnet50_linear_head,d32_up,6076,6076,1,0.9264052510261536,1,1,True
resnet50,resnet50_linear_head,d32_up,6084,6084,7,0.9826322793960571,7,7,True
resnet50,resnet50_linear_head,d32_up,6097,6097,4,0.9397773146629333,4,4,True
resnet50,resnet50_linear_head,d32_up,6169,6169,1,0.9007576704025269,1,1,True
resnet50,resnet50_linear_head,d32_up,6190,6190,7,0.872128427028656,7,7,True
resnet50,resnet50_linear_head,d32_up,6224,6224,5,0.9797528386116028,5,5,True
resnet50,resnet50_linear_head,d32_up,6244,6244,2,0.9103804230690002,2,2,True
resnet50,resnet50_linear_head,d32_up,6264,6264,2,0.9431273341178894,2,2,True
resnet50,resnet50_linear_head,d32_up,6271,6271,2,0.9504714608192444,2,2,True
resnet50,resnet50_linear_head,d32_up,6288,6288,4,0.9189911484718323,4,4,True
resnet50,resnet50_linear_head,d32_up,6332,6332,2,0.9769775867462158,2,2,True
resnet50,resnet50_linear_head,d32_up,6349,6349,1,0.955389142036438,1,1,True
resnet50,resnet50_linear_head,d32_up,6354,6354,2,0.9153780937194824,2,2,True
resnet50,resnet50_linear_head,d32_up,6358,6358,5,0.9720990657806396,5,5,True
resnet50,resnet50_linear_head,d32_up,6381,6381,6,0.9410209059715271,6,6,True
resnet50,resnet50_linear_head,d32_up,6414,6414,5,0.8742496967315674,5,3,False
resnet50,resnet50_linear_head,d32_up,6426,6426,2,0.9586216807365417,2,2,True
resnet50,resnet50_linear_head,d32_up,6434,6434,8,0.9561922550201416,8,8,True
resnet50,resnet50_linear_head,d32_up,6437,6437,0,0.9277694821357727,0,0,True
resnet50,resnet50_linear_head,d32_up,6455,6455,0,0.9729498624801636,0,0,True
resnet50,resnet50_linear_head,d32_up,6490,6490,3,0.8748122453689575,3,3,True
resnet50,resnet50_linear_head,d32_up,6503,6503,2,0.8944976925849915,2,2,True
resnet50,resnet50_linear_head,d32_up,6508,6508,4,0.9705231189727783,4,4,True
resnet50,resnet50_linear_head,d32_up,6528,6528,4,0.9471719861030579,4,4,True
resnet50,resnet50_linear_head,d32_up,6594,6594,1,0.9878798127174377,1,1,True
resnet50,resnet50_linear_head,d32_up,6609,6609,0,0.9465292096138,0,0,True
resnet50,resnet50_linear_head,d32_up,6616,6616,2,0.911749541759491,2,2,True
resnet50,resnet50_linear_head,d32_up,6650,6650,7,0.9194205403327942,7,7,True
resnet50,resnet50_linear_head,d32_up,6689,6689,8,0.8647130131721497,8,8,True
resnet50,resnet50_linear_head,d32_up,6692,6692,2,0.9450746178627014,2,2,True
resnet50,resnet50_linear_head,d32_up,6713,6713,6,0.9576979279518127,6,6,True
resnet50,resnet50_linear_head,d32_up,6716,6716,5,0.9218541979789734,5,5,True
resnet50,resnet50_linear_head,d32_up,6726,6726,7,0.9446274638175964,7,7,True
resnet50,resnet50_linear_head,d32_up,6733,6733,1,0.9829484820365906,1,1,True
resnet50,resnet50_linear_head,d32_up,6772,6772,7,0.9264880418777466,7,7,True
resnet50,resnet50_linear_head,d32_up,6805,6805,1,0.9634872078895569,1,1,True
resnet50,resnet50_linear_head,d32_up,6836,6836,1,0.9602628946304321,1,1,True
resnet50,resnet50_linear_head,d32_up,6844,6844,0,0.9921044707298279,0,0,True
resnet50,resnet50_linear_head,d32_up,6922,6922,5,0.89154052734375,5,5,True
resnet50,resnet50_linear_head,d32_up,6931,6931,9,0.9448320269584656,9,9,True
resnet50,resnet50_linear_head,d32_up,6938,6938,1,0.9567415714263916,1,1,True
resnet50,resnet50_linear_head,d32_up,6952,6952,3,0.9813557267189026,3,3,True
resnet50,resnet50_linear_head,d32_up,6954,6954,1,0.9204872846603394,1,1,True
resnet50,resnet50_linear_head,d32_up,6986,6986,0,0.9429859519004822,0,0,True
resnet50,resnet50_linear_head,d32_up,6989,6989,5,0.9721700549125671,5,5,True
resnet50,resnet50_linear_head,d32_up,7009,7009,0,0.8939166069030762,0,0,True
resnet50,resnet50_linear_head,d32_up,7029,7029,1,0.9498614072799683,1,1,True
resnet50,resnet50_linear_head,d32_up,7033,7033,1,0.9756405353546143,1,1,True
resnet50,resnet50_linear_head,d32_up,7041,7041,5,0.9352898597717285,5,5,True
resnet50,resnet50_linear_head,d32_up,7047,7047,9,0.9199018478393555,9,9,True
resnet50,resnet50_linear_head,d32_up,7081,7081,7,0.9038769602775574,7,7,True
resnet50,resnet50_linear_head,d32_up,7084,7084,2,0.9642089605331421,2,2,True
resnet50,resnet50_linear_head,d32_up,7108,7108,6,0.9886408448219299,6,6,True
resnet50,resnet50_linear_head,d32_up,7130,7130,5,0.9880295991897583,5,5,True
resnet50,resnet50_linear_head,d32_up,7138,7138,8,0.8196955919265747,8,8,True
resnet50,resnet50_linear_head,d32_up,7150,7150,0,0.9890357255935669,0,0,True
resnet50,resnet50_linear_head,d32_up,7202,7202,1,0.9393824934959412,1,1,True
resnet50,resnet50_linear_head,d32_up,7262,7262,0,0.9757183194160461,0,0,True
resnet50,resnet50_linear_head,d32_up,7266,7266,9,0.9569492340087891,9,9,True
resnet50,resnet50_linear_head,d32_up,7270,7270,7,0.9279677867889404,7,7,True
resnet50,resnet50_linear_head,d32_up,7309,7309,0,0.7962802052497864,0,0,True
resnet50,resnet50_linear_head,d32_up,7320,7320,0,0.9608647227287292,0,0,True
resnet50,resnet50_linear_head,d32_up,7338,7338,6,0.9577652812004089,6,6,True
resnet50,resnet50_linear_head,d32_up,7372,7372,0,0.9212802648544312,0,0,True
resnet50,resnet50_linear_head,d32_up,7373,7373,0,0.7343845963478088,0,0,True
resnet50,resnet50_linear_head,d32_up,7380,7380,9,0.9387688636779785,9,9,True
resnet50,resnet50_linear_head,d32_up,7390,7390,1,0.9560186266899109,1,1,True
resnet50,resnet50_linear_head,d32_up,7413,7413,5,0.9465317726135254,5,5,True
resnet50,resnet50_linear_head,d32_up,7416,7416,3,0.8931717276573181,5,5,True
resnet50,resnet50_linear_head,d32_up,7425,7425,2,0.9390445947647095,2,2,True
resnet50,resnet50_linear_head,d32_up,7446,7446,8,0.9384793639183044,8,8,True
resnet50,resnet50_linear_head,d32_up,7460,7460,8,0.9648498892784119,8,8,True
resnet50,resnet50_linear_head,d32_up,7465,7465,0,0.8663232326507568,0,0,True
resnet50,resnet50_linear_head,d32_up,7474,7474,5,0.9706050157546997,5,5,True
resnet50,resnet50_linear_head,d32_up,7475,7475,4,0.9319480657577515,4,4,True
resnet50,resnet50_linear_head,d32_up,7476,7476,8,0.9275829792022705,8,8,True
resnet50,resnet50_linear_head,d32_up,7544,7544,9,0.9399959444999695,9,9,True
resnet50,resnet50_linear_head,d32_up,7555,7555,6,0.9704630374908447,6,6,True
resnet50,resnet50_linear_head,d32_up,7600,7600,6,0.9502146244049072,6,6,True
resnet50,resnet50_linear_head,d32_up,7610,7610,4,0.9550850987434387,4,4,True
resnet50,resnet50_linear_head,d32_up,7634,7634,0,0.987167239189148,0,0,True
resnet50,resnet50_linear_head,d32_up,7692,7692,4,0.9216012358665466,4,4,True
resnet50,resnet50_linear_head,d32_up,7706,7706,5,0.955045759677887,5,5,True
resnet50,resnet50_linear_head,d32_up,7726,7726,6,0.9333438277244568,6,6,True
resnet50,resnet50_linear_head,d32_up,7744,7744,3,0.805624783039093,3,3,True
resnet50,resnet50_linear_head,d32_up,7752,7752,9,0.9200127720832825,9,9,True
resnet50,resnet50_linear_head,d32_up,7776,7776,5,0.8598382472991943,5,5,True
resnet50,resnet50_linear_head,d32_up,7779,7779,6,0.9624389410018921,6,6,True
resnet50,resnet50_linear_head,d32_up,7781,7781,6,0.9582188725471497,6,6,True
resnet50,resnet50_linear_head,d32_up,7793,7793,3,0.9173781871795654,5,5,True
resnet50,resnet50_linear_head,d32_up,7797,7797,3,0.9615772366523743,3,3,True
resnet50,resnet50_linear_head,d32_up,7810,7810,8,0.9706800580024719,8,8,True
resnet50,resnet50_linear_head,d32_up,7818,7818,8,0.8931698203086853,8,8,True
resnet50,resnet50_linear_head,d32_up,7835,7835,7,0.9540653228759766,7,7,True
resnet50,resnet50_linear_head,d32_up,7864,7864,4,0.9753745198249817,4,4,True
resnet50,resnet50_linear_head,d32_up,7875,7875,8,0.9385643601417542,8,8,True
resnet50,resnet50_linear_head,d32_up,7938,7938,9,0.9165180325508118,9,9,True
resnet50,resnet50_linear_head,d32_up,7940,7940,4,0.9706254005432129,4,4,True
resnet50,resnet50_linear_head,d32_up,7944,7944,4,0.9879345893859863,4,4,True
resnet50,resnet50_linear_head,d32_up,7955,7955,1,0.9427361488342285,1,1,True
resnet50,resnet50_linear_head,d32_up,7995,7995,9,0.9585704207420349,9,9,True
resnet50,resnet50_linear_head,d32_up,7996,7996,6,0.860754668712616,6,6,True
resnet50,resnet50_linear_head,d32_up,7999,7999,8,0.893591046333313,8,8,True
resnet50,resnet50_linear_head,d32_down,3,3,0,0.9721619486808777,0,0,True
resnet50,resnet50_linear_head,d32_down,29,29,7,0.9411399364471436,7,7,True
resnet50,resnet50_linear_head,d32_down,35,35,2,0.9805097579956055,2,2,True
resnet50,resnet50_linear_head,d32_down,42,42,0,0.8598810434341431,0,0,True
resnet50,resnet50_linear_head,d32_down,49,49,2,0.8618552088737488,2,2,True
resnet50,resnet50_linear_head,d32_down,81,81,0,0.9343775510787964,0,0,True
resnet50,resnet50_linear_head,d32_down,95,95,1,0.912470281124115,1,1,True
resnet50,resnet50_linear_head,d32_down,97,97,5,0.9530941247940063,5,5,True
resnet50,resnet50_linear_head,d32_down,116,116,1,0.958392322063446,1,1,True
resnet50,resnet50_linear_head,d32_down,131,131,9,0.7542580962181091,9,9,True
resnet50,resnet50_linear_head,d32_down,151,151,8,0.9632137417793274,8,8,True
resnet50,resnet50_linear_head,d32_down,171,171,4,0.9255688786506653,4,4,True
resnet50,resnet50_linear_head,d32_down,176,176,3,0.9291942715644836,3,3,True
resnet50,resnet50_linear_head,d32_down,191,191,9,0.9789035320281982,9,9,True
resnet50,resnet50_linear_head,d32_down,194,194,8,0.9151593446731567,8,8,True
resnet50,resnet50_linear_head,d32_down,198,198,1,0.9207924008369446,1,1,True
resnet50,resnet50_linear_head,d32_down,239,239,9,0.9395322799682617,9,9,True
resnet50,resnet50_linear_head,d32_down,261,261,1,0.924937903881073,1,1,True
resnet50,resnet50_linear_head,d32_down,269,269,7,0.9155924916267395,7,7,True
resnet50,resnet50_linear_head,d32_down,276,276,9,0.9618090987205505,9,9,True
resnet50,resnet50_linear_head,d32_down,303,303,9,0.9009231328964233,9,9,True
resnet50,resnet50_linear_head,d32_down,304,304,1,0.9013824462890625,1,1,True
resnet50,resnet50_linear_head,d32_down,317,317,2,0.9796299934387207,2,2,True
resnet50,resnet50_linear_head,d32_down,319,319,5,0.9668879508972168,5,5,True
resnet50,resnet50_linear_head,d32_down,323,323,7,0.963047444820404,7,7,True
resnet50,resnet50_linear_head,d32_down,365,365,3,0.9143123030662537,3,3,True
resnet50,resnet50_linear_head,d32_down,370,370,7,0.9287599325180054,7,7,True
resnet50,resnet50_linear_head,d32_down,372,372,3,0.9476242065429688,3,3,True
resnet50,resnet50_linear_head,d32_down,378,378,5,0.9707688689231873,5,5,True
resnet50,resnet50_linear_head,d32_down,391,391,3,0.9422878623008728,3,3,True
resnet50,resnet50_linear_head,d32_down,409,409,2,0.9701788425445557,2,2,True
resnet50,resnet50_linear_head,d32_down,419,419,9,0.8781673908233643,9,9,True
resnet50,resnet50_linear_head,d32_down,449,449,6,0.9634203910827637,6,6,True
resnet50,resnet50_linear_head,d32_down,470,470,2,0.9684227108955383,2,2,True
resnet50,resnet50_linear_head,d32_down,483,483,2,0.953770637512207,2,2,True
resnet50,resnet50_linear_head,d32_down,484,484,0,0.9412807822227478,0,0,True
resnet50,resnet50_linear_head,d32_down,506,506,4,0.9524178504943848,4,4,True
resnet50,resnet50_linear_head,d32_down,545,545,6,0.9459429979324341,6,2,False
resnet50,resnet50_linear_head,d32_down,562,562,0,0.9804689288139343,0,0,True
resnet50,resnet50_linear_head,d32_down,568,568,5,0.9564824104309082,5,5,True
resnet50,resnet50_linear_head,d32_down,603,603,9,0.9317819476127625,9,9,True
resnet50,resnet50_linear_head,d32_down,632,632,3,0.9479583501815796,3,3,True
resnet50,resnet50_linear_head,d32_down,645,645,5,0.9506011009216309,5,5,True
resnet50,resnet50_linear_head,d32_down,667,667,8,0.9691537618637085,8,8,True
resnet50,resnet50_linear_head,d32_down,672,672,3,0.9606897830963135,3,3,True
resnet50,resnet50_linear_head,d32_down,677,677,3,0.8970109224319458,3,3,True
resnet50,resnet50_linear_head,d32_down,685,685,5,0.9524310827255249,5,5,True
resnet50,resnet50_linear_head,d32_down,691,691,4,0.9752019047737122,4,4,True
resnet50,resnet50_linear_head,d32_down,706,706,8,0.7928166389465332,8,8,True
resnet50,resnet50_linear_head,d32_down,714,714,2,0.9214549660682678,2,2,True
resnet50,resnet50_linear_head,d32_down,716,716,8,0.9492555260658264,8,8,True
resnet50,resnet50_linear_head,d32_down,738,738,3,0.893401026725769,3,3,True
resnet50,resnet50_linear_head,d32_down,739,739,8,0.8914936780929565,8,8,True
resnet50,resnet50_linear_head,d32_down,766,766,4,0.9163891673088074,6,6,True
resnet50,resnet50_linear_head,d32_down,791,791,3,0.8694156408309937,3,3,True
resnet50,resnet50_linear_head,d32_down,805,805,9,0.9065766334533691,9,9,True
resnet50,resnet50_linear_head,d32_down,825,825,1,0.9654427766799927,1,1,True
resnet50,resnet50_linear_head,d32_down,852,852,9,0.9589394330978394,9,9,True
resnet50,resnet50_linear_head,d32_down,855,855,4,0.873838484287262,4,4,True
resnet50,resnet50_linear_head,d32_down,873,873,6,0.9519609808921814,6,6,True
resnet50,resnet50_linear_head,d32_down,890,890,6,0.881020188331604,6,6,True
resnet50,resnet50_linear_head,d32_down,920,920,6,0.915421724319458,6,6,True
resnet50,resnet50_linear_head,d32_down,929,929,6,0.951784610748291,6,6,True
resnet50,resnet50_linear_head,d32_down,962,962,8,0.961898922920227,8,8,True
resnet50,resnet50_linear_head,d32_down,964,964,6,0.925858736038208,6,6,True
resnet50,resnet50_linear_head,d32_down,977,977,6,0.8876380324363708,6,6,True
resnet50,resnet50_linear_head,d32_down,979,979,3,0.9663602113723755,3,3,True
resnet50,resnet50_linear_head,d32_down,981,981,2,0.9582403898239136,2,2,True
resnet50,resnet50_linear_head,d32_down,1022,1022,9,0.965910792350769,9,9,True
resnet50,resnet50_linear_head,d32_down,1032,1032,7,0.9786455035209656,7,7,True
resnet50,resnet50_linear_head,d32_down,1048,1048,7,0.9379836916923523,7,7,True
resnet50,resnet50_linear_head,d32_down,1090,1090,1,0.9461418390274048,1,1,True
resnet50,resnet50_linear_head,d32_down,1095,1095,5,0.8817723989486694,5,5,True
resnet50,resnet50_linear_head,d32_down,1109,1109,1,0.9783576726913452,1,1,True
resnet50,resnet50_linear_head,d32_down,1111,1111,4,0.9793107509613037,4,4,True
resnet50,resnet50_linear_head,d32_down,1115,1115,1,0.9026059508323669,1,1,True
resnet50,resnet50_linear_head,d32_down,1124,1124,4,0.9671103358268738,4,4,True
resnet50,resnet50_linear_head,d32_down,1129,1129,8,0.9394174218177795,8,8,True
resnet50,resnet50_linear_head,d32_down,1175,1175,0,0.9873656034469604,0,0,True
resnet50,resnet50_linear_head,d32_down,1202,1202,2,0.9309108853340149,2,2,True
resnet50,resnet50_linear_head,d32_down,1204,1204,3,0.862311840057373,3,3,True
resnet50,resnet50_linear_head,d32_down,1211,1211,4,0.9340234994888306,4,4,True
resnet50,resnet50_linear_head,d32_down,1220,1220,7,0.9842607378959656,7,7,True
resnet50,resnet50_linear_head,d32_down,1230,1230,1,0.8891656994819641,1,1,True
resnet50,resnet50_linear_head,d32_down,1247,1247,8,0.8674924373626709,8,8,True
resnet50,resnet50_linear_head,d32_down,1263,1263,3,0.9725092053413391,3,3,True
resnet50,resnet50_linear_head,d32_down,1266,1266,4,0.9587423205375671,4,4,True
resnet50,resnet50_linear_head,d32_down,1287,1287,7,0.9713596105575562,7,7,True
resnet50,resnet50_linear_head,d32_down,1296,1296,7,0.8803074955940247,7,7,True
resnet50,resnet50_linear_head,d32_down,1370,1370,3,0.9507282972335815,3,3,True
resnet50,resnet50_linear_head,d32_down,1389,1389,0,0.8937183618545532,0,0,True
resnet50,resnet50_linear_head,d32_down,1401,1401,3,0.9376295804977417,3,3,True
resnet50,resnet50_linear_head,d32_down,1403,1403,2,0.9242416620254517,2,2,True
resnet50,resnet50_linear_head,d32_down,1411,1411,9,0.9474591016769409,9,9,True
resnet50,resnet50_linear_head,d32_down,1429,1429,4,0.9474966526031494,4,4,True
resnet50,resnet50_linear_head,d32_down,1430,1430,9,0.9450511932373047,9,9,True
resnet50,resnet50_linear_head,d32_down,1431,1431,3,0.9087920188903809,3,3,True
resnet50,resnet50_linear_head,d32_down,1436,1436,1,0.8768107295036316,1,1,True
resnet50,resnet50_linear_head,d32_down,1440,1440,7,0.9787994623184204,7,7,True
resnet50,resnet50_linear_head,d32_down,1468,1468,9,0.9755324721336365,9,9,True
resnet50,resnet50_linear_head,d32_down,1473,1473,7,0.9580086469650269,7,7,True
resnet50,resnet50_linear_head,d32_down,1515,1515,9,0.9217661619186401,9,9,True
resnet50,resnet50_linear_head,d32_down,1520,1520,2,0.941917359828949,2,2,True
resnet50,resnet50_linear_head,d32_down,1531,1531,3,0.9843554496765137,3,3,True
resnet50,resnet50_linear_head,d32_down,1534,1534,6,0.9024031758308411,6,6,True
resnet50,resnet50_linear_head,d32_down,1552,1552,5,0.9687685370445251,5,5,True
resnet50,resnet50_linear_head,d32_down,1553,1553,0,0.7764812707901001,0,0,True
resnet50,resnet50_linear_head,d32_down,1563,1563,3,0.9228372573852539,3,3,True
resnet50,resnet50_linear_head,d32_down,1568,1568,1,0.9109477996826172,1,1,True
resnet50,resnet50_linear_head,d32_down,1579,1579,7,0.9132988452911377,7,7,True
resnet50,resnet50_linear_head,d32_down,1586,1586,2,0.9424267411231995,2,2,True
resnet50,resnet50_linear_head,d32_down,1596,1596,0,0.9823414087295532,0,0,True
resnet50,resnet50_linear_head,d32_down,1626,1626,5,0.9273536205291748,5,5,True
resnet50,resnet50_linear_head,d32_down,1640,1640,8,0.8612231016159058,8,8,True
resnet50,resnet50_linear_head,d32_down,1644,1644,5,0.9509105682373047,5,5,True
resnet50,resnet50_linear_head,d32_down,1648,1648,0,0.9400336742401123,0,0,True
resnet50,resnet50_linear_head,d32_down,1654,1654,9,0.9485851526260376,9,9,True
resnet50,resnet50_linear_head,d32_down,1667,1667,6,0.9412749409675598,6,6,True
resnet50,resnet50_linear_head,d32_down,1703,1703,7,0.8587729930877686,7,7,True
resnet50,resnet50_linear_head,d32_down,1711,1711,7,0.9214335680007935,7,7,True
resnet50,resnet50_linear_head,d32_down,1771,1771,7,0.9128344655036926,7,4,False
resnet50,resnet50_linear_head,d32_down,1783,1783,8,0.9368743896484375,8,8,True
resnet50,resnet50_linear_head,d32_down,1814,1814,2,0.8174671530723572,2,2,True
resnet50,resnet50_linear_head,d32_down,1833,1833,8,0.6762245893478394,8,8,True
resnet50,resnet50_linear_head,d32_down,1836,1836,9,0.9694680571556091,9,9,True
resnet50,resnet50_linear_head,d32_down,1839,1839,2,0.968421995639801,2,2,True
resnet50,resnet50_linear_head,d32_down,1852,1852,1,0.9486601948738098,1,1,True
resnet50,resnet50_linear_head,d32_down,1871,1871,1,0.9124414920806885,1,3,False
resnet50,resnet50_linear_head,d32_down,1877,1877,5,0.9821736812591553,5,5,True
resnet50,resnet50_linear_head,d32_down,1884,1884,7,0.691308319568634,7,7,True
resnet50,resnet50_linear_head,d32_down,1927,1927,7,0.9583478569984436,7,7,True
resnet50,resnet50_linear_head,d32_down,1954,1954,8,0.9396088719367981,8,8,True
resnet50,resnet50_linear_head,d32_down,1956,1956,7,0.9553114771842957,3,3,True
resnet50,resnet50_linear_head,d32_down,1960,1960,4,0.9825534224510193,4,4,True
resnet50,resnet50_linear_head,d32_down,1977,1977,0,0.9699316024780273,0,0,True
resnet50,resnet50_linear_head,d32_down,1986,1986,1,0.9818074107170105,1,1,True
resnet50,resnet50_linear_head,d32_down,1993,1993,1,0.9704877138137817,1,1,True
resnet50,resnet50_linear_head,d32_down,2003,2003,6,0.9063959717750549,6,6,True
resnet50,resnet50_linear_head,d32_down,2011,2011,9,0.8450399041175842,9,9,True
resnet50,resnet50_linear_head,d32_down,2024,2024,0,0.9481192231178284,0,0,True
resnet50,resnet50_linear_head,d32_down,2028,2028,3,0.9548402428627014,3,3,True
resnet50,resnet50_linear_head,d32_down,2062,2062,9,0.7949280738830566,9,9,True
resnet50,resnet50_linear_head,d32_down,2070,2070,1,0.9475315809249878,1,1,True
resnet50,resnet50_linear_head,d32_down,2082,2082,2,0.9274932146072388,2,2,True
resnet50,resnet50_linear_head,d32_down,2095,2095,1,0.9066663384437561,1,1,True
resnet50,resnet50_linear_head,d32_down,2109,2109,8,0.912216305732727,8,8,True
resnet50,resnet50_linear_head,d32_down,2114,2114,9,0.975486159324646,9,9,True
resnet50,resnet50_linear_head,d32_down,2116,2116,1,0.9666693806648254,3,3,True
resnet50,resnet50_linear_head,d32_down,2157,2157,1,0.9106345772743225,1,1,True
resnet50,resnet50_linear_head,d32_down,2167,2167,9,0.9078220129013062,9,9,True
resnet50,resnet50_linear_head,d32_down,2178,2178,1,0.9620198011398315,1,1,True
resnet50,resnet50_linear_head,d32_down,2191,2191,8,0.9615328311920166,8,8,True
resnet50,resnet50_linear_head,d32_down,2230,2230,8,0.8866351842880249,8,8,True
resnet50,resnet50_linear_head,d32_down,2242,2242,0,0.9789569973945618,0,0,True
resnet50,resnet50_linear_head,d32_down,2265,2265,5,0.950682520866394,5,5,True
resnet50,resnet50_linear_head,d32_down,2268,2268,5,0.9418112635612488,5,5,True
resnet50,resnet50_linear_head,d32_down,2291,2291,3,0.9450352191925049,3,3,True
resnet50,resnet50_linear_head,d32_down,2334,2334,5,0.9635564684867859,5,5,True
resnet50,resnet50_linear_head,d32_down,2340,2340,8,0.8349404335021973,8,8,True
resnet50,resnet50_linear_head,d32_down,2342,2342,8,0.9707368612289429,8,8,True
resnet50,resnet50_linear_head,d32_down,2351,2351,9,0.9505422711372375,9,9,True
resnet50,resnet50_linear_head,d32_down,2391,2391,5,0.9676728844642639,5,5,True
resnet50,resnet50_linear_head,d32_down,2392,2392,2,0.8683737516403198,2,2,True
resnet50,resnet50_linear_head,d32_down,2399,2399,4,0.9743344783782959,4,4,True
resnet50,resnet50_linear_head,d32_down,2414,2414,9,0.8373841047286987,9,9,True
resnet50,resnet50_linear_head,d32_down,2427,2427,5,0.94638991355896,5,5,True
resnet50,resnet50_linear_head,d32_down,2458,2458,5,0.939853847026825,5,5,True
resnet50,resnet50_linear_head,d32_down,2501,2501,7,0.961300253868103,7,7,True
resnet50,resnet50_linear_head,d32_down,2502,2502,2,0.9473425149917603,2,2,True
resnet50,resnet50_linear_head,d32_down,2536,2536,3,0.9624926447868347,3,3,True
resnet50,resnet50_linear_head,d32_down,2539,2539,3,0.9668821096420288,3,3,True
resnet50,resnet50_linear_head,d32_down,2610,2610,6,0.9212912321090698,6,1,False
resnet50,resnet50_linear_head,d32_down,2623,2623,5,0.8867600560188293,5,5,True
resnet50,resnet50_linear_head,d32_down,2655,2655,9,0.9301215410232544,9,9,True
resnet50,resnet50_linear_head,d32_down,2668,2668,7,0.8888970613479614,7,7,True
resnet50,resnet50_linear_head,d32_down,2676,2676,6,0.8924826383590698,6,6,True
resnet50,resnet50_linear_head,d32_down,2687,2687,1,0.9300974607467651,1,1,True
resnet50,resnet50_linear_head,d32_down,2690,2690,1,0.9040579795837402,1,1,True
resnet50,resnet50_linear_head,d32_down,2704,2704,4,0.9098203182220459,4,4,True
resnet50,resnet50_linear_head,d32_down,2745,2745,8,0.9379927515983582,8,8,True
resnet50,resnet50_linear_head,d32_down,2746,2746,7,0.927020251750946,7,7,True
resnet50,resnet50_linear_head,d32_down,2750,2750,0,0.9509408473968506,0,0,True
resnet50,resnet50_linear_head,d32_down,2754,2754,3,0.9453262686729431,3,3,True
resnet50,resnet50_linear_head,d32_down,2757,2757,4,0.8767623901367188,4,4,True
resnet50,resnet50_linear_head,d32_down,2766,2766,5,0.9330039024353027,5,5,True
resnet50,resnet50_linear_head,d32_down,2807,2807,5,0.9113035202026367,4,3,False
resnet50,resnet50_linear_head,d32_down,2844,2844,8,0.9598480463027954,8,8,True
resnet50,resnet50_linear_head,d32_down,2854,2854,7,0.9208914637565613,7,7,True
resnet50,resnet50_linear_head,d32_down,2861,2861,3,0.8828014731407166,3,3,True
resnet50,resnet50_linear_head,d32_down,2888,2888,0,0.7592520117759705,0,0,True
resnet50,resnet50_linear_head,d32_down,2898,2898,4,0.9390227198600769,4,4,True
resnet50,resnet50_linear_head,d32_down,2950,2950,5,0.947624683380127,5,5,True
resnet50,resnet50_linear_head,d32_down,2958,2958,6,0.9538517594337463,6,6,True
resnet50,resnet50_linear_head,d32_down,3015,3015,8,0.8650095462799072,8,8,True
resnet50,resnet50_linear_head,d32_down,3024,3024,2,0.8987144231796265,2,2,True
resnet50,resnet50_linear_head,d32_down,3025,3025,0,0.9811517000198364,0,0,True
resnet50,resnet50_linear_head,d32_down,3034,3034,4,0.9674147367477417,4,4,True
resnet50,resnet50_linear_head,d32_down,3067,3067,2,0.9747568964958191,2,2,True
resnet50,resnet50_linear_head,d32_down,3078,3078,4,0.9536915421485901,4,4,True
resnet50,resnet50_linear_head,d32_down,3079,3079,1,0.9617992639541626,1,1,True
resnet50,resnet50_linear_head,d32_down,3083,3083,0,0.9766589999198914,0,0,True
resnet50,resnet50_linear_head,d32_down,3122,3122,4,0.9554879069328308,4,4,True
resnet50,resnet50_linear_head,d32_down,3153,3153,7,0.9057865738868713,7,7,True
resnet50,resnet50_linear_head,d32_down,3157,3157,8,0.9632501602172852,8,8,True
resnet50,resnet50_linear_head,d32_down,3163,3163,2,0.9466654062271118,2,2,True
resnet50,resnet50_linear_head,d32_down,3179,3179,4,0.9314679503440857,4,4,True
resnet50,resnet50_linear_head,d32_down,3191,3191,6,0.9087980389595032,6,6,True
resnet50,resnet50_linear_head,d32_down,3276,3276,3,0.9526132941246033,3,3,True
resnet50,resnet50_linear_head,d32_down,3287,3287,4,0.9621552228927612,4,4,True
resnet50,resnet50_linear_head,d32_down,3288,3288,7,0.9677003026008606,7,7,True
resnet50,resnet50_linear_head,d32_down,3292,3292,6,0.851067841053009,6,6,True
resnet50,resnet50_linear_head,d32_down,3318,3318,9,0.8869499564170837,9,9,True
resnet50,resnet50_linear_head,d32_down,3347,3347,0,0.9764428734779358,0,0,True
resnet50,resnet50_linear_head,d32_down,3353,3353,5,0.9693395495414734,3,3,True
resnet50,resnet50_linear_head,d32_down,3362,3362,2,0.9515125155448914,2,2,True
resnet50,resnet50_linear_head,d32_down,3365,3365,4,0.9733919501304626,4,4,True
resnet50,resnet50_linear_head,d32_down,3375,3375,3,0.9389064908027649,3,3,True
resnet50,resnet50_linear_head,d32_down,3383,3383,3,0.9103435277938843,3,3,True
resnet50,resnet50_linear_head,d32_down,3404,3404,7,0.9548962712287903,7,7,True
resnet50,resnet50_linear_head,d32_down,3412,3412,8,0.8819848299026489,8,8,True
resnet50,resnet50_linear_head,d32_down,3413,3413,1,0.9260292053222656,1,1,True
resnet50,resnet50_linear_head,d32_down,3418,3418,6,0.9602276682853699,6,6,True
resnet50,resnet50_linear_head,d32_down,3437,3437,0,0.9662480354309082,0,0,True
resnet50,resnet50_linear_head,d32_down,3446,3446,7,0.9261060357093811,7,7,True
resnet50,resnet50_linear_head,d32_down,3454,3454,2,0.9700783491134644,2,2,True
resnet50,resnet50_linear_head,d32_down,3455,3455,0,0.9315390586853027,0,0,True
resnet50,resnet50_linear_head,d32_down,3458,3458,4,0.8516404628753662,4,4,True
resnet50,resnet50_linear_head,d32_down,3467,3467,7,0.8873903751373291,7,7,True
resnet50,resnet50_linear_head,d32_down,3491,3491,1,0.9482463598251343,1,1,True
resnet50,resnet50_linear_head,d32_down,3494,3494,6,0.9659748673439026,6,6,True
resnet50,resnet50_linear_head,d32_down,3512,3512,4,0.9878473281860352,4,4,True
resnet50,resnet50_linear_head,d32_down,3515,3515,6,0.9632155895233154,6,6,True
resnet50,resnet50_linear_head,d32_down,3542,3542,7,0.9823808670043945,7,7,True
resnet50,resnet50_linear_head,d32_down,3550,3550,1,0.8781695365905762,1,1,True
resnet50,resnet50_linear_head,d32_down,3562,3562,3,0.9349154829978943,3,3,True
resnet50,resnet50_linear_head,d32_down,3755,3755,2,0.9590283036231995,2,2,True
resnet50,resnet50_linear_head,d32_down,3763,3763,4,0.9568822979927063,4,4,True
resnet50,resnet50_linear_head,d32_down,3777,3777,6,0.9366231560707092,6,6,True
resnet50,resnet50_linear_head,d32_down,3778,3778,3,0.8438491225242615,3,3,True
resnet50,resnet50_linear_head,d32_down,3779,3779,6,0.9250964522361755,6,6,True
resnet50,resnet50_linear_head,d32_down,3844,3844,6,0.9680251479148865,6,6,True
resnet50,resnet50_linear_head,d32_down,3851,3851,3,0.9581157565116882,3,3,True
resnet50,resnet50_linear_head,d32_down,3852,3852,5,0.9077429175376892,5,5,True
resnet50,resnet50_linear_head,d32_down,3863,3863,5,0.9308956265449524,5,5,True
resnet50,resnet50_linear_head,d32_down,3867,3867,7,0.8393620848655701,7,7,True
resnet50,resnet50_linear_head,d32_down,3876,3876,0,0.9354326128959656,0,0,True
resnet50,resnet50_linear_head,d32_down,3889,3889,5,0.935771644115448,5,5,True
resnet50,resnet50_linear_head,d32_down,3891,3891,4,0.9635775089263916,4,4,True
resnet50,resnet50_linear_head,d32_down,3893,3893,9,0.9398037791252136,9,9,True
resnet50,resnet50_linear_head,d32_down,3905,3905,8,0.9586332440376282,8,8,True
resnet50,resnet50_linear_head,d32_down,3914,3914,3,0.9744454622268677,3,3,True
resnet50,resnet50_linear_head,d32_down,3937,3937,1,0.948197603225708,1,1,True
resnet50,resnet50_linear_head,d32_down,3942,3942,9,0.9460785388946533,9,9,True
resnet50,resnet50_linear_head,d32_down,3948,3948,8,0.9476113319396973,8,8,True
resnet50,resnet50_linear_head,d32_down,3962,3962,6,0.8469828367233276,6,6,True
resnet50,resnet50_linear_head,d32_down,3965,3965,0,0.9879174828529358,0,0,True
resnet50,resnet50_linear_head,d32_down,3994,3994,4,0.9491855502128601,4,4,True
resnet50,resnet50_linear_head,d32_down,3996,3996,9,0.977846086025238,9,9,True
resnet50,resnet50_linear_head,d32_down,4011,4011,6,0.9714547991752625,6,6,True
resnet50,resnet50_linear_head,d32_down,4023,4023,3,0.9540709257125854,3,3,True
resnet50,resnet50_linear_head,d32_down,4054,4054,4,0.9638738632202148,4,4,True
resnet50,resnet50_linear_head,d32_down,4065,4065,2,0.8963223099708557,2,2,True
resnet50,resnet50_linear_head,d32_down,4069,4069,8,0.9695180058479309,8,8,True
resnet50,resnet50_linear_head,d32_down,4093,4093,6,0.9151725172996521,6,6,True
resnet50,resnet50_linear_head,d32_down,4094,4094,9,0.9597140550613403,9,9,True
resnet50,resnet50_linear_head,d32_down,4106,4106,5,0.9598249197006226,5,5,True
resnet50,resnet50_linear_head,d32_down,4130,4130,0,0.9428982734680176,0,0,True
resnet50,resnet50_linear_head,d32_down,4168,4168,3,0.9543059468269348,3,3,True
resnet50,resnet50_linear_head,d32_down,4170,4170,8,0.8621734380722046,8,8,True
resnet50,resnet50_linear_head,d32_down,4172,4172,7,0.9521066546440125,7,7,True
resnet50,resnet50_linear_head,d32_down,4177,4177,8,0.848477840423584,8,8,True
resnet50,resnet50_linear_head,d32_down,4215,4215,3,0.9524697065353394,3,3,True
resnet50,resnet50_linear_head,d32_down,4229,4229,3,0.9610934257507324,3,3,True
resnet50,resnet50_linear_head,d32_down,4236,4236,7,0.9810504913330078,7,7,True
resnet50,resnet50_linear_head,d32_down,4242,4242,8,0.9505974054336548,8,8,True
resnet50,resnet50_linear_head,d32_down,4254,4254,6,0.9888392090797424,6,6,True
resnet50,resnet50_linear_head,d32_down,4290,4290,5,0.9367437362670898,5,5,True
resnet50,resnet50_linear_head,d32_down,4298,4298,1,0.961504340171814,1,1,True
resnet50,resnet50_linear_head,d32_down,4308,4308,7,0.8518165946006775,7,7,True
resnet50,resnet50_linear_head,d32_down,4311,4311,8,0.9598555564880371,8,8,True
resnet50,resnet50_linear_head,d32_down,4323,4323,3,0.9154364466667175,3,3,True
resnet50,resnet50_linear_head,d32_down,4330,4330,3,0.9622805118560791,3,3,True
resnet50,resnet50_linear_head,d32_down,4341,4341,6,0.9205520153045654,6,6,True
resnet50,resnet50_linear_head,d32_down,4355,4355,8,0.9432181119918823,8,8,True
resnet50,resnet50_linear_head,d32_down,4399,4399,0,0.9280677437782288,0,0,True
resnet50,resnet50_linear_head,d32_down,4403,4403,7,0.9640024304389954,7,7,True
resnet50,resnet50_linear_head,d32_down,4411,4411,6,0.8983162045478821,6,6,True
resnet50,resnet50_linear_head,d32_down,4449,4449,9,0.9664521217346191,9,9,True
resnet50,resnet50_linear_head,d32_down,4463,4463,3,0.8067812919616699,3,3,True
resnet50,resnet50_linear_head,d32_down,4531,4531,3,0.9251975417137146,3,3,True
resnet50,resnet50_linear_head,d32_down,4539,4539,0,0.9822865724563599,0,0,True
resnet50,resnet50_linear_head,d32_down,4547,4547,5,0.9659343957901001,5,5,True
resnet50,resnet50_linear_head,d32_down,4552,4552,8,0.9578869342803955,8,8,True
resnet50,resnet50_linear_head,d32_down,4570,4570,5,0.9681382775306702,5,5,True
resnet50,resnet50_linear_head,d32_down,4590,4590,3,0.8961657285690308,3,3,True
resnet50,resnet50_linear_head,d32_down,4609,4609,3,0.9455497860908508,3,3,True
resnet50,resnet50_linear_head,d32_down,4615,4615,0,0.9812456965446472,0,0,True
resnet50,resnet50_linear_head,d32_down,4617,4617,0,0.9906099438667297,0,0,True
resnet50,resnet50_linear_head,d32_down,4620,4620,6,0.8993855118751526,6,6,True
resnet50,resnet50_linear_head,d32_down,4629,4629,4,0.9674843549728394,4,4,True
resnet50,resnet50_linear_head,d32_down,4640,4640,1,0.9535795450210571,1,1,True
resnet50,resnet50_linear_head,d32_down,4642,4642,4,0.9660773277282715,4,4,True
resnet50,resnet50_linear_head,d32_down,4661,4661,7,0.9472682476043701,7,7,True
resnet50,resnet50_linear_head,d32_down,4662,4662,8,0.9756760001182556,8,8,True
resnet50,resnet50_linear_head,d32_down,4675,4675,0,0.9208176732063293,0,0,True
resnet50,resnet50_linear_head,d32_down,4676,4676,8,0.9149435758590698,8,8,True
resnet50,resnet50_linear_head,d32_down,4704,4704,7,0.9293416738510132,7,7,True
resnet50,resnet50_linear_head,d32_down,4723,4723,9,0.9102360010147095,9,9,True
resnet50,resnet50_linear_head,d32_down,4731,4731,6,0.943911612033844,6,6,True
resnet50,resnet50_linear_head,d32_down,4735,4735,2,0.8438786864280701,2,2,True
resnet50,resnet50_linear_head,d32_down,4740,4740,4,0.9265810251235962,4,4,True
resnet50,resnet50_linear_head,d32_down,4746,4746,6,0.901744544506073,6,6,True
resnet50,resnet50_linear_head,d32_down,4748,4748,7,0.9700418710708618,7,7,True
resnet50,resnet50_linear_head,d32_down,4754,4754,6,0.9094346761703491,6,6,True
resnet50,resnet50_linear_head,d32_down,4785,4785,0,0.9531133770942688,0,0,True
resnet50,resnet50_linear_head,d32_down,4791,4791,7,0.9741833806037903,7,7,True
resnet50,resnet50_linear_head,d32_down,4819,4819,0,0.98732590675354,0,0,True
resnet50,resnet50_linear_head,d32_down,4821,4821,3,0.9695575833320618,3,3,True
resnet50,resnet50_linear_head,d32_down,4827,4827,6,0.939795732498169,6,6,True
resnet50,resnet50_linear_head,d32_down,4850,4850,5,0.9234458804130554,5,5,True
resnet50,resnet50_linear_head,d32_down,4881,4881,3,0.9487295150756836,3,3,True
resnet50,resnet50_linear_head,d32_down,4893,4893,0,0.9873459339141846,0,0,True
resnet50,resnet50_linear_head,d32_down,4908,4908,3,0.9807977676391602,3,3,True
resnet50,resnet50_linear_head,d32_down,4913,4913,2,0.9470587372779846,2,2,True
resnet50,resnet50_linear_head,d32_down,4921,4921,2,0.9722838997840881,2,2,True
resnet50,resnet50_linear_head,d32_down,4953,4953,5,0.9277557134628296,5,5,True
resnet50,resnet50_linear_head,d32_down,4966,4966,5,0.95871901512146,5,5,True
resnet50,resnet50_linear_head,d32_down,4990,4990,8,0.8799591064453125,8,8,True
resnet50,resnet50_linear_head,d32_down,5000,5000,8,0.9728217720985413,8,8,True
resnet50,resnet50_linear_head,d32_down,5030,5030,2,0.9626578092575073,2,2,True
resnet50,resnet50_linear_head,d32_down,5062,5062,4,0.9434942007064819,4,4,True
resnet50,resnet50_linear_head,d32_down,5077,5077,4,0.9896314144134521,4,4,True
resnet50,resnet50_linear_head,d32_down,5082,5082,6,0.9703516960144043,6,6,True
resnet50,resnet50_linear_head,d32_down,5092,5092,1,0.9716430902481079,1,1,True
resnet50,resnet50_linear_head,d32_down,5101,5101,5,0.9443842768669128,5,5,True
resnet50,resnet50_linear_head,d32_down,5117,5117,0,0.9778406023979187,0,0,True
resnet50,resnet50_linear_head,d32_down,5123,5123,1,0.9152742624282837,1,1,True
resnet50,resnet50_linear_head,d32_down,5135,5135,4,0.9294196963310242,4,4,True
resnet50,resnet50_linear_head,d32_down,5183,5183,2,0.9184989929199219,2,2,True
resnet50,resnet50_linear_head,d32_down,5213,5213,4,0.9797315001487732,4,4,True
resnet50,resnet50_linear_head,d32_down,5218,5218,2,0.9776989221572876,2,2,True
resnet50,resnet50_linear_head,d32_down,5220,5220,1,0.9312614798545837,3,3,True
resnet50,resnet50_linear_head,d32_down,5237,5237,2,0.9660208225250244,2,2,True
resnet50,resnet50_linear_head,d32_down,5256,5256,1,0.9486744403839111,1,1,True
resnet50,resnet50_linear_head,d32_down,5284,5284,9,0.8753779530525208,9,9,True
resnet50,resnet50_linear_head,d32_down,5301,5301,9,0.9428231716156006,9,9,True
resnet50,resnet50_linear_head,d32_down,5318,5318,2,0.945658266544342,2,2,True
resnet50,resnet50_linear_head,d32_down,5332,5332,5,0.9252600073814392,5,5,True
resnet50,resnet50_linear_head,d32_down,5333,5333,2,0.8929525017738342,2,2,True
resnet50,resnet50_linear_head,d32_down,5360,5360,9,0.9243284463882446,9,9,True
resnet50,resnet50_linear_head,d32_down,5381,5381,5,0.9365823268890381,5,5,True
resnet50,resnet50_linear_head,d32_down,5382,5382,6,0.9410189390182495,6,6,True
resnet50,resnet50_linear_head,d32_down,5395,5395,2,0.9320564866065979,2,2,True
resnet50,resnet50_linear_head,d32_down,5402,5402,4,0.9807282090187073,4,4,True
resnet50,resnet50_linear_head,d32_down,5408,5408,6,0.9735578298568726,6,6,True
resnet50,resnet50_linear_head,d32_down,5436,5436,7,0.9808233976364136,7,7,True
resnet50,resnet50_linear_head,d32_down,5447,5447,9,0.9568966031074524,9,9,True
resnet50,resnet50_linear_head,d32_down,5450,5450,7,0.9592953324317932,7,7,True
resnet50,resnet50_linear_head,d32_down,5451,5451,8,0.7525462508201599,8,8,True
resnet50,resnet50_linear_head,d32_down,5452,5452,9,0.9171314835548401,9,9,True
resnet50,resnet50_linear_head,d32_down,5467,5467,4,0.9571635723114014,4,4,True
resnet50,resnet50_linear_head,d32_down,5478,5478,0,0.978715717792511,0,0,True
resnet50,resnet50_linear_head,d32_down,5488,5488,1,0.9658583998680115,7,7,True
resnet50,resnet50_linear_head,d32_down,5496,5496,5,0.9301984906196594,5,5,True
resnet50,resnet50_linear_head,d32_down,5508,5508,9,0.929142951965332,9,9,True
resnet50,resnet50_linear_head,d32_down,5512,5512,2,0.9073492288589478,9,9,True
resnet50,resnet50_linear_head,d32_down,5525,5525,8,0.9468801617622375,8,8,True
resnet50,resnet50_linear_head,d32_down,5528,5528,3,0.9247704744338989,5,5,True
resnet50,resnet50_linear_head,d32_down,5556,5556,4,0.9481955766677856,4,4,True
resnet50,resnet50_linear_head,d32_down,5560,5560,1,0.966928243637085,1,1,True
resnet50,resnet50_linear_head,d32_down,5572,5572,9,0.9308564066886902,9,9,True
resnet50,resnet50_linear_head,d32_down,5580,5580,6,0.9462412595748901,6,6,True
resnet50,resnet50_linear_head,d32_down,5590,5590,9,0.9074302911758423,9,9,True
resnet50,resnet50_linear_head,d32_down,5623,5623,4,0.9501791596412659,4,4,True
resnet50,resnet50_linear_head,d32_down,5677,5677,2,0.8898471593856812,2,2,True
resnet50,resnet50_linear_head,d32_down,5694,5694,8,0.9070189595222473,8,8,True
resnet50,resnet50_linear_head,d32_down,5701,5701,5,0.9124229550361633,5,5,True
resnet50,resnet50_linear_head,d32_down,5705,5705,8,0.9231188297271729,8,8,True
resnet50,resnet50_linear_head,d32_down,5719,5719,7,0.9504739046096802,7,7,True
resnet50,resnet50_linear_head,d32_down,5729,5729,6,0.8980215191841125,6,6,True
resnet50,resnet50_linear_head,d32_down,5756,5756,2,0.9065907597541809,2,2,True
resnet50,resnet50_linear_head,d32_down,5788,5788,9,0.8929615020751953,9,9,True
resnet50,resnet50_linear_head,d32_down,5789,5789,4,0.9655698537826538,4,4,True
resnet50,resnet50_linear_head,d32_down,5824,5824,2,0.9186617732048035,2,2,True
resnet50,resnet50_linear_head,d32_down,5848,5848,7,0.9202344417572021,7,7,True
resnet50,resnet50_linear_head,d32_down,5851,5851,9,0.98593670129776,9,9,True
resnet50,resnet50_linear_head,d32_down,5857,5857,6,0.8877066373825073,4,4,True
resnet50,resnet50_linear_head,d32_down,5858,5858,6,0.9050571322441101,6,4,False
resnet50,resnet50_linear_head,d32_down,5912,5912,0,0.9633822441101074,0,0,True
resnet50,resnet50_linear_head,d32_down,5915,5915,9,0.8571026921272278,9,9,True
resnet50,resnet50_linear_head,d32_down,5918,5918,0,0.9553554654121399,0,0,True
resnet50,resnet50_linear_head,d32_down,5924,5924,5,0.9620310664176941,5,5,True
resnet50,resnet50_linear_head,d32_down,5977,5977,7,0.9639172554016113,7,7,True
resnet50,resnet50_linear_head,d32_down,5981,5981,9,0.9565672278404236,9,9,True
resnet50,resnet50_linear_head,d32_down,5999,5999,0,0.9434385299682617,0,0,True
resnet50,resnet50_linear_head,d32_down,6028,6028,2,0.9587748050689697,2,2,True
resnet50,resnet50_linear_head,d32_down,6033,6033,4,0.8504294753074646,4,4,True
resnet50,resnet50_linear_head,d32_down,6076,6076,1,0.943932294845581,1,1,True
resnet50,resnet50_linear_head,d32_down,6084,6084,7,0.9622999429702759,7,7,True
resnet50,resnet50_linear_head,d32_down,6097,6097,4,0.9765080213546753,4,4,True
resnet50,resnet50_linear_head,d32_down,6169,6169,1,0.8610971570014954,1,1,True
resnet50,resnet50_linear_head,d32_down,6190,6190,7,0.8943870067596436,7,7,True
resnet50,resnet50_linear_head,d32_down,6224,6224,5,0.9749646186828613,5,5,True
resnet50,resnet50_linear_head,d32_down,6244,6244,2,0.9353261590003967,2,2,True
resnet50,resnet50_linear_head,d32_down,6264,6264,2,0.9389579892158508,2,2,True
resnet50,resnet50_linear_head,d32_down,6271,6271,2,0.9693112373352051,2,2,True
resnet50,resnet50_linear_head,d32_down,6288,6288,4,0.9468695521354675,4,4,True
resnet50,resnet50_linear_head,d32_down,6332,6332,2,0.9187343716621399,2,2,True
resnet50,resnet50_linear_head,d32_down,6349,6349,1,0.9680140018463135,1,1,True
resnet50,resnet50_linear_head,d32_down,6354,6354,2,0.9347310662269592,2,2,True
resnet50,resnet50_linear_head,d32_down,6358,6358,5,0.9520768523216248,5,5,True
resnet50,resnet50_linear_head,d32_down,6381,6381,6,0.9528189301490784,6,6,True
resnet50,resnet50_linear_head,d32_down,6414,6414,5,0.8977959156036377,5,5,True
resnet50,resnet50_linear_head,d32_down,6426,6426,2,0.9613389372825623,2,2,True
resnet50,resnet50_linear_head,d32_down,6434,6434,8,0.9444810748100281,8,8,True
resnet50,resnet50_linear_head,d32_down,6437,6437,0,0.97119140625,0,0,True
resnet50,resnet50_linear_head,d32_down,6455,6455,0,0.9245964288711548,0,0,True
resnet50,resnet50_linear_head,d32_down,6490,6490,3,0.9357197284698486,3,3,True
resnet50,resnet50_linear_head,d32_down,6503,6503,2,0.8943659067153931,2,2,True
resnet50,resnet50_linear_head,d32_down,6508,6508,4,0.9786054491996765,4,4,True
resnet50,resnet50_linear_head,d32_down,6528,6528,4,0.9200223684310913,4,4,True
resnet50,resnet50_linear_head,d32_down,6594,6594,1,0.9050500392913818,1,1,True
resnet50,resnet50_linear_head,d32_down,6609,6609,0,0.9576846957206726,0,0,True
resnet50,resnet50_linear_head,d32_down,6616,6616,2,0.8635703921318054,2,2,True
resnet50,resnet50_linear_head,d32_down,6650,6650,7,0.9287790060043335,7,7,True
resnet50,resnet50_linear_head,d32_down,6689,6689,8,0.8066241145133972,8,8,True
resnet50,resnet50_linear_head,d32_down,6692,6692,2,0.971671462059021,2,2,True
resnet50,resnet50_linear_head,d32_down,6713,6713,6,0.9244690537452698,6,6,True
resnet50,resnet50_linear_head,d32_down,6716,6716,5,0.9250485897064209,5,5,True
resnet50,resnet50_linear_head,d32_down,6726,6726,7,0.9611937403678894,7,7,True
resnet50,resnet50_linear_head,d32_down,6733,6733,1,0.9768381118774414,1,1,True
resnet50,resnet50_linear_head,d32_down,6772,6772,7,0.887144923210144,7,3,False
resnet50,resnet50_linear_head,d32_down,6805,6805,1,0.9475975036621094,1,1,True
resnet50,resnet50_linear_head,d32_down,6836,6836,1,0.9574199318885803,1,1,True
resnet50,resnet50_linear_head,d32_down,6844,6844,0,0.9861750602722168,0,0,True
resnet50,resnet50_linear_head,d32_down,6922,6922,5,0.916485607624054,5,5,True
resnet50,resnet50_linear_head,d32_down,6931,6931,9,0.9513558745384216,9,9,True
resnet50,resnet50_linear_head,d32_down,6938,6938,1,0.9786641597747803,1,1,True
resnet50,resnet50_linear_head,d32_down,6952,6952,3,0.9701018929481506,3,3,True
resnet50,resnet50_linear_head,d32_down,6954,6954,1,0.8935903310775757,1,1,True
resnet50,resnet50_linear_head,d32_down,6986,6986,0,0.9518641233444214,0,0,True
resnet50,resnet50_linear_head,d32_down,6989,6989,5,0.978918194770813,5,5,True
resnet50,resnet50_linear_head,d32_down,7009,7009,0,0.8457684516906738,0,0,True
resnet50,resnet50_linear_head,d32_down,7029,7029,1,0.936565637588501,1,1,True
resnet50,resnet50_linear_head,d32_down,7033,7033,1,0.9555628299713135,1,1,True
resnet50,resnet50_linear_head,d32_down,7041,7041,5,0.9009910821914673,5,5,True
resnet50,resnet50_linear_head,d32_down,7047,7047,9,0.8560845851898193,9,9,True
resnet50,resnet50_linear_head,d32_down,7081,7081,7,0.9629252552986145,7,7,True
resnet50,resnet50_linear_head,d32_down,7084,7084,2,0.904258668422699,2,2,True
resnet50,resnet50_linear_head,d32_down,7108,7108,6,0.982109546661377,6,6,True
resnet50,resnet50_linear_head,d32_down,7130,7130,5,0.9721711874008179,5,5,True
resnet50,resnet50_linear_head,d32_down,7138,7138,8,0.8263956308364868,8,8,True
resnet50,resnet50_linear_head,d32_down,7150,7150,0,0.9913969039916992,0,0,True
resnet50,resnet50_linear_head,d32_down,7202,7202,1,0.9062044024467468,1,1,True
resnet50,resnet50_linear_head,d32_down,7262,7262,0,0.9693582653999329,0,0,True
resnet50,resnet50_linear_head,d32_down,7266,7266,9,0.9350394606590271,9,9,True
resnet50,resnet50_linear_head,d32_down,7270,7270,7,0.9333000183105469,7,7,True
resnet50,resnet50_linear_head,d32_down,7309,7309,0,0.8721426725387573,0,0,True
resnet50,resnet50_linear_head,d32_down,7320,7320,0,0.9061766862869263,0,0,True
resnet50,resnet50_linear_head,d32_down,7338,7338,6,0.8986119031906128,6,6,True
resnet50,resnet50_linear_head,d32_down,7372,7372,0,0.9833757877349854,0,0,True
resnet50,resnet50_linear_head,d32_down,7373,7373,0,0.9390019774436951,0,0,True
resnet50,resnet50_linear_head,d32_down,7380,7380,9,0.8823251724243164,9,9,True
resnet50,resnet50_linear_head,d32_down,7390,7390,1,0.9546881318092346,1,1,True
resnet50,resnet50_linear_head,d32_down,7413,7413,5,0.9771904945373535,5,3,False
resnet50,resnet50_linear_head,d32_down,7416,7416,3,0.9539922475814819,5,5,True
resnet50,resnet50_linear_head,d32_down,7425,7425,2,0.9053342938423157,2,2,True
resnet50,resnet50_linear_head,d32_down,7446,7446,8,0.9146593809127808,8,8,True
resnet50,resnet50_linear_head,d32_down,7460,7460,8,0.8554139733314514,8,8,True
resnet50,resnet50_linear_head,d32_down,7465,7465,0,0.8776134252548218,0,0,True
resnet50,resnet50_linear_head,d32_down,7474,7474,5,0.9527251124382019,5,5,True
resnet50,resnet50_linear_head,d32_down,7475,7475,4,0.9200470447540283,4,4,True
resnet50,resnet50_linear_head,d32_down,7476,7476,8,0.9228852987289429,8,8,True
resnet50,resnet50_linear_head,d32_down,7544,7544,9,0.8338280916213989,9,9,True
resnet50,resnet50_linear_head,d32_down,7555,7555,6,0.9622061848640442,6,6,True
resnet50,resnet50_linear_head,d32_down,7600,7600,6,0.9290100932121277,6,6,True
resnet50,resnet50_linear_head,d32_down,7610,7610,4,0.9566799998283386,4,4,True
resnet50,resnet50_linear_head,d32_down,7634,7634,0,0.978212833404541,0,0,True
resnet50,resnet50_linear_head,d32_down,7692,7692,4,0.9017197489738464,4,4,True
resnet50,resnet50_linear_head,d32_down,7706,7706,5,0.9657193422317505,5,5,True
resnet50,resnet50_linear_head,d32_down,7726,7726,6,0.9682560563087463,6,6,True
resnet50,resnet50_linear_head,d32_down,7744,7744,3,0.9085869193077087,3,3,True
resnet50,resnet50_linear_head,d32_down,7752,7752,9,0.9396741986274719,9,9,True
resnet50,resnet50_linear_head,d32_down,7776,7776,5,0.9484170079231262,5,5,True
resnet50,resnet50_linear_head,d32_down,7779,7779,6,0.9358336329460144,6,6,True
resnet50,resnet50_linear_head,d32_down,7781,7781,6,0.9725050926208496,6,6,True
resnet50,resnet50_linear_head,d32_down,7793,7793,3,0.9063025712966919,5,5,True
resnet50,resnet50_linear_head,d32_down,7797,7797,3,0.9329312443733215,3,3,True
resnet50,resnet50_linear_head,d32_down,7810,7810,8,0.9710090160369873,8,8,True
resnet50,resnet50_linear_head,d32_down,7818,7818,8,0.8223041296005249,8,8,True
resnet50,resnet50_linear_head,d32_down,7835,7835,7,0.9350159168243408,7,7,True
resnet50,resnet50_linear_head,d32_down,7864,7864,4,0.967254102230072,4,4,True
resnet50,resnet50_linear_head,d32_down,7875,7875,8,0.9471951127052307,8,8,True
resnet50,resnet50_linear_head,d32_down,7938,7938,9,0.9259606003761292,9,9,True
resnet50,resnet50_linear_head,d32_down,7940,7940,4,0.9685037136077881,4,4,True
resnet50,resnet50_linear_head,d32_down,7944,7944,4,0.9870558381080627,4,4,True
resnet50,resnet50_linear_head,d32_down,7955,7955,1,0.9467670321464539,1,1,True
resnet50,resnet50_linear_head,d32_down,7995,7995,9,0.8288962841033936,9,9,True
resnet50,resnet50_linear_head,d32_down,7996,7996,6,0.9324495792388916,6,6,True
resnet50,resnet50_linear_head,d32_down,7999,7999,8,0.7094225287437439,8,8,True
resnet50,resnet50_linear_head,d32_left,3,3,0,0.9357558488845825,0,0,True
resnet50,resnet50_linear_head,d32_left,29,29,7,0.9095537066459656,7,7,True
resnet50,resnet50_linear_head,d32_left,35,35,2,0.9676291942596436,2,2,True
resnet50,resnet50_linear_head,d32_left,42,42,0,0.9245158433914185,0,1,False
resnet50,resnet50_linear_head,d32_left,49,49,2,0.9617002606391907,2,2,True
resnet50,resnet50_linear_head,d32_left,81,81,0,0.9091814756393433,0,0,True
resnet50,resnet50_linear_head,d32_left,95,95,1,0.967544436454773,1,1,True
resnet50,resnet50_linear_head,d32_left,97,97,5,0.9505267143249512,5,5,True
resnet50,resnet50_linear_head,d32_left,116,116,1,0.8670231103897095,1,1,True
resnet50,resnet50_linear_head,d32_left,131,131,9,0.8965322971343994,9,9,True
resnet50,resnet50_linear_head,d32_left,151,151,8,0.9599018692970276,8,8,True
resnet50,resnet50_linear_head,d32_left,171,171,4,0.910560131072998,4,4,True
resnet50,resnet50_linear_head,d32_left,176,176,3,0.9259378910064697,3,3,True
resnet50,resnet50_linear_head,d32_left,191,191,9,0.9258967041969299,9,9,True
resnet50,resnet50_linear_head,d32_left,194,194,8,0.9578760862350464,8,8,True
resnet50,resnet50_linear_head,d32_left,198,198,1,0.9538943767547607,1,1,True
resnet50,resnet50_linear_head,d32_left,239,239,9,0.950603723526001,9,9,True
resnet50,resnet50_linear_head,d32_left,261,261,1,0.9798925518989563,1,1,True
resnet50,resnet50_linear_head,d32_left,269,269,7,0.8811564445495605,7,7,True
resnet50,resnet50_linear_head,d32_left,276,276,9,0.9197837114334106,9,9,True
resnet50,resnet50_linear_head,d32_left,303,303,9,0.9461044073104858,9,9,True
resnet50,resnet50_linear_head,d32_left,304,304,1,0.8696448802947998,1,1,True
resnet50,resnet50_linear_head,d32_left,317,317,2,0.953467845916748,2,2,True
resnet50,resnet50_linear_head,d32_left,319,319,5,0.949897289276123,5,5,True
resnet50,resnet50_linear_head,d32_left,323,323,7,0.9418321251869202,7,7,True
resnet50,resnet50_linear_head,d32_left,365,365,3,0.8652881383895874,3,3,True
resnet50,resnet50_linear_head,d32_left,370,370,7,0.9591113924980164,7,7,True
resnet50,resnet50_linear_head,d32_left,372,372,3,0.8970859050750732,3,3,True
resnet50,resnet50_linear_head,d32_left,378,378,5,0.9664105176925659,5,5,True
resnet50,resnet50_linear_head,d32_left,391,391,3,0.9685570001602173,3,3,True
resnet50,resnet50_linear_head,d32_left,409,409,2,0.9541507959365845,2,2,True
resnet50,resnet50_linear_head,d32_left,419,419,9,0.9649587869644165,9,9,True
resnet50,resnet50_linear_head,d32_left,449,449,6,0.9373784065246582,6,6,True
resnet50,resnet50_linear_head,d32_left,470,470,2,0.9706348180770874,2,2,True
resnet50,resnet50_linear_head,d32_left,483,483,2,0.9435260891914368,2,2,True
resnet50,resnet50_linear_head,d32_left,484,484,0,0.9684011340141296,0,0,True
resnet50,resnet50_linear_head,d32_left,506,506,4,0.9807417392730713,4,4,True
resnet50,resnet50_linear_head,d32_left,545,545,6,0.9525113105773926,6,6,True
resnet50,resnet50_linear_head,d32_left,562,562,0,0.9152898788452148,0,0,True
resnet50,resnet50_linear_head,d32_left,568,568,5,0.9299421310424805,5,5,True
resnet50,resnet50_linear_head,d32_left,603,603,9,0.9208453893661499,9,9,True
resnet50,resnet50_linear_head,d32_left,632,632,3,0.90784752368927,3,3,True
resnet50,resnet50_linear_head,d32_left,645,645,5,0.940159797668457,5,5,True
resnet50,resnet50_linear_head,d32_left,667,667,8,0.9902195930480957,8,8,True
resnet50,resnet50_linear_head,d32_left,672,672,3,0.8949577212333679,3,3,True
resnet50,resnet50_linear_head,d32_left,677,677,3,0.9114941954612732,3,3,True
resnet50,resnet50_linear_head,d32_left,685,685,5,0.9741978049278259,5,5,True
resnet50,resnet50_linear_head,d32_left,691,691,4,0.946302592754364,4,4,True
resnet50,resnet50_linear_head,d32_left,706,706,8,0.918520450592041,8,8,True
resnet50,resnet50_linear_head,d32_left,714,714,2,0.937201201915741,2,2,True
resnet50,resnet50_linear_head,d32_left,716,716,8,0.9525736570358276,8,8,True
resnet50,resnet50_linear_head,d32_left,738,738,3,0.8883411884307861,3,3,True
resnet50,resnet50_linear_head,d32_left,739,739,8,0.9379716515541077,8,8,True
resnet50,resnet50_linear_head,d32_left,766,766,4,0.9444526433944702,6,6,True
resnet50,resnet50_linear_head,d32_left,791,791,3,0.9501972198486328,3,3,True
resnet50,resnet50_linear_head,d32_left,805,805,9,0.9429261684417725,9,9,True
resnet50,resnet50_linear_head,d32_left,825,825,1,0.9873576164245605,1,1,True
resnet50,resnet50_linear_head,d32_left,852,852,9,0.938433051109314,9,9,True
resnet50,resnet50_linear_head,d32_left,855,855,4,0.936442494392395,4,4,True
resnet50,resnet50_linear_head,d32_left,873,873,6,0.9439427852630615,6,6,True
resnet50,resnet50_linear_head,d32_left,890,890,6,0.9367458820343018,6,6,True
resnet50,resnet50_linear_head,d32_left,920,920,6,0.9059441089630127,6,6,True
resnet50,resnet50_linear_head,d32_left,929,929,6,0.9522299766540527,6,6,True
resnet50,resnet50_linear_head,d32_left,962,962,8,0.9777514934539795,8,8,True
resnet50,resnet50_linear_head,d32_left,964,964,6,0.9626362323760986,6,6,True
resnet50,resnet50_linear_head,d32_left,977,977,6,0.9304972290992737,6,6,True
resnet50,resnet50_linear_head,d32_left,979,979,3,0.9759764671325684,3,3,True
resnet50,resnet50_linear_head,d32_left,981,981,2,0.9703255891799927,2,2,True
resnet50,resnet50_linear_head,d32_left,1022,1022,9,0.955808162689209,9,9,True
resnet50,resnet50_linear_head,d32_left,1032,1032,7,0.8853041529655457,7,7,True
resnet50,resnet50_linear_head,d32_left,1048,1048,7,0.9668706655502319,7,7,True
resnet50,resnet50_linear_head,d32_left,1090,1090,1,0.9724115133285522,1,1,True
resnet50,resnet50_linear_head,d32_left,1095,1095,5,0.9463057518005371,5,5,True
resnet50,resnet50_linear_head,d32_left,1109,1109,1,0.9293271899223328,1,1,True
resnet50,resnet50_linear_head,d32_left,1111,1111,4,0.9703903198242188,4,4,True
resnet50,resnet50_linear_head,d32_left,1115,1115,1,0.9456562399864197,1,1,True
resnet50,resnet50_linear_head,d32_left,1124,1124,4,0.9177807569503784,4,4,True
resnet50,resnet50_linear_head,d32_left,1129,1129,8,0.9626426100730896,8,8,True
resnet50,resnet50_linear_head,d32_left,1175,1175,0,0.9146599769592285,0,0,True
resnet50,resnet50_linear_head,d32_left,1202,1202,2,0.9518107175827026,2,2,True
resnet50,resnet50_linear_head,d32_left,1204,1204,3,0.88982093334198,3,3,True
resnet50,resnet50_linear_head,d32_left,1211,1211,4,0.912688136100769,4,4,True
resnet50,resnet50_linear_head,d32_left,1220,1220,7,0.8899621963500977,7,7,True
resnet50,resnet50_linear_head,d32_left,1230,1230,1,0.931907057762146,1,1,True
resnet50,resnet50_linear_head,d32_left,1247,1247,8,0.9496314525604248,8,8,True
resnet50,resnet50_linear_head,d32_left,1263,1263,3,0.9838706254959106,3,3,True
resnet50,resnet50_linear_head,d32_left,1266,1266,4,0.914122462272644,4,4,True
resnet50,resnet50_linear_head,d32_left,1287,1287,7,0.8886104822158813,7,7,True
resnet50,resnet50_linear_head,d32_left,1296,1296,7,0.815524697303772,7,7,True
resnet50,resnet50_linear_head,d32_left,1370,1370,3,0.9337038397789001,3,3,True
resnet50,resnet50_linear_head,d32_left,1389,1389,0,0.9621641039848328,0,0,True
resnet50,resnet50_linear_head,d32_left,1401,1401,3,0.9568682312965393,3,3,True
resnet50,resnet50_linear_head,d32_left,1403,1403,2,0.9546552896499634,2,2,True
resnet50,resnet50_linear_head,d32_left,1411,1411,9,0.9823680520057678,9,9,True
resnet50,resnet50_linear_head,d32_left,1429,1429,4,0.9024387001991272,4,4,True
resnet50,resnet50_linear_head,d32_left,1430,1430,9,0.9603701233863831,9,9,True
resnet50,resnet50_linear_head,d32_left,1431,1431,3,0.929649293422699,3,3,True
resnet50,resnet50_linear_head,d32_left,1436,1436,1,0.9809343218803406,1,1,True
resnet50,resnet50_linear_head,d32_left,1440,1440,7,0.9458174705505371,7,7,True
resnet50,resnet50_linear_head,d32_left,1468,1468,9,0.9595538377761841,9,9,True
resnet50,resnet50_linear_head,d32_left,1473,1473,7,0.9691184163093567,7,7,True
resnet50,resnet50_linear_head,d32_left,1515,1515,9,0.9359573721885681,9,9,True
resnet50,resnet50_linear_head,d32_left,1520,1520,2,0.9406967759132385,2,2,True
resnet50,resnet50_linear_head,d32_left,1531,1531,3,0.9397335052490234,3,5,False
resnet50,resnet50_linear_head,d32_left,1534,1534,6,0.874734103679657,6,6,True
resnet50,resnet50_linear_head,d32_left,1552,1552,5,0.9503616094589233,5,5,True
resnet50,resnet50_linear_head,d32_left,1553,1553,0,0.9676889181137085,0,0,True
resnet50,resnet50_linear_head,d32_left,1563,1563,3,0.9638733863830566,3,3,True
resnet50,resnet50_linear_head,d32_left,1568,1568,1,0.9301038980484009,1,1,True
resnet50,resnet50_linear_head,d32_left,1579,1579,7,0.9270063638687134,7,7,True
resnet50,resnet50_linear_head,d32_left,1586,1586,2,0.9509202241897583,2,2,True
resnet50,resnet50_linear_head,d32_left,1596,1596,0,0.9678109884262085,0,0,True
resnet50,resnet50_linear_head,d32_left,1626,1626,5,0.9643079042434692,5,5,True
resnet50,resnet50_linear_head,d32_left,1640,1640,8,0.8882320523262024,8,8,True
resnet50,resnet50_linear_head,d32_left,1644,1644,5,0.9672762155532837,5,5,True
resnet50,resnet50_linear_head,d32_left,1648,1648,0,0.9164867401123047,0,0,True
resnet50,resnet50_linear_head,d32_left,1654,1654,9,0.9710479378700256,9,9,True
resnet50,resnet50_linear_head,d32_left,1667,1667,6,0.905526876449585,6,6,True
resnet50,resnet50_linear_head,d32_left,1703,1703,7,0.9212461113929749,7,7,True
resnet50,resnet50_linear_head,d32_left,1711,1711,7,0.9178028702735901,7,7,True
resnet50,resnet50_linear_head,d32_left,1771,1771,7,0.9297231435775757,7,4,False
resnet50,resnet50_linear_head,d32_left,1783,1783,8,0.9634264707565308,8,8,True
resnet50,resnet50_linear_head,d32_left,1814,1814,2,0.9786244034767151,2,2,True
resnet50,resnet50_linear_head,d32_left,1833,1833,8,0.9664078950881958,8,8,True
resnet50,resnet50_linear_head,d32_left,1836,1836,9,0.9613020420074463,9,9,True
resnet50,resnet50_linear_head,d32_left,1839,1839,2,0.9130982756614685,2,2,True
resnet50,resnet50_linear_head,d32_left,1852,1852,1,0.993708074092865,1,1,True
resnet50,resnet50_linear_head,d32_left,1871,1871,1,0.9467633962631226,1,3,False
resnet50,resnet50_linear_head,d32_left,1877,1877,5,0.9237487316131592,5,5,True
resnet50,resnet50_linear_head,d32_left,1884,1884,7,0.8684255480766296,7,7,True
resnet50,resnet50_linear_head,d32_left,1927,1927,7,0.9363250732421875,7,7,True
resnet50,resnet50_linear_head,d32_left,1954,1954,8,0.8659244775772095,8,8,True
resnet50,resnet50_linear_head,d32_left,1956,1956,7,0.8784166574478149,3,3,True
resnet50,resnet50_linear_head,d32_left,1960,1960,4,0.9555853009223938,4,4,True
resnet50,resnet50_linear_head,d32_left,1977,1977,0,0.8532652258872986,0,0,True
resnet50,resnet50_linear_head,d32_left,1986,1986,1,0.9804674386978149,1,1,True
resnet50,resnet50_linear_head,d32_left,1993,1993,1,0.9356085658073425,1,1,True
resnet50,resnet50_linear_head,d32_left,2003,2003,6,0.9537380933761597,6,6,True
resnet50,resnet50_linear_head,d32_left,2011,2011,9,0.9103298187255859,9,9,True
resnet50,resnet50_linear_head,d32_left,2024,2024,0,0.9475785493850708,0,0,True
resnet50,resnet50_linear_head,d32_left,2028,2028,3,0.8399685621261597,3,3,True
resnet50,resnet50_linear_head,d32_left,2062,2062,9,0.9694490432739258,9,9,True
resnet50,resnet50_linear_head,d32_left,2070,2070,1,0.7949254512786865,1,1,True
resnet50,resnet50_linear_head,d32_left,2082,2082,2,0.9647050499916077,2,2,True
resnet50,resnet50_linear_head,d32_left,2095,2095,1,0.9403578639030457,1,1,True
resnet50,resnet50_linear_head,d32_left,2109,2109,8,0.9508137702941895,8,8,True
resnet50,resnet50_linear_head,d32_left,2114,2114,9,0.9746924042701721,9,9,True
resnet50,resnet50_linear_head,d32_left,2116,2116,1,0.9419491291046143,3,3,True
resnet50,resnet50_linear_head,d32_left,2157,2157,1,0.9456985592842102,1,1,True
resnet50,resnet50_linear_head,d32_left,2167,2167,9,0.9191905856132507,9,9,True
resnet50,resnet50_linear_head,d32_left,2178,2178,1,0.9705220460891724,1,1,True
resnet50,resnet50_linear_head,d32_left,2191,2191,8,0.9345805644989014,8,8,True
resnet50,resnet50_linear_head,d32_left,2230,2230,8,0.9325565695762634,8,8,True
resnet50,resnet50_linear_head,d32_left,2242,2242,0,0.9695024490356445,0,0,True
resnet50,resnet50_linear_head,d32_left,2265,2265,5,0.9598121047019958,5,5,True
resnet50,resnet50_linear_head,d32_left,2268,2268,5,0.9550686478614807,5,5,True
resnet50,resnet50_linear_head,d32_left,2291,2291,3,0.9378140568733215,3,3,True
resnet50,resnet50_linear_head,d32_left,2334,2334,5,0.9880892634391785,5,5,True
resnet50,resnet50_linear_head,d32_left,2340,2340,8,0.9866718649864197,8,8,True
resnet50,resnet50_linear_head,d32_left,2342,2342,8,0.9616584777832031,8,8,True
resnet50,resnet50_linear_head,d32_left,2351,2351,9,0.9683007001876831,9,9,True
resnet50,resnet50_linear_head,d32_left,2391,2391,5,0.9210451245307922,5,5,True
resnet50,resnet50_linear_head,d32_left,2392,2392,2,0.9792416095733643,2,2,True
resnet50,resnet50_linear_head,d32_left,2399,2399,4,0.9087170362472534,4,4,True
resnet50,resnet50_linear_head,d32_left,2414,2414,9,0.9746655225753784,9,9,True
resnet50,resnet50_linear_head,d32_left,2427,2427,5,0.963119387626648,5,5,True
resnet50,resnet50_linear_head,d32_left,2458,2458,5,0.8945550322532654,5,5,True
resnet50,resnet50_linear_head,d32_left,2501,2501,7,0.9645333886146545,7,7,True
resnet50,resnet50_linear_head,d32_left,2502,2502,2,0.9792724847793579,2,2,True
resnet50,resnet50_linear_head,d32_left,2536,2536,3,0.9503814578056335,3,3,True
resnet50,resnet50_linear_head,d32_left,2539,2539,3,0.9476946592330933,3,3,True
resnet50,resnet50_linear_head,d32_left,2610,2610,6,0.907206654548645,6,6,True
resnet50,resnet50_linear_head,d32_left,2623,2623,5,0.8784657120704651,5,5,True
resnet50,resnet50_linear_head,d32_left,2655,2655,9,0.9577986598014832,9,9,True
resnet50,resnet50_linear_head,d32_left,2668,2668,7,0.9523571133613586,7,7,True
resnet50,resnet50_linear_head,d32_left,2676,2676,6,0.9114924669265747,6,6,True
resnet50,resnet50_linear_head,d32_left,2687,2687,1,0.8766241669654846,1,1,True
resnet50,resnet50_linear_head,d32_left,2690,2690,1,0.8226395845413208,1,1,True
resnet50,resnet50_linear_head,d32_left,2704,2704,4,0.9758110046386719,4,4,True
resnet50,resnet50_linear_head,d32_left,2745,2745,8,0.9274283647537231,8,8,True
resnet50,resnet50_linear_head,d32_left,2746,2746,7,0.9055516719818115,7,7,True
resnet50,resnet50_linear_head,d32_left,2750,2750,0,0.9616890549659729,0,0,True
resnet50,resnet50_linear_head,d32_left,2754,2754,3,0.9860436916351318,3,3,True
resnet50,resnet50_linear_head,d32_left,2757,2757,4,0.9440205693244934,4,4,True
resnet50,resnet50_linear_head,d32_left,2766,2766,5,0.9587200284004211,5,5,True
resnet50,resnet50_linear_head,d32_left,2807,2807,5,0.8721889853477478,4,4,True
resnet50,resnet50_linear_head,d32_left,2844,2844,8,0.9664568901062012,8,8,True
resnet50,resnet50_linear_head,d32_left,2854,2854,7,0.9695824384689331,7,7,True
resnet50,resnet50_linear_head,d32_left,2861,2861,3,0.9153266549110413,3,3,True
resnet50,resnet50_linear_head,d32_left,2888,2888,0,0.9433568120002747,0,0,True
resnet50,resnet50_linear_head,d32_left,2898,2898,4,0.9487605690956116,4,4,True
resnet50,resnet50_linear_head,d32_left,2950,2950,5,0.9601551294326782,5,5,True
resnet50,resnet50_linear_head,d32_left,2958,2958,6,0.9672112464904785,6,6,True
resnet50,resnet50_linear_head,d32_left,3015,3015,8,0.9782100319862366,8,8,True
resnet50,resnet50_linear_head,d32_left,3024,3024,2,0.901983380317688,2,2,True
resnet50,resnet50_linear_head,d32_left,3025,3025,0,0.9125611186027527,0,0,True
resnet50,resnet50_linear_head,d32_left,3034,3034,4,0.963911235332489,4,4,True
resnet50,resnet50_linear_head,d32_left,3067,3067,2,0.9800416827201843,2,2,True
resnet50,resnet50_linear_head,d32_left,3078,3078,4,0.9354003667831421,4,4,True
resnet50,resnet50_linear_head,d32_left,3079,3079,1,0.9385038614273071,1,1,True
resnet50,resnet50_linear_head,d32_left,3083,3083,0,0.9875253438949585,0,0,True
resnet50,resnet50_linear_head,d32_left,3122,3122,4,0.9403587579727173,4,4,True
resnet50,resnet50_linear_head,d32_left,3153,3153,7,0.9700372219085693,7,7,True
resnet50,resnet50_linear_head,d32_left,3157,3157,8,0.9804866909980774,8,8,True
resnet50,resnet50_linear_head,d32_left,3163,3163,2,0.9682687520980835,2,2,True
resnet50,resnet50_linear_head,d32_left,3179,3179,4,0.9487563967704773,4,4,True
resnet50,resnet50_linear_head,d32_left,3191,3191,6,0.9350199699401855,6,6,True
resnet50,resnet50_linear_head,d32_left,3276,3276,3,0.789940357208252,3,3,True
resnet50,resnet50_linear_head,d32_left,3287,3287,4,0.9743685126304626,4,4,True
resnet50,resnet50_linear_head,d32_left,3288,3288,7,0.9489611387252808,7,7,True
resnet50,resnet50_linear_head,d32_left,3292,3292,6,0.9620100855827332,6,6,True
resnet50,resnet50_linear_head,d32_left,3318,3318,9,0.8912057280540466,9,9,True
resnet50,resnet50_linear_head,d32_left,3347,3347,0,0.9292852282524109,0,0,True
resnet50,resnet50_linear_head,d32_left,3353,3353,5,0.9448768496513367,3,3,True
resnet50,resnet50_linear_head,d32_left,3362,3362,2,0.9854430556297302,2,2,True
resnet50,resnet50_linear_head,d32_left,3365,3365,4,0.9451130032539368,4,4,True
resnet50,resnet50_linear_head,d32_left,3375,3375,3,0.9750723242759705,3,3,True
resnet50,resnet50_linear_head,d32_left,3383,3383,3,0.9092452526092529,3,3,True
resnet50,resnet50_linear_head,d32_left,3404,3404,7,0.9113023281097412,7,7,True
resnet50,resnet50_linear_head,d32_left,3412,3412,8,0.9712307453155518,8,8,True
resnet50,resnet50_linear_head,d32_left,3413,3413,1,0.9822180271148682,1,1,True
resnet50,resnet50_linear_head,d32_left,3418,3418,6,0.9572365880012512,6,6,True
resnet50,resnet50_linear_head,d32_left,3437,3437,0,0.9146680235862732,0,0,True
resnet50,resnet50_linear_head,d32_left,3446,3446,7,0.9592738747596741,7,7,True
resnet50,resnet50_linear_head,d32_left,3454,3454,2,0.9567720890045166,2,2,True
resnet50,resnet50_linear_head,d32_left,3455,3455,0,0.9544218182563782,0,0,True
resnet50,resnet50_linear_head,d32_left,3458,3458,4,0.9545655846595764,4,4,True
resnet50,resnet50_linear_head,d32_left,3467,3467,7,0.9846116900444031,7,7,True
resnet50,resnet50_linear_head,d32_left,3491,3491,1,0.918502688407898,1,1,True
resnet50,resnet50_linear_head,d32_left,3494,3494,6,0.9885384440422058,6,6,True
resnet50,resnet50_linear_head,d32_left,3512,3512,4,0.9587224721908569,4,4,True
resnet50,resnet50_linear_head,d32_left,3515,3515,6,0.8939319252967834,6,6,True
resnet50,resnet50_linear_head,d32_left,3542,3542,7,0.9697134494781494,7,7,True
resnet50,resnet50_linear_head,d32_left,3550,3550,1,0.9552279710769653,1,1,True
resnet50,resnet50_linear_head,d32_left,3562,3562,3,0.9185931086540222,3,3,True
resnet50,resnet50_linear_head,d32_left,3755,3755,2,0.9584318995475769,2,2,True
resnet50,resnet50_linear_head,d32_left,3763,3763,4,0.9852513074874878,4,4,True
resnet50,resnet50_linear_head,d32_left,3777,3777,6,0.9466094374656677,6,6,True
resnet50,resnet50_linear_head,d32_left,3778,3778,3,0.9449144601821899,3,3,True
resnet50,resnet50_linear_head,d32_left,3779,3779,6,0.90886390209198,6,6,True
resnet50,resnet50_linear_head,d32_left,3844,3844,6,0.977641761302948,6,6,True
resnet50,resnet50_linear_head,d32_left,3851,3851,3,0.9810649752616882,3,3,True
resnet50,resnet50_linear_head,d32_left,3852,3852,5,0.8900458216667175,5,5,True
resnet50,resnet50_linear_head,d32_left,3863,3863,5,0.9750314354896545,5,5,True
resnet50,resnet50_linear_head,d32_left,3867,3867,7,0.9552263617515564,7,7,True
resnet50,resnet50_linear_head,d32_left,3876,3876,0,0.9352469444274902,0,0,True
resnet50,resnet50_linear_head,d32_left,3889,3889,5,0.9165456891059875,5,5,True
resnet50,resnet50_linear_head,d32_left,3891,3891,4,0.9664668440818787,4,4,True
resnet50,resnet50_linear_head,d32_left,3893,3893,9,0.9698731303215027,9,9,True
resnet50,resnet50_linear_head,d32_left,3905,3905,8,0.9136286377906799,8,8,True
resnet50,resnet50_linear_head,d32_left,3914,3914,3,0.9792119264602661,3,3,True
resnet50,resnet50_linear_head,d32_left,3937,3937,1,0.9075641632080078,1,1,True
resnet50,resnet50_linear_head,d32_left,3942,3942,9,0.9132070541381836,9,9,True
resnet50,resnet50_linear_head,d32_left,3948,3948,8,0.926968514919281,8,8,True
resnet50,resnet50_linear_head,d32_left,3962,3962,6,0.9611725807189941,6,6,True
resnet50,resnet50_linear_head,d32_left,3965,3965,0,0.9356855750083923,0,0,True
resnet50,resnet50_linear_head,d32_left,3994,3994,4,0.9412825107574463,4,4,True
resnet50,resnet50_linear_head,d32_left,3996,3996,9,0.9215548038482666,9,9,True
resnet50,resnet50_linear_head,d32_left,4011,4011,6,0.9667472839355469,6,6,True
resnet50,resnet50_linear_head,d32_left,4023,4023,3,0.9487157464027405,3,3,True
resnet50,resnet50_linear_head,d32_left,4054,4054,4,0.9534224271774292,4,4,True
resnet50,resnet50_linear_head,d32_left,4065,4065,2,0.9385541081428528,2,2,True
resnet50,resnet50_linear_head,d32_left,4069,4069,8,0.9663107395172119,8,8,True
resnet50,resnet50_linear_head,d32_left,4093,4093,6,0.9341615438461304,6,6,True
resnet50,resnet50_linear_head,d32_left,4094,4094,9,0.9538567662239075,9,9,True
resnet50,resnet50_linear_head,d32_left,4106,4106,5,0.9399726390838623,5,5,True
resnet50,resnet50_linear_head,d32_left,4130,4130,0,0.9549528360366821,0,0,True
resnet50,resnet50_linear_head,d32_left,4168,4168,3,0.9423291683197021,3,3,True
resnet50,resnet50_linear_head,d32_left,4170,4170,8,0.9586788415908813,8,8,True
resnet50,resnet50_linear_head,d32_left,4172,4172,7,0.9557149410247803,7,7,True
resnet50,resnet50_linear_head,d32_left,4177,4177,8,0.9134364128112793,8,8,True
resnet50,resnet50_linear_head,d32_left,4215,4215,3,0.8493591547012329,3,3,True
resnet50,resnet50_linear_head,d32_left,4229,4229,3,0.9571449160575867,3,3,True
resnet50,resnet50_linear_head,d32_left,4236,4236,7,0.9498230814933777,7,7,True
resnet50,resnet50_linear_head,d32_left,4242,4242,8,0.9901245832443237,8,8,True
resnet50,resnet50_linear_head,d32_left,4254,4254,6,0.9322003126144409,6,6,True
resnet50,resnet50_linear_head,d32_left,4290,4290,5,0.858349084854126,5,4,False
resnet50,resnet50_linear_head,d32_left,4298,4298,1,0.9534000158309937,1,1,True
resnet50,resnet50_linear_head,d32_left,4308,4308,7,0.876765251159668,7,7,True
resnet50,resnet50_linear_head,d32_left,4311,4311,8,0.943331778049469,8,8,True
resnet50,resnet50_linear_head,d32_left,4323,4323,3,0.8808761835098267,3,3,True
resnet50,resnet50_linear_head,d32_left,4330,4330,3,0.9286383986473083,3,3,True
resnet50,resnet50_linear_head,d32_left,4341,4341,6,0.9578582048416138,6,6,True
resnet50,resnet50_linear_head,d32_left,4355,4355,8,0.9650443196296692,8,8,True
resnet50,resnet50_linear_head,d32_left,4399,4399,0,0.8906291723251343,0,0,True
resnet50,resnet50_linear_head,d32_left,4403,4403,7,0.9654600024223328,7,7,True
resnet50,resnet50_linear_head,d32_left,4411,4411,6,0.9346240758895874,6,6,True
resnet50,resnet50_linear_head,d32_left,4449,4449,9,0.9555826187133789,9,9,True
resnet50,resnet50_linear_head,d32_left,4463,4463,3,0.7746662497520447,3,3,True
resnet50,resnet50_linear_head,d32_left,4531,4531,3,0.9415490627288818,3,3,True
resnet50,resnet50_linear_head,d32_left,4539,4539,0,0.9178519248962402,0,0,True
resnet50,resnet50_linear_head,d32_left,4547,4547,5,0.9426541328430176,5,5,True
resnet50,resnet50_linear_head,d32_left,4552,4552,8,0.9543367624282837,8,8,True
resnet50,resnet50_linear_head,d32_left,4570,4570,5,0.973803699016571,5,5,True
resnet50,resnet50_linear_head,d32_left,4590,4590,3,0.9476140141487122,3,3,True
resnet50,resnet50_linear_head,d32_left,4609,4609,3,0.9108178615570068,3,3,True
resnet50,resnet50_linear_head,d32_left,4615,4615,0,0.9634857773780823,0,0,True
resnet50,resnet50_linear_head,d32_left,4617,4617,0,0.9617897272109985,0,0,True
resnet50,resnet50_linear_head,d32_left,4620,4620,6,0.9645406007766724,6,6,True
resnet50,resnet50_linear_head,d32_left,4629,4629,4,0.9314397573471069,4,4,True
resnet50,resnet50_linear_head,d32_left,4640,4640,1,0.9310140609741211,1,1,True
resnet50,resnet50_linear_head,d32_left,4642,4642,4,0.9671242833137512,4,4,True
resnet50,resnet50_linear_head,d32_left,4661,4661,7,0.9139452576637268,7,7,True
resnet50,resnet50_linear_head,d32_left,4662,4662,8,0.9637867212295532,8,8,True
resnet50,resnet50_linear_head,d32_left,4675,4675,0,0.9339348077774048,0,0,True
resnet50,resnet50_linear_head,d32_left,4676,4676,8,0.9618630409240723,8,8,True
resnet50,resnet50_linear_head,d32_left,4704,4704,7,0.9287242293357849,7,7,True
resnet50,resnet50_linear_head,d32_left,4723,4723,9,0.9664299488067627,9,9,True
resnet50,resnet50_linear_head,d32_left,4731,4731,6,0.9400286674499512,6,6,True
resnet50,resnet50_linear_head,d32_left,4735,4735,2,0.9836141467094421,2,2,True
resnet50,resnet50_linear_head,d32_left,4740,4740,4,0.9627942442893982,4,4,True
resnet50,resnet50_linear_head,d32_left,4746,4746,6,0.9858846068382263,6,6,True
resnet50,resnet50_linear_head,d32_left,4748,4748,7,0.9136158227920532,7,7,True
resnet50,resnet50_linear_head,d32_left,4754,4754,6,0.9650552272796631,6,6,True
resnet50,resnet50_linear_head,d32_left,4785,4785,0,0.9624529480934143,0,0,True
resnet50,resnet50_linear_head,d32_left,4791,4791,7,0.9708198308944702,7,7,True
resnet50,resnet50_linear_head,d32_left,4819,4819,0,0.9728028774261475,0,0,True
resnet50,resnet50_linear_head,d32_left,4821,4821,3,0.9878408908843994,3,3,True
resnet50,resnet50_linear_head,d32_left,4827,4827,6,0.9628399610519409,6,6,True
resnet50,resnet50_linear_head,d32_left,4850,4850,5,0.9492905735969543,5,5,True
resnet50,resnet50_linear_head,d32_left,4881,4881,3,0.9486035704612732,3,3,True
resnet50,resnet50_linear_head,d32_left,4893,4893,0,0.8993800282478333,0,0,True
resnet50,resnet50_linear_head,d32_left,4908,4908,3,0.9604280591011047,3,3,True
resnet50,resnet50_linear_head,d32_left,4913,4913,2,0.9711815118789673,2,2,True
resnet50,resnet50_linear_head,d32_left,4921,4921,2,0.9621184468269348,2,2,True
resnet50,resnet50_linear_head,d32_left,4953,4953,5,0.9152016043663025,5,5,True
resnet50,resnet50_linear_head,d32_left,4966,4966,5,0.9373400807380676,5,5,True
resnet50,resnet50_linear_head,d32_left,4990,4990,8,0.976454496383667,8,8,True
resnet50,resnet50_linear_head,d32_left,5000,5000,8,0.9810653924942017,8,8,True
resnet50,resnet50_linear_head,d32_left,5030,5030,2,0.9892072677612305,2,2,True
resnet50,resnet50_linear_head,d32_left,5062,5062,4,0.9510225057601929,4,4,True
resnet50,resnet50_linear_head,d32_left,5077,5077,4,0.9745590090751648,4,4,True
resnet50,resnet50_linear_head,d32_left,5082,5082,6,0.9748343229293823,6,6,True
resnet50,resnet50_linear_head,d32_left,5092,5092,1,0.9406602382659912,1,1,True
resnet50,resnet50_linear_head,d32_left,5101,5101,5,0.9253431558609009,5,5,True
resnet50,resnet50_linear_head,d32_left,5117,5117,0,0.9791739583015442,0,0,True
resnet50,resnet50_linear_head,d32_left,5123,5123,1,0.9724141359329224,1,1,True
resnet50,resnet50_linear_head,d32_left,5135,5135,4,0.90888512134552,4,4,True
resnet50,resnet50_linear_head,d32_left,5183,5183,2,0.9872603416442871,2,2,True
resnet50,resnet50_linear_head,d32_left,5213,5213,4,0.9577752351760864,4,4,True
resnet50,resnet50_linear_head,d32_left,5218,5218,2,0.9837498068809509,2,2,True
resnet50,resnet50_linear_head,d32_left,5220,5220,1,0.7402828335762024,3,3,True
resnet50,resnet50_linear_head,d32_left,5237,5237,2,0.9493170976638794,2,2,True
resnet50,resnet50_linear_head,d32_left,5256,5256,1,0.9325993061065674,1,1,True
resnet50,resnet50_linear_head,d32_left,5284,5284,9,0.930587887763977,9,9,True
resnet50,resnet50_linear_head,d32_left,5301,5301,9,0.9636423587799072,9,9,True
resnet50,resnet50_linear_head,d32_left,5318,5318,2,0.9770686030387878,2,2,True
resnet50,resnet50_linear_head,d32_left,5332,5332,5,0.8880904912948608,5,5,True
resnet50,resnet50_linear_head,d32_left,5333,5333,2,0.8637053370475769,2,2,True
resnet50,resnet50_linear_head,d32_left,5360,5360,9,0.9496775269508362,9,9,True
resnet50,resnet50_linear_head,d32_left,5381,5381,5,0.9363168478012085,5,6,False
resnet50,resnet50_linear_head,d32_left,5382,5382,6,0.9128556847572327,6,6,True
resnet50,resnet50_linear_head,d32_left,5395,5395,2,0.9445618987083435,2,2,True
resnet50,resnet50_linear_head,d32_left,5402,5402,4,0.9796067476272583,4,4,True
resnet50,resnet50_linear_head,d32_left,5408,5408,6,0.9285887479782104,6,6,True
resnet50,resnet50_linear_head,d32_left,5436,5436,7,0.9690513610839844,7,7,True
resnet50,resnet50_linear_head,d32_left,5447,5447,9,0.9528470039367676,9,9,True
resnet50,resnet50_linear_head,d32_left,5450,5450,7,0.9665015339851379,7,7,True
resnet50,resnet50_linear_head,d32_left,5451,5451,8,0.9663883447647095,8,8,True
resnet50,resnet50_linear_head,d32_left,5452,5452,9,0.8882619738578796,9,9,True
resnet50,resnet50_linear_head,d32_left,5467,5467,4,0.9564144611358643,4,4,True
resnet50,resnet50_linear_head,d32_left,5478,5478,0,0.9447857737541199,0,0,True
resnet50,resnet50_linear_head,d32_left,5488,5488,1,0.9438210725784302,7,7,True
resnet50,resnet50_linear_head,d32_left,5496,5496,5,0.9351999163627625,5,5,True
resnet50,resnet50_linear_head,d32_left,5508,5508,9,0.9760557413101196,9,9,True
resnet50,resnet50_linear_head,d32_left,5512,5512,2,0.8028828501701355,9,9,True
resnet50,resnet50_linear_head,d32_left,5525,5525,8,0.9126895666122437,8,8,True
resnet50,resnet50_linear_head,d32_left,5528,5528,3,0.9349493384361267,5,3,False
resnet50,resnet50_linear_head,d32_left,5556,5556,4,0.9560981392860413,4,4,True
resnet50,resnet50_linear_head,d32_left,5560,5560,1,0.9326552152633667,1,1,True
resnet50,resnet50_linear_head,d32_left,5572,5572,9,0.9393393397331238,9,9,True
resnet50,resnet50_linear_head,d32_left,5580,5580,6,0.9456111788749695,6,6,True
resnet50,resnet50_linear_head,d32_left,5590,5590,9,0.9084458351135254,9,9,True
resnet50,resnet50_linear_head,d32_left,5623,5623,4,0.8717927932739258,4,4,True
resnet50,resnet50_linear_head,d32_left,5677,5677,2,0.9347357153892517,2,2,True
resnet50,resnet50_linear_head,d32_left,5694,5694,8,0.9742071032524109,8,8,True
resnet50,resnet50_linear_head,d32_left,5701,5701,5,0.9240722060203552,5,5,True
resnet50,resnet50_linear_head,d32_left,5705,5705,8,0.9494718909263611,8,8,True
resnet50,resnet50_linear_head,d32_left,5719,5719,7,0.9816583395004272,7,7,True
resnet50,resnet50_linear_head,d32_left,5729,5729,6,0.9219081401824951,6,6,True
resnet50,resnet50_linear_head,d32_left,5756,5756,2,0.978921115398407,2,2,True
resnet50,resnet50_linear_head,d32_left,5788,5788,9,0.976742148399353,9,9,True
resnet50,resnet50_linear_head,d32_left,5789,5789,4,0.8568041324615479,4,4,True
resnet50,resnet50_linear_head,d32_left,5824,5824,2,0.9170473217964172,2,2,True
resnet50,resnet50_linear_head,d32_left,5848,5848,7,0.9540432691574097,7,7,True
resnet50,resnet50_linear_head,d32_left,5851,5851,9,0.9701610803604126,9,9,True
resnet50,resnet50_linear_head,d32_left,5857,5857,6,0.948332667350769,4,4,True
resnet50,resnet50_linear_head,d32_left,5858,5858,6,0.902047336101532,6,6,True
resnet50,resnet50_linear_head,d32_left,5912,5912,0,0.9360681772232056,0,0,True
resnet50,resnet50_linear_head,d32_left,5915,5915,9,0.9548218250274658,9,9,True
resnet50,resnet50_linear_head,d32_left,5918,5918,0,0.941109836101532,0,0,True
resnet50,resnet50_linear_head,d32_left,5924,5924,5,0.9692462086677551,5,5,True
resnet50,resnet50_linear_head,d32_left,5977,5977,7,0.8583853244781494,7,7,True
resnet50,resnet50_linear_head,d32_left,5981,5981,9,0.9534929990768433,9,9,True
resnet50,resnet50_linear_head,d32_left,5999,5999,0,0.8484802842140198,0,0,True
resnet50,resnet50_linear_head,d32_left,6028,6028,2,0.8875840902328491,2,2,True
resnet50,resnet50_linear_head,d32_left,6033,6033,4,0.9090138077735901,4,4,True
resnet50,resnet50_linear_head,d32_left,6076,6076,1,0.9351007342338562,1,1,True
resnet50,resnet50_linear_head,d32_left,6084,6084,7,0.8772721886634827,7,7,True
resnet50,resnet50_linear_head,d32_left,6097,6097,4,0.9728673696517944,4,4,True
resnet50,resnet50_linear_head,d32_left,6169,6169,1,0.9326677918434143,1,1,True
resnet50,resnet50_linear_head,d32_left,6190,6190,7,0.949739933013916,7,7,True
resnet50,resnet50_linear_head,d32_left,6224,6224,5,0.9792154431343079,5,5,True
resnet50,resnet50_linear_head,d32_left,6244,6244,2,0.8886884450912476,2,2,True
resnet50,resnet50_linear_head,d32_left,6264,6264,2,0.9409873485565186,2,2,True
resnet50,resnet50_linear_head,d32_left,6271,6271,2,0.9332882761955261,2,2,True
resnet50,resnet50_linear_head,d32_left,6288,6288,4,0.9336553812026978,4,4,True
resnet50,resnet50_linear_head,d32_left,6332,6332,2,0.9577227830886841,2,2,True
resnet50,resnet50_linear_head,d32_left,6349,6349,1,0.9286227822303772,1,1,True
resnet50,resnet50_linear_head,d32_left,6354,6354,2,0.9157745838165283,2,2,True
resnet50,resnet50_linear_head,d32_left,6358,6358,5,0.9516360759735107,5,5,True
resnet50,resnet50_linear_head,d32_left,6381,6381,6,0.928032398223877,6,6,True
resnet50,resnet50_linear_head,d32_left,6414,6414,5,0.9258015155792236,5,5,True
resnet50,resnet50_linear_head,d32_left,6426,6426,2,0.9440704584121704,2,2,True
resnet50,resnet50_linear_head,d32_left,6434,6434,8,0.9250875115394592,8,8,True
resnet50,resnet50_linear_head,d32_left,6437,6437,0,0.9486863613128662,0,0,True
resnet50,resnet50_linear_head,d32_left,6455,6455,0,0.9129753112792969,0,0,True
resnet50,resnet50_linear_head,d32_left,6490,6490,3,0.8594063520431519,3,3,True
resnet50,resnet50_linear_head,d32_left,6503,6503,2,0.908403217792511,2,2,True
resnet50,resnet50_linear_head,d32_left,6508,6508,4,0.9947062730789185,4,4,True
resnet50,resnet50_linear_head,d32_left,6528,6528,4,0.9678359627723694,4,4,True
resnet50,resnet50_linear_head,d32_left,6594,6594,1,0.9600075483322144,1,1,True
resnet50,resnet50_linear_head,d32_left,6609,6609,0,0.9676395654678345,0,0,True
resnet50,resnet50_linear_head,d32_left,6616,6616,2,0.8998916745185852,2,2,True
resnet50,resnet50_linear_head,d32_left,6650,6650,7,0.9298804998397827,7,7,True
resnet50,resnet50_linear_head,d32_left,6689,6689,8,0.9875414371490479,8,8,True
resnet50,resnet50_linear_head,d32_left,6692,6692,2,0.952620267868042,2,2,True
resnet50,resnet50_linear_head,d32_left,6713,6713,6,0.9399576187133789,6,6,True
resnet50,resnet50_linear_head,d32_left,6716,6716,5,0.9402579069137573,5,5,True
resnet50,resnet50_linear_head,d32_left,6726,6726,7,0.960366427898407,7,7,True
resnet50,resnet50_linear_head,d32_left,6733,6733,1,0.9678733944892883,1,1,True
resnet50,resnet50_linear_head,d32_left,6772,6772,7,0.9246487021446228,7,7,True
resnet50,resnet50_linear_head,d32_left,6805,6805,1,0.9841703772544861,1,1,True
resnet50,resnet50_linear_head,d32_left,6836,6836,1,0.9267040491104126,1,1,True
resnet50,resnet50_linear_head,d32_left,6844,6844,0,0.966202974319458,0,0,True
resnet50,resnet50_linear_head,d32_left,6922,6922,5,0.9685919284820557,5,5,True
resnet50,resnet50_linear_head,d32_left,6931,6931,9,0.9425821900367737,9,9,True
resnet50,resnet50_linear_head,d32_left,6938,6938,1,0.9626230597496033,1,1,True
resnet50,resnet50_linear_head,d32_left,6952,6952,3,0.9101117849349976,3,3,True
resnet50,resnet50_linear_head,d32_left,6954,6954,1,0.9677028656005859,1,1,True
resnet50,resnet50_linear_head,d32_left,6986,6986,0,0.9565317630767822,0,0,True
resnet50,resnet50_linear_head,d32_left,6989,6989,5,0.9860008955001831,5,5,True
resnet50,resnet50_linear_head,d32_left,7009,7009,0,0.9728677868843079,0,0,True
resnet50,resnet50_linear_head,d32_left,7029,7029,1,0.9567235708236694,1,1,True
resnet50,resnet50_linear_head,d32_left,7033,7033,1,0.8890539407730103,1,1,True
resnet50,resnet50_linear_head,d32_left,7041,7041,5,0.9135368466377258,5,5,True
resnet50,resnet50_linear_head,d32_left,7047,7047,9,0.9682573080062866,9,9,True
resnet50,resnet50_linear_head,d32_left,7081,7081,7,0.9373090863227844,7,7,True
resnet50,resnet50_linear_head,d32_left,7084,7084,2,0.9428735971450806,2,2,True
resnet50,resnet50_linear_head,d32_left,7108,7108,6,0.9713332653045654,6,6,True
resnet50,resnet50_linear_head,d32_left,7130,7130,5,0.9746881127357483,5,5,True
resnet50,resnet50_linear_head,d32_left,7138,7138,8,0.9523950219154358,8,8,True
resnet50,resnet50_linear_head,d32_left,7150,7150,0,0.9372798800468445,0,0,True
resnet50,resnet50_linear_head,d32_left,7202,7202,1,0.9569158554077148,1,1,True
resnet50,resnet50_linear_head,d32_left,7262,7262,0,0.9496092200279236,0,0,True
resnet50,resnet50_linear_head,d32_left,7266,7266,9,0.9409494400024414,9,9,True
resnet50,resnet50_linear_head,d32_left,7270,7270,7,0.8895670175552368,7,7,True
resnet50,resnet50_linear_head,d32_left,7309,7309,0,0.9611161947250366,0,0,True
resnet50,resnet50_linear_head,d32_left,7320,7320,0,0.9438983798027039,0,0,True
resnet50,resnet50_linear_head,d32_left,7338,7338,6,0.9469906091690063,6,6,True
resnet50,resnet50_linear_head,d32_left,7372,7372,0,0.9506794214248657,0,0,True
resnet50,resnet50_linear_head,d32_left,7373,7373,0,0.9631343483924866,0,0,True
resnet50,resnet50_linear_head,d32_left,7380,7380,9,0.9156090021133423,9,9,True
resnet50,resnet50_linear_head,d32_left,7390,7390,1,0.896920382976532,1,1,True
resnet50,resnet50_linear_head,d32_left,7413,7413,5,0.9526695013046265,5,5,True
resnet50,resnet50_linear_head,d32_left,7416,7416,3,0.9380483031272888,5,5,True
resnet50,resnet50_linear_head,d32_left,7425,7425,2,0.9635241627693176,2,2,True
resnet50,resnet50_linear_head,d32_left,7446,7446,8,0.9503628015518188,8,8,True
resnet50,resnet50_linear_head,d32_left,7460,7460,8,0.9510394334793091,8,8,True
resnet50,resnet50_linear_head,d32_left,7465,7465,0,0.9491901397705078,0,0,True
resnet50,resnet50_linear_head,d32_left,7474,7474,5,0.9672237634658813,5,5,True
resnet50,resnet50_linear_head,d32_left,7475,7475,4,0.9409540295600891,4,4,True
resnet50,resnet50_linear_head,d32_left,7476,7476,8,0.9692703485488892,8,8,True
resnet50,resnet50_linear_head,d32_left,7544,7544,9,0.9692331552505493,9,9,True
resnet50,resnet50_linear_head,d32_left,7555,7555,6,0.9641783237457275,6,6,True
resnet50,resnet50_linear_head,d32_left,7600,7600,6,0.9789289832115173,6,6,True
resnet50,resnet50_linear_head,d32_left,7610,7610,4,0.9635622501373291,4,4,True
resnet50,resnet50_linear_head,d32_left,7634,7634,0,0.9621526598930359,0,0,True
resnet50,resnet50_linear_head,d32_left,7692,7692,4,0.8782147765159607,4,4,True
resnet50,resnet50_linear_head,d32_left,7706,7706,5,0.9631909132003784,5,5,True
resnet50,resnet50_linear_head,d32_left,7726,7726,6,0.9625482559204102,6,6,True
resnet50,resnet50_linear_head,d32_left,7744,7744,3,0.7674410343170166,3,3,True
resnet50,resnet50_linear_head,d32_left,7752,7752,9,0.9658178091049194,9,9,True
resnet50,resnet50_linear_head,d32_left,7776,7776,5,0.9242552518844604,5,5,True
resnet50,resnet50_linear_head,d32_left,7779,7779,6,0.9609460234642029,6,6,True
resnet50,resnet50_linear_head,d32_left,7781,7781,6,0.9486019611358643,6,6,True
resnet50,resnet50_linear_head,d32_left,7793,7793,3,0.935678243637085,5,5,True
resnet50,resnet50_linear_head,d32_left,7797,7797,3,0.9095388054847717,3,3,True
resnet50,resnet50_linear_head,d32_left,7810,7810,8,0.9221224188804626,8,8,True
resnet50,resnet50_linear_head,d32_left,7818,7818,8,0.9358305335044861,8,8,True
resnet50,resnet50_linear_head,d32_left,7835,7835,7,0.9565112590789795,7,7,True
resnet50,resnet50_linear_head,d32_left,7864,7864,4,0.9851000308990479,4,4,True
resnet50,resnet50_linear_head,d32_left,7875,7875,8,0.9176156520843506,8,8,True
resnet50,resnet50_linear_head,d32_left,7938,7938,9,0.9474192261695862,9,9,True
resnet50,resnet50_linear_head,d32_left,7940,7940,4,0.9276501536369324,4,4,True
resnet50,resnet50_linear_head,d32_left,7944,7944,4,0.9649308323860168,4,4,True
resnet50,resnet50_linear_head,d32_left,7955,7955,1,0.8448765873908997,1,1,True
resnet50,resnet50_linear_head,d32_left,7995,7995,9,0.9566060900688171,9,9,True
resnet50,resnet50_linear_head,d32_left,7996,7996,6,0.9781113266944885,6,6,True
resnet50,resnet50_linear_head,d32_left,7999,7999,8,0.9026831388473511,8,8,True
resnet50,resnet50_linear_head,d32_right,3,3,0,0.9695695638656616,0,0,True
resnet50,resnet50_linear_head,d32_right,29,29,7,0.8151957392692566,7,7,True
resnet50,resnet50_linear_head,d32_right,35,35,2,0.9272118806838989,2,2,True
resnet50,resnet50_linear_head,d32_right,42,42,0,0.8694703578948975,0,1,False
resnet50,resnet50_linear_head,d32_right,49,49,2,0.9066439270973206,2,2,True
resnet50,resnet50_linear_head,d32_right,81,81,0,0.8863445520401001,0,0,True
resnet50,resnet50_linear_head,d32_right,95,95,1,0.9734209179878235,1,1,True
resnet50,resnet50_linear_head,d32_right,97,97,5,0.9044143557548523,5,5,True
resnet50,resnet50_linear_head,d32_right,116,116,1,0.8079333305358887,1,1,True
resnet50,resnet50_linear_head,d32_right,131,131,9,0.8925542235374451,9,9,True
resnet50,resnet50_linear_head,d32_right,151,151,8,0.9718756675720215,8,8,True
resnet50,resnet50_linear_head,d32_right,171,171,4,0.9329574108123779,4,4,True
resnet50,resnet50_linear_head,d32_right,176,176,3,0.8709223866462708,3,3,True
resnet50,resnet50_linear_head,d32_right,191,191,9,0.941354513168335,9,9,True
resnet50,resnet50_linear_head,d32_right,194,194,8,0.9492112398147583,8,8,True
resnet50,resnet50_linear_head,d32_right,198,198,1,0.9621185064315796,1,1,True
resnet50,resnet50_linear_head,d32_right,239,239,9,0.942911684513092,9,9,True
resnet50,resnet50_linear_head,d32_right,261,261,1,0.9713692665100098,1,1,True
resnet50,resnet50_linear_head,d32_right,269,269,7,0.8829676508903503,7,7,True
resnet50,resnet50_linear_head,d32_right,276,276,9,0.8217781186103821,9,9,True
resnet50,resnet50_linear_head,d32_right,303,303,9,0.8884813189506531,9,9,True
resnet50,resnet50_linear_head,d32_right,304,304,1,0.8198062181472778,1,1,True
resnet50,resnet50_linear_head,d32_right,317,317,2,0.9455968737602234,2,2,True
resnet50,resnet50_linear_head,d32_right,319,319,5,0.9046351313591003,5,5,True
resnet50,resnet50_linear_head,d32_right,323,323,7,0.930414080619812,7,7,True
resnet50,resnet50_linear_head,d32_right,365,365,3,0.9193088412284851,3,3,True
resnet50,resnet50_linear_head,d32_right,370,370,7,0.9485733509063721,7,7,True
resnet50,resnet50_linear_head,d32_right,372,372,3,0.8620419502258301,3,3,True
resnet50,resnet50_linear_head,d32_right,378,378,5,0.8239865899085999,5,5,True
resnet50,resnet50_linear_head,d32_right,391,391,3,0.8319493532180786,3,3,True
resnet50,resnet50_linear_head,d32_right,409,409,2,0.9494042992591858,2,2,True
resnet50,resnet50_linear_head,d32_right,419,419,9,0.9740062952041626,9,9,True
resnet50,resnet50_linear_head,d32_right,449,449,6,0.9448013305664062,6,6,True
resnet50,resnet50_linear_head,d32_right,470,470,2,0.9750003218650818,2,2,True
resnet50,resnet50_linear_head,d32_right,483,483,2,0.8979186415672302,2,2,True
resnet50,resnet50_linear_head,d32_right,484,484,0,0.940430223941803,0,8,False
resnet50,resnet50_linear_head,d32_right,506,506,4,0.9474738240242004,4,4,True
resnet50,resnet50_linear_head,d32_right,545,545,6,0.9299816489219666,6,6,True
resnet50,resnet50_linear_head,d32_right,562,562,0,0.9133074283599854,0,0,True
resnet50,resnet50_linear_head,d32_right,568,568,5,0.9459896087646484,5,5,True
resnet50,resnet50_linear_head,d32_right,603,603,9,0.9530119895935059,9,9,True
resnet50,resnet50_linear_head,d32_right,632,632,3,0.8995999097824097,3,3,True
resnet50,resnet50_linear_head,d32_right,645,645,5,0.9070679545402527,5,5,True
resnet50,resnet50_linear_head,d32_right,667,667,8,0.9846892356872559,8,8,True
resnet50,resnet50_linear_head,d32_right,672,672,3,0.8998862504959106,3,3,True
resnet50,resnet50_linear_head,d32_right,677,677,3,0.9134733080863953,3,3,True
resnet50,resnet50_linear_head,d32_right,685,685,5,0.8875500559806824,5,5,True
resnet50,resnet50_linear_head,d32_right,691,691,4,0.9339755773544312,4,4,True
resnet50,resnet50_linear_head,d32_right,706,706,8,0.9368222951889038,8,8,True
resnet50,resnet50_linear_head,d32_right,714,714,2,0.949351966381073,2,2,True
resnet50,resnet50_linear_head,d32_right,716,716,8,0.9755609035491943,8,8,True
resnet50,resnet50_linear_head,d32_right,738,738,3,0.814311146736145,3,3,True
resnet50,resnet50_linear_head,d32_right,739,739,8,0.9646729826927185,8,8,True
resnet50,resnet50_linear_head,d32_right,766,766,4,0.9105663299560547,6,6,True
resnet50,resnet50_linear_head,d32_right,791,791,3,0.9462812542915344,3,3,True
resnet50,resnet50_linear_head,d32_right,805,805,9,0.968060314655304,9,9,True
resnet50,resnet50_linear_head,d32_right,825,825,1,0.9808933138847351,1,1,True
resnet50,resnet50_linear_head,d32_right,852,852,9,0.8978990316390991,9,9,True
resnet50,resnet50_linear_head,d32_right,855,855,4,0.8873580694198608,4,4,True
resnet50,resnet50_linear_head,d32_right,873,873,6,0.9405519366264343,6,6,True
resnet50,resnet50_linear_head,d32_right,890,890,6,0.8947517275810242,6,6,True
resnet50,resnet50_linear_head,d32_right,920,920,6,0.9007623791694641,6,6,True
resnet50,resnet50_linear_head,d32_right,929,929,6,0.9481740593910217,6,6,True
resnet50,resnet50_linear_head,d32_right,962,962,8,0.9751148223876953,8,8,True
resnet50,resnet50_linear_head,d32_right,964,964,6,0.9487025737762451,6,6,True
resnet50,resnet50_linear_head,d32_right,977,977,6,0.9290183186531067,6,6,True
resnet50,resnet50_linear_head,d32_right,979,979,3,0.9239036440849304,3,3,True
resnet50,resnet50_linear_head,d32_right,981,981,2,0.9304929971694946,2,2,True
resnet50,resnet50_linear_head,d32_right,1022,1022,9,0.9665291905403137,9,9,True
resnet50,resnet50_linear_head,d32_right,1032,1032,7,0.9369170069694519,7,7,True
resnet50,resnet50_linear_head,d32_right,1048,1048,7,0.9291806221008301,7,7,True
resnet50,resnet50_linear_head,d32_right,1090,1090,1,0.9574571847915649,1,1,True
resnet50,resnet50_linear_head,d32_right,1095,1095,5,0.9325079321861267,5,5,True
resnet50,resnet50_linear_head,d32_right,1109,1109,1,0.8337900042533875,1,1,True
resnet50,resnet50_linear_head,d32_right,1111,1111,4,0.9249656200408936,4,4,True
resnet50,resnet50_linear_head,d32_right,1115,1115,1,0.8489680886268616,1,1,True
resnet50,resnet50_linear_head,d32_right,1124,1124,4,0.9418848752975464,4,4,True
resnet50,resnet50_linear_head,d32_right,1129,1129,8,0.9424630403518677,8,8,True
resnet50,resnet50_linear_head,d32_right,1175,1175,0,0.8670939207077026,0,0,True
resnet50,resnet50_linear_head,d32_right,1202,1202,2,0.905485987663269,2,2,True
resnet50,resnet50_linear_head,d32_right,1204,1204,3,0.7981928586959839,3,3,True
resnet50,resnet50_linear_head,d32_right,1211,1211,4,0.9095701575279236,4,4,True
resnet50,resnet50_linear_head,d32_right,1220,1220,7,0.8995761275291443,7,7,True
resnet50,resnet50_linear_head,d32_right,1230,1230,1,0.8421257138252258,1,1,True
resnet50,resnet50_linear_head,d32_right,1247,1247,8,0.8731907606124878,8,8,True
resnet50,resnet50_linear_head,d32_right,1263,1263,3,0.9511730074882507,3,3,True
resnet50,resnet50_linear_head,d32_right,1266,1266,4,0.789526641368866,4,4,True
resnet50,resnet50_linear_head,d32_right,1287,1287,7,0.896232545375824,7,7,True
resnet50,resnet50_linear_head,d32_right,1296,1296,7,0.8340260982513428,7,7,True
resnet50,resnet50_linear_head,d32_right,1370,1370,3,0.9366637468338013,3,3,True
resnet50,resnet50_linear_head,d32_right,1389,1389,0,0.9596339464187622,0,0,True
resnet50,resnet50_linear_head,d32_right,1401,1401,3,0.9430525302886963,3,3,True
resnet50,resnet50_linear_head,d32_right,1403,1403,2,0.9235730767250061,2,2,True
resnet50,resnet50_linear_head,d32_right,1411,1411,9,0.9635323286056519,9,9,True
resnet50,resnet50_linear_head,d32_right,1429,1429,4,0.916641354560852,4,4,True
resnet50,resnet50_linear_head,d32_right,1430,1430,9,0.9598529934883118,9,9,True
resnet50,resnet50_linear_head,d32_right,1431,1431,3,0.9167252779006958,3,3,True
resnet50,resnet50_linear_head,d32_right,1436,1436,1,0.9560543298721313,1,1,True
resnet50,resnet50_linear_head,d32_right,1440,1440,7,0.8908533453941345,7,7,True
resnet50,resnet50_linear_head,d32_right,1468,1468,9,0.9569555521011353,9,9,True
resnet50,resnet50_linear_head,d32_right,1473,1473,7,0.9799706935882568,7,7,True
resnet50,resnet50_linear_head,d32_right,1515,1515,9,0.921588122844696,9,9,True
resnet50,resnet50_linear_head,d32_right,1520,1520,2,0.933529794216156,2,2,True
resnet50,resnet50_linear_head,d32_right,1531,1531,3,0.9436162710189819,3,5,False
resnet50,resnet50_linear_head,d32_right,1534,1534,6,0.914035439491272,6,6,True
resnet50,resnet50_linear_head,d32_right,1552,1552,5,0.9388517141342163,5,5,True
resnet50,resnet50_linear_head,d32_right,1553,1553,0,0.8968307971954346,0,0,True
resnet50,resnet50_linear_head,d32_right,1563,1563,3,0.9369753003120422,3,3,True
resnet50,resnet50_linear_head,d32_right,1568,1568,1,0.9040319919586182,1,1,True
resnet50,resnet50_linear_head,d32_right,1579,1579,7,0.9069682359695435,7,7,True
resnet50,resnet50_linear_head,d32_right,1586,1586,2,0.8845980763435364,2,2,True
resnet50,resnet50_linear_head,d32_right,1596,1596,0,0.9624245762825012,0,0,True
resnet50,resnet50_linear_head,d32_right,1626,1626,5,0.9077770113945007,5,5,True
resnet50,resnet50_linear_head,d32_right,1640,1640,8,0.880319356918335,8,8,True
resnet50,resnet50_linear_head,d32_right,1644,1644,5,0.9132764935493469,5,5,True
resnet50,resnet50_linear_head,d32_right,1648,1648,0,0.8813440799713135,0,0,True
resnet50,resnet50_linear_head,d32_right,1654,1654,9,0.9276914000511169,9,9,True
resnet50,resnet50_linear_head,d32_right,1667,1667,6,0.8937035799026489,6,6,True
resnet50,resnet50_linear_head,d32_right,1703,1703,7,0.9203411936759949,7,7,True
resnet50,resnet50_linear_head,d32_right,1711,1711,7,0.8499570488929749,7,7,True
resnet50,resnet50_linear_head,d32_right,1771,1771,7,0.9095466136932373,7,4,False
resnet50,resnet50_linear_head,d32_right,1783,1783,8,0.9291832447052002,8,8,True
resnet50,resnet50_linear_head,d32_right,1814,1814,2,0.9446806311607361,2,2,True
resnet50,resnet50_linear_head,d32_right,1833,1833,8,0.9554111361503601,8,8,True
resnet50,resnet50_linear_head,d32_right,1836,1836,9,0.9578086137771606,9,9,True
resnet50,resnet50_linear_head,d32_right,1839,1839,2,0.8972302675247192,2,2,True
resnet50,resnet50_linear_head,d32_right,1852,1852,1,0.9966930747032166,1,1,True
resnet50,resnet50_linear_head,d32_right,1871,1871,1,0.9149752855300903,1,1,True
resnet50,resnet50_linear_head,d32_right,1877,1877,5,0.946067214012146,5,5,True
resnet50,resnet50_linear_head,d32_right,1884,1884,7,0.8176853060722351,7,7,True
resnet50,resnet50_linear_head,d32_right,1927,1927,7,0.9319473505020142,7,7,True
resnet50,resnet50_linear_head,d32_right,1954,1954,8,0.9497615694999695,8,8,True
resnet50,resnet50_linear_head,d32_right,1956,1956,7,0.8757221698760986,3,3,True
resnet50,resnet50_linear_head,d32_right,1960,1960,4,0.9361609816551208,4,4,True
resnet50,resnet50_linear_head,d32_right,1977,1977,0,0.8750972747802734,0,0,True
resnet50,resnet50_linear_head,d32_right,1986,1986,1,0.9314451217651367,1,1,True
resnet50,resnet50_linear_head,d32_right,1993,1993,1,0.9502493739128113,1,1,True
resnet50,resnet50_linear_head,d32_right,2003,2003,6,0.9513744115829468,6,6,True
resnet50,resnet50_linear_head,d32_right,2011,2011,9,0.8421387672424316,9,9,True
resnet50,resnet50_linear_head,d32_right,2024,2024,0,0.936260461807251,0,0,True
resnet50,resnet50_linear_head,d32_right,2028,2028,3,0.8457282781600952,3,3,True
resnet50,resnet50_linear_head,d32_right,2062,2062,9,0.9459028840065002,9,9,True
resnet50,resnet50_linear_head,d32_right,2070,2070,1,0.8171101808547974,1,1,True
resnet50,resnet50_linear_head,d32_right,2082,2082,2,0.9566370248794556,2,2,True
resnet50,resnet50_linear_head,d32_right,2095,2095,1,0.9282602667808533,1,1,True
resnet50,resnet50_linear_head,d32_right,2109,2109,8,0.8967974185943604,8,8,True
resnet50,resnet50_linear_head,d32_right,2114,2114,9,0.9829584956169128,9,9,True
resnet50,resnet50_linear_head,d32_right,2116,2116,1,0.931545078754425,3,3,True
resnet50,resnet50_linear_head,d32_right,2157,2157,1,0.8332907557487488,1,1,True
resnet50,resnet50_linear_head,d32_right,2167,2167,9,0.9293327331542969,9,9,True
resnet50,resnet50_linear_head,d32_right,2178,2178,1,0.9018223285675049,1,1,True
resnet50,resnet50_linear_head,d32_right,2191,2191,8,0.9456067681312561,8,8,True
resnet50,resnet50_linear_head,d32_right,2230,2230,8,0.9116277694702148,8,8,True
resnet50,resnet50_linear_head,d32_right,2242,2242,0,0.9688055515289307,0,0,True
resnet50,resnet50_linear_head,d32_right,2265,2265,5,0.9587591886520386,5,5,True
resnet50,resnet50_linear_head,d32_right,2268,2268,5,0.9178218245506287,5,5,True
resnet50,resnet50_linear_head,d32_right,2291,2291,3,0.8453960418701172,3,3,True
resnet50,resnet50_linear_head,d32_right,2334,2334,5,0.9683283567428589,5,5,True
resnet50,resnet50_linear_head,d32_right,2340,2340,8,0.9775558114051819,8,8,True
resnet50,resnet50_linear_head,d32_right,2342,2342,8,0.9287039637565613,8,8,True
resnet50,resnet50_linear_head,d32_right,2351,2351,9,0.9593697190284729,9,9,True
resnet50,resnet50_linear_head,d32_right,2391,2391,5,0.8165959715843201,5,4,False
resnet50,resnet50_linear_head,d32_right,2392,2392,2,0.9659738540649414,2,2,True
resnet50,resnet50_linear_head,d32_right,2399,2399,4,0.90022212266922,4,4,True
resnet50,resnet50_linear_head,d32_right,2414,2414,9,0.9480858445167542,9,9,True
resnet50,resnet50_linear_head,d32_right,2427,2427,5,0.885581374168396,5,5,True
resnet50,resnet50_linear_head,d32_right,2458,2458,5,0.9212721586227417,5,5,True
resnet50,resnet50_linear_head,d32_right,2501,2501,7,0.9687097072601318,7,7,True
resnet50,resnet50_linear_head,d32_right,2502,2502,2,0.9348379373550415,2,2,True
resnet50,resnet50_linear_head,d32_right,2536,2536,3,0.9057359099388123,3,3,True
resnet50,resnet50_linear_head,d32_right,2539,2539,3,0.9389762878417969,3,3,True
resnet50,resnet50_linear_head,d32_right,2610,2610,6,0.8962307572364807,6,6,True
resnet50,resnet50_linear_head,d32_right,2623,2623,5,0.8283973932266235,5,5,True
resnet50,resnet50_linear_head,d32_right,2655,2655,9,0.943568229675293,9,9,True
resnet50,resnet50_linear_head,d32_right,2668,2668,7,0.9489500522613525,7,7,True
resnet50,resnet50_linear_head,d32_right,2676,2676,6,0.9423702955245972,6,6,True
resnet50,resnet50_linear_head,d32_right,2687,2687,1,0.8704490065574646,1,1,True
resnet50,resnet50_linear_head,d32_right,2690,2690,1,0.8717138767242432,1,1,True
resnet50,resnet50_linear_head,d32_right,2704,2704,4,0.95991051197052,4,4,True
resnet50,resnet50_linear_head,d32_right,2745,2745,8,0.9448498487472534,8,8,True
resnet50,resnet50_linear_head,d32_right,2746,2746,7,0.8707042336463928,7,7,True
resnet50,resnet50_linear_head,d32_right,2750,2750,0,0.9570796489715576,0,0,True
resnet50,resnet50_linear_head,d32_right,2754,2754,3,0.9793480634689331,3,3,True
resnet50,resnet50_linear_head,d32_right,2757,2757,4,0.9454033970832825,4,4,True
resnet50,resnet50_linear_head,d32_right,2766,2766,5,0.9007347226142883,5,5,True
resnet50,resnet50_linear_head,d32_right,2807,2807,5,0.7884823083877563,4,4,True
resnet50,resnet50_linear_head,d32_right,2844,2844,8,0.9218733906745911,8,8,True
resnet50,resnet50_linear_head,d32_right,2854,2854,7,0.9440060257911682,7,7,True
resnet50,resnet50_linear_head,d32_right,2861,2861,3,0.9113243222236633,3,3,True
resnet50,resnet50_linear_head,d32_right,2888,2888,0,0.9779768586158752,0,0,True
resnet50,resnet50_linear_head,d32_right,2898,2898,4,0.9590320587158203,4,4,True
resnet50,resnet50_linear_head,d32_right,2950,2950,5,0.9684141874313354,5,5,True
resnet50,resnet50_linear_head,d32_right,2958,2958,6,0.9103687405586243,6,6,True
resnet50,resnet50_linear_head,d32_right,3015,3015,8,0.9487650394439697,8,8,True
resnet50,resnet50_linear_head,d32_right,3024,3024,2,0.9037811160087585,2,2,True
resnet50,resnet50_linear_head,d32_right,3025,3025,0,0.9209760427474976,0,0,True
resnet50,resnet50_linear_head,d32_right,3034,3034,4,0.935992956161499,4,4,True
resnet50,resnet50_linear_head,d32_right,3067,3067,2,0.976725161075592,2,2,True
resnet50,resnet50_linear_head,d32_right,3078,3078,4,0.8779470920562744,4,4,True
resnet50,resnet50_linear_head,d32_right,3079,3079,1,0.9216381907463074,1,1,True
resnet50,resnet50_linear_head,d32_right,3083,3083,0,0.9846127033233643,0,0,True
resnet50,resnet50_linear_head,d32_right,3122,3122,4,0.939201295375824,4,4,True
resnet50,resnet50_linear_head,d32_right,3153,3153,7,0.9444308876991272,7,7,True
resnet50,resnet50_linear_head,d32_right,3157,3157,8,0.9713912010192871,8,8,True
resnet50,resnet50_linear_head,d32_right,3163,3163,2,0.9670726656913757,2,2,True
resnet50,resnet50_linear_head,d32_right,3179,3179,4,0.9188367128372192,4,4,True
resnet50,resnet50_linear_head,d32_right,3191,3191,6,0.8450212478637695,6,6,True
resnet50,resnet50_linear_head,d32_right,3276,3276,3,0.8124891519546509,3,3,True
resnet50,resnet50_linear_head,d32_right,3287,3287,4,0.959348201751709,4,4,True
resnet50,resnet50_linear_head,d32_right,3288,3288,7,0.948260486125946,7,7,True
resnet50,resnet50_linear_head,d32_right,3292,3292,6,0.9461299180984497,6,6,True
resnet50,resnet50_linear_head,d32_right,3318,3318,9,0.9147599935531616,9,9,True
resnet50,resnet50_linear_head,d32_right,3347,3347,0,0.8901870250701904,0,0,True
resnet50,resnet50_linear_head,d32_right,3353,3353,5,0.9361208081245422,3,3,True
resnet50,resnet50_linear_head,d32_right,3362,3362,2,0.9722313284873962,2,2,True
resnet50,resnet50_linear_head,d32_right,3365,3365,4,0.931145429611206,4,4,True
resnet50,resnet50_linear_head,d32_right,3375,3375,3,0.9737664461135864,3,3,True
resnet50,resnet50_linear_head,d32_right,3383,3383,3,0.778846800327301,3,3,True
resnet50,resnet50_linear_head,d32_right,3404,3404,7,0.9043640494346619,7,7,True
resnet50,resnet50_linear_head,d32_right,3412,3412,8,0.9625318646430969,8,8,True
resnet50,resnet50_linear_head,d32_right,3413,3413,1,0.9452877044677734,1,1,True
resnet50,resnet50_linear_head,d32_right,3418,3418,6,0.8975315690040588,6,6,True
resnet50,resnet50_linear_head,d32_right,3437,3437,0,0.9114890098571777,0,0,True
resnet50,resnet50_linear_head,d32_right,3446,3446,7,0.8694235682487488,7,7,True
resnet50,resnet50_linear_head,d32_right,3454,3454,2,0.9086071848869324,2,2,True
resnet50,resnet50_linear_head,d32_right,3455,3455,0,0.9367573857307434,0,0,True
resnet50,resnet50_linear_head,d32_right,3458,3458,4,0.8475807309150696,4,4,True
resnet50,resnet50_linear_head,d32_right,3467,3467,7,0.9291313290596008,7,7,True
resnet50,resnet50_linear_head,d32_right,3491,3491,1,0.8862215876579285,1,1,True
resnet50,resnet50_linear_head,d32_right,3494,3494,6,0.9556114673614502,6,6,True
resnet50,resnet50_linear_head,d32_right,3512,3512,4,0.9643887281417847,4,4,True
resnet50,resnet50_linear_head,d32_right,3515,3515,6,0.9200635552406311,6,4,False
resnet50,resnet50_linear_head,d32_right,3542,3542,7,0.9312195777893066,7,7,True
resnet50,resnet50_linear_head,d32_right,3550,3550,1,0.9648706912994385,1,1,True
resnet50,resnet50_linear_head,d32_right,3562,3562,3,0.8776954412460327,3,3,True
resnet50,resnet50_linear_head,d32_right,3755,3755,2,0.932923436164856,2,2,True
resnet50,resnet50_linear_head,d32_right,3763,3763,4,0.9409233927726746,4,4,True
resnet50,resnet50_linear_head,d32_right,3777,3777,6,0.8859511017799377,6,6,True
resnet50,resnet50_linear_head,d32_right,3778,3778,3,0.9231128692626953,3,3,True
resnet50,resnet50_linear_head,d32_right,3779,3779,6,0.9177345633506775,6,6,True
resnet50,resnet50_linear_head,d32_right,3844,3844,6,0.9233077764511108,6,6,True
resnet50,resnet50_linear_head,d32_right,3851,3851,3,0.9784293174743652,3,3,True
resnet50,resnet50_linear_head,d32_right,3852,3852,5,0.8959774374961853,5,5,True
resnet50,resnet50_linear_head,d32_right,3863,3863,5,0.9788551926612854,5,5,True
resnet50,resnet50_linear_head,d32_right,3867,3867,7,0.8802666068077087,7,7,True
resnet50,resnet50_linear_head,d32_right,3876,3876,0,0.9336028695106506,0,0,True
resnet50,resnet50_linear_head,d32_right,3889,3889,5,0.8867822289466858,5,5,True
resnet50,resnet50_linear_head,d32_right,3891,3891,4,0.8381405472755432,4,4,True
resnet50,resnet50_linear_head,d32_right,3893,3893,9,0.9377233982086182,9,9,True
resnet50,resnet50_linear_head,d32_right,3905,3905,8,0.9299464821815491,8,8,True
resnet50,resnet50_linear_head,d32_right,3914,3914,3,0.9302470684051514,3,3,True
resnet50,resnet50_linear_head,d32_right,3937,3937,1,0.9665355682373047,1,1,True
resnet50,resnet50_linear_head,d32_right,3942,3942,9,0.9244710803031921,9,9,True
resnet50,resnet50_linear_head,d32_right,3948,3948,8,0.9378582239151001,8,8,True
resnet50,resnet50_linear_head,d32_right,3962,3962,6,0.978396475315094,6,6,True
resnet50,resnet50_linear_head,d32_right,3965,3965,0,0.9628587961196899,0,0,True
resnet50,resnet50_linear_head,d32_right,3994,3994,4,0.8657563924789429,4,4,True
resnet50,resnet50_linear_head,d32_right,3996,3996,9,0.9279877543449402,9,9,True
resnet50,resnet50_linear_head,d32_right,4011,4011,6,0.9345617890357971,6,6,True
resnet50,resnet50_linear_head,d32_right,4023,4023,3,0.8705660700798035,3,3,True
resnet50,resnet50_linear_head,d32_right,4054,4054,4,0.846908450126648,4,4,True
resnet50,resnet50_linear_head,d32_right,4065,4065,2,0.9060256481170654,2,2,True
resnet50,resnet50_linear_head,d32_right,4069,4069,8,0.9480149149894714,8,8,True
resnet50,resnet50_linear_head,d32_right,4093,4093,6,0.948558509349823,6,6,True
resnet50,resnet50_linear_head,d32_right,4094,4094,9,0.9369450211524963,9,9,True
resnet50,resnet50_linear_head,d32_right,4106,4106,5,0.7999088764190674,5,5,True
resnet50,resnet50_linear_head,d32_right,4130,4130,0,0.9329341053962708,0,0,True
resnet50,resnet50_linear_head,d32_right,4168,4168,3,0.914920449256897,3,3,True
resnet50,resnet50_linear_head,d32_right,4170,4170,8,0.9752917289733887,8,8,True
resnet50,resnet50_linear_head,d32_right,4172,4172,7,0.8779844045639038,7,7,True
resnet50,resnet50_linear_head,d32_right,4177,4177,8,0.9265927672386169,8,8,True
resnet50,resnet50_linear_head,d32_right,4215,4215,3,0.9389870166778564,3,3,True
resnet50,resnet50_linear_head,d32_right,4229,4229,3,0.8988543748855591,3,3,True
resnet50,resnet50_linear_head,d32_right,4236,4236,7,0.8644250631332397,7,7,True
resnet50,resnet50_linear_head,d32_right,4242,4242,8,0.9638840556144714,8,8,True
resnet50,resnet50_linear_head,d32_right,4254,4254,6,0.9733661413192749,6,6,True
resnet50,resnet50_linear_head,d32_right,4290,4290,5,0.9297127723693848,5,5,True
resnet50,resnet50_linear_head,d32_right,4298,4298,1,0.9703124761581421,1,1,True
resnet50,resnet50_linear_head,d32_right,4308,4308,7,0.8311501145362854,7,7,True
resnet50,resnet50_linear_head,d32_right,4311,4311,8,0.9456813931465149,8,8,True
resnet50,resnet50_linear_head,d32_right,4323,4323,3,0.8381167650222778,3,3,True
resnet50,resnet50_linear_head,d32_right,4330,4330,3,0.8743702173233032,3,3,True
resnet50,resnet50_linear_head,d32_right,4341,4341,6,0.9607338905334473,6,6,True
resnet50,resnet50_linear_head,d32_right,4355,4355,8,0.9401070475578308,8,8,True
resnet50,resnet50_linear_head,d32_right,4399,4399,0,0.9147881865501404,0,0,True
resnet50,resnet50_linear_head,d32_right,4403,4403,7,0.9288118481636047,7,7,True
resnet50,resnet50_linear_head,d32_right,4411,4411,6,0.9374415278434753,6,6,True
resnet50,resnet50_linear_head,d32_right,4449,4449,9,0.9239739775657654,9,9,True
resnet50,resnet50_linear_head,d32_right,4463,4463,3,0.7441253662109375,3,3,True
resnet50,resnet50_linear_head,d32_right,4531,4531,3,0.8132176399230957,3,3,True
resnet50,resnet50_linear_head,d32_right,4539,4539,0,0.9473972320556641,0,0,True
resnet50,resnet50_linear_head,d32_right,4547,4547,5,0.9015210866928101,5,5,True
resnet50,resnet50_linear_head,d32_right,4552,4552,8,0.9394224882125854,8,8,True
resnet50,resnet50_linear_head,d32_right,4570,4570,5,0.9490265846252441,5,5,True
resnet50,resnet50_linear_head,d32_right,4590,4590,3,0.943379282951355,3,3,True
resnet50,resnet50_linear_head,d32_right,4609,4609,3,0.8177769184112549,3,3,True
resnet50,resnet50_linear_head,d32_right,4615,4615,0,0.9587870836257935,0,0,True
resnet50,resnet50_linear_head,d32_right,4617,4617,0,0.9406328797340393,0,0,True
resnet50,resnet50_linear_head,d32_right,4620,4620,6,0.9589630961418152,6,6,True
resnet50,resnet50_linear_head,d32_right,4629,4629,4,0.8281571269035339,4,4,True
resnet50,resnet50_linear_head,d32_right,4640,4640,1,0.9065530300140381,1,1,True
resnet50,resnet50_linear_head,d32_right,4642,4642,4,0.9712396860122681,4,4,True
resnet50,resnet50_linear_head,d32_right,4661,4661,7,0.8707281351089478,7,7,True
resnet50,resnet50_linear_head,d32_right,4662,4662,8,0.9439132809638977,8,8,True
resnet50,resnet50_linear_head,d32_right,4675,4675,0,0.9064164161682129,0,0,True
resnet50,resnet50_linear_head,d32_right,4676,4676,8,0.9763291478157043,8,8,True
resnet50,resnet50_linear_head,d32_right,4704,4704,7,0.9000030159950256,7,7,True
resnet50,resnet50_linear_head,d32_right,4723,4723,9,0.9716190099716187,9,9,True
resnet50,resnet50_linear_head,d32_right,4731,4731,6,0.8760543465614319,6,6,True
resnet50,resnet50_linear_head,d32_right,4735,4735,2,0.9750614762306213,2,2,True
resnet50,resnet50_linear_head,d32_right,4740,4740,4,0.9420541524887085,4,4,True
resnet50,resnet50_linear_head,d32_right,4746,4746,6,0.9702576398849487,6,6,True
resnet50,resnet50_linear_head,d32_right,4748,4748,7,0.9429565668106079,7,7,True
resnet50,resnet50_linear_head,d32_right,4754,4754,6,0.9531468749046326,6,6,True
resnet50,resnet50_linear_head,d32_right,4785,4785,0,0.9500701427459717,0,0,True
resnet50,resnet50_linear_head,d32_right,4791,4791,7,0.9783288240432739,7,7,True
resnet50,resnet50_linear_head,d32_right,4819,4819,0,0.9591801166534424,0,0,True
resnet50,resnet50_linear_head,d32_right,4821,4821,3,0.9705969095230103,3,3,True
resnet50,resnet50_linear_head,d32_right,4827,4827,6,0.91733318567276,6,6,True
resnet50,resnet50_linear_head,d32_right,4850,4850,5,0.8625178337097168,5,5,True
resnet50,resnet50_linear_head,d32_right,4881,4881,3,0.8984658122062683,3,3,True
resnet50,resnet50_linear_head,d32_right,4893,4893,0,0.9175617098808289,0,0,True
resnet50,resnet50_linear_head,d32_right,4908,4908,3,0.9400527477264404,3,3,True
resnet50,resnet50_linear_head,d32_right,4913,4913,2,0.9627254009246826,2,2,True
resnet50,resnet50_linear_head,d32_right,4921,4921,2,0.9287317991256714,2,2,True
resnet50,resnet50_linear_head,d32_right,4953,4953,5,0.8506849408149719,5,5,True
resnet50,resnet50_linear_head,d32_right,4966,4966,5,0.9159614443778992,5,5,True
resnet50,resnet50_linear_head,d32_right,4990,4990,8,0.9367074966430664,8,8,True
resnet50,resnet50_linear_head,d32_right,5000,5000,8,0.9432104229927063,8,8,True
resnet50,resnet50_linear_head,d32_right,5030,5030,2,0.9590505361557007,2,2,True
resnet50,resnet50_linear_head,d32_right,5062,5062,4,0.967071533203125,4,4,True
resnet50,resnet50_linear_head,d32_right,5077,5077,4,0.9231423139572144,4,4,True
resnet50,resnet50_linear_head,d32_right,5082,5082,6,0.9308778047561646,6,6,True
resnet50,resnet50_linear_head,d32_right,5092,5092,1,0.9362110495567322,1,1,True
resnet50,resnet50_linear_head,d32_right,5101,5101,5,0.9419794678688049,5,5,True
resnet50,resnet50_linear_head,d32_right,5117,5117,0,0.9435811042785645,0,0,True
resnet50,resnet50_linear_head,d32_right,5123,5123,1,0.9679418802261353,1,1,True
resnet50,resnet50_linear_head,d32_right,5135,5135,4,0.8634178638458252,4,4,True
resnet50,resnet50_linear_head,d32_right,5183,5183,2,0.9635136723518372,2,2,True
resnet50,resnet50_linear_head,d32_right,5213,5213,4,0.9361823201179504,4,4,True
resnet50,resnet50_linear_head,d32_right,5218,5218,2,0.9796677827835083,2,2,True
resnet50,resnet50_linear_head,d32_right,5220,5220,1,0.7970603704452515,3,3,True
resnet50,resnet50_linear_head,d32_right,5237,5237,2,0.9666095972061157,2,2,True
resnet50,resnet50_linear_head,d32_right,5256,5256,1,0.8085886240005493,1,1,True
resnet50,resnet50_linear_head,d32_right,5284,5284,9,0.907687246799469,9,9,True
resnet50,resnet50_linear_head,d32_right,5301,5301,9,0.921579122543335,9,9,True
resnet50,resnet50_linear_head,d32_right,5318,5318,2,0.9539540410041809,2,2,True
resnet50,resnet50_linear_head,d32_right,5332,5332,5,0.8109886646270752,5,5,True
resnet50,resnet50_linear_head,d32_right,5333,5333,2,0.9305106401443481,2,2,True
resnet50,resnet50_linear_head,d32_right,5360,5360,9,0.9453802108764648,9,9,True
resnet50,resnet50_linear_head,d32_right,5381,5381,5,0.9742318391799927,5,5,True
resnet50,resnet50_linear_head,d32_right,5382,5382,6,0.8834398984909058,6,6,True
resnet50,resnet50_linear_head,d32_right,5395,5395,2,0.9193333387374878,2,2,True
resnet50,resnet50_linear_head,d32_right,5402,5402,4,0.9718874096870422,4,4,True
resnet50,resnet50_linear_head,d32_right,5408,5408,6,0.9408234357833862,6,6,True
resnet50,resnet50_linear_head,d32_right,5436,5436,7,0.9670346975326538,7,7,True
resnet50,resnet50_linear_head,d32_right,5447,5447,9,0.9650226831436157,9,9,True
resnet50,resnet50_linear_head,d32_right,5450,5450,7,0.9608193039894104,7,7,True
resnet50,resnet50_linear_head,d32_right,5451,5451,8,0.9461789131164551,8,8,True
resnet50,resnet50_linear_head,d32_right,5452,5452,9,0.9237111806869507,9,9,True
resnet50,resnet50_linear_head,d32_right,5467,5467,4,0.9583964943885803,4,4,True
resnet50,resnet50_linear_head,d32_right,5478,5478,0,0.899034857749939,0,0,True
resnet50,resnet50_linear_head,d32_right,5488,5488,1,0.9469392895698547,7,7,True
resnet50,resnet50_linear_head,d32_right,5496,5496,5,0.8835115432739258,5,5,True
resnet50,resnet50_linear_head,d32_right,5508,5508,9,0.951675295829773,9,9,True
resnet50,resnet50_linear_head,d32_right,5512,5512,2,0.7918050289154053,9,9,True
resnet50,resnet50_linear_head,d32_right,5525,5525,8,0.9008736610412598,8,8,True
resnet50,resnet50_linear_head,d32_right,5528,5528,3,0.9161819219589233,5,5,True
resnet50,resnet50_linear_head,d32_right,5556,5556,4,0.9396235942840576,4,4,True
resnet50,resnet50_linear_head,d32_right,5560,5560,1,0.9745123386383057,1,1,True
resnet50,resnet50_linear_head,d32_right,5572,5572,9,0.9136192202568054,9,9,True
resnet50,resnet50_linear_head,d32_right,5580,5580,6,0.9308268427848816,6,6,True
resnet50,resnet50_linear_head,d32_right,5590,5590,9,0.9207907915115356,9,9,True
resnet50,resnet50_linear_head,d32_right,5623,5623,4,0.8558790683746338,4,4,True
resnet50,resnet50_linear_head,d32_right,5677,5677,2,0.9261996746063232,2,2,True
resnet50,resnet50_linear_head,d32_right,5694,5694,8,0.9551852345466614,8,8,True
resnet50,resnet50_linear_head,d32_right,5701,5701,5,0.8797368407249451,5,5,True
resnet50,resnet50_linear_head,d32_right,5705,5705,8,0.941003143787384,8,8,True
resnet50,resnet50_linear_head,d32_right,5719,5719,7,0.9453974366188049,7,7,True
resnet50,resnet50_linear_head,d32_right,5729,5729,6,0.9088674187660217,6,6,True
resnet50,resnet50_linear_head,d32_right,5756,5756,2,0.9623215198516846,2,2,True
resnet50,resnet50_linear_head,d32_right,5788,5788,9,0.9641000032424927,9,9,True
resnet50,resnet50_linear_head,d32_right,5789,5789,4,0.8926223516464233,4,4,True
resnet50,resnet50_linear_head,d32_right,5824,5824,2,0.9149807691574097,2,2,True
resnet50,resnet50_linear_head,d32_right,5848,5848,7,0.8821496367454529,7,7,True
resnet50,resnet50_linear_head,d32_right,5851,5851,9,0.9804301857948303,9,9,True
resnet50,resnet50_linear_head,d32_right,5857,5857,6,0.8989783525466919,4,4,True
resnet50,resnet50_linear_head,d32_right,5858,5858,6,0.9094094634056091,6,6,True
resnet50,resnet50_linear_head,d32_right,5912,5912,0,0.9415985345840454,0,0,True
resnet50,resnet50_linear_head,d32_right,5915,5915,9,0.9014791250228882,9,9,True
resnet50,resnet50_linear_head,d32_right,5918,5918,0,0.9256092309951782,0,0,True
resnet50,resnet50_linear_head,d32_right,5924,5924,5,0.9302638173103333,5,5,True
resnet50,resnet50_linear_head,d32_right,5977,5977,7,0.9223411083221436,7,7,True
resnet50,resnet50_linear_head,d32_right,5981,5981,9,0.9246748685836792,9,9,True
resnet50,resnet50_linear_head,d32_right,5999,5999,0,0.875424325466156,0,0,True
resnet50,resnet50_linear_head,d32_right,6028,6028,2,0.9425489902496338,2,2,True
resnet50,resnet50_linear_head,d32_right,6033,6033,4,0.9415552020072937,4,4,True
resnet50,resnet50_linear_head,d32_right,6076,6076,1,0.9198355674743652,1,1,True
resnet50,resnet50_linear_head,d32_right,6084,6084,7,0.870017409324646,7,7,True
resnet50,resnet50_linear_head,d32_right,6097,6097,4,0.9489342570304871,4,4,True
resnet50,resnet50_linear_head,d32_right,6169,6169,1,0.8621135950088501,1,1,True
resnet50,resnet50_linear_head,d32_right,6190,6190,7,0.838430643081665,7,7,True
resnet50,resnet50_linear_head,d32_right,6224,6224,5,0.9543116688728333,5,5,True
resnet50,resnet50_linear_head,d32_right,6244,6244,2,0.8842588663101196,2,2,True
resnet50,resnet50_linear_head,d32_right,6264,6264,2,0.9255345463752747,2,2,True
resnet50,resnet50_linear_head,d32_right,6271,6271,2,0.8877149820327759,2,2,True
resnet50,resnet50_linear_head,d32_right,6288,6288,4,0.8883112668991089,4,4,True
resnet50,resnet50_linear_head,d32_right,6332,6332,2,0.9552630186080933,2,2,True
resnet50,resnet50_linear_head,d32_right,6349,6349,1,0.9160665273666382,1,1,True
resnet50,resnet50_linear_head,d32_right,6354,6354,2,0.9171905517578125,2,2,True
resnet50,resnet50_linear_head,d32_right,6358,6358,5,0.9327136874198914,5,5,True
resnet50,resnet50_linear_head,d32_right,6381,6381,6,0.9151489734649658,6,6,True
resnet50,resnet50_linear_head,d32_right,6414,6414,5,0.8040027618408203,5,3,False
resnet50,resnet50_linear_head,d32_right,6426,6426,2,0.9078996777534485,2,2,True
resnet50,resnet50_linear_head,d32_right,6434,6434,8,0.9540367722511292,8,8,True
resnet50,resnet50_linear_head,d32_right,6437,6437,0,0.8979161977767944,0,0,True
resnet50,resnet50_linear_head,d32_right,6455,6455,0,0.8497731685638428,0,0,True
resnet50,resnet50_linear_head,d32_right,6490,6490,3,0.862242579460144,3,3,True
resnet50,resnet50_linear_head,d32_right,6503,6503,2,0.9499363899230957,2,2,True
resnet50,resnet50_linear_head,d32_right,6508,6508,4,0.979147732257843,4,4,True
resnet50,resnet50_linear_head,d32_right,6528,6528,4,0.9535354375839233,4,4,True
resnet50,resnet50_linear_head,d32_right,6594,6594,1,0.9511895179748535,1,1,True
resnet50,resnet50_linear_head,d32_right,6609,6609,0,0.982677698135376,0,0,True
resnet50,resnet50_linear_head,d32_right,6616,6616,2,0.8807846307754517,2,2,True
resnet50,resnet50_linear_head,d32_right,6650,6650,7,0.8184797763824463,7,7,True
resnet50,resnet50_linear_head,d32_right,6689,6689,8,0.9814897179603577,8,8,True
resnet50,resnet50_linear_head,d32_right,6692,6692,2,0.9623416662216187,2,2,True
resnet50,resnet50_linear_head,d32_right,6713,6713,6,0.930864155292511,6,6,True
resnet50,resnet50_linear_head,d32_right,6716,6716,5,0.8987804651260376,5,5,True
resnet50,resnet50_linear_head,d32_right,6726,6726,7,0.9018498659133911,7,7,True
resnet50,resnet50_linear_head,d32_right,6733,6733,1,0.9775406122207642,1,1,True
resnet50,resnet50_linear_head,d32_right,6772,6772,7,0.9008896946907043,7,7,True
resnet50,resnet50_linear_head,d32_right,6805,6805,1,0.9871364235877991,1,1,True
resnet50,resnet50_linear_head,d32_right,6836,6836,1,0.842502772808075,1,1,True
resnet50,resnet50_linear_head,d32_right,6844,6844,0,0.9592795968055725,0,0,True
resnet50,resnet50_linear_head,d32_right,6922,6922,5,0.9552398920059204,5,5,True
resnet50,resnet50_linear_head,d32_right,6931,6931,9,0.9269433617591858,9,9,True
resnet50,resnet50_linear_head,d32_right,6938,6938,1,0.9453193545341492,1,1,True
resnet50,resnet50_linear_head,d32_right,6952,6952,3,0.8865270018577576,3,3,True
resnet50,resnet50_linear_head,d32_right,6954,6954,1,0.9709502458572388,1,1,True
resnet50,resnet50_linear_head,d32_right,6986,6986,0,0.9725866317749023,0,0,True
resnet50,resnet50_linear_head,d32_right,6989,6989,5,0.9671395421028137,5,5,True
resnet50,resnet50_linear_head,d32_right,7009,7009,0,0.9375030398368835,0,0,True
resnet50,resnet50_linear_head,d32_right,7029,7029,1,0.9646965861320496,1,1,True
resnet50,resnet50_linear_head,d32_right,7033,7033,1,0.8170672655105591,1,1,True
resnet50,resnet50_linear_head,d32_right,7041,7041,5,0.9072099924087524,5,5,True
resnet50,resnet50_linear_head,d32_right,7047,7047,9,0.922301173210144,9,9,True
resnet50,resnet50_linear_head,d32_right,7081,7081,7,0.794334888458252,7,7,True
resnet50,resnet50_linear_head,d32_right,7084,7084,2,0.9666081070899963,2,2,True
resnet50,resnet50_linear_head,d32_right,7108,7108,6,0.9385353922843933,6,6,True
resnet50,resnet50_linear_head,d32_right,7130,7130,5,0.8874379396438599,5,5,True
resnet50,resnet50_linear_head,d32_right,7138,7138,8,0.9705663919448853,8,8,True
resnet50,resnet50_linear_head,d32_right,7150,7150,0,0.924239456653595,0,0,True
resnet50,resnet50_linear_head,d32_right,7202,7202,1,0.8441494107246399,1,1,True
resnet50,resnet50_linear_head,d32_right,7262,7262,0,0.9499089121818542,0,0,True
resnet50,resnet50_linear_head,d32_right,7266,7266,9,0.9471334218978882,9,9,True
resnet50,resnet50_linear_head,d32_right,7270,7270,7,0.8414884805679321,7,7,True
resnet50,resnet50_linear_head,d32_right,7309,7309,0,0.8928354382514954,0,0,True
resnet50,resnet50_linear_head,d32_right,7320,7320,0,0.8985238075256348,0,0,True
resnet50,resnet50_linear_head,d32_right,7338,7338,6,0.9443455934524536,6,6,True
resnet50,resnet50_linear_head,d32_right,7372,7372,0,0.9299860000610352,0,0,True
resnet50,resnet50_linear_head,d32_right,7373,7373,0,0.9739496111869812,0,0,True
resnet50,resnet50_linear_head,d32_right,7380,7380,9,0.9442075490951538,9,9,True
resnet50,resnet50_linear_head,d32_right,7390,7390,1,0.8328850865364075,1,1,True
resnet50,resnet50_linear_head,d32_right,7413,7413,5,0.9442029595375061,5,3,False
resnet50,resnet50_linear_head,d32_right,7416,7416,3,0.9177703857421875,5,5,True
resnet50,resnet50_linear_head,d32_right,7425,7425,2,0.9717499017715454,2,2,True
resnet50,resnet50_linear_head,d32_right,7446,7446,8,0.9584426283836365,8,8,True
resnet50,resnet50_linear_head,d32_right,7460,7460,8,0.9573236703872681,8,8,True
resnet50,resnet50_linear_head,d32_right,7465,7465,0,0.9285455346107483,0,0,True
resnet50,resnet50_linear_head,d32_right,7474,7474,5,0.9133162498474121,5,5,True
resnet50,resnet50_linear_head,d32_right,7475,7475,4,0.9529429078102112,4,4,True
resnet50,resnet50_linear_head,d32_right,7476,7476,8,0.969506561756134,8,8,True
resnet50,resnet50_linear_head,d32_right,7544,7544,9,0.9686083793640137,9,9,True
resnet50,resnet50_linear_head,d32_right,7555,7555,6,0.9359537363052368,6,6,True
resnet50,resnet50_linear_head,d32_right,7600,7600,6,0.9511710405349731,6,6,True
resnet50,resnet50_linear_head,d32_right,7610,7610,4,0.9238590002059937,4,4,True
resnet50,resnet50_linear_head,d32_right,7634,7634,0,0.9443394541740417,0,0,True
resnet50,resnet50_linear_head,d32_right,7692,7692,4,0.8026952743530273,4,4,True
resnet50,resnet50_linear_head,d32_right,7706,7706,5,0.9541475176811218,5,5,True
resnet50,resnet50_linear_head,d32_right,7726,7726,6,0.9507262706756592,6,6,True
resnet50,resnet50_linear_head,d32_right,7744,7744,3,0.8184019327163696,3,3,True
resnet50,resnet50_linear_head,d32_right,7752,7752,9,0.9574247002601624,9,9,True
resnet50,resnet50_linear_head,d32_right,7776,7776,5,0.8594962358474731,5,5,True
resnet50,resnet50_linear_head,d32_right,7779,7779,6,0.8826481699943542,6,6,True
resnet50,resnet50_linear_head,d32_right,7781,7781,6,0.9548600912094116,6,6,True
resnet50,resnet50_linear_head,d32_right,7793,7793,3,0.9363082647323608,5,5,True
resnet50,resnet50_linear_head,d32_right,7797,7797,3,0.8901393413543701,3,3,True
resnet50,resnet50_linear_head,d32_right,7810,7810,8,0.9696053862571716,8,8,True
resnet50,resnet50_linear_head,d32_right,7818,7818,8,0.85318922996521,8,8,True
resnet50,resnet50_linear_head,d32_right,7835,7835,7,0.946361780166626,7,7,True
resnet50,resnet50_linear_head,d32_right,7864,7864,4,0.9598137736320496,4,4,True
resnet50,resnet50_linear_head,d32_right,7875,7875,8,0.943818211555481,8,8,True
resnet50,resnet50_linear_head,d32_right,7938,7938,9,0.8594163060188293,9,9,True
resnet50,resnet50_linear_head,d32_right,7940,7940,4,0.9207484722137451,4,4,True
resnet50,resnet50_linear_head,d32_right,7944,7944,4,0.9398104548454285,4,4,True
resnet50,resnet50_linear_head,d32_right,7955,7955,1,0.875025749206543,1,1,True
resnet50,resnet50_linear_head,d32_right,7995,7995,9,0.9757227897644043,9,9,True
resnet50,resnet50_linear_head,d32_right,7996,7996,6,0.9408806562423706,6,6,True
resnet50,resnet50_linear_head,d32_right,7999,7999,8,0.9582950472831726,8,8,True
