backbone,predictor,condition,transformed_identifier,clean_official_index,true_class_id,cosine_similarity,clean_predicted_class_id,transformed_predicted_class_id,prediction_consistent
vit_b_16,vit_b_16_linear_head,grayscale,3,3,0,0.7551721930503845,0,0,True
vit_b_16,vit_b_16_linear_head,grayscale,29,29,7,1.0,7,7,True
vit_b_16,vit_b_16_linear_head,grayscale,35,35,2,0.5634056925773621,2,2,True
vit_b_16,vit_b_16_linear_head,grayscale,42,42,0,0.98590487241745,0,0,True
vit_b_16,vit_b_16_linear_head,grayscale,49,49,2,0.7826922535896301,2,2,True
vit_b_16,vit_b_16_linear_head,grayscale,81,81,0,0.9999999403953552,0,0,True
vit_b_16,vit_b_16_linear_head,grayscale,95,95,1,0.8267848491668701,1,1,True
vit_b_16,vit_b_16_linear_head,grayscale,97,97,5,0.7863736152648926,5,5,True
vit_b_16,vit_b_16_linear_head,grayscale,116,116,1,0.6480365991592407,1,1,True
vit_b_16,vit_b_16_linear_head,grayscale,131,131,9,0.7785348296165466,9,9,True
vit_b_16,vit_b_16_linear_head,grayscale,151,151,8,0.6235601305961609,8,8,True
vit_b_16,vit_b_16_linear_head,grayscale,171,171,4,0.8576556444168091,4,4,True
vit_b_16,vit_b_16_linear_head,grayscale,176,176,3,0.7156840562820435,3,3,True
vit_b_16,vit_b_16_linear_head,grayscale,191,191,9,0.8398572206497192,9,9,True
vit_b_16,vit_b_16_linear_head,grayscale,194,194,8,0.8057554960250854,8,8,True
vit_b_16,vit_b_16_linear_head,grayscale,198,198,1,0.6489758491516113,1,1,True
vit_b_16,vit_b_16_linear_head,grayscale,239,239,9,0.7768402099609375,9,9,True
vit_b_16,vit_b_16_linear_head,grayscale,261,261,1,0.8805192708969116,5,1,False
vit_b_16,vit_b_16_linear_head,grayscale,269,269,7,0.6255927681922913,7,7,True
vit_b_16,vit_b_16_linear_head,grayscale,276,276,9,0.7310395836830139,9,9,True
vit_b_16,vit_b_16_linear_head,grayscale,303,303,9,0.9135892987251282,9,9,True
vit_b_16,vit_b_16_linear_head,grayscale,304,304,1,0.5591353178024292,1,1,True
vit_b_16,vit_b_16_linear_head,grayscale,317,317,2,0.8080453872680664,2,2,True
vit_b_16,vit_b_16_linear_head,grayscale,319,319,5,0.7182187438011169,5,5,True
vit_b_16,vit_b_16_linear_head,grayscale,323,323,7,0.8686384558677673,7,7,True
vit_b_16,vit_b_16_linear_head,grayscale,365,365,3,0.7217518091201782,3,3,True
vit_b_16,vit_b_16_linear_head,grayscale,370,370,7,0.7966296672821045,7,7,True
vit_b_16,vit_b_16_linear_head,grayscale,372,372,3,0.7406811714172363,3,3,True
vit_b_16,vit_b_16_linear_head,grayscale,378,378,5,0.8731552958488464,5,5,True
vit_b_16,vit_b_16_linear_head,grayscale,391,391,3,0.8138518929481506,3,3,True
vit_b_16,vit_b_16_linear_head,grayscale,409,409,2,0.8391626477241516,2,2,True
vit_b_16,vit_b_16_linear_head,grayscale,419,419,9,0.828729510307312,9,9,True
vit_b_16,vit_b_16_linear_head,grayscale,449,449,6,0.7057786583900452,6,6,True
vit_b_16,vit_b_16_linear_head,grayscale,470,470,2,0.8498193025588989,2,2,True
vit_b_16,vit_b_16_linear_head,grayscale,483,483,2,0.7424283623695374,2,2,True
vit_b_16,vit_b_16_linear_head,grayscale,484,484,0,0.7065845727920532,0,0,True
vit_b_16,vit_b_16_linear_head,grayscale,506,506,4,0.6941449046134949,4,4,True
vit_b_16,vit_b_16_linear_head,grayscale,545,545,6,0.7877588272094727,6,6,True
vit_b_16,vit_b_16_linear_head,grayscale,562,562,0,0.8843898773193359,0,0,True
vit_b_16,vit_b_16_linear_head,grayscale,568,568,5,0.9053911566734314,5,5,True
vit_b_16,vit_b_16_linear_head,grayscale,603,603,9,0.8557892441749573,9,9,True
vit_b_16,vit_b_16_linear_head,grayscale,632,632,3,0.8158475160598755,3,3,True
vit_b_16,vit_b_16_linear_head,grayscale,645,645,5,0.6111770272254944,5,5,True
vit_b_16,vit_b_16_linear_head,grayscale,667,667,8,0.7327136993408203,8,8,True
vit_b_16,vit_b_16_linear_head,grayscale,672,672,3,0.8205531239509583,3,3,True
vit_b_16,vit_b_16_linear_head,grayscale,677,677,3,0.8834354877471924,3,3,True
vit_b_16,vit_b_16_linear_head,grayscale,685,685,5,0.695265531539917,5,5,True
vit_b_16,vit_b_16_linear_head,grayscale,691,691,4,0.6709808111190796,4,4,True
vit_b_16,vit_b_16_linear_head,grayscale,706,706,8,0.7733412384986877,8,8,True
vit_b_16,vit_b_16_linear_head,grayscale,714,714,2,0.750943660736084,2,2,True
vit_b_16,vit_b_16_linear_head,grayscale,716,716,8,0.8906422853469849,8,8,True
vit_b_16,vit_b_16_linear_head,grayscale,738,738,3,0.6647316217422485,3,3,True
vit_b_16,vit_b_16_linear_head,grayscale,739,739,8,0.6854445338249207,8,8,True
vit_b_16,vit_b_16_linear_head,grayscale,766,766,4,0.6735960245132446,6,6,True
vit_b_16,vit_b_16_linear_head,grayscale,791,791,3,0.8894773721694946,3,3,True
vit_b_16,vit_b_16_linear_head,grayscale,805,805,9,0.7180348634719849,9,9,True
vit_b_16,vit_b_16_linear_head,grayscale,825,825,1,0.8744574785232544,1,1,True
vit_b_16,vit_b_16_linear_head,grayscale,852,852,9,0.8897349834442139,9,9,True
vit_b_16,vit_b_16_linear_head,grayscale,855,855,4,0.8553440570831299,4,4,True
vit_b_16,vit_b_16_linear_head,grayscale,873,873,6,0.809057891368866,6,6,True
vit_b_16,vit_b_16_linear_head,grayscale,890,890,6,0.8050260543823242,6,6,True
vit_b_16,vit_b_16_linear_head,grayscale,920,920,6,0.8151655197143555,6,6,True
vit_b_16,vit_b_16_linear_head,grayscale,929,929,6,0.7546679973602295,6,6,True
vit_b_16,vit_b_16_linear_head,grayscale,962,962,8,0.6751889586448669,8,8,True
vit_b_16,vit_b_16_linear_head,grayscale,964,964,6,0.7336013913154602,6,6,True
vit_b_16,vit_b_16_linear_head,grayscale,977,977,6,0.5845176577568054,6,6,True
vit_b_16,vit_b_16_linear_head,grayscale,979,979,3,0.7144327759742737,3,3,True
vit_b_16,vit_b_16_linear_head,grayscale,981,981,2,0.8351408243179321,2,2,True
vit_b_16,vit_b_16_linear_head,grayscale,1022,1022,9,0.6407367587089539,9,2,False
vit_b_16,vit_b_16_linear_head,grayscale,1032,1032,7,0.6776958703994751,7,7,True
vit_b_16,vit_b_16_linear_head,grayscale,1048,1048,7,0.8466842770576477,7,7,True
vit_b_16,vit_b_16_linear_head,grayscale,1090,1090,1,0.7755647897720337,1,1,True
vit_b_16,vit_b_16_linear_head,grayscale,1095,1095,5,0.8123982548713684,5,5,True
vit_b_16,vit_b_16_linear_head,grayscale,1109,1109,1,0.7728331685066223,1,1,True
vit_b_16,vit_b_16_linear_head,grayscale,1111,1111,4,0.6387314796447754,4,4,True
vit_b_16,vit_b_16_linear_head,grayscale,1115,1115,1,0.6066862940788269,1,1,True
vit_b_16,vit_b_16_linear_head,grayscale,1124,1124,4,0.7148435115814209,4,4,True
vit_b_16,vit_b_16_linear_head,grayscale,1129,1129,8,0.7051997780799866,8,8,True
vit_b_16,vit_b_16_linear_head,grayscale,1175,1175,0,0.9207358360290527,0,0,True
vit_b_16,vit_b_16_linear_head,grayscale,1202,1202,2,0.78554368019104,2,2,True
vit_b_16,vit_b_16_linear_head,grayscale,1204,1204,3,0.76012122631073,3,3,True
vit_b_16,vit_b_16_linear_head,grayscale,1211,1211,4,0.7305125594139099,4,4,True
vit_b_16,vit_b_16_linear_head,grayscale,1220,1220,7,0.7207165956497192,7,7,True
vit_b_16,vit_b_16_linear_head,grayscale,1230,1230,1,0.5385977029800415,1,7,False
vit_b_16,vit_b_16_linear_head,grayscale,1247,1247,8,0.767884373664856,8,8,True
vit_b_16,vit_b_16_linear_head,grayscale,1263,1263,3,0.7576200366020203,3,3,True
vit_b_16,vit_b_16_linear_head,grayscale,1266,1266,4,0.7104885578155518,4,4,True
vit_b_16,vit_b_16_linear_head,grayscale,1287,1287,7,0.8659825325012207,7,7,True
vit_b_16,vit_b_16_linear_head,grayscale,1296,1296,7,0.534295380115509,7,7,True
vit_b_16,vit_b_16_linear_head,grayscale,1370,1370,3,0.7299318313598633,3,3,True
vit_b_16,vit_b_16_linear_head,grayscale,1389,1389,0,0.8397453427314758,0,0,True
vit_b_16,vit_b_16_linear_head,grayscale,1401,1401,3,0.7461955547332764,3,3,True
vit_b_16,vit_b_16_linear_head,grayscale,1403,1403,2,0.7607468962669373,2,2,True
vit_b_16,vit_b_16_linear_head,grayscale,1411,1411,9,0.8849995136260986,9,9,True
vit_b_16,vit_b_16_linear_head,grayscale,1429,1429,4,0.731021523475647,4,4,True
vit_b_16,vit_b_16_linear_head,grayscale,1430,1430,9,0.7394159436225891,9,9,True
vit_b_16,vit_b_16_linear_head,grayscale,1431,1431,3,0.7944871783256531,3,3,True
vit_b_16,vit_b_16_linear_head,grayscale,1436,1436,1,0.6214977502822876,1,1,True
vit_b_16,vit_b_16_linear_head,grayscale,1440,1440,7,0.775852382183075,7,7,True
vit_b_16,vit_b_16_linear_head,grayscale,1468,1468,9,0.7317396402359009,9,9,True
vit_b_16,vit_b_16_linear_head,grayscale,1473,1473,7,0.8439565896987915,7,7,True
vit_b_16,vit_b_16_linear_head,grayscale,1515,1515,9,0.8248372673988342,9,9,True
vit_b_16,vit_b_16_linear_head,grayscale,1520,1520,2,0.7566708326339722,2,2,True
vit_b_16,vit_b_16_linear_head,grayscale,1531,1531,3,0.5654808878898621,3,3,True
vit_b_16,vit_b_16_linear_head,grayscale,1534,1534,6,0.9959684014320374,6,6,True
vit_b_16,vit_b_16_linear_head,grayscale,1552,1552,5,0.733424186706543,5,5,True
vit_b_16,vit_b_16_linear_head,grayscale,1553,1553,0,0.7957813143730164,0,0,True
vit_b_16,vit_b_16_linear_head,grayscale,1563,1563,3,0.6997151374816895,3,3,True
vit_b_16,vit_b_16_linear_head,grayscale,1568,1568,1,0.565570056438446,1,1,True
vit_b_16,vit_b_16_linear_head,grayscale,1579,1579,7,0.7014892101287842,7,7,True
vit_b_16,vit_b_16_linear_head,grayscale,1586,1586,2,0.7985844016075134,2,2,True
vit_b_16,vit_b_16_linear_head,grayscale,1596,1596,0,0.6194073557853699,0,0,True
vit_b_16,vit_b_16_linear_head,grayscale,1626,1626,5,0.6872006058692932,5,5,True
vit_b_16,vit_b_16_linear_head,grayscale,1640,1640,8,0.7862740755081177,8,8,True
vit_b_16,vit_b_16_linear_head,grayscale,1644,1644,5,0.7119054794311523,5,5,True
vit_b_16,vit_b_16_linear_head,grayscale,1648,1648,0,0.9156138896942139,0,0,True
vit_b_16,vit_b_16_linear_head,grayscale,1654,1654,9,0.8016875982284546,9,9,True
vit_b_16,vit_b_16_linear_head,grayscale,1667,1667,6,0.9999999403953552,6,6,True
vit_b_16,vit_b_16_linear_head,grayscale,1703,1703,7,0.6074339747428894,7,7,True
vit_b_16,vit_b_16_linear_head,grayscale,1711,1711,7,0.5715822577476501,7,7,True
vit_b_16,vit_b_16_linear_head,grayscale,1771,1771,7,0.8640942573547363,7,5,False
vit_b_16,vit_b_16_linear_head,grayscale,1783,1783,8,0.717183530330658,8,8,True
vit_b_16,vit_b_16_linear_head,grayscale,1814,1814,2,0.733036994934082,2,2,True
vit_b_16,vit_b_16_linear_head,grayscale,1833,1833,8,0.8120877742767334,8,8,True
vit_b_16,vit_b_16_linear_head,grayscale,1836,1836,9,0.7573155164718628,9,9,True
vit_b_16,vit_b_16_linear_head,grayscale,1839,1839,2,0.9359331130981445,2,2,True
vit_b_16,vit_b_16_linear_head,grayscale,1852,1852,1,0.7966487407684326,1,1,True
vit_b_16,vit_b_16_linear_head,grayscale,1871,1871,1,0.812575101852417,1,1,True
vit_b_16,vit_b_16_linear_head,grayscale,1877,1877,5,0.3763565123081207,5,4,False
vit_b_16,vit_b_16_linear_head,grayscale,1884,1884,7,0.8231769800186157,7,7,True
vit_b_16,vit_b_16_linear_head,grayscale,1927,1927,7,0.8955411911010742,7,7,True
vit_b_16,vit_b_16_linear_head,grayscale,1954,1954,8,0.7473428845405579,8,8,True
vit_b_16,vit_b_16_linear_head,grayscale,1956,1956,7,0.6295642852783203,7,7,True
vit_b_16,vit_b_16_linear_head,grayscale,1960,1960,4,0.518444299697876,5,4,False
vit_b_16,vit_b_16_linear_head,grayscale,1977,1977,0,0.9092222452163696,0,0,True
vit_b_16,vit_b_16_linear_head,grayscale,1986,1986,1,0.7981525659561157,1,1,True
vit_b_16,vit_b_16_linear_head,grayscale,1993,1993,1,0.6887892484664917,1,1,True
vit_b_16,vit_b_16_linear_head,grayscale,2003,2003,6,0.6732022762298584,6,6,True
vit_b_16,vit_b_16_linear_head,grayscale,2011,2011,9,0.8612813353538513,9,9,True
vit_b_16,vit_b_16_linear_head,grayscale,2024,2024,0,0.769250750541687,0,0,True
vit_b_16,vit_b_16_linear_head,grayscale,2028,2028,3,0.652225911617279,3,3,True
vit_b_16,vit_b_16_linear_head,grayscale,2062,2062,9,0.8937403559684753,9,9,True
vit_b_16,vit_b_16_linear_head,grayscale,2070,2070,1,0.41240641474723816,1,1,True
vit_b_16,vit_b_16_linear_head,grayscale,2082,2082,2,0.6917958855628967,2,2,True
vit_b_16,vit_b_16_linear_head,grayscale,2095,2095,1,0.7670724987983704,1,1,True
vit_b_16,vit_b_16_linear_head,grayscale,2109,2109,8,0.8309866189956665,8,8,True
vit_b_16,vit_b_16_linear_head,grayscale,2114,2114,9,0.8602979779243469,9,9,True
vit_b_16,vit_b_16_linear_head,grayscale,2116,2116,1,0.6322982907295227,3,3,True
vit_b_16,vit_b_16_linear_head,grayscale,2157,2157,1,0.4002404808998108,1,1,True
vit_b_16,vit_b_16_linear_head,grayscale,2167,2167,9,0.7085821032524109,9,9,True
vit_b_16,vit_b_16_linear_head,grayscale,2178,2178,1,0.6733578443527222,1,1,True
vit_b_16,vit_b_16_linear_head,grayscale,2191,2191,8,0.6185277104377747,8,8,True
vit_b_16,vit_b_16_linear_head,grayscale,2230,2230,8,0.6108660697937012,8,8,True
vit_b_16,vit_b_16_linear_head,grayscale,2242,2242,0,0.7300835847854614,0,0,True
vit_b_16,vit_b_16_linear_head,grayscale,2265,2265,5,0.678574800491333,5,5,True
vit_b_16,vit_b_16_linear_head,grayscale,2268,2268,5,0.8426046967506409,5,5,True
vit_b_16,vit_b_16_linear_head,grayscale,2291,2291,3,0.6215645670890808,3,3,True
vit_b_16,vit_b_16_linear_head,grayscale,2334,2334,5,0.715144157409668,5,5,True
vit_b_16,vit_b_16_linear_head,grayscale,2340,2340,8,0.7685233950614929,8,8,True
vit_b_16,vit_b_16_linear_head,grayscale,2342,2342,8,0.8060574531555176,8,8,True
vit_b_16,vit_b_16_linear_head,grayscale,2351,2351,9,0.8688925504684448,9,9,True
vit_b_16,vit_b_16_linear_head,grayscale,2391,2391,5,0.5725310444831848,5,4,False
vit_b_16,vit_b_16_linear_head,grayscale,2392,2392,2,0.7705790400505066,2,2,True
vit_b_16,vit_b_16_linear_head,grayscale,2399,2399,4,0.7751529812812805,4,4,True
vit_b_16,vit_b_16_linear_head,grayscale,2414,2414,9,0.6882656216621399,9,9,True
vit_b_16,vit_b_16_linear_head,grayscale,2427,2427,5,0.8250569701194763,5,5,True
vit_b_16,vit_b_16_linear_head,grayscale,2458,2458,5,0.7460534572601318,5,5,True
vit_b_16,vit_b_16_linear_head,grayscale,2501,2501,7,0.7687941789627075,7,7,True
vit_b_16,vit_b_16_linear_head,grayscale,2502,2502,2,0.8115334510803223,2,2,True
vit_b_16,vit_b_16_linear_head,grayscale,2536,2536,3,0.6961615085601807,3,3,True
vit_b_16,vit_b_16_linear_head,grayscale,2539,2539,3,0.8071720600128174,3,3,True
vit_b_16,vit_b_16_linear_head,grayscale,2610,2610,6,0.7272608876228333,6,6,True
vit_b_16,vit_b_16_linear_head,grayscale,2623,2623,5,0.37051913142204285,5,4,False
vit_b_16,vit_b_16_linear_head,grayscale,2655,2655,9,0.7865817546844482,9,9,True
vit_b_16,vit_b_16_linear_head,grayscale,2668,2668,7,0.6883836984634399,7,7,True
vit_b_16,vit_b_16_linear_head,grayscale,2676,2676,6,0.6915432214736938,6,6,True
vit_b_16,vit_b_16_linear_head,grayscale,2687,2687,1,0.8326622843742371,1,1,True
vit_b_16,vit_b_16_linear_head,grayscale,2690,2690,1,0.5844113826751709,1,1,True
vit_b_16,vit_b_16_linear_head,grayscale,2704,2704,4,0.8553805351257324,4,4,True
vit_b_16,vit_b_16_linear_head,grayscale,2745,2745,8,0.7942061424255371,8,8,True
vit_b_16,vit_b_16_linear_head,grayscale,2746,2746,7,0.7608538866043091,7,7,True
vit_b_16,vit_b_16_linear_head,grayscale,2750,2750,0,0.6185343265533447,0,0,True
vit_b_16,vit_b_16_linear_head,grayscale,2754,2754,3,0.6135287284851074,3,3,True
vit_b_16,vit_b_16_linear_head,grayscale,2757,2757,4,0.6802302598953247,4,4,True
vit_b_16,vit_b_16_linear_head,grayscale,2766,2766,5,0.9014188051223755,5,5,True
vit_b_16,vit_b_16_linear_head,grayscale,2807,2807,5,0.580737829208374,5,7,False
vit_b_16,vit_b_16_linear_head,grayscale,2844,2844,8,0.8607827425003052,8,8,True
vit_b_16,vit_b_16_linear_head,grayscale,2854,2854,7,0.5527480244636536,7,7,True
vit_b_16,vit_b_16_linear_head,grayscale,2861,2861,3,1.0000001192092896,3,3,True
vit_b_16,vit_b_16_linear_head,grayscale,2888,2888,0,0.8902942538261414,0,0,True
vit_b_16,vit_b_16_linear_head,grayscale,2898,2898,4,0.8751373291015625,4,4,True
vit_b_16,vit_b_16_linear_head,grayscale,2950,2950,5,0.8052905201911926,5,5,True
vit_b_16,vit_b_16_linear_head,grayscale,2958,2958,6,0.6959782838821411,6,6,True
vit_b_16,vit_b_16_linear_head,grayscale,3015,3015,8,0.7507847547531128,8,8,True
vit_b_16,vit_b_16_linear_head,grayscale,3024,3024,2,0.8495964407920837,2,2,True
vit_b_16,vit_b_16_linear_head,grayscale,3025,3025,0,1.0,0,0,True
vit_b_16,vit_b_16_linear_head,grayscale,3034,3034,4,0.7289275527000427,4,4,True
vit_b_16,vit_b_16_linear_head,grayscale,3067,3067,2,0.8201180100440979,2,2,True
vit_b_16,vit_b_16_linear_head,grayscale,3078,3078,4,0.9896648526191711,4,4,True
vit_b_16,vit_b_16_linear_head,grayscale,3079,3079,1,0.4704716205596924,1,1,True
vit_b_16,vit_b_16_linear_head,grayscale,3083,3083,0,0.5396212339401245,0,0,True
vit_b_16,vit_b_16_linear_head,grayscale,3122,3122,4,0.7191911935806274,4,4,True
vit_b_16,vit_b_16_linear_head,grayscale,3153,3153,7,0.553268313407898,7,7,True
vit_b_16,vit_b_16_linear_head,grayscale,3157,3157,8,0.4901125431060791,8,8,True
vit_b_16,vit_b_16_linear_head,grayscale,3163,3163,2,0.7363982200622559,2,2,True
vit_b_16,vit_b_16_linear_head,grayscale,3179,3179,4,0.6899080872535706,4,4,True
vit_b_16,vit_b_16_linear_head,grayscale,3191,3191,6,0.7278150320053101,6,6,True
vit_b_16,vit_b_16_linear_head,grayscale,3276,3276,3,0.7384688854217529,3,3,True
vit_b_16,vit_b_16_linear_head,grayscale,3287,3287,4,0.7575745582580566,4,4,True
vit_b_16,vit_b_16_linear_head,grayscale,3288,3288,7,0.7430047988891602,7,7,True
vit_b_16,vit_b_16_linear_head,grayscale,3292,3292,6,0.5193766355514526,6,6,True
vit_b_16,vit_b_16_linear_head,grayscale,3318,3318,9,0.8668792247772217,9,9,True
vit_b_16,vit_b_16_linear_head,grayscale,3347,3347,0,0.7888759970664978,0,0,True
vit_b_16,vit_b_16_linear_head,grayscale,3353,3353,5,0.7876938581466675,5,5,True
vit_b_16,vit_b_16_linear_head,grayscale,3362,3362,2,0.7569034099578857,2,2,True
vit_b_16,vit_b_16_linear_head,grayscale,3365,3365,4,0.7952771186828613,4,4,True
vit_b_16,vit_b_16_linear_head,grayscale,3375,3375,3,0.713888943195343,3,3,True
vit_b_16,vit_b_16_linear_head,grayscale,3383,3383,3,0.8709198236465454,3,3,True
vit_b_16,vit_b_16_linear_head,grayscale,3404,3404,7,0.8600156903266907,7,7,True
vit_b_16,vit_b_16_linear_head,grayscale,3412,3412,8,0.6238975524902344,8,8,True
vit_b_16,vit_b_16_linear_head,grayscale,3413,3413,1,0.8692896962165833,1,1,True
vit_b_16,vit_b_16_linear_head,grayscale,3418,3418,6,0.8197451829910278,6,6,True
vit_b_16,vit_b_16_linear_head,grayscale,3437,3437,0,0.7575594782829285,0,0,True
vit_b_16,vit_b_16_linear_head,grayscale,3446,3446,7,0.6570743918418884,7,7,True
vit_b_16,vit_b_16_linear_head,grayscale,3454,3454,2,0.8846437931060791,2,2,True
vit_b_16,vit_b_16_linear_head,grayscale,3455,3455,0,0.8744093775749207,0,0,True
vit_b_16,vit_b_16_linear_head,grayscale,3458,3458,4,0.7678619623184204,4,4,True
vit_b_16,vit_b_16_linear_head,grayscale,3467,3467,7,0.4726581573486328,7,7,True
vit_b_16,vit_b_16_linear_head,grayscale,3491,3491,1,0.642970085144043,1,1,True
vit_b_16,vit_b_16_linear_head,grayscale,3494,3494,6,0.7334585189819336,6,6,True
vit_b_16,vit_b_16_linear_head,grayscale,3512,3512,4,0.6915158033370972,4,4,True
vit_b_16,vit_b_16_linear_head,grayscale,3515,3515,6,0.791718602180481,4,6,False
vit_b_16,vit_b_16_linear_head,grayscale,3542,3542,7,0.835119366645813,7,7,True
vit_b_16,vit_b_16_linear_head,grayscale,3550,3550,1,0.774202287197113,1,1,True
vit_b_16,vit_b_16_linear_head,grayscale,3562,3562,3,0.5558041334152222,3,3,True
vit_b_16,vit_b_16_linear_head,grayscale,3755,3755,2,0.7518362998962402,2,2,True
vit_b_16,vit_b_16_linear_head,grayscale,3763,3763,4,0.7530787587165833,4,4,True
vit_b_16,vit_b_16_linear_head,grayscale,3777,3777,6,0.47009605169296265,6,6,True
vit_b_16,vit_b_16_linear_head,grayscale,3778,3778,3,0.8147625923156738,3,3,True
vit_b_16,vit_b_16_linear_head,grayscale,3779,3779,6,0.7987601161003113,6,6,True
vit_b_16,vit_b_16_linear_head,grayscale,3844,3844,6,0.6545018553733826,6,6,True
vit_b_16,vit_b_16_linear_head,grayscale,3851,3851,3,0.6960325837135315,3,3,True
vit_b_16,vit_b_16_linear_head,grayscale,3852,3852,5,0.8416576981544495,5,5,True
vit_b_16,vit_b_16_linear_head,grayscale,3863,3863,5,0.9089428782463074,5,5,True
vit_b_16,vit_b_16_linear_head,grayscale,3867,3867,7,0.707526683807373,7,7,True
vit_b_16,vit_b_16_linear_head,grayscale,3876,3876,0,0.8210068941116333,0,0,True
vit_b_16,vit_b_16_linear_head,grayscale,3889,3889,5,0.8309256434440613,5,5,True
vit_b_16,vit_b_16_linear_head,grayscale,3891,3891,4,0.6670249104499817,4,4,True
vit_b_16,vit_b_16_linear_head,grayscale,3893,3893,9,0.758700966835022,9,9,True
vit_b_16,vit_b_16_linear_head,grayscale,3905,3905,8,0.8493127822875977,8,8,True
vit_b_16,vit_b_16_linear_head,grayscale,3914,3914,3,0.7879931926727295,3,3,True
vit_b_16,vit_b_16_linear_head,grayscale,3937,3937,1,0.7153492569923401,1,1,True
vit_b_16,vit_b_16_linear_head,grayscale,3942,3942,9,0.7413147687911987,9,9,True
vit_b_16,vit_b_16_linear_head,grayscale,3948,3948,8,0.7109668254852295,8,8,True
vit_b_16,vit_b_16_linear_head,grayscale,3962,3962,6,0.7561427354812622,6,6,True
vit_b_16,vit_b_16_linear_head,grayscale,3965,3965,0,0.94420325756073,0,0,True
vit_b_16,vit_b_16_linear_head,grayscale,3994,3994,4,0.7437062859535217,4,4,True
vit_b_16,vit_b_16_linear_head,grayscale,3996,3996,9,0.7760249972343445,9,9,True
vit_b_16,vit_b_16_linear_head,grayscale,4011,4011,6,0.7293125987052917,6,6,True
vit_b_16,vit_b_16_linear_head,grayscale,4023,4023,3,0.7169075012207031,3,3,True
vit_b_16,vit_b_16_linear_head,grayscale,4054,4054,4,0.6051164269447327,4,4,True
vit_b_16,vit_b_16_linear_head,grayscale,4065,4065,2,0.7860293388366699,2,2,True
vit_b_16,vit_b_16_linear_head,grayscale,4069,4069,8,0.6019166111946106,8,8,True
vit_b_16,vit_b_16_linear_head,grayscale,4093,4093,6,0.7667311429977417,6,6,True
vit_b_16,vit_b_16_linear_head,grayscale,4094,4094,9,0.7808042764663696,9,9,True
vit_b_16,vit_b_16_linear_head,grayscale,4106,4106,5,0.7179721593856812,5,5,True
vit_b_16,vit_b_16_linear_head,grayscale,4130,4130,0,0.7562440633773804,0,0,True
vit_b_16,vit_b_16_linear_head,grayscale,4168,4168,3,0.5418511629104614,3,3,True
vit_b_16,vit_b_16_linear_head,grayscale,4170,4170,8,0.8093252182006836,8,8,True
vit_b_16,vit_b_16_linear_head,grayscale,4172,4172,7,0.765235960483551,7,7,True
vit_b_16,vit_b_16_linear_head,grayscale,4177,4177,8,0.7035740613937378,8,8,True
vit_b_16,vit_b_16_linear_head,grayscale,4215,4215,3,0.1977311372756958,3,9,False
vit_b_16,vit_b_16_linear_head,grayscale,4229,4229,3,0.8440216183662415,3,3,True
vit_b_16,vit_b_16_linear_head,grayscale,4236,4236,7,0.6139950156211853,7,7,True
vit_b_16,vit_b_16_linear_head,grayscale,4242,4242,8,0.8509218692779541,8,8,True
vit_b_16,vit_b_16_linear_head,grayscale,4254,4254,6,0.6839873790740967,6,6,True
vit_b_16,vit_b_16_linear_head,grayscale,4290,4290,5,0.46564024686813354,1,4,False
vit_b_16,vit_b_16_linear_head,grayscale,4298,4298,1,0.9146164655685425,1,1,True
vit_b_16,vit_b_16_linear_head,grayscale,4308,4308,7,0.6180841326713562,7,7,True
vit_b_16,vit_b_16_linear_head,grayscale,4311,4311,8,0.8112916350364685,8,8,True
vit_b_16,vit_b_16_linear_head,grayscale,4323,4323,3,0.704632580280304,3,3,True
vit_b_16,vit_b_16_linear_head,grayscale,4330,4330,3,0.4726871848106384,3,3,True
vit_b_16,vit_b_16_linear_head,grayscale,4341,4341,6,0.6820271015167236,6,6,True
vit_b_16,vit_b_16_linear_head,grayscale,4355,4355,8,0.5879952311515808,0,8,False
vit_b_16,vit_b_16_linear_head,grayscale,4399,4399,0,0.7983460426330566,0,0,True
vit_b_16,vit_b_16_linear_head,grayscale,4403,4403,7,0.8108407258987427,7,7,True
vit_b_16,vit_b_16_linear_head,grayscale,4411,4411,6,0.6098742485046387,6,6,True
vit_b_16,vit_b_16_linear_head,grayscale,4449,4449,9,0.6874910593032837,9,9,True
vit_b_16,vit_b_16_linear_head,grayscale,4463,4463,3,0.8475117087364197,3,3,True
vit_b_16,vit_b_16_linear_head,grayscale,4531,4531,3,0.5410880446434021,3,3,True
vit_b_16,vit_b_16_linear_head,grayscale,4539,4539,0,0.9048943519592285,0,0,True
vit_b_16,vit_b_16_linear_head,grayscale,4547,4547,5,0.7733842134475708,5,5,True
vit_b_16,vit_b_16_linear_head,grayscale,4552,4552,8,0.580970287322998,8,9,False
vit_b_16,vit_b_16_linear_head,grayscale,4570,4570,5,0.7867175340652466,5,5,True
vit_b_16,vit_b_16_linear_head,grayscale,4590,4590,3,0.7694100737571716,3,3,True
vit_b_16,vit_b_16_linear_head,grayscale,4609,4609,3,0.7125853896141052,3,3,True
vit_b_16,vit_b_16_linear_head,grayscale,4615,4615,0,0.8290054202079773,0,0,True
vit_b_16,vit_b_16_linear_head,grayscale,4617,4617,0,0.6281571388244629,0,0,True
vit_b_16,vit_b_16_linear_head,grayscale,4620,4620,6,0.6342886686325073,6,6,True
vit_b_16,vit_b_16_linear_head,grayscale,4629,4629,4,0.4889790713787079,4,4,True
vit_b_16,vit_b_16_linear_head,grayscale,4640,4640,1,0.4860231578350067,1,7,False
vit_b_16,vit_b_16_linear_head,grayscale,4642,4642,4,0.7556814551353455,4,4,True
vit_b_16,vit_b_16_linear_head,grayscale,4661,4661,7,0.8713537454605103,7,7,True
vit_b_16,vit_b_16_linear_head,grayscale,4662,4662,8,0.83428955078125,8,8,True
vit_b_16,vit_b_16_linear_head,grayscale,4675,4675,0,0.8823966383934021,0,0,True
vit_b_16,vit_b_16_linear_head,grayscale,4676,4676,8,0.8478634357452393,8,8,True
vit_b_16,vit_b_16_linear_head,grayscale,4704,4704,7,0.6593304872512817,7,7,True
vit_b_16,vit_b_16_linear_head,grayscale,4723,4723,9,0.7702347636222839,9,9,True
vit_b_16,vit_b_16_linear_head,grayscale,4731,4731,6,0.5591254234313965,6,6,True
vit_b_16,vit_b_16_linear_head,grayscale,4735,4735,2,0.7987821102142334,2,2,True
vit_b_16,vit_b_16_linear_head,grayscale,4740,4740,4,0.6782364249229431,4,4,True
vit_b_16,vit_b_16_linear_head,grayscale,4746,4746,6,0.6454634666442871,6,6,True
vit_b_16,vit_b_16_linear_head,grayscale,4748,4748,7,0.8982754945755005,7,7,True
vit_b_16,vit_b_16_linear_head,grayscale,4754,4754,6,0.6956070065498352,6,6,True
vit_b_16,vit_b_16_linear_head,grayscale,4785,4785,0,0.9076286554336548,0,0,True
vit_b_16,vit_b_16_linear_head,grayscale,4791,4791,7,0.901619553565979,7,7,True
vit_b_16,vit_b_16_linear_head,grayscale,4819,4819,0,0.7285119295120239,0,0,True
vit_b_16,vit_b_16_linear_head,grayscale,4821,4821,3,0.6808704733848572,3,3,True
vit_b_16,vit_b_16_linear_head,grayscale,4827,4827,6,0.624893307685852,6,6,True
vit_b_16,vit_b_16_linear_head,grayscale,4850,4850,5,0.7632473707199097,5,5,True
vit_b_16,vit_b_16_linear_head,grayscale,4881,4881,3,0.4926586151123047,3,3,True
vit_b_16,vit_b_16_linear_head,grayscale,4893,4893,0,0.8337677717208862,0,0,True
vit_b_16,vit_b_16_linear_head,grayscale,4908,4908,3,0.7415077090263367,3,3,True
vit_b_16,vit_b_16_linear_head,grayscale,4913,4913,2,0.7651333212852478,2,2,True
vit_b_16,vit_b_16_linear_head,grayscale,4921,4921,2,0.8623894453048706,2,2,True
vit_b_16,vit_b_16_linear_head,grayscale,4953,4953,5,0.7172025442123413,5,5,True
vit_b_16,vit_b_16_linear_head,grayscale,4966,4966,5,0.7819733023643494,5,5,True
vit_b_16,vit_b_16_linear_head,grayscale,4990,4990,8,0.5978263020515442,8,8,True
vit_b_16,vit_b_16_linear_head,grayscale,5000,5000,8,0.7875035405158997,8,8,True
vit_b_16,vit_b_16_linear_head,grayscale,5030,5030,2,0.8145335912704468,2,2,True
vit_b_16,vit_b_16_linear_head,grayscale,5062,5062,4,0.7016557455062866,4,4,True
vit_b_16,vit_b_16_linear_head,grayscale,5077,5077,4,0.742912232875824,4,4,True
vit_b_16,vit_b_16_linear_head,grayscale,5082,5082,6,0.4862120449542999,6,6,True
vit_b_16,vit_b_16_linear_head,grayscale,5092,5092,1,0.6991750597953796,1,1,True
vit_b_16,vit_b_16_linear_head,grayscale,5101,5101,5,0.7417988777160645,2,5,False
vit_b_16,vit_b_16_linear_head,grayscale,5117,5117,0,0.7198047041893005,0,0,True
vit_b_16,vit_b_16_linear_head,grayscale,5123,5123,1,0.6886883974075317,1,1,True
vit_b_16,vit_b_16_linear_head,grayscale,5135,5135,4,0.7271600961685181,4,4,True
vit_b_16,vit_b_16_linear_head,grayscale,5183,5183,2,0.8021788597106934,2,2,True
vit_b_16,vit_b_16_linear_head,grayscale,5213,5213,4,0.7803647518157959,4,4,True
vit_b_16,vit_b_16_linear_head,grayscale,5218,5218,2,0.8528185486793518,2,2,True
vit_b_16,vit_b_16_linear_head,grayscale,5220,5220,1,0.44323477149009705,1,3,False
vit_b_16,vit_b_16_linear_head,grayscale,5237,5237,2,0.7596931457519531,2,2,True
vit_b_16,vit_b_16_linear_head,grayscale,5256,5256,1,0.36177682876586914,1,1,True
vit_b_16,vit_b_16_linear_head,grayscale,5284,5284,9,0.38353943824768066,9,9,True
vit_b_16,vit_b_16_linear_head,grayscale,5301,5301,9,0.720462441444397,9,9,True
vit_b_16,vit_b_16_linear_head,grayscale,5318,5318,2,0.697058379650116,2,2,True
vit_b_16,vit_b_16_linear_head,grayscale,5332,5332,5,0.6825512647628784,5,5,True
vit_b_16,vit_b_16_linear_head,grayscale,5333,5333,2,0.7983261942863464,2,2,True
vit_b_16,vit_b_16_linear_head,grayscale,5360,5360,9,0.7222850918769836,9,9,True
vit_b_16,vit_b_16_linear_head,grayscale,5381,5381,5,0.7121331691741943,5,5,True
vit_b_16,vit_b_16_linear_head,grayscale,5382,5382,6,0.7747588157653809,6,6,True
vit_b_16,vit_b_16_linear_head,grayscale,5395,5395,2,0.7082989811897278,2,2,True
vit_b_16,vit_b_16_linear_head,grayscale,5402,5402,4,0.6987577676773071,4,4,True
vit_b_16,vit_b_16_linear_head,grayscale,5408,5408,6,0.6792194843292236,6,6,True
vit_b_16,vit_b_16_linear_head,grayscale,5436,5436,7,0.8138585686683655,7,7,True
vit_b_16,vit_b_16_linear_head,grayscale,5447,5447,9,0.7663477659225464,9,9,True
vit_b_16,vit_b_16_linear_head,grayscale,5450,5450,7,0.913933515548706,7,7,True
vit_b_16,vit_b_16_linear_head,grayscale,5451,5451,8,0.678185224533081,8,8,True
vit_b_16,vit_b_16_linear_head,grayscale,5452,5452,9,0.8823083639144897,9,9,True
vit_b_16,vit_b_16_linear_head,grayscale,5467,5467,4,0.7011096477508545,4,4,True
vit_b_16,vit_b_16_linear_head,grayscale,5478,5478,0,0.6470471620559692,0,0,True
vit_b_16,vit_b_16_linear_head,grayscale,5488,5488,1,0.7914174199104309,1,7,False
vit_b_16,vit_b_16_linear_head,grayscale,5496,5496,5,0.6906104683876038,5,5,True
vit_b_16,vit_b_16_linear_head,grayscale,5508,5508,9,0.8534115552902222,9,9,True
vit_b_16,vit_b_16_linear_head,grayscale,5512,5512,2,0.6860315799713135,9,9,True
vit_b_16,vit_b_16_linear_head,grayscale,5525,5525,8,0.8205734491348267,8,8,True
vit_b_16,vit_b_16_linear_head,grayscale,5528,5528,3,0.8778545260429382,3,3,True
vit_b_16,vit_b_16_linear_head,grayscale,5556,5556,4,0.7883426547050476,4,4,True
vit_b_16,vit_b_16_linear_head,grayscale,5560,5560,1,0.16729596257209778,1,1,True
vit_b_16,vit_b_16_linear_head,grayscale,5572,5572,9,0.805448055267334,9,9,True
vit_b_16,vit_b_16_linear_head,grayscale,5580,5580,6,0.637406587600708,5,5,True
vit_b_16,vit_b_16_linear_head,grayscale,5590,5590,9,0.8267413377761841,9,9,True
vit_b_16,vit_b_16_linear_head,grayscale,5623,5623,4,0.6184023022651672,4,4,True
vit_b_16,vit_b_16_linear_head,grayscale,5677,5677,2,0.8028464317321777,2,2,True
vit_b_16,vit_b_16_linear_head,grayscale,5694,5694,8,0.9319496154785156,8,8,True
vit_b_16,vit_b_16_linear_head,grayscale,5701,5701,5,0.8294492959976196,5,5,True
vit_b_16,vit_b_16_linear_head,grayscale,5705,5705,8,0.5879254937171936,8,8,True
vit_b_16,vit_b_16_linear_head,grayscale,5719,5719,7,0.942104697227478,7,7,True
vit_b_16,vit_b_16_linear_head,grayscale,5729,5729,6,0.6889721155166626,6,6,True
vit_b_16,vit_b_16_linear_head,grayscale,5756,5756,2,0.9740049242973328,2,2,True
vit_b_16,vit_b_16_linear_head,grayscale,5788,5788,9,0.8150776624679565,9,9,True
vit_b_16,vit_b_16_linear_head,grayscale,5789,5789,4,0.7060926556587219,4,4,True
vit_b_16,vit_b_16_linear_head,grayscale,5824,5824,2,0.6356130838394165,2,2,True
vit_b_16,vit_b_16_linear_head,grayscale,5848,5848,7,0.7559863328933716,7,7,True
vit_b_16,vit_b_16_linear_head,grayscale,5851,5851,9,0.9300059080123901,9,9,True
vit_b_16,vit_b_16_linear_head,grayscale,5857,5857,6,0.854568600654602,4,4,True
vit_b_16,vit_b_16_linear_head,grayscale,5858,5858,6,0.5216233730316162,6,6,True
vit_b_16,vit_b_16_linear_head,grayscale,5912,5912,0,0.7636538147926331,0,0,True
vit_b_16,vit_b_16_linear_head,grayscale,5915,5915,9,0.5372335314750671,9,9,True
vit_b_16,vit_b_16_linear_head,grayscale,5918,5918,0,0.7884663939476013,0,0,True
vit_b_16,vit_b_16_linear_head,grayscale,5924,5924,5,0.8459871411323547,5,5,True
vit_b_16,vit_b_16_linear_head,grayscale,5977,5977,7,0.8412796258926392,7,7,True
vit_b_16,vit_b_16_linear_head,grayscale,5981,5981,9,0.6673997640609741,9,9,True
vit_b_16,vit_b_16_linear_head,grayscale,5999,5999,0,0.8092764019966125,0,0,True
vit_b_16,vit_b_16_linear_head,grayscale,6028,6028,2,0.8648319244384766,2,2,True
vit_b_16,vit_b_16_linear_head,grayscale,6033,6033,4,0.6634047627449036,4,4,True
vit_b_16,vit_b_16_linear_head,grayscale,6076,6076,1,0.8819692730903625,1,1,True
vit_b_16,vit_b_16_linear_head,grayscale,6084,6084,7,0.9156988859176636,7,7,True
vit_b_16,vit_b_16_linear_head,grayscale,6097,6097,4,0.7136576175689697,4,4,True
vit_b_16,vit_b_16_linear_head,grayscale,6169,6169,1,0.2181796133518219,1,0,False
vit_b_16,vit_b_16_linear_head,grayscale,6190,6190,7,0.721481442451477,7,7,True
vit_b_16,vit_b_16_linear_head,grayscale,6224,6224,5,0.7623277902603149,5,5,True
vit_b_16,vit_b_16_linear_head,grayscale,6244,6244,2,0.7510033249855042,2,2,True
vit_b_16,vit_b_16_linear_head,grayscale,6264,6264,2,0.853564977645874,2,2,True
vit_b_16,vit_b_16_linear_head,grayscale,6271,6271,2,0.8773486018180847,2,2,True
vit_b_16,vit_b_16_linear_head,grayscale,6288,6288,4,0.7372830510139465,4,4,True
vit_b_16,vit_b_16_linear_head,grayscale,6332,6332,2,0.8154851794242859,2,2,True
vit_b_16,vit_b_16_linear_head,grayscale,6349,6349,1,0.6008671522140503,1,1,True
vit_b_16,vit_b_16_linear_head,grayscale,6354,6354,2,0.5845351815223694,2,2,True
vit_b_16,vit_b_16_linear_head,grayscale,6358,6358,5,0.5882391333580017,5,5,True
vit_b_16,vit_b_16_linear_head,grayscale,6381,6381,6,0.8859643936157227,6,6,True
vit_b_16,vit_b_16_linear_head,grayscale,6414,6414,5,0.7224116325378418,5,5,True
vit_b_16,vit_b_16_linear_head,grayscale,6426,6426,2,0.9560105800628662,2,2,True
vit_b_16,vit_b_16_linear_head,grayscale,6434,6434,8,0.7560122609138489,8,8,True
vit_b_16,vit_b_16_linear_head,grayscale,6437,6437,0,0.9150447249412537,0,0,True
vit_b_16,vit_b_16_linear_head,grayscale,6455,6455,0,0.708183765411377,0,0,True
vit_b_16,vit_b_16_linear_head,grayscale,6490,6490,3,0.8726058006286621,3,3,True
vit_b_16,vit_b_16_linear_head,grayscale,6503,6503,2,0.7842950224876404,2,2,True
vit_b_16,vit_b_16_linear_head,grayscale,6508,6508,4,0.7963076233863831,4,4,True
vit_b_16,vit_b_16_linear_head,grayscale,6528,6528,4,0.6949771642684937,4,4,True
vit_b_16,vit_b_16_linear_head,grayscale,6594,6594,1,0.7730998992919922,1,1,True
vit_b_16,vit_b_16_linear_head,grayscale,6609,6609,0,0.7668554782867432,0,0,True
vit_b_16,vit_b_16_linear_head,grayscale,6616,6616,2,0.8081989288330078,2,2,True
vit_b_16,vit_b_16_linear_head,grayscale,6650,6650,7,0.5241560935974121,7,7,True
vit_b_16,vit_b_16_linear_head,grayscale,6689,6689,8,0.6774040460586548,8,8,True
vit_b_16,vit_b_16_linear_head,grayscale,6692,6692,2,0.8225650191307068,2,2,True
vit_b_16,vit_b_16_linear_head,grayscale,6713,6713,6,0.8641096949577332,6,6,True
vit_b_16,vit_b_16_linear_head,grayscale,6716,6716,5,0.7361549735069275,6,2,False
vit_b_16,vit_b_16_linear_head,grayscale,6726,6726,7,0.7830113768577576,7,7,True
vit_b_16,vit_b_16_linear_head,grayscale,6733,6733,1,0.7673016786575317,1,1,True
vit_b_16,vit_b_16_linear_head,grayscale,6772,6772,7,0.6297831535339355,7,7,True
vit_b_16,vit_b_16_linear_head,grayscale,6805,6805,1,0.7259104251861572,1,1,True
vit_b_16,vit_b_16_linear_head,grayscale,6836,6836,1,0.21909281611442566,1,1,True
vit_b_16,vit_b_16_linear_head,grayscale,6844,6844,0,0.8241119384765625,0,0,True
vit_b_16,vit_b_16_linear_head,grayscale,6922,6922,5,0.7528765201568604,5,5,True
vit_b_16,vit_b_16_linear_head,grayscale,6931,6931,9,0.5160819292068481,9,9,True
vit_b_16,vit_b_16_linear_head,grayscale,6938,6938,1,0.8367968201637268,1,1,True
vit_b_16,vit_b_16_linear_head,grayscale,6952,6952,3,0.6380711793899536,3,3,True
vit_b_16,vit_b_16_linear_head,grayscale,6954,6954,1,0.7065513134002686,1,1,True
vit_b_16,vit_b_16_linear_head,grayscale,6986,6986,0,0.6640074253082275,0,0,True
vit_b_16,vit_b_16_linear_head,grayscale,6989,6989,5,0.8799597024917603,5,5,True
vit_b_16,vit_b_16_linear_head,grayscale,7009,7009,0,0.8036826848983765,0,0,True
vit_b_16,vit_b_16_linear_head,grayscale,7029,7029,1,0.5432553291320801,1,1,True
vit_b_16,vit_b_16_linear_head,grayscale,7033,7033,1,0.8068034052848816,1,1,True
vit_b_16,vit_b_16_linear_head,grayscale,7041,7041,5,0.8057368993759155,5,5,True
vit_b_16,vit_b_16_linear_head,grayscale,7047,7047,9,0.8913684487342834,9,9,True
vit_b_16,vit_b_16_linear_head,grayscale,7081,7081,7,0.8179236650466919,7,7,True
vit_b_16,vit_b_16_linear_head,grayscale,7084,7084,2,0.8814229965209961,2,2,True
vit_b_16,vit_b_16_linear_head,grayscale,7108,7108,6,0.7543909549713135,6,6,True
vit_b_16,vit_b_16_linear_head,grayscale,7130,7130,5,0.8841386437416077,5,5,True
vit_b_16,vit_b_16_linear_head,grayscale,7138,7138,8,0.533301830291748,8,8,True
vit_b_16,vit_b_16_linear_head,grayscale,7150,7150,0,0.8782619833946228,0,0,True
vit_b_16,vit_b_16_linear_head,grayscale,7202,7202,1,0.559364914894104,1,1,True
vit_b_16,vit_b_16_linear_head,grayscale,7262,7262,0,0.6908840537071228,0,0,True
vit_b_16,vit_b_16_linear_head,grayscale,7266,7266,9,0.6414079070091248,9,9,True
vit_b_16,vit_b_16_linear_head,grayscale,7270,7270,7,0.7023525834083557,7,7,True
vit_b_16,vit_b_16_linear_head,grayscale,7309,7309,0,0.8236817717552185,0,0,True
vit_b_16,vit_b_16_linear_head,grayscale,7320,7320,0,0.6681576371192932,0,0,True
vit_b_16,vit_b_16_linear_head,grayscale,7338,7338,6,0.6777980923652649,6,6,True
vit_b_16,vit_b_16_linear_head,grayscale,7372,7372,0,0.9251042604446411,0,0,True
vit_b_16,vit_b_16_linear_head,grayscale,7373,7373,0,0.6932433843612671,0,0,True
vit_b_16,vit_b_16_linear_head,grayscale,7380,7380,9,0.8379923701286316,9,9,True
vit_b_16,vit_b_16_linear_head,grayscale,7390,7390,1,0.8616552352905273,1,1,True
vit_b_16,vit_b_16_linear_head,grayscale,7413,7413,5,0.8744899034500122,5,5,True
vit_b_16,vit_b_16_linear_head,grayscale,7416,7416,3,0.5223801136016846,3,3,True
vit_b_16,vit_b_16_linear_head,grayscale,7425,7425,2,0.8941153287887573,2,2,True
vit_b_16,vit_b_16_linear_head,grayscale,7446,7446,8,0.8891313672065735,8,8,True
vit_b_16,vit_b_16_linear_head,grayscale,7460,7460,8,0.8309858441352844,8,8,True
vit_b_16,vit_b_16_linear_head,grayscale,7465,7465,0,0.8194129467010498,0,0,True
vit_b_16,vit_b_16_linear_head,grayscale,7474,7474,5,0.42749810218811035,5,5,True
vit_b_16,vit_b_16_linear_head,grayscale,7475,7475,4,0.6126413345336914,4,4,True
vit_b_16,vit_b_16_linear_head,grayscale,7476,7476,8,0.748753011226654,0,8,False
vit_b_16,vit_b_16_linear_head,grayscale,7544,7544,9,0.6862754821777344,9,9,True
vit_b_16,vit_b_16_linear_head,grayscale,7555,7555,6,0.7012085914611816,6,6,True
vit_b_16,vit_b_16_linear_head,grayscale,7600,7600,6,0.7880446910858154,6,6,True
vit_b_16,vit_b_16_linear_head,grayscale,7610,7610,4,0.7892102599143982,4,4,True
vit_b_16,vit_b_16_linear_head,grayscale,7634,7634,0,0.9057126641273499,0,0,True
vit_b_16,vit_b_16_linear_head,grayscale,7692,7692,4,0.7166460752487183,4,4,True
vit_b_16,vit_b_16_linear_head,grayscale,7706,7706,5,0.7022876739501953,5,5,True
vit_b_16,vit_b_16_linear_head,grayscale,7726,7726,6,0.643242597579956,6,6,True
vit_b_16,vit_b_16_linear_head,grayscale,7744,7744,3,0.6912615299224854,3,3,True
vit_b_16,vit_b_16_linear_head,grayscale,7752,7752,9,0.8379128575325012,9,9,True
vit_b_16,vit_b_16_linear_head,grayscale,7776,7776,5,0.7395721077919006,5,5,True
vit_b_16,vit_b_16_linear_head,grayscale,7779,7779,6,0.6651623845100403,6,6,True
vit_b_16,vit_b_16_linear_head,grayscale,7781,7781,6,0.84708571434021,6,6,True
vit_b_16,vit_b_16_linear_head,grayscale,7793,7793,3,0.6851832866668701,7,7,True
vit_b_16,vit_b_16_linear_head,grayscale,7797,7797,3,0.6375739574432373,3,3,True
vit_b_16,vit_b_16_linear_head,grayscale,7810,7810,8,0.8230565786361694,8,8,True
vit_b_16,vit_b_16_linear_head,grayscale,7818,7818,8,0.9649988412857056,8,8,True
vit_b_16,vit_b_16_linear_head,grayscale,7835,7835,7,0.7469291090965271,7,7,True
vit_b_16,vit_b_16_linear_head,grayscale,7864,7864,4,0.7317925095558167,4,4,True
vit_b_16,vit_b_16_linear_head,grayscale,7875,7875,8,0.5787404179573059,8,8,True
vit_b_16,vit_b_16_linear_head,grayscale,7938,7938,9,0.7397852540016174,9,9,True
vit_b_16,vit_b_16_linear_head,grayscale,7940,7940,4,0.7578150629997253,4,4,True
vit_b_16,vit_b_16_linear_head,grayscale,7944,7944,4,0.4930697977542877,4,4,True
vit_b_16,vit_b_16_linear_head,grayscale,7955,7955,1,0.7451292872428894,1,1,True
vit_b_16,vit_b_16_linear_head,grayscale,7995,7995,9,0.6083675622940063,9,2,False
vit_b_16,vit_b_16_linear_head,grayscale,7996,7996,6,0.4931287169456482,6,6,True
vit_b_16,vit_b_16_linear_head,grayscale,7999,7999,8,0.7075774073600769,8,8,True
vit_b_16,vit_b_16_linear_head,cue_conflict,p01_r01_a_to_b,6455,0,0.3177359998226166,0,0,True
vit_b_16,vit_b_16_linear_head,cue_conflict,p01_r03_a_to_b,4130,0,0.109215646982193,0,1,False
vit_b_16,vit_b_16_linear_head,cue_conflict,p01_r04_a_to_b,2024,0,0.4558637738227844,0,0,True
vit_b_16,vit_b_16_linear_head,cue_conflict,p01_r06_a_to_b,7150,0,0.36484283208847046,0,0,True
vit_b_16,vit_b_16_linear_head,cue_conflict,p01_r07_a_to_b,7372,0,0.337979257106781,0,0,True
vit_b_16,vit_b_16_linear_head,cue_conflict,p01_r09_a_to_b,7009,0,0.395284503698349,0,0,True
vit_b_16,vit_b_16_linear_head,cue_conflict,p01_r11_a_to_b,3437,0,0.3674990236759186,0,4,False
vit_b_16,vit_b_16_linear_head,cue_conflict,p01_r12_a_to_b,4615,0,0.6094490885734558,0,0,True
vit_b_16,vit_b_16_linear_head,cue_conflict,p01_r14_a_to_b,5999,0,0.41050535440444946,0,0,True
vit_b_16,vit_b_16_linear_head,cue_conflict,p01_r15_a_to_b,4675,0,0.36405640840530396,0,0,True
vit_b_16,vit_b_16_linear_head,cue_conflict,p01_r16_a_to_b,4785,0,0.325147420167923,0,0,True
vit_b_16,vit_b_16_linear_head,cue_conflict,p01_r18_a_to_b,1175,0,0.550565242767334,0,0,True
vit_b_16,vit_b_16_linear_head,cue_conflict,p01_r19_a_to_b,1648,0,0.2619992792606354,0,1,False
vit_b_16,vit_b_16_linear_head,cue_conflict,p01_r21_a_to_b,4893,0,0.11581898480653763,0,1,False
vit_b_16,vit_b_16_linear_head,cue_conflict,p01_r22_a_to_b,1977,0,0.04362814873456955,0,1,False
vit_b_16,vit_b_16_linear_head,cue_conflict,p01_r23_a_to_b,6986,0,0.30490750074386597,0,0,True
vit_b_16,vit_b_16_linear_head,cue_conflict,p01_r24_a_to_b,7634,0,0.1922498196363449,0,0,True
vit_b_16,vit_b_16_linear_head,cue_conflict,p01_r25_a_to_b,6844,0,0.2886500954627991,0,0,True
vit_b_16,vit_b_16_linear_head,cue_conflict,p01_r26_a_to_b,81,0,0.6013533473014832,0,0,True
vit_b_16,vit_b_16_linear_head,cue_conflict,p01_r27_a_to_b,3965,0,0.6360306143760681,0,0,True
vit_b_16,vit_b_16_linear_head,cue_conflict,p01_r04_b_to_a,1204,3,0.21259206533432007,3,3,True
vit_b_16,vit_b_16_linear_head,cue_conflict,p01_r05_b_to_a,4229,3,0.2905672490596771,3,3,True
vit_b_16,vit_b_16_linear_head,cue_conflict,p01_r08_b_to_a,5528,3,0.1402289867401123,3,0,False
vit_b_16,vit_b_16_linear_head,cue_conflict,p01_r09_b_to_a,1401,3,0.12729205191135406,3,0,False
vit_b_16,vit_b_16_linear_head,cue_conflict,p01_r11_b_to_a,4821,3,0.32926660776138306,3,3,True
vit_b_16,vit_b_16_linear_head,cue_conflict,p01_r12_b_to_a,6952,3,0.09327284246683121,3,0,False
vit_b_16,vit_b_16_linear_head,cue_conflict,p01_r14_b_to_a,372,3,0.2706173360347748,3,0,False
vit_b_16,vit_b_16_linear_head,cue_conflict,p01_r17_b_to_a,4908,3,0.05977616459131241,3,8,False
vit_b_16,vit_b_16_linear_head,cue_conflict,p01_r19_b_to_a,2754,3,0.2812916934490204,3,3,True
vit_b_16,vit_b_16_linear_head,cue_conflict,p01_r24_b_to_a,632,3,0.023870915174484253,3,9,False
vit_b_16,vit_b_16_linear_head,cue_conflict,p01_r25_b_to_a,4023,3,0.05934306979179382,3,0,False
vit_b_16,vit_b_16_linear_head,cue_conflict,p01_r26_b_to_a,176,3,0.01811227574944496,3,0,False
vit_b_16,vit_b_16_linear_head,cue_conflict,p01_r27_b_to_a,3851,3,0.18053609132766724,3,0,False
vit_b_16,vit_b_16_linear_head,cue_conflict,p01_r28_b_to_a,391,3,0.2032824158668518,3,3,True
vit_b_16,vit_b_16_linear_head,cue_conflict,p01_r30_b_to_a,4463,3,0.11601100862026215,3,9,False
vit_b_16,vit_b_16_linear_head,cue_conflict,p01_r31_b_to_a,3375,3,0.017854608595371246,3,0,False
vit_b_16,vit_b_16_linear_head,cue_conflict,p01_r32_b_to_a,1370,3,0.14679796993732452,3,3,True
vit_b_16,vit_b_16_linear_head,cue_conflict,p01_r33_b_to_a,2539,3,0.23682337999343872,3,3,True
vit_b_16,vit_b_16_linear_head,cue_conflict,p01_r34_b_to_a,979,3,0.3061077892780304,3,3,True
vit_b_16,vit_b_16_linear_head,cue_conflict,p01_r35_b_to_a,4590,3,0.12920182943344116,3,1,False
vit_b_16,vit_b_16_linear_head,cue_conflict,p02_r01_a_to_b,3067,2,0.6324942111968994,2,2,True
vit_b_16,vit_b_16_linear_head,cue_conflict,p02_r02_a_to_b,3362,2,0.35814979672431946,2,2,True
vit_b_16,vit_b_16_linear_head,cue_conflict,p02_r03_a_to_b,6244,2,0.11734189093112946,2,3,False
vit_b_16,vit_b_16_linear_head,cue_conflict,p02_r04_a_to_b,6271,2,0.641115128993988,2,2,True
vit_b_16,vit_b_16_linear_head,cue_conflict,p02_r05_a_to_b,317,2,0.4013047218322754,2,2,True
vit_b_16,vit_b_16_linear_head,cue_conflict,p02_r06_a_to_b,1202,2,0.6421579122543335,2,2,True
vit_b_16,vit_b_16_linear_head,cue_conflict,p02_r07_a_to_b,4921,2,0.5358933806419373,2,2,True
vit_b_16,vit_b_16_linear_head,cue_conflict,p02_r08_a_to_b,6264,2,0.6500042676925659,2,2,True
vit_b_16,vit_b_16_linear_head,cue_conflict,p02_r09_a_to_b,6426,2,0.42935219407081604,2,2,True
vit_b_16,vit_b_16_linear_head,cue_conflict,p02_r10_a_to_b,470,2,0.33101317286491394,2,2,True
vit_b_16,vit_b_16_linear_head,cue_conflict,p02_r11_a_to_b,1839,2,0.378010630607605,2,2,True
vit_b_16,vit_b_16_linear_head,cue_conflict,p02_r13_a_to_b,5237,2,0.5910284519195557,2,2,True
vit_b_16,vit_b_16_linear_head,cue_conflict,p02_r14_a_to_b,409,2,0.5724207162857056,2,2,True
vit_b_16,vit_b_16_linear_head,cue_conflict,p02_r15_a_to_b,6616,2,0.5116137862205505,2,2,True
vit_b_16,vit_b_16_linear_head,cue_conflict,p02_r16_a_to_b,7084,2,0.5932186841964722,2,2,True
vit_b_16,vit_b_16_linear_head,cue_conflict,p02_r18_a_to_b,6028,2,0.6006038188934326,2,2,True
vit_b_16,vit_b_16_linear_head,cue_conflict,p02_r19_a_to_b,6692,2,0.6809841990470886,2,2,True
vit_b_16,vit_b_16_linear_head,cue_conflict,p02_r20_a_to_b,2392,2,0.5011784434318542,2,2,True
vit_b_16,vit_b_16_linear_head,cue_conflict,p02_r21_a_to_b,483,2,0.5706258416175842,2,2,True
vit_b_16,vit_b_16_linear_head,cue_conflict,p02_r22_a_to_b,4735,2,0.6358982920646667,2,2,True
vit_b_16,vit_b_16_linear_head,cue_conflict,p02_r02_b_to_a,691,4,0.24227914214134216,4,4,True
vit_b_16,vit_b_16_linear_head,cue_conflict,p02_r03_b_to_a,6288,4,0.4585641622543335,4,4,True
vit_b_16,vit_b_16_linear_head,cue_conflict,p02_r04_b_to_a,3287,4,0.26577889919281006,4,4,True
vit_b_16,vit_b_16_linear_head,cue_conflict,p02_r05_b_to_a,3512,4,0.14555944502353668,4,0,False
vit_b_16,vit_b_16_linear_head,cue_conflict,p02_r08_b_to_a,3458,4,0.6224110126495361,4,4,True
vit_b_16,vit_b_16_linear_head,cue_conflict,p02_r09_b_to_a,7864,4,0.12832844257354736,4,7,False
vit_b_16,vit_b_16_linear_head,cue_conflict,p02_r10_b_to_a,7475,4,0.1347053498029709,4,1,False
vit_b_16,vit_b_16_linear_head,cue_conflict,p02_r12_b_to_a,171,4,0.15658937394618988,4,4,True
vit_b_16,vit_b_16_linear_head,cue_conflict,p02_r14_b_to_a,5135,4,0.10906507819890976,4,0,False
vit_b_16,vit_b_16_linear_head,cue_conflict,p02_r15_b_to_a,7940,4,0.5438019633293152,4,4,True
vit_b_16,vit_b_16_linear_head,cue_conflict,p02_r16_b_to_a,5062,4,0.5508050918579102,4,4,True
vit_b_16,vit_b_16_linear_head,cue_conflict,p02_r18_b_to_a,5623,4,0.2420942187309265,4,4,True
vit_b_16,vit_b_16_linear_head,cue_conflict,p02_r19_b_to_a,3365,4,0.42267462611198425,4,4,True
vit_b_16,vit_b_16_linear_head,cue_conflict,p02_r20_b_to_a,3763,4,0.1048208549618721,4,0,False
vit_b_16,vit_b_16_linear_head,cue_conflict,p02_r21_b_to_a,7610,4,0.6197575926780701,4,4,True
vit_b_16,vit_b_16_linear_head,cue_conflict,p02_r22_b_to_a,3179,4,0.33660146594047546,4,0,False
vit_b_16,vit_b_16_linear_head,cue_conflict,p02_r23_b_to_a,5077,4,0.5827335715293884,4,4,True
vit_b_16,vit_b_16_linear_head,cue_conflict,p02_r25_b_to_a,1111,4,0.2581349313259125,4,4,True
vit_b_16,vit_b_16_linear_head,cue_conflict,p02_r26_b_to_a,5213,4,0.5999370813369751,4,4,True
vit_b_16,vit_b_16_linear_head,cue_conflict,p02_r27_b_to_a,6097,4,0.18758456408977509,4,4,True
vit_b_16,vit_b_16_linear_head,cue_conflict,p03_r01_a_to_b,5525,8,0.26506564021110535,8,8,True
vit_b_16,vit_b_16_linear_head,cue_conflict,p03_r02_a_to_b,7875,8,0.42793840169906616,8,0,False
vit_b_16,vit_b_16_linear_head,cue_conflict,p03_r03_a_to_b,706,8,0.591211199760437,8,8,True
vit_b_16,vit_b_16_linear_head,cue_conflict,p03_r05_a_to_b,3412,8,0.4956510663032532,8,8,True
vit_b_16,vit_b_16_linear_head,cue_conflict,p03_r06_a_to_b,667,8,0.31754276156425476,8,8,True
vit_b_16,vit_b_16_linear_head,cue_conflict,p03_r07_a_to_b,7818,8,0.019196191802620888,8,0,False
vit_b_16,vit_b_16_linear_head,cue_conflict,p03_r10_a_to_b,2109,8,0.5038361549377441,8,8,True
vit_b_16,vit_b_16_linear_head,cue_conflict,p03_r11_a_to_b,6434,8,0.2132815569639206,8,0,False
vit_b_16,vit_b_16_linear_head,cue_conflict,p03_r12_a_to_b,4662,8,0.08915629237890244,8,4,False
vit_b_16,vit_b_16_linear_head,cue_conflict,p03_r13_a_to_b,1640,8,0.35165148973464966,8,1,False
vit_b_16,vit_b_16_linear_head,cue_conflict,p03_r14_a_to_b,5451,8,0.10185515135526657,8,8,True
vit_b_16,vit_b_16_linear_head,cue_conflict,p03_r15_a_to_b,4990,8,0.13153260946273804,8,4,False
vit_b_16,vit_b_16_linear_head,cue_conflict,p03_r16_a_to_b,5694,8,0.13569502532482147,8,8,True
vit_b_16,vit_b_16_linear_head,cue_conflict,p03_r17_a_to_b,1783,8,0.4521056115627289,8,8,True
vit_b_16,vit_b_16_linear_head,cue_conflict,p03_r18_a_to_b,2340,8,0.12268704921007156,8,8,True
vit_b_16,vit_b_16_linear_head,cue_conflict,p03_r19_a_to_b,2745,8,0.3132917881011963,8,0,False
vit_b_16,vit_b_16_linear_head,cue_conflict,p03_r20_a_to_b,2844,8,0.16465513408184052,8,1,False
vit_b_16,vit_b_16_linear_head,cue_conflict,p03_r21_a_to_b,4242,8,0.282597154378891,8,8,True
vit_b_16,vit_b_16_linear_head,cue_conflict,p03_r24_a_to_b,3157,8,0.10152427852153778,8,1,False
vit_b_16,vit_b_16_linear_head,cue_conflict,p03_r25_a_to_b,1833,8,0.13320627808570862,8,2,False
vit_b_16,vit_b_16_linear_head,cue_conflict,p03_r01_b_to_a,319,5,0.22415047883987427,5,1,False
vit_b_16,vit_b_16_linear_head,cue_conflict,p03_r02_b_to_a,2391,5,0.05853382870554924,5,0,False
vit_b_16,vit_b_16_linear_head,cue_conflict,p03_r03_b_to_a,5381,5,0.293175607919693,5,0,False
vit_b_16,vit_b_16_linear_head,cue_conflict,p03_r04_b_to_a,3863,5,0.0672675222158432,5,0,False
vit_b_16,vit_b_16_linear_head,cue_conflict,p03_r05_b_to_a,6358,5,0.5656208395957947,5,3,False
vit_b_16,vit_b_16_linear_head,cue_conflict,p03_r06_b_to_a,97,5,0.5301536917686462,5,5,True
vit_b_16,vit_b_16_linear_head,cue_conflict,p03_r07_b_to_a,6224,5,0.49475646018981934,5,5,True
vit_b_16,vit_b_16_linear_head,cue_conflict,p03_r08_b_to_a,2268,5,0.3182469606399536,5,0,False
vit_b_16,vit_b_16_linear_head,cue_conflict,p03_r10_b_to_a,7706,5,0.3904176354408264,5,5,True
vit_b_16,vit_b_16_linear_head,cue_conflict,p03_r11_b_to_a,2950,5,0.5301706790924072,5,5,True
vit_b_16,vit_b_16_linear_head,cue_conflict,p03_r12_b_to_a,4290,5,0.09789274632930756,1,0,False
vit_b_16,vit_b_16_linear_head,cue_conflict,p03_r13_b_to_a,7130,5,0.05416156351566315,5,5,True
vit_b_16,vit_b_16_linear_head,cue_conflict,p03_r14_b_to_a,5924,5,0.05394650995731354,5,0,False
vit_b_16,vit_b_16_linear_head,cue_conflict,p03_r16_b_to_a,6922,5,0.18935957551002502,5,0,False
vit_b_16,vit_b_16_linear_head,cue_conflict,p03_r17_b_to_a,2766,5,0.5181265473365784,5,6,False
vit_b_16,vit_b_16_linear_head,cue_conflict,p03_r20_b_to_a,645,5,0.3188844323158264,5,5,True
vit_b_16,vit_b_16_linear_head,cue_conflict,p03_r21_b_to_a,6989,5,0.4144802689552307,5,5,True
vit_b_16,vit_b_16_linear_head,cue_conflict,p03_r22_b_to_a,6716,5,0.20765548944473267,6,0,False
vit_b_16,vit_b_16_linear_head,cue_conflict,p03_r23_b_to_a,7413,5,0.6986551880836487,5,5,True
vit_b_16,vit_b_16_linear_head,cue_conflict,p03_r24_b_to_a,4547,5,0.07359123229980469,5,8,False
vit_b_16,vit_b_16_linear_head,cue_conflict,p04_r01_a_to_b,7995,9,0.48026373982429504,9,2,False
vit_b_16,vit_b_16_linear_head,cue_conflict,p04_r02_a_to_b,1515,9,0.7845873832702637,9,9,True
vit_b_16,vit_b_16_linear_head,cue_conflict,p04_r03_a_to_b,7752,9,0.2664368748664856,9,9,True
vit_b_16,vit_b_16_linear_head,cue_conflict,p04_r04_a_to_b,2655,9,0.45475995540618896,9,9,True
vit_b_16,vit_b_16_linear_head,cue_conflict,p04_r06_a_to_b,2114,9,0.5802948474884033,9,9,True
vit_b_16,vit_b_16_linear_head,cue_conflict,p04_r07_a_to_b,2062,9,0.385367214679718,9,9,True
vit_b_16,vit_b_16_linear_head,cue_conflict,p04_r08_a_to_b,7380,9,0.7291009426116943,9,9,True
vit_b_16,vit_b_16_linear_head,cue_conflict,p04_r09_a_to_b,5284,9,0.31155163049697876,9,9,True
vit_b_16,vit_b_16_linear_head,cue_conflict,p04_r11_a_to_b,191,9,0.4126499593257904,9,9,True
vit_b_16,vit_b_16_linear_head,cue_conflict,p04_r12_a_to_b,4723,9,0.6129046082496643,9,9,True
vit_b_16,vit_b_16_linear_head,cue_conflict,p04_r13_a_to_b,1430,9,0.6006783246994019,9,9,True
vit_b_16,vit_b_16_linear_head,cue_conflict,p04_r14_a_to_b,3893,9,0.33777251839637756,9,9,True
vit_b_16,vit_b_16_linear_head,cue_conflict,p04_r15_a_to_b,5851,9,0.5741016864776611,9,9,True
vit_b_16,vit_b_16_linear_head,cue_conflict,p04_r16_a_to_b,7938,9,0.39637091755867004,9,9,True
vit_b_16,vit_b_16_linear_head,cue_conflict,p04_r17_a_to_b,4094,9,0.22448064386844635,9,9,True
vit_b_16,vit_b_16_linear_head,cue_conflict,p04_r18_a_to_b,419,9,0.2618013322353363,9,2,False
vit_b_16,vit_b_16_linear_head,cue_conflict,p04_r19_a_to_b,2011,9,0.5911275148391724,9,9,True
vit_b_16,vit_b_16_linear_head,cue_conflict,p04_r20_a_to_b,1411,9,0.11504355072975159,9,2,False
vit_b_16,vit_b_16_linear_head,cue_conflict,p04_r21_a_to_b,5981,9,0.16852056980133057,9,8,False
vit_b_16,vit_b_16_linear_head,cue_conflict,p04_r22_a_to_b,5452,9,0.17360714077949524,9,8,False
vit_b_16,vit_b_16_linear_head,cue_conflict,p04_r01_b_to_a,1667,6,0.7284117937088013,6,6,True
vit_b_16,vit_b_16_linear_head,cue_conflict,p04_r04_b_to_a,7555,6,0.4119241535663605,6,0,False
vit_b_16,vit_b_16_linear_head,cue_conflict,p04_r06_b_to_a,3292,6,0.23844845592975616,6,0,False
vit_b_16,vit_b_16_linear_head,cue_conflict,p04_r08_b_to_a,4093,6,0.596847414970398,6,6,True
vit_b_16,vit_b_16_linear_head,cue_conflict,p04_r09_b_to_a,7108,6,0.5412832498550415,6,6,True
vit_b_16,vit_b_16_linear_head,cue_conflict,p04_r10_b_to_a,7600,6,0.39628151059150696,6,6,True
vit_b_16,vit_b_16_linear_head,cue_conflict,p04_r11_b_to_a,7781,6,0.4452086091041565,6,6,True
vit_b_16,vit_b_16_linear_head,cue_conflict,p04_r12_b_to_a,7338,6,0.7031046152114868,6,6,True
vit_b_16,vit_b_16_linear_head,cue_conflict,p04_r13_b_to_a,5580,6,0.42499932646751404,5,5,True
vit_b_16,vit_b_16_linear_head,cue_conflict,p04_r14_b_to_a,3494,6,0.38746702671051025,6,6,True
vit_b_16,vit_b_16_linear_head,cue_conflict,p04_r16_b_to_a,920,6,0.5819854736328125,6,6,True
vit_b_16,vit_b_16_linear_head,cue_conflict,p04_r19_b_to_a,6713,6,0.7367510795593262,6,6,True
vit_b_16,vit_b_16_linear_head,cue_conflict,p04_r22_b_to_a,3418,6,0.7176424264907837,6,6,True
vit_b_16,vit_b_16_linear_head,cue_conflict,p04_r23_b_to_a,3777,6,0.16803134977817535,6,6,True
vit_b_16,vit_b_16_linear_head,cue_conflict,p04_r24_b_to_a,3962,6,0.1698618084192276,6,0,False
vit_b_16,vit_b_16_linear_head,cue_conflict,p04_r25_b_to_a,2958,6,0.841407299041748,6,6,True
vit_b_16,vit_b_16_linear_head,cue_conflict,p04_r26_b_to_a,873,6,0.6522344350814819,6,6,True
vit_b_16,vit_b_16_linear_head,cue_conflict,p04_r27_b_to_a,4254,6,0.13567259907722473,6,3,False
vit_b_16,vit_b_16_linear_head,cue_conflict,p04_r28_b_to_a,5858,6,0.16874630749225616,6,6,True
vit_b_16,vit_b_16_linear_head,cue_conflict,p04_r29_b_to_a,3515,6,0.6056085824966431,4,6,False
vit_b_16,vit_b_16_linear_head,cue_conflict,p05_r01_a_to_b,95,1,0.7986698150634766,1,1,True
vit_b_16,vit_b_16_linear_head,cue_conflict,p05_r02_a_to_b,3937,1,0.7498572468757629,1,1,True
vit_b_16,vit_b_16_linear_head,cue_conflict,p05_r03_a_to_b,6169,1,0.6321886777877808,1,1,True
vit_b_16,vit_b_16_linear_head,cue_conflict,p05_r04_a_to_b,5560,1,0.5549948811531067,1,1,True
vit_b_16,vit_b_16_linear_head,cue_conflict,p05_r05_a_to_b,1115,1,0.410809189081192,1,1,True
vit_b_16,vit_b_16_linear_head,cue_conflict,p05_r06_a_to_b,6938,1,0.7637745141983032,1,1,True
vit_b_16,vit_b_16_linear_head,cue_conflict,p05_r07_a_to_b,1109,1,0.16236257553100586,1,1,True
vit_b_16,vit_b_16_linear_head,cue_conflict,p05_r10_a_to_b,4640,1,0.4878605008125305,1,1,True
vit_b_16,vit_b_16_linear_head,cue_conflict,p05_r11_a_to_b,825,1,0.5656175017356873,1,1,True
vit_b_16,vit_b_16_linear_head,cue_conflict,p05_r12_a_to_b,6594,1,0.22926542162895203,1,1,True
vit_b_16,vit_b_16_linear_head,cue_conflict,p05_r13_a_to_b,261,1,0.6734586954116821,5,1,False
vit_b_16,vit_b_16_linear_head,cue_conflict,p05_r14_a_to_b,116,1,0.6879527568817139,1,1,True
vit_b_16,vit_b_16_linear_head,cue_conflict,p05_r15_a_to_b,2687,1,0.706365704536438,1,1,True
vit_b_16,vit_b_16_linear_head,cue_conflict,p05_r16_a_to_b,5256,1,0.5469101071357727,1,1,True
vit_b_16,vit_b_16_linear_head,cue_conflict,p05_r17_a_to_b,1568,1,0.1817573755979538,1,5,False
vit_b_16,vit_b_16_linear_head,cue_conflict,p05_r18_a_to_b,5220,1,0.155263751745224,1,5,False
vit_b_16,vit_b_16_linear_head,cue_conflict,p05_r19_a_to_b,6954,1,0.3349734842777252,1,1,True
vit_b_16,vit_b_16_linear_head,cue_conflict,p05_r20_a_to_b,2116,1,0.5158737897872925,3,3,True
vit_b_16,vit_b_16_linear_head,cue_conflict,p05_r21_a_to_b,3491,1,0.594878077507019,1,1,True
vit_b_16,vit_b_16_linear_head,cue_conflict,p05_r22_a_to_b,5092,1,0.7909647226333618,1,1,True
vit_b_16,vit_b_16_linear_head,cue_conflict,p05_r05_b_to_a,4172,7,0.8738517165184021,7,7,True
vit_b_16,vit_b_16_linear_head,cue_conflict,p05_r06_b_to_a,1711,7,0.7631904482841492,7,7,True
vit_b_16,vit_b_16_linear_head,cue_conflict,p05_r07_b_to_a,4403,7,0.4315371811389923,7,7,True
vit_b_16,vit_b_16_linear_head,cue_conflict,p05_r09_b_to_a,1048,7,0.22227801382541656,7,4,False
vit_b_16,vit_b_16_linear_head,cue_conflict,p05_r15_b_to_a,5450,7,0.8717659711837769,7,7,True
vit_b_16,vit_b_16_linear_head,cue_conflict,p05_r16_b_to_a,1579,7,0.6639071702957153,7,7,True
vit_b_16,vit_b_16_linear_head,cue_conflict,p05_r17_b_to_a,1771,7,0.3683439791202545,7,7,True
vit_b_16,vit_b_16_linear_head,cue_conflict,p05_r18_b_to_a,29,7,0.2315462976694107,7,7,True
vit_b_16,vit_b_16_linear_head,cue_conflict,p05_r20_b_to_a,6772,7,0.251531720161438,7,7,True
vit_b_16,vit_b_16_linear_head,cue_conflict,p05_r21_b_to_a,2746,7,0.5976266860961914,7,7,True
vit_b_16,vit_b_16_linear_head,cue_conflict,p05_r22_b_to_a,1220,7,0.8908191919326782,7,7,True
vit_b_16,vit_b_16_linear_head,cue_conflict,p05_r23_b_to_a,269,7,0.5699727535247803,7,7,True
vit_b_16,vit_b_16_linear_head,cue_conflict,p05_r24_b_to_a,5719,7,0.7938792705535889,7,7,True
vit_b_16,vit_b_16_linear_head,cue_conflict,p05_r25_b_to_a,1956,7,0.09157174825668335,7,0,False
vit_b_16,vit_b_16_linear_head,cue_conflict,p05_r26_b_to_a,2854,7,0.5170455574989319,7,7,True
vit_b_16,vit_b_16_linear_head,cue_conflict,p05_r27_b_to_a,4236,7,0.3865320086479187,7,7,True
vit_b_16,vit_b_16_linear_head,cue_conflict,p05_r28_b_to_a,3404,7,0.6123594045639038,7,7,True
vit_b_16,vit_b_16_linear_head,cue_conflict,p05_r29_b_to_a,2668,7,0.5742185115814209,7,7,True
vit_b_16,vit_b_16_linear_head,cue_conflict,p05_r30_b_to_a,1440,7,0.6429182291030884,7,7,True
vit_b_16,vit_b_16_linear_head,cue_conflict,p05_r32_b_to_a,4308,7,0.461480975151062,7,7,True
vit_b_16,vit_b_16_linear_head,patch_shuffle,3,3,0,0.7962125539779663,0,0,True
vit_b_16,vit_b_16_linear_head,patch_shuffle,29,29,7,0.4520817697048187,7,4,False
vit_b_16,vit_b_16_linear_head,patch_shuffle,35,35,2,0.5791822671890259,2,0,False
vit_b_16,vit_b_16_linear_head,patch_shuffle,42,42,0,0.7240744233131409,0,0,True
vit_b_16,vit_b_16_linear_head,patch_shuffle,49,49,2,0.4698103666305542,2,2,True
vit_b_16,vit_b_16_linear_head,patch_shuffle,81,81,0,0.4977191984653473,0,9,False
vit_b_16,vit_b_16_linear_head,patch_shuffle,95,95,1,0.6193258762359619,1,1,True
vit_b_16,vit_b_16_linear_head,patch_shuffle,97,97,5,0.4637814462184906,5,5,True
vit_b_16,vit_b_16_linear_head,patch_shuffle,116,116,1,0.5591378211975098,1,1,True
vit_b_16,vit_b_16_linear_head,patch_shuffle,131,131,9,0.4993813633918762,9,9,True
vit_b_16,vit_b_16_linear_head,patch_shuffle,151,151,8,0.5735523104667664,8,8,True
vit_b_16,vit_b_16_linear_head,patch_shuffle,171,171,4,0.6484411358833313,4,4,True
vit_b_16,vit_b_16_linear_head,patch_shuffle,176,176,3,0.6658666729927063,3,3,True
vit_b_16,vit_b_16_linear_head,patch_shuffle,191,191,9,0.6529057025909424,9,9,True
vit_b_16,vit_b_16_linear_head,patch_shuffle,194,194,8,0.6625456809997559,8,8,True
vit_b_16,vit_b_16_linear_head,patch_shuffle,198,198,1,0.6057559251785278,1,1,True
vit_b_16,vit_b_16_linear_head,patch_shuffle,239,239,9,0.6262822151184082,9,9,True
vit_b_16,vit_b_16_linear_head,patch_shuffle,261,261,1,0.872748613357544,5,5,True
vit_b_16,vit_b_16_linear_head,patch_shuffle,269,269,7,0.8036484718322754,7,7,True
vit_b_16,vit_b_16_linear_head,patch_shuffle,276,276,9,0.7581157684326172,9,9,True
vit_b_16,vit_b_16_linear_head,patch_shuffle,303,303,9,0.6181313991546631,9,9,True
vit_b_16,vit_b_16_linear_head,patch_shuffle,304,304,1,0.7471023797988892,1,7,False
vit_b_16,vit_b_16_linear_head,patch_shuffle,317,317,2,0.5491951704025269,2,2,True
vit_b_16,vit_b_16_linear_head,patch_shuffle,319,319,5,0.6475257277488708,5,5,True
vit_b_16,vit_b_16_linear_head,patch_shuffle,323,323,7,0.5840338468551636,7,7,True
vit_b_16,vit_b_16_linear_head,patch_shuffle,365,365,3,0.6944112777709961,3,3,True
vit_b_16,vit_b_16_linear_head,patch_shuffle,370,370,7,0.757561445236206,7,7,True
vit_b_16,vit_b_16_linear_head,patch_shuffle,372,372,3,0.5707996487617493,3,3,True
vit_b_16,vit_b_16_linear_head,patch_shuffle,378,378,5,0.7048490047454834,5,5,True
vit_b_16,vit_b_16_linear_head,patch_shuffle,391,391,3,0.7282423377037048,3,3,True
vit_b_16,vit_b_16_linear_head,patch_shuffle,409,409,2,0.7527738809585571,2,2,True
vit_b_16,vit_b_16_linear_head,patch_shuffle,419,419,9,0.6083002686500549,9,9,True
vit_b_16,vit_b_16_linear_head,patch_shuffle,449,449,6,0.5886933207511902,6,6,True
vit_b_16,vit_b_16_linear_head,patch_shuffle,470,470,2,0.6984086036682129,2,2,True
vit_b_16,vit_b_16_linear_head,patch_shuffle,483,483,2,0.5881010293960571,2,9,False
vit_b_16,vit_b_16_linear_head,patch_shuffle,484,484,0,0.48557260632514954,0,0,True
vit_b_16,vit_b_16_linear_head,patch_shuffle,506,506,4,0.6705774664878845,4,4,True
vit_b_16,vit_b_16_linear_head,patch_shuffle,545,545,6,0.8092877864837646,6,6,True
vit_b_16,vit_b_16_linear_head,patch_shuffle,562,562,0,0.7285611629486084,0,0,True
vit_b_16,vit_b_16_linear_head,patch_shuffle,568,568,5,0.5969099998474121,5,5,True
vit_b_16,vit_b_16_linear_head,patch_shuffle,603,603,9,0.4298587739467621,9,9,True
vit_b_16,vit_b_16_linear_head,patch_shuffle,632,632,3,0.6787036657333374,3,3,True
vit_b_16,vit_b_16_linear_head,patch_shuffle,645,645,5,0.6061583757400513,5,5,True
vit_b_16,vit_b_16_linear_head,patch_shuffle,667,667,8,0.832118570804596,8,8,True
vit_b_16,vit_b_16_linear_head,patch_shuffle,672,672,3,0.7307820320129395,3,3,True
vit_b_16,vit_b_16_linear_head,patch_shuffle,677,677,3,0.6514748334884644,3,3,True
vit_b_16,vit_b_16_linear_head,patch_shuffle,685,685,5,0.7940512895584106,5,5,True
vit_b_16,vit_b_16_linear_head,patch_shuffle,691,691,4,0.6605641841888428,4,4,True
vit_b_16,vit_b_16_linear_head,patch_shuffle,706,706,8,0.5493543148040771,8,8,True
vit_b_16,vit_b_16_linear_head,patch_shuffle,714,714,2,0.47702091932296753,2,2,True
vit_b_16,vit_b_16_linear_head,patch_shuffle,716,716,8,0.8289595246315002,8,8,True
vit_b_16,vit_b_16_linear_head,patch_shuffle,738,738,3,0.5906938314437866,3,6,False
vit_b_16,vit_b_16_linear_head,patch_shuffle,739,739,8,0.5985904335975647,8,8,True
vit_b_16,vit_b_16_linear_head,patch_shuffle,766,766,4,0.6559344530105591,6,6,True
vit_b_16,vit_b_16_linear_head,patch_shuffle,791,791,3,0.8250752091407776,3,3,True
vit_b_16,vit_b_16_linear_head,patch_shuffle,805,805,9,0.654033899307251,9,9,True
vit_b_16,vit_b_16_linear_head,patch_shuffle,825,825,1,0.771368145942688,1,1,True
vit_b_16,vit_b_16_linear_head,patch_shuffle,852,852,9,0.314466655254364,9,9,True
vit_b_16,vit_b_16_linear_head,patch_shuffle,855,855,4,0.33653900027275085,4,4,True
vit_b_16,vit_b_16_linear_head,patch_shuffle,873,873,6,0.5249615907669067,6,6,True
vit_b_16,vit_b_16_linear_head,patch_shuffle,890,890,6,0.8131849765777588,6,6,True
vit_b_16,vit_b_16_linear_head,patch_shuffle,920,920,6,0.48821431398391724,6,6,True
vit_b_16,vit_b_16_linear_head,patch_shuffle,929,929,6,0.6914935111999512,6,6,True
vit_b_16,vit_b_16_linear_head,patch_shuffle,962,962,8,0.665393054485321,8,8,True
vit_b_16,vit_b_16_linear_head,patch_shuffle,964,964,6,0.42979538440704346,6,6,True
vit_b_16,vit_b_16_linear_head,patch_shuffle,977,977,6,0.6830332279205322,6,6,True
vit_b_16,vit_b_16_linear_head,patch_shuffle,979,979,3,0.593147337436676,3,3,True
vit_b_16,vit_b_16_linear_head,patch_shuffle,981,981,2,0.5735862851142883,2,2,True
vit_b_16,vit_b_16_linear_head,patch_shuffle,1022,1022,9,0.7417844533920288,9,9,True
vit_b_16,vit_b_16_linear_head,patch_shuffle,1032,1032,7,0.7531899213790894,7,7,True
vit_b_16,vit_b_16_linear_head,patch_shuffle,1048,1048,7,0.5758185982704163,7,7,True
vit_b_16,vit_b_16_linear_head,patch_shuffle,1090,1090,1,0.7967840433120728,1,1,True
vit_b_16,vit_b_16_linear_head,patch_shuffle,1095,1095,5,0.8607012629508972,5,5,True
vit_b_16,vit_b_16_linear_head,patch_shuffle,1109,1109,1,0.6514981389045715,1,0,False
vit_b_16,vit_b_16_linear_head,patch_shuffle,1111,1111,4,0.7301837801933289,4,4,True
vit_b_16,vit_b_16_linear_head,patch_shuffle,1115,1115,1,0.7495791912078857,1,4,False
vit_b_16,vit_b_16_linear_head,patch_shuffle,1124,1124,4,0.6300802230834961,4,4,True
vit_b_16,vit_b_16_linear_head,patch_shuffle,1129,1129,8,0.7235532999038696,8,8,True
vit_b_16,vit_b_16_linear_head,patch_shuffle,1175,1175,0,0.6090197563171387,0,0,True
vit_b_16,vit_b_16_linear_head,patch_shuffle,1202,1202,2,0.6151836514472961,2,2,True
vit_b_16,vit_b_16_linear_head,patch_shuffle,1204,1204,3,0.6290155053138733,3,3,True
vit_b_16,vit_b_16_linear_head,patch_shuffle,1211,1211,4,0.7277715802192688,4,4,True
vit_b_16,vit_b_16_linear_head,patch_shuffle,1220,1220,7,0.7910413146018982,7,7,True
vit_b_16,vit_b_16_linear_head,patch_shuffle,1230,1230,1,0.7519951462745667,1,7,False
vit_b_16,vit_b_16_linear_head,patch_shuffle,1247,1247,8,0.836631715297699,8,8,True
vit_b_16,vit_b_16_linear_head,patch_shuffle,1263,1263,3,0.6172580718994141,3,3,True
vit_b_16,vit_b_16_linear_head,patch_shuffle,1266,1266,4,0.6913017630577087,4,4,True
vit_b_16,vit_b_16_linear_head,patch_shuffle,1287,1287,7,0.6808505058288574,7,7,True
vit_b_16,vit_b_16_linear_head,patch_shuffle,1296,1296,7,0.6966934204101562,7,7,True
vit_b_16,vit_b_16_linear_head,patch_shuffle,1370,1370,3,0.6747249364852905,3,3,True
vit_b_16,vit_b_16_linear_head,patch_shuffle,1389,1389,0,0.5994064211845398,0,0,True
vit_b_16,vit_b_16_linear_head,patch_shuffle,1401,1401,3,0.6783881783485413,3,3,True
vit_b_16,vit_b_16_linear_head,patch_shuffle,1403,1403,2,0.5721689462661743,2,2,True
vit_b_16,vit_b_16_linear_head,patch_shuffle,1411,1411,9,0.4968615472316742,9,9,True
vit_b_16,vit_b_16_linear_head,patch_shuffle,1429,1429,4,0.5859209299087524,4,4,True
vit_b_16,vit_b_16_linear_head,patch_shuffle,1430,1430,9,0.6379536390304565,9,9,True
vit_b_16,vit_b_16_linear_head,patch_shuffle,1431,1431,3,0.6550599336624146,3,3,True
vit_b_16,vit_b_16_linear_head,patch_shuffle,1436,1436,1,0.6918365955352783,1,1,True
vit_b_16,vit_b_16_linear_head,patch_shuffle,1440,1440,7,0.891173243522644,7,7,True
vit_b_16,vit_b_16_linear_head,patch_shuffle,1468,1468,9,0.6114665865898132,9,9,True
vit_b_16,vit_b_16_linear_head,patch_shuffle,1473,1473,7,0.7235931158065796,7,7,True
vit_b_16,vit_b_16_linear_head,patch_shuffle,1515,1515,9,0.4355931580066681,9,9,True
vit_b_16,vit_b_16_linear_head,patch_shuffle,1520,1520,2,0.6174802184104919,2,9,False
vit_b_16,vit_b_16_linear_head,patch_shuffle,1531,1531,3,0.7007701396942139,3,3,True
vit_b_16,vit_b_16_linear_head,patch_shuffle,1534,1534,6,0.4660544991493225,6,5,False
vit_b_16,vit_b_16_linear_head,patch_shuffle,1552,1552,5,0.8345135450363159,5,5,True
vit_b_16,vit_b_16_linear_head,patch_shuffle,1553,1553,0,0.5960184335708618,0,0,True
vit_b_16,vit_b_16_linear_head,patch_shuffle,1563,1563,3,0.626991331577301,3,7,False
vit_b_16,vit_b_16_linear_head,patch_shuffle,1568,1568,1,0.6020945310592651,1,3,False
vit_b_16,vit_b_16_linear_head,patch_shuffle,1579,1579,7,0.76153963804245,7,7,True
vit_b_16,vit_b_16_linear_head,patch_shuffle,1586,1586,2,0.4850519299507141,2,2,True
vit_b_16,vit_b_16_linear_head,patch_shuffle,1596,1596,0,0.7652192115783691,0,0,True
vit_b_16,vit_b_16_linear_head,patch_shuffle,1626,1626,5,0.753016471862793,5,5,True
vit_b_16,vit_b_16_linear_head,patch_shuffle,1640,1640,8,0.3387353718280792,8,0,False
vit_b_16,vit_b_16_linear_head,patch_shuffle,1644,1644,5,0.6740201711654663,5,5,True
vit_b_16,vit_b_16_linear_head,patch_shuffle,1648,1648,0,0.7305061221122742,0,0,True
vit_b_16,vit_b_16_linear_head,patch_shuffle,1654,1654,9,0.5879837274551392,9,9,True
vit_b_16,vit_b_16_linear_head,patch_shuffle,1667,1667,6,0.645511269569397,6,6,True
vit_b_16,vit_b_16_linear_head,patch_shuffle,1703,1703,7,0.6329933404922485,7,7,True
vit_b_16,vit_b_16_linear_head,patch_shuffle,1711,1711,7,0.7746838331222534,7,7,True
vit_b_16,vit_b_16_linear_head,patch_shuffle,1771,1771,7,0.6220351457595825,7,4,False
vit_b_16,vit_b_16_linear_head,patch_shuffle,1783,1783,8,0.7415110468864441,8,8,True
vit_b_16,vit_b_16_linear_head,patch_shuffle,1814,1814,2,0.6377465724945068,2,2,True
vit_b_16,vit_b_16_linear_head,patch_shuffle,1833,1833,8,0.6261499524116516,8,8,True
vit_b_16,vit_b_16_linear_head,patch_shuffle,1836,1836,9,0.5585065484046936,9,2,False
vit_b_16,vit_b_16_linear_head,patch_shuffle,1839,1839,2,0.5316048860549927,2,2,True
vit_b_16,vit_b_16_linear_head,patch_shuffle,1852,1852,1,0.597496509552002,1,1,True
vit_b_16,vit_b_16_linear_head,patch_shuffle,1871,1871,1,0.7852035760879517,1,5,False
vit_b_16,vit_b_16_linear_head,patch_shuffle,1877,1877,5,0.578148603439331,5,4,False
vit_b_16,vit_b_16_linear_head,patch_shuffle,1884,1884,7,0.7608999013900757,7,7,True
vit_b_16,vit_b_16_linear_head,patch_shuffle,1927,1927,7,0.7780875563621521,7,7,True
vit_b_16,vit_b_16_linear_head,patch_shuffle,1954,1954,8,0.8294304609298706,8,8,True
vit_b_16,vit_b_16_linear_head,patch_shuffle,1956,1956,7,0.5773192048072815,7,3,False
vit_b_16,vit_b_16_linear_head,patch_shuffle,1960,1960,4,0.6346314549446106,5,5,True
vit_b_16,vit_b_16_linear_head,patch_shuffle,1977,1977,0,0.6943910121917725,0,0,True
vit_b_16,vit_b_16_linear_head,patch_shuffle,1986,1986,1,0.8696263432502747,1,1,True
vit_b_16,vit_b_16_linear_head,patch_shuffle,1993,1993,1,0.598397433757782,1,1,True
vit_b_16,vit_b_16_linear_head,patch_shuffle,2003,2003,6,0.8124133348464966,6,6,True
vit_b_16,vit_b_16_linear_head,patch_shuffle,2011,2011,9,0.665802001953125,9,9,True
vit_b_16,vit_b_16_linear_head,patch_shuffle,2024,2024,0,0.640495240688324,0,0,True
vit_b_16,vit_b_16_linear_head,patch_shuffle,2028,2028,3,0.624023973941803,3,3,True
vit_b_16,vit_b_16_linear_head,patch_shuffle,2062,2062,9,0.6316184401512146,9,9,True
vit_b_16,vit_b_16_linear_head,patch_shuffle,2070,2070,1,0.6062566041946411,1,1,True
vit_b_16,vit_b_16_linear_head,patch_shuffle,2082,2082,2,0.7122177481651306,2,2,True
vit_b_16,vit_b_16_linear_head,patch_shuffle,2095,2095,1,0.5894243717193604,1,1,True
vit_b_16,vit_b_16_linear_head,patch_shuffle,2109,2109,8,0.6759769916534424,8,8,True
vit_b_16,vit_b_16_linear_head,patch_shuffle,2114,2114,9,0.8022409677505493,9,9,True
vit_b_16,vit_b_16_linear_head,patch_shuffle,2116,2116,1,0.5929544568061829,3,3,True
vit_b_16,vit_b_16_linear_head,patch_shuffle,2157,2157,1,0.6146025061607361,1,1,True
vit_b_16,vit_b_16_linear_head,patch_shuffle,2167,2167,9,0.6744810342788696,9,9,True
vit_b_16,vit_b_16_linear_head,patch_shuffle,2178,2178,1,0.5065430998802185,1,1,True
vit_b_16,vit_b_16_linear_head,patch_shuffle,2191,2191,8,0.7970846891403198,8,8,True
vit_b_16,vit_b_16_linear_head,patch_shuffle,2230,2230,8,0.7119842767715454,8,8,True
vit_b_16,vit_b_16_linear_head,patch_shuffle,2242,2242,0,0.877102255821228,0,0,True
vit_b_16,vit_b_16_linear_head,patch_shuffle,2265,2265,5,0.7465201616287231,5,5,True
vit_b_16,vit_b_16_linear_head,patch_shuffle,2268,2268,5,0.6785387992858887,5,5,True
vit_b_16,vit_b_16_linear_head,patch_shuffle,2291,2291,3,0.6210808753967285,3,3,True
vit_b_16,vit_b_16_linear_head,patch_shuffle,2334,2334,5,0.648389995098114,5,5,True
vit_b_16,vit_b_16_linear_head,patch_shuffle,2340,2340,8,0.6223320960998535,8,8,True
vit_b_16,vit_b_16_linear_head,patch_shuffle,2342,2342,8,0.7351989150047302,8,8,True
vit_b_16,vit_b_16_linear_head,patch_shuffle,2351,2351,9,0.5939365029335022,9,9,True
vit_b_16,vit_b_16_linear_head,patch_shuffle,2391,2391,5,0.5395430326461792,5,4,False
vit_b_16,vit_b_16_linear_head,patch_shuffle,2392,2392,2,0.7797456979751587,2,2,True
vit_b_16,vit_b_16_linear_head,patch_shuffle,2399,2399,4,0.6519350409507751,4,4,True
vit_b_16,vit_b_16_linear_head,patch_shuffle,2414,2414,9,0.6053894758224487,9,2,False
vit_b_16,vit_b_16_linear_head,patch_shuffle,2427,2427,5,0.6711467504501343,5,5,True
vit_b_16,vit_b_16_linear_head,patch_shuffle,2458,2458,5,0.7840131521224976,5,5,True
vit_b_16,vit_b_16_linear_head,patch_shuffle,2501,2501,7,0.8283267021179199,7,7,True
vit_b_16,vit_b_16_linear_head,patch_shuffle,2502,2502,2,0.8319991827011108,2,2,True
vit_b_16,vit_b_16_linear_head,patch_shuffle,2536,2536,3,0.797139585018158,3,3,True
vit_b_16,vit_b_16_linear_head,patch_shuffle,2539,2539,3,0.6179563999176025,3,3,True
vit_b_16,vit_b_16_linear_head,patch_shuffle,2610,2610,6,0.5064874887466431,6,6,True
vit_b_16,vit_b_16_linear_head,patch_shuffle,2623,2623,5,0.5718289017677307,5,5,True
vit_b_16,vit_b_16_linear_head,patch_shuffle,2655,2655,9,0.5357306599617004,9,9,True
vit_b_16,vit_b_16_linear_head,patch_shuffle,2668,2668,7,0.7262962460517883,7,7,True
vit_b_16,vit_b_16_linear_head,patch_shuffle,2676,2676,6,0.6339151859283447,6,5,False
vit_b_16,vit_b_16_linear_head,patch_shuffle,2687,2687,1,0.6136107444763184,1,1,True
vit_b_16,vit_b_16_linear_head,patch_shuffle,2690,2690,1,0.6946079134941101,1,1,True
vit_b_16,vit_b_16_linear_head,patch_shuffle,2704,2704,4,0.6918063759803772,4,4,True
vit_b_16,vit_b_16_linear_head,patch_shuffle,2745,2745,8,0.8754038214683533,8,8,True
vit_b_16,vit_b_16_linear_head,patch_shuffle,2746,2746,7,0.6541355848312378,7,7,True
vit_b_16,vit_b_16_linear_head,patch_shuffle,2750,2750,0,0.7143255472183228,0,0,True
vit_b_16,vit_b_16_linear_head,patch_shuffle,2754,2754,3,0.6962001919746399,3,3,True
vit_b_16,vit_b_16_linear_head,patch_shuffle,2757,2757,4,0.7151429653167725,4,4,True
vit_b_16,vit_b_16_linear_head,patch_shuffle,2766,2766,5,0.6921344995498657,5,5,True
vit_b_16,vit_b_16_linear_head,patch_shuffle,2807,2807,5,0.7253381609916687,5,3,False
vit_b_16,vit_b_16_linear_head,patch_shuffle,2844,2844,8,0.7968846559524536,8,8,True
vit_b_16,vit_b_16_linear_head,patch_shuffle,2854,2854,7,0.7998179793357849,7,7,True
vit_b_16,vit_b_16_linear_head,patch_shuffle,2861,2861,3,0.6749930381774902,3,3,True
vit_b_16,vit_b_16_linear_head,patch_shuffle,2888,2888,0,0.7916166186332703,0,0,True
vit_b_16,vit_b_16_linear_head,patch_shuffle,2898,2898,4,0.7060835957527161,4,4,True
vit_b_16,vit_b_16_linear_head,patch_shuffle,2950,2950,5,0.6799708008766174,5,5,True
vit_b_16,vit_b_16_linear_head,patch_shuffle,2958,2958,6,0.8726287484169006,6,6,True
vit_b_16,vit_b_16_linear_head,patch_shuffle,3015,3015,8,0.5462218523025513,8,8,True
vit_b_16,vit_b_16_linear_head,patch_shuffle,3024,3024,2,0.3908001184463501,2,2,True
vit_b_16,vit_b_16_linear_head,patch_shuffle,3025,3025,0,0.6269353032112122,0,0,True
vit_b_16,vit_b_16_linear_head,patch_shuffle,3034,3034,4,0.7449770569801331,4,4,True
vit_b_16,vit_b_16_linear_head,patch_shuffle,3067,3067,2,0.6307097673416138,2,2,True
vit_b_16,vit_b_16_linear_head,patch_shuffle,3078,3078,4,0.583328127861023,4,4,True
vit_b_16,vit_b_16_linear_head,patch_shuffle,3079,3079,1,0.7523818612098694,1,1,True
vit_b_16,vit_b_16_linear_head,patch_shuffle,3083,3083,0,0.6738030314445496,0,0,True
vit_b_16,vit_b_16_linear_head,patch_shuffle,3122,3122,4,0.7857314348220825,4,4,True
vit_b_16,vit_b_16_linear_head,patch_shuffle,3153,3153,7,0.6791334748268127,7,7,True
vit_b_16,vit_b_16_linear_head,patch_shuffle,3157,3157,8,0.5556356906890869,8,8,True
vit_b_16,vit_b_16_linear_head,patch_shuffle,3163,3163,2,0.5544865131378174,2,2,True
vit_b_16,vit_b_16_linear_head,patch_shuffle,3179,3179,4,0.6546904444694519,4,4,True
vit_b_16,vit_b_16_linear_head,patch_shuffle,3191,3191,6,0.6418857574462891,6,6,True
vit_b_16,vit_b_16_linear_head,patch_shuffle,3276,3276,3,0.6660817861557007,3,4,False
vit_b_16,vit_b_16_linear_head,patch_shuffle,3287,3287,4,0.7134626507759094,4,4,True
vit_b_16,vit_b_16_linear_head,patch_shuffle,3288,3288,7,0.9345337152481079,7,7,True
vit_b_16,vit_b_16_linear_head,patch_shuffle,3292,3292,6,0.5965213179588318,6,6,True
vit_b_16,vit_b_16_linear_head,patch_shuffle,3318,3318,9,0.3131225109100342,9,9,True
vit_b_16,vit_b_16_linear_head,patch_shuffle,3347,3347,0,0.7726601362228394,0,0,True
vit_b_16,vit_b_16_linear_head,patch_shuffle,3353,3353,5,0.7091219425201416,5,3,False
vit_b_16,vit_b_16_linear_head,patch_shuffle,3362,3362,2,0.8504279255867004,2,2,True
vit_b_16,vit_b_16_linear_head,patch_shuffle,3365,3365,4,0.5651094913482666,4,4,True
vit_b_16,vit_b_16_linear_head,patch_shuffle,3375,3375,3,0.5201482772827148,3,3,True
vit_b_16,vit_b_16_linear_head,patch_shuffle,3383,3383,3,0.6987666487693787,3,3,True
vit_b_16,vit_b_16_linear_head,patch_shuffle,3404,3404,7,0.8350501656532288,7,7,True
vit_b_16,vit_b_16_linear_head,patch_shuffle,3412,3412,8,0.617218017578125,8,8,True
vit_b_16,vit_b_16_linear_head,patch_shuffle,3413,3413,1,0.7584101557731628,1,1,True
vit_b_16,vit_b_16_linear_head,patch_shuffle,3418,3418,6,0.5725034475326538,6,6,True
vit_b_16,vit_b_16_linear_head,patch_shuffle,3437,3437,0,0.6036027669906616,0,0,True
vit_b_16,vit_b_16_linear_head,patch_shuffle,3446,3446,7,0.6782100200653076,7,7,True
vit_b_16,vit_b_16_linear_head,patch_shuffle,3454,3454,2,0.47557076811790466,2,9,False
vit_b_16,vit_b_16_linear_head,patch_shuffle,3455,3455,0,0.7496612071990967,0,0,True
vit_b_16,vit_b_16_linear_head,patch_shuffle,3458,3458,4,0.7846846580505371,4,4,True
vit_b_16,vit_b_16_linear_head,patch_shuffle,3467,3467,7,0.611518383026123,7,7,True
vit_b_16,vit_b_16_linear_head,patch_shuffle,3491,3491,1,0.7139543890953064,1,1,True
vit_b_16,vit_b_16_linear_head,patch_shuffle,3494,3494,6,0.6778510808944702,6,6,True
vit_b_16,vit_b_16_linear_head,patch_shuffle,3512,3512,4,0.5150725841522217,4,4,True
vit_b_16,vit_b_16_linear_head,patch_shuffle,3515,3515,6,0.6090004444122314,4,4,True
vit_b_16,vit_b_16_linear_head,patch_shuffle,3542,3542,7,0.8838781714439392,7,7,True
vit_b_16,vit_b_16_linear_head,patch_shuffle,3550,3550,1,0.6289351582527161,1,1,True
vit_b_16,vit_b_16_linear_head,patch_shuffle,3562,3562,3,0.611717164516449,3,4,False
vit_b_16,vit_b_16_linear_head,patch_shuffle,3755,3755,2,0.6944819092750549,2,2,True
vit_b_16,vit_b_16_linear_head,patch_shuffle,3763,3763,4,0.7262561917304993,4,4,True
vit_b_16,vit_b_16_linear_head,patch_shuffle,3777,3777,6,0.4710889756679535,6,6,True
vit_b_16,vit_b_16_linear_head,patch_shuffle,3778,3778,3,0.6256654858589172,3,3,True
vit_b_16,vit_b_16_linear_head,patch_shuffle,3779,3779,6,0.5959101915359497,6,6,True
vit_b_16,vit_b_16_linear_head,patch_shuffle,3844,3844,6,0.7113805413246155,6,6,True
vit_b_16,vit_b_16_linear_head,patch_shuffle,3851,3851,3,0.4482662081718445,3,5,False
vit_b_16,vit_b_16_linear_head,patch_shuffle,3852,3852,5,0.648036003112793,5,5,True
vit_b_16,vit_b_16_linear_head,patch_shuffle,3863,3863,5,0.7965183258056641,5,5,True
vit_b_16,vit_b_16_linear_head,patch_shuffle,3867,3867,7,0.7438794374465942,7,7,True
vit_b_16,vit_b_16_linear_head,patch_shuffle,3876,3876,0,0.7807134985923767,0,0,True
vit_b_16,vit_b_16_linear_head,patch_shuffle,3889,3889,5,0.5904734134674072,5,5,True
vit_b_16,vit_b_16_linear_head,patch_shuffle,3891,3891,4,0.5612107515335083,4,4,True
vit_b_16,vit_b_16_linear_head,patch_shuffle,3893,3893,9,0.6092015504837036,9,9,True
vit_b_16,vit_b_16_linear_head,patch_shuffle,3905,3905,8,0.5595027804374695,8,8,True
vit_b_16,vit_b_16_linear_head,patch_shuffle,3914,3914,3,0.6836763024330139,3,3,True
vit_b_16,vit_b_16_linear_head,patch_shuffle,3937,3937,1,0.7465145587921143,1,1,True
vit_b_16,vit_b_16_linear_head,patch_shuffle,3942,3942,9,0.6377153992652893,9,9,True
vit_b_16,vit_b_16_linear_head,patch_shuffle,3948,3948,8,0.7343498468399048,8,8,True
vit_b_16,vit_b_16_linear_head,patch_shuffle,3962,3962,6,0.6802121996879578,6,6,True
vit_b_16,vit_b_16_linear_head,patch_shuffle,3965,3965,0,0.7230982184410095,0,0,True
vit_b_16,vit_b_16_linear_head,patch_shuffle,3994,3994,4,0.6778417825698853,4,4,True
vit_b_16,vit_b_16_linear_head,patch_shuffle,3996,3996,9,0.5366077423095703,9,9,True
vit_b_16,vit_b_16_linear_head,patch_shuffle,4011,4011,6,0.5366321802139282,6,6,True
vit_b_16,vit_b_16_linear_head,patch_shuffle,4023,4023,3,0.5160759091377258,3,1,False
vit_b_16,vit_b_16_linear_head,patch_shuffle,4054,4054,4,0.7718291878700256,4,4,True
vit_b_16,vit_b_16_linear_head,patch_shuffle,4065,4065,2,0.47939422726631165,2,2,True
vit_b_16,vit_b_16_linear_head,patch_shuffle,4069,4069,8,0.5828171968460083,8,6,False
vit_b_16,vit_b_16_linear_head,patch_shuffle,4093,4093,6,0.6257981061935425,6,6,True
vit_b_16,vit_b_16_linear_head,patch_shuffle,4094,4094,9,0.5110315084457397,9,9,True
vit_b_16,vit_b_16_linear_head,patch_shuffle,4106,4106,5,0.7156928777694702,5,5,True
vit_b_16,vit_b_16_linear_head,patch_shuffle,4130,4130,0,0.7387188076972961,0,0,True
vit_b_16,vit_b_16_linear_head,patch_shuffle,4168,4168,3,0.714767336845398,3,3,True
vit_b_16,vit_b_16_linear_head,patch_shuffle,4170,4170,8,0.7698546648025513,8,8,True
vit_b_16,vit_b_16_linear_head,patch_shuffle,4172,4172,7,0.8085055351257324,7,7,True
vit_b_16,vit_b_16_linear_head,patch_shuffle,4177,4177,8,0.5608097910881042,8,8,True
vit_b_16,vit_b_16_linear_head,patch_shuffle,4215,4215,3,0.6338366866111755,3,3,True
vit_b_16,vit_b_16_linear_head,patch_shuffle,4229,4229,3,0.6961143612861633,3,3,True
vit_b_16,vit_b_16_linear_head,patch_shuffle,4236,4236,7,0.784648060798645,7,7,True
vit_b_16,vit_b_16_linear_head,patch_shuffle,4242,4242,8,0.6408122777938843,8,8,True
vit_b_16,vit_b_16_linear_head,patch_shuffle,4254,4254,6,0.6900747418403625,6,4,False
vit_b_16,vit_b_16_linear_head,patch_shuffle,4290,4290,5,0.6820497512817383,1,4,False
vit_b_16,vit_b_16_linear_head,patch_shuffle,4298,4298,1,0.762138843536377,1,1,True
vit_b_16,vit_b_16_linear_head,patch_shuffle,4308,4308,7,0.7668684720993042,7,7,True
vit_b_16,vit_b_16_linear_head,patch_shuffle,4311,4311,8,0.6701976656913757,8,8,True
vit_b_16,vit_b_16_linear_head,patch_shuffle,4323,4323,3,0.4573087990283966,3,5,False
vit_b_16,vit_b_16_linear_head,patch_shuffle,4330,4330,3,0.6382641196250916,3,3,True
vit_b_16,vit_b_16_linear_head,patch_shuffle,4341,4341,6,0.6786140203475952,6,6,True
vit_b_16,vit_b_16_linear_head,patch_shuffle,4355,4355,8,0.6590049862861633,0,0,True
vit_b_16,vit_b_16_linear_head,patch_shuffle,4399,4399,0,0.5627779960632324,0,0,True
vit_b_16,vit_b_16_linear_head,patch_shuffle,4403,4403,7,0.6329857110977173,7,7,True
vit_b_16,vit_b_16_linear_head,patch_shuffle,4411,4411,6,0.5679320693016052,6,6,True
vit_b_16,vit_b_16_linear_head,patch_shuffle,4449,4449,9,0.6864728331565857,9,9,True
vit_b_16,vit_b_16_linear_head,patch_shuffle,4463,4463,3,0.536621630191803,3,3,True
vit_b_16,vit_b_16_linear_head,patch_shuffle,4531,4531,3,0.6276370286941528,3,3,True
vit_b_16,vit_b_16_linear_head,patch_shuffle,4539,4539,0,0.8338818550109863,0,0,True
vit_b_16,vit_b_16_linear_head,patch_shuffle,4547,4547,5,0.873295783996582,5,5,True
vit_b_16,vit_b_16_linear_head,patch_shuffle,4552,4552,8,0.5967750549316406,8,8,True
vit_b_16,vit_b_16_linear_head,patch_shuffle,4570,4570,5,0.548836886882782,5,5,True
vit_b_16,vit_b_16_linear_head,patch_shuffle,4590,4590,3,0.6243380308151245,3,3,True
vit_b_16,vit_b_16_linear_head,patch_shuffle,4609,4609,3,0.3862934708595276,3,3,True
vit_b_16,vit_b_16_linear_head,patch_shuffle,4615,4615,0,0.7656327486038208,0,0,True
vit_b_16,vit_b_16_linear_head,patch_shuffle,4617,4617,0,0.707615852355957,0,0,True
vit_b_16,vit_b_16_linear_head,patch_shuffle,4620,4620,6,0.6055132746696472,6,6,True
vit_b_16,vit_b_16_linear_head,patch_shuffle,4629,4629,4,0.4645146131515503,4,4,True
vit_b_16,vit_b_16_linear_head,patch_shuffle,4640,4640,1,0.6713894009590149,1,1,True
vit_b_16,vit_b_16_linear_head,patch_shuffle,4642,4642,4,0.6405478119850159,4,4,True
vit_b_16,vit_b_16_linear_head,patch_shuffle,4661,4661,7,0.7667504549026489,7,7,True
vit_b_16,vit_b_16_linear_head,patch_shuffle,4662,4662,8,0.6459246277809143,8,8,True
vit_b_16,vit_b_16_linear_head,patch_shuffle,4675,4675,0,0.4975379407405853,0,0,True
vit_b_16,vit_b_16_linear_head,patch_shuffle,4676,4676,8,0.5983768701553345,8,8,True
vit_b_16,vit_b_16_linear_head,patch_shuffle,4704,4704,7,0.6213365197181702,7,7,True
vit_b_16,vit_b_16_linear_head,patch_shuffle,4723,4723,9,0.5268059372901917,9,9,True
vit_b_16,vit_b_16_linear_head,patch_shuffle,4731,4731,6,0.44410091638565063,6,6,True
vit_b_16,vit_b_16_linear_head,patch_shuffle,4735,4735,2,0.5901944041252136,2,2,True
vit_b_16,vit_b_16_linear_head,patch_shuffle,4740,4740,4,0.7217973470687866,4,4,True
vit_b_16,vit_b_16_linear_head,patch_shuffle,4746,4746,6,0.6543936133384705,6,6,True
vit_b_16,vit_b_16_linear_head,patch_shuffle,4748,4748,7,0.8231667876243591,7,7,True
vit_b_16,vit_b_16_linear_head,patch_shuffle,4754,4754,6,0.6487931609153748,6,6,True
vit_b_16,vit_b_16_linear_head,patch_shuffle,4785,4785,0,0.6038466095924377,0,0,True
vit_b_16,vit_b_16_linear_head,patch_shuffle,4791,4791,7,0.7612161636352539,7,7,True
vit_b_16,vit_b_16_linear_head,patch_shuffle,4819,4819,0,0.7330210208892822,0,0,True
vit_b_16,vit_b_16_linear_head,patch_shuffle,4821,4821,3,0.7644482851028442,3,3,True
vit_b_16,vit_b_16_linear_head,patch_shuffle,4827,4827,6,0.6768515706062317,6,6,True
vit_b_16,vit_b_16_linear_head,patch_shuffle,4850,4850,5,0.6186291575431824,5,5,True
vit_b_16,vit_b_16_linear_head,patch_shuffle,4881,4881,3,0.6641741991043091,3,3,True
vit_b_16,vit_b_16_linear_head,patch_shuffle,4893,4893,0,0.7642252445220947,0,0,True
vit_b_16,vit_b_16_linear_head,patch_shuffle,4908,4908,3,0.7464869022369385,3,3,True
vit_b_16,vit_b_16_linear_head,patch_shuffle,4913,4913,2,0.5620070099830627,2,2,True
vit_b_16,vit_b_16_linear_head,patch_shuffle,4921,4921,2,0.6308117508888245,2,2,True
vit_b_16,vit_b_16_linear_head,patch_shuffle,4953,4953,5,0.4473669230937958,5,4,False
vit_b_16,vit_b_16_linear_head,patch_shuffle,4966,4966,5,0.7139754891395569,5,5,True
vit_b_16,vit_b_16_linear_head,patch_shuffle,4990,4990,8,0.7248562574386597,8,8,True
vit_b_16,vit_b_16_linear_head,patch_shuffle,5000,5000,8,0.7463557124137878,8,8,True
vit_b_16,vit_b_16_linear_head,patch_shuffle,5030,5030,2,0.8319992423057556,2,2,True
vit_b_16,vit_b_16_linear_head,patch_shuffle,5062,5062,4,0.7200854420661926,4,4,True
vit_b_16,vit_b_16_linear_head,patch_shuffle,5077,5077,4,0.7185498476028442,4,4,True
vit_b_16,vit_b_16_linear_head,patch_shuffle,5082,5082,6,0.8305996656417847,6,6,True
vit_b_16,vit_b_16_linear_head,patch_shuffle,5092,5092,1,0.5330144166946411,1,1,True
vit_b_16,vit_b_16_linear_head,patch_shuffle,5101,5101,5,0.6586900353431702,2,5,False
vit_b_16,vit_b_16_linear_head,patch_shuffle,5117,5117,0,0.7826986312866211,0,0,True
vit_b_16,vit_b_16_linear_head,patch_shuffle,5123,5123,1,0.5614351034164429,1,1,True
vit_b_16,vit_b_16_linear_head,patch_shuffle,5135,5135,4,0.6479185223579407,4,4,True
vit_b_16,vit_b_16_linear_head,patch_shuffle,5183,5183,2,0.7817369103431702,2,2,True
vit_b_16,vit_b_16_linear_head,patch_shuffle,5213,5213,4,0.7554408311843872,4,4,True
vit_b_16,vit_b_16_linear_head,patch_shuffle,5218,5218,2,0.7975410223007202,2,2,True
vit_b_16,vit_b_16_linear_head,patch_shuffle,5220,5220,1,0.5518492460250854,1,3,False
vit_b_16,vit_b_16_linear_head,patch_shuffle,5237,5237,2,0.6029994487762451,2,2,True
vit_b_16,vit_b_16_linear_head,patch_shuffle,5256,5256,1,0.638207733631134,1,1,True
vit_b_16,vit_b_16_linear_head,patch_shuffle,5284,5284,9,0.7626802325248718,9,9,True
vit_b_16,vit_b_16_linear_head,patch_shuffle,5301,5301,9,0.4801887571811676,9,8,False
vit_b_16,vit_b_16_linear_head,patch_shuffle,5318,5318,2,0.6095790266990662,2,2,True
vit_b_16,vit_b_16_linear_head,patch_shuffle,5332,5332,5,0.6262145638465881,5,5,True
vit_b_16,vit_b_16_linear_head,patch_shuffle,5333,5333,2,0.6149325966835022,2,2,True
vit_b_16,vit_b_16_linear_head,patch_shuffle,5360,5360,9,0.554686427116394,9,9,True
vit_b_16,vit_b_16_linear_head,patch_shuffle,5381,5381,5,0.5429004430770874,5,6,False
vit_b_16,vit_b_16_linear_head,patch_shuffle,5382,5382,6,0.6579570770263672,6,6,True
vit_b_16,vit_b_16_linear_head,patch_shuffle,5395,5395,2,0.5368425250053406,2,2,True
vit_b_16,vit_b_16_linear_head,patch_shuffle,5402,5402,4,0.6962183713912964,4,4,True
vit_b_16,vit_b_16_linear_head,patch_shuffle,5408,5408,6,0.6511897444725037,6,6,True
vit_b_16,vit_b_16_linear_head,patch_shuffle,5436,5436,7,0.7498296499252319,7,7,True
vit_b_16,vit_b_16_linear_head,patch_shuffle,5447,5447,9,0.5608426928520203,9,9,True
vit_b_16,vit_b_16_linear_head,patch_shuffle,5450,5450,7,0.7121731042861938,7,7,True
vit_b_16,vit_b_16_linear_head,patch_shuffle,5451,5451,8,0.7674304842948914,8,8,True
vit_b_16,vit_b_16_linear_head,patch_shuffle,5452,5452,9,0.2104422003030777,9,9,True
vit_b_16,vit_b_16_linear_head,patch_shuffle,5467,5467,4,0.7223964929580688,4,4,True
vit_b_16,vit_b_16_linear_head,patch_shuffle,5478,5478,0,0.7536153197288513,0,0,True
vit_b_16,vit_b_16_linear_head,patch_shuffle,5488,5488,1,0.23691800236701965,1,7,False
vit_b_16,vit_b_16_linear_head,patch_shuffle,5496,5496,5,0.7709017992019653,5,5,True
vit_b_16,vit_b_16_linear_head,patch_shuffle,5508,5508,9,0.6214638948440552,9,9,True
vit_b_16,vit_b_16_linear_head,patch_shuffle,5512,5512,2,0.4467202126979828,9,9,True
vit_b_16,vit_b_16_linear_head,patch_shuffle,5525,5525,8,0.6738594174385071,8,8,True
vit_b_16,vit_b_16_linear_head,patch_shuffle,5528,5528,3,0.3869885206222534,3,3,True
vit_b_16,vit_b_16_linear_head,patch_shuffle,5556,5556,4,0.671755313873291,4,4,True
vit_b_16,vit_b_16_linear_head,patch_shuffle,5560,5560,1,0.8995711803436279,1,1,True
vit_b_16,vit_b_16_linear_head,patch_shuffle,5572,5572,9,0.519956111907959,9,9,True
vit_b_16,vit_b_16_linear_head,patch_shuffle,5580,5580,6,0.7176796793937683,5,5,True
vit_b_16,vit_b_16_linear_head,patch_shuffle,5590,5590,9,0.7090815901756287,9,0,False
vit_b_16,vit_b_16_linear_head,patch_shuffle,5623,5623,4,0.6655873656272888,4,4,True
vit_b_16,vit_b_16_linear_head,patch_shuffle,5677,5677,2,0.6412796378135681,2,2,True
vit_b_16,vit_b_16_linear_head,patch_shuffle,5694,5694,8,0.7764147520065308,8,8,True
vit_b_16,vit_b_16_linear_head,patch_shuffle,5701,5701,5,0.7811436653137207,5,5,True
vit_b_16,vit_b_16_linear_head,patch_shuffle,5705,5705,8,0.6761431097984314,8,8,True
vit_b_16,vit_b_16_linear_head,patch_shuffle,5719,5719,7,0.9041340351104736,7,7,True
vit_b_16,vit_b_16_linear_head,patch_shuffle,5729,5729,6,0.635219395160675,6,6,True
vit_b_16,vit_b_16_linear_head,patch_shuffle,5756,5756,2,0.36618277430534363,2,2,True
vit_b_16,vit_b_16_linear_head,patch_shuffle,5788,5788,9,0.5489197969436646,9,9,True
vit_b_16,vit_b_16_linear_head,patch_shuffle,5789,5789,4,0.5427913069725037,4,4,True
vit_b_16,vit_b_16_linear_head,patch_shuffle,5824,5824,2,0.6009042263031006,2,2,True
vit_b_16,vit_b_16_linear_head,patch_shuffle,5848,5848,7,0.8752179741859436,7,7,True
vit_b_16,vit_b_16_linear_head,patch_shuffle,5851,5851,9,0.7142204642295837,9,9,True
vit_b_16,vit_b_16_linear_head,patch_shuffle,5857,5857,6,0.6737537980079651,4,4,True
vit_b_16,vit_b_16_linear_head,patch_shuffle,5858,5858,6,0.38688430190086365,6,6,True
vit_b_16,vit_b_16_linear_head,patch_shuffle,5912,5912,0,0.7360570430755615,0,0,True
vit_b_16,vit_b_16_linear_head,patch_shuffle,5915,5915,9,0.816858172416687,9,9,True
vit_b_16,vit_b_16_linear_head,patch_shuffle,5918,5918,0,0.7302774786949158,0,0,True
vit_b_16,vit_b_16_linear_head,patch_shuffle,5924,5924,5,0.7389227747917175,5,5,True
vit_b_16,vit_b_16_linear_head,patch_shuffle,5977,5977,7,0.8611768484115601,7,7,True
vit_b_16,vit_b_16_linear_head,patch_shuffle,5981,5981,9,0.39149224758148193,9,9,True
vit_b_16,vit_b_16_linear_head,patch_shuffle,5999,5999,0,0.6019699573516846,0,0,True
vit_b_16,vit_b_16_linear_head,patch_shuffle,6028,6028,2,0.5455626249313354,2,2,True
vit_b_16,vit_b_16_linear_head,patch_shuffle,6033,6033,4,0.381022572517395,4,4,True
vit_b_16,vit_b_16_linear_head,patch_shuffle,6076,6076,1,0.6314710378646851,1,1,True
vit_b_16,vit_b_16_linear_head,patch_shuffle,6084,6084,7,0.7098170518875122,7,7,True
vit_b_16,vit_b_16_linear_head,patch_shuffle,6097,6097,4,0.5907387733459473,4,4,True
vit_b_16,vit_b_16_linear_head,patch_shuffle,6169,6169,1,0.6375681161880493,1,7,False
vit_b_16,vit_b_16_linear_head,patch_shuffle,6190,6190,7,0.5973069667816162,7,7,True
vit_b_16,vit_b_16_linear_head,patch_shuffle,6224,6224,5,0.6472128629684448,5,5,True
vit_b_16,vit_b_16_linear_head,patch_shuffle,6244,6244,2,0.4452160894870758,2,2,True
vit_b_16,vit_b_16_linear_head,patch_shuffle,6264,6264,2,0.7197576761245728,2,2,True
vit_b_16,vit_b_16_linear_head,patch_shuffle,6271,6271,2,0.7287800312042236,2,2,True
vit_b_16,vit_b_16_linear_head,patch_shuffle,6288,6288,4,0.5655196309089661,4,4,True
vit_b_16,vit_b_16_linear_head,patch_shuffle,6332,6332,2,0.642913818359375,2,0,False
vit_b_16,vit_b_16_linear_head,patch_shuffle,6349,6349,1,0.5362513661384583,1,1,True
vit_b_16,vit_b_16_linear_head,patch_shuffle,6354,6354,2,0.5467540621757507,2,9,False
vit_b_16,vit_b_16_linear_head,patch_shuffle,6358,6358,5,0.7073004841804504,5,5,True
vit_b_16,vit_b_16_linear_head,patch_shuffle,6381,6381,6,0.6706462502479553,6,6,True
vit_b_16,vit_b_16_linear_head,patch_shuffle,6414,6414,5,0.5638782382011414,5,3,False
vit_b_16,vit_b_16_linear_head,patch_shuffle,6426,6426,2,0.6014957427978516,2,2,True
vit_b_16,vit_b_16_linear_head,patch_shuffle,6434,6434,8,0.7186720967292786,8,8,True
vit_b_16,vit_b_16_linear_head,patch_shuffle,6437,6437,0,0.7746646404266357,0,0,True
vit_b_16,vit_b_16_linear_head,patch_shuffle,6455,6455,0,0.6925656199455261,0,0,True
vit_b_16,vit_b_16_linear_head,patch_shuffle,6490,6490,3,0.6922183632850647,3,3,True
vit_b_16,vit_b_16_linear_head,patch_shuffle,6503,6503,2,0.5309526324272156,2,0,False
vit_b_16,vit_b_16_linear_head,patch_shuffle,6508,6508,4,0.6474906802177429,4,4,True
vit_b_16,vit_b_16_linear_head,patch_shuffle,6528,6528,4,0.48626160621643066,4,4,True
vit_b_16,vit_b_16_linear_head,patch_shuffle,6594,6594,1,0.746260941028595,1,1,True
vit_b_16,vit_b_16_linear_head,patch_shuffle,6609,6609,0,0.7103424072265625,0,0,True
vit_b_16,vit_b_16_linear_head,patch_shuffle,6616,6616,2,0.7031465768814087,2,2,True
vit_b_16,vit_b_16_linear_head,patch_shuffle,6650,6650,7,0.5144774913787842,7,7,True
vit_b_16,vit_b_16_linear_head,patch_shuffle,6689,6689,8,0.793117105960846,8,8,True
vit_b_16,vit_b_16_linear_head,patch_shuffle,6692,6692,2,0.46841686964035034,2,2,True
vit_b_16,vit_b_16_linear_head,patch_shuffle,6713,6713,6,0.5689668655395508,6,6,True
vit_b_16,vit_b_16_linear_head,patch_shuffle,6716,6716,5,0.6531479358673096,6,5,False
vit_b_16,vit_b_16_linear_head,patch_shuffle,6726,6726,7,0.6612871885299683,7,7,True
vit_b_16,vit_b_16_linear_head,patch_shuffle,6733,6733,1,0.7108481526374817,1,1,True
vit_b_16,vit_b_16_linear_head,patch_shuffle,6772,6772,7,0.7577427625656128,7,7,True
vit_b_16,vit_b_16_linear_head,patch_shuffle,6805,6805,1,0.7880630493164062,1,1,True
vit_b_16,vit_b_16_linear_head,patch_shuffle,6836,6836,1,0.679124653339386,1,1,True
vit_b_16,vit_b_16_linear_head,patch_shuffle,6844,6844,0,0.8439092040061951,0,0,True
vit_b_16,vit_b_16_linear_head,patch_shuffle,6922,6922,5,0.6899979114532471,5,5,True
vit_b_16,vit_b_16_linear_head,patch_shuffle,6931,6931,9,0.665810763835907,9,9,True
vit_b_16,vit_b_16_linear_head,patch_shuffle,6938,6938,1,0.7347555756568909,1,1,True
vit_b_16,vit_b_16_linear_head,patch_shuffle,6952,6952,3,0.6612188816070557,3,3,True
vit_b_16,vit_b_16_linear_head,patch_shuffle,6954,6954,1,0.6639240384101868,1,4,False
vit_b_16,vit_b_16_linear_head,patch_shuffle,6986,6986,0,0.7928043603897095,0,0,True
vit_b_16,vit_b_16_linear_head,patch_shuffle,6989,6989,5,0.8803017735481262,5,5,True
vit_b_16,vit_b_16_linear_head,patch_shuffle,7009,7009,0,0.5254988670349121,0,0,True
vit_b_16,vit_b_16_linear_head,patch_shuffle,7029,7029,1,0.7620353698730469,1,1,True
vit_b_16,vit_b_16_linear_head,patch_shuffle,7033,7033,1,0.7378471493721008,1,1,True
vit_b_16,vit_b_16_linear_head,patch_shuffle,7041,7041,5,0.7203400731086731,5,5,True
vit_b_16,vit_b_16_linear_head,patch_shuffle,7047,7047,9,0.5662557482719421,9,9,True
vit_b_16,vit_b_16_linear_head,patch_shuffle,7081,7081,7,0.8341051936149597,7,7,True
vit_b_16,vit_b_16_linear_head,patch_shuffle,7084,7084,2,0.5638864636421204,2,2,True
vit_b_16,vit_b_16_linear_head,patch_shuffle,7108,7108,6,0.5062402486801147,6,6,True
vit_b_16,vit_b_16_linear_head,patch_shuffle,7130,7130,5,0.7983340620994568,5,5,True
vit_b_16,vit_b_16_linear_head,patch_shuffle,7138,7138,8,0.7814124822616577,8,8,True
vit_b_16,vit_b_16_linear_head,patch_shuffle,7150,7150,0,0.5917485356330872,0,0,True
vit_b_16,vit_b_16_linear_head,patch_shuffle,7202,7202,1,0.653312087059021,1,1,True
vit_b_16,vit_b_16_linear_head,patch_shuffle,7262,7262,0,0.8112689256668091,0,0,True
vit_b_16,vit_b_16_linear_head,patch_shuffle,7266,7266,9,0.680837869644165,9,9,True
vit_b_16,vit_b_16_linear_head,patch_shuffle,7270,7270,7,0.8892995715141296,7,7,True
vit_b_16,vit_b_16_linear_head,patch_shuffle,7309,7309,0,0.6113011837005615,0,0,True
vit_b_16,vit_b_16_linear_head,patch_shuffle,7320,7320,0,0.7490943074226379,0,0,True
vit_b_16,vit_b_16_linear_head,patch_shuffle,7338,7338,6,0.5759756565093994,6,6,True
vit_b_16,vit_b_16_linear_head,patch_shuffle,7372,7372,0,0.6978718638420105,0,0,True
vit_b_16,vit_b_16_linear_head,patch_shuffle,7373,7373,0,0.5931847095489502,0,0,True
vit_b_16,vit_b_16_linear_head,patch_shuffle,7380,7380,9,0.6459599733352661,9,9,True
vit_b_16,vit_b_16_linear_head,patch_shuffle,7390,7390,1,0.7042136192321777,1,1,True
vit_b_16,vit_b_16_linear_head,patch_shuffle,7413,7413,5,0.6345659494400024,5,5,True
vit_b_16,vit_b_16_linear_head,patch_shuffle,7416,7416,3,0.6610854864120483,3,5,False
vit_b_16,vit_b_16_linear_head,patch_shuffle,7425,7425,2,0.6080880165100098,2,2,True
vit_b_16,vit_b_16_linear_head,patch_shuffle,7446,7446,8,0.6588541269302368,8,8,True
vit_b_16,vit_b_16_linear_head,patch_shuffle,7460,7460,8,0.6039111018180847,8,8,True
vit_b_16,vit_b_16_linear_head,patch_shuffle,7465,7465,0,0.6162921786308289,0,0,True
vit_b_16,vit_b_16_linear_head,patch_shuffle,7474,7474,5,0.719847559928894,5,5,True
vit_b_16,vit_b_16_linear_head,patch_shuffle,7475,7475,4,0.4694764316082001,4,4,True
vit_b_16,vit_b_16_linear_head,patch_shuffle,7476,7476,8,0.7488923668861389,0,8,False
vit_b_16,vit_b_16_linear_head,patch_shuffle,7544,7544,9,0.7929205894470215,9,9,True
vit_b_16,vit_b_16_linear_head,patch_shuffle,7555,7555,6,0.5785433053970337,6,6,True
vit_b_16,vit_b_16_linear_head,patch_shuffle,7600,7600,6,0.718369722366333,6,6,True
vit_b_16,vit_b_16_linear_head,patch_shuffle,7610,7610,4,0.6258673667907715,4,4,True
vit_b_16,vit_b_16_linear_head,patch_shuffle,7634,7634,0,0.7412929534912109,0,0,True
vit_b_16,vit_b_16_linear_head,patch_shuffle,7692,7692,4,0.5992103815078735,4,4,True
vit_b_16,vit_b_16_linear_head,patch_shuffle,7706,7706,5,0.54752516746521,5,5,True
vit_b_16,vit_b_16_linear_head,patch_shuffle,7726,7726,6,0.6882479786872864,6,6,True
vit_b_16,vit_b_16_linear_head,patch_shuffle,7744,7744,3,0.5904805064201355,3,5,False
vit_b_16,vit_b_16_linear_head,patch_shuffle,7752,7752,9,0.6331597566604614,9,9,True
vit_b_16,vit_b_16_linear_head,patch_shuffle,7776,7776,5,0.8385053277015686,5,5,True
vit_b_16,vit_b_16_linear_head,patch_shuffle,7779,7779,6,0.7609853148460388,6,6,True
vit_b_16,vit_b_16_linear_head,patch_shuffle,7781,7781,6,0.7466057538986206,6,6,True
vit_b_16,vit_b_16_linear_head,patch_shuffle,7793,7793,3,0.7221963405609131,7,7,True
vit_b_16,vit_b_16_linear_head,patch_shuffle,7797,7797,3,0.7809728384017944,3,3,True
vit_b_16,vit_b_16_linear_head,patch_shuffle,7810,7810,8,0.6906765699386597,8,8,True
vit_b_16,vit_b_16_linear_head,patch_shuffle,7818,7818,8,0.5919291377067566,8,8,True
vit_b_16,vit_b_16_linear_head,patch_shuffle,7835,7835,7,0.6324255466461182,7,7,True
vit_b_16,vit_b_16_linear_head,patch_shuffle,7864,7864,4,0.7403172254562378,4,4,True
vit_b_16,vit_b_16_linear_head,patch_shuffle,7875,7875,8,0.5353477597236633,8,8,True
vit_b_16,vit_b_16_linear_head,patch_shuffle,7938,7938,9,0.578328013420105,9,9,True
vit_b_16,vit_b_16_linear_head,patch_shuffle,7940,7940,4,0.471956729888916,4,4,True
vit_b_16,vit_b_16_linear_head,patch_shuffle,7944,7944,4,0.7788996696472168,4,4,True
vit_b_16,vit_b_16_linear_head,patch_shuffle,7955,7955,1,0.5783048868179321,1,1,True
vit_b_16,vit_b_16_linear_head,patch_shuffle,7995,7995,9,0.7311843633651733,9,2,False
vit_b_16,vit_b_16_linear_head,patch_shuffle,7996,7996,6,0.48886072635650635,6,6,True
vit_b_16,vit_b_16_linear_head,patch_shuffle,7999,7999,8,0.5866837501525879,8,8,True
vit_b_16,vit_b_16_linear_head,d8_up,3,3,0,0.9736756682395935,0,0,True
vit_b_16,vit_b_16_linear_head,d8_up,29,29,7,0.9225397109985352,7,7,True
vit_b_16,vit_b_16_linear_head,d8_up,35,35,2,0.9188528060913086,2,2,True
vit_b_16,vit_b_16_linear_head,d8_up,42,42,0,0.96571284532547,0,0,True
vit_b_16,vit_b_16_linear_head,d8_up,49,49,2,0.973235011100769,2,2,True
vit_b_16,vit_b_16_linear_head,d8_up,81,81,0,0.9404855370521545,0,0,True
vit_b_16,vit_b_16_linear_head,d8_up,95,95,1,0.9828367233276367,1,1,True
vit_b_16,vit_b_16_linear_head,d8_up,97,97,5,0.9738552570343018,5,5,True
vit_b_16,vit_b_16_linear_head,d8_up,116,116,1,0.9627722501754761,1,1,True
vit_b_16,vit_b_16_linear_head,d8_up,131,131,9,0.9343526363372803,9,9,True
vit_b_16,vit_b_16_linear_head,d8_up,151,151,8,0.972325325012207,8,8,True
vit_b_16,vit_b_16_linear_head,d8_up,171,171,4,0.9516623616218567,4,4,True
vit_b_16,vit_b_16_linear_head,d8_up,176,176,3,0.9307441115379333,3,3,True
vit_b_16,vit_b_16_linear_head,d8_up,191,191,9,0.9683939814567566,9,9,True
vit_b_16,vit_b_16_linear_head,d8_up,194,194,8,0.9723249673843384,8,8,True
vit_b_16,vit_b_16_linear_head,d8_up,198,198,1,0.921360194683075,1,1,True
vit_b_16,vit_b_16_linear_head,d8_up,239,239,9,0.9661992192268372,9,9,True
vit_b_16,vit_b_16_linear_head,d8_up,261,261,1,0.9887566566467285,5,5,True
vit_b_16,vit_b_16_linear_head,d8_up,269,269,7,0.9452142715454102,7,7,True
vit_b_16,vit_b_16_linear_head,d8_up,276,276,9,0.9521514773368835,9,9,True
vit_b_16,vit_b_16_linear_head,d8_up,303,303,9,0.9782548546791077,9,9,True
vit_b_16,vit_b_16_linear_head,d8_up,304,304,1,0.889198899269104,1,1,True
vit_b_16,vit_b_16_linear_head,d8_up,317,317,2,0.9532415866851807,2,2,True
vit_b_16,vit_b_16_linear_head,d8_up,319,319,5,0.913047194480896,5,5,True
vit_b_16,vit_b_16_linear_head,d8_up,323,323,7,0.9705053567886353,7,7,True
vit_b_16,vit_b_16_linear_head,d8_up,365,365,3,0.967239260673523,3,3,True
vit_b_16,vit_b_16_linear_head,d8_up,370,370,7,0.9802435636520386,7,7,True
vit_b_16,vit_b_16_linear_head,d8_up,372,372,3,0.9308868646621704,3,3,True
vit_b_16,vit_b_16_linear_head,d8_up,378,378,5,0.9709349274635315,5,5,True
vit_b_16,vit_b_16_linear_head,d8_up,391,391,3,0.9587099552154541,3,3,True
vit_b_16,vit_b_16_linear_head,d8_up,409,409,2,0.9627512097358704,2,2,True
vit_b_16,vit_b_16_linear_head,d8_up,419,419,9,0.8831950426101685,9,9,True
vit_b_16,vit_b_16_linear_head,d8_up,449,449,6,0.9571143388748169,6,6,True
vit_b_16,vit_b_16_linear_head,d8_up,470,470,2,0.9753704071044922,2,2,True
vit_b_16,vit_b_16_linear_head,d8_up,483,483,2,0.942234992980957,2,2,True
vit_b_16,vit_b_16_linear_head,d8_up,484,484,0,0.9432675838470459,0,0,True
vit_b_16,vit_b_16_linear_head,d8_up,506,506,4,0.8791320323944092,4,4,True
vit_b_16,vit_b_16_linear_head,d8_up,545,545,6,0.900632381439209,6,6,True
vit_b_16,vit_b_16_linear_head,d8_up,562,562,0,0.9413710832595825,0,0,True
vit_b_16,vit_b_16_linear_head,d8_up,568,568,5,0.934364378452301,5,5,True
vit_b_16,vit_b_16_linear_head,d8_up,603,603,9,0.965416669845581,9,9,True
vit_b_16,vit_b_16_linear_head,d8_up,632,632,3,0.9496468305587769,3,3,True
vit_b_16,vit_b_16_linear_head,d8_up,645,645,5,0.9299463629722595,5,5,True
vit_b_16,vit_b_16_linear_head,d8_up,667,667,8,0.9665547609329224,8,8,True
vit_b_16,vit_b_16_linear_head,d8_up,672,672,3,0.9629117250442505,3,3,True
vit_b_16,vit_b_16_linear_head,d8_up,677,677,3,0.9658496379852295,3,3,True
vit_b_16,vit_b_16_linear_head,d8_up,685,685,5,0.9623479843139648,5,5,True
vit_b_16,vit_b_16_linear_head,d8_up,691,691,4,0.9129465222358704,4,4,True
vit_b_16,vit_b_16_linear_head,d8_up,706,706,8,0.9560837745666504,8,8,True
vit_b_16,vit_b_16_linear_head,d8_up,714,714,2,0.9220845699310303,2,2,True
vit_b_16,vit_b_16_linear_head,d8_up,716,716,8,0.9742969274520874,8,8,True
vit_b_16,vit_b_16_linear_head,d8_up,738,738,3,0.87801593542099,3,3,True
vit_b_16,vit_b_16_linear_head,d8_up,739,739,8,0.9629697799682617,8,8,True
vit_b_16,vit_b_16_linear_head,d8_up,766,766,4,0.923823893070221,6,6,True
vit_b_16,vit_b_16_linear_head,d8_up,791,791,3,0.9644615650177002,3,3,True
vit_b_16,vit_b_16_linear_head,d8_up,805,805,9,0.9398205876350403,9,9,True
vit_b_16,vit_b_16_linear_head,d8_up,825,825,1,0.9796079397201538,1,1,True
vit_b_16,vit_b_16_linear_head,d8_up,852,852,9,0.9615676403045654,9,9,True
vit_b_16,vit_b_16_linear_head,d8_up,855,855,4,0.9478949308395386,4,4,True
vit_b_16,vit_b_16_linear_head,d8_up,873,873,6,0.9307985305786133,6,6,True
vit_b_16,vit_b_16_linear_head,d8_up,890,890,6,0.9451212882995605,6,6,True
vit_b_16,vit_b_16_linear_head,d8_up,920,920,6,0.9469291567802429,6,6,True
vit_b_16,vit_b_16_linear_head,d8_up,929,929,6,0.9418897032737732,6,6,True
vit_b_16,vit_b_16_linear_head,d8_up,962,962,8,0.9447673559188843,8,8,True
vit_b_16,vit_b_16_linear_head,d8_up,964,964,6,0.8707448244094849,6,6,True
vit_b_16,vit_b_16_linear_head,d8_up,977,977,6,0.9657785892486572,6,6,True
vit_b_16,vit_b_16_linear_head,d8_up,979,979,3,0.946997344493866,3,3,True
vit_b_16,vit_b_16_linear_head,d8_up,981,981,2,0.9382510781288147,2,2,True
vit_b_16,vit_b_16_linear_head,d8_up,1022,1022,9,0.9211546182632446,9,2,False
vit_b_16,vit_b_16_linear_head,d8_up,1032,1032,7,0.9714449048042297,7,7,True
vit_b_16,vit_b_16_linear_head,d8_up,1048,1048,7,0.9655023813247681,7,7,True
vit_b_16,vit_b_16_linear_head,d8_up,1090,1090,1,0.9442669153213501,1,1,True
vit_b_16,vit_b_16_linear_head,d8_up,1095,1095,5,0.9779678583145142,5,5,True
vit_b_16,vit_b_16_linear_head,d8_up,1109,1109,1,0.8850452899932861,1,1,True
vit_b_16,vit_b_16_linear_head,d8_up,1111,1111,4,0.9686836004257202,4,4,True
vit_b_16,vit_b_16_linear_head,d8_up,1115,1115,1,0.8970993757247925,1,1,True
vit_b_16,vit_b_16_linear_head,d8_up,1124,1124,4,0.9561821222305298,4,4,True
vit_b_16,vit_b_16_linear_head,d8_up,1129,1129,8,0.9368157982826233,8,8,True
vit_b_16,vit_b_16_linear_head,d8_up,1175,1175,0,0.9725058674812317,0,0,True
vit_b_16,vit_b_16_linear_head,d8_up,1202,1202,2,0.9751664996147156,2,2,True
vit_b_16,vit_b_16_linear_head,d8_up,1204,1204,3,0.9183900952339172,3,3,True
vit_b_16,vit_b_16_linear_head,d8_up,1211,1211,4,0.835401713848114,4,4,True
vit_b_16,vit_b_16_linear_head,d8_up,1220,1220,7,0.990483283996582,7,7,True
vit_b_16,vit_b_16_linear_head,d8_up,1230,1230,1,0.9572722911834717,1,1,True
vit_b_16,vit_b_16_linear_head,d8_up,1247,1247,8,0.9783049821853638,8,8,True
vit_b_16,vit_b_16_linear_head,d8_up,1263,1263,3,0.9535428285598755,3,3,True
vit_b_16,vit_b_16_linear_head,d8_up,1266,1266,4,0.9363902807235718,4,4,True
vit_b_16,vit_b_16_linear_head,d8_up,1287,1287,7,0.9857304692268372,7,7,True
vit_b_16,vit_b_16_linear_head,d8_up,1296,1296,7,0.8792966604232788,7,7,True
vit_b_16,vit_b_16_linear_head,d8_up,1370,1370,3,0.9456393122673035,3,3,True
vit_b_16,vit_b_16_linear_head,d8_up,1389,1389,0,0.9593550562858582,0,0,True
vit_b_16,vit_b_16_linear_head,d8_up,1401,1401,3,0.9304846525192261,3,3,True
vit_b_16,vit_b_16_linear_head,d8_up,1403,1403,2,0.9583703875541687,2,2,True
vit_b_16,vit_b_16_linear_head,d8_up,1411,1411,9,0.9541717767715454,9,9,True
vit_b_16,vit_b_16_linear_head,d8_up,1429,1429,4,0.9458608627319336,4,4,True
vit_b_16,vit_b_16_linear_head,d8_up,1430,1430,9,0.918995201587677,9,9,True
vit_b_16,vit_b_16_linear_head,d8_up,1431,1431,3,0.875835120677948,3,3,True
vit_b_16,vit_b_16_linear_head,d8_up,1436,1436,1,0.9756629467010498,1,1,True
vit_b_16,vit_b_16_linear_head,d8_up,1440,1440,7,0.9729411602020264,7,7,True
vit_b_16,vit_b_16_linear_head,d8_up,1468,1468,9,0.9572878479957581,9,9,True
vit_b_16,vit_b_16_linear_head,d8_up,1473,1473,7,0.9860072731971741,7,7,True
vit_b_16,vit_b_16_linear_head,d8_up,1515,1515,9,0.9581801295280457,9,9,True
vit_b_16,vit_b_16_linear_head,d8_up,1520,1520,2,0.9529539942741394,2,2,True
vit_b_16,vit_b_16_linear_head,d8_up,1531,1531,3,0.961564302444458,3,3,True
vit_b_16,vit_b_16_linear_head,d8_up,1534,1534,6,0.9228368997573853,6,6,True
vit_b_16,vit_b_16_linear_head,d8_up,1552,1552,5,0.9750990271568298,5,5,True
vit_b_16,vit_b_16_linear_head,d8_up,1553,1553,0,0.9574306011199951,0,0,True
vit_b_16,vit_b_16_linear_head,d8_up,1563,1563,3,0.9452826380729675,3,3,True
vit_b_16,vit_b_16_linear_head,d8_up,1568,1568,1,0.9175274968147278,1,1,True
vit_b_16,vit_b_16_linear_head,d8_up,1579,1579,7,0.9828003644943237,7,7,True
vit_b_16,vit_b_16_linear_head,d8_up,1586,1586,2,0.938130259513855,2,2,True
vit_b_16,vit_b_16_linear_head,d8_up,1596,1596,0,0.9306336641311646,0,0,True
vit_b_16,vit_b_16_linear_head,d8_up,1626,1626,5,0.9433088898658752,5,5,True
vit_b_16,vit_b_16_linear_head,d8_up,1640,1640,8,0.9008850455284119,8,8,True
vit_b_16,vit_b_16_linear_head,d8_up,1644,1644,5,0.9664834141731262,5,5,True
vit_b_16,vit_b_16_linear_head,d8_up,1648,1648,0,0.9734082818031311,0,0,True
vit_b_16,vit_b_16_linear_head,d8_up,1654,1654,9,0.9816136360168457,9,9,True
vit_b_16,vit_b_16_linear_head,d8_up,1667,1667,6,0.9238300323486328,6,6,True
vit_b_16,vit_b_16_linear_head,d8_up,1703,1703,7,0.9509194493293762,7,7,True
vit_b_16,vit_b_16_linear_head,d8_up,1711,1711,7,0.9632994532585144,7,7,True
vit_b_16,vit_b_16_linear_head,d8_up,1771,1771,7,0.9496212005615234,7,7,True
vit_b_16,vit_b_16_linear_head,d8_up,1783,1783,8,0.9726020097732544,8,8,True
vit_b_16,vit_b_16_linear_head,d8_up,1814,1814,2,0.9772118330001831,2,2,True
vit_b_16,vit_b_16_linear_head,d8_up,1833,1833,8,0.8521551489830017,8,8,True
vit_b_16,vit_b_16_linear_head,d8_up,1836,1836,9,0.9701939821243286,9,9,True
vit_b_16,vit_b_16_linear_head,d8_up,1839,1839,2,0.9616365432739258,2,2,True
vit_b_16,vit_b_16_linear_head,d8_up,1852,1852,1,0.9403456449508667,1,1,True
vit_b_16,vit_b_16_linear_head,d8_up,1871,1871,1,0.9743403792381287,1,1,True
vit_b_16,vit_b_16_linear_head,d8_up,1877,1877,5,0.9269477128982544,5,5,True
vit_b_16,vit_b_16_linear_head,d8_up,1884,1884,7,0.9013136029243469,7,7,True
vit_b_16,vit_b_16_linear_head,d8_up,1927,1927,7,0.9579306244850159,7,7,True
vit_b_16,vit_b_16_linear_head,d8_up,1954,1954,8,0.9387130737304688,8,8,True
vit_b_16,vit_b_16_linear_head,d8_up,1956,1956,7,0.8737224340438843,7,7,True
vit_b_16,vit_b_16_linear_head,d8_up,1960,1960,4,0.9411734938621521,5,4,False
vit_b_16,vit_b_16_linear_head,d8_up,1977,1977,0,0.9840137958526611,0,0,True
vit_b_16,vit_b_16_linear_head,d8_up,1986,1986,1,0.9855603575706482,1,1,True
vit_b_16,vit_b_16_linear_head,d8_up,1993,1993,1,0.9802060723304749,1,1,True
vit_b_16,vit_b_16_linear_head,d8_up,2003,2003,6,0.9624355435371399,6,6,True
vit_b_16,vit_b_16_linear_head,d8_up,2011,2011,9,0.984882116317749,9,9,True
vit_b_16,vit_b_16_linear_head,d8_up,2024,2024,0,0.9731428623199463,0,0,True
vit_b_16,vit_b_16_linear_head,d8_up,2028,2028,3,0.90194171667099,3,3,True
vit_b_16,vit_b_16_linear_head,d8_up,2062,2062,9,0.9584963321685791,9,9,True
vit_b_16,vit_b_16_linear_head,d8_up,2070,2070,1,0.8597809672355652,1,1,True
vit_b_16,vit_b_16_linear_head,d8_up,2082,2082,2,0.9393566250801086,2,2,True
vit_b_16,vit_b_16_linear_head,d8_up,2095,2095,1,0.9531701803207397,1,1,True
vit_b_16,vit_b_16_linear_head,d8_up,2109,2109,8,0.9698899984359741,8,8,True
vit_b_16,vit_b_16_linear_head,d8_up,2114,2114,9,0.9607928395271301,9,9,True
vit_b_16,vit_b_16_linear_head,d8_up,2116,2116,1,0.9043012261390686,3,3,True
vit_b_16,vit_b_16_linear_head,d8_up,2157,2157,1,0.9076128005981445,1,1,True
vit_b_16,vit_b_16_linear_head,d8_up,2167,2167,9,0.9479537606239319,9,9,True
vit_b_16,vit_b_16_linear_head,d8_up,2178,2178,1,0.8839747905731201,1,1,True
vit_b_16,vit_b_16_linear_head,d8_up,2191,2191,8,0.957744836807251,8,8,True
vit_b_16,vit_b_16_linear_head,d8_up,2230,2230,8,0.9367471933364868,8,8,True
vit_b_16,vit_b_16_linear_head,d8_up,2242,2242,0,0.9647856950759888,0,0,True
vit_b_16,vit_b_16_linear_head,d8_up,2265,2265,5,0.9713640213012695,5,5,True
vit_b_16,vit_b_16_linear_head,d8_up,2268,2268,5,0.9678516983985901,5,5,True
vit_b_16,vit_b_16_linear_head,d8_up,2291,2291,3,0.9415061473846436,3,3,True
vit_b_16,vit_b_16_linear_head,d8_up,2334,2334,5,0.9478813409805298,5,5,True
vit_b_16,vit_b_16_linear_head,d8_up,2340,2340,8,0.9428554177284241,8,8,True
vit_b_16,vit_b_16_linear_head,d8_up,2342,2342,8,0.9678276777267456,8,8,True
vit_b_16,vit_b_16_linear_head,d8_up,2351,2351,9,0.9257105588912964,9,9,True
vit_b_16,vit_b_16_linear_head,d8_up,2391,2391,5,0.9389783143997192,5,5,True
vit_b_16,vit_b_16_linear_head,d8_up,2392,2392,2,0.917551577091217,2,2,True
vit_b_16,vit_b_16_linear_head,d8_up,2399,2399,4,0.9592578411102295,4,4,True
vit_b_16,vit_b_16_linear_head,d8_up,2414,2414,9,0.8175709247589111,9,9,True
vit_b_16,vit_b_16_linear_head,d8_up,2427,2427,5,0.9608043432235718,5,5,True
vit_b_16,vit_b_16_linear_head,d8_up,2458,2458,5,0.9166033864021301,5,5,True
vit_b_16,vit_b_16_linear_head,d8_up,2501,2501,7,0.9684784412384033,7,7,True
vit_b_16,vit_b_16_linear_head,d8_up,2502,2502,2,0.9779477715492249,2,2,True
vit_b_16,vit_b_16_linear_head,d8_up,2536,2536,3,0.968289315700531,3,3,True
vit_b_16,vit_b_16_linear_head,d8_up,2539,2539,3,0.9334574341773987,3,3,True
vit_b_16,vit_b_16_linear_head,d8_up,2610,2610,6,0.934538722038269,6,6,True
vit_b_16,vit_b_16_linear_head,d8_up,2623,2623,5,0.9635154008865356,5,5,True
vit_b_16,vit_b_16_linear_head,d8_up,2655,2655,9,0.9457221031188965,9,9,True
vit_b_16,vit_b_16_linear_head,d8_up,2668,2668,7,0.9496992230415344,7,7,True
vit_b_16,vit_b_16_linear_head,d8_up,2676,2676,6,0.8742377758026123,6,6,True
vit_b_16,vit_b_16_linear_head,d8_up,2687,2687,1,0.9566087126731873,1,1,True
vit_b_16,vit_b_16_linear_head,d8_up,2690,2690,1,0.8204476237297058,1,1,True
vit_b_16,vit_b_16_linear_head,d8_up,2704,2704,4,0.9289225339889526,4,4,True
vit_b_16,vit_b_16_linear_head,d8_up,2745,2745,8,0.9533712267875671,8,8,True
vit_b_16,vit_b_16_linear_head,d8_up,2746,2746,7,0.9526688456535339,7,7,True
vit_b_16,vit_b_16_linear_head,d8_up,2750,2750,0,0.9206415414810181,0,0,True
vit_b_16,vit_b_16_linear_head,d8_up,2754,2754,3,0.9520947337150574,3,3,True
vit_b_16,vit_b_16_linear_head,d8_up,2757,2757,4,0.9307585954666138,4,4,True
vit_b_16,vit_b_16_linear_head,d8_up,2766,2766,5,0.9421159029006958,5,5,True
vit_b_16,vit_b_16_linear_head,d8_up,2807,2807,5,0.8936576843261719,5,5,True
vit_b_16,vit_b_16_linear_head,d8_up,2844,2844,8,0.95589280128479,8,8,True
vit_b_16,vit_b_16_linear_head,d8_up,2854,2854,7,0.9822771549224854,7,7,True
vit_b_16,vit_b_16_linear_head,d8_up,2861,2861,3,0.9463520050048828,3,3,True
vit_b_16,vit_b_16_linear_head,d8_up,2888,2888,0,0.9665671586990356,0,0,True
vit_b_16,vit_b_16_linear_head,d8_up,2898,2898,4,0.9703847169876099,4,4,True
vit_b_16,vit_b_16_linear_head,d8_up,2950,2950,5,0.9424136877059937,5,5,True
vit_b_16,vit_b_16_linear_head,d8_up,2958,2958,6,0.986492931842804,6,6,True
vit_b_16,vit_b_16_linear_head,d8_up,3015,3015,8,0.9701928496360779,8,8,True
vit_b_16,vit_b_16_linear_head,d8_up,3024,3024,2,0.9602564573287964,2,2,True
vit_b_16,vit_b_16_linear_head,d8_up,3025,3025,0,0.9502311944961548,0,0,True
vit_b_16,vit_b_16_linear_head,d8_up,3034,3034,4,0.9490466117858887,4,4,True
vit_b_16,vit_b_16_linear_head,d8_up,3067,3067,2,0.9556914567947388,2,2,True
vit_b_16,vit_b_16_linear_head,d8_up,3078,3078,4,0.9567291736602783,4,4,True
vit_b_16,vit_b_16_linear_head,d8_up,3079,3079,1,0.9795246124267578,1,1,True
vit_b_16,vit_b_16_linear_head,d8_up,3083,3083,0,0.9581930041313171,0,0,True
vit_b_16,vit_b_16_linear_head,d8_up,3122,3122,4,0.9554912447929382,4,4,True
vit_b_16,vit_b_16_linear_head,d8_up,3153,3153,7,0.9784035086631775,7,7,True
vit_b_16,vit_b_16_linear_head,d8_up,3157,3157,8,0.9189009666442871,8,8,True
vit_b_16,vit_b_16_linear_head,d8_up,3163,3163,2,0.9349367618560791,2,2,True
vit_b_16,vit_b_16_linear_head,d8_up,3179,3179,4,0.9383788704872131,4,4,True
vit_b_16,vit_b_16_linear_head,d8_up,3191,3191,6,0.9074661731719971,6,6,True
vit_b_16,vit_b_16_linear_head,d8_up,3276,3276,3,0.940014123916626,3,3,True
vit_b_16,vit_b_16_linear_head,d8_up,3287,3287,4,0.9220438003540039,4,4,True
vit_b_16,vit_b_16_linear_head,d8_up,3288,3288,7,0.9866747260093689,7,7,True
vit_b_16,vit_b_16_linear_head,d8_up,3292,3292,6,0.9640430808067322,6,6,True
vit_b_16,vit_b_16_linear_head,d8_up,3318,3318,9,0.9517387747764587,9,9,True
vit_b_16,vit_b_16_linear_head,d8_up,3347,3347,0,0.9511608481407166,0,0,True
vit_b_16,vit_b_16_linear_head,d8_up,3353,3353,5,0.9365700483322144,5,5,True
vit_b_16,vit_b_16_linear_head,d8_up,3362,3362,2,0.968384325504303,2,2,True
vit_b_16,vit_b_16_linear_head,d8_up,3365,3365,4,0.9292654991149902,4,4,True
vit_b_16,vit_b_16_linear_head,d8_up,3375,3375,3,0.9689405560493469,3,3,True
vit_b_16,vit_b_16_linear_head,d8_up,3383,3383,3,0.9488897919654846,3,3,True
vit_b_16,vit_b_16_linear_head,d8_up,3404,3404,7,0.9831157326698303,7,7,True
vit_b_16,vit_b_16_linear_head,d8_up,3412,3412,8,0.967992901802063,8,8,True
vit_b_16,vit_b_16_linear_head,d8_up,3413,3413,1,0.9705368280410767,1,1,True
vit_b_16,vit_b_16_linear_head,d8_up,3418,3418,6,0.9814316630363464,6,6,True
vit_b_16,vit_b_16_linear_head,d8_up,3437,3437,0,0.9112730622291565,0,0,True
vit_b_16,vit_b_16_linear_head,d8_up,3446,3446,7,0.9021697044372559,7,7,True
vit_b_16,vit_b_16_linear_head,d8_up,3454,3454,2,0.9570227265357971,2,2,True
vit_b_16,vit_b_16_linear_head,d8_up,3455,3455,0,0.9697563052177429,0,0,True
vit_b_16,vit_b_16_linear_head,d8_up,3458,3458,4,0.9507266879081726,4,4,True
vit_b_16,vit_b_16_linear_head,d8_up,3467,3467,7,0.9563577175140381,7,7,True
vit_b_16,vit_b_16_linear_head,d8_up,3491,3491,1,0.948617696762085,1,1,True
vit_b_16,vit_b_16_linear_head,d8_up,3494,3494,6,0.942108154296875,6,6,True
vit_b_16,vit_b_16_linear_head,d8_up,3512,3512,4,0.9486486315727234,4,4,True
vit_b_16,vit_b_16_linear_head,d8_up,3515,3515,6,0.9575684666633606,4,4,True
vit_b_16,vit_b_16_linear_head,d8_up,3542,3542,7,0.9854648113250732,7,7,True
vit_b_16,vit_b_16_linear_head,d8_up,3550,3550,1,0.9225115776062012,1,1,True
vit_b_16,vit_b_16_linear_head,d8_up,3562,3562,3,0.9422591924667358,3,3,True
vit_b_16,vit_b_16_linear_head,d8_up,3755,3755,2,0.9621270298957825,2,2,True
vit_b_16,vit_b_16_linear_head,d8_up,3763,3763,4,0.9691236615180969,4,4,True
vit_b_16,vit_b_16_linear_head,d8_up,3777,3777,6,0.9731762409210205,6,6,True
vit_b_16,vit_b_16_linear_head,d8_up,3778,3778,3,0.9656635522842407,3,3,True
vit_b_16,vit_b_16_linear_head,d8_up,3779,3779,6,0.8926229476928711,6,6,True
vit_b_16,vit_b_16_linear_head,d8_up,3844,3844,6,0.9749729633331299,6,6,True
vit_b_16,vit_b_16_linear_head,d8_up,3851,3851,3,0.8971287608146667,3,3,True
vit_b_16,vit_b_16_linear_head,d8_up,3852,3852,5,0.9636585712432861,5,5,True
vit_b_16,vit_b_16_linear_head,d8_up,3863,3863,5,0.9896426796913147,5,5,True
vit_b_16,vit_b_16_linear_head,d8_up,3867,3867,7,0.9728195667266846,7,7,True
vit_b_16,vit_b_16_linear_head,d8_up,3876,3876,0,0.9192167520523071,0,0,True
vit_b_16,vit_b_16_linear_head,d8_up,3889,3889,5,0.9119701385498047,5,5,True
vit_b_16,vit_b_16_linear_head,d8_up,3891,3891,4,0.943445086479187,4,4,True
vit_b_16,vit_b_16_linear_head,d8_up,3893,3893,9,0.9635494351387024,9,9,True
vit_b_16,vit_b_16_linear_head,d8_up,3905,3905,8,0.9623277187347412,8,8,True
vit_b_16,vit_b_16_linear_head,d8_up,3914,3914,3,0.9485014081001282,3,3,True
vit_b_16,vit_b_16_linear_head,d8_up,3937,3937,1,0.9061545729637146,1,1,True
vit_b_16,vit_b_16_linear_head,d8_up,3942,3942,9,0.9577792882919312,9,9,True
vit_b_16,vit_b_16_linear_head,d8_up,3948,3948,8,0.9305720329284668,8,8,True
vit_b_16,vit_b_16_linear_head,d8_up,3962,3962,6,0.9608137011528015,6,6,True
vit_b_16,vit_b_16_linear_head,d8_up,3965,3965,0,0.9851354956626892,0,0,True
vit_b_16,vit_b_16_linear_head,d8_up,3994,3994,4,0.9470111727714539,4,4,True
vit_b_16,vit_b_16_linear_head,d8_up,3996,3996,9,0.9357219338417053,9,9,True
vit_b_16,vit_b_16_linear_head,d8_up,4011,4011,6,0.9507373571395874,6,6,True
vit_b_16,vit_b_16_linear_head,d8_up,4023,4023,3,0.9676110744476318,3,3,True
vit_b_16,vit_b_16_linear_head,d8_up,4054,4054,4,0.958228588104248,4,4,True
vit_b_16,vit_b_16_linear_head,d8_up,4065,4065,2,0.9281874299049377,2,2,True
vit_b_16,vit_b_16_linear_head,d8_up,4069,4069,8,0.8640360236167908,8,8,True
vit_b_16,vit_b_16_linear_head,d8_up,4093,4093,6,0.9214109778404236,6,6,True
vit_b_16,vit_b_16_linear_head,d8_up,4094,4094,9,0.9351409077644348,9,9,True
vit_b_16,vit_b_16_linear_head,d8_up,4106,4106,5,0.9471848607063293,5,5,True
vit_b_16,vit_b_16_linear_head,d8_up,4130,4130,0,0.9483959674835205,0,0,True
vit_b_16,vit_b_16_linear_head,d8_up,4168,4168,3,0.9425986409187317,3,3,True
vit_b_16,vit_b_16_linear_head,d8_up,4170,4170,8,0.9496156573295593,8,8,True
vit_b_16,vit_b_16_linear_head,d8_up,4172,4172,7,0.9821767807006836,7,7,True
vit_b_16,vit_b_16_linear_head,d8_up,4177,4177,8,0.9344995617866516,8,8,True
vit_b_16,vit_b_16_linear_head,d8_up,4215,4215,3,0.8593011498451233,3,3,True
vit_b_16,vit_b_16_linear_head,d8_up,4229,4229,3,0.9663977026939392,3,3,True
vit_b_16,vit_b_16_linear_head,d8_up,4236,4236,7,0.9803609251976013,7,7,True
vit_b_16,vit_b_16_linear_head,d8_up,4242,4242,8,0.979893147945404,8,8,True
vit_b_16,vit_b_16_linear_head,d8_up,4254,4254,6,0.9475606679916382,6,6,True
vit_b_16,vit_b_16_linear_head,d8_up,4290,4290,5,0.904229998588562,1,1,True
vit_b_16,vit_b_16_linear_head,d8_up,4298,4298,1,0.9894232749938965,1,1,True
vit_b_16,vit_b_16_linear_head,d8_up,4308,4308,7,0.9222284555435181,7,7,True
vit_b_16,vit_b_16_linear_head,d8_up,4311,4311,8,0.960947573184967,8,8,True
vit_b_16,vit_b_16_linear_head,d8_up,4323,4323,3,0.9301547408103943,3,3,True
vit_b_16,vit_b_16_linear_head,d8_up,4330,4330,3,0.9394344091415405,3,3,True
vit_b_16,vit_b_16_linear_head,d8_up,4341,4341,6,0.9525315761566162,6,6,True
vit_b_16,vit_b_16_linear_head,d8_up,4355,4355,8,0.8851728439331055,0,8,False
vit_b_16,vit_b_16_linear_head,d8_up,4399,4399,0,0.9229606986045837,0,0,True
vit_b_16,vit_b_16_linear_head,d8_up,4403,4403,7,0.9796860814094543,7,7,True
vit_b_16,vit_b_16_linear_head,d8_up,4411,4411,6,0.9288702607154846,6,6,True
vit_b_16,vit_b_16_linear_head,d8_up,4449,4449,9,0.9536991119384766,9,9,True
vit_b_16,vit_b_16_linear_head,d8_up,4463,4463,3,0.7811015248298645,3,3,True
vit_b_16,vit_b_16_linear_head,d8_up,4531,4531,3,0.9078353047370911,3,3,True
vit_b_16,vit_b_16_linear_head,d8_up,4539,4539,0,0.9566532969474792,0,0,True
vit_b_16,vit_b_16_linear_head,d8_up,4547,4547,5,0.9727288484573364,5,5,True
vit_b_16,vit_b_16_linear_head,d8_up,4552,4552,8,0.9340559840202332,8,8,True
vit_b_16,vit_b_16_linear_head,d8_up,4570,4570,5,0.9740408062934875,5,5,True
vit_b_16,vit_b_16_linear_head,d8_up,4590,4590,3,0.9441675543785095,3,3,True
vit_b_16,vit_b_16_linear_head,d8_up,4609,4609,3,0.763258159160614,3,3,True
vit_b_16,vit_b_16_linear_head,d8_up,4615,4615,0,0.9783489108085632,0,0,True
vit_b_16,vit_b_16_linear_head,d8_up,4617,4617,0,0.9557055234909058,0,0,True
vit_b_16,vit_b_16_linear_head,d8_up,4620,4620,6,0.9222160577774048,6,6,True
vit_b_16,vit_b_16_linear_head,d8_up,4629,4629,4,0.9121918678283691,4,4,True
vit_b_16,vit_b_16_linear_head,d8_up,4640,4640,1,0.9028105735778809,1,1,True
vit_b_16,vit_b_16_linear_head,d8_up,4642,4642,4,0.9253153800964355,4,4,True
vit_b_16,vit_b_16_linear_head,d8_up,4661,4661,7,0.9714492559432983,7,7,True
vit_b_16,vit_b_16_linear_head,d8_up,4662,4662,8,0.9721108078956604,8,8,True
vit_b_16,vit_b_16_linear_head,d8_up,4675,4675,0,0.9836241006851196,0,0,True
vit_b_16,vit_b_16_linear_head,d8_up,4676,4676,8,0.9430384635925293,8,8,True
vit_b_16,vit_b_16_linear_head,d8_up,4704,4704,7,0.9406852722167969,7,7,True
vit_b_16,vit_b_16_linear_head,d8_up,4723,4723,9,0.9409264326095581,9,9,True
vit_b_16,vit_b_16_linear_head,d8_up,4731,4731,6,0.9598780274391174,6,6,True
vit_b_16,vit_b_16_linear_head,d8_up,4735,4735,2,0.9409213662147522,2,2,True
vit_b_16,vit_b_16_linear_head,d8_up,4740,4740,4,0.8983878493309021,4,4,True
vit_b_16,vit_b_16_linear_head,d8_up,4746,4746,6,0.9296082854270935,6,6,True
vit_b_16,vit_b_16_linear_head,d8_up,4748,4748,7,0.9873129725456238,7,7,True
vit_b_16,vit_b_16_linear_head,d8_up,4754,4754,6,0.9442082643508911,6,6,True
vit_b_16,vit_b_16_linear_head,d8_up,4785,4785,0,0.9713599681854248,0,0,True
vit_b_16,vit_b_16_linear_head,d8_up,4791,4791,7,0.9753696918487549,7,7,True
vit_b_16,vit_b_16_linear_head,d8_up,4819,4819,0,0.955008327960968,0,0,True
vit_b_16,vit_b_16_linear_head,d8_up,4821,4821,3,0.9407406449317932,3,3,True
vit_b_16,vit_b_16_linear_head,d8_up,4827,4827,6,0.927688717842102,6,6,True
vit_b_16,vit_b_16_linear_head,d8_up,4850,4850,5,0.9473382234573364,5,5,True
vit_b_16,vit_b_16_linear_head,d8_up,4881,4881,3,0.8846462368965149,3,3,True
vit_b_16,vit_b_16_linear_head,d8_up,4893,4893,0,0.9719880223274231,0,0,True
vit_b_16,vit_b_16_linear_head,d8_up,4908,4908,3,0.973971962928772,3,3,True
vit_b_16,vit_b_16_linear_head,d8_up,4913,4913,2,0.890303373336792,2,2,True
vit_b_16,vit_b_16_linear_head,d8_up,4921,4921,2,0.9509128332138062,2,2,True
vit_b_16,vit_b_16_linear_head,d8_up,4953,4953,5,0.9205899834632874,5,5,True
vit_b_16,vit_b_16_linear_head,d8_up,4966,4966,5,0.9461519122123718,5,5,True
vit_b_16,vit_b_16_linear_head,d8_up,4990,4990,8,0.9440385699272156,8,8,True
vit_b_16,vit_b_16_linear_head,d8_up,5000,5000,8,0.9537605047225952,8,8,True
vit_b_16,vit_b_16_linear_head,d8_up,5030,5030,2,0.9774453639984131,2,2,True
vit_b_16,vit_b_16_linear_head,d8_up,5062,5062,4,0.9505876898765564,4,4,True
vit_b_16,vit_b_16_linear_head,d8_up,5077,5077,4,0.9642678499221802,4,4,True
vit_b_16,vit_b_16_linear_head,d8_up,5082,5082,6,0.983640193939209,6,6,True
vit_b_16,vit_b_16_linear_head,d8_up,5092,5092,1,0.9634101986885071,1,1,True
vit_b_16,vit_b_16_linear_head,d8_up,5101,5101,5,0.942870557308197,2,2,True
vit_b_16,vit_b_16_linear_head,d8_up,5117,5117,0,0.9698498249053955,0,0,True
vit_b_16,vit_b_16_linear_head,d8_up,5123,5123,1,0.9661034345626831,1,1,True
vit_b_16,vit_b_16_linear_head,d8_up,5135,5135,4,0.9169536232948303,4,3,False
vit_b_16,vit_b_16_linear_head,d8_up,5183,5183,2,0.9444758296012878,2,2,True
vit_b_16,vit_b_16_linear_head,d8_up,5213,5213,4,0.9283255934715271,4,4,True
vit_b_16,vit_b_16_linear_head,d8_up,5218,5218,2,0.9727863669395447,2,2,True
vit_b_16,vit_b_16_linear_head,d8_up,5220,5220,1,0.8707500100135803,1,3,False
vit_b_16,vit_b_16_linear_head,d8_up,5237,5237,2,0.9410877823829651,2,2,True
vit_b_16,vit_b_16_linear_head,d8_up,5256,5256,1,0.9649378657341003,1,1,True
vit_b_16,vit_b_16_linear_head,d8_up,5284,5284,9,0.9035547375679016,9,9,True
vit_b_16,vit_b_16_linear_head,d8_up,5301,5301,9,0.8663281202316284,9,9,True
vit_b_16,vit_b_16_linear_head,d8_up,5318,5318,2,0.8956180214881897,2,2,True
vit_b_16,vit_b_16_linear_head,d8_up,5332,5332,5,0.9338971972465515,5,5,True
vit_b_16,vit_b_16_linear_head,d8_up,5333,5333,2,0.9511382579803467,2,2,True
vit_b_16,vit_b_16_linear_head,d8_up,5360,5360,9,0.9322019815444946,9,9,True
vit_b_16,vit_b_16_linear_head,d8_up,5381,5381,5,0.9207311868667603,5,5,True
vit_b_16,vit_b_16_linear_head,d8_up,5382,5382,6,0.9668599367141724,6,6,True
vit_b_16,vit_b_16_linear_head,d8_up,5395,5395,2,0.9141159057617188,2,2,True
vit_b_16,vit_b_16_linear_head,d8_up,5402,5402,4,0.93760746717453,4,4,True
vit_b_16,vit_b_16_linear_head,d8_up,5408,5408,6,0.9417428374290466,6,6,True
vit_b_16,vit_b_16_linear_head,d8_up,5436,5436,7,0.9887551665306091,7,7,True
vit_b_16,vit_b_16_linear_head,d8_up,5447,5447,9,0.9406628608703613,9,9,True
vit_b_16,vit_b_16_linear_head,d8_up,5450,5450,7,0.9782164096832275,7,7,True
vit_b_16,vit_b_16_linear_head,d8_up,5451,5451,8,0.9541128873825073,8,8,True
vit_b_16,vit_b_16_linear_head,d8_up,5452,5452,9,0.9560757875442505,9,9,True
vit_b_16,vit_b_16_linear_head,d8_up,5467,5467,4,0.8957315683364868,4,4,True
vit_b_16,vit_b_16_linear_head,d8_up,5478,5478,0,0.9659435749053955,0,0,True
vit_b_16,vit_b_16_linear_head,d8_up,5488,5488,1,0.9874715805053711,1,1,True
vit_b_16,vit_b_16_linear_head,d8_up,5496,5496,5,0.975709855556488,5,5,True
vit_b_16,vit_b_16_linear_head,d8_up,5508,5508,9,0.9683025479316711,9,9,True
vit_b_16,vit_b_16_linear_head,d8_up,5512,5512,2,0.8867740631103516,9,9,True
vit_b_16,vit_b_16_linear_head,d8_up,5525,5525,8,0.9591816067695618,8,8,True
vit_b_16,vit_b_16_linear_head,d8_up,5528,5528,3,0.9133875370025635,3,3,True
vit_b_16,vit_b_16_linear_head,d8_up,5556,5556,4,0.9567732214927673,4,4,True
vit_b_16,vit_b_16_linear_head,d8_up,5560,5560,1,0.9909390211105347,1,1,True
vit_b_16,vit_b_16_linear_head,d8_up,5572,5572,9,0.9484722018241882,9,9,True
vit_b_16,vit_b_16_linear_head,d8_up,5580,5580,6,0.9450797438621521,5,6,False
vit_b_16,vit_b_16_linear_head,d8_up,5590,5590,9,0.961061954498291,9,9,True
vit_b_16,vit_b_16_linear_head,d8_up,5623,5623,4,0.9398778676986694,4,4,True
vit_b_16,vit_b_16_linear_head,d8_up,5677,5677,2,0.9609693288803101,2,2,True
vit_b_16,vit_b_16_linear_head,d8_up,5694,5694,8,0.9798575639724731,8,8,True
vit_b_16,vit_b_16_linear_head,d8_up,5701,5701,5,0.9619739055633545,5,5,True
vit_b_16,vit_b_16_linear_head,d8_up,5705,5705,8,0.8258888721466064,8,8,True
vit_b_16,vit_b_16_linear_head,d8_up,5719,5719,7,0.9827406406402588,7,7,True
vit_b_16,vit_b_16_linear_head,d8_up,5729,5729,6,0.9198787212371826,6,6,True
vit_b_16,vit_b_16_linear_head,d8_up,5756,5756,2,0.9577099084854126,2,2,True
vit_b_16,vit_b_16_linear_head,d8_up,5788,5788,9,0.9678125381469727,9,9,True
vit_b_16,vit_b_16_linear_head,d8_up,5789,5789,4,0.9101312160491943,4,4,True
vit_b_16,vit_b_16_linear_head,d8_up,5824,5824,2,0.9525756239891052,2,2,True
vit_b_16,vit_b_16_linear_head,d8_up,5848,5848,7,0.9883185625076294,7,7,True
vit_b_16,vit_b_16_linear_head,d8_up,5851,5851,9,0.9811306595802307,9,9,True
vit_b_16,vit_b_16_linear_head,d8_up,5857,5857,6,0.9226255416870117,4,6,False
vit_b_16,vit_b_16_linear_head,d8_up,5858,5858,6,0.953048825263977,6,6,True
vit_b_16,vit_b_16_linear_head,d8_up,5912,5912,0,0.9209175109863281,0,0,True
vit_b_16,vit_b_16_linear_head,d8_up,5915,5915,9,0.9539980888366699,9,9,True
vit_b_16,vit_b_16_linear_head,d8_up,5918,5918,0,0.8787307739257812,0,0,True
vit_b_16,vit_b_16_linear_head,d8_up,5924,5924,5,0.9653236269950867,5,5,True
vit_b_16,vit_b_16_linear_head,d8_up,5977,5977,7,0.9833331108093262,7,7,True
vit_b_16,vit_b_16_linear_head,d8_up,5981,5981,9,0.9563748240470886,9,9,True
vit_b_16,vit_b_16_linear_head,d8_up,5999,5999,0,0.9246782660484314,0,0,True
vit_b_16,vit_b_16_linear_head,d8_up,6028,6028,2,0.9527299404144287,2,2,True
vit_b_16,vit_b_16_linear_head,d8_up,6033,6033,4,0.9249260425567627,4,4,True
vit_b_16,vit_b_16_linear_head,d8_up,6076,6076,1,0.9796005487442017,1,1,True
vit_b_16,vit_b_16_linear_head,d8_up,6084,6084,7,0.9862494468688965,7,7,True
vit_b_16,vit_b_16_linear_head,d8_up,6097,6097,4,0.9430918097496033,4,4,True
vit_b_16,vit_b_16_linear_head,d8_up,6169,6169,1,0.9752024412155151,1,1,True
vit_b_16,vit_b_16_linear_head,d8_up,6190,6190,7,0.9769722819328308,7,7,True
vit_b_16,vit_b_16_linear_head,d8_up,6224,6224,5,0.9791126847267151,5,5,True
vit_b_16,vit_b_16_linear_head,d8_up,6244,6244,2,0.9219933748245239,2,2,True
vit_b_16,vit_b_16_linear_head,d8_up,6264,6264,2,0.9573076367378235,2,2,True
vit_b_16,vit_b_16_linear_head,d8_up,6271,6271,2,0.978513777256012,2,2,True
vit_b_16,vit_b_16_linear_head,d8_up,6288,6288,4,0.9421451091766357,4,4,True
vit_b_16,vit_b_16_linear_head,d8_up,6332,6332,2,0.9364690184593201,2,2,True
vit_b_16,vit_b_16_linear_head,d8_up,6349,6349,1,0.9455975294113159,1,1,True
vit_b_16,vit_b_16_linear_head,d8_up,6354,6354,2,0.9146414995193481,2,2,True
vit_b_16,vit_b_16_linear_head,d8_up,6358,6358,5,0.9490271806716919,5,5,True
vit_b_16,vit_b_16_linear_head,d8_up,6381,6381,6,0.9532511234283447,6,6,True
vit_b_16,vit_b_16_linear_head,d8_up,6414,6414,5,0.8884537220001221,5,5,True
vit_b_16,vit_b_16_linear_head,d8_up,6426,6426,2,0.959729790687561,2,2,True
vit_b_16,vit_b_16_linear_head,d8_up,6434,6434,8,0.9077919125556946,8,8,True
vit_b_16,vit_b_16_linear_head,d8_up,6437,6437,0,0.9727846384048462,0,0,True
vit_b_16,vit_b_16_linear_head,d8_up,6455,6455,0,0.9312331080436707,0,0,True
vit_b_16,vit_b_16_linear_head,d8_up,6490,6490,3,0.9592267870903015,3,3,True
vit_b_16,vit_b_16_linear_head,d8_up,6503,6503,2,0.8926948308944702,2,2,True
vit_b_16,vit_b_16_linear_head,d8_up,6508,6508,4,0.9477119445800781,4,4,True
vit_b_16,vit_b_16_linear_head,d8_up,6528,6528,4,0.9610496163368225,4,4,True
vit_b_16,vit_b_16_linear_head,d8_up,6594,6594,1,0.9466957449913025,1,1,True
vit_b_16,vit_b_16_linear_head,d8_up,6609,6609,0,0.9430795907974243,0,0,True
vit_b_16,vit_b_16_linear_head,d8_up,6616,6616,2,0.9078336358070374,2,2,True
vit_b_16,vit_b_16_linear_head,d8_up,6650,6650,7,0.9141023755073547,7,7,True
vit_b_16,vit_b_16_linear_head,d8_up,6689,6689,8,0.9520124793052673,8,8,True
vit_b_16,vit_b_16_linear_head,d8_up,6692,6692,2,0.9440377950668335,2,2,True
vit_b_16,vit_b_16_linear_head,d8_up,6713,6713,6,0.9624890089035034,6,6,True
vit_b_16,vit_b_16_linear_head,d8_up,6716,6716,5,0.9521027207374573,6,5,False
vit_b_16,vit_b_16_linear_head,d8_up,6726,6726,7,0.9464699029922485,7,7,True
vit_b_16,vit_b_16_linear_head,d8_up,6733,6733,1,0.9813350439071655,1,1,True
vit_b_16,vit_b_16_linear_head,d8_up,6772,6772,7,0.9210537075996399,7,7,True
vit_b_16,vit_b_16_linear_head,d8_up,6805,6805,1,0.9602670669555664,1,5,False
vit_b_16,vit_b_16_linear_head,d8_up,6836,6836,1,0.9730299711227417,1,1,True
vit_b_16,vit_b_16_linear_head,d8_up,6844,6844,0,0.9645144939422607,0,0,True
vit_b_16,vit_b_16_linear_head,d8_up,6922,6922,5,0.9337170124053955,5,5,True
vit_b_16,vit_b_16_linear_head,d8_up,6931,6931,9,0.9056918025016785,9,9,True
vit_b_16,vit_b_16_linear_head,d8_up,6938,6938,1,0.9447208046913147,1,1,True
vit_b_16,vit_b_16_linear_head,d8_up,6952,6952,3,0.9396542310714722,3,3,True
vit_b_16,vit_b_16_linear_head,d8_up,6954,6954,1,0.7615824937820435,1,1,True
vit_b_16,vit_b_16_linear_head,d8_up,6986,6986,0,0.8783657550811768,0,0,True
vit_b_16,vit_b_16_linear_head,d8_up,6989,6989,5,0.9855708479881287,5,5,True
vit_b_16,vit_b_16_linear_head,d8_up,7009,7009,0,0.9614184498786926,0,0,True
vit_b_16,vit_b_16_linear_head,d8_up,7029,7029,1,0.9827378392219543,1,1,True
vit_b_16,vit_b_16_linear_head,d8_up,7033,7033,1,0.9322306513786316,1,1,True
vit_b_16,vit_b_16_linear_head,d8_up,7041,7041,5,0.9210758209228516,5,5,True
vit_b_16,vit_b_16_linear_head,d8_up,7047,7047,9,0.9784356951713562,9,9,True
vit_b_16,vit_b_16_linear_head,d8_up,7081,7081,7,0.9749821424484253,7,7,True
vit_b_16,vit_b_16_linear_head,d8_up,7084,7084,2,0.9185974597930908,2,2,True
vit_b_16,vit_b_16_linear_head,d8_up,7108,7108,6,0.949620246887207,6,6,True
vit_b_16,vit_b_16_linear_head,d8_up,7130,7130,5,0.978592038154602,5,5,True
vit_b_16,vit_b_16_linear_head,d8_up,7138,7138,8,0.9105382561683655,8,8,True
vit_b_16,vit_b_16_linear_head,d8_up,7150,7150,0,0.9691780209541321,0,0,True
vit_b_16,vit_b_16_linear_head,d8_up,7202,7202,1,0.9402812123298645,1,1,True
vit_b_16,vit_b_16_linear_head,d8_up,7262,7262,0,0.9741390943527222,0,0,True
vit_b_16,vit_b_16_linear_head,d8_up,7266,7266,9,0.9135509133338928,9,9,True
vit_b_16,vit_b_16_linear_head,d8_up,7270,7270,7,0.9699796438217163,7,7,True
vit_b_16,vit_b_16_linear_head,d8_up,7309,7309,0,0.9075322151184082,0,0,True
vit_b_16,vit_b_16_linear_head,d8_up,7320,7320,0,0.9301092624664307,0,0,True
vit_b_16,vit_b_16_linear_head,d8_up,7338,7338,6,0.9437748193740845,6,6,True
vit_b_16,vit_b_16_linear_head,d8_up,7372,7372,0,0.9781653881072998,0,0,True
vit_b_16,vit_b_16_linear_head,d8_up,7373,7373,0,0.9252855777740479,0,0,True
vit_b_16,vit_b_16_linear_head,d8_up,7380,7380,9,0.9645230174064636,9,9,True
vit_b_16,vit_b_16_linear_head,d8_up,7390,7390,1,0.9864563941955566,1,1,True
vit_b_16,vit_b_16_linear_head,d8_up,7413,7413,5,0.9687920212745667,5,5,True
vit_b_16,vit_b_16_linear_head,d8_up,7416,7416,3,0.9081408381462097,3,3,True
vit_b_16,vit_b_16_linear_head,d8_up,7425,7425,2,0.9465510249137878,2,2,True
vit_b_16,vit_b_16_linear_head,d8_up,7446,7446,8,0.9618513584136963,8,8,True
vit_b_16,vit_b_16_linear_head,d8_up,7460,7460,8,0.943794846534729,8,8,True
vit_b_16,vit_b_16_linear_head,d8_up,7465,7465,0,0.9645553231239319,0,0,True
vit_b_16,vit_b_16_linear_head,d8_up,7474,7474,5,0.9478638172149658,5,5,True
vit_b_16,vit_b_16_linear_head,d8_up,7475,7475,4,0.9212815761566162,4,4,True
vit_b_16,vit_b_16_linear_head,d8_up,7476,7476,8,0.9127458333969116,0,8,False
vit_b_16,vit_b_16_linear_head,d8_up,7544,7544,9,0.9261596202850342,9,9,True
vit_b_16,vit_b_16_linear_head,d8_up,7555,7555,6,0.9506632685661316,6,6,True
vit_b_16,vit_b_16_linear_head,d8_up,7600,7600,6,0.922492504119873,6,6,True
vit_b_16,vit_b_16_linear_head,d8_up,7610,7610,4,0.959216833114624,4,4,True
vit_b_16,vit_b_16_linear_head,d8_up,7634,7634,0,0.9454488754272461,0,0,True
vit_b_16,vit_b_16_linear_head,d8_up,7692,7692,4,0.9418376088142395,4,4,True
vit_b_16,vit_b_16_linear_head,d8_up,7706,7706,5,0.9400002360343933,5,5,True
vit_b_16,vit_b_16_linear_head,d8_up,7726,7726,6,0.9173732995986938,6,6,True
vit_b_16,vit_b_16_linear_head,d8_up,7744,7744,3,0.8785532712936401,3,3,True
vit_b_16,vit_b_16_linear_head,d8_up,7752,7752,9,0.9641268849372864,9,9,True
vit_b_16,vit_b_16_linear_head,d8_up,7776,7776,5,0.9776574969291687,5,5,True
vit_b_16,vit_b_16_linear_head,d8_up,7779,7779,6,0.9348957538604736,6,6,True
vit_b_16,vit_b_16_linear_head,d8_up,7781,7781,6,0.9603227376937866,6,6,True
vit_b_16,vit_b_16_linear_head,d8_up,7793,7793,3,0.9391303658485413,7,7,True
vit_b_16,vit_b_16_linear_head,d8_up,7797,7797,3,0.9529994130134583,3,3,True
vit_b_16,vit_b_16_linear_head,d8_up,7810,7810,8,0.9577092528343201,8,8,True
vit_b_16,vit_b_16_linear_head,d8_up,7818,7818,8,0.9673627614974976,8,8,True
vit_b_16,vit_b_16_linear_head,d8_up,7835,7835,7,0.9692859649658203,7,7,True
vit_b_16,vit_b_16_linear_head,d8_up,7864,7864,4,0.951660692691803,4,4,True
vit_b_16,vit_b_16_linear_head,d8_up,7875,7875,8,0.9541031718254089,8,8,True
vit_b_16,vit_b_16_linear_head,d8_up,7938,7938,9,0.949880063533783,9,9,True
vit_b_16,vit_b_16_linear_head,d8_up,7940,7940,4,0.9288216233253479,4,4,True
vit_b_16,vit_b_16_linear_head,d8_up,7944,7944,4,0.9164649844169617,4,4,True
vit_b_16,vit_b_16_linear_head,d8_up,7955,7955,1,0.9743102788925171,1,1,True
vit_b_16,vit_b_16_linear_head,d8_up,7995,7995,9,0.9325079917907715,9,9,True
vit_b_16,vit_b_16_linear_head,d8_up,7996,7996,6,0.9699968695640564,6,6,True
vit_b_16,vit_b_16_linear_head,d8_up,7999,7999,8,0.9635279178619385,8,8,True
vit_b_16,vit_b_16_linear_head,d8_down,3,3,0,0.9754785299301147,0,0,True
vit_b_16,vit_b_16_linear_head,d8_down,29,29,7,0.9437025785446167,7,7,True
vit_b_16,vit_b_16_linear_head,d8_down,35,35,2,0.9168686866760254,2,2,True
vit_b_16,vit_b_16_linear_head,d8_down,42,42,0,0.9515266418457031,0,0,True
vit_b_16,vit_b_16_linear_head,d8_down,49,49,2,0.9725476503372192,2,2,True
vit_b_16,vit_b_16_linear_head,d8_down,81,81,0,0.9605163335800171,0,0,True
vit_b_16,vit_b_16_linear_head,d8_down,95,95,1,0.9750701785087585,1,1,True
vit_b_16,vit_b_16_linear_head,d8_down,97,97,5,0.9756205677986145,5,5,True
vit_b_16,vit_b_16_linear_head,d8_down,116,116,1,0.9677076935768127,1,1,True
vit_b_16,vit_b_16_linear_head,d8_down,131,131,9,0.9378971457481384,9,9,True
vit_b_16,vit_b_16_linear_head,d8_down,151,151,8,0.9750193357467651,8,8,True
vit_b_16,vit_b_16_linear_head,d8_down,171,171,4,0.9152171611785889,4,4,True
vit_b_16,vit_b_16_linear_head,d8_down,176,176,3,0.9285227060317993,3,3,True
vit_b_16,vit_b_16_linear_head,d8_down,191,191,9,0.9695799350738525,9,9,True
vit_b_16,vit_b_16_linear_head,d8_down,194,194,8,0.9634716510772705,8,8,True
vit_b_16,vit_b_16_linear_head,d8_down,198,198,1,0.919888436794281,1,1,True
vit_b_16,vit_b_16_linear_head,d8_down,239,239,9,0.9640562534332275,9,9,True
vit_b_16,vit_b_16_linear_head,d8_down,261,261,1,0.9893524646759033,5,5,True
vit_b_16,vit_b_16_linear_head,d8_down,269,269,7,0.9572936296463013,7,7,True
vit_b_16,vit_b_16_linear_head,d8_down,276,276,9,0.9489789605140686,9,9,True
vit_b_16,vit_b_16_linear_head,d8_down,303,303,9,0.9787737131118774,9,9,True
vit_b_16,vit_b_16_linear_head,d8_down,304,304,1,0.8796129822731018,1,1,True
vit_b_16,vit_b_16_linear_head,d8_down,317,317,2,0.9492642879486084,2,2,True
vit_b_16,vit_b_16_linear_head,d8_down,319,319,5,0.947731614112854,5,5,True
vit_b_16,vit_b_16_linear_head,d8_down,323,323,7,0.9744968414306641,7,7,True
vit_b_16,vit_b_16_linear_head,d8_down,365,365,3,0.9666426181793213,3,3,True
vit_b_16,vit_b_16_linear_head,d8_down,370,370,7,0.9816471934318542,7,7,True
vit_b_16,vit_b_16_linear_head,d8_down,372,372,3,0.938277006149292,3,3,True
vit_b_16,vit_b_16_linear_head,d8_down,378,378,5,0.972173273563385,5,5,True
vit_b_16,vit_b_16_linear_head,d8_down,391,391,3,0.9660259485244751,3,3,True
vit_b_16,vit_b_16_linear_head,d8_down,409,409,2,0.9636613130569458,2,2,True
vit_b_16,vit_b_16_linear_head,d8_down,419,419,9,0.8804713487625122,9,9,True
vit_b_16,vit_b_16_linear_head,d8_down,449,449,6,0.9448256492614746,6,6,True
vit_b_16,vit_b_16_linear_head,d8_down,470,470,2,0.9727708101272583,2,2,True
vit_b_16,vit_b_16_linear_head,d8_down,483,483,2,0.9509168267250061,2,2,True
vit_b_16,vit_b_16_linear_head,d8_down,484,484,0,0.9158326387405396,0,0,True
vit_b_16,vit_b_16_linear_head,d8_down,506,506,4,0.9038833379745483,4,4,True
vit_b_16,vit_b_16_linear_head,d8_down,545,545,6,0.9315150380134583,6,6,True
vit_b_16,vit_b_16_linear_head,d8_down,562,562,0,0.9616809487342834,0,0,True
vit_b_16,vit_b_16_linear_head,d8_down,568,568,5,0.9331074953079224,5,5,True
vit_b_16,vit_b_16_linear_head,d8_down,603,603,9,0.9647066593170166,9,9,True
vit_b_16,vit_b_16_linear_head,d8_down,632,632,3,0.9629544615745544,3,3,True
vit_b_16,vit_b_16_linear_head,d8_down,645,645,5,0.9292824268341064,5,5,True
vit_b_16,vit_b_16_linear_head,d8_down,667,667,8,0.9630642533302307,8,8,True
vit_b_16,vit_b_16_linear_head,d8_down,672,672,3,0.9453178644180298,3,3,True
vit_b_16,vit_b_16_linear_head,d8_down,677,677,3,0.9291579723358154,3,3,True
vit_b_16,vit_b_16_linear_head,d8_down,685,685,5,0.9566590189933777,5,5,True
vit_b_16,vit_b_16_linear_head,d8_down,691,691,4,0.9148116707801819,4,4,True
vit_b_16,vit_b_16_linear_head,d8_down,706,706,8,0.9486960172653198,8,8,True
vit_b_16,vit_b_16_linear_head,d8_down,714,714,2,0.9395645260810852,2,2,True
vit_b_16,vit_b_16_linear_head,d8_down,716,716,8,0.9779772162437439,8,8,True
vit_b_16,vit_b_16_linear_head,d8_down,738,738,3,0.8961995840072632,3,3,True
vit_b_16,vit_b_16_linear_head,d8_down,739,739,8,0.965723991394043,8,8,True
vit_b_16,vit_b_16_linear_head,d8_down,766,766,4,0.9344698190689087,6,6,True
vit_b_16,vit_b_16_linear_head,d8_down,791,791,3,0.9756316542625427,3,3,True
vit_b_16,vit_b_16_linear_head,d8_down,805,805,9,0.9468724131584167,9,9,True
vit_b_16,vit_b_16_linear_head,d8_down,825,825,1,0.9764367938041687,1,1,True
vit_b_16,vit_b_16_linear_head,d8_down,852,852,9,0.9622781276702881,9,9,True
vit_b_16,vit_b_16_linear_head,d8_down,855,855,4,0.9493762850761414,4,4,True
vit_b_16,vit_b_16_linear_head,d8_down,873,873,6,0.9280466437339783,6,6,True
vit_b_16,vit_b_16_linear_head,d8_down,890,890,6,0.9476273059844971,6,6,True
vit_b_16,vit_b_16_linear_head,d8_down,920,920,6,0.9655559659004211,6,6,True
vit_b_16,vit_b_16_linear_head,d8_down,929,929,6,0.9479163885116577,6,6,True
vit_b_16,vit_b_16_linear_head,d8_down,962,962,8,0.9364969730377197,8,8,True
vit_b_16,vit_b_16_linear_head,d8_down,964,964,6,0.9170036315917969,6,6,True
vit_b_16,vit_b_16_linear_head,d8_down,977,977,6,0.9507636427879333,6,6,True
vit_b_16,vit_b_16_linear_head,d8_down,979,979,3,0.9414950609207153,3,3,True
vit_b_16,vit_b_16_linear_head,d8_down,981,981,2,0.9361981153488159,2,2,True
vit_b_16,vit_b_16_linear_head,d8_down,1022,1022,9,0.9199091792106628,9,2,False
vit_b_16,vit_b_16_linear_head,d8_down,1032,1032,7,0.9699062705039978,7,7,True
vit_b_16,vit_b_16_linear_head,d8_down,1048,1048,7,0.9441797137260437,7,7,True
vit_b_16,vit_b_16_linear_head,d8_down,1090,1090,1,0.9241670370101929,1,1,True
vit_b_16,vit_b_16_linear_head,d8_down,1095,1095,5,0.9819647073745728,5,5,True
vit_b_16,vit_b_16_linear_head,d8_down,1109,1109,1,0.8973231315612793,1,1,True
vit_b_16,vit_b_16_linear_head,d8_down,1111,1111,4,0.968959391117096,4,4,True
vit_b_16,vit_b_16_linear_head,d8_down,1115,1115,1,0.8795421123504639,1,1,True
vit_b_16,vit_b_16_linear_head,d8_down,1124,1124,4,0.9601528644561768,4,4,True
vit_b_16,vit_b_16_linear_head,d8_down,1129,1129,8,0.9423853754997253,8,8,True
vit_b_16,vit_b_16_linear_head,d8_down,1175,1175,0,0.9704104065895081,0,0,True
vit_b_16,vit_b_16_linear_head,d8_down,1202,1202,2,0.9729809761047363,2,2,True
vit_b_16,vit_b_16_linear_head,d8_down,1204,1204,3,0.9104592800140381,3,3,True
vit_b_16,vit_b_16_linear_head,d8_down,1211,1211,4,0.86894690990448,4,4,True
vit_b_16,vit_b_16_linear_head,d8_down,1220,1220,7,0.9909461736679077,7,7,True
vit_b_16,vit_b_16_linear_head,d8_down,1230,1230,1,0.9580748081207275,1,1,True
vit_b_16,vit_b_16_linear_head,d8_down,1247,1247,8,0.9811378717422485,8,8,True
vit_b_16,vit_b_16_linear_head,d8_down,1263,1263,3,0.9549306035041809,3,3,True
vit_b_16,vit_b_16_linear_head,d8_down,1266,1266,4,0.9430568218231201,4,4,True
vit_b_16,vit_b_16_linear_head,d8_down,1287,1287,7,0.9869985580444336,7,7,True
vit_b_16,vit_b_16_linear_head,d8_down,1296,1296,7,0.8804619312286377,7,7,True
vit_b_16,vit_b_16_linear_head,d8_down,1370,1370,3,0.8122272491455078,3,3,True
vit_b_16,vit_b_16_linear_head,d8_down,1389,1389,0,0.9668253660202026,0,0,True
vit_b_16,vit_b_16_linear_head,d8_down,1401,1401,3,0.9392173290252686,3,3,True
vit_b_16,vit_b_16_linear_head,d8_down,1403,1403,2,0.9586930274963379,2,2,True
vit_b_16,vit_b_16_linear_head,d8_down,1411,1411,9,0.9535645246505737,9,9,True
vit_b_16,vit_b_16_linear_head,d8_down,1429,1429,4,0.9530233144760132,4,4,True
vit_b_16,vit_b_16_linear_head,d8_down,1430,1430,9,0.9218331575393677,9,9,True
vit_b_16,vit_b_16_linear_head,d8_down,1431,1431,3,0.9095925092697144,3,3,True
vit_b_16,vit_b_16_linear_head,d8_down,1436,1436,1,0.9713377952575684,1,1,True
vit_b_16,vit_b_16_linear_head,d8_down,1440,1440,7,0.97883141040802,7,7,True
vit_b_16,vit_b_16_linear_head,d8_down,1468,1468,9,0.9544349312782288,9,9,True
vit_b_16,vit_b_16_linear_head,d8_down,1473,1473,7,0.9842367172241211,7,7,True
vit_b_16,vit_b_16_linear_head,d8_down,1515,1515,9,0.9553583860397339,9,9,True
vit_b_16,vit_b_16_linear_head,d8_down,1520,1520,2,0.9620750546455383,2,2,True
vit_b_16,vit_b_16_linear_head,d8_down,1531,1531,3,0.9663459658622742,3,3,True
vit_b_16,vit_b_16_linear_head,d8_down,1534,1534,6,0.8915345668792725,6,6,True
vit_b_16,vit_b_16_linear_head,d8_down,1552,1552,5,0.9713618755340576,5,5,True
vit_b_16,vit_b_16_linear_head,d8_down,1553,1553,0,0.9638358354568481,0,0,True
vit_b_16,vit_b_16_linear_head,d8_down,1563,1563,3,0.9395066499710083,3,3,True
vit_b_16,vit_b_16_linear_head,d8_down,1568,1568,1,0.919623851776123,1,1,True
vit_b_16,vit_b_16_linear_head,d8_down,1579,1579,7,0.9863872528076172,7,7,True
vit_b_16,vit_b_16_linear_head,d8_down,1586,1586,2,0.9465546607971191,2,2,True
vit_b_16,vit_b_16_linear_head,d8_down,1596,1596,0,0.9399234652519226,0,0,True
vit_b_16,vit_b_16_linear_head,d8_down,1626,1626,5,0.946761965751648,5,5,True
vit_b_16,vit_b_16_linear_head,d8_down,1640,1640,8,0.858934760093689,8,8,True
vit_b_16,vit_b_16_linear_head,d8_down,1644,1644,5,0.9526724219322205,5,5,True
vit_b_16,vit_b_16_linear_head,d8_down,1648,1648,0,0.967670738697052,0,0,True
vit_b_16,vit_b_16_linear_head,d8_down,1654,1654,9,0.9808689951896667,9,9,True
vit_b_16,vit_b_16_linear_head,d8_down,1667,1667,6,0.9313374757766724,6,6,True
vit_b_16,vit_b_16_linear_head,d8_down,1703,1703,7,0.888706386089325,7,7,True
vit_b_16,vit_b_16_linear_head,d8_down,1711,1711,7,0.9705690145492554,7,7,True
vit_b_16,vit_b_16_linear_head,d8_down,1771,1771,7,0.9379746913909912,7,7,True
vit_b_16,vit_b_16_linear_head,d8_down,1783,1783,8,0.9783148765563965,8,8,True
vit_b_16,vit_b_16_linear_head,d8_down,1814,1814,2,0.976331353187561,2,2,True
vit_b_16,vit_b_16_linear_head,d8_down,1833,1833,8,0.8618762493133545,8,8,True
vit_b_16,vit_b_16_linear_head,d8_down,1836,1836,9,0.9722083806991577,9,9,True
vit_b_16,vit_b_16_linear_head,d8_down,1839,1839,2,0.9669672846794128,2,2,True
vit_b_16,vit_b_16_linear_head,d8_down,1852,1852,1,0.928275465965271,1,1,True
vit_b_16,vit_b_16_linear_head,d8_down,1871,1871,1,0.9661568403244019,1,1,True
vit_b_16,vit_b_16_linear_head,d8_down,1877,1877,5,0.9345516562461853,5,5,True
vit_b_16,vit_b_16_linear_head,d8_down,1884,1884,7,0.9183962941169739,7,7,True
vit_b_16,vit_b_16_linear_head,d8_down,1927,1927,7,0.9728884696960449,7,7,True
vit_b_16,vit_b_16_linear_head,d8_down,1954,1954,8,0.8636521697044373,8,8,True
vit_b_16,vit_b_16_linear_head,d8_down,1956,1956,7,0.848758339881897,7,7,True
vit_b_16,vit_b_16_linear_head,d8_down,1960,1960,4,0.9449777007102966,5,4,False
vit_b_16,vit_b_16_linear_head,d8_down,1977,1977,0,0.9837976098060608,0,0,True
vit_b_16,vit_b_16_linear_head,d8_down,1986,1986,1,0.9869689345359802,1,1,True
vit_b_16,vit_b_16_linear_head,d8_down,1993,1993,1,0.9762310981750488,1,1,True
vit_b_16,vit_b_16_linear_head,d8_down,2003,2003,6,0.9608486890792847,6,6,True
vit_b_16,vit_b_16_linear_head,d8_down,2011,2011,9,0.9841870069503784,9,9,True
vit_b_16,vit_b_16_linear_head,d8_down,2024,2024,0,0.96318519115448,0,0,True
vit_b_16,vit_b_16_linear_head,d8_down,2028,2028,3,0.9032540917396545,3,3,True
vit_b_16,vit_b_16_linear_head,d8_down,2062,2062,9,0.9185411930084229,9,9,True
vit_b_16,vit_b_16_linear_head,d8_down,2070,2070,1,0.7819707989692688,1,1,True
vit_b_16,vit_b_16_linear_head,d8_down,2082,2082,2,0.9244712591171265,2,2,True
vit_b_16,vit_b_16_linear_head,d8_down,2095,2095,1,0.9620570540428162,1,1,True
vit_b_16,vit_b_16_linear_head,d8_down,2109,2109,8,0.9732944369316101,8,8,True
vit_b_16,vit_b_16_linear_head,d8_down,2114,2114,9,0.9580520987510681,9,9,True
vit_b_16,vit_b_16_linear_head,d8_down,2116,2116,1,0.9511366486549377,3,3,True
vit_b_16,vit_b_16_linear_head,d8_down,2157,2157,1,0.9360095858573914,1,1,True
vit_b_16,vit_b_16_linear_head,d8_down,2167,2167,9,0.9233003854751587,9,9,True
vit_b_16,vit_b_16_linear_head,d8_down,2178,2178,1,0.9464422464370728,1,1,True
vit_b_16,vit_b_16_linear_head,d8_down,2191,2191,8,0.9534813165664673,8,8,True
vit_b_16,vit_b_16_linear_head,d8_down,2230,2230,8,0.9447146058082581,8,8,True
vit_b_16,vit_b_16_linear_head,d8_down,2242,2242,0,0.9683502316474915,0,0,True
vit_b_16,vit_b_16_linear_head,d8_down,2265,2265,5,0.9603989124298096,5,5,True
vit_b_16,vit_b_16_linear_head,d8_down,2268,2268,5,0.9657852053642273,5,5,True
vit_b_16,vit_b_16_linear_head,d8_down,2291,2291,3,0.9537618160247803,3,3,True
vit_b_16,vit_b_16_linear_head,d8_down,2334,2334,5,0.9560322165489197,5,5,True
vit_b_16,vit_b_16_linear_head,d8_down,2340,2340,8,0.9308254718780518,8,8,True
vit_b_16,vit_b_16_linear_head,d8_down,2342,2342,8,0.9722539186477661,8,8,True
vit_b_16,vit_b_16_linear_head,d8_down,2351,2351,9,0.9209128618240356,9,9,True
vit_b_16,vit_b_16_linear_head,d8_down,2391,2391,5,0.9342740774154663,5,5,True
vit_b_16,vit_b_16_linear_head,d8_down,2392,2392,2,0.936180055141449,2,2,True
vit_b_16,vit_b_16_linear_head,d8_down,2399,2399,4,0.9613311290740967,4,4,True
vit_b_16,vit_b_16_linear_head,d8_down,2414,2414,9,0.8817604780197144,9,9,True
vit_b_16,vit_b_16_linear_head,d8_down,2427,2427,5,0.9702247381210327,5,5,True
vit_b_16,vit_b_16_linear_head,d8_down,2458,2458,5,0.914994478225708,5,5,True
vit_b_16,vit_b_16_linear_head,d8_down,2501,2501,7,0.9614593386650085,7,7,True
vit_b_16,vit_b_16_linear_head,d8_down,2502,2502,2,0.9338343739509583,2,2,True
vit_b_16,vit_b_16_linear_head,d8_down,2536,2536,3,0.9682870507240295,3,3,True
vit_b_16,vit_b_16_linear_head,d8_down,2539,2539,3,0.9415061473846436,3,3,True
vit_b_16,vit_b_16_linear_head,d8_down,2610,2610,6,0.9172778725624084,6,6,True
vit_b_16,vit_b_16_linear_head,d8_down,2623,2623,5,0.934546709060669,5,5,True
vit_b_16,vit_b_16_linear_head,d8_down,2655,2655,9,0.9447748064994812,9,9,True
vit_b_16,vit_b_16_linear_head,d8_down,2668,2668,7,0.9503726959228516,7,7,True
vit_b_16,vit_b_16_linear_head,d8_down,2676,2676,6,0.8673385381698608,6,6,True
vit_b_16,vit_b_16_linear_head,d8_down,2687,2687,1,0.9501785635948181,1,1,True
vit_b_16,vit_b_16_linear_head,d8_down,2690,2690,1,0.889918327331543,1,1,True
vit_b_16,vit_b_16_linear_head,d8_down,2704,2704,4,0.8897411823272705,4,4,True
vit_b_16,vit_b_16_linear_head,d8_down,2745,2745,8,0.9570270776748657,8,8,True
vit_b_16,vit_b_16_linear_head,d8_down,2746,2746,7,0.9410640597343445,7,7,True
vit_b_16,vit_b_16_linear_head,d8_down,2750,2750,0,0.9245494604110718,0,0,True
vit_b_16,vit_b_16_linear_head,d8_down,2754,2754,3,0.9591001272201538,3,3,True
vit_b_16,vit_b_16_linear_head,d8_down,2757,2757,4,0.921789288520813,4,4,True
vit_b_16,vit_b_16_linear_head,d8_down,2766,2766,5,0.9446519613265991,5,5,True
vit_b_16,vit_b_16_linear_head,d8_down,2807,2807,5,0.8705208897590637,5,5,True
vit_b_16,vit_b_16_linear_head,d8_down,2844,2844,8,0.948410153388977,8,8,True
vit_b_16,vit_b_16_linear_head,d8_down,2854,2854,7,0.9815400838851929,7,7,True
vit_b_16,vit_b_16_linear_head,d8_down,2861,2861,3,0.9534268379211426,3,3,True
vit_b_16,vit_b_16_linear_head,d8_down,2888,2888,0,0.96705162525177,0,0,True
vit_b_16,vit_b_16_linear_head,d8_down,2898,2898,4,0.9739693403244019,4,4,True
vit_b_16,vit_b_16_linear_head,d8_down,2950,2950,5,0.9412363171577454,5,5,True
vit_b_16,vit_b_16_linear_head,d8_down,2958,2958,6,0.9848405122756958,6,6,True
vit_b_16,vit_b_16_linear_head,d8_down,3015,3015,8,0.9683353900909424,8,8,True
vit_b_16,vit_b_16_linear_head,d8_down,3024,3024,2,0.9570550918579102,2,2,True
vit_b_16,vit_b_16_linear_head,d8_down,3025,3025,0,0.9471951127052307,0,0,True
vit_b_16,vit_b_16_linear_head,d8_down,3034,3034,4,0.9324078559875488,4,4,True
vit_b_16,vit_b_16_linear_head,d8_down,3067,3067,2,0.9499645233154297,2,2,True
vit_b_16,vit_b_16_linear_head,d8_down,3078,3078,4,0.9178127646446228,4,4,True
vit_b_16,vit_b_16_linear_head,d8_down,3079,3079,1,0.9848524332046509,1,1,True
vit_b_16,vit_b_16_linear_head,d8_down,3083,3083,0,0.9464824795722961,0,0,True
vit_b_16,vit_b_16_linear_head,d8_down,3122,3122,4,0.9472392797470093,4,4,True
vit_b_16,vit_b_16_linear_head,d8_down,3153,3153,7,0.9792400598526001,7,7,True
vit_b_16,vit_b_16_linear_head,d8_down,3157,3157,8,0.8844032883644104,8,8,True
vit_b_16,vit_b_16_linear_head,d8_down,3163,3163,2,0.9480832815170288,2,2,True
vit_b_16,vit_b_16_linear_head,d8_down,3179,3179,4,0.9255564212799072,4,4,True
vit_b_16,vit_b_16_linear_head,d8_down,3191,3191,6,0.8755308389663696,6,6,True
vit_b_16,vit_b_16_linear_head,d8_down,3276,3276,3,0.9089637398719788,3,3,True
vit_b_16,vit_b_16_linear_head,d8_down,3287,3287,4,0.9078395366668701,4,4,True
vit_b_16,vit_b_16_linear_head,d8_down,3288,3288,7,0.9873509407043457,7,7,True
vit_b_16,vit_b_16_linear_head,d8_down,3292,3292,6,0.9389791488647461,6,6,True
vit_b_16,vit_b_16_linear_head,d8_down,3318,3318,9,0.9459280967712402,9,9,True
vit_b_16,vit_b_16_linear_head,d8_down,3347,3347,0,0.9438608884811401,0,0,True
vit_b_16,vit_b_16_linear_head,d8_down,3353,3353,5,0.9407392144203186,5,5,True
vit_b_16,vit_b_16_linear_head,d8_down,3362,3362,2,0.9646135568618774,2,2,True
vit_b_16,vit_b_16_linear_head,d8_down,3365,3365,4,0.9278397560119629,4,4,True
vit_b_16,vit_b_16_linear_head,d8_down,3375,3375,3,0.9669409990310669,3,3,True
vit_b_16,vit_b_16_linear_head,d8_down,3383,3383,3,0.9276240468025208,3,3,True
vit_b_16,vit_b_16_linear_head,d8_down,3404,3404,7,0.9790390133857727,7,7,True
vit_b_16,vit_b_16_linear_head,d8_down,3412,3412,8,0.9656195044517517,8,8,True
vit_b_16,vit_b_16_linear_head,d8_down,3413,3413,1,0.9569405913352966,1,1,True
vit_b_16,vit_b_16_linear_head,d8_down,3418,3418,6,0.9819279313087463,6,6,True
vit_b_16,vit_b_16_linear_head,d8_down,3437,3437,0,0.92585289478302,0,0,True
vit_b_16,vit_b_16_linear_head,d8_down,3446,3446,7,0.9132989645004272,7,7,True
vit_b_16,vit_b_16_linear_head,d8_down,3454,3454,2,0.9437237977981567,2,2,True
vit_b_16,vit_b_16_linear_head,d8_down,3455,3455,0,0.9627324342727661,0,0,True
vit_b_16,vit_b_16_linear_head,d8_down,3458,3458,4,0.9403233528137207,4,4,True
vit_b_16,vit_b_16_linear_head,d8_down,3467,3467,7,0.8896980881690979,7,7,True
vit_b_16,vit_b_16_linear_head,d8_down,3491,3491,1,0.9489153623580933,1,1,True
vit_b_16,vit_b_16_linear_head,d8_down,3494,3494,6,0.9266594052314758,6,6,True
vit_b_16,vit_b_16_linear_head,d8_down,3512,3512,4,0.9590268135070801,4,4,True
vit_b_16,vit_b_16_linear_head,d8_down,3515,3515,6,0.9533849954605103,4,4,True
vit_b_16,vit_b_16_linear_head,d8_down,3542,3542,7,0.9864370822906494,7,7,True
vit_b_16,vit_b_16_linear_head,d8_down,3550,3550,1,0.9292352199554443,1,1,True
vit_b_16,vit_b_16_linear_head,d8_down,3562,3562,3,0.9418681263923645,3,3,True
vit_b_16,vit_b_16_linear_head,d8_down,3755,3755,2,0.9601472616195679,2,2,True
vit_b_16,vit_b_16_linear_head,d8_down,3763,3763,4,0.9745922088623047,4,4,True
vit_b_16,vit_b_16_linear_head,d8_down,3777,3777,6,0.9704596996307373,6,6,True
vit_b_16,vit_b_16_linear_head,d8_down,3778,3778,3,0.9706805348396301,3,3,True
vit_b_16,vit_b_16_linear_head,d8_down,3779,3779,6,0.9194198250770569,6,6,True
vit_b_16,vit_b_16_linear_head,d8_down,3844,3844,6,0.9745628833770752,6,6,True
vit_b_16,vit_b_16_linear_head,d8_down,3851,3851,3,0.910149335861206,3,3,True
vit_b_16,vit_b_16_linear_head,d8_down,3852,3852,5,0.9599244594573975,5,5,True
vit_b_16,vit_b_16_linear_head,d8_down,3863,3863,5,0.9856172800064087,5,5,True
vit_b_16,vit_b_16_linear_head,d8_down,3867,3867,7,0.9729269742965698,7,7,True
vit_b_16,vit_b_16_linear_head,d8_down,3876,3876,0,0.8616067171096802,0,0,True
vit_b_16,vit_b_16_linear_head,d8_down,3889,3889,5,0.9210256338119507,5,5,True
vit_b_16,vit_b_16_linear_head,d8_down,3891,3891,4,0.9691683053970337,4,4,True
vit_b_16,vit_b_16_linear_head,d8_down,3893,3893,9,0.9621155261993408,9,9,True
vit_b_16,vit_b_16_linear_head,d8_down,3905,3905,8,0.9626568555831909,8,8,True
vit_b_16,vit_b_16_linear_head,d8_down,3914,3914,3,0.9533276557922363,3,3,True
vit_b_16,vit_b_16_linear_head,d8_down,3937,3937,1,0.9828271865844727,1,1,True
vit_b_16,vit_b_16_linear_head,d8_down,3942,3942,9,0.951221227645874,9,9,True
vit_b_16,vit_b_16_linear_head,d8_down,3948,3948,8,0.9285768866539001,8,8,True
vit_b_16,vit_b_16_linear_head,d8_down,3962,3962,6,0.9520082473754883,6,6,True
vit_b_16,vit_b_16_linear_head,d8_down,3965,3965,0,0.9859522581100464,0,0,True
vit_b_16,vit_b_16_linear_head,d8_down,3994,3994,4,0.9095334410667419,4,4,True
vit_b_16,vit_b_16_linear_head,d8_down,3996,3996,9,0.9397198557853699,9,9,True
vit_b_16,vit_b_16_linear_head,d8_down,4011,4011,6,0.9551070332527161,6,6,True
vit_b_16,vit_b_16_linear_head,d8_down,4023,4023,3,0.9714687466621399,3,3,True
vit_b_16,vit_b_16_linear_head,d8_down,4054,4054,4,0.9647923707962036,4,4,True
vit_b_16,vit_b_16_linear_head,d8_down,4065,4065,2,0.9209859371185303,2,2,True
vit_b_16,vit_b_16_linear_head,d8_down,4069,4069,8,0.8787199258804321,8,6,False
vit_b_16,vit_b_16_linear_head,d8_down,4093,4093,6,0.9284014105796814,6,6,True
vit_b_16,vit_b_16_linear_head,d8_down,4094,4094,9,0.9315200448036194,9,9,True
vit_b_16,vit_b_16_linear_head,d8_down,4106,4106,5,0.9427275061607361,5,5,True
vit_b_16,vit_b_16_linear_head,d8_down,4130,4130,0,0.9382998943328857,0,0,True
vit_b_16,vit_b_16_linear_head,d8_down,4168,4168,3,0.9531969428062439,3,3,True
vit_b_16,vit_b_16_linear_head,d8_down,4170,4170,8,0.9186677932739258,8,8,True
vit_b_16,vit_b_16_linear_head,d8_down,4172,4172,7,0.9825700521469116,7,7,True
vit_b_16,vit_b_16_linear_head,d8_down,4177,4177,8,0.9102858901023865,8,8,True
vit_b_16,vit_b_16_linear_head,d8_down,4215,4215,3,0.8948797583580017,3,3,True
vit_b_16,vit_b_16_linear_head,d8_down,4229,4229,3,0.9585813879966736,3,3,True
vit_b_16,vit_b_16_linear_head,d8_down,4236,4236,7,0.9845561385154724,7,7,True
vit_b_16,vit_b_16_linear_head,d8_down,4242,4242,8,0.9800922870635986,8,8,True
vit_b_16,vit_b_16_linear_head,d8_down,4254,4254,6,0.9628336429595947,6,6,True
vit_b_16,vit_b_16_linear_head,d8_down,4290,4290,5,0.9034567475318909,1,1,True
vit_b_16,vit_b_16_linear_head,d8_down,4298,4298,1,0.9875483512878418,1,1,True
vit_b_16,vit_b_16_linear_head,d8_down,4308,4308,7,0.9177501797676086,7,7,True
vit_b_16,vit_b_16_linear_head,d8_down,4311,4311,8,0.9562798738479614,8,8,True
vit_b_16,vit_b_16_linear_head,d8_down,4323,4323,3,0.9614633321762085,3,3,True
vit_b_16,vit_b_16_linear_head,d8_down,4330,4330,3,0.93800950050354,3,3,True
vit_b_16,vit_b_16_linear_head,d8_down,4341,4341,6,0.9552660584449768,6,6,True
vit_b_16,vit_b_16_linear_head,d8_down,4355,4355,8,0.9074738025665283,0,8,False
vit_b_16,vit_b_16_linear_head,d8_down,4399,4399,0,0.9349894523620605,0,0,True
vit_b_16,vit_b_16_linear_head,d8_down,4403,4403,7,0.9735631346702576,7,7,True
vit_b_16,vit_b_16_linear_head,d8_down,4411,4411,6,0.9411035776138306,6,6,True
vit_b_16,vit_b_16_linear_head,d8_down,4449,4449,9,0.9544571042060852,9,9,True
vit_b_16,vit_b_16_linear_head,d8_down,4463,4463,3,0.775192379951477,3,3,True
vit_b_16,vit_b_16_linear_head,d8_down,4531,4531,3,0.9255132675170898,3,3,True
vit_b_16,vit_b_16_linear_head,d8_down,4539,4539,0,0.9654400944709778,0,0,True
vit_b_16,vit_b_16_linear_head,d8_down,4547,4547,5,0.9692773818969727,5,5,True
vit_b_16,vit_b_16_linear_head,d8_down,4552,4552,8,0.9329317808151245,8,8,True
vit_b_16,vit_b_16_linear_head,d8_down,4570,4570,5,0.9688620567321777,5,5,True
vit_b_16,vit_b_16_linear_head,d8_down,4590,4590,3,0.9593780636787415,3,3,True
vit_b_16,vit_b_16_linear_head,d8_down,4609,4609,3,0.8498982787132263,3,3,True
vit_b_16,vit_b_16_linear_head,d8_down,4615,4615,0,0.9783216118812561,0,0,True
vit_b_16,vit_b_16_linear_head,d8_down,4617,4617,0,0.9586901068687439,0,0,True
vit_b_16,vit_b_16_linear_head,d8_down,4620,4620,6,0.9325765371322632,6,6,True
vit_b_16,vit_b_16_linear_head,d8_down,4629,4629,4,0.896626889705658,4,4,True
vit_b_16,vit_b_16_linear_head,d8_down,4640,4640,1,0.9362001419067383,1,1,True
vit_b_16,vit_b_16_linear_head,d8_down,4642,4642,4,0.9330781698226929,4,4,True
vit_b_16,vit_b_16_linear_head,d8_down,4661,4661,7,0.9681887626647949,7,7,True
vit_b_16,vit_b_16_linear_head,d8_down,4662,4662,8,0.9750731587409973,8,8,True
vit_b_16,vit_b_16_linear_head,d8_down,4675,4675,0,0.9821435809135437,0,0,True
vit_b_16,vit_b_16_linear_head,d8_down,4676,4676,8,0.9390782117843628,8,8,True
vit_b_16,vit_b_16_linear_head,d8_down,4704,4704,7,0.9488353729248047,7,7,True
vit_b_16,vit_b_16_linear_head,d8_down,4723,4723,9,0.9452320337295532,9,9,True
vit_b_16,vit_b_16_linear_head,d8_down,4731,4731,6,0.9585267901420593,6,6,True
vit_b_16,vit_b_16_linear_head,d8_down,4735,4735,2,0.913799524307251,2,2,True
vit_b_16,vit_b_16_linear_head,d8_down,4740,4740,4,0.9068429470062256,4,4,True
vit_b_16,vit_b_16_linear_head,d8_down,4746,4746,6,0.9484958052635193,6,6,True
vit_b_16,vit_b_16_linear_head,d8_down,4748,4748,7,0.9899189472198486,7,7,True
vit_b_16,vit_b_16_linear_head,d8_down,4754,4754,6,0.9073318243026733,6,6,True
vit_b_16,vit_b_16_linear_head,d8_down,4785,4785,0,0.9757319092750549,0,0,True
vit_b_16,vit_b_16_linear_head,d8_down,4791,4791,7,0.9742047190666199,7,7,True
vit_b_16,vit_b_16_linear_head,d8_down,4819,4819,0,0.9549493193626404,0,0,True
vit_b_16,vit_b_16_linear_head,d8_down,4821,4821,3,0.9311285018920898,3,3,True
vit_b_16,vit_b_16_linear_head,d8_down,4827,4827,6,0.9321515560150146,6,6,True
vit_b_16,vit_b_16_linear_head,d8_down,4850,4850,5,0.9491531848907471,5,5,True
vit_b_16,vit_b_16_linear_head,d8_down,4881,4881,3,0.9206725358963013,3,3,True
vit_b_16,vit_b_16_linear_head,d8_down,4893,4893,0,0.9710108041763306,0,0,True
vit_b_16,vit_b_16_linear_head,d8_down,4908,4908,3,0.9745084643363953,3,3,True
vit_b_16,vit_b_16_linear_head,d8_down,4913,4913,2,0.8841938376426697,2,2,True
vit_b_16,vit_b_16_linear_head,d8_down,4921,4921,2,0.953177809715271,2,2,True
vit_b_16,vit_b_16_linear_head,d8_down,4953,4953,5,0.919885516166687,5,5,True
vit_b_16,vit_b_16_linear_head,d8_down,4966,4966,5,0.9503058195114136,5,5,True
vit_b_16,vit_b_16_linear_head,d8_down,4990,4990,8,0.9332588911056519,8,8,True
vit_b_16,vit_b_16_linear_head,d8_down,5000,5000,8,0.9614925384521484,8,8,True
vit_b_16,vit_b_16_linear_head,d8_down,5030,5030,2,0.9757329225540161,2,2,True
vit_b_16,vit_b_16_linear_head,d8_down,5062,5062,4,0.8962206244468689,4,4,True
vit_b_16,vit_b_16_linear_head,d8_down,5077,5077,4,0.973577618598938,4,4,True
vit_b_16,vit_b_16_linear_head,d8_down,5082,5082,6,0.9837713241577148,6,6,True
vit_b_16,vit_b_16_linear_head,d8_down,5092,5092,1,0.9491943120956421,1,1,True
vit_b_16,vit_b_16_linear_head,d8_down,5101,5101,5,0.959778904914856,2,2,True
vit_b_16,vit_b_16_linear_head,d8_down,5117,5117,0,0.9722694754600525,0,0,True
vit_b_16,vit_b_16_linear_head,d8_down,5123,5123,1,0.9685696959495544,1,1,True
vit_b_16,vit_b_16_linear_head,d8_down,5135,5135,4,0.9473139643669128,4,3,False
vit_b_16,vit_b_16_linear_head,d8_down,5183,5183,2,0.9682196378707886,2,2,True
vit_b_16,vit_b_16_linear_head,d8_down,5213,5213,4,0.9406148791313171,4,4,True
vit_b_16,vit_b_16_linear_head,d8_down,5218,5218,2,0.9703899621963501,2,2,True
vit_b_16,vit_b_16_linear_head,d8_down,5220,5220,1,0.9022585153579712,1,1,True
vit_b_16,vit_b_16_linear_head,d8_down,5237,5237,2,0.9335921406745911,2,2,True
vit_b_16,vit_b_16_linear_head,d8_down,5256,5256,1,0.9479953050613403,1,1,True
vit_b_16,vit_b_16_linear_head,d8_down,5284,5284,9,0.9422192573547363,9,9,True
vit_b_16,vit_b_16_linear_head,d8_down,5301,5301,9,0.8588484525680542,9,9,True
vit_b_16,vit_b_16_linear_head,d8_down,5318,5318,2,0.8988078832626343,2,2,True
vit_b_16,vit_b_16_linear_head,d8_down,5332,5332,5,0.9365118741989136,5,5,True
vit_b_16,vit_b_16_linear_head,d8_down,5333,5333,2,0.962580680847168,2,2,True
vit_b_16,vit_b_16_linear_head,d8_down,5360,5360,9,0.9107658267021179,9,9,True
vit_b_16,vit_b_16_linear_head,d8_down,5381,5381,5,0.9258778095245361,5,5,True
vit_b_16,vit_b_16_linear_head,d8_down,5382,5382,6,0.9615173935890198,6,6,True
vit_b_16,vit_b_16_linear_head,d8_down,5395,5395,2,0.9096187949180603,2,2,True
vit_b_16,vit_b_16_linear_head,d8_down,5402,5402,4,0.9435358643531799,4,4,True
vit_b_16,vit_b_16_linear_head,d8_down,5408,5408,6,0.9550480246543884,6,6,True
vit_b_16,vit_b_16_linear_head,d8_down,5436,5436,7,0.9891687631607056,7,7,True
vit_b_16,vit_b_16_linear_head,d8_down,5447,5447,9,0.9420468807220459,9,9,True
vit_b_16,vit_b_16_linear_head,d8_down,5450,5450,7,0.9833524823188782,7,7,True
vit_b_16,vit_b_16_linear_head,d8_down,5451,5451,8,0.9481950998306274,8,8,True
vit_b_16,vit_b_16_linear_head,d8_down,5452,5452,9,0.9528370499610901,9,9,True
vit_b_16,vit_b_16_linear_head,d8_down,5467,5467,4,0.9489308595657349,4,4,True
vit_b_16,vit_b_16_linear_head,d8_down,5478,5478,0,0.9551799297332764,0,0,True
vit_b_16,vit_b_16_linear_head,d8_down,5488,5488,1,0.9841160178184509,1,1,True
vit_b_16,vit_b_16_linear_head,d8_down,5496,5496,5,0.9640712141990662,5,5,True
vit_b_16,vit_b_16_linear_head,d8_down,5508,5508,9,0.9678537249565125,9,9,True
vit_b_16,vit_b_16_linear_head,d8_down,5512,5512,2,0.8706673979759216,9,9,True
vit_b_16,vit_b_16_linear_head,d8_down,5525,5525,8,0.964124858379364,8,8,True
vit_b_16,vit_b_16_linear_head,d8_down,5528,5528,3,0.9356224536895752,3,3,True
vit_b_16,vit_b_16_linear_head,d8_down,5556,5556,4,0.9464631676673889,4,4,True
vit_b_16,vit_b_16_linear_head,d8_down,5560,5560,1,0.9917589426040649,1,1,True
vit_b_16,vit_b_16_linear_head,d8_down,5572,5572,9,0.9418908953666687,9,9,True
vit_b_16,vit_b_16_linear_head,d8_down,5580,5580,6,0.9390879273414612,5,6,False
vit_b_16,vit_b_16_linear_head,d8_down,5590,5590,9,0.9655356407165527,9,9,True
vit_b_16,vit_b_16_linear_head,d8_down,5623,5623,4,0.9291110038757324,4,4,True
vit_b_16,vit_b_16_linear_head,d8_down,5677,5677,2,0.9622323513031006,2,2,True
vit_b_16,vit_b_16_linear_head,d8_down,5694,5694,8,0.9808804988861084,8,8,True
vit_b_16,vit_b_16_linear_head,d8_down,5701,5701,5,0.9703929424285889,5,5,True
vit_b_16,vit_b_16_linear_head,d8_down,5705,5705,8,0.8286105394363403,8,8,True
vit_b_16,vit_b_16_linear_head,d8_down,5719,5719,7,0.9887495040893555,7,7,True
vit_b_16,vit_b_16_linear_head,d8_down,5729,5729,6,0.9285041093826294,6,6,True
vit_b_16,vit_b_16_linear_head,d8_down,5756,5756,2,0.9553079605102539,2,2,True
vit_b_16,vit_b_16_linear_head,d8_down,5788,5788,9,0.9595937132835388,9,9,True
vit_b_16,vit_b_16_linear_head,d8_down,5789,5789,4,0.9282750487327576,4,4,True
vit_b_16,vit_b_16_linear_head,d8_down,5824,5824,2,0.9513370990753174,2,2,True
vit_b_16,vit_b_16_linear_head,d8_down,5848,5848,7,0.9881520867347717,7,7,True
vit_b_16,vit_b_16_linear_head,d8_down,5851,5851,9,0.9846513867378235,9,9,True
vit_b_16,vit_b_16_linear_head,d8_down,5857,5857,6,0.9456484913825989,4,4,True
vit_b_16,vit_b_16_linear_head,d8_down,5858,5858,6,0.9629616737365723,6,6,True
vit_b_16,vit_b_16_linear_head,d8_down,5912,5912,0,0.9507405757904053,0,0,True
vit_b_16,vit_b_16_linear_head,d8_down,5915,5915,9,0.9321764707565308,9,9,True
vit_b_16,vit_b_16_linear_head,d8_down,5918,5918,0,0.91624915599823,0,0,True
vit_b_16,vit_b_16_linear_head,d8_down,5924,5924,5,0.9694079756736755,5,5,True
vit_b_16,vit_b_16_linear_head,d8_down,5977,5977,7,0.981296718120575,7,7,True
vit_b_16,vit_b_16_linear_head,d8_down,5981,5981,9,0.953395664691925,9,9,True
vit_b_16,vit_b_16_linear_head,d8_down,5999,5999,0,0.9272658228874207,0,0,True
vit_b_16,vit_b_16_linear_head,d8_down,6028,6028,2,0.9443221092224121,2,2,True
vit_b_16,vit_b_16_linear_head,d8_down,6033,6033,4,0.8998091220855713,4,4,True
vit_b_16,vit_b_16_linear_head,d8_down,6076,6076,1,0.9748492240905762,1,1,True
vit_b_16,vit_b_16_linear_head,d8_down,6084,6084,7,0.9870492219924927,7,7,True
vit_b_16,vit_b_16_linear_head,d8_down,6097,6097,4,0.9382590055465698,4,4,True
vit_b_16,vit_b_16_linear_head,d8_down,6169,6169,1,0.9684392809867859,1,1,True
vit_b_16,vit_b_16_linear_head,d8_down,6190,6190,7,0.974348783493042,7,7,True
vit_b_16,vit_b_16_linear_head,d8_down,6224,6224,5,0.981033980846405,5,5,True
vit_b_16,vit_b_16_linear_head,d8_down,6244,6244,2,0.9354788661003113,2,2,True
vit_b_16,vit_b_16_linear_head,d8_down,6264,6264,2,0.9361564517021179,2,2,True
vit_b_16,vit_b_16_linear_head,d8_down,6271,6271,2,0.9787776470184326,2,2,True
vit_b_16,vit_b_16_linear_head,d8_down,6288,6288,4,0.9631443023681641,4,4,True
vit_b_16,vit_b_16_linear_head,d8_down,6332,6332,2,0.9373320937156677,2,2,True
vit_b_16,vit_b_16_linear_head,d8_down,6349,6349,1,0.9259985089302063,1,1,True
vit_b_16,vit_b_16_linear_head,d8_down,6354,6354,2,0.907572865486145,2,2,True
vit_b_16,vit_b_16_linear_head,d8_down,6358,6358,5,0.9430478811264038,5,5,True
vit_b_16,vit_b_16_linear_head,d8_down,6381,6381,6,0.9508558511734009,6,6,True
vit_b_16,vit_b_16_linear_head,d8_down,6414,6414,5,0.9327524304389954,5,5,True
vit_b_16,vit_b_16_linear_head,d8_down,6426,6426,2,0.9618797898292542,2,2,True
vit_b_16,vit_b_16_linear_head,d8_down,6434,6434,8,0.9345451593399048,8,8,True
vit_b_16,vit_b_16_linear_head,d8_down,6437,6437,0,0.9637623429298401,0,0,True
vit_b_16,vit_b_16_linear_head,d8_down,6455,6455,0,0.9363959431648254,0,0,True
vit_b_16,vit_b_16_linear_head,d8_down,6490,6490,3,0.9619409441947937,3,3,True
vit_b_16,vit_b_16_linear_head,d8_down,6503,6503,2,0.9465339183807373,2,2,True
vit_b_16,vit_b_16_linear_head,d8_down,6508,6508,4,0.9504725933074951,4,4,True
vit_b_16,vit_b_16_linear_head,d8_down,6528,6528,4,0.9491736888885498,4,4,True
vit_b_16,vit_b_16_linear_head,d8_down,6594,6594,1,0.9298824071884155,1,1,True
vit_b_16,vit_b_16_linear_head,d8_down,6609,6609,0,0.9461562633514404,0,0,True
vit_b_16,vit_b_16_linear_head,d8_down,6616,6616,2,0.9403636455535889,2,2,True
vit_b_16,vit_b_16_linear_head,d8_down,6650,6650,7,0.9232997894287109,7,7,True
vit_b_16,vit_b_16_linear_head,d8_down,6689,6689,8,0.9467647075653076,8,8,True
vit_b_16,vit_b_16_linear_head,d8_down,6692,6692,2,0.9546685814857483,2,2,True
vit_b_16,vit_b_16_linear_head,d8_down,6713,6713,6,0.9597365856170654,6,6,True
vit_b_16,vit_b_16_linear_head,d8_down,6716,6716,5,0.9332623481750488,6,5,False
vit_b_16,vit_b_16_linear_head,d8_down,6726,6726,7,0.9418331384658813,7,7,True
vit_b_16,vit_b_16_linear_head,d8_down,6733,6733,1,0.9837521910667419,1,1,True
vit_b_16,vit_b_16_linear_head,d8_down,6772,6772,7,0.9477167725563049,7,7,True
vit_b_16,vit_b_16_linear_head,d8_down,6805,6805,1,0.9737831354141235,1,5,False
vit_b_16,vit_b_16_linear_head,d8_down,6836,6836,1,0.9635820388793945,1,1,True
vit_b_16,vit_b_16_linear_head,d8_down,6844,6844,0,0.9624741077423096,0,0,True
vit_b_16,vit_b_16_linear_head,d8_down,6922,6922,5,0.9259494543075562,5,5,True
vit_b_16,vit_b_16_linear_head,d8_down,6931,6931,9,0.8432532548904419,9,9,True
vit_b_16,vit_b_16_linear_head,d8_down,6938,6938,1,0.9628596901893616,1,1,True
vit_b_16,vit_b_16_linear_head,d8_down,6952,6952,3,0.9350968599319458,3,3,True
vit_b_16,vit_b_16_linear_head,d8_down,6954,6954,1,0.7808762192726135,1,1,True
vit_b_16,vit_b_16_linear_head,d8_down,6986,6986,0,0.8846300840377808,0,0,True
vit_b_16,vit_b_16_linear_head,d8_down,6989,6989,5,0.9893943667411804,5,5,True
vit_b_16,vit_b_16_linear_head,d8_down,7009,7009,0,0.9610394835472107,0,0,True
vit_b_16,vit_b_16_linear_head,d8_down,7029,7029,1,0.9773889183998108,1,1,True
vit_b_16,vit_b_16_linear_head,d8_down,7033,7033,1,0.9330766797065735,1,1,True
vit_b_16,vit_b_16_linear_head,d8_down,7041,7041,5,0.9063320755958557,5,5,True
vit_b_16,vit_b_16_linear_head,d8_down,7047,7047,9,0.9740103483200073,9,9,True
vit_b_16,vit_b_16_linear_head,d8_down,7081,7081,7,0.9709504246711731,7,7,True
vit_b_16,vit_b_16_linear_head,d8_down,7084,7084,2,0.867232084274292,2,2,True
vit_b_16,vit_b_16_linear_head,d8_down,7108,7108,6,0.9437870383262634,6,6,True
vit_b_16,vit_b_16_linear_head,d8_down,7130,7130,5,0.9634632468223572,5,5,True
vit_b_16,vit_b_16_linear_head,d8_down,7138,7138,8,0.9381260871887207,8,8,True
vit_b_16,vit_b_16_linear_head,d8_down,7150,7150,0,0.9696553945541382,0,0,True
vit_b_16,vit_b_16_linear_head,d8_down,7202,7202,1,0.9661238789558411,1,1,True
vit_b_16,vit_b_16_linear_head,d8_down,7262,7262,0,0.9739158749580383,0,0,True
vit_b_16,vit_b_16_linear_head,d8_down,7266,7266,9,0.9191254377365112,9,9,True
vit_b_16,vit_b_16_linear_head,d8_down,7270,7270,7,0.9486033916473389,7,7,True
vit_b_16,vit_b_16_linear_head,d8_down,7309,7309,0,0.9305225014686584,0,0,True
vit_b_16,vit_b_16_linear_head,d8_down,7320,7320,0,0.93758225440979,0,0,True
vit_b_16,vit_b_16_linear_head,d8_down,7338,7338,6,0.9468882083892822,6,6,True
vit_b_16,vit_b_16_linear_head,d8_down,7372,7372,0,0.9782412648200989,0,0,True
vit_b_16,vit_b_16_linear_head,d8_down,7373,7373,0,0.9308356642723083,0,0,True
vit_b_16,vit_b_16_linear_head,d8_down,7380,7380,9,0.9628015756607056,9,9,True
vit_b_16,vit_b_16_linear_head,d8_down,7390,7390,1,0.9856569766998291,1,1,True
vit_b_16,vit_b_16_linear_head,d8_down,7413,7413,5,0.9741326570510864,5,5,True
vit_b_16,vit_b_16_linear_head,d8_down,7416,7416,3,0.9137461185455322,3,3,True
vit_b_16,vit_b_16_linear_head,d8_down,7425,7425,2,0.9474841952323914,2,2,True
vit_b_16,vit_b_16_linear_head,d8_down,7446,7446,8,0.9611659049987793,8,8,True
vit_b_16,vit_b_16_linear_head,d8_down,7460,7460,8,0.9464553594589233,8,8,True
vit_b_16,vit_b_16_linear_head,d8_down,7465,7465,0,0.9667641520500183,0,0,True
vit_b_16,vit_b_16_linear_head,d8_down,7474,7474,5,0.9707350134849548,5,5,True
vit_b_16,vit_b_16_linear_head,d8_down,7475,7475,4,0.9425420165061951,4,4,True
vit_b_16,vit_b_16_linear_head,d8_down,7476,7476,8,0.8816300630569458,0,8,False
vit_b_16,vit_b_16_linear_head,d8_down,7544,7544,9,0.9307979941368103,9,9,True
vit_b_16,vit_b_16_linear_head,d8_down,7555,7555,6,0.9556079506874084,6,6,True
vit_b_16,vit_b_16_linear_head,d8_down,7600,7600,6,0.947660505771637,6,6,True
vit_b_16,vit_b_16_linear_head,d8_down,7610,7610,4,0.9617998600006104,4,4,True
vit_b_16,vit_b_16_linear_head,d8_down,7634,7634,0,0.9437708854675293,0,0,True
vit_b_16,vit_b_16_linear_head,d8_down,7692,7692,4,0.9422212839126587,4,4,True
vit_b_16,vit_b_16_linear_head,d8_down,7706,7706,5,0.9478148221969604,5,5,True
vit_b_16,vit_b_16_linear_head,d8_down,7726,7726,6,0.8961498737335205,6,6,True
vit_b_16,vit_b_16_linear_head,d8_down,7744,7744,3,0.8917282223701477,3,3,True
vit_b_16,vit_b_16_linear_head,d8_down,7752,7752,9,0.9739941954612732,9,9,True
vit_b_16,vit_b_16_linear_head,d8_down,7776,7776,5,0.9761889576911926,5,5,True
vit_b_16,vit_b_16_linear_head,d8_down,7779,7779,6,0.9413317441940308,6,6,True
vit_b_16,vit_b_16_linear_head,d8_down,7781,7781,6,0.9389764666557312,6,6,True
vit_b_16,vit_b_16_linear_head,d8_down,7793,7793,3,0.9360609650611877,7,7,True
vit_b_16,vit_b_16_linear_head,d8_down,7797,7797,3,0.9310547113418579,3,3,True
vit_b_16,vit_b_16_linear_head,d8_down,7810,7810,8,0.935714840888977,8,8,True
vit_b_16,vit_b_16_linear_head,d8_down,7818,7818,8,0.9652472138404846,8,8,True
vit_b_16,vit_b_16_linear_head,d8_down,7835,7835,7,0.9712467789649963,7,7,True
vit_b_16,vit_b_16_linear_head,d8_down,7864,7864,4,0.9479912519454956,4,4,True
vit_b_16,vit_b_16_linear_head,d8_down,7875,7875,8,0.9632027745246887,8,8,True
vit_b_16,vit_b_16_linear_head,d8_down,7938,7938,9,0.9537067413330078,9,9,True
vit_b_16,vit_b_16_linear_head,d8_down,7940,7940,4,0.8999086618423462,4,4,True
vit_b_16,vit_b_16_linear_head,d8_down,7944,7944,4,0.9203439950942993,4,4,True
vit_b_16,vit_b_16_linear_head,d8_down,7955,7955,1,0.971558690071106,1,1,True
vit_b_16,vit_b_16_linear_head,d8_down,7995,7995,9,0.9244167804718018,9,9,True
vit_b_16,vit_b_16_linear_head,d8_down,7996,7996,6,0.954088568687439,6,6,True
vit_b_16,vit_b_16_linear_head,d8_down,7999,7999,8,0.9513759613037109,8,8,True
vit_b_16,vit_b_16_linear_head,d8_left,3,3,0,0.9835271239280701,0,0,True
vit_b_16,vit_b_16_linear_head,d8_left,29,29,7,0.9354338049888611,7,7,True
vit_b_16,vit_b_16_linear_head,d8_left,35,35,2,0.9649256467819214,2,2,True
vit_b_16,vit_b_16_linear_head,d8_left,42,42,0,0.9108977317810059,0,0,True
vit_b_16,vit_b_16_linear_head,d8_left,49,49,2,0.9610204100608826,2,2,True
vit_b_16,vit_b_16_linear_head,d8_left,81,81,0,0.9475798606872559,0,0,True
vit_b_16,vit_b_16_linear_head,d8_left,95,95,1,0.9797874689102173,1,1,True
vit_b_16,vit_b_16_linear_head,d8_left,97,97,5,0.960437536239624,5,5,True
vit_b_16,vit_b_16_linear_head,d8_left,116,116,1,0.9519203305244446,1,1,True
vit_b_16,vit_b_16_linear_head,d8_left,131,131,9,0.9466711282730103,9,9,True
vit_b_16,vit_b_16_linear_head,d8_left,151,151,8,0.9758743643760681,8,8,True
vit_b_16,vit_b_16_linear_head,d8_left,171,171,4,0.9709100723266602,4,4,True
vit_b_16,vit_b_16_linear_head,d8_left,176,176,3,0.9372541308403015,3,3,True
vit_b_16,vit_b_16_linear_head,d8_left,191,191,9,0.9232985377311707,9,9,True
vit_b_16,vit_b_16_linear_head,d8_left,194,194,8,0.950516939163208,8,8,True
vit_b_16,vit_b_16_linear_head,d8_left,198,198,1,0.9449822902679443,1,1,True
vit_b_16,vit_b_16_linear_head,d8_left,239,239,9,0.969779908657074,9,9,True
vit_b_16,vit_b_16_linear_head,d8_left,261,261,1,0.9920077919960022,5,5,True
vit_b_16,vit_b_16_linear_head,d8_left,269,269,7,0.96156907081604,7,7,True
vit_b_16,vit_b_16_linear_head,d8_left,276,276,9,0.8737851977348328,9,9,True
vit_b_16,vit_b_16_linear_head,d8_left,303,303,9,0.9761559963226318,9,9,True
vit_b_16,vit_b_16_linear_head,d8_left,304,304,1,0.9096535444259644,1,1,True
vit_b_16,vit_b_16_linear_head,d8_left,317,317,2,0.9346449375152588,2,2,True
vit_b_16,vit_b_16_linear_head,d8_left,319,319,5,0.9570124745368958,5,5,True
vit_b_16,vit_b_16_linear_head,d8_left,323,323,7,0.9561605453491211,7,7,True
vit_b_16,vit_b_16_linear_head,d8_left,365,365,3,0.9468675851821899,3,3,True
vit_b_16,vit_b_16_linear_head,d8_left,370,370,7,0.9807602763175964,7,7,True
vit_b_16,vit_b_16_linear_head,d8_left,372,372,3,0.9258240461349487,3,3,True
vit_b_16,vit_b_16_linear_head,d8_left,378,378,5,0.9659624695777893,5,5,True
vit_b_16,vit_b_16_linear_head,d8_left,391,391,3,0.9652340412139893,3,3,True
vit_b_16,vit_b_16_linear_head,d8_left,409,409,2,0.970241904258728,2,2,True
vit_b_16,vit_b_16_linear_head,d8_left,419,419,9,0.9092696905136108,9,9,True
vit_b_16,vit_b_16_linear_head,d8_left,449,449,6,0.948223352432251,6,6,True
vit_b_16,vit_b_16_linear_head,d8_left,470,470,2,0.9823445677757263,2,2,True
vit_b_16,vit_b_16_linear_head,d8_left,483,483,2,0.9420257210731506,2,2,True
vit_b_16,vit_b_16_linear_head,d8_left,484,484,0,0.9418402910232544,0,0,True
vit_b_16,vit_b_16_linear_head,d8_left,506,506,4,0.9244927167892456,4,4,True
vit_b_16,vit_b_16_linear_head,d8_left,545,545,6,0.9372880458831787,6,6,True
vit_b_16,vit_b_16_linear_head,d8_left,562,562,0,0.9565500020980835,0,0,True
vit_b_16,vit_b_16_linear_head,d8_left,568,568,5,0.8963985443115234,5,5,True
vit_b_16,vit_b_16_linear_head,d8_left,603,603,9,0.9297723770141602,9,9,True
vit_b_16,vit_b_16_linear_head,d8_left,632,632,3,0.9668670892715454,3,3,True
vit_b_16,vit_b_16_linear_head,d8_left,645,645,5,0.9379016160964966,5,5,True
vit_b_16,vit_b_16_linear_head,d8_left,667,667,8,0.9840219020843506,8,8,True
vit_b_16,vit_b_16_linear_head,d8_left,672,672,3,0.952472448348999,3,3,True
vit_b_16,vit_b_16_linear_head,d8_left,677,677,3,0.968563973903656,3,3,True
vit_b_16,vit_b_16_linear_head,d8_left,685,685,5,0.9570561647415161,5,5,True
vit_b_16,vit_b_16_linear_head,d8_left,691,691,4,0.949961245059967,4,4,True
vit_b_16,vit_b_16_linear_head,d8_left,706,706,8,0.9496512413024902,8,8,True
vit_b_16,vit_b_16_linear_head,d8_left,714,714,2,0.876813530921936,2,2,True
vit_b_16,vit_b_16_linear_head,d8_left,716,716,8,0.9819301962852478,8,8,True
vit_b_16,vit_b_16_linear_head,d8_left,738,738,3,0.9002770185470581,3,3,True
vit_b_16,vit_b_16_linear_head,d8_left,739,739,8,0.9670129418373108,8,8,True
vit_b_16,vit_b_16_linear_head,d8_left,766,766,4,0.9300329685211182,6,6,True
vit_b_16,vit_b_16_linear_head,d8_left,791,791,3,0.9737820625305176,3,3,True
vit_b_16,vit_b_16_linear_head,d8_left,805,805,9,0.9368507862091064,9,9,True
vit_b_16,vit_b_16_linear_head,d8_left,825,825,1,0.9813146591186523,1,1,True
vit_b_16,vit_b_16_linear_head,d8_left,852,852,9,0.95773845911026,9,9,True
vit_b_16,vit_b_16_linear_head,d8_left,855,855,4,0.9300045371055603,4,4,True
vit_b_16,vit_b_16_linear_head,d8_left,873,873,6,0.8602619171142578,6,6,True
vit_b_16,vit_b_16_linear_head,d8_left,890,890,6,0.9457008838653564,6,6,True
vit_b_16,vit_b_16_linear_head,d8_left,920,920,6,0.9540550112724304,6,6,True
vit_b_16,vit_b_16_linear_head,d8_left,929,929,6,0.9375340938568115,6,6,True
vit_b_16,vit_b_16_linear_head,d8_left,962,962,8,0.9696491956710815,8,8,True
vit_b_16,vit_b_16_linear_head,d8_left,964,964,6,0.9365500807762146,6,6,True
vit_b_16,vit_b_16_linear_head,d8_left,977,977,6,0.9619780778884888,6,6,True
vit_b_16,vit_b_16_linear_head,d8_left,979,979,3,0.9386298060417175,3,3,True
vit_b_16,vit_b_16_linear_head,d8_left,981,981,2,0.9490322470664978,2,2,True
vit_b_16,vit_b_16_linear_head,d8_left,1022,1022,9,0.9277613162994385,9,9,True
vit_b_16,vit_b_16_linear_head,d8_left,1032,1032,7,0.9746465682983398,7,7,True
vit_b_16,vit_b_16_linear_head,d8_left,1048,1048,7,0.959340512752533,7,7,True
vit_b_16,vit_b_16_linear_head,d8_left,1090,1090,1,0.9671286940574646,1,1,True
vit_b_16,vit_b_16_linear_head,d8_left,1095,1095,5,0.959115207195282,5,5,True
vit_b_16,vit_b_16_linear_head,d8_left,1109,1109,1,0.907267689704895,1,1,True
vit_b_16,vit_b_16_linear_head,d8_left,1111,1111,4,0.971031904220581,4,4,True
vit_b_16,vit_b_16_linear_head,d8_left,1115,1115,1,0.9209357500076294,1,1,True
vit_b_16,vit_b_16_linear_head,d8_left,1124,1124,4,0.9404680728912354,4,4,True
vit_b_16,vit_b_16_linear_head,d8_left,1129,1129,8,0.967496931552887,8,8,True
vit_b_16,vit_b_16_linear_head,d8_left,1175,1175,0,0.9027061462402344,0,0,True
vit_b_16,vit_b_16_linear_head,d8_left,1202,1202,2,0.9714254140853882,2,2,True
vit_b_16,vit_b_16_linear_head,d8_left,1204,1204,3,0.9376497864723206,3,3,True
vit_b_16,vit_b_16_linear_head,d8_left,1211,1211,4,0.931855320930481,4,4,True
vit_b_16,vit_b_16_linear_head,d8_left,1220,1220,7,0.9891726970672607,7,7,True
vit_b_16,vit_b_16_linear_head,d8_left,1230,1230,1,0.9741091728210449,1,1,True
vit_b_16,vit_b_16_linear_head,d8_left,1247,1247,8,0.9792153835296631,8,8,True
vit_b_16,vit_b_16_linear_head,d8_left,1263,1263,3,0.9464640021324158,3,3,True
vit_b_16,vit_b_16_linear_head,d8_left,1266,1266,4,0.9245927333831787,4,4,True
vit_b_16,vit_b_16_linear_head,d8_left,1287,1287,7,0.9872485399246216,7,7,True
vit_b_16,vit_b_16_linear_head,d8_left,1296,1296,7,0.9104581475257874,7,7,True
vit_b_16,vit_b_16_linear_head,d8_left,1370,1370,3,0.9714299440383911,3,3,True
vit_b_16,vit_b_16_linear_head,d8_left,1389,1389,0,0.9642155170440674,0,0,True
vit_b_16,vit_b_16_linear_head,d8_left,1401,1401,3,0.9180397391319275,3,3,True
vit_b_16,vit_b_16_linear_head,d8_left,1403,1403,2,0.9602137804031372,2,2,True
vit_b_16,vit_b_16_linear_head,d8_left,1411,1411,9,0.9861805438995361,9,9,True
vit_b_16,vit_b_16_linear_head,d8_left,1429,1429,4,0.9130042791366577,4,4,True
vit_b_16,vit_b_16_linear_head,d8_left,1430,1430,9,0.9672642946243286,9,9,True
vit_b_16,vit_b_16_linear_head,d8_left,1431,1431,3,0.8276118040084839,3,3,True
vit_b_16,vit_b_16_linear_head,d8_left,1436,1436,1,0.9782443046569824,1,1,True
vit_b_16,vit_b_16_linear_head,d8_left,1440,1440,7,0.9736553430557251,7,7,True
vit_b_16,vit_b_16_linear_head,d8_left,1468,1468,9,0.9778537154197693,9,9,True
vit_b_16,vit_b_16_linear_head,d8_left,1473,1473,7,0.9840072989463806,7,7,True
vit_b_16,vit_b_16_linear_head,d8_left,1515,1515,9,0.9620323777198792,9,9,True
vit_b_16,vit_b_16_linear_head,d8_left,1520,1520,2,0.9646380543708801,2,2,True
vit_b_16,vit_b_16_linear_head,d8_left,1531,1531,3,0.8798419833183289,3,3,True
vit_b_16,vit_b_16_linear_head,d8_left,1534,1534,6,0.8544930815696716,6,6,True
vit_b_16,vit_b_16_linear_head,d8_left,1552,1552,5,0.9745302796363831,5,5,True
vit_b_16,vit_b_16_linear_head,d8_left,1553,1553,0,0.9598324298858643,0,0,True
vit_b_16,vit_b_16_linear_head,d8_left,1563,1563,3,0.9197713732719421,3,3,True
vit_b_16,vit_b_16_linear_head,d8_left,1568,1568,1,0.9217698574066162,1,1,True
vit_b_16,vit_b_16_linear_head,d8_left,1579,1579,7,0.9833893775939941,7,7,True
vit_b_16,vit_b_16_linear_head,d8_left,1586,1586,2,0.9528694748878479,2,2,True
vit_b_16,vit_b_16_linear_head,d8_left,1596,1596,0,0.968838095664978,0,0,True
vit_b_16,vit_b_16_linear_head,d8_left,1626,1626,5,0.9225205779075623,5,5,True
vit_b_16,vit_b_16_linear_head,d8_left,1640,1640,8,0.9463297724723816,8,8,True
vit_b_16,vit_b_16_linear_head,d8_left,1644,1644,5,0.9678611755371094,5,5,True
vit_b_16,vit_b_16_linear_head,d8_left,1648,1648,0,0.9509438276290894,0,0,True
vit_b_16,vit_b_16_linear_head,d8_left,1654,1654,9,0.9743356108665466,9,9,True
vit_b_16,vit_b_16_linear_head,d8_left,1667,1667,6,0.9481974840164185,6,6,True
vit_b_16,vit_b_16_linear_head,d8_left,1703,1703,7,0.9439343810081482,7,7,True
vit_b_16,vit_b_16_linear_head,d8_left,1711,1711,7,0.9669793844223022,7,7,True
vit_b_16,vit_b_16_linear_head,d8_left,1771,1771,7,0.9156758189201355,7,4,False
vit_b_16,vit_b_16_linear_head,d8_left,1783,1783,8,0.9713225960731506,8,8,True
vit_b_16,vit_b_16_linear_head,d8_left,1814,1814,2,0.9704766273498535,2,2,True
vit_b_16,vit_b_16_linear_head,d8_left,1833,1833,8,0.957417905330658,8,8,True
vit_b_16,vit_b_16_linear_head,d8_left,1836,1836,9,0.9721434712409973,9,9,True
vit_b_16,vit_b_16_linear_head,d8_left,1839,1839,2,0.9604171514511108,2,2,True
vit_b_16,vit_b_16_linear_head,d8_left,1852,1852,1,0.9705817699432373,1,1,True
vit_b_16,vit_b_16_linear_head,d8_left,1871,1871,1,0.9825230240821838,1,1,True
vit_b_16,vit_b_16_linear_head,d8_left,1877,1877,5,0.9606095552444458,5,5,True
vit_b_16,vit_b_16_linear_head,d8_left,1884,1884,7,0.9384081363677979,7,7,True
vit_b_16,vit_b_16_linear_head,d8_left,1927,1927,7,0.9651427865028381,7,7,True
vit_b_16,vit_b_16_linear_head,d8_left,1954,1954,8,0.9644735455513,8,8,True
vit_b_16,vit_b_16_linear_head,d8_left,1956,1956,7,0.8641064167022705,7,7,True
vit_b_16,vit_b_16_linear_head,d8_left,1960,1960,4,0.9103160500526428,5,4,False
vit_b_16,vit_b_16_linear_head,d8_left,1977,1977,0,0.9724072813987732,0,0,True
vit_b_16,vit_b_16_linear_head,d8_left,1986,1986,1,0.9902338981628418,1,1,True
vit_b_16,vit_b_16_linear_head,d8_left,1993,1993,1,0.9807726144790649,1,1,True
vit_b_16,vit_b_16_linear_head,d8_left,2003,2003,6,0.9772153496742249,6,6,True
vit_b_16,vit_b_16_linear_head,d8_left,2011,2011,9,0.9813498258590698,9,9,True
vit_b_16,vit_b_16_linear_head,d8_left,2024,2024,0,0.9677624106407166,0,0,True
vit_b_16,vit_b_16_linear_head,d8_left,2028,2028,3,0.9392308592796326,3,3,True
vit_b_16,vit_b_16_linear_head,d8_left,2062,2062,9,0.9736610651016235,9,9,True
vit_b_16,vit_b_16_linear_head,d8_left,2070,2070,1,0.8832386136054993,1,1,True
vit_b_16,vit_b_16_linear_head,d8_left,2082,2082,2,0.9408470392227173,2,2,True
vit_b_16,vit_b_16_linear_head,d8_left,2095,2095,1,0.9589900970458984,1,1,True
vit_b_16,vit_b_16_linear_head,d8_left,2109,2109,8,0.9671109914779663,8,8,True
vit_b_16,vit_b_16_linear_head,d8_left,2114,2114,9,0.9793456196784973,9,9,True
vit_b_16,vit_b_16_linear_head,d8_left,2116,2116,1,0.9405546188354492,3,3,True
vit_b_16,vit_b_16_linear_head,d8_left,2157,2157,1,0.9089539647102356,1,1,True
vit_b_16,vit_b_16_linear_head,d8_left,2167,2167,9,0.9579769372940063,9,9,True
vit_b_16,vit_b_16_linear_head,d8_left,2178,2178,1,0.9244901537895203,1,1,True
vit_b_16,vit_b_16_linear_head,d8_left,2191,2191,8,0.9612646102905273,8,8,True
vit_b_16,vit_b_16_linear_head,d8_left,2230,2230,8,0.9640837907791138,8,8,True
vit_b_16,vit_b_16_linear_head,d8_left,2242,2242,0,0.974338173866272,0,0,True
vit_b_16,vit_b_16_linear_head,d8_left,2265,2265,5,0.9423257112503052,5,5,True
vit_b_16,vit_b_16_linear_head,d8_left,2268,2268,5,0.946630597114563,5,5,True
vit_b_16,vit_b_16_linear_head,d8_left,2291,2291,3,0.9439661502838135,3,3,True
vit_b_16,vit_b_16_linear_head,d8_left,2334,2334,5,0.9662259221076965,5,5,True
vit_b_16,vit_b_16_linear_head,d8_left,2340,2340,8,0.9703792333602905,8,8,True
vit_b_16,vit_b_16_linear_head,d8_left,2342,2342,8,0.9783362150192261,8,8,True
vit_b_16,vit_b_16_linear_head,d8_left,2351,2351,9,0.9647254347801208,9,9,True
vit_b_16,vit_b_16_linear_head,d8_left,2391,2391,5,0.8776003122329712,5,5,True
vit_b_16,vit_b_16_linear_head,d8_left,2392,2392,2,0.9645499587059021,2,2,True
vit_b_16,vit_b_16_linear_head,d8_left,2399,2399,4,0.9506266117095947,4,4,True
vit_b_16,vit_b_16_linear_head,d8_left,2414,2414,9,0.9642891883850098,9,9,True
vit_b_16,vit_b_16_linear_head,d8_left,2427,2427,5,0.9749670028686523,5,5,True
vit_b_16,vit_b_16_linear_head,d8_left,2458,2458,5,0.8857516646385193,5,5,True
vit_b_16,vit_b_16_linear_head,d8_left,2501,2501,7,0.9590610861778259,7,7,True
vit_b_16,vit_b_16_linear_head,d8_left,2502,2502,2,0.9770038723945618,2,2,True
vit_b_16,vit_b_16_linear_head,d8_left,2536,2536,3,0.9813975095748901,3,3,True
vit_b_16,vit_b_16_linear_head,d8_left,2539,2539,3,0.9183340072631836,3,3,True
vit_b_16,vit_b_16_linear_head,d8_left,2610,2610,6,0.9037356376647949,6,6,True
vit_b_16,vit_b_16_linear_head,d8_left,2623,2623,5,0.8577825427055359,5,5,True
vit_b_16,vit_b_16_linear_head,d8_left,2655,2655,9,0.9708628058433533,9,9,True
vit_b_16,vit_b_16_linear_head,d8_left,2668,2668,7,0.9843559265136719,7,7,True
vit_b_16,vit_b_16_linear_head,d8_left,2676,2676,6,0.8222024440765381,6,6,True
vit_b_16,vit_b_16_linear_head,d8_left,2687,2687,1,0.9357794523239136,1,1,True
vit_b_16,vit_b_16_linear_head,d8_left,2690,2690,1,0.9409738183021545,1,1,True
vit_b_16,vit_b_16_linear_head,d8_left,2704,2704,4,0.9572213888168335,4,4,True
vit_b_16,vit_b_16_linear_head,d8_left,2745,2745,8,0.9703821539878845,8,8,True
vit_b_16,vit_b_16_linear_head,d8_left,2746,2746,7,0.9514086842536926,7,7,True
vit_b_16,vit_b_16_linear_head,d8_left,2750,2750,0,0.9584085941314697,0,0,True
vit_b_16,vit_b_16_linear_head,d8_left,2754,2754,3,0.9742299318313599,3,3,True
vit_b_16,vit_b_16_linear_head,d8_left,2757,2757,4,0.9417941570281982,4,4,True
vit_b_16,vit_b_16_linear_head,d8_left,2766,2766,5,0.9124742746353149,5,5,True
vit_b_16,vit_b_16_linear_head,d8_left,2807,2807,5,0.8926976323127747,5,5,True
vit_b_16,vit_b_16_linear_head,d8_left,2844,2844,8,0.9422008991241455,8,8,True
vit_b_16,vit_b_16_linear_head,d8_left,2854,2854,7,0.9831485748291016,7,7,True
vit_b_16,vit_b_16_linear_head,d8_left,2861,2861,3,0.9264233708381653,3,3,True
vit_b_16,vit_b_16_linear_head,d8_left,2888,2888,0,0.9833544492721558,0,0,True
vit_b_16,vit_b_16_linear_head,d8_left,2898,2898,4,0.9639888405799866,4,4,True
vit_b_16,vit_b_16_linear_head,d8_left,2950,2950,5,0.9371902942657471,5,5,True
vit_b_16,vit_b_16_linear_head,d8_left,2958,2958,6,0.9879682064056396,6,6,True
vit_b_16,vit_b_16_linear_head,d8_left,3015,3015,8,0.9706768989562988,8,8,True
vit_b_16,vit_b_16_linear_head,d8_left,3024,3024,2,0.9358789324760437,2,2,True
vit_b_16,vit_b_16_linear_head,d8_left,3025,3025,0,0.9581483006477356,0,0,True
vit_b_16,vit_b_16_linear_head,d8_left,3034,3034,4,0.9617319107055664,4,4,True
vit_b_16,vit_b_16_linear_head,d8_left,3067,3067,2,0.9796438217163086,2,2,True
vit_b_16,vit_b_16_linear_head,d8_left,3078,3078,4,0.9771138429641724,4,4,True
vit_b_16,vit_b_16_linear_head,d8_left,3079,3079,1,0.9853069186210632,1,1,True
vit_b_16,vit_b_16_linear_head,d8_left,3083,3083,0,0.9562841057777405,0,0,True
vit_b_16,vit_b_16_linear_head,d8_left,3122,3122,4,0.9416967630386353,4,4,True
vit_b_16,vit_b_16_linear_head,d8_left,3153,3153,7,0.9798840880393982,7,7,True
vit_b_16,vit_b_16_linear_head,d8_left,3157,3157,8,0.9581944942474365,8,8,True
vit_b_16,vit_b_16_linear_head,d8_left,3163,3163,2,0.9729059934616089,2,2,True
vit_b_16,vit_b_16_linear_head,d8_left,3179,3179,4,0.9317081570625305,4,4,True
vit_b_16,vit_b_16_linear_head,d8_left,3191,3191,6,0.9316168427467346,6,6,True
vit_b_16,vit_b_16_linear_head,d8_left,3276,3276,3,0.9279420375823975,3,3,True
vit_b_16,vit_b_16_linear_head,d8_left,3287,3287,4,0.9753674268722534,4,4,True
vit_b_16,vit_b_16_linear_head,d8_left,3288,3288,7,0.9895514845848083,7,7,True
vit_b_16,vit_b_16_linear_head,d8_left,3292,3292,6,0.9694969654083252,6,6,True
vit_b_16,vit_b_16_linear_head,d8_left,3318,3318,9,0.9637302160263062,9,9,True
vit_b_16,vit_b_16_linear_head,d8_left,3347,3347,0,0.9267893433570862,0,0,True
vit_b_16,vit_b_16_linear_head,d8_left,3353,3353,5,0.9436321258544922,5,5,True
vit_b_16,vit_b_16_linear_head,d8_left,3362,3362,2,0.9830256700515747,2,2,True
vit_b_16,vit_b_16_linear_head,d8_left,3365,3365,4,0.9589510560035706,4,4,True
vit_b_16,vit_b_16_linear_head,d8_left,3375,3375,3,0.9785212278366089,3,3,True
vit_b_16,vit_b_16_linear_head,d8_left,3383,3383,3,0.9682310223579407,3,3,True
vit_b_16,vit_b_16_linear_head,d8_left,3404,3404,7,0.9861561059951782,7,7,True
vit_b_16,vit_b_16_linear_head,d8_left,3412,3412,8,0.967068076133728,8,8,True
vit_b_16,vit_b_16_linear_head,d8_left,3413,3413,1,0.980806291103363,1,1,True
vit_b_16,vit_b_16_linear_head,d8_left,3418,3418,6,0.9836560487747192,6,6,True
vit_b_16,vit_b_16_linear_head,d8_left,3437,3437,0,0.9537252187728882,0,0,True
vit_b_16,vit_b_16_linear_head,d8_left,3446,3446,7,0.8812221884727478,7,7,True
vit_b_16,vit_b_16_linear_head,d8_left,3454,3454,2,0.9701942801475525,2,2,True
vit_b_16,vit_b_16_linear_head,d8_left,3455,3455,0,0.9768296480178833,0,0,True
vit_b_16,vit_b_16_linear_head,d8_left,3458,3458,4,0.9489638209342957,4,4,True
vit_b_16,vit_b_16_linear_head,d8_left,3467,3467,7,0.953350841999054,7,7,True
vit_b_16,vit_b_16_linear_head,d8_left,3491,3491,1,0.9594312310218811,1,1,True
vit_b_16,vit_b_16_linear_head,d8_left,3494,3494,6,0.9566208720207214,6,6,True
vit_b_16,vit_b_16_linear_head,d8_left,3512,3512,4,0.9440073370933533,4,4,True
vit_b_16,vit_b_16_linear_head,d8_left,3515,3515,6,0.9435394406318665,4,4,True
vit_b_16,vit_b_16_linear_head,d8_left,3542,3542,7,0.9832642674446106,7,7,True
vit_b_16,vit_b_16_linear_head,d8_left,3550,3550,1,0.964489221572876,1,1,True
vit_b_16,vit_b_16_linear_head,d8_left,3562,3562,3,0.9727292060852051,3,3,True
vit_b_16,vit_b_16_linear_head,d8_left,3755,3755,2,0.9668853878974915,2,2,True
vit_b_16,vit_b_16_linear_head,d8_left,3763,3763,4,0.9443594217300415,4,4,True
vit_b_16,vit_b_16_linear_head,d8_left,3777,3777,6,0.9626833200454712,6,6,True
vit_b_16,vit_b_16_linear_head,d8_left,3778,3778,3,0.9516027569770813,3,3,True
vit_b_16,vit_b_16_linear_head,d8_left,3779,3779,6,0.8698515295982361,6,6,True
vit_b_16,vit_b_16_linear_head,d8_left,3844,3844,6,0.9649056792259216,6,6,True
vit_b_16,vit_b_16_linear_head,d8_left,3851,3851,3,0.9289189577102661,3,3,True
vit_b_16,vit_b_16_linear_head,d8_left,3852,3852,5,0.9785668253898621,5,5,True
vit_b_16,vit_b_16_linear_head,d8_left,3863,3863,5,0.9848471283912659,5,5,True
vit_b_16,vit_b_16_linear_head,d8_left,3867,3867,7,0.9693657159805298,7,7,True
vit_b_16,vit_b_16_linear_head,d8_left,3876,3876,0,0.9509942531585693,0,0,True
vit_b_16,vit_b_16_linear_head,d8_left,3889,3889,5,0.9131540060043335,5,5,True
vit_b_16,vit_b_16_linear_head,d8_left,3891,3891,4,0.9453746676445007,4,4,True
vit_b_16,vit_b_16_linear_head,d8_left,3893,3893,9,0.9558373093605042,9,9,True
vit_b_16,vit_b_16_linear_head,d8_left,3905,3905,8,0.9809384346008301,8,8,True
vit_b_16,vit_b_16_linear_head,d8_left,3914,3914,3,0.9702368974685669,3,3,True
vit_b_16,vit_b_16_linear_head,d8_left,3937,3937,1,0.9701734781265259,1,1,True
vit_b_16,vit_b_16_linear_head,d8_left,3942,3942,9,0.9709423780441284,9,9,True
vit_b_16,vit_b_16_linear_head,d8_left,3948,3948,8,0.9576091170310974,8,8,True
vit_b_16,vit_b_16_linear_head,d8_left,3962,3962,6,0.9653600454330444,6,6,True
vit_b_16,vit_b_16_linear_head,d8_left,3965,3965,0,0.9801684021949768,0,0,True
vit_b_16,vit_b_16_linear_head,d8_left,3994,3994,4,0.9361739158630371,4,4,True
vit_b_16,vit_b_16_linear_head,d8_left,3996,3996,9,0.9655414819717407,9,9,True
vit_b_16,vit_b_16_linear_head,d8_left,4011,4011,6,0.9614289402961731,6,6,True
vit_b_16,vit_b_16_linear_head,d8_left,4023,4023,3,0.9730017185211182,3,3,True
vit_b_16,vit_b_16_linear_head,d8_left,4054,4054,4,0.9479860663414001,4,4,True
vit_b_16,vit_b_16_linear_head,d8_left,4065,4065,2,0.9120676517486572,2,2,True
vit_b_16,vit_b_16_linear_head,d8_left,4069,4069,8,0.9144946932792664,8,6,False
vit_b_16,vit_b_16_linear_head,d8_left,4093,4093,6,0.9161849617958069,6,6,True
vit_b_16,vit_b_16_linear_head,d8_left,4094,4094,9,0.961316704750061,9,9,True
vit_b_16,vit_b_16_linear_head,d8_left,4106,4106,5,0.939044713973999,5,5,True
vit_b_16,vit_b_16_linear_head,d8_left,4130,4130,0,0.9609571695327759,0,0,True
vit_b_16,vit_b_16_linear_head,d8_left,4168,4168,3,0.927614152431488,3,3,True
vit_b_16,vit_b_16_linear_head,d8_left,4170,4170,8,0.9504777193069458,8,8,True
vit_b_16,vit_b_16_linear_head,d8_left,4172,4172,7,0.985628604888916,7,7,True
vit_b_16,vit_b_16_linear_head,d8_left,4177,4177,8,0.8850608468055725,8,8,True
vit_b_16,vit_b_16_linear_head,d8_left,4215,4215,3,0.9289795160293579,3,3,True
vit_b_16,vit_b_16_linear_head,d8_left,4229,4229,3,0.9630515575408936,3,3,True
vit_b_16,vit_b_16_linear_head,d8_left,4236,4236,7,0.9745549559593201,7,7,True
vit_b_16,vit_b_16_linear_head,d8_left,4242,4242,8,0.9781002402305603,8,8,True
vit_b_16,vit_b_16_linear_head,d8_left,4254,4254,6,0.9592922925949097,6,6,True
vit_b_16,vit_b_16_linear_head,d8_left,4290,4290,5,0.8835693001747131,1,1,True
vit_b_16,vit_b_16_linear_head,d8_left,4298,4298,1,0.9887948036193848,1,1,True
vit_b_16,vit_b_16_linear_head,d8_left,4308,4308,7,0.9221785068511963,7,7,True
vit_b_16,vit_b_16_linear_head,d8_left,4311,4311,8,0.9612551927566528,8,8,True
vit_b_16,vit_b_16_linear_head,d8_left,4323,4323,3,0.8988511562347412,3,3,True
vit_b_16,vit_b_16_linear_head,d8_left,4330,4330,3,0.9120043516159058,3,3,True
vit_b_16,vit_b_16_linear_head,d8_left,4341,4341,6,0.9628342986106873,6,6,True
vit_b_16,vit_b_16_linear_head,d8_left,4355,4355,8,0.9003194570541382,0,0,True
vit_b_16,vit_b_16_linear_head,d8_left,4399,4399,0,0.8702826499938965,0,0,True
vit_b_16,vit_b_16_linear_head,d8_left,4403,4403,7,0.9712521433830261,7,7,True
vit_b_16,vit_b_16_linear_head,d8_left,4411,4411,6,0.9288535118103027,6,6,True
vit_b_16,vit_b_16_linear_head,d8_left,4449,4449,9,0.9526786804199219,9,9,True
vit_b_16,vit_b_16_linear_head,d8_left,4463,4463,3,0.7622385025024414,3,3,True
vit_b_16,vit_b_16_linear_head,d8_left,4531,4531,3,0.9165669679641724,3,3,True
vit_b_16,vit_b_16_linear_head,d8_left,4539,4539,0,0.9702916145324707,0,0,True
vit_b_16,vit_b_16_linear_head,d8_left,4547,4547,5,0.9662562608718872,5,5,True
vit_b_16,vit_b_16_linear_head,d8_left,4552,4552,8,0.9561357498168945,8,8,True
vit_b_16,vit_b_16_linear_head,d8_left,4570,4570,5,0.9574733972549438,5,5,True
vit_b_16,vit_b_16_linear_head,d8_left,4590,4590,3,0.9383618235588074,3,3,True
vit_b_16,vit_b_16_linear_head,d8_left,4609,4609,3,0.7679792642593384,3,3,True
vit_b_16,vit_b_16_linear_head,d8_left,4615,4615,0,0.9756614565849304,0,0,True
vit_b_16,vit_b_16_linear_head,d8_left,4617,4617,0,0.9701229333877563,0,0,True
vit_b_16,vit_b_16_linear_head,d8_left,4620,4620,6,0.9511505365371704,6,6,True
vit_b_16,vit_b_16_linear_head,d8_left,4629,4629,4,0.9487619400024414,4,4,True
vit_b_16,vit_b_16_linear_head,d8_left,4640,4640,1,0.9114705324172974,1,1,True
vit_b_16,vit_b_16_linear_head,d8_left,4642,4642,4,0.9191524386405945,4,4,True
vit_b_16,vit_b_16_linear_head,d8_left,4661,4661,7,0.9720738530158997,7,7,True
vit_b_16,vit_b_16_linear_head,d8_left,4662,4662,8,0.9796701669692993,8,8,True
vit_b_16,vit_b_16_linear_head,d8_left,4675,4675,0,0.9581709504127502,0,0,True
vit_b_16,vit_b_16_linear_head,d8_left,4676,4676,8,0.9335180521011353,8,8,True
vit_b_16,vit_b_16_linear_head,d8_left,4704,4704,7,0.9500400424003601,7,7,True
vit_b_16,vit_b_16_linear_head,d8_left,4723,4723,9,0.9246755242347717,9,9,True
vit_b_16,vit_b_16_linear_head,d8_left,4731,4731,6,0.9615792036056519,6,6,True
vit_b_16,vit_b_16_linear_head,d8_left,4735,4735,2,0.9670946598052979,2,2,True
vit_b_16,vit_b_16_linear_head,d8_left,4740,4740,4,0.925832986831665,4,4,True
vit_b_16,vit_b_16_linear_head,d8_left,4746,4746,6,0.9462267756462097,6,6,True
vit_b_16,vit_b_16_linear_head,d8_left,4748,4748,7,0.9842453002929688,7,7,True
vit_b_16,vit_b_16_linear_head,d8_left,4754,4754,6,0.952033281326294,6,6,True
vit_b_16,vit_b_16_linear_head,d8_left,4785,4785,0,0.9897114634513855,0,0,True
vit_b_16,vit_b_16_linear_head,d8_left,4791,4791,7,0.9828558564186096,7,7,True
vit_b_16,vit_b_16_linear_head,d8_left,4819,4819,0,0.9678100347518921,0,0,True
vit_b_16,vit_b_16_linear_head,d8_left,4821,4821,3,0.9473386406898499,3,3,True
vit_b_16,vit_b_16_linear_head,d8_left,4827,4827,6,0.9480769634246826,6,6,True
vit_b_16,vit_b_16_linear_head,d8_left,4850,4850,5,0.929685115814209,5,5,True
vit_b_16,vit_b_16_linear_head,d8_left,4881,4881,3,0.9010189771652222,3,3,True
vit_b_16,vit_b_16_linear_head,d8_left,4893,4893,0,0.9463590383529663,0,0,True
vit_b_16,vit_b_16_linear_head,d8_left,4908,4908,3,0.9663255214691162,3,3,True
vit_b_16,vit_b_16_linear_head,d8_left,4913,4913,2,0.9612990617752075,2,2,True
vit_b_16,vit_b_16_linear_head,d8_left,4921,4921,2,0.9453485608100891,2,2,True
vit_b_16,vit_b_16_linear_head,d8_left,4953,4953,5,0.9246951341629028,5,5,True
vit_b_16,vit_b_16_linear_head,d8_left,4966,4966,5,0.9418880939483643,5,5,True
vit_b_16,vit_b_16_linear_head,d8_left,4990,4990,8,0.9447029829025269,8,8,True
vit_b_16,vit_b_16_linear_head,d8_left,5000,5000,8,0.9761813879013062,8,8,True
vit_b_16,vit_b_16_linear_head,d8_left,5030,5030,2,0.9764968752861023,2,2,True
vit_b_16,vit_b_16_linear_head,d8_left,5062,5062,4,0.9131900072097778,4,4,True
vit_b_16,vit_b_16_linear_head,d8_left,5077,5077,4,0.9796143174171448,4,4,True
vit_b_16,vit_b_16_linear_head,d8_left,5082,5082,6,0.988122820854187,6,6,True
vit_b_16,vit_b_16_linear_head,d8_left,5092,5092,1,0.9519072771072388,1,1,True
vit_b_16,vit_b_16_linear_head,d8_left,5101,5101,5,0.9686703681945801,2,2,True
vit_b_16,vit_b_16_linear_head,d8_left,5117,5117,0,0.9636721014976501,0,0,True
vit_b_16,vit_b_16_linear_head,d8_left,5123,5123,1,0.9629042744636536,1,1,True
vit_b_16,vit_b_16_linear_head,d8_left,5135,5135,4,0.9078600406646729,4,4,True
vit_b_16,vit_b_16_linear_head,d8_left,5183,5183,2,0.976751446723938,2,2,True
vit_b_16,vit_b_16_linear_head,d8_left,5213,5213,4,0.9554484486579895,4,4,True
vit_b_16,vit_b_16_linear_head,d8_left,5218,5218,2,0.9785008430480957,2,2,True
vit_b_16,vit_b_16_linear_head,d8_left,5220,5220,1,0.7917299866676331,1,3,False
vit_b_16,vit_b_16_linear_head,d8_left,5237,5237,2,0.9458048343658447,2,2,True
vit_b_16,vit_b_16_linear_head,d8_left,5256,5256,1,0.8767107129096985,1,1,True
vit_b_16,vit_b_16_linear_head,d8_left,5284,5284,9,0.9357813596725464,9,9,True
vit_b_16,vit_b_16_linear_head,d8_left,5301,5301,9,0.9502229690551758,9,9,True
vit_b_16,vit_b_16_linear_head,d8_left,5318,5318,2,0.9493848085403442,2,2,True
vit_b_16,vit_b_16_linear_head,d8_left,5332,5332,5,0.8982288837432861,5,5,True
vit_b_16,vit_b_16_linear_head,d8_left,5333,5333,2,0.9518033266067505,2,2,True
vit_b_16,vit_b_16_linear_head,d8_left,5360,5360,9,0.9634966850280762,9,9,True
vit_b_16,vit_b_16_linear_head,d8_left,5381,5381,5,0.9385573863983154,5,5,True
vit_b_16,vit_b_16_linear_head,d8_left,5382,5382,6,0.9446018934249878,6,6,True
vit_b_16,vit_b_16_linear_head,d8_left,5395,5395,2,0.9467037916183472,2,2,True
vit_b_16,vit_b_16_linear_head,d8_left,5402,5402,4,0.9444292783737183,4,4,True
vit_b_16,vit_b_16_linear_head,d8_left,5408,5408,6,0.9212733507156372,6,6,True
vit_b_16,vit_b_16_linear_head,d8_left,5436,5436,7,0.9913851022720337,7,7,True
vit_b_16,vit_b_16_linear_head,d8_left,5447,5447,9,0.9586251378059387,9,9,True
vit_b_16,vit_b_16_linear_head,d8_left,5450,5450,7,0.9873833656311035,7,7,True
vit_b_16,vit_b_16_linear_head,d8_left,5451,5451,8,0.9819062948226929,8,8,True
vit_b_16,vit_b_16_linear_head,d8_left,5452,5452,9,0.9543216228485107,9,9,True
vit_b_16,vit_b_16_linear_head,d8_left,5467,5467,4,0.9340019226074219,4,4,True
vit_b_16,vit_b_16_linear_head,d8_left,5478,5478,0,0.9538892507553101,0,0,True
vit_b_16,vit_b_16_linear_head,d8_left,5488,5488,1,0.9760591983795166,1,1,True
vit_b_16,vit_b_16_linear_head,d8_left,5496,5496,5,0.9801889657974243,5,5,True
vit_b_16,vit_b_16_linear_head,d8_left,5508,5508,9,0.9802917242050171,9,9,True
vit_b_16,vit_b_16_linear_head,d8_left,5512,5512,2,0.8544782400131226,9,9,True
vit_b_16,vit_b_16_linear_head,d8_left,5525,5525,8,0.9654659032821655,8,8,True
vit_b_16,vit_b_16_linear_head,d8_left,5528,5528,3,0.930091381072998,3,3,True
vit_b_16,vit_b_16_linear_head,d8_left,5556,5556,4,0.9706060290336609,4,4,True
vit_b_16,vit_b_16_linear_head,d8_left,5560,5560,1,0.9483309984207153,1,1,True
vit_b_16,vit_b_16_linear_head,d8_left,5572,5572,9,0.9559764862060547,9,9,True
vit_b_16,vit_b_16_linear_head,d8_left,5580,5580,6,0.9116789102554321,5,5,True
vit_b_16,vit_b_16_linear_head,d8_left,5590,5590,9,0.9566702842712402,9,9,True
vit_b_16,vit_b_16_linear_head,d8_left,5623,5623,4,0.9228455424308777,4,4,True
vit_b_16,vit_b_16_linear_head,d8_left,5677,5677,2,0.9356616735458374,2,2,True
vit_b_16,vit_b_16_linear_head,d8_left,5694,5694,8,0.9808875918388367,8,8,True
vit_b_16,vit_b_16_linear_head,d8_left,5701,5701,5,0.9648212790489197,5,5,True
vit_b_16,vit_b_16_linear_head,d8_left,5705,5705,8,0.8901877999305725,8,8,True
vit_b_16,vit_b_16_linear_head,d8_left,5719,5719,7,0.9877058863639832,7,7,True
vit_b_16,vit_b_16_linear_head,d8_left,5729,5729,6,0.9461530447006226,6,6,True
vit_b_16,vit_b_16_linear_head,d8_left,5756,5756,2,0.9672160744667053,2,2,True
vit_b_16,vit_b_16_linear_head,d8_left,5788,5788,9,0.9707594513893127,9,9,True
vit_b_16,vit_b_16_linear_head,d8_left,5789,5789,4,0.9288330674171448,4,4,True
vit_b_16,vit_b_16_linear_head,d8_left,5824,5824,2,0.9244226813316345,2,2,True
vit_b_16,vit_b_16_linear_head,d8_left,5848,5848,7,0.981436014175415,7,7,True
vit_b_16,vit_b_16_linear_head,d8_left,5851,5851,9,0.9901419281959534,9,9,True
vit_b_16,vit_b_16_linear_head,d8_left,5857,5857,6,0.9365119338035583,4,4,True
vit_b_16,vit_b_16_linear_head,d8_left,5858,5858,6,0.9579007029533386,6,6,True
vit_b_16,vit_b_16_linear_head,d8_left,5912,5912,0,0.9327860474586487,0,0,True
vit_b_16,vit_b_16_linear_head,d8_left,5915,5915,9,0.9465594291687012,9,9,True
vit_b_16,vit_b_16_linear_head,d8_left,5918,5918,0,0.9649322628974915,0,0,True
vit_b_16,vit_b_16_linear_head,d8_left,5924,5924,5,0.9727689027786255,5,5,True
vit_b_16,vit_b_16_linear_head,d8_left,5977,5977,7,0.984703779220581,7,7,True
vit_b_16,vit_b_16_linear_head,d8_left,5981,5981,9,0.9358041286468506,9,9,True
vit_b_16,vit_b_16_linear_head,d8_left,5999,5999,0,0.9453157782554626,0,0,True
vit_b_16,vit_b_16_linear_head,d8_left,6028,6028,2,0.9488974809646606,2,2,True
vit_b_16,vit_b_16_linear_head,d8_left,6033,6033,4,0.9175485968589783,4,4,True
vit_b_16,vit_b_16_linear_head,d8_left,6076,6076,1,0.9719850420951843,1,1,True
vit_b_16,vit_b_16_linear_head,d8_left,6084,6084,7,0.9866209030151367,7,7,True
vit_b_16,vit_b_16_linear_head,d8_left,6097,6097,4,0.9594645500183105,4,4,True
vit_b_16,vit_b_16_linear_head,d8_left,6169,6169,1,0.976988673210144,1,1,True
vit_b_16,vit_b_16_linear_head,d8_left,6190,6190,7,0.9813279509544373,7,7,True
vit_b_16,vit_b_16_linear_head,d8_left,6224,6224,5,0.9807417392730713,5,5,True
vit_b_16,vit_b_16_linear_head,d8_left,6244,6244,2,0.892158567905426,2,2,True
vit_b_16,vit_b_16_linear_head,d8_left,6264,6264,2,0.9505372643470764,2,2,True
vit_b_16,vit_b_16_linear_head,d8_left,6271,6271,2,0.9717661142349243,2,2,True
vit_b_16,vit_b_16_linear_head,d8_left,6288,6288,4,0.9119638204574585,4,4,True
vit_b_16,vit_b_16_linear_head,d8_left,6332,6332,2,0.9652594923973083,2,2,True
vit_b_16,vit_b_16_linear_head,d8_left,6349,6349,1,0.9188948273658752,1,1,True
vit_b_16,vit_b_16_linear_head,d8_left,6354,6354,2,0.9443457126617432,2,2,True
vit_b_16,vit_b_16_linear_head,d8_left,6358,6358,5,0.9494437575340271,5,5,True
vit_b_16,vit_b_16_linear_head,d8_left,6381,6381,6,0.9506739974021912,6,6,True
vit_b_16,vit_b_16_linear_head,d8_left,6414,6414,5,0.9194335341453552,5,5,True
vit_b_16,vit_b_16_linear_head,d8_left,6426,6426,2,0.9495370984077454,2,2,True
vit_b_16,vit_b_16_linear_head,d8_left,6434,6434,8,0.9584097266197205,8,8,True
vit_b_16,vit_b_16_linear_head,d8_left,6437,6437,0,0.9746584296226501,0,0,True
vit_b_16,vit_b_16_linear_head,d8_left,6455,6455,0,0.962682843208313,0,0,True
vit_b_16,vit_b_16_linear_head,d8_left,6490,6490,3,0.9535288214683533,3,3,True
vit_b_16,vit_b_16_linear_head,d8_left,6503,6503,2,0.937274694442749,2,2,True
vit_b_16,vit_b_16_linear_head,d8_left,6508,6508,4,0.9309844970703125,4,4,True
vit_b_16,vit_b_16_linear_head,d8_left,6528,6528,4,0.9647270441055298,4,4,True
vit_b_16,vit_b_16_linear_head,d8_left,6594,6594,1,0.9619782567024231,1,1,True
vit_b_16,vit_b_16_linear_head,d8_left,6609,6609,0,0.9845954179763794,0,0,True
vit_b_16,vit_b_16_linear_head,d8_left,6616,6616,2,0.9277179837226868,2,2,True
vit_b_16,vit_b_16_linear_head,d8_left,6650,6650,7,0.918527364730835,7,7,True
vit_b_16,vit_b_16_linear_head,d8_left,6689,6689,8,0.9616966247558594,8,8,True
vit_b_16,vit_b_16_linear_head,d8_left,6692,6692,2,0.9350841045379639,2,2,True
vit_b_16,vit_b_16_linear_head,d8_left,6713,6713,6,0.9692853093147278,6,6,True
vit_b_16,vit_b_16_linear_head,d8_left,6716,6716,5,0.9539379477500916,6,6,True
vit_b_16,vit_b_16_linear_head,d8_left,6726,6726,7,0.9807337522506714,7,7,True
vit_b_16,vit_b_16_linear_head,d8_left,6733,6733,1,0.9852371215820312,1,1,True
vit_b_16,vit_b_16_linear_head,d8_left,6772,6772,7,0.9171929359436035,7,7,True
vit_b_16,vit_b_16_linear_head,d8_left,6805,6805,1,0.9760463237762451,1,1,True
vit_b_16,vit_b_16_linear_head,d8_left,6836,6836,1,0.9711340069770813,1,1,True
vit_b_16,vit_b_16_linear_head,d8_left,6844,6844,0,0.9608749151229858,0,0,True
vit_b_16,vit_b_16_linear_head,d8_left,6922,6922,5,0.9522212743759155,5,5,True
vit_b_16,vit_b_16_linear_head,d8_left,6931,6931,9,0.9669204950332642,9,9,True
vit_b_16,vit_b_16_linear_head,d8_left,6938,6938,1,0.9768772721290588,1,1,True
vit_b_16,vit_b_16_linear_head,d8_left,6952,6952,3,0.8589765429496765,3,3,True
vit_b_16,vit_b_16_linear_head,d8_left,6954,6954,1,0.9449337124824524,1,1,True
vit_b_16,vit_b_16_linear_head,d8_left,6986,6986,0,0.9778904914855957,0,0,True
vit_b_16,vit_b_16_linear_head,d8_left,6989,6989,5,0.9896953701972961,5,5,True
vit_b_16,vit_b_16_linear_head,d8_left,7009,7009,0,0.9703875780105591,0,0,True
vit_b_16,vit_b_16_linear_head,d8_left,7029,7029,1,0.9867599606513977,1,1,True
vit_b_16,vit_b_16_linear_head,d8_left,7033,7033,1,0.9597333669662476,1,1,True
vit_b_16,vit_b_16_linear_head,d8_left,7041,7041,5,0.9453567862510681,5,5,True
vit_b_16,vit_b_16_linear_head,d8_left,7047,7047,9,0.9755985736846924,9,9,True
vit_b_16,vit_b_16_linear_head,d8_left,7081,7081,7,0.9663246870040894,7,7,True
vit_b_16,vit_b_16_linear_head,d8_left,7084,7084,2,0.9684972167015076,2,2,True
vit_b_16,vit_b_16_linear_head,d8_left,7108,7108,6,0.9574511051177979,6,6,True
vit_b_16,vit_b_16_linear_head,d8_left,7130,7130,5,0.9768900871276855,5,5,True
vit_b_16,vit_b_16_linear_head,d8_left,7138,7138,8,0.9743167757987976,8,8,True
vit_b_16,vit_b_16_linear_head,d8_left,7150,7150,0,0.9764642715454102,0,0,True
vit_b_16,vit_b_16_linear_head,d8_left,7202,7202,1,0.9730687141418457,1,1,True
vit_b_16,vit_b_16_linear_head,d8_left,7262,7262,0,0.9856853485107422,0,0,True
vit_b_16,vit_b_16_linear_head,d8_left,7266,7266,9,0.8695358037948608,9,9,True
vit_b_16,vit_b_16_linear_head,d8_left,7270,7270,7,0.9410969018936157,7,7,True
vit_b_16,vit_b_16_linear_head,d8_left,7309,7309,0,0.9559661149978638,0,0,True
vit_b_16,vit_b_16_linear_head,d8_left,7320,7320,0,0.9543811082839966,0,0,True
vit_b_16,vit_b_16_linear_head,d8_left,7338,7338,6,0.9420488476753235,6,6,True
vit_b_16,vit_b_16_linear_head,d8_left,7372,7372,0,0.985153317451477,0,0,True
vit_b_16,vit_b_16_linear_head,d8_left,7373,7373,0,0.9732195138931274,0,0,True
vit_b_16,vit_b_16_linear_head,d8_left,7380,7380,9,0.9788300395011902,9,9,True
vit_b_16,vit_b_16_linear_head,d8_left,7390,7390,1,0.9775601625442505,1,1,True
vit_b_16,vit_b_16_linear_head,d8_left,7413,7413,5,0.9676975011825562,5,5,True
vit_b_16,vit_b_16_linear_head,d8_left,7416,7416,3,0.9014151096343994,3,3,True
vit_b_16,vit_b_16_linear_head,d8_left,7425,7425,2,0.9622112512588501,2,2,True
vit_b_16,vit_b_16_linear_head,d8_left,7446,7446,8,0.9607446193695068,8,8,True
vit_b_16,vit_b_16_linear_head,d8_left,7460,7460,8,0.9513747096061707,8,8,True
vit_b_16,vit_b_16_linear_head,d8_left,7465,7465,0,0.9596893191337585,0,0,True
vit_b_16,vit_b_16_linear_head,d8_left,7474,7474,5,0.9460610747337341,5,5,True
vit_b_16,vit_b_16_linear_head,d8_left,7475,7475,4,0.9439167976379395,4,4,True
vit_b_16,vit_b_16_linear_head,d8_left,7476,7476,8,0.9587019681930542,0,8,False
vit_b_16,vit_b_16_linear_head,d8_left,7544,7544,9,0.9205251932144165,9,9,True
vit_b_16,vit_b_16_linear_head,d8_left,7555,7555,6,0.9520050883293152,6,6,True
vit_b_16,vit_b_16_linear_head,d8_left,7600,7600,6,0.9534562826156616,6,6,True
vit_b_16,vit_b_16_linear_head,d8_left,7610,7610,4,0.9574247002601624,4,4,True
vit_b_16,vit_b_16_linear_head,d8_left,7634,7634,0,0.9761767983436584,0,0,True
vit_b_16,vit_b_16_linear_head,d8_left,7692,7692,4,0.9577042460441589,4,4,True
vit_b_16,vit_b_16_linear_head,d8_left,7706,7706,5,0.9339756965637207,5,5,True
vit_b_16,vit_b_16_linear_head,d8_left,7726,7726,6,0.904559850692749,6,6,True
vit_b_16,vit_b_16_linear_head,d8_left,7744,7744,3,0.84906405210495,3,3,True
vit_b_16,vit_b_16_linear_head,d8_left,7752,7752,9,0.9204033613204956,9,9,True
vit_b_16,vit_b_16_linear_head,d8_left,7776,7776,5,0.9754167795181274,5,5,True
vit_b_16,vit_b_16_linear_head,d8_left,7779,7779,6,0.9308660626411438,6,6,True
vit_b_16,vit_b_16_linear_head,d8_left,7781,7781,6,0.9683406949043274,6,6,True
vit_b_16,vit_b_16_linear_head,d8_left,7793,7793,3,0.9489487409591675,7,7,True
vit_b_16,vit_b_16_linear_head,d8_left,7797,7797,3,0.930601179599762,3,3,True
vit_b_16,vit_b_16_linear_head,d8_left,7810,7810,8,0.9726601243019104,8,8,True
vit_b_16,vit_b_16_linear_head,d8_left,7818,7818,8,0.9693490266799927,8,8,True
vit_b_16,vit_b_16_linear_head,d8_left,7835,7835,7,0.973704993724823,7,7,True
vit_b_16,vit_b_16_linear_head,d8_left,7864,7864,4,0.9690232276916504,4,4,True
vit_b_16,vit_b_16_linear_head,d8_left,7875,7875,8,0.9746938347816467,8,8,True
vit_b_16,vit_b_16_linear_head,d8_left,7938,7938,9,0.9592626094818115,9,9,True
vit_b_16,vit_b_16_linear_head,d8_left,7940,7940,4,0.930711567401886,4,4,True
vit_b_16,vit_b_16_linear_head,d8_left,7944,7944,4,0.9495794773101807,4,4,True
vit_b_16,vit_b_16_linear_head,d8_left,7955,7955,1,0.9795485734939575,1,1,True
vit_b_16,vit_b_16_linear_head,d8_left,7995,7995,9,0.9168589115142822,9,2,False
vit_b_16,vit_b_16_linear_head,d8_left,7996,7996,6,0.9186387062072754,6,6,True
vit_b_16,vit_b_16_linear_head,d8_left,7999,7999,8,0.9532566070556641,8,8,True
vit_b_16,vit_b_16_linear_head,d8_right,3,3,0,0.9772032499313354,0,0,True
vit_b_16,vit_b_16_linear_head,d8_right,29,29,7,0.9478665590286255,7,7,True
vit_b_16,vit_b_16_linear_head,d8_right,35,35,2,0.9362683892250061,2,2,True
vit_b_16,vit_b_16_linear_head,d8_right,42,42,0,0.8774107098579407,0,0,True
vit_b_16,vit_b_16_linear_head,d8_right,49,49,2,0.969409704208374,2,2,True
vit_b_16,vit_b_16_linear_head,d8_right,81,81,0,0.9508853554725647,0,0,True
vit_b_16,vit_b_16_linear_head,d8_right,95,95,1,0.9758889079093933,1,1,True
vit_b_16,vit_b_16_linear_head,d8_right,97,97,5,0.9583044052124023,5,5,True
vit_b_16,vit_b_16_linear_head,d8_right,116,116,1,0.9435164928436279,1,1,True
vit_b_16,vit_b_16_linear_head,d8_right,131,131,9,0.9454007148742676,9,9,True
vit_b_16,vit_b_16_linear_head,d8_right,151,151,8,0.9817060232162476,8,8,True
vit_b_16,vit_b_16_linear_head,d8_right,171,171,4,0.9736497402191162,4,4,True
vit_b_16,vit_b_16_linear_head,d8_right,176,176,3,0.8595964908599854,3,3,True
vit_b_16,vit_b_16_linear_head,d8_right,191,191,9,0.9498977661132812,9,9,True
vit_b_16,vit_b_16_linear_head,d8_right,194,194,8,0.9581781625747681,8,8,True
vit_b_16,vit_b_16_linear_head,d8_right,198,198,1,0.9467411637306213,1,1,True
vit_b_16,vit_b_16_linear_head,d8_right,239,239,9,0.9647198915481567,9,9,True
vit_b_16,vit_b_16_linear_head,d8_right,261,261,1,0.991867184638977,5,5,True
vit_b_16,vit_b_16_linear_head,d8_right,269,269,7,0.926335334777832,7,7,True
vit_b_16,vit_b_16_linear_head,d8_right,276,276,9,0.9253319501876831,9,9,True
vit_b_16,vit_b_16_linear_head,d8_right,303,303,9,0.9830461740493774,9,9,True
vit_b_16,vit_b_16_linear_head,d8_right,304,304,1,0.8831270337104797,1,1,True
vit_b_16,vit_b_16_linear_head,d8_right,317,317,2,0.9407728910446167,2,2,True
vit_b_16,vit_b_16_linear_head,d8_right,319,319,5,0.9511826038360596,5,5,True
vit_b_16,vit_b_16_linear_head,d8_right,323,323,7,0.9644030928611755,7,7,True
vit_b_16,vit_b_16_linear_head,d8_right,365,365,3,0.9304912686347961,3,3,True
vit_b_16,vit_b_16_linear_head,d8_right,370,370,7,0.9844582080841064,7,7,True
vit_b_16,vit_b_16_linear_head,d8_right,372,372,3,0.908958911895752,3,3,True
vit_b_16,vit_b_16_linear_head,d8_right,378,378,5,0.9663683176040649,5,5,True
vit_b_16,vit_b_16_linear_head,d8_right,391,391,3,0.964943528175354,3,3,True
vit_b_16,vit_b_16_linear_head,d8_right,409,409,2,0.973663866519928,2,2,True
vit_b_16,vit_b_16_linear_head,d8_right,419,419,9,0.9270553588867188,9,9,True
vit_b_16,vit_b_16_linear_head,d8_right,449,449,6,0.9432934522628784,6,6,True
vit_b_16,vit_b_16_linear_head,d8_right,470,470,2,0.9839343428611755,2,2,True
vit_b_16,vit_b_16_linear_head,d8_right,483,483,2,0.9118435978889465,2,2,True
vit_b_16,vit_b_16_linear_head,d8_right,484,484,0,0.9525670409202576,0,0,True
vit_b_16,vit_b_16_linear_head,d8_right,506,506,4,0.9149754643440247,4,4,True
vit_b_16,vit_b_16_linear_head,d8_right,545,545,6,0.9328286647796631,6,6,True
vit_b_16,vit_b_16_linear_head,d8_right,562,562,0,0.978240966796875,0,0,True
vit_b_16,vit_b_16_linear_head,d8_right,568,568,5,0.9314877986907959,5,5,True
vit_b_16,vit_b_16_linear_head,d8_right,603,603,9,0.9125143885612488,9,9,True
vit_b_16,vit_b_16_linear_head,d8_right,632,632,3,0.9699740409851074,3,3,True
vit_b_16,vit_b_16_linear_head,d8_right,645,645,5,0.9449032545089722,5,5,True
vit_b_16,vit_b_16_linear_head,d8_right,667,667,8,0.982141375541687,8,8,True
vit_b_16,vit_b_16_linear_head,d8_right,672,672,3,0.934262216091156,3,3,True
vit_b_16,vit_b_16_linear_head,d8_right,677,677,3,0.9600253105163574,3,3,True
vit_b_16,vit_b_16_linear_head,d8_right,685,685,5,0.97199946641922,5,5,True
vit_b_16,vit_b_16_linear_head,d8_right,691,691,4,0.9500912427902222,4,4,True
vit_b_16,vit_b_16_linear_head,d8_right,706,706,8,0.9473628401756287,8,8,True
vit_b_16,vit_b_16_linear_head,d8_right,714,714,2,0.9317513704299927,2,2,True
vit_b_16,vit_b_16_linear_head,d8_right,716,716,8,0.9840296506881714,8,8,True
vit_b_16,vit_b_16_linear_head,d8_right,738,738,3,0.8548976182937622,3,3,True
vit_b_16,vit_b_16_linear_head,d8_right,739,739,8,0.9714003801345825,8,8,True
vit_b_16,vit_b_16_linear_head,d8_right,766,766,4,0.905203104019165,6,6,True
vit_b_16,vit_b_16_linear_head,d8_right,791,791,3,0.9763152003288269,3,3,True
vit_b_16,vit_b_16_linear_head,d8_right,805,805,9,0.94025719165802,9,9,True
vit_b_16,vit_b_16_linear_head,d8_right,825,825,1,0.9794901013374329,1,1,True
vit_b_16,vit_b_16_linear_head,d8_right,852,852,9,0.9423340559005737,9,9,True
vit_b_16,vit_b_16_linear_head,d8_right,855,855,4,0.8910720944404602,4,4,True
vit_b_16,vit_b_16_linear_head,d8_right,873,873,6,0.9187366366386414,6,6,True
vit_b_16,vit_b_16_linear_head,d8_right,890,890,6,0.9470571875572205,6,6,True
vit_b_16,vit_b_16_linear_head,d8_right,920,920,6,0.957883894443512,6,6,True
vit_b_16,vit_b_16_linear_head,d8_right,929,929,6,0.9432837963104248,6,6,True
vit_b_16,vit_b_16_linear_head,d8_right,962,962,8,0.9714045524597168,8,8,True
vit_b_16,vit_b_16_linear_head,d8_right,964,964,6,0.9394670128822327,6,6,True
vit_b_16,vit_b_16_linear_head,d8_right,977,977,6,0.961246132850647,6,6,True
vit_b_16,vit_b_16_linear_head,d8_right,979,979,3,0.9414557218551636,3,3,True
vit_b_16,vit_b_16_linear_head,d8_right,981,981,2,0.9580541253089905,2,2,True
vit_b_16,vit_b_16_linear_head,d8_right,1022,1022,9,0.9277112483978271,9,9,True
vit_b_16,vit_b_16_linear_head,d8_right,1032,1032,7,0.9786442518234253,7,7,True
vit_b_16,vit_b_16_linear_head,d8_right,1048,1048,7,0.9633206129074097,7,7,True
vit_b_16,vit_b_16_linear_head,d8_right,1090,1090,1,0.9676695466041565,1,1,True
vit_b_16,vit_b_16_linear_head,d8_right,1095,1095,5,0.9686388969421387,5,5,True
vit_b_16,vit_b_16_linear_head,d8_right,1109,1109,1,0.8681007623672485,1,1,True
vit_b_16,vit_b_16_linear_head,d8_right,1111,1111,4,0.9694867134094238,4,4,True
vit_b_16,vit_b_16_linear_head,d8_right,1115,1115,1,0.909085214138031,1,1,True
vit_b_16,vit_b_16_linear_head,d8_right,1124,1124,4,0.9424701929092407,4,4,True
vit_b_16,vit_b_16_linear_head,d8_right,1129,1129,8,0.9675799608230591,8,8,True
vit_b_16,vit_b_16_linear_head,d8_right,1175,1175,0,0.9010745882987976,0,0,True
vit_b_16,vit_b_16_linear_head,d8_right,1202,1202,2,0.9652386903762817,2,2,True
vit_b_16,vit_b_16_linear_head,d8_right,1204,1204,3,0.9083189368247986,3,3,True
vit_b_16,vit_b_16_linear_head,d8_right,1211,1211,4,0.9195928573608398,4,4,True
vit_b_16,vit_b_16_linear_head,d8_right,1220,1220,7,0.9891374707221985,7,7,True
vit_b_16,vit_b_16_linear_head,d8_right,1230,1230,1,0.9710085988044739,1,1,True
vit_b_16,vit_b_16_linear_head,d8_right,1247,1247,8,0.9760316610336304,8,8,True
vit_b_16,vit_b_16_linear_head,d8_right,1263,1263,3,0.9400235414505005,3,3,True
vit_b_16,vit_b_16_linear_head,d8_right,1266,1266,4,0.9374476671218872,4,4,True
vit_b_16,vit_b_16_linear_head,d8_right,1287,1287,7,0.98841392993927,7,7,True
vit_b_16,vit_b_16_linear_head,d8_right,1296,1296,7,0.9177035093307495,7,7,True
vit_b_16,vit_b_16_linear_head,d8_right,1370,1370,3,0.9702378511428833,3,3,True
vit_b_16,vit_b_16_linear_head,d8_right,1389,1389,0,0.951271653175354,0,0,True
vit_b_16,vit_b_16_linear_head,d8_right,1401,1401,3,0.9146942496299744,3,3,True
vit_b_16,vit_b_16_linear_head,d8_right,1403,1403,2,0.9253427982330322,2,2,True
vit_b_16,vit_b_16_linear_head,d8_right,1411,1411,9,0.9758216738700867,9,9,True
vit_b_16,vit_b_16_linear_head,d8_right,1429,1429,4,0.9271613955497742,4,4,True
vit_b_16,vit_b_16_linear_head,d8_right,1430,1430,9,0.9622143507003784,9,9,True
vit_b_16,vit_b_16_linear_head,d8_right,1431,1431,3,0.8377037048339844,3,3,True
vit_b_16,vit_b_16_linear_head,d8_right,1436,1436,1,0.9761902689933777,1,1,True
vit_b_16,vit_b_16_linear_head,d8_right,1440,1440,7,0.9785321950912476,7,7,True
vit_b_16,vit_b_16_linear_head,d8_right,1468,1468,9,0.9770674109458923,9,9,True
vit_b_16,vit_b_16_linear_head,d8_right,1473,1473,7,0.9867135882377625,7,7,True
vit_b_16,vit_b_16_linear_head,d8_right,1515,1515,9,0.9676622152328491,9,9,True
vit_b_16,vit_b_16_linear_head,d8_right,1520,1520,2,0.9641476273536682,2,2,True
vit_b_16,vit_b_16_linear_head,d8_right,1531,1531,3,0.8428822755813599,3,3,True
vit_b_16,vit_b_16_linear_head,d8_right,1534,1534,6,0.886304497718811,6,6,True
vit_b_16,vit_b_16_linear_head,d8_right,1552,1552,5,0.9570146799087524,5,5,True
vit_b_16,vit_b_16_linear_head,d8_right,1553,1553,0,0.9539579153060913,0,0,True
vit_b_16,vit_b_16_linear_head,d8_right,1563,1563,3,0.9245257377624512,3,3,True
vit_b_16,vit_b_16_linear_head,d8_right,1568,1568,1,0.9433238506317139,1,1,True
vit_b_16,vit_b_16_linear_head,d8_right,1579,1579,7,0.9846625328063965,7,7,True
vit_b_16,vit_b_16_linear_head,d8_right,1586,1586,2,0.932693600654602,2,2,True
vit_b_16,vit_b_16_linear_head,d8_right,1596,1596,0,0.9676514267921448,0,0,True
vit_b_16,vit_b_16_linear_head,d8_right,1626,1626,5,0.9176546931266785,5,5,True
vit_b_16,vit_b_16_linear_head,d8_right,1640,1640,8,0.9395675659179688,8,8,True
vit_b_16,vit_b_16_linear_head,d8_right,1644,1644,5,0.9678623676300049,5,5,True
vit_b_16,vit_b_16_linear_head,d8_right,1648,1648,0,0.9104776382446289,0,0,True
vit_b_16,vit_b_16_linear_head,d8_right,1654,1654,9,0.9722380638122559,9,9,True
vit_b_16,vit_b_16_linear_head,d8_right,1667,1667,6,0.9466694593429565,6,6,True
vit_b_16,vit_b_16_linear_head,d8_right,1703,1703,7,0.9317317008972168,7,7,True
vit_b_16,vit_b_16_linear_head,d8_right,1711,1711,7,0.97214674949646,7,7,True
vit_b_16,vit_b_16_linear_head,d8_right,1771,1771,7,0.8966725468635559,7,5,False
vit_b_16,vit_b_16_linear_head,d8_right,1783,1783,8,0.9695667624473572,8,8,True
vit_b_16,vit_b_16_linear_head,d8_right,1814,1814,2,0.9822655916213989,2,2,True
vit_b_16,vit_b_16_linear_head,d8_right,1833,1833,8,0.9407517910003662,8,8,True
vit_b_16,vit_b_16_linear_head,d8_right,1836,1836,9,0.9721912145614624,9,9,True
vit_b_16,vit_b_16_linear_head,d8_right,1839,1839,2,0.9702643156051636,2,2,True
vit_b_16,vit_b_16_linear_head,d8_right,1852,1852,1,0.9710720777511597,1,1,True
vit_b_16,vit_b_16_linear_head,d8_right,1871,1871,1,0.9823663234710693,1,1,True
vit_b_16,vit_b_16_linear_head,d8_right,1877,1877,5,0.958763599395752,5,5,True
vit_b_16,vit_b_16_linear_head,d8_right,1884,1884,7,0.9611693620681763,7,7,True
vit_b_16,vit_b_16_linear_head,d8_right,1927,1927,7,0.9631756544113159,7,7,True
vit_b_16,vit_b_16_linear_head,d8_right,1954,1954,8,0.9739128947257996,8,8,True
vit_b_16,vit_b_16_linear_head,d8_right,1956,1956,7,0.9191269278526306,7,7,True
vit_b_16,vit_b_16_linear_head,d8_right,1960,1960,4,0.9042811989784241,5,4,False
vit_b_16,vit_b_16_linear_head,d8_right,1977,1977,0,0.9674165844917297,0,0,True
vit_b_16,vit_b_16_linear_head,d8_right,1986,1986,1,0.9915810227394104,1,1,True
vit_b_16,vit_b_16_linear_head,d8_right,1993,1993,1,0.9800131916999817,1,1,True
vit_b_16,vit_b_16_linear_head,d8_right,2003,2003,6,0.9690676331520081,6,6,True
vit_b_16,vit_b_16_linear_head,d8_right,2011,2011,9,0.976326048374176,9,9,True
vit_b_16,vit_b_16_linear_head,d8_right,2024,2024,0,0.9732478260993958,0,0,True
vit_b_16,vit_b_16_linear_head,d8_right,2028,2028,3,0.9213677048683167,3,3,True
vit_b_16,vit_b_16_linear_head,d8_right,2062,2062,9,0.9728434085845947,9,9,True
vit_b_16,vit_b_16_linear_head,d8_right,2070,2070,1,0.8900164365768433,1,1,True
vit_b_16,vit_b_16_linear_head,d8_right,2082,2082,2,0.928270161151886,2,2,True
vit_b_16,vit_b_16_linear_head,d8_right,2095,2095,1,0.9512170553207397,1,1,True
vit_b_16,vit_b_16_linear_head,d8_right,2109,2109,8,0.9695528745651245,8,8,True
vit_b_16,vit_b_16_linear_head,d8_right,2114,2114,9,0.9784574508666992,9,9,True
vit_b_16,vit_b_16_linear_head,d8_right,2116,2116,1,0.9561839699745178,3,3,True
vit_b_16,vit_b_16_linear_head,d8_right,2157,2157,1,0.9256199598312378,1,1,True
vit_b_16,vit_b_16_linear_head,d8_right,2167,2167,9,0.9511553645133972,9,9,True
vit_b_16,vit_b_16_linear_head,d8_right,2178,2178,1,0.9357929825782776,1,1,True
vit_b_16,vit_b_16_linear_head,d8_right,2191,2191,8,0.9373166561126709,8,8,True
vit_b_16,vit_b_16_linear_head,d8_right,2230,2230,8,0.9677083492279053,8,8,True
vit_b_16,vit_b_16_linear_head,d8_right,2242,2242,0,0.9751335382461548,0,0,True
vit_b_16,vit_b_16_linear_head,d8_right,2265,2265,5,0.9580298066139221,5,5,True
vit_b_16,vit_b_16_linear_head,d8_right,2268,2268,5,0.962090015411377,5,5,True
vit_b_16,vit_b_16_linear_head,d8_right,2291,2291,3,0.9248272776603699,3,3,True
vit_b_16,vit_b_16_linear_head,d8_right,2334,2334,5,0.9653827548027039,5,5,True
vit_b_16,vit_b_16_linear_head,d8_right,2340,2340,8,0.9633603096008301,8,8,True
vit_b_16,vit_b_16_linear_head,d8_right,2342,2342,8,0.9661574363708496,8,8,True
vit_b_16,vit_b_16_linear_head,d8_right,2351,2351,9,0.9683111310005188,9,9,True
vit_b_16,vit_b_16_linear_head,d8_right,2391,2391,5,0.872024655342102,5,5,True
vit_b_16,vit_b_16_linear_head,d8_right,2392,2392,2,0.9617512226104736,2,2,True
vit_b_16,vit_b_16_linear_head,d8_right,2399,2399,4,0.9585456848144531,4,4,True
vit_b_16,vit_b_16_linear_head,d8_right,2414,2414,9,0.9678468704223633,9,9,True
vit_b_16,vit_b_16_linear_head,d8_right,2427,2427,5,0.9739636778831482,5,5,True
vit_b_16,vit_b_16_linear_head,d8_right,2458,2458,5,0.8925833106040955,5,5,True
vit_b_16,vit_b_16_linear_head,d8_right,2501,2501,7,0.9591867327690125,7,7,True
vit_b_16,vit_b_16_linear_head,d8_right,2502,2502,2,0.9803655743598938,2,2,True
vit_b_16,vit_b_16_linear_head,d8_right,2536,2536,3,0.9742017388343811,3,3,True
vit_b_16,vit_b_16_linear_head,d8_right,2539,2539,3,0.9206954836845398,3,3,True
vit_b_16,vit_b_16_linear_head,d8_right,2610,2610,6,0.9052807092666626,6,6,True
vit_b_16,vit_b_16_linear_head,d8_right,2623,2623,5,0.780177652835846,5,5,True
vit_b_16,vit_b_16_linear_head,d8_right,2655,2655,9,0.969036877155304,9,9,True
vit_b_16,vit_b_16_linear_head,d8_right,2668,2668,7,0.9866710901260376,7,7,True
vit_b_16,vit_b_16_linear_head,d8_right,2676,2676,6,0.7974351644515991,6,6,True
vit_b_16,vit_b_16_linear_head,d8_right,2687,2687,1,0.9385987520217896,1,1,True
vit_b_16,vit_b_16_linear_head,d8_right,2690,2690,1,0.9338241815567017,1,1,True
vit_b_16,vit_b_16_linear_head,d8_right,2704,2704,4,0.9593163132667542,4,4,True
vit_b_16,vit_b_16_linear_head,d8_right,2745,2745,8,0.97211092710495,8,8,True
vit_b_16,vit_b_16_linear_head,d8_right,2746,2746,7,0.9571682810783386,7,7,True
vit_b_16,vit_b_16_linear_head,d8_right,2750,2750,0,0.9544315338134766,0,0,True
vit_b_16,vit_b_16_linear_head,d8_right,2754,2754,3,0.9728018045425415,3,3,True
vit_b_16,vit_b_16_linear_head,d8_right,2757,2757,4,0.936610758304596,4,4,True
vit_b_16,vit_b_16_linear_head,d8_right,2766,2766,5,0.9219375252723694,5,5,True
vit_b_16,vit_b_16_linear_head,d8_right,2807,2807,5,0.8970457315444946,5,5,True
vit_b_16,vit_b_16_linear_head,d8_right,2844,2844,8,0.9186047315597534,8,8,True
vit_b_16,vit_b_16_linear_head,d8_right,2854,2854,7,0.9831483364105225,7,7,True
vit_b_16,vit_b_16_linear_head,d8_right,2861,2861,3,0.9260630011558533,3,3,True
vit_b_16,vit_b_16_linear_head,d8_right,2888,2888,0,0.9867469072341919,0,0,True
vit_b_16,vit_b_16_linear_head,d8_right,2898,2898,4,0.9640452265739441,4,4,True
vit_b_16,vit_b_16_linear_head,d8_right,2950,2950,5,0.922477126121521,5,5,True
vit_b_16,vit_b_16_linear_head,d8_right,2958,2958,6,0.988321840763092,6,6,True
vit_b_16,vit_b_16_linear_head,d8_right,3015,3015,8,0.9605314135551453,8,8,True
vit_b_16,vit_b_16_linear_head,d8_right,3024,3024,2,0.9392608404159546,2,2,True
vit_b_16,vit_b_16_linear_head,d8_right,3025,3025,0,0.96507728099823,0,0,True
vit_b_16,vit_b_16_linear_head,d8_right,3034,3034,4,0.9668874144554138,4,4,True
vit_b_16,vit_b_16_linear_head,d8_right,3067,3067,2,0.9719701409339905,2,2,True
vit_b_16,vit_b_16_linear_head,d8_right,3078,3078,4,0.964622437953949,4,4,True
vit_b_16,vit_b_16_linear_head,d8_right,3079,3079,1,0.9844086766242981,1,1,True
vit_b_16,vit_b_16_linear_head,d8_right,3083,3083,0,0.9624245762825012,0,0,True
vit_b_16,vit_b_16_linear_head,d8_right,3122,3122,4,0.9485735297203064,4,4,True
vit_b_16,vit_b_16_linear_head,d8_right,3153,3153,7,0.9768675565719604,7,7,True
vit_b_16,vit_b_16_linear_head,d8_right,3157,3157,8,0.9628995656967163,8,8,True
vit_b_16,vit_b_16_linear_head,d8_right,3163,3163,2,0.9673014283180237,2,2,True
vit_b_16,vit_b_16_linear_head,d8_right,3179,3179,4,0.9377147555351257,4,4,True
vit_b_16,vit_b_16_linear_head,d8_right,3191,3191,6,0.9508613348007202,6,6,True
vit_b_16,vit_b_16_linear_head,d8_right,3276,3276,3,0.939315676689148,3,3,True
vit_b_16,vit_b_16_linear_head,d8_right,3287,3287,4,0.9740055799484253,4,4,True
vit_b_16,vit_b_16_linear_head,d8_right,3288,3288,7,0.988927960395813,7,7,True
vit_b_16,vit_b_16_linear_head,d8_right,3292,3292,6,0.9631845355033875,6,6,True
vit_b_16,vit_b_16_linear_head,d8_right,3318,3318,9,0.9655507802963257,9,9,True
vit_b_16,vit_b_16_linear_head,d8_right,3347,3347,0,0.9488905072212219,0,0,True
vit_b_16,vit_b_16_linear_head,d8_right,3353,3353,5,0.9421272873878479,5,5,True
vit_b_16,vit_b_16_linear_head,d8_right,3362,3362,2,0.9768819808959961,2,2,True
vit_b_16,vit_b_16_linear_head,d8_right,3365,3365,4,0.9574345350265503,4,4,True
vit_b_16,vit_b_16_linear_head,d8_right,3375,3375,3,0.9795852899551392,3,3,True
vit_b_16,vit_b_16_linear_head,d8_right,3383,3383,3,0.9486138820648193,3,3,True
vit_b_16,vit_b_16_linear_head,d8_right,3404,3404,7,0.977838397026062,7,7,True
vit_b_16,vit_b_16_linear_head,d8_right,3412,3412,8,0.897884726524353,8,8,True
vit_b_16,vit_b_16_linear_head,d8_right,3413,3413,1,0.9817777872085571,1,1,True
vit_b_16,vit_b_16_linear_head,d8_right,3418,3418,6,0.9826241135597229,6,6,True
vit_b_16,vit_b_16_linear_head,d8_right,3437,3437,0,0.9315735697746277,0,0,True
vit_b_16,vit_b_16_linear_head,d8_right,3446,3446,7,0.8632842898368835,7,7,True
vit_b_16,vit_b_16_linear_head,d8_right,3454,3454,2,0.9571626782417297,2,2,True
vit_b_16,vit_b_16_linear_head,d8_right,3455,3455,0,0.9785118699073792,0,0,True
vit_b_16,vit_b_16_linear_head,d8_right,3458,3458,4,0.9482184052467346,4,4,True
vit_b_16,vit_b_16_linear_head,d8_right,3467,3467,7,0.9087203741073608,7,7,True
vit_b_16,vit_b_16_linear_head,d8_right,3491,3491,1,0.960267186164856,1,1,True
vit_b_16,vit_b_16_linear_head,d8_right,3494,3494,6,0.9129249453544617,6,6,True
vit_b_16,vit_b_16_linear_head,d8_right,3512,3512,4,0.9405969977378845,4,4,True
vit_b_16,vit_b_16_linear_head,d8_right,3515,3515,6,0.9607364535331726,4,4,True
vit_b_16,vit_b_16_linear_head,d8_right,3542,3542,7,0.9747051000595093,7,7,True
vit_b_16,vit_b_16_linear_head,d8_right,3550,3550,1,0.9596598744392395,1,1,True
vit_b_16,vit_b_16_linear_head,d8_right,3562,3562,3,0.9754725694656372,3,3,True
vit_b_16,vit_b_16_linear_head,d8_right,3755,3755,2,0.9497712254524231,2,2,True
vit_b_16,vit_b_16_linear_head,d8_right,3763,3763,4,0.9503706693649292,4,4,True
vit_b_16,vit_b_16_linear_head,d8_right,3777,3777,6,0.9521499872207642,6,6,True
vit_b_16,vit_b_16_linear_head,d8_right,3778,3778,3,0.955919623374939,3,3,True
vit_b_16,vit_b_16_linear_head,d8_right,3779,3779,6,0.8731557130813599,6,6,True
vit_b_16,vit_b_16_linear_head,d8_right,3844,3844,6,0.9725044965744019,6,6,True
vit_b_16,vit_b_16_linear_head,d8_right,3851,3851,3,0.9340361952781677,3,3,True
vit_b_16,vit_b_16_linear_head,d8_right,3852,3852,5,0.9800572991371155,5,5,True
vit_b_16,vit_b_16_linear_head,d8_right,3863,3863,5,0.9849039316177368,5,5,True
vit_b_16,vit_b_16_linear_head,d8_right,3867,3867,7,0.9699990153312683,7,7,True
vit_b_16,vit_b_16_linear_head,d8_right,3876,3876,0,0.864650309085846,0,0,True
vit_b_16,vit_b_16_linear_head,d8_right,3889,3889,5,0.9291653037071228,5,5,True
vit_b_16,vit_b_16_linear_head,d8_right,3891,3891,4,0.9365845918655396,4,4,True
vit_b_16,vit_b_16_linear_head,d8_right,3893,3893,9,0.9646263718605042,9,9,True
vit_b_16,vit_b_16_linear_head,d8_right,3905,3905,8,0.9863600730895996,8,8,True
vit_b_16,vit_b_16_linear_head,d8_right,3914,3914,3,0.9744270443916321,3,3,True
vit_b_16,vit_b_16_linear_head,d8_right,3937,3937,1,0.9740030765533447,1,1,True
vit_b_16,vit_b_16_linear_head,d8_right,3942,3942,9,0.9731431007385254,9,9,True
vit_b_16,vit_b_16_linear_head,d8_right,3948,3948,8,0.9356215000152588,8,8,True
vit_b_16,vit_b_16_linear_head,d8_right,3962,3962,6,0.9614170789718628,6,6,True
vit_b_16,vit_b_16_linear_head,d8_right,3965,3965,0,0.9818717241287231,0,0,True
vit_b_16,vit_b_16_linear_head,d8_right,3994,3994,4,0.9278573393821716,4,4,True
vit_b_16,vit_b_16_linear_head,d8_right,3996,3996,9,0.9438709616661072,9,9,True
vit_b_16,vit_b_16_linear_head,d8_right,4011,4011,6,0.955906331539154,6,6,True
vit_b_16,vit_b_16_linear_head,d8_right,4023,4023,3,0.9803634881973267,3,3,True
vit_b_16,vit_b_16_linear_head,d8_right,4054,4054,4,0.9602048397064209,4,4,True
vit_b_16,vit_b_16_linear_head,d8_right,4065,4065,2,0.8692451119422913,2,2,True
vit_b_16,vit_b_16_linear_head,d8_right,4069,4069,8,0.9196636080741882,8,8,True
vit_b_16,vit_b_16_linear_head,d8_right,4093,4093,6,0.9184122681617737,6,6,True
vit_b_16,vit_b_16_linear_head,d8_right,4094,4094,9,0.9531190395355225,9,9,True
vit_b_16,vit_b_16_linear_head,d8_right,4106,4106,5,0.9270540475845337,5,5,True
vit_b_16,vit_b_16_linear_head,d8_right,4130,4130,0,0.9601479768753052,0,0,True
vit_b_16,vit_b_16_linear_head,d8_right,4168,4168,3,0.8868496417999268,3,3,True
vit_b_16,vit_b_16_linear_head,d8_right,4170,4170,8,0.9614030718803406,8,8,True
vit_b_16,vit_b_16_linear_head,d8_right,4172,4172,7,0.9865473508834839,7,7,True
vit_b_16,vit_b_16_linear_head,d8_right,4177,4177,8,0.8533022403717041,8,8,True
vit_b_16,vit_b_16_linear_head,d8_right,4215,4215,3,0.9311116933822632,3,3,True
vit_b_16,vit_b_16_linear_head,d8_right,4229,4229,3,0.9596819877624512,3,3,True
vit_b_16,vit_b_16_linear_head,d8_right,4236,4236,7,0.9759499430656433,7,7,True
vit_b_16,vit_b_16_linear_head,d8_right,4242,4242,8,0.9748035073280334,8,8,True
vit_b_16,vit_b_16_linear_head,d8_right,4254,4254,6,0.9605886936187744,6,6,True
vit_b_16,vit_b_16_linear_head,d8_right,4290,4290,5,0.8981616497039795,1,1,True
vit_b_16,vit_b_16_linear_head,d8_right,4298,4298,1,0.9896014928817749,1,1,True
vit_b_16,vit_b_16_linear_head,d8_right,4308,4308,7,0.9438303112983704,7,7,True
vit_b_16,vit_b_16_linear_head,d8_right,4311,4311,8,0.9608567953109741,8,8,True
vit_b_16,vit_b_16_linear_head,d8_right,4323,4323,3,0.9005690813064575,3,3,True
vit_b_16,vit_b_16_linear_head,d8_right,4330,4330,3,0.9138609766960144,3,3,True
vit_b_16,vit_b_16_linear_head,d8_right,4341,4341,6,0.9556354880332947,6,6,True
vit_b_16,vit_b_16_linear_head,d8_right,4355,4355,8,0.9126826524734497,0,0,True
vit_b_16,vit_b_16_linear_head,d8_right,4399,4399,0,0.8709530830383301,0,0,True
vit_b_16,vit_b_16_linear_head,d8_right,4403,4403,7,0.9747378826141357,7,7,True
vit_b_16,vit_b_16_linear_head,d8_right,4411,4411,6,0.9320654273033142,6,6,True
vit_b_16,vit_b_16_linear_head,d8_right,4449,4449,9,0.9418118000030518,9,9,True
vit_b_16,vit_b_16_linear_head,d8_right,4463,4463,3,0.8802562952041626,3,3,True
vit_b_16,vit_b_16_linear_head,d8_right,4531,4531,3,0.9477304220199585,3,3,True
vit_b_16,vit_b_16_linear_head,d8_right,4539,4539,0,0.9738936424255371,0,0,True
vit_b_16,vit_b_16_linear_head,d8_right,4547,4547,5,0.9570671319961548,5,5,True
vit_b_16,vit_b_16_linear_head,d8_right,4552,4552,8,0.9478443264961243,8,8,True
vit_b_16,vit_b_16_linear_head,d8_right,4570,4570,5,0.9481799602508545,5,5,True
vit_b_16,vit_b_16_linear_head,d8_right,4590,4590,3,0.9671456217765808,3,3,True
vit_b_16,vit_b_16_linear_head,d8_right,4609,4609,3,0.7785400748252869,3,3,True
vit_b_16,vit_b_16_linear_head,d8_right,4615,4615,0,0.9727606773376465,0,0,True
vit_b_16,vit_b_16_linear_head,d8_right,4617,4617,0,0.973307192325592,0,0,True
vit_b_16,vit_b_16_linear_head,d8_right,4620,4620,6,0.9475159645080566,6,6,True
vit_b_16,vit_b_16_linear_head,d8_right,4629,4629,4,0.9371399879455566,4,4,True
vit_b_16,vit_b_16_linear_head,d8_right,4640,4640,1,0.9155980944633484,1,1,True
vit_b_16,vit_b_16_linear_head,d8_right,4642,4642,4,0.9202079176902771,4,4,True
vit_b_16,vit_b_16_linear_head,d8_right,4661,4661,7,0.9716971516609192,7,7,True
vit_b_16,vit_b_16_linear_head,d8_right,4662,4662,8,0.9817273020744324,8,8,True
vit_b_16,vit_b_16_linear_head,d8_right,4675,4675,0,0.9757639169692993,0,0,True
vit_b_16,vit_b_16_linear_head,d8_right,4676,4676,8,0.9427367448806763,8,8,True
vit_b_16,vit_b_16_linear_head,d8_right,4704,4704,7,0.9302687644958496,7,7,True
vit_b_16,vit_b_16_linear_head,d8_right,4723,4723,9,0.9248235821723938,9,9,True
vit_b_16,vit_b_16_linear_head,d8_right,4731,4731,6,0.9516919851303101,6,6,True
vit_b_16,vit_b_16_linear_head,d8_right,4735,4735,2,0.9642840623855591,2,2,True
vit_b_16,vit_b_16_linear_head,d8_right,4740,4740,4,0.8916290998458862,4,4,True
vit_b_16,vit_b_16_linear_head,d8_right,4746,4746,6,0.9432264566421509,6,6,True
vit_b_16,vit_b_16_linear_head,d8_right,4748,4748,7,0.987165093421936,7,7,True
vit_b_16,vit_b_16_linear_head,d8_right,4754,4754,6,0.950459897518158,6,6,True
vit_b_16,vit_b_16_linear_head,d8_right,4785,4785,0,0.9879915714263916,0,0,True
vit_b_16,vit_b_16_linear_head,d8_right,4791,4791,7,0.9836110472679138,7,7,True
vit_b_16,vit_b_16_linear_head,d8_right,4819,4819,0,0.965956449508667,0,0,True
vit_b_16,vit_b_16_linear_head,d8_right,4821,4821,3,0.9580521583557129,3,3,True
vit_b_16,vit_b_16_linear_head,d8_right,4827,4827,6,0.9353826642036438,6,6,True
vit_b_16,vit_b_16_linear_head,d8_right,4850,4850,5,0.9049174189567566,5,5,True
vit_b_16,vit_b_16_linear_head,d8_right,4881,4881,3,0.9103955030441284,3,3,True
vit_b_16,vit_b_16_linear_head,d8_right,4893,4893,0,0.9426048994064331,0,0,True
vit_b_16,vit_b_16_linear_head,d8_right,4908,4908,3,0.9691689014434814,3,3,True
vit_b_16,vit_b_16_linear_head,d8_right,4913,4913,2,0.9681216478347778,2,2,True
vit_b_16,vit_b_16_linear_head,d8_right,4921,4921,2,0.9583460092544556,2,2,True
vit_b_16,vit_b_16_linear_head,d8_right,4953,4953,5,0.8890105485916138,5,5,True
vit_b_16,vit_b_16_linear_head,d8_right,4966,4966,5,0.9367954730987549,5,5,True
vit_b_16,vit_b_16_linear_head,d8_right,4990,4990,8,0.9441026449203491,8,8,True
vit_b_16,vit_b_16_linear_head,d8_right,5000,5000,8,0.9618603587150574,8,8,True
vit_b_16,vit_b_16_linear_head,d8_right,5030,5030,2,0.9691521525382996,2,2,True
vit_b_16,vit_b_16_linear_head,d8_right,5062,5062,4,0.9019738435745239,4,4,True
vit_b_16,vit_b_16_linear_head,d8_right,5077,5077,4,0.9748440980911255,4,4,True
vit_b_16,vit_b_16_linear_head,d8_right,5082,5082,6,0.9860478639602661,6,6,True
vit_b_16,vit_b_16_linear_head,d8_right,5092,5092,1,0.9731439352035522,1,1,True
vit_b_16,vit_b_16_linear_head,d8_right,5101,5101,5,0.9748426675796509,2,2,True
vit_b_16,vit_b_16_linear_head,d8_right,5117,5117,0,0.9580941796302795,0,0,True
vit_b_16,vit_b_16_linear_head,d8_right,5123,5123,1,0.965170681476593,1,1,True
vit_b_16,vit_b_16_linear_head,d8_right,5135,5135,4,0.9417071342468262,4,4,True
vit_b_16,vit_b_16_linear_head,d8_right,5183,5183,2,0.9765653610229492,2,2,True
vit_b_16,vit_b_16_linear_head,d8_right,5213,5213,4,0.9550229907035828,4,4,True
vit_b_16,vit_b_16_linear_head,d8_right,5218,5218,2,0.9857203960418701,2,2,True
vit_b_16,vit_b_16_linear_head,d8_right,5220,5220,1,0.8663198947906494,1,1,True
vit_b_16,vit_b_16_linear_head,d8_right,5237,5237,2,0.9559668302536011,2,2,True
vit_b_16,vit_b_16_linear_head,d8_right,5256,5256,1,0.8204365968704224,1,1,True
vit_b_16,vit_b_16_linear_head,d8_right,5284,5284,9,0.9299955368041992,9,9,True
vit_b_16,vit_b_16_linear_head,d8_right,5301,5301,9,0.9404627084732056,9,9,True
vit_b_16,vit_b_16_linear_head,d8_right,5318,5318,2,0.9414966106414795,2,2,True
vit_b_16,vit_b_16_linear_head,d8_right,5332,5332,5,0.9066554307937622,5,5,True
vit_b_16,vit_b_16_linear_head,d8_right,5333,5333,2,0.9666323661804199,2,2,True
vit_b_16,vit_b_16_linear_head,d8_right,5360,5360,9,0.9614625573158264,9,9,True
vit_b_16,vit_b_16_linear_head,d8_right,5381,5381,5,0.9490670561790466,5,5,True
vit_b_16,vit_b_16_linear_head,d8_right,5382,5382,6,0.9580473899841309,6,6,True
vit_b_16,vit_b_16_linear_head,d8_right,5395,5395,2,0.9344462752342224,2,2,True
vit_b_16,vit_b_16_linear_head,d8_right,5402,5402,4,0.945594847202301,4,4,True
vit_b_16,vit_b_16_linear_head,d8_right,5408,5408,6,0.9366258978843689,6,6,True
vit_b_16,vit_b_16_linear_head,d8_right,5436,5436,7,0.9907655715942383,7,7,True
vit_b_16,vit_b_16_linear_head,d8_right,5447,5447,9,0.9600418210029602,9,9,True
vit_b_16,vit_b_16_linear_head,d8_right,5450,5450,7,0.987952470779419,7,7,True
vit_b_16,vit_b_16_linear_head,d8_right,5451,5451,8,0.9836553335189819,8,8,True
vit_b_16,vit_b_16_linear_head,d8_right,5452,5452,9,0.9598026275634766,9,9,True
vit_b_16,vit_b_16_linear_head,d8_right,5467,5467,4,0.9270355701446533,4,4,True
vit_b_16,vit_b_16_linear_head,d8_right,5478,5478,0,0.9346413612365723,0,0,True
vit_b_16,vit_b_16_linear_head,d8_right,5488,5488,1,0.9708870649337769,1,7,False
vit_b_16,vit_b_16_linear_head,d8_right,5496,5496,5,0.9799447655677795,5,5,True
vit_b_16,vit_b_16_linear_head,d8_right,5508,5508,9,0.9775505065917969,9,9,True
vit_b_16,vit_b_16_linear_head,d8_right,5512,5512,2,0.8867600560188293,9,9,True
vit_b_16,vit_b_16_linear_head,d8_right,5525,5525,8,0.9682148098945618,8,8,True
vit_b_16,vit_b_16_linear_head,d8_right,5528,5528,3,0.9494273066520691,3,3,True
vit_b_16,vit_b_16_linear_head,d8_right,5556,5556,4,0.9697433710098267,4,4,True
vit_b_16,vit_b_16_linear_head,d8_right,5560,5560,1,0.985697329044342,1,1,True
vit_b_16,vit_b_16_linear_head,d8_right,5572,5572,9,0.9558989405632019,9,9,True
vit_b_16,vit_b_16_linear_head,d8_right,5580,5580,6,0.9179462790489197,5,6,False
vit_b_16,vit_b_16_linear_head,d8_right,5590,5590,9,0.9575177431106567,9,9,True
vit_b_16,vit_b_16_linear_head,d8_right,5623,5623,4,0.9244829416275024,4,4,True
vit_b_16,vit_b_16_linear_head,d8_right,5677,5677,2,0.9387445449829102,2,2,True
vit_b_16,vit_b_16_linear_head,d8_right,5694,5694,8,0.9847790002822876,8,8,True
vit_b_16,vit_b_16_linear_head,d8_right,5701,5701,5,0.9417996406555176,5,5,True
vit_b_16,vit_b_16_linear_head,d8_right,5705,5705,8,0.8826383948326111,8,8,True
vit_b_16,vit_b_16_linear_head,d8_right,5719,5719,7,0.9874299764633179,7,7,True
vit_b_16,vit_b_16_linear_head,d8_right,5729,5729,6,0.9597540497779846,6,6,True
vit_b_16,vit_b_16_linear_head,d8_right,5756,5756,2,0.9595800042152405,2,2,True
vit_b_16,vit_b_16_linear_head,d8_right,5788,5788,9,0.9709389209747314,9,9,True
vit_b_16,vit_b_16_linear_head,d8_right,5789,5789,4,0.9080843329429626,4,4,True
vit_b_16,vit_b_16_linear_head,d8_right,5824,5824,2,0.9341884851455688,2,2,True
vit_b_16,vit_b_16_linear_head,d8_right,5848,5848,7,0.984458327293396,7,7,True
vit_b_16,vit_b_16_linear_head,d8_right,5851,5851,9,0.9867029190063477,9,9,True
vit_b_16,vit_b_16_linear_head,d8_right,5857,5857,6,0.9209502339363098,4,4,True
vit_b_16,vit_b_16_linear_head,d8_right,5858,5858,6,0.9605516195297241,6,6,True
vit_b_16,vit_b_16_linear_head,d8_right,5912,5912,0,0.9542855620384216,0,0,True
vit_b_16,vit_b_16_linear_head,d8_right,5915,5915,9,0.957648754119873,9,9,True
vit_b_16,vit_b_16_linear_head,d8_right,5918,5918,0,0.9642678499221802,0,0,True
vit_b_16,vit_b_16_linear_head,d8_right,5924,5924,5,0.9764158725738525,5,5,True
vit_b_16,vit_b_16_linear_head,d8_right,5977,5977,7,0.9872344732284546,7,7,True
vit_b_16,vit_b_16_linear_head,d8_right,5981,5981,9,0.9276008009910583,9,9,True
vit_b_16,vit_b_16_linear_head,d8_right,5999,5999,0,0.936830997467041,0,0,True
vit_b_16,vit_b_16_linear_head,d8_right,6028,6028,2,0.9410836100578308,2,2,True
vit_b_16,vit_b_16_linear_head,d8_right,6033,6033,4,0.9236598610877991,4,4,True
vit_b_16,vit_b_16_linear_head,d8_right,6076,6076,1,0.9703950881958008,1,1,True
vit_b_16,vit_b_16_linear_head,d8_right,6084,6084,7,0.9872320890426636,7,7,True
vit_b_16,vit_b_16_linear_head,d8_right,6097,6097,4,0.9600545763969421,4,4,True
vit_b_16,vit_b_16_linear_head,d8_right,6169,6169,1,0.976820170879364,1,1,True
vit_b_16,vit_b_16_linear_head,d8_right,6190,6190,7,0.9803865551948547,7,7,True
vit_b_16,vit_b_16_linear_head,d8_right,6224,6224,5,0.975640594959259,5,5,True
vit_b_16,vit_b_16_linear_head,d8_right,6244,6244,2,0.8860193490982056,2,2,True
vit_b_16,vit_b_16_linear_head,d8_right,6264,6264,2,0.9377731084823608,2,2,True
vit_b_16,vit_b_16_linear_head,d8_right,6271,6271,2,0.9766111969947815,2,2,True
vit_b_16,vit_b_16_linear_head,d8_right,6288,6288,4,0.9591832756996155,4,4,True
vit_b_16,vit_b_16_linear_head,d8_right,6332,6332,2,0.949934184551239,2,2,True
vit_b_16,vit_b_16_linear_head,d8_right,6349,6349,1,0.9148493409156799,1,1,True
vit_b_16,vit_b_16_linear_head,d8_right,6354,6354,2,0.9324543476104736,2,2,True
vit_b_16,vit_b_16_linear_head,d8_right,6358,6358,5,0.9412224292755127,5,5,True
vit_b_16,vit_b_16_linear_head,d8_right,6381,6381,6,0.9487100839614868,6,6,True
vit_b_16,vit_b_16_linear_head,d8_right,6414,6414,5,0.9240784645080566,5,5,True
vit_b_16,vit_b_16_linear_head,d8_right,6426,6426,2,0.9461544156074524,2,2,True
vit_b_16,vit_b_16_linear_head,d8_right,6434,6434,8,0.9622342586517334,8,8,True
vit_b_16,vit_b_16_linear_head,d8_right,6437,6437,0,0.9740052223205566,0,0,True
vit_b_16,vit_b_16_linear_head,d8_right,6455,6455,0,0.9598236680030823,0,0,True
vit_b_16,vit_b_16_linear_head,d8_right,6490,6490,3,0.9560927152633667,3,3,True
vit_b_16,vit_b_16_linear_head,d8_right,6503,6503,2,0.9496815204620361,2,2,True
vit_b_16,vit_b_16_linear_head,d8_right,6508,6508,4,0.9352777600288391,4,4,True
vit_b_16,vit_b_16_linear_head,d8_right,6528,6528,4,0.9515461921691895,4,4,True
vit_b_16,vit_b_16_linear_head,d8_right,6594,6594,1,0.9704106450080872,1,1,True
vit_b_16,vit_b_16_linear_head,d8_right,6609,6609,0,0.9793338775634766,0,0,True
vit_b_16,vit_b_16_linear_head,d8_right,6616,6616,2,0.9632515907287598,2,2,True
vit_b_16,vit_b_16_linear_head,d8_right,6650,6650,7,0.8819481730461121,7,7,True
vit_b_16,vit_b_16_linear_head,d8_right,6689,6689,8,0.9547998309135437,8,8,True
vit_b_16,vit_b_16_linear_head,d8_right,6692,6692,2,0.931718647480011,2,2,True
vit_b_16,vit_b_16_linear_head,d8_right,6713,6713,6,0.9640297293663025,6,6,True
vit_b_16,vit_b_16_linear_head,d8_right,6716,6716,5,0.9436924457550049,6,6,True
vit_b_16,vit_b_16_linear_head,d8_right,6726,6726,7,0.9806883335113525,7,7,True
vit_b_16,vit_b_16_linear_head,d8_right,6733,6733,1,0.9841538667678833,1,1,True
vit_b_16,vit_b_16_linear_head,d8_right,6772,6772,7,0.8490598201751709,7,7,True
vit_b_16,vit_b_16_linear_head,d8_right,6805,6805,1,0.9794312715530396,1,1,True
vit_b_16,vit_b_16_linear_head,d8_right,6836,6836,1,0.968902051448822,1,1,True
vit_b_16,vit_b_16_linear_head,d8_right,6844,6844,0,0.9647564888000488,0,0,True
vit_b_16,vit_b_16_linear_head,d8_right,6922,6922,5,0.9576327800750732,5,5,True
vit_b_16,vit_b_16_linear_head,d8_right,6931,6931,9,0.9507783651351929,9,9,True
vit_b_16,vit_b_16_linear_head,d8_right,6938,6938,1,0.9752923250198364,1,1,True
vit_b_16,vit_b_16_linear_head,d8_right,6952,6952,3,0.9136195778846741,3,3,True
vit_b_16,vit_b_16_linear_head,d8_right,6954,6954,1,0.9577584266662598,1,1,True
vit_b_16,vit_b_16_linear_head,d8_right,6986,6986,0,0.9740104079246521,0,0,True
vit_b_16,vit_b_16_linear_head,d8_right,6989,6989,5,0.9911665320396423,5,5,True
vit_b_16,vit_b_16_linear_head,d8_right,7009,7009,0,0.9687041640281677,0,0,True
vit_b_16,vit_b_16_linear_head,d8_right,7029,7029,1,0.9841165542602539,1,1,True
vit_b_16,vit_b_16_linear_head,d8_right,7033,7033,1,0.9561400413513184,1,1,True
vit_b_16,vit_b_16_linear_head,d8_right,7041,7041,5,0.9539026021957397,5,5,True
vit_b_16,vit_b_16_linear_head,d8_right,7047,7047,9,0.9806722402572632,9,9,True
vit_b_16,vit_b_16_linear_head,d8_right,7081,7081,7,0.973042368888855,7,7,True
vit_b_16,vit_b_16_linear_head,d8_right,7084,7084,2,0.9567283987998962,2,2,True
vit_b_16,vit_b_16_linear_head,d8_right,7108,7108,6,0.9405705332756042,6,6,True
vit_b_16,vit_b_16_linear_head,d8_right,7130,7130,5,0.9802378416061401,5,5,True
vit_b_16,vit_b_16_linear_head,d8_right,7138,7138,8,0.9734164476394653,8,8,True
vit_b_16,vit_b_16_linear_head,d8_right,7150,7150,0,0.978601336479187,0,0,True
vit_b_16,vit_b_16_linear_head,d8_right,7202,7202,1,0.9769617319107056,1,1,True
vit_b_16,vit_b_16_linear_head,d8_right,7262,7262,0,0.9826705455780029,0,0,True
vit_b_16,vit_b_16_linear_head,d8_right,7266,7266,9,0.8526043891906738,9,9,True
vit_b_16,vit_b_16_linear_head,d8_right,7270,7270,7,0.9327259063720703,7,7,True
vit_b_16,vit_b_16_linear_head,d8_right,7309,7309,0,0.9596142768859863,0,0,True
vit_b_16,vit_b_16_linear_head,d8_right,7320,7320,0,0.9556670188903809,0,0,True
vit_b_16,vit_b_16_linear_head,d8_right,7338,7338,6,0.934209942817688,6,6,True
vit_b_16,vit_b_16_linear_head,d8_right,7372,7372,0,0.9849144816398621,0,0,True
vit_b_16,vit_b_16_linear_head,d8_right,7373,7373,0,0.9718388915061951,0,0,True
vit_b_16,vit_b_16_linear_head,d8_right,7380,7380,9,0.975895881652832,9,9,True
vit_b_16,vit_b_16_linear_head,d8_right,7390,7390,1,0.9763343930244446,1,1,True
vit_b_16,vit_b_16_linear_head,d8_right,7413,7413,5,0.9700309038162231,5,5,True
vit_b_16,vit_b_16_linear_head,d8_right,7416,7416,3,0.9021325707435608,3,3,True
vit_b_16,vit_b_16_linear_head,d8_right,7425,7425,2,0.9643570184707642,2,2,True
vit_b_16,vit_b_16_linear_head,d8_right,7446,7446,8,0.9559789896011353,8,8,True
vit_b_16,vit_b_16_linear_head,d8_right,7460,7460,8,0.9539058804512024,8,8,True
vit_b_16,vit_b_16_linear_head,d8_right,7465,7465,0,0.9568984508514404,0,0,True
vit_b_16,vit_b_16_linear_head,d8_right,7474,7474,5,0.9412751197814941,5,5,True
vit_b_16,vit_b_16_linear_head,d8_right,7475,7475,4,0.9473581314086914,4,4,True
vit_b_16,vit_b_16_linear_head,d8_right,7476,7476,8,0.961125910282135,0,8,False
vit_b_16,vit_b_16_linear_head,d8_right,7544,7544,9,0.9299851059913635,9,9,True
vit_b_16,vit_b_16_linear_head,d8_right,7555,7555,6,0.9446486830711365,6,6,True
vit_b_16,vit_b_16_linear_head,d8_right,7600,7600,6,0.9568589925765991,6,6,True
vit_b_16,vit_b_16_linear_head,d8_right,7610,7610,4,0.9629393219947815,4,4,True
vit_b_16,vit_b_16_linear_head,d8_right,7634,7634,0,0.9757789373397827,0,0,True
vit_b_16,vit_b_16_linear_head,d8_right,7692,7692,4,0.960372269153595,4,4,True
vit_b_16,vit_b_16_linear_head,d8_right,7706,7706,5,0.9389111995697021,5,5,True
vit_b_16,vit_b_16_linear_head,d8_right,7726,7726,6,0.8863725662231445,6,6,True
vit_b_16,vit_b_16_linear_head,d8_right,7744,7744,3,0.859923779964447,3,3,True
vit_b_16,vit_b_16_linear_head,d8_right,7752,7752,9,0.9598573446273804,9,9,True
vit_b_16,vit_b_16_linear_head,d8_right,7776,7776,5,0.9765443801879883,5,5,True
vit_b_16,vit_b_16_linear_head,d8_right,7779,7779,6,0.9272357821464539,6,6,True
vit_b_16,vit_b_16_linear_head,d8_right,7781,7781,6,0.9682822227478027,6,6,True
vit_b_16,vit_b_16_linear_head,d8_right,7793,7793,3,0.9475146532058716,7,7,True
vit_b_16,vit_b_16_linear_head,d8_right,7797,7797,3,0.9510389566421509,3,3,True
vit_b_16,vit_b_16_linear_head,d8_right,7810,7810,8,0.9511126279830933,8,8,True
vit_b_16,vit_b_16_linear_head,d8_right,7818,7818,8,0.9627142548561096,8,8,True
vit_b_16,vit_b_16_linear_head,d8_right,7835,7835,7,0.973393976688385,7,7,True
vit_b_16,vit_b_16_linear_head,d8_right,7864,7864,4,0.9638908505439758,4,4,True
vit_b_16,vit_b_16_linear_head,d8_right,7875,7875,8,0.9693484306335449,8,8,True
vit_b_16,vit_b_16_linear_head,d8_right,7938,7938,9,0.9544293284416199,9,9,True
vit_b_16,vit_b_16_linear_head,d8_right,7940,7940,4,0.9279505014419556,4,4,True
vit_b_16,vit_b_16_linear_head,d8_right,7944,7944,4,0.9458526968955994,4,4,True
vit_b_16,vit_b_16_linear_head,d8_right,7955,7955,1,0.9747779965400696,1,1,True
vit_b_16,vit_b_16_linear_head,d8_right,7995,7995,9,0.9535854458808899,9,9,True
vit_b_16,vit_b_16_linear_head,d8_right,7996,7996,6,0.933803915977478,6,6,True
vit_b_16,vit_b_16_linear_head,d8_right,7999,7999,8,0.9624975919723511,8,8,True
vit_b_16,vit_b_16_linear_head,d16_up,3,3,0,0.997094988822937,0,0,True
vit_b_16,vit_b_16_linear_head,d16_up,29,29,7,0.9118249416351318,7,7,True
vit_b_16,vit_b_16_linear_head,d16_up,35,35,2,0.9691929817199707,2,2,True
vit_b_16,vit_b_16_linear_head,d16_up,42,42,0,0.9914936423301697,0,0,True
vit_b_16,vit_b_16_linear_head,d16_up,49,49,2,0.998531699180603,2,2,True
vit_b_16,vit_b_16_linear_head,d16_up,81,81,0,0.9373590350151062,0,0,True
vit_b_16,vit_b_16_linear_head,d16_up,95,95,1,0.9818964600563049,1,1,True
vit_b_16,vit_b_16_linear_head,d16_up,97,97,5,0.9936740398406982,5,5,True
vit_b_16,vit_b_16_linear_head,d16_up,116,116,1,0.9867597818374634,1,1,True
vit_b_16,vit_b_16_linear_head,d16_up,131,131,9,0.9583319425582886,9,9,True
vit_b_16,vit_b_16_linear_head,d16_up,151,151,8,0.9673260450363159,8,8,True
vit_b_16,vit_b_16_linear_head,d16_up,171,171,4,0.9728614687919617,4,4,True
vit_b_16,vit_b_16_linear_head,d16_up,176,176,3,0.9763673543930054,3,3,True
vit_b_16,vit_b_16_linear_head,d16_up,191,191,9,0.9985436201095581,9,9,True
vit_b_16,vit_b_16_linear_head,d16_up,194,194,8,0.9677424430847168,8,8,True
vit_b_16,vit_b_16_linear_head,d16_up,198,198,1,0.9778023958206177,1,1,True
vit_b_16,vit_b_16_linear_head,d16_up,239,239,9,0.9979862570762634,9,9,True
vit_b_16,vit_b_16_linear_head,d16_up,261,261,1,0.9934484958648682,5,5,True
vit_b_16,vit_b_16_linear_head,d16_up,269,269,7,0.9727555513381958,7,7,True
vit_b_16,vit_b_16_linear_head,d16_up,276,276,9,0.9831544160842896,9,9,True
vit_b_16,vit_b_16_linear_head,d16_up,303,303,9,0.9904487133026123,9,9,True
vit_b_16,vit_b_16_linear_head,d16_up,304,304,1,0.9373936653137207,1,7,False
vit_b_16,vit_b_16_linear_head,d16_up,317,317,2,0.9918238520622253,2,2,True
vit_b_16,vit_b_16_linear_head,d16_up,319,319,5,0.9795616269111633,5,5,True
vit_b_16,vit_b_16_linear_head,d16_up,323,323,7,0.9909390211105347,7,7,True
vit_b_16,vit_b_16_linear_head,d16_up,365,365,3,0.9861178398132324,3,3,True
vit_b_16,vit_b_16_linear_head,d16_up,370,370,7,0.987128734588623,7,7,True
vit_b_16,vit_b_16_linear_head,d16_up,372,372,3,0.9782334566116333,3,3,True
vit_b_16,vit_b_16_linear_head,d16_up,378,378,5,0.9925787448883057,5,5,True
vit_b_16,vit_b_16_linear_head,d16_up,391,391,3,0.9945542216300964,3,3,True
vit_b_16,vit_b_16_linear_head,d16_up,409,409,2,0.9945214986801147,2,2,True
vit_b_16,vit_b_16_linear_head,d16_up,419,419,9,0.995186448097229,9,9,True
vit_b_16,vit_b_16_linear_head,d16_up,449,449,6,0.9871667623519897,6,6,True
vit_b_16,vit_b_16_linear_head,d16_up,470,470,2,0.9972121715545654,2,2,True
vit_b_16,vit_b_16_linear_head,d16_up,483,483,2,0.9396349191665649,2,2,True
vit_b_16,vit_b_16_linear_head,d16_up,484,484,0,0.9522559642791748,0,0,True
vit_b_16,vit_b_16_linear_head,d16_up,506,506,4,0.9838828444480896,4,4,True
vit_b_16,vit_b_16_linear_head,d16_up,545,545,6,0.9298118352890015,6,6,True
vit_b_16,vit_b_16_linear_head,d16_up,562,562,0,0.9878423810005188,0,0,True
vit_b_16,vit_b_16_linear_head,d16_up,568,568,5,0.9862523078918457,5,5,True
vit_b_16,vit_b_16_linear_head,d16_up,603,603,9,0.9971946477890015,9,9,True
vit_b_16,vit_b_16_linear_head,d16_up,632,632,3,0.9898802042007446,3,3,True
vit_b_16,vit_b_16_linear_head,d16_up,645,645,5,0.9895811676979065,5,5,True
vit_b_16,vit_b_16_linear_head,d16_up,667,667,8,0.9763771295547485,8,8,True
vit_b_16,vit_b_16_linear_head,d16_up,672,672,3,0.9877504110336304,3,3,True
vit_b_16,vit_b_16_linear_head,d16_up,677,677,3,0.9031538367271423,3,3,True
vit_b_16,vit_b_16_linear_head,d16_up,685,685,5,0.9893685579299927,5,5,True
vit_b_16,vit_b_16_linear_head,d16_up,691,691,4,0.9957781434059143,4,4,True
vit_b_16,vit_b_16_linear_head,d16_up,706,706,8,0.987370491027832,8,8,True
vit_b_16,vit_b_16_linear_head,d16_up,714,714,2,0.964402973651886,2,2,True
vit_b_16,vit_b_16_linear_head,d16_up,716,716,8,0.9968017339706421,8,8,True
vit_b_16,vit_b_16_linear_head,d16_up,738,738,3,0.9118307828903198,3,3,True
vit_b_16,vit_b_16_linear_head,d16_up,739,739,8,0.9798521399497986,8,8,True
vit_b_16,vit_b_16_linear_head,d16_up,766,766,4,0.9693642854690552,6,6,True
vit_b_16,vit_b_16_linear_head,d16_up,791,791,3,0.9291345477104187,3,3,True
vit_b_16,vit_b_16_linear_head,d16_up,805,805,9,0.9732891321182251,9,9,True
vit_b_16,vit_b_16_linear_head,d16_up,825,825,1,0.9929051995277405,1,1,True
vit_b_16,vit_b_16_linear_head,d16_up,852,852,9,0.9984918832778931,9,9,True
vit_b_16,vit_b_16_linear_head,d16_up,855,855,4,0.9421720504760742,4,4,True
vit_b_16,vit_b_16_linear_head,d16_up,873,873,6,0.9885382652282715,6,6,True
vit_b_16,vit_b_16_linear_head,d16_up,890,890,6,0.9737208485603333,6,6,True
vit_b_16,vit_b_16_linear_head,d16_up,920,920,6,0.9805157780647278,6,6,True
vit_b_16,vit_b_16_linear_head,d16_up,929,929,6,0.9798158407211304,6,6,True
vit_b_16,vit_b_16_linear_head,d16_up,962,962,8,0.9965944290161133,8,8,True
vit_b_16,vit_b_16_linear_head,d16_up,964,964,6,0.9330994486808777,6,6,True
vit_b_16,vit_b_16_linear_head,d16_up,977,977,6,0.957505464553833,6,6,True
vit_b_16,vit_b_16_linear_head,d16_up,979,979,3,0.9748722910881042,3,3,True
vit_b_16,vit_b_16_linear_head,d16_up,981,981,2,0.9943704605102539,2,2,True
vit_b_16,vit_b_16_linear_head,d16_up,1022,1022,9,0.9964615702629089,9,9,True
vit_b_16,vit_b_16_linear_head,d16_up,1032,1032,7,0.9900939464569092,7,7,True
vit_b_16,vit_b_16_linear_head,d16_up,1048,1048,7,0.9696366786956787,7,7,True
vit_b_16,vit_b_16_linear_head,d16_up,1090,1090,1,0.985663890838623,1,1,True
vit_b_16,vit_b_16_linear_head,d16_up,1095,1095,5,0.9884984493255615,5,5,True
vit_b_16,vit_b_16_linear_head,d16_up,1109,1109,1,0.9870628714561462,1,1,True
vit_b_16,vit_b_16_linear_head,d16_up,1111,1111,4,0.9985723495483398,4,4,True
vit_b_16,vit_b_16_linear_head,d16_up,1115,1115,1,0.8469512462615967,1,1,True
vit_b_16,vit_b_16_linear_head,d16_up,1124,1124,4,0.9933912754058838,4,4,True
vit_b_16,vit_b_16_linear_head,d16_up,1129,1129,8,0.9711041450500488,8,8,True
vit_b_16,vit_b_16_linear_head,d16_up,1175,1175,0,0.9989457130432129,0,0,True
vit_b_16,vit_b_16_linear_head,d16_up,1202,1202,2,0.9796466827392578,2,2,True
vit_b_16,vit_b_16_linear_head,d16_up,1204,1204,3,0.9468661546707153,3,3,True
vit_b_16,vit_b_16_linear_head,d16_up,1211,1211,4,0.9468125104904175,4,4,True
vit_b_16,vit_b_16_linear_head,d16_up,1220,1220,7,0.9969663619995117,7,7,True
vit_b_16,vit_b_16_linear_head,d16_up,1230,1230,1,0.9790182113647461,1,1,True
vit_b_16,vit_b_16_linear_head,d16_up,1247,1247,8,0.9947503805160522,8,8,True
vit_b_16,vit_b_16_linear_head,d16_up,1263,1263,3,0.9696890711784363,3,3,True
vit_b_16,vit_b_16_linear_head,d16_up,1266,1266,4,0.9781824946403503,4,4,True
vit_b_16,vit_b_16_linear_head,d16_up,1287,1287,7,0.9920768737792969,7,7,True
vit_b_16,vit_b_16_linear_head,d16_up,1296,1296,7,0.911238968372345,7,7,True
vit_b_16,vit_b_16_linear_head,d16_up,1370,1370,3,0.9169038534164429,3,3,True
vit_b_16,vit_b_16_linear_head,d16_up,1389,1389,0,0.9892908334732056,0,0,True
vit_b_16,vit_b_16_linear_head,d16_up,1401,1401,3,0.9637376070022583,3,3,True
vit_b_16,vit_b_16_linear_head,d16_up,1403,1403,2,0.9522480368614197,2,2,True
vit_b_16,vit_b_16_linear_head,d16_up,1411,1411,9,0.9943227767944336,9,9,True
vit_b_16,vit_b_16_linear_head,d16_up,1429,1429,4,0.970121443271637,4,4,True
vit_b_16,vit_b_16_linear_head,d16_up,1430,1430,9,0.9326672554016113,9,9,True
vit_b_16,vit_b_16_linear_head,d16_up,1431,1431,3,0.8996682167053223,3,3,True
vit_b_16,vit_b_16_linear_head,d16_up,1436,1436,1,0.9864756464958191,1,1,True
vit_b_16,vit_b_16_linear_head,d16_up,1440,1440,7,0.9895693063735962,7,7,True
vit_b_16,vit_b_16_linear_head,d16_up,1468,1468,9,0.9878912568092346,9,9,True
vit_b_16,vit_b_16_linear_head,d16_up,1473,1473,7,0.9916249513626099,7,7,True
vit_b_16,vit_b_16_linear_head,d16_up,1515,1515,9,0.9974136352539062,9,9,True
vit_b_16,vit_b_16_linear_head,d16_up,1520,1520,2,0.9664558172225952,2,2,True
vit_b_16,vit_b_16_linear_head,d16_up,1531,1531,3,0.9960997104644775,3,3,True
vit_b_16,vit_b_16_linear_head,d16_up,1534,1534,6,0.926133930683136,6,6,True
vit_b_16,vit_b_16_linear_head,d16_up,1552,1552,5,0.9946456551551819,5,5,True
vit_b_16,vit_b_16_linear_head,d16_up,1553,1553,0,0.9938453435897827,0,0,True
vit_b_16,vit_b_16_linear_head,d16_up,1563,1563,3,0.9377992749214172,3,3,True
vit_b_16,vit_b_16_linear_head,d16_up,1568,1568,1,0.9565751552581787,1,1,True
vit_b_16,vit_b_16_linear_head,d16_up,1579,1579,7,0.9844343662261963,7,7,True
vit_b_16,vit_b_16_linear_head,d16_up,1586,1586,2,0.9292832612991333,2,2,True
vit_b_16,vit_b_16_linear_head,d16_up,1596,1596,0,0.9931685924530029,0,0,True
vit_b_16,vit_b_16_linear_head,d16_up,1626,1626,5,0.980648398399353,5,5,True
vit_b_16,vit_b_16_linear_head,d16_up,1640,1640,8,0.9254571795463562,8,8,True
vit_b_16,vit_b_16_linear_head,d16_up,1644,1644,5,0.9787881970405579,5,5,True
vit_b_16,vit_b_16_linear_head,d16_up,1648,1648,0,0.9588353633880615,0,0,True
vit_b_16,vit_b_16_linear_head,d16_up,1654,1654,9,0.9988934993743896,9,9,True
vit_b_16,vit_b_16_linear_head,d16_up,1667,1667,6,0.9832506775856018,6,6,True
vit_b_16,vit_b_16_linear_head,d16_up,1703,1703,7,0.9698954820632935,7,7,True
vit_b_16,vit_b_16_linear_head,d16_up,1711,1711,7,0.9739953279495239,7,7,True
vit_b_16,vit_b_16_linear_head,d16_up,1771,1771,7,0.9764717817306519,7,7,True
vit_b_16,vit_b_16_linear_head,d16_up,1783,1783,8,0.991105318069458,8,8,True
vit_b_16,vit_b_16_linear_head,d16_up,1814,1814,2,0.9967681169509888,2,2,True
vit_b_16,vit_b_16_linear_head,d16_up,1833,1833,8,0.9808823466300964,8,8,True
vit_b_16,vit_b_16_linear_head,d16_up,1836,1836,9,0.9942575097084045,9,9,True
vit_b_16,vit_b_16_linear_head,d16_up,1839,1839,2,0.990993320941925,2,2,True
vit_b_16,vit_b_16_linear_head,d16_up,1852,1852,1,0.9502624273300171,1,1,True
vit_b_16,vit_b_16_linear_head,d16_up,1871,1871,1,0.9866471290588379,1,1,True
vit_b_16,vit_b_16_linear_head,d16_up,1877,1877,5,0.9847508668899536,5,5,True
vit_b_16,vit_b_16_linear_head,d16_up,1884,1884,7,0.9216729998588562,7,7,True
vit_b_16,vit_b_16_linear_head,d16_up,1927,1927,7,0.9827800989151001,7,7,True
vit_b_16,vit_b_16_linear_head,d16_up,1954,1954,8,0.9847187399864197,8,8,True
vit_b_16,vit_b_16_linear_head,d16_up,1956,1956,7,0.9646673202514648,7,7,True
vit_b_16,vit_b_16_linear_head,d16_up,1960,1960,4,0.9946191310882568,5,5,True
vit_b_16,vit_b_16_linear_head,d16_up,1977,1977,0,0.991557240486145,0,0,True
vit_b_16,vit_b_16_linear_head,d16_up,1986,1986,1,0.9940823316574097,1,1,True
vit_b_16,vit_b_16_linear_head,d16_up,1993,1993,1,0.9965640306472778,1,1,True
vit_b_16,vit_b_16_linear_head,d16_up,2003,2003,6,0.9907639026641846,6,6,True
vit_b_16,vit_b_16_linear_head,d16_up,2011,2011,9,0.9966976642608643,9,9,True
vit_b_16,vit_b_16_linear_head,d16_up,2024,2024,0,0.9952481985092163,0,0,True
vit_b_16,vit_b_16_linear_head,d16_up,2028,2028,3,0.9562371373176575,3,3,True
vit_b_16,vit_b_16_linear_head,d16_up,2062,2062,9,0.9944932460784912,9,9,True
vit_b_16,vit_b_16_linear_head,d16_up,2070,2070,1,0.9337091445922852,1,1,True
vit_b_16,vit_b_16_linear_head,d16_up,2082,2082,2,0.9574483633041382,2,2,True
vit_b_16,vit_b_16_linear_head,d16_up,2095,2095,1,0.970544695854187,1,1,True
vit_b_16,vit_b_16_linear_head,d16_up,2109,2109,8,0.9670361280441284,8,8,True
vit_b_16,vit_b_16_linear_head,d16_up,2114,2114,9,0.9987870454788208,9,9,True
vit_b_16,vit_b_16_linear_head,d16_up,2116,2116,1,0.9217138290405273,3,3,True
vit_b_16,vit_b_16_linear_head,d16_up,2157,2157,1,0.9667420387268066,1,1,True
vit_b_16,vit_b_16_linear_head,d16_up,2167,2167,9,0.9822512865066528,9,9,True
vit_b_16,vit_b_16_linear_head,d16_up,2178,2178,1,0.9724280834197998,1,1,True
vit_b_16,vit_b_16_linear_head,d16_up,2191,2191,8,0.9894901514053345,8,8,True
vit_b_16,vit_b_16_linear_head,d16_up,2230,2230,8,0.9961562156677246,8,8,True
vit_b_16,vit_b_16_linear_head,d16_up,2242,2242,0,0.9904952049255371,0,0,True
vit_b_16,vit_b_16_linear_head,d16_up,2265,2265,5,0.993253231048584,5,5,True
vit_b_16,vit_b_16_linear_head,d16_up,2268,2268,5,0.9873543381690979,5,5,True
vit_b_16,vit_b_16_linear_head,d16_up,2291,2291,3,0.9814727902412415,3,3,True
vit_b_16,vit_b_16_linear_head,d16_up,2334,2334,5,0.98417729139328,5,5,True
vit_b_16,vit_b_16_linear_head,d16_up,2340,2340,8,0.9474791288375854,8,8,True
vit_b_16,vit_b_16_linear_head,d16_up,2342,2342,8,0.9912013411521912,8,8,True
vit_b_16,vit_b_16_linear_head,d16_up,2351,2351,9,0.9717260599136353,9,9,True
vit_b_16,vit_b_16_linear_head,d16_up,2391,2391,5,0.9901697635650635,5,5,True
vit_b_16,vit_b_16_linear_head,d16_up,2392,2392,2,0.9888310432434082,2,2,True
vit_b_16,vit_b_16_linear_head,d16_up,2399,2399,4,0.9941540956497192,4,4,True
vit_b_16,vit_b_16_linear_head,d16_up,2414,2414,9,0.9724149703979492,9,9,True
vit_b_16,vit_b_16_linear_head,d16_up,2427,2427,5,0.9809494018554688,5,5,True
vit_b_16,vit_b_16_linear_head,d16_up,2458,2458,5,0.9496013522148132,5,5,True
vit_b_16,vit_b_16_linear_head,d16_up,2501,2501,7,0.9706511497497559,7,7,True
vit_b_16,vit_b_16_linear_head,d16_up,2502,2502,2,0.9784195423126221,2,2,True
vit_b_16,vit_b_16_linear_head,d16_up,2536,2536,3,0.9917407631874084,3,3,True
vit_b_16,vit_b_16_linear_head,d16_up,2539,2539,3,0.976280689239502,3,3,True
vit_b_16,vit_b_16_linear_head,d16_up,2610,2610,6,0.9821457266807556,6,6,True
vit_b_16,vit_b_16_linear_head,d16_up,2623,2623,5,0.9693397283554077,5,5,True
vit_b_16,vit_b_16_linear_head,d16_up,2655,2655,9,0.9983614683151245,9,9,True
vit_b_16,vit_b_16_linear_head,d16_up,2668,2668,7,0.9746471047401428,7,7,True
vit_b_16,vit_b_16_linear_head,d16_up,2676,2676,6,0.9496365785598755,6,6,True
vit_b_16,vit_b_16_linear_head,d16_up,2687,2687,1,0.987614631652832,1,1,True
vit_b_16,vit_b_16_linear_head,d16_up,2690,2690,1,0.9235550165176392,1,1,True
vit_b_16,vit_b_16_linear_head,d16_up,2704,2704,4,0.963579535484314,4,4,True
vit_b_16,vit_b_16_linear_head,d16_up,2745,2745,8,0.9968149065971375,8,8,True
vit_b_16,vit_b_16_linear_head,d16_up,2746,2746,7,0.9538564682006836,7,7,True
vit_b_16,vit_b_16_linear_head,d16_up,2750,2750,0,0.9918622970581055,0,0,True
vit_b_16,vit_b_16_linear_head,d16_up,2754,2754,3,0.9867061972618103,3,3,True
vit_b_16,vit_b_16_linear_head,d16_up,2757,2757,4,0.9636534452438354,4,4,True
vit_b_16,vit_b_16_linear_head,d16_up,2766,2766,5,0.9092508554458618,5,5,True
vit_b_16,vit_b_16_linear_head,d16_up,2807,2807,5,0.9288228154182434,5,5,True
vit_b_16,vit_b_16_linear_head,d16_up,2844,2844,8,0.982284665107727,8,8,True
vit_b_16,vit_b_16_linear_head,d16_up,2854,2854,7,0.9859428405761719,7,7,True
vit_b_16,vit_b_16_linear_head,d16_up,2861,2861,3,0.9651639461517334,3,3,True
vit_b_16,vit_b_16_linear_head,d16_up,2888,2888,0,0.9947434663772583,0,0,True
vit_b_16,vit_b_16_linear_head,d16_up,2898,2898,4,0.9938981533050537,4,4,True
vit_b_16,vit_b_16_linear_head,d16_up,2950,2950,5,0.9766218066215515,5,5,True
vit_b_16,vit_b_16_linear_head,d16_up,2958,2958,6,0.9940258860588074,6,6,True
vit_b_16,vit_b_16_linear_head,d16_up,3015,3015,8,0.9970514178276062,8,8,True
vit_b_16,vit_b_16_linear_head,d16_up,3024,3024,2,0.9621475338935852,2,2,True
vit_b_16,vit_b_16_linear_head,d16_up,3025,3025,0,0.9822077751159668,0,0,True
vit_b_16,vit_b_16_linear_head,d16_up,3034,3034,4,0.992815375328064,4,4,True
vit_b_16,vit_b_16_linear_head,d16_up,3067,3067,2,0.9975926280021667,2,2,True
vit_b_16,vit_b_16_linear_head,d16_up,3078,3078,4,0.9779548645019531,4,4,True
vit_b_16,vit_b_16_linear_head,d16_up,3079,3079,1,0.9946510195732117,1,1,True
vit_b_16,vit_b_16_linear_head,d16_up,3083,3083,0,0.9941628575325012,0,0,True
vit_b_16,vit_b_16_linear_head,d16_up,3122,3122,4,0.9877265691757202,4,4,True
vit_b_16,vit_b_16_linear_head,d16_up,3153,3153,7,0.9765679240226746,7,7,True
vit_b_16,vit_b_16_linear_head,d16_up,3157,3157,8,0.950066089630127,8,8,True
vit_b_16,vit_b_16_linear_head,d16_up,3163,3163,2,0.9963310360908508,2,2,True
vit_b_16,vit_b_16_linear_head,d16_up,3179,3179,4,0.9822556376457214,4,4,True
vit_b_16,vit_b_16_linear_head,d16_up,3191,3191,6,0.9463524222373962,6,6,True
vit_b_16,vit_b_16_linear_head,d16_up,3276,3276,3,0.9867079257965088,3,3,True
vit_b_16,vit_b_16_linear_head,d16_up,3287,3287,4,0.9679309725761414,4,4,True
vit_b_16,vit_b_16_linear_head,d16_up,3288,3288,7,0.9937114715576172,7,7,True
vit_b_16,vit_b_16_linear_head,d16_up,3292,3292,6,0.9306020736694336,6,6,True
vit_b_16,vit_b_16_linear_head,d16_up,3318,3318,9,0.974362313747406,9,9,True
vit_b_16,vit_b_16_linear_head,d16_up,3347,3347,0,0.9870626926422119,0,0,True
vit_b_16,vit_b_16_linear_head,d16_up,3353,3353,5,0.9775285124778748,5,5,True
vit_b_16,vit_b_16_linear_head,d16_up,3362,3362,2,0.9635156393051147,2,2,True
vit_b_16,vit_b_16_linear_head,d16_up,3365,3365,4,0.9434493184089661,4,4,True
vit_b_16,vit_b_16_linear_head,d16_up,3375,3375,3,0.9828555583953857,3,3,True
vit_b_16,vit_b_16_linear_head,d16_up,3383,3383,3,0.9814361929893494,3,3,True
vit_b_16,vit_b_16_linear_head,d16_up,3404,3404,7,0.9883788228034973,7,7,True
vit_b_16,vit_b_16_linear_head,d16_up,3412,3412,8,0.9951311349868774,8,8,True
vit_b_16,vit_b_16_linear_head,d16_up,3413,3413,1,0.9659862518310547,1,1,True
vit_b_16,vit_b_16_linear_head,d16_up,3418,3418,6,0.9812322854995728,6,6,True
vit_b_16,vit_b_16_linear_head,d16_up,3437,3437,0,0.9791669845581055,0,0,True
vit_b_16,vit_b_16_linear_head,d16_up,3446,3446,7,0.9762304425239563,7,7,True
vit_b_16,vit_b_16_linear_head,d16_up,3454,3454,2,0.9935154914855957,2,2,True
vit_b_16,vit_b_16_linear_head,d16_up,3455,3455,0,0.9851150512695312,0,0,True
vit_b_16,vit_b_16_linear_head,d16_up,3458,3458,4,0.9618077278137207,4,4,True
vit_b_16,vit_b_16_linear_head,d16_up,3467,3467,7,0.9791131019592285,7,7,True
vit_b_16,vit_b_16_linear_head,d16_up,3491,3491,1,0.9833860397338867,1,1,True
vit_b_16,vit_b_16_linear_head,d16_up,3494,3494,6,0.961685061454773,6,6,True
vit_b_16,vit_b_16_linear_head,d16_up,3512,3512,4,0.9939547181129456,4,4,True
vit_b_16,vit_b_16_linear_head,d16_up,3515,3515,6,0.9957768321037292,4,4,True
vit_b_16,vit_b_16_linear_head,d16_up,3542,3542,7,0.9884979128837585,7,7,True
vit_b_16,vit_b_16_linear_head,d16_up,3550,3550,1,0.9031515717506409,1,1,True
vit_b_16,vit_b_16_linear_head,d16_up,3562,3562,3,0.9934096336364746,3,3,True
vit_b_16,vit_b_16_linear_head,d16_up,3755,3755,2,0.9960309267044067,2,2,True
vit_b_16,vit_b_16_linear_head,d16_up,3763,3763,4,0.9936619997024536,4,4,True
vit_b_16,vit_b_16_linear_head,d16_up,3777,3777,6,0.990444540977478,6,6,True
vit_b_16,vit_b_16_linear_head,d16_up,3778,3778,3,0.9600003361701965,3,3,True
vit_b_16,vit_b_16_linear_head,d16_up,3779,3779,6,0.9148090481758118,6,6,True
vit_b_16,vit_b_16_linear_head,d16_up,3844,3844,6,0.988288164138794,6,6,True
vit_b_16,vit_b_16_linear_head,d16_up,3851,3851,3,0.9789435267448425,3,3,True
vit_b_16,vit_b_16_linear_head,d16_up,3852,3852,5,0.9821187853813171,5,5,True
vit_b_16,vit_b_16_linear_head,d16_up,3863,3863,5,0.9960062503814697,5,5,True
vit_b_16,vit_b_16_linear_head,d16_up,3867,3867,7,0.9906589984893799,7,7,True
vit_b_16,vit_b_16_linear_head,d16_up,3876,3876,0,0.9604946970939636,0,0,True
vit_b_16,vit_b_16_linear_head,d16_up,3889,3889,5,0.9841392040252686,5,5,True
vit_b_16,vit_b_16_linear_head,d16_up,3891,3891,4,0.9871149063110352,4,4,True
vit_b_16,vit_b_16_linear_head,d16_up,3893,3893,9,0.9856066703796387,9,9,True
vit_b_16,vit_b_16_linear_head,d16_up,3905,3905,8,0.9895365238189697,8,8,True
vit_b_16,vit_b_16_linear_head,d16_up,3914,3914,3,0.9888080358505249,3,3,True
vit_b_16,vit_b_16_linear_head,d16_up,3937,3937,1,0.9370099902153015,1,1,True
vit_b_16,vit_b_16_linear_head,d16_up,3942,3942,9,0.9769940376281738,9,9,True
vit_b_16,vit_b_16_linear_head,d16_up,3948,3948,8,0.9807041883468628,8,8,True
vit_b_16,vit_b_16_linear_head,d16_up,3962,3962,6,0.9850318431854248,6,6,True
vit_b_16,vit_b_16_linear_head,d16_up,3965,3965,0,0.9982127547264099,0,0,True
vit_b_16,vit_b_16_linear_head,d16_up,3994,3994,4,0.9677724838256836,4,4,True
vit_b_16,vit_b_16_linear_head,d16_up,3996,3996,9,0.9977650046348572,9,9,True
vit_b_16,vit_b_16_linear_head,d16_up,4011,4011,6,0.9398249387741089,6,6,True
vit_b_16,vit_b_16_linear_head,d16_up,4023,4023,3,0.9820980429649353,3,3,True
vit_b_16,vit_b_16_linear_head,d16_up,4054,4054,4,0.9920724034309387,4,4,True
vit_b_16,vit_b_16_linear_head,d16_up,4065,4065,2,0.9259162545204163,2,2,True
vit_b_16,vit_b_16_linear_head,d16_up,4069,4069,8,0.9495872259140015,8,8,True
vit_b_16,vit_b_16_linear_head,d16_up,4093,4093,6,0.9554780125617981,6,6,True
vit_b_16,vit_b_16_linear_head,d16_up,4094,4094,9,0.9779404401779175,9,9,True
vit_b_16,vit_b_16_linear_head,d16_up,4106,4106,5,0.9607375264167786,5,5,True
vit_b_16,vit_b_16_linear_head,d16_up,4130,4130,0,0.989012598991394,0,0,True
vit_b_16,vit_b_16_linear_head,d16_up,4168,4168,3,0.9875352382659912,3,3,True
vit_b_16,vit_b_16_linear_head,d16_up,4170,4170,8,0.9157203435897827,8,8,True
vit_b_16,vit_b_16_linear_head,d16_up,4172,4172,7,0.9937206506729126,7,7,True
vit_b_16,vit_b_16_linear_head,d16_up,4177,4177,8,0.961887776851654,8,8,True
vit_b_16,vit_b_16_linear_head,d16_up,4215,4215,3,0.973906397819519,3,3,True
vit_b_16,vit_b_16_linear_head,d16_up,4229,4229,3,0.9900602102279663,3,3,True
vit_b_16,vit_b_16_linear_head,d16_up,4236,4236,7,0.995046854019165,7,7,True
vit_b_16,vit_b_16_linear_head,d16_up,4242,4242,8,0.9978589415550232,8,8,True
vit_b_16,vit_b_16_linear_head,d16_up,4254,4254,6,0.993127167224884,6,6,True
vit_b_16,vit_b_16_linear_head,d16_up,4290,4290,5,0.966902494430542,1,4,False
vit_b_16,vit_b_16_linear_head,d16_up,4298,4298,1,0.995712399482727,1,1,True
vit_b_16,vit_b_16_linear_head,d16_up,4308,4308,7,0.9718621969223022,7,7,True
vit_b_16,vit_b_16_linear_head,d16_up,4311,4311,8,0.9775817394256592,8,8,True
vit_b_16,vit_b_16_linear_head,d16_up,4323,4323,3,0.9477705359458923,3,3,True
vit_b_16,vit_b_16_linear_head,d16_up,4330,4330,3,0.976099967956543,3,3,True
vit_b_16,vit_b_16_linear_head,d16_up,4341,4341,6,0.9915814995765686,6,6,True
vit_b_16,vit_b_16_linear_head,d16_up,4355,4355,8,0.9827782511711121,0,0,True
vit_b_16,vit_b_16_linear_head,d16_up,4399,4399,0,0.9708905816078186,0,0,True
vit_b_16,vit_b_16_linear_head,d16_up,4403,4403,7,0.9864473938941956,7,7,True
vit_b_16,vit_b_16_linear_head,d16_up,4411,4411,6,0.9714680314064026,6,6,True
vit_b_16,vit_b_16_linear_head,d16_up,4449,4449,9,0.9985523223876953,9,9,True
vit_b_16,vit_b_16_linear_head,d16_up,4463,4463,3,0.9510678052902222,3,3,True
vit_b_16,vit_b_16_linear_head,d16_up,4531,4531,3,0.9805002212524414,3,3,True
vit_b_16,vit_b_16_linear_head,d16_up,4539,4539,0,0.9933071136474609,0,0,True
vit_b_16,vit_b_16_linear_head,d16_up,4547,4547,5,0.9833164811134338,5,5,True
vit_b_16,vit_b_16_linear_head,d16_up,4552,4552,8,0.9966715574264526,8,8,True
vit_b_16,vit_b_16_linear_head,d16_up,4570,4570,5,0.9898605346679688,5,5,True
vit_b_16,vit_b_16_linear_head,d16_up,4590,4590,3,0.9638007283210754,3,3,True
vit_b_16,vit_b_16_linear_head,d16_up,4609,4609,3,0.9377686977386475,3,3,True
vit_b_16,vit_b_16_linear_head,d16_up,4615,4615,0,0.998977780342102,0,0,True
vit_b_16,vit_b_16_linear_head,d16_up,4617,4617,0,0.9992257356643677,0,0,True
vit_b_16,vit_b_16_linear_head,d16_up,4620,4620,6,0.9263913035392761,6,6,True
vit_b_16,vit_b_16_linear_head,d16_up,4629,4629,4,0.9562664031982422,4,4,True
vit_b_16,vit_b_16_linear_head,d16_up,4640,4640,1,0.9271284937858582,1,1,True
vit_b_16,vit_b_16_linear_head,d16_up,4642,4642,4,0.984233558177948,4,4,True
vit_b_16,vit_b_16_linear_head,d16_up,4661,4661,7,0.9668750166893005,7,7,True
vit_b_16,vit_b_16_linear_head,d16_up,4662,4662,8,0.9981411695480347,8,8,True
vit_b_16,vit_b_16_linear_head,d16_up,4675,4675,0,0.9984616637229919,0,0,True
vit_b_16,vit_b_16_linear_head,d16_up,4676,4676,8,0.9333326816558838,8,8,True
vit_b_16,vit_b_16_linear_head,d16_up,4704,4704,7,0.9724755883216858,7,7,True
vit_b_16,vit_b_16_linear_head,d16_up,4723,4723,9,0.9798899292945862,9,9,True
vit_b_16,vit_b_16_linear_head,d16_up,4731,4731,6,0.9615947008132935,6,6,True
vit_b_16,vit_b_16_linear_head,d16_up,4735,4735,2,0.9894678592681885,2,2,True
vit_b_16,vit_b_16_linear_head,d16_up,4740,4740,4,0.9123543500900269,4,4,True
vit_b_16,vit_b_16_linear_head,d16_up,4746,4746,6,0.9564961194992065,6,6,True
vit_b_16,vit_b_16_linear_head,d16_up,4748,4748,7,0.9897592067718506,7,7,True
vit_b_16,vit_b_16_linear_head,d16_up,4754,4754,6,0.9147540926933289,6,6,True
vit_b_16,vit_b_16_linear_head,d16_up,4785,4785,0,0.9918771982192993,0,0,True
vit_b_16,vit_b_16_linear_head,d16_up,4791,4791,7,0.9688781499862671,7,7,True
vit_b_16,vit_b_16_linear_head,d16_up,4819,4819,0,0.9973669052124023,0,0,True
vit_b_16,vit_b_16_linear_head,d16_up,4821,4821,3,0.9657411575317383,3,3,True
vit_b_16,vit_b_16_linear_head,d16_up,4827,4827,6,0.987382173538208,6,6,True
vit_b_16,vit_b_16_linear_head,d16_up,4850,4850,5,0.987104058265686,5,5,True
vit_b_16,vit_b_16_linear_head,d16_up,4881,4881,3,0.9154766201972961,3,3,True
vit_b_16,vit_b_16_linear_head,d16_up,4893,4893,0,0.9986795783042908,0,0,True
vit_b_16,vit_b_16_linear_head,d16_up,4908,4908,3,0.9895753264427185,3,3,True
vit_b_16,vit_b_16_linear_head,d16_up,4913,4913,2,0.9931210279464722,2,2,True
vit_b_16,vit_b_16_linear_head,d16_up,4921,4921,2,0.9905622005462646,2,2,True
vit_b_16,vit_b_16_linear_head,d16_up,4953,4953,5,0.9568346738815308,5,5,True
vit_b_16,vit_b_16_linear_head,d16_up,4966,4966,5,0.9681394100189209,5,5,True
vit_b_16,vit_b_16_linear_head,d16_up,4990,4990,8,0.9865992069244385,8,8,True
vit_b_16,vit_b_16_linear_head,d16_up,5000,5000,8,0.9919045567512512,8,8,True
vit_b_16,vit_b_16_linear_head,d16_up,5030,5030,2,0.9660640954971313,2,2,True
vit_b_16,vit_b_16_linear_head,d16_up,5062,5062,4,0.9312646389007568,4,4,True
vit_b_16,vit_b_16_linear_head,d16_up,5077,5077,4,0.996852695941925,4,4,True
vit_b_16,vit_b_16_linear_head,d16_up,5082,5082,6,0.99552321434021,6,6,True
vit_b_16,vit_b_16_linear_head,d16_up,5092,5092,1,0.9690611362457275,1,1,True
vit_b_16,vit_b_16_linear_head,d16_up,5101,5101,5,0.9112820625305176,2,5,False
vit_b_16,vit_b_16_linear_head,d16_up,5117,5117,0,0.9975981712341309,0,0,True
vit_b_16,vit_b_16_linear_head,d16_up,5123,5123,1,0.9593051671981812,1,1,True
vit_b_16,vit_b_16_linear_head,d16_up,5135,5135,4,0.9769850969314575,4,3,False
vit_b_16,vit_b_16_linear_head,d16_up,5183,5183,2,0.971819281578064,2,2,True
vit_b_16,vit_b_16_linear_head,d16_up,5213,5213,4,0.9960322976112366,4,4,True
vit_b_16,vit_b_16_linear_head,d16_up,5218,5218,2,0.9969527125358582,2,2,True
vit_b_16,vit_b_16_linear_head,d16_up,5220,5220,1,0.9114959836006165,1,1,True
vit_b_16,vit_b_16_linear_head,d16_up,5237,5237,2,0.9753752946853638,2,2,True
vit_b_16,vit_b_16_linear_head,d16_up,5256,5256,1,0.9339553117752075,1,1,True
vit_b_16,vit_b_16_linear_head,d16_up,5284,5284,9,0.9252241253852844,9,9,True
vit_b_16,vit_b_16_linear_head,d16_up,5301,5301,9,0.9971110820770264,9,9,True
vit_b_16,vit_b_16_linear_head,d16_up,5318,5318,2,0.9268312454223633,2,2,True
vit_b_16,vit_b_16_linear_head,d16_up,5332,5332,5,0.9879674911499023,5,5,True
vit_b_16,vit_b_16_linear_head,d16_up,5333,5333,2,0.9795246124267578,2,2,True
vit_b_16,vit_b_16_linear_head,d16_up,5360,5360,9,0.9960613250732422,9,9,True
vit_b_16,vit_b_16_linear_head,d16_up,5381,5381,5,0.8615745902061462,5,5,True
vit_b_16,vit_b_16_linear_head,d16_up,5382,5382,6,0.9764407873153687,6,6,True
vit_b_16,vit_b_16_linear_head,d16_up,5395,5395,2,0.9723436236381531,2,2,True
vit_b_16,vit_b_16_linear_head,d16_up,5402,5402,4,0.9912309646606445,4,4,True
vit_b_16,vit_b_16_linear_head,d16_up,5408,5408,6,0.980472207069397,6,6,True
vit_b_16,vit_b_16_linear_head,d16_up,5436,5436,7,0.994317889213562,7,7,True
vit_b_16,vit_b_16_linear_head,d16_up,5447,5447,9,0.9415552616119385,9,9,True
vit_b_16,vit_b_16_linear_head,d16_up,5450,5450,7,0.9930622577667236,7,7,True
vit_b_16,vit_b_16_linear_head,d16_up,5451,5451,8,0.9634742140769958,8,8,True
vit_b_16,vit_b_16_linear_head,d16_up,5452,5452,9,0.9979844093322754,9,9,True
vit_b_16,vit_b_16_linear_head,d16_up,5467,5467,4,0.9667303562164307,4,4,True
vit_b_16,vit_b_16_linear_head,d16_up,5478,5478,0,0.9879785180091858,0,0,True
vit_b_16,vit_b_16_linear_head,d16_up,5488,5488,1,0.9921597838401794,1,1,True
vit_b_16,vit_b_16_linear_head,d16_up,5496,5496,5,0.9864150285720825,5,5,True
vit_b_16,vit_b_16_linear_head,d16_up,5508,5508,9,0.999252200126648,9,9,True
vit_b_16,vit_b_16_linear_head,d16_up,5512,5512,2,0.9483722448348999,9,9,True
vit_b_16,vit_b_16_linear_head,d16_up,5525,5525,8,0.9652841687202454,8,8,True
vit_b_16,vit_b_16_linear_head,d16_up,5528,5528,3,0.9533153176307678,3,3,True
vit_b_16,vit_b_16_linear_head,d16_up,5556,5556,4,0.9164426326751709,4,4,True
vit_b_16,vit_b_16_linear_head,d16_up,5560,5560,1,0.9963530898094177,1,1,True
vit_b_16,vit_b_16_linear_head,d16_up,5572,5572,9,0.9261454939842224,9,9,True
vit_b_16,vit_b_16_linear_head,d16_up,5580,5580,6,0.9934543967247009,5,5,True
vit_b_16,vit_b_16_linear_head,d16_up,5590,5590,9,0.9727096557617188,9,9,True
vit_b_16,vit_b_16_linear_head,d16_up,5623,5623,4,0.9871416687965393,4,4,True
vit_b_16,vit_b_16_linear_head,d16_up,5677,5677,2,0.992871105670929,2,2,True
vit_b_16,vit_b_16_linear_head,d16_up,5694,5694,8,0.9987182021141052,8,8,True
vit_b_16,vit_b_16_linear_head,d16_up,5701,5701,5,0.9935537576675415,5,5,True
vit_b_16,vit_b_16_linear_head,d16_up,5705,5705,8,0.9470857977867126,8,8,True
vit_b_16,vit_b_16_linear_head,d16_up,5719,5719,7,0.9930893182754517,7,7,True
vit_b_16,vit_b_16_linear_head,d16_up,5729,5729,6,0.9502755403518677,6,6,True
vit_b_16,vit_b_16_linear_head,d16_up,5756,5756,2,0.9945933818817139,2,2,True
vit_b_16,vit_b_16_linear_head,d16_up,5788,5788,9,0.9863990545272827,9,9,True
vit_b_16,vit_b_16_linear_head,d16_up,5789,5789,4,0.9938877820968628,4,4,True
vit_b_16,vit_b_16_linear_head,d16_up,5824,5824,2,0.9700361490249634,2,2,True
vit_b_16,vit_b_16_linear_head,d16_up,5848,5848,7,0.9915751218795776,7,7,True
vit_b_16,vit_b_16_linear_head,d16_up,5851,5851,9,0.997193455696106,9,9,True
vit_b_16,vit_b_16_linear_head,d16_up,5857,5857,6,0.9769449830055237,4,4,True
vit_b_16,vit_b_16_linear_head,d16_up,5858,5858,6,0.9527330994606018,6,6,True
vit_b_16,vit_b_16_linear_head,d16_up,5912,5912,0,0.9696575999259949,0,0,True
vit_b_16,vit_b_16_linear_head,d16_up,5915,5915,9,0.9565756320953369,9,9,True
vit_b_16,vit_b_16_linear_head,d16_up,5918,5918,0,0.9783939719200134,0,0,True
vit_b_16,vit_b_16_linear_head,d16_up,5924,5924,5,0.9864645600318909,5,5,True
vit_b_16,vit_b_16_linear_head,d16_up,5977,5977,7,0.9906810522079468,7,7,True
vit_b_16,vit_b_16_linear_head,d16_up,5981,5981,9,0.997145414352417,9,9,True
vit_b_16,vit_b_16_linear_head,d16_up,5999,5999,0,0.9649438858032227,0,0,True
vit_b_16,vit_b_16_linear_head,d16_up,6028,6028,2,0.9618302583694458,2,2,True
vit_b_16,vit_b_16_linear_head,d16_up,6033,6033,4,0.950747549533844,4,4,True
vit_b_16,vit_b_16_linear_head,d16_up,6076,6076,1,0.9909362196922302,1,1,True
vit_b_16,vit_b_16_linear_head,d16_up,6084,6084,7,0.9976716041564941,7,7,True
vit_b_16,vit_b_16_linear_head,d16_up,6097,6097,4,0.9662895202636719,4,4,True
vit_b_16,vit_b_16_linear_head,d16_up,6169,6169,1,0.9688152074813843,1,1,True
vit_b_16,vit_b_16_linear_head,d16_up,6190,6190,7,0.9830814599990845,7,7,True
vit_b_16,vit_b_16_linear_head,d16_up,6224,6224,5,0.9978476166725159,5,5,True
vit_b_16,vit_b_16_linear_head,d16_up,6244,6244,2,0.9512948393821716,2,2,True
vit_b_16,vit_b_16_linear_head,d16_up,6264,6264,2,0.9864956736564636,2,2,True
vit_b_16,vit_b_16_linear_head,d16_up,6271,6271,2,0.9965718984603882,2,2,True
vit_b_16,vit_b_16_linear_head,d16_up,6288,6288,4,0.9862964153289795,4,4,True
vit_b_16,vit_b_16_linear_head,d16_up,6332,6332,2,0.9923206567764282,2,2,True
vit_b_16,vit_b_16_linear_head,d16_up,6349,6349,1,0.9625464677810669,1,1,True
vit_b_16,vit_b_16_linear_head,d16_up,6354,6354,2,0.9331079721450806,2,2,True
vit_b_16,vit_b_16_linear_head,d16_up,6358,6358,5,0.990635871887207,5,5,True
vit_b_16,vit_b_16_linear_head,d16_up,6381,6381,6,0.9875451326370239,6,6,True
vit_b_16,vit_b_16_linear_head,d16_up,6414,6414,5,0.9511005282402039,5,5,True
vit_b_16,vit_b_16_linear_head,d16_up,6426,6426,2,0.9981389045715332,2,2,True
vit_b_16,vit_b_16_linear_head,d16_up,6434,6434,8,0.9824230074882507,8,8,True
vit_b_16,vit_b_16_linear_head,d16_up,6437,6437,0,0.9787035584449768,0,0,True
vit_b_16,vit_b_16_linear_head,d16_up,6455,6455,0,0.9875637888908386,0,0,True
vit_b_16,vit_b_16_linear_head,d16_up,6490,6490,3,0.9775616526603699,3,3,True
vit_b_16,vit_b_16_linear_head,d16_up,6503,6503,2,0.9085402488708496,2,2,True
vit_b_16,vit_b_16_linear_head,d16_up,6508,6508,4,0.9895243644714355,4,4,True
vit_b_16,vit_b_16_linear_head,d16_up,6528,6528,4,0.962668240070343,4,4,True
vit_b_16,vit_b_16_linear_head,d16_up,6594,6594,1,0.9877876043319702,1,1,True
vit_b_16,vit_b_16_linear_head,d16_up,6609,6609,0,0.9667953252792358,0,0,True
vit_b_16,vit_b_16_linear_head,d16_up,6616,6616,2,0.9174160957336426,2,2,True
vit_b_16,vit_b_16_linear_head,d16_up,6650,6650,7,0.9561002850532532,7,7,True
vit_b_16,vit_b_16_linear_head,d16_up,6689,6689,8,0.8707156181335449,8,8,True
vit_b_16,vit_b_16_linear_head,d16_up,6692,6692,2,0.9936283230781555,2,2,True
vit_b_16,vit_b_16_linear_head,d16_up,6713,6713,6,0.9827771186828613,6,6,True
vit_b_16,vit_b_16_linear_head,d16_up,6716,6716,5,0.9445333480834961,6,5,False
vit_b_16,vit_b_16_linear_head,d16_up,6726,6726,7,0.9881474375724792,7,7,True
vit_b_16,vit_b_16_linear_head,d16_up,6733,6733,1,0.9961771965026855,1,1,True
vit_b_16,vit_b_16_linear_head,d16_up,6772,6772,7,0.9811834692955017,7,7,True
vit_b_16,vit_b_16_linear_head,d16_up,6805,6805,1,0.9721212387084961,1,1,True
vit_b_16,vit_b_16_linear_head,d16_up,6836,6836,1,0.995911717414856,1,1,True
vit_b_16,vit_b_16_linear_head,d16_up,6844,6844,0,0.9991369247436523,0,0,True
vit_b_16,vit_b_16_linear_head,d16_up,6922,6922,5,0.9739766120910645,5,5,True
vit_b_16,vit_b_16_linear_head,d16_up,6931,6931,9,0.9332666397094727,9,9,True
vit_b_16,vit_b_16_linear_head,d16_up,6938,6938,1,0.9552201628684998,1,1,True
vit_b_16,vit_b_16_linear_head,d16_up,6952,6952,3,0.9947142601013184,3,3,True
vit_b_16,vit_b_16_linear_head,d16_up,6954,6954,1,0.8819047212600708,1,1,True
vit_b_16,vit_b_16_linear_head,d16_up,6986,6986,0,0.939744770526886,0,0,True
vit_b_16,vit_b_16_linear_head,d16_up,6989,6989,5,0.9977194666862488,5,5,True
vit_b_16,vit_b_16_linear_head,d16_up,7009,7009,0,0.9739288091659546,0,0,True
vit_b_16,vit_b_16_linear_head,d16_up,7029,7029,1,0.9866412878036499,1,1,True
vit_b_16,vit_b_16_linear_head,d16_up,7033,7033,1,0.9871096014976501,1,1,True
vit_b_16,vit_b_16_linear_head,d16_up,7041,7041,5,0.9392737746238708,5,5,True
vit_b_16,vit_b_16_linear_head,d16_up,7047,7047,9,0.9874379634857178,9,9,True
vit_b_16,vit_b_16_linear_head,d16_up,7081,7081,7,0.9855789542198181,7,7,True
vit_b_16,vit_b_16_linear_head,d16_up,7084,7084,2,0.980102002620697,2,2,True
vit_b_16,vit_b_16_linear_head,d16_up,7108,7108,6,0.996602475643158,6,6,True
vit_b_16,vit_b_16_linear_head,d16_up,7130,7130,5,0.998223066329956,5,5,True
vit_b_16,vit_b_16_linear_head,d16_up,7138,7138,8,0.9522750973701477,8,8,True
vit_b_16,vit_b_16_linear_head,d16_up,7150,7150,0,0.9993093609809875,0,0,True
vit_b_16,vit_b_16_linear_head,d16_up,7202,7202,1,0.9632641673088074,1,1,True
vit_b_16,vit_b_16_linear_head,d16_up,7262,7262,0,0.9990222454071045,0,0,True
vit_b_16,vit_b_16_linear_head,d16_up,7266,7266,9,0.9139655828475952,9,9,True
vit_b_16,vit_b_16_linear_head,d16_up,7270,7270,7,0.9762828350067139,7,7,True
vit_b_16,vit_b_16_linear_head,d16_up,7309,7309,0,0.9473807215690613,0,0,True
vit_b_16,vit_b_16_linear_head,d16_up,7320,7320,0,0.9760763645172119,0,0,True
vit_b_16,vit_b_16_linear_head,d16_up,7338,7338,6,0.975877046585083,6,6,True
vit_b_16,vit_b_16_linear_head,d16_up,7372,7372,0,0.9860936999320984,0,0,True
vit_b_16,vit_b_16_linear_head,d16_up,7373,7373,0,0.9794526100158691,0,0,True
vit_b_16,vit_b_16_linear_head,d16_up,7380,7380,9,0.9876900911331177,9,9,True
vit_b_16,vit_b_16_linear_head,d16_up,7390,7390,1,0.995817244052887,1,1,True
vit_b_16,vit_b_16_linear_head,d16_up,7413,7413,5,0.985904335975647,5,5,True
vit_b_16,vit_b_16_linear_head,d16_up,7416,7416,3,0.9420940279960632,3,3,True
vit_b_16,vit_b_16_linear_head,d16_up,7425,7425,2,0.9904429912567139,2,2,True
vit_b_16,vit_b_16_linear_head,d16_up,7446,7446,8,0.9941228628158569,8,8,True
vit_b_16,vit_b_16_linear_head,d16_up,7460,7460,8,0.9939696192741394,8,8,True
vit_b_16,vit_b_16_linear_head,d16_up,7465,7465,0,0.9697359800338745,0,0,True
vit_b_16,vit_b_16_linear_head,d16_up,7474,7474,5,0.9937835931777954,5,5,True
vit_b_16,vit_b_16_linear_head,d16_up,7475,7475,4,0.9604917168617249,4,4,True
vit_b_16,vit_b_16_linear_head,d16_up,7476,7476,8,0.9551427364349365,0,0,True
vit_b_16,vit_b_16_linear_head,d16_up,7544,7544,9,0.9803572297096252,9,9,True
vit_b_16,vit_b_16_linear_head,d16_up,7555,7555,6,0.9791194200515747,6,6,True
vit_b_16,vit_b_16_linear_head,d16_up,7600,7600,6,0.9774709939956665,6,6,True
vit_b_16,vit_b_16_linear_head,d16_up,7610,7610,4,0.9814659357070923,4,4,True
vit_b_16,vit_b_16_linear_head,d16_up,7634,7634,0,0.9994291067123413,0,0,True
vit_b_16,vit_b_16_linear_head,d16_up,7692,7692,4,0.9802205562591553,4,4,True
vit_b_16,vit_b_16_linear_head,d16_up,7706,7706,5,0.9702812433242798,5,5,True
vit_b_16,vit_b_16_linear_head,d16_up,7726,7726,6,0.9746581315994263,6,6,True
vit_b_16,vit_b_16_linear_head,d16_up,7744,7744,3,0.931067705154419,3,3,True
vit_b_16,vit_b_16_linear_head,d16_up,7752,7752,9,0.9786112308502197,9,9,True
vit_b_16,vit_b_16_linear_head,d16_up,7776,7776,5,0.9909395575523376,5,5,True
vit_b_16,vit_b_16_linear_head,d16_up,7779,7779,6,0.9715777635574341,6,6,True
vit_b_16,vit_b_16_linear_head,d16_up,7781,7781,6,0.9802031517028809,6,6,True
vit_b_16,vit_b_16_linear_head,d16_up,7793,7793,3,0.9300292730331421,7,7,True
vit_b_16,vit_b_16_linear_head,d16_up,7797,7797,3,0.9860886335372925,3,3,True
vit_b_16,vit_b_16_linear_head,d16_up,7810,7810,8,0.9844357967376709,8,8,True
vit_b_16,vit_b_16_linear_head,d16_up,7818,7818,8,0.9943379759788513,8,8,True
vit_b_16,vit_b_16_linear_head,d16_up,7835,7835,7,0.9842825531959534,7,7,True
vit_b_16,vit_b_16_linear_head,d16_up,7864,7864,4,0.9941125512123108,4,4,True
vit_b_16,vit_b_16_linear_head,d16_up,7875,7875,8,0.9819634556770325,8,8,True
vit_b_16,vit_b_16_linear_head,d16_up,7938,7938,9,0.997960090637207,9,9,True
vit_b_16,vit_b_16_linear_head,d16_up,7940,7940,4,0.9884077310562134,4,4,True
vit_b_16,vit_b_16_linear_head,d16_up,7944,7944,4,0.9955620169639587,4,4,True
vit_b_16,vit_b_16_linear_head,d16_up,7955,7955,1,0.9921574592590332,1,1,True
vit_b_16,vit_b_16_linear_head,d16_up,7995,7995,9,0.9900120496749878,9,9,True
vit_b_16,vit_b_16_linear_head,d16_up,7996,7996,6,0.9751154780387878,6,6,True
vit_b_16,vit_b_16_linear_head,d16_up,7999,7999,8,0.9883171916007996,8,8,True
vit_b_16,vit_b_16_linear_head,d16_down,3,3,0,0.997793436050415,0,0,True
vit_b_16,vit_b_16_linear_head,d16_down,29,29,7,0.9805768728256226,7,7,True
vit_b_16,vit_b_16_linear_head,d16_down,35,35,2,0.9914611577987671,2,2,True
vit_b_16,vit_b_16_linear_head,d16_down,42,42,0,0.9875093698501587,0,0,True
vit_b_16,vit_b_16_linear_head,d16_down,49,49,2,0.9966628551483154,2,2,True
vit_b_16,vit_b_16_linear_head,d16_down,81,81,0,0.9741107225418091,0,0,True
vit_b_16,vit_b_16_linear_head,d16_down,95,95,1,0.9567621946334839,1,1,True
vit_b_16,vit_b_16_linear_head,d16_down,97,97,5,0.99265056848526,5,5,True
vit_b_16,vit_b_16_linear_head,d16_down,116,116,1,0.9841406345367432,1,1,True
vit_b_16,vit_b_16_linear_head,d16_down,131,131,9,0.9503376483917236,9,9,True
vit_b_16,vit_b_16_linear_head,d16_down,151,151,8,0.9849254488945007,8,8,True
vit_b_16,vit_b_16_linear_head,d16_down,171,171,4,0.9676749110221863,4,4,True
vit_b_16,vit_b_16_linear_head,d16_down,176,176,3,0.9707629084587097,3,3,True
vit_b_16,vit_b_16_linear_head,d16_down,191,191,9,0.9971325397491455,9,9,True
vit_b_16,vit_b_16_linear_head,d16_down,194,194,8,0.9886805415153503,8,8,True
vit_b_16,vit_b_16_linear_head,d16_down,198,198,1,0.9892191886901855,1,1,True
vit_b_16,vit_b_16_linear_head,d16_down,239,239,9,0.9972866773605347,9,9,True
vit_b_16,vit_b_16_linear_head,d16_down,261,261,1,0.9895792603492737,5,5,True
vit_b_16,vit_b_16_linear_head,d16_down,269,269,7,0.9835737347602844,7,7,True
vit_b_16,vit_b_16_linear_head,d16_down,276,276,9,0.9859303832054138,9,9,True
vit_b_16,vit_b_16_linear_head,d16_down,303,303,9,0.9903736710548401,9,9,True
vit_b_16,vit_b_16_linear_head,d16_down,304,304,1,0.9722248911857605,1,1,True
vit_b_16,vit_b_16_linear_head,d16_down,317,317,2,0.9922517538070679,2,2,True
vit_b_16,vit_b_16_linear_head,d16_down,319,319,5,0.9780422449111938,5,5,True
vit_b_16,vit_b_16_linear_head,d16_down,323,323,7,0.9836518168449402,7,7,True
vit_b_16,vit_b_16_linear_head,d16_down,365,365,3,0.9759580492973328,3,3,True
vit_b_16,vit_b_16_linear_head,d16_down,370,370,7,0.989296555519104,7,7,True
vit_b_16,vit_b_16_linear_head,d16_down,372,372,3,0.9810080528259277,3,3,True
vit_b_16,vit_b_16_linear_head,d16_down,378,378,5,0.9866544604301453,5,5,True
vit_b_16,vit_b_16_linear_head,d16_down,391,391,3,0.9970518946647644,3,3,True
vit_b_16,vit_b_16_linear_head,d16_down,409,409,2,0.9969183802604675,2,2,True
vit_b_16,vit_b_16_linear_head,d16_down,419,419,9,0.9979808926582336,9,9,True
vit_b_16,vit_b_16_linear_head,d16_down,449,449,6,0.9606959819793701,6,6,True
vit_b_16,vit_b_16_linear_head,d16_down,470,470,2,0.9954781532287598,2,2,True
vit_b_16,vit_b_16_linear_head,d16_down,483,483,2,0.9552807211875916,2,2,True
vit_b_16,vit_b_16_linear_head,d16_down,484,484,0,0.9549393057823181,0,0,True
vit_b_16,vit_b_16_linear_head,d16_down,506,506,4,0.9725293517112732,4,4,True
vit_b_16,vit_b_16_linear_head,d16_down,545,545,6,0.9373011589050293,6,6,True
vit_b_16,vit_b_16_linear_head,d16_down,562,562,0,0.9904062151908875,0,0,True
vit_b_16,vit_b_16_linear_head,d16_down,568,568,5,0.9545063376426697,5,5,True
vit_b_16,vit_b_16_linear_head,d16_down,603,603,9,0.9989413022994995,9,9,True
vit_b_16,vit_b_16_linear_head,d16_down,632,632,3,0.9816557168960571,3,3,True
vit_b_16,vit_b_16_linear_head,d16_down,645,645,5,0.9934340119361877,5,5,True
vit_b_16,vit_b_16_linear_head,d16_down,667,667,8,0.9942637085914612,8,8,True
vit_b_16,vit_b_16_linear_head,d16_down,672,672,3,0.9879965782165527,3,3,True
vit_b_16,vit_b_16_linear_head,d16_down,677,677,3,0.916420578956604,3,3,True
vit_b_16,vit_b_16_linear_head,d16_down,685,685,5,0.9786841869354248,5,5,True
vit_b_16,vit_b_16_linear_head,d16_down,691,691,4,0.9967143535614014,4,4,True
vit_b_16,vit_b_16_linear_head,d16_down,706,706,8,0.9786421656608582,8,8,True
vit_b_16,vit_b_16_linear_head,d16_down,714,714,2,0.939636766910553,2,2,True
vit_b_16,vit_b_16_linear_head,d16_down,716,716,8,0.9940033555030823,8,8,True
vit_b_16,vit_b_16_linear_head,d16_down,738,738,3,0.9386134743690491,3,3,True
vit_b_16,vit_b_16_linear_head,d16_down,739,739,8,0.9937381744384766,8,8,True
vit_b_16,vit_b_16_linear_head,d16_down,766,766,4,0.9751884341239929,6,6,True
vit_b_16,vit_b_16_linear_head,d16_down,791,791,3,0.9621479511260986,3,3,True
vit_b_16,vit_b_16_linear_head,d16_down,805,805,9,0.9512810111045837,9,9,True
vit_b_16,vit_b_16_linear_head,d16_down,825,825,1,0.991380512714386,1,1,True
vit_b_16,vit_b_16_linear_head,d16_down,852,852,9,0.995823860168457,9,9,True
vit_b_16,vit_b_16_linear_head,d16_down,855,855,4,0.9511774778366089,4,4,True
vit_b_16,vit_b_16_linear_head,d16_down,873,873,6,0.987075924873352,6,6,True
vit_b_16,vit_b_16_linear_head,d16_down,890,890,6,0.9765631556510925,6,6,True
vit_b_16,vit_b_16_linear_head,d16_down,920,920,6,0.9837343096733093,6,6,True
vit_b_16,vit_b_16_linear_head,d16_down,929,929,6,0.9798542261123657,6,6,True
vit_b_16,vit_b_16_linear_head,d16_down,962,962,8,0.985751211643219,8,8,True
vit_b_16,vit_b_16_linear_head,d16_down,964,964,6,0.9239830374717712,6,6,True
vit_b_16,vit_b_16_linear_head,d16_down,977,977,6,0.9404154419898987,6,6,True
vit_b_16,vit_b_16_linear_head,d16_down,979,979,3,0.9722622632980347,3,3,True
vit_b_16,vit_b_16_linear_head,d16_down,981,981,2,0.9915248155593872,2,2,True
vit_b_16,vit_b_16_linear_head,d16_down,1022,1022,9,0.9952743053436279,9,9,True
vit_b_16,vit_b_16_linear_head,d16_down,1032,1032,7,0.9921263456344604,7,7,True
vit_b_16,vit_b_16_linear_head,d16_down,1048,1048,7,0.9826089143753052,7,7,True
vit_b_16,vit_b_16_linear_head,d16_down,1090,1090,1,0.9805303812026978,1,1,True
vit_b_16,vit_b_16_linear_head,d16_down,1095,1095,5,0.9452250003814697,5,5,True
vit_b_16,vit_b_16_linear_head,d16_down,1109,1109,1,0.9952101111412048,1,1,True
vit_b_16,vit_b_16_linear_head,d16_down,1111,1111,4,0.9965294599533081,4,4,True
vit_b_16,vit_b_16_linear_head,d16_down,1115,1115,1,0.8810170888900757,1,1,True
vit_b_16,vit_b_16_linear_head,d16_down,1124,1124,4,0.996947169303894,4,4,True
vit_b_16,vit_b_16_linear_head,d16_down,1129,1129,8,0.9496188163757324,8,8,True
vit_b_16,vit_b_16_linear_head,d16_down,1175,1175,0,0.9988734126091003,0,0,True
vit_b_16,vit_b_16_linear_head,d16_down,1202,1202,2,0.9800589084625244,2,2,True
vit_b_16,vit_b_16_linear_head,d16_down,1204,1204,3,0.9711298942565918,3,3,True
vit_b_16,vit_b_16_linear_head,d16_down,1211,1211,4,0.9788550734519958,4,4,True
vit_b_16,vit_b_16_linear_head,d16_down,1220,1220,7,0.9956896901130676,7,7,True
vit_b_16,vit_b_16_linear_head,d16_down,1230,1230,1,0.9656537175178528,1,1,True
vit_b_16,vit_b_16_linear_head,d16_down,1247,1247,8,0.9890172481536865,8,8,True
vit_b_16,vit_b_16_linear_head,d16_down,1263,1263,3,0.9726676344871521,3,3,True
vit_b_16,vit_b_16_linear_head,d16_down,1266,1266,4,0.982450008392334,4,4,True
vit_b_16,vit_b_16_linear_head,d16_down,1287,1287,7,0.9960399270057678,7,7,True
vit_b_16,vit_b_16_linear_head,d16_down,1296,1296,7,0.9477654695510864,7,7,True
vit_b_16,vit_b_16_linear_head,d16_down,1370,1370,3,0.8592570424079895,3,3,True
vit_b_16,vit_b_16_linear_head,d16_down,1389,1389,0,0.9868419766426086,0,0,True
vit_b_16,vit_b_16_linear_head,d16_down,1401,1401,3,0.9630242586135864,3,3,True
vit_b_16,vit_b_16_linear_head,d16_down,1403,1403,2,0.935638964176178,2,2,True
vit_b_16,vit_b_16_linear_head,d16_down,1411,1411,9,0.9958550930023193,9,9,True
vit_b_16,vit_b_16_linear_head,d16_down,1429,1429,4,0.9770937561988831,4,4,True
vit_b_16,vit_b_16_linear_head,d16_down,1430,1430,9,0.966515302658081,9,9,True
vit_b_16,vit_b_16_linear_head,d16_down,1431,1431,3,0.9704685211181641,3,3,True
vit_b_16,vit_b_16_linear_head,d16_down,1436,1436,1,0.9633370041847229,1,1,True
vit_b_16,vit_b_16_linear_head,d16_down,1440,1440,7,0.9949790835380554,7,7,True
vit_b_16,vit_b_16_linear_head,d16_down,1468,1468,9,0.991234540939331,9,9,True
vit_b_16,vit_b_16_linear_head,d16_down,1473,1473,7,0.9934384822845459,7,7,True
vit_b_16,vit_b_16_linear_head,d16_down,1515,1515,9,0.9968032836914062,9,9,True
vit_b_16,vit_b_16_linear_head,d16_down,1520,1520,2,0.9718136191368103,2,2,True
vit_b_16,vit_b_16_linear_head,d16_down,1531,1531,3,0.9953551292419434,3,3,True
vit_b_16,vit_b_16_linear_head,d16_down,1534,1534,6,0.971663773059845,6,6,True
vit_b_16,vit_b_16_linear_head,d16_down,1552,1552,5,0.9859315752983093,5,5,True
vit_b_16,vit_b_16_linear_head,d16_down,1553,1553,0,0.8507958650588989,0,0,True
vit_b_16,vit_b_16_linear_head,d16_down,1563,1563,3,0.9519442319869995,3,3,True
vit_b_16,vit_b_16_linear_head,d16_down,1568,1568,1,0.9101423025131226,1,1,True
vit_b_16,vit_b_16_linear_head,d16_down,1579,1579,7,0.9879202842712402,7,7,True
vit_b_16,vit_b_16_linear_head,d16_down,1586,1586,2,0.9810371994972229,2,2,True
vit_b_16,vit_b_16_linear_head,d16_down,1596,1596,0,0.9946768283843994,0,0,True
vit_b_16,vit_b_16_linear_head,d16_down,1626,1626,5,0.9800229072570801,5,5,True
vit_b_16,vit_b_16_linear_head,d16_down,1640,1640,8,0.7631034255027771,8,8,True
vit_b_16,vit_b_16_linear_head,d16_down,1644,1644,5,0.9901823997497559,5,5,True
vit_b_16,vit_b_16_linear_head,d16_down,1648,1648,0,0.9479320645332336,0,0,True
vit_b_16,vit_b_16_linear_head,d16_down,1654,1654,9,0.9992026090621948,9,9,True
vit_b_16,vit_b_16_linear_head,d16_down,1667,1667,6,0.9713596701622009,6,6,True
vit_b_16,vit_b_16_linear_head,d16_down,1703,1703,7,0.8666629195213318,7,7,True
vit_b_16,vit_b_16_linear_head,d16_down,1711,1711,7,0.977283239364624,7,7,True
vit_b_16,vit_b_16_linear_head,d16_down,1771,1771,7,0.9777718186378479,7,7,True
vit_b_16,vit_b_16_linear_head,d16_down,1783,1783,8,0.9915378093719482,8,8,True
vit_b_16,vit_b_16_linear_head,d16_down,1814,1814,2,0.9780541658401489,2,2,True
vit_b_16,vit_b_16_linear_head,d16_down,1833,1833,8,0.9946029782295227,8,8,True
vit_b_16,vit_b_16_linear_head,d16_down,1836,1836,9,0.9943032264709473,9,9,True
vit_b_16,vit_b_16_linear_head,d16_down,1839,1839,2,0.9971213936805725,2,2,True
vit_b_16,vit_b_16_linear_head,d16_down,1852,1852,1,0.9545658826828003,1,1,True
vit_b_16,vit_b_16_linear_head,d16_down,1871,1871,1,0.9445165395736694,1,1,True
vit_b_16,vit_b_16_linear_head,d16_down,1877,1877,5,0.9941218495368958,5,5,True
vit_b_16,vit_b_16_linear_head,d16_down,1884,1884,7,0.9565479159355164,7,7,True
vit_b_16,vit_b_16_linear_head,d16_down,1927,1927,7,0.9837542772293091,7,7,True
vit_b_16,vit_b_16_linear_head,d16_down,1954,1954,8,0.9652066230773926,8,8,True
vit_b_16,vit_b_16_linear_head,d16_down,1956,1956,7,0.9405362010002136,7,7,True
vit_b_16,vit_b_16_linear_head,d16_down,1960,1960,4,0.9953768253326416,5,4,False
vit_b_16,vit_b_16_linear_head,d16_down,1977,1977,0,0.9915351867675781,0,0,True
vit_b_16,vit_b_16_linear_head,d16_down,1986,1986,1,0.9860769510269165,1,1,True
vit_b_16,vit_b_16_linear_head,d16_down,1993,1993,1,0.9875324368476868,1,1,True
vit_b_16,vit_b_16_linear_head,d16_down,2003,2003,6,0.9892966747283936,6,6,True
vit_b_16,vit_b_16_linear_head,d16_down,2011,2011,9,0.9974638223648071,9,9,True
vit_b_16,vit_b_16_linear_head,d16_down,2024,2024,0,0.9821494817733765,0,0,True
vit_b_16,vit_b_16_linear_head,d16_down,2028,2028,3,0.9748438596725464,3,3,True
vit_b_16,vit_b_16_linear_head,d16_down,2062,2062,9,0.9521400928497314,9,9,True
vit_b_16,vit_b_16_linear_head,d16_down,2070,2070,1,0.9669384360313416,1,1,True
vit_b_16,vit_b_16_linear_head,d16_down,2082,2082,2,0.9382902383804321,2,2,True
vit_b_16,vit_b_16_linear_head,d16_down,2095,2095,1,0.9310847520828247,1,1,True
vit_b_16,vit_b_16_linear_head,d16_down,2109,2109,8,0.9858576059341431,8,8,True
vit_b_16,vit_b_16_linear_head,d16_down,2114,2114,9,0.9987239837646484,9,9,True
vit_b_16,vit_b_16_linear_head,d16_down,2116,2116,1,0.9498206973075867,3,3,True
vit_b_16,vit_b_16_linear_head,d16_down,2157,2157,1,0.9401536583900452,1,1,True
vit_b_16,vit_b_16_linear_head,d16_down,2167,2167,9,0.9802213907241821,9,9,True
vit_b_16,vit_b_16_linear_head,d16_down,2178,2178,1,0.9374260306358337,1,1,True
vit_b_16,vit_b_16_linear_head,d16_down,2191,2191,8,0.9662036895751953,8,8,True
vit_b_16,vit_b_16_linear_head,d16_down,2230,2230,8,0.9561997652053833,8,8,True
vit_b_16,vit_b_16_linear_head,d16_down,2242,2242,0,0.9903510212898254,0,0,True
vit_b_16,vit_b_16_linear_head,d16_down,2265,2265,5,0.9886782169342041,5,5,True
vit_b_16,vit_b_16_linear_head,d16_down,2268,2268,5,0.9746184349060059,5,5,True
vit_b_16,vit_b_16_linear_head,d16_down,2291,2291,3,0.988928496837616,3,3,True
vit_b_16,vit_b_16_linear_head,d16_down,2334,2334,5,0.960345983505249,5,5,True
vit_b_16,vit_b_16_linear_head,d16_down,2340,2340,8,0.893053412437439,8,8,True
vit_b_16,vit_b_16_linear_head,d16_down,2342,2342,8,0.9917299747467041,8,8,True
vit_b_16,vit_b_16_linear_head,d16_down,2351,2351,9,0.9649515748023987,9,9,True
vit_b_16,vit_b_16_linear_head,d16_down,2391,2391,5,0.9965688586235046,5,5,True
vit_b_16,vit_b_16_linear_head,d16_down,2392,2392,2,0.9911485314369202,2,2,True
vit_b_16,vit_b_16_linear_head,d16_down,2399,2399,4,0.9921451210975647,4,4,True
vit_b_16,vit_b_16_linear_head,d16_down,2414,2414,9,0.9090568423271179,9,9,True
vit_b_16,vit_b_16_linear_head,d16_down,2427,2427,5,0.9853858351707458,5,5,True
vit_b_16,vit_b_16_linear_head,d16_down,2458,2458,5,0.9356772899627686,5,5,True
vit_b_16,vit_b_16_linear_head,d16_down,2501,2501,7,0.9842040538787842,7,7,True
vit_b_16,vit_b_16_linear_head,d16_down,2502,2502,2,0.9452457427978516,2,2,True
vit_b_16,vit_b_16_linear_head,d16_down,2536,2536,3,0.9919044375419617,3,3,True
vit_b_16,vit_b_16_linear_head,d16_down,2539,2539,3,0.9690772891044617,3,3,True
vit_b_16,vit_b_16_linear_head,d16_down,2610,2610,6,0.9754282236099243,6,6,True
vit_b_16,vit_b_16_linear_head,d16_down,2623,2623,5,0.9723935723304749,5,5,True
vit_b_16,vit_b_16_linear_head,d16_down,2655,2655,9,0.9966496825218201,9,9,True
vit_b_16,vit_b_16_linear_head,d16_down,2668,2668,7,0.9531176090240479,7,7,True
vit_b_16,vit_b_16_linear_head,d16_down,2676,2676,6,0.9335184097290039,6,6,True
vit_b_16,vit_b_16_linear_head,d16_down,2687,2687,1,0.9817647933959961,1,1,True
vit_b_16,vit_b_16_linear_head,d16_down,2690,2690,1,0.9437566995620728,1,1,True
vit_b_16,vit_b_16_linear_head,d16_down,2704,2704,4,0.9408730864524841,4,4,True
vit_b_16,vit_b_16_linear_head,d16_down,2745,2745,8,0.9956990480422974,8,8,True
vit_b_16,vit_b_16_linear_head,d16_down,2746,2746,7,0.9567874073982239,7,7,True
vit_b_16,vit_b_16_linear_head,d16_down,2750,2750,0,0.9907515048980713,0,0,True
vit_b_16,vit_b_16_linear_head,d16_down,2754,2754,3,0.9857407808303833,3,3,True
vit_b_16,vit_b_16_linear_head,d16_down,2757,2757,4,0.9681676030158997,4,4,True
vit_b_16,vit_b_16_linear_head,d16_down,2766,2766,5,0.9474021792411804,5,5,True
vit_b_16,vit_b_16_linear_head,d16_down,2807,2807,5,0.9228298664093018,5,5,True
vit_b_16,vit_b_16_linear_head,d16_down,2844,2844,8,0.9671081304550171,8,8,True
vit_b_16,vit_b_16_linear_head,d16_down,2854,2854,7,0.9566788673400879,7,7,True
vit_b_16,vit_b_16_linear_head,d16_down,2861,2861,3,0.9853043556213379,3,3,True
vit_b_16,vit_b_16_linear_head,d16_down,2888,2888,0,0.9904555082321167,0,0,True
vit_b_16,vit_b_16_linear_head,d16_down,2898,2898,4,0.9936532974243164,4,4,True
vit_b_16,vit_b_16_linear_head,d16_down,2950,2950,5,0.9796439409255981,5,5,True
vit_b_16,vit_b_16_linear_head,d16_down,2958,2958,6,0.991834282875061,6,6,True
vit_b_16,vit_b_16_linear_head,d16_down,3015,3015,8,0.9832538366317749,8,8,True
vit_b_16,vit_b_16_linear_head,d16_down,3024,3024,2,0.9980594515800476,2,2,True
vit_b_16,vit_b_16_linear_head,d16_down,3025,3025,0,0.9841679334640503,0,0,True
vit_b_16,vit_b_16_linear_head,d16_down,3034,3034,4,0.9884114265441895,4,4,True
vit_b_16,vit_b_16_linear_head,d16_down,3067,3067,2,0.9931547045707703,2,2,True
vit_b_16,vit_b_16_linear_head,d16_down,3078,3078,4,0.9905604720115662,4,4,True
vit_b_16,vit_b_16_linear_head,d16_down,3079,3079,1,0.9958921670913696,1,1,True
vit_b_16,vit_b_16_linear_head,d16_down,3083,3083,0,0.9917421340942383,0,0,True
vit_b_16,vit_b_16_linear_head,d16_down,3122,3122,4,0.9879915118217468,4,4,True
vit_b_16,vit_b_16_linear_head,d16_down,3153,3153,7,0.9754883050918579,7,7,True
vit_b_16,vit_b_16_linear_head,d16_down,3157,3157,8,0.9858477711677551,8,8,True
vit_b_16,vit_b_16_linear_head,d16_down,3163,3163,2,0.9914950132369995,2,2,True
vit_b_16,vit_b_16_linear_head,d16_down,3179,3179,4,0.9725489616394043,4,4,True
vit_b_16,vit_b_16_linear_head,d16_down,3191,3191,6,0.9602116346359253,6,6,True
vit_b_16,vit_b_16_linear_head,d16_down,3276,3276,3,0.9929553270339966,3,3,True
vit_b_16,vit_b_16_linear_head,d16_down,3287,3287,4,0.9611606001853943,4,4,True
vit_b_16,vit_b_16_linear_head,d16_down,3288,3288,7,0.994713306427002,7,7,True
vit_b_16,vit_b_16_linear_head,d16_down,3292,3292,6,0.920813798904419,6,6,True
vit_b_16,vit_b_16_linear_head,d16_down,3318,3318,9,0.969725489616394,9,9,True
vit_b_16,vit_b_16_linear_head,d16_down,3347,3347,0,0.9940463900566101,0,0,True
vit_b_16,vit_b_16_linear_head,d16_down,3353,3353,5,0.9268027544021606,5,5,True
vit_b_16,vit_b_16_linear_head,d16_down,3362,3362,2,0.990142822265625,2,2,True
vit_b_16,vit_b_16_linear_head,d16_down,3365,3365,4,0.9531243443489075,4,4,True
vit_b_16,vit_b_16_linear_head,d16_down,3375,3375,3,0.9793351888656616,3,3,True
vit_b_16,vit_b_16_linear_head,d16_down,3383,3383,3,0.982940137386322,3,3,True
vit_b_16,vit_b_16_linear_head,d16_down,3404,3404,7,0.987699031829834,7,7,True
vit_b_16,vit_b_16_linear_head,d16_down,3412,3412,8,0.9185358881950378,8,8,True
vit_b_16,vit_b_16_linear_head,d16_down,3413,3413,1,0.9550462961196899,1,1,True
vit_b_16,vit_b_16_linear_head,d16_down,3418,3418,6,0.9873438477516174,6,6,True
vit_b_16,vit_b_16_linear_head,d16_down,3437,3437,0,0.980635404586792,0,0,True
vit_b_16,vit_b_16_linear_head,d16_down,3446,3446,7,0.9594975113868713,7,7,True
vit_b_16,vit_b_16_linear_head,d16_down,3454,3454,2,0.9735243916511536,2,2,True
vit_b_16,vit_b_16_linear_head,d16_down,3455,3455,0,0.9586027264595032,0,0,True
vit_b_16,vit_b_16_linear_head,d16_down,3458,3458,4,0.9565947651863098,4,4,True
vit_b_16,vit_b_16_linear_head,d16_down,3467,3467,7,0.9110912680625916,7,7,True
vit_b_16,vit_b_16_linear_head,d16_down,3491,3491,1,0.9865113496780396,1,1,True
vit_b_16,vit_b_16_linear_head,d16_down,3494,3494,6,0.9672647714614868,6,6,True
vit_b_16,vit_b_16_linear_head,d16_down,3512,3512,4,0.9957454800605774,4,4,True
vit_b_16,vit_b_16_linear_head,d16_down,3515,3515,6,0.9945583939552307,4,4,True
vit_b_16,vit_b_16_linear_head,d16_down,3542,3542,7,0.9927671551704407,7,7,True
vit_b_16,vit_b_16_linear_head,d16_down,3550,3550,1,0.9273940920829773,1,1,True
vit_b_16,vit_b_16_linear_head,d16_down,3562,3562,3,0.9962316751480103,3,3,True
vit_b_16,vit_b_16_linear_head,d16_down,3755,3755,2,0.9954242706298828,2,2,True
vit_b_16,vit_b_16_linear_head,d16_down,3763,3763,4,0.9883824586868286,4,4,True
vit_b_16,vit_b_16_linear_head,d16_down,3777,3777,6,0.985444962978363,6,6,True
vit_b_16,vit_b_16_linear_head,d16_down,3778,3778,3,0.947464108467102,3,3,True
vit_b_16,vit_b_16_linear_head,d16_down,3779,3779,6,0.918860673904419,6,6,True
vit_b_16,vit_b_16_linear_head,d16_down,3844,3844,6,0.9838082194328308,6,6,True
vit_b_16,vit_b_16_linear_head,d16_down,3851,3851,3,0.9493709802627563,3,3,True
vit_b_16,vit_b_16_linear_head,d16_down,3852,3852,5,0.9800460934638977,5,5,True
vit_b_16,vit_b_16_linear_head,d16_down,3863,3863,5,0.9869476556777954,5,5,True
vit_b_16,vit_b_16_linear_head,d16_down,3867,3867,7,0.985910952091217,7,7,True
vit_b_16,vit_b_16_linear_head,d16_down,3876,3876,0,0.9529129862785339,0,0,True
vit_b_16,vit_b_16_linear_head,d16_down,3889,3889,5,0.9638516902923584,5,5,True
vit_b_16,vit_b_16_linear_head,d16_down,3891,3891,4,0.9851224422454834,4,4,True
vit_b_16,vit_b_16_linear_head,d16_down,3893,3893,9,0.9958427548408508,9,9,True
vit_b_16,vit_b_16_linear_head,d16_down,3905,3905,8,0.9912176728248596,8,8,True
vit_b_16,vit_b_16_linear_head,d16_down,3914,3914,3,0.9215002655982971,3,3,True
vit_b_16,vit_b_16_linear_head,d16_down,3937,3937,1,0.9781093001365662,1,1,True
vit_b_16,vit_b_16_linear_head,d16_down,3942,3942,9,0.9743661284446716,9,9,True
vit_b_16,vit_b_16_linear_head,d16_down,3948,3948,8,0.9734006524085999,8,8,True
vit_b_16,vit_b_16_linear_head,d16_down,3962,3962,6,0.9664537906646729,6,6,True
vit_b_16,vit_b_16_linear_head,d16_down,3965,3965,0,0.9995383024215698,0,0,True
vit_b_16,vit_b_16_linear_head,d16_down,3994,3994,4,0.9847316145896912,4,4,True
vit_b_16,vit_b_16_linear_head,d16_down,3996,3996,9,0.9988165497779846,9,9,True
vit_b_16,vit_b_16_linear_head,d16_down,4011,4011,6,0.9858611226081848,6,6,True
vit_b_16,vit_b_16_linear_head,d16_down,4023,4023,3,0.9877565503120422,3,3,True
vit_b_16,vit_b_16_linear_head,d16_down,4054,4054,4,0.9922264814376831,4,4,True
vit_b_16,vit_b_16_linear_head,d16_down,4065,4065,2,0.9454023241996765,2,2,True
vit_b_16,vit_b_16_linear_head,d16_down,4069,4069,8,0.9366508722305298,8,6,False
vit_b_16,vit_b_16_linear_head,d16_down,4093,4093,6,0.975344717502594,6,6,True
vit_b_16,vit_b_16_linear_head,d16_down,4094,4094,9,0.9865798950195312,9,9,True
vit_b_16,vit_b_16_linear_head,d16_down,4106,4106,5,0.9783926606178284,5,5,True
vit_b_16,vit_b_16_linear_head,d16_down,4130,4130,0,0.984616756439209,0,0,True
vit_b_16,vit_b_16_linear_head,d16_down,4168,4168,3,0.9909049868583679,3,3,True
vit_b_16,vit_b_16_linear_head,d16_down,4170,4170,8,0.9000663757324219,8,8,True
vit_b_16,vit_b_16_linear_head,d16_down,4172,4172,7,0.9926714897155762,7,7,True
vit_b_16,vit_b_16_linear_head,d16_down,4177,4177,8,0.9757801294326782,8,8,True
vit_b_16,vit_b_16_linear_head,d16_down,4215,4215,3,0.9603456258773804,3,3,True
vit_b_16,vit_b_16_linear_head,d16_down,4229,4229,3,0.9851653575897217,3,3,True
vit_b_16,vit_b_16_linear_head,d16_down,4236,4236,7,0.9945849776268005,7,7,True
vit_b_16,vit_b_16_linear_head,d16_down,4242,4242,8,0.9961646795272827,8,8,True
vit_b_16,vit_b_16_linear_head,d16_down,4254,4254,6,0.9817286729812622,6,6,True
vit_b_16,vit_b_16_linear_head,d16_down,4290,4290,5,0.9725961685180664,1,1,True
vit_b_16,vit_b_16_linear_head,d16_down,4298,4298,1,0.9863040447235107,1,1,True
vit_b_16,vit_b_16_linear_head,d16_down,4308,4308,7,0.9681324362754822,7,7,True
vit_b_16,vit_b_16_linear_head,d16_down,4311,4311,8,0.9950796961784363,8,8,True
vit_b_16,vit_b_16_linear_head,d16_down,4323,4323,3,0.952983021736145,3,3,True
vit_b_16,vit_b_16_linear_head,d16_down,4330,4330,3,0.975945234298706,3,3,True
vit_b_16,vit_b_16_linear_head,d16_down,4341,4341,6,0.9877001047134399,6,6,True
vit_b_16,vit_b_16_linear_head,d16_down,4355,4355,8,0.9856185913085938,0,0,True
vit_b_16,vit_b_16_linear_head,d16_down,4399,4399,0,0.9629018306732178,0,0,True
vit_b_16,vit_b_16_linear_head,d16_down,4403,4403,7,0.9773042798042297,7,7,True
vit_b_16,vit_b_16_linear_head,d16_down,4411,4411,6,0.9678396582603455,6,6,True
vit_b_16,vit_b_16_linear_head,d16_down,4449,4449,9,0.9946584701538086,9,9,True
vit_b_16,vit_b_16_linear_head,d16_down,4463,4463,3,0.9456257224082947,3,3,True
vit_b_16,vit_b_16_linear_head,d16_down,4531,4531,3,0.9787225723266602,3,3,True
vit_b_16,vit_b_16_linear_head,d16_down,4539,4539,0,0.9926050305366516,0,0,True
vit_b_16,vit_b_16_linear_head,d16_down,4547,4547,5,0.9813055396080017,5,5,True
vit_b_16,vit_b_16_linear_head,d16_down,4552,4552,8,0.9971416592597961,8,8,True
vit_b_16,vit_b_16_linear_head,d16_down,4570,4570,5,0.9877094030380249,5,5,True
vit_b_16,vit_b_16_linear_head,d16_down,4590,4590,3,0.9003413915634155,3,3,True
vit_b_16,vit_b_16_linear_head,d16_down,4609,4609,3,0.9864442944526672,3,3,True
vit_b_16,vit_b_16_linear_head,d16_down,4615,4615,0,0.998073399066925,0,0,True
vit_b_16,vit_b_16_linear_head,d16_down,4617,4617,0,0.9991457462310791,0,0,True
vit_b_16,vit_b_16_linear_head,d16_down,4620,4620,6,0.9690037965774536,6,6,True
vit_b_16,vit_b_16_linear_head,d16_down,4629,4629,4,0.9731671810150146,4,4,True
vit_b_16,vit_b_16_linear_head,d16_down,4640,4640,1,0.9713662266731262,1,1,True
vit_b_16,vit_b_16_linear_head,d16_down,4642,4642,4,0.9872103929519653,4,4,True
vit_b_16,vit_b_16_linear_head,d16_down,4661,4661,7,0.9876343011856079,7,7,True
vit_b_16,vit_b_16_linear_head,d16_down,4662,4662,8,0.9982209205627441,8,8,True
vit_b_16,vit_b_16_linear_head,d16_down,4675,4675,0,0.9986441731452942,0,0,True
vit_b_16,vit_b_16_linear_head,d16_down,4676,4676,8,0.9937999248504639,8,8,True
vit_b_16,vit_b_16_linear_head,d16_down,4704,4704,7,0.988601803779602,7,7,True
vit_b_16,vit_b_16_linear_head,d16_down,4723,4723,9,0.9927670955657959,9,9,True
vit_b_16,vit_b_16_linear_head,d16_down,4731,4731,6,0.9762376546859741,6,6,True
vit_b_16,vit_b_16_linear_head,d16_down,4735,4735,2,0.9512386322021484,2,2,True
vit_b_16,vit_b_16_linear_head,d16_down,4740,4740,4,0.898129940032959,4,4,True
vit_b_16,vit_b_16_linear_head,d16_down,4746,4746,6,0.9637659192085266,6,6,True
vit_b_16,vit_b_16_linear_head,d16_down,4748,4748,7,0.9957311749458313,7,7,True
vit_b_16,vit_b_16_linear_head,d16_down,4754,4754,6,0.7947843670845032,6,6,True
vit_b_16,vit_b_16_linear_head,d16_down,4785,4785,0,0.9924945831298828,0,0,True
vit_b_16,vit_b_16_linear_head,d16_down,4791,4791,7,0.9772582650184631,7,7,True
vit_b_16,vit_b_16_linear_head,d16_down,4819,4819,0,0.9974037408828735,0,0,True
vit_b_16,vit_b_16_linear_head,d16_down,4821,4821,3,0.9629833698272705,3,3,True
vit_b_16,vit_b_16_linear_head,d16_down,4827,4827,6,0.9572895169258118,6,6,True
vit_b_16,vit_b_16_linear_head,d16_down,4850,4850,5,0.9785646200180054,5,5,True
vit_b_16,vit_b_16_linear_head,d16_down,4881,4881,3,0.9235641956329346,3,3,True
vit_b_16,vit_b_16_linear_head,d16_down,4893,4893,0,0.9991059303283691,0,0,True
vit_b_16,vit_b_16_linear_head,d16_down,4908,4908,3,0.9906764626502991,3,3,True
vit_b_16,vit_b_16_linear_head,d16_down,4913,4913,2,0.99549800157547,2,2,True
vit_b_16,vit_b_16_linear_head,d16_down,4921,4921,2,0.9861580729484558,2,2,True
vit_b_16,vit_b_16_linear_head,d16_down,4953,4953,5,0.9424985647201538,5,5,True
vit_b_16,vit_b_16_linear_head,d16_down,4966,4966,5,0.9746535420417786,5,5,True
vit_b_16,vit_b_16_linear_head,d16_down,4990,4990,8,0.9690540432929993,8,8,True
vit_b_16,vit_b_16_linear_head,d16_down,5000,5000,8,0.9913375377655029,8,8,True
vit_b_16,vit_b_16_linear_head,d16_down,5030,5030,2,0.9907565116882324,2,2,True
vit_b_16,vit_b_16_linear_head,d16_down,5062,5062,4,0.9332094788551331,4,4,True
vit_b_16,vit_b_16_linear_head,d16_down,5077,5077,4,0.9967803955078125,4,4,True
vit_b_16,vit_b_16_linear_head,d16_down,5082,5082,6,0.993024468421936,6,6,True
vit_b_16,vit_b_16_linear_head,d16_down,5092,5092,1,0.9601745009422302,1,1,True
vit_b_16,vit_b_16_linear_head,d16_down,5101,5101,5,0.9539393186569214,2,5,False
vit_b_16,vit_b_16_linear_head,d16_down,5117,5117,0,0.9981553554534912,0,0,True
vit_b_16,vit_b_16_linear_head,d16_down,5123,5123,1,0.9348002672195435,1,1,True
vit_b_16,vit_b_16_linear_head,d16_down,5135,5135,4,0.970097541809082,4,4,True
vit_b_16,vit_b_16_linear_head,d16_down,5183,5183,2,0.9771003127098083,2,2,True
vit_b_16,vit_b_16_linear_head,d16_down,5213,5213,4,0.9959486722946167,4,4,True
vit_b_16,vit_b_16_linear_head,d16_down,5218,5218,2,0.9985384345054626,2,2,True
vit_b_16,vit_b_16_linear_head,d16_down,5220,5220,1,0.9231386780738831,1,1,True
vit_b_16,vit_b_16_linear_head,d16_down,5237,5237,2,0.982982873916626,2,2,True
vit_b_16,vit_b_16_linear_head,d16_down,5256,5256,1,0.9192659854888916,1,1,True
vit_b_16,vit_b_16_linear_head,d16_down,5284,5284,9,0.9604882597923279,9,9,True
vit_b_16,vit_b_16_linear_head,d16_down,5301,5301,9,0.9945286512374878,9,9,True
vit_b_16,vit_b_16_linear_head,d16_down,5318,5318,2,0.9016240239143372,2,2,True
vit_b_16,vit_b_16_linear_head,d16_down,5332,5332,5,0.9841310381889343,5,5,True
vit_b_16,vit_b_16_linear_head,d16_down,5333,5333,2,0.9765489101409912,2,2,True
vit_b_16,vit_b_16_linear_head,d16_down,5360,5360,9,0.9689425230026245,9,9,True
vit_b_16,vit_b_16_linear_head,d16_down,5381,5381,5,0.9397943019866943,5,5,True
vit_b_16,vit_b_16_linear_head,d16_down,5382,5382,6,0.967884361743927,6,6,True
vit_b_16,vit_b_16_linear_head,d16_down,5395,5395,2,0.9789355993270874,2,2,True
vit_b_16,vit_b_16_linear_head,d16_down,5402,5402,4,0.9916598200798035,4,4,True
vit_b_16,vit_b_16_linear_head,d16_down,5408,5408,6,0.989822506904602,6,6,True
vit_b_16,vit_b_16_linear_head,d16_down,5436,5436,7,0.9884071946144104,7,7,True
vit_b_16,vit_b_16_linear_head,d16_down,5447,5447,9,0.9920741319656372,9,9,True
vit_b_16,vit_b_16_linear_head,d16_down,5450,5450,7,0.988924503326416,7,7,True
vit_b_16,vit_b_16_linear_head,d16_down,5451,5451,8,0.9718855023384094,8,8,True
vit_b_16,vit_b_16_linear_head,d16_down,5452,5452,9,0.9975693821907043,9,9,True
vit_b_16,vit_b_16_linear_head,d16_down,5467,5467,4,0.9660265445709229,4,4,True
vit_b_16,vit_b_16_linear_head,d16_down,5478,5478,0,0.9864293336868286,0,0,True
vit_b_16,vit_b_16_linear_head,d16_down,5488,5488,1,0.99305659532547,1,1,True
vit_b_16,vit_b_16_linear_head,d16_down,5496,5496,5,0.9778636693954468,5,5,True
vit_b_16,vit_b_16_linear_head,d16_down,5508,5508,9,0.9987590909004211,9,9,True
vit_b_16,vit_b_16_linear_head,d16_down,5512,5512,2,0.9404481053352356,9,9,True
vit_b_16,vit_b_16_linear_head,d16_down,5525,5525,8,0.9477424621582031,8,8,True
vit_b_16,vit_b_16_linear_head,d16_down,5528,5528,3,0.911953330039978,3,3,True
vit_b_16,vit_b_16_linear_head,d16_down,5556,5556,4,0.9777367115020752,4,4,True
vit_b_16,vit_b_16_linear_head,d16_down,5560,5560,1,0.9898418188095093,1,1,True
vit_b_16,vit_b_16_linear_head,d16_down,5572,5572,9,0.9145544171333313,9,9,True
vit_b_16,vit_b_16_linear_head,d16_down,5580,5580,6,0.9933933615684509,5,5,True
vit_b_16,vit_b_16_linear_head,d16_down,5590,5590,9,0.9795290231704712,9,9,True
vit_b_16,vit_b_16_linear_head,d16_down,5623,5623,4,0.9834880828857422,4,4,True
vit_b_16,vit_b_16_linear_head,d16_down,5677,5677,2,0.9524421095848083,2,2,True
vit_b_16,vit_b_16_linear_head,d16_down,5694,5694,8,0.9972131848335266,8,8,True
vit_b_16,vit_b_16_linear_head,d16_down,5701,5701,5,0.9884592294692993,5,5,True
vit_b_16,vit_b_16_linear_head,d16_down,5705,5705,8,0.9254165887832642,8,8,True
vit_b_16,vit_b_16_linear_head,d16_down,5719,5719,7,0.9960905313491821,7,7,True
vit_b_16,vit_b_16_linear_head,d16_down,5729,5729,6,0.9437143206596375,6,6,True
vit_b_16,vit_b_16_linear_head,d16_down,5756,5756,2,0.930009663105011,2,2,True
vit_b_16,vit_b_16_linear_head,d16_down,5788,5788,9,0.9797898530960083,9,9,True
vit_b_16,vit_b_16_linear_head,d16_down,5789,5789,4,0.9897863268852234,4,4,True
vit_b_16,vit_b_16_linear_head,d16_down,5824,5824,2,0.9610559940338135,2,2,True
vit_b_16,vit_b_16_linear_head,d16_down,5848,5848,7,0.9918055534362793,7,7,True
vit_b_16,vit_b_16_linear_head,d16_down,5851,5851,9,0.9977566599845886,9,9,True
vit_b_16,vit_b_16_linear_head,d16_down,5857,5857,6,0.9414384365081787,4,4,True
vit_b_16,vit_b_16_linear_head,d16_down,5858,5858,6,0.8922791481018066,6,6,True
vit_b_16,vit_b_16_linear_head,d16_down,5912,5912,0,0.9784812927246094,0,0,True
vit_b_16,vit_b_16_linear_head,d16_down,5915,5915,9,0.887851893901825,9,9,True
vit_b_16,vit_b_16_linear_head,d16_down,5918,5918,0,0.9643700122833252,0,0,True
vit_b_16,vit_b_16_linear_head,d16_down,5924,5924,5,0.9885178804397583,5,5,True
vit_b_16,vit_b_16_linear_head,d16_down,5977,5977,7,0.9935866594314575,7,7,True
vit_b_16,vit_b_16_linear_head,d16_down,5981,5981,9,0.9976884126663208,9,9,True
vit_b_16,vit_b_16_linear_head,d16_down,5999,5999,0,0.985863447189331,0,0,True
vit_b_16,vit_b_16_linear_head,d16_down,6028,6028,2,0.9653189778327942,2,2,True
vit_b_16,vit_b_16_linear_head,d16_down,6033,6033,4,0.9646231532096863,4,4,True
vit_b_16,vit_b_16_linear_head,d16_down,6076,6076,1,0.9764194488525391,1,1,True
vit_b_16,vit_b_16_linear_head,d16_down,6084,6084,7,0.9981839656829834,7,7,True
vit_b_16,vit_b_16_linear_head,d16_down,6097,6097,4,0.9874996542930603,4,4,True
vit_b_16,vit_b_16_linear_head,d16_down,6169,6169,1,0.9746279716491699,1,1,True
vit_b_16,vit_b_16_linear_head,d16_down,6190,6190,7,0.9587869644165039,7,7,True
vit_b_16,vit_b_16_linear_head,d16_down,6224,6224,5,0.9965728521347046,5,5,True
vit_b_16,vit_b_16_linear_head,d16_down,6244,6244,2,0.9849006533622742,2,2,True
vit_b_16,vit_b_16_linear_head,d16_down,6264,6264,2,0.9832656383514404,2,2,True
vit_b_16,vit_b_16_linear_head,d16_down,6271,6271,2,0.9967069625854492,2,2,True
vit_b_16,vit_b_16_linear_head,d16_down,6288,6288,4,0.9928165078163147,4,4,True
vit_b_16,vit_b_16_linear_head,d16_down,6332,6332,2,0.9979045391082764,2,2,True
vit_b_16,vit_b_16_linear_head,d16_down,6349,6349,1,0.9728548526763916,1,1,True
vit_b_16,vit_b_16_linear_head,d16_down,6354,6354,2,0.9314224720001221,2,2,True
vit_b_16,vit_b_16_linear_head,d16_down,6358,6358,5,0.9961264133453369,5,5,True
vit_b_16,vit_b_16_linear_head,d16_down,6381,6381,6,0.9893990755081177,6,6,True
vit_b_16,vit_b_16_linear_head,d16_down,6414,6414,5,0.9604716897010803,5,5,True
vit_b_16,vit_b_16_linear_head,d16_down,6426,6426,2,0.9982261061668396,2,2,True
vit_b_16,vit_b_16_linear_head,d16_down,6434,6434,8,0.9614847898483276,8,8,True
vit_b_16,vit_b_16_linear_head,d16_down,6437,6437,0,0.9570661187171936,0,0,True
vit_b_16,vit_b_16_linear_head,d16_down,6455,6455,0,0.983368456363678,0,0,True
vit_b_16,vit_b_16_linear_head,d16_down,6490,6490,3,0.9862843155860901,3,3,True
vit_b_16,vit_b_16_linear_head,d16_down,6503,6503,2,0.9626588821411133,2,2,True
vit_b_16,vit_b_16_linear_head,d16_down,6508,6508,4,0.9926027059555054,4,4,True
vit_b_16,vit_b_16_linear_head,d16_down,6528,6528,4,0.9449598789215088,4,4,True
vit_b_16,vit_b_16_linear_head,d16_down,6594,6594,1,0.9739396572113037,1,1,True
vit_b_16,vit_b_16_linear_head,d16_down,6609,6609,0,0.9423221349716187,0,0,True
vit_b_16,vit_b_16_linear_head,d16_down,6616,6616,2,0.935969352722168,2,2,True
vit_b_16,vit_b_16_linear_head,d16_down,6650,6650,7,0.9582679271697998,7,7,True
vit_b_16,vit_b_16_linear_head,d16_down,6689,6689,8,0.9527928829193115,8,8,True
vit_b_16,vit_b_16_linear_head,d16_down,6692,6692,2,0.9897822141647339,2,2,True
vit_b_16,vit_b_16_linear_head,d16_down,6713,6713,6,0.9800283312797546,6,6,True
vit_b_16,vit_b_16_linear_head,d16_down,6716,6716,5,0.9655849933624268,6,6,True
vit_b_16,vit_b_16_linear_head,d16_down,6726,6726,7,0.9908082485198975,7,7,True
vit_b_16,vit_b_16_linear_head,d16_down,6733,6733,1,0.9946545958518982,1,1,True
vit_b_16,vit_b_16_linear_head,d16_down,6772,6772,7,0.9777403473854065,7,7,True
vit_b_16,vit_b_16_linear_head,d16_down,6805,6805,1,0.9711627960205078,1,1,True
vit_b_16,vit_b_16_linear_head,d16_down,6836,6836,1,0.9957097768783569,1,1,True
vit_b_16,vit_b_16_linear_head,d16_down,6844,6844,0,0.9991933107376099,0,0,True
vit_b_16,vit_b_16_linear_head,d16_down,6922,6922,5,0.9796575307846069,5,5,True
vit_b_16,vit_b_16_linear_head,d16_down,6931,6931,9,0.8565033674240112,9,9,True
vit_b_16,vit_b_16_linear_head,d16_down,6938,6938,1,0.9894449710845947,1,1,True
vit_b_16,vit_b_16_linear_head,d16_down,6952,6952,3,0.9877021312713623,3,3,True
vit_b_16,vit_b_16_linear_head,d16_down,6954,6954,1,0.823031485080719,1,1,True
vit_b_16,vit_b_16_linear_head,d16_down,6986,6986,0,0.9183599948883057,0,0,True
vit_b_16,vit_b_16_linear_head,d16_down,6989,6989,5,0.9979071021080017,5,5,True
vit_b_16,vit_b_16_linear_head,d16_down,7009,7009,0,0.9365149736404419,0,0,True
vit_b_16,vit_b_16_linear_head,d16_down,7029,7029,1,0.9760261178016663,1,1,True
vit_b_16,vit_b_16_linear_head,d16_down,7033,7033,1,0.9943212866783142,1,1,True
vit_b_16,vit_b_16_linear_head,d16_down,7041,7041,5,0.89071124792099,5,5,True
vit_b_16,vit_b_16_linear_head,d16_down,7047,7047,9,0.9807419180870056,9,9,True
vit_b_16,vit_b_16_linear_head,d16_down,7081,7081,7,0.9941571950912476,7,7,True
vit_b_16,vit_b_16_linear_head,d16_down,7084,7084,2,0.9434387683868408,2,2,True
vit_b_16,vit_b_16_linear_head,d16_down,7108,7108,6,0.9939566850662231,6,6,True
vit_b_16,vit_b_16_linear_head,d16_down,7130,7130,5,0.9966030120849609,5,5,True
vit_b_16,vit_b_16_linear_head,d16_down,7138,7138,8,0.8188768625259399,8,8,True
vit_b_16,vit_b_16_linear_head,d16_down,7150,7150,0,0.9991318583488464,0,0,True
vit_b_16,vit_b_16_linear_head,d16_down,7202,7202,1,0.97077476978302,1,1,True
vit_b_16,vit_b_16_linear_head,d16_down,7262,7262,0,0.9992325901985168,0,0,True
vit_b_16,vit_b_16_linear_head,d16_down,7266,7266,9,0.9258440732955933,9,9,True
vit_b_16,vit_b_16_linear_head,d16_down,7270,7270,7,0.9792015552520752,7,7,True
vit_b_16,vit_b_16_linear_head,d16_down,7309,7309,0,0.9218226671218872,0,0,True
vit_b_16,vit_b_16_linear_head,d16_down,7320,7320,0,0.9305614829063416,0,0,True
vit_b_16,vit_b_16_linear_head,d16_down,7338,7338,6,0.9825788140296936,6,6,True
vit_b_16,vit_b_16_linear_head,d16_down,7372,7372,0,0.9954836964607239,0,0,True
vit_b_16,vit_b_16_linear_head,d16_down,7373,7373,0,0.9910573959350586,0,0,True
vit_b_16,vit_b_16_linear_head,d16_down,7380,7380,9,0.9816370606422424,9,9,True
vit_b_16,vit_b_16_linear_head,d16_down,7390,7390,1,0.987568199634552,1,1,True
vit_b_16,vit_b_16_linear_head,d16_down,7413,7413,5,0.9854308366775513,5,5,True
vit_b_16,vit_b_16_linear_head,d16_down,7416,7416,3,0.9354569911956787,3,3,True
vit_b_16,vit_b_16_linear_head,d16_down,7425,7425,2,0.9219406843185425,2,2,True
vit_b_16,vit_b_16_linear_head,d16_down,7446,7446,8,0.9982174038887024,8,8,True
vit_b_16,vit_b_16_linear_head,d16_down,7460,7460,8,0.9850304126739502,8,8,True
vit_b_16,vit_b_16_linear_head,d16_down,7465,7465,0,0.9751617908477783,0,0,True
vit_b_16,vit_b_16_linear_head,d16_down,7474,7474,5,0.9917547106742859,5,5,True
vit_b_16,vit_b_16_linear_head,d16_down,7475,7475,4,0.9749412536621094,4,4,True
vit_b_16,vit_b_16_linear_head,d16_down,7476,7476,8,0.981190025806427,0,8,False
vit_b_16,vit_b_16_linear_head,d16_down,7544,7544,9,0.9919702410697937,9,9,True
vit_b_16,vit_b_16_linear_head,d16_down,7555,7555,6,0.987017810344696,6,6,True
vit_b_16,vit_b_16_linear_head,d16_down,7600,7600,6,0.9861450791358948,6,6,True
vit_b_16,vit_b_16_linear_head,d16_down,7610,7610,4,0.9828664660453796,4,4,True
vit_b_16,vit_b_16_linear_head,d16_down,7634,7634,0,0.9993304014205933,0,0,True
vit_b_16,vit_b_16_linear_head,d16_down,7692,7692,4,0.9874269962310791,4,4,True
vit_b_16,vit_b_16_linear_head,d16_down,7706,7706,5,0.9880332946777344,5,5,True
vit_b_16,vit_b_16_linear_head,d16_down,7726,7726,6,0.9750664234161377,6,6,True
vit_b_16,vit_b_16_linear_head,d16_down,7744,7744,3,0.8964091539382935,3,3,True
vit_b_16,vit_b_16_linear_head,d16_down,7752,7752,9,0.9825164079666138,9,9,True
vit_b_16,vit_b_16_linear_head,d16_down,7776,7776,5,0.981380045413971,5,5,True
vit_b_16,vit_b_16_linear_head,d16_down,7779,7779,6,0.9597673416137695,6,6,True
vit_b_16,vit_b_16_linear_head,d16_down,7781,7781,6,0.9843852519989014,6,6,True
vit_b_16,vit_b_16_linear_head,d16_down,7793,7793,3,0.9559307098388672,7,7,True
vit_b_16,vit_b_16_linear_head,d16_down,7797,7797,3,0.9717707633972168,3,3,True
vit_b_16,vit_b_16_linear_head,d16_down,7810,7810,8,0.9686481952667236,8,8,True
vit_b_16,vit_b_16_linear_head,d16_down,7818,7818,8,0.9685090780258179,8,8,True
vit_b_16,vit_b_16_linear_head,d16_down,7835,7835,7,0.9861317873001099,7,7,True
vit_b_16,vit_b_16_linear_head,d16_down,7864,7864,4,0.9960856437683105,4,4,True
vit_b_16,vit_b_16_linear_head,d16_down,7875,7875,8,0.9818723797798157,8,8,True
vit_b_16,vit_b_16_linear_head,d16_down,7938,7938,9,0.9988802671432495,9,9,True
vit_b_16,vit_b_16_linear_head,d16_down,7940,7940,4,0.981521725654602,4,4,True
vit_b_16,vit_b_16_linear_head,d16_down,7944,7944,4,0.9978196024894714,4,4,True
vit_b_16,vit_b_16_linear_head,d16_down,7955,7955,1,0.9924101829528809,1,1,True
vit_b_16,vit_b_16_linear_head,d16_down,7995,7995,9,0.9398610591888428,9,9,True
vit_b_16,vit_b_16_linear_head,d16_down,7996,7996,6,0.976370096206665,6,6,True
vit_b_16,vit_b_16_linear_head,d16_down,7999,7999,8,0.930489718914032,8,8,True
vit_b_16,vit_b_16_linear_head,d16_left,3,3,0,0.9728371500968933,0,0,True
vit_b_16,vit_b_16_linear_head,d16_left,29,29,7,0.9851921796798706,7,7,True
vit_b_16,vit_b_16_linear_head,d16_left,35,35,2,0.9772874116897583,2,2,True
vit_b_16,vit_b_16_linear_head,d16_left,42,42,0,0.9736234545707703,0,0,True
vit_b_16,vit_b_16_linear_head,d16_left,49,49,2,0.9814133644104004,2,2,True
vit_b_16,vit_b_16_linear_head,d16_left,81,81,0,0.9114338159561157,0,0,True
vit_b_16,vit_b_16_linear_head,d16_left,95,95,1,0.9929358959197998,1,1,True
vit_b_16,vit_b_16_linear_head,d16_left,97,97,5,0.9645339250564575,5,5,True
vit_b_16,vit_b_16_linear_head,d16_left,116,116,1,0.972572922706604,1,1,True
vit_b_16,vit_b_16_linear_head,d16_left,131,131,9,0.9746277928352356,9,9,True
vit_b_16,vit_b_16_linear_head,d16_left,151,151,8,0.9653910994529724,8,8,True
vit_b_16,vit_b_16_linear_head,d16_left,171,171,4,0.9926533699035645,4,4,True
vit_b_16,vit_b_16_linear_head,d16_left,176,176,3,0.9735460877418518,3,3,True
vit_b_16,vit_b_16_linear_head,d16_left,191,191,9,0.9428008198738098,9,9,True
vit_b_16,vit_b_16_linear_head,d16_left,194,194,8,0.9836971759796143,8,8,True
vit_b_16,vit_b_16_linear_head,d16_left,198,198,1,0.9937565922737122,1,1,True
vit_b_16,vit_b_16_linear_head,d16_left,239,239,9,0.9576393365859985,9,9,True
vit_b_16,vit_b_16_linear_head,d16_left,261,261,1,0.9986531734466553,5,5,True
vit_b_16,vit_b_16_linear_head,d16_left,269,269,7,0.9770762920379639,7,7,True
vit_b_16,vit_b_16_linear_head,d16_left,276,276,9,0.903145432472229,9,9,True
vit_b_16,vit_b_16_linear_head,d16_left,303,303,9,0.9882462620735168,9,9,True
vit_b_16,vit_b_16_linear_head,d16_left,304,304,1,0.9675827026367188,1,7,False
vit_b_16,vit_b_16_linear_head,d16_left,317,317,2,0.9758739471435547,2,2,True
vit_b_16,vit_b_16_linear_head,d16_left,319,319,5,0.9903575778007507,5,5,True
vit_b_16,vit_b_16_linear_head,d16_left,323,323,7,0.9967359304428101,7,7,True
vit_b_16,vit_b_16_linear_head,d16_left,365,365,3,0.9257551431655884,3,3,True
vit_b_16,vit_b_16_linear_head,d16_left,370,370,7,0.9944865703582764,7,7,True
vit_b_16,vit_b_16_linear_head,d16_left,372,372,3,0.951530933380127,3,3,True
vit_b_16,vit_b_16_linear_head,d16_left,378,378,5,0.9846436977386475,5,5,True
vit_b_16,vit_b_16_linear_head,d16_left,391,391,3,0.9961432218551636,3,3,True
vit_b_16,vit_b_16_linear_head,d16_left,409,409,2,0.9697405099868774,2,2,True
vit_b_16,vit_b_16_linear_head,d16_left,419,419,9,0.9248597025871277,9,9,True
vit_b_16,vit_b_16_linear_head,d16_left,449,449,6,0.982711911201477,6,6,True
vit_b_16,vit_b_16_linear_head,d16_left,470,470,2,0.9917346239089966,2,2,True
vit_b_16,vit_b_16_linear_head,d16_left,483,483,2,0.9672110080718994,2,2,True
vit_b_16,vit_b_16_linear_head,d16_left,484,484,0,0.9757641553878784,0,0,True
vit_b_16,vit_b_16_linear_head,d16_left,506,506,4,0.9826275706291199,4,4,True
vit_b_16,vit_b_16_linear_head,d16_left,545,545,6,0.9566054940223694,6,6,True
vit_b_16,vit_b_16_linear_head,d16_left,562,562,0,0.9683394432067871,0,0,True
vit_b_16,vit_b_16_linear_head,d16_left,568,568,5,0.9781309962272644,5,5,True
vit_b_16,vit_b_16_linear_head,d16_left,603,603,9,0.980017900466919,9,9,True
vit_b_16,vit_b_16_linear_head,d16_left,632,632,3,0.9903148412704468,3,3,True
vit_b_16,vit_b_16_linear_head,d16_left,645,645,5,0.9588268399238586,5,5,True
vit_b_16,vit_b_16_linear_head,d16_left,667,667,8,0.9954352378845215,8,8,True
vit_b_16,vit_b_16_linear_head,d16_left,672,672,3,0.953859806060791,3,3,True
vit_b_16,vit_b_16_linear_head,d16_left,677,677,3,0.970029354095459,3,3,True
vit_b_16,vit_b_16_linear_head,d16_left,685,685,5,0.9795847535133362,5,5,True
vit_b_16,vit_b_16_linear_head,d16_left,691,691,4,0.9937523603439331,4,4,True
vit_b_16,vit_b_16_linear_head,d16_left,706,706,8,0.9709193110466003,8,8,True
vit_b_16,vit_b_16_linear_head,d16_left,714,714,2,0.9701473712921143,2,2,True
vit_b_16,vit_b_16_linear_head,d16_left,716,716,8,0.9893866777420044,8,8,True
vit_b_16,vit_b_16_linear_head,d16_left,738,738,3,0.930738091468811,3,3,True
vit_b_16,vit_b_16_linear_head,d16_left,739,739,8,0.9923302531242371,8,8,True
vit_b_16,vit_b_16_linear_head,d16_left,766,766,4,0.9709621667861938,6,6,True
vit_b_16,vit_b_16_linear_head,d16_left,791,791,3,0.9951983094215393,3,3,True
vit_b_16,vit_b_16_linear_head,d16_left,805,805,9,0.9884364008903503,9,9,True
vit_b_16,vit_b_16_linear_head,d16_left,825,825,1,0.9996262788772583,1,1,True
vit_b_16,vit_b_16_linear_head,d16_left,852,852,9,0.9803237318992615,9,9,True
vit_b_16,vit_b_16_linear_head,d16_left,855,855,4,0.9242159724235535,4,4,True
vit_b_16,vit_b_16_linear_head,d16_left,873,873,6,0.9006935358047485,6,6,True
vit_b_16,vit_b_16_linear_head,d16_left,890,890,6,0.960634708404541,6,6,True
vit_b_16,vit_b_16_linear_head,d16_left,920,920,6,0.9690138697624207,6,6,True
vit_b_16,vit_b_16_linear_head,d16_left,929,929,6,0.9797136783599854,6,6,True
vit_b_16,vit_b_16_linear_head,d16_left,962,962,8,0.9851449131965637,8,8,True
vit_b_16,vit_b_16_linear_head,d16_left,964,964,6,0.9732251167297363,6,6,True
vit_b_16,vit_b_16_linear_head,d16_left,977,977,6,0.9818174242973328,6,6,True
vit_b_16,vit_b_16_linear_head,d16_left,979,979,3,0.9880006909370422,3,3,True
vit_b_16,vit_b_16_linear_head,d16_left,981,981,2,0.9830102920532227,2,2,True
vit_b_16,vit_b_16_linear_head,d16_left,1022,1022,9,0.9755159616470337,9,9,True
vit_b_16,vit_b_16_linear_head,d16_left,1032,1032,7,0.9964467287063599,7,7,True
vit_b_16,vit_b_16_linear_head,d16_left,1048,1048,7,0.9892266988754272,7,7,True
vit_b_16,vit_b_16_linear_head,d16_left,1090,1090,1,0.9953271150588989,1,1,True
vit_b_16,vit_b_16_linear_head,d16_left,1095,1095,5,0.9894730448722839,5,5,True
vit_b_16,vit_b_16_linear_head,d16_left,1109,1109,1,0.9600595235824585,1,1,True
vit_b_16,vit_b_16_linear_head,d16_left,1111,1111,4,0.9884055852890015,4,4,True
vit_b_16,vit_b_16_linear_head,d16_left,1115,1115,1,0.9521903395652771,1,1,True
vit_b_16,vit_b_16_linear_head,d16_left,1124,1124,4,0.9835326075553894,4,4,True
vit_b_16,vit_b_16_linear_head,d16_left,1129,1129,8,0.9833662509918213,8,8,True
vit_b_16,vit_b_16_linear_head,d16_left,1175,1175,0,0.9823225736618042,0,0,True
vit_b_16,vit_b_16_linear_head,d16_left,1202,1202,2,0.9679283499717712,2,2,True
vit_b_16,vit_b_16_linear_head,d16_left,1204,1204,3,0.9783861637115479,3,3,True
vit_b_16,vit_b_16_linear_head,d16_left,1211,1211,4,0.9949206113815308,4,4,True
vit_b_16,vit_b_16_linear_head,d16_left,1220,1220,7,0.9945447444915771,7,7,True
vit_b_16,vit_b_16_linear_head,d16_left,1230,1230,1,0.9913501143455505,1,1,True
vit_b_16,vit_b_16_linear_head,d16_left,1247,1247,8,0.9944616556167603,8,8,True
vit_b_16,vit_b_16_linear_head,d16_left,1263,1263,3,0.9937610626220703,3,3,True
vit_b_16,vit_b_16_linear_head,d16_left,1266,1266,4,0.9810940623283386,4,4,True
vit_b_16,vit_b_16_linear_head,d16_left,1287,1287,7,0.9953956604003906,7,7,True
vit_b_16,vit_b_16_linear_head,d16_left,1296,1296,7,0.9897986054420471,7,7,True
vit_b_16,vit_b_16_linear_head,d16_left,1370,1370,3,0.9802883863449097,3,3,True
vit_b_16,vit_b_16_linear_head,d16_left,1389,1389,0,0.970863401889801,0,0,True
vit_b_16,vit_b_16_linear_head,d16_left,1401,1401,3,0.9583967924118042,3,3,True
vit_b_16,vit_b_16_linear_head,d16_left,1403,1403,2,0.9751943945884705,2,2,True
vit_b_16,vit_b_16_linear_head,d16_left,1411,1411,9,0.9894154667854309,9,9,True
vit_b_16,vit_b_16_linear_head,d16_left,1429,1429,4,0.9854516386985779,4,4,True
vit_b_16,vit_b_16_linear_head,d16_left,1430,1430,9,0.9869647026062012,9,9,True
vit_b_16,vit_b_16_linear_head,d16_left,1431,1431,3,0.9325054287910461,3,3,True
vit_b_16,vit_b_16_linear_head,d16_left,1436,1436,1,0.9978343844413757,1,1,True
vit_b_16,vit_b_16_linear_head,d16_left,1440,1440,7,0.9921118021011353,7,7,True
vit_b_16,vit_b_16_linear_head,d16_left,1468,1468,9,0.9804863929748535,9,9,True
vit_b_16,vit_b_16_linear_head,d16_left,1473,1473,7,0.9977895021438599,7,7,True
vit_b_16,vit_b_16_linear_head,d16_left,1515,1515,9,0.9880454540252686,9,9,True
vit_b_16,vit_b_16_linear_head,d16_left,1520,1520,2,0.9920282959938049,2,2,True
vit_b_16,vit_b_16_linear_head,d16_left,1531,1531,3,0.9869285821914673,3,3,True
vit_b_16,vit_b_16_linear_head,d16_left,1534,1534,6,0.9500815272331238,6,6,True
vit_b_16,vit_b_16_linear_head,d16_left,1552,1552,5,0.9915764927864075,5,5,True
vit_b_16,vit_b_16_linear_head,d16_left,1553,1553,0,0.9622953534126282,0,0,True
vit_b_16,vit_b_16_linear_head,d16_left,1563,1563,3,0.9846867322921753,3,3,True
vit_b_16,vit_b_16_linear_head,d16_left,1568,1568,1,0.9418840408325195,1,1,True
vit_b_16,vit_b_16_linear_head,d16_left,1579,1579,7,0.9894319176673889,7,7,True
vit_b_16,vit_b_16_linear_head,d16_left,1586,1586,2,0.9628269076347351,2,2,True
vit_b_16,vit_b_16_linear_head,d16_left,1596,1596,0,0.9913287162780762,0,0,True
vit_b_16,vit_b_16_linear_head,d16_left,1626,1626,5,0.9902737736701965,5,5,True
vit_b_16,vit_b_16_linear_head,d16_left,1640,1640,8,0.8929632902145386,8,8,True
vit_b_16,vit_b_16_linear_head,d16_left,1644,1644,5,0.9969401359558105,5,5,True
vit_b_16,vit_b_16_linear_head,d16_left,1648,1648,0,0.9813512563705444,0,0,True
vit_b_16,vit_b_16_linear_head,d16_left,1654,1654,9,0.9916766285896301,9,9,True
vit_b_16,vit_b_16_linear_head,d16_left,1667,1667,6,0.9749488234519958,6,6,True
vit_b_16,vit_b_16_linear_head,d16_left,1703,1703,7,0.9859683513641357,7,7,True
vit_b_16,vit_b_16_linear_head,d16_left,1711,1711,7,0.9944062232971191,7,7,True
vit_b_16,vit_b_16_linear_head,d16_left,1771,1771,7,0.9886771440505981,7,7,True
vit_b_16,vit_b_16_linear_head,d16_left,1783,1783,8,0.981906533241272,8,8,True
vit_b_16,vit_b_16_linear_head,d16_left,1814,1814,2,0.9910315871238708,2,2,True
vit_b_16,vit_b_16_linear_head,d16_left,1833,1833,8,0.9760624170303345,8,8,True
vit_b_16,vit_b_16_linear_head,d16_left,1836,1836,9,0.9785147309303284,9,9,True
vit_b_16,vit_b_16_linear_head,d16_left,1839,1839,2,0.9536985158920288,2,2,True
vit_b_16,vit_b_16_linear_head,d16_left,1852,1852,1,0.9994414448738098,1,1,True
vit_b_16,vit_b_16_linear_head,d16_left,1871,1871,1,0.9904688000679016,1,1,True
vit_b_16,vit_b_16_linear_head,d16_left,1877,1877,5,0.9855061769485474,5,5,True
vit_b_16,vit_b_16_linear_head,d16_left,1884,1884,7,0.9915937781333923,7,7,True
vit_b_16,vit_b_16_linear_head,d16_left,1927,1927,7,0.9863889217376709,7,7,True
vit_b_16,vit_b_16_linear_head,d16_left,1954,1954,8,0.9696629047393799,8,8,True
vit_b_16,vit_b_16_linear_head,d16_left,1956,1956,7,0.9515590071678162,7,7,True
vit_b_16,vit_b_16_linear_head,d16_left,1960,1960,4,0.8951623439788818,5,4,False
vit_b_16,vit_b_16_linear_head,d16_left,1977,1977,0,0.9665861129760742,0,0,True
vit_b_16,vit_b_16_linear_head,d16_left,1986,1986,1,0.998611330986023,1,1,True
vit_b_16,vit_b_16_linear_head,d16_left,1993,1993,1,0.9853827357292175,1,1,True
vit_b_16,vit_b_16_linear_head,d16_left,2003,2003,6,0.9934860467910767,6,6,True
vit_b_16,vit_b_16_linear_head,d16_left,2011,2011,9,0.9844189286231995,9,9,True
vit_b_16,vit_b_16_linear_head,d16_left,2024,2024,0,0.9880868792533875,0,0,True
vit_b_16,vit_b_16_linear_head,d16_left,2028,2028,3,0.9626210927963257,3,3,True
vit_b_16,vit_b_16_linear_head,d16_left,2062,2062,9,0.9843689799308777,9,9,True
vit_b_16,vit_b_16_linear_head,d16_left,2070,2070,1,0.9425344467163086,1,1,True
vit_b_16,vit_b_16_linear_head,d16_left,2082,2082,2,0.9733723402023315,2,2,True
vit_b_16,vit_b_16_linear_head,d16_left,2095,2095,1,0.990182638168335,1,1,True
vit_b_16,vit_b_16_linear_head,d16_left,2109,2109,8,0.9840654134750366,8,8,True
vit_b_16,vit_b_16_linear_head,d16_left,2114,2114,9,0.9863710999488831,9,9,True
vit_b_16,vit_b_16_linear_head,d16_left,2116,2116,1,0.9819424748420715,3,3,True
vit_b_16,vit_b_16_linear_head,d16_left,2157,2157,1,0.9761168360710144,1,1,True
vit_b_16,vit_b_16_linear_head,d16_left,2167,2167,9,0.9820801019668579,9,9,True
vit_b_16,vit_b_16_linear_head,d16_left,2178,2178,1,0.9624082446098328,1,1,True
vit_b_16,vit_b_16_linear_head,d16_left,2191,2191,8,0.9836903810501099,8,8,True
vit_b_16,vit_b_16_linear_head,d16_left,2230,2230,8,0.9639060497283936,8,8,True
vit_b_16,vit_b_16_linear_head,d16_left,2242,2242,0,0.9810181856155396,0,0,True
vit_b_16,vit_b_16_linear_head,d16_left,2265,2265,5,0.98869389295578,5,5,True
vit_b_16,vit_b_16_linear_head,d16_left,2268,2268,5,0.9751560091972351,5,5,True
vit_b_16,vit_b_16_linear_head,d16_left,2291,2291,3,0.9873217344284058,3,3,True
vit_b_16,vit_b_16_linear_head,d16_left,2334,2334,5,0.9983054995536804,5,5,True
vit_b_16,vit_b_16_linear_head,d16_left,2340,2340,8,0.9792230725288391,8,8,True
vit_b_16,vit_b_16_linear_head,d16_left,2342,2342,8,0.98879075050354,8,8,True
vit_b_16,vit_b_16_linear_head,d16_left,2351,2351,9,0.9918556213378906,9,9,True
vit_b_16,vit_b_16_linear_head,d16_left,2391,2391,5,0.9082852602005005,5,5,True
vit_b_16,vit_b_16_linear_head,d16_left,2392,2392,2,0.9787608981132507,2,2,True
vit_b_16,vit_b_16_linear_head,d16_left,2399,2399,4,0.9546816349029541,4,4,True
vit_b_16,vit_b_16_linear_head,d16_left,2414,2414,9,0.9834315776824951,9,9,True
vit_b_16,vit_b_16_linear_head,d16_left,2427,2427,5,0.9879962801933289,5,5,True
vit_b_16,vit_b_16_linear_head,d16_left,2458,2458,5,0.9872431755065918,5,5,True
vit_b_16,vit_b_16_linear_head,d16_left,2501,2501,7,0.9950867891311646,7,7,True
vit_b_16,vit_b_16_linear_head,d16_left,2502,2502,2,0.9883183240890503,2,2,True
vit_b_16,vit_b_16_linear_head,d16_left,2536,2536,3,0.9922401905059814,3,3,True
vit_b_16,vit_b_16_linear_head,d16_left,2539,2539,3,0.9567568302154541,3,3,True
vit_b_16,vit_b_16_linear_head,d16_left,2610,2610,6,0.9494091272354126,6,6,True
vit_b_16,vit_b_16_linear_head,d16_left,2623,2623,5,0.869818925857544,5,5,True
vit_b_16,vit_b_16_linear_head,d16_left,2655,2655,9,0.9847966432571411,9,9,True
vit_b_16,vit_b_16_linear_head,d16_left,2668,2668,7,0.9979304075241089,7,7,True
vit_b_16,vit_b_16_linear_head,d16_left,2676,2676,6,0.9564772844314575,6,6,True
vit_b_16,vit_b_16_linear_head,d16_left,2687,2687,1,0.9596426486968994,1,1,True
vit_b_16,vit_b_16_linear_head,d16_left,2690,2690,1,0.9131144881248474,1,1,True
vit_b_16,vit_b_16_linear_head,d16_left,2704,2704,4,0.9958486557006836,4,4,True
vit_b_16,vit_b_16_linear_head,d16_left,2745,2745,8,0.9676021337509155,8,8,True
vit_b_16,vit_b_16_linear_head,d16_left,2746,2746,7,0.9963488578796387,7,7,True
vit_b_16,vit_b_16_linear_head,d16_left,2750,2750,0,0.9825730919837952,0,0,True
vit_b_16,vit_b_16_linear_head,d16_left,2754,2754,3,0.9988893270492554,3,3,True
vit_b_16,vit_b_16_linear_head,d16_left,2757,2757,4,0.9722914695739746,4,4,True
vit_b_16,vit_b_16_linear_head,d16_left,2766,2766,5,0.9903407096862793,5,5,True
vit_b_16,vit_b_16_linear_head,d16_left,2807,2807,5,0.9704105854034424,5,5,True
vit_b_16,vit_b_16_linear_head,d16_left,2844,2844,8,0.9352921843528748,8,8,True
vit_b_16,vit_b_16_linear_head,d16_left,2854,2854,7,0.9989686608314514,7,7,True
vit_b_16,vit_b_16_linear_head,d16_left,2861,2861,3,0.9750260710716248,3,3,True
vit_b_16,vit_b_16_linear_head,d16_left,2888,2888,0,0.9677588939666748,0,0,True
vit_b_16,vit_b_16_linear_head,d16_left,2898,2898,4,0.9855740666389465,4,4,True
vit_b_16,vit_b_16_linear_head,d16_left,2950,2950,5,0.9764935970306396,5,5,True
vit_b_16,vit_b_16_linear_head,d16_left,2958,2958,6,0.9962281584739685,6,6,True
vit_b_16,vit_b_16_linear_head,d16_left,3015,3015,8,0.9836353659629822,8,8,True
vit_b_16,vit_b_16_linear_head,d16_left,3024,3024,2,0.99239581823349,2,2,True
vit_b_16,vit_b_16_linear_head,d16_left,3025,3025,0,0.9841177463531494,0,0,True
vit_b_16,vit_b_16_linear_head,d16_left,3034,3034,4,0.9947378635406494,4,4,True
vit_b_16,vit_b_16_linear_head,d16_left,3067,3067,2,0.985809326171875,2,2,True
vit_b_16,vit_b_16_linear_head,d16_left,3078,3078,4,0.978644609451294,4,4,True
vit_b_16,vit_b_16_linear_head,d16_left,3079,3079,1,0.9931935667991638,1,1,True
vit_b_16,vit_b_16_linear_head,d16_left,3083,3083,0,0.9952144622802734,0,0,True
vit_b_16,vit_b_16_linear_head,d16_left,3122,3122,4,0.9902122020721436,4,4,True
vit_b_16,vit_b_16_linear_head,d16_left,3153,3153,7,0.9958178400993347,7,7,True
vit_b_16,vit_b_16_linear_head,d16_left,3157,3157,8,0.9680302143096924,8,8,True
vit_b_16,vit_b_16_linear_head,d16_left,3163,3163,2,0.9842468500137329,2,2,True
vit_b_16,vit_b_16_linear_head,d16_left,3179,3179,4,0.9617654085159302,4,4,True
vit_b_16,vit_b_16_linear_head,d16_left,3191,3191,6,0.9749888777732849,6,6,True
vit_b_16,vit_b_16_linear_head,d16_left,3276,3276,3,0.9827084541320801,3,3,True
vit_b_16,vit_b_16_linear_head,d16_left,3287,3287,4,0.9892674684524536,4,4,True
vit_b_16,vit_b_16_linear_head,d16_left,3288,3288,7,0.9980525970458984,7,7,True
vit_b_16,vit_b_16_linear_head,d16_left,3292,3292,6,0.9860074520111084,6,6,True
vit_b_16,vit_b_16_linear_head,d16_left,3318,3318,9,0.9877091646194458,9,9,True
vit_b_16,vit_b_16_linear_head,d16_left,3347,3347,0,0.9617001414299011,0,0,True
vit_b_16,vit_b_16_linear_head,d16_left,3353,3353,5,0.9725325107574463,5,5,True
vit_b_16,vit_b_16_linear_head,d16_left,3362,3362,2,0.9833611249923706,2,2,True
vit_b_16,vit_b_16_linear_head,d16_left,3365,3365,4,0.9594383239746094,4,4,True
vit_b_16,vit_b_16_linear_head,d16_left,3375,3375,3,0.9981172680854797,3,3,True
vit_b_16,vit_b_16_linear_head,d16_left,3383,3383,3,0.9885648488998413,3,3,True
vit_b_16,vit_b_16_linear_head,d16_left,3404,3404,7,0.9974258542060852,7,7,True
vit_b_16,vit_b_16_linear_head,d16_left,3412,3412,8,0.9853488206863403,8,8,True
vit_b_16,vit_b_16_linear_head,d16_left,3413,3413,1,0.9977766275405884,1,1,True
vit_b_16,vit_b_16_linear_head,d16_left,3418,3418,6,0.9861278533935547,6,6,True
vit_b_16,vit_b_16_linear_head,d16_left,3437,3437,0,0.9730587601661682,0,0,True
vit_b_16,vit_b_16_linear_head,d16_left,3446,3446,7,0.9889417886734009,7,7,True
vit_b_16,vit_b_16_linear_head,d16_left,3454,3454,2,0.9646353125572205,2,2,True
vit_b_16,vit_b_16_linear_head,d16_left,3455,3455,0,0.9935048222541809,0,0,True
vit_b_16,vit_b_16_linear_head,d16_left,3458,3458,4,0.9825925230979919,4,4,True
vit_b_16,vit_b_16_linear_head,d16_left,3467,3467,7,0.9915789365768433,7,7,True
vit_b_16,vit_b_16_linear_head,d16_left,3491,3491,1,0.9727195501327515,1,1,True
vit_b_16,vit_b_16_linear_head,d16_left,3494,3494,6,0.9916046857833862,6,6,True
vit_b_16,vit_b_16_linear_head,d16_left,3512,3512,4,0.989768922328949,4,4,True
vit_b_16,vit_b_16_linear_head,d16_left,3515,3515,6,0.9798866510391235,4,4,True
vit_b_16,vit_b_16_linear_head,d16_left,3542,3542,7,0.9919670820236206,7,7,True
vit_b_16,vit_b_16_linear_head,d16_left,3550,3550,1,0.9818862676620483,1,1,True
vit_b_16,vit_b_16_linear_head,d16_left,3562,3562,3,0.9919989705085754,3,3,True
vit_b_16,vit_b_16_linear_head,d16_left,3755,3755,2,0.9751958847045898,2,2,True
vit_b_16,vit_b_16_linear_head,d16_left,3763,3763,4,0.9853074550628662,4,4,True
vit_b_16,vit_b_16_linear_head,d16_left,3777,3777,6,0.9626333713531494,6,6,True
vit_b_16,vit_b_16_linear_head,d16_left,3778,3778,3,0.9667720794677734,3,3,True
vit_b_16,vit_b_16_linear_head,d16_left,3779,3779,6,0.9370802044868469,6,6,True
vit_b_16,vit_b_16_linear_head,d16_left,3844,3844,6,0.9818146824836731,6,6,True
vit_b_16,vit_b_16_linear_head,d16_left,3851,3851,3,0.9951232671737671,3,3,True
vit_b_16,vit_b_16_linear_head,d16_left,3852,3852,5,0.9855412840843201,5,5,True
vit_b_16,vit_b_16_linear_head,d16_left,3863,3863,5,0.9972184300422668,5,5,True
vit_b_16,vit_b_16_linear_head,d16_left,3867,3867,7,0.9953598976135254,7,7,True
vit_b_16,vit_b_16_linear_head,d16_left,3876,3876,0,0.9275060296058655,0,0,True
vit_b_16,vit_b_16_linear_head,d16_left,3889,3889,5,0.9825280904769897,5,5,True
vit_b_16,vit_b_16_linear_head,d16_left,3891,3891,4,0.9968650341033936,4,4,True
vit_b_16,vit_b_16_linear_head,d16_left,3893,3893,9,0.9872974157333374,9,9,True
vit_b_16,vit_b_16_linear_head,d16_left,3905,3905,8,0.9906187653541565,8,8,True
vit_b_16,vit_b_16_linear_head,d16_left,3914,3914,3,0.9962319731712341,3,3,True
vit_b_16,vit_b_16_linear_head,d16_left,3937,3937,1,0.9916887283325195,1,1,True
vit_b_16,vit_b_16_linear_head,d16_left,3942,3942,9,0.9845788478851318,9,9,True
vit_b_16,vit_b_16_linear_head,d16_left,3948,3948,8,0.968653678894043,8,8,True
vit_b_16,vit_b_16_linear_head,d16_left,3962,3962,6,0.9939389824867249,6,6,True
vit_b_16,vit_b_16_linear_head,d16_left,3965,3965,0,0.9924291372299194,0,0,True
vit_b_16,vit_b_16_linear_head,d16_left,3994,3994,4,0.9860146641731262,4,4,True
vit_b_16,vit_b_16_linear_head,d16_left,3996,3996,9,0.9732391238212585,9,9,True
vit_b_16,vit_b_16_linear_head,d16_left,4011,4011,6,0.9680749177932739,6,6,True
vit_b_16,vit_b_16_linear_head,d16_left,4023,4023,3,0.9945729374885559,3,3,True
vit_b_16,vit_b_16_linear_head,d16_left,4054,4054,4,0.9830836057662964,4,4,True
vit_b_16,vit_b_16_linear_head,d16_left,4065,4065,2,0.9580858945846558,2,2,True
vit_b_16,vit_b_16_linear_head,d16_left,4069,4069,8,0.9513707160949707,8,8,True
vit_b_16,vit_b_16_linear_head,d16_left,4093,4093,6,0.9369113445281982,6,6,True
vit_b_16,vit_b_16_linear_head,d16_left,4094,4094,9,0.9785176515579224,9,9,True
vit_b_16,vit_b_16_linear_head,d16_left,4106,4106,5,0.9716687202453613,5,5,True
vit_b_16,vit_b_16_linear_head,d16_left,4130,4130,0,0.9871547818183899,0,0,True
vit_b_16,vit_b_16_linear_head,d16_left,4168,4168,3,0.9684796929359436,3,3,True
vit_b_16,vit_b_16_linear_head,d16_left,4170,4170,8,0.9648560881614685,8,8,True
vit_b_16,vit_b_16_linear_head,d16_left,4172,4172,7,0.9955673813819885,7,7,True
vit_b_16,vit_b_16_linear_head,d16_left,4177,4177,8,0.839928925037384,8,8,True
vit_b_16,vit_b_16_linear_head,d16_left,4215,4215,3,0.9455013275146484,3,3,True
vit_b_16,vit_b_16_linear_head,d16_left,4229,4229,3,0.9944880604743958,3,3,True
vit_b_16,vit_b_16_linear_head,d16_left,4236,4236,7,0.9942365288734436,7,7,True
vit_b_16,vit_b_16_linear_head,d16_left,4242,4242,8,0.9911423921585083,8,8,True
vit_b_16,vit_b_16_linear_head,d16_left,4254,4254,6,0.9660066366195679,6,6,True
vit_b_16,vit_b_16_linear_head,d16_left,4290,4290,5,0.9776214361190796,1,1,True
vit_b_16,vit_b_16_linear_head,d16_left,4298,4298,1,0.9963352680206299,1,1,True
vit_b_16,vit_b_16_linear_head,d16_left,4308,4308,7,0.9333556890487671,7,7,True
vit_b_16,vit_b_16_linear_head,d16_left,4311,4311,8,0.9858706593513489,8,8,True
vit_b_16,vit_b_16_linear_head,d16_left,4323,4323,3,0.9190882444381714,3,3,True
vit_b_16,vit_b_16_linear_head,d16_left,4330,4330,3,0.962593674659729,3,3,True
vit_b_16,vit_b_16_linear_head,d16_left,4341,4341,6,0.9925795197486877,6,6,True
vit_b_16,vit_b_16_linear_head,d16_left,4355,4355,8,0.9484953284263611,0,0,True
vit_b_16,vit_b_16_linear_head,d16_left,4399,4399,0,0.9549347758293152,0,0,True
vit_b_16,vit_b_16_linear_head,d16_left,4403,4403,7,0.9944478869438171,7,7,True
vit_b_16,vit_b_16_linear_head,d16_left,4411,4411,6,0.9889381527900696,6,6,True
vit_b_16,vit_b_16_linear_head,d16_left,4449,4449,9,0.9814574122428894,9,9,True
vit_b_16,vit_b_16_linear_head,d16_left,4463,4463,3,0.9189928770065308,3,3,True
vit_b_16,vit_b_16_linear_head,d16_left,4531,4531,3,0.9717710018157959,3,3,True
vit_b_16,vit_b_16_linear_head,d16_left,4539,4539,0,0.9442617893218994,0,0,True
vit_b_16,vit_b_16_linear_head,d16_left,4547,4547,5,0.9845857620239258,5,5,True
vit_b_16,vit_b_16_linear_head,d16_left,4552,4552,8,0.9759529829025269,8,8,True
vit_b_16,vit_b_16_linear_head,d16_left,4570,4570,5,0.983464241027832,5,5,True
vit_b_16,vit_b_16_linear_head,d16_left,4590,4590,3,0.9717713594436646,3,3,True
vit_b_16,vit_b_16_linear_head,d16_left,4609,4609,3,0.9768681526184082,3,3,True
vit_b_16,vit_b_16_linear_head,d16_left,4615,4615,0,0.9866303205490112,0,0,True
vit_b_16,vit_b_16_linear_head,d16_left,4617,4617,0,0.9887927770614624,0,0,True
vit_b_16,vit_b_16_linear_head,d16_left,4620,4620,6,0.9939086437225342,6,6,True
vit_b_16,vit_b_16_linear_head,d16_left,4629,4629,4,0.9827548861503601,4,4,True
vit_b_16,vit_b_16_linear_head,d16_left,4640,4640,1,0.9954092502593994,1,1,True
vit_b_16,vit_b_16_linear_head,d16_left,4642,4642,4,0.965578556060791,4,4,True
vit_b_16,vit_b_16_linear_head,d16_left,4661,4661,7,0.9952727556228638,7,7,True
vit_b_16,vit_b_16_linear_head,d16_left,4662,4662,8,0.9728437066078186,8,8,True
vit_b_16,vit_b_16_linear_head,d16_left,4675,4675,0,0.9927231073379517,0,0,True
vit_b_16,vit_b_16_linear_head,d16_left,4676,4676,8,0.9630179405212402,8,8,True
vit_b_16,vit_b_16_linear_head,d16_left,4704,4704,7,0.9630091786384583,7,7,True
vit_b_16,vit_b_16_linear_head,d16_left,4723,4723,9,0.9886444211006165,9,9,True
vit_b_16,vit_b_16_linear_head,d16_left,4731,4731,6,0.9771461486816406,6,6,True
vit_b_16,vit_b_16_linear_head,d16_left,4735,4735,2,0.980956494808197,2,2,True
vit_b_16,vit_b_16_linear_head,d16_left,4740,4740,4,0.9782379865646362,4,4,True
vit_b_16,vit_b_16_linear_head,d16_left,4746,4746,6,0.9985464215278625,6,6,True
vit_b_16,vit_b_16_linear_head,d16_left,4748,4748,7,0.9899063110351562,7,7,True
vit_b_16,vit_b_16_linear_head,d16_left,4754,4754,6,0.9832761883735657,6,6,True
vit_b_16,vit_b_16_linear_head,d16_left,4785,4785,0,0.9923744797706604,0,0,True
vit_b_16,vit_b_16_linear_head,d16_left,4791,4791,7,0.9935577511787415,7,7,True
vit_b_16,vit_b_16_linear_head,d16_left,4819,4819,0,0.9885582327842712,0,0,True
vit_b_16,vit_b_16_linear_head,d16_left,4821,4821,3,0.9970287680625916,3,3,True
vit_b_16,vit_b_16_linear_head,d16_left,4827,4827,6,0.9888309240341187,6,6,True
vit_b_16,vit_b_16_linear_head,d16_left,4850,4850,5,0.975857138633728,5,5,True
vit_b_16,vit_b_16_linear_head,d16_left,4881,4881,3,0.9796056747436523,3,3,True
vit_b_16,vit_b_16_linear_head,d16_left,4893,4893,0,0.9946808815002441,0,0,True
vit_b_16,vit_b_16_linear_head,d16_left,4908,4908,3,0.9582769274711609,3,3,True
vit_b_16,vit_b_16_linear_head,d16_left,4913,4913,2,0.9822235703468323,2,2,True
vit_b_16,vit_b_16_linear_head,d16_left,4921,4921,2,0.9696541428565979,2,2,True
vit_b_16,vit_b_16_linear_head,d16_left,4953,4953,5,0.9625451564788818,5,5,True
vit_b_16,vit_b_16_linear_head,d16_left,4966,4966,5,0.979464054107666,5,5,True
vit_b_16,vit_b_16_linear_head,d16_left,4990,4990,8,0.9591999053955078,8,8,True
vit_b_16,vit_b_16_linear_head,d16_left,5000,5000,8,0.9634535312652588,8,8,True
vit_b_16,vit_b_16_linear_head,d16_left,5030,5030,2,0.9779472947120667,2,2,True
vit_b_16,vit_b_16_linear_head,d16_left,5062,5062,4,0.9705296754837036,4,4,True
vit_b_16,vit_b_16_linear_head,d16_left,5077,5077,4,0.9893783330917358,4,4,True
vit_b_16,vit_b_16_linear_head,d16_left,5082,5082,6,0.9939144849777222,6,6,True
vit_b_16,vit_b_16_linear_head,d16_left,5092,5092,1,0.9827149510383606,1,1,True
vit_b_16,vit_b_16_linear_head,d16_left,5101,5101,5,0.9846051931381226,2,2,True
vit_b_16,vit_b_16_linear_head,d16_left,5117,5117,0,0.9914852380752563,0,0,True
vit_b_16,vit_b_16_linear_head,d16_left,5123,5123,1,0.9966199398040771,1,1,True
vit_b_16,vit_b_16_linear_head,d16_left,5135,5135,4,0.9335923194885254,4,4,True
vit_b_16,vit_b_16_linear_head,d16_left,5183,5183,2,0.978003203868866,2,2,True
vit_b_16,vit_b_16_linear_head,d16_left,5213,5213,4,0.976036787033081,4,4,True
vit_b_16,vit_b_16_linear_head,d16_left,5218,5218,2,0.9882503747940063,2,2,True
vit_b_16,vit_b_16_linear_head,d16_left,5220,5220,1,0.929729700088501,1,5,False
vit_b_16,vit_b_16_linear_head,d16_left,5237,5237,2,0.9587662220001221,2,2,True
vit_b_16,vit_b_16_linear_head,d16_left,5256,5256,1,0.9280292987823486,1,1,True
vit_b_16,vit_b_16_linear_head,d16_left,5284,5284,9,0.9765926599502563,9,9,True
vit_b_16,vit_b_16_linear_head,d16_left,5301,5301,9,0.9726228713989258,9,9,True
vit_b_16,vit_b_16_linear_head,d16_left,5318,5318,2,0.9735503792762756,2,2,True
vit_b_16,vit_b_16_linear_head,d16_left,5332,5332,5,0.9283372163772583,5,5,True
vit_b_16,vit_b_16_linear_head,d16_left,5333,5333,2,0.9643000960350037,2,2,True
vit_b_16,vit_b_16_linear_head,d16_left,5360,5360,9,0.9869931936264038,9,9,True
vit_b_16,vit_b_16_linear_head,d16_left,5381,5381,5,0.9793453812599182,5,5,True
vit_b_16,vit_b_16_linear_head,d16_left,5382,5382,6,0.9844000935554504,6,6,True
vit_b_16,vit_b_16_linear_head,d16_left,5395,5395,2,0.9712177515029907,2,2,True
vit_b_16,vit_b_16_linear_head,d16_left,5402,5402,4,0.991997480392456,4,4,True
vit_b_16,vit_b_16_linear_head,d16_left,5408,5408,6,0.9861039519309998,6,6,True
vit_b_16,vit_b_16_linear_head,d16_left,5436,5436,7,0.9989374876022339,7,7,True
vit_b_16,vit_b_16_linear_head,d16_left,5447,5447,9,0.9798286557197571,9,9,True
vit_b_16,vit_b_16_linear_head,d16_left,5450,5450,7,0.9955636262893677,7,7,True
vit_b_16,vit_b_16_linear_head,d16_left,5451,5451,8,0.9808070659637451,8,8,True
vit_b_16,vit_b_16_linear_head,d16_left,5452,5452,9,0.9759803414344788,9,9,True
vit_b_16,vit_b_16_linear_head,d16_left,5467,5467,4,0.9879952669143677,4,4,True
vit_b_16,vit_b_16_linear_head,d16_left,5478,5478,0,0.9885799288749695,0,0,True
vit_b_16,vit_b_16_linear_head,d16_left,5488,5488,1,0.9935266375541687,1,1,True
vit_b_16,vit_b_16_linear_head,d16_left,5496,5496,5,0.9770967960357666,5,5,True
vit_b_16,vit_b_16_linear_head,d16_left,5508,5508,9,0.9869436621665955,9,9,True
vit_b_16,vit_b_16_linear_head,d16_left,5512,5512,2,0.8754981756210327,9,9,True
vit_b_16,vit_b_16_linear_head,d16_left,5525,5525,8,0.972052812576294,8,8,True
vit_b_16,vit_b_16_linear_head,d16_left,5528,5528,3,0.9340004324913025,3,3,True
vit_b_16,vit_b_16_linear_head,d16_left,5556,5556,4,0.9805772304534912,4,4,True
vit_b_16,vit_b_16_linear_head,d16_left,5560,5560,1,0.9790871739387512,1,1,True
vit_b_16,vit_b_16_linear_head,d16_left,5572,5572,9,0.9860776662826538,9,9,True
vit_b_16,vit_b_16_linear_head,d16_left,5580,5580,6,0.9760026931762695,5,5,True
vit_b_16,vit_b_16_linear_head,d16_left,5590,5590,9,0.9661327600479126,9,9,True
vit_b_16,vit_b_16_linear_head,d16_left,5623,5623,4,0.9824427366256714,4,4,True
vit_b_16,vit_b_16_linear_head,d16_left,5677,5677,2,0.960504412651062,2,2,True
vit_b_16,vit_b_16_linear_head,d16_left,5694,5694,8,0.988442063331604,8,8,True
vit_b_16,vit_b_16_linear_head,d16_left,5701,5701,5,0.9752933382987976,5,5,True
vit_b_16,vit_b_16_linear_head,d16_left,5705,5705,8,0.9636713266372681,8,8,True
vit_b_16,vit_b_16_linear_head,d16_left,5719,5719,7,0.9979177713394165,7,7,True
vit_b_16,vit_b_16_linear_head,d16_left,5729,5729,6,0.9417962431907654,6,6,True
vit_b_16,vit_b_16_linear_head,d16_left,5756,5756,2,0.9738107919692993,2,2,True
vit_b_16,vit_b_16_linear_head,d16_left,5788,5788,9,0.9986938834190369,9,9,True
vit_b_16,vit_b_16_linear_head,d16_left,5789,5789,4,0.9632892608642578,4,4,True
vit_b_16,vit_b_16_linear_head,d16_left,5824,5824,2,0.9116904735565186,2,2,True
vit_b_16,vit_b_16_linear_head,d16_left,5848,5848,7,0.9956241846084595,7,7,True
vit_b_16,vit_b_16_linear_head,d16_left,5851,5851,9,0.9919431209564209,9,9,True
vit_b_16,vit_b_16_linear_head,d16_left,5857,5857,6,0.9702589511871338,4,4,True
vit_b_16,vit_b_16_linear_head,d16_left,5858,5858,6,0.92686527967453,6,6,True
vit_b_16,vit_b_16_linear_head,d16_left,5912,5912,0,0.9747521281242371,0,0,True
vit_b_16,vit_b_16_linear_head,d16_left,5915,5915,9,0.9750315546989441,9,9,True
vit_b_16,vit_b_16_linear_head,d16_left,5918,5918,0,0.9690120816230774,0,0,True
vit_b_16,vit_b_16_linear_head,d16_left,5924,5924,5,0.9876521229743958,5,5,True
vit_b_16,vit_b_16_linear_head,d16_left,5977,5977,7,0.9926393032073975,7,7,True
vit_b_16,vit_b_16_linear_head,d16_left,5981,5981,9,0.9626339673995972,9,9,True
vit_b_16,vit_b_16_linear_head,d16_left,5999,5999,0,0.97453773021698,0,0,True
vit_b_16,vit_b_16_linear_head,d16_left,6028,6028,2,0.97084641456604,2,2,True
vit_b_16,vit_b_16_linear_head,d16_left,6033,6033,4,0.9702298045158386,4,4,True
vit_b_16,vit_b_16_linear_head,d16_left,6076,6076,1,0.9922728538513184,1,1,True
vit_b_16,vit_b_16_linear_head,d16_left,6084,6084,7,0.9961878061294556,7,7,True
vit_b_16,vit_b_16_linear_head,d16_left,6097,6097,4,0.9946415424346924,4,4,True
vit_b_16,vit_b_16_linear_head,d16_left,6169,6169,1,0.9886887669563293,1,1,True
vit_b_16,vit_b_16_linear_head,d16_left,6190,6190,7,0.996694028377533,7,7,True
vit_b_16,vit_b_16_linear_head,d16_left,6224,6224,5,0.9902122616767883,5,5,True
vit_b_16,vit_b_16_linear_head,d16_left,6244,6244,2,0.9247980117797852,2,2,True
vit_b_16,vit_b_16_linear_head,d16_left,6264,6264,2,0.947422444820404,2,2,True
vit_b_16,vit_b_16_linear_head,d16_left,6271,6271,2,0.9844218492507935,2,2,True
vit_b_16,vit_b_16_linear_head,d16_left,6288,6288,4,0.9657068252563477,4,4,True
vit_b_16,vit_b_16_linear_head,d16_left,6332,6332,2,0.978859543800354,2,2,True
vit_b_16,vit_b_16_linear_head,d16_left,6349,6349,1,0.9620075225830078,1,1,True
vit_b_16,vit_b_16_linear_head,d16_left,6354,6354,2,0.9536994695663452,2,2,True
vit_b_16,vit_b_16_linear_head,d16_left,6358,6358,5,0.9772219657897949,5,5,True
vit_b_16,vit_b_16_linear_head,d16_left,6381,6381,6,0.9724581837654114,6,6,True
vit_b_16,vit_b_16_linear_head,d16_left,6414,6414,5,0.970032274723053,5,5,True
vit_b_16,vit_b_16_linear_head,d16_left,6426,6426,2,0.9842619895935059,2,2,True
vit_b_16,vit_b_16_linear_head,d16_left,6434,6434,8,0.9810791611671448,8,8,True
vit_b_16,vit_b_16_linear_head,d16_left,6437,6437,0,0.9795796871185303,0,0,True
vit_b_16,vit_b_16_linear_head,d16_left,6455,6455,0,0.992202639579773,0,0,True
vit_b_16,vit_b_16_linear_head,d16_left,6490,6490,3,0.9728010892868042,3,3,True
vit_b_16,vit_b_16_linear_head,d16_left,6503,6503,2,0.943630039691925,2,2,True
vit_b_16,vit_b_16_linear_head,d16_left,6508,6508,4,0.9957231283187866,4,4,True
vit_b_16,vit_b_16_linear_head,d16_left,6528,6528,4,0.9946243166923523,4,4,True
vit_b_16,vit_b_16_linear_head,d16_left,6594,6594,1,0.99672532081604,1,1,True
vit_b_16,vit_b_16_linear_head,d16_left,6609,6609,0,0.992135226726532,0,0,True
vit_b_16,vit_b_16_linear_head,d16_left,6616,6616,2,0.9415592551231384,2,2,True
vit_b_16,vit_b_16_linear_head,d16_left,6650,6650,7,0.9756132960319519,7,7,True
vit_b_16,vit_b_16_linear_head,d16_left,6689,6689,8,0.9942024350166321,8,8,True
vit_b_16,vit_b_16_linear_head,d16_left,6692,6692,2,0.9799736738204956,2,2,True
vit_b_16,vit_b_16_linear_head,d16_left,6713,6713,6,0.9845244884490967,6,6,True
vit_b_16,vit_b_16_linear_head,d16_left,6716,6716,5,0.9852415323257446,6,6,True
vit_b_16,vit_b_16_linear_head,d16_left,6726,6726,7,0.9956597685813904,7,7,True
vit_b_16,vit_b_16_linear_head,d16_left,6733,6733,1,0.9976640939712524,1,1,True
vit_b_16,vit_b_16_linear_head,d16_left,6772,6772,7,0.9576053619384766,7,7,True
vit_b_16,vit_b_16_linear_head,d16_left,6805,6805,1,0.9996057152748108,1,1,True
vit_b_16,vit_b_16_linear_head,d16_left,6836,6836,1,0.9906970262527466,1,1,True
vit_b_16,vit_b_16_linear_head,d16_left,6844,6844,0,0.9964003562927246,0,0,True
vit_b_16,vit_b_16_linear_head,d16_left,6922,6922,5,0.9931279420852661,5,5,True
vit_b_16,vit_b_16_linear_head,d16_left,6931,6931,9,0.9715211987495422,9,9,True
vit_b_16,vit_b_16_linear_head,d16_left,6938,6938,1,0.9905045032501221,1,1,True
vit_b_16,vit_b_16_linear_head,d16_left,6952,6952,3,0.9373689293861389,3,3,True
vit_b_16,vit_b_16_linear_head,d16_left,6954,6954,1,0.9602844715118408,1,1,True
vit_b_16,vit_b_16_linear_head,d16_left,6986,6986,0,0.987686276435852,0,0,True
vit_b_16,vit_b_16_linear_head,d16_left,6989,6989,5,0.9976974725723267,5,5,True
vit_b_16,vit_b_16_linear_head,d16_left,7009,7009,0,0.9844098687171936,0,0,True
vit_b_16,vit_b_16_linear_head,d16_left,7029,7029,1,0.996329665184021,1,1,True
vit_b_16,vit_b_16_linear_head,d16_left,7033,7033,1,0.9809244275093079,1,1,True
vit_b_16,vit_b_16_linear_head,d16_left,7041,7041,5,0.9773027896881104,5,5,True
vit_b_16,vit_b_16_linear_head,d16_left,7047,7047,9,0.9944590926170349,9,9,True
vit_b_16,vit_b_16_linear_head,d16_left,7081,7081,7,0.9947617053985596,7,7,True
vit_b_16,vit_b_16_linear_head,d16_left,7084,7084,2,0.976655125617981,2,2,True
vit_b_16,vit_b_16_linear_head,d16_left,7108,7108,6,0.9627535343170166,6,6,True
vit_b_16,vit_b_16_linear_head,d16_left,7130,7130,5,0.9939216375350952,5,5,True
vit_b_16,vit_b_16_linear_head,d16_left,7138,7138,8,0.9841811656951904,8,8,True
vit_b_16,vit_b_16_linear_head,d16_left,7150,7150,0,0.9863405823707581,0,0,True
vit_b_16,vit_b_16_linear_head,d16_left,7202,7202,1,0.989071786403656,1,1,True
vit_b_16,vit_b_16_linear_head,d16_left,7262,7262,0,0.9894799590110779,0,0,True
vit_b_16,vit_b_16_linear_head,d16_left,7266,7266,9,0.9734393358230591,9,9,True
vit_b_16,vit_b_16_linear_head,d16_left,7270,7270,7,0.9518805146217346,7,7,True
vit_b_16,vit_b_16_linear_head,d16_left,7309,7309,0,0.9815075397491455,0,0,True
vit_b_16,vit_b_16_linear_head,d16_left,7320,7320,0,0.9534510374069214,0,0,True
vit_b_16,vit_b_16_linear_head,d16_left,7338,7338,6,0.9798871874809265,6,6,True
vit_b_16,vit_b_16_linear_head,d16_left,7372,7372,0,0.982757031917572,0,0,True
vit_b_16,vit_b_16_linear_head,d16_left,7373,7373,0,0.9897897839546204,0,0,True
vit_b_16,vit_b_16_linear_head,d16_left,7380,7380,9,0.9841595888137817,9,9,True
vit_b_16,vit_b_16_linear_head,d16_left,7390,7390,1,0.9814020991325378,1,1,True
vit_b_16,vit_b_16_linear_head,d16_left,7413,7413,5,0.9936879277229309,5,5,True
vit_b_16,vit_b_16_linear_head,d16_left,7416,7416,3,0.9083813428878784,3,3,True
vit_b_16,vit_b_16_linear_head,d16_left,7425,7425,2,0.9681121110916138,2,2,True
vit_b_16,vit_b_16_linear_head,d16_left,7446,7446,8,0.9850269556045532,8,8,True
vit_b_16,vit_b_16_linear_head,d16_left,7460,7460,8,0.9719585180282593,8,8,True
vit_b_16,vit_b_16_linear_head,d16_left,7465,7465,0,0.9728025794029236,0,0,True
vit_b_16,vit_b_16_linear_head,d16_left,7474,7474,5,0.9885860681533813,5,5,True
vit_b_16,vit_b_16_linear_head,d16_left,7475,7475,4,0.9834542274475098,4,4,True
vit_b_16,vit_b_16_linear_head,d16_left,7476,7476,8,0.991436779499054,0,0,True
vit_b_16,vit_b_16_linear_head,d16_left,7544,7544,9,0.9763495922088623,9,9,True
vit_b_16,vit_b_16_linear_head,d16_left,7555,7555,6,0.9689128398895264,6,6,True
vit_b_16,vit_b_16_linear_head,d16_left,7600,7600,6,0.9798305630683899,6,6,True
vit_b_16,vit_b_16_linear_head,d16_left,7610,7610,4,0.9819045066833496,4,4,True
vit_b_16,vit_b_16_linear_head,d16_left,7634,7634,0,0.9973948001861572,0,0,True
vit_b_16,vit_b_16_linear_head,d16_left,7692,7692,4,0.9800528883934021,4,4,True
vit_b_16,vit_b_16_linear_head,d16_left,7706,7706,5,0.9685170650482178,5,5,True
vit_b_16,vit_b_16_linear_head,d16_left,7726,7726,6,0.9672543406486511,6,6,True
vit_b_16,vit_b_16_linear_head,d16_left,7744,7744,3,0.8882058262825012,3,3,True
vit_b_16,vit_b_16_linear_head,d16_left,7752,7752,9,0.9736328125,9,9,True
vit_b_16,vit_b_16_linear_head,d16_left,7776,7776,5,0.9900054335594177,5,5,True
vit_b_16,vit_b_16_linear_head,d16_left,7779,7779,6,0.9698106050491333,6,6,True
vit_b_16,vit_b_16_linear_head,d16_left,7781,7781,6,0.9672263860702515,6,6,True
vit_b_16,vit_b_16_linear_head,d16_left,7793,7793,3,0.953190267086029,7,7,True
vit_b_16,vit_b_16_linear_head,d16_left,7797,7797,3,0.9776750206947327,3,3,True
vit_b_16,vit_b_16_linear_head,d16_left,7810,7810,8,0.9176337718963623,8,8,True
vit_b_16,vit_b_16_linear_head,d16_left,7818,7818,8,0.9888559579849243,8,8,True
vit_b_16,vit_b_16_linear_head,d16_left,7835,7835,7,0.9958710074424744,7,7,True
vit_b_16,vit_b_16_linear_head,d16_left,7864,7864,4,0.9953063726425171,4,4,True
vit_b_16,vit_b_16_linear_head,d16_left,7875,7875,8,0.9285308122634888,8,8,True
vit_b_16,vit_b_16_linear_head,d16_left,7938,7938,9,0.9753721952438354,9,9,True
vit_b_16,vit_b_16_linear_head,d16_left,7940,7940,4,0.9553000926971436,4,4,True
vit_b_16,vit_b_16_linear_head,d16_left,7944,7944,4,0.9852421283721924,4,4,True
vit_b_16,vit_b_16_linear_head,d16_left,7955,7955,1,0.9915585517883301,1,1,True
vit_b_16,vit_b_16_linear_head,d16_left,7995,7995,9,0.9624828100204468,9,9,True
vit_b_16,vit_b_16_linear_head,d16_left,7996,7996,6,0.9781709909439087,6,6,True
vit_b_16,vit_b_16_linear_head,d16_left,7999,7999,8,0.9397082328796387,8,8,True
vit_b_16,vit_b_16_linear_head,d16_right,3,3,0,0.9908519983291626,0,0,True
vit_b_16,vit_b_16_linear_head,d16_right,29,29,7,0.9860959053039551,7,7,True
vit_b_16,vit_b_16_linear_head,d16_right,35,35,2,0.9524140357971191,2,2,True
vit_b_16,vit_b_16_linear_head,d16_right,42,42,0,0.9263335466384888,0,0,True
vit_b_16,vit_b_16_linear_head,d16_right,49,49,2,0.9798501133918762,2,2,True
vit_b_16,vit_b_16_linear_head,d16_right,81,81,0,0.9479230046272278,0,0,True
vit_b_16,vit_b_16_linear_head,d16_right,95,95,1,0.9946187734603882,1,1,True
vit_b_16,vit_b_16_linear_head,d16_right,97,97,5,0.9383105039596558,5,5,True
vit_b_16,vit_b_16_linear_head,d16_right,116,116,1,0.9453073143959045,1,1,True
vit_b_16,vit_b_16_linear_head,d16_right,131,131,9,0.9727584719657898,9,9,True
vit_b_16,vit_b_16_linear_head,d16_right,151,151,8,0.9682379961013794,8,8,True
vit_b_16,vit_b_16_linear_head,d16_right,171,171,4,0.9928549528121948,4,4,True
vit_b_16,vit_b_16_linear_head,d16_right,176,176,3,0.965430736541748,3,3,True
vit_b_16,vit_b_16_linear_head,d16_right,191,191,9,0.9593228697776794,9,9,True
vit_b_16,vit_b_16_linear_head,d16_right,194,194,8,0.9797753095626831,8,8,True
vit_b_16,vit_b_16_linear_head,d16_right,198,198,1,0.9904757142066956,1,1,True
vit_b_16,vit_b_16_linear_head,d16_right,239,239,9,0.9765514135360718,9,9,True
vit_b_16,vit_b_16_linear_head,d16_right,261,261,1,0.9984357357025146,5,5,True
vit_b_16,vit_b_16_linear_head,d16_right,269,269,7,0.990858793258667,7,7,True
vit_b_16,vit_b_16_linear_head,d16_right,276,276,9,0.9470332860946655,9,9,True
vit_b_16,vit_b_16_linear_head,d16_right,303,303,9,0.9902377724647522,9,9,True
vit_b_16,vit_b_16_linear_head,d16_right,304,304,1,0.9737823009490967,1,1,True
vit_b_16,vit_b_16_linear_head,d16_right,317,317,2,0.9533264636993408,2,2,True
vit_b_16,vit_b_16_linear_head,d16_right,319,319,5,0.9854600429534912,5,5,True
vit_b_16,vit_b_16_linear_head,d16_right,323,323,7,0.9954280853271484,7,7,True
vit_b_16,vit_b_16_linear_head,d16_right,365,365,3,0.8611339330673218,3,3,True
vit_b_16,vit_b_16_linear_head,d16_right,370,370,7,0.9965304732322693,7,7,True
vit_b_16,vit_b_16_linear_head,d16_right,372,372,3,0.9313167333602905,3,3,True
vit_b_16,vit_b_16_linear_head,d16_right,378,378,5,0.981558084487915,5,5,True
vit_b_16,vit_b_16_linear_head,d16_right,391,391,3,0.9922047853469849,3,3,True
vit_b_16,vit_b_16_linear_head,d16_right,409,409,2,0.978303849697113,2,2,True
vit_b_16,vit_b_16_linear_head,d16_right,419,419,9,0.9722751975059509,9,9,True
vit_b_16,vit_b_16_linear_head,d16_right,449,449,6,0.982714056968689,6,6,True
vit_b_16,vit_b_16_linear_head,d16_right,470,470,2,0.9893518686294556,2,2,True
vit_b_16,vit_b_16_linear_head,d16_right,483,483,2,0.9716224074363708,2,2,True
vit_b_16,vit_b_16_linear_head,d16_right,484,484,0,0.9788824915885925,0,0,True
vit_b_16,vit_b_16_linear_head,d16_right,506,506,4,0.9930589199066162,4,4,True
vit_b_16,vit_b_16_linear_head,d16_right,545,545,6,0.9363858699798584,6,6,True
vit_b_16,vit_b_16_linear_head,d16_right,562,562,0,0.9870942234992981,0,0,True
vit_b_16,vit_b_16_linear_head,d16_right,568,568,5,0.9768502712249756,5,5,True
vit_b_16,vit_b_16_linear_head,d16_right,603,603,9,0.9852076172828674,9,9,True
vit_b_16,vit_b_16_linear_head,d16_right,632,632,3,0.9949828386306763,3,3,True
vit_b_16,vit_b_16_linear_head,d16_right,645,645,5,0.9747275114059448,5,5,True
vit_b_16,vit_b_16_linear_head,d16_right,667,667,8,0.9962934255599976,8,8,True
vit_b_16,vit_b_16_linear_head,d16_right,672,672,3,0.9623607397079468,3,3,True
vit_b_16,vit_b_16_linear_head,d16_right,677,677,3,0.9521570205688477,3,3,True
vit_b_16,vit_b_16_linear_head,d16_right,685,685,5,0.9754934310913086,5,5,True
vit_b_16,vit_b_16_linear_head,d16_right,691,691,4,0.9943245649337769,4,4,True
vit_b_16,vit_b_16_linear_head,d16_right,706,706,8,0.9714982509613037,8,8,True
vit_b_16,vit_b_16_linear_head,d16_right,714,714,2,0.9808042049407959,2,2,True
vit_b_16,vit_b_16_linear_head,d16_right,716,716,8,0.9875678420066833,8,8,True
vit_b_16,vit_b_16_linear_head,d16_right,738,738,3,0.9438013434410095,3,3,True
vit_b_16,vit_b_16_linear_head,d16_right,739,739,8,0.992118239402771,8,8,True
vit_b_16,vit_b_16_linear_head,d16_right,766,766,4,0.9785469770431519,6,6,True
vit_b_16,vit_b_16_linear_head,d16_right,791,791,3,0.9948535561561584,3,3,True
vit_b_16,vit_b_16_linear_head,d16_right,805,805,9,0.9853349924087524,9,9,True
vit_b_16,vit_b_16_linear_head,d16_right,825,825,1,0.9991045594215393,1,1,True
vit_b_16,vit_b_16_linear_head,d16_right,852,852,9,0.972614049911499,9,9,True
vit_b_16,vit_b_16_linear_head,d16_right,855,855,4,0.8656097650527954,4,4,True
vit_b_16,vit_b_16_linear_head,d16_right,873,873,6,0.8614242672920227,6,6,True
vit_b_16,vit_b_16_linear_head,d16_right,890,890,6,0.9611949324607849,6,6,True
vit_b_16,vit_b_16_linear_head,d16_right,920,920,6,0.9701427817344666,6,6,True
vit_b_16,vit_b_16_linear_head,d16_right,929,929,6,0.9680141806602478,6,6,True
vit_b_16,vit_b_16_linear_head,d16_right,962,962,8,0.9909524917602539,8,8,True
vit_b_16,vit_b_16_linear_head,d16_right,964,964,6,0.9758164882659912,6,6,True
vit_b_16,vit_b_16_linear_head,d16_right,977,977,6,0.9883546829223633,6,6,True
vit_b_16,vit_b_16_linear_head,d16_right,979,979,3,0.9913868308067322,3,3,True
vit_b_16,vit_b_16_linear_head,d16_right,981,981,2,0.9692033529281616,2,2,True
vit_b_16,vit_b_16_linear_head,d16_right,1022,1022,9,0.9840748906135559,9,9,True
vit_b_16,vit_b_16_linear_head,d16_right,1032,1032,7,0.9977942109107971,7,7,True
vit_b_16,vit_b_16_linear_head,d16_right,1048,1048,7,0.9917281866073608,7,7,True
vit_b_16,vit_b_16_linear_head,d16_right,1090,1090,1,0.9900508522987366,1,1,True
vit_b_16,vit_b_16_linear_head,d16_right,1095,1095,5,0.9854004383087158,5,5,True
vit_b_16,vit_b_16_linear_head,d16_right,1109,1109,1,0.930903434753418,1,1,True
vit_b_16,vit_b_16_linear_head,d16_right,1111,1111,4,0.9935070276260376,4,4,True
vit_b_16,vit_b_16_linear_head,d16_right,1115,1115,1,0.973065972328186,1,1,True
vit_b_16,vit_b_16_linear_head,d16_right,1124,1124,4,0.9875807762145996,4,4,True
vit_b_16,vit_b_16_linear_head,d16_right,1129,1129,8,0.9897419214248657,8,8,True
vit_b_16,vit_b_16_linear_head,d16_right,1175,1175,0,0.9810428619384766,0,0,True
vit_b_16,vit_b_16_linear_head,d16_right,1202,1202,2,0.984149158000946,2,2,True
vit_b_16,vit_b_16_linear_head,d16_right,1204,1204,3,0.9679558873176575,3,3,True
vit_b_16,vit_b_16_linear_head,d16_right,1211,1211,4,0.9823762774467468,4,4,True
vit_b_16,vit_b_16_linear_head,d16_right,1220,1220,7,0.9938963651657104,7,7,True
vit_b_16,vit_b_16_linear_head,d16_right,1230,1230,1,0.9871998429298401,1,1,True
vit_b_16,vit_b_16_linear_head,d16_right,1247,1247,8,0.9887861013412476,8,8,True
vit_b_16,vit_b_16_linear_head,d16_right,1263,1263,3,0.988692045211792,3,3,True
vit_b_16,vit_b_16_linear_head,d16_right,1266,1266,4,0.9514240026473999,4,4,True
vit_b_16,vit_b_16_linear_head,d16_right,1287,1287,7,0.9980106353759766,7,7,True
vit_b_16,vit_b_16_linear_head,d16_right,1296,1296,7,0.9834420680999756,7,7,True
vit_b_16,vit_b_16_linear_head,d16_right,1370,1370,3,0.9890888929367065,3,3,True
vit_b_16,vit_b_16_linear_head,d16_right,1389,1389,0,0.9698967933654785,0,0,True
vit_b_16,vit_b_16_linear_head,d16_right,1401,1401,3,0.9535412788391113,3,3,True
vit_b_16,vit_b_16_linear_head,d16_right,1403,1403,2,0.9536454677581787,2,2,True
vit_b_16,vit_b_16_linear_head,d16_right,1411,1411,9,0.9851904511451721,9,9,True
vit_b_16,vit_b_16_linear_head,d16_right,1429,1429,4,0.9762269854545593,4,4,True
vit_b_16,vit_b_16_linear_head,d16_right,1430,1430,9,0.9880998730659485,9,9,True
vit_b_16,vit_b_16_linear_head,d16_right,1431,1431,3,0.9383800029754639,3,3,True
vit_b_16,vit_b_16_linear_head,d16_right,1436,1436,1,0.9972004294395447,1,1,True
vit_b_16,vit_b_16_linear_head,d16_right,1440,1440,7,0.99311363697052,7,7,True
vit_b_16,vit_b_16_linear_head,d16_right,1468,1468,9,0.9845824241638184,9,9,True
vit_b_16,vit_b_16_linear_head,d16_right,1473,1473,7,0.996907651424408,7,7,True
vit_b_16,vit_b_16_linear_head,d16_right,1515,1515,9,0.9889923930168152,9,9,True
vit_b_16,vit_b_16_linear_head,d16_right,1520,1520,2,0.9930696487426758,2,2,True
vit_b_16,vit_b_16_linear_head,d16_right,1531,1531,3,0.9629108905792236,3,3,True
vit_b_16,vit_b_16_linear_head,d16_right,1534,1534,6,0.9733250737190247,6,6,True
vit_b_16,vit_b_16_linear_head,d16_right,1552,1552,5,0.9872535467147827,5,5,True
vit_b_16,vit_b_16_linear_head,d16_right,1553,1553,0,0.9242860674858093,0,0,True
vit_b_16,vit_b_16_linear_head,d16_right,1563,1563,3,0.9892741441726685,3,3,True
vit_b_16,vit_b_16_linear_head,d16_right,1568,1568,1,0.9573293924331665,1,1,True
vit_b_16,vit_b_16_linear_head,d16_right,1579,1579,7,0.9870505332946777,7,7,True
vit_b_16,vit_b_16_linear_head,d16_right,1586,1586,2,0.9271804690361023,2,2,True
vit_b_16,vit_b_16_linear_head,d16_right,1596,1596,0,0.9917051196098328,0,0,True
vit_b_16,vit_b_16_linear_head,d16_right,1626,1626,5,0.9918864965438843,5,5,True
vit_b_16,vit_b_16_linear_head,d16_right,1640,1640,8,0.9735985994338989,8,8,True
vit_b_16,vit_b_16_linear_head,d16_right,1644,1644,5,0.995011031627655,5,5,True
vit_b_16,vit_b_16_linear_head,d16_right,1648,1648,0,0.9242587685585022,0,0,True
vit_b_16,vit_b_16_linear_head,d16_right,1654,1654,9,0.9914515018463135,9,9,True
vit_b_16,vit_b_16_linear_head,d16_right,1667,1667,6,0.978323221206665,6,6,True
vit_b_16,vit_b_16_linear_head,d16_right,1703,1703,7,0.9945905208587646,7,7,True
vit_b_16,vit_b_16_linear_head,d16_right,1711,1711,7,0.9952408671379089,7,7,True
vit_b_16,vit_b_16_linear_head,d16_right,1771,1771,7,0.979651927947998,7,7,True
vit_b_16,vit_b_16_linear_head,d16_right,1783,1783,8,0.9733210802078247,8,8,True
vit_b_16,vit_b_16_linear_head,d16_right,1814,1814,2,0.9914146065711975,2,2,True
vit_b_16,vit_b_16_linear_head,d16_right,1833,1833,8,0.9814223051071167,8,8,True
vit_b_16,vit_b_16_linear_head,d16_right,1836,1836,9,0.9885004162788391,9,9,True
vit_b_16,vit_b_16_linear_head,d16_right,1839,1839,2,0.9651923179626465,2,2,True
vit_b_16,vit_b_16_linear_head,d16_right,1852,1852,1,0.9995827674865723,1,1,True
vit_b_16,vit_b_16_linear_head,d16_right,1871,1871,1,0.9905999898910522,1,1,True
vit_b_16,vit_b_16_linear_head,d16_right,1877,1877,5,0.9864957332611084,5,5,True
vit_b_16,vit_b_16_linear_head,d16_right,1884,1884,7,0.9775323867797852,7,7,True
vit_b_16,vit_b_16_linear_head,d16_right,1927,1927,7,0.9886149168014526,7,7,True
vit_b_16,vit_b_16_linear_head,d16_right,1954,1954,8,0.9809007048606873,8,8,True
vit_b_16,vit_b_16_linear_head,d16_right,1956,1956,7,0.9579890966415405,7,7,True
vit_b_16,vit_b_16_linear_head,d16_right,1960,1960,4,0.9489954710006714,5,5,True
vit_b_16,vit_b_16_linear_head,d16_right,1977,1977,0,0.9784134030342102,0,0,True
vit_b_16,vit_b_16_linear_head,d16_right,1986,1986,1,0.9978312849998474,1,1,True
vit_b_16,vit_b_16_linear_head,d16_right,1993,1993,1,0.9913963079452515,1,1,True
vit_b_16,vit_b_16_linear_head,d16_right,2003,2003,6,0.9899378418922424,6,6,True
vit_b_16,vit_b_16_linear_head,d16_right,2011,2011,9,0.9832932949066162,9,9,True
vit_b_16,vit_b_16_linear_head,d16_right,2024,2024,0,0.9891535043716431,0,0,True
vit_b_16,vit_b_16_linear_head,d16_right,2028,2028,3,0.9574029445648193,3,3,True
vit_b_16,vit_b_16_linear_head,d16_right,2062,2062,9,0.9884381294250488,9,9,True
vit_b_16,vit_b_16_linear_head,d16_right,2070,2070,1,0.9596575498580933,1,1,True
vit_b_16,vit_b_16_linear_head,d16_right,2082,2082,2,0.9776304364204407,2,2,True
vit_b_16,vit_b_16_linear_head,d16_right,2095,2095,1,0.9947234988212585,1,1,True
vit_b_16,vit_b_16_linear_head,d16_right,2109,2109,8,0.9819733500480652,8,8,True
vit_b_16,vit_b_16_linear_head,d16_right,2114,2114,9,0.9897624254226685,9,9,True
vit_b_16,vit_b_16_linear_head,d16_right,2116,2116,1,0.9797869920730591,3,3,True
vit_b_16,vit_b_16_linear_head,d16_right,2157,2157,1,0.9649608731269836,1,1,True
vit_b_16,vit_b_16_linear_head,d16_right,2167,2167,9,0.9680601954460144,9,9,True
vit_b_16,vit_b_16_linear_head,d16_right,2178,2178,1,0.9822781085968018,1,1,True
vit_b_16,vit_b_16_linear_head,d16_right,2191,2191,8,0.9405844211578369,8,8,True
vit_b_16,vit_b_16_linear_head,d16_right,2230,2230,8,0.9657819867134094,8,8,True
vit_b_16,vit_b_16_linear_head,d16_right,2242,2242,0,0.9919437766075134,0,0,True
vit_b_16,vit_b_16_linear_head,d16_right,2265,2265,5,0.9741913080215454,5,5,True
vit_b_16,vit_b_16_linear_head,d16_right,2268,2268,5,0.9879007339477539,5,5,True
vit_b_16,vit_b_16_linear_head,d16_right,2291,2291,3,0.9601799249649048,3,3,True
vit_b_16,vit_b_16_linear_head,d16_right,2334,2334,5,0.9976314902305603,5,5,True
vit_b_16,vit_b_16_linear_head,d16_right,2340,2340,8,0.9720660448074341,8,8,True
vit_b_16,vit_b_16_linear_head,d16_right,2342,2342,8,0.9843137860298157,8,8,True
vit_b_16,vit_b_16_linear_head,d16_right,2351,2351,9,0.9839074611663818,9,9,True
vit_b_16,vit_b_16_linear_head,d16_right,2391,2391,5,0.9148574471473694,5,5,True
vit_b_16,vit_b_16_linear_head,d16_right,2392,2392,2,0.9774835705757141,2,2,True
vit_b_16,vit_b_16_linear_head,d16_right,2399,2399,4,0.9700851440429688,4,4,True
vit_b_16,vit_b_16_linear_head,d16_right,2414,2414,9,0.9822641611099243,9,9,True
vit_b_16,vit_b_16_linear_head,d16_right,2427,2427,5,0.9888782501220703,5,5,True
vit_b_16,vit_b_16_linear_head,d16_right,2458,2458,5,0.9831951856613159,5,5,True
vit_b_16,vit_b_16_linear_head,d16_right,2501,2501,7,0.9920804500579834,7,7,True
vit_b_16,vit_b_16_linear_head,d16_right,2502,2502,2,0.9905774593353271,2,2,True
vit_b_16,vit_b_16_linear_head,d16_right,2536,2536,3,0.9910789728164673,3,3,True
vit_b_16,vit_b_16_linear_head,d16_right,2539,2539,3,0.972238302230835,3,3,True
vit_b_16,vit_b_16_linear_head,d16_right,2610,2610,6,0.9633591175079346,6,6,True
vit_b_16,vit_b_16_linear_head,d16_right,2623,2623,5,0.9049052000045776,5,5,True
vit_b_16,vit_b_16_linear_head,d16_right,2655,2655,9,0.9808392524719238,9,9,True
vit_b_16,vit_b_16_linear_head,d16_right,2668,2668,7,0.9978739023208618,7,7,True
vit_b_16,vit_b_16_linear_head,d16_right,2676,2676,6,0.9592870473861694,6,6,True
vit_b_16,vit_b_16_linear_head,d16_right,2687,2687,1,0.9676681160926819,1,1,True
vit_b_16,vit_b_16_linear_head,d16_right,2690,2690,1,0.951979398727417,1,1,True
vit_b_16,vit_b_16_linear_head,d16_right,2704,2704,4,0.9952226281166077,4,4,True
vit_b_16,vit_b_16_linear_head,d16_right,2745,2745,8,0.9693248867988586,8,8,True
vit_b_16,vit_b_16_linear_head,d16_right,2746,2746,7,0.9939217567443848,7,7,True
vit_b_16,vit_b_16_linear_head,d16_right,2750,2750,0,0.9670110940933228,0,0,True
vit_b_16,vit_b_16_linear_head,d16_right,2754,2754,3,0.9955098628997803,3,3,True
vit_b_16,vit_b_16_linear_head,d16_right,2757,2757,4,0.9786838889122009,4,4,True
vit_b_16,vit_b_16_linear_head,d16_right,2766,2766,5,0.9898290634155273,5,5,True
vit_b_16,vit_b_16_linear_head,d16_right,2807,2807,5,0.9056349992752075,5,5,True
vit_b_16,vit_b_16_linear_head,d16_right,2844,2844,8,0.9074944853782654,8,8,True
vit_b_16,vit_b_16_linear_head,d16_right,2854,2854,7,0.99880051612854,7,7,True
vit_b_16,vit_b_16_linear_head,d16_right,2861,2861,3,0.9091475605964661,3,3,True
vit_b_16,vit_b_16_linear_head,d16_right,2888,2888,0,0.9797975420951843,0,0,True
vit_b_16,vit_b_16_linear_head,d16_right,2898,2898,4,0.9956660866737366,4,4,True
vit_b_16,vit_b_16_linear_head,d16_right,2950,2950,5,0.9942563772201538,5,5,True
vit_b_16,vit_b_16_linear_head,d16_right,2958,2958,6,0.99317866563797,6,6,True
vit_b_16,vit_b_16_linear_head,d16_right,3015,3015,8,0.9820986986160278,8,8,True
vit_b_16,vit_b_16_linear_head,d16_right,3024,3024,2,0.9827738404273987,2,2,True
vit_b_16,vit_b_16_linear_head,d16_right,3025,3025,0,0.9649204611778259,0,0,True
vit_b_16,vit_b_16_linear_head,d16_right,3034,3034,4,0.9936212301254272,4,4,True
vit_b_16,vit_b_16_linear_head,d16_right,3067,3067,2,0.9753829836845398,2,2,True
vit_b_16,vit_b_16_linear_head,d16_right,3078,3078,4,0.9827066659927368,4,4,True
vit_b_16,vit_b_16_linear_head,d16_right,3079,3079,1,0.9804649949073792,1,1,True
vit_b_16,vit_b_16_linear_head,d16_right,3083,3083,0,0.9937572479248047,0,0,True
vit_b_16,vit_b_16_linear_head,d16_right,3122,3122,4,0.9914231300354004,4,4,True
vit_b_16,vit_b_16_linear_head,d16_right,3153,3153,7,0.9957947731018066,7,7,True
vit_b_16,vit_b_16_linear_head,d16_right,3157,3157,8,0.9819105863571167,8,8,True
vit_b_16,vit_b_16_linear_head,d16_right,3163,3163,2,0.9820958375930786,2,2,True
vit_b_16,vit_b_16_linear_head,d16_right,3179,3179,4,0.9791995286941528,4,4,True
vit_b_16,vit_b_16_linear_head,d16_right,3191,3191,6,0.9733802080154419,6,6,True
vit_b_16,vit_b_16_linear_head,d16_right,3276,3276,3,0.9631811380386353,3,3,True
vit_b_16,vit_b_16_linear_head,d16_right,3287,3287,4,0.9934154748916626,4,4,True
vit_b_16,vit_b_16_linear_head,d16_right,3288,3288,7,0.9980490207672119,7,7,True
vit_b_16,vit_b_16_linear_head,d16_right,3292,3292,6,0.9855087995529175,6,6,True
vit_b_16,vit_b_16_linear_head,d16_right,3318,3318,9,0.988484799861908,9,9,True
vit_b_16,vit_b_16_linear_head,d16_right,3347,3347,0,0.9633158445358276,0,0,True
vit_b_16,vit_b_16_linear_head,d16_right,3353,3353,5,0.9803087115287781,5,5,True
vit_b_16,vit_b_16_linear_head,d16_right,3362,3362,2,0.9861950278282166,2,2,True
vit_b_16,vit_b_16_linear_head,d16_right,3365,3365,4,0.9749084711074829,4,4,True
vit_b_16,vit_b_16_linear_head,d16_right,3375,3375,3,0.9983819127082825,3,3,True
vit_b_16,vit_b_16_linear_head,d16_right,3383,3383,3,0.981468915939331,3,3,True
vit_b_16,vit_b_16_linear_head,d16_right,3404,3404,7,0.9973575472831726,7,7,True
vit_b_16,vit_b_16_linear_head,d16_right,3412,3412,8,0.9632233381271362,8,8,True
vit_b_16,vit_b_16_linear_head,d16_right,3413,3413,1,0.9875293970108032,1,1,True
vit_b_16,vit_b_16_linear_head,d16_right,3418,3418,6,0.9806280136108398,6,6,True
vit_b_16,vit_b_16_linear_head,d16_right,3437,3437,0,0.9805154204368591,0,0,True
vit_b_16,vit_b_16_linear_head,d16_right,3446,3446,7,0.9844419360160828,7,7,True
vit_b_16,vit_b_16_linear_head,d16_right,3454,3454,2,0.9687711596488953,2,2,True
vit_b_16,vit_b_16_linear_head,d16_right,3455,3455,0,0.994920015335083,0,0,True
vit_b_16,vit_b_16_linear_head,d16_right,3458,3458,4,0.9805647730827332,4,4,True
vit_b_16,vit_b_16_linear_head,d16_right,3467,3467,7,0.9547245502471924,7,7,True
vit_b_16,vit_b_16_linear_head,d16_right,3491,3491,1,0.978575587272644,1,1,True
vit_b_16,vit_b_16_linear_head,d16_right,3494,3494,6,0.9790687561035156,6,6,True
vit_b_16,vit_b_16_linear_head,d16_right,3512,3512,4,0.9910032153129578,4,4,True
vit_b_16,vit_b_16_linear_head,d16_right,3515,3515,6,0.9862668514251709,4,4,True
vit_b_16,vit_b_16_linear_head,d16_right,3542,3542,7,0.9911472797393799,7,7,True
vit_b_16,vit_b_16_linear_head,d16_right,3550,3550,1,0.9903005957603455,1,1,True
vit_b_16,vit_b_16_linear_head,d16_right,3562,3562,3,0.9963242411613464,3,3,True
vit_b_16,vit_b_16_linear_head,d16_right,3755,3755,2,0.8746030330657959,2,2,True
vit_b_16,vit_b_16_linear_head,d16_right,3763,3763,4,0.9893933534622192,4,4,True
vit_b_16,vit_b_16_linear_head,d16_right,3777,3777,6,0.9865098595619202,6,6,True
vit_b_16,vit_b_16_linear_head,d16_right,3778,3778,3,0.9782273769378662,3,3,True
vit_b_16,vit_b_16_linear_head,d16_right,3779,3779,6,0.9700701236724854,6,6,True
vit_b_16,vit_b_16_linear_head,d16_right,3844,3844,6,0.989348292350769,6,6,True
vit_b_16,vit_b_16_linear_head,d16_right,3851,3851,3,0.9961011409759521,3,3,True
vit_b_16,vit_b_16_linear_head,d16_right,3852,3852,5,0.9850478172302246,5,5,True
vit_b_16,vit_b_16_linear_head,d16_right,3863,3863,5,0.9945385456085205,5,5,True
vit_b_16,vit_b_16_linear_head,d16_right,3867,3867,7,0.9943825602531433,7,7,True
vit_b_16,vit_b_16_linear_head,d16_right,3876,3876,0,0.9097580909729004,0,0,True
vit_b_16,vit_b_16_linear_head,d16_right,3889,3889,5,0.9694555401802063,5,5,True
vit_b_16,vit_b_16_linear_head,d16_right,3891,3891,4,0.996891438961029,4,4,True
vit_b_16,vit_b_16_linear_head,d16_right,3893,3893,9,0.9896119236946106,9,9,True
vit_b_16,vit_b_16_linear_head,d16_right,3905,3905,8,0.985416829586029,8,8,True
vit_b_16,vit_b_16_linear_head,d16_right,3914,3914,3,0.9953619837760925,3,3,True
vit_b_16,vit_b_16_linear_head,d16_right,3937,3937,1,0.9949272871017456,1,1,True
vit_b_16,vit_b_16_linear_head,d16_right,3942,3942,9,0.9790879487991333,9,9,True
vit_b_16,vit_b_16_linear_head,d16_right,3948,3948,8,0.9647005796432495,8,8,True
vit_b_16,vit_b_16_linear_head,d16_right,3962,3962,6,0.9959031343460083,6,6,True
vit_b_16,vit_b_16_linear_head,d16_right,3965,3965,0,0.9892462491989136,0,0,True
vit_b_16,vit_b_16_linear_head,d16_right,3994,3994,4,0.9809143543243408,4,4,True
vit_b_16,vit_b_16_linear_head,d16_right,3996,3996,9,0.9272451996803284,9,9,True
vit_b_16,vit_b_16_linear_head,d16_right,4011,4011,6,0.9823154807090759,6,6,True
vit_b_16,vit_b_16_linear_head,d16_right,4023,4023,3,0.9947903156280518,3,3,True
vit_b_16,vit_b_16_linear_head,d16_right,4054,4054,4,0.9755885601043701,4,4,True
vit_b_16,vit_b_16_linear_head,d16_right,4065,4065,2,0.9631552696228027,2,2,True
vit_b_16,vit_b_16_linear_head,d16_right,4069,4069,8,0.9518868923187256,8,8,True
vit_b_16,vit_b_16_linear_head,d16_right,4093,4093,6,0.9329153299331665,6,6,True
vit_b_16,vit_b_16_linear_head,d16_right,4094,4094,9,0.9834070205688477,9,9,True
vit_b_16,vit_b_16_linear_head,d16_right,4106,4106,5,0.9740588068962097,5,5,True
vit_b_16,vit_b_16_linear_head,d16_right,4130,4130,0,0.9705284237861633,0,0,True
vit_b_16,vit_b_16_linear_head,d16_right,4168,4168,3,0.9539214968681335,3,3,True
vit_b_16,vit_b_16_linear_head,d16_right,4170,4170,8,0.9700484871864319,8,8,True
vit_b_16,vit_b_16_linear_head,d16_right,4172,4172,7,0.995973527431488,7,7,True
vit_b_16,vit_b_16_linear_head,d16_right,4177,4177,8,0.8764339685440063,8,8,True
vit_b_16,vit_b_16_linear_head,d16_right,4215,4215,3,0.9606442451477051,3,3,True
vit_b_16,vit_b_16_linear_head,d16_right,4229,4229,3,0.9955925941467285,3,3,True
vit_b_16,vit_b_16_linear_head,d16_right,4236,4236,7,0.990281343460083,7,7,True
vit_b_16,vit_b_16_linear_head,d16_right,4242,4242,8,0.9877429008483887,8,8,True
vit_b_16,vit_b_16_linear_head,d16_right,4254,4254,6,0.9497276544570923,6,6,True
vit_b_16,vit_b_16_linear_head,d16_right,4290,4290,5,0.9841007590293884,1,4,False
vit_b_16,vit_b_16_linear_head,d16_right,4298,4298,1,0.9953882098197937,1,1,True
vit_b_16,vit_b_16_linear_head,d16_right,4308,4308,7,0.9582488536834717,7,7,True
vit_b_16,vit_b_16_linear_head,d16_right,4311,4311,8,0.986077606678009,8,8,True
vit_b_16,vit_b_16_linear_head,d16_right,4323,4323,3,0.9392942786216736,3,3,True
vit_b_16,vit_b_16_linear_head,d16_right,4330,4330,3,0.9784436821937561,3,3,True
vit_b_16,vit_b_16_linear_head,d16_right,4341,4341,6,0.9858105182647705,6,6,True
vit_b_16,vit_b_16_linear_head,d16_right,4355,4355,8,0.9708631634712219,0,0,True
vit_b_16,vit_b_16_linear_head,d16_right,4399,4399,0,0.9654351472854614,0,0,True
vit_b_16,vit_b_16_linear_head,d16_right,4403,4403,7,0.9940171241760254,7,7,True
vit_b_16,vit_b_16_linear_head,d16_right,4411,4411,6,0.984688401222229,6,6,True
vit_b_16,vit_b_16_linear_head,d16_right,4449,4449,9,0.9778760075569153,9,9,True
vit_b_16,vit_b_16_linear_head,d16_right,4463,4463,3,0.891714334487915,3,3,True
vit_b_16,vit_b_16_linear_head,d16_right,4531,4531,3,0.9711246490478516,3,3,True
vit_b_16,vit_b_16_linear_head,d16_right,4539,4539,0,0.984980046749115,0,0,True
vit_b_16,vit_b_16_linear_head,d16_right,4547,4547,5,0.9892277121543884,5,5,True
vit_b_16,vit_b_16_linear_head,d16_right,4552,4552,8,0.9761500358581543,8,8,True
vit_b_16,vit_b_16_linear_head,d16_right,4570,4570,5,0.9721803665161133,5,5,True
vit_b_16,vit_b_16_linear_head,d16_right,4590,4590,3,0.9765451550483704,3,3,True
vit_b_16,vit_b_16_linear_head,d16_right,4609,4609,3,0.9795767068862915,3,3,True
vit_b_16,vit_b_16_linear_head,d16_right,4615,4615,0,0.9823973178863525,0,0,True
vit_b_16,vit_b_16_linear_head,d16_right,4617,4617,0,0.9921356439590454,0,0,True
vit_b_16,vit_b_16_linear_head,d16_right,4620,4620,6,0.9926762580871582,6,6,True
vit_b_16,vit_b_16_linear_head,d16_right,4629,4629,4,0.9689509272575378,4,4,True
vit_b_16,vit_b_16_linear_head,d16_right,4640,4640,1,0.9930897355079651,1,1,True
vit_b_16,vit_b_16_linear_head,d16_right,4642,4642,4,0.9815181493759155,4,4,True
vit_b_16,vit_b_16_linear_head,d16_right,4661,4661,7,0.9861053228378296,7,7,True
vit_b_16,vit_b_16_linear_head,d16_right,4662,4662,8,0.9846986532211304,8,8,True
vit_b_16,vit_b_16_linear_head,d16_right,4675,4675,0,0.9944741725921631,0,0,True
vit_b_16,vit_b_16_linear_head,d16_right,4676,4676,8,0.9673148393630981,8,8,True
vit_b_16,vit_b_16_linear_head,d16_right,4704,4704,7,0.9731669425964355,7,7,True
vit_b_16,vit_b_16_linear_head,d16_right,4723,4723,9,0.9753780364990234,9,9,True
vit_b_16,vit_b_16_linear_head,d16_right,4731,4731,6,0.9601149559020996,6,6,True
vit_b_16,vit_b_16_linear_head,d16_right,4735,4735,2,0.9718970060348511,2,2,True
vit_b_16,vit_b_16_linear_head,d16_right,4740,4740,4,0.9745035767555237,4,4,True
vit_b_16,vit_b_16_linear_head,d16_right,4746,4746,6,0.9963780641555786,6,6,True
vit_b_16,vit_b_16_linear_head,d16_right,4748,4748,7,0.986394464969635,7,7,True
vit_b_16,vit_b_16_linear_head,d16_right,4754,4754,6,0.976170539855957,6,6,True
vit_b_16,vit_b_16_linear_head,d16_right,4785,4785,0,0.9928696751594543,0,0,True
vit_b_16,vit_b_16_linear_head,d16_right,4791,4791,7,0.9955103993415833,7,7,True
vit_b_16,vit_b_16_linear_head,d16_right,4819,4819,0,0.9867287874221802,0,0,True
vit_b_16,vit_b_16_linear_head,d16_right,4821,4821,3,0.995352029800415,3,3,True
vit_b_16,vit_b_16_linear_head,d16_right,4827,4827,6,0.9810718894004822,6,6,True
vit_b_16,vit_b_16_linear_head,d16_right,4850,4850,5,0.9473273158073425,5,5,True
vit_b_16,vit_b_16_linear_head,d16_right,4881,4881,3,0.9894747138023376,3,3,True
vit_b_16,vit_b_16_linear_head,d16_right,4893,4893,0,0.9891940951347351,0,0,True
vit_b_16,vit_b_16_linear_head,d16_right,4908,4908,3,0.9886655807495117,3,3,True
vit_b_16,vit_b_16_linear_head,d16_right,4913,4913,2,0.9518651366233826,2,2,True
vit_b_16,vit_b_16_linear_head,d16_right,4921,4921,2,0.9754211902618408,2,2,True
vit_b_16,vit_b_16_linear_head,d16_right,4953,4953,5,0.9550029039382935,5,5,True
vit_b_16,vit_b_16_linear_head,d16_right,4966,4966,5,0.974780261516571,5,5,True
vit_b_16,vit_b_16_linear_head,d16_right,4990,4990,8,0.971642017364502,8,8,True
vit_b_16,vit_b_16_linear_head,d16_right,5000,5000,8,0.9745322465896606,8,8,True
vit_b_16,vit_b_16_linear_head,d16_right,5030,5030,2,0.9797787666320801,2,2,True
vit_b_16,vit_b_16_linear_head,d16_right,5062,5062,4,0.9862174391746521,4,4,True
vit_b_16,vit_b_16_linear_head,d16_right,5077,5077,4,0.9833269119262695,4,4,True
vit_b_16,vit_b_16_linear_head,d16_right,5082,5082,6,0.9910566210746765,6,6,True
vit_b_16,vit_b_16_linear_head,d16_right,5092,5092,1,0.9896863698959351,1,1,True
vit_b_16,vit_b_16_linear_head,d16_right,5101,5101,5,0.9910955429077148,2,2,True
vit_b_16,vit_b_16_linear_head,d16_right,5117,5117,0,0.9896079897880554,0,0,True
vit_b_16,vit_b_16_linear_head,d16_right,5123,5123,1,0.9972342848777771,1,1,True
vit_b_16,vit_b_16_linear_head,d16_right,5135,5135,4,0.9374205470085144,4,4,True
vit_b_16,vit_b_16_linear_head,d16_right,5183,5183,2,0.9819335341453552,2,2,True
vit_b_16,vit_b_16_linear_head,d16_right,5213,5213,4,0.9903917908668518,4,4,True
vit_b_16,vit_b_16_linear_head,d16_right,5218,5218,2,0.9899800419807434,2,2,True
vit_b_16,vit_b_16_linear_head,d16_right,5220,5220,1,0.9548419117927551,1,1,True
vit_b_16,vit_b_16_linear_head,d16_right,5237,5237,2,0.9617688655853271,2,2,True
vit_b_16,vit_b_16_linear_head,d16_right,5256,5256,1,0.792797327041626,1,1,True
vit_b_16,vit_b_16_linear_head,d16_right,5284,5284,9,0.9678348302841187,9,9,True
vit_b_16,vit_b_16_linear_head,d16_right,5301,5301,9,0.9660890102386475,9,9,True
vit_b_16,vit_b_16_linear_head,d16_right,5318,5318,2,0.961003303527832,2,2,True
vit_b_16,vit_b_16_linear_head,d16_right,5332,5332,5,0.8466252088546753,5,6,False
vit_b_16,vit_b_16_linear_head,d16_right,5333,5333,2,0.9717077016830444,2,2,True
vit_b_16,vit_b_16_linear_head,d16_right,5360,5360,9,0.9863253831863403,9,9,True
vit_b_16,vit_b_16_linear_head,d16_right,5381,5381,5,0.9908776879310608,5,5,True
vit_b_16,vit_b_16_linear_head,d16_right,5382,5382,6,0.9570258259773254,6,6,True
vit_b_16,vit_b_16_linear_head,d16_right,5395,5395,2,0.9454329609870911,2,2,True
vit_b_16,vit_b_16_linear_head,d16_right,5402,5402,4,0.988679826259613,4,4,True
vit_b_16,vit_b_16_linear_head,d16_right,5408,5408,6,0.9811510443687439,6,6,True
vit_b_16,vit_b_16_linear_head,d16_right,5436,5436,7,0.9948288202285767,7,7,True
vit_b_16,vit_b_16_linear_head,d16_right,5447,5447,9,0.9869611263275146,9,9,True
vit_b_16,vit_b_16_linear_head,d16_right,5450,5450,7,0.9923098087310791,7,7,True
vit_b_16,vit_b_16_linear_head,d16_right,5451,5451,8,0.9911077618598938,8,8,True
vit_b_16,vit_b_16_linear_head,d16_right,5452,5452,9,0.9715917110443115,9,9,True
vit_b_16,vit_b_16_linear_head,d16_right,5467,5467,4,0.9888330101966858,4,4,True
vit_b_16,vit_b_16_linear_head,d16_right,5478,5478,0,0.9580916166305542,0,0,True
vit_b_16,vit_b_16_linear_head,d16_right,5488,5488,1,0.9794463515281677,1,7,False
vit_b_16,vit_b_16_linear_head,d16_right,5496,5496,5,0.9795724153518677,5,5,True
vit_b_16,vit_b_16_linear_head,d16_right,5508,5508,9,0.9823904037475586,9,9,True
vit_b_16,vit_b_16_linear_head,d16_right,5512,5512,2,0.8847553730010986,9,6,False
vit_b_16,vit_b_16_linear_head,d16_right,5525,5525,8,0.9823415875434875,8,8,True
vit_b_16,vit_b_16_linear_head,d16_right,5528,5528,3,0.9659357666969299,3,3,True
vit_b_16,vit_b_16_linear_head,d16_right,5556,5556,4,0.9833576679229736,4,4,True
vit_b_16,vit_b_16_linear_head,d16_right,5560,5560,1,0.996657133102417,1,1,True
vit_b_16,vit_b_16_linear_head,d16_right,5572,5572,9,0.9903524518013,9,9,True
vit_b_16,vit_b_16_linear_head,d16_right,5580,5580,6,0.985464334487915,5,5,True
vit_b_16,vit_b_16_linear_head,d16_right,5590,5590,9,0.9727222919464111,9,9,True
vit_b_16,vit_b_16_linear_head,d16_right,5623,5623,4,0.9655224084854126,4,4,True
vit_b_16,vit_b_16_linear_head,d16_right,5677,5677,2,0.9780444502830505,2,2,True
vit_b_16,vit_b_16_linear_head,d16_right,5694,5694,8,0.9909207820892334,8,8,True
vit_b_16,vit_b_16_linear_head,d16_right,5701,5701,5,0.9834266901016235,5,5,True
vit_b_16,vit_b_16_linear_head,d16_right,5705,5705,8,0.9719407558441162,8,8,True
vit_b_16,vit_b_16_linear_head,d16_right,5719,5719,7,0.9975396394729614,7,7,True
vit_b_16,vit_b_16_linear_head,d16_right,5729,5729,6,0.9809316396713257,6,6,True
vit_b_16,vit_b_16_linear_head,d16_right,5756,5756,2,0.9677348136901855,2,2,True
vit_b_16,vit_b_16_linear_head,d16_right,5788,5788,9,0.9987469911575317,9,9,True
vit_b_16,vit_b_16_linear_head,d16_right,5789,5789,4,0.9378224015235901,4,4,True
vit_b_16,vit_b_16_linear_head,d16_right,5824,5824,2,0.9515907764434814,2,2,True
vit_b_16,vit_b_16_linear_head,d16_right,5848,5848,7,0.9970183372497559,7,7,True
vit_b_16,vit_b_16_linear_head,d16_right,5851,5851,9,0.9942508935928345,9,9,True
vit_b_16,vit_b_16_linear_head,d16_right,5857,5857,6,0.9626335501670837,4,4,True
vit_b_16,vit_b_16_linear_head,d16_right,5858,5858,6,0.9839155077934265,6,6,True
vit_b_16,vit_b_16_linear_head,d16_right,5912,5912,0,0.9747020602226257,0,0,True
vit_b_16,vit_b_16_linear_head,d16_right,5915,5915,9,0.9805667996406555,9,9,True
vit_b_16,vit_b_16_linear_head,d16_right,5918,5918,0,0.9785935878753662,0,0,True
vit_b_16,vit_b_16_linear_head,d16_right,5924,5924,5,0.9841168522834778,5,5,True
vit_b_16,vit_b_16_linear_head,d16_right,5977,5977,7,0.9927220344543457,7,7,True
vit_b_16,vit_b_16_linear_head,d16_right,5981,5981,9,0.8778731226921082,9,9,True
vit_b_16,vit_b_16_linear_head,d16_right,5999,5999,0,0.9763596057891846,0,0,True
vit_b_16,vit_b_16_linear_head,d16_right,6028,6028,2,0.9760740995407104,2,2,True
vit_b_16,vit_b_16_linear_head,d16_right,6033,6033,4,0.9518474340438843,4,4,True
vit_b_16,vit_b_16_linear_head,d16_right,6076,6076,1,0.9864695072174072,1,1,True
vit_b_16,vit_b_16_linear_head,d16_right,6084,6084,7,0.9984127283096313,7,7,True
vit_b_16,vit_b_16_linear_head,d16_right,6097,6097,4,0.9917682409286499,4,4,True
vit_b_16,vit_b_16_linear_head,d16_right,6169,6169,1,0.9938355088233948,1,1,True
vit_b_16,vit_b_16_linear_head,d16_right,6190,6190,7,0.9960381984710693,7,7,True
vit_b_16,vit_b_16_linear_head,d16_right,6224,6224,5,0.9793623685836792,5,5,True
vit_b_16,vit_b_16_linear_head,d16_right,6244,6244,2,0.9248818159103394,2,2,True
vit_b_16,vit_b_16_linear_head,d16_right,6264,6264,2,0.9807600378990173,2,2,True
vit_b_16,vit_b_16_linear_head,d16_right,6271,6271,2,0.9797200560569763,2,2,True
vit_b_16,vit_b_16_linear_head,d16_right,6288,6288,4,0.9193689823150635,4,4,True
vit_b_16,vit_b_16_linear_head,d16_right,6332,6332,2,0.9715037941932678,2,2,True
vit_b_16,vit_b_16_linear_head,d16_right,6349,6349,1,0.9839239120483398,1,1,True
vit_b_16,vit_b_16_linear_head,d16_right,6354,6354,2,0.9614781141281128,2,2,True
vit_b_16,vit_b_16_linear_head,d16_right,6358,6358,5,0.9734402894973755,5,5,True
vit_b_16,vit_b_16_linear_head,d16_right,6381,6381,6,0.9541808366775513,6,6,True
vit_b_16,vit_b_16_linear_head,d16_right,6414,6414,5,0.9479759335517883,5,5,True
vit_b_16,vit_b_16_linear_head,d16_right,6426,6426,2,0.9512619376182556,2,2,True
vit_b_16,vit_b_16_linear_head,d16_right,6434,6434,8,0.9673668742179871,8,8,True
vit_b_16,vit_b_16_linear_head,d16_right,6437,6437,0,0.9817197918891907,0,0,True
vit_b_16,vit_b_16_linear_head,d16_right,6455,6455,0,0.9876089096069336,0,0,True
vit_b_16,vit_b_16_linear_head,d16_right,6490,6490,3,0.9720869064331055,3,3,True
vit_b_16,vit_b_16_linear_head,d16_right,6503,6503,2,0.9633053541183472,2,2,True
vit_b_16,vit_b_16_linear_head,d16_right,6508,6508,4,0.9959294199943542,4,4,True
vit_b_16,vit_b_16_linear_head,d16_right,6528,6528,4,0.9758850336074829,4,4,True
vit_b_16,vit_b_16_linear_head,d16_right,6594,6594,1,0.996052622795105,1,1,True
vit_b_16,vit_b_16_linear_head,d16_right,6609,6609,0,0.9958559274673462,0,0,True
vit_b_16,vit_b_16_linear_head,d16_right,6616,6616,2,0.983506441116333,2,2,True
vit_b_16,vit_b_16_linear_head,d16_right,6650,6650,7,0.9700119495391846,7,7,True
vit_b_16,vit_b_16_linear_head,d16_right,6689,6689,8,0.986266016960144,8,8,True
vit_b_16,vit_b_16_linear_head,d16_right,6692,6692,2,0.9894617199897766,2,2,True
vit_b_16,vit_b_16_linear_head,d16_right,6713,6713,6,0.9877022504806519,6,6,True
vit_b_16,vit_b_16_linear_head,d16_right,6716,6716,5,0.9732744693756104,6,6,True
vit_b_16,vit_b_16_linear_head,d16_right,6726,6726,7,0.9934438467025757,7,7,True
vit_b_16,vit_b_16_linear_head,d16_right,6733,6733,1,0.9966503381729126,1,1,True
vit_b_16,vit_b_16_linear_head,d16_right,6772,6772,7,0.9697090983390808,7,7,True
vit_b_16,vit_b_16_linear_head,d16_right,6805,6805,1,0.9995646476745605,1,1,True
vit_b_16,vit_b_16_linear_head,d16_right,6836,6836,1,0.9910945892333984,1,1,True
vit_b_16,vit_b_16_linear_head,d16_right,6844,6844,0,0.9961003065109253,0,0,True
vit_b_16,vit_b_16_linear_head,d16_right,6922,6922,5,0.9955907464027405,5,5,True
vit_b_16,vit_b_16_linear_head,d16_right,6931,6931,9,0.9759146571159363,9,9,True
vit_b_16,vit_b_16_linear_head,d16_right,6938,6938,1,0.9882509112358093,1,1,True
vit_b_16,vit_b_16_linear_head,d16_right,6952,6952,3,0.9481849670410156,3,3,True
vit_b_16,vit_b_16_linear_head,d16_right,6954,6954,1,0.9884558916091919,1,1,True
vit_b_16,vit_b_16_linear_head,d16_right,6986,6986,0,0.9864240288734436,0,0,True
vit_b_16,vit_b_16_linear_head,d16_right,6989,6989,5,0.9976027011871338,5,5,True
vit_b_16,vit_b_16_linear_head,d16_right,7009,7009,0,0.9840784668922424,0,0,True
vit_b_16,vit_b_16_linear_head,d16_right,7029,7029,1,0.998246967792511,1,1,True
vit_b_16,vit_b_16_linear_head,d16_right,7033,7033,1,0.9917606711387634,1,1,True
vit_b_16,vit_b_16_linear_head,d16_right,7041,7041,5,0.9573089480400085,5,5,True
vit_b_16,vit_b_16_linear_head,d16_right,7047,7047,9,0.9912972450256348,9,9,True
vit_b_16,vit_b_16_linear_head,d16_right,7081,7081,7,0.9948060512542725,7,7,True
vit_b_16,vit_b_16_linear_head,d16_right,7084,7084,2,0.9696332216262817,2,2,True
vit_b_16,vit_b_16_linear_head,d16_right,7108,7108,6,0.9826358556747437,6,6,True
vit_b_16,vit_b_16_linear_head,d16_right,7130,7130,5,0.9941651821136475,5,5,True
vit_b_16,vit_b_16_linear_head,d16_right,7138,7138,8,0.9821562767028809,8,8,True
vit_b_16,vit_b_16_linear_head,d16_right,7150,7150,0,0.9794442653656006,0,0,True
vit_b_16,vit_b_16_linear_head,d16_right,7202,7202,1,0.9812228679656982,1,1,True
vit_b_16,vit_b_16_linear_head,d16_right,7262,7262,0,0.9908089637756348,0,0,True
vit_b_16,vit_b_16_linear_head,d16_right,7266,7266,9,0.9449340105056763,9,9,True
vit_b_16,vit_b_16_linear_head,d16_right,7270,7270,7,0.9242190718650818,7,7,True
vit_b_16,vit_b_16_linear_head,d16_right,7309,7309,0,0.9799636006355286,0,0,True
vit_b_16,vit_b_16_linear_head,d16_right,7320,7320,0,0.9751821756362915,0,0,True
vit_b_16,vit_b_16_linear_head,d16_right,7338,7338,6,0.9822553992271423,6,6,True
vit_b_16,vit_b_16_linear_head,d16_right,7372,7372,0,0.9862518310546875,0,0,True
vit_b_16,vit_b_16_linear_head,d16_right,7373,7373,0,0.9925817251205444,0,0,True
vit_b_16,vit_b_16_linear_head,d16_right,7380,7380,9,0.9829962849617004,9,9,True
vit_b_16,vit_b_16_linear_head,d16_right,7390,7390,1,0.9810805320739746,1,1,True
vit_b_16,vit_b_16_linear_head,d16_right,7413,7413,5,0.9945104122161865,5,5,True
vit_b_16,vit_b_16_linear_head,d16_right,7416,7416,3,0.9255426526069641,3,3,True
vit_b_16,vit_b_16_linear_head,d16_right,7425,7425,2,0.9759745597839355,2,2,True
vit_b_16,vit_b_16_linear_head,d16_right,7446,7446,8,0.9618756175041199,8,8,True
vit_b_16,vit_b_16_linear_head,d16_right,7460,7460,8,0.9884344339370728,8,8,True
vit_b_16,vit_b_16_linear_head,d16_right,7465,7465,0,0.9747176170349121,0,0,True
vit_b_16,vit_b_16_linear_head,d16_right,7474,7474,5,0.991641640663147,5,5,True
vit_b_16,vit_b_16_linear_head,d16_right,7475,7475,4,0.9814767837524414,4,4,True
vit_b_16,vit_b_16_linear_head,d16_right,7476,7476,8,0.9882241487503052,0,0,True
vit_b_16,vit_b_16_linear_head,d16_right,7544,7544,9,0.9862455129623413,9,9,True
vit_b_16,vit_b_16_linear_head,d16_right,7555,7555,6,0.9854187965393066,6,6,True
vit_b_16,vit_b_16_linear_head,d16_right,7600,7600,6,0.9892637133598328,6,6,True
vit_b_16,vit_b_16_linear_head,d16_right,7610,7610,4,0.9834406971931458,4,4,True
vit_b_16,vit_b_16_linear_head,d16_right,7634,7634,0,0.99196457862854,0,0,True
vit_b_16,vit_b_16_linear_head,d16_right,7692,7692,4,0.9737306833267212,4,4,True
vit_b_16,vit_b_16_linear_head,d16_right,7706,7706,5,0.9829137325286865,5,5,True
vit_b_16,vit_b_16_linear_head,d16_right,7726,7726,6,0.892469048500061,6,6,True
vit_b_16,vit_b_16_linear_head,d16_right,7744,7744,3,0.8971410989761353,3,3,True
vit_b_16,vit_b_16_linear_head,d16_right,7752,7752,9,0.9385575652122498,9,9,True
vit_b_16,vit_b_16_linear_head,d16_right,7776,7776,5,0.9882915616035461,5,5,True
vit_b_16,vit_b_16_linear_head,d16_right,7779,7779,6,0.9638116359710693,6,6,True
vit_b_16,vit_b_16_linear_head,d16_right,7781,7781,6,0.9827916026115417,6,6,True
vit_b_16,vit_b_16_linear_head,d16_right,7793,7793,3,0.9834043383598328,7,7,True
vit_b_16,vit_b_16_linear_head,d16_right,7797,7797,3,0.9772589206695557,3,3,True
vit_b_16,vit_b_16_linear_head,d16_right,7810,7810,8,0.9205738306045532,8,8,True
vit_b_16,vit_b_16_linear_head,d16_right,7818,7818,8,0.9857112169265747,8,8,True
vit_b_16,vit_b_16_linear_head,d16_right,7835,7835,7,0.9976640343666077,7,7,True
vit_b_16,vit_b_16_linear_head,d16_right,7864,7864,4,0.9937822222709656,4,4,True
vit_b_16,vit_b_16_linear_head,d16_right,7875,7875,8,0.8813450932502747,8,8,True
vit_b_16,vit_b_16_linear_head,d16_right,7938,7938,9,0.9640739560127258,9,9,True
vit_b_16,vit_b_16_linear_head,d16_right,7940,7940,4,0.9830525517463684,4,4,True
vit_b_16,vit_b_16_linear_head,d16_right,7944,7944,4,0.9831189513206482,4,4,True
vit_b_16,vit_b_16_linear_head,d16_right,7955,7955,1,0.9901605844497681,1,1,True
vit_b_16,vit_b_16_linear_head,d16_right,7995,7995,9,0.9560450315475464,9,2,False
vit_b_16,vit_b_16_linear_head,d16_right,7996,7996,6,0.9722763299942017,6,6,True
vit_b_16,vit_b_16_linear_head,d16_right,7999,7999,8,0.9809868335723877,8,8,True
vit_b_16,vit_b_16_linear_head,d32_up,3,3,0,0.9872316122055054,0,0,True
vit_b_16,vit_b_16_linear_head,d32_up,29,29,7,0.8155838251113892,7,7,True
vit_b_16,vit_b_16_linear_head,d32_up,35,35,2,0.9471591711044312,2,2,True
vit_b_16,vit_b_16_linear_head,d32_up,42,42,0,0.9761800169944763,0,0,True
vit_b_16,vit_b_16_linear_head,d32_up,49,49,2,0.9497928619384766,2,2,True
vit_b_16,vit_b_16_linear_head,d32_up,81,81,0,0.8664612174034119,0,0,True
vit_b_16,vit_b_16_linear_head,d32_up,95,95,1,0.880722165107727,1,1,True
vit_b_16,vit_b_16_linear_head,d32_up,97,97,5,0.9734178185462952,5,5,True
vit_b_16,vit_b_16_linear_head,d32_up,116,116,1,0.9702919125556946,1,1,True
vit_b_16,vit_b_16_linear_head,d32_up,131,131,9,0.9607927799224854,9,9,True
vit_b_16,vit_b_16_linear_head,d32_up,151,151,8,0.9608909487724304,8,8,True
vit_b_16,vit_b_16_linear_head,d32_up,171,171,4,0.9215311408042908,4,4,True
vit_b_16,vit_b_16_linear_head,d32_up,176,176,3,0.9167587161064148,3,3,True
vit_b_16,vit_b_16_linear_head,d32_up,191,191,9,0.9757006168365479,9,9,True
vit_b_16,vit_b_16_linear_head,d32_up,194,194,8,0.9237539172172546,8,8,True
vit_b_16,vit_b_16_linear_head,d32_up,198,198,1,0.971096396446228,1,1,True
vit_b_16,vit_b_16_linear_head,d32_up,239,239,9,0.8961637020111084,9,9,True
vit_b_16,vit_b_16_linear_head,d32_up,261,261,1,0.9887108206748962,5,5,True
vit_b_16,vit_b_16_linear_head,d32_up,269,269,7,0.9430307745933533,7,7,True
vit_b_16,vit_b_16_linear_head,d32_up,276,276,9,0.9613038301467896,9,9,True
vit_b_16,vit_b_16_linear_head,d32_up,303,303,9,0.9704579710960388,9,9,True
vit_b_16,vit_b_16_linear_head,d32_up,304,304,1,0.8081794381141663,1,7,False
vit_b_16,vit_b_16_linear_head,d32_up,317,317,2,0.972585141658783,2,2,True
vit_b_16,vit_b_16_linear_head,d32_up,319,319,5,0.947431743144989,5,5,True
vit_b_16,vit_b_16_linear_head,d32_up,323,323,7,0.9755877256393433,7,7,True
vit_b_16,vit_b_16_linear_head,d32_up,365,365,3,0.9725508093833923,3,3,True
vit_b_16,vit_b_16_linear_head,d32_up,370,370,7,0.9560832977294922,7,7,True
vit_b_16,vit_b_16_linear_head,d32_up,372,372,3,0.9027812480926514,3,3,True
vit_b_16,vit_b_16_linear_head,d32_up,378,378,5,0.9843987226486206,5,5,True
vit_b_16,vit_b_16_linear_head,d32_up,391,391,3,0.9747982621192932,3,3,True
vit_b_16,vit_b_16_linear_head,d32_up,409,409,2,0.9793342351913452,2,2,True
vit_b_16,vit_b_16_linear_head,d32_up,419,419,9,0.98966383934021,9,9,True
vit_b_16,vit_b_16_linear_head,d32_up,449,449,6,0.8955734968185425,6,6,True
vit_b_16,vit_b_16_linear_head,d32_up,470,470,2,0.9845864176750183,2,2,True
vit_b_16,vit_b_16_linear_head,d32_up,483,483,2,0.9088400602340698,2,2,True
vit_b_16,vit_b_16_linear_head,d32_up,484,484,0,0.918563961982727,0,0,True
vit_b_16,vit_b_16_linear_head,d32_up,506,506,4,0.918103814125061,4,4,True
vit_b_16,vit_b_16_linear_head,d32_up,545,545,6,0.8900922536849976,6,6,True
vit_b_16,vit_b_16_linear_head,d32_up,562,562,0,0.9788503646850586,0,0,True
vit_b_16,vit_b_16_linear_head,d32_up,568,568,5,0.9512359499931335,5,5,True
vit_b_16,vit_b_16_linear_head,d32_up,603,603,9,0.9658395051956177,9,9,True
vit_b_16,vit_b_16_linear_head,d32_up,632,632,3,0.9750055074691772,3,3,True
vit_b_16,vit_b_16_linear_head,d32_up,645,645,5,0.9638656377792358,5,5,True
vit_b_16,vit_b_16_linear_head,d32_up,667,667,8,0.9538471102714539,8,8,True
vit_b_16,vit_b_16_linear_head,d32_up,672,672,3,0.96326744556427,3,3,True
vit_b_16,vit_b_16_linear_head,d32_up,677,677,3,0.8460353016853333,3,3,True
vit_b_16,vit_b_16_linear_head,d32_up,685,685,5,0.9714198708534241,5,5,True
vit_b_16,vit_b_16_linear_head,d32_up,691,691,4,0.9928500652313232,4,4,True
vit_b_16,vit_b_16_linear_head,d32_up,706,706,8,0.960245668888092,8,8,True
vit_b_16,vit_b_16_linear_head,d32_up,714,714,2,0.9148462414741516,2,2,True
vit_b_16,vit_b_16_linear_head,d32_up,716,716,8,0.9939950704574585,8,8,True
vit_b_16,vit_b_16_linear_head,d32_up,738,738,3,0.8562345504760742,3,3,True
vit_b_16,vit_b_16_linear_head,d32_up,739,739,8,0.9831530451774597,8,8,True
vit_b_16,vit_b_16_linear_head,d32_up,766,766,4,0.9178729057312012,6,6,True
vit_b_16,vit_b_16_linear_head,d32_up,791,791,3,0.9055578112602234,3,3,True
vit_b_16,vit_b_16_linear_head,d32_up,805,805,9,0.9176142811775208,9,9,True
vit_b_16,vit_b_16_linear_head,d32_up,825,825,1,0.9847618341445923,1,1,True
vit_b_16,vit_b_16_linear_head,d32_up,852,852,9,0.9677642583847046,9,9,True
vit_b_16,vit_b_16_linear_head,d32_up,855,855,4,0.8531684279441833,4,4,True
vit_b_16,vit_b_16_linear_head,d32_up,873,873,6,0.9645470380783081,6,6,True
vit_b_16,vit_b_16_linear_head,d32_up,890,890,6,0.9489306807518005,6,6,True
vit_b_16,vit_b_16_linear_head,d32_up,920,920,6,0.9445620775222778,6,6,True
vit_b_16,vit_b_16_linear_head,d32_up,929,929,6,0.9438713788986206,6,6,True
vit_b_16,vit_b_16_linear_head,d32_up,962,962,8,0.9872027635574341,8,8,True
vit_b_16,vit_b_16_linear_head,d32_up,964,964,6,0.8380368947982788,6,6,True
vit_b_16,vit_b_16_linear_head,d32_up,977,977,6,0.9109554290771484,6,6,True
vit_b_16,vit_b_16_linear_head,d32_up,979,979,3,0.854027509689331,3,3,True
vit_b_16,vit_b_16_linear_head,d32_up,981,981,2,0.960441529750824,2,2,True
vit_b_16,vit_b_16_linear_head,d32_up,1022,1022,9,0.9867783784866333,9,9,True
vit_b_16,vit_b_16_linear_head,d32_up,1032,1032,7,0.9749488830566406,7,7,True
vit_b_16,vit_b_16_linear_head,d32_up,1048,1048,7,0.8411662578582764,7,7,True
vit_b_16,vit_b_16_linear_head,d32_up,1090,1090,1,0.9809036254882812,1,1,True
vit_b_16,vit_b_16_linear_head,d32_up,1095,1095,5,0.9763877987861633,5,5,True
vit_b_16,vit_b_16_linear_head,d32_up,1109,1109,1,0.9855946898460388,1,1,True
vit_b_16,vit_b_16_linear_head,d32_up,1111,1111,4,0.9945234656333923,4,4,True
vit_b_16,vit_b_16_linear_head,d32_up,1115,1115,1,0.6702386736869812,1,4,False
vit_b_16,vit_b_16_linear_head,d32_up,1124,1124,4,0.9871913194656372,4,4,True
vit_b_16,vit_b_16_linear_head,d32_up,1129,1129,8,0.9231563806533813,8,8,True
vit_b_16,vit_b_16_linear_head,d32_up,1175,1175,0,0.9965311884880066,0,0,True
vit_b_16,vit_b_16_linear_head,d32_up,1202,1202,2,0.9366775751113892,2,2,True
vit_b_16,vit_b_16_linear_head,d32_up,1204,1204,3,0.9058719873428345,3,3,True
vit_b_16,vit_b_16_linear_head,d32_up,1211,1211,4,0.9290750622749329,4,4,True
vit_b_16,vit_b_16_linear_head,d32_up,1220,1220,7,0.99241042137146,7,7,True
vit_b_16,vit_b_16_linear_head,d32_up,1230,1230,1,0.9598535299301147,1,1,True
vit_b_16,vit_b_16_linear_head,d32_up,1247,1247,8,0.9800806045532227,8,8,True
vit_b_16,vit_b_16_linear_head,d32_up,1263,1263,3,0.8981233239173889,3,3,True
vit_b_16,vit_b_16_linear_head,d32_up,1266,1266,4,0.9455065131187439,4,4,True
vit_b_16,vit_b_16_linear_head,d32_up,1287,1287,7,0.9596390724182129,7,7,True
vit_b_16,vit_b_16_linear_head,d32_up,1296,1296,7,0.8376545906066895,7,7,True
vit_b_16,vit_b_16_linear_head,d32_up,1370,1370,3,0.8272795677185059,3,3,True
vit_b_16,vit_b_16_linear_head,d32_up,1389,1389,0,0.9758427143096924,0,0,True
vit_b_16,vit_b_16_linear_head,d32_up,1401,1401,3,0.8892362713813782,3,3,True
vit_b_16,vit_b_16_linear_head,d32_up,1403,1403,2,0.8728596568107605,2,2,True
vit_b_16,vit_b_16_linear_head,d32_up,1411,1411,9,0.986169695854187,9,9,True
vit_b_16,vit_b_16_linear_head,d32_up,1429,1429,4,0.900127649307251,4,4,True
vit_b_16,vit_b_16_linear_head,d32_up,1430,1430,9,0.923403799533844,9,9,True
vit_b_16,vit_b_16_linear_head,d32_up,1431,1431,3,0.7829434871673584,3,3,True
vit_b_16,vit_b_16_linear_head,d32_up,1436,1436,1,0.9739593863487244,1,1,True
vit_b_16,vit_b_16_linear_head,d32_up,1440,1440,7,0.9639526605606079,7,7,True
vit_b_16,vit_b_16_linear_head,d32_up,1468,1468,9,0.966638445854187,9,9,True
vit_b_16,vit_b_16_linear_head,d32_up,1473,1473,7,0.9828048944473267,7,7,True
vit_b_16,vit_b_16_linear_head,d32_up,1515,1515,9,0.9659942984580994,9,9,True
vit_b_16,vit_b_16_linear_head,d32_up,1520,1520,2,0.9347123503684998,2,2,True
vit_b_16,vit_b_16_linear_head,d32_up,1531,1531,3,0.9919179677963257,3,3,True
vit_b_16,vit_b_16_linear_head,d32_up,1534,1534,6,0.8662259578704834,6,6,True
vit_b_16,vit_b_16_linear_head,d32_up,1552,1552,5,0.9682518243789673,5,5,True
vit_b_16,vit_b_16_linear_head,d32_up,1553,1553,0,0.9858629703521729,0,0,True
vit_b_16,vit_b_16_linear_head,d32_up,1563,1563,3,0.8766484260559082,3,3,True
vit_b_16,vit_b_16_linear_head,d32_up,1568,1568,1,0.9133185744285583,1,1,True
vit_b_16,vit_b_16_linear_head,d32_up,1579,1579,7,0.9536917209625244,7,7,True
vit_b_16,vit_b_16_linear_head,d32_up,1586,1586,2,0.8090156316757202,2,2,True
vit_b_16,vit_b_16_linear_head,d32_up,1596,1596,0,0.9823942184448242,0,0,True
vit_b_16,vit_b_16_linear_head,d32_up,1626,1626,5,0.9426390528678894,5,5,True
vit_b_16,vit_b_16_linear_head,d32_up,1640,1640,8,0.7950959205627441,8,8,True
vit_b_16,vit_b_16_linear_head,d32_up,1644,1644,5,0.9694338440895081,5,5,True
vit_b_16,vit_b_16_linear_head,d32_up,1648,1648,0,0.9464436769485474,0,0,True
vit_b_16,vit_b_16_linear_head,d32_up,1654,1654,9,0.9878041744232178,9,9,True
vit_b_16,vit_b_16_linear_head,d32_up,1667,1667,6,0.9575309157371521,6,6,True
vit_b_16,vit_b_16_linear_head,d32_up,1703,1703,7,0.8642568588256836,7,7,True
vit_b_16,vit_b_16_linear_head,d32_up,1711,1711,7,0.9609096646308899,7,7,True
vit_b_16,vit_b_16_linear_head,d32_up,1771,1771,7,0.8935282826423645,7,7,True
vit_b_16,vit_b_16_linear_head,d32_up,1783,1783,8,0.9618722796440125,8,8,True
vit_b_16,vit_b_16_linear_head,d32_up,1814,1814,2,0.992843747138977,2,2,True
vit_b_16,vit_b_16_linear_head,d32_up,1833,1833,8,0.9784886837005615,8,8,True
vit_b_16,vit_b_16_linear_head,d32_up,1836,1836,9,0.9925828576087952,9,9,True
vit_b_16,vit_b_16_linear_head,d32_up,1839,1839,2,0.9549186825752258,2,2,True
vit_b_16,vit_b_16_linear_head,d32_up,1852,1852,1,0.8301482200622559,1,1,True
vit_b_16,vit_b_16_linear_head,d32_up,1871,1871,1,0.9600639939308167,1,1,True
vit_b_16,vit_b_16_linear_head,d32_up,1877,1877,5,0.9879128932952881,5,5,True
vit_b_16,vit_b_16_linear_head,d32_up,1884,1884,7,0.6640756130218506,7,7,True
vit_b_16,vit_b_16_linear_head,d32_up,1927,1927,7,0.956343412399292,7,7,True
vit_b_16,vit_b_16_linear_head,d32_up,1954,1954,8,0.9538916349411011,8,8,True
vit_b_16,vit_b_16_linear_head,d32_up,1956,1956,7,0.8169031739234924,7,3,False
vit_b_16,vit_b_16_linear_head,d32_up,1960,1960,4,0.9890432357788086,5,5,True
vit_b_16,vit_b_16_linear_head,d32_up,1977,1977,0,0.9885270595550537,0,0,True
vit_b_16,vit_b_16_linear_head,d32_up,1986,1986,1,0.9801890254020691,1,1,True
vit_b_16,vit_b_16_linear_head,d32_up,1993,1993,1,0.960225522518158,1,1,True
vit_b_16,vit_b_16_linear_head,d32_up,2003,2003,6,0.9643711447715759,6,6,True
vit_b_16,vit_b_16_linear_head,d32_up,2011,2011,9,0.9791930317878723,9,9,True
vit_b_16,vit_b_16_linear_head,d32_up,2024,2024,0,0.9792399406433105,0,0,True
vit_b_16,vit_b_16_linear_head,d32_up,2028,2028,3,0.8690747618675232,3,3,True
vit_b_16,vit_b_16_linear_head,d32_up,2062,2062,9,0.9902522563934326,9,9,True
vit_b_16,vit_b_16_linear_head,d32_up,2070,2070,1,0.9134502410888672,1,1,True
vit_b_16,vit_b_16_linear_head,d32_up,2082,2082,2,0.9278647303581238,2,2,True
vit_b_16,vit_b_16_linear_head,d32_up,2095,2095,1,0.9513590335845947,1,1,True
vit_b_16,vit_b_16_linear_head,d32_up,2109,2109,8,0.9147406816482544,8,8,True
vit_b_16,vit_b_16_linear_head,d32_up,2114,2114,9,0.9858234524726868,9,9,True
vit_b_16,vit_b_16_linear_head,d32_up,2116,2116,1,0.843148946762085,3,3,True
vit_b_16,vit_b_16_linear_head,d32_up,2157,2157,1,0.8866198062896729,1,1,True
vit_b_16,vit_b_16_linear_head,d32_up,2167,2167,9,0.9609605073928833,9,9,True
vit_b_16,vit_b_16_linear_head,d32_up,2178,2178,1,0.8845512270927429,1,1,True
vit_b_16,vit_b_16_linear_head,d32_up,2191,2191,8,0.9670380353927612,8,8,True
vit_b_16,vit_b_16_linear_head,d32_up,2230,2230,8,0.9764297008514404,8,8,True
vit_b_16,vit_b_16_linear_head,d32_up,2242,2242,0,0.9735276699066162,0,0,True
vit_b_16,vit_b_16_linear_head,d32_up,2265,2265,5,0.9767137765884399,5,5,True
vit_b_16,vit_b_16_linear_head,d32_up,2268,2268,5,0.9526198506355286,5,5,True
vit_b_16,vit_b_16_linear_head,d32_up,2291,2291,3,0.9516215920448303,3,3,True
vit_b_16,vit_b_16_linear_head,d32_up,2334,2334,5,0.9293301105499268,5,5,True
vit_b_16,vit_b_16_linear_head,d32_up,2340,2340,8,0.8744819760322571,8,8,True
vit_b_16,vit_b_16_linear_head,d32_up,2342,2342,8,0.9750189185142517,8,8,True
vit_b_16,vit_b_16_linear_head,d32_up,2351,2351,9,0.9017781615257263,9,9,True
vit_b_16,vit_b_16_linear_head,d32_up,2391,2391,5,0.9634482860565186,5,4,False
vit_b_16,vit_b_16_linear_head,d32_up,2392,2392,2,0.9384143352508545,2,2,True
vit_b_16,vit_b_16_linear_head,d32_up,2399,2399,4,0.987097978591919,4,4,True
vit_b_16,vit_b_16_linear_head,d32_up,2414,2414,9,0.8853560090065002,9,9,True
vit_b_16,vit_b_16_linear_head,d32_up,2427,2427,5,0.9637549519538879,5,5,True
vit_b_16,vit_b_16_linear_head,d32_up,2458,2458,5,0.8603155612945557,5,5,True
vit_b_16,vit_b_16_linear_head,d32_up,2501,2501,7,0.9376029968261719,7,7,True
vit_b_16,vit_b_16_linear_head,d32_up,2502,2502,2,0.9640227556228638,2,2,True
vit_b_16,vit_b_16_linear_head,d32_up,2536,2536,3,0.9826309084892273,3,3,True
vit_b_16,vit_b_16_linear_head,d32_up,2539,2539,3,0.9233419299125671,3,3,True
vit_b_16,vit_b_16_linear_head,d32_up,2610,2610,6,0.9302784204483032,6,6,True
vit_b_16,vit_b_16_linear_head,d32_up,2623,2623,5,0.8389144539833069,5,5,True
vit_b_16,vit_b_16_linear_head,d32_up,2655,2655,9,0.9871854186058044,9,9,True
vit_b_16,vit_b_16_linear_head,d32_up,2668,2668,7,0.9451322555541992,7,7,True
vit_b_16,vit_b_16_linear_head,d32_up,2676,2676,6,0.8903995156288147,6,6,True
vit_b_16,vit_b_16_linear_head,d32_up,2687,2687,1,0.9493961930274963,1,1,True
vit_b_16,vit_b_16_linear_head,d32_up,2690,2690,1,0.9092951416969299,1,1,True
vit_b_16,vit_b_16_linear_head,d32_up,2704,2704,4,0.8781436085700989,4,4,True
vit_b_16,vit_b_16_linear_head,d32_up,2745,2745,8,0.9906555414199829,8,8,True
vit_b_16,vit_b_16_linear_head,d32_up,2746,2746,7,0.9480576515197754,7,7,True
vit_b_16,vit_b_16_linear_head,d32_up,2750,2750,0,0.9687190651893616,0,0,True
vit_b_16,vit_b_16_linear_head,d32_up,2754,2754,3,0.968686580657959,3,3,True
vit_b_16,vit_b_16_linear_head,d32_up,2757,2757,4,0.9356504082679749,4,4,True
vit_b_16,vit_b_16_linear_head,d32_up,2766,2766,5,0.8144615888595581,5,5,True
vit_b_16,vit_b_16_linear_head,d32_up,2807,2807,5,0.7748154401779175,5,3,False
vit_b_16,vit_b_16_linear_head,d32_up,2844,2844,8,0.959872841835022,8,8,True
vit_b_16,vit_b_16_linear_head,d32_up,2854,2854,7,0.9636605978012085,7,7,True
vit_b_16,vit_b_16_linear_head,d32_up,2861,2861,3,0.8946202993392944,3,3,True
vit_b_16,vit_b_16_linear_head,d32_up,2888,2888,0,0.9765220880508423,0,0,True
vit_b_16,vit_b_16_linear_head,d32_up,2898,2898,4,0.9582417607307434,4,4,True
vit_b_16,vit_b_16_linear_head,d32_up,2950,2950,5,0.8964190483093262,5,5,True
vit_b_16,vit_b_16_linear_head,d32_up,2958,2958,6,0.9820108413696289,6,6,True
vit_b_16,vit_b_16_linear_head,d32_up,3015,3015,8,0.980837345123291,8,8,True
vit_b_16,vit_b_16_linear_head,d32_up,3024,3024,2,0.9600441455841064,2,2,True
vit_b_16,vit_b_16_linear_head,d32_up,3025,3025,0,0.9693118333816528,0,0,True
vit_b_16,vit_b_16_linear_head,d32_up,3034,3034,4,0.982081949710846,4,4,True
vit_b_16,vit_b_16_linear_head,d32_up,3067,3067,2,0.9531977772712708,2,2,True
vit_b_16,vit_b_16_linear_head,d32_up,3078,3078,4,0.9516010284423828,4,4,True
vit_b_16,vit_b_16_linear_head,d32_up,3079,3079,1,0.9228601455688477,1,1,True
vit_b_16,vit_b_16_linear_head,d32_up,3083,3083,0,0.9801405668258667,0,0,True
vit_b_16,vit_b_16_linear_head,d32_up,3122,3122,4,0.9559141993522644,4,4,True
vit_b_16,vit_b_16_linear_head,d32_up,3153,3153,7,0.9519698619842529,7,7,True
vit_b_16,vit_b_16_linear_head,d32_up,3157,3157,8,0.9330672025680542,8,8,True
vit_b_16,vit_b_16_linear_head,d32_up,3163,3163,2,0.9708322882652283,2,2,True
vit_b_16,vit_b_16_linear_head,d32_up,3179,3179,4,0.9571283459663391,4,4,True
vit_b_16,vit_b_16_linear_head,d32_up,3191,3191,6,0.9003095626831055,6,6,True
vit_b_16,vit_b_16_linear_head,d32_up,3276,3276,3,0.9045823812484741,3,3,True
vit_b_16,vit_b_16_linear_head,d32_up,3287,3287,4,0.9218294620513916,4,4,True
vit_b_16,vit_b_16_linear_head,d32_up,3288,3288,7,0.9841504096984863,7,7,True
vit_b_16,vit_b_16_linear_head,d32_up,3292,3292,6,0.8306381702423096,6,6,True
vit_b_16,vit_b_16_linear_head,d32_up,3318,3318,9,0.9449407458305359,9,9,True
vit_b_16,vit_b_16_linear_head,d32_up,3347,3347,0,0.9771096706390381,0,0,True
vit_b_16,vit_b_16_linear_head,d32_up,3353,3353,5,0.9527345895767212,5,5,True
vit_b_16,vit_b_16_linear_head,d32_up,3362,3362,2,0.9754838943481445,2,2,True
vit_b_16,vit_b_16_linear_head,d32_up,3365,3365,4,0.9031078815460205,4,4,True
vit_b_16,vit_b_16_linear_head,d32_up,3375,3375,3,0.9095020890235901,3,3,True
vit_b_16,vit_b_16_linear_head,d32_up,3383,3383,3,0.9573585987091064,3,3,True
vit_b_16,vit_b_16_linear_head,d32_up,3404,3404,7,0.9807875752449036,7,7,True
vit_b_16,vit_b_16_linear_head,d32_up,3412,3412,8,0.9914706945419312,8,8,True
vit_b_16,vit_b_16_linear_head,d32_up,3413,3413,1,0.8611239194869995,1,1,True
vit_b_16,vit_b_16_linear_head,d32_up,3418,3418,6,0.9226179718971252,6,6,True
vit_b_16,vit_b_16_linear_head,d32_up,3437,3437,0,0.935562252998352,0,0,True
vit_b_16,vit_b_16_linear_head,d32_up,3446,3446,7,0.8688303828239441,7,7,True
vit_b_16,vit_b_16_linear_head,d32_up,3454,3454,2,0.9373046159744263,2,2,True
vit_b_16,vit_b_16_linear_head,d32_up,3455,3455,0,0.9779239296913147,0,0,True
vit_b_16,vit_b_16_linear_head,d32_up,3458,3458,4,0.9069558382034302,4,4,True
vit_b_16,vit_b_16_linear_head,d32_up,3467,3467,7,0.8821038603782654,7,7,True
vit_b_16,vit_b_16_linear_head,d32_up,3491,3491,1,0.8784299492835999,1,1,True
vit_b_16,vit_b_16_linear_head,d32_up,3494,3494,6,0.8359179496765137,6,6,True
vit_b_16,vit_b_16_linear_head,d32_up,3512,3512,4,0.9868203401565552,4,4,True
vit_b_16,vit_b_16_linear_head,d32_up,3515,3515,6,0.9812945127487183,4,4,True
vit_b_16,vit_b_16_linear_head,d32_up,3542,3542,7,0.9682851433753967,7,7,True
vit_b_16,vit_b_16_linear_head,d32_up,3550,3550,1,0.8650643825531006,1,1,True
vit_b_16,vit_b_16_linear_head,d32_up,3562,3562,3,0.9886306524276733,3,3,True
vit_b_16,vit_b_16_linear_head,d32_up,3755,3755,2,0.8759202361106873,2,2,True
vit_b_16,vit_b_16_linear_head,d32_up,3763,3763,4,0.9824492931365967,4,4,True
vit_b_16,vit_b_16_linear_head,d32_up,3777,3777,6,0.9840273857116699,6,6,True
vit_b_16,vit_b_16_linear_head,d32_up,3778,3778,3,0.8537150621414185,3,3,True
vit_b_16,vit_b_16_linear_head,d32_up,3779,3779,6,0.8608798980712891,6,6,True
vit_b_16,vit_b_16_linear_head,d32_up,3844,3844,6,0.9740465879440308,6,6,True
vit_b_16,vit_b_16_linear_head,d32_up,3851,3851,3,0.8853417634963989,3,3,True
vit_b_16,vit_b_16_linear_head,d32_up,3852,3852,5,0.9747920632362366,5,5,True
vit_b_16,vit_b_16_linear_head,d32_up,3863,3863,5,0.9863852262496948,5,5,True
vit_b_16,vit_b_16_linear_head,d32_up,3867,3867,7,0.9543157815933228,7,7,True
vit_b_16,vit_b_16_linear_head,d32_up,3876,3876,0,0.9121725559234619,0,0,True
vit_b_16,vit_b_16_linear_head,d32_up,3889,3889,5,0.9661588072776794,5,5,True
vit_b_16,vit_b_16_linear_head,d32_up,3891,3891,4,0.9272939562797546,4,4,True
vit_b_16,vit_b_16_linear_head,d32_up,3893,3893,9,0.9766172766685486,9,9,True
vit_b_16,vit_b_16_linear_head,d32_up,3905,3905,8,0.9669607877731323,8,8,True
vit_b_16,vit_b_16_linear_head,d32_up,3914,3914,3,0.9615304470062256,3,3,True
vit_b_16,vit_b_16_linear_head,d32_up,3937,3937,1,0.8208860158920288,1,1,True
vit_b_16,vit_b_16_linear_head,d32_up,3942,3942,9,0.9324691295623779,9,9,True
vit_b_16,vit_b_16_linear_head,d32_up,3948,3948,8,0.9486592411994934,8,8,True
vit_b_16,vit_b_16_linear_head,d32_up,3962,3962,6,0.9463156461715698,6,6,True
vit_b_16,vit_b_16_linear_head,d32_up,3965,3965,0,0.9972420334815979,0,0,True
vit_b_16,vit_b_16_linear_head,d32_up,3994,3994,4,0.9332960844039917,4,4,True
vit_b_16,vit_b_16_linear_head,d32_up,3996,3996,9,0.9915652871131897,9,9,True
vit_b_16,vit_b_16_linear_head,d32_up,4011,4011,6,0.9094818830490112,6,6,True
vit_b_16,vit_b_16_linear_head,d32_up,4023,4023,3,0.9692937135696411,3,3,True
vit_b_16,vit_b_16_linear_head,d32_up,4054,4054,4,0.9710249900817871,4,4,True
vit_b_16,vit_b_16_linear_head,d32_up,4065,4065,2,0.865653932094574,2,2,True
vit_b_16,vit_b_16_linear_head,d32_up,4069,4069,8,0.9196172952651978,8,6,False
vit_b_16,vit_b_16_linear_head,d32_up,4093,4093,6,0.9438073635101318,6,6,True
vit_b_16,vit_b_16_linear_head,d32_up,4094,4094,9,0.9611685276031494,9,9,True
vit_b_16,vit_b_16_linear_head,d32_up,4106,4106,5,0.9469348192214966,5,5,True
vit_b_16,vit_b_16_linear_head,d32_up,4130,4130,0,0.9769625663757324,0,0,True
vit_b_16,vit_b_16_linear_head,d32_up,4168,4168,3,0.9729015231132507,3,3,True
vit_b_16,vit_b_16_linear_head,d32_up,4170,4170,8,0.8566502332687378,8,8,True
vit_b_16,vit_b_16_linear_head,d32_up,4172,4172,7,0.9726774096488953,7,7,True
vit_b_16,vit_b_16_linear_head,d32_up,4177,4177,8,0.9562817811965942,8,8,True
vit_b_16,vit_b_16_linear_head,d32_up,4215,4215,3,0.9222472906112671,3,3,True
vit_b_16,vit_b_16_linear_head,d32_up,4229,4229,3,0.971680760383606,3,3,True
vit_b_16,vit_b_16_linear_head,d32_up,4236,4236,7,0.9883943796157837,7,7,True
vit_b_16,vit_b_16_linear_head,d32_up,4242,4242,8,0.9664503335952759,8,8,True
vit_b_16,vit_b_16_linear_head,d32_up,4254,4254,6,0.9898176789283752,6,6,True
vit_b_16,vit_b_16_linear_head,d32_up,4290,4290,5,0.8973742723464966,1,4,False
vit_b_16,vit_b_16_linear_head,d32_up,4298,4298,1,0.9719445109367371,1,1,True
vit_b_16,vit_b_16_linear_head,d32_up,4308,4308,7,0.9372062683105469,7,7,True
vit_b_16,vit_b_16_linear_head,d32_up,4311,4311,8,0.9694570899009705,8,8,True
vit_b_16,vit_b_16_linear_head,d32_up,4323,4323,3,0.819500744342804,3,3,True
vit_b_16,vit_b_16_linear_head,d32_up,4330,4330,3,0.9797847270965576,3,3,True
vit_b_16,vit_b_16_linear_head,d32_up,4341,4341,6,0.9642157554626465,6,6,True
vit_b_16,vit_b_16_linear_head,d32_up,4355,4355,8,0.9773894548416138,0,0,True
vit_b_16,vit_b_16_linear_head,d32_up,4399,4399,0,0.9115526676177979,0,0,True
vit_b_16,vit_b_16_linear_head,d32_up,4403,4403,7,0.945063591003418,7,7,True
vit_b_16,vit_b_16_linear_head,d32_up,4411,4411,6,0.9169228672981262,6,6,True
vit_b_16,vit_b_16_linear_head,d32_up,4449,4449,9,0.9197714924812317,9,9,True
vit_b_16,vit_b_16_linear_head,d32_up,4463,4463,3,0.9278420209884644,3,3,True
vit_b_16,vit_b_16_linear_head,d32_up,4531,4531,3,0.9430422782897949,3,3,True
vit_b_16,vit_b_16_linear_head,d32_up,4539,4539,0,0.9897965788841248,0,0,True
vit_b_16,vit_b_16_linear_head,d32_up,4547,4547,5,0.9539554715156555,5,5,True
vit_b_16,vit_b_16_linear_head,d32_up,4552,4552,8,0.971378743648529,8,8,True
vit_b_16,vit_b_16_linear_head,d32_up,4570,4570,5,0.9556310772895813,5,5,True
vit_b_16,vit_b_16_linear_head,d32_up,4590,4590,3,0.9415504932403564,3,3,True
vit_b_16,vit_b_16_linear_head,d32_up,4609,4609,3,0.8670322895050049,3,3,True
vit_b_16,vit_b_16_linear_head,d32_up,4615,4615,0,0.9922166466712952,0,0,True
vit_b_16,vit_b_16_linear_head,d32_up,4617,4617,0,0.9975998997688293,0,0,True
vit_b_16,vit_b_16_linear_head,d32_up,4620,4620,6,0.8031315207481384,6,6,True
vit_b_16,vit_b_16_linear_head,d32_up,4629,4629,4,0.9309044480323792,4,4,True
vit_b_16,vit_b_16_linear_head,d32_up,4640,4640,1,0.8806759119033813,1,1,True
vit_b_16,vit_b_16_linear_head,d32_up,4642,4642,4,0.9290151596069336,4,4,True
vit_b_16,vit_b_16_linear_head,d32_up,4661,4661,7,0.9154390096664429,7,7,True
vit_b_16,vit_b_16_linear_head,d32_up,4662,4662,8,0.9932553768157959,8,8,True
vit_b_16,vit_b_16_linear_head,d32_up,4675,4675,0,0.9682255983352661,0,0,True
vit_b_16,vit_b_16_linear_head,d32_up,4676,4676,8,0.9419898986816406,8,8,True
vit_b_16,vit_b_16_linear_head,d32_up,4704,4704,7,0.9174335598945618,7,7,True
vit_b_16,vit_b_16_linear_head,d32_up,4723,4723,9,0.9719370007514954,9,9,True
vit_b_16,vit_b_16_linear_head,d32_up,4731,4731,6,0.9435136318206787,6,6,True
vit_b_16,vit_b_16_linear_head,d32_up,4735,4735,2,0.9861873984336853,2,2,True
vit_b_16,vit_b_16_linear_head,d32_up,4740,4740,4,0.8643438816070557,4,4,True
vit_b_16,vit_b_16_linear_head,d32_up,4746,4746,6,0.8623860478401184,6,6,True
vit_b_16,vit_b_16_linear_head,d32_up,4748,4748,7,0.9794157147407532,7,7,True
vit_b_16,vit_b_16_linear_head,d32_up,4754,4754,6,0.8161378502845764,6,6,True
vit_b_16,vit_b_16_linear_head,d32_up,4785,4785,0,0.9632032513618469,0,0,True
vit_b_16,vit_b_16_linear_head,d32_up,4791,4791,7,0.9439601898193359,7,7,True
vit_b_16,vit_b_16_linear_head,d32_up,4819,4819,0,0.9930539131164551,0,0,True
vit_b_16,vit_b_16_linear_head,d32_up,4821,4821,3,0.9403021335601807,3,3,True
vit_b_16,vit_b_16_linear_head,d32_up,4827,4827,6,0.963685154914856,6,6,True
vit_b_16,vit_b_16_linear_head,d32_up,4850,4850,5,0.9658052921295166,5,5,True
vit_b_16,vit_b_16_linear_head,d32_up,4881,4881,3,0.8292108774185181,3,3,True
vit_b_16,vit_b_16_linear_head,d32_up,4893,4893,0,0.9963163137435913,0,0,True
vit_b_16,vit_b_16_linear_head,d32_up,4908,4908,3,0.9715546369552612,3,3,True
vit_b_16,vit_b_16_linear_head,d32_up,4913,4913,2,0.9695425629615784,2,2,True
vit_b_16,vit_b_16_linear_head,d32_up,4921,4921,2,0.9721999168395996,2,2,True
vit_b_16,vit_b_16_linear_head,d32_up,4953,4953,5,0.9229084253311157,5,5,True
vit_b_16,vit_b_16_linear_head,d32_up,4966,4966,5,0.9236699938774109,5,5,True
vit_b_16,vit_b_16_linear_head,d32_up,4990,4990,8,0.9658352136611938,8,8,True
vit_b_16,vit_b_16_linear_head,d32_up,5000,5000,8,0.979698121547699,8,8,True
vit_b_16,vit_b_16_linear_head,d32_up,5030,5030,2,0.980481743812561,2,2,True
vit_b_16,vit_b_16_linear_head,d32_up,5062,5062,4,0.898361086845398,4,4,True
vit_b_16,vit_b_16_linear_head,d32_up,5077,5077,4,0.9918083548545837,4,4,True
vit_b_16,vit_b_16_linear_head,d32_up,5082,5082,6,0.9902914762496948,6,6,True
vit_b_16,vit_b_16_linear_head,d32_up,5092,5092,1,0.9218944311141968,1,1,True
vit_b_16,vit_b_16_linear_head,d32_up,5101,5101,5,0.8664141893386841,2,2,True
vit_b_16,vit_b_16_linear_head,d32_up,5117,5117,0,0.9898884892463684,0,0,True
vit_b_16,vit_b_16_linear_head,d32_up,5123,5123,1,0.9358921051025391,1,1,True
vit_b_16,vit_b_16_linear_head,d32_up,5135,5135,4,0.8990922570228577,4,3,False
vit_b_16,vit_b_16_linear_head,d32_up,5183,5183,2,0.9675915241241455,2,2,True
vit_b_16,vit_b_16_linear_head,d32_up,5213,5213,4,0.9881519675254822,4,4,True
vit_b_16,vit_b_16_linear_head,d32_up,5218,5218,2,0.9871315956115723,2,2,True
vit_b_16,vit_b_16_linear_head,d32_up,5220,5220,1,0.8113147020339966,1,1,True
vit_b_16,vit_b_16_linear_head,d32_up,5237,5237,2,0.9365010261535645,2,2,True
vit_b_16,vit_b_16_linear_head,d32_up,5256,5256,1,0.8803393840789795,1,1,True
vit_b_16,vit_b_16_linear_head,d32_up,5284,5284,9,0.901162326335907,9,9,True
vit_b_16,vit_b_16_linear_head,d32_up,5301,5301,9,0.922731876373291,9,9,True
vit_b_16,vit_b_16_linear_head,d32_up,5318,5318,2,0.8489179611206055,2,2,True
vit_b_16,vit_b_16_linear_head,d32_up,5332,5332,5,0.9678349494934082,5,5,True
vit_b_16,vit_b_16_linear_head,d32_up,5333,5333,2,0.9722476005554199,2,2,True
vit_b_16,vit_b_16_linear_head,d32_up,5360,5360,9,0.9844338297843933,9,9,True
vit_b_16,vit_b_16_linear_head,d32_up,5381,5381,5,0.8501050472259521,5,5,True
vit_b_16,vit_b_16_linear_head,d32_up,5382,5382,6,0.9453994035720825,6,6,True
vit_b_16,vit_b_16_linear_head,d32_up,5395,5395,2,0.8204174041748047,2,2,True
vit_b_16,vit_b_16_linear_head,d32_up,5402,5402,4,0.9672399163246155,4,4,True
vit_b_16,vit_b_16_linear_head,d32_up,5408,5408,6,0.95415860414505,6,6,True
vit_b_16,vit_b_16_linear_head,d32_up,5436,5436,7,0.9730426073074341,7,7,True
vit_b_16,vit_b_16_linear_head,d32_up,5447,5447,9,0.966755747795105,9,9,True
vit_b_16,vit_b_16_linear_head,d32_up,5450,5450,7,0.9808834791183472,7,7,True
vit_b_16,vit_b_16_linear_head,d32_up,5451,5451,8,0.9297242760658264,8,8,True
vit_b_16,vit_b_16_linear_head,d32_up,5452,5452,9,0.9354597926139832,9,9,True
vit_b_16,vit_b_16_linear_head,d32_up,5467,5467,4,0.9596042633056641,4,4,True
vit_b_16,vit_b_16_linear_head,d32_up,5478,5478,0,0.9728601574897766,0,0,True
vit_b_16,vit_b_16_linear_head,d32_up,5488,5488,1,0.9843948483467102,1,1,True
vit_b_16,vit_b_16_linear_head,d32_up,5496,5496,5,0.9706224203109741,5,5,True
vit_b_16,vit_b_16_linear_head,d32_up,5508,5508,9,0.9607300162315369,9,9,True
vit_b_16,vit_b_16_linear_head,d32_up,5512,5512,2,0.7312045097351074,9,2,False
vit_b_16,vit_b_16_linear_head,d32_up,5525,5525,8,0.9465768337249756,8,8,True
vit_b_16,vit_b_16_linear_head,d32_up,5528,5528,3,0.9396675825119019,3,3,True
vit_b_16,vit_b_16_linear_head,d32_up,5556,5556,4,0.8453860878944397,4,6,False
vit_b_16,vit_b_16_linear_head,d32_up,5560,5560,1,0.9889156222343445,1,1,True
vit_b_16,vit_b_16_linear_head,d32_up,5572,5572,9,0.9057885408401489,9,9,True
vit_b_16,vit_b_16_linear_head,d32_up,5580,5580,6,0.8704082369804382,5,5,True
vit_b_16,vit_b_16_linear_head,d32_up,5590,5590,9,0.9501707553863525,9,9,True
vit_b_16,vit_b_16_linear_head,d32_up,5623,5623,4,0.9612374901771545,4,4,True
vit_b_16,vit_b_16_linear_head,d32_up,5677,5677,2,0.9665639996528625,2,2,True
vit_b_16,vit_b_16_linear_head,d32_up,5694,5694,8,0.9863399267196655,8,8,True
vit_b_16,vit_b_16_linear_head,d32_up,5701,5701,5,0.9851540327072144,5,5,True
vit_b_16,vit_b_16_linear_head,d32_up,5705,5705,8,0.8993629813194275,8,8,True
vit_b_16,vit_b_16_linear_head,d32_up,5719,5719,7,0.9863605499267578,7,7,True
vit_b_16,vit_b_16_linear_head,d32_up,5729,5729,6,0.9065239429473877,6,6,True
vit_b_16,vit_b_16_linear_head,d32_up,5756,5756,2,0.9899278879165649,2,2,True
vit_b_16,vit_b_16_linear_head,d32_up,5788,5788,9,0.9619264006614685,9,9,True
vit_b_16,vit_b_16_linear_head,d32_up,5789,5789,4,0.9806976318359375,4,4,True
vit_b_16,vit_b_16_linear_head,d32_up,5824,5824,2,0.894553005695343,2,2,True
vit_b_16,vit_b_16_linear_head,d32_up,5848,5848,7,0.9346691370010376,7,7,True
vit_b_16,vit_b_16_linear_head,d32_up,5851,5851,9,0.9935044646263123,9,9,True
vit_b_16,vit_b_16_linear_head,d32_up,5857,5857,6,0.9628276824951172,4,4,True
vit_b_16,vit_b_16_linear_head,d32_up,5858,5858,6,0.9216994643211365,6,6,True
vit_b_16,vit_b_16_linear_head,d32_up,5912,5912,0,0.958458423614502,0,0,True
vit_b_16,vit_b_16_linear_head,d32_up,5915,5915,9,0.9421493411064148,9,9,True
vit_b_16,vit_b_16_linear_head,d32_up,5918,5918,0,0.9707505702972412,0,0,True
vit_b_16,vit_b_16_linear_head,d32_up,5924,5924,5,0.9613731503486633,5,5,True
vit_b_16,vit_b_16_linear_head,d32_up,5977,5977,7,0.9805164337158203,7,7,True
vit_b_16,vit_b_16_linear_head,d32_up,5981,5981,9,0.9271008968353271,9,9,True
vit_b_16,vit_b_16_linear_head,d32_up,5999,5999,0,0.912240743637085,0,0,True
vit_b_16,vit_b_16_linear_head,d32_up,6028,6028,2,0.8880160450935364,2,2,True
vit_b_16,vit_b_16_linear_head,d32_up,6033,6033,4,0.8753491044044495,4,4,True
vit_b_16,vit_b_16_linear_head,d32_up,6076,6076,1,0.9226729869842529,1,1,True
vit_b_16,vit_b_16_linear_head,d32_up,6084,6084,7,0.9933884143829346,7,7,True
vit_b_16,vit_b_16_linear_head,d32_up,6097,6097,4,0.9555608630180359,4,4,True
vit_b_16,vit_b_16_linear_head,d32_up,6169,6169,1,0.9479029774665833,1,5,False
vit_b_16,vit_b_16_linear_head,d32_up,6190,6190,7,0.684813380241394,7,7,True
vit_b_16,vit_b_16_linear_head,d32_up,6224,6224,5,0.9808806777000427,5,5,True
vit_b_16,vit_b_16_linear_head,d32_up,6244,6244,2,0.889887809753418,2,2,True
vit_b_16,vit_b_16_linear_head,d32_up,6264,6264,2,0.9441195130348206,2,2,True
vit_b_16,vit_b_16_linear_head,d32_up,6271,6271,2,0.9839099049568176,2,2,True
vit_b_16,vit_b_16_linear_head,d32_up,6288,6288,4,0.9578967094421387,4,4,True
vit_b_16,vit_b_16_linear_head,d32_up,6332,6332,2,0.9541536569595337,2,2,True
vit_b_16,vit_b_16_linear_head,d32_up,6349,6349,1,0.9005577564239502,1,1,True
vit_b_16,vit_b_16_linear_head,d32_up,6354,6354,2,0.8319121599197388,2,2,True
vit_b_16,vit_b_16_linear_head,d32_up,6358,6358,5,0.9811709523200989,5,5,True
vit_b_16,vit_b_16_linear_head,d32_up,6381,6381,6,0.9628572463989258,6,6,True
vit_b_16,vit_b_16_linear_head,d32_up,6414,6414,5,0.8389707803726196,5,5,True
vit_b_16,vit_b_16_linear_head,d32_up,6426,6426,2,0.9705778360366821,2,2,True
vit_b_16,vit_b_16_linear_head,d32_up,6434,6434,8,0.959685206413269,8,8,True
vit_b_16,vit_b_16_linear_head,d32_up,6437,6437,0,0.9714043736457825,0,0,True
vit_b_16,vit_b_16_linear_head,d32_up,6455,6455,0,0.9839626550674438,0,0,True
vit_b_16,vit_b_16_linear_head,d32_up,6490,6490,3,0.9477856755256653,3,3,True
vit_b_16,vit_b_16_linear_head,d32_up,6503,6503,2,0.8716487288475037,2,2,True
vit_b_16,vit_b_16_linear_head,d32_up,6508,6508,4,0.9627833962440491,4,4,True
vit_b_16,vit_b_16_linear_head,d32_up,6528,6528,4,0.9113287925720215,4,4,True
vit_b_16,vit_b_16_linear_head,d32_up,6594,6594,1,0.9618892073631287,1,1,True
vit_b_16,vit_b_16_linear_head,d32_up,6609,6609,0,0.9293367862701416,0,0,True
vit_b_16,vit_b_16_linear_head,d32_up,6616,6616,2,0.867729902267456,2,2,True
vit_b_16,vit_b_16_linear_head,d32_up,6650,6650,7,0.9037973880767822,7,7,True
vit_b_16,vit_b_16_linear_head,d32_up,6689,6689,8,0.8022317886352539,8,8,True
vit_b_16,vit_b_16_linear_head,d32_up,6692,6692,2,0.9354874491691589,2,2,True
vit_b_16,vit_b_16_linear_head,d32_up,6713,6713,6,0.931903600692749,6,6,True
vit_b_16,vit_b_16_linear_head,d32_up,6716,6716,5,0.9230762720108032,6,3,False
vit_b_16,vit_b_16_linear_head,d32_up,6726,6726,7,0.9530419111251831,7,7,True
vit_b_16,vit_b_16_linear_head,d32_up,6733,6733,1,0.9838831424713135,1,1,True
vit_b_16,vit_b_16_linear_head,d32_up,6772,6772,7,0.9642271399497986,7,7,True
vit_b_16,vit_b_16_linear_head,d32_up,6805,6805,1,0.9069142937660217,1,1,True
vit_b_16,vit_b_16_linear_head,d32_up,6836,6836,1,0.9888961911201477,1,1,True
vit_b_16,vit_b_16_linear_head,d32_up,6844,6844,0,0.9972203969955444,0,0,True
vit_b_16,vit_b_16_linear_head,d32_up,6922,6922,5,0.9126961827278137,5,5,True
vit_b_16,vit_b_16_linear_head,d32_up,6931,6931,9,0.9156805872917175,9,9,True
vit_b_16,vit_b_16_linear_head,d32_up,6938,6938,1,0.9592811465263367,1,1,True
vit_b_16,vit_b_16_linear_head,d32_up,6952,6952,3,0.991007387638092,3,3,True
vit_b_16,vit_b_16_linear_head,d32_up,6954,6954,1,0.8021620512008667,1,1,True
vit_b_16,vit_b_16_linear_head,d32_up,6986,6986,0,0.8915061354637146,0,0,True
vit_b_16,vit_b_16_linear_head,d32_up,6989,6989,5,0.9831467270851135,5,5,True
vit_b_16,vit_b_16_linear_head,d32_up,7009,7009,0,0.9095037579536438,0,0,True
vit_b_16,vit_b_16_linear_head,d32_up,7029,7029,1,0.9733867645263672,1,1,True
vit_b_16,vit_b_16_linear_head,d32_up,7033,7033,1,0.980806291103363,1,1,True
vit_b_16,vit_b_16_linear_head,d32_up,7041,7041,5,0.9204705953598022,5,5,True
vit_b_16,vit_b_16_linear_head,d32_up,7047,7047,9,0.9536284804344177,9,9,True
vit_b_16,vit_b_16_linear_head,d32_up,7081,7081,7,0.9263843297958374,7,7,True
vit_b_16,vit_b_16_linear_head,d32_up,7084,7084,2,0.9304095506668091,2,2,True
vit_b_16,vit_b_16_linear_head,d32_up,7108,7108,6,0.975516676902771,6,6,True
vit_b_16,vit_b_16_linear_head,d32_up,7130,7130,5,0.9952666759490967,5,5,True
vit_b_16,vit_b_16_linear_head,d32_up,7138,7138,8,0.9407652020454407,8,8,True
vit_b_16,vit_b_16_linear_head,d32_up,7150,7150,0,0.9979680776596069,0,0,True
vit_b_16,vit_b_16_linear_head,d32_up,7202,7202,1,0.9627967476844788,1,1,True
vit_b_16,vit_b_16_linear_head,d32_up,7262,7262,0,0.9908257722854614,0,0,True
vit_b_16,vit_b_16_linear_head,d32_up,7266,7266,9,0.859523594379425,9,9,True
vit_b_16,vit_b_16_linear_head,d32_up,7270,7270,7,0.8735752701759338,7,7,True
vit_b_16,vit_b_16_linear_head,d32_up,7309,7309,0,0.9208691120147705,0,0,True
vit_b_16,vit_b_16_linear_head,d32_up,7320,7320,0,0.9629799127578735,0,0,True
vit_b_16,vit_b_16_linear_head,d32_up,7338,7338,6,0.9587107300758362,6,6,True
vit_b_16,vit_b_16_linear_head,d32_up,7372,7372,0,0.9624420404434204,0,0,True
vit_b_16,vit_b_16_linear_head,d32_up,7373,7373,0,0.9448256492614746,0,0,True
vit_b_16,vit_b_16_linear_head,d32_up,7380,7380,9,0.9721667766571045,9,9,True
vit_b_16,vit_b_16_linear_head,d32_up,7390,7390,1,0.971992015838623,1,1,True
vit_b_16,vit_b_16_linear_head,d32_up,7413,7413,5,0.9180691838264465,5,5,True
vit_b_16,vit_b_16_linear_head,d32_up,7416,7416,3,0.8473983407020569,3,3,True
vit_b_16,vit_b_16_linear_head,d32_up,7425,7425,2,0.9878331422805786,2,2,True
vit_b_16,vit_b_16_linear_head,d32_up,7446,7446,8,0.9836292266845703,8,8,True
vit_b_16,vit_b_16_linear_head,d32_up,7460,7460,8,0.8868399858474731,8,8,True
vit_b_16,vit_b_16_linear_head,d32_up,7465,7465,0,0.9427558183670044,0,0,True
vit_b_16,vit_b_16_linear_head,d32_up,7474,7474,5,0.9772133231163025,5,5,True
vit_b_16,vit_b_16_linear_head,d32_up,7475,7475,4,0.8938503861427307,4,4,True
vit_b_16,vit_b_16_linear_head,d32_up,7476,7476,8,0.8928099274635315,0,0,True
vit_b_16,vit_b_16_linear_head,d32_up,7544,7544,9,0.8970968723297119,9,9,True
vit_b_16,vit_b_16_linear_head,d32_up,7555,7555,6,0.9555076360702515,6,6,True
vit_b_16,vit_b_16_linear_head,d32_up,7600,7600,6,0.95345139503479,6,6,True
vit_b_16,vit_b_16_linear_head,d32_up,7610,7610,4,0.9657091498374939,4,4,True
vit_b_16,vit_b_16_linear_head,d32_up,7634,7634,0,0.9985727667808533,0,0,True
vit_b_16,vit_b_16_linear_head,d32_up,7692,7692,4,0.9502674341201782,4,4,True
vit_b_16,vit_b_16_linear_head,d32_up,7706,7706,5,0.915648341178894,5,5,True
vit_b_16,vit_b_16_linear_head,d32_up,7726,7726,6,0.8919262290000916,6,6,True
vit_b_16,vit_b_16_linear_head,d32_up,7744,7744,3,0.810314416885376,3,3,True
vit_b_16,vit_b_16_linear_head,d32_up,7752,7752,9,0.94549959897995,9,9,True
vit_b_16,vit_b_16_linear_head,d32_up,7776,7776,5,0.9658557176589966,5,5,True
vit_b_16,vit_b_16_linear_head,d32_up,7779,7779,6,0.9431070685386658,6,6,True
vit_b_16,vit_b_16_linear_head,d32_up,7781,7781,6,0.9484875798225403,6,6,True
vit_b_16,vit_b_16_linear_head,d32_up,7793,7793,3,0.8669458031654358,7,3,False
vit_b_16,vit_b_16_linear_head,d32_up,7797,7797,3,0.9558399319648743,3,3,True
vit_b_16,vit_b_16_linear_head,d32_up,7810,7810,8,0.9572234153747559,8,8,True
vit_b_16,vit_b_16_linear_head,d32_up,7818,7818,8,0.9842155575752258,8,8,True
vit_b_16,vit_b_16_linear_head,d32_up,7835,7835,7,0.9359221458435059,7,7,True
vit_b_16,vit_b_16_linear_head,d32_up,7864,7864,4,0.9904508590698242,4,4,True
vit_b_16,vit_b_16_linear_head,d32_up,7875,7875,8,0.960715115070343,8,8,True
vit_b_16,vit_b_16_linear_head,d32_up,7938,7938,9,0.9444732069969177,9,9,True
vit_b_16,vit_b_16_linear_head,d32_up,7940,7940,4,0.9632291793823242,4,4,True
vit_b_16,vit_b_16_linear_head,d32_up,7944,7944,4,0.990020751953125,4,4,True
vit_b_16,vit_b_16_linear_head,d32_up,7955,7955,1,0.9120465517044067,1,1,True
vit_b_16,vit_b_16_linear_head,d32_up,7995,7995,9,0.9895117282867432,9,9,True
vit_b_16,vit_b_16_linear_head,d32_up,7996,7996,6,0.9082745313644409,6,6,True
vit_b_16,vit_b_16_linear_head,d32_up,7999,7999,8,0.9825329184532166,8,8,True
vit_b_16,vit_b_16_linear_head,d32_down,3,3,0,0.9908334612846375,0,0,True
vit_b_16,vit_b_16_linear_head,d32_down,29,29,7,0.9538159370422363,7,7,True
vit_b_16,vit_b_16_linear_head,d32_down,35,35,2,0.9865050911903381,2,2,True
vit_b_16,vit_b_16_linear_head,d32_down,42,42,0,0.9550520777702332,0,0,True
vit_b_16,vit_b_16_linear_head,d32_down,49,49,2,0.9281373620033264,2,2,True
vit_b_16,vit_b_16_linear_head,d32_down,81,81,0,0.9017308950424194,0,0,True
vit_b_16,vit_b_16_linear_head,d32_down,95,95,1,0.9120377898216248,1,1,True
vit_b_16,vit_b_16_linear_head,d32_down,97,97,5,0.9823082685470581,5,5,True
vit_b_16,vit_b_16_linear_head,d32_down,116,116,1,0.9487830996513367,1,1,True
vit_b_16,vit_b_16_linear_head,d32_down,131,131,9,0.9132561087608337,9,9,True
vit_b_16,vit_b_16_linear_head,d32_down,151,151,8,0.9562442302703857,8,8,True
vit_b_16,vit_b_16_linear_head,d32_down,171,171,4,0.9513258337974548,4,4,True
vit_b_16,vit_b_16_linear_head,d32_down,176,176,3,0.9453214406967163,3,3,True
vit_b_16,vit_b_16_linear_head,d32_down,191,191,9,0.9867223501205444,9,9,True
vit_b_16,vit_b_16_linear_head,d32_down,194,194,8,0.937594473361969,8,8,True
vit_b_16,vit_b_16_linear_head,d32_down,198,198,1,0.9216059446334839,1,1,True
vit_b_16,vit_b_16_linear_head,d32_down,239,239,9,0.9537214636802673,9,9,True
vit_b_16,vit_b_16_linear_head,d32_down,261,261,1,0.9592349529266357,5,1,False
vit_b_16,vit_b_16_linear_head,d32_down,269,269,7,0.9717377424240112,7,7,True
vit_b_16,vit_b_16_linear_head,d32_down,276,276,9,0.9679854512214661,9,9,True
vit_b_16,vit_b_16_linear_head,d32_down,303,303,9,0.9498483538627625,9,9,True
vit_b_16,vit_b_16_linear_head,d32_down,304,304,1,0.8208589553833008,1,7,False
vit_b_16,vit_b_16_linear_head,d32_down,317,317,2,0.9624063968658447,2,2,True
vit_b_16,vit_b_16_linear_head,d32_down,319,319,5,0.9447667598724365,5,5,True
vit_b_16,vit_b_16_linear_head,d32_down,323,323,7,0.9789233803749084,7,7,True
vit_b_16,vit_b_16_linear_head,d32_down,365,365,3,0.8948100805282593,3,3,True
vit_b_16,vit_b_16_linear_head,d32_down,370,370,7,0.9795823097229004,7,7,True
vit_b_16,vit_b_16_linear_head,d32_down,372,372,3,0.9528839588165283,3,3,True
vit_b_16,vit_b_16_linear_head,d32_down,378,378,5,0.9711276292800903,5,5,True
vit_b_16,vit_b_16_linear_head,d32_down,391,391,3,0.9527756571769714,3,3,True
vit_b_16,vit_b_16_linear_head,d32_down,409,409,2,0.9909411668777466,2,2,True
vit_b_16,vit_b_16_linear_head,d32_down,419,419,9,0.9480161666870117,9,9,True
vit_b_16,vit_b_16_linear_head,d32_down,449,449,6,0.928409993648529,6,6,True
vit_b_16,vit_b_16_linear_head,d32_down,470,470,2,0.9890627264976501,2,2,True
vit_b_16,vit_b_16_linear_head,d32_down,483,483,2,0.868517279624939,2,2,True
vit_b_16,vit_b_16_linear_head,d32_down,484,484,0,0.9333997964859009,0,0,True
vit_b_16,vit_b_16_linear_head,d32_down,506,506,4,0.9240028858184814,4,4,True
vit_b_16,vit_b_16_linear_head,d32_down,545,545,6,0.9021576642990112,6,6,True
vit_b_16,vit_b_16_linear_head,d32_down,562,562,0,0.9896881580352783,0,0,True
vit_b_16,vit_b_16_linear_head,d32_down,568,568,5,0.9118502140045166,5,5,True
vit_b_16,vit_b_16_linear_head,d32_down,603,603,9,0.9849436283111572,9,9,True
vit_b_16,vit_b_16_linear_head,d32_down,632,632,3,0.9616265296936035,3,3,True
vit_b_16,vit_b_16_linear_head,d32_down,645,645,5,0.9599932432174683,5,5,True
vit_b_16,vit_b_16_linear_head,d32_down,667,667,8,0.9907855987548828,8,8,True
vit_b_16,vit_b_16_linear_head,d32_down,672,672,3,0.9549521207809448,3,3,True
vit_b_16,vit_b_16_linear_head,d32_down,677,677,3,0.8843004107475281,3,3,True
vit_b_16,vit_b_16_linear_head,d32_down,685,685,5,0.9403344392776489,5,5,True
vit_b_16,vit_b_16_linear_head,d32_down,691,691,4,0.9900290966033936,4,4,True
vit_b_16,vit_b_16_linear_head,d32_down,706,706,8,0.955210268497467,8,8,True
vit_b_16,vit_b_16_linear_head,d32_down,714,714,2,0.742192268371582,2,2,True
vit_b_16,vit_b_16_linear_head,d32_down,716,716,8,0.9880474209785461,8,8,True
vit_b_16,vit_b_16_linear_head,d32_down,738,738,3,0.8433517217636108,3,3,True
vit_b_16,vit_b_16_linear_head,d32_down,739,739,8,0.958789587020874,8,8,True
vit_b_16,vit_b_16_linear_head,d32_down,766,766,4,0.9466831684112549,6,6,True
vit_b_16,vit_b_16_linear_head,d32_down,791,791,3,0.9114612340927124,3,3,True
vit_b_16,vit_b_16_linear_head,d32_down,805,805,9,0.8465147614479065,9,9,True
vit_b_16,vit_b_16_linear_head,d32_down,825,825,1,0.9801794290542603,1,1,True
vit_b_16,vit_b_16_linear_head,d32_down,852,852,9,0.8900814056396484,9,9,True
vit_b_16,vit_b_16_linear_head,d32_down,855,855,4,0.9241805076599121,4,4,True
vit_b_16,vit_b_16_linear_head,d32_down,873,873,6,0.9538403153419495,6,6,True
vit_b_16,vit_b_16_linear_head,d32_down,890,890,6,0.9589021801948547,6,6,True
vit_b_16,vit_b_16_linear_head,d32_down,920,920,6,0.940305769443512,6,6,True
vit_b_16,vit_b_16_linear_head,d32_down,929,929,6,0.906735897064209,6,6,True
vit_b_16,vit_b_16_linear_head,d32_down,962,962,8,0.9687471389770508,8,8,True
vit_b_16,vit_b_16_linear_head,d32_down,964,964,6,0.8112872242927551,6,6,True
vit_b_16,vit_b_16_linear_head,d32_down,977,977,6,0.8800492286682129,6,6,True
vit_b_16,vit_b_16_linear_head,d32_down,979,979,3,0.9000823497772217,3,3,True
vit_b_16,vit_b_16_linear_head,d32_down,981,981,2,0.9470949172973633,2,2,True
vit_b_16,vit_b_16_linear_head,d32_down,1022,1022,9,0.9144296646118164,9,2,False
vit_b_16,vit_b_16_linear_head,d32_down,1032,1032,7,0.9674785733222961,7,7,True
vit_b_16,vit_b_16_linear_head,d32_down,1048,1048,7,0.955369770526886,7,7,True
vit_b_16,vit_b_16_linear_head,d32_down,1090,1090,1,0.9074819684028625,1,1,True
vit_b_16,vit_b_16_linear_head,d32_down,1095,1095,5,0.8391692638397217,5,5,True
vit_b_16,vit_b_16_linear_head,d32_down,1109,1109,1,0.9759498238563538,1,1,True
vit_b_16,vit_b_16_linear_head,d32_down,1111,1111,4,0.9913884401321411,4,4,True
vit_b_16,vit_b_16_linear_head,d32_down,1115,1115,1,0.802977442741394,1,1,True
vit_b_16,vit_b_16_linear_head,d32_down,1124,1124,4,0.9860739707946777,4,4,True
vit_b_16,vit_b_16_linear_head,d32_down,1129,1129,8,0.915400505065918,8,8,True
vit_b_16,vit_b_16_linear_head,d32_down,1175,1175,0,0.9953354001045227,0,0,True
vit_b_16,vit_b_16_linear_head,d32_down,1202,1202,2,0.9499529600143433,2,2,True
vit_b_16,vit_b_16_linear_head,d32_down,1204,1204,3,0.88457190990448,3,3,True
vit_b_16,vit_b_16_linear_head,d32_down,1211,1211,4,0.940143346786499,4,4,True
vit_b_16,vit_b_16_linear_head,d32_down,1220,1220,7,0.9938589334487915,7,7,True
vit_b_16,vit_b_16_linear_head,d32_down,1230,1230,1,0.9126003384590149,1,1,True
vit_b_16,vit_b_16_linear_head,d32_down,1247,1247,8,0.9672932028770447,8,8,True
vit_b_16,vit_b_16_linear_head,d32_down,1263,1263,3,0.9467694163322449,3,3,True
vit_b_16,vit_b_16_linear_head,d32_down,1266,1266,4,0.9630443453788757,4,4,True
vit_b_16,vit_b_16_linear_head,d32_down,1287,1287,7,0.9896698594093323,7,7,True
vit_b_16,vit_b_16_linear_head,d32_down,1296,1296,7,0.860291063785553,7,7,True
vit_b_16,vit_b_16_linear_head,d32_down,1370,1370,3,0.8704906105995178,3,3,True
vit_b_16,vit_b_16_linear_head,d32_down,1389,1389,0,0.9524406790733337,0,0,True
vit_b_16,vit_b_16_linear_head,d32_down,1401,1401,3,0.9269307255744934,3,3,True
vit_b_16,vit_b_16_linear_head,d32_down,1403,1403,2,0.8826867938041687,2,2,True
vit_b_16,vit_b_16_linear_head,d32_down,1411,1411,9,0.9873509407043457,9,9,True
vit_b_16,vit_b_16_linear_head,d32_down,1429,1429,4,0.8907091617584229,4,4,True
vit_b_16,vit_b_16_linear_head,d32_down,1430,1430,9,0.8858051300048828,9,9,True
vit_b_16,vit_b_16_linear_head,d32_down,1431,1431,3,0.8127539753913879,3,3,True
vit_b_16,vit_b_16_linear_head,d32_down,1436,1436,1,0.9556182622909546,1,1,True
vit_b_16,vit_b_16_linear_head,d32_down,1440,1440,7,0.9866061806678772,7,7,True
vit_b_16,vit_b_16_linear_head,d32_down,1468,1468,9,0.9890023469924927,9,9,True
vit_b_16,vit_b_16_linear_head,d32_down,1473,1473,7,0.9509439468383789,7,7,True
vit_b_16,vit_b_16_linear_head,d32_down,1515,1515,9,0.9676592946052551,9,9,True
vit_b_16,vit_b_16_linear_head,d32_down,1520,1520,2,0.8852230906486511,2,2,True
vit_b_16,vit_b_16_linear_head,d32_down,1531,1531,3,0.9907276630401611,3,3,True
vit_b_16,vit_b_16_linear_head,d32_down,1534,1534,6,0.9079082608222961,6,6,True
vit_b_16,vit_b_16_linear_head,d32_down,1552,1552,5,0.9646995663642883,5,5,True
vit_b_16,vit_b_16_linear_head,d32_down,1553,1553,0,0.8376403450965881,0,0,True
vit_b_16,vit_b_16_linear_head,d32_down,1563,1563,3,0.8051358461380005,3,3,True
vit_b_16,vit_b_16_linear_head,d32_down,1568,1568,1,0.7501122355461121,1,1,True
vit_b_16,vit_b_16_linear_head,d32_down,1579,1579,7,0.9462273120880127,7,7,True
vit_b_16,vit_b_16_linear_head,d32_down,1586,1586,2,0.8810473084449768,2,2,True
vit_b_16,vit_b_16_linear_head,d32_down,1596,1596,0,0.9867237210273743,0,0,True
vit_b_16,vit_b_16_linear_head,d32_down,1626,1626,5,0.9316709637641907,5,5,True
vit_b_16,vit_b_16_linear_head,d32_down,1640,1640,8,0.5782076120376587,8,8,True
vit_b_16,vit_b_16_linear_head,d32_down,1644,1644,5,0.974730908870697,5,5,True
vit_b_16,vit_b_16_linear_head,d32_down,1648,1648,0,0.9504842162132263,0,0,True
vit_b_16,vit_b_16_linear_head,d32_down,1654,1654,9,0.9904546737670898,9,9,True
vit_b_16,vit_b_16_linear_head,d32_down,1667,1667,6,0.907472550868988,6,6,True
vit_b_16,vit_b_16_linear_head,d32_down,1703,1703,7,0.9155294895172119,7,7,True
vit_b_16,vit_b_16_linear_head,d32_down,1711,1711,7,0.9594519138336182,7,7,True
vit_b_16,vit_b_16_linear_head,d32_down,1771,1771,7,0.9272596836090088,7,7,True
vit_b_16,vit_b_16_linear_head,d32_down,1783,1783,8,0.9647501707077026,8,8,True
vit_b_16,vit_b_16_linear_head,d32_down,1814,1814,2,0.9584343433380127,2,2,True
vit_b_16,vit_b_16_linear_head,d32_down,1833,1833,8,0.9770653247833252,8,8,True
vit_b_16,vit_b_16_linear_head,d32_down,1836,1836,9,0.9809674024581909,9,9,True
vit_b_16,vit_b_16_linear_head,d32_down,1839,1839,2,0.9801005721092224,2,2,True
vit_b_16,vit_b_16_linear_head,d32_down,1852,1852,1,0.9481075406074524,1,1,True
vit_b_16,vit_b_16_linear_head,d32_down,1871,1871,1,0.9314514994621277,1,1,True
vit_b_16,vit_b_16_linear_head,d32_down,1877,1877,5,0.9882127046585083,5,5,True
vit_b_16,vit_b_16_linear_head,d32_down,1884,1884,7,0.8608937859535217,7,7,True
vit_b_16,vit_b_16_linear_head,d32_down,1927,1927,7,0.9609470367431641,7,7,True
vit_b_16,vit_b_16_linear_head,d32_down,1954,1954,8,0.9148826599121094,8,8,True
vit_b_16,vit_b_16_linear_head,d32_down,1956,1956,7,0.9207039475440979,7,7,True
vit_b_16,vit_b_16_linear_head,d32_down,1960,1960,4,0.9811148047447205,5,4,False
vit_b_16,vit_b_16_linear_head,d32_down,1977,1977,0,0.9905866980552673,0,0,True
vit_b_16,vit_b_16_linear_head,d32_down,1986,1986,1,0.974000871181488,1,1,True
vit_b_16,vit_b_16_linear_head,d32_down,1993,1993,1,0.9732080101966858,1,1,True
vit_b_16,vit_b_16_linear_head,d32_down,2003,2003,6,0.972787618637085,6,6,True
vit_b_16,vit_b_16_linear_head,d32_down,2011,2011,9,0.9516981840133667,9,9,True
vit_b_16,vit_b_16_linear_head,d32_down,2024,2024,0,0.9694581031799316,0,0,True
vit_b_16,vit_b_16_linear_head,d32_down,2028,2028,3,0.9539840221405029,3,3,True
vit_b_16,vit_b_16_linear_head,d32_down,2062,2062,9,0.9359182119369507,9,9,True
vit_b_16,vit_b_16_linear_head,d32_down,2070,2070,1,0.9472960829734802,1,1,True
vit_b_16,vit_b_16_linear_head,d32_down,2082,2082,2,0.8948666453361511,2,2,True
vit_b_16,vit_b_16_linear_head,d32_down,2095,2095,1,0.8630472421646118,1,1,True
vit_b_16,vit_b_16_linear_head,d32_down,2109,2109,8,0.9157842397689819,8,8,True
vit_b_16,vit_b_16_linear_head,d32_down,2114,2114,9,0.9950290322303772,9,9,True
vit_b_16,vit_b_16_linear_head,d32_down,2116,2116,1,0.898418664932251,3,3,True
vit_b_16,vit_b_16_linear_head,d32_down,2157,2157,1,0.8503208756446838,1,1,True
vit_b_16,vit_b_16_linear_head,d32_down,2167,2167,9,0.9119011163711548,9,9,True
vit_b_16,vit_b_16_linear_head,d32_down,2178,2178,1,0.9088872671127319,1,1,True
vit_b_16,vit_b_16_linear_head,d32_down,2191,2191,8,0.9655599594116211,8,8,True
vit_b_16,vit_b_16_linear_head,d32_down,2230,2230,8,0.916541337966919,8,8,True
vit_b_16,vit_b_16_linear_head,d32_down,2242,2242,0,0.9733974933624268,0,0,True
vit_b_16,vit_b_16_linear_head,d32_down,2265,2265,5,0.9580511450767517,5,5,True
vit_b_16,vit_b_16_linear_head,d32_down,2268,2268,5,0.9465235471725464,5,5,True
vit_b_16,vit_b_16_linear_head,d32_down,2291,2291,3,0.9549847841262817,3,3,True
vit_b_16,vit_b_16_linear_head,d32_down,2334,2334,5,0.9553873538970947,5,5,True
vit_b_16,vit_b_16_linear_head,d32_down,2340,2340,8,0.7800881862640381,8,8,True
vit_b_16,vit_b_16_linear_head,d32_down,2342,2342,8,0.9757809042930603,8,8,True
vit_b_16,vit_b_16_linear_head,d32_down,2351,2351,9,0.9623842239379883,9,9,True
vit_b_16,vit_b_16_linear_head,d32_down,2391,2391,5,0.974517285823822,5,4,False
vit_b_16,vit_b_16_linear_head,d32_down,2392,2392,2,0.8408896923065186,2,2,True
vit_b_16,vit_b_16_linear_head,d32_down,2399,2399,4,0.9860585331916809,4,4,True
vit_b_16,vit_b_16_linear_head,d32_down,2414,2414,9,0.8212284445762634,9,9,True
vit_b_16,vit_b_16_linear_head,d32_down,2427,2427,5,0.9646809697151184,5,5,True
vit_b_16,vit_b_16_linear_head,d32_down,2458,2458,5,0.9043575525283813,5,5,True
vit_b_16,vit_b_16_linear_head,d32_down,2501,2501,7,0.9652640223503113,7,7,True
vit_b_16,vit_b_16_linear_head,d32_down,2502,2502,2,0.9338653683662415,2,2,True
vit_b_16,vit_b_16_linear_head,d32_down,2536,2536,3,0.9847679734230042,3,3,True
vit_b_16,vit_b_16_linear_head,d32_down,2539,2539,3,0.9466626644134521,3,3,True
vit_b_16,vit_b_16_linear_head,d32_down,2610,2610,6,0.8925703763961792,6,6,True
vit_b_16,vit_b_16_linear_head,d32_down,2623,2623,5,0.8600214719772339,5,5,True
vit_b_16,vit_b_16_linear_head,d32_down,2655,2655,9,0.90961754322052,9,9,True
vit_b_16,vit_b_16_linear_head,d32_down,2668,2668,7,0.8967030644416809,7,7,True
vit_b_16,vit_b_16_linear_head,d32_down,2676,2676,6,0.8814252018928528,6,6,True
vit_b_16,vit_b_16_linear_head,d32_down,2687,2687,1,0.9477997422218323,1,1,True
vit_b_16,vit_b_16_linear_head,d32_down,2690,2690,1,0.9327182769775391,1,1,True
vit_b_16,vit_b_16_linear_head,d32_down,2704,2704,4,0.9252169132232666,4,4,True
vit_b_16,vit_b_16_linear_head,d32_down,2745,2745,8,0.9679369926452637,8,8,True
vit_b_16,vit_b_16_linear_head,d32_down,2746,2746,7,0.9323461055755615,7,7,True
vit_b_16,vit_b_16_linear_head,d32_down,2750,2750,0,0.9574690461158752,0,0,True
vit_b_16,vit_b_16_linear_head,d32_down,2754,2754,3,0.9733875393867493,3,3,True
vit_b_16,vit_b_16_linear_head,d32_down,2757,2757,4,0.8416182398796082,4,4,True
vit_b_16,vit_b_16_linear_head,d32_down,2766,2766,5,0.9209514856338501,5,5,True
vit_b_16,vit_b_16_linear_head,d32_down,2807,2807,5,0.8627212643623352,5,5,True
vit_b_16,vit_b_16_linear_head,d32_down,2844,2844,8,0.9490916132926941,8,8,True
vit_b_16,vit_b_16_linear_head,d32_down,2854,2854,7,0.9470894932746887,7,7,True
vit_b_16,vit_b_16_linear_head,d32_down,2861,2861,3,0.8808853626251221,3,3,True
vit_b_16,vit_b_16_linear_head,d32_down,2888,2888,0,0.9472233653068542,0,0,True
vit_b_16,vit_b_16_linear_head,d32_down,2898,2898,4,0.9791412949562073,4,4,True
vit_b_16,vit_b_16_linear_head,d32_down,2950,2950,5,0.9557892680168152,5,5,True
vit_b_16,vit_b_16_linear_head,d32_down,2958,2958,6,0.9848056435585022,6,6,True
vit_b_16,vit_b_16_linear_head,d32_down,3015,3015,8,0.9489172101020813,8,8,True
vit_b_16,vit_b_16_linear_head,d32_down,3024,3024,2,0.976513147354126,2,2,True
vit_b_16,vit_b_16_linear_head,d32_down,3025,3025,0,0.9637306928634644,0,0,True
vit_b_16,vit_b_16_linear_head,d32_down,3034,3034,4,0.958061933517456,4,4,True
vit_b_16,vit_b_16_linear_head,d32_down,3067,3067,2,0.9492348432540894,2,2,True
vit_b_16,vit_b_16_linear_head,d32_down,3078,3078,4,0.9552885293960571,4,4,True
vit_b_16,vit_b_16_linear_head,d32_down,3079,3079,1,0.962509036064148,1,1,True
vit_b_16,vit_b_16_linear_head,d32_down,3083,3083,0,0.9789013862609863,0,0,True
vit_b_16,vit_b_16_linear_head,d32_down,3122,3122,4,0.9559798836708069,4,4,True
vit_b_16,vit_b_16_linear_head,d32_down,3153,3153,7,0.958903968334198,7,7,True
vit_b_16,vit_b_16_linear_head,d32_down,3157,3157,8,0.9775255918502808,8,8,True
vit_b_16,vit_b_16_linear_head,d32_down,3163,3163,2,0.959699273109436,2,2,True
vit_b_16,vit_b_16_linear_head,d32_down,3179,3179,4,0.9558730721473694,4,4,True
vit_b_16,vit_b_16_linear_head,d32_down,3191,3191,6,0.912571907043457,6,6,True
vit_b_16,vit_b_16_linear_head,d32_down,3276,3276,3,0.9758272171020508,3,3,True
vit_b_16,vit_b_16_linear_head,d32_down,3287,3287,4,0.9276459813117981,4,4,True
vit_b_16,vit_b_16_linear_head,d32_down,3288,3288,7,0.9890062808990479,7,7,True
vit_b_16,vit_b_16_linear_head,d32_down,3292,3292,6,0.8710772395133972,6,6,True
vit_b_16,vit_b_16_linear_head,d32_down,3318,3318,9,0.8945266008377075,9,9,True
vit_b_16,vit_b_16_linear_head,d32_down,3347,3347,0,0.9867681264877319,0,0,True
vit_b_16,vit_b_16_linear_head,d32_down,3353,3353,5,0.8748394846916199,5,5,True
vit_b_16,vit_b_16_linear_head,d32_down,3362,3362,2,0.9783521294593811,2,2,True
vit_b_16,vit_b_16_linear_head,d32_down,3365,3365,4,0.9350935220718384,4,4,True
vit_b_16,vit_b_16_linear_head,d32_down,3375,3375,3,0.965526282787323,3,3,True
vit_b_16,vit_b_16_linear_head,d32_down,3383,3383,3,0.9628759622573853,3,3,True
vit_b_16,vit_b_16_linear_head,d32_down,3404,3404,7,0.9721629023551941,7,7,True
vit_b_16,vit_b_16_linear_head,d32_down,3412,3412,8,0.792048454284668,8,8,True
vit_b_16,vit_b_16_linear_head,d32_down,3413,3413,1,0.9459453821182251,1,1,True
vit_b_16,vit_b_16_linear_head,d32_down,3418,3418,6,0.9698815941810608,6,6,True
vit_b_16,vit_b_16_linear_head,d32_down,3437,3437,0,0.9172913432121277,0,0,True
vit_b_16,vit_b_16_linear_head,d32_down,3446,3446,7,0.867718517780304,7,7,True
vit_b_16,vit_b_16_linear_head,d32_down,3454,3454,2,0.9278754591941833,2,2,True
vit_b_16,vit_b_16_linear_head,d32_down,3455,3455,0,0.9213505387306213,0,0,True
vit_b_16,vit_b_16_linear_head,d32_down,3458,3458,4,0.9194488525390625,4,4,True
vit_b_16,vit_b_16_linear_head,d32_down,3467,3467,7,0.831061601638794,7,7,True
vit_b_16,vit_b_16_linear_head,d32_down,3491,3491,1,0.9578030705451965,1,1,True
vit_b_16,vit_b_16_linear_head,d32_down,3494,3494,6,0.8834506273269653,6,6,True
vit_b_16,vit_b_16_linear_head,d32_down,3512,3512,4,0.9836418032646179,4,4,True
vit_b_16,vit_b_16_linear_head,d32_down,3515,3515,6,0.9682711958885193,4,4,True
vit_b_16,vit_b_16_linear_head,d32_down,3542,3542,7,0.9859156012535095,7,7,True
vit_b_16,vit_b_16_linear_head,d32_down,3550,3550,1,0.9054553508758545,1,1,True
vit_b_16,vit_b_16_linear_head,d32_down,3562,3562,3,0.9909691214561462,3,3,True
vit_b_16,vit_b_16_linear_head,d32_down,3755,3755,2,0.8597792387008667,2,2,True
vit_b_16,vit_b_16_linear_head,d32_down,3763,3763,4,0.9588509202003479,4,4,True
vit_b_16,vit_b_16_linear_head,d32_down,3777,3777,6,0.9297062158584595,6,6,True
vit_b_16,vit_b_16_linear_head,d32_down,3778,3778,3,0.8958927989006042,3,3,True
vit_b_16,vit_b_16_linear_head,d32_down,3779,3779,6,0.8649266958236694,6,6,True
vit_b_16,vit_b_16_linear_head,d32_down,3844,3844,6,0.9651389122009277,6,6,True
vit_b_16,vit_b_16_linear_head,d32_down,3851,3851,3,0.9171665906906128,3,3,True
vit_b_16,vit_b_16_linear_head,d32_down,3852,3852,5,0.9661484956741333,5,5,True
vit_b_16,vit_b_16_linear_head,d32_down,3863,3863,5,0.9664162397384644,5,5,True
vit_b_16,vit_b_16_linear_head,d32_down,3867,3867,7,0.947765052318573,7,7,True
vit_b_16,vit_b_16_linear_head,d32_down,3876,3876,0,0.9260495901107788,0,0,True
vit_b_16,vit_b_16_linear_head,d32_down,3889,3889,5,0.8877366781234741,5,5,True
vit_b_16,vit_b_16_linear_head,d32_down,3891,3891,4,0.9548149704933167,4,4,True
vit_b_16,vit_b_16_linear_head,d32_down,3893,3893,9,0.9706337451934814,9,9,True
vit_b_16,vit_b_16_linear_head,d32_down,3905,3905,8,0.9865542054176331,8,8,True
vit_b_16,vit_b_16_linear_head,d32_down,3914,3914,3,0.9666391015052795,3,3,True
vit_b_16,vit_b_16_linear_head,d32_down,3937,3937,1,0.9562068581581116,1,1,True
vit_b_16,vit_b_16_linear_head,d32_down,3942,3942,9,0.9477022886276245,9,9,True
vit_b_16,vit_b_16_linear_head,d32_down,3948,3948,8,0.8912569880485535,8,8,True
vit_b_16,vit_b_16_linear_head,d32_down,3962,3962,6,0.9234108924865723,6,6,True
vit_b_16,vit_b_16_linear_head,d32_down,3965,3965,0,0.9986315369606018,0,0,True
vit_b_16,vit_b_16_linear_head,d32_down,3994,3994,4,0.9794655442237854,4,4,True
vit_b_16,vit_b_16_linear_head,d32_down,3996,3996,9,0.9961851835250854,9,9,True
vit_b_16,vit_b_16_linear_head,d32_down,4011,4011,6,0.9570054411888123,6,6,True
vit_b_16,vit_b_16_linear_head,d32_down,4023,4023,3,0.9648747444152832,3,3,True
vit_b_16,vit_b_16_linear_head,d32_down,4054,4054,4,0.9718821048736572,4,4,True
vit_b_16,vit_b_16_linear_head,d32_down,4065,4065,2,0.9306002259254456,2,2,True
vit_b_16,vit_b_16_linear_head,d32_down,4069,4069,8,0.928124189376831,8,0,False
vit_b_16,vit_b_16_linear_head,d32_down,4093,4093,6,0.8761424422264099,6,6,True
vit_b_16,vit_b_16_linear_head,d32_down,4094,4094,9,0.9827989339828491,9,9,True
vit_b_16,vit_b_16_linear_head,d32_down,4106,4106,5,0.8542901873588562,5,5,True
vit_b_16,vit_b_16_linear_head,d32_down,4130,4130,0,0.9822371602058411,0,0,True
vit_b_16,vit_b_16_linear_head,d32_down,4168,4168,3,0.9558488130569458,3,3,True
vit_b_16,vit_b_16_linear_head,d32_down,4170,4170,8,0.8038716316223145,8,8,True
vit_b_16,vit_b_16_linear_head,d32_down,4172,4172,7,0.9816895723342896,7,7,True
vit_b_16,vit_b_16_linear_head,d32_down,4177,4177,8,0.9683669805526733,8,8,True
vit_b_16,vit_b_16_linear_head,d32_down,4215,4215,3,0.9147412776947021,3,3,True
vit_b_16,vit_b_16_linear_head,d32_down,4229,4229,3,0.9550148844718933,3,3,True
vit_b_16,vit_b_16_linear_head,d32_down,4236,4236,7,0.9879171252250671,7,7,True
vit_b_16,vit_b_16_linear_head,d32_down,4242,4242,8,0.9912262558937073,8,8,True
vit_b_16,vit_b_16_linear_head,d32_down,4254,4254,6,0.9700355529785156,6,4,False
vit_b_16,vit_b_16_linear_head,d32_down,4290,4290,5,0.9261050224304199,1,4,False
vit_b_16,vit_b_16_linear_head,d32_down,4298,4298,1,0.9717446565628052,1,1,True
vit_b_16,vit_b_16_linear_head,d32_down,4308,4308,7,0.9439937472343445,7,7,True
vit_b_16,vit_b_16_linear_head,d32_down,4311,4311,8,0.8826591372489929,8,8,True
vit_b_16,vit_b_16_linear_head,d32_down,4323,4323,3,0.8151408433914185,3,3,True
vit_b_16,vit_b_16_linear_head,d32_down,4330,4330,3,0.9455990195274353,3,3,True
vit_b_16,vit_b_16_linear_head,d32_down,4341,4341,6,0.9564304351806641,6,6,True
vit_b_16,vit_b_16_linear_head,d32_down,4355,4355,8,0.9240967035293579,0,0,True
vit_b_16,vit_b_16_linear_head,d32_down,4399,4399,0,0.9243341088294983,0,0,True
vit_b_16,vit_b_16_linear_head,d32_down,4403,4403,7,0.9728174805641174,7,7,True
vit_b_16,vit_b_16_linear_head,d32_down,4411,4411,6,0.9049219489097595,6,6,True
vit_b_16,vit_b_16_linear_head,d32_down,4449,4449,9,0.984677791595459,9,9,True
vit_b_16,vit_b_16_linear_head,d32_down,4463,4463,3,0.8842148184776306,3,3,True
vit_b_16,vit_b_16_linear_head,d32_down,4531,4531,3,0.9646021127700806,3,3,True
vit_b_16,vit_b_16_linear_head,d32_down,4539,4539,0,0.9823759198188782,0,0,True
vit_b_16,vit_b_16_linear_head,d32_down,4547,4547,5,0.9507283568382263,5,5,True
vit_b_16,vit_b_16_linear_head,d32_down,4552,4552,8,0.9149457216262817,8,8,True
vit_b_16,vit_b_16_linear_head,d32_down,4570,4570,5,0.9575617909431458,5,5,True
vit_b_16,vit_b_16_linear_head,d32_down,4590,4590,3,0.7737507820129395,3,3,True
vit_b_16,vit_b_16_linear_head,d32_down,4609,4609,3,0.928901195526123,3,3,True
vit_b_16,vit_b_16_linear_head,d32_down,4615,4615,0,0.9930636286735535,0,0,True
vit_b_16,vit_b_16_linear_head,d32_down,4617,4617,0,0.9971612691879272,0,0,True
vit_b_16,vit_b_16_linear_head,d32_down,4620,4620,6,0.8951340913772583,6,6,True
vit_b_16,vit_b_16_linear_head,d32_down,4629,4629,4,0.9682073593139648,4,4,True
vit_b_16,vit_b_16_linear_head,d32_down,4640,4640,1,0.8969362378120422,1,1,True
vit_b_16,vit_b_16_linear_head,d32_down,4642,4642,4,0.9640145897865295,4,4,True
vit_b_16,vit_b_16_linear_head,d32_down,4661,4661,7,0.9749863147735596,7,7,True
vit_b_16,vit_b_16_linear_head,d32_down,4662,4662,8,0.9932456612586975,8,8,True
vit_b_16,vit_b_16_linear_head,d32_down,4675,4675,0,0.9107410907745361,0,0,True
vit_b_16,vit_b_16_linear_head,d32_down,4676,4676,8,0.896175742149353,8,8,True
vit_b_16,vit_b_16_linear_head,d32_down,4704,4704,7,0.9486873745918274,7,7,True
vit_b_16,vit_b_16_linear_head,d32_down,4723,4723,9,0.9616585969924927,9,9,True
vit_b_16,vit_b_16_linear_head,d32_down,4731,4731,6,0.9304682016372681,6,6,True
vit_b_16,vit_b_16_linear_head,d32_down,4735,4735,2,0.9063721895217896,2,2,True
vit_b_16,vit_b_16_linear_head,d32_down,4740,4740,4,0.8383148908615112,4,4,True
vit_b_16,vit_b_16_linear_head,d32_down,4746,4746,6,0.8772958517074585,6,6,True
vit_b_16,vit_b_16_linear_head,d32_down,4748,4748,7,0.98554527759552,7,7,True
vit_b_16,vit_b_16_linear_head,d32_down,4754,4754,6,0.7867827415466309,6,6,True
vit_b_16,vit_b_16_linear_head,d32_down,4785,4785,0,0.9790937900543213,0,0,True
vit_b_16,vit_b_16_linear_head,d32_down,4791,4791,7,0.9654244780540466,7,7,True
vit_b_16,vit_b_16_linear_head,d32_down,4819,4819,0,0.9942792654037476,0,0,True
vit_b_16,vit_b_16_linear_head,d32_down,4821,4821,3,0.9253178238868713,3,3,True
vit_b_16,vit_b_16_linear_head,d32_down,4827,4827,6,0.9101107716560364,6,6,True
vit_b_16,vit_b_16_linear_head,d32_down,4850,4850,5,0.9499641060829163,5,5,True
vit_b_16,vit_b_16_linear_head,d32_down,4881,4881,3,0.8734092116355896,3,3,True
vit_b_16,vit_b_16_linear_head,d32_down,4893,4893,0,0.9973561763763428,0,0,True
vit_b_16,vit_b_16_linear_head,d32_down,4908,4908,3,0.97225022315979,3,3,True
vit_b_16,vit_b_16_linear_head,d32_down,4913,4913,2,0.9875501394271851,2,2,True
vit_b_16,vit_b_16_linear_head,d32_down,4921,4921,2,0.9769148230552673,2,2,True
vit_b_16,vit_b_16_linear_head,d32_down,4953,4953,5,0.8826949596405029,5,5,True
vit_b_16,vit_b_16_linear_head,d32_down,4966,4966,5,0.9504618644714355,5,5,True
vit_b_16,vit_b_16_linear_head,d32_down,4990,4990,8,0.9249967336654663,8,8,True
vit_b_16,vit_b_16_linear_head,d32_down,5000,5000,8,0.9794920086860657,8,8,True
vit_b_16,vit_b_16_linear_head,d32_down,5030,5030,2,0.9719914793968201,2,2,True
vit_b_16,vit_b_16_linear_head,d32_down,5062,5062,4,0.943617045879364,4,4,True
vit_b_16,vit_b_16_linear_head,d32_down,5077,5077,4,0.9938502311706543,4,4,True
vit_b_16,vit_b_16_linear_head,d32_down,5082,5082,6,0.9829527139663696,6,6,True
vit_b_16,vit_b_16_linear_head,d32_down,5092,5092,1,0.9404537677764893,1,1,True
vit_b_16,vit_b_16_linear_head,d32_down,5101,5101,5,0.8969058394432068,2,5,False
vit_b_16,vit_b_16_linear_head,d32_down,5117,5117,0,0.9754530191421509,0,0,True
vit_b_16,vit_b_16_linear_head,d32_down,5123,5123,1,0.8945019841194153,1,1,True
vit_b_16,vit_b_16_linear_head,d32_down,5135,5135,4,0.8794023394584656,4,4,True
vit_b_16,vit_b_16_linear_head,d32_down,5183,5183,2,0.9555707573890686,2,2,True
vit_b_16,vit_b_16_linear_head,d32_down,5213,5213,4,0.9919329881668091,4,4,True
vit_b_16,vit_b_16_linear_head,d32_down,5218,5218,2,0.9916168451309204,2,2,True
vit_b_16,vit_b_16_linear_head,d32_down,5220,5220,1,0.8484691977500916,1,1,True
vit_b_16,vit_b_16_linear_head,d32_down,5237,5237,2,0.957876980304718,2,2,True
vit_b_16,vit_b_16_linear_head,d32_down,5256,5256,1,0.8632726669311523,1,1,True
vit_b_16,vit_b_16_linear_head,d32_down,5284,5284,9,0.9145533442497253,9,9,True
vit_b_16,vit_b_16_linear_head,d32_down,5301,5301,9,0.9179077744483948,9,9,True
vit_b_16,vit_b_16_linear_head,d32_down,5318,5318,2,0.8489052653312683,2,2,True
vit_b_16,vit_b_16_linear_head,d32_down,5332,5332,5,0.9564049243927002,5,5,True
vit_b_16,vit_b_16_linear_head,d32_down,5333,5333,2,0.9224772453308105,2,2,True
vit_b_16,vit_b_16_linear_head,d32_down,5360,5360,9,0.9406675100326538,9,9,True
vit_b_16,vit_b_16_linear_head,d32_down,5381,5381,5,0.9428597688674927,5,5,True
vit_b_16,vit_b_16_linear_head,d32_down,5382,5382,6,0.9618685245513916,6,6,True
vit_b_16,vit_b_16_linear_head,d32_down,5395,5395,2,0.867619514465332,2,2,True
vit_b_16,vit_b_16_linear_head,d32_down,5402,5402,4,0.9683927893638611,4,4,True
vit_b_16,vit_b_16_linear_head,d32_down,5408,5408,6,0.9518872499465942,6,6,True
vit_b_16,vit_b_16_linear_head,d32_down,5436,5436,7,0.9852851629257202,7,7,True
vit_b_16,vit_b_16_linear_head,d32_down,5447,5447,9,0.9831486344337463,9,9,True
vit_b_16,vit_b_16_linear_head,d32_down,5450,5450,7,0.9755315780639648,7,7,True
vit_b_16,vit_b_16_linear_head,d32_down,5451,5451,8,0.9139366745948792,8,8,True
vit_b_16,vit_b_16_linear_head,d32_down,5452,5452,9,0.9670411944389343,9,9,True
vit_b_16,vit_b_16_linear_head,d32_down,5467,5467,4,0.9813665151596069,4,4,True
vit_b_16,vit_b_16_linear_head,d32_down,5478,5478,0,0.9807754158973694,0,0,True
vit_b_16,vit_b_16_linear_head,d32_down,5488,5488,1,0.9735435247421265,1,7,False
vit_b_16,vit_b_16_linear_head,d32_down,5496,5496,5,0.9620733857154846,5,5,True
vit_b_16,vit_b_16_linear_head,d32_down,5508,5508,9,0.9828066229820251,9,9,True
vit_b_16,vit_b_16_linear_head,d32_down,5512,5512,2,0.8398275971412659,9,6,False
vit_b_16,vit_b_16_linear_head,d32_down,5525,5525,8,0.9205935597419739,8,8,True
vit_b_16,vit_b_16_linear_head,d32_down,5528,5528,3,0.9140977263450623,3,3,True
vit_b_16,vit_b_16_linear_head,d32_down,5556,5556,4,0.9311994314193726,4,4,True
vit_b_16,vit_b_16_linear_head,d32_down,5560,5560,1,0.9754295945167542,1,1,True
vit_b_16,vit_b_16_linear_head,d32_down,5572,5572,9,0.8139781951904297,9,9,True
vit_b_16,vit_b_16_linear_head,d32_down,5580,5580,6,0.9796936511993408,5,5,True
vit_b_16,vit_b_16_linear_head,d32_down,5590,5590,9,0.9481691122055054,9,9,True
vit_b_16,vit_b_16_linear_head,d32_down,5623,5623,4,0.9442843794822693,4,4,True
vit_b_16,vit_b_16_linear_head,d32_down,5677,5677,2,0.9268711805343628,2,2,True
vit_b_16,vit_b_16_linear_head,d32_down,5694,5694,8,0.9778205752372742,8,8,True
vit_b_16,vit_b_16_linear_head,d32_down,5701,5701,5,0.9645898342132568,5,5,True
vit_b_16,vit_b_16_linear_head,d32_down,5705,5705,8,0.8808714747428894,8,8,True
vit_b_16,vit_b_16_linear_head,d32_down,5719,5719,7,0.9769364595413208,7,7,True
vit_b_16,vit_b_16_linear_head,d32_down,5729,5729,6,0.8406865000724792,6,6,True
vit_b_16,vit_b_16_linear_head,d32_down,5756,5756,2,0.952158510684967,2,2,True
vit_b_16,vit_b_16_linear_head,d32_down,5788,5788,9,0.9247543811798096,9,9,True
vit_b_16,vit_b_16_linear_head,d32_down,5789,5789,4,0.9606338143348694,4,4,True
vit_b_16,vit_b_16_linear_head,d32_down,5824,5824,2,0.7902660369873047,2,2,True
vit_b_16,vit_b_16_linear_head,d32_down,5848,5848,7,0.9819251894950867,7,7,True
vit_b_16,vit_b_16_linear_head,d32_down,5851,5851,9,0.9953268766403198,9,9,True
vit_b_16,vit_b_16_linear_head,d32_down,5857,5857,6,0.8922153115272522,4,4,True
vit_b_16,vit_b_16_linear_head,d32_down,5858,5858,6,0.8886234760284424,6,6,True
vit_b_16,vit_b_16_linear_head,d32_down,5912,5912,0,0.9667658805847168,0,0,True
vit_b_16,vit_b_16_linear_head,d32_down,5915,5915,9,0.8194149732589722,9,9,True
vit_b_16,vit_b_16_linear_head,d32_down,5918,5918,0,0.9574995040893555,0,0,True
vit_b_16,vit_b_16_linear_head,d32_down,5924,5924,5,0.963733971118927,5,5,True
vit_b_16,vit_b_16_linear_head,d32_down,5977,5977,7,0.9765413403511047,7,7,True
vit_b_16,vit_b_16_linear_head,d32_down,5981,5981,9,0.9016309380531311,9,9,True
vit_b_16,vit_b_16_linear_head,d32_down,5999,5999,0,0.9482012987136841,0,0,True
vit_b_16,vit_b_16_linear_head,d32_down,6028,6028,2,0.9055352210998535,2,2,True
vit_b_16,vit_b_16_linear_head,d32_down,6033,6033,4,0.9378625154495239,4,4,True
vit_b_16,vit_b_16_linear_head,d32_down,6076,6076,1,0.9696543216705322,1,1,True
vit_b_16,vit_b_16_linear_head,d32_down,6084,6084,7,0.9852672815322876,7,7,True
vit_b_16,vit_b_16_linear_head,d32_down,6097,6097,4,0.9629744291305542,4,4,True
vit_b_16,vit_b_16_linear_head,d32_down,6169,6169,1,0.9299414753913879,1,1,True
vit_b_16,vit_b_16_linear_head,d32_down,6190,6190,7,0.9157498478889465,7,7,True
vit_b_16,vit_b_16_linear_head,d32_down,6224,6224,5,0.9899320006370544,5,5,True
vit_b_16,vit_b_16_linear_head,d32_down,6244,6244,2,0.9515575766563416,2,2,True
vit_b_16,vit_b_16_linear_head,d32_down,6264,6264,2,0.9544332027435303,2,2,True
vit_b_16,vit_b_16_linear_head,d32_down,6271,6271,2,0.9895143508911133,2,2,True
vit_b_16,vit_b_16_linear_head,d32_down,6288,6288,4,0.9506838321685791,4,4,True
vit_b_16,vit_b_16_linear_head,d32_down,6332,6332,2,0.9660881161689758,2,2,True
vit_b_16,vit_b_16_linear_head,d32_down,6349,6349,1,0.8765091896057129,1,1,True
vit_b_16,vit_b_16_linear_head,d32_down,6354,6354,2,0.8324403762817383,2,2,True
vit_b_16,vit_b_16_linear_head,d32_down,6358,6358,5,0.9890486001968384,5,5,True
vit_b_16,vit_b_16_linear_head,d32_down,6381,6381,6,0.9749892354011536,6,6,True
vit_b_16,vit_b_16_linear_head,d32_down,6414,6414,5,0.8808150291442871,5,5,True
vit_b_16,vit_b_16_linear_head,d32_down,6426,6426,2,0.965972363948822,2,2,True
vit_b_16,vit_b_16_linear_head,d32_down,6434,6434,8,0.8893454074859619,8,8,True
vit_b_16,vit_b_16_linear_head,d32_down,6437,6437,0,0.9569885730743408,0,0,True
vit_b_16,vit_b_16_linear_head,d32_down,6455,6455,0,0.9424722194671631,0,0,True
vit_b_16,vit_b_16_linear_head,d32_down,6490,6490,3,0.971528947353363,3,3,True
vit_b_16,vit_b_16_linear_head,d32_down,6503,6503,2,0.6830835342407227,2,2,True
vit_b_16,vit_b_16_linear_head,d32_down,6508,6508,4,0.9589394330978394,4,4,True
vit_b_16,vit_b_16_linear_head,d32_down,6528,6528,4,0.8725437521934509,4,4,True
vit_b_16,vit_b_16_linear_head,d32_down,6594,6594,1,0.9177370071411133,1,1,True
vit_b_16,vit_b_16_linear_head,d32_down,6609,6609,0,0.9427149891853333,0,0,True
vit_b_16,vit_b_16_linear_head,d32_down,6616,6616,2,0.8546891212463379,2,2,True
vit_b_16,vit_b_16_linear_head,d32_down,6650,6650,7,0.9210739135742188,7,7,True
vit_b_16,vit_b_16_linear_head,d32_down,6689,6689,8,0.8804802894592285,8,8,True
vit_b_16,vit_b_16_linear_head,d32_down,6692,6692,2,0.9488665461540222,2,2,True
vit_b_16,vit_b_16_linear_head,d32_down,6713,6713,6,0.9576926231384277,6,6,True
vit_b_16,vit_b_16_linear_head,d32_down,6716,6716,5,0.9432440996170044,6,6,True
vit_b_16,vit_b_16_linear_head,d32_down,6726,6726,7,0.9634351134300232,7,7,True
vit_b_16,vit_b_16_linear_head,d32_down,6733,6733,1,0.9833676815032959,1,1,True
vit_b_16,vit_b_16_linear_head,d32_down,6772,6772,7,0.9164328575134277,7,7,True
vit_b_16,vit_b_16_linear_head,d32_down,6805,6805,1,0.9663708209991455,1,5,False
vit_b_16,vit_b_16_linear_head,d32_down,6836,6836,1,0.9877038598060608,1,1,True
vit_b_16,vit_b_16_linear_head,d32_down,6844,6844,0,0.9976845979690552,0,0,True
vit_b_16,vit_b_16_linear_head,d32_down,6922,6922,5,0.944782018661499,5,5,True
vit_b_16,vit_b_16_linear_head,d32_down,6931,6931,9,0.8272026181221008,9,9,True
vit_b_16,vit_b_16_linear_head,d32_down,6938,6938,1,0.947194516658783,1,1,True
vit_b_16,vit_b_16_linear_head,d32_down,6952,6952,3,0.973717212677002,3,3,True
vit_b_16,vit_b_16_linear_head,d32_down,6954,6954,1,0.7141222953796387,1,3,False
vit_b_16,vit_b_16_linear_head,d32_down,6986,6986,0,0.8969005346298218,0,0,True
vit_b_16,vit_b_16_linear_head,d32_down,6989,6989,5,0.9883092045783997,5,5,True
vit_b_16,vit_b_16_linear_head,d32_down,7009,7009,0,0.882884681224823,0,0,True
vit_b_16,vit_b_16_linear_head,d32_down,7029,7029,1,0.9542136788368225,1,1,True
vit_b_16,vit_b_16_linear_head,d32_down,7033,7033,1,0.9886794090270996,1,1,True
vit_b_16,vit_b_16_linear_head,d32_down,7041,7041,5,0.8769903182983398,5,5,True
vit_b_16,vit_b_16_linear_head,d32_down,7047,7047,9,0.955446720123291,9,9,True
vit_b_16,vit_b_16_linear_head,d32_down,7081,7081,7,0.9865078926086426,7,7,True
vit_b_16,vit_b_16_linear_head,d32_down,7084,7084,2,0.8557187914848328,2,2,True
vit_b_16,vit_b_16_linear_head,d32_down,7108,7108,6,0.9883869886398315,6,6,True
vit_b_16,vit_b_16_linear_head,d32_down,7130,7130,5,0.9919791221618652,5,5,True
vit_b_16,vit_b_16_linear_head,d32_down,7138,7138,8,0.6850306987762451,8,8,True
vit_b_16,vit_b_16_linear_head,d32_down,7150,7150,0,0.9977415800094604,0,0,True
vit_b_16,vit_b_16_linear_head,d32_down,7202,7202,1,0.9278892874717712,1,1,True
vit_b_16,vit_b_16_linear_head,d32_down,7262,7262,0,0.9885753989219666,0,0,True
vit_b_16,vit_b_16_linear_head,d32_down,7266,7266,9,0.8117681741714478,9,9,True
vit_b_16,vit_b_16_linear_head,d32_down,7270,7270,7,0.94373619556427,7,7,True
vit_b_16,vit_b_16_linear_head,d32_down,7309,7309,0,0.8924334049224854,0,0,True
vit_b_16,vit_b_16_linear_head,d32_down,7320,7320,0,0.8829046487808228,0,0,True
vit_b_16,vit_b_16_linear_head,d32_down,7338,7338,6,0.9233987927436829,6,6,True
vit_b_16,vit_b_16_linear_head,d32_down,7372,7372,0,0.993864893913269,0,0,True
vit_b_16,vit_b_16_linear_head,d32_down,7373,7373,0,0.9619824290275574,0,0,True
vit_b_16,vit_b_16_linear_head,d32_down,7380,7380,9,0.9089549779891968,9,9,True
vit_b_16,vit_b_16_linear_head,d32_down,7390,7390,1,0.9837938547134399,1,1,True
vit_b_16,vit_b_16_linear_head,d32_down,7413,7413,5,0.9666372537612915,5,5,True
vit_b_16,vit_b_16_linear_head,d32_down,7416,7416,3,0.8981536626815796,3,3,True
vit_b_16,vit_b_16_linear_head,d32_down,7425,7425,2,0.8862361311912537,2,2,True
vit_b_16,vit_b_16_linear_head,d32_down,7446,7446,8,0.9711586236953735,8,8,True
vit_b_16,vit_b_16_linear_head,d32_down,7460,7460,8,0.876998245716095,8,8,True
vit_b_16,vit_b_16_linear_head,d32_down,7465,7465,0,0.9733203649520874,0,0,True
vit_b_16,vit_b_16_linear_head,d32_down,7474,7474,5,0.9503040909767151,5,5,True
vit_b_16,vit_b_16_linear_head,d32_down,7475,7475,4,0.8848209977149963,4,4,True
vit_b_16,vit_b_16_linear_head,d32_down,7476,7476,8,0.888907790184021,0,0,True
vit_b_16,vit_b_16_linear_head,d32_down,7544,7544,9,0.8477064967155457,9,9,True
vit_b_16,vit_b_16_linear_head,d32_down,7555,7555,6,0.9680761098861694,6,6,True
vit_b_16,vit_b_16_linear_head,d32_down,7600,7600,6,0.94538414478302,6,6,True
vit_b_16,vit_b_16_linear_head,d32_down,7610,7610,4,0.9619609713554382,4,4,True
vit_b_16,vit_b_16_linear_head,d32_down,7634,7634,0,0.9978432655334473,0,0,True
vit_b_16,vit_b_16_linear_head,d32_down,7692,7692,4,0.9612632393836975,4,4,True
vit_b_16,vit_b_16_linear_head,d32_down,7706,7706,5,0.9239051342010498,5,5,True
vit_b_16,vit_b_16_linear_head,d32_down,7726,7726,6,0.9062967896461487,6,6,True
vit_b_16,vit_b_16_linear_head,d32_down,7744,7744,3,0.8396248817443848,3,3,True
vit_b_16,vit_b_16_linear_head,d32_down,7752,7752,9,0.9704264998435974,9,9,True
vit_b_16,vit_b_16_linear_head,d32_down,7776,7776,5,0.9758057594299316,5,5,True
vit_b_16,vit_b_16_linear_head,d32_down,7779,7779,6,0.945759117603302,6,6,True
vit_b_16,vit_b_16_linear_head,d32_down,7781,7781,6,0.9592145085334778,6,6,True
vit_b_16,vit_b_16_linear_head,d32_down,7793,7793,3,0.8706381320953369,7,7,True
vit_b_16,vit_b_16_linear_head,d32_down,7797,7797,3,0.9094699025154114,3,3,True
vit_b_16,vit_b_16_linear_head,d32_down,7810,7810,8,0.8976559042930603,8,8,True
vit_b_16,vit_b_16_linear_head,d32_down,7818,7818,8,0.9197112321853638,8,8,True
vit_b_16,vit_b_16_linear_head,d32_down,7835,7835,7,0.9605026841163635,7,7,True
vit_b_16,vit_b_16_linear_head,d32_down,7864,7864,4,0.9863116145133972,4,4,True
vit_b_16,vit_b_16_linear_head,d32_down,7875,7875,8,0.9464811086654663,8,8,True
vit_b_16,vit_b_16_linear_head,d32_down,7938,7938,9,0.9614149928092957,9,9,True
vit_b_16,vit_b_16_linear_head,d32_down,7940,7940,4,0.9562078714370728,4,4,True
vit_b_16,vit_b_16_linear_head,d32_down,7944,7944,4,0.990897536277771,4,4,True
vit_b_16,vit_b_16_linear_head,d32_down,7955,7955,1,0.9788854122161865,1,1,True
vit_b_16,vit_b_16_linear_head,d32_down,7995,7995,9,0.9009400010108948,9,9,True
vit_b_16,vit_b_16_linear_head,d32_down,7996,7996,6,0.8724525570869446,6,6,True
vit_b_16,vit_b_16_linear_head,d32_down,7999,7999,8,0.8216355443000793,8,8,True
vit_b_16,vit_b_16_linear_head,d32_left,3,3,0,0.9585570693016052,0,0,True
vit_b_16,vit_b_16_linear_head,d32_left,29,29,7,0.9799748659133911,7,7,True
vit_b_16,vit_b_16_linear_head,d32_left,35,35,2,0.9521469473838806,2,2,True
vit_b_16,vit_b_16_linear_head,d32_left,42,42,0,0.9769039154052734,0,0,True
vit_b_16,vit_b_16_linear_head,d32_left,49,49,2,0.9560403823852539,2,2,True
vit_b_16,vit_b_16_linear_head,d32_left,81,81,0,0.8698657155036926,0,0,True
vit_b_16,vit_b_16_linear_head,d32_left,95,95,1,0.9541189074516296,1,1,True
vit_b_16,vit_b_16_linear_head,d32_left,97,97,5,0.9564267992973328,5,5,True
vit_b_16,vit_b_16_linear_head,d32_left,116,116,1,0.9230667948722839,1,1,True
vit_b_16,vit_b_16_linear_head,d32_left,131,131,9,0.9148104190826416,9,9,True
vit_b_16,vit_b_16_linear_head,d32_left,151,151,8,0.9574373960494995,8,8,True
vit_b_16,vit_b_16_linear_head,d32_left,171,171,4,0.9859614968299866,4,4,True
vit_b_16,vit_b_16_linear_head,d32_left,176,176,3,0.9350076913833618,3,3,True
vit_b_16,vit_b_16_linear_head,d32_left,191,191,9,0.921736478805542,9,9,True
vit_b_16,vit_b_16_linear_head,d32_left,194,194,8,0.9624541401863098,8,8,True
vit_b_16,vit_b_16_linear_head,d32_left,198,198,1,0.9896931648254395,1,1,True
vit_b_16,vit_b_16_linear_head,d32_left,239,239,9,0.9235578179359436,9,9,True
vit_b_16,vit_b_16_linear_head,d32_left,261,261,1,0.9945840239524841,5,5,True
vit_b_16,vit_b_16_linear_head,d32_left,269,269,7,0.8839842677116394,7,7,True
vit_b_16,vit_b_16_linear_head,d32_left,276,276,9,0.8256368637084961,9,9,True
vit_b_16,vit_b_16_linear_head,d32_left,303,303,9,0.9833666086196899,9,9,True
vit_b_16,vit_b_16_linear_head,d32_left,304,304,1,0.9483205080032349,1,7,False
vit_b_16,vit_b_16_linear_head,d32_left,317,317,2,0.9471864104270935,2,2,True
vit_b_16,vit_b_16_linear_head,d32_left,319,319,5,0.9517703652381897,5,5,True
vit_b_16,vit_b_16_linear_head,d32_left,323,323,7,0.9869007468223572,7,7,True
vit_b_16,vit_b_16_linear_head,d32_left,365,365,3,0.894702672958374,3,3,True
vit_b_16,vit_b_16_linear_head,d32_left,370,370,7,0.9864115715026855,7,7,True
vit_b_16,vit_b_16_linear_head,d32_left,372,372,3,0.8533029556274414,3,3,True
vit_b_16,vit_b_16_linear_head,d32_left,378,378,5,0.9695366024971008,5,5,True
vit_b_16,vit_b_16_linear_head,d32_left,391,391,3,0.9802703261375427,3,3,True
vit_b_16,vit_b_16_linear_head,d32_left,409,409,2,0.9474847912788391,2,2,True
vit_b_16,vit_b_16_linear_head,d32_left,419,419,9,0.8711705803871155,9,9,True
vit_b_16,vit_b_16_linear_head,d32_left,449,449,6,0.9607017040252686,6,6,True
vit_b_16,vit_b_16_linear_head,d32_left,470,470,2,0.9819716215133667,2,2,True
vit_b_16,vit_b_16_linear_head,d32_left,483,483,2,0.9440565705299377,2,2,True
vit_b_16,vit_b_16_linear_head,d32_left,484,484,0,0.9437776207923889,0,0,True
vit_b_16,vit_b_16_linear_head,d32_left,506,506,4,0.9668545126914978,4,4,True
vit_b_16,vit_b_16_linear_head,d32_left,545,545,6,0.936334490776062,6,6,True
vit_b_16,vit_b_16_linear_head,d32_left,562,562,0,0.9592429995536804,0,0,True
vit_b_16,vit_b_16_linear_head,d32_left,568,568,5,0.9483977556228638,5,5,True
vit_b_16,vit_b_16_linear_head,d32_left,603,603,9,0.9381277561187744,9,9,True
vit_b_16,vit_b_16_linear_head,d32_left,632,632,3,0.9794955253601074,3,3,True
vit_b_16,vit_b_16_linear_head,d32_left,645,645,5,0.8880712389945984,5,5,True
vit_b_16,vit_b_16_linear_head,d32_left,667,667,8,0.9843922853469849,8,8,True
vit_b_16,vit_b_16_linear_head,d32_left,672,672,3,0.9134610891342163,3,3,True
vit_b_16,vit_b_16_linear_head,d32_left,677,677,3,0.9244572520256042,3,3,True
vit_b_16,vit_b_16_linear_head,d32_left,685,685,5,0.9406092166900635,5,5,True
vit_b_16,vit_b_16_linear_head,d32_left,691,691,4,0.8825682997703552,4,4,True
vit_b_16,vit_b_16_linear_head,d32_left,706,706,8,0.9325343370437622,8,8,True
vit_b_16,vit_b_16_linear_head,d32_left,714,714,2,0.8724249005317688,2,2,True
vit_b_16,vit_b_16_linear_head,d32_left,716,716,8,0.9852520227432251,8,8,True
vit_b_16,vit_b_16_linear_head,d32_left,738,738,3,0.8524608016014099,3,3,True
vit_b_16,vit_b_16_linear_head,d32_left,739,739,8,0.9719040393829346,8,8,True
vit_b_16,vit_b_16_linear_head,d32_left,766,766,4,0.9150602221488953,6,5,False
vit_b_16,vit_b_16_linear_head,d32_left,791,791,3,0.982871949672699,3,3,True
vit_b_16,vit_b_16_linear_head,d32_left,805,805,9,0.9640789031982422,9,9,True
vit_b_16,vit_b_16_linear_head,d32_left,825,825,1,0.9988032579421997,1,1,True
vit_b_16,vit_b_16_linear_head,d32_left,852,852,9,0.9515289664268494,9,9,True
vit_b_16,vit_b_16_linear_head,d32_left,855,855,4,0.9373043179512024,4,4,True
vit_b_16,vit_b_16_linear_head,d32_left,873,873,6,0.8670871257781982,6,6,True
vit_b_16,vit_b_16_linear_head,d32_left,890,890,6,0.9369062185287476,6,6,True
vit_b_16,vit_b_16_linear_head,d32_left,920,920,6,0.8910543918609619,6,6,True
vit_b_16,vit_b_16_linear_head,d32_left,929,929,6,0.9661282300949097,6,6,True
vit_b_16,vit_b_16_linear_head,d32_left,962,962,8,0.9645453691482544,8,8,True
vit_b_16,vit_b_16_linear_head,d32_left,964,964,6,0.9362190365791321,6,6,True
vit_b_16,vit_b_16_linear_head,d32_left,977,977,6,0.9389490485191345,6,6,True
vit_b_16,vit_b_16_linear_head,d32_left,979,979,3,0.9838941693305969,3,3,True
vit_b_16,vit_b_16_linear_head,d32_left,981,981,2,0.9202744364738464,2,2,True
vit_b_16,vit_b_16_linear_head,d32_left,1022,1022,9,0.9426508545875549,9,2,False
vit_b_16,vit_b_16_linear_head,d32_left,1032,1032,7,0.9635867476463318,7,7,True
vit_b_16,vit_b_16_linear_head,d32_left,1048,1048,7,0.9730262160301208,7,7,True
vit_b_16,vit_b_16_linear_head,d32_left,1090,1090,1,0.9701123833656311,1,1,True
vit_b_16,vit_b_16_linear_head,d32_left,1095,1095,5,0.9788322448730469,5,5,True
vit_b_16,vit_b_16_linear_head,d32_left,1109,1109,1,0.9185222387313843,1,1,True
vit_b_16,vit_b_16_linear_head,d32_left,1111,1111,4,0.965802788734436,4,4,True
vit_b_16,vit_b_16_linear_head,d32_left,1115,1115,1,0.8930355906486511,1,1,True
vit_b_16,vit_b_16_linear_head,d32_left,1124,1124,4,0.9403313398361206,4,4,True
vit_b_16,vit_b_16_linear_head,d32_left,1129,1129,8,0.9715294241905212,8,8,True
vit_b_16,vit_b_16_linear_head,d32_left,1175,1175,0,0.9663881659507751,0,0,True
vit_b_16,vit_b_16_linear_head,d32_left,1202,1202,2,0.9560195207595825,2,2,True
vit_b_16,vit_b_16_linear_head,d32_left,1204,1204,3,0.8714455962181091,3,3,True
vit_b_16,vit_b_16_linear_head,d32_left,1211,1211,4,0.983752965927124,4,4,True
vit_b_16,vit_b_16_linear_head,d32_left,1220,1220,7,0.9912991523742676,7,7,True
vit_b_16,vit_b_16_linear_head,d32_left,1230,1230,1,0.9826387166976929,1,1,True
vit_b_16,vit_b_16_linear_head,d32_left,1247,1247,8,0.9814478754997253,8,8,True
vit_b_16,vit_b_16_linear_head,d32_left,1263,1263,3,0.9824427366256714,3,3,True
vit_b_16,vit_b_16_linear_head,d32_left,1266,1266,4,0.9534574151039124,4,4,True
vit_b_16,vit_b_16_linear_head,d32_left,1287,1287,7,0.9900559186935425,7,7,True
vit_b_16,vit_b_16_linear_head,d32_left,1296,1296,7,0.9803328514099121,7,7,True
vit_b_16,vit_b_16_linear_head,d32_left,1370,1370,3,0.9537473917007446,3,3,True
vit_b_16,vit_b_16_linear_head,d32_left,1389,1389,0,0.9116597175598145,0,0,True
vit_b_16,vit_b_16_linear_head,d32_left,1401,1401,3,0.946973979473114,3,3,True
vit_b_16,vit_b_16_linear_head,d32_left,1403,1403,2,0.9433544278144836,2,2,True
vit_b_16,vit_b_16_linear_head,d32_left,1411,1411,9,0.9850201606750488,9,9,True
vit_b_16,vit_b_16_linear_head,d32_left,1429,1429,4,0.9686481952667236,4,4,True
vit_b_16,vit_b_16_linear_head,d32_left,1430,1430,9,0.9703513383865356,9,9,True
vit_b_16,vit_b_16_linear_head,d32_left,1431,1431,3,0.9192053079605103,3,3,True
vit_b_16,vit_b_16_linear_head,d32_left,1436,1436,1,0.9854176640510559,1,1,True
vit_b_16,vit_b_16_linear_head,d32_left,1440,1440,7,0.976872444152832,7,7,True
vit_b_16,vit_b_16_linear_head,d32_left,1468,1468,9,0.9623332023620605,9,9,True
vit_b_16,vit_b_16_linear_head,d32_left,1473,1473,7,0.9929054975509644,7,7,True
vit_b_16,vit_b_16_linear_head,d32_left,1515,1515,9,0.9754103422164917,9,9,True
vit_b_16,vit_b_16_linear_head,d32_left,1520,1520,2,0.842598021030426,2,2,True
vit_b_16,vit_b_16_linear_head,d32_left,1531,1531,3,0.9695941209793091,3,3,True
vit_b_16,vit_b_16_linear_head,d32_left,1534,1534,6,0.921564519405365,6,6,True
vit_b_16,vit_b_16_linear_head,d32_left,1552,1552,5,0.9266165494918823,5,5,True
vit_b_16,vit_b_16_linear_head,d32_left,1553,1553,0,0.92463219165802,0,0,True
vit_b_16,vit_b_16_linear_head,d32_left,1563,1563,3,0.9547784328460693,3,3,True
vit_b_16,vit_b_16_linear_head,d32_left,1568,1568,1,0.8751384019851685,1,3,False
vit_b_16,vit_b_16_linear_head,d32_left,1579,1579,7,0.9704511761665344,7,7,True
vit_b_16,vit_b_16_linear_head,d32_left,1586,1586,2,0.9201318025588989,2,2,True
vit_b_16,vit_b_16_linear_head,d32_left,1596,1596,0,0.9788383841514587,0,0,True
vit_b_16,vit_b_16_linear_head,d32_left,1626,1626,5,0.9698770642280579,5,5,True
vit_b_16,vit_b_16_linear_head,d32_left,1640,1640,8,0.7715036869049072,8,8,True
vit_b_16,vit_b_16_linear_head,d32_left,1644,1644,5,0.9925627708435059,5,5,True
vit_b_16,vit_b_16_linear_head,d32_left,1648,1648,0,0.9563494324684143,0,0,True
vit_b_16,vit_b_16_linear_head,d32_left,1654,1654,9,0.9611261487007141,9,9,True
vit_b_16,vit_b_16_linear_head,d32_left,1667,1667,6,0.944280743598938,6,6,True
vit_b_16,vit_b_16_linear_head,d32_left,1703,1703,7,0.9768683910369873,7,7,True
vit_b_16,vit_b_16_linear_head,d32_left,1711,1711,7,0.9831380844116211,7,7,True
vit_b_16,vit_b_16_linear_head,d32_left,1771,1771,7,0.975960373878479,7,7,True
vit_b_16,vit_b_16_linear_head,d32_left,1783,1783,8,0.9683599472045898,8,8,True
vit_b_16,vit_b_16_linear_head,d32_left,1814,1814,2,0.974102258682251,2,2,True
vit_b_16,vit_b_16_linear_head,d32_left,1833,1833,8,0.9523054361343384,8,8,True
vit_b_16,vit_b_16_linear_head,d32_left,1836,1836,9,0.9773896932601929,9,9,True
vit_b_16,vit_b_16_linear_head,d32_left,1839,1839,2,0.8935088515281677,2,2,True
vit_b_16,vit_b_16_linear_head,d32_left,1852,1852,1,0.9983378648757935,1,1,True
vit_b_16,vit_b_16_linear_head,d32_left,1871,1871,1,0.970398485660553,1,1,True
vit_b_16,vit_b_16_linear_head,d32_left,1877,1877,5,0.9535073041915894,5,5,True
vit_b_16,vit_b_16_linear_head,d32_left,1884,1884,7,0.9858473539352417,7,7,True
vit_b_16,vit_b_16_linear_head,d32_left,1927,1927,7,0.9724781513214111,7,7,True
vit_b_16,vit_b_16_linear_head,d32_left,1954,1954,8,0.9431538581848145,8,8,True
vit_b_16,vit_b_16_linear_head,d32_left,1956,1956,7,0.8382453322410583,7,7,True
vit_b_16,vit_b_16_linear_head,d32_left,1960,1960,4,0.8076122999191284,5,5,True
vit_b_16,vit_b_16_linear_head,d32_left,1977,1977,0,0.9519211053848267,0,0,True
vit_b_16,vit_b_16_linear_head,d32_left,1986,1986,1,0.9932394027709961,1,1,True
vit_b_16,vit_b_16_linear_head,d32_left,1993,1993,1,0.9585060477256775,1,1,True
vit_b_16,vit_b_16_linear_head,d32_left,2003,2003,6,0.9717682003974915,6,6,True
vit_b_16,vit_b_16_linear_head,d32_left,2011,2011,9,0.9721008539199829,9,9,True
vit_b_16,vit_b_16_linear_head,d32_left,2024,2024,0,0.9707871675491333,0,0,True
vit_b_16,vit_b_16_linear_head,d32_left,2028,2028,3,0.901212215423584,3,3,True
vit_b_16,vit_b_16_linear_head,d32_left,2062,2062,9,0.9640704989433289,9,9,True
vit_b_16,vit_b_16_linear_head,d32_left,2070,2070,1,0.848136842250824,1,1,True
vit_b_16,vit_b_16_linear_head,d32_left,2082,2082,2,0.9355520606040955,2,2,True
vit_b_16,vit_b_16_linear_head,d32_left,2095,2095,1,0.9619252681732178,1,1,True
vit_b_16,vit_b_16_linear_head,d32_left,2109,2109,8,0.9451361894607544,8,8,True
vit_b_16,vit_b_16_linear_head,d32_left,2114,2114,9,0.9718745350837708,9,9,True
vit_b_16,vit_b_16_linear_head,d32_left,2116,2116,1,0.9552785158157349,3,3,True
vit_b_16,vit_b_16_linear_head,d32_left,2157,2157,1,0.912555456161499,1,1,True
vit_b_16,vit_b_16_linear_head,d32_left,2167,2167,9,0.9581374526023865,9,9,True
vit_b_16,vit_b_16_linear_head,d32_left,2178,2178,1,0.9034937024116516,1,1,True
vit_b_16,vit_b_16_linear_head,d32_left,2191,2191,8,0.95948326587677,8,8,True
vit_b_16,vit_b_16_linear_head,d32_left,2230,2230,8,0.9364827871322632,8,8,True
vit_b_16,vit_b_16_linear_head,d32_left,2242,2242,0,0.9368875026702881,0,0,True
vit_b_16,vit_b_16_linear_head,d32_left,2265,2265,5,0.9796403050422668,5,5,True
vit_b_16,vit_b_16_linear_head,d32_left,2268,2268,5,0.9598432183265686,5,5,True
vit_b_16,vit_b_16_linear_head,d32_left,2291,2291,3,0.9560849666595459,3,3,True
vit_b_16,vit_b_16_linear_head,d32_left,2334,2334,5,0.9959030747413635,5,5,True
vit_b_16,vit_b_16_linear_head,d32_left,2340,2340,8,0.9429675936698914,8,8,True
vit_b_16,vit_b_16_linear_head,d32_left,2342,2342,8,0.9701533317565918,8,8,True
vit_b_16,vit_b_16_linear_head,d32_left,2351,2351,9,0.9562901854515076,9,9,True
vit_b_16,vit_b_16_linear_head,d32_left,2391,2391,5,0.8697965145111084,5,5,True
vit_b_16,vit_b_16_linear_head,d32_left,2392,2392,2,0.9492604732513428,2,2,True
vit_b_16,vit_b_16_linear_head,d32_left,2399,2399,4,0.8376285433769226,4,4,True
vit_b_16,vit_b_16_linear_head,d32_left,2414,2414,9,0.9713689684867859,9,9,True
vit_b_16,vit_b_16_linear_head,d32_left,2427,2427,5,0.9675224423408508,5,5,True
vit_b_16,vit_b_16_linear_head,d32_left,2458,2458,5,0.9696776866912842,5,5,True
vit_b_16,vit_b_16_linear_head,d32_left,2501,2501,7,0.9904906749725342,7,7,True
vit_b_16,vit_b_16_linear_head,d32_left,2502,2502,2,0.9823954105377197,2,2,True
vit_b_16,vit_b_16_linear_head,d32_left,2536,2536,3,0.9720721244812012,3,3,True
vit_b_16,vit_b_16_linear_head,d32_left,2539,2539,3,0.9355606436729431,3,3,True
vit_b_16,vit_b_16_linear_head,d32_left,2610,2610,6,0.909290075302124,6,6,True
vit_b_16,vit_b_16_linear_head,d32_left,2623,2623,5,0.8899785280227661,5,5,True
vit_b_16,vit_b_16_linear_head,d32_left,2655,2655,9,0.9367952942848206,9,9,True
vit_b_16,vit_b_16_linear_head,d32_left,2668,2668,7,0.995343029499054,7,7,True
vit_b_16,vit_b_16_linear_head,d32_left,2676,2676,6,0.9356536865234375,6,6,True
vit_b_16,vit_b_16_linear_head,d32_left,2687,2687,1,0.933873176574707,1,1,True
vit_b_16,vit_b_16_linear_head,d32_left,2690,2690,1,0.795647144317627,1,1,True
vit_b_16,vit_b_16_linear_head,d32_left,2704,2704,4,0.9941328167915344,4,4,True
vit_b_16,vit_b_16_linear_head,d32_left,2745,2745,8,0.9649081230163574,8,8,True
vit_b_16,vit_b_16_linear_head,d32_left,2746,2746,7,0.9910872578620911,7,7,True
vit_b_16,vit_b_16_linear_head,d32_left,2750,2750,0,0.9617258310317993,0,0,True
vit_b_16,vit_b_16_linear_head,d32_left,2754,2754,3,0.9971538186073303,3,3,True
vit_b_16,vit_b_16_linear_head,d32_left,2757,2757,4,0.9277138710021973,4,4,True
vit_b_16,vit_b_16_linear_head,d32_left,2766,2766,5,0.9769197702407837,5,5,True
vit_b_16,vit_b_16_linear_head,d32_left,2807,2807,5,0.8865034580230713,5,5,True
vit_b_16,vit_b_16_linear_head,d32_left,2844,2844,8,0.9139805436134338,8,8,True
vit_b_16,vit_b_16_linear_head,d32_left,2854,2854,7,0.9978122711181641,7,7,True
vit_b_16,vit_b_16_linear_head,d32_left,2861,2861,3,0.9470171928405762,3,3,True
vit_b_16,vit_b_16_linear_head,d32_left,2888,2888,0,0.9364475011825562,0,0,True
vit_b_16,vit_b_16_linear_head,d32_left,2898,2898,4,0.9189044833183289,4,4,True
vit_b_16,vit_b_16_linear_head,d32_left,2950,2950,5,0.9315998554229736,5,5,True
vit_b_16,vit_b_16_linear_head,d32_left,2958,2958,6,0.9870960116386414,6,6,True
vit_b_16,vit_b_16_linear_head,d32_left,3015,3015,8,0.966697633266449,8,8,True
vit_b_16,vit_b_16_linear_head,d32_left,3024,3024,2,0.9799585342407227,2,2,True
vit_b_16,vit_b_16_linear_head,d32_left,3025,3025,0,0.9568910002708435,0,0,True
vit_b_16,vit_b_16_linear_head,d32_left,3034,3034,4,0.9828006625175476,4,4,True
vit_b_16,vit_b_16_linear_head,d32_left,3067,3067,2,0.9695497751235962,2,2,True
vit_b_16,vit_b_16_linear_head,d32_left,3078,3078,4,0.9446937441825867,4,4,True
vit_b_16,vit_b_16_linear_head,d32_left,3079,3079,1,0.9721211791038513,1,1,True
vit_b_16,vit_b_16_linear_head,d32_left,3083,3083,0,0.9877007007598877,0,0,True
vit_b_16,vit_b_16_linear_head,d32_left,3122,3122,4,0.9540644884109497,4,4,True
vit_b_16,vit_b_16_linear_head,d32_left,3153,3153,7,0.9963207840919495,7,7,True
vit_b_16,vit_b_16_linear_head,d32_left,3157,3157,8,0.9484840631484985,8,8,True
vit_b_16,vit_b_16_linear_head,d32_left,3163,3163,2,0.9529712796211243,2,2,True
vit_b_16,vit_b_16_linear_head,d32_left,3179,3179,4,0.9286743998527527,4,4,True
vit_b_16,vit_b_16_linear_head,d32_left,3191,3191,6,0.9647587537765503,6,6,True
vit_b_16,vit_b_16_linear_head,d32_left,3276,3276,3,0.9568566679954529,3,3,True
vit_b_16,vit_b_16_linear_head,d32_left,3287,3287,4,0.9841024279594421,4,4,True
vit_b_16,vit_b_16_linear_head,d32_left,3288,3288,7,0.9955909252166748,7,7,True
vit_b_16,vit_b_16_linear_head,d32_left,3292,3292,6,0.9647279977798462,6,6,True
vit_b_16,vit_b_16_linear_head,d32_left,3318,3318,9,0.9135298728942871,9,9,True
vit_b_16,vit_b_16_linear_head,d32_left,3347,3347,0,0.960208535194397,0,0,True
vit_b_16,vit_b_16_linear_head,d32_left,3353,3353,5,0.9503744840621948,5,5,True
vit_b_16,vit_b_16_linear_head,d32_left,3362,3362,2,0.9841052293777466,2,2,True
vit_b_16,vit_b_16_linear_head,d32_left,3365,3365,4,0.945500373840332,4,4,True
vit_b_16,vit_b_16_linear_head,d32_left,3375,3375,3,0.993110179901123,3,3,True
vit_b_16,vit_b_16_linear_head,d32_left,3383,3383,3,0.9729790687561035,3,3,True
vit_b_16,vit_b_16_linear_head,d32_left,3404,3404,7,0.9913979172706604,7,7,True
vit_b_16,vit_b_16_linear_head,d32_left,3412,3412,8,0.949067234992981,8,8,True
vit_b_16,vit_b_16_linear_head,d32_left,3413,3413,1,0.9947946071624756,1,1,True
vit_b_16,vit_b_16_linear_head,d32_left,3418,3418,6,0.9623874425888062,6,6,True
vit_b_16,vit_b_16_linear_head,d32_left,3437,3437,0,0.9348732233047485,0,0,True
vit_b_16,vit_b_16_linear_head,d32_left,3446,3446,7,0.9663617014884949,7,7,True
vit_b_16,vit_b_16_linear_head,d32_left,3454,3454,2,0.9309084415435791,2,2,True
vit_b_16,vit_b_16_linear_head,d32_left,3455,3455,0,0.9780107736587524,0,0,True
vit_b_16,vit_b_16_linear_head,d32_left,3458,3458,4,0.9653853178024292,4,4,True
vit_b_16,vit_b_16_linear_head,d32_left,3467,3467,7,0.948381781578064,7,7,True
vit_b_16,vit_b_16_linear_head,d32_left,3491,3491,1,0.9093971252441406,1,1,True
vit_b_16,vit_b_16_linear_head,d32_left,3494,3494,6,0.9872424602508545,6,6,True
vit_b_16,vit_b_16_linear_head,d32_left,3512,3512,4,0.9624881744384766,4,4,True
vit_b_16,vit_b_16_linear_head,d32_left,3515,3515,6,0.9249341487884521,4,4,True
vit_b_16,vit_b_16_linear_head,d32_left,3542,3542,7,0.9834447503089905,7,7,True
vit_b_16,vit_b_16_linear_head,d32_left,3550,3550,1,0.9422578811645508,1,1,True
vit_b_16,vit_b_16_linear_head,d32_left,3562,3562,3,0.9801533222198486,3,3,True
vit_b_16,vit_b_16_linear_head,d32_left,3755,3755,2,0.9436209797859192,2,2,True
vit_b_16,vit_b_16_linear_head,d32_left,3763,3763,4,0.9773612022399902,4,4,True
vit_b_16,vit_b_16_linear_head,d32_left,3777,3777,6,0.9587998390197754,6,6,True
vit_b_16,vit_b_16_linear_head,d32_left,3778,3778,3,0.9574012756347656,3,3,True
vit_b_16,vit_b_16_linear_head,d32_left,3779,3779,6,0.9019294381141663,6,6,True
vit_b_16,vit_b_16_linear_head,d32_left,3844,3844,6,0.9670073986053467,6,6,True
vit_b_16,vit_b_16_linear_head,d32_left,3851,3851,3,0.9545855522155762,3,3,True
vit_b_16,vit_b_16_linear_head,d32_left,3852,3852,5,0.971224844455719,5,5,True
vit_b_16,vit_b_16_linear_head,d32_left,3863,3863,5,0.9910193681716919,5,5,True
vit_b_16,vit_b_16_linear_head,d32_left,3867,3867,7,0.9888539910316467,7,7,True
vit_b_16,vit_b_16_linear_head,d32_left,3876,3876,0,0.8576682806015015,0,0,True
vit_b_16,vit_b_16_linear_head,d32_left,3889,3889,5,0.9374085068702698,5,5,True
vit_b_16,vit_b_16_linear_head,d32_left,3891,3891,4,0.990975558757782,4,4,True
vit_b_16,vit_b_16_linear_head,d32_left,3893,3893,9,0.9723557829856873,9,9,True
vit_b_16,vit_b_16_linear_head,d32_left,3905,3905,8,0.970108151435852,8,8,True
vit_b_16,vit_b_16_linear_head,d32_left,3914,3914,3,0.9917548298835754,3,3,True
vit_b_16,vit_b_16_linear_head,d32_left,3937,3937,1,0.976800799369812,1,1,True
vit_b_16,vit_b_16_linear_head,d32_left,3942,3942,9,0.9719403386116028,9,9,True
vit_b_16,vit_b_16_linear_head,d32_left,3948,3948,8,0.9484636783599854,8,8,True
vit_b_16,vit_b_16_linear_head,d32_left,3962,3962,6,0.9885209798812866,6,6,True
vit_b_16,vit_b_16_linear_head,d32_left,3965,3965,0,0.9857555627822876,0,0,True
vit_b_16,vit_b_16_linear_head,d32_left,3994,3994,4,0.9625263214111328,4,4,True
vit_b_16,vit_b_16_linear_head,d32_left,3996,3996,9,0.8981373906135559,9,9,True
vit_b_16,vit_b_16_linear_head,d32_left,4011,4011,6,0.9057228565216064,6,6,True
vit_b_16,vit_b_16_linear_head,d32_left,4023,4023,3,0.9818809032440186,3,3,True
vit_b_16,vit_b_16_linear_head,d32_left,4054,4054,4,0.9523754715919495,4,4,True
vit_b_16,vit_b_16_linear_head,d32_left,4065,4065,2,0.8544764518737793,2,2,True
vit_b_16,vit_b_16_linear_head,d32_left,4069,4069,8,0.9253947734832764,8,6,False
vit_b_16,vit_b_16_linear_head,d32_left,4093,4093,6,0.89811772108078,6,6,True
vit_b_16,vit_b_16_linear_head,d32_left,4094,4094,9,0.9561525583267212,9,9,True
vit_b_16,vit_b_16_linear_head,d32_left,4106,4106,5,0.9039146900177002,5,5,True
vit_b_16,vit_b_16_linear_head,d32_left,4130,4130,0,0.9508838653564453,0,0,True
vit_b_16,vit_b_16_linear_head,d32_left,4168,4168,3,0.9699643850326538,3,3,True
vit_b_16,vit_b_16_linear_head,d32_left,4170,4170,8,0.924218475818634,8,8,True
vit_b_16,vit_b_16_linear_head,d32_left,4172,4172,7,0.9960163831710815,7,7,True
vit_b_16,vit_b_16_linear_head,d32_left,4177,4177,8,0.7955659627914429,8,8,True
vit_b_16,vit_b_16_linear_head,d32_left,4215,4215,3,0.9126689434051514,3,3,True
vit_b_16,vit_b_16_linear_head,d32_left,4229,4229,3,0.9669827222824097,3,3,True
vit_b_16,vit_b_16_linear_head,d32_left,4236,4236,7,0.9903864860534668,7,7,True
vit_b_16,vit_b_16_linear_head,d32_left,4242,4242,8,0.9872084259986877,8,8,True
vit_b_16,vit_b_16_linear_head,d32_left,4254,4254,6,0.8867117762565613,6,6,True
vit_b_16,vit_b_16_linear_head,d32_left,4290,4290,5,0.9576396942138672,1,1,True
vit_b_16,vit_b_16_linear_head,d32_left,4298,4298,1,0.9836583733558655,1,1,True
vit_b_16,vit_b_16_linear_head,d32_left,4308,4308,7,0.9168617129325867,7,7,True
vit_b_16,vit_b_16_linear_head,d32_left,4311,4311,8,0.9647225737571716,8,8,True
vit_b_16,vit_b_16_linear_head,d32_left,4323,4323,3,0.8655108213424683,3,3,True
vit_b_16,vit_b_16_linear_head,d32_left,4330,4330,3,0.9301067590713501,3,3,True
vit_b_16,vit_b_16_linear_head,d32_left,4341,4341,6,0.9856839179992676,6,6,True
vit_b_16,vit_b_16_linear_head,d32_left,4355,4355,8,0.908928632736206,0,0,True
vit_b_16,vit_b_16_linear_head,d32_left,4399,4399,0,0.9238466620445251,0,0,True
vit_b_16,vit_b_16_linear_head,d32_left,4403,4403,7,0.984096109867096,7,7,True
vit_b_16,vit_b_16_linear_head,d32_left,4411,4411,6,0.9795762896537781,6,6,True
vit_b_16,vit_b_16_linear_head,d32_left,4449,4449,9,0.9541158676147461,9,9,True
vit_b_16,vit_b_16_linear_head,d32_left,4463,4463,3,0.8709797263145447,3,3,True
vit_b_16,vit_b_16_linear_head,d32_left,4531,4531,3,0.9531227350234985,3,3,True
vit_b_16,vit_b_16_linear_head,d32_left,4539,4539,0,0.9375852942466736,0,0,True
vit_b_16,vit_b_16_linear_head,d32_left,4547,4547,5,0.9552499055862427,5,5,True
vit_b_16,vit_b_16_linear_head,d32_left,4552,4552,8,0.9457160830497742,8,8,True
vit_b_16,vit_b_16_linear_head,d32_left,4570,4570,5,0.9718962907791138,5,5,True
vit_b_16,vit_b_16_linear_head,d32_left,4590,4590,3,0.9458019137382507,3,3,True
vit_b_16,vit_b_16_linear_head,d32_left,4609,4609,3,0.8894026279449463,3,3,True
vit_b_16,vit_b_16_linear_head,d32_left,4615,4615,0,0.9755968451499939,0,0,True
vit_b_16,vit_b_16_linear_head,d32_left,4617,4617,0,0.9706081748008728,0,0,True
vit_b_16,vit_b_16_linear_head,d32_left,4620,4620,6,0.983971893787384,6,6,True
vit_b_16,vit_b_16_linear_head,d32_left,4629,4629,4,0.9584023356437683,4,4,True
vit_b_16,vit_b_16_linear_head,d32_left,4640,4640,1,0.9894647598266602,1,1,True
vit_b_16,vit_b_16_linear_head,d32_left,4642,4642,4,0.9371687769889832,4,4,True
vit_b_16,vit_b_16_linear_head,d32_left,4661,4661,7,0.9825763702392578,7,7,True
vit_b_16,vit_b_16_linear_head,d32_left,4662,4662,8,0.9522140622138977,8,8,True
vit_b_16,vit_b_16_linear_head,d32_left,4675,4675,0,0.9885351657867432,0,0,True
vit_b_16,vit_b_16_linear_head,d32_left,4676,4676,8,0.929252028465271,8,8,True
vit_b_16,vit_b_16_linear_head,d32_left,4704,4704,7,0.9225375652313232,7,7,True
vit_b_16,vit_b_16_linear_head,d32_left,4723,4723,9,0.9542859196662903,9,9,True
vit_b_16,vit_b_16_linear_head,d32_left,4731,4731,6,0.9516180753707886,6,6,True
vit_b_16,vit_b_16_linear_head,d32_left,4735,4735,2,0.9685824513435364,2,2,True
vit_b_16,vit_b_16_linear_head,d32_left,4740,4740,4,0.9343361258506775,4,4,True
vit_b_16,vit_b_16_linear_head,d32_left,4746,4746,6,0.9921395182609558,6,6,True
vit_b_16,vit_b_16_linear_head,d32_left,4748,4748,7,0.9824286103248596,7,7,True
vit_b_16,vit_b_16_linear_head,d32_left,4754,4754,6,0.9022526741027832,6,6,True
vit_b_16,vit_b_16_linear_head,d32_left,4785,4785,0,0.9865854978561401,0,0,True
vit_b_16,vit_b_16_linear_head,d32_left,4791,4791,7,0.903432309627533,7,7,True
vit_b_16,vit_b_16_linear_head,d32_left,4819,4819,0,0.9686417579650879,0,0,True
vit_b_16,vit_b_16_linear_head,d32_left,4821,4821,3,0.987978458404541,3,3,True
vit_b_16,vit_b_16_linear_head,d32_left,4827,4827,6,0.9704667329788208,6,6,True
vit_b_16,vit_b_16_linear_head,d32_left,4850,4850,5,0.9548593163490295,5,5,True
vit_b_16,vit_b_16_linear_head,d32_left,4881,4881,3,0.973466157913208,3,3,True
vit_b_16,vit_b_16_linear_head,d32_left,4893,4893,0,0.9914042949676514,0,0,True
vit_b_16,vit_b_16_linear_head,d32_left,4908,4908,3,0.9489148855209351,3,3,True
vit_b_16,vit_b_16_linear_head,d32_left,4913,4913,2,0.9534823894500732,2,2,True
vit_b_16,vit_b_16_linear_head,d32_left,4921,4921,2,0.9234524369239807,2,2,True
vit_b_16,vit_b_16_linear_head,d32_left,4953,4953,5,0.941676676273346,5,5,True
vit_b_16,vit_b_16_linear_head,d32_left,4966,4966,5,0.9637170433998108,5,5,True
vit_b_16,vit_b_16_linear_head,d32_left,4990,4990,8,0.9484900236129761,8,8,True
vit_b_16,vit_b_16_linear_head,d32_left,5000,5000,8,0.9702194333076477,8,8,True
vit_b_16,vit_b_16_linear_head,d32_left,5030,5030,2,0.9705120921134949,2,2,True
vit_b_16,vit_b_16_linear_head,d32_left,5062,5062,4,0.9399396181106567,4,4,True
vit_b_16,vit_b_16_linear_head,d32_left,5077,5077,4,0.9760995507240295,4,4,True
vit_b_16,vit_b_16_linear_head,d32_left,5082,5082,6,0.9880318641662598,6,6,True
vit_b_16,vit_b_16_linear_head,d32_left,5092,5092,1,0.9698428511619568,1,1,True
vit_b_16,vit_b_16_linear_head,d32_left,5101,5101,5,0.9657922387123108,2,2,True
vit_b_16,vit_b_16_linear_head,d32_left,5117,5117,0,0.9707419872283936,0,0,True
vit_b_16,vit_b_16_linear_head,d32_left,5123,5123,1,0.9905766844749451,1,1,True
vit_b_16,vit_b_16_linear_head,d32_left,5135,5135,4,0.8906893730163574,4,4,True
vit_b_16,vit_b_16_linear_head,d32_left,5183,5183,2,0.9693765044212341,2,2,True
vit_b_16,vit_b_16_linear_head,d32_left,5213,5213,4,0.9018495082855225,4,4,True
vit_b_16,vit_b_16_linear_head,d32_left,5218,5218,2,0.9753823280334473,2,2,True
vit_b_16,vit_b_16_linear_head,d32_left,5220,5220,1,0.822367787361145,1,3,False
vit_b_16,vit_b_16_linear_head,d32_left,5237,5237,2,0.9255414605140686,2,2,True
vit_b_16,vit_b_16_linear_head,d32_left,5256,5256,1,0.8328516483306885,1,1,True
vit_b_16,vit_b_16_linear_head,d32_left,5284,5284,9,0.9525576233863831,9,9,True
vit_b_16,vit_b_16_linear_head,d32_left,5301,5301,9,0.9022922515869141,9,9,True
vit_b_16,vit_b_16_linear_head,d32_left,5318,5318,2,0.9426804780960083,2,2,True
vit_b_16,vit_b_16_linear_head,d32_left,5332,5332,5,0.8983232975006104,5,5,True
vit_b_16,vit_b_16_linear_head,d32_left,5333,5333,2,0.9315803050994873,2,2,True
vit_b_16,vit_b_16_linear_head,d32_left,5360,5360,9,0.9654097557067871,9,9,True
vit_b_16,vit_b_16_linear_head,d32_left,5381,5381,5,0.9515060782432556,5,5,True
vit_b_16,vit_b_16_linear_head,d32_left,5382,5382,6,0.9548963904380798,6,6,True
vit_b_16,vit_b_16_linear_head,d32_left,5395,5395,2,0.9461555480957031,2,2,True
vit_b_16,vit_b_16_linear_head,d32_left,5402,5402,4,0.9712643623352051,4,4,True
vit_b_16,vit_b_16_linear_head,d32_left,5408,5408,6,0.919641375541687,6,6,True
vit_b_16,vit_b_16_linear_head,d32_left,5436,5436,7,0.9978305697441101,7,7,True
vit_b_16,vit_b_16_linear_head,d32_left,5447,5447,9,0.9442096948623657,9,9,True
vit_b_16,vit_b_16_linear_head,d32_left,5450,5450,7,0.9900823831558228,7,7,True
vit_b_16,vit_b_16_linear_head,d32_left,5451,5451,8,0.9583540558815002,8,8,True
vit_b_16,vit_b_16_linear_head,d32_left,5452,5452,9,0.9412201642990112,9,9,True
vit_b_16,vit_b_16_linear_head,d32_left,5467,5467,4,0.9823633432388306,4,4,True
vit_b_16,vit_b_16_linear_head,d32_left,5478,5478,0,0.9598811268806458,0,0,True
vit_b_16,vit_b_16_linear_head,d32_left,5488,5488,1,0.9803028106689453,1,1,True
vit_b_16,vit_b_16_linear_head,d32_left,5496,5496,5,0.9561672210693359,5,5,True
vit_b_16,vit_b_16_linear_head,d32_left,5508,5508,9,0.9770900011062622,9,9,True
vit_b_16,vit_b_16_linear_head,d32_left,5512,5512,2,0.7393324375152588,9,6,False
vit_b_16,vit_b_16_linear_head,d32_left,5525,5525,8,0.9496904015541077,8,8,True
vit_b_16,vit_b_16_linear_head,d32_left,5528,5528,3,0.8952076435089111,3,3,True
vit_b_16,vit_b_16_linear_head,d32_left,5556,5556,4,0.9357043504714966,4,4,True
vit_b_16,vit_b_16_linear_head,d32_left,5560,5560,1,0.980556070804596,1,1,True
vit_b_16,vit_b_16_linear_head,d32_left,5572,5572,9,0.9720414876937866,9,9,True
vit_b_16,vit_b_16_linear_head,d32_left,5580,5580,6,0.9304419159889221,5,5,True
vit_b_16,vit_b_16_linear_head,d32_left,5590,5590,9,0.9202247858047485,9,9,True
vit_b_16,vit_b_16_linear_head,d32_left,5623,5623,4,0.956869900226593,4,4,True
vit_b_16,vit_b_16_linear_head,d32_left,5677,5677,2,0.9372959733009338,2,2,True
vit_b_16,vit_b_16_linear_head,d32_left,5694,5694,8,0.9776911735534668,8,8,True
vit_b_16,vit_b_16_linear_head,d32_left,5701,5701,5,0.9460411667823792,5,5,True
vit_b_16,vit_b_16_linear_head,d32_left,5705,5705,8,0.8973682522773743,8,8,True
vit_b_16,vit_b_16_linear_head,d32_left,5719,5719,7,0.9957990646362305,7,7,True
vit_b_16,vit_b_16_linear_head,d32_left,5729,5729,6,0.9202811121940613,6,6,True
vit_b_16,vit_b_16_linear_head,d32_left,5756,5756,2,0.9409735202789307,2,2,True
vit_b_16,vit_b_16_linear_head,d32_left,5788,5788,9,0.9766955375671387,9,9,True
vit_b_16,vit_b_16_linear_head,d32_left,5789,5789,4,0.945101261138916,4,4,True
vit_b_16,vit_b_16_linear_head,d32_left,5824,5824,2,0.8432002663612366,2,2,True
vit_b_16,vit_b_16_linear_head,d32_left,5848,5848,7,0.9904357194900513,7,7,True
vit_b_16,vit_b_16_linear_head,d32_left,5851,5851,9,0.9774530529975891,9,9,True
vit_b_16,vit_b_16_linear_head,d32_left,5857,5857,6,0.9170403480529785,4,4,True
vit_b_16,vit_b_16_linear_head,d32_left,5858,5858,6,0.9087969660758972,6,6,True
vit_b_16,vit_b_16_linear_head,d32_left,5912,5912,0,0.9301736354827881,0,0,True
vit_b_16,vit_b_16_linear_head,d32_left,5915,5915,9,0.9450130462646484,9,9,True
vit_b_16,vit_b_16_linear_head,d32_left,5918,5918,0,0.9647451639175415,0,0,True
vit_b_16,vit_b_16_linear_head,d32_left,5924,5924,5,0.977592945098877,5,5,True
vit_b_16,vit_b_16_linear_head,d32_left,5977,5977,7,0.9853888750076294,7,7,True
vit_b_16,vit_b_16_linear_head,d32_left,5981,5981,9,0.9280434846878052,9,9,True
vit_b_16,vit_b_16_linear_head,d32_left,5999,5999,0,0.8754080533981323,0,0,True
vit_b_16,vit_b_16_linear_head,d32_left,6028,6028,2,0.9265322685241699,2,2,True
vit_b_16,vit_b_16_linear_head,d32_left,6033,6033,4,0.8363132476806641,4,4,True
vit_b_16,vit_b_16_linear_head,d32_left,6076,6076,1,0.9585251808166504,1,1,True
vit_b_16,vit_b_16_linear_head,d32_left,6084,6084,7,0.9867483377456665,7,7,True
vit_b_16,vit_b_16_linear_head,d32_left,6097,6097,4,0.9528011083602905,4,4,True
vit_b_16,vit_b_16_linear_head,d32_left,6169,6169,1,0.96184241771698,1,5,False
vit_b_16,vit_b_16_linear_head,d32_left,6190,6190,7,0.9910682439804077,7,7,True
vit_b_16,vit_b_16_linear_head,d32_left,6224,6224,5,0.9794214367866516,5,5,True
vit_b_16,vit_b_16_linear_head,d32_left,6244,6244,2,0.8463141322135925,2,2,True
vit_b_16,vit_b_16_linear_head,d32_left,6264,6264,2,0.9170464873313904,2,2,True
vit_b_16,vit_b_16_linear_head,d32_left,6271,6271,2,0.9717631340026855,2,2,True
vit_b_16,vit_b_16_linear_head,d32_left,6288,6288,4,0.9579931497573853,4,4,True
vit_b_16,vit_b_16_linear_head,d32_left,6332,6332,2,0.9275990724563599,2,2,True
vit_b_16,vit_b_16_linear_head,d32_left,6349,6349,1,0.9274327754974365,1,1,True
vit_b_16,vit_b_16_linear_head,d32_left,6354,6354,2,0.8985138535499573,2,2,True
vit_b_16,vit_b_16_linear_head,d32_left,6358,6358,5,0.9634477496147156,5,5,True
vit_b_16,vit_b_16_linear_head,d32_left,6381,6381,6,0.942222535610199,6,6,True
vit_b_16,vit_b_16_linear_head,d32_left,6414,6414,5,0.9514784216880798,5,5,True
vit_b_16,vit_b_16_linear_head,d32_left,6426,6426,2,0.9564330577850342,2,2,True
vit_b_16,vit_b_16_linear_head,d32_left,6434,6434,8,0.9519785046577454,8,8,True
vit_b_16,vit_b_16_linear_head,d32_left,6437,6437,0,0.9641680717468262,0,0,True
vit_b_16,vit_b_16_linear_head,d32_left,6455,6455,0,0.9484310746192932,0,0,True
vit_b_16,vit_b_16_linear_head,d32_left,6490,6490,3,0.9394630193710327,3,3,True
vit_b_16,vit_b_16_linear_head,d32_left,6503,6503,2,0.9041568636894226,2,2,True
vit_b_16,vit_b_16_linear_head,d32_left,6508,6508,4,0.9872180223464966,4,4,True
vit_b_16,vit_b_16_linear_head,d32_left,6528,6528,4,0.969489336013794,4,4,True
vit_b_16,vit_b_16_linear_head,d32_left,6594,6594,1,0.9881690740585327,1,1,True
vit_b_16,vit_b_16_linear_head,d32_left,6609,6609,0,0.9682239294052124,0,0,True
vit_b_16,vit_b_16_linear_head,d32_left,6616,6616,2,0.9114754796028137,2,2,True
vit_b_16,vit_b_16_linear_head,d32_left,6650,6650,7,0.9444699883460999,7,7,True
vit_b_16,vit_b_16_linear_head,d32_left,6689,6689,8,0.9867947697639465,8,8,True
vit_b_16,vit_b_16_linear_head,d32_left,6692,6692,2,0.9428966045379639,2,2,True
vit_b_16,vit_b_16_linear_head,d32_left,6713,6713,6,0.9691977500915527,6,6,True
vit_b_16,vit_b_16_linear_head,d32_left,6716,6716,5,0.9622524380683899,6,6,True
vit_b_16,vit_b_16_linear_head,d32_left,6726,6726,7,0.9909008145332336,7,7,True
vit_b_16,vit_b_16_linear_head,d32_left,6733,6733,1,0.9858370423316956,1,1,True
vit_b_16,vit_b_16_linear_head,d32_left,6772,6772,7,0.939542293548584,7,7,True
vit_b_16,vit_b_16_linear_head,d32_left,6805,6805,1,0.9986085891723633,1,1,True
vit_b_16,vit_b_16_linear_head,d32_left,6836,6836,1,0.9462536573410034,1,1,True
vit_b_16,vit_b_16_linear_head,d32_left,6844,6844,0,0.9760361313819885,0,0,True
vit_b_16,vit_b_16_linear_head,d32_left,6922,6922,5,0.9753037095069885,5,5,True
vit_b_16,vit_b_16_linear_head,d32_left,6931,6931,9,0.9487669467926025,9,9,True
vit_b_16,vit_b_16_linear_head,d32_left,6938,6938,1,0.9659470319747925,1,1,True
vit_b_16,vit_b_16_linear_head,d32_left,6952,6952,3,0.8241296410560608,3,3,True
vit_b_16,vit_b_16_linear_head,d32_left,6954,6954,1,0.9261782169342041,1,1,True
vit_b_16,vit_b_16_linear_head,d32_left,6986,6986,0,0.9606480598449707,0,0,True
vit_b_16,vit_b_16_linear_head,d32_left,6989,6989,5,0.9889519214630127,5,5,True
vit_b_16,vit_b_16_linear_head,d32_left,7009,7009,0,0.9676519632339478,0,0,True
vit_b_16,vit_b_16_linear_head,d32_left,7029,7029,1,0.9929323196411133,1,1,True
vit_b_16,vit_b_16_linear_head,d32_left,7033,7033,1,0.9703629016876221,1,1,True
vit_b_16,vit_b_16_linear_head,d32_left,7041,7041,5,0.9444501996040344,5,5,True
vit_b_16,vit_b_16_linear_head,d32_left,7047,7047,9,0.9784194231033325,9,9,True
vit_b_16,vit_b_16_linear_head,d32_left,7081,7081,7,0.9894638657569885,7,7,True
vit_b_16,vit_b_16_linear_head,d32_left,7084,7084,2,0.9244205355644226,2,2,True
vit_b_16,vit_b_16_linear_head,d32_left,7108,7108,6,0.9404534101486206,6,6,True
vit_b_16,vit_b_16_linear_head,d32_left,7130,7130,5,0.9856496453285217,5,5,True
vit_b_16,vit_b_16_linear_head,d32_left,7138,7138,8,0.9333615899085999,8,8,True
vit_b_16,vit_b_16_linear_head,d32_left,7150,7150,0,0.9530847668647766,0,0,True
vit_b_16,vit_b_16_linear_head,d32_left,7202,7202,1,0.9740577936172485,1,1,True
vit_b_16,vit_b_16_linear_head,d32_left,7262,7262,0,0.9823752641677856,0,0,True
vit_b_16,vit_b_16_linear_head,d32_left,7266,7266,9,0.9185773134231567,9,9,True
vit_b_16,vit_b_16_linear_head,d32_left,7270,7270,7,0.9311001896858215,7,7,True
vit_b_16,vit_b_16_linear_head,d32_left,7309,7309,0,0.9594985246658325,0,0,True
vit_b_16,vit_b_16_linear_head,d32_left,7320,7320,0,0.9403504133224487,0,0,True
vit_b_16,vit_b_16_linear_head,d32_left,7338,7338,6,0.952698290348053,6,6,True
vit_b_16,vit_b_16_linear_head,d32_left,7372,7372,0,0.9533768892288208,0,0,True
vit_b_16,vit_b_16_linear_head,d32_left,7373,7373,0,0.9509224891662598,0,0,True
vit_b_16,vit_b_16_linear_head,d32_left,7380,7380,9,0.9752000570297241,9,9,True
vit_b_16,vit_b_16_linear_head,d32_left,7390,7390,1,0.9745506644248962,1,1,True
vit_b_16,vit_b_16_linear_head,d32_left,7413,7413,5,0.9646872282028198,5,5,True
vit_b_16,vit_b_16_linear_head,d32_left,7416,7416,3,0.860919177532196,3,3,True
vit_b_16,vit_b_16_linear_head,d32_left,7425,7425,2,0.9514278769493103,2,2,True
vit_b_16,vit_b_16_linear_head,d32_left,7446,7446,8,0.9705635905265808,8,8,True
vit_b_16,vit_b_16_linear_head,d32_left,7460,7460,8,0.9420456886291504,8,8,True
vit_b_16,vit_b_16_linear_head,d32_left,7465,7465,0,0.9436802864074707,0,0,True
vit_b_16,vit_b_16_linear_head,d32_left,7474,7474,5,0.9716376066207886,5,5,True
vit_b_16,vit_b_16_linear_head,d32_left,7475,7475,4,0.9674854874610901,4,4,True
vit_b_16,vit_b_16_linear_head,d32_left,7476,7476,8,0.9799864292144775,0,0,True
vit_b_16,vit_b_16_linear_head,d32_left,7544,7544,9,0.9598024487495422,9,9,True
vit_b_16,vit_b_16_linear_head,d32_left,7555,7555,6,0.9532660841941833,6,6,True
vit_b_16,vit_b_16_linear_head,d32_left,7600,7600,6,0.9538239240646362,6,6,True
vit_b_16,vit_b_16_linear_head,d32_left,7610,7610,4,0.9633101224899292,4,4,True
vit_b_16,vit_b_16_linear_head,d32_left,7634,7634,0,0.9409881830215454,0,0,True
vit_b_16,vit_b_16_linear_head,d32_left,7692,7692,4,0.9592140316963196,4,4,True
vit_b_16,vit_b_16_linear_head,d32_left,7706,7706,5,0.8982546329498291,5,5,True
vit_b_16,vit_b_16_linear_head,d32_left,7726,7726,6,0.9577739238739014,6,6,True
vit_b_16,vit_b_16_linear_head,d32_left,7744,7744,3,0.7389720678329468,3,7,False
vit_b_16,vit_b_16_linear_head,d32_left,7752,7752,9,0.9555259943008423,9,9,True
vit_b_16,vit_b_16_linear_head,d32_left,7776,7776,5,0.9723629355430603,5,5,True
vit_b_16,vit_b_16_linear_head,d32_left,7779,7779,6,0.9608299732208252,6,6,True
vit_b_16,vit_b_16_linear_head,d32_left,7781,7781,6,0.9377415776252747,6,6,True
vit_b_16,vit_b_16_linear_head,d32_left,7793,7793,3,0.8359295725822449,7,7,True
vit_b_16,vit_b_16_linear_head,d32_left,7797,7797,3,0.9692967534065247,3,3,True
vit_b_16,vit_b_16_linear_head,d32_left,7810,7810,8,0.8811980485916138,8,8,True
vit_b_16,vit_b_16_linear_head,d32_left,7818,7818,8,0.9795110821723938,8,8,True
vit_b_16,vit_b_16_linear_head,d32_left,7835,7835,7,0.9889142513275146,7,7,True
vit_b_16,vit_b_16_linear_head,d32_left,7864,7864,4,0.9853547811508179,4,4,True
vit_b_16,vit_b_16_linear_head,d32_left,7875,7875,8,0.8493679761886597,8,8,True
vit_b_16,vit_b_16_linear_head,d32_left,7938,7938,9,0.9280000925064087,9,9,True
vit_b_16,vit_b_16_linear_head,d32_left,7940,7940,4,0.9351887106895447,4,4,True
vit_b_16,vit_b_16_linear_head,d32_left,7944,7944,4,0.9682015180587769,4,4,True
vit_b_16,vit_b_16_linear_head,d32_left,7955,7955,1,0.8919723033905029,1,1,True
vit_b_16,vit_b_16_linear_head,d32_left,7995,7995,9,0.9549898505210876,9,9,True
vit_b_16,vit_b_16_linear_head,d32_left,7996,7996,6,0.9515896439552307,6,6,True
vit_b_16,vit_b_16_linear_head,d32_left,7999,7999,8,0.9251002073287964,8,8,True
vit_b_16,vit_b_16_linear_head,d32_right,3,3,0,0.985991895198822,0,0,True
vit_b_16,vit_b_16_linear_head,d32_right,29,29,7,0.9712926745414734,7,7,True
vit_b_16,vit_b_16_linear_head,d32_right,35,35,2,0.9385775327682495,2,2,True
vit_b_16,vit_b_16_linear_head,d32_right,42,42,0,0.9118174314498901,0,0,True
vit_b_16,vit_b_16_linear_head,d32_right,49,49,2,0.950501024723053,2,2,True
vit_b_16,vit_b_16_linear_head,d32_right,81,81,0,0.8941504955291748,0,0,True
vit_b_16,vit_b_16_linear_head,d32_right,95,95,1,0.9873684644699097,1,1,True
vit_b_16,vit_b_16_linear_head,d32_right,97,97,5,0.9357925653457642,5,5,True
vit_b_16,vit_b_16_linear_head,d32_right,116,116,1,0.882626473903656,1,1,True
vit_b_16,vit_b_16_linear_head,d32_right,131,131,9,0.9307681322097778,9,9,True
vit_b_16,vit_b_16_linear_head,d32_right,151,151,8,0.9602430462837219,8,8,True
vit_b_16,vit_b_16_linear_head,d32_right,171,171,4,0.987301230430603,4,4,True
vit_b_16,vit_b_16_linear_head,d32_right,176,176,3,0.9383363723754883,3,3,True
vit_b_16,vit_b_16_linear_head,d32_right,191,191,9,0.9392077326774597,9,9,True
vit_b_16,vit_b_16_linear_head,d32_right,194,194,8,0.9491701126098633,8,8,True
vit_b_16,vit_b_16_linear_head,d32_right,198,198,1,0.9511001110076904,1,1,True
vit_b_16,vit_b_16_linear_head,d32_right,239,239,9,0.9215680360794067,9,9,True
vit_b_16,vit_b_16_linear_head,d32_right,261,261,1,0.9950921535491943,5,5,True
vit_b_16,vit_b_16_linear_head,d32_right,269,269,7,0.9849713444709778,7,7,True
vit_b_16,vit_b_16_linear_head,d32_right,276,276,9,0.9361865520477295,9,9,True
vit_b_16,vit_b_16_linear_head,d32_right,303,303,9,0.9670116901397705,9,9,True
vit_b_16,vit_b_16_linear_head,d32_right,304,304,1,0.9530713558197021,1,7,False
vit_b_16,vit_b_16_linear_head,d32_right,317,317,2,0.9298837184906006,2,2,True
vit_b_16,vit_b_16_linear_head,d32_right,319,319,5,0.9351981282234192,5,5,True
vit_b_16,vit_b_16_linear_head,d32_right,323,323,7,0.9783360362052917,7,7,True
vit_b_16,vit_b_16_linear_head,d32_right,365,365,3,0.9282180666923523,3,3,True
vit_b_16,vit_b_16_linear_head,d32_right,370,370,7,0.9888656139373779,7,7,True
vit_b_16,vit_b_16_linear_head,d32_right,372,372,3,0.8708945512771606,3,3,True
vit_b_16,vit_b_16_linear_head,d32_right,378,378,5,0.9671133756637573,5,5,True
vit_b_16,vit_b_16_linear_head,d32_right,391,391,3,0.9757553935050964,3,3,True
vit_b_16,vit_b_16_linear_head,d32_right,409,409,2,0.950446367263794,2,2,True
vit_b_16,vit_b_16_linear_head,d32_right,419,419,9,0.938306987285614,9,9,True
vit_b_16,vit_b_16_linear_head,d32_right,449,449,6,0.9718433618545532,6,6,True
vit_b_16,vit_b_16_linear_head,d32_right,470,470,2,0.9804678559303284,2,2,True
vit_b_16,vit_b_16_linear_head,d32_right,483,483,2,0.9381294250488281,2,2,True
vit_b_16,vit_b_16_linear_head,d32_right,484,484,0,0.9565173387527466,0,0,True
vit_b_16,vit_b_16_linear_head,d32_right,506,506,4,0.9859156012535095,4,4,True
vit_b_16,vit_b_16_linear_head,d32_right,545,545,6,0.8986128568649292,6,6,True
vit_b_16,vit_b_16_linear_head,d32_right,562,562,0,0.9543098211288452,0,0,True
vit_b_16,vit_b_16_linear_head,d32_right,568,568,5,0.9719088077545166,5,5,True
vit_b_16,vit_b_16_linear_head,d32_right,603,603,9,0.9345793128013611,9,9,True
vit_b_16,vit_b_16_linear_head,d32_right,632,632,3,0.985846757888794,3,3,True
vit_b_16,vit_b_16_linear_head,d32_right,645,645,5,0.9647668600082397,5,5,True
vit_b_16,vit_b_16_linear_head,d32_right,667,667,8,0.9767021536827087,8,8,True
vit_b_16,vit_b_16_linear_head,d32_right,672,672,3,0.9447844624519348,3,3,True
vit_b_16,vit_b_16_linear_head,d32_right,677,677,3,0.9504412412643433,3,3,True
vit_b_16,vit_b_16_linear_head,d32_right,685,685,5,0.9250688552856445,5,5,True
vit_b_16,vit_b_16_linear_head,d32_right,691,691,4,0.9546276926994324,4,4,True
vit_b_16,vit_b_16_linear_head,d32_right,706,706,8,0.9326352477073669,8,8,True
vit_b_16,vit_b_16_linear_head,d32_right,714,714,2,0.9557159543037415,2,2,True
vit_b_16,vit_b_16_linear_head,d32_right,716,716,8,0.9862807989120483,8,8,True
vit_b_16,vit_b_16_linear_head,d32_right,738,738,3,0.8746205568313599,3,3,True
vit_b_16,vit_b_16_linear_head,d32_right,739,739,8,0.9804478883743286,8,8,True
vit_b_16,vit_b_16_linear_head,d32_right,766,766,4,0.9123859405517578,6,6,True
vit_b_16,vit_b_16_linear_head,d32_right,791,791,3,0.9828797578811646,3,3,True
vit_b_16,vit_b_16_linear_head,d32_right,805,805,9,0.978082001209259,9,9,True
vit_b_16,vit_b_16_linear_head,d32_right,825,825,1,0.9986962080001831,1,1,True
vit_b_16,vit_b_16_linear_head,d32_right,852,852,9,0.8879098296165466,9,9,True
vit_b_16,vit_b_16_linear_head,d32_right,855,855,4,0.8347684741020203,4,4,True
vit_b_16,vit_b_16_linear_head,d32_right,873,873,6,0.7762775421142578,6,6,True
vit_b_16,vit_b_16_linear_head,d32_right,890,890,6,0.9241033792495728,6,6,True
vit_b_16,vit_b_16_linear_head,d32_right,920,920,6,0.9586595296859741,6,6,True
vit_b_16,vit_b_16_linear_head,d32_right,929,929,6,0.9177248477935791,6,6,True
vit_b_16,vit_b_16_linear_head,d32_right,962,962,8,0.9854874610900879,8,8,True
vit_b_16,vit_b_16_linear_head,d32_right,964,964,6,0.9444355964660645,6,6,True
vit_b_16,vit_b_16_linear_head,d32_right,977,977,6,0.9706215262413025,6,6,True
vit_b_16,vit_b_16_linear_head,d32_right,979,979,3,0.9739706516265869,3,3,True
vit_b_16,vit_b_16_linear_head,d32_right,981,981,2,0.8926392793655396,2,2,True
vit_b_16,vit_b_16_linear_head,d32_right,1022,1022,9,0.9447888135910034,9,9,True
vit_b_16,vit_b_16_linear_head,d32_right,1032,1032,7,0.9858241081237793,7,7,True
vit_b_16,vit_b_16_linear_head,d32_right,1048,1048,7,0.9786900281906128,7,7,True
vit_b_16,vit_b_16_linear_head,d32_right,1090,1090,1,0.9776015877723694,1,1,True
vit_b_16,vit_b_16_linear_head,d32_right,1095,1095,5,0.9716902375221252,5,5,True
vit_b_16,vit_b_16_linear_head,d32_right,1109,1109,1,0.8716021776199341,1,1,True
vit_b_16,vit_b_16_linear_head,d32_right,1111,1111,4,0.9720150828361511,4,4,True
vit_b_16,vit_b_16_linear_head,d32_right,1115,1115,1,0.9289613366127014,1,1,True
vit_b_16,vit_b_16_linear_head,d32_right,1124,1124,4,0.9384796023368835,4,4,True
vit_b_16,vit_b_16_linear_head,d32_right,1129,1129,8,0.9521070718765259,8,8,True
vit_b_16,vit_b_16_linear_head,d32_right,1175,1175,0,0.966446042060852,0,0,True
vit_b_16,vit_b_16_linear_head,d32_right,1202,1202,2,0.9675824046134949,2,2,True
vit_b_16,vit_b_16_linear_head,d32_right,1204,1204,3,0.9274979829788208,3,3,True
vit_b_16,vit_b_16_linear_head,d32_right,1211,1211,4,0.9720999002456665,4,4,True
vit_b_16,vit_b_16_linear_head,d32_right,1220,1220,7,0.9744748473167419,7,7,True
vit_b_16,vit_b_16_linear_head,d32_right,1230,1230,1,0.9701536893844604,1,1,True
vit_b_16,vit_b_16_linear_head,d32_right,1247,1247,8,0.957105815410614,8,8,True
vit_b_16,vit_b_16_linear_head,d32_right,1263,1263,3,0.9749001860618591,3,3,True
vit_b_16,vit_b_16_linear_head,d32_right,1266,1266,4,0.8841841816902161,4,4,True
vit_b_16,vit_b_16_linear_head,d32_right,1287,1287,7,0.993262529373169,7,7,True
vit_b_16,vit_b_16_linear_head,d32_right,1296,1296,7,0.9787940979003906,7,7,True
vit_b_16,vit_b_16_linear_head,d32_right,1370,1370,3,0.9687772989273071,3,3,True
vit_b_16,vit_b_16_linear_head,d32_right,1389,1389,0,0.951504647731781,0,0,True
vit_b_16,vit_b_16_linear_head,d32_right,1401,1401,3,0.926367998123169,3,3,True
vit_b_16,vit_b_16_linear_head,d32_right,1403,1403,2,0.9028335809707642,2,2,True
vit_b_16,vit_b_16_linear_head,d32_right,1411,1411,9,0.9681540727615356,9,9,True
vit_b_16,vit_b_16_linear_head,d32_right,1429,1429,4,0.9601553082466125,4,4,True
vit_b_16,vit_b_16_linear_head,d32_right,1430,1430,9,0.9747649431228638,9,9,True
vit_b_16,vit_b_16_linear_head,d32_right,1431,1431,3,0.8864035606384277,3,3,True
vit_b_16,vit_b_16_linear_head,d32_right,1436,1436,1,0.9794603586196899,1,1,True
vit_b_16,vit_b_16_linear_head,d32_right,1440,1440,7,0.9746341109275818,7,7,True
vit_b_16,vit_b_16_linear_head,d32_right,1468,1468,9,0.9776331186294556,9,9,True
vit_b_16,vit_b_16_linear_head,d32_right,1473,1473,7,0.9914857149124146,7,7,True
vit_b_16,vit_b_16_linear_head,d32_right,1515,1515,9,0.9831556081771851,9,9,True
vit_b_16,vit_b_16_linear_head,d32_right,1520,1520,2,0.9278371334075928,2,2,True
vit_b_16,vit_b_16_linear_head,d32_right,1531,1531,3,0.9496408700942993,3,3,True
vit_b_16,vit_b_16_linear_head,d32_right,1534,1534,6,0.9409759044647217,6,6,True
vit_b_16,vit_b_16_linear_head,d32_right,1552,1552,5,0.9639942049980164,5,5,True
vit_b_16,vit_b_16_linear_head,d32_right,1553,1553,0,0.9027766585350037,0,0,True
vit_b_16,vit_b_16_linear_head,d32_right,1563,1563,3,0.9683928489685059,3,3,True
vit_b_16,vit_b_16_linear_head,d32_right,1568,1568,1,0.8630269169807434,1,1,True
vit_b_16,vit_b_16_linear_head,d32_right,1579,1579,7,0.9792079925537109,7,7,True
vit_b_16,vit_b_16_linear_head,d32_right,1586,1586,2,0.8910171389579773,2,2,True
vit_b_16,vit_b_16_linear_head,d32_right,1596,1596,0,0.9630088806152344,0,0,True
vit_b_16,vit_b_16_linear_head,d32_right,1626,1626,5,0.9862418174743652,5,5,True
vit_b_16,vit_b_16_linear_head,d32_right,1640,1640,8,0.9448928833007812,8,8,True
vit_b_16,vit_b_16_linear_head,d32_right,1644,1644,5,0.9904040694236755,5,5,True
vit_b_16,vit_b_16_linear_head,d32_right,1648,1648,0,0.9058140516281128,0,0,True
vit_b_16,vit_b_16_linear_head,d32_right,1654,1654,9,0.977134108543396,9,9,True
vit_b_16,vit_b_16_linear_head,d32_right,1667,1667,6,0.8972324132919312,6,6,True
vit_b_16,vit_b_16_linear_head,d32_right,1703,1703,7,0.9798703193664551,7,7,True
vit_b_16,vit_b_16_linear_head,d32_right,1711,1711,7,0.9790676236152649,7,7,True
vit_b_16,vit_b_16_linear_head,d32_right,1771,1771,7,0.8980284333229065,7,4,False
vit_b_16,vit_b_16_linear_head,d32_right,1783,1783,8,0.9552513957023621,8,8,True
vit_b_16,vit_b_16_linear_head,d32_right,1814,1814,2,0.9759113788604736,2,2,True
vit_b_16,vit_b_16_linear_head,d32_right,1833,1833,8,0.940620481967926,8,8,True
vit_b_16,vit_b_16_linear_head,d32_right,1836,1836,9,0.9608069658279419,9,9,True
vit_b_16,vit_b_16_linear_head,d32_right,1839,1839,2,0.934357762336731,2,2,True
vit_b_16,vit_b_16_linear_head,d32_right,1852,1852,1,0.9985162019729614,1,1,True
vit_b_16,vit_b_16_linear_head,d32_right,1871,1871,1,0.9644432663917542,1,1,True
vit_b_16,vit_b_16_linear_head,d32_right,1877,1877,5,0.9698217511177063,5,5,True
vit_b_16,vit_b_16_linear_head,d32_right,1884,1884,7,0.9667865633964539,7,7,True
vit_b_16,vit_b_16_linear_head,d32_right,1927,1927,7,0.9786889553070068,7,7,True
vit_b_16,vit_b_16_linear_head,d32_right,1954,1954,8,0.9585602283477783,8,8,True
vit_b_16,vit_b_16_linear_head,d32_right,1956,1956,7,0.9217033386230469,7,7,True
vit_b_16,vit_b_16_linear_head,d32_right,1960,1960,4,0.9433480501174927,5,5,True
vit_b_16,vit_b_16_linear_head,d32_right,1977,1977,0,0.9368104338645935,0,0,True
vit_b_16,vit_b_16_linear_head,d32_right,1986,1986,1,0.9909482598304749,1,1,True
vit_b_16,vit_b_16_linear_head,d32_right,1993,1993,1,0.9643896818161011,1,1,True
vit_b_16,vit_b_16_linear_head,d32_right,2003,2003,6,0.9756950736045837,6,6,True
vit_b_16,vit_b_16_linear_head,d32_right,2011,2011,9,0.9674006700515747,9,9,True
vit_b_16,vit_b_16_linear_head,d32_right,2024,2024,0,0.9623275399208069,0,0,True
vit_b_16,vit_b_16_linear_head,d32_right,2028,2028,3,0.9088783860206604,3,3,True
vit_b_16,vit_b_16_linear_head,d32_right,2062,2062,9,0.9808686375617981,9,9,True
vit_b_16,vit_b_16_linear_head,d32_right,2070,2070,1,0.8612229228019714,1,1,True
vit_b_16,vit_b_16_linear_head,d32_right,2082,2082,2,0.9717936515808105,2,2,True
vit_b_16,vit_b_16_linear_head,d32_right,2095,2095,1,0.9890186190605164,1,1,True
vit_b_16,vit_b_16_linear_head,d32_right,2109,2109,8,0.9440462589263916,8,8,True
vit_b_16,vit_b_16_linear_head,d32_right,2114,2114,9,0.975723922252655,9,9,True
vit_b_16,vit_b_16_linear_head,d32_right,2116,2116,1,0.9604843854904175,3,3,True
vit_b_16,vit_b_16_linear_head,d32_right,2157,2157,1,0.8917104005813599,1,1,True
vit_b_16,vit_b_16_linear_head,d32_right,2167,2167,9,0.9568750262260437,9,9,True
vit_b_16,vit_b_16_linear_head,d32_right,2178,2178,1,0.9283407926559448,1,1,True
vit_b_16,vit_b_16_linear_head,d32_right,2191,2191,8,0.8492946624755859,8,8,True
vit_b_16,vit_b_16_linear_head,d32_right,2230,2230,8,0.926790177822113,8,8,True
vit_b_16,vit_b_16_linear_head,d32_right,2242,2242,0,0.9823119640350342,0,0,True
vit_b_16,vit_b_16_linear_head,d32_right,2265,2265,5,0.9493778944015503,5,5,True
vit_b_16,vit_b_16_linear_head,d32_right,2268,2268,5,0.9612556099891663,5,5,True
vit_b_16,vit_b_16_linear_head,d32_right,2291,2291,3,0.9242868423461914,3,3,True
vit_b_16,vit_b_16_linear_head,d32_right,2334,2334,5,0.9860439300537109,5,5,True
vit_b_16,vit_b_16_linear_head,d32_right,2340,2340,8,0.9345329999923706,8,8,True
vit_b_16,vit_b_16_linear_head,d32_right,2342,2342,8,0.9546175003051758,8,8,True
vit_b_16,vit_b_16_linear_head,d32_right,2351,2351,9,0.9493331909179688,9,9,True
vit_b_16,vit_b_16_linear_head,d32_right,2391,2391,5,0.8776166439056396,5,1,False
vit_b_16,vit_b_16_linear_head,d32_right,2392,2392,2,0.9382338523864746,2,2,True
vit_b_16,vit_b_16_linear_head,d32_right,2399,2399,4,0.9492970705032349,4,4,True
vit_b_16,vit_b_16_linear_head,d32_right,2414,2414,9,0.9665734767913818,9,9,True
vit_b_16,vit_b_16_linear_head,d32_right,2427,2427,5,0.9418683648109436,5,5,True
vit_b_16,vit_b_16_linear_head,d32_right,2458,2458,5,0.9683399796485901,5,5,True
vit_b_16,vit_b_16_linear_head,d32_right,2501,2501,7,0.9818776249885559,7,7,True
vit_b_16,vit_b_16_linear_head,d32_right,2502,2502,2,0.9737945199012756,2,2,True
vit_b_16,vit_b_16_linear_head,d32_right,2536,2536,3,0.9834892749786377,3,3,True
vit_b_16,vit_b_16_linear_head,d32_right,2539,2539,3,0.9515376687049866,3,3,True
vit_b_16,vit_b_16_linear_head,d32_right,2610,2610,6,0.9241807460784912,6,6,True
vit_b_16,vit_b_16_linear_head,d32_right,2623,2623,5,0.7871675491333008,5,5,True
vit_b_16,vit_b_16_linear_head,d32_right,2655,2655,9,0.9622208476066589,9,9,True
vit_b_16,vit_b_16_linear_head,d32_right,2668,2668,7,0.9951694011688232,7,7,True
vit_b_16,vit_b_16_linear_head,d32_right,2676,2676,6,0.9294803142547607,6,6,True
vit_b_16,vit_b_16_linear_head,d32_right,2687,2687,1,0.9472260475158691,1,1,True
vit_b_16,vit_b_16_linear_head,d32_right,2690,2690,1,0.9189261794090271,1,1,True
vit_b_16,vit_b_16_linear_head,d32_right,2704,2704,4,0.9947192668914795,4,4,True
vit_b_16,vit_b_16_linear_head,d32_right,2745,2745,8,0.9553579092025757,8,8,True
vit_b_16,vit_b_16_linear_head,d32_right,2746,2746,7,0.9840770959854126,7,7,True
vit_b_16,vit_b_16_linear_head,d32_right,2750,2750,0,0.9410029649734497,0,0,True
vit_b_16,vit_b_16_linear_head,d32_right,2754,2754,3,0.9904932975769043,3,3,True
vit_b_16,vit_b_16_linear_head,d32_right,2757,2757,4,0.946617841720581,4,4,True
vit_b_16,vit_b_16_linear_head,d32_right,2766,2766,5,0.9740410447120667,5,5,True
vit_b_16,vit_b_16_linear_head,d32_right,2807,2807,5,0.8696165084838867,5,5,True
vit_b_16,vit_b_16_linear_head,d32_right,2844,2844,8,0.9010682702064514,8,8,True
vit_b_16,vit_b_16_linear_head,d32_right,2854,2854,7,0.9980064630508423,7,7,True
vit_b_16,vit_b_16_linear_head,d32_right,2861,2861,3,0.8603319525718689,3,3,True
vit_b_16,vit_b_16_linear_head,d32_right,2888,2888,0,0.973942220211029,0,0,True
vit_b_16,vit_b_16_linear_head,d32_right,2898,2898,4,0.9840717911720276,4,4,True
vit_b_16,vit_b_16_linear_head,d32_right,2950,2950,5,0.9862655997276306,5,5,True
vit_b_16,vit_b_16_linear_head,d32_right,2958,2958,6,0.9593098759651184,6,6,True
vit_b_16,vit_b_16_linear_head,d32_right,3015,3015,8,0.9573097825050354,8,8,True
vit_b_16,vit_b_16_linear_head,d32_right,3024,3024,2,0.969990611076355,2,2,True
vit_b_16,vit_b_16_linear_head,d32_right,3025,3025,0,0.9554094076156616,0,0,True
vit_b_16,vit_b_16_linear_head,d32_right,3034,3034,4,0.9809143543243408,4,4,True
vit_b_16,vit_b_16_linear_head,d32_right,3067,3067,2,0.9781961441040039,2,2,True
vit_b_16,vit_b_16_linear_head,d32_right,3078,3078,4,0.9531781077384949,4,4,True
vit_b_16,vit_b_16_linear_head,d32_right,3079,3079,1,0.964175820350647,1,1,True
vit_b_16,vit_b_16_linear_head,d32_right,3083,3083,0,0.9892250895500183,0,0,True
vit_b_16,vit_b_16_linear_head,d32_right,3122,3122,4,0.96955406665802,4,4,True
vit_b_16,vit_b_16_linear_head,d32_right,3153,3153,7,0.9929497241973877,7,7,True
vit_b_16,vit_b_16_linear_head,d32_right,3157,3157,8,0.9797666668891907,8,8,True
vit_b_16,vit_b_16_linear_head,d32_right,3163,3163,2,0.9785935282707214,2,2,True
vit_b_16,vit_b_16_linear_head,d32_right,3179,3179,4,0.9312120079994202,4,4,True
vit_b_16,vit_b_16_linear_head,d32_right,3191,3191,6,0.9417215585708618,6,6,True
vit_b_16,vit_b_16_linear_head,d32_right,3276,3276,3,0.9391961097717285,3,3,True
vit_b_16,vit_b_16_linear_head,d32_right,3287,3287,4,0.986090362071991,4,4,True
vit_b_16,vit_b_16_linear_head,d32_right,3288,3288,7,0.9965355396270752,7,7,True
vit_b_16,vit_b_16_linear_head,d32_right,3292,3292,6,0.934161365032196,6,6,True
vit_b_16,vit_b_16_linear_head,d32_right,3318,3318,9,0.9492497444152832,9,9,True
vit_b_16,vit_b_16_linear_head,d32_right,3347,3347,0,0.9533806443214417,0,0,True
vit_b_16,vit_b_16_linear_head,d32_right,3353,3353,5,0.9483228325843811,5,5,True
vit_b_16,vit_b_16_linear_head,d32_right,3362,3362,2,0.9693647027015686,2,2,True
vit_b_16,vit_b_16_linear_head,d32_right,3365,3365,4,0.9575919508934021,4,4,True
vit_b_16,vit_b_16_linear_head,d32_right,3375,3375,3,0.9947534799575806,3,3,True
vit_b_16,vit_b_16_linear_head,d32_right,3383,3383,3,0.9586825370788574,3,3,True
vit_b_16,vit_b_16_linear_head,d32_right,3404,3404,7,0.985083281993866,7,7,True
vit_b_16,vit_b_16_linear_head,d32_right,3412,3412,8,0.9639794826507568,8,8,True
vit_b_16,vit_b_16_linear_head,d32_right,3413,3413,1,0.9647305011749268,1,1,True
vit_b_16,vit_b_16_linear_head,d32_right,3418,3418,6,0.9419201612472534,6,6,True
vit_b_16,vit_b_16_linear_head,d32_right,3437,3437,0,0.953568696975708,0,0,True
vit_b_16,vit_b_16_linear_head,d32_right,3446,3446,7,0.9620599746704102,7,7,True
vit_b_16,vit_b_16_linear_head,d32_right,3454,3454,2,0.8818330764770508,2,2,True
vit_b_16,vit_b_16_linear_head,d32_right,3455,3455,0,0.9827437400817871,0,0,True
vit_b_16,vit_b_16_linear_head,d32_right,3458,3458,4,0.9158493280410767,4,4,True
vit_b_16,vit_b_16_linear_head,d32_right,3467,3467,7,0.9511925578117371,7,7,True
vit_b_16,vit_b_16_linear_head,d32_right,3491,3491,1,0.9477589130401611,1,1,True
vit_b_16,vit_b_16_linear_head,d32_right,3494,3494,6,0.9588906764984131,6,6,True
vit_b_16,vit_b_16_linear_head,d32_right,3512,3512,4,0.9747432470321655,4,4,True
vit_b_16,vit_b_16_linear_head,d32_right,3515,3515,6,0.9533080458641052,4,4,True
vit_b_16,vit_b_16_linear_head,d32_right,3542,3542,7,0.9899811148643494,7,7,True
vit_b_16,vit_b_16_linear_head,d32_right,3550,3550,1,0.9693670868873596,1,1,True
vit_b_16,vit_b_16_linear_head,d32_right,3562,3562,3,0.9879281520843506,3,3,True
vit_b_16,vit_b_16_linear_head,d32_right,3755,3755,2,0.8549740314483643,2,2,True
vit_b_16,vit_b_16_linear_head,d32_right,3763,3763,4,0.976504385471344,4,4,True
vit_b_16,vit_b_16_linear_head,d32_right,3777,3777,6,0.9419077634811401,6,6,True
vit_b_16,vit_b_16_linear_head,d32_right,3778,3778,3,0.9632647633552551,3,3,True
vit_b_16,vit_b_16_linear_head,d32_right,3779,3779,6,0.957604169845581,6,6,True
vit_b_16,vit_b_16_linear_head,d32_right,3844,3844,6,0.978692889213562,6,6,True
vit_b_16,vit_b_16_linear_head,d32_right,3851,3851,3,0.9757582545280457,3,3,True
vit_b_16,vit_b_16_linear_head,d32_right,3852,3852,5,0.9771454334259033,5,5,True
vit_b_16,vit_b_16_linear_head,d32_right,3863,3863,5,0.990300178527832,5,5,True
vit_b_16,vit_b_16_linear_head,d32_right,3867,3867,7,0.9890183806419373,7,7,True
vit_b_16,vit_b_16_linear_head,d32_right,3876,3876,0,0.8685927391052246,0,0,True
vit_b_16,vit_b_16_linear_head,d32_right,3889,3889,5,0.9328691959381104,5,5,True
vit_b_16,vit_b_16_linear_head,d32_right,3891,3891,4,0.9857507944107056,4,4,True
vit_b_16,vit_b_16_linear_head,d32_right,3893,3893,9,0.9644560217857361,9,9,True
vit_b_16,vit_b_16_linear_head,d32_right,3905,3905,8,0.9626315236091614,8,8,True
vit_b_16,vit_b_16_linear_head,d32_right,3914,3914,3,0.9851403832435608,3,3,True
vit_b_16,vit_b_16_linear_head,d32_right,3937,3937,1,0.9883428812026978,1,1,True
vit_b_16,vit_b_16_linear_head,d32_right,3942,3942,9,0.9647865295410156,9,9,True
vit_b_16,vit_b_16_linear_head,d32_right,3948,3948,8,0.9486537575721741,8,8,True
vit_b_16,vit_b_16_linear_head,d32_right,3962,3962,6,0.9837639331817627,6,6,True
vit_b_16,vit_b_16_linear_head,d32_right,3965,3965,0,0.9884158372879028,0,0,True
vit_b_16,vit_b_16_linear_head,d32_right,3994,3994,4,0.8967851400375366,4,4,True
vit_b_16,vit_b_16_linear_head,d32_right,3996,3996,9,0.8690115213394165,9,9,True
vit_b_16,vit_b_16_linear_head,d32_right,4011,4011,6,0.9464191794395447,6,6,True
vit_b_16,vit_b_16_linear_head,d32_right,4023,4023,3,0.9876457452774048,3,3,True
vit_b_16,vit_b_16_linear_head,d32_right,4054,4054,4,0.9545640349388123,4,4,True
vit_b_16,vit_b_16_linear_head,d32_right,4065,4065,2,0.8471225500106812,2,2,True
vit_b_16,vit_b_16_linear_head,d32_right,4069,4069,8,0.9292663931846619,8,8,True
vit_b_16,vit_b_16_linear_head,d32_right,4093,4093,6,0.8574784398078918,6,6,True
vit_b_16,vit_b_16_linear_head,d32_right,4094,4094,9,0.9576075077056885,9,9,True
vit_b_16,vit_b_16_linear_head,d32_right,4106,4106,5,0.9433173537254333,5,5,True
vit_b_16,vit_b_16_linear_head,d32_right,4130,4130,0,0.9676810503005981,0,0,True
vit_b_16,vit_b_16_linear_head,d32_right,4168,4168,3,0.92386394739151,3,3,True
vit_b_16,vit_b_16_linear_head,d32_right,4170,4170,8,0.9522965550422668,8,8,True
vit_b_16,vit_b_16_linear_head,d32_right,4172,4172,7,0.9933911561965942,7,7,True
vit_b_16,vit_b_16_linear_head,d32_right,4177,4177,8,0.8583898544311523,8,8,True
vit_b_16,vit_b_16_linear_head,d32_right,4215,4215,3,0.9297409057617188,3,3,True
vit_b_16,vit_b_16_linear_head,d32_right,4229,4229,3,0.9405581951141357,3,3,True
vit_b_16,vit_b_16_linear_head,d32_right,4236,4236,7,0.9732064008712769,7,7,True
vit_b_16,vit_b_16_linear_head,d32_right,4242,4242,8,0.985324501991272,8,8,True
vit_b_16,vit_b_16_linear_head,d32_right,4254,4254,6,0.9276893734931946,6,4,False
vit_b_16,vit_b_16_linear_head,d32_right,4290,4290,5,0.9540685415267944,1,1,True
vit_b_16,vit_b_16_linear_head,d32_right,4298,4298,1,0.9882064461708069,1,1,True
vit_b_16,vit_b_16_linear_head,d32_right,4308,4308,7,0.8874238729476929,7,7,True
vit_b_16,vit_b_16_linear_head,d32_right,4311,4311,8,0.9746016263961792,8,8,True
vit_b_16,vit_b_16_linear_head,d32_right,4323,4323,3,0.8565541505813599,3,3,True
vit_b_16,vit_b_16_linear_head,d32_right,4330,4330,3,0.9585378170013428,3,3,True
vit_b_16,vit_b_16_linear_head,d32_right,4341,4341,6,0.98110431432724,6,6,True
vit_b_16,vit_b_16_linear_head,d32_right,4355,4355,8,0.9579638838768005,0,0,True
vit_b_16,vit_b_16_linear_head,d32_right,4399,4399,0,0.9256389737129211,0,0,True
vit_b_16,vit_b_16_linear_head,d32_right,4403,4403,7,0.9837967157363892,7,7,True
vit_b_16,vit_b_16_linear_head,d32_right,4411,4411,6,0.9711233377456665,6,6,True
vit_b_16,vit_b_16_linear_head,d32_right,4449,4449,9,0.932026743888855,9,9,True
vit_b_16,vit_b_16_linear_head,d32_right,4463,4463,3,0.8714174032211304,3,3,True
vit_b_16,vit_b_16_linear_head,d32_right,4531,4531,3,0.8887642621994019,3,3,True
vit_b_16,vit_b_16_linear_head,d32_right,4539,4539,0,0.967112123966217,0,0,True
vit_b_16,vit_b_16_linear_head,d32_right,4547,4547,5,0.978888750076294,5,5,True
vit_b_16,vit_b_16_linear_head,d32_right,4552,4552,8,0.9250205755233765,8,8,True
vit_b_16,vit_b_16_linear_head,d32_right,4570,4570,5,0.9575166702270508,5,5,True
vit_b_16,vit_b_16_linear_head,d32_right,4590,4590,3,0.920638918876648,3,3,True
vit_b_16,vit_b_16_linear_head,d32_right,4609,4609,3,0.9325762987136841,3,3,True
vit_b_16,vit_b_16_linear_head,d32_right,4615,4615,0,0.9746643304824829,0,0,True
vit_b_16,vit_b_16_linear_head,d32_right,4617,4617,0,0.9786738157272339,0,0,True
vit_b_16,vit_b_16_linear_head,d32_right,4620,4620,6,0.9867110848426819,6,6,True
vit_b_16,vit_b_16_linear_head,d32_right,4629,4629,4,0.9174314141273499,4,4,True
vit_b_16,vit_b_16_linear_head,d32_right,4640,4640,1,0.9784067869186401,1,1,True
vit_b_16,vit_b_16_linear_head,d32_right,4642,4642,4,0.9651967287063599,4,4,True
vit_b_16,vit_b_16_linear_head,d32_right,4661,4661,7,0.956767201423645,7,7,True
vit_b_16,vit_b_16_linear_head,d32_right,4662,4662,8,0.9683437347412109,8,8,True
vit_b_16,vit_b_16_linear_head,d32_right,4675,4675,0,0.9914990067481995,0,0,True
vit_b_16,vit_b_16_linear_head,d32_right,4676,4676,8,0.9340198636054993,8,8,True
vit_b_16,vit_b_16_linear_head,d32_right,4704,4704,7,0.9185904264450073,7,7,True
vit_b_16,vit_b_16_linear_head,d32_right,4723,4723,9,0.944735050201416,9,9,True
vit_b_16,vit_b_16_linear_head,d32_right,4731,4731,6,0.9385963678359985,6,6,True
vit_b_16,vit_b_16_linear_head,d32_right,4735,4735,2,0.9447079300880432,2,2,True
vit_b_16,vit_b_16_linear_head,d32_right,4740,4740,4,0.967109203338623,4,4,True
vit_b_16,vit_b_16_linear_head,d32_right,4746,4746,6,0.9940573573112488,6,6,True
vit_b_16,vit_b_16_linear_head,d32_right,4748,4748,7,0.9779658317565918,7,7,True
vit_b_16,vit_b_16_linear_head,d32_right,4754,4754,6,0.9497601985931396,6,6,True
vit_b_16,vit_b_16_linear_head,d32_right,4785,4785,0,0.9798808097839355,0,0,True
vit_b_16,vit_b_16_linear_head,d32_right,4791,4791,7,0.9877051711082458,7,7,True
vit_b_16,vit_b_16_linear_head,d32_right,4819,4819,0,0.9786853194236755,0,0,True
vit_b_16,vit_b_16_linear_head,d32_right,4821,4821,3,0.9823496341705322,3,3,True
vit_b_16,vit_b_16_linear_head,d32_right,4827,4827,6,0.9328392148017883,6,6,True
vit_b_16,vit_b_16_linear_head,d32_right,4850,4850,5,0.8553736805915833,5,5,True
vit_b_16,vit_b_16_linear_head,d32_right,4881,4881,3,0.9714082479476929,3,3,True
vit_b_16,vit_b_16_linear_head,d32_right,4893,4893,0,0.9882023334503174,0,0,True
vit_b_16,vit_b_16_linear_head,d32_right,4908,4908,3,0.970488429069519,3,3,True
vit_b_16,vit_b_16_linear_head,d32_right,4913,4913,2,0.957953691482544,2,2,True
vit_b_16,vit_b_16_linear_head,d32_right,4921,4921,2,0.9391286373138428,2,2,True
vit_b_16,vit_b_16_linear_head,d32_right,4953,4953,5,0.9091180562973022,5,5,True
vit_b_16,vit_b_16_linear_head,d32_right,4966,4966,5,0.953708291053772,5,5,True
vit_b_16,vit_b_16_linear_head,d32_right,4990,4990,8,0.9531847834587097,8,8,True
vit_b_16,vit_b_16_linear_head,d32_right,5000,5000,8,0.9459683299064636,8,8,True
vit_b_16,vit_b_16_linear_head,d32_right,5030,5030,2,0.9599745869636536,2,2,True
vit_b_16,vit_b_16_linear_head,d32_right,5062,5062,4,0.9675621390342712,4,4,True
vit_b_16,vit_b_16_linear_head,d32_right,5077,5077,4,0.969099223613739,4,4,True
vit_b_16,vit_b_16_linear_head,d32_right,5082,5082,6,0.9790112376213074,6,6,True
vit_b_16,vit_b_16_linear_head,d32_right,5092,5092,1,0.9829107522964478,1,1,True
vit_b_16,vit_b_16_linear_head,d32_right,5101,5101,5,0.9709450006484985,2,2,True
vit_b_16,vit_b_16_linear_head,d32_right,5117,5117,0,0.9611526131629944,0,0,True
vit_b_16,vit_b_16_linear_head,d32_right,5123,5123,1,0.9923776984214783,1,1,True
vit_b_16,vit_b_16_linear_head,d32_right,5135,5135,4,0.8893252015113831,4,4,True
vit_b_16,vit_b_16_linear_head,d32_right,5183,5183,2,0.9701942801475525,2,2,True
vit_b_16,vit_b_16_linear_head,d32_right,5213,5213,4,0.9725894927978516,4,4,True
vit_b_16,vit_b_16_linear_head,d32_right,5218,5218,2,0.9852093458175659,2,2,True
vit_b_16,vit_b_16_linear_head,d32_right,5220,5220,1,0.8647351861000061,1,5,False
vit_b_16,vit_b_16_linear_head,d32_right,5237,5237,2,0.9074345231056213,2,2,True
vit_b_16,vit_b_16_linear_head,d32_right,5256,5256,1,0.7549017667770386,1,1,True
vit_b_16,vit_b_16_linear_head,d32_right,5284,5284,9,0.9388111233711243,9,9,True
vit_b_16,vit_b_16_linear_head,d32_right,5301,5301,9,0.9208997488021851,9,9,True
vit_b_16,vit_b_16_linear_head,d32_right,5318,5318,2,0.9469216465950012,2,2,True
vit_b_16,vit_b_16_linear_head,d32_right,5332,5332,5,0.7988085746765137,5,6,False
vit_b_16,vit_b_16_linear_head,d32_right,5333,5333,2,0.9029695987701416,2,2,True
vit_b_16,vit_b_16_linear_head,d32_right,5360,5360,9,0.9630045890808105,9,9,True
vit_b_16,vit_b_16_linear_head,d32_right,5381,5381,5,0.956775426864624,5,5,True
vit_b_16,vit_b_16_linear_head,d32_right,5382,5382,6,0.9362581968307495,6,6,True
vit_b_16,vit_b_16_linear_head,d32_right,5395,5395,2,0.8991091847419739,2,2,True
vit_b_16,vit_b_16_linear_head,d32_right,5402,5402,4,0.954954206943512,4,4,True
vit_b_16,vit_b_16_linear_head,d32_right,5408,5408,6,0.9397163391113281,6,6,True
vit_b_16,vit_b_16_linear_head,d32_right,5436,5436,7,0.9844860434532166,7,7,True
vit_b_16,vit_b_16_linear_head,d32_right,5447,5447,9,0.9670953154563904,9,9,True
vit_b_16,vit_b_16_linear_head,d32_right,5450,5450,7,0.9858267307281494,7,7,True
vit_b_16,vit_b_16_linear_head,d32_right,5451,5451,8,0.9801363945007324,8,8,True
vit_b_16,vit_b_16_linear_head,d32_right,5452,5452,9,0.9384163618087769,9,9,True
vit_b_16,vit_b_16_linear_head,d32_right,5467,5467,4,0.9843120574951172,4,4,True
vit_b_16,vit_b_16_linear_head,d32_right,5478,5478,0,0.9310996532440186,0,0,True
vit_b_16,vit_b_16_linear_head,d32_right,5488,5488,1,0.9391645789146423,1,7,False
vit_b_16,vit_b_16_linear_head,d32_right,5496,5496,5,0.9718225598335266,5,5,True
vit_b_16,vit_b_16_linear_head,d32_right,5508,5508,9,0.975430965423584,9,9,True
vit_b_16,vit_b_16_linear_head,d32_right,5512,5512,2,0.8766307234764099,9,6,False
vit_b_16,vit_b_16_linear_head,d32_right,5525,5525,8,0.9629563689231873,8,8,True
vit_b_16,vit_b_16_linear_head,d32_right,5528,5528,3,0.8502972722053528,3,3,True
vit_b_16,vit_b_16_linear_head,d32_right,5556,5556,4,0.9777372479438782,4,4,True
vit_b_16,vit_b_16_linear_head,d32_right,5560,5560,1,0.9925915598869324,1,1,True
vit_b_16,vit_b_16_linear_head,d32_right,5572,5572,9,0.9273127317428589,9,9,True
vit_b_16,vit_b_16_linear_head,d32_right,5580,5580,6,0.9452072978019714,5,5,True
vit_b_16,vit_b_16_linear_head,d32_right,5590,5590,9,0.9646347165107727,9,9,True
vit_b_16,vit_b_16_linear_head,d32_right,5623,5623,4,0.9568129181861877,4,4,True
vit_b_16,vit_b_16_linear_head,d32_right,5677,5677,2,0.9141654372215271,2,2,True
vit_b_16,vit_b_16_linear_head,d32_right,5694,5694,8,0.9795042276382446,8,8,True
vit_b_16,vit_b_16_linear_head,d32_right,5701,5701,5,0.9581988453865051,5,5,True
vit_b_16,vit_b_16_linear_head,d32_right,5705,5705,8,0.9452435970306396,8,8,True
vit_b_16,vit_b_16_linear_head,d32_right,5719,5719,7,0.9909802675247192,7,7,True
vit_b_16,vit_b_16_linear_head,d32_right,5729,5729,6,0.9445524215698242,6,6,True
vit_b_16,vit_b_16_linear_head,d32_right,5756,5756,2,0.9308943748474121,2,2,True
vit_b_16,vit_b_16_linear_head,d32_right,5788,5788,9,0.9673612117767334,9,9,True
vit_b_16,vit_b_16_linear_head,d32_right,5789,5789,4,0.9037863612174988,4,4,True
vit_b_16,vit_b_16_linear_head,d32_right,5824,5824,2,0.8984639644622803,2,2,True
vit_b_16,vit_b_16_linear_head,d32_right,5848,5848,7,0.994586706161499,7,7,True
vit_b_16,vit_b_16_linear_head,d32_right,5851,5851,9,0.9851162433624268,9,9,True
vit_b_16,vit_b_16_linear_head,d32_right,5857,5857,6,0.879472017288208,4,4,True
vit_b_16,vit_b_16_linear_head,d32_right,5858,5858,6,0.9587184190750122,6,6,True
vit_b_16,vit_b_16_linear_head,d32_right,5912,5912,0,0.9220147728919983,0,0,True
vit_b_16,vit_b_16_linear_head,d32_right,5915,5915,9,0.9469519853591919,9,9,True
vit_b_16,vit_b_16_linear_head,d32_right,5918,5918,0,0.9586873054504395,0,0,True
vit_b_16,vit_b_16_linear_head,d32_right,5924,5924,5,0.9711663722991943,5,5,True
vit_b_16,vit_b_16_linear_head,d32_right,5977,5977,7,0.9842520952224731,7,7,True
vit_b_16,vit_b_16_linear_head,d32_right,5981,5981,9,0.8033921718597412,9,9,True
vit_b_16,vit_b_16_linear_head,d32_right,5999,5999,0,0.9563461542129517,0,0,True
vit_b_16,vit_b_16_linear_head,d32_right,6028,6028,2,0.9430480003356934,2,2,True
vit_b_16,vit_b_16_linear_head,d32_right,6033,6033,4,0.8701000213623047,4,4,True
vit_b_16,vit_b_16_linear_head,d32_right,6076,6076,1,0.9768071174621582,1,1,True
vit_b_16,vit_b_16_linear_head,d32_right,6084,6084,7,0.9931175708770752,7,7,True
vit_b_16,vit_b_16_linear_head,d32_right,6097,6097,4,0.9552876949310303,4,4,True
vit_b_16,vit_b_16_linear_head,d32_right,6169,6169,1,0.9626501798629761,1,1,True
vit_b_16,vit_b_16_linear_head,d32_right,6190,6190,7,0.9902732372283936,7,7,True
vit_b_16,vit_b_16_linear_head,d32_right,6224,6224,5,0.951789379119873,5,5,True
vit_b_16,vit_b_16_linear_head,d32_right,6244,6244,2,0.7926493287086487,2,2,True
vit_b_16,vit_b_16_linear_head,d32_right,6264,6264,2,0.9248330593109131,2,2,True
vit_b_16,vit_b_16_linear_head,d32_right,6271,6271,2,0.9623060822486877,2,2,True
vit_b_16,vit_b_16_linear_head,d32_right,6288,6288,4,0.8903923630714417,4,4,True
vit_b_16,vit_b_16_linear_head,d32_right,6332,6332,2,0.9501875042915344,2,2,True
vit_b_16,vit_b_16_linear_head,d32_right,6349,6349,1,0.9640480279922485,1,1,True
vit_b_16,vit_b_16_linear_head,d32_right,6354,6354,2,0.8853840231895447,2,2,True
vit_b_16,vit_b_16_linear_head,d32_right,6358,6358,5,0.9544296860694885,5,5,True
vit_b_16,vit_b_16_linear_head,d32_right,6381,6381,6,0.9374932050704956,6,6,True
vit_b_16,vit_b_16_linear_head,d32_right,6414,6414,5,0.7616763114929199,5,5,True
vit_b_16,vit_b_16_linear_head,d32_right,6426,6426,2,0.920393168926239,2,2,True
vit_b_16,vit_b_16_linear_head,d32_right,6434,6434,8,0.9030042886734009,8,8,True
vit_b_16,vit_b_16_linear_head,d32_right,6437,6437,0,0.9573829770088196,0,0,True
vit_b_16,vit_b_16_linear_head,d32_right,6455,6455,0,0.9240661859512329,0,0,True
vit_b_16,vit_b_16_linear_head,d32_right,6490,6490,3,0.9422706365585327,3,3,True
vit_b_16,vit_b_16_linear_head,d32_right,6503,6503,2,0.9399831295013428,2,2,True
vit_b_16,vit_b_16_linear_head,d32_right,6508,6508,4,0.9950264692306519,4,4,True
vit_b_16,vit_b_16_linear_head,d32_right,6528,6528,4,0.9702112078666687,4,4,True
vit_b_16,vit_b_16_linear_head,d32_right,6594,6594,1,0.9830328226089478,1,1,True
vit_b_16,vit_b_16_linear_head,d32_right,6609,6609,0,0.983486533164978,0,0,True
vit_b_16,vit_b_16_linear_head,d32_right,6616,6616,2,0.9409680366516113,2,2,True
vit_b_16,vit_b_16_linear_head,d32_right,6650,6650,7,0.9380239844322205,7,7,True
vit_b_16,vit_b_16_linear_head,d32_right,6689,6689,8,0.9795172214508057,8,8,True
vit_b_16,vit_b_16_linear_head,d32_right,6692,6692,2,0.9511335492134094,2,2,True
vit_b_16,vit_b_16_linear_head,d32_right,6713,6713,6,0.9404981136322021,6,6,True
vit_b_16,vit_b_16_linear_head,d32_right,6716,6716,5,0.9600533246994019,6,6,True
vit_b_16,vit_b_16_linear_head,d32_right,6726,6726,7,0.9925051331520081,7,7,True
vit_b_16,vit_b_16_linear_head,d32_right,6733,6733,1,0.9929311871528625,1,1,True
vit_b_16,vit_b_16_linear_head,d32_right,6772,6772,7,0.9379932880401611,7,7,True
vit_b_16,vit_b_16_linear_head,d32_right,6805,6805,1,0.9987174272537231,1,1,True
vit_b_16,vit_b_16_linear_head,d32_right,6836,6836,1,0.9659578204154968,1,1,True
vit_b_16,vit_b_16_linear_head,d32_right,6844,6844,0,0.9423385858535767,0,0,True
vit_b_16,vit_b_16_linear_head,d32_right,6922,6922,5,0.9794136881828308,5,5,True
vit_b_16,vit_b_16_linear_head,d32_right,6931,6931,9,0.9562565684318542,9,9,True
vit_b_16,vit_b_16_linear_head,d32_right,6938,6938,1,0.9592252969741821,1,1,True
vit_b_16,vit_b_16_linear_head,d32_right,6952,6952,3,0.8782286643981934,3,3,True
vit_b_16,vit_b_16_linear_head,d32_right,6954,6954,1,0.9858525395393372,1,1,True
vit_b_16,vit_b_16_linear_head,d32_right,6986,6986,0,0.9721710681915283,0,0,True
vit_b_16,vit_b_16_linear_head,d32_right,6989,6989,5,0.9930766820907593,5,5,True
vit_b_16,vit_b_16_linear_head,d32_right,7009,7009,0,0.9642531871795654,0,0,True
vit_b_16,vit_b_16_linear_head,d32_right,7029,7029,1,0.9819547533988953,1,1,True
vit_b_16,vit_b_16_linear_head,d32_right,7033,7033,1,0.9803820848464966,1,1,True
vit_b_16,vit_b_16_linear_head,d32_right,7041,7041,5,0.9546676874160767,5,5,True
vit_b_16,vit_b_16_linear_head,d32_right,7047,7047,9,0.9804282784461975,9,9,True
vit_b_16,vit_b_16_linear_head,d32_right,7081,7081,7,0.9881990551948547,7,7,True
vit_b_16,vit_b_16_linear_head,d32_right,7084,7084,2,0.9254305362701416,2,2,True
vit_b_16,vit_b_16_linear_head,d32_right,7108,7108,6,0.9517029523849487,6,6,True
vit_b_16,vit_b_16_linear_head,d32_right,7130,7130,5,0.9803359508514404,5,5,True
vit_b_16,vit_b_16_linear_head,d32_right,7138,7138,8,0.9599859118461609,8,8,True
vit_b_16,vit_b_16_linear_head,d32_right,7150,7150,0,0.968255341053009,0,0,True
vit_b_16,vit_b_16_linear_head,d32_right,7202,7202,1,0.9355058073997498,1,1,True
vit_b_16,vit_b_16_linear_head,d32_right,7262,7262,0,0.9570325613021851,0,0,True
vit_b_16,vit_b_16_linear_head,d32_right,7266,7266,9,0.9167685508728027,9,9,True
vit_b_16,vit_b_16_linear_head,d32_right,7270,7270,7,0.8228135704994202,7,7,True
vit_b_16,vit_b_16_linear_head,d32_right,7309,7309,0,0.9529212713241577,0,0,True
vit_b_16,vit_b_16_linear_head,d32_right,7320,7320,0,0.9118179082870483,0,0,True
vit_b_16,vit_b_16_linear_head,d32_right,7338,7338,6,0.9519433379173279,6,6,True
vit_b_16,vit_b_16_linear_head,d32_right,7372,7372,0,0.9754670858383179,0,0,True
vit_b_16,vit_b_16_linear_head,d32_right,7373,7373,0,0.9779505133628845,0,0,True
vit_b_16,vit_b_16_linear_head,d32_right,7380,7380,9,0.9721662402153015,9,9,True
vit_b_16,vit_b_16_linear_head,d32_right,7390,7390,1,0.9590209722518921,1,1,True
vit_b_16,vit_b_16_linear_head,d32_right,7413,7413,5,0.9544199109077454,5,5,True
vit_b_16,vit_b_16_linear_head,d32_right,7416,7416,3,0.820812463760376,3,3,True
vit_b_16,vit_b_16_linear_head,d32_right,7425,7425,2,0.9545551538467407,2,2,True
vit_b_16,vit_b_16_linear_head,d32_right,7446,7446,8,0.9195351004600525,8,8,True
vit_b_16,vit_b_16_linear_head,d32_right,7460,7460,8,0.9745059609413147,8,8,True
vit_b_16,vit_b_16_linear_head,d32_right,7465,7465,0,0.9282883405685425,0,0,True
vit_b_16,vit_b_16_linear_head,d32_right,7474,7474,5,0.9728730916976929,5,5,True
vit_b_16,vit_b_16_linear_head,d32_right,7475,7475,4,0.9780939817428589,4,4,True
vit_b_16,vit_b_16_linear_head,d32_right,7476,7476,8,0.9801366329193115,0,0,True
vit_b_16,vit_b_16_linear_head,d32_right,7544,7544,9,0.9761208295822144,9,9,True
vit_b_16,vit_b_16_linear_head,d32_right,7555,7555,6,0.969784140586853,6,6,True
vit_b_16,vit_b_16_linear_head,d32_right,7600,7600,6,0.9769065380096436,6,6,True
vit_b_16,vit_b_16_linear_head,d32_right,7610,7610,4,0.9605479836463928,4,4,True
vit_b_16,vit_b_16_linear_head,d32_right,7634,7634,0,0.9465368986129761,0,0,True
vit_b_16,vit_b_16_linear_head,d32_right,7692,7692,4,0.9561284184455872,4,4,True
vit_b_16,vit_b_16_linear_head,d32_right,7706,7706,5,0.9182237386703491,5,5,True
vit_b_16,vit_b_16_linear_head,d32_right,7726,7726,6,0.8933470249176025,6,6,True
vit_b_16,vit_b_16_linear_head,d32_right,7744,7744,3,0.7874839305877686,3,3,True
vit_b_16,vit_b_16_linear_head,d32_right,7752,7752,9,0.9021402597427368,9,9,True
vit_b_16,vit_b_16_linear_head,d32_right,7776,7776,5,0.9776392579078674,5,5,True
vit_b_16,vit_b_16_linear_head,d32_right,7779,7779,6,0.9340184926986694,6,6,True
vit_b_16,vit_b_16_linear_head,d32_right,7781,7781,6,0.957646369934082,6,6,True
vit_b_16,vit_b_16_linear_head,d32_right,7793,7793,3,0.9550164937973022,7,7,True
vit_b_16,vit_b_16_linear_head,d32_right,7797,7797,3,0.9663393497467041,3,3,True
vit_b_16,vit_b_16_linear_head,d32_right,7810,7810,8,0.9013949632644653,8,8,True
vit_b_16,vit_b_16_linear_head,d32_right,7818,7818,8,0.9689109921455383,8,8,True
vit_b_16,vit_b_16_linear_head,d32_right,7835,7835,7,0.9899529814720154,7,7,True
vit_b_16,vit_b_16_linear_head,d32_right,7864,7864,4,0.9782024621963501,4,4,True
vit_b_16,vit_b_16_linear_head,d32_right,7875,7875,8,0.8670108318328857,8,8,True
vit_b_16,vit_b_16_linear_head,d32_right,7938,7938,9,0.9046589136123657,9,9,True
vit_b_16,vit_b_16_linear_head,d32_right,7940,7940,4,0.9583074450492859,4,4,True
vit_b_16,vit_b_16_linear_head,d32_right,7944,7944,4,0.9628469944000244,4,4,True
vit_b_16,vit_b_16_linear_head,d32_right,7955,7955,1,0.9476093053817749,1,1,True
vit_b_16,vit_b_16_linear_head,d32_right,7995,7995,9,0.9441969990730286,9,2,False
vit_b_16,vit_b_16_linear_head,d32_right,7996,7996,6,0.9473768472671509,6,6,True
vit_b_16,vit_b_16_linear_head,d32_right,7999,7999,8,0.963515043258667,8,8,True
