dataset,official_partition,official_index,class_id,class_name,selection_seed
STL-10,train,0,1,bird,6304
STL-10,train,1,5,dog,6304
STL-10,train,2,1,bird,6304
STL-10,train,3,6,horse,6304
STL-10,train,4,3,cat,6304
STL-10,train,5,9,truck,6304
STL-10,train,6,7,monkey,6304
STL-10,train,7,4,deer,6304
STL-10,train,8,5,dog,6304
STL-10,train,9,8,ship,6304
STL-10,train,10,0,airplane,6304
STL-10,train,11,6,horse,6304
STL-10,train,12,0,airplane,6304
STL-10,train,13,8,ship,6304
STL-10,train,15,6,horse,6304
STL-10,train,16,4,deer,6304
STL-10,train,17,6,horse,6304
STL-10,train,18,2,car,6304
STL-10,train,19,2,car,6304
STL-10,train,20,1,bird,6304
STL-10,train,21,1,bird,6304
STL-10,train,22,6,horse,6304
STL-10,train,23,2,car,6304
STL-10,train,25,8,ship,6304
STL-10,train,26,5,dog,6304
STL-10,train,28,5,dog,6304
STL-10,train,30,0,airplane,6304
STL-10,train,31,0,airplane,6304
STL-10,train,32,0,airplane,6304
STL-10,train,33,1,bird,6304
STL-10,train,34,3,cat,6304
STL-10,train,35,6,horse,6304
STL-10,train,36,7,monkey,6304
STL-10,train,37,2,car,6304
STL-10,train,38,1,bird,6304
STL-10,train,40,1,bird,6304
STL-10,train,41,6,horse,6304
STL-10,train,43,3,cat,6304
STL-10,train,44,7,monkey,6304
STL-10,train,45,4,deer,6304
STL-10,train,46,3,cat,6304
STL-10,train,47,0,airplane,6304
STL-10,train,48,6,horse,6304
STL-10,train,49,7,monkey,6304
STL-10,train,50,6,horse,6304
STL-10,train,51,5,dog,6304
STL-10,train,54,6,horse,6304
STL-10,train,55,1,bird,6304
STL-10,train,56,3,cat,6304
STL-10,train,57,6,horse,6304
STL-10,train,60,2,car,6304
STL-10,train,61,9,truck,6304
STL-10,train,62,9,truck,6304
STL-10,train,63,5,dog,6304
STL-10,train,64,1,bird,6304
STL-10,train,65,7,monkey,6304
STL-10,train,66,8,ship,6304
STL-10,train,67,7,monkey,6304
STL-10,train,68,8,ship,6304
STL-10,train,69,8,ship,6304
STL-10,train,70,9,truck,6304
STL-10,train,73,0,airplane,6304
STL-10,train,74,2,car,6304
STL-10,train,75,5,dog,6304
STL-10,train,76,5,dog,6304
STL-10,train,77,7,monkey,6304
STL-10,train,78,8,ship,6304
STL-10,train,80,5,dog,6304
STL-10,train,81,0,airplane,6304
STL-10,train,83,3,cat,6304
STL-10,train,84,2,car,6304
STL-10,train,85,9,truck,6304
STL-10,train,88,8,ship,6304
STL-10,train,90,7,monkey,6304
STL-10,train,92,6,horse,6304
STL-10,train,93,6,horse,6304
STL-10,train,94,6,horse,6304
STL-10,train,95,1,bird,6304
STL-10,train,96,0,airplane,6304
STL-10,train,98,0,airplane,6304
STL-10,train,99,5,dog,6304
STL-10,train,100,2,car,6304
STL-10,train,101,7,monkey,6304
STL-10,train,102,1,bird,6304
STL-10,train,103,0,airplane,6304
STL-10,train,104,0,airplane,6304
STL-10,train,105,8,ship,6304
STL-10,train,106,0,airplane,6304
STL-10,train,107,4,deer,6304
STL-10,train,108,2,car,6304
STL-10,train,109,4,deer,6304
STL-10,train,111,2,car,6304
STL-10,train,112,4,deer,6304
STL-10,train,113,5,dog,6304
STL-10,train,117,4,deer,6304
STL-10,train,119,0,airplane,6304
STL-10,train,120,5,dog,6304
STL-10,train,121,2,car,6304
STL-10,train,122,5,dog,6304
STL-10,train,124,0,airplane,6304
STL-10,train,125,5,dog,6304
STL-10,train,126,3,cat,6304
STL-10,train,127,3,cat,6304
STL-10,train,128,6,horse,6304
STL-10,train,129,3,cat,6304
STL-10,train,130,6,horse,6304
STL-10,train,131,4,deer,6304
STL-10,train,132,8,ship,6304
STL-10,train,133,3,cat,6304
STL-10,train,134,1,bird,6304
STL-10,train,135,3,cat,6304
STL-10,train,136,7,monkey,6304
STL-10,train,137,4,deer,6304
STL-10,train,138,6,horse,6304
STL-10,train,139,0,airplane,6304
STL-10,train,140,9,truck,6304
STL-10,train,143,9,truck,6304
STL-10,train,144,2,car,6304
STL-10,train,145,8,ship,6304
STL-10,train,148,1,bird,6304
STL-10,train,149,9,truck,6304
STL-10,train,150,8,ship,6304
STL-10,train,151,2,car,6304
STL-10,train,152,0,airplane,6304
STL-10,train,153,1,bird,6304
STL-10,train,154,2,car,6304
STL-10,train,155,7,monkey,6304
STL-10,train,158,8,ship,6304
STL-10,train,159,7,monkey,6304
STL-10,train,160,2,car,6304
STL-10,train,161,2,car,6304
STL-10,train,162,7,monkey,6304
STL-10,train,163,8,ship,6304
STL-10,train,164,8,ship,6304
STL-10,train,165,9,truck,6304
STL-10,train,166,2,car,6304
STL-10,train,167,7,monkey,6304
STL-10,train,168,4,deer,6304
STL-10,train,169,3,cat,6304
STL-10,train,170,5,dog,6304
STL-10,train,171,6,horse,6304
STL-10,train,172,7,monkey,6304
STL-10,train,173,1,bird,6304
STL-10,train,175,9,truck,6304
STL-10,train,177,9,truck,6304
STL-10,train,178,2,car,6304
STL-10,train,179,7,monkey,6304
STL-10,train,180,9,truck,6304
STL-10,train,181,4,deer,6304
STL-10,train,182,1,bird,6304
STL-10,train,183,0,airplane,6304
STL-10,train,184,4,deer,6304
STL-10,train,185,4,deer,6304
STL-10,train,186,2,car,6304
STL-10,train,187,4,deer,6304
STL-10,train,188,4,deer,6304
STL-10,train,189,6,horse,6304
STL-10,train,190,7,monkey,6304
STL-10,train,192,3,cat,6304
STL-10,train,193,1,bird,6304
STL-10,train,194,3,cat,6304
STL-10,train,195,5,dog,6304
STL-10,train,197,2,car,6304
STL-10,train,199,7,monkey,6304
STL-10,train,200,0,airplane,6304
STL-10,train,201,4,deer,6304
STL-10,train,202,7,monkey,6304
STL-10,train,203,0,airplane,6304
STL-10,train,204,7,monkey,6304
STL-10,train,206,0,airplane,6304
STL-10,train,207,7,monkey,6304
STL-10,train,208,1,bird,6304
STL-10,train,210,2,car,6304
STL-10,train,211,7,monkey,6304
STL-10,train,212,6,horse,6304
STL-10,train,214,5,dog,6304
STL-10,train,215,5,dog,6304
STL-10,train,216,2,car,6304
STL-10,train,217,6,horse,6304
STL-10,train,218,9,truck,6304
STL-10,train,219,7,monkey,6304
STL-10,train,220,5,dog,6304
STL-10,train,221,5,dog,6304
STL-10,train,223,1,bird,6304
STL-10,train,224,4,deer,6304
STL-10,train,225,8,ship,6304
STL-10,train,226,8,ship,6304
STL-10,train,228,5,dog,6304
STL-10,train,229,6,horse,6304
STL-10,train,232,4,deer,6304
STL-10,train,233,4,deer,6304
STL-10,train,234,2,car,6304
STL-10,train,236,0,airplane,6304
STL-10,train,237,4,deer,6304
STL-10,train,240,7,monkey,6304
STL-10,train,242,3,cat,6304
STL-10,train,243,8,ship,6304
STL-10,train,244,1,bird,6304
STL-10,train,246,0,airplane,6304
STL-10,train,247,8,ship,6304
STL-10,train,248,5,dog,6304
STL-10,train,249,1,bird,6304
STL-10,train,250,7,monkey,6304
STL-10,train,252,9,truck,6304
STL-10,train,253,9,truck,6304
STL-10,train,254,4,deer,6304
STL-10,train,255,1,bird,6304
STL-10,train,256,1,bird,6304
STL-10,train,257,0,airplane,6304
STL-10,train,258,4,deer,6304
STL-10,train,259,2,car,6304
STL-10,train,260,8,ship,6304
STL-10,train,261,9,truck,6304
STL-10,train,262,0,airplane,6304
STL-10,train,263,7,monkey,6304
STL-10,train,264,6,horse,6304
STL-10,train,265,4,deer,6304
STL-10,train,266,8,ship,6304
STL-10,train,267,8,ship,6304
STL-10,train,268,7,monkey,6304
STL-10,train,269,4,deer,6304
STL-10,train,270,5,dog,6304
STL-10,train,271,6,horse,6304
STL-10,train,272,4,deer,6304
STL-10,train,273,8,ship,6304
STL-10,train,274,8,ship,6304
STL-10,train,275,6,horse,6304
STL-10,train,277,1,bird,6304
STL-10,train,279,7,monkey,6304
STL-10,train,280,3,cat,6304
STL-10,train,281,1,bird,6304
STL-10,train,282,7,monkey,6304
STL-10,train,283,7,monkey,6304
STL-10,train,284,4,deer,6304
STL-10,train,285,7,monkey,6304
STL-10,train,286,2,car,6304
STL-10,train,287,2,car,6304
STL-10,train,289,1,bird,6304
STL-10,train,290,3,cat,6304
STL-10,train,291,6,horse,6304
STL-10,train,292,1,bird,6304
STL-10,train,293,4,deer,6304
STL-10,train,294,6,horse,6304
STL-10,train,295,7,monkey,6304
STL-10,train,296,0,airplane,6304
STL-10,train,298,5,dog,6304
STL-10,train,299,8,ship,6304
STL-10,train,300,0,airplane,6304
STL-10,train,301,2,car,6304
STL-10,train,302,3,cat,6304
STL-10,train,305,5,dog,6304
STL-10,train,306,9,truck,6304
STL-10,train,307,2,car,6304
STL-10,train,308,6,horse,6304
STL-10,train,309,3,cat,6304
STL-10,train,310,1,bird,6304
STL-10,train,312,7,monkey,6304
STL-10,train,315,5,dog,6304
STL-10,train,316,5,dog,6304
STL-10,train,317,5,dog,6304
STL-10,train,319,9,truck,6304
STL-10,train,324,0,airplane,6304
STL-10,train,325,3,cat,6304
STL-10,train,326,3,cat,6304
STL-10,train,327,3,cat,6304
STL-10,train,328,0,airplane,6304
STL-10,train,329,5,dog,6304
STL-10,train,330,0,airplane,6304
STL-10,train,331,9,truck,6304
STL-10,train,332,2,car,6304
STL-10,train,335,1,bird,6304
STL-10,train,336,2,car,6304
STL-10,train,338,7,monkey,6304
STL-10,train,339,1,bird,6304
STL-10,train,340,0,airplane,6304
STL-10,train,341,8,ship,6304
STL-10,train,342,8,ship,6304
STL-10,train,343,0,airplane,6304
STL-10,train,344,0,airplane,6304
STL-10,train,345,3,cat,6304
STL-10,train,346,8,ship,6304
STL-10,train,347,3,cat,6304
STL-10,train,348,0,airplane,6304
STL-10,train,349,3,cat,6304
STL-10,train,354,0,airplane,6304
STL-10,train,355,8,ship,6304
STL-10,train,356,8,ship,6304
STL-10,train,357,6,horse,6304
STL-10,train,358,6,horse,6304
STL-10,train,360,6,horse,6304
STL-10,train,361,9,truck,6304
STL-10,train,363,7,monkey,6304
STL-10,train,364,8,ship,6304
STL-10,train,367,7,monkey,6304
STL-10,train,368,0,airplane,6304
STL-10,train,369,1,bird,6304
STL-10,train,370,8,ship,6304
STL-10,train,372,1,bird,6304
STL-10,train,373,1,bird,6304
STL-10,train,374,2,car,6304
STL-10,train,375,8,ship,6304
STL-10,train,377,3,cat,6304
STL-10,train,378,5,dog,6304
STL-10,train,379,7,monkey,6304
STL-10,train,380,1,bird,6304
STL-10,train,382,4,deer,6304
STL-10,train,383,5,dog,6304
STL-10,train,384,1,bird,6304
STL-10,train,385,6,horse,6304
STL-10,train,386,6,horse,6304
STL-10,train,387,6,horse,6304
STL-10,train,388,4,deer,6304
STL-10,train,389,7,monkey,6304
STL-10,train,390,6,horse,6304
STL-10,train,391,0,airplane,6304
STL-10,train,392,8,ship,6304
STL-10,train,393,5,dog,6304
STL-10,train,394,4,deer,6304
STL-10,train,395,8,ship,6304
STL-10,train,396,9,truck,6304
STL-10,train,397,0,airplane,6304
STL-10,train,398,2,car,6304
STL-10,train,399,6,horse,6304
STL-10,train,400,2,car,6304
STL-10,train,401,7,monkey,6304
STL-10,train,403,9,truck,6304
STL-10,train,405,6,horse,6304
STL-10,train,406,3,cat,6304
STL-10,train,407,5,dog,6304
STL-10,train,408,0,airplane,6304
STL-10,train,409,5,dog,6304
STL-10,train,410,4,deer,6304
STL-10,train,411,7,monkey,6304
STL-10,train,412,0,airplane,6304
STL-10,train,413,7,monkey,6304
STL-10,train,414,9,truck,6304
STL-10,train,415,6,horse,6304
STL-10,train,416,1,bird,6304
STL-10,train,417,8,ship,6304
STL-10,train,418,2,car,6304
STL-10,train,419,2,car,6304
STL-10,train,420,2,car,6304
STL-10,train,421,1,bird,6304
STL-10,train,422,0,airplane,6304
STL-10,train,424,5,dog,6304
STL-10,train,425,1,bird,6304
STL-10,train,426,9,truck,6304
STL-10,train,427,2,car,6304
STL-10,train,428,7,monkey,6304
STL-10,train,430,0,airplane,6304
STL-10,train,431,9,truck,6304
STL-10,train,432,1,bird,6304
STL-10,train,434,4,deer,6304
STL-10,train,436,5,dog,6304
STL-10,train,437,0,airplane,6304
STL-10,train,438,6,horse,6304
STL-10,train,439,2,car,6304
STL-10,train,440,7,monkey,6304
STL-10,train,441,2,car,6304
STL-10,train,444,0,airplane,6304
STL-10,train,445,5,dog,6304
STL-10,train,448,8,ship,6304
STL-10,train,449,8,ship,6304
STL-10,train,450,5,dog,6304
STL-10,train,451,5,dog,6304
STL-10,train,454,7,monkey,6304
STL-10,train,455,3,cat,6304
STL-10,train,456,9,truck,6304
STL-10,train,457,1,bird,6304
STL-10,train,458,9,truck,6304
STL-10,train,460,0,airplane,6304
STL-10,train,461,6,horse,6304
STL-10,train,462,3,cat,6304
STL-10,train,463,6,horse,6304
STL-10,train,464,1,bird,6304
STL-10,train,465,6,horse,6304
STL-10,train,466,0,airplane,6304
STL-10,train,467,5,dog,6304
STL-10,train,469,7,monkey,6304
STL-10,train,470,7,monkey,6304
STL-10,train,471,1,bird,6304
STL-10,train,472,8,ship,6304
STL-10,train,474,7,monkey,6304
STL-10,train,475,6,horse,6304
STL-10,train,476,3,cat,6304
STL-10,train,477,7,monkey,6304
STL-10,train,478,0,airplane,6304
STL-10,train,479,9,truck,6304
STL-10,train,480,1,bird,6304
STL-10,train,481,8,ship,6304
STL-10,train,482,5,dog,6304
STL-10,train,483,8,ship,6304
STL-10,train,484,8,ship,6304
STL-10,train,485,9,truck,6304
STL-10,train,486,4,deer,6304
STL-10,train,487,0,airplane,6304
STL-10,train,488,9,truck,6304
STL-10,train,489,1,bird,6304
STL-10,train,490,5,dog,6304
STL-10,train,491,2,car,6304
STL-10,train,492,4,deer,6304
STL-10,train,493,3,cat,6304
STL-10,train,494,7,monkey,6304
STL-10,train,495,5,dog,6304
STL-10,train,497,6,horse,6304
STL-10,train,498,2,car,6304
STL-10,train,499,4,deer,6304
STL-10,train,502,2,car,6304
STL-10,train,504,9,truck,6304
STL-10,train,505,3,cat,6304
STL-10,train,506,3,cat,6304
STL-10,train,507,7,monkey,6304
STL-10,train,508,5,dog,6304
STL-10,train,509,2,car,6304
STL-10,train,511,8,ship,6304
STL-10,train,512,2,car,6304
STL-10,train,513,2,car,6304
STL-10,train,514,9,truck,6304
STL-10,train,515,9,truck,6304
STL-10,train,518,9,truck,6304
STL-10,train,519,9,truck,6304
STL-10,train,521,2,car,6304
STL-10,train,522,0,airplane,6304
STL-10,train,523,5,dog,6304
STL-10,train,524,1,bird,6304
STL-10,train,525,9,truck,6304
STL-10,train,526,5,dog,6304
STL-10,train,528,6,horse,6304
STL-10,train,529,3,cat,6304
STL-10,train,530,8,ship,6304
STL-10,train,534,4,deer,6304
STL-10,train,536,8,ship,6304
STL-10,train,537,8,ship,6304
STL-10,train,538,6,horse,6304
STL-10,train,539,9,truck,6304
STL-10,train,540,7,monkey,6304
STL-10,train,542,9,truck,6304
STL-10,train,543,2,car,6304
STL-10,train,544,4,deer,6304
STL-10,train,545,1,bird,6304
STL-10,train,547,6,horse,6304
STL-10,train,550,7,monkey,6304
STL-10,train,551,6,horse,6304
STL-10,train,552,7,monkey,6304
STL-10,train,553,0,airplane,6304
STL-10,train,554,1,bird,6304
STL-10,train,559,9,truck,6304
STL-10,train,560,8,ship,6304
STL-10,train,562,0,airplane,6304
STL-10,train,563,2,car,6304
STL-10,train,565,9,truck,6304
STL-10,train,566,7,monkey,6304
STL-10,train,568,1,bird,6304
STL-10,train,569,5,dog,6304
STL-10,train,570,6,horse,6304
STL-10,train,571,9,truck,6304
STL-10,train,572,5,dog,6304
STL-10,train,573,9,truck,6304
STL-10,train,574,0,airplane,6304
STL-10,train,575,9,truck,6304
STL-10,train,577,0,airplane,6304
STL-10,train,578,4,deer,6304
STL-10,train,579,0,airplane,6304
STL-10,train,580,5,dog,6304
STL-10,train,581,2,car,6304
STL-10,train,582,7,monkey,6304
STL-10,train,583,3,cat,6304
STL-10,train,584,3,cat,6304
STL-10,train,585,0,airplane,6304
STL-10,train,586,8,ship,6304
STL-10,train,587,8,ship,6304
STL-10,train,588,3,cat,6304
STL-10,train,589,6,horse,6304
STL-10,train,591,2,car,6304
STL-10,train,592,0,airplane,6304
STL-10,train,593,7,monkey,6304
STL-10,train,595,2,car,6304
STL-10,train,596,1,bird,6304
STL-10,train,597,3,cat,6304
STL-10,train,598,2,car,6304
STL-10,train,599,3,cat,6304
STL-10,train,600,8,ship,6304
STL-10,train,601,5,dog,6304
STL-10,train,603,6,horse,6304
STL-10,train,604,5,dog,6304
STL-10,train,605,6,horse,6304
STL-10,train,606,0,airplane,6304
STL-10,train,607,8,ship,6304
STL-10,train,608,4,deer,6304
STL-10,train,609,9,truck,6304
STL-10,train,611,8,ship,6304
STL-10,train,613,9,truck,6304
STL-10,train,614,1,bird,6304
STL-10,train,615,0,airplane,6304
STL-10,train,616,1,bird,6304
STL-10,train,617,5,dog,6304
STL-10,train,618,5,dog,6304
STL-10,train,619,4,deer,6304
STL-10,train,620,4,deer,6304
STL-10,train,621,3,cat,6304
STL-10,train,623,4,deer,6304
STL-10,train,624,5,dog,6304
STL-10,train,625,6,horse,6304
STL-10,train,626,4,deer,6304
STL-10,train,627,2,car,6304
STL-10,train,628,1,bird,6304
STL-10,train,629,2,car,6304
STL-10,train,630,9,truck,6304
STL-10,train,632,6,horse,6304
STL-10,train,633,7,monkey,6304
STL-10,train,635,5,dog,6304
STL-10,train,636,1,bird,6304
STL-10,train,637,2,car,6304
STL-10,train,638,3,cat,6304
STL-10,train,639,6,horse,6304
STL-10,train,640,1,bird,6304
STL-10,train,644,9,truck,6304
STL-10,train,645,4,deer,6304
STL-10,train,647,9,truck,6304
STL-10,train,650,1,bird,6304
STL-10,train,651,0,airplane,6304
STL-10,train,652,8,ship,6304
STL-10,train,653,6,horse,6304
STL-10,train,654,9,truck,6304
STL-10,train,655,5,dog,6304
STL-10,train,656,1,bird,6304
STL-10,train,657,3,cat,6304
STL-10,train,658,4,deer,6304
STL-10,train,660,9,truck,6304
STL-10,train,662,9,truck,6304
STL-10,train,663,3,cat,6304
STL-10,train,665,3,cat,6304
STL-10,train,666,8,ship,6304
STL-10,train,667,2,car,6304
STL-10,train,668,9,truck,6304
STL-10,train,669,5,dog,6304
STL-10,train,670,3,cat,6304
STL-10,train,671,8,ship,6304
STL-10,train,672,7,monkey,6304
STL-10,train,673,2,car,6304
STL-10,train,674,8,ship,6304
STL-10,train,675,2,car,6304
STL-10,train,676,0,airplane,6304
STL-10,train,677,6,horse,6304
STL-10,train,678,6,horse,6304
STL-10,train,680,4,deer,6304
STL-10,train,681,1,bird,6304
STL-10,train,683,7,monkey,6304
STL-10,train,684,3,cat,6304
STL-10,train,685,7,monkey,6304
STL-10,train,686,0,airplane,6304
STL-10,train,687,2,car,6304
STL-10,train,688,9,truck,6304
STL-10,train,689,0,airplane,6304
STL-10,train,690,5,dog,6304
STL-10,train,691,5,dog,6304
STL-10,train,692,6,horse,6304
STL-10,train,693,8,ship,6304
STL-10,train,695,0,airplane,6304
STL-10,train,696,1,bird,6304
STL-10,train,697,1,bird,6304
STL-10,train,698,7,monkey,6304
STL-10,train,699,4,deer,6304
STL-10,train,700,9,truck,6304
STL-10,train,701,6,horse,6304
STL-10,train,702,7,monkey,6304
STL-10,train,703,4,deer,6304
STL-10,train,704,9,truck,6304
STL-10,train,705,9,truck,6304
STL-10,train,706,2,car,6304
STL-10,train,707,7,monkey,6304
STL-10,train,709,5,dog,6304
STL-10,train,710,4,deer,6304
STL-10,train,711,0,airplane,6304
STL-10,train,713,7,monkey,6304
STL-10,train,715,5,dog,6304
STL-10,train,717,4,deer,6304
STL-10,train,718,8,ship,6304
STL-10,train,720,5,dog,6304
STL-10,train,721,6,horse,6304
STL-10,train,722,4,deer,6304
STL-10,train,723,8,ship,6304
STL-10,train,724,1,bird,6304
STL-10,train,725,2,car,6304
STL-10,train,727,9,truck,6304
STL-10,train,730,0,airplane,6304
STL-10,train,731,8,ship,6304
STL-10,train,732,2,car,6304
STL-10,train,733,0,airplane,6304
STL-10,train,736,0,airplane,6304
STL-10,train,737,4,deer,6304
STL-10,train,738,6,horse,6304
STL-10,train,739,3,cat,6304
STL-10,train,740,0,airplane,6304
STL-10,train,741,3,cat,6304
STL-10,train,742,4,deer,6304
STL-10,train,743,6,horse,6304
STL-10,train,744,0,airplane,6304
STL-10,train,745,7,monkey,6304
STL-10,train,746,5,dog,6304
STL-10,train,747,5,dog,6304
STL-10,train,749,5,dog,6304
STL-10,train,750,2,car,6304
STL-10,train,751,8,ship,6304
STL-10,train,752,6,horse,6304
STL-10,train,753,1,bird,6304
STL-10,train,754,8,ship,6304
STL-10,train,756,7,monkey,6304
STL-10,train,757,3,cat,6304
STL-10,train,759,3,cat,6304
STL-10,train,760,9,truck,6304
STL-10,train,761,6,horse,6304
STL-10,train,762,1,bird,6304
STL-10,train,763,7,monkey,6304
STL-10,train,765,4,deer,6304
STL-10,train,766,1,bird,6304
STL-10,train,767,2,car,6304
STL-10,train,769,7,monkey,6304
STL-10,train,770,2,car,6304
STL-10,train,772,2,car,6304
STL-10,train,773,7,monkey,6304
STL-10,train,774,7,monkey,6304
STL-10,train,775,5,dog,6304
STL-10,train,776,1,bird,6304
STL-10,train,777,3,cat,6304
STL-10,train,779,0,airplane,6304
STL-10,train,780,1,bird,6304
STL-10,train,781,0,airplane,6304
STL-10,train,782,7,monkey,6304
STL-10,train,783,3,cat,6304
STL-10,train,784,9,truck,6304
STL-10,train,786,2,car,6304
STL-10,train,789,9,truck,6304
STL-10,train,790,8,ship,6304
STL-10,train,791,9,truck,6304
STL-10,train,792,4,deer,6304
STL-10,train,793,6,horse,6304
STL-10,train,794,3,cat,6304
STL-10,train,795,9,truck,6304
STL-10,train,796,5,dog,6304
STL-10,train,797,4,deer,6304
STL-10,train,799,2,car,6304
STL-10,train,801,7,monkey,6304
STL-10,train,802,3,cat,6304
STL-10,train,804,3,cat,6304
STL-10,train,805,7,monkey,6304
STL-10,train,808,3,cat,6304
STL-10,train,809,9,truck,6304
STL-10,train,810,3,cat,6304
STL-10,train,811,9,truck,6304
STL-10,train,812,8,ship,6304
STL-10,train,814,0,airplane,6304
STL-10,train,815,7,monkey,6304
STL-10,train,817,1,bird,6304
STL-10,train,818,2,car,6304
STL-10,train,821,9,truck,6304
STL-10,train,822,8,ship,6304
STL-10,train,823,5,dog,6304
STL-10,train,824,9,truck,6304
STL-10,train,825,0,airplane,6304
STL-10,train,826,1,bird,6304
STL-10,train,827,2,car,6304
STL-10,train,828,5,dog,6304
STL-10,train,829,6,horse,6304
STL-10,train,830,3,cat,6304
STL-10,train,832,3,cat,6304
STL-10,train,833,3,cat,6304
STL-10,train,834,5,dog,6304
STL-10,train,835,1,bird,6304
STL-10,train,836,2,car,6304
STL-10,train,838,1,bird,6304
STL-10,train,839,7,monkey,6304
STL-10,train,840,8,ship,6304
STL-10,train,841,7,monkey,6304
STL-10,train,842,4,deer,6304
STL-10,train,843,8,ship,6304
STL-10,train,844,6,horse,6304
STL-10,train,845,6,horse,6304
STL-10,train,847,2,car,6304
STL-10,train,849,5,dog,6304
STL-10,train,850,3,cat,6304
STL-10,train,851,8,ship,6304
STL-10,train,852,3,cat,6304
STL-10,train,854,9,truck,6304
STL-10,train,855,7,monkey,6304
STL-10,train,856,1,bird,6304
STL-10,train,857,8,ship,6304
STL-10,train,858,0,airplane,6304
STL-10,train,860,6,horse,6304
STL-10,train,861,8,ship,6304
STL-10,train,863,7,monkey,6304
STL-10,train,864,9,truck,6304
STL-10,train,865,1,bird,6304
STL-10,train,867,5,dog,6304
STL-10,train,868,5,dog,6304
STL-10,train,869,7,monkey,6304
STL-10,train,870,6,horse,6304
STL-10,train,871,1,bird,6304
STL-10,train,872,1,bird,6304
STL-10,train,873,6,horse,6304
STL-10,train,874,7,monkey,6304
STL-10,train,877,1,bird,6304
STL-10,train,878,5,dog,6304
STL-10,train,879,2,car,6304
STL-10,train,880,7,monkey,6304
STL-10,train,881,5,dog,6304
STL-10,train,882,8,ship,6304
STL-10,train,883,8,ship,6304
STL-10,train,885,0,airplane,6304
STL-10,train,886,1,bird,6304
STL-10,train,887,3,cat,6304
STL-10,train,889,7,monkey,6304
STL-10,train,891,2,car,6304
STL-10,train,893,3,cat,6304
STL-10,train,898,1,bird,6304
STL-10,train,899,1,bird,6304
STL-10,train,900,5,dog,6304
STL-10,train,901,1,bird,6304
STL-10,train,902,3,cat,6304
STL-10,train,904,3,cat,6304
STL-10,train,905,5,dog,6304
STL-10,train,906,2,car,6304
STL-10,train,907,5,dog,6304
STL-10,train,909,8,ship,6304
STL-10,train,910,2,car,6304
STL-10,train,912,1,bird,6304
STL-10,train,913,1,bird,6304
STL-10,train,915,9,truck,6304
STL-10,train,916,1,bird,6304
STL-10,train,917,8,ship,6304
STL-10,train,918,6,horse,6304
STL-10,train,920,2,car,6304
STL-10,train,921,3,cat,6304
STL-10,train,922,3,cat,6304
STL-10,train,923,9,truck,6304
STL-10,train,924,8,ship,6304
STL-10,train,925,1,bird,6304
STL-10,train,927,6,horse,6304
STL-10,train,928,5,dog,6304
STL-10,train,929,1,bird,6304
STL-10,train,930,5,dog,6304
STL-10,train,931,9,truck,6304
STL-10,train,932,2,car,6304
STL-10,train,933,0,airplane,6304
STL-10,train,934,0,airplane,6304
STL-10,train,935,6,horse,6304
STL-10,train,937,7,monkey,6304
STL-10,train,938,0,airplane,6304
STL-10,train,939,9,truck,6304
STL-10,train,940,9,truck,6304
STL-10,train,941,4,deer,6304
STL-10,train,942,6,horse,6304
STL-10,train,943,6,horse,6304
STL-10,train,944,9,truck,6304
STL-10,train,945,1,bird,6304
STL-10,train,948,8,ship,6304
STL-10,train,949,8,ship,6304
STL-10,train,950,6,horse,6304
STL-10,train,951,2,car,6304
STL-10,train,952,3,cat,6304
STL-10,train,953,1,bird,6304
STL-10,train,955,4,deer,6304
STL-10,train,956,3,cat,6304
STL-10,train,957,8,ship,6304
STL-10,train,958,9,truck,6304
STL-10,train,961,3,cat,6304
STL-10,train,963,0,airplane,6304
STL-10,train,964,5,dog,6304
STL-10,train,965,4,deer,6304
STL-10,train,966,5,dog,6304
STL-10,train,967,3,cat,6304
STL-10,train,968,4,deer,6304
STL-10,train,969,9,truck,6304
STL-10,train,970,3,cat,6304
STL-10,train,971,6,horse,6304
STL-10,train,972,6,horse,6304
STL-10,train,973,6,horse,6304
STL-10,train,974,8,ship,6304
STL-10,train,976,3,cat,6304
STL-10,train,977,5,dog,6304
STL-10,train,978,7,monkey,6304
STL-10,train,980,0,airplane,6304
STL-10,train,981,7,monkey,6304
STL-10,train,982,5,dog,6304
STL-10,train,984,4,deer,6304
STL-10,train,985,4,deer,6304
STL-10,train,986,5,dog,6304
STL-10,train,987,5,dog,6304
STL-10,train,988,9,truck,6304
STL-10,train,989,7,monkey,6304
STL-10,train,990,7,monkey,6304
STL-10,train,992,9,truck,6304
STL-10,train,993,2,car,6304
STL-10,train,994,2,car,6304
STL-10,train,995,1,bird,6304
STL-10,train,997,0,airplane,6304
STL-10,train,998,0,airplane,6304
STL-10,train,999,0,airplane,6304
STL-10,train,1000,2,car,6304
STL-10,train,1001,3,cat,6304
STL-10,train,1002,1,bird,6304
STL-10,train,1004,1,bird,6304
STL-10,train,1006,0,airplane,6304
STL-10,train,1007,9,truck,6304
STL-10,train,1008,3,cat,6304
STL-10,train,1010,7,monkey,6304
STL-10,train,1011,7,monkey,6304
STL-10,train,1012,0,airplane,6304
STL-10,train,1013,9,truck,6304
STL-10,train,1014,8,ship,6304
STL-10,train,1015,5,dog,6304
STL-10,train,1016,9,truck,6304
STL-10,train,1017,7,monkey,6304
STL-10,train,1018,1,bird,6304
STL-10,train,1019,5,dog,6304
STL-10,train,1021,4,deer,6304
STL-10,train,1023,6,horse,6304
STL-10,train,1024,5,dog,6304
STL-10,train,1026,1,bird,6304
STL-10,train,1029,9,truck,6304
STL-10,train,1030,0,airplane,6304
STL-10,train,1031,1,bird,6304
STL-10,train,1032,7,monkey,6304
STL-10,train,1033,1,bird,6304
STL-10,train,1034,3,cat,6304
STL-10,train,1035,9,truck,6304
STL-10,train,1037,0,airplane,6304
STL-10,train,1039,0,airplane,6304
STL-10,train,1041,9,truck,6304
STL-10,train,1042,4,deer,6304
STL-10,train,1043,3,cat,6304
STL-10,train,1045,8,ship,6304
STL-10,train,1049,9,truck,6304
STL-10,train,1050,3,cat,6304
STL-10,train,1051,6,horse,6304
STL-10,train,1053,2,car,6304
STL-10,train,1054,1,bird,6304
STL-10,train,1055,0,airplane,6304
STL-10,train,1056,0,airplane,6304
STL-10,train,1057,3,cat,6304
STL-10,train,1058,6,horse,6304
STL-10,train,1059,3,cat,6304
STL-10,train,1060,4,deer,6304
STL-10,train,1061,1,bird,6304
STL-10,train,1064,9,truck,6304
STL-10,train,1065,8,ship,6304
STL-10,train,1066,2,car,6304
STL-10,train,1067,9,truck,6304
STL-10,train,1068,2,car,6304
STL-10,train,1069,9,truck,6304
STL-10,train,1070,9,truck,6304
STL-10,train,1072,9,truck,6304
STL-10,train,1073,1,bird,6304
STL-10,train,1074,2,car,6304
STL-10,train,1075,7,monkey,6304
STL-10,train,1077,3,cat,6304
STL-10,train,1079,2,car,6304
STL-10,train,1080,9,truck,6304
STL-10,train,1081,2,car,6304
STL-10,train,1083,9,truck,6304
STL-10,train,1084,3,cat,6304
STL-10,train,1085,7,monkey,6304
STL-10,train,1086,4,deer,6304
STL-10,train,1087,1,bird,6304
STL-10,train,1088,1,bird,6304
STL-10,train,1089,0,airplane,6304
STL-10,train,1090,0,airplane,6304
STL-10,train,1091,7,monkey,6304
STL-10,train,1092,5,dog,6304
STL-10,train,1094,5,dog,6304
STL-10,train,1095,3,cat,6304
STL-10,train,1098,6,horse,6304
STL-10,train,1100,3,cat,6304
STL-10,train,1101,3,cat,6304
STL-10,train,1103,5,dog,6304
STL-10,train,1105,3,cat,6304
STL-10,train,1107,5,dog,6304
STL-10,train,1108,2,car,6304
STL-10,train,1111,7,monkey,6304
STL-10,train,1113,2,car,6304
STL-10,train,1114,6,horse,6304
STL-10,train,1115,4,deer,6304
STL-10,train,1116,8,ship,6304
STL-10,train,1117,0,airplane,6304
STL-10,train,1119,3,cat,6304
STL-10,train,1121,7,monkey,6304
STL-10,train,1122,4,deer,6304
STL-10,train,1123,6,horse,6304
STL-10,train,1124,0,airplane,6304
STL-10,train,1125,3,cat,6304
STL-10,train,1126,8,ship,6304
STL-10,train,1127,8,ship,6304
STL-10,train,1128,6,horse,6304
STL-10,train,1129,6,horse,6304
STL-10,train,1130,2,car,6304
STL-10,train,1131,0,airplane,6304
STL-10,train,1132,9,truck,6304
STL-10,train,1134,1,bird,6304
STL-10,train,1135,6,horse,6304
STL-10,train,1136,0,airplane,6304
STL-10,train,1137,3,cat,6304
STL-10,train,1139,9,truck,6304
STL-10,train,1140,5,dog,6304
STL-10,train,1141,7,monkey,6304
STL-10,train,1142,6,horse,6304
STL-10,train,1143,2,car,6304
STL-10,train,1144,6,horse,6304
STL-10,train,1146,3,cat,6304
STL-10,train,1147,2,car,6304
STL-10,train,1150,9,truck,6304
STL-10,train,1152,0,airplane,6304
STL-10,train,1153,0,airplane,6304
STL-10,train,1154,3,cat,6304
STL-10,train,1155,5,dog,6304
STL-10,train,1157,8,ship,6304
STL-10,train,1158,2,car,6304
STL-10,train,1159,9,truck,6304
STL-10,train,1160,3,cat,6304
STL-10,train,1161,8,ship,6304
STL-10,train,1163,3,cat,6304
STL-10,train,1166,1,bird,6304
STL-10,train,1167,8,ship,6304
STL-10,train,1168,2,car,6304
STL-10,train,1171,7,monkey,6304
STL-10,train,1172,8,ship,6304
STL-10,train,1173,3,cat,6304
STL-10,train,1174,9,truck,6304
STL-10,train,1175,1,bird,6304
STL-10,train,1176,4,deer,6304
STL-10,train,1177,6,horse,6304
STL-10,train,1179,1,bird,6304
STL-10,train,1180,9,truck,6304
STL-10,train,1181,6,horse,6304
STL-10,train,1183,7,monkey,6304
STL-10,train,1185,9,truck,6304
STL-10,train,1186,8,ship,6304
STL-10,train,1187,6,horse,6304
STL-10,train,1188,1,bird,6304
STL-10,train,1189,8,ship,6304
STL-10,train,1191,8,ship,6304
STL-10,train,1192,4,deer,6304
STL-10,train,1193,3,cat,6304
STL-10,train,1194,1,bird,6304
STL-10,train,1195,9,truck,6304
STL-10,train,1196,8,ship,6304
STL-10,train,1197,1,bird,6304
STL-10,train,1199,3,cat,6304
STL-10,train,1200,3,cat,6304
STL-10,train,1201,3,cat,6304
STL-10,train,1203,7,monkey,6304
STL-10,train,1204,6,horse,6304
STL-10,train,1205,5,dog,6304
STL-10,train,1206,8,ship,6304
STL-10,train,1207,4,deer,6304
STL-10,train,1208,9,truck,6304
STL-10,train,1209,6,horse,6304
STL-10,train,1210,2,car,6304
STL-10,train,1212,4,deer,6304
STL-10,train,1213,0,airplane,6304
STL-10,train,1214,8,ship,6304
STL-10,train,1215,0,airplane,6304
STL-10,train,1216,5,dog,6304
STL-10,train,1217,6,horse,6304
STL-10,train,1218,5,dog,6304
STL-10,train,1219,1,bird,6304
STL-10,train,1220,5,dog,6304
STL-10,train,1223,4,deer,6304
STL-10,train,1224,7,monkey,6304
STL-10,train,1225,9,truck,6304
STL-10,train,1226,4,deer,6304
STL-10,train,1227,1,bird,6304
STL-10,train,1229,6,horse,6304
STL-10,train,1231,2,car,6304
STL-10,train,1232,1,bird,6304
STL-10,train,1233,3,cat,6304
STL-10,train,1234,9,truck,6304
STL-10,train,1235,5,dog,6304
STL-10,train,1236,1,bird,6304
STL-10,train,1237,0,airplane,6304
STL-10,train,1238,3,cat,6304
STL-10,train,1239,7,monkey,6304
STL-10,train,1240,7,monkey,6304
STL-10,train,1241,6,horse,6304
STL-10,train,1242,1,bird,6304
STL-10,train,1243,9,truck,6304
STL-10,train,1245,3,cat,6304
STL-10,train,1246,1,bird,6304
STL-10,train,1248,6,horse,6304
STL-10,train,1249,4,deer,6304
STL-10,train,1250,5,dog,6304
STL-10,train,1251,7,monkey,6304
STL-10,train,1252,7,monkey,6304
STL-10,train,1253,8,ship,6304
STL-10,train,1255,5,dog,6304
STL-10,train,1256,9,truck,6304
STL-10,train,1258,5,dog,6304
STL-10,train,1259,7,monkey,6304
STL-10,train,1260,9,truck,6304
STL-10,train,1261,8,ship,6304
STL-10,train,1262,8,ship,6304
STL-10,train,1263,0,airplane,6304
STL-10,train,1264,2,car,6304
STL-10,train,1265,4,deer,6304
STL-10,train,1266,3,cat,6304
STL-10,train,1267,0,airplane,6304
STL-10,train,1269,3,cat,6304
STL-10,train,1270,5,dog,6304
STL-10,train,1272,5,dog,6304
STL-10,train,1273,1,bird,6304
STL-10,train,1276,6,horse,6304
STL-10,train,1277,3,cat,6304
STL-10,train,1278,0,airplane,6304
STL-10,train,1279,7,monkey,6304
STL-10,train,1281,0,airplane,6304
STL-10,train,1282,6,horse,6304
STL-10,train,1284,6,horse,6304
STL-10,train,1286,4,deer,6304
STL-10,train,1287,3,cat,6304
STL-10,train,1288,4,deer,6304
STL-10,train,1289,1,bird,6304
STL-10,train,1291,3,cat,6304
STL-10,train,1292,6,horse,6304
STL-10,train,1293,8,ship,6304
STL-10,train,1294,4,deer,6304
STL-10,train,1295,7,monkey,6304
STL-10,train,1296,4,deer,6304
STL-10,train,1297,0,airplane,6304
STL-10,train,1298,9,truck,6304
STL-10,train,1299,2,car,6304
STL-10,train,1300,1,bird,6304
STL-10,train,1301,6,horse,6304
STL-10,train,1302,4,deer,6304
STL-10,train,1303,9,truck,6304
STL-10,train,1304,2,car,6304
STL-10,train,1305,1,bird,6304
STL-10,train,1306,8,ship,6304
STL-10,train,1307,0,airplane,6304
STL-10,train,1308,1,bird,6304
STL-10,train,1309,6,horse,6304
STL-10,train,1310,4,deer,6304
STL-10,train,1311,7,monkey,6304
STL-10,train,1312,6,horse,6304
STL-10,train,1313,6,horse,6304
STL-10,train,1314,5,dog,6304
STL-10,train,1315,2,car,6304
STL-10,train,1316,1,bird,6304
STL-10,train,1317,8,ship,6304
STL-10,train,1318,9,truck,6304
STL-10,train,1319,2,car,6304
STL-10,train,1320,2,car,6304
STL-10,train,1321,8,ship,6304
STL-10,train,1322,9,truck,6304
STL-10,train,1323,5,dog,6304
STL-10,train,1324,6,horse,6304
STL-10,train,1325,9,truck,6304
STL-10,train,1326,2,car,6304
STL-10,train,1327,8,ship,6304
STL-10,train,1328,3,cat,6304
STL-10,train,1329,3,cat,6304
STL-10,train,1330,4,deer,6304
STL-10,train,1332,0,airplane,6304
STL-10,train,1333,8,ship,6304
STL-10,train,1334,6,horse,6304
STL-10,train,1335,8,ship,6304
STL-10,train,1336,8,ship,6304
STL-10,train,1337,7,monkey,6304
STL-10,train,1338,3,cat,6304
STL-10,train,1339,3,cat,6304
STL-10,train,1340,8,ship,6304
STL-10,train,1341,2,car,6304
STL-10,train,1342,4,deer,6304
STL-10,train,1343,1,bird,6304
STL-10,train,1344,8,ship,6304
STL-10,train,1345,4,deer,6304
STL-10,train,1347,6,horse,6304
STL-10,train,1348,2,car,6304
STL-10,train,1350,1,bird,6304
STL-10,train,1351,8,ship,6304
STL-10,train,1352,5,dog,6304
STL-10,train,1353,1,bird,6304
STL-10,train,1354,1,bird,6304
STL-10,train,1356,7,monkey,6304
STL-10,train,1357,3,cat,6304
STL-10,train,1358,1,bird,6304
STL-10,train,1359,1,bird,6304
STL-10,train,1360,5,dog,6304
STL-10,train,1362,6,horse,6304
STL-10,train,1364,3,cat,6304
STL-10,train,1365,7,monkey,6304
STL-10,train,1366,4,deer,6304
STL-10,train,1367,6,horse,6304
STL-10,train,1368,8,ship,6304
STL-10,train,1371,2,car,6304
STL-10,train,1372,4,deer,6304
STL-10,train,1373,9,truck,6304
STL-10,train,1374,3,cat,6304
STL-10,train,1375,5,dog,6304
STL-10,train,1378,8,ship,6304
STL-10,train,1379,9,truck,6304
STL-10,train,1381,4,deer,6304
STL-10,train,1382,0,airplane,6304
STL-10,train,1383,9,truck,6304
STL-10,train,1385,0,airplane,6304
STL-10,train,1386,5,dog,6304
STL-10,train,1388,7,monkey,6304
STL-10,train,1389,5,dog,6304
STL-10,train,1390,4,deer,6304
STL-10,train,1391,1,bird,6304
STL-10,train,1392,5,dog,6304
STL-10,train,1396,5,dog,6304
STL-10,train,1397,7,monkey,6304
STL-10,train,1398,6,horse,6304
STL-10,train,1399,2,car,6304
STL-10,train,1400,2,car,6304
STL-10,train,1401,5,dog,6304
STL-10,train,1402,6,horse,6304
STL-10,train,1403,0,airplane,6304
STL-10,train,1404,9,truck,6304
STL-10,train,1405,4,deer,6304
STL-10,train,1406,5,dog,6304
STL-10,train,1408,5,dog,6304
STL-10,train,1409,6,horse,6304
STL-10,train,1411,0,airplane,6304
STL-10,train,1413,7,monkey,6304
STL-10,train,1414,4,deer,6304
STL-10,train,1415,5,dog,6304
STL-10,train,1417,6,horse,6304
STL-10,train,1418,6,horse,6304
STL-10,train,1420,1,bird,6304
STL-10,train,1421,5,dog,6304
STL-10,train,1422,4,deer,6304
STL-10,train,1423,8,ship,6304
STL-10,train,1424,7,monkey,6304
STL-10,train,1425,6,horse,6304
STL-10,train,1426,5,dog,6304
STL-10,train,1427,1,bird,6304
STL-10,train,1428,9,truck,6304
STL-10,train,1429,7,monkey,6304
STL-10,train,1430,9,truck,6304
STL-10,train,1431,8,ship,6304
STL-10,train,1433,6,horse,6304
STL-10,train,1434,6,horse,6304
STL-10,train,1435,7,monkey,6304
STL-10,train,1437,2,car,6304
STL-10,train,1438,7,monkey,6304
STL-10,train,1439,6,horse,6304
STL-10,train,1440,7,monkey,6304
STL-10,train,1441,9,truck,6304
STL-10,train,1442,6,horse,6304
STL-10,train,1443,9,truck,6304
STL-10,train,1444,0,airplane,6304
STL-10,train,1447,5,dog,6304
STL-10,train,1448,9,truck,6304
STL-10,train,1449,0,airplane,6304
STL-10,train,1450,4,deer,6304
STL-10,train,1452,0,airplane,6304
STL-10,train,1453,8,ship,6304
STL-10,train,1454,2,car,6304
STL-10,train,1456,0,airplane,6304
STL-10,train,1457,2,car,6304
STL-10,train,1458,8,ship,6304
STL-10,train,1459,1,bird,6304
STL-10,train,1460,5,dog,6304
STL-10,train,1461,3,cat,6304
STL-10,train,1462,3,cat,6304
STL-10,train,1463,7,monkey,6304
STL-10,train,1464,3,cat,6304
STL-10,train,1465,1,bird,6304
STL-10,train,1466,8,ship,6304
STL-10,train,1468,4,deer,6304
STL-10,train,1470,4,deer,6304
STL-10,train,1471,9,truck,6304
STL-10,train,1472,5,dog,6304
STL-10,train,1473,4,deer,6304
STL-10,train,1475,0,airplane,6304
STL-10,train,1476,9,truck,6304
STL-10,train,1477,0,airplane,6304
STL-10,train,1478,4,deer,6304
STL-10,train,1479,4,deer,6304
STL-10,train,1480,9,truck,6304
STL-10,train,1481,8,ship,6304
STL-10,train,1484,0,airplane,6304
STL-10,train,1485,1,bird,6304
STL-10,train,1486,7,monkey,6304
STL-10,train,1487,4,deer,6304
STL-10,train,1489,7,monkey,6304
STL-10,train,1490,0,airplane,6304
STL-10,train,1493,7,monkey,6304
STL-10,train,1494,7,monkey,6304
STL-10,train,1495,6,horse,6304
STL-10,train,1496,8,ship,6304
STL-10,train,1497,5,dog,6304
STL-10,train,1498,6,horse,6304
STL-10,train,1499,2,car,6304
STL-10,train,1500,1,bird,6304
STL-10,train,1501,5,dog,6304
STL-10,train,1503,7,monkey,6304
STL-10,train,1504,9,truck,6304
STL-10,train,1505,7,monkey,6304
STL-10,train,1507,9,truck,6304
STL-10,train,1508,8,ship,6304
STL-10,train,1509,6,horse,6304
STL-10,train,1510,3,cat,6304
STL-10,train,1512,9,truck,6304
STL-10,train,1514,6,horse,6304
STL-10,train,1515,8,ship,6304
STL-10,train,1516,2,car,6304
STL-10,train,1517,3,cat,6304
STL-10,train,1518,6,horse,6304
STL-10,train,1519,2,car,6304
STL-10,train,1520,1,bird,6304
STL-10,train,1521,6,horse,6304
STL-10,train,1522,8,ship,6304
STL-10,train,1524,7,monkey,6304
STL-10,train,1526,7,monkey,6304
STL-10,train,1527,5,dog,6304
STL-10,train,1528,1,bird,6304
STL-10,train,1529,7,monkey,6304
STL-10,train,1530,1,bird,6304
STL-10,train,1531,9,truck,6304
STL-10,train,1532,4,deer,6304
STL-10,train,1533,7,monkey,6304
STL-10,train,1534,2,car,6304
STL-10,train,1535,5,dog,6304
STL-10,train,1536,7,monkey,6304
STL-10,train,1537,6,horse,6304
STL-10,train,1538,4,deer,6304
STL-10,train,1539,9,truck,6304
STL-10,train,1540,6,horse,6304
STL-10,train,1541,8,ship,6304
STL-10,train,1542,1,bird,6304
STL-10,train,1543,7,monkey,6304
STL-10,train,1544,7,monkey,6304
STL-10,train,1547,5,dog,6304
STL-10,train,1549,4,deer,6304
STL-10,train,1550,8,ship,6304
STL-10,train,1551,2,car,6304
STL-10,train,1552,3,cat,6304
STL-10,train,1553,0,airplane,6304
STL-10,train,1555,9,truck,6304
STL-10,train,1556,6,horse,6304
STL-10,train,1557,4,deer,6304
STL-10,train,1558,7,monkey,6304
STL-10,train,1559,9,truck,6304
STL-10,train,1560,9,truck,6304
STL-10,train,1561,1,bird,6304
STL-10,train,1562,9,truck,6304
STL-10,train,1563,6,horse,6304
STL-10,train,1564,0,airplane,6304
STL-10,train,1565,5,dog,6304
STL-10,train,1566,6,horse,6304
STL-10,train,1567,5,dog,6304
STL-10,train,1568,5,dog,6304
STL-10,train,1569,7,monkey,6304
STL-10,train,1570,4,deer,6304
STL-10,train,1572,5,dog,6304
STL-10,train,1573,3,cat,6304
STL-10,train,1574,5,dog,6304
STL-10,train,1575,4,deer,6304
STL-10,train,1576,0,airplane,6304
STL-10,train,1577,1,bird,6304
STL-10,train,1578,8,ship,6304
STL-10,train,1580,5,dog,6304
STL-10,train,1582,9,truck,6304
STL-10,train,1583,0,airplane,6304
STL-10,train,1584,8,ship,6304
STL-10,train,1587,7,monkey,6304
STL-10,train,1588,0,airplane,6304
STL-10,train,1590,2,car,6304
STL-10,train,1591,5,dog,6304
STL-10,train,1592,8,ship,6304
STL-10,train,1593,2,car,6304
STL-10,train,1595,7,monkey,6304
STL-10,train,1597,7,monkey,6304
STL-10,train,1598,5,dog,6304
STL-10,train,1599,2,car,6304
STL-10,train,1600,8,ship,6304
STL-10,train,1601,8,ship,6304
STL-10,train,1602,8,ship,6304
STL-10,train,1603,8,ship,6304
STL-10,train,1605,7,monkey,6304
STL-10,train,1606,4,deer,6304
STL-10,train,1607,2,car,6304
STL-10,train,1609,0,airplane,6304
STL-10,train,1613,0,airplane,6304
STL-10,train,1614,6,horse,6304
STL-10,train,1616,1,bird,6304
STL-10,train,1617,3,cat,6304
STL-10,train,1618,2,car,6304
STL-10,train,1619,3,cat,6304
STL-10,train,1620,0,airplane,6304
STL-10,train,1621,7,monkey,6304
STL-10,train,1622,8,ship,6304
STL-10,train,1623,0,airplane,6304
STL-10,train,1624,3,cat,6304
STL-10,train,1625,1,bird,6304
STL-10,train,1627,0,airplane,6304
STL-10,train,1629,4,deer,6304
STL-10,train,1630,5,dog,6304
STL-10,train,1631,7,monkey,6304
STL-10,train,1632,2,car,6304
STL-10,train,1634,9,truck,6304
STL-10,train,1635,5,dog,6304
STL-10,train,1636,3,cat,6304
STL-10,train,1637,3,cat,6304
STL-10,train,1638,0,airplane,6304
STL-10,train,1641,0,airplane,6304
STL-10,train,1643,7,monkey,6304
STL-10,train,1644,8,ship,6304
STL-10,train,1645,4,deer,6304
STL-10,train,1646,8,ship,6304
STL-10,train,1647,6,horse,6304
STL-10,train,1648,6,horse,6304
STL-10,train,1649,9,truck,6304
STL-10,train,1650,3,cat,6304
STL-10,train,1651,6,horse,6304
STL-10,train,1652,5,dog,6304
STL-10,train,1653,0,airplane,6304
STL-10,train,1655,5,dog,6304
STL-10,train,1657,9,truck,6304
STL-10,train,1658,8,ship,6304
STL-10,train,1659,5,dog,6304
STL-10,train,1660,3,cat,6304
STL-10,train,1663,6,horse,6304
STL-10,train,1664,3,cat,6304
STL-10,train,1666,5,dog,6304
STL-10,train,1667,5,dog,6304
STL-10,train,1668,3,cat,6304
STL-10,train,1669,3,cat,6304
STL-10,train,1671,0,airplane,6304
STL-10,train,1672,1,bird,6304
STL-10,train,1673,9,truck,6304
STL-10,train,1674,5,dog,6304
STL-10,train,1675,3,cat,6304
STL-10,train,1676,9,truck,6304
STL-10,train,1677,5,dog,6304
STL-10,train,1678,5,dog,6304
STL-10,train,1679,0,airplane,6304
STL-10,train,1680,1,bird,6304
STL-10,train,1681,9,truck,6304
STL-10,train,1682,4,deer,6304
STL-10,train,1683,2,car,6304
STL-10,train,1684,1,bird,6304
STL-10,train,1686,4,deer,6304
STL-10,train,1689,5,dog,6304
STL-10,train,1690,5,dog,6304
STL-10,train,1691,7,monkey,6304
STL-10,train,1692,6,horse,6304
STL-10,train,1693,4,deer,6304
STL-10,train,1694,8,ship,6304
STL-10,train,1695,3,cat,6304
STL-10,train,1696,4,deer,6304
STL-10,train,1697,4,deer,6304
STL-10,train,1698,4,deer,6304
STL-10,train,1699,1,bird,6304
STL-10,train,1700,4,deer,6304
STL-10,train,1701,6,horse,6304
STL-10,train,1702,5,dog,6304
STL-10,train,1703,5,dog,6304
STL-10,train,1704,9,truck,6304
STL-10,train,1705,8,ship,6304
STL-10,train,1706,2,car,6304
STL-10,train,1708,4,deer,6304
STL-10,train,1709,3,cat,6304
STL-10,train,1711,6,horse,6304
STL-10,train,1712,7,monkey,6304
STL-10,train,1713,0,airplane,6304
STL-10,train,1714,7,monkey,6304
STL-10,train,1715,5,dog,6304
STL-10,train,1716,1,bird,6304
STL-10,train,1718,1,bird,6304
STL-10,train,1721,8,ship,6304
STL-10,train,1722,2,car,6304
STL-10,train,1723,8,ship,6304
STL-10,train,1725,3,cat,6304
STL-10,train,1727,4,deer,6304
STL-10,train,1728,5,dog,6304
STL-10,train,1730,6,horse,6304
STL-10,train,1731,0,airplane,6304
STL-10,train,1733,7,monkey,6304
STL-10,train,1734,2,car,6304
STL-10,train,1735,6,horse,6304
STL-10,train,1736,0,airplane,6304
STL-10,train,1737,6,horse,6304
STL-10,train,1739,9,truck,6304
STL-10,train,1741,3,cat,6304
STL-10,train,1742,2,car,6304
STL-10,train,1743,6,horse,6304
STL-10,train,1745,1,bird,6304
STL-10,train,1746,5,dog,6304
STL-10,train,1747,4,deer,6304
STL-10,train,1748,2,car,6304
STL-10,train,1752,4,deer,6304
STL-10,train,1754,0,airplane,6304
STL-10,train,1755,4,deer,6304
STL-10,train,1756,4,deer,6304
STL-10,train,1757,3,cat,6304
STL-10,train,1758,1,bird,6304
STL-10,train,1759,2,car,6304
STL-10,train,1760,7,monkey,6304
STL-10,train,1761,5,dog,6304
STL-10,train,1762,4,deer,6304
STL-10,train,1763,7,monkey,6304
STL-10,train,1764,5,dog,6304
STL-10,train,1765,7,monkey,6304
STL-10,train,1767,0,airplane,6304
STL-10,train,1768,8,ship,6304
STL-10,train,1769,6,horse,6304
STL-10,train,1771,1,bird,6304
STL-10,train,1773,6,horse,6304
STL-10,train,1774,3,cat,6304
STL-10,train,1775,3,cat,6304
STL-10,train,1776,9,truck,6304
STL-10,train,1777,1,bird,6304
STL-10,train,1778,6,horse,6304
STL-10,train,1779,0,airplane,6304
STL-10,train,1781,5,dog,6304
STL-10,train,1782,8,ship,6304
STL-10,train,1783,7,monkey,6304
STL-10,train,1784,6,horse,6304
STL-10,train,1785,0,airplane,6304
STL-10,train,1786,2,car,6304
STL-10,train,1787,4,deer,6304
STL-10,train,1788,1,bird,6304
STL-10,train,1790,9,truck,6304
STL-10,train,1792,5,dog,6304
STL-10,train,1793,6,horse,6304
STL-10,train,1794,2,car,6304
STL-10,train,1795,8,ship,6304
STL-10,train,1796,4,deer,6304
STL-10,train,1797,7,monkey,6304
STL-10,train,1798,3,cat,6304
STL-10,train,1799,4,deer,6304
STL-10,train,1801,1,bird,6304
STL-10,train,1802,8,ship,6304
STL-10,train,1803,6,horse,6304
STL-10,train,1804,7,monkey,6304
STL-10,train,1805,0,airplane,6304
STL-10,train,1806,6,horse,6304
STL-10,train,1809,0,airplane,6304
STL-10,train,1810,6,horse,6304
STL-10,train,1811,7,monkey,6304
STL-10,train,1812,6,horse,6304
STL-10,train,1814,7,monkey,6304
STL-10,train,1816,4,deer,6304
STL-10,train,1817,3,cat,6304
STL-10,train,1818,9,truck,6304
STL-10,train,1819,1,bird,6304
STL-10,train,1820,0,airplane,6304
STL-10,train,1821,9,truck,6304
STL-10,train,1822,5,dog,6304
STL-10,train,1823,4,deer,6304
STL-10,train,1824,0,airplane,6304
STL-10,train,1826,4,deer,6304
STL-10,train,1827,2,car,6304
STL-10,train,1829,7,monkey,6304
STL-10,train,1830,1,bird,6304
STL-10,train,1831,9,truck,6304
STL-10,train,1833,2,car,6304
STL-10,train,1834,7,monkey,6304
STL-10,train,1836,1,bird,6304
STL-10,train,1837,1,bird,6304
STL-10,train,1838,7,monkey,6304
STL-10,train,1839,4,deer,6304
STL-10,train,1840,4,deer,6304
STL-10,train,1841,0,airplane,6304
STL-10,train,1842,4,deer,6304
STL-10,train,1843,2,car,6304
STL-10,train,1844,4,deer,6304
STL-10,train,1845,0,airplane,6304
STL-10,train,1846,8,ship,6304
STL-10,train,1847,9,truck,6304
STL-10,train,1848,6,horse,6304
STL-10,train,1849,2,car,6304
STL-10,train,1850,5,dog,6304
STL-10,train,1851,8,ship,6304
STL-10,train,1853,1,bird,6304
STL-10,train,1854,9,truck,6304
STL-10,train,1855,2,car,6304
STL-10,train,1857,7,monkey,6304
STL-10,train,1858,4,deer,6304
STL-10,train,1859,1,bird,6304
STL-10,train,1860,7,monkey,6304
STL-10,train,1861,5,dog,6304
STL-10,train,1863,5,dog,6304
STL-10,train,1864,3,cat,6304
STL-10,train,1865,6,horse,6304
STL-10,train,1866,5,dog,6304
STL-10,train,1868,9,truck,6304
STL-10,train,1869,0,airplane,6304
STL-10,train,1872,6,horse,6304
STL-10,train,1873,9,truck,6304
STL-10,train,1874,5,dog,6304
STL-10,train,1876,3,cat,6304
STL-10,train,1877,9,truck,6304
STL-10,train,1878,1,bird,6304
STL-10,train,1880,0,airplane,6304
STL-10,train,1882,3,cat,6304
STL-10,train,1884,0,airplane,6304
STL-10,train,1885,2,car,6304
STL-10,train,1886,1,bird,6304
STL-10,train,1887,7,monkey,6304
STL-10,train,1888,8,ship,6304
STL-10,train,1890,3,cat,6304
STL-10,train,1891,0,airplane,6304
STL-10,train,1892,7,monkey,6304
STL-10,train,1893,2,car,6304
STL-10,train,1894,0,airplane,6304
STL-10,train,1895,1,bird,6304
STL-10,train,1896,3,cat,6304
STL-10,train,1897,8,ship,6304
STL-10,train,1899,9,truck,6304
STL-10,train,1900,7,monkey,6304
STL-10,train,1901,6,horse,6304
STL-10,train,1902,6,horse,6304
STL-10,train,1903,7,monkey,6304
STL-10,train,1904,4,deer,6304
STL-10,train,1905,9,truck,6304
STL-10,train,1906,3,cat,6304
STL-10,train,1907,5,dog,6304
STL-10,train,1910,2,car,6304
STL-10,train,1911,7,monkey,6304
STL-10,train,1912,0,airplane,6304
STL-10,train,1913,9,truck,6304
STL-10,train,1914,7,monkey,6304
STL-10,train,1915,9,truck,6304
STL-10,train,1916,2,car,6304
STL-10,train,1917,3,cat,6304
STL-10,train,1918,8,ship,6304
STL-10,train,1919,3,cat,6304
STL-10,train,1920,0,airplane,6304
STL-10,train,1921,5,dog,6304
STL-10,train,1922,0,airplane,6304
STL-10,train,1923,3,cat,6304
STL-10,train,1924,3,cat,6304
STL-10,train,1925,3,cat,6304
STL-10,train,1927,3,cat,6304
STL-10,train,1929,8,ship,6304
STL-10,train,1930,4,deer,6304
STL-10,train,1931,7,monkey,6304
STL-10,train,1932,2,car,6304
STL-10,train,1933,6,horse,6304
STL-10,train,1935,6,horse,6304
STL-10,train,1936,9,truck,6304
STL-10,train,1937,1,bird,6304
STL-10,train,1939,0,airplane,6304
STL-10,train,1940,1,bird,6304
STL-10,train,1942,7,monkey,6304
STL-10,train,1943,2,car,6304
STL-10,train,1945,7,monkey,6304
STL-10,train,1946,2,car,6304
STL-10,train,1947,9,truck,6304
STL-10,train,1948,5,dog,6304
STL-10,train,1950,1,bird,6304
STL-10,train,1951,3,cat,6304
STL-10,train,1953,9,truck,6304
STL-10,train,1954,3,cat,6304
STL-10,train,1955,3,cat,6304
STL-10,train,1956,6,horse,6304
STL-10,train,1958,4,deer,6304
STL-10,train,1959,4,deer,6304
STL-10,train,1960,3,cat,6304
STL-10,train,1961,4,deer,6304
STL-10,train,1962,9,truck,6304
STL-10,train,1963,0,airplane,6304
STL-10,train,1964,6,horse,6304
STL-10,train,1967,8,ship,6304
STL-10,train,1968,7,monkey,6304
STL-10,train,1969,8,ship,6304
STL-10,train,1971,3,cat,6304
STL-10,train,1973,7,monkey,6304
STL-10,train,1974,3,cat,6304
STL-10,train,1976,3,cat,6304
STL-10,train,1977,3,cat,6304
STL-10,train,1978,0,airplane,6304
STL-10,train,1979,6,horse,6304
STL-10,train,1980,7,monkey,6304
STL-10,train,1981,8,ship,6304
STL-10,train,1982,7,monkey,6304
STL-10,train,1983,4,deer,6304
STL-10,train,1984,1,bird,6304
STL-10,train,1986,3,cat,6304
STL-10,train,1987,9,truck,6304
STL-10,train,1988,3,cat,6304
STL-10,train,1989,9,truck,6304
STL-10,train,1990,5,dog,6304
STL-10,train,1991,4,deer,6304
STL-10,train,1992,2,car,6304
STL-10,train,1994,0,airplane,6304
STL-10,train,1995,0,airplane,6304
STL-10,train,1996,4,deer,6304
STL-10,train,1997,4,deer,6304
STL-10,train,1998,0,airplane,6304
STL-10,train,1999,1,bird,6304
STL-10,train,2000,0,airplane,6304
STL-10,train,2001,2,car,6304
STL-10,train,2002,9,truck,6304
STL-10,train,2003,6,horse,6304
STL-10,train,2004,8,ship,6304
STL-10,train,2005,8,ship,6304
STL-10,train,2007,1,bird,6304
STL-10,train,2008,9,truck,6304
STL-10,train,2010,3,cat,6304
STL-10,train,2011,9,truck,6304
STL-10,train,2012,5,dog,6304
STL-10,train,2013,1,bird,6304
STL-10,train,2015,0,airplane,6304
STL-10,train,2016,3,cat,6304
STL-10,train,2017,1,bird,6304
STL-10,train,2018,3,cat,6304
STL-10,train,2021,8,ship,6304
STL-10,train,2022,5,dog,6304
STL-10,train,2024,5,dog,6304
STL-10,train,2025,2,car,6304
STL-10,train,2026,0,airplane,6304
STL-10,train,2027,3,cat,6304
STL-10,train,2029,2,car,6304
STL-10,train,2030,7,monkey,6304
STL-10,train,2034,6,horse,6304
STL-10,train,2038,0,airplane,6304
STL-10,train,2040,0,airplane,6304
STL-10,train,2042,3,cat,6304
STL-10,train,2043,2,car,6304
STL-10,train,2044,8,ship,6304
STL-10,train,2045,7,monkey,6304
STL-10,train,2046,4,deer,6304
STL-10,train,2047,0,airplane,6304
STL-10,train,2048,2,car,6304
STL-10,train,2049,2,car,6304
STL-10,train,2050,1,bird,6304
STL-10,train,2051,2,car,6304
STL-10,train,2052,2,car,6304
STL-10,train,2053,3,cat,6304
STL-10,train,2054,0,airplane,6304
STL-10,train,2055,3,cat,6304
STL-10,train,2056,0,airplane,6304
STL-10,train,2057,6,horse,6304
STL-10,train,2060,4,deer,6304
STL-10,train,2061,9,truck,6304
STL-10,train,2062,5,dog,6304
STL-10,train,2064,4,deer,6304
STL-10,train,2065,5,dog,6304
STL-10,train,2067,5,dog,6304
STL-10,train,2068,2,car,6304
STL-10,train,2069,8,ship,6304
STL-10,train,2072,4,deer,6304
STL-10,train,2073,3,cat,6304
STL-10,train,2074,2,car,6304
STL-10,train,2075,4,deer,6304
STL-10,train,2076,0,airplane,6304
STL-10,train,2077,2,car,6304
STL-10,train,2078,8,ship,6304
STL-10,train,2079,0,airplane,6304
STL-10,train,2080,9,truck,6304
STL-10,train,2081,8,ship,6304
STL-10,train,2083,6,horse,6304
STL-10,train,2084,9,truck,6304
STL-10,train,2085,2,car,6304
STL-10,train,2086,9,truck,6304
STL-10,train,2087,2,car,6304
STL-10,train,2088,6,horse,6304
STL-10,train,2089,7,monkey,6304
STL-10,train,2090,8,ship,6304
STL-10,train,2091,7,monkey,6304
STL-10,train,2093,9,truck,6304
STL-10,train,2094,0,airplane,6304
STL-10,train,2097,9,truck,6304
STL-10,train,2098,4,deer,6304
STL-10,train,2099,9,truck,6304
STL-10,train,2100,0,airplane,6304
STL-10,train,2101,0,airplane,6304
STL-10,train,2102,3,cat,6304
STL-10,train,2104,6,horse,6304
STL-10,train,2105,5,dog,6304
STL-10,train,2107,9,truck,6304
STL-10,train,2109,5,dog,6304
STL-10,train,2110,2,car,6304
STL-10,train,2111,5,dog,6304
STL-10,train,2112,5,dog,6304
STL-10,train,2113,0,airplane,6304
STL-10,train,2114,4,deer,6304
STL-10,train,2115,4,deer,6304
STL-10,train,2118,2,car,6304
STL-10,train,2119,0,airplane,6304
STL-10,train,2120,8,ship,6304
STL-10,train,2121,7,monkey,6304
STL-10,train,2122,6,horse,6304
STL-10,train,2124,2,car,6304
STL-10,train,2125,4,deer,6304
STL-10,train,2126,1,bird,6304
STL-10,train,2127,5,dog,6304
STL-10,train,2128,6,horse,6304
STL-10,train,2129,2,car,6304
STL-10,train,2132,0,airplane,6304
STL-10,train,2133,2,car,6304
STL-10,train,2134,9,truck,6304
STL-10,train,2135,0,airplane,6304
STL-10,train,2136,7,monkey,6304
STL-10,train,2138,3,cat,6304
STL-10,train,2139,6,horse,6304
STL-10,train,2140,0,airplane,6304
STL-10,train,2141,3,cat,6304
STL-10,train,2143,7,monkey,6304
STL-10,train,2144,7,monkey,6304
STL-10,train,2146,7,monkey,6304
STL-10,train,2148,1,bird,6304
STL-10,train,2149,2,car,6304
STL-10,train,2150,3,cat,6304
STL-10,train,2151,8,ship,6304
STL-10,train,2152,4,deer,6304
STL-10,train,2153,3,cat,6304
STL-10,train,2154,5,dog,6304
STL-10,train,2155,0,airplane,6304
STL-10,train,2156,9,truck,6304
STL-10,train,2157,2,car,6304
STL-10,train,2158,2,car,6304
STL-10,train,2159,8,ship,6304
STL-10,train,2160,4,deer,6304
STL-10,train,2161,0,airplane,6304
STL-10,train,2162,6,horse,6304
STL-10,train,2163,1,bird,6304
STL-10,train,2164,2,car,6304
STL-10,train,2166,0,airplane,6304
STL-10,train,2168,7,monkey,6304
STL-10,train,2169,4,deer,6304
STL-10,train,2170,9,truck,6304
STL-10,train,2171,8,ship,6304
STL-10,train,2175,8,ship,6304
STL-10,train,2176,6,horse,6304
STL-10,train,2177,6,horse,6304
STL-10,train,2178,4,deer,6304
STL-10,train,2179,4,deer,6304
STL-10,train,2180,4,deer,6304
STL-10,train,2181,6,horse,6304
STL-10,train,2182,3,cat,6304
STL-10,train,2183,5,dog,6304
STL-10,train,2185,4,deer,6304
STL-10,train,2186,3,cat,6304
STL-10,train,2187,6,horse,6304
STL-10,train,2188,4,deer,6304
STL-10,train,2189,1,bird,6304
STL-10,train,2190,7,monkey,6304
STL-10,train,2191,0,airplane,6304
STL-10,train,2192,2,car,6304
STL-10,train,2194,4,deer,6304
STL-10,train,2195,4,deer,6304
STL-10,train,2196,0,airplane,6304
STL-10,train,2197,9,truck,6304
STL-10,train,2198,6,horse,6304
STL-10,train,2199,0,airplane,6304
STL-10,train,2200,0,airplane,6304
STL-10,train,2202,2,car,6304
STL-10,train,2203,8,ship,6304
STL-10,train,2205,3,cat,6304
STL-10,train,2206,9,truck,6304
STL-10,train,2207,5,dog,6304
STL-10,train,2208,2,car,6304
STL-10,train,2209,9,truck,6304
STL-10,train,2211,9,truck,6304
STL-10,train,2212,4,deer,6304
STL-10,train,2213,3,cat,6304
STL-10,train,2214,4,deer,6304
STL-10,train,2215,0,airplane,6304
STL-10,train,2216,2,car,6304
STL-10,train,2217,4,deer,6304
STL-10,train,2219,6,horse,6304
STL-10,train,2220,2,car,6304
STL-10,train,2222,7,monkey,6304
STL-10,train,2223,4,deer,6304
STL-10,train,2224,1,bird,6304
STL-10,train,2225,9,truck,6304
STL-10,train,2226,8,ship,6304
STL-10,train,2227,9,truck,6304
STL-10,train,2228,5,dog,6304
STL-10,train,2229,3,cat,6304
STL-10,train,2230,5,dog,6304
STL-10,train,2231,9,truck,6304
STL-10,train,2232,2,car,6304
STL-10,train,2233,9,truck,6304
STL-10,train,2234,1,bird,6304
STL-10,train,2235,5,dog,6304
STL-10,train,2236,5,dog,6304
STL-10,train,2239,1,bird,6304
STL-10,train,2240,4,deer,6304
STL-10,train,2241,6,horse,6304
STL-10,train,2242,4,deer,6304
STL-10,train,2243,4,deer,6304
STL-10,train,2244,9,truck,6304
STL-10,train,2245,0,airplane,6304
STL-10,train,2247,9,truck,6304
STL-10,train,2250,3,cat,6304
STL-10,train,2251,6,horse,6304
STL-10,train,2254,1,bird,6304
STL-10,train,2255,7,monkey,6304
STL-10,train,2256,8,ship,6304
STL-10,train,2258,6,horse,6304
STL-10,train,2259,9,truck,6304
STL-10,train,2261,3,cat,6304
STL-10,train,2262,7,monkey,6304
STL-10,train,2263,8,ship,6304
STL-10,train,2264,8,ship,6304
STL-10,train,2265,1,bird,6304
STL-10,train,2267,3,cat,6304
STL-10,train,2268,4,deer,6304
STL-10,train,2269,4,deer,6304
STL-10,train,2272,8,ship,6304
STL-10,train,2273,3,cat,6304
STL-10,train,2274,5,dog,6304
STL-10,train,2275,7,monkey,6304
STL-10,train,2276,0,airplane,6304
STL-10,train,2277,6,horse,6304
STL-10,train,2278,5,dog,6304
STL-10,train,2279,2,car,6304
STL-10,train,2281,0,airplane,6304
STL-10,train,2282,8,ship,6304
STL-10,train,2283,6,horse,6304
STL-10,train,2284,1,bird,6304
STL-10,train,2285,4,deer,6304
STL-10,train,2287,8,ship,6304
STL-10,train,2288,2,car,6304
STL-10,train,2289,7,monkey,6304
STL-10,train,2290,6,horse,6304
STL-10,train,2291,3,cat,6304
STL-10,train,2292,2,car,6304
STL-10,train,2293,4,deer,6304
STL-10,train,2294,6,horse,6304
STL-10,train,2295,4,deer,6304
STL-10,train,2296,0,airplane,6304
STL-10,train,2297,7,monkey,6304
STL-10,train,2298,8,ship,6304
STL-10,train,2300,4,deer,6304
STL-10,train,2301,6,horse,6304
STL-10,train,2302,0,airplane,6304
STL-10,train,2304,7,monkey,6304
STL-10,train,2305,5,dog,6304
STL-10,train,2306,8,ship,6304
STL-10,train,2307,1,bird,6304
STL-10,train,2308,7,monkey,6304
STL-10,train,2309,5,dog,6304
STL-10,train,2310,3,cat,6304
STL-10,train,2311,9,truck,6304
STL-10,train,2312,2,car,6304
STL-10,train,2313,2,car,6304
STL-10,train,2314,4,deer,6304
STL-10,train,2316,3,cat,6304
STL-10,train,2317,1,bird,6304
STL-10,train,2318,7,monkey,6304
STL-10,train,2320,6,horse,6304
STL-10,train,2321,9,truck,6304
STL-10,train,2322,3,cat,6304
STL-10,train,2323,7,monkey,6304
STL-10,train,2324,0,airplane,6304
STL-10,train,2325,9,truck,6304
STL-10,train,2326,5,dog,6304
STL-10,train,2327,2,car,6304
STL-10,train,2328,8,ship,6304
STL-10,train,2329,7,monkey,6304
STL-10,train,2330,3,cat,6304
STL-10,train,2332,6,horse,6304
STL-10,train,2334,6,horse,6304
STL-10,train,2335,2,car,6304
STL-10,train,2338,4,deer,6304
STL-10,train,2342,3,cat,6304
STL-10,train,2343,2,car,6304
STL-10,train,2344,3,cat,6304
STL-10,train,2345,0,airplane,6304
STL-10,train,2346,1,bird,6304
STL-10,train,2347,9,truck,6304
STL-10,train,2348,3,cat,6304
STL-10,train,2350,7,monkey,6304
STL-10,train,2351,0,airplane,6304
STL-10,train,2353,5,dog,6304
STL-10,train,2354,0,airplane,6304
STL-10,train,2355,2,car,6304
STL-10,train,2357,6,horse,6304
STL-10,train,2358,7,monkey,6304
STL-10,train,2360,3,cat,6304
STL-10,train,2362,4,deer,6304
STL-10,train,2363,2,car,6304
STL-10,train,2365,0,airplane,6304
STL-10,train,2366,8,ship,6304
STL-10,train,2368,1,bird,6304
STL-10,train,2369,8,ship,6304
STL-10,train,2370,3,cat,6304
STL-10,train,2372,5,dog,6304
STL-10,train,2373,6,horse,6304
STL-10,train,2374,1,bird,6304
STL-10,train,2375,0,airplane,6304
STL-10,train,2378,8,ship,6304
STL-10,train,2379,2,car,6304
STL-10,train,2380,0,airplane,6304
STL-10,train,2381,4,deer,6304
STL-10,train,2382,6,horse,6304
STL-10,train,2383,4,deer,6304
STL-10,train,2386,7,monkey,6304
STL-10,train,2387,0,airplane,6304
STL-10,train,2388,7,monkey,6304
STL-10,train,2389,8,ship,6304
STL-10,train,2390,9,truck,6304
STL-10,train,2391,2,car,6304
STL-10,train,2392,5,dog,6304
STL-10,train,2393,2,car,6304
STL-10,train,2394,9,truck,6304
STL-10,train,2395,8,ship,6304
STL-10,train,2397,2,car,6304
STL-10,train,2398,9,truck,6304
STL-10,train,2399,3,cat,6304
STL-10,train,2400,2,car,6304
STL-10,train,2401,2,car,6304
STL-10,train,2402,1,bird,6304
STL-10,train,2403,4,deer,6304
STL-10,train,2404,4,deer,6304
STL-10,train,2408,5,dog,6304
STL-10,train,2409,6,horse,6304
STL-10,train,2410,7,monkey,6304
STL-10,train,2413,1,bird,6304
STL-10,train,2415,5,dog,6304
STL-10,train,2416,8,ship,6304
STL-10,train,2417,5,dog,6304
STL-10,train,2418,2,car,6304
STL-10,train,2419,5,dog,6304
STL-10,train,2420,0,airplane,6304
STL-10,train,2421,9,truck,6304
STL-10,train,2422,0,airplane,6304
STL-10,train,2423,7,monkey,6304
STL-10,train,2424,3,cat,6304
STL-10,train,2425,6,horse,6304
STL-10,train,2427,1,bird,6304
STL-10,train,2428,1,bird,6304
STL-10,train,2429,4,deer,6304
STL-10,train,2430,9,truck,6304
STL-10,train,2431,7,monkey,6304
STL-10,train,2433,8,ship,6304
STL-10,train,2435,3,cat,6304
STL-10,train,2436,9,truck,6304
STL-10,train,2437,0,airplane,6304
STL-10,train,2439,1,bird,6304
STL-10,train,2440,0,airplane,6304
STL-10,train,2441,7,monkey,6304
STL-10,train,2442,0,airplane,6304
STL-10,train,2443,8,ship,6304
STL-10,train,2445,9,truck,6304
STL-10,train,2446,8,ship,6304
STL-10,train,2447,0,airplane,6304
STL-10,train,2448,9,truck,6304
STL-10,train,2450,0,airplane,6304
STL-10,train,2452,9,truck,6304
STL-10,train,2454,3,cat,6304
STL-10,train,2455,5,dog,6304
STL-10,train,2456,1,bird,6304
STL-10,train,2457,4,deer,6304
STL-10,train,2458,5,dog,6304
STL-10,train,2459,0,airplane,6304
STL-10,train,2462,3,cat,6304
STL-10,train,2463,1,bird,6304
STL-10,train,2464,5,dog,6304
STL-10,train,2465,8,ship,6304
STL-10,train,2466,7,monkey,6304
STL-10,train,2467,9,truck,6304
STL-10,train,2468,3,cat,6304
STL-10,train,2469,3,cat,6304
STL-10,train,2470,6,horse,6304
STL-10,train,2471,9,truck,6304
STL-10,train,2472,3,cat,6304
STL-10,train,2473,8,ship,6304
STL-10,train,2474,9,truck,6304
STL-10,train,2475,4,deer,6304
STL-10,train,2476,1,bird,6304
STL-10,train,2477,5,dog,6304
STL-10,train,2478,5,dog,6304
STL-10,train,2479,0,airplane,6304
STL-10,train,2480,1,bird,6304
STL-10,train,2481,0,airplane,6304
STL-10,train,2482,8,ship,6304
STL-10,train,2483,5,dog,6304
STL-10,train,2484,3,cat,6304
STL-10,train,2485,6,horse,6304
STL-10,train,2486,7,monkey,6304
STL-10,train,2487,3,cat,6304
STL-10,train,2488,6,horse,6304
STL-10,train,2489,8,ship,6304
STL-10,train,2490,8,ship,6304
STL-10,train,2492,8,ship,6304
STL-10,train,2494,3,cat,6304
STL-10,train,2496,0,airplane,6304
STL-10,train,2497,7,monkey,6304
STL-10,train,2498,9,truck,6304
STL-10,train,2500,2,car,6304
STL-10,train,2501,4,deer,6304
STL-10,train,2502,5,dog,6304
STL-10,train,2503,4,deer,6304
STL-10,train,2504,4,deer,6304
STL-10,train,2505,4,deer,6304
STL-10,train,2506,9,truck,6304
STL-10,train,2507,4,deer,6304
STL-10,train,2508,2,car,6304
STL-10,train,2510,8,ship,6304
STL-10,train,2511,1,bird,6304
STL-10,train,2512,4,deer,6304
STL-10,train,2513,1,bird,6304
STL-10,train,2514,3,cat,6304
STL-10,train,2515,9,truck,6304
STL-10,train,2516,4,deer,6304
STL-10,train,2517,4,deer,6304
STL-10,train,2518,5,dog,6304
STL-10,train,2519,2,car,6304
STL-10,train,2521,2,car,6304
STL-10,train,2522,5,dog,6304
STL-10,train,2525,6,horse,6304
STL-10,train,2526,1,bird,6304
STL-10,train,2529,0,airplane,6304
STL-10,train,2530,1,bird,6304
STL-10,train,2531,0,airplane,6304
STL-10,train,2532,1,bird,6304
STL-10,train,2533,3,cat,6304
STL-10,train,2534,5,dog,6304
STL-10,train,2535,4,deer,6304
STL-10,train,2539,5,dog,6304
STL-10,train,2542,0,airplane,6304
STL-10,train,2543,5,dog,6304
STL-10,train,2544,1,bird,6304
STL-10,train,2545,1,bird,6304
STL-10,train,2548,9,truck,6304
STL-10,train,2550,8,ship,6304
STL-10,train,2552,3,cat,6304
STL-10,train,2553,5,dog,6304
STL-10,train,2555,5,dog,6304
STL-10,train,2556,7,monkey,6304
STL-10,train,2557,1,bird,6304
STL-10,train,2558,8,ship,6304
STL-10,train,2559,6,horse,6304
STL-10,train,2560,6,horse,6304
STL-10,train,2561,7,monkey,6304
STL-10,train,2562,0,airplane,6304
STL-10,train,2563,6,horse,6304
STL-10,train,2564,6,horse,6304
STL-10,train,2565,7,monkey,6304
STL-10,train,2567,8,ship,6304
STL-10,train,2568,3,cat,6304
STL-10,train,2569,5,dog,6304
STL-10,train,2570,6,horse,6304
STL-10,train,2571,5,dog,6304
STL-10,train,2573,7,monkey,6304
STL-10,train,2574,9,truck,6304
STL-10,train,2575,9,truck,6304
STL-10,train,2576,8,ship,6304
STL-10,train,2577,6,horse,6304
STL-10,train,2578,0,airplane,6304
STL-10,train,2579,2,car,6304
STL-10,train,2580,8,ship,6304
STL-10,train,2582,2,car,6304
STL-10,train,2585,4,deer,6304
STL-10,train,2586,4,deer,6304
STL-10,train,2587,9,truck,6304
STL-10,train,2588,0,airplane,6304
STL-10,train,2590,0,airplane,6304
STL-10,train,2591,5,dog,6304
STL-10,train,2593,4,deer,6304
STL-10,train,2594,4,deer,6304
STL-10,train,2595,7,monkey,6304
STL-10,train,2596,7,monkey,6304
STL-10,train,2597,6,horse,6304
STL-10,train,2599,3,cat,6304
STL-10,train,2600,3,cat,6304
STL-10,train,2601,3,cat,6304
STL-10,train,2602,9,truck,6304
STL-10,train,2603,2,car,6304
STL-10,train,2604,5,dog,6304
STL-10,train,2607,2,car,6304
STL-10,train,2608,7,monkey,6304
STL-10,train,2610,0,airplane,6304
STL-10,train,2612,9,truck,6304
STL-10,train,2613,2,car,6304
STL-10,train,2614,8,ship,6304
STL-10,train,2616,2,car,6304
STL-10,train,2618,9,truck,6304
STL-10,train,2619,2,car,6304
STL-10,train,2620,8,ship,6304
STL-10,train,2622,4,deer,6304
STL-10,train,2624,4,deer,6304
STL-10,train,2625,6,horse,6304
STL-10,train,2626,4,deer,6304
STL-10,train,2627,4,deer,6304
STL-10,train,2628,7,monkey,6304
STL-10,train,2629,7,monkey,6304
STL-10,train,2630,9,truck,6304
STL-10,train,2631,8,ship,6304
STL-10,train,2632,4,deer,6304
STL-10,train,2633,2,car,6304
STL-10,train,2634,4,deer,6304
STL-10,train,2636,9,truck,6304
STL-10,train,2637,6,horse,6304
STL-10,train,2638,5,dog,6304
STL-10,train,2639,5,dog,6304
STL-10,train,2640,2,car,6304
STL-10,train,2641,8,ship,6304
STL-10,train,2642,8,ship,6304
STL-10,train,2643,2,car,6304
STL-10,train,2644,3,cat,6304
STL-10,train,2645,2,car,6304
STL-10,train,2646,4,deer,6304
STL-10,train,2647,3,cat,6304
STL-10,train,2649,7,monkey,6304
STL-10,train,2651,4,deer,6304
STL-10,train,2652,6,horse,6304
STL-10,train,2653,3,cat,6304
STL-10,train,2654,9,truck,6304
STL-10,train,2655,6,horse,6304
STL-10,train,2656,4,deer,6304
STL-10,train,2657,5,dog,6304
STL-10,train,2658,4,deer,6304
STL-10,train,2659,1,bird,6304
STL-10,train,2660,4,deer,6304
STL-10,train,2661,7,monkey,6304
STL-10,train,2665,2,car,6304
STL-10,train,2666,5,dog,6304
STL-10,train,2667,1,bird,6304
STL-10,train,2668,0,airplane,6304
STL-10,train,2669,1,bird,6304
STL-10,train,2670,5,dog,6304
STL-10,train,2671,5,dog,6304
STL-10,train,2672,2,car,6304
STL-10,train,2673,7,monkey,6304
STL-10,train,2674,5,dog,6304
STL-10,train,2677,0,airplane,6304
STL-10,train,2678,0,airplane,6304
STL-10,train,2680,3,cat,6304
STL-10,train,2682,0,airplane,6304
STL-10,train,2683,4,deer,6304
STL-10,train,2684,9,truck,6304
STL-10,train,2685,5,dog,6304
STL-10,train,2686,8,ship,6304
STL-10,train,2688,5,dog,6304
STL-10,train,2689,4,deer,6304
STL-10,train,2690,4,deer,6304
STL-10,train,2691,1,bird,6304
STL-10,train,2692,4,deer,6304
STL-10,train,2693,7,monkey,6304
STL-10,train,2694,9,truck,6304
STL-10,train,2696,3,cat,6304
STL-10,train,2697,2,car,6304
STL-10,train,2698,3,cat,6304
STL-10,train,2699,5,dog,6304
STL-10,train,2700,3,cat,6304
STL-10,train,2701,1,bird,6304
STL-10,train,2702,3,cat,6304
STL-10,train,2703,4,deer,6304
STL-10,train,2704,6,horse,6304
STL-10,train,2705,5,dog,6304
STL-10,train,2706,5,dog,6304
STL-10,train,2707,5,dog,6304
STL-10,train,2708,6,horse,6304
STL-10,train,2709,6,horse,6304
STL-10,train,2710,0,airplane,6304
STL-10,train,2711,7,monkey,6304
STL-10,train,2712,7,monkey,6304
STL-10,train,2713,8,ship,6304
STL-10,train,2714,3,cat,6304
STL-10,train,2715,9,truck,6304
STL-10,train,2716,6,horse,6304
STL-10,train,2717,3,cat,6304
STL-10,train,2718,7,monkey,6304
STL-10,train,2719,0,airplane,6304
STL-10,train,2720,7,monkey,6304
STL-10,train,2721,3,cat,6304
STL-10,train,2723,0,airplane,6304
STL-10,train,2724,9,truck,6304
STL-10,train,2725,7,monkey,6304
STL-10,train,2726,3,cat,6304
STL-10,train,2727,2,car,6304
STL-10,train,2728,5,dog,6304
STL-10,train,2729,1,bird,6304
STL-10,train,2730,6,horse,6304
STL-10,train,2731,1,bird,6304
STL-10,train,2732,5,dog,6304
STL-10,train,2733,6,horse,6304
STL-10,train,2734,4,deer,6304
STL-10,train,2735,1,bird,6304
STL-10,train,2736,1,bird,6304
STL-10,train,2737,4,deer,6304
STL-10,train,2738,9,truck,6304
STL-10,train,2739,1,bird,6304
STL-10,train,2741,0,airplane,6304
STL-10,train,2743,1,bird,6304
STL-10,train,2744,7,monkey,6304
STL-10,train,2745,2,car,6304
STL-10,train,2746,8,ship,6304
STL-10,train,2747,7,monkey,6304
STL-10,train,2748,7,monkey,6304
STL-10,train,2749,6,horse,6304
STL-10,train,2750,5,dog,6304
STL-10,train,2751,5,dog,6304
STL-10,train,2753,5,dog,6304
STL-10,train,2754,6,horse,6304
STL-10,train,2755,0,airplane,6304
STL-10,train,2756,6,horse,6304
STL-10,train,2759,2,car,6304
STL-10,train,2760,2,car,6304
STL-10,train,2762,1,bird,6304
STL-10,train,2763,6,horse,6304
STL-10,train,2765,4,deer,6304
STL-10,train,2766,3,cat,6304
STL-10,train,2767,6,horse,6304
STL-10,train,2768,3,cat,6304
STL-10,train,2769,9,truck,6304
STL-10,train,2772,2,car,6304
STL-10,train,2773,1,bird,6304
STL-10,train,2774,5,dog,6304
STL-10,train,2777,9,truck,6304
STL-10,train,2778,9,truck,6304
STL-10,train,2780,4,deer,6304
STL-10,train,2785,6,horse,6304
STL-10,train,2787,4,deer,6304
STL-10,train,2788,8,ship,6304
STL-10,train,2789,2,car,6304
STL-10,train,2790,4,deer,6304
STL-10,train,2791,0,airplane,6304
STL-10,train,2793,9,truck,6304
STL-10,train,2795,8,ship,6304
STL-10,train,2796,8,ship,6304
STL-10,train,2797,0,airplane,6304
STL-10,train,2799,2,car,6304
STL-10,train,2800,9,truck,6304
STL-10,train,2802,2,car,6304
STL-10,train,2803,9,truck,6304
STL-10,train,2804,8,ship,6304
STL-10,train,2805,7,monkey,6304
STL-10,train,2806,2,car,6304
STL-10,train,2807,8,ship,6304
STL-10,train,2808,4,deer,6304
STL-10,train,2809,4,deer,6304
STL-10,train,2812,4,deer,6304
STL-10,train,2813,8,ship,6304
STL-10,train,2814,4,deer,6304
STL-10,train,2815,9,truck,6304
STL-10,train,2816,6,horse,6304
STL-10,train,2818,1,bird,6304
STL-10,train,2820,6,horse,6304
STL-10,train,2821,6,horse,6304
STL-10,train,2822,6,horse,6304
STL-10,train,2823,5,dog,6304
STL-10,train,2824,7,monkey,6304
STL-10,train,2825,6,horse,6304
STL-10,train,2826,1,bird,6304
STL-10,train,2827,5,dog,6304
STL-10,train,2828,2,car,6304
STL-10,train,2829,2,car,6304
STL-10,train,2830,7,monkey,6304
STL-10,train,2831,2,car,6304
STL-10,train,2832,9,truck,6304
STL-10,train,2833,8,ship,6304
STL-10,train,2834,5,dog,6304
STL-10,train,2836,8,ship,6304
STL-10,train,2837,3,cat,6304
STL-10,train,2838,5,dog,6304
STL-10,train,2839,0,airplane,6304
STL-10,train,2840,8,ship,6304
STL-10,train,2841,6,horse,6304
STL-10,train,2842,9,truck,6304
STL-10,train,2843,6,horse,6304
STL-10,train,2844,5,dog,6304
STL-10,train,2846,1,bird,6304
STL-10,train,2847,0,airplane,6304
STL-10,train,2848,3,cat,6304
STL-10,train,2849,7,monkey,6304
STL-10,train,2850,6,horse,6304
STL-10,train,2851,9,truck,6304
STL-10,train,2852,4,deer,6304
STL-10,train,2853,4,deer,6304
STL-10,train,2854,4,deer,6304
STL-10,train,2855,6,horse,6304
STL-10,train,2856,5,dog,6304
STL-10,train,2857,8,ship,6304
STL-10,train,2858,1,bird,6304
STL-10,train,2859,8,ship,6304
STL-10,train,2861,7,monkey,6304
STL-10,train,2862,3,cat,6304
STL-10,train,2863,4,deer,6304
STL-10,train,2864,3,cat,6304
STL-10,train,2865,3,cat,6304
STL-10,train,2866,5,dog,6304
STL-10,train,2867,1,bird,6304
STL-10,train,2868,8,ship,6304
STL-10,train,2869,2,car,6304
STL-10,train,2871,6,horse,6304
STL-10,train,2872,4,deer,6304
STL-10,train,2874,6,horse,6304
STL-10,train,2875,4,deer,6304
STL-10,train,2878,7,monkey,6304
STL-10,train,2879,3,cat,6304
STL-10,train,2880,8,ship,6304
STL-10,train,2881,6,horse,6304
STL-10,train,2882,4,deer,6304
STL-10,train,2883,8,ship,6304
STL-10,train,2884,7,monkey,6304
STL-10,train,2885,9,truck,6304
STL-10,train,2886,3,cat,6304
STL-10,train,2888,8,ship,6304
STL-10,train,2889,5,dog,6304
STL-10,train,2890,8,ship,6304
STL-10,train,2894,4,deer,6304
STL-10,train,2896,8,ship,6304
STL-10,train,2899,7,monkey,6304
STL-10,train,2900,9,truck,6304
STL-10,train,2901,1,bird,6304
STL-10,train,2902,4,deer,6304
STL-10,train,2903,2,car,6304
STL-10,train,2904,3,cat,6304
STL-10,train,2905,1,bird,6304
STL-10,train,2906,5,dog,6304
STL-10,train,2907,2,car,6304
STL-10,train,2908,7,monkey,6304
STL-10,train,2909,0,airplane,6304
STL-10,train,2910,0,airplane,6304
STL-10,train,2911,9,truck,6304
STL-10,train,2912,2,car,6304
STL-10,train,2913,6,horse,6304
STL-10,train,2914,7,monkey,6304
STL-10,train,2915,7,monkey,6304
STL-10,train,2917,7,monkey,6304
STL-10,train,2919,8,ship,6304
STL-10,train,2920,4,deer,6304
STL-10,train,2921,9,truck,6304
STL-10,train,2923,4,deer,6304
STL-10,train,2924,8,ship,6304
STL-10,train,2925,4,deer,6304
STL-10,train,2926,2,car,6304
STL-10,train,2928,3,cat,6304
STL-10,train,2929,8,ship,6304
STL-10,train,2931,1,bird,6304
STL-10,train,2932,0,airplane,6304
STL-10,train,2934,0,airplane,6304
STL-10,train,2935,7,monkey,6304
STL-10,train,2936,9,truck,6304
STL-10,train,2937,7,monkey,6304
STL-10,train,2939,4,deer,6304
STL-10,train,2940,1,bird,6304
STL-10,train,2941,5,dog,6304
STL-10,train,2942,9,truck,6304
STL-10,train,2944,9,truck,6304
STL-10,train,2945,1,bird,6304
STL-10,train,2946,1,bird,6304
STL-10,train,2948,4,deer,6304
STL-10,train,2950,5,dog,6304
STL-10,train,2953,0,airplane,6304
STL-10,train,2954,8,ship,6304
STL-10,train,2955,8,ship,6304
STL-10,train,2956,5,dog,6304
STL-10,train,2957,5,dog,6304
STL-10,train,2958,1,bird,6304
STL-10,train,2959,6,horse,6304
STL-10,train,2961,4,deer,6304
STL-10,train,2962,1,bird,6304
STL-10,train,2964,1,bird,6304
STL-10,train,2965,1,bird,6304
STL-10,train,2966,8,ship,6304
STL-10,train,2972,9,truck,6304
STL-10,train,2973,8,ship,6304
STL-10,train,2974,6,horse,6304
STL-10,train,2976,5,dog,6304
STL-10,train,2977,7,monkey,6304
STL-10,train,2978,0,airplane,6304
STL-10,train,2979,9,truck,6304
STL-10,train,2980,8,ship,6304
STL-10,train,2981,2,car,6304
STL-10,train,2982,2,car,6304
STL-10,train,2983,8,ship,6304
STL-10,train,2984,6,horse,6304
STL-10,train,2986,5,dog,6304
STL-10,train,2987,1,bird,6304
STL-10,train,2988,7,monkey,6304
STL-10,train,2989,4,deer,6304
STL-10,train,2990,5,dog,6304
STL-10,train,2991,9,truck,6304
STL-10,train,2992,8,ship,6304
STL-10,train,2993,1,bird,6304
STL-10,train,2994,3,cat,6304
STL-10,train,2997,6,horse,6304
STL-10,train,2998,3,cat,6304
STL-10,train,2999,6,horse,6304
STL-10,train,3000,6,horse,6304
STL-10,train,3002,2,car,6304
STL-10,train,3003,1,bird,6304
STL-10,train,3004,1,bird,6304
STL-10,train,3006,8,ship,6304
STL-10,train,3007,9,truck,6304
STL-10,train,3008,7,monkey,6304
STL-10,train,3009,1,bird,6304
STL-10,train,3011,4,deer,6304
STL-10,train,3013,7,monkey,6304
STL-10,train,3015,8,ship,6304
STL-10,train,3016,1,bird,6304
STL-10,train,3017,9,truck,6304
STL-10,train,3019,3,cat,6304
STL-10,train,3020,9,truck,6304
STL-10,train,3021,4,deer,6304
STL-10,train,3022,0,airplane,6304
STL-10,train,3023,4,deer,6304
STL-10,train,3025,0,airplane,6304
STL-10,train,3026,1,bird,6304
STL-10,train,3027,9,truck,6304
STL-10,train,3028,7,monkey,6304
STL-10,train,3029,9,truck,6304
STL-10,train,3030,4,deer,6304
STL-10,train,3031,2,car,6304
STL-10,train,3032,6,horse,6304
STL-10,train,3033,6,horse,6304
STL-10,train,3034,3,cat,6304
STL-10,train,3035,1,bird,6304
STL-10,train,3036,9,truck,6304
STL-10,train,3037,0,airplane,6304
STL-10,train,3038,0,airplane,6304
STL-10,train,3040,5,dog,6304
STL-10,train,3041,5,dog,6304
STL-10,train,3042,4,deer,6304
STL-10,train,3043,3,cat,6304
STL-10,train,3044,8,ship,6304
STL-10,train,3045,2,car,6304
STL-10,train,3046,7,monkey,6304
STL-10,train,3047,2,car,6304
STL-10,train,3048,9,truck,6304
STL-10,train,3049,7,monkey,6304
STL-10,train,3050,0,airplane,6304
STL-10,train,3052,2,car,6304
STL-10,train,3054,4,deer,6304
STL-10,train,3055,6,horse,6304
STL-10,train,3056,0,airplane,6304
STL-10,train,3059,5,dog,6304
STL-10,train,3060,4,deer,6304
STL-10,train,3061,0,airplane,6304
STL-10,train,3062,3,cat,6304
STL-10,train,3063,7,monkey,6304
STL-10,train,3064,9,truck,6304
STL-10,train,3065,8,ship,6304
STL-10,train,3066,5,dog,6304
STL-10,train,3067,6,horse,6304
STL-10,train,3068,2,car,6304
STL-10,train,3069,7,monkey,6304
STL-10,train,3070,8,ship,6304
STL-10,train,3071,3,cat,6304
STL-10,train,3072,6,horse,6304
STL-10,train,3075,5,dog,6304
STL-10,train,3076,6,horse,6304
STL-10,train,3077,2,car,6304
STL-10,train,3078,8,ship,6304
STL-10,train,3079,6,horse,6304
STL-10,train,3080,8,ship,6304
STL-10,train,3081,0,airplane,6304
STL-10,train,3083,3,cat,6304
STL-10,train,3084,2,car,6304
STL-10,train,3085,1,bird,6304
STL-10,train,3087,8,ship,6304
STL-10,train,3088,8,ship,6304
STL-10,train,3090,4,deer,6304
STL-10,train,3091,3,cat,6304
STL-10,train,3092,0,airplane,6304
STL-10,train,3093,6,horse,6304
STL-10,train,3094,6,horse,6304
STL-10,train,3095,3,cat,6304
STL-10,train,3097,0,airplane,6304
STL-10,train,3098,8,ship,6304
STL-10,train,3099,1,bird,6304
STL-10,train,3101,8,ship,6304
STL-10,train,3102,8,ship,6304
STL-10,train,3104,4,deer,6304
STL-10,train,3105,3,cat,6304
STL-10,train,3106,2,car,6304
STL-10,train,3107,6,horse,6304
STL-10,train,3108,3,cat,6304
STL-10,train,3109,8,ship,6304
STL-10,train,3110,0,airplane,6304
STL-10,train,3111,5,dog,6304
STL-10,train,3112,6,horse,6304
STL-10,train,3113,0,airplane,6304
STL-10,train,3114,8,ship,6304
STL-10,train,3115,8,ship,6304
STL-10,train,3116,4,deer,6304
STL-10,train,3118,2,car,6304
STL-10,train,3119,5,dog,6304
STL-10,train,3120,3,cat,6304
STL-10,train,3122,5,dog,6304
STL-10,train,3123,8,ship,6304
STL-10,train,3124,3,cat,6304
STL-10,train,3125,0,airplane,6304
STL-10,train,3126,4,deer,6304
STL-10,train,3127,6,horse,6304
STL-10,train,3128,0,airplane,6304
STL-10,train,3129,4,deer,6304
STL-10,train,3130,7,monkey,6304
STL-10,train,3131,5,dog,6304
STL-10,train,3132,2,car,6304
STL-10,train,3134,1,bird,6304
STL-10,train,3135,2,car,6304
STL-10,train,3136,2,car,6304
STL-10,train,3137,4,deer,6304
STL-10,train,3138,5,dog,6304
STL-10,train,3139,4,deer,6304
STL-10,train,3140,7,monkey,6304
STL-10,train,3141,2,car,6304
STL-10,train,3142,5,dog,6304
STL-10,train,3143,1,bird,6304
STL-10,train,3145,1,bird,6304
STL-10,train,3147,4,deer,6304
STL-10,train,3148,3,cat,6304
STL-10,train,3150,0,airplane,6304
STL-10,train,3151,2,car,6304
STL-10,train,3152,4,deer,6304
STL-10,train,3153,9,truck,6304
STL-10,train,3154,3,cat,6304
STL-10,train,3156,7,monkey,6304
STL-10,train,3157,6,horse,6304
STL-10,train,3160,6,horse,6304
STL-10,train,3161,0,airplane,6304
STL-10,train,3164,6,horse,6304
STL-10,train,3165,8,ship,6304
STL-10,train,3166,6,horse,6304
STL-10,train,3167,5,dog,6304
STL-10,train,3168,9,truck,6304
STL-10,train,3169,3,cat,6304
STL-10,train,3170,8,ship,6304
STL-10,train,3171,1,bird,6304
STL-10,train,3172,3,cat,6304
STL-10,train,3173,5,dog,6304
STL-10,train,3174,2,car,6304
STL-10,train,3177,6,horse,6304
STL-10,train,3178,3,cat,6304
STL-10,train,3179,6,horse,6304
STL-10,train,3180,2,car,6304
STL-10,train,3183,9,truck,6304
STL-10,train,3185,5,dog,6304
STL-10,train,3186,2,car,6304
STL-10,train,3187,4,deer,6304
STL-10,train,3188,3,cat,6304
STL-10,train,3189,8,ship,6304
STL-10,train,3190,8,ship,6304
STL-10,train,3193,4,deer,6304
STL-10,train,3194,1,bird,6304
STL-10,train,3195,3,cat,6304
STL-10,train,3196,5,dog,6304
STL-10,train,3197,6,horse,6304
STL-10,train,3198,2,car,6304
STL-10,train,3199,9,truck,6304
STL-10,train,3200,1,bird,6304
STL-10,train,3203,3,cat,6304
STL-10,train,3204,6,horse,6304
STL-10,train,3205,4,deer,6304
STL-10,train,3206,8,ship,6304
STL-10,train,3207,9,truck,6304
STL-10,train,3208,1,bird,6304
STL-10,train,3209,9,truck,6304
STL-10,train,3210,6,horse,6304
STL-10,train,3211,3,cat,6304
STL-10,train,3212,8,ship,6304
STL-10,train,3213,4,deer,6304
STL-10,train,3214,9,truck,6304
STL-10,train,3215,8,ship,6304
STL-10,train,3216,5,dog,6304
STL-10,train,3218,8,ship,6304
STL-10,train,3219,0,airplane,6304
STL-10,train,3220,3,cat,6304
STL-10,train,3221,2,car,6304
STL-10,train,3223,8,ship,6304
STL-10,train,3225,8,ship,6304
STL-10,train,3226,2,car,6304
STL-10,train,3228,0,airplane,6304
STL-10,train,3229,3,cat,6304
STL-10,train,3230,4,deer,6304
STL-10,train,3231,4,deer,6304
STL-10,train,3233,0,airplane,6304
STL-10,train,3234,0,airplane,6304
STL-10,train,3235,2,car,6304
STL-10,train,3237,9,truck,6304
STL-10,train,3238,6,horse,6304
STL-10,train,3239,7,monkey,6304
STL-10,train,3240,0,airplane,6304
STL-10,train,3241,3,cat,6304
STL-10,train,3242,2,car,6304
STL-10,train,3243,2,car,6304
STL-10,train,3244,7,monkey,6304
STL-10,train,3245,5,dog,6304
STL-10,train,3246,3,cat,6304
STL-10,train,3247,0,airplane,6304
STL-10,train,3248,1,bird,6304
STL-10,train,3249,1,bird,6304
STL-10,train,3251,6,horse,6304
STL-10,train,3253,2,car,6304
STL-10,train,3254,5,dog,6304
STL-10,train,3255,5,dog,6304
STL-10,train,3256,0,airplane,6304
STL-10,train,3257,6,horse,6304
STL-10,train,3258,1,bird,6304
STL-10,train,3259,0,airplane,6304
STL-10,train,3260,5,dog,6304
STL-10,train,3262,5,dog,6304
STL-10,train,3263,7,monkey,6304
STL-10,train,3264,9,truck,6304
STL-10,train,3265,7,monkey,6304
STL-10,train,3266,8,ship,6304
STL-10,train,3267,0,airplane,6304
STL-10,train,3268,6,horse,6304
STL-10,train,3269,7,monkey,6304
STL-10,train,3270,1,bird,6304
STL-10,train,3271,1,bird,6304
STL-10,train,3272,9,truck,6304
STL-10,train,3273,7,monkey,6304
STL-10,train,3274,2,car,6304
STL-10,train,3275,8,ship,6304
STL-10,train,3276,9,truck,6304
STL-10,train,3278,7,monkey,6304
STL-10,train,3279,4,deer,6304
STL-10,train,3280,0,airplane,6304
STL-10,train,3281,9,truck,6304
STL-10,train,3282,1,bird,6304
STL-10,train,3284,0,airplane,6304
STL-10,train,3285,7,monkey,6304
STL-10,train,3286,8,ship,6304
STL-10,train,3287,2,car,6304
STL-10,train,3288,2,car,6304
STL-10,train,3289,2,car,6304
STL-10,train,3290,9,truck,6304
STL-10,train,3291,9,truck,6304
STL-10,train,3292,3,cat,6304
STL-10,train,3293,1,bird,6304
STL-10,train,3295,1,bird,6304
STL-10,train,3296,7,monkey,6304
STL-10,train,3297,0,airplane,6304
STL-10,train,3298,2,car,6304
STL-10,train,3299,1,bird,6304
STL-10,train,3301,5,dog,6304
STL-10,train,3302,7,monkey,6304
STL-10,train,3304,8,ship,6304
STL-10,train,3305,4,deer,6304
STL-10,train,3306,9,truck,6304
STL-10,train,3307,4,deer,6304
STL-10,train,3308,6,horse,6304
STL-10,train,3309,9,truck,6304
STL-10,train,3310,7,monkey,6304
STL-10,train,3311,2,car,6304
STL-10,train,3312,3,cat,6304
STL-10,train,3315,3,cat,6304
STL-10,train,3316,9,truck,6304
STL-10,train,3317,5,dog,6304
STL-10,train,3318,9,truck,6304
STL-10,train,3319,7,monkey,6304
STL-10,train,3320,6,horse,6304
STL-10,train,3321,3,cat,6304
STL-10,train,3322,6,horse,6304
STL-10,train,3325,2,car,6304
STL-10,train,3326,1,bird,6304
STL-10,train,3327,5,dog,6304
STL-10,train,3330,1,bird,6304
STL-10,train,3331,7,monkey,6304
STL-10,train,3332,0,airplane,6304
STL-10,train,3333,1,bird,6304
STL-10,train,3335,8,ship,6304
STL-10,train,3336,3,cat,6304
STL-10,train,3337,6,horse,6304
STL-10,train,3339,9,truck,6304
STL-10,train,3340,2,car,6304
STL-10,train,3341,0,airplane,6304
STL-10,train,3342,7,monkey,6304
STL-10,train,3345,2,car,6304
STL-10,train,3346,4,deer,6304
STL-10,train,3348,7,monkey,6304
STL-10,train,3349,5,dog,6304
STL-10,train,3350,5,dog,6304
STL-10,train,3352,1,bird,6304
STL-10,train,3353,8,ship,6304
STL-10,train,3355,6,horse,6304
STL-10,train,3356,0,airplane,6304
STL-10,train,3357,6,horse,6304
STL-10,train,3358,1,bird,6304
STL-10,train,3359,1,bird,6304
STL-10,train,3360,9,truck,6304
STL-10,train,3362,6,horse,6304
STL-10,train,3363,1,bird,6304
STL-10,train,3364,6,horse,6304
STL-10,train,3366,7,monkey,6304
STL-10,train,3367,6,horse,6304
STL-10,train,3368,2,car,6304
STL-10,train,3369,6,horse,6304
STL-10,train,3370,5,dog,6304
STL-10,train,3371,2,car,6304
STL-10,train,3372,2,car,6304
STL-10,train,3373,0,airplane,6304
STL-10,train,3374,4,deer,6304
STL-10,train,3375,1,bird,6304
STL-10,train,3377,2,car,6304
STL-10,train,3380,4,deer,6304
STL-10,train,3381,2,car,6304
STL-10,train,3382,7,monkey,6304
STL-10,train,3383,2,car,6304
STL-10,train,3384,9,truck,6304
STL-10,train,3385,7,monkey,6304
STL-10,train,3387,2,car,6304
STL-10,train,3388,6,horse,6304
STL-10,train,3389,8,ship,6304
STL-10,train,3390,4,deer,6304
STL-10,train,3392,7,monkey,6304
STL-10,train,3393,7,monkey,6304
STL-10,train,3394,7,monkey,6304
STL-10,train,3395,0,airplane,6304
STL-10,train,3396,1,bird,6304
STL-10,train,3397,8,ship,6304
STL-10,train,3399,8,ship,6304
STL-10,train,3402,5,dog,6304
STL-10,train,3404,1,bird,6304
STL-10,train,3405,7,monkey,6304
STL-10,train,3407,6,horse,6304
STL-10,train,3408,6,horse,6304
STL-10,train,3410,8,ship,6304
STL-10,train,3411,4,deer,6304
STL-10,train,3412,3,cat,6304
STL-10,train,3414,5,dog,6304
STL-10,train,3415,1,bird,6304
STL-10,train,3416,3,cat,6304
STL-10,train,3417,9,truck,6304
STL-10,train,3418,8,ship,6304
STL-10,train,3419,6,horse,6304
STL-10,train,3420,6,horse,6304
STL-10,train,3421,2,car,6304
STL-10,train,3422,4,deer,6304
STL-10,train,3423,7,monkey,6304
STL-10,train,3424,0,airplane,6304
STL-10,train,3425,7,monkey,6304
STL-10,train,3428,3,cat,6304
STL-10,train,3429,7,monkey,6304
STL-10,train,3430,9,truck,6304
STL-10,train,3431,7,monkey,6304
STL-10,train,3434,2,car,6304
STL-10,train,3435,9,truck,6304
STL-10,train,3436,0,airplane,6304
STL-10,train,3438,0,airplane,6304
STL-10,train,3439,4,deer,6304
STL-10,train,3440,4,deer,6304
STL-10,train,3441,4,deer,6304
STL-10,train,3442,7,monkey,6304
STL-10,train,3443,7,monkey,6304
STL-10,train,3444,9,truck,6304
STL-10,train,3445,8,ship,6304
STL-10,train,3446,2,car,6304
STL-10,train,3447,0,airplane,6304
STL-10,train,3449,1,bird,6304
STL-10,train,3450,2,car,6304
STL-10,train,3451,3,cat,6304
STL-10,train,3454,9,truck,6304
STL-10,train,3455,3,cat,6304
STL-10,train,3456,9,truck,6304
STL-10,train,3457,8,ship,6304
STL-10,train,3458,6,horse,6304
STL-10,train,3459,3,cat,6304
STL-10,train,3460,2,car,6304
STL-10,train,3461,3,cat,6304
STL-10,train,3462,8,ship,6304
STL-10,train,3463,3,cat,6304
STL-10,train,3464,9,truck,6304
STL-10,train,3465,3,cat,6304
STL-10,train,3467,2,car,6304
STL-10,train,3468,3,cat,6304
STL-10,train,3469,0,airplane,6304
STL-10,train,3470,0,airplane,6304
STL-10,train,3471,9,truck,6304
STL-10,train,3473,6,horse,6304
STL-10,train,3474,1,bird,6304
STL-10,train,3476,9,truck,6304
STL-10,train,3477,5,dog,6304
STL-10,train,3478,5,dog,6304
STL-10,train,3479,0,airplane,6304
STL-10,train,3480,4,deer,6304
STL-10,train,3481,0,airplane,6304
STL-10,train,3482,0,airplane,6304
STL-10,train,3483,8,ship,6304
STL-10,train,3484,4,deer,6304
STL-10,train,3485,2,car,6304
STL-10,train,3486,8,ship,6304
STL-10,train,3487,8,ship,6304
STL-10,train,3488,6,horse,6304
STL-10,train,3489,4,deer,6304
STL-10,train,3491,7,monkey,6304
STL-10,train,3493,6,horse,6304
STL-10,train,3494,8,ship,6304
STL-10,train,3495,2,car,6304
STL-10,train,3496,8,ship,6304
STL-10,train,3497,3,cat,6304
STL-10,train,3498,9,truck,6304
STL-10,train,3500,4,deer,6304
STL-10,train,3502,4,deer,6304
STL-10,train,3503,6,horse,6304
STL-10,train,3504,1,bird,6304
STL-10,train,3506,0,airplane,6304
STL-10,train,3507,9,truck,6304
STL-10,train,3508,6,horse,6304
STL-10,train,3509,0,airplane,6304
STL-10,train,3510,2,car,6304
STL-10,train,3511,2,car,6304
STL-10,train,3512,1,bird,6304
STL-10,train,3513,8,ship,6304
STL-10,train,3514,3,cat,6304
STL-10,train,3515,2,car,6304
STL-10,train,3516,9,truck,6304
STL-10,train,3517,1,bird,6304
STL-10,train,3518,2,car,6304
STL-10,train,3519,6,horse,6304
STL-10,train,3520,6,horse,6304
STL-10,train,3521,6,horse,6304
STL-10,train,3522,1,bird,6304
STL-10,train,3523,9,truck,6304
STL-10,train,3524,5,dog,6304
STL-10,train,3525,9,truck,6304
STL-10,train,3526,3,cat,6304
STL-10,train,3527,8,ship,6304
STL-10,train,3528,3,cat,6304
STL-10,train,3529,6,horse,6304
STL-10,train,3531,1,bird,6304
STL-10,train,3532,9,truck,6304
STL-10,train,3533,1,bird,6304
STL-10,train,3534,2,car,6304
STL-10,train,3536,2,car,6304
STL-10,train,3537,3,cat,6304
STL-10,train,3538,7,monkey,6304
STL-10,train,3539,9,truck,6304
STL-10,train,3540,7,monkey,6304
STL-10,train,3541,4,deer,6304
STL-10,train,3542,2,car,6304
STL-10,train,3543,2,car,6304
STL-10,train,3544,8,ship,6304
STL-10,train,3545,1,bird,6304
STL-10,train,3546,2,car,6304
STL-10,train,3550,8,ship,6304
STL-10,train,3551,8,ship,6304
STL-10,train,3552,0,airplane,6304
STL-10,train,3553,7,monkey,6304
STL-10,train,3554,8,ship,6304
STL-10,train,3555,6,horse,6304
STL-10,train,3556,1,bird,6304
STL-10,train,3558,7,monkey,6304
STL-10,train,3559,8,ship,6304
STL-10,train,3560,1,bird,6304
STL-10,train,3561,1,bird,6304
STL-10,train,3562,6,horse,6304
STL-10,train,3563,7,monkey,6304
STL-10,train,3565,6,horse,6304
STL-10,train,3566,3,cat,6304
STL-10,train,3567,8,ship,6304
STL-10,train,3569,1,bird,6304
STL-10,train,3570,2,car,6304
STL-10,train,3571,6,horse,6304
STL-10,train,3572,5,dog,6304
STL-10,train,3573,9,truck,6304
STL-10,train,3574,9,truck,6304
STL-10,train,3577,0,airplane,6304
STL-10,train,3578,9,truck,6304
STL-10,train,3579,5,dog,6304
STL-10,train,3581,6,horse,6304
STL-10,train,3582,0,airplane,6304
STL-10,train,3583,1,bird,6304
STL-10,train,3584,5,dog,6304
STL-10,train,3585,5,dog,6304
STL-10,train,3586,4,deer,6304
STL-10,train,3587,4,deer,6304
STL-10,train,3588,0,airplane,6304
STL-10,train,3592,2,car,6304
STL-10,train,3593,2,car,6304
STL-10,train,3594,1,bird,6304
STL-10,train,3595,1,bird,6304
STL-10,train,3597,1,bird,6304
STL-10,train,3598,4,deer,6304
STL-10,train,3599,3,cat,6304
STL-10,train,3600,7,monkey,6304
STL-10,train,3602,5,dog,6304
STL-10,train,3603,0,airplane,6304
STL-10,train,3604,7,monkey,6304
STL-10,train,3605,5,dog,6304
STL-10,train,3606,3,cat,6304
STL-10,train,3607,4,deer,6304
STL-10,train,3608,0,airplane,6304
STL-10,train,3609,7,monkey,6304
STL-10,train,3610,8,ship,6304
STL-10,train,3612,8,ship,6304
STL-10,train,3614,6,horse,6304
STL-10,train,3616,0,airplane,6304
STL-10,train,3617,6,horse,6304
STL-10,train,3618,0,airplane,6304
STL-10,train,3619,7,monkey,6304
STL-10,train,3620,8,ship,6304
STL-10,train,3621,8,ship,6304
STL-10,train,3622,7,monkey,6304
STL-10,train,3623,6,horse,6304
STL-10,train,3624,7,monkey,6304
STL-10,train,3625,1,bird,6304
STL-10,train,3626,3,cat,6304
STL-10,train,3627,1,bird,6304
STL-10,train,3628,6,horse,6304
STL-10,train,3629,4,deer,6304
STL-10,train,3630,7,monkey,6304
STL-10,train,3631,5,dog,6304
STL-10,train,3632,1,bird,6304
STL-10,train,3633,2,car,6304
STL-10,train,3634,9,truck,6304
STL-10,train,3635,3,cat,6304
STL-10,train,3636,4,deer,6304
STL-10,train,3637,5,dog,6304
STL-10,train,3638,9,truck,6304
STL-10,train,3639,3,cat,6304
STL-10,train,3640,6,horse,6304
STL-10,train,3641,5,dog,6304
STL-10,train,3642,9,truck,6304
STL-10,train,3643,7,monkey,6304
STL-10,train,3645,6,horse,6304
STL-10,train,3646,4,deer,6304
STL-10,train,3647,8,ship,6304
STL-10,train,3648,9,truck,6304
STL-10,train,3650,3,cat,6304
STL-10,train,3651,0,airplane,6304
STL-10,train,3652,0,airplane,6304
STL-10,train,3653,3,cat,6304
STL-10,train,3654,9,truck,6304
STL-10,train,3655,8,ship,6304
STL-10,train,3656,3,cat,6304
STL-10,train,3657,7,monkey,6304
STL-10,train,3658,7,monkey,6304
STL-10,train,3659,9,truck,6304
STL-10,train,3661,8,ship,6304
STL-10,train,3663,8,ship,6304
STL-10,train,3665,5,dog,6304
STL-10,train,3667,2,car,6304
STL-10,train,3668,2,car,6304
STL-10,train,3669,6,horse,6304
STL-10,train,3670,2,car,6304
STL-10,train,3671,0,airplane,6304
STL-10,train,3672,7,monkey,6304
STL-10,train,3673,0,airplane,6304
STL-10,train,3675,4,deer,6304
STL-10,train,3676,5,dog,6304
STL-10,train,3677,8,ship,6304
STL-10,train,3679,2,car,6304
STL-10,train,3680,8,ship,6304
STL-10,train,3681,0,airplane,6304
STL-10,train,3684,5,dog,6304
STL-10,train,3685,1,bird,6304
STL-10,train,3686,9,truck,6304
STL-10,train,3687,2,car,6304
STL-10,train,3688,3,cat,6304
STL-10,train,3690,8,ship,6304
STL-10,train,3691,1,bird,6304
STL-10,train,3692,7,monkey,6304
STL-10,train,3695,9,truck,6304
STL-10,train,3696,6,horse,6304
STL-10,train,3697,0,airplane,6304
STL-10,train,3698,5,dog,6304
STL-10,train,3700,6,horse,6304
STL-10,train,3701,4,deer,6304
STL-10,train,3702,6,horse,6304
STL-10,train,3704,6,horse,6304
STL-10,train,3706,1,bird,6304
STL-10,train,3707,8,ship,6304
STL-10,train,3708,6,horse,6304
STL-10,train,3709,5,dog,6304
STL-10,train,3712,1,bird,6304
STL-10,train,3713,1,bird,6304
STL-10,train,3715,3,cat,6304
STL-10,train,3716,2,car,6304
STL-10,train,3717,6,horse,6304
STL-10,train,3719,2,car,6304
STL-10,train,3720,9,truck,6304
STL-10,train,3721,3,cat,6304
STL-10,train,3722,7,monkey,6304
STL-10,train,3723,6,horse,6304
STL-10,train,3724,6,horse,6304
STL-10,train,3725,9,truck,6304
STL-10,train,3726,3,cat,6304
STL-10,train,3728,5,dog,6304
STL-10,train,3729,1,bird,6304
STL-10,train,3730,4,deer,6304
STL-10,train,3731,4,deer,6304
STL-10,train,3732,8,ship,6304
STL-10,train,3733,9,truck,6304
STL-10,train,3734,1,bird,6304
STL-10,train,3735,8,ship,6304
STL-10,train,3736,0,airplane,6304
STL-10,train,3737,1,bird,6304
STL-10,train,3738,5,dog,6304
STL-10,train,3739,0,airplane,6304
STL-10,train,3740,4,deer,6304
STL-10,train,3741,9,truck,6304
STL-10,train,3742,0,airplane,6304
STL-10,train,3743,4,deer,6304
STL-10,train,3744,5,dog,6304
STL-10,train,3745,3,cat,6304
STL-10,train,3746,4,deer,6304
STL-10,train,3747,7,monkey,6304
STL-10,train,3748,1,bird,6304
STL-10,train,3750,6,horse,6304
STL-10,train,3751,9,truck,6304
STL-10,train,3752,9,truck,6304
STL-10,train,3753,4,deer,6304
STL-10,train,3754,9,truck,6304
STL-10,train,3755,8,ship,6304
STL-10,train,3756,7,monkey,6304
STL-10,train,3757,8,ship,6304
STL-10,train,3758,1,bird,6304
STL-10,train,3759,7,monkey,6304
STL-10,train,3760,2,car,6304
STL-10,train,3761,1,bird,6304
STL-10,train,3762,8,ship,6304
STL-10,train,3763,1,bird,6304
STL-10,train,3765,0,airplane,6304
STL-10,train,3768,5,dog,6304
STL-10,train,3769,7,monkey,6304
STL-10,train,3770,1,bird,6304
STL-10,train,3771,3,cat,6304
STL-10,train,3772,9,truck,6304
STL-10,train,3773,5,dog,6304
STL-10,train,3774,7,monkey,6304
STL-10,train,3775,3,cat,6304
STL-10,train,3776,3,cat,6304
STL-10,train,3777,4,deer,6304
STL-10,train,3778,8,ship,6304
STL-10,train,3779,2,car,6304
STL-10,train,3781,6,horse,6304
STL-10,train,3782,5,dog,6304
STL-10,train,3784,5,dog,6304
STL-10,train,3785,1,bird,6304
STL-10,train,3786,6,horse,6304
STL-10,train,3787,6,horse,6304
STL-10,train,3788,9,truck,6304
STL-10,train,3789,7,monkey,6304
STL-10,train,3790,8,ship,6304
STL-10,train,3792,5,dog,6304
STL-10,train,3793,3,cat,6304
STL-10,train,3794,2,car,6304
STL-10,train,3795,5,dog,6304
STL-10,train,3797,1,bird,6304
STL-10,train,3798,4,deer,6304
STL-10,train,3799,7,monkey,6304
STL-10,train,3800,0,airplane,6304
STL-10,train,3801,4,deer,6304
STL-10,train,3802,9,truck,6304
STL-10,train,3803,4,deer,6304
STL-10,train,3804,4,deer,6304
STL-10,train,3805,9,truck,6304
STL-10,train,3806,5,dog,6304
STL-10,train,3807,7,monkey,6304
STL-10,train,3809,6,horse,6304
STL-10,train,3810,3,cat,6304
STL-10,train,3811,4,deer,6304
STL-10,train,3812,6,horse,6304
STL-10,train,3814,8,ship,6304
STL-10,train,3815,5,dog,6304
STL-10,train,3816,4,deer,6304
STL-10,train,3817,9,truck,6304
STL-10,train,3818,8,ship,6304
STL-10,train,3819,7,monkey,6304
STL-10,train,3821,9,truck,6304
STL-10,train,3822,0,airplane,6304
STL-10,train,3823,4,deer,6304
STL-10,train,3824,8,ship,6304
STL-10,train,3825,2,car,6304
STL-10,train,3826,7,monkey,6304
STL-10,train,3827,3,cat,6304
STL-10,train,3828,5,dog,6304
STL-10,train,3829,2,car,6304
STL-10,train,3832,8,ship,6304
STL-10,train,3833,5,dog,6304
STL-10,train,3834,1,bird,6304
STL-10,train,3835,4,deer,6304
STL-10,train,3837,8,ship,6304
STL-10,train,3838,9,truck,6304
STL-10,train,3839,8,ship,6304
STL-10,train,3840,0,airplane,6304
STL-10,train,3841,2,car,6304
STL-10,train,3842,7,monkey,6304
STL-10,train,3843,0,airplane,6304
STL-10,train,3844,7,monkey,6304
STL-10,train,3845,4,deer,6304
STL-10,train,3846,7,monkey,6304
STL-10,train,3847,2,car,6304
STL-10,train,3848,0,airplane,6304
STL-10,train,3849,0,airplane,6304
STL-10,train,3850,3,cat,6304
STL-10,train,3852,0,airplane,6304
STL-10,train,3855,5,dog,6304
STL-10,train,3856,6,horse,6304
STL-10,train,3857,1,bird,6304
STL-10,train,3858,3,cat,6304
STL-10,train,3859,0,airplane,6304
STL-10,train,3860,8,ship,6304
STL-10,train,3861,3,cat,6304
STL-10,train,3862,6,horse,6304
STL-10,train,3863,9,truck,6304
STL-10,train,3864,3,cat,6304
STL-10,train,3865,7,monkey,6304
STL-10,train,3866,0,airplane,6304
STL-10,train,3867,3,cat,6304
STL-10,train,3869,1,bird,6304
STL-10,train,3872,6,horse,6304
STL-10,train,3873,7,monkey,6304
STL-10,train,3875,0,airplane,6304
STL-10,train,3876,5,dog,6304
STL-10,train,3877,1,bird,6304
STL-10,train,3878,9,truck,6304
STL-10,train,3879,3,cat,6304
STL-10,train,3880,4,deer,6304
STL-10,train,3881,7,monkey,6304
STL-10,train,3882,2,car,6304
STL-10,train,3883,6,horse,6304
STL-10,train,3885,5,dog,6304
STL-10,train,3886,4,deer,6304
STL-10,train,3887,4,deer,6304
STL-10,train,3888,3,cat,6304
STL-10,train,3889,1,bird,6304
STL-10,train,3890,3,cat,6304
STL-10,train,3891,7,monkey,6304
STL-10,train,3892,5,dog,6304
STL-10,train,3893,2,car,6304
STL-10,train,3894,8,ship,6304
STL-10,train,3895,5,dog,6304
STL-10,train,3896,4,deer,6304
STL-10,train,3897,3,cat,6304
STL-10,train,3898,9,truck,6304
STL-10,train,3899,6,horse,6304
STL-10,train,3900,2,car,6304
STL-10,train,3901,4,deer,6304
STL-10,train,3902,4,deer,6304
STL-10,train,3904,4,deer,6304
STL-10,train,3905,7,monkey,6304
STL-10,train,3906,3,cat,6304
STL-10,train,3907,0,airplane,6304
STL-10,train,3908,5,dog,6304
STL-10,train,3910,6,horse,6304
STL-10,train,3911,2,car,6304
STL-10,train,3912,2,car,6304
STL-10,train,3913,7,monkey,6304
STL-10,train,3914,9,truck,6304
STL-10,train,3915,5,dog,6304
STL-10,train,3916,6,horse,6304
STL-10,train,3919,3,cat,6304
STL-10,train,3920,0,airplane,6304
STL-10,train,3921,8,ship,6304
STL-10,train,3922,3,cat,6304
STL-10,train,3923,2,car,6304
STL-10,train,3924,4,deer,6304
STL-10,train,3925,9,truck,6304
STL-10,train,3926,9,truck,6304
STL-10,train,3927,8,ship,6304
STL-10,train,3928,1,bird,6304
STL-10,train,3929,0,airplane,6304
STL-10,train,3930,4,deer,6304
STL-10,train,3931,9,truck,6304
STL-10,train,3932,5,dog,6304
STL-10,train,3933,1,bird,6304
STL-10,train,3934,8,ship,6304
STL-10,train,3935,8,ship,6304
STL-10,train,3936,8,ship,6304
STL-10,train,3937,5,dog,6304
STL-10,train,3938,1,bird,6304
STL-10,train,3940,8,ship,6304
STL-10,train,3941,0,airplane,6304
STL-10,train,3943,6,horse,6304
STL-10,train,3944,8,ship,6304
STL-10,train,3945,9,truck,6304
STL-10,train,3947,0,airplane,6304
STL-10,train,3948,9,truck,6304
STL-10,train,3949,3,cat,6304
STL-10,train,3950,1,bird,6304
STL-10,train,3951,0,airplane,6304
STL-10,train,3952,8,ship,6304
STL-10,train,3953,8,ship,6304
STL-10,train,3954,9,truck,6304
STL-10,train,3955,4,deer,6304
STL-10,train,3956,3,cat,6304
STL-10,train,3957,7,monkey,6304
STL-10,train,3958,6,horse,6304
STL-10,train,3959,3,cat,6304
STL-10,train,3962,0,airplane,6304
STL-10,train,3963,9,truck,6304
STL-10,train,3964,0,airplane,6304
STL-10,train,3965,5,dog,6304
STL-10,train,3966,2,car,6304
STL-10,train,3967,0,airplane,6304
STL-10,train,3968,7,monkey,6304
STL-10,train,3969,9,truck,6304
STL-10,train,3970,5,dog,6304
STL-10,train,3971,0,airplane,6304
STL-10,train,3972,6,horse,6304
STL-10,train,3974,9,truck,6304
STL-10,train,3975,1,bird,6304
STL-10,train,3976,5,dog,6304
STL-10,train,3977,4,deer,6304
STL-10,train,3979,8,ship,6304
STL-10,train,3980,5,dog,6304
STL-10,train,3982,3,cat,6304
STL-10,train,3985,2,car,6304
STL-10,train,3988,2,car,6304
STL-10,train,3989,7,monkey,6304
STL-10,train,3990,7,monkey,6304
STL-10,train,3992,3,cat,6304
STL-10,train,3993,5,dog,6304
STL-10,train,3994,7,monkey,6304
STL-10,train,3995,1,bird,6304
STL-10,train,3996,5,dog,6304
STL-10,train,3997,2,car,6304
STL-10,train,3998,2,car,6304
STL-10,train,4000,3,cat,6304
STL-10,train,4002,0,airplane,6304
STL-10,train,4003,0,airplane,6304
STL-10,train,4004,9,truck,6304
STL-10,train,4005,7,monkey,6304
STL-10,train,4006,9,truck,6304
STL-10,train,4007,1,bird,6304
STL-10,train,4009,4,deer,6304
STL-10,train,4011,6,horse,6304
STL-10,train,4012,1,bird,6304
STL-10,train,4014,8,ship,6304
STL-10,train,4015,2,car,6304
STL-10,train,4017,2,car,6304
STL-10,train,4019,6,horse,6304
STL-10,train,4021,3,cat,6304
STL-10,train,4022,1,bird,6304
STL-10,train,4024,5,dog,6304
STL-10,train,4025,0,airplane,6304
STL-10,train,4026,6,horse,6304
STL-10,train,4027,2,car,6304
STL-10,train,4030,7,monkey,6304
STL-10,train,4031,5,dog,6304
STL-10,train,4032,6,horse,6304
STL-10,train,4033,6,horse,6304
STL-10,train,4034,1,bird,6304
STL-10,train,4035,8,ship,6304
STL-10,train,4036,4,deer,6304
STL-10,train,4037,0,airplane,6304
STL-10,train,4038,6,horse,6304
STL-10,train,4039,2,car,6304
STL-10,train,4040,2,car,6304
STL-10,train,4041,0,airplane,6304
STL-10,train,4042,6,horse,6304
STL-10,train,4043,0,airplane,6304
STL-10,train,4044,2,car,6304
STL-10,train,4045,2,car,6304
STL-10,train,4046,7,monkey,6304
STL-10,train,4047,3,cat,6304
STL-10,train,4048,1,bird,6304
STL-10,train,4049,5,dog,6304
STL-10,train,4050,2,car,6304
STL-10,train,4051,1,bird,6304
STL-10,train,4052,2,car,6304
STL-10,train,4053,2,car,6304
STL-10,train,4055,9,truck,6304
STL-10,train,4057,2,car,6304
STL-10,train,4058,9,truck,6304
STL-10,train,4059,5,dog,6304
STL-10,train,4060,5,dog,6304
STL-10,train,4063,2,car,6304
STL-10,train,4064,9,truck,6304
STL-10,train,4065,8,ship,6304
STL-10,train,4067,1,bird,6304
STL-10,train,4068,8,ship,6304
STL-10,train,4069,7,monkey,6304
STL-10,train,4070,5,dog,6304
STL-10,train,4071,3,cat,6304
STL-10,train,4072,2,car,6304
STL-10,train,4073,2,car,6304
STL-10,train,4074,5,dog,6304
STL-10,train,4076,1,bird,6304
STL-10,train,4077,3,cat,6304
STL-10,train,4082,3,cat,6304
STL-10,train,4083,8,ship,6304
STL-10,train,4084,8,ship,6304
STL-10,train,4085,7,monkey,6304
STL-10,train,4086,1,bird,6304
STL-10,train,4087,7,monkey,6304
STL-10,train,4088,4,deer,6304
STL-10,train,4089,3,cat,6304
STL-10,train,4090,2,car,6304
STL-10,train,4091,9,truck,6304
STL-10,train,4092,1,bird,6304
STL-10,train,4093,3,cat,6304
STL-10,train,4095,7,monkey,6304
STL-10,train,4096,4,deer,6304
STL-10,train,4097,3,cat,6304
STL-10,train,4099,3,cat,6304
STL-10,train,4100,7,monkey,6304
STL-10,train,4101,3,cat,6304
STL-10,train,4104,1,bird,6304
STL-10,train,4105,6,horse,6304
STL-10,train,4106,7,monkey,6304
STL-10,train,4107,1,bird,6304
STL-10,train,4108,7,monkey,6304
STL-10,train,4109,1,bird,6304
STL-10,train,4111,8,ship,6304
STL-10,train,4112,1,bird,6304
STL-10,train,4113,2,car,6304
STL-10,train,4114,5,dog,6304
STL-10,train,4115,1,bird,6304
STL-10,train,4116,7,monkey,6304
STL-10,train,4117,9,truck,6304
STL-10,train,4118,0,airplane,6304
STL-10,train,4119,3,cat,6304
STL-10,train,4121,2,car,6304
STL-10,train,4122,9,truck,6304
STL-10,train,4123,8,ship,6304
STL-10,train,4124,7,monkey,6304
STL-10,train,4127,9,truck,6304
STL-10,train,4128,4,deer,6304
STL-10,train,4129,6,horse,6304
STL-10,train,4130,9,truck,6304
STL-10,train,4131,5,dog,6304
STL-10,train,4133,0,airplane,6304
STL-10,train,4134,1,bird,6304
STL-10,train,4136,1,bird,6304
STL-10,train,4137,3,cat,6304
STL-10,train,4139,2,car,6304
STL-10,train,4140,3,cat,6304
STL-10,train,4141,9,truck,6304
STL-10,train,4142,7,monkey,6304
STL-10,train,4143,9,truck,6304
STL-10,train,4144,6,horse,6304
STL-10,train,4145,1,bird,6304
STL-10,train,4146,4,deer,6304
STL-10,train,4147,6,horse,6304
STL-10,train,4149,4,deer,6304
STL-10,train,4150,0,airplane,6304
STL-10,train,4152,2,car,6304
STL-10,train,4153,2,car,6304
STL-10,train,4154,6,horse,6304
STL-10,train,4155,0,airplane,6304
STL-10,train,4156,6,horse,6304
STL-10,train,4157,4,deer,6304
STL-10,train,4158,2,car,6304
STL-10,train,4159,3,cat,6304
STL-10,train,4160,4,deer,6304
STL-10,train,4161,4,deer,6304
STL-10,train,4162,5,dog,6304
STL-10,train,4163,8,ship,6304
STL-10,train,4164,4,deer,6304
STL-10,train,4165,0,airplane,6304
STL-10,train,4166,9,truck,6304
STL-10,train,4167,2,car,6304
STL-10,train,4168,3,cat,6304
STL-10,train,4169,9,truck,6304
STL-10,train,4170,2,car,6304
STL-10,train,4171,2,car,6304
STL-10,train,4172,9,truck,6304
STL-10,train,4175,7,monkey,6304
STL-10,train,4176,2,car,6304
STL-10,train,4177,2,car,6304
STL-10,train,4178,6,horse,6304
STL-10,train,4179,8,ship,6304
STL-10,train,4180,5,dog,6304
STL-10,train,4181,8,ship,6304
STL-10,train,4183,8,ship,6304
STL-10,train,4184,9,truck,6304
STL-10,train,4185,6,horse,6304
STL-10,train,4186,0,airplane,6304
STL-10,train,4188,3,cat,6304
STL-10,train,4189,7,monkey,6304
STL-10,train,4191,3,cat,6304
STL-10,train,4193,8,ship,6304
STL-10,train,4194,1,bird,6304
STL-10,train,4195,9,truck,6304
STL-10,train,4196,4,deer,6304
STL-10,train,4197,7,monkey,6304
STL-10,train,4198,3,cat,6304
STL-10,train,4199,5,dog,6304
STL-10,train,4200,3,cat,6304
STL-10,train,4201,4,deer,6304
STL-10,train,4203,5,dog,6304
STL-10,train,4204,7,monkey,6304
STL-10,train,4205,9,truck,6304
STL-10,train,4206,7,monkey,6304
STL-10,train,4207,7,monkey,6304
STL-10,train,4208,7,monkey,6304
STL-10,train,4209,7,monkey,6304
STL-10,train,4211,5,dog,6304
STL-10,train,4212,4,deer,6304
STL-10,train,4213,7,monkey,6304
STL-10,train,4214,3,cat,6304
STL-10,train,4216,1,bird,6304
STL-10,train,4218,6,horse,6304
STL-10,train,4219,8,ship,6304
STL-10,train,4220,8,ship,6304
STL-10,train,4221,9,truck,6304
STL-10,train,4223,8,ship,6304
STL-10,train,4224,5,dog,6304
STL-10,train,4226,7,monkey,6304
STL-10,train,4227,4,deer,6304
STL-10,train,4228,7,monkey,6304
STL-10,train,4231,4,deer,6304
STL-10,train,4232,7,monkey,6304
STL-10,train,4233,2,car,6304
STL-10,train,4235,7,monkey,6304
STL-10,train,4236,7,monkey,6304
STL-10,train,4238,0,airplane,6304
STL-10,train,4239,3,cat,6304
STL-10,train,4240,7,monkey,6304
STL-10,train,4241,4,deer,6304
STL-10,train,4243,3,cat,6304
STL-10,train,4244,1,bird,6304
STL-10,train,4245,0,airplane,6304
STL-10,train,4247,5,dog,6304
STL-10,train,4250,3,cat,6304
STL-10,train,4251,4,deer,6304
STL-10,train,4252,1,bird,6304
STL-10,train,4254,1,bird,6304
STL-10,train,4255,0,airplane,6304
STL-10,train,4256,7,monkey,6304
STL-10,train,4257,9,truck,6304
STL-10,train,4258,9,truck,6304
STL-10,train,4259,2,car,6304
STL-10,train,4260,8,ship,6304
STL-10,train,4261,3,cat,6304
STL-10,train,4262,1,bird,6304
STL-10,train,4263,1,bird,6304
STL-10,train,4264,4,deer,6304
STL-10,train,4265,6,horse,6304
STL-10,train,4266,1,bird,6304
STL-10,train,4267,2,car,6304
STL-10,train,4268,2,car,6304
STL-10,train,4269,1,bird,6304
STL-10,train,4270,0,airplane,6304
STL-10,train,4271,3,cat,6304
STL-10,train,4272,5,dog,6304
STL-10,train,4273,1,bird,6304
STL-10,train,4274,2,car,6304
STL-10,train,4275,3,cat,6304
STL-10,train,4276,7,monkey,6304
STL-10,train,4277,9,truck,6304
STL-10,train,4278,0,airplane,6304
STL-10,train,4279,8,ship,6304
STL-10,train,4280,1,bird,6304
STL-10,train,4281,4,deer,6304
STL-10,train,4282,6,horse,6304
STL-10,train,4283,0,airplane,6304
STL-10,train,4284,7,monkey,6304
STL-10,train,4287,4,deer,6304
STL-10,train,4288,9,truck,6304
STL-10,train,4289,5,dog,6304
STL-10,train,4290,4,deer,6304
STL-10,train,4291,9,truck,6304
STL-10,train,4293,3,cat,6304
STL-10,train,4294,7,monkey,6304
STL-10,train,4295,0,airplane,6304
STL-10,train,4296,6,horse,6304
STL-10,train,4298,7,monkey,6304
STL-10,train,4299,0,airplane,6304
STL-10,train,4300,6,horse,6304
STL-10,train,4302,4,deer,6304
STL-10,train,4303,5,dog,6304
STL-10,train,4304,5,dog,6304
STL-10,train,4305,4,deer,6304
STL-10,train,4306,9,truck,6304
STL-10,train,4307,4,deer,6304
STL-10,train,4308,1,bird,6304
STL-10,train,4309,3,cat,6304
STL-10,train,4311,1,bird,6304
STL-10,train,4313,2,car,6304
STL-10,train,4314,2,car,6304
STL-10,train,4316,8,ship,6304
STL-10,train,4317,7,monkey,6304
STL-10,train,4318,2,car,6304
STL-10,train,4319,1,bird,6304
STL-10,train,4320,8,ship,6304
STL-10,train,4321,5,dog,6304
STL-10,train,4322,0,airplane,6304
STL-10,train,4323,8,ship,6304
STL-10,train,4324,6,horse,6304
STL-10,train,4325,1,bird,6304
STL-10,train,4326,7,monkey,6304
STL-10,train,4329,2,car,6304
STL-10,train,4330,0,airplane,6304
STL-10,train,4332,9,truck,6304
STL-10,train,4333,4,deer,6304
STL-10,train,4334,7,monkey,6304
STL-10,train,4335,4,deer,6304
STL-10,train,4336,4,deer,6304
STL-10,train,4337,2,car,6304
STL-10,train,4338,5,dog,6304
STL-10,train,4340,6,horse,6304
STL-10,train,4343,5,dog,6304
STL-10,train,4344,3,cat,6304
STL-10,train,4346,0,airplane,6304
STL-10,train,4348,2,car,6304
STL-10,train,4349,3,cat,6304
STL-10,train,4350,5,dog,6304
STL-10,train,4351,6,horse,6304
STL-10,train,4352,0,airplane,6304
STL-10,train,4353,6,horse,6304
STL-10,train,4354,3,cat,6304
STL-10,train,4355,4,deer,6304
STL-10,train,4356,7,monkey,6304
STL-10,train,4361,1,bird,6304
STL-10,train,4363,3,cat,6304
STL-10,train,4364,9,truck,6304
STL-10,train,4366,8,ship,6304
STL-10,train,4367,8,ship,6304
STL-10,train,4369,9,truck,6304
STL-10,train,4370,0,airplane,6304
STL-10,train,4371,1,bird,6304
STL-10,train,4372,2,car,6304
STL-10,train,4373,9,truck,6304
STL-10,train,4374,6,horse,6304
STL-10,train,4376,8,ship,6304
STL-10,train,4377,3,cat,6304
STL-10,train,4378,0,airplane,6304
STL-10,train,4379,0,airplane,6304
STL-10,train,4380,2,car,6304
STL-10,train,4381,8,ship,6304
STL-10,train,4382,4,deer,6304
STL-10,train,4383,5,dog,6304
STL-10,train,4384,0,airplane,6304
STL-10,train,4385,0,airplane,6304
STL-10,train,4386,0,airplane,6304
STL-10,train,4387,2,car,6304
STL-10,train,4388,7,monkey,6304
STL-10,train,4389,0,airplane,6304
STL-10,train,4390,6,horse,6304
STL-10,train,4391,1,bird,6304
STL-10,train,4392,6,horse,6304
STL-10,train,4393,9,truck,6304
STL-10,train,4394,4,deer,6304
STL-10,train,4395,0,airplane,6304
STL-10,train,4396,4,deer,6304
STL-10,train,4397,6,horse,6304
STL-10,train,4398,2,car,6304
STL-10,train,4399,9,truck,6304
STL-10,train,4400,3,cat,6304
STL-10,train,4402,9,truck,6304
STL-10,train,4403,8,ship,6304
STL-10,train,4404,7,monkey,6304
STL-10,train,4405,8,ship,6304
STL-10,train,4406,9,truck,6304
STL-10,train,4409,2,car,6304
STL-10,train,4410,2,car,6304
STL-10,train,4411,4,deer,6304
STL-10,train,4413,1,bird,6304
STL-10,train,4414,8,ship,6304
STL-10,train,4415,6,horse,6304
STL-10,train,4416,3,cat,6304
STL-10,train,4417,8,ship,6304
STL-10,train,4418,8,ship,6304
STL-10,train,4422,1,bird,6304
STL-10,train,4423,3,cat,6304
STL-10,train,4424,5,dog,6304
STL-10,train,4425,4,deer,6304
STL-10,train,4426,3,cat,6304
STL-10,train,4428,3,cat,6304
STL-10,train,4429,0,airplane,6304
STL-10,train,4430,8,ship,6304
STL-10,train,4431,4,deer,6304
STL-10,train,4433,8,ship,6304
STL-10,train,4435,0,airplane,6304
STL-10,train,4436,5,dog,6304
STL-10,train,4437,8,ship,6304
STL-10,train,4438,6,horse,6304
STL-10,train,4440,7,monkey,6304
STL-10,train,4442,6,horse,6304
STL-10,train,4444,9,truck,6304
STL-10,train,4447,7,monkey,6304
STL-10,train,4449,9,truck,6304
STL-10,train,4450,1,bird,6304
STL-10,train,4451,0,airplane,6304
STL-10,train,4452,2,car,6304
STL-10,train,4453,1,bird,6304
STL-10,train,4454,0,airplane,6304
STL-10,train,4455,2,car,6304
STL-10,train,4457,7,monkey,6304
STL-10,train,4458,7,monkey,6304
STL-10,train,4459,8,ship,6304
STL-10,train,4461,1,bird,6304
STL-10,train,4462,3,cat,6304
STL-10,train,4463,3,cat,6304
STL-10,train,4464,4,deer,6304
STL-10,train,4465,5,dog,6304
STL-10,train,4466,8,ship,6304
STL-10,train,4467,4,deer,6304
STL-10,train,4468,1,bird,6304
STL-10,train,4469,5,dog,6304
STL-10,train,4470,0,airplane,6304
STL-10,train,4471,2,car,6304
STL-10,train,4472,6,horse,6304
STL-10,train,4474,7,monkey,6304
STL-10,train,4476,3,cat,6304
STL-10,train,4477,2,car,6304
STL-10,train,4479,1,bird,6304
STL-10,train,4480,8,ship,6304
STL-10,train,4481,3,cat,6304
STL-10,train,4482,8,ship,6304
STL-10,train,4483,0,airplane,6304
STL-10,train,4484,9,truck,6304
STL-10,train,4486,6,horse,6304
STL-10,train,4487,6,horse,6304
STL-10,train,4488,5,dog,6304
STL-10,train,4489,4,deer,6304
STL-10,train,4491,1,bird,6304
STL-10,train,4492,6,horse,6304
STL-10,train,4493,1,bird,6304
STL-10,train,4494,7,monkey,6304
STL-10,train,4495,3,cat,6304
STL-10,train,4496,8,ship,6304
STL-10,train,4497,3,cat,6304
STL-10,train,4498,4,deer,6304
STL-10,train,4500,7,monkey,6304
STL-10,train,4501,1,bird,6304
STL-10,train,4502,0,airplane,6304
STL-10,train,4503,6,horse,6304
STL-10,train,4504,2,car,6304
STL-10,train,4506,5,dog,6304
STL-10,train,4508,0,airplane,6304
STL-10,train,4509,0,airplane,6304
STL-10,train,4512,0,airplane,6304
STL-10,train,4513,1,bird,6304
STL-10,train,4514,8,ship,6304
STL-10,train,4515,5,dog,6304
STL-10,train,4516,3,cat,6304
STL-10,train,4517,0,airplane,6304
STL-10,train,4518,6,horse,6304
STL-10,train,4520,4,deer,6304
STL-10,train,4521,3,cat,6304
STL-10,train,4522,9,truck,6304
STL-10,train,4523,0,airplane,6304
STL-10,train,4524,5,dog,6304
STL-10,train,4525,6,horse,6304
STL-10,train,4526,0,airplane,6304
STL-10,train,4527,4,deer,6304
STL-10,train,4528,5,dog,6304
STL-10,train,4529,0,airplane,6304
STL-10,train,4530,1,bird,6304
STL-10,train,4531,7,monkey,6304
STL-10,train,4532,3,cat,6304
STL-10,train,4533,5,dog,6304
STL-10,train,4534,5,dog,6304
STL-10,train,4535,6,horse,6304
STL-10,train,4536,1,bird,6304
STL-10,train,4537,6,horse,6304
STL-10,train,4538,4,deer,6304
STL-10,train,4539,1,bird,6304
STL-10,train,4540,6,horse,6304
STL-10,train,4541,3,cat,6304
STL-10,train,4542,6,horse,6304
STL-10,train,4543,4,deer,6304
STL-10,train,4544,7,monkey,6304
STL-10,train,4545,1,bird,6304
STL-10,train,4546,2,car,6304
STL-10,train,4547,6,horse,6304
STL-10,train,4548,7,monkey,6304
STL-10,train,4549,1,bird,6304
STL-10,train,4550,4,deer,6304
STL-10,train,4551,1,bird,6304
STL-10,train,4552,0,airplane,6304
STL-10,train,4553,8,ship,6304
STL-10,train,4554,9,truck,6304
STL-10,train,4555,8,ship,6304
STL-10,train,4556,8,ship,6304
STL-10,train,4557,1,bird,6304
STL-10,train,4558,9,truck,6304
STL-10,train,4559,5,dog,6304
STL-10,train,4560,2,car,6304
STL-10,train,4561,2,car,6304
STL-10,train,4562,5,dog,6304
STL-10,train,4563,1,bird,6304
STL-10,train,4565,2,car,6304
STL-10,train,4567,0,airplane,6304
STL-10,train,4568,5,dog,6304
STL-10,train,4570,1,bird,6304
STL-10,train,4571,0,airplane,6304
STL-10,train,4572,9,truck,6304
STL-10,train,4573,0,airplane,6304
STL-10,train,4574,8,ship,6304
STL-10,train,4575,5,dog,6304
STL-10,train,4576,2,car,6304
STL-10,train,4577,3,cat,6304
STL-10,train,4578,4,deer,6304
STL-10,train,4580,8,ship,6304
STL-10,train,4581,6,horse,6304
STL-10,train,4582,6,horse,6304
STL-10,train,4583,9,truck,6304
STL-10,train,4585,5,dog,6304
STL-10,train,4586,1,bird,6304
STL-10,train,4587,4,deer,6304
STL-10,train,4588,8,ship,6304
STL-10,train,4589,8,ship,6304
STL-10,train,4590,9,truck,6304
STL-10,train,4591,2,car,6304
STL-10,train,4593,9,truck,6304
STL-10,train,4594,3,cat,6304
STL-10,train,4595,9,truck,6304
STL-10,train,4597,9,truck,6304
STL-10,train,4598,7,monkey,6304
STL-10,train,4600,1,bird,6304
STL-10,train,4601,4,deer,6304
STL-10,train,4602,6,horse,6304
STL-10,train,4603,7,monkey,6304
STL-10,train,4604,1,bird,6304
STL-10,train,4606,8,ship,6304
STL-10,train,4608,4,deer,6304
STL-10,train,4609,2,car,6304
STL-10,train,4611,9,truck,6304
STL-10,train,4612,1,bird,6304
STL-10,train,4614,9,truck,6304
STL-10,train,4615,4,deer,6304
STL-10,train,4616,3,cat,6304
STL-10,train,4618,2,car,6304
STL-10,train,4619,4,deer,6304
STL-10,train,4620,6,horse,6304
STL-10,train,4621,2,car,6304
STL-10,train,4622,4,deer,6304
STL-10,train,4623,3,cat,6304
STL-10,train,4624,9,truck,6304
STL-10,train,4626,5,dog,6304
STL-10,train,4627,0,airplane,6304
STL-10,train,4628,2,car,6304
STL-10,train,4629,8,ship,6304
STL-10,train,4630,8,ship,6304
STL-10,train,4631,3,cat,6304
STL-10,train,4632,0,airplane,6304
STL-10,train,4633,4,deer,6304
STL-10,train,4634,4,deer,6304
STL-10,train,4635,4,deer,6304
STL-10,train,4636,4,deer,6304
STL-10,train,4637,5,dog,6304
STL-10,train,4638,8,ship,6304
STL-10,train,4641,9,truck,6304
STL-10,train,4643,0,airplane,6304
STL-10,train,4644,0,airplane,6304
STL-10,train,4645,9,truck,6304
STL-10,train,4646,9,truck,6304
STL-10,train,4647,8,ship,6304
STL-10,train,4649,5,dog,6304
STL-10,train,4650,7,monkey,6304
STL-10,train,4651,1,bird,6304
STL-10,train,4653,0,airplane,6304
STL-10,train,4654,0,airplane,6304
STL-10,train,4655,7,monkey,6304
STL-10,train,4656,3,cat,6304
STL-10,train,4657,3,cat,6304
STL-10,train,4658,9,truck,6304
STL-10,train,4660,2,car,6304
STL-10,train,4661,5,dog,6304
STL-10,train,4662,7,monkey,6304
STL-10,train,4663,8,ship,6304
STL-10,train,4666,5,dog,6304
STL-10,train,4668,4,deer,6304
STL-10,train,4670,3,cat,6304
STL-10,train,4671,5,dog,6304
STL-10,train,4672,8,ship,6304
STL-10,train,4673,7,monkey,6304
STL-10,train,4674,7,monkey,6304
STL-10,train,4675,5,dog,6304
STL-10,train,4676,1,bird,6304
STL-10,train,4677,8,ship,6304
STL-10,train,4678,7,monkey,6304
STL-10,train,4679,6,horse,6304
STL-10,train,4681,9,truck,6304
STL-10,train,4682,9,truck,6304
STL-10,train,4683,9,truck,6304
STL-10,train,4684,4,deer,6304
STL-10,train,4686,4,deer,6304
STL-10,train,4687,0,airplane,6304
STL-10,train,4688,1,bird,6304
STL-10,train,4692,2,car,6304
STL-10,train,4693,8,ship,6304
STL-10,train,4694,4,deer,6304
STL-10,train,4695,0,airplane,6304
STL-10,train,4696,9,truck,6304
STL-10,train,4697,8,ship,6304
STL-10,train,4698,1,bird,6304
STL-10,train,4699,4,deer,6304
STL-10,train,4701,8,ship,6304
STL-10,train,4702,1,bird,6304
STL-10,train,4703,8,ship,6304
STL-10,train,4705,9,truck,6304
STL-10,train,4706,5,dog,6304
STL-10,train,4708,6,horse,6304
STL-10,train,4710,1,bird,6304
STL-10,train,4711,4,deer,6304
STL-10,train,4712,7,monkey,6304
STL-10,train,4713,1,bird,6304
STL-10,train,4714,5,dog,6304
STL-10,train,4716,6,horse,6304
STL-10,train,4717,5,dog,6304
STL-10,train,4719,8,ship,6304
STL-10,train,4721,1,bird,6304
STL-10,train,4722,4,deer,6304
STL-10,train,4724,9,truck,6304
STL-10,train,4725,7,monkey,6304
STL-10,train,4726,6,horse,6304
STL-10,train,4727,9,truck,6304
STL-10,train,4728,1,bird,6304
STL-10,train,4730,3,cat,6304
STL-10,train,4731,4,deer,6304
STL-10,train,4732,5,dog,6304
STL-10,train,4733,4,deer,6304
STL-10,train,4734,9,truck,6304
STL-10,train,4735,9,truck,6304
STL-10,train,4736,3,cat,6304
STL-10,train,4737,4,deer,6304
STL-10,train,4739,2,car,6304
STL-10,train,4741,4,deer,6304
STL-10,train,4743,2,car,6304
STL-10,train,4744,8,ship,6304
STL-10,train,4746,9,truck,6304
STL-10,train,4747,0,airplane,6304
STL-10,train,4748,2,car,6304
STL-10,train,4749,4,deer,6304
STL-10,train,4752,8,ship,6304
STL-10,train,4753,0,airplane,6304
STL-10,train,4754,6,horse,6304
STL-10,train,4755,2,car,6304
STL-10,train,4756,7,monkey,6304
STL-10,train,4757,5,dog,6304
STL-10,train,4758,2,car,6304
STL-10,train,4760,0,airplane,6304
STL-10,train,4761,8,ship,6304
STL-10,train,4762,6,horse,6304
STL-10,train,4763,2,car,6304
STL-10,train,4764,1,bird,6304
STL-10,train,4765,2,car,6304
STL-10,train,4766,6,horse,6304
STL-10,train,4768,7,monkey,6304
STL-10,train,4769,4,deer,6304
STL-10,train,4770,4,deer,6304
STL-10,train,4771,7,monkey,6304
STL-10,train,4772,9,truck,6304
STL-10,train,4773,1,bird,6304
STL-10,train,4775,5,dog,6304
STL-10,train,4778,5,dog,6304
STL-10,train,4779,0,airplane,6304
STL-10,train,4780,2,car,6304
STL-10,train,4781,0,airplane,6304
STL-10,train,4782,5,dog,6304
STL-10,train,4783,3,cat,6304
STL-10,train,4784,2,car,6304
STL-10,train,4785,0,airplane,6304
STL-10,train,4787,5,dog,6304
STL-10,train,4790,5,dog,6304
STL-10,train,4791,9,truck,6304
STL-10,train,4793,5,dog,6304
STL-10,train,4794,7,monkey,6304
STL-10,train,4795,2,car,6304
STL-10,train,4796,9,truck,6304
STL-10,train,4797,0,airplane,6304
STL-10,train,4798,5,dog,6304
STL-10,train,4799,9,truck,6304
STL-10,train,4800,7,monkey,6304
STL-10,train,4801,3,cat,6304
STL-10,train,4802,5,dog,6304
STL-10,train,4803,8,ship,6304
STL-10,train,4805,9,truck,6304
STL-10,train,4806,8,ship,6304
STL-10,train,4807,2,car,6304
STL-10,train,4808,7,monkey,6304
STL-10,train,4810,8,ship,6304
STL-10,train,4811,6,horse,6304
STL-10,train,4812,5,dog,6304
STL-10,train,4813,8,ship,6304
STL-10,train,4814,9,truck,6304
STL-10,train,4815,6,horse,6304
STL-10,train,4817,3,cat,6304
STL-10,train,4818,6,horse,6304
STL-10,train,4819,9,truck,6304
STL-10,train,4820,1,bird,6304
STL-10,train,4822,7,monkey,6304
STL-10,train,4823,1,bird,6304
STL-10,train,4824,5,dog,6304
STL-10,train,4825,9,truck,6304
STL-10,train,4826,5,dog,6304
STL-10,train,4829,3,cat,6304
STL-10,train,4830,7,monkey,6304
STL-10,train,4831,6,horse,6304
STL-10,train,4833,0,airplane,6304
STL-10,train,4835,7,monkey,6304
STL-10,train,4836,0,airplane,6304
STL-10,train,4837,0,airplane,6304
STL-10,train,4838,8,ship,6304
STL-10,train,4839,2,car,6304
STL-10,train,4840,3,cat,6304
STL-10,train,4841,3,cat,6304
STL-10,train,4842,3,cat,6304
STL-10,train,4843,3,cat,6304
STL-10,train,4844,3,cat,6304
STL-10,train,4845,9,truck,6304
STL-10,train,4847,8,ship,6304
STL-10,train,4848,0,airplane,6304
STL-10,train,4849,4,deer,6304
STL-10,train,4850,3,cat,6304
STL-10,train,4851,0,airplane,6304
STL-10,train,4853,4,deer,6304
STL-10,train,4854,0,airplane,6304
STL-10,train,4855,9,truck,6304
STL-10,train,4856,2,car,6304
STL-10,train,4857,1,bird,6304
STL-10,train,4859,6,horse,6304
STL-10,train,4861,2,car,6304
STL-10,train,4862,6,horse,6304
STL-10,train,4864,8,ship,6304
STL-10,train,4865,2,car,6304
STL-10,train,4866,2,car,6304
STL-10,train,4867,4,deer,6304
STL-10,train,4868,3,cat,6304
STL-10,train,4871,1,bird,6304
STL-10,train,4873,3,cat,6304
STL-10,train,4874,8,ship,6304
STL-10,train,4875,5,dog,6304
STL-10,train,4877,4,deer,6304
STL-10,train,4878,9,truck,6304
STL-10,train,4880,8,ship,6304
STL-10,train,4881,1,bird,6304
STL-10,train,4883,4,deer,6304
STL-10,train,4884,7,monkey,6304
STL-10,train,4885,9,truck,6304
STL-10,train,4886,6,horse,6304
STL-10,train,4888,6,horse,6304
STL-10,train,4890,0,airplane,6304
STL-10,train,4891,3,cat,6304
STL-10,train,4892,4,deer,6304
STL-10,train,4893,5,dog,6304
STL-10,train,4894,1,bird,6304
STL-10,train,4895,1,bird,6304
STL-10,train,4896,4,deer,6304
STL-10,train,4897,2,car,6304
STL-10,train,4898,2,car,6304
STL-10,train,4900,3,cat,6304
STL-10,train,4903,1,bird,6304
STL-10,train,4904,9,truck,6304
STL-10,train,4905,5,dog,6304
STL-10,train,4906,5,dog,6304
STL-10,train,4907,5,dog,6304
STL-10,train,4908,6,horse,6304
STL-10,train,4909,4,deer,6304
STL-10,train,4913,1,bird,6304
STL-10,train,4914,4,deer,6304
STL-10,train,4915,2,car,6304
STL-10,train,4916,6,horse,6304
STL-10,train,4917,0,airplane,6304
STL-10,train,4918,5,dog,6304
STL-10,train,4919,8,ship,6304
STL-10,train,4920,7,monkey,6304
STL-10,train,4921,4,deer,6304
STL-10,train,4922,3,cat,6304
STL-10,train,4923,1,bird,6304
STL-10,train,4924,6,horse,6304
STL-10,train,4925,4,deer,6304
STL-10,train,4926,6,horse,6304
STL-10,train,4928,9,truck,6304
STL-10,train,4929,8,ship,6304
STL-10,train,4930,8,ship,6304
STL-10,train,4931,7,monkey,6304
STL-10,train,4933,3,cat,6304
STL-10,train,4934,7,monkey,6304
STL-10,train,4935,8,ship,6304
STL-10,train,4937,2,car,6304
STL-10,train,4938,1,bird,6304
STL-10,train,4939,2,car,6304
STL-10,train,4940,3,cat,6304
STL-10,train,4941,2,car,6304
STL-10,train,4942,0,airplane,6304
STL-10,train,4943,2,car,6304
STL-10,train,4944,1,bird,6304
STL-10,train,4945,0,airplane,6304
STL-10,train,4947,4,deer,6304
STL-10,train,4948,0,airplane,6304
STL-10,train,4949,3,cat,6304
STL-10,train,4950,1,bird,6304
STL-10,train,4951,1,bird,6304
STL-10,train,4952,5,dog,6304
STL-10,train,4953,5,dog,6304
STL-10,train,4954,2,car,6304
STL-10,train,4955,4,deer,6304
STL-10,train,4956,8,ship,6304
STL-10,train,4957,0,airplane,6304
STL-10,train,4958,7,monkey,6304
STL-10,train,4959,5,dog,6304
STL-10,train,4960,7,monkey,6304
STL-10,train,4961,1,bird,6304
STL-10,train,4962,8,ship,6304
STL-10,train,4963,5,dog,6304
STL-10,train,4964,5,dog,6304
STL-10,train,4965,2,car,6304
STL-10,train,4966,0,airplane,6304
STL-10,train,4968,0,airplane,6304
STL-10,train,4969,6,horse,6304
STL-10,train,4970,4,deer,6304
STL-10,train,4971,2,car,6304
STL-10,train,4973,8,ship,6304
STL-10,train,4974,1,bird,6304
STL-10,train,4975,6,horse,6304
STL-10,train,4976,6,horse,6304
STL-10,train,4979,1,bird,6304
STL-10,train,4980,8,ship,6304
STL-10,train,4983,3,cat,6304
STL-10,train,4984,7,monkey,6304
STL-10,train,4987,3,cat,6304
STL-10,train,4990,1,bird,6304
STL-10,train,4991,6,horse,6304
STL-10,train,4992,9,truck,6304
STL-10,train,4993,3,cat,6304
STL-10,train,4994,4,deer,6304
STL-10,train,4995,1,bird,6304
STL-10,train,4998,7,monkey,6304
STL-10,train,4999,5,dog,6304
