dataset,official_partition,official_index,selection_seed,condition,predictor,true_class_id,true_class_name,clean_predicted_class_id,clean_predicted_class_name,transformed_predicted_class_id,transformed_predicted_class_name,transformed_correct,matches_clean_prediction,transformed_maximum_confidence
STL-10,test,3,6304,grayscale,resnet50_linear_head,0,airplane,0,airplane,0,airplane,True,True,0.6523516178131104
STL-10,test,29,6304,grayscale,resnet50_linear_head,7,monkey,7,monkey,7,monkey,True,True,0.9766174554824829
STL-10,test,35,6304,grayscale,resnet50_linear_head,2,car,2,car,2,car,True,True,0.9605090618133545
STL-10,test,42,6304,grayscale,resnet50_linear_head,0,airplane,0,airplane,0,airplane,True,True,0.7269226908683777
STL-10,test,49,6304,grayscale,resnet50_linear_head,2,car,2,car,2,car,True,True,0.9378064870834351
STL-10,test,81,6304,grayscale,resnet50_linear_head,0,airplane,0,airplane,0,airplane,True,True,0.98438960313797
STL-10,test,95,6304,grayscale,resnet50_linear_head,1,bird,1,bird,1,bird,True,True,0.9684510827064514
STL-10,test,97,6304,grayscale,resnet50_linear_head,5,dog,5,dog,5,dog,True,True,0.4901287257671356
STL-10,test,116,6304,grayscale,resnet50_linear_head,1,bird,1,bird,1,bird,True,True,0.977480411529541
STL-10,test,131,6304,grayscale,resnet50_linear_head,9,truck,9,truck,9,truck,True,True,0.9644691944122314
STL-10,test,151,6304,grayscale,resnet50_linear_head,8,ship,8,ship,8,ship,True,True,0.9514591097831726
STL-10,test,171,6304,grayscale,resnet50_linear_head,4,deer,4,deer,4,deer,True,True,0.9651075005531311
STL-10,test,176,6304,grayscale,resnet50_linear_head,3,cat,3,cat,3,cat,True,True,0.9936544895172119
STL-10,test,191,6304,grayscale,resnet50_linear_head,9,truck,9,truck,2,car,False,False,0.5920668840408325
STL-10,test,194,6304,grayscale,resnet50_linear_head,8,ship,8,ship,8,ship,True,True,0.9497078657150269
STL-10,test,198,6304,grayscale,resnet50_linear_head,1,bird,1,bird,1,bird,True,True,0.8546205163002014
STL-10,test,239,6304,grayscale,resnet50_linear_head,9,truck,9,truck,9,truck,True,True,0.9613402485847473
STL-10,test,261,6304,grayscale,resnet50_linear_head,1,bird,1,bird,1,bird,True,True,0.8454283475875854
STL-10,test,269,6304,grayscale,resnet50_linear_head,7,monkey,7,monkey,7,monkey,True,True,0.6123802065849304
STL-10,test,276,6304,grayscale,resnet50_linear_head,9,truck,9,truck,9,truck,True,True,0.9366992115974426
STL-10,test,303,6304,grayscale,resnet50_linear_head,9,truck,9,truck,9,truck,True,True,0.9349786639213562
STL-10,test,304,6304,grayscale,resnet50_linear_head,1,bird,1,bird,1,bird,True,True,0.918771505355835
STL-10,test,317,6304,grayscale,resnet50_linear_head,2,car,2,car,2,car,True,True,0.9315037131309509
STL-10,test,319,6304,grayscale,resnet50_linear_head,5,dog,5,dog,5,dog,True,True,0.9408217072486877
STL-10,test,323,6304,grayscale,resnet50_linear_head,7,monkey,7,monkey,7,monkey,True,True,0.93315190076828
STL-10,test,365,6304,grayscale,resnet50_linear_head,3,cat,3,cat,3,cat,True,True,0.8856935501098633
STL-10,test,370,6304,grayscale,resnet50_linear_head,7,monkey,7,monkey,7,monkey,True,True,0.640959620475769
STL-10,test,372,6304,grayscale,resnet50_linear_head,3,cat,3,cat,3,cat,True,True,0.994390070438385
STL-10,test,378,6304,grayscale,resnet50_linear_head,5,dog,5,dog,5,dog,True,True,0.878563404083252
STL-10,test,391,6304,grayscale,resnet50_linear_head,3,cat,3,cat,3,cat,True,True,0.9651877880096436
STL-10,test,409,6304,grayscale,resnet50_linear_head,2,car,2,car,2,car,True,True,0.9787620306015015
STL-10,test,419,6304,grayscale,resnet50_linear_head,9,truck,9,truck,9,truck,True,True,0.876408576965332
STL-10,test,449,6304,grayscale,resnet50_linear_head,6,horse,6,horse,6,horse,True,True,0.9490994811058044
STL-10,test,470,6304,grayscale,resnet50_linear_head,2,car,2,car,2,car,True,True,0.9262464046478271
STL-10,test,483,6304,grayscale,resnet50_linear_head,2,car,2,car,2,car,True,True,0.8714236617088318
STL-10,test,484,6304,grayscale,resnet50_linear_head,0,airplane,0,airplane,0,airplane,True,True,0.8669670224189758
STL-10,test,506,6304,grayscale,resnet50_linear_head,4,deer,4,deer,4,deer,True,True,0.804445207118988
STL-10,test,545,6304,grayscale,resnet50_linear_head,6,horse,6,horse,2,car,False,False,0.5808699727058411
STL-10,test,562,6304,grayscale,resnet50_linear_head,0,airplane,0,airplane,0,airplane,True,True,0.9955562949180603
STL-10,test,568,6304,grayscale,resnet50_linear_head,5,dog,5,dog,5,dog,True,True,0.7240114212036133
STL-10,test,603,6304,grayscale,resnet50_linear_head,9,truck,9,truck,9,truck,True,True,0.663135290145874
STL-10,test,632,6304,grayscale,resnet50_linear_head,3,cat,3,cat,3,cat,True,True,0.9341935515403748
STL-10,test,645,6304,grayscale,resnet50_linear_head,5,dog,5,dog,5,dog,True,True,0.9766234159469604
STL-10,test,667,6304,grayscale,resnet50_linear_head,8,ship,8,ship,8,ship,True,True,0.9619986414909363
STL-10,test,672,6304,grayscale,resnet50_linear_head,3,cat,3,cat,3,cat,True,True,0.9820246696472168
STL-10,test,677,6304,grayscale,resnet50_linear_head,3,cat,3,cat,3,cat,True,True,0.7493335008621216
STL-10,test,685,6304,grayscale,resnet50_linear_head,5,dog,5,dog,5,dog,True,True,0.9653840065002441
STL-10,test,691,6304,grayscale,resnet50_linear_head,4,deer,4,deer,4,deer,True,True,0.9263593554496765
STL-10,test,706,6304,grayscale,resnet50_linear_head,8,ship,8,ship,8,ship,True,True,0.9375329613685608
STL-10,test,714,6304,grayscale,resnet50_linear_head,2,car,2,car,2,car,True,True,0.8232150077819824
STL-10,test,716,6304,grayscale,resnet50_linear_head,8,ship,8,ship,8,ship,True,True,0.814275860786438
STL-10,test,738,6304,grayscale,resnet50_linear_head,3,cat,3,cat,3,cat,True,True,0.9094765782356262
STL-10,test,739,6304,grayscale,resnet50_linear_head,8,ship,8,ship,8,ship,True,True,0.9484320282936096
STL-10,test,766,6304,grayscale,resnet50_linear_head,4,deer,6,horse,6,horse,False,True,0.8971749544143677
STL-10,test,791,6304,grayscale,resnet50_linear_head,3,cat,3,cat,3,cat,True,True,0.8251868486404419
STL-10,test,805,6304,grayscale,resnet50_linear_head,9,truck,9,truck,9,truck,True,True,0.9722115993499756
STL-10,test,825,6304,grayscale,resnet50_linear_head,1,bird,1,bird,1,bird,True,True,0.9838792085647583
STL-10,test,852,6304,grayscale,resnet50_linear_head,9,truck,9,truck,9,truck,True,True,0.9237755537033081
STL-10,test,855,6304,grayscale,resnet50_linear_head,4,deer,4,deer,4,deer,True,True,0.6182541847229004
STL-10,test,873,6304,grayscale,resnet50_linear_head,6,horse,6,horse,6,horse,True,True,0.8383005857467651
STL-10,test,890,6304,grayscale,resnet50_linear_head,6,horse,6,horse,6,horse,True,True,0.9638015627861023
STL-10,test,920,6304,grayscale,resnet50_linear_head,6,horse,6,horse,6,horse,True,True,0.8805747628211975
STL-10,test,929,6304,grayscale,resnet50_linear_head,6,horse,6,horse,6,horse,True,True,0.8031994700431824
STL-10,test,962,6304,grayscale,resnet50_linear_head,8,ship,8,ship,8,ship,True,True,0.981285810470581
STL-10,test,964,6304,grayscale,resnet50_linear_head,6,horse,6,horse,6,horse,True,True,0.9824569821357727
STL-10,test,977,6304,grayscale,resnet50_linear_head,6,horse,6,horse,6,horse,True,True,0.9847266674041748
STL-10,test,979,6304,grayscale,resnet50_linear_head,3,cat,3,cat,3,cat,True,True,0.996967613697052
STL-10,test,981,6304,grayscale,resnet50_linear_head,2,car,2,car,2,car,True,True,0.846940279006958
STL-10,test,1022,6304,grayscale,resnet50_linear_head,9,truck,9,truck,9,truck,True,True,0.9801747798919678
STL-10,test,1032,6304,grayscale,resnet50_linear_head,7,monkey,7,monkey,7,monkey,True,True,0.7433590888977051
STL-10,test,1048,6304,grayscale,resnet50_linear_head,7,monkey,7,monkey,7,monkey,True,True,0.8898391723632812
STL-10,test,1090,6304,grayscale,resnet50_linear_head,1,bird,1,bird,1,bird,True,True,0.7962483167648315
STL-10,test,1095,6304,grayscale,resnet50_linear_head,5,dog,5,dog,5,dog,True,True,0.885635256767273
STL-10,test,1109,6304,grayscale,resnet50_linear_head,1,bird,1,bird,1,bird,True,True,0.958487868309021
STL-10,test,1111,6304,grayscale,resnet50_linear_head,4,deer,4,deer,4,deer,True,True,0.7855478525161743
STL-10,test,1115,6304,grayscale,resnet50_linear_head,1,bird,1,bird,1,bird,True,True,0.9930181503295898
STL-10,test,1124,6304,grayscale,resnet50_linear_head,4,deer,4,deer,4,deer,True,True,0.8905235528945923
STL-10,test,1129,6304,grayscale,resnet50_linear_head,8,ship,8,ship,8,ship,True,True,0.9656248688697815
STL-10,test,1175,6304,grayscale,resnet50_linear_head,0,airplane,0,airplane,0,airplane,True,True,0.9402018785476685
STL-10,test,1202,6304,grayscale,resnet50_linear_head,2,car,2,car,2,car,True,True,0.9701228737831116
STL-10,test,1204,6304,grayscale,resnet50_linear_head,3,cat,3,cat,3,cat,True,True,0.9803885221481323
STL-10,test,1211,6304,grayscale,resnet50_linear_head,4,deer,4,deer,4,deer,True,True,0.8333386778831482
STL-10,test,1220,6304,grayscale,resnet50_linear_head,7,monkey,7,monkey,7,monkey,True,True,0.8813101649284363
STL-10,test,1230,6304,grayscale,resnet50_linear_head,1,bird,1,bird,1,bird,True,True,0.8007741570472717
STL-10,test,1247,6304,grayscale,resnet50_linear_head,8,ship,8,ship,8,ship,True,True,0.9415584802627563
STL-10,test,1263,6304,grayscale,resnet50_linear_head,3,cat,3,cat,3,cat,True,True,0.8626629710197449
STL-10,test,1266,6304,grayscale,resnet50_linear_head,4,deer,4,deer,4,deer,True,True,0.8693506717681885
STL-10,test,1287,6304,grayscale,resnet50_linear_head,7,monkey,7,monkey,7,monkey,True,True,0.8826913833618164
STL-10,test,1296,6304,grayscale,resnet50_linear_head,7,monkey,7,monkey,7,monkey,True,True,0.3274875283241272
STL-10,test,1370,6304,grayscale,resnet50_linear_head,3,cat,3,cat,3,cat,True,True,0.9479950070381165
STL-10,test,1389,6304,grayscale,resnet50_linear_head,0,airplane,0,airplane,0,airplane,True,True,0.9313777089118958
STL-10,test,1401,6304,grayscale,resnet50_linear_head,3,cat,3,cat,3,cat,True,True,0.9776085615158081
STL-10,test,1403,6304,grayscale,resnet50_linear_head,2,car,2,car,2,car,True,True,0.9608701467514038
STL-10,test,1411,6304,grayscale,resnet50_linear_head,9,truck,9,truck,9,truck,True,True,0.8941433429718018
STL-10,test,1429,6304,grayscale,resnet50_linear_head,4,deer,4,deer,4,deer,True,True,0.5539016723632812
STL-10,test,1430,6304,grayscale,resnet50_linear_head,9,truck,9,truck,9,truck,True,True,0.9613053202629089
STL-10,test,1431,6304,grayscale,resnet50_linear_head,3,cat,3,cat,3,cat,True,True,0.9792649745941162
STL-10,test,1436,6304,grayscale,resnet50_linear_head,1,bird,1,bird,1,bird,True,True,0.9805992841720581
STL-10,test,1440,6304,grayscale,resnet50_linear_head,7,monkey,7,monkey,7,monkey,True,True,0.9031314253807068
STL-10,test,1468,6304,grayscale,resnet50_linear_head,9,truck,9,truck,9,truck,True,True,0.9546817541122437
STL-10,test,1473,6304,grayscale,resnet50_linear_head,7,monkey,7,monkey,7,monkey,True,True,0.8944687843322754
STL-10,test,1515,6304,grayscale,resnet50_linear_head,9,truck,9,truck,9,truck,True,True,0.9411399364471436
STL-10,test,1520,6304,grayscale,resnet50_linear_head,2,car,2,car,2,car,True,True,0.9378061890602112
STL-10,test,1531,6304,grayscale,resnet50_linear_head,3,cat,3,cat,3,cat,True,True,0.6005355715751648
STL-10,test,1534,6304,grayscale,resnet50_linear_head,6,horse,6,horse,6,horse,True,True,0.939581573009491
STL-10,test,1552,6304,grayscale,resnet50_linear_head,5,dog,5,dog,5,dog,True,True,0.8702021837234497
STL-10,test,1553,6304,grayscale,resnet50_linear_head,0,airplane,0,airplane,0,airplane,True,True,0.6622810363769531
STL-10,test,1563,6304,grayscale,resnet50_linear_head,3,cat,3,cat,3,cat,True,True,0.5516581535339355
STL-10,test,1568,6304,grayscale,resnet50_linear_head,1,bird,1,bird,1,bird,True,True,0.8432454466819763
STL-10,test,1579,6304,grayscale,resnet50_linear_head,7,monkey,7,monkey,7,monkey,True,True,0.8960185647010803
STL-10,test,1586,6304,grayscale,resnet50_linear_head,2,car,2,car,2,car,True,True,0.965565025806427
STL-10,test,1596,6304,grayscale,resnet50_linear_head,0,airplane,0,airplane,0,airplane,True,True,0.9801216125488281
STL-10,test,1626,6304,grayscale,resnet50_linear_head,5,dog,5,dog,5,dog,True,True,0.9701877236366272
STL-10,test,1640,6304,grayscale,resnet50_linear_head,8,ship,8,ship,8,ship,True,True,0.8649797439575195
STL-10,test,1644,6304,grayscale,resnet50_linear_head,5,dog,5,dog,5,dog,True,True,0.9097156524658203
STL-10,test,1648,6304,grayscale,resnet50_linear_head,0,airplane,0,airplane,0,airplane,True,True,0.9084550142288208
STL-10,test,1654,6304,grayscale,resnet50_linear_head,9,truck,9,truck,9,truck,True,True,0.9611181020736694
STL-10,test,1667,6304,grayscale,resnet50_linear_head,6,horse,6,horse,6,horse,True,True,0.8997229337692261
STL-10,test,1703,6304,grayscale,resnet50_linear_head,7,monkey,7,monkey,7,monkey,True,True,0.6895229816436768
STL-10,test,1711,6304,grayscale,resnet50_linear_head,7,monkey,7,monkey,7,monkey,True,True,0.9190474152565002
STL-10,test,1771,6304,grayscale,resnet50_linear_head,7,monkey,7,monkey,4,deer,False,False,0.41050681471824646
STL-10,test,1783,6304,grayscale,resnet50_linear_head,8,ship,8,ship,8,ship,True,True,0.9546676278114319
STL-10,test,1814,6304,grayscale,resnet50_linear_head,2,car,2,car,2,car,True,True,0.9023818969726562
STL-10,test,1833,6304,grayscale,resnet50_linear_head,8,ship,8,ship,8,ship,True,True,0.9496186375617981
STL-10,test,1836,6304,grayscale,resnet50_linear_head,9,truck,9,truck,9,truck,True,True,0.7995049953460693
STL-10,test,1839,6304,grayscale,resnet50_linear_head,2,car,2,car,2,car,True,True,0.9622706770896912
STL-10,test,1852,6304,grayscale,resnet50_linear_head,1,bird,1,bird,1,bird,True,True,0.9996179342269897
STL-10,test,1871,6304,grayscale,resnet50_linear_head,1,bird,1,bird,1,bird,True,True,0.6976621150970459
STL-10,test,1877,6304,grayscale,resnet50_linear_head,5,dog,5,dog,4,deer,False,False,0.7574380040168762
STL-10,test,1884,6304,grayscale,resnet50_linear_head,7,monkey,7,monkey,7,monkey,True,True,0.8679237365722656
STL-10,test,1927,6304,grayscale,resnet50_linear_head,7,monkey,7,monkey,7,monkey,True,True,0.9465575814247131
STL-10,test,1954,6304,grayscale,resnet50_linear_head,8,ship,8,ship,0,airplane,False,False,0.7616603970527649
STL-10,test,1956,6304,grayscale,resnet50_linear_head,7,monkey,3,cat,7,monkey,True,False,0.5571130514144897
STL-10,test,1960,6304,grayscale,resnet50_linear_head,4,deer,4,deer,4,deer,True,True,0.6864929795265198
STL-10,test,1977,6304,grayscale,resnet50_linear_head,0,airplane,0,airplane,0,airplane,True,True,0.8936856389045715
STL-10,test,1986,6304,grayscale,resnet50_linear_head,1,bird,1,bird,1,bird,True,True,0.9519388675689697
STL-10,test,1993,6304,grayscale,resnet50_linear_head,1,bird,1,bird,1,bird,True,True,0.9404038190841675
STL-10,test,2003,6304,grayscale,resnet50_linear_head,6,horse,6,horse,6,horse,True,True,0.9328767657279968
STL-10,test,2011,6304,grayscale,resnet50_linear_head,9,truck,9,truck,9,truck,True,True,0.9361036419868469
STL-10,test,2024,6304,grayscale,resnet50_linear_head,0,airplane,0,airplane,0,airplane,True,True,0.9459155201911926
STL-10,test,2028,6304,grayscale,resnet50_linear_head,3,cat,3,cat,3,cat,True,True,0.9975805282592773
STL-10,test,2062,6304,grayscale,resnet50_linear_head,9,truck,9,truck,9,truck,True,True,0.9210587739944458
STL-10,test,2070,6304,grayscale,resnet50_linear_head,1,bird,1,bird,1,bird,True,True,0.9795071482658386
STL-10,test,2082,6304,grayscale,resnet50_linear_head,2,car,2,car,2,car,True,True,0.8190637230873108
STL-10,test,2095,6304,grayscale,resnet50_linear_head,1,bird,1,bird,1,bird,True,True,0.9428859353065491
STL-10,test,2109,6304,grayscale,resnet50_linear_head,8,ship,8,ship,8,ship,True,True,0.912513792514801
STL-10,test,2114,6304,grayscale,resnet50_linear_head,9,truck,9,truck,9,truck,True,True,0.9405650496482849
STL-10,test,2116,6304,grayscale,resnet50_linear_head,1,bird,3,cat,3,cat,False,True,0.9682633876800537
STL-10,test,2157,6304,grayscale,resnet50_linear_head,1,bird,1,bird,1,bird,True,True,0.991855263710022
STL-10,test,2167,6304,grayscale,resnet50_linear_head,9,truck,9,truck,9,truck,True,True,0.6851178407669067
STL-10,test,2178,6304,grayscale,resnet50_linear_head,1,bird,1,bird,1,bird,True,True,0.9979164004325867
STL-10,test,2191,6304,grayscale,resnet50_linear_head,8,ship,8,ship,8,ship,True,True,0.6742649674415588
STL-10,test,2230,6304,grayscale,resnet50_linear_head,8,ship,8,ship,8,ship,True,True,0.9209964871406555
STL-10,test,2242,6304,grayscale,resnet50_linear_head,0,airplane,0,airplane,0,airplane,True,True,0.9482406377792358
STL-10,test,2265,6304,grayscale,resnet50_linear_head,5,dog,5,dog,5,dog,True,True,0.921372652053833
STL-10,test,2268,6304,grayscale,resnet50_linear_head,5,dog,5,dog,5,dog,True,True,0.8526344299316406
STL-10,test,2291,6304,grayscale,resnet50_linear_head,3,cat,3,cat,3,cat,True,True,0.9125713109970093
STL-10,test,2334,6304,grayscale,resnet50_linear_head,5,dog,5,dog,5,dog,True,True,0.9774408936500549
STL-10,test,2340,6304,grayscale,resnet50_linear_head,8,ship,8,ship,8,ship,True,True,0.9604524374008179
STL-10,test,2342,6304,grayscale,resnet50_linear_head,8,ship,8,ship,8,ship,True,True,0.8557544946670532
STL-10,test,2351,6304,grayscale,resnet50_linear_head,9,truck,9,truck,9,truck,True,True,0.9289912581443787
STL-10,test,2391,6304,grayscale,resnet50_linear_head,5,dog,5,dog,5,dog,True,True,0.7863476276397705
STL-10,test,2392,6304,grayscale,resnet50_linear_head,2,car,2,car,2,car,True,True,0.9680757522583008
STL-10,test,2399,6304,grayscale,resnet50_linear_head,4,deer,4,deer,4,deer,True,True,0.8731191754341125
STL-10,test,2414,6304,grayscale,resnet50_linear_head,9,truck,9,truck,9,truck,True,True,0.8046695590019226
STL-10,test,2427,6304,grayscale,resnet50_linear_head,5,dog,5,dog,5,dog,True,True,0.9601606726646423
STL-10,test,2458,6304,grayscale,resnet50_linear_head,5,dog,5,dog,5,dog,True,True,0.9659241437911987
STL-10,test,2501,6304,grayscale,resnet50_linear_head,7,monkey,7,monkey,7,monkey,True,True,0.9423248767852783
STL-10,test,2502,6304,grayscale,resnet50_linear_head,2,car,2,car,2,car,True,True,0.8761808276176453
STL-10,test,2536,6304,grayscale,resnet50_linear_head,3,cat,3,cat,3,cat,True,True,0.8929774761199951
STL-10,test,2539,6304,grayscale,resnet50_linear_head,3,cat,3,cat,3,cat,True,True,0.990853488445282
STL-10,test,2610,6304,grayscale,resnet50_linear_head,6,horse,6,horse,6,horse,True,True,0.520260751247406
STL-10,test,2623,6304,grayscale,resnet50_linear_head,5,dog,5,dog,5,dog,True,True,0.6778498888015747
STL-10,test,2655,6304,grayscale,resnet50_linear_head,9,truck,9,truck,9,truck,True,True,0.9607923626899719
STL-10,test,2668,6304,grayscale,resnet50_linear_head,7,monkey,7,monkey,7,monkey,True,True,0.9525442123413086
STL-10,test,2676,6304,grayscale,resnet50_linear_head,6,horse,6,horse,6,horse,True,True,0.9771696925163269
STL-10,test,2687,6304,grayscale,resnet50_linear_head,1,bird,1,bird,1,bird,True,True,0.9561603665351868
STL-10,test,2690,6304,grayscale,resnet50_linear_head,1,bird,1,bird,1,bird,True,True,0.9659931063652039
STL-10,test,2704,6304,grayscale,resnet50_linear_head,4,deer,4,deer,4,deer,True,True,0.9401314854621887
STL-10,test,2745,6304,grayscale,resnet50_linear_head,8,ship,8,ship,8,ship,True,True,0.9834598898887634
STL-10,test,2746,6304,grayscale,resnet50_linear_head,7,monkey,7,monkey,7,monkey,True,True,0.9667057991027832
STL-10,test,2750,6304,grayscale,resnet50_linear_head,0,airplane,0,airplane,0,airplane,True,True,0.8621670603752136
STL-10,test,2754,6304,grayscale,resnet50_linear_head,3,cat,3,cat,3,cat,True,True,0.6895084977149963
STL-10,test,2757,6304,grayscale,resnet50_linear_head,4,deer,4,deer,4,deer,True,True,0.7286043763160706
STL-10,test,2766,6304,grayscale,resnet50_linear_head,5,dog,5,dog,5,dog,True,True,0.9483721852302551
STL-10,test,2807,6304,grayscale,resnet50_linear_head,5,dog,4,deer,7,monkey,False,False,0.4232555627822876
STL-10,test,2844,6304,grayscale,resnet50_linear_head,8,ship,8,ship,8,ship,True,True,0.9542681574821472
STL-10,test,2854,6304,grayscale,resnet50_linear_head,7,monkey,7,monkey,7,monkey,True,True,0.9448506236076355
STL-10,test,2861,6304,grayscale,resnet50_linear_head,3,cat,3,cat,3,cat,True,True,0.9414501786231995
STL-10,test,2888,6304,grayscale,resnet50_linear_head,0,airplane,0,airplane,0,airplane,True,True,0.7509714961051941
STL-10,test,2898,6304,grayscale,resnet50_linear_head,4,deer,4,deer,4,deer,True,True,0.9115129113197327
STL-10,test,2950,6304,grayscale,resnet50_linear_head,5,dog,5,dog,5,dog,True,True,0.8754698634147644
STL-10,test,2958,6304,grayscale,resnet50_linear_head,6,horse,6,horse,6,horse,True,True,0.9289292097091675
STL-10,test,3015,6304,grayscale,resnet50_linear_head,8,ship,8,ship,8,ship,True,True,0.9762718677520752
STL-10,test,3024,6304,grayscale,resnet50_linear_head,2,car,2,car,2,car,True,True,0.9535385966300964
STL-10,test,3025,6304,grayscale,resnet50_linear_head,0,airplane,0,airplane,0,airplane,True,True,0.8649702072143555
STL-10,test,3034,6304,grayscale,resnet50_linear_head,4,deer,4,deer,4,deer,True,True,0.9372488856315613
STL-10,test,3067,6304,grayscale,resnet50_linear_head,2,car,2,car,2,car,True,True,0.9206714630126953
STL-10,test,3078,6304,grayscale,resnet50_linear_head,4,deer,4,deer,4,deer,True,True,0.9462770819664001
STL-10,test,3079,6304,grayscale,resnet50_linear_head,1,bird,1,bird,1,bird,True,True,0.9953445792198181
STL-10,test,3083,6304,grayscale,resnet50_linear_head,0,airplane,0,airplane,0,airplane,True,True,0.9766085147857666
STL-10,test,3122,6304,grayscale,resnet50_linear_head,4,deer,4,deer,4,deer,True,True,0.9013684391975403
STL-10,test,3153,6304,grayscale,resnet50_linear_head,7,monkey,7,monkey,7,monkey,True,True,0.8902002573013306
STL-10,test,3157,6304,grayscale,resnet50_linear_head,8,ship,8,ship,8,ship,True,True,0.7348663210868835
STL-10,test,3163,6304,grayscale,resnet50_linear_head,2,car,2,car,2,car,True,True,0.9798902273178101
STL-10,test,3179,6304,grayscale,resnet50_linear_head,4,deer,4,deer,4,deer,True,True,0.8643438816070557
STL-10,test,3191,6304,grayscale,resnet50_linear_head,6,horse,6,horse,6,horse,True,True,0.8403046131134033
STL-10,test,3276,6304,grayscale,resnet50_linear_head,3,cat,3,cat,3,cat,True,True,0.5960787534713745
STL-10,test,3287,6304,grayscale,resnet50_linear_head,4,deer,4,deer,4,deer,True,True,0.9665770530700684
STL-10,test,3288,6304,grayscale,resnet50_linear_head,7,monkey,7,monkey,7,monkey,True,True,0.845217227935791
STL-10,test,3292,6304,grayscale,resnet50_linear_head,6,horse,6,horse,6,horse,True,True,0.9773966073989868
STL-10,test,3318,6304,grayscale,resnet50_linear_head,9,truck,9,truck,9,truck,True,True,0.9375464916229248
STL-10,test,3347,6304,grayscale,resnet50_linear_head,0,airplane,0,airplane,0,airplane,True,True,0.9505478143692017
STL-10,test,3353,6304,grayscale,resnet50_linear_head,5,dog,3,cat,3,cat,False,True,0.7820744514465332
STL-10,test,3362,6304,grayscale,resnet50_linear_head,2,car,2,car,2,car,True,True,0.9201533794403076
STL-10,test,3365,6304,grayscale,resnet50_linear_head,4,deer,4,deer,4,deer,True,True,0.8324201107025146
STL-10,test,3375,6304,grayscale,resnet50_linear_head,3,cat,3,cat,5,dog,False,False,0.50208580493927
STL-10,test,3383,6304,grayscale,resnet50_linear_head,3,cat,3,cat,3,cat,True,True,0.936576783657074
STL-10,test,3404,6304,grayscale,resnet50_linear_head,7,monkey,7,monkey,7,monkey,True,True,0.8955099582672119
STL-10,test,3412,6304,grayscale,resnet50_linear_head,8,ship,8,ship,8,ship,True,True,0.9369009137153625
STL-10,test,3413,6304,grayscale,resnet50_linear_head,1,bird,1,bird,1,bird,True,True,0.9120769500732422
STL-10,test,3418,6304,grayscale,resnet50_linear_head,6,horse,6,horse,6,horse,True,True,0.8356163501739502
STL-10,test,3437,6304,grayscale,resnet50_linear_head,0,airplane,0,airplane,0,airplane,True,True,0.9733114242553711
STL-10,test,3446,6304,grayscale,resnet50_linear_head,7,monkey,7,monkey,7,monkey,True,True,0.676650881767273
STL-10,test,3454,6304,grayscale,resnet50_linear_head,2,car,2,car,2,car,True,True,0.9664651155471802
STL-10,test,3455,6304,grayscale,resnet50_linear_head,0,airplane,0,airplane,0,airplane,True,True,0.9217627644538879
STL-10,test,3458,6304,grayscale,resnet50_linear_head,4,deer,4,deer,4,deer,True,True,0.8463364243507385
STL-10,test,3467,6304,grayscale,resnet50_linear_head,7,monkey,7,monkey,7,monkey,True,True,0.36546623706817627
STL-10,test,3491,6304,grayscale,resnet50_linear_head,1,bird,1,bird,1,bird,True,True,0.9862552881240845
STL-10,test,3494,6304,grayscale,resnet50_linear_head,6,horse,6,horse,6,horse,True,True,0.9987286925315857
STL-10,test,3512,6304,grayscale,resnet50_linear_head,4,deer,4,deer,4,deer,True,True,0.9546815156936646
STL-10,test,3515,6304,grayscale,resnet50_linear_head,6,horse,6,horse,6,horse,True,True,0.8127533793449402
STL-10,test,3542,6304,grayscale,resnet50_linear_head,7,monkey,7,monkey,7,monkey,True,True,0.9309640526771545
STL-10,test,3550,6304,grayscale,resnet50_linear_head,1,bird,1,bird,1,bird,True,True,0.896397590637207
STL-10,test,3562,6304,grayscale,resnet50_linear_head,3,cat,3,cat,5,dog,False,False,0.7482044696807861
STL-10,test,3755,6304,grayscale,resnet50_linear_head,2,car,2,car,2,car,True,True,0.9435895085334778
STL-10,test,3763,6304,grayscale,resnet50_linear_head,4,deer,4,deer,4,deer,True,True,0.8149812817573547
STL-10,test,3777,6304,grayscale,resnet50_linear_head,6,horse,6,horse,6,horse,True,True,0.7308008670806885
STL-10,test,3778,6304,grayscale,resnet50_linear_head,3,cat,3,cat,3,cat,True,True,0.6501285433769226
STL-10,test,3779,6304,grayscale,resnet50_linear_head,6,horse,6,horse,6,horse,True,True,0.9877437949180603
STL-10,test,3844,6304,grayscale,resnet50_linear_head,6,horse,6,horse,6,horse,True,True,0.9669869542121887
STL-10,test,3851,6304,grayscale,resnet50_linear_head,3,cat,3,cat,3,cat,True,True,0.8957571387290955
STL-10,test,3852,6304,grayscale,resnet50_linear_head,5,dog,5,dog,5,dog,True,True,0.7860668301582336
STL-10,test,3863,6304,grayscale,resnet50_linear_head,5,dog,5,dog,5,dog,True,True,0.7592170238494873
STL-10,test,3867,6304,grayscale,resnet50_linear_head,7,monkey,7,monkey,7,monkey,True,True,0.9539695382118225
STL-10,test,3876,6304,grayscale,resnet50_linear_head,0,airplane,0,airplane,0,airplane,True,True,0.9162346124649048
STL-10,test,3889,6304,grayscale,resnet50_linear_head,5,dog,5,dog,5,dog,True,True,0.9255231618881226
STL-10,test,3891,6304,grayscale,resnet50_linear_head,4,deer,4,deer,4,deer,True,True,0.9600728750228882
STL-10,test,3893,6304,grayscale,resnet50_linear_head,9,truck,9,truck,9,truck,True,True,0.9576640129089355
STL-10,test,3905,6304,grayscale,resnet50_linear_head,8,ship,8,ship,8,ship,True,True,0.8277130722999573
STL-10,test,3914,6304,grayscale,resnet50_linear_head,3,cat,3,cat,3,cat,True,True,0.8741458058357239
STL-10,test,3937,6304,grayscale,resnet50_linear_head,1,bird,1,bird,1,bird,True,True,0.8809722661972046
STL-10,test,3942,6304,grayscale,resnet50_linear_head,9,truck,9,truck,9,truck,True,True,0.9617951512336731
STL-10,test,3948,6304,grayscale,resnet50_linear_head,8,ship,8,ship,8,ship,True,True,0.9546622037887573
STL-10,test,3962,6304,grayscale,resnet50_linear_head,6,horse,6,horse,6,horse,True,True,0.9298914074897766
STL-10,test,3965,6304,grayscale,resnet50_linear_head,0,airplane,0,airplane,0,airplane,True,True,0.6895143389701843
STL-10,test,3994,6304,grayscale,resnet50_linear_head,4,deer,4,deer,4,deer,True,True,0.9012432098388672
STL-10,test,3996,6304,grayscale,resnet50_linear_head,9,truck,9,truck,9,truck,True,True,0.5693210363388062
STL-10,test,4011,6304,grayscale,resnet50_linear_head,6,horse,6,horse,6,horse,True,True,0.9949093461036682
STL-10,test,4023,6304,grayscale,resnet50_linear_head,3,cat,3,cat,3,cat,True,True,0.763434648513794
STL-10,test,4054,6304,grayscale,resnet50_linear_head,4,deer,4,deer,4,deer,True,True,0.9394157528877258
STL-10,test,4065,6304,grayscale,resnet50_linear_head,2,car,2,car,2,car,True,True,0.8580842018127441
STL-10,test,4069,6304,grayscale,resnet50_linear_head,8,ship,8,ship,8,ship,True,True,0.7046756148338318
STL-10,test,4093,6304,grayscale,resnet50_linear_head,6,horse,6,horse,6,horse,True,True,0.9663122892379761
STL-10,test,4094,6304,grayscale,resnet50_linear_head,9,truck,9,truck,9,truck,True,True,0.8860001564025879
STL-10,test,4106,6304,grayscale,resnet50_linear_head,5,dog,5,dog,5,dog,True,True,0.863898754119873
STL-10,test,4130,6304,grayscale,resnet50_linear_head,0,airplane,0,airplane,0,airplane,True,True,0.9629896879196167
STL-10,test,4168,6304,grayscale,resnet50_linear_head,3,cat,3,cat,3,cat,True,True,0.9125944972038269
STL-10,test,4170,6304,grayscale,resnet50_linear_head,8,ship,8,ship,8,ship,True,True,0.9192295074462891
STL-10,test,4172,6304,grayscale,resnet50_linear_head,7,monkey,7,monkey,7,monkey,True,True,0.9078519940376282
STL-10,test,4177,6304,grayscale,resnet50_linear_head,8,ship,8,ship,8,ship,True,True,0.8905900120735168
STL-10,test,4215,6304,grayscale,resnet50_linear_head,3,cat,3,cat,1,bird,False,False,0.5360051989555359
STL-10,test,4229,6304,grayscale,resnet50_linear_head,3,cat,3,cat,3,cat,True,True,0.9335765242576599
STL-10,test,4236,6304,grayscale,resnet50_linear_head,7,monkey,7,monkey,7,monkey,True,True,0.9538657069206238
STL-10,test,4242,6304,grayscale,resnet50_linear_head,8,ship,8,ship,8,ship,True,True,0.9458931684494019
STL-10,test,4254,6304,grayscale,resnet50_linear_head,6,horse,6,horse,6,horse,True,True,0.7317606210708618
STL-10,test,4290,6304,grayscale,resnet50_linear_head,5,dog,5,dog,5,dog,True,True,0.37218111753463745
STL-10,test,4298,6304,grayscale,resnet50_linear_head,1,bird,1,bird,1,bird,True,True,0.9615259170532227
STL-10,test,4308,6304,grayscale,resnet50_linear_head,7,monkey,7,monkey,7,monkey,True,True,0.9511840343475342
STL-10,test,4311,6304,grayscale,resnet50_linear_head,8,ship,8,ship,8,ship,True,True,0.8927211761474609
STL-10,test,4323,6304,grayscale,resnet50_linear_head,3,cat,3,cat,3,cat,True,True,0.8724799752235413
STL-10,test,4330,6304,grayscale,resnet50_linear_head,3,cat,3,cat,6,horse,False,False,0.39566102623939514
STL-10,test,4341,6304,grayscale,resnet50_linear_head,6,horse,6,horse,6,horse,True,True,0.9667465686798096
STL-10,test,4355,6304,grayscale,resnet50_linear_head,8,ship,8,ship,8,ship,True,True,0.6860527992248535
STL-10,test,4399,6304,grayscale,resnet50_linear_head,0,airplane,0,airplane,0,airplane,True,True,0.9520651698112488
STL-10,test,4403,6304,grayscale,resnet50_linear_head,7,monkey,7,monkey,7,monkey,True,True,0.9085217714309692
STL-10,test,4411,6304,grayscale,resnet50_linear_head,6,horse,6,horse,6,horse,True,True,0.9828920364379883
STL-10,test,4449,6304,grayscale,resnet50_linear_head,9,truck,9,truck,9,truck,True,True,0.9363002777099609
STL-10,test,4463,6304,grayscale,resnet50_linear_head,3,cat,3,cat,3,cat,True,True,0.9605842232704163
STL-10,test,4531,6304,grayscale,resnet50_linear_head,3,cat,3,cat,3,cat,True,True,0.7780360579490662
STL-10,test,4539,6304,grayscale,resnet50_linear_head,0,airplane,0,airplane,0,airplane,True,True,0.9876936674118042
STL-10,test,4547,6304,grayscale,resnet50_linear_head,5,dog,5,dog,5,dog,True,True,0.8297286629676819
STL-10,test,4552,6304,grayscale,resnet50_linear_head,8,ship,8,ship,9,truck,False,False,0.7735105156898499
STL-10,test,4570,6304,grayscale,resnet50_linear_head,5,dog,5,dog,5,dog,True,True,0.8651804327964783
STL-10,test,4590,6304,grayscale,resnet50_linear_head,3,cat,3,cat,3,cat,True,True,0.9344316720962524
STL-10,test,4609,6304,grayscale,resnet50_linear_head,3,cat,3,cat,3,cat,True,True,0.9295492172241211
STL-10,test,4615,6304,grayscale,resnet50_linear_head,0,airplane,0,airplane,0,airplane,True,True,0.939361572265625
STL-10,test,4617,6304,grayscale,resnet50_linear_head,0,airplane,0,airplane,0,airplane,True,True,0.9432105422019958
STL-10,test,4620,6304,grayscale,resnet50_linear_head,6,horse,6,horse,6,horse,True,True,0.9404337406158447
STL-10,test,4629,6304,grayscale,resnet50_linear_head,4,deer,4,deer,4,deer,True,True,0.841748833656311
STL-10,test,4640,6304,grayscale,resnet50_linear_head,1,bird,1,bird,7,monkey,False,False,0.6098760366439819
STL-10,test,4642,6304,grayscale,resnet50_linear_head,4,deer,4,deer,4,deer,True,True,0.856809675693512
STL-10,test,4661,6304,grayscale,resnet50_linear_head,7,monkey,7,monkey,7,monkey,True,True,0.9062734842300415
STL-10,test,4662,6304,grayscale,resnet50_linear_head,8,ship,8,ship,8,ship,True,True,0.9270761609077454
STL-10,test,4675,6304,grayscale,resnet50_linear_head,0,airplane,0,airplane,0,airplane,True,True,0.9663442969322205
STL-10,test,4676,6304,grayscale,resnet50_linear_head,8,ship,8,ship,8,ship,True,True,0.985586404800415
STL-10,test,4704,6304,grayscale,resnet50_linear_head,7,monkey,7,monkey,7,monkey,True,True,0.9326798915863037
STL-10,test,4723,6304,grayscale,resnet50_linear_head,9,truck,9,truck,9,truck,True,True,0.8646093606948853
STL-10,test,4731,6304,grayscale,resnet50_linear_head,6,horse,6,horse,6,horse,True,True,0.867116391658783
STL-10,test,4735,6304,grayscale,resnet50_linear_head,2,car,2,car,2,car,True,True,0.8775655031204224
STL-10,test,4740,6304,grayscale,resnet50_linear_head,4,deer,4,deer,4,deer,True,True,0.6831935048103333
STL-10,test,4746,6304,grayscale,resnet50_linear_head,6,horse,6,horse,6,horse,True,True,0.7005504369735718
STL-10,test,4748,6304,grayscale,resnet50_linear_head,7,monkey,7,monkey,7,monkey,True,True,0.7976400256156921
STL-10,test,4754,6304,grayscale,resnet50_linear_head,6,horse,6,horse,6,horse,True,True,0.9254792928695679
STL-10,test,4785,6304,grayscale,resnet50_linear_head,0,airplane,0,airplane,0,airplane,True,True,0.5535023808479309
STL-10,test,4791,6304,grayscale,resnet50_linear_head,7,monkey,7,monkey,7,monkey,True,True,0.8717456459999084
STL-10,test,4819,6304,grayscale,resnet50_linear_head,0,airplane,0,airplane,0,airplane,True,True,0.9774035215377808
STL-10,test,4821,6304,grayscale,resnet50_linear_head,3,cat,3,cat,3,cat,True,True,0.9811386466026306
STL-10,test,4827,6304,grayscale,resnet50_linear_head,6,horse,6,horse,6,horse,True,True,0.9864635467529297
STL-10,test,4850,6304,grayscale,resnet50_linear_head,5,dog,5,dog,5,dog,True,True,0.9822691679000854
STL-10,test,4881,6304,grayscale,resnet50_linear_head,3,cat,3,cat,3,cat,True,True,0.4786217510700226
STL-10,test,4893,6304,grayscale,resnet50_linear_head,0,airplane,0,airplane,0,airplane,True,True,0.8899002075195312
STL-10,test,4908,6304,grayscale,resnet50_linear_head,3,cat,3,cat,3,cat,True,True,0.9652886986732483
STL-10,test,4913,6304,grayscale,resnet50_linear_head,2,car,2,car,2,car,True,True,0.9614419341087341
STL-10,test,4921,6304,grayscale,resnet50_linear_head,2,car,2,car,2,car,True,True,0.9476780295372009
STL-10,test,4953,6304,grayscale,resnet50_linear_head,5,dog,5,dog,5,dog,True,True,0.8229580521583557
STL-10,test,4966,6304,grayscale,resnet50_linear_head,5,dog,5,dog,5,dog,True,True,0.9457983374595642
STL-10,test,4990,6304,grayscale,resnet50_linear_head,8,ship,8,ship,8,ship,True,True,0.8188578486442566
STL-10,test,5000,6304,grayscale,resnet50_linear_head,8,ship,8,ship,8,ship,True,True,0.8995471000671387
STL-10,test,5030,6304,grayscale,resnet50_linear_head,2,car,2,car,2,car,True,True,0.9570213556289673
STL-10,test,5062,6304,grayscale,resnet50_linear_head,4,deer,4,deer,4,deer,True,True,0.9101019501686096
STL-10,test,5077,6304,grayscale,resnet50_linear_head,4,deer,4,deer,4,deer,True,True,0.7787991166114807
STL-10,test,5082,6304,grayscale,resnet50_linear_head,6,horse,6,horse,6,horse,True,True,0.8907510638237
STL-10,test,5092,6304,grayscale,resnet50_linear_head,1,bird,1,bird,1,bird,True,True,0.9723125696182251
STL-10,test,5101,6304,grayscale,resnet50_linear_head,5,dog,5,dog,5,dog,True,True,0.9607688188552856
STL-10,test,5117,6304,grayscale,resnet50_linear_head,0,airplane,0,airplane,0,airplane,True,True,0.8984230160713196
STL-10,test,5123,6304,grayscale,resnet50_linear_head,1,bird,1,bird,1,bird,True,True,0.9261518120765686
STL-10,test,5135,6304,grayscale,resnet50_linear_head,4,deer,4,deer,4,deer,True,True,0.8022989630699158
STL-10,test,5183,6304,grayscale,resnet50_linear_head,2,car,2,car,2,car,True,True,0.7514015436172485
STL-10,test,5213,6304,grayscale,resnet50_linear_head,4,deer,4,deer,4,deer,True,True,0.8671097755432129
STL-10,test,5218,6304,grayscale,resnet50_linear_head,2,car,2,car,2,car,True,True,0.8797527551651001
STL-10,test,5220,6304,grayscale,resnet50_linear_head,1,bird,3,cat,1,bird,True,False,0.8033176064491272
STL-10,test,5237,6304,grayscale,resnet50_linear_head,2,car,2,car,2,car,True,True,0.8680293560028076
STL-10,test,5256,6304,grayscale,resnet50_linear_head,1,bird,1,bird,1,bird,True,True,0.9975420236587524
STL-10,test,5284,6304,grayscale,resnet50_linear_head,9,truck,9,truck,9,truck,True,True,0.9833832383155823
STL-10,test,5301,6304,grayscale,resnet50_linear_head,9,truck,9,truck,9,truck,True,True,0.9579718708992004
STL-10,test,5318,6304,grayscale,resnet50_linear_head,2,car,2,car,2,car,True,True,0.9416930079460144
STL-10,test,5332,6304,grayscale,resnet50_linear_head,5,dog,5,dog,5,dog,True,True,0.7754308581352234
STL-10,test,5333,6304,grayscale,resnet50_linear_head,2,car,2,car,2,car,True,True,0.9409074783325195
STL-10,test,5360,6304,grayscale,resnet50_linear_head,9,truck,9,truck,9,truck,True,True,0.971010684967041
STL-10,test,5381,6304,grayscale,resnet50_linear_head,5,dog,5,dog,5,dog,True,True,0.6694919466972351
STL-10,test,5382,6304,grayscale,resnet50_linear_head,6,horse,6,horse,6,horse,True,True,0.8730316162109375
STL-10,test,5395,6304,grayscale,resnet50_linear_head,2,car,2,car,2,car,True,True,0.9928642511367798
STL-10,test,5402,6304,grayscale,resnet50_linear_head,4,deer,4,deer,4,deer,True,True,0.7613075971603394
STL-10,test,5408,6304,grayscale,resnet50_linear_head,6,horse,6,horse,6,horse,True,True,0.7292748689651489
STL-10,test,5436,6304,grayscale,resnet50_linear_head,7,monkey,7,monkey,7,monkey,True,True,0.8373958468437195
STL-10,test,5447,6304,grayscale,resnet50_linear_head,9,truck,9,truck,9,truck,True,True,0.980815589427948
STL-10,test,5450,6304,grayscale,resnet50_linear_head,7,monkey,7,monkey,7,monkey,True,True,0.8625381588935852
STL-10,test,5451,6304,grayscale,resnet50_linear_head,8,ship,8,ship,8,ship,True,True,0.9801150560379028
STL-10,test,5452,6304,grayscale,resnet50_linear_head,9,truck,9,truck,9,truck,True,True,0.9349172115325928
STL-10,test,5467,6304,grayscale,resnet50_linear_head,4,deer,4,deer,4,deer,True,True,0.8219613432884216
STL-10,test,5478,6304,grayscale,resnet50_linear_head,0,airplane,0,airplane,0,airplane,True,True,0.9370637536048889
STL-10,test,5488,6304,grayscale,resnet50_linear_head,1,bird,7,monkey,7,monkey,False,True,0.9289990663528442
STL-10,test,5496,6304,grayscale,resnet50_linear_head,5,dog,5,dog,5,dog,True,True,0.8998938798904419
STL-10,test,5508,6304,grayscale,resnet50_linear_head,9,truck,9,truck,9,truck,True,True,0.9477724432945251
STL-10,test,5512,6304,grayscale,resnet50_linear_head,2,car,9,truck,9,truck,False,True,0.8514788746833801
STL-10,test,5525,6304,grayscale,resnet50_linear_head,8,ship,8,ship,8,ship,True,True,0.9422592520713806
STL-10,test,5528,6304,grayscale,resnet50_linear_head,3,cat,5,dog,5,dog,False,True,0.7162890434265137
STL-10,test,5556,6304,grayscale,resnet50_linear_head,4,deer,4,deer,4,deer,True,True,0.881339430809021
STL-10,test,5560,6304,grayscale,resnet50_linear_head,1,bird,1,bird,1,bird,True,True,0.9548580050468445
STL-10,test,5572,6304,grayscale,resnet50_linear_head,9,truck,9,truck,9,truck,True,True,0.9635489583015442
STL-10,test,5580,6304,grayscale,resnet50_linear_head,6,horse,6,horse,6,horse,True,True,0.9908602237701416
STL-10,test,5590,6304,grayscale,resnet50_linear_head,9,truck,9,truck,9,truck,True,True,0.8568201065063477
STL-10,test,5623,6304,grayscale,resnet50_linear_head,4,deer,4,deer,4,deer,True,True,0.8283734321594238
STL-10,test,5677,6304,grayscale,resnet50_linear_head,2,car,2,car,2,car,True,True,0.8511885404586792
STL-10,test,5694,6304,grayscale,resnet50_linear_head,8,ship,8,ship,8,ship,True,True,0.7806035876274109
STL-10,test,5701,6304,grayscale,resnet50_linear_head,5,dog,5,dog,5,dog,True,True,0.843286395072937
STL-10,test,5705,6304,grayscale,resnet50_linear_head,8,ship,8,ship,8,ship,True,True,0.9380239248275757
STL-10,test,5719,6304,grayscale,resnet50_linear_head,7,monkey,7,monkey,7,monkey,True,True,0.876353919506073
STL-10,test,5729,6304,grayscale,resnet50_linear_head,6,horse,6,horse,6,horse,True,True,0.9748753905296326
STL-10,test,5756,6304,grayscale,resnet50_linear_head,2,car,2,car,2,car,True,True,0.992676317691803
STL-10,test,5788,6304,grayscale,resnet50_linear_head,9,truck,9,truck,9,truck,True,True,0.9786390066146851
STL-10,test,5789,6304,grayscale,resnet50_linear_head,4,deer,4,deer,4,deer,True,True,0.9010078310966492
STL-10,test,5824,6304,grayscale,resnet50_linear_head,2,car,2,car,2,car,True,True,0.9633294343948364
STL-10,test,5848,6304,grayscale,resnet50_linear_head,7,monkey,7,monkey,7,monkey,True,True,0.9424954056739807
STL-10,test,5851,6304,grayscale,resnet50_linear_head,9,truck,9,truck,9,truck,True,True,0.9375983476638794
STL-10,test,5857,6304,grayscale,resnet50_linear_head,6,horse,4,deer,6,horse,True,False,0.8005812764167786
STL-10,test,5858,6304,grayscale,resnet50_linear_head,6,horse,6,horse,4,deer,False,False,0.5034778118133545
STL-10,test,5912,6304,grayscale,resnet50_linear_head,0,airplane,0,airplane,0,airplane,True,True,0.9952968955039978
STL-10,test,5915,6304,grayscale,resnet50_linear_head,9,truck,9,truck,9,truck,True,True,0.9299249053001404
STL-10,test,5918,6304,grayscale,resnet50_linear_head,0,airplane,0,airplane,0,airplane,True,True,0.9616899490356445
STL-10,test,5924,6304,grayscale,resnet50_linear_head,5,dog,5,dog,5,dog,True,True,0.9560802578926086
STL-10,test,5977,6304,grayscale,resnet50_linear_head,7,monkey,7,monkey,7,monkey,True,True,0.9637730121612549
STL-10,test,5981,6304,grayscale,resnet50_linear_head,9,truck,9,truck,9,truck,True,True,0.9430444836616516
STL-10,test,5999,6304,grayscale,resnet50_linear_head,0,airplane,0,airplane,0,airplane,True,True,0.9830117225646973
STL-10,test,6028,6304,grayscale,resnet50_linear_head,2,car,2,car,2,car,True,True,0.9784902930259705
STL-10,test,6033,6304,grayscale,resnet50_linear_head,4,deer,4,deer,4,deer,True,True,0.783567488193512
STL-10,test,6076,6304,grayscale,resnet50_linear_head,1,bird,1,bird,1,bird,True,True,0.9922257661819458
STL-10,test,6084,6304,grayscale,resnet50_linear_head,7,monkey,7,monkey,7,monkey,True,True,0.9033564925193787
STL-10,test,6097,6304,grayscale,resnet50_linear_head,4,deer,4,deer,4,deer,True,True,0.8215876817703247
STL-10,test,6169,6304,grayscale,resnet50_linear_head,1,bird,1,bird,1,bird,True,True,0.8285712003707886
STL-10,test,6190,6304,grayscale,resnet50_linear_head,7,monkey,7,monkey,7,monkey,True,True,0.9040368795394897
STL-10,test,6224,6304,grayscale,resnet50_linear_head,5,dog,5,dog,5,dog,True,True,0.8609532117843628
STL-10,test,6244,6304,grayscale,resnet50_linear_head,2,car,2,car,2,car,True,True,0.7884029150009155
STL-10,test,6264,6304,grayscale,resnet50_linear_head,2,car,2,car,2,car,True,True,0.9726314544677734
STL-10,test,6271,6304,grayscale,resnet50_linear_head,2,car,2,car,2,car,True,True,0.9174354672431946
STL-10,test,6288,6304,grayscale,resnet50_linear_head,4,deer,4,deer,4,deer,True,True,0.9399728178977966
STL-10,test,6332,6304,grayscale,resnet50_linear_head,2,car,2,car,2,car,True,True,0.9529706239700317
STL-10,test,6349,6304,grayscale,resnet50_linear_head,1,bird,1,bird,1,bird,True,True,0.9660032391548157
STL-10,test,6354,6304,grayscale,resnet50_linear_head,2,car,2,car,2,car,True,True,0.9782163500785828
STL-10,test,6358,6304,grayscale,resnet50_linear_head,5,dog,5,dog,5,dog,True,True,0.5906516909599304
STL-10,test,6381,6304,grayscale,resnet50_linear_head,6,horse,6,horse,6,horse,True,True,0.7541746497154236
STL-10,test,6414,6304,grayscale,resnet50_linear_head,5,dog,5,dog,5,dog,True,True,0.9127139449119568
STL-10,test,6426,6304,grayscale,resnet50_linear_head,2,car,2,car,2,car,True,True,0.9805881381034851
STL-10,test,6434,6304,grayscale,resnet50_linear_head,8,ship,8,ship,8,ship,True,True,0.9551076292991638
STL-10,test,6437,6304,grayscale,resnet50_linear_head,0,airplane,0,airplane,0,airplane,True,True,0.8546856641769409
STL-10,test,6455,6304,grayscale,resnet50_linear_head,0,airplane,0,airplane,0,airplane,True,True,0.8812742233276367
STL-10,test,6490,6304,grayscale,resnet50_linear_head,3,cat,3,cat,3,cat,True,True,0.9362223148345947
STL-10,test,6503,6304,grayscale,resnet50_linear_head,2,car,2,car,2,car,True,True,0.9364509582519531
STL-10,test,6508,6304,grayscale,resnet50_linear_head,4,deer,4,deer,4,deer,True,True,0.6944437026977539
STL-10,test,6528,6304,grayscale,resnet50_linear_head,4,deer,4,deer,4,deer,True,True,0.8616411089897156
STL-10,test,6594,6304,grayscale,resnet50_linear_head,1,bird,1,bird,1,bird,True,True,0.9473941922187805
STL-10,test,6609,6304,grayscale,resnet50_linear_head,0,airplane,0,airplane,0,airplane,True,True,0.9099847674369812
STL-10,test,6616,6304,grayscale,resnet50_linear_head,2,car,2,car,2,car,True,True,0.9540665149688721
STL-10,test,6650,6304,grayscale,resnet50_linear_head,7,monkey,7,monkey,7,monkey,True,True,0.8883915543556213
STL-10,test,6689,6304,grayscale,resnet50_linear_head,8,ship,8,ship,8,ship,True,True,0.5008710026741028
STL-10,test,6692,6304,grayscale,resnet50_linear_head,2,car,2,car,2,car,True,True,0.8866346478462219
STL-10,test,6713,6304,grayscale,resnet50_linear_head,6,horse,6,horse,6,horse,True,True,0.7914509177207947
STL-10,test,6716,6304,grayscale,resnet50_linear_head,5,dog,5,dog,5,dog,True,True,0.4726119041442871
STL-10,test,6726,6304,grayscale,resnet50_linear_head,7,monkey,7,monkey,7,monkey,True,True,0.5844405889511108
STL-10,test,6733,6304,grayscale,resnet50_linear_head,1,bird,1,bird,1,bird,True,True,0.8244151473045349
STL-10,test,6772,6304,grayscale,resnet50_linear_head,7,monkey,7,monkey,7,monkey,True,True,0.4445159137248993
STL-10,test,6805,6304,grayscale,resnet50_linear_head,1,bird,1,bird,1,bird,True,True,0.9036195278167725
STL-10,test,6836,6304,grayscale,resnet50_linear_head,1,bird,1,bird,1,bird,True,True,0.9835150241851807
STL-10,test,6844,6304,grayscale,resnet50_linear_head,0,airplane,0,airplane,0,airplane,True,True,0.8217604756355286
STL-10,test,6922,6304,grayscale,resnet50_linear_head,5,dog,5,dog,5,dog,True,True,0.9938949942588806
STL-10,test,6931,6304,grayscale,resnet50_linear_head,9,truck,9,truck,9,truck,True,True,0.7672538161277771
STL-10,test,6938,6304,grayscale,resnet50_linear_head,1,bird,1,bird,1,bird,True,True,0.8983335494995117
STL-10,test,6952,6304,grayscale,resnet50_linear_head,3,cat,3,cat,3,cat,True,True,0.9930781722068787
STL-10,test,6954,6304,grayscale,resnet50_linear_head,1,bird,1,bird,1,bird,True,True,0.9906520843505859
STL-10,test,6986,6304,grayscale,resnet50_linear_head,0,airplane,0,airplane,0,airplane,True,True,0.9582984447479248
STL-10,test,6989,6304,grayscale,resnet50_linear_head,5,dog,5,dog,5,dog,True,True,0.8603575825691223
STL-10,test,7009,6304,grayscale,resnet50_linear_head,0,airplane,0,airplane,0,airplane,True,True,0.859852135181427
STL-10,test,7029,6304,grayscale,resnet50_linear_head,1,bird,1,bird,1,bird,True,True,0.9919177889823914
STL-10,test,7033,6304,grayscale,resnet50_linear_head,1,bird,1,bird,1,bird,True,True,0.9865459203720093
STL-10,test,7041,6304,grayscale,resnet50_linear_head,5,dog,5,dog,5,dog,True,True,0.7453117370605469
STL-10,test,7047,6304,grayscale,resnet50_linear_head,9,truck,9,truck,9,truck,True,True,0.9766560196876526
STL-10,test,7081,6304,grayscale,resnet50_linear_head,7,monkey,7,monkey,7,monkey,True,True,0.897541344165802
STL-10,test,7084,6304,grayscale,resnet50_linear_head,2,car,2,car,2,car,True,True,0.9863526821136475
STL-10,test,7108,6304,grayscale,resnet50_linear_head,6,horse,6,horse,6,horse,True,True,0.7867048382759094
STL-10,test,7130,6304,grayscale,resnet50_linear_head,5,dog,5,dog,5,dog,True,True,0.7039051055908203
STL-10,test,7138,6304,grayscale,resnet50_linear_head,8,ship,8,ship,8,ship,True,True,0.9053584933280945
STL-10,test,7150,6304,grayscale,resnet50_linear_head,0,airplane,0,airplane,0,airplane,True,True,0.8877761960029602
STL-10,test,7202,6304,grayscale,resnet50_linear_head,1,bird,1,bird,1,bird,True,True,0.9513389468193054
STL-10,test,7262,6304,grayscale,resnet50_linear_head,0,airplane,0,airplane,0,airplane,True,True,0.9453464150428772
STL-10,test,7266,6304,grayscale,resnet50_linear_head,9,truck,9,truck,9,truck,True,True,0.8592135906219482
STL-10,test,7270,6304,grayscale,resnet50_linear_head,7,monkey,7,monkey,7,monkey,True,True,0.915115237236023
STL-10,test,7309,6304,grayscale,resnet50_linear_head,0,airplane,0,airplane,0,airplane,True,True,0.8008164167404175
STL-10,test,7320,6304,grayscale,resnet50_linear_head,0,airplane,0,airplane,0,airplane,True,True,0.987251877784729
STL-10,test,7338,6304,grayscale,resnet50_linear_head,6,horse,6,horse,6,horse,True,True,0.9864029288291931
STL-10,test,7372,6304,grayscale,resnet50_linear_head,0,airplane,0,airplane,0,airplane,True,True,0.82545006275177
STL-10,test,7373,6304,grayscale,resnet50_linear_head,0,airplane,0,airplane,0,airplane,True,True,0.65952467918396
STL-10,test,7380,6304,grayscale,resnet50_linear_head,9,truck,9,truck,9,truck,True,True,0.894111156463623
STL-10,test,7390,6304,grayscale,resnet50_linear_head,1,bird,1,bird,1,bird,True,True,0.9402347207069397
STL-10,test,7413,6304,grayscale,resnet50_linear_head,5,dog,5,dog,5,dog,True,True,0.6651841402053833
STL-10,test,7416,6304,grayscale,resnet50_linear_head,3,cat,5,dog,5,dog,False,True,0.64586341381073
STL-10,test,7425,6304,grayscale,resnet50_linear_head,2,car,2,car,2,car,True,True,0.9903593063354492
STL-10,test,7446,6304,grayscale,resnet50_linear_head,8,ship,8,ship,8,ship,True,True,0.9679977893829346
STL-10,test,7460,6304,grayscale,resnet50_linear_head,8,ship,8,ship,9,truck,False,False,0.6766071915626526
STL-10,test,7465,6304,grayscale,resnet50_linear_head,0,airplane,0,airplane,0,airplane,True,True,0.8785268068313599
STL-10,test,7474,6304,grayscale,resnet50_linear_head,5,dog,5,dog,5,dog,True,True,0.8955420851707458
STL-10,test,7475,6304,grayscale,resnet50_linear_head,4,deer,4,deer,6,horse,False,False,0.5146567821502686
STL-10,test,7476,6304,grayscale,resnet50_linear_head,8,ship,8,ship,8,ship,True,True,0.9342362284660339
STL-10,test,7544,6304,grayscale,resnet50_linear_head,9,truck,9,truck,9,truck,True,True,0.9303047060966492
STL-10,test,7555,6304,grayscale,resnet50_linear_head,6,horse,6,horse,6,horse,True,True,0.9000709056854248
STL-10,test,7600,6304,grayscale,resnet50_linear_head,6,horse,6,horse,6,horse,True,True,0.999454915523529
STL-10,test,7610,6304,grayscale,resnet50_linear_head,4,deer,4,deer,4,deer,True,True,0.8706286549568176
STL-10,test,7634,6304,grayscale,resnet50_linear_head,0,airplane,0,airplane,0,airplane,True,True,0.9303416609764099
STL-10,test,7692,6304,grayscale,resnet50_linear_head,4,deer,4,deer,4,deer,True,True,0.7139273881912231
STL-10,test,7706,6304,grayscale,resnet50_linear_head,5,dog,5,dog,5,dog,True,True,0.9469459652900696
STL-10,test,7726,6304,grayscale,resnet50_linear_head,6,horse,6,horse,6,horse,True,True,0.9797787666320801
STL-10,test,7744,6304,grayscale,resnet50_linear_head,3,cat,3,cat,3,cat,True,True,0.9349353313446045
STL-10,test,7752,6304,grayscale,resnet50_linear_head,9,truck,9,truck,9,truck,True,True,0.954386830329895
STL-10,test,7776,6304,grayscale,resnet50_linear_head,5,dog,5,dog,5,dog,True,True,0.9393320083618164
STL-10,test,7779,6304,grayscale,resnet50_linear_head,6,horse,6,horse,6,horse,True,True,0.982284665107727
STL-10,test,7781,6304,grayscale,resnet50_linear_head,6,horse,6,horse,6,horse,True,True,0.8780239820480347
STL-10,test,7793,6304,grayscale,resnet50_linear_head,3,cat,5,dog,7,monkey,False,False,0.5695161819458008
STL-10,test,7797,6304,grayscale,resnet50_linear_head,3,cat,3,cat,3,cat,True,True,0.9345414042472839
STL-10,test,7810,6304,grayscale,resnet50_linear_head,8,ship,8,ship,8,ship,True,True,0.9110170006752014
STL-10,test,7818,6304,grayscale,resnet50_linear_head,8,ship,8,ship,8,ship,True,True,0.9274104833602905
STL-10,test,7835,6304,grayscale,resnet50_linear_head,7,monkey,7,monkey,7,monkey,True,True,0.9346303939819336
STL-10,test,7864,6304,grayscale,resnet50_linear_head,4,deer,4,deer,4,deer,True,True,0.7845175266265869
STL-10,test,7875,6304,grayscale,resnet50_linear_head,8,ship,8,ship,8,ship,True,True,0.8871145844459534
STL-10,test,7938,6304,grayscale,resnet50_linear_head,9,truck,9,truck,9,truck,True,True,0.9385571479797363
STL-10,test,7940,6304,grayscale,resnet50_linear_head,4,deer,4,deer,4,deer,True,True,0.9021724462509155
STL-10,test,7944,6304,grayscale,resnet50_linear_head,4,deer,4,deer,4,deer,True,True,0.5341126918792725
STL-10,test,7955,6304,grayscale,resnet50_linear_head,1,bird,1,bird,1,bird,True,True,0.99008709192276
STL-10,test,7995,6304,grayscale,resnet50_linear_head,9,truck,9,truck,9,truck,True,True,0.7988752722740173
STL-10,test,7996,6304,grayscale,resnet50_linear_head,6,horse,6,horse,6,horse,True,True,0.9974938631057739
STL-10,test,7999,6304,grayscale,resnet50_linear_head,8,ship,8,ship,8,ship,True,True,0.9380409121513367
STL-10,test,3,6304,hue_rotation_90,resnet50_linear_head,0,airplane,0,airplane,0,airplane,True,True,0.7605584263801575
STL-10,test,29,6304,hue_rotation_90,resnet50_linear_head,7,monkey,7,monkey,7,monkey,True,True,0.9766179323196411
STL-10,test,35,6304,hue_rotation_90,resnet50_linear_head,2,car,2,car,2,car,True,True,0.9925680160522461
STL-10,test,42,6304,hue_rotation_90,resnet50_linear_head,0,airplane,0,airplane,0,airplane,True,True,0.5144860148429871
STL-10,test,49,6304,hue_rotation_90,resnet50_linear_head,2,car,2,car,2,car,True,True,0.9445861577987671
STL-10,test,81,6304,hue_rotation_90,resnet50_linear_head,0,airplane,0,airplane,0,airplane,True,True,0.9843899607658386
STL-10,test,95,6304,hue_rotation_90,resnet50_linear_head,1,bird,1,bird,1,bird,True,True,0.953303337097168
STL-10,test,97,6304,hue_rotation_90,resnet50_linear_head,5,dog,5,dog,5,dog,True,True,0.78310626745224
STL-10,test,116,6304,hue_rotation_90,resnet50_linear_head,1,bird,1,bird,1,bird,True,True,0.9812071919441223
STL-10,test,131,6304,hue_rotation_90,resnet50_linear_head,9,truck,9,truck,9,truck,True,True,0.9602136611938477
STL-10,test,151,6304,hue_rotation_90,resnet50_linear_head,8,ship,8,ship,8,ship,True,True,0.7729978561401367
STL-10,test,171,6304,hue_rotation_90,resnet50_linear_head,4,deer,4,deer,4,deer,True,True,0.9808782339096069
STL-10,test,176,6304,hue_rotation_90,resnet50_linear_head,3,cat,3,cat,3,cat,True,True,0.9804685115814209
STL-10,test,191,6304,hue_rotation_90,resnet50_linear_head,9,truck,9,truck,9,truck,True,True,0.6775176525115967
STL-10,test,194,6304,hue_rotation_90,resnet50_linear_head,8,ship,8,ship,8,ship,True,True,0.9516240358352661
STL-10,test,198,6304,hue_rotation_90,resnet50_linear_head,1,bird,1,bird,1,bird,True,True,0.9169502258300781
STL-10,test,239,6304,hue_rotation_90,resnet50_linear_head,9,truck,9,truck,9,truck,True,True,0.943355143070221
STL-10,test,261,6304,hue_rotation_90,resnet50_linear_head,1,bird,1,bird,1,bird,True,True,0.8692529201507568
STL-10,test,269,6304,hue_rotation_90,resnet50_linear_head,7,monkey,7,monkey,7,monkey,True,True,0.9423246383666992
STL-10,test,276,6304,hue_rotation_90,resnet50_linear_head,9,truck,9,truck,9,truck,True,True,0.8806549310684204
STL-10,test,303,6304,hue_rotation_90,resnet50_linear_head,9,truck,9,truck,9,truck,True,True,0.9401237964630127
STL-10,test,304,6304,hue_rotation_90,resnet50_linear_head,1,bird,1,bird,1,bird,True,True,0.9750383496284485
STL-10,test,317,6304,hue_rotation_90,resnet50_linear_head,2,car,2,car,2,car,True,True,0.9290707111358643
STL-10,test,319,6304,hue_rotation_90,resnet50_linear_head,5,dog,5,dog,5,dog,True,True,0.8577379584312439
STL-10,test,323,6304,hue_rotation_90,resnet50_linear_head,7,monkey,7,monkey,7,monkey,True,True,0.9158464670181274
STL-10,test,365,6304,hue_rotation_90,resnet50_linear_head,3,cat,3,cat,3,cat,True,True,0.964126467704773
STL-10,test,370,6304,hue_rotation_90,resnet50_linear_head,7,monkey,7,monkey,7,monkey,True,True,0.7867695689201355
STL-10,test,372,6304,hue_rotation_90,resnet50_linear_head,3,cat,3,cat,3,cat,True,True,0.7191518545150757
STL-10,test,378,6304,hue_rotation_90,resnet50_linear_head,5,dog,5,dog,5,dog,True,True,0.8555304408073425
STL-10,test,391,6304,hue_rotation_90,resnet50_linear_head,3,cat,3,cat,3,cat,True,True,0.8823257684707642
STL-10,test,409,6304,hue_rotation_90,resnet50_linear_head,2,car,2,car,2,car,True,True,0.9813686609268188
STL-10,test,419,6304,hue_rotation_90,resnet50_linear_head,9,truck,9,truck,9,truck,True,True,0.9315096735954285
STL-10,test,449,6304,hue_rotation_90,resnet50_linear_head,6,horse,6,horse,6,horse,True,True,0.7130991816520691
STL-10,test,470,6304,hue_rotation_90,resnet50_linear_head,2,car,2,car,2,car,True,True,0.8900658488273621
STL-10,test,483,6304,hue_rotation_90,resnet50_linear_head,2,car,2,car,2,car,True,True,0.8614296317100525
STL-10,test,484,6304,hue_rotation_90,resnet50_linear_head,0,airplane,0,airplane,0,airplane,True,True,0.8845082521438599
STL-10,test,506,6304,hue_rotation_90,resnet50_linear_head,4,deer,4,deer,4,deer,True,True,0.9423431754112244
STL-10,test,545,6304,hue_rotation_90,resnet50_linear_head,6,horse,6,horse,2,car,False,False,0.6011045575141907
STL-10,test,562,6304,hue_rotation_90,resnet50_linear_head,0,airplane,0,airplane,0,airplane,True,True,0.9893039464950562
STL-10,test,568,6304,hue_rotation_90,resnet50_linear_head,5,dog,5,dog,5,dog,True,True,0.767289936542511
STL-10,test,603,6304,hue_rotation_90,resnet50_linear_head,9,truck,9,truck,9,truck,True,True,0.5485942959785461
STL-10,test,632,6304,hue_rotation_90,resnet50_linear_head,3,cat,3,cat,3,cat,True,True,0.92668217420578
STL-10,test,645,6304,hue_rotation_90,resnet50_linear_head,5,dog,5,dog,5,dog,True,True,0.9267823100090027
STL-10,test,667,6304,hue_rotation_90,resnet50_linear_head,8,ship,8,ship,8,ship,True,True,0.9239618182182312
STL-10,test,672,6304,hue_rotation_90,resnet50_linear_head,3,cat,3,cat,3,cat,True,True,0.9859666228294373
STL-10,test,677,6304,hue_rotation_90,resnet50_linear_head,3,cat,3,cat,3,cat,True,True,0.822988748550415
STL-10,test,685,6304,hue_rotation_90,resnet50_linear_head,5,dog,5,dog,5,dog,True,True,0.9731976985931396
STL-10,test,691,6304,hue_rotation_90,resnet50_linear_head,4,deer,4,deer,4,deer,True,True,0.9145859479904175
STL-10,test,706,6304,hue_rotation_90,resnet50_linear_head,8,ship,8,ship,8,ship,True,True,0.9519228935241699
STL-10,test,714,6304,hue_rotation_90,resnet50_linear_head,2,car,2,car,2,car,True,True,0.9314435124397278
STL-10,test,716,6304,hue_rotation_90,resnet50_linear_head,8,ship,8,ship,8,ship,True,True,0.5284026861190796
STL-10,test,738,6304,hue_rotation_90,resnet50_linear_head,3,cat,3,cat,3,cat,True,True,0.9257901906967163
STL-10,test,739,6304,hue_rotation_90,resnet50_linear_head,8,ship,8,ship,8,ship,True,True,0.8788092732429504
STL-10,test,766,6304,hue_rotation_90,resnet50_linear_head,4,deer,6,horse,6,horse,False,True,0.4754426181316376
STL-10,test,791,6304,hue_rotation_90,resnet50_linear_head,3,cat,3,cat,3,cat,True,True,0.8626949787139893
STL-10,test,805,6304,hue_rotation_90,resnet50_linear_head,9,truck,9,truck,9,truck,True,True,0.9682682156562805
STL-10,test,825,6304,hue_rotation_90,resnet50_linear_head,1,bird,1,bird,1,bird,True,True,0.9956972599029541
STL-10,test,852,6304,hue_rotation_90,resnet50_linear_head,9,truck,9,truck,9,truck,True,True,0.9530778527259827
STL-10,test,855,6304,hue_rotation_90,resnet50_linear_head,4,deer,4,deer,4,deer,True,True,0.8853663206100464
STL-10,test,873,6304,hue_rotation_90,resnet50_linear_head,6,horse,6,horse,6,horse,True,True,0.705288827419281
STL-10,test,890,6304,hue_rotation_90,resnet50_linear_head,6,horse,6,horse,6,horse,True,True,0.7737534046173096
STL-10,test,920,6304,hue_rotation_90,resnet50_linear_head,6,horse,6,horse,6,horse,True,True,0.8044120073318481
STL-10,test,929,6304,hue_rotation_90,resnet50_linear_head,6,horse,6,horse,5,dog,False,False,0.5148438215255737
STL-10,test,962,6304,hue_rotation_90,resnet50_linear_head,8,ship,8,ship,8,ship,True,True,0.9219488501548767
STL-10,test,964,6304,hue_rotation_90,resnet50_linear_head,6,horse,6,horse,6,horse,True,True,0.9445224404335022
STL-10,test,977,6304,hue_rotation_90,resnet50_linear_head,6,horse,6,horse,6,horse,True,True,0.983551561832428
STL-10,test,979,6304,hue_rotation_90,resnet50_linear_head,3,cat,3,cat,3,cat,True,True,0.9978281855583191
STL-10,test,981,6304,hue_rotation_90,resnet50_linear_head,2,car,2,car,2,car,True,True,0.9238991737365723
STL-10,test,1022,6304,hue_rotation_90,resnet50_linear_head,9,truck,9,truck,9,truck,True,True,0.9754879474639893
STL-10,test,1032,6304,hue_rotation_90,resnet50_linear_head,7,monkey,7,monkey,7,monkey,True,True,0.8708063960075378
STL-10,test,1048,6304,hue_rotation_90,resnet50_linear_head,7,monkey,7,monkey,7,monkey,True,True,0.8307071328163147
STL-10,test,1090,6304,hue_rotation_90,resnet50_linear_head,1,bird,1,bird,1,bird,True,True,0.925741970539093
STL-10,test,1095,6304,hue_rotation_90,resnet50_linear_head,5,dog,5,dog,5,dog,True,True,0.9362832307815552
STL-10,test,1109,6304,hue_rotation_90,resnet50_linear_head,1,bird,1,bird,1,bird,True,True,0.9014265537261963
STL-10,test,1111,6304,hue_rotation_90,resnet50_linear_head,4,deer,4,deer,4,deer,True,True,0.881129264831543
STL-10,test,1115,6304,hue_rotation_90,resnet50_linear_head,1,bird,1,bird,1,bird,True,True,0.9209779500961304
STL-10,test,1124,6304,hue_rotation_90,resnet50_linear_head,4,deer,4,deer,4,deer,True,True,0.9152357578277588
STL-10,test,1129,6304,hue_rotation_90,resnet50_linear_head,8,ship,8,ship,8,ship,True,True,0.9538049697875977
STL-10,test,1175,6304,hue_rotation_90,resnet50_linear_head,0,airplane,0,airplane,0,airplane,True,True,0.9424418210983276
STL-10,test,1202,6304,hue_rotation_90,resnet50_linear_head,2,car,2,car,2,car,True,True,0.968713641166687
STL-10,test,1204,6304,hue_rotation_90,resnet50_linear_head,3,cat,3,cat,3,cat,True,True,0.9822437167167664
STL-10,test,1211,6304,hue_rotation_90,resnet50_linear_head,4,deer,4,deer,4,deer,True,True,0.9137144088745117
STL-10,test,1220,6304,hue_rotation_90,resnet50_linear_head,7,monkey,7,monkey,7,monkey,True,True,0.9051701426506042
STL-10,test,1230,6304,hue_rotation_90,resnet50_linear_head,1,bird,1,bird,1,bird,True,True,0.8332703113555908
STL-10,test,1247,6304,hue_rotation_90,resnet50_linear_head,8,ship,8,ship,9,truck,False,False,0.5638492107391357
STL-10,test,1263,6304,hue_rotation_90,resnet50_linear_head,3,cat,3,cat,3,cat,True,True,0.8820133209228516
STL-10,test,1266,6304,hue_rotation_90,resnet50_linear_head,4,deer,4,deer,4,deer,True,True,0.8863082528114319
STL-10,test,1287,6304,hue_rotation_90,resnet50_linear_head,7,monkey,7,monkey,7,monkey,True,True,0.9302833676338196
STL-10,test,1296,6304,hue_rotation_90,resnet50_linear_head,7,monkey,7,monkey,7,monkey,True,True,0.4992006719112396
STL-10,test,1370,6304,hue_rotation_90,resnet50_linear_head,3,cat,3,cat,3,cat,True,True,0.9769008159637451
STL-10,test,1389,6304,hue_rotation_90,resnet50_linear_head,0,airplane,0,airplane,0,airplane,True,True,0.9538561701774597
STL-10,test,1401,6304,hue_rotation_90,resnet50_linear_head,3,cat,3,cat,3,cat,True,True,0.9753663539886475
STL-10,test,1403,6304,hue_rotation_90,resnet50_linear_head,2,car,2,car,2,car,True,True,0.982823371887207
STL-10,test,1411,6304,hue_rotation_90,resnet50_linear_head,9,truck,9,truck,9,truck,True,True,0.9290987849235535
STL-10,test,1429,6304,hue_rotation_90,resnet50_linear_head,4,deer,4,deer,4,deer,True,True,0.8888681530952454
STL-10,test,1430,6304,hue_rotation_90,resnet50_linear_head,9,truck,9,truck,9,truck,True,True,0.9711394906044006
STL-10,test,1431,6304,hue_rotation_90,resnet50_linear_head,3,cat,3,cat,3,cat,True,True,0.9875665903091431
STL-10,test,1436,6304,hue_rotation_90,resnet50_linear_head,1,bird,1,bird,1,bird,True,True,0.9938114285469055
STL-10,test,1440,6304,hue_rotation_90,resnet50_linear_head,7,monkey,7,monkey,7,monkey,True,True,0.9128377437591553
STL-10,test,1468,6304,hue_rotation_90,resnet50_linear_head,9,truck,9,truck,9,truck,True,True,0.9482221007347107
STL-10,test,1473,6304,hue_rotation_90,resnet50_linear_head,7,monkey,7,monkey,7,monkey,True,True,0.8228124976158142
STL-10,test,1515,6304,hue_rotation_90,resnet50_linear_head,9,truck,9,truck,9,truck,True,True,0.9419166445732117
STL-10,test,1520,6304,hue_rotation_90,resnet50_linear_head,2,car,2,car,2,car,True,True,0.9604365825653076
STL-10,test,1531,6304,hue_rotation_90,resnet50_linear_head,3,cat,3,cat,5,dog,False,False,0.9121888279914856
STL-10,test,1534,6304,hue_rotation_90,resnet50_linear_head,6,horse,6,horse,6,horse,True,True,0.9105523228645325
STL-10,test,1552,6304,hue_rotation_90,resnet50_linear_head,5,dog,5,dog,5,dog,True,True,0.8786905407905579
STL-10,test,1553,6304,hue_rotation_90,resnet50_linear_head,0,airplane,0,airplane,0,airplane,True,True,0.890612781047821
STL-10,test,1563,6304,hue_rotation_90,resnet50_linear_head,3,cat,3,cat,3,cat,True,True,0.8797062635421753
STL-10,test,1568,6304,hue_rotation_90,resnet50_linear_head,1,bird,1,bird,1,bird,True,True,0.8212347030639648
STL-10,test,1579,6304,hue_rotation_90,resnet50_linear_head,7,monkey,7,monkey,7,monkey,True,True,0.8605124950408936
STL-10,test,1586,6304,hue_rotation_90,resnet50_linear_head,2,car,2,car,2,car,True,True,0.9656236171722412
STL-10,test,1596,6304,hue_rotation_90,resnet50_linear_head,0,airplane,0,airplane,0,airplane,True,True,0.9949337840080261
STL-10,test,1626,6304,hue_rotation_90,resnet50_linear_head,5,dog,5,dog,5,dog,True,True,0.9416744112968445
STL-10,test,1640,6304,hue_rotation_90,resnet50_linear_head,8,ship,8,ship,8,ship,True,True,0.4072244465351105
STL-10,test,1644,6304,hue_rotation_90,resnet50_linear_head,5,dog,5,dog,5,dog,True,True,0.8552854657173157
STL-10,test,1648,6304,hue_rotation_90,resnet50_linear_head,0,airplane,0,airplane,0,airplane,True,True,0.9421215653419495
STL-10,test,1654,6304,hue_rotation_90,resnet50_linear_head,9,truck,9,truck,9,truck,True,True,0.9266152381896973
STL-10,test,1667,6304,hue_rotation_90,resnet50_linear_head,6,horse,6,horse,6,horse,True,True,0.8997145295143127
STL-10,test,1703,6304,hue_rotation_90,resnet50_linear_head,7,monkey,7,monkey,1,bird,False,False,0.6394968032836914
STL-10,test,1711,6304,hue_rotation_90,resnet50_linear_head,7,monkey,7,monkey,7,monkey,True,True,0.8550544381141663
STL-10,test,1771,6304,hue_rotation_90,resnet50_linear_head,7,monkey,7,monkey,4,deer,False,False,0.4688723385334015
STL-10,test,1783,6304,hue_rotation_90,resnet50_linear_head,8,ship,8,ship,8,ship,True,True,0.9604740142822266
STL-10,test,1814,6304,hue_rotation_90,resnet50_linear_head,2,car,2,car,2,car,True,True,0.9080399870872498
STL-10,test,1833,6304,hue_rotation_90,resnet50_linear_head,8,ship,8,ship,8,ship,True,True,0.8014395236968994
STL-10,test,1836,6304,hue_rotation_90,resnet50_linear_head,9,truck,9,truck,9,truck,True,True,0.8455635905265808
STL-10,test,1839,6304,hue_rotation_90,resnet50_linear_head,2,car,2,car,2,car,True,True,0.9610986113548279
STL-10,test,1852,6304,hue_rotation_90,resnet50_linear_head,1,bird,1,bird,1,bird,True,True,0.9995529055595398
STL-10,test,1871,6304,hue_rotation_90,resnet50_linear_head,1,bird,1,bird,1,bird,True,True,0.9416992664337158
STL-10,test,1877,6304,hue_rotation_90,resnet50_linear_head,5,dog,5,dog,4,deer,False,False,0.5633113384246826
STL-10,test,1884,6304,hue_rotation_90,resnet50_linear_head,7,monkey,7,monkey,7,monkey,True,True,0.7418700456619263
STL-10,test,1927,6304,hue_rotation_90,resnet50_linear_head,7,monkey,7,monkey,7,monkey,True,True,0.9524786472320557
STL-10,test,1954,6304,hue_rotation_90,resnet50_linear_head,8,ship,8,ship,0,airplane,False,False,0.5984334349632263
STL-10,test,1956,6304,hue_rotation_90,resnet50_linear_head,7,monkey,3,cat,3,cat,False,True,0.887114405632019
STL-10,test,1960,6304,hue_rotation_90,resnet50_linear_head,4,deer,4,deer,4,deer,True,True,0.7978916168212891
STL-10,test,1977,6304,hue_rotation_90,resnet50_linear_head,0,airplane,0,airplane,0,airplane,True,True,0.9677008986473083
STL-10,test,1986,6304,hue_rotation_90,resnet50_linear_head,1,bird,1,bird,1,bird,True,True,0.9190929532051086
STL-10,test,1993,6304,hue_rotation_90,resnet50_linear_head,1,bird,1,bird,1,bird,True,True,0.9846506118774414
STL-10,test,2003,6304,hue_rotation_90,resnet50_linear_head,6,horse,6,horse,6,horse,True,True,0.6399939656257629
STL-10,test,2011,6304,hue_rotation_90,resnet50_linear_head,9,truck,9,truck,9,truck,True,True,0.9558024406433105
STL-10,test,2024,6304,hue_rotation_90,resnet50_linear_head,0,airplane,0,airplane,0,airplane,True,True,0.893319308757782
STL-10,test,2028,6304,hue_rotation_90,resnet50_linear_head,3,cat,3,cat,3,cat,True,True,0.9990081191062927
STL-10,test,2062,6304,hue_rotation_90,resnet50_linear_head,9,truck,9,truck,9,truck,True,True,0.9326242208480835
STL-10,test,2070,6304,hue_rotation_90,resnet50_linear_head,1,bird,1,bird,1,bird,True,True,0.7838854193687439
STL-10,test,2082,6304,hue_rotation_90,resnet50_linear_head,2,car,2,car,2,car,True,True,0.9078722596168518
STL-10,test,2095,6304,hue_rotation_90,resnet50_linear_head,1,bird,1,bird,1,bird,True,True,0.8587122559547424
STL-10,test,2109,6304,hue_rotation_90,resnet50_linear_head,8,ship,8,ship,8,ship,True,True,0.934762179851532
STL-10,test,2114,6304,hue_rotation_90,resnet50_linear_head,9,truck,9,truck,9,truck,True,True,0.9009852409362793
STL-10,test,2116,6304,hue_rotation_90,resnet50_linear_head,1,bird,3,cat,3,cat,False,True,0.9188296794891357
STL-10,test,2157,6304,hue_rotation_90,resnet50_linear_head,1,bird,1,bird,1,bird,True,True,0.9806617498397827
STL-10,test,2167,6304,hue_rotation_90,resnet50_linear_head,9,truck,9,truck,9,truck,True,True,0.9132498502731323
STL-10,test,2178,6304,hue_rotation_90,resnet50_linear_head,1,bird,1,bird,1,bird,True,True,0.9985124468803406
STL-10,test,2191,6304,hue_rotation_90,resnet50_linear_head,8,ship,8,ship,8,ship,True,True,0.5711828470230103
STL-10,test,2230,6304,hue_rotation_90,resnet50_linear_head,8,ship,8,ship,8,ship,True,True,0.7910737991333008
STL-10,test,2242,6304,hue_rotation_90,resnet50_linear_head,0,airplane,0,airplane,0,airplane,True,True,0.9695134162902832
STL-10,test,2265,6304,hue_rotation_90,resnet50_linear_head,5,dog,5,dog,5,dog,True,True,0.643142819404602
STL-10,test,2268,6304,hue_rotation_90,resnet50_linear_head,5,dog,5,dog,5,dog,True,True,0.877885103225708
STL-10,test,2291,6304,hue_rotation_90,resnet50_linear_head,3,cat,3,cat,3,cat,True,True,0.7864612936973572
STL-10,test,2334,6304,hue_rotation_90,resnet50_linear_head,5,dog,5,dog,5,dog,True,True,0.9927129149436951
STL-10,test,2340,6304,hue_rotation_90,resnet50_linear_head,8,ship,8,ship,8,ship,True,True,0.9610118269920349
STL-10,test,2342,6304,hue_rotation_90,resnet50_linear_head,8,ship,8,ship,8,ship,True,True,0.8420885801315308
STL-10,test,2351,6304,hue_rotation_90,resnet50_linear_head,9,truck,9,truck,9,truck,True,True,0.9477113485336304
STL-10,test,2391,6304,hue_rotation_90,resnet50_linear_head,5,dog,5,dog,5,dog,True,True,0.6494852900505066
STL-10,test,2392,6304,hue_rotation_90,resnet50_linear_head,2,car,2,car,2,car,True,True,0.9733596444129944
STL-10,test,2399,6304,hue_rotation_90,resnet50_linear_head,4,deer,4,deer,4,deer,True,True,0.8397713899612427
STL-10,test,2414,6304,hue_rotation_90,resnet50_linear_head,9,truck,9,truck,9,truck,True,True,0.8944299221038818
STL-10,test,2427,6304,hue_rotation_90,resnet50_linear_head,5,dog,5,dog,5,dog,True,True,0.914510190486908
STL-10,test,2458,6304,hue_rotation_90,resnet50_linear_head,5,dog,5,dog,5,dog,True,True,0.9637767672538757
STL-10,test,2501,6304,hue_rotation_90,resnet50_linear_head,7,monkey,7,monkey,7,monkey,True,True,0.9501904249191284
STL-10,test,2502,6304,hue_rotation_90,resnet50_linear_head,2,car,2,car,2,car,True,True,0.8603163957595825
STL-10,test,2536,6304,hue_rotation_90,resnet50_linear_head,3,cat,3,cat,3,cat,True,True,0.9184938669204712
STL-10,test,2539,6304,hue_rotation_90,resnet50_linear_head,3,cat,3,cat,3,cat,True,True,0.9876887202262878
STL-10,test,2610,6304,hue_rotation_90,resnet50_linear_head,6,horse,6,horse,1,bird,False,False,0.5733886957168579
STL-10,test,2623,6304,hue_rotation_90,resnet50_linear_head,5,dog,5,dog,3,cat,False,False,0.46341896057128906
STL-10,test,2655,6304,hue_rotation_90,resnet50_linear_head,9,truck,9,truck,9,truck,True,True,0.9386675357818604
STL-10,test,2668,6304,hue_rotation_90,resnet50_linear_head,7,monkey,7,monkey,7,monkey,True,True,0.9443454146385193
STL-10,test,2676,6304,hue_rotation_90,resnet50_linear_head,6,horse,6,horse,6,horse,True,True,0.916401743888855
STL-10,test,2687,6304,hue_rotation_90,resnet50_linear_head,1,bird,1,bird,1,bird,True,True,0.9047447443008423
STL-10,test,2690,6304,hue_rotation_90,resnet50_linear_head,1,bird,1,bird,1,bird,True,True,0.9881465435028076
STL-10,test,2704,6304,hue_rotation_90,resnet50_linear_head,4,deer,4,deer,4,deer,True,True,0.9526926279067993
STL-10,test,2745,6304,hue_rotation_90,resnet50_linear_head,8,ship,8,ship,8,ship,True,True,0.9695418477058411
STL-10,test,2746,6304,hue_rotation_90,resnet50_linear_head,7,monkey,7,monkey,7,monkey,True,True,0.9390362501144409
STL-10,test,2750,6304,hue_rotation_90,resnet50_linear_head,0,airplane,0,airplane,0,airplane,True,True,0.8861154913902283
STL-10,test,2754,6304,hue_rotation_90,resnet50_linear_head,3,cat,3,cat,3,cat,True,True,0.81849604845047
STL-10,test,2757,6304,hue_rotation_90,resnet50_linear_head,4,deer,4,deer,4,deer,True,True,0.5066768527030945
STL-10,test,2766,6304,hue_rotation_90,resnet50_linear_head,5,dog,5,dog,5,dog,True,True,0.9204023480415344
STL-10,test,2807,6304,hue_rotation_90,resnet50_linear_head,5,dog,4,deer,1,bird,False,False,0.6508434414863586
STL-10,test,2844,6304,hue_rotation_90,resnet50_linear_head,8,ship,8,ship,8,ship,True,True,0.9445571303367615
STL-10,test,2854,6304,hue_rotation_90,resnet50_linear_head,7,monkey,7,monkey,7,monkey,True,True,0.9457678198814392
STL-10,test,2861,6304,hue_rotation_90,resnet50_linear_head,3,cat,3,cat,3,cat,True,True,0.9414517283439636
STL-10,test,2888,6304,hue_rotation_90,resnet50_linear_head,0,airplane,0,airplane,0,airplane,True,True,0.7762790322303772
STL-10,test,2898,6304,hue_rotation_90,resnet50_linear_head,4,deer,4,deer,4,deer,True,True,0.964194655418396
STL-10,test,2950,6304,hue_rotation_90,resnet50_linear_head,5,dog,5,dog,5,dog,True,True,0.540091872215271
STL-10,test,2958,6304,hue_rotation_90,resnet50_linear_head,6,horse,6,horse,6,horse,True,True,0.9448237419128418
STL-10,test,3015,6304,hue_rotation_90,resnet50_linear_head,8,ship,8,ship,8,ship,True,True,0.6367027759552002
STL-10,test,3024,6304,hue_rotation_90,resnet50_linear_head,2,car,2,car,2,car,True,True,0.9603912830352783
STL-10,test,3025,6304,hue_rotation_90,resnet50_linear_head,0,airplane,0,airplane,0,airplane,True,True,0.8649731874465942
STL-10,test,3034,6304,hue_rotation_90,resnet50_linear_head,4,deer,4,deer,4,deer,True,True,0.9623534679412842
STL-10,test,3067,6304,hue_rotation_90,resnet50_linear_head,2,car,2,car,2,car,True,True,0.9405225515365601
STL-10,test,3078,6304,hue_rotation_90,resnet50_linear_head,4,deer,4,deer,4,deer,True,True,0.945032000541687
STL-10,test,3079,6304,hue_rotation_90,resnet50_linear_head,1,bird,1,bird,1,bird,True,True,0.9951292276382446
STL-10,test,3083,6304,hue_rotation_90,resnet50_linear_head,0,airplane,0,airplane,0,airplane,True,True,0.9320802688598633
STL-10,test,3122,6304,hue_rotation_90,resnet50_linear_head,4,deer,4,deer,4,deer,True,True,0.9425835609436035
STL-10,test,3153,6304,hue_rotation_90,resnet50_linear_head,7,monkey,7,monkey,7,monkey,True,True,0.8453508019447327
STL-10,test,3157,6304,hue_rotation_90,resnet50_linear_head,8,ship,8,ship,9,truck,False,False,0.5050528645515442
STL-10,test,3163,6304,hue_rotation_90,resnet50_linear_head,2,car,2,car,2,car,True,True,0.9867342710494995
STL-10,test,3179,6304,hue_rotation_90,resnet50_linear_head,4,deer,4,deer,4,deer,True,True,0.9081945419311523
STL-10,test,3191,6304,hue_rotation_90,resnet50_linear_head,6,horse,6,horse,6,horse,True,True,0.5866483449935913
STL-10,test,3276,6304,hue_rotation_90,resnet50_linear_head,3,cat,3,cat,7,monkey,False,False,0.38197845220565796
STL-10,test,3287,6304,hue_rotation_90,resnet50_linear_head,4,deer,4,deer,4,deer,True,True,0.9441624879837036
STL-10,test,3288,6304,hue_rotation_90,resnet50_linear_head,7,monkey,7,monkey,7,monkey,True,True,0.8946662545204163
STL-10,test,3292,6304,hue_rotation_90,resnet50_linear_head,6,horse,6,horse,6,horse,True,True,0.6740238070487976
STL-10,test,3318,6304,hue_rotation_90,resnet50_linear_head,9,truck,9,truck,9,truck,True,True,0.9530739188194275
STL-10,test,3347,6304,hue_rotation_90,resnet50_linear_head,0,airplane,0,airplane,0,airplane,True,True,0.992569625377655
STL-10,test,3353,6304,hue_rotation_90,resnet50_linear_head,5,dog,3,cat,3,cat,False,True,0.6338684558868408
STL-10,test,3362,6304,hue_rotation_90,resnet50_linear_head,2,car,2,car,2,car,True,True,0.9497937560081482
STL-10,test,3365,6304,hue_rotation_90,resnet50_linear_head,4,deer,4,deer,4,deer,True,True,0.9115902185440063
STL-10,test,3375,6304,hue_rotation_90,resnet50_linear_head,3,cat,3,cat,3,cat,True,True,0.8984659314155579
STL-10,test,3383,6304,hue_rotation_90,resnet50_linear_head,3,cat,3,cat,3,cat,True,True,0.9551573991775513
STL-10,test,3404,6304,hue_rotation_90,resnet50_linear_head,7,monkey,7,monkey,7,monkey,True,True,0.9449186325073242
STL-10,test,3412,6304,hue_rotation_90,resnet50_linear_head,8,ship,8,ship,8,ship,True,True,0.6836390495300293
STL-10,test,3413,6304,hue_rotation_90,resnet50_linear_head,1,bird,1,bird,1,bird,True,True,0.9913821816444397
STL-10,test,3418,6304,hue_rotation_90,resnet50_linear_head,6,horse,6,horse,6,horse,True,True,0.9219288229942322
STL-10,test,3437,6304,hue_rotation_90,resnet50_linear_head,0,airplane,0,airplane,0,airplane,True,True,0.8674448132514954
STL-10,test,3446,6304,hue_rotation_90,resnet50_linear_head,7,monkey,7,monkey,7,monkey,True,True,0.7035489082336426
STL-10,test,3454,6304,hue_rotation_90,resnet50_linear_head,2,car,2,car,2,car,True,True,0.9503203630447388
STL-10,test,3455,6304,hue_rotation_90,resnet50_linear_head,0,airplane,0,airplane,0,airplane,True,True,0.9739460349082947
STL-10,test,3458,6304,hue_rotation_90,resnet50_linear_head,4,deer,4,deer,4,deer,True,True,0.9533815383911133
STL-10,test,3467,6304,hue_rotation_90,resnet50_linear_head,7,monkey,7,monkey,3,cat,False,False,0.39559486508369446
STL-10,test,3491,6304,hue_rotation_90,resnet50_linear_head,1,bird,1,bird,1,bird,True,True,0.9954932928085327
STL-10,test,3494,6304,hue_rotation_90,resnet50_linear_head,6,horse,6,horse,6,horse,True,True,0.9870621562004089
STL-10,test,3512,6304,hue_rotation_90,resnet50_linear_head,4,deer,4,deer,4,deer,True,True,0.9607636332511902
STL-10,test,3515,6304,hue_rotation_90,resnet50_linear_head,6,horse,6,horse,6,horse,True,True,0.6295707821846008
STL-10,test,3542,6304,hue_rotation_90,resnet50_linear_head,7,monkey,7,monkey,7,monkey,True,True,0.9035048484802246
STL-10,test,3550,6304,hue_rotation_90,resnet50_linear_head,1,bird,1,bird,1,bird,True,True,0.8827037215232849
STL-10,test,3562,6304,hue_rotation_90,resnet50_linear_head,3,cat,3,cat,3,cat,True,True,0.41679176688194275
STL-10,test,3755,6304,hue_rotation_90,resnet50_linear_head,2,car,2,car,2,car,True,True,0.9787744283676147
STL-10,test,3763,6304,hue_rotation_90,resnet50_linear_head,4,deer,4,deer,4,deer,True,True,0.9192370772361755
STL-10,test,3777,6304,hue_rotation_90,resnet50_linear_head,6,horse,6,horse,6,horse,True,True,0.534375786781311
STL-10,test,3778,6304,hue_rotation_90,resnet50_linear_head,3,cat,3,cat,3,cat,True,True,0.9178046584129333
STL-10,test,3779,6304,hue_rotation_90,resnet50_linear_head,6,horse,6,horse,6,horse,True,True,0.9579609036445618
STL-10,test,3844,6304,hue_rotation_90,resnet50_linear_head,6,horse,6,horse,6,horse,True,True,0.9638312458992004
STL-10,test,3851,6304,hue_rotation_90,resnet50_linear_head,3,cat,3,cat,3,cat,True,True,0.9506866335868835
STL-10,test,3852,6304,hue_rotation_90,resnet50_linear_head,5,dog,5,dog,5,dog,True,True,0.8245348334312439
STL-10,test,3863,6304,hue_rotation_90,resnet50_linear_head,5,dog,5,dog,5,dog,True,True,0.766228973865509
STL-10,test,3867,6304,hue_rotation_90,resnet50_linear_head,7,monkey,7,monkey,7,monkey,True,True,0.9634274244308472
STL-10,test,3876,6304,hue_rotation_90,resnet50_linear_head,0,airplane,0,airplane,0,airplane,True,True,0.6942681670188904
STL-10,test,3889,6304,hue_rotation_90,resnet50_linear_head,5,dog,5,dog,5,dog,True,True,0.912158191204071
STL-10,test,3891,6304,hue_rotation_90,resnet50_linear_head,4,deer,4,deer,4,deer,True,True,0.8290507793426514
STL-10,test,3893,6304,hue_rotation_90,resnet50_linear_head,9,truck,9,truck,9,truck,True,True,0.9398148655891418
STL-10,test,3905,6304,hue_rotation_90,resnet50_linear_head,8,ship,8,ship,8,ship,True,True,0.8004167675971985
STL-10,test,3914,6304,hue_rotation_90,resnet50_linear_head,3,cat,3,cat,3,cat,True,True,0.9767956733703613
STL-10,test,3937,6304,hue_rotation_90,resnet50_linear_head,1,bird,1,bird,1,bird,True,True,0.8462948203086853
STL-10,test,3942,6304,hue_rotation_90,resnet50_linear_head,9,truck,9,truck,9,truck,True,True,0.9110733866691589
STL-10,test,3948,6304,hue_rotation_90,resnet50_linear_head,8,ship,8,ship,8,ship,True,True,0.8773896098136902
STL-10,test,3962,6304,hue_rotation_90,resnet50_linear_head,6,horse,6,horse,6,horse,True,True,0.8715773820877075
STL-10,test,3965,6304,hue_rotation_90,resnet50_linear_head,0,airplane,0,airplane,0,airplane,True,True,0.8005966544151306
STL-10,test,3994,6304,hue_rotation_90,resnet50_linear_head,4,deer,4,deer,4,deer,True,True,0.8978728652000427
STL-10,test,3996,6304,hue_rotation_90,resnet50_linear_head,9,truck,9,truck,9,truck,True,True,0.5339041352272034
STL-10,test,4011,6304,hue_rotation_90,resnet50_linear_head,6,horse,6,horse,6,horse,True,True,0.9577511548995972
STL-10,test,4023,6304,hue_rotation_90,resnet50_linear_head,3,cat,3,cat,3,cat,True,True,0.9554717540740967
STL-10,test,4054,6304,hue_rotation_90,resnet50_linear_head,4,deer,4,deer,4,deer,True,True,0.928805410861969
STL-10,test,4065,6304,hue_rotation_90,resnet50_linear_head,2,car,2,car,2,car,True,True,0.919592559337616
STL-10,test,4069,6304,hue_rotation_90,resnet50_linear_head,8,ship,8,ship,8,ship,True,True,0.568257749080658
STL-10,test,4093,6304,hue_rotation_90,resnet50_linear_head,6,horse,6,horse,6,horse,True,True,0.5691030025482178
STL-10,test,4094,6304,hue_rotation_90,resnet50_linear_head,9,truck,9,truck,9,truck,True,True,0.9791032671928406
STL-10,test,4106,6304,hue_rotation_90,resnet50_linear_head,5,dog,5,dog,5,dog,True,True,0.8706066608428955
STL-10,test,4130,6304,hue_rotation_90,resnet50_linear_head,0,airplane,0,airplane,0,airplane,True,True,0.9741109609603882
STL-10,test,4168,6304,hue_rotation_90,resnet50_linear_head,3,cat,3,cat,3,cat,True,True,0.9285603761672974
STL-10,test,4170,6304,hue_rotation_90,resnet50_linear_head,8,ship,8,ship,8,ship,True,True,0.7054819464683533
STL-10,test,4172,6304,hue_rotation_90,resnet50_linear_head,7,monkey,7,monkey,7,monkey,True,True,0.7938601970672607
STL-10,test,4177,6304,hue_rotation_90,resnet50_linear_head,8,ship,8,ship,8,ship,True,True,0.8598993420600891
STL-10,test,4215,6304,hue_rotation_90,resnet50_linear_head,3,cat,3,cat,1,bird,False,False,0.5602996349334717
STL-10,test,4229,6304,hue_rotation_90,resnet50_linear_head,3,cat,3,cat,3,cat,True,True,0.964588463306427
STL-10,test,4236,6304,hue_rotation_90,resnet50_linear_head,7,monkey,7,monkey,7,monkey,True,True,0.9213694334030151
STL-10,test,4242,6304,hue_rotation_90,resnet50_linear_head,8,ship,8,ship,8,ship,True,True,0.6285749077796936
STL-10,test,4254,6304,hue_rotation_90,resnet50_linear_head,6,horse,6,horse,6,horse,True,True,0.607711672782898
STL-10,test,4290,6304,hue_rotation_90,resnet50_linear_head,5,dog,5,dog,4,deer,False,False,0.40746352076530457
STL-10,test,4298,6304,hue_rotation_90,resnet50_linear_head,1,bird,1,bird,1,bird,True,True,0.992241621017456
STL-10,test,4308,6304,hue_rotation_90,resnet50_linear_head,7,monkey,7,monkey,7,monkey,True,True,0.4888029098510742
STL-10,test,4311,6304,hue_rotation_90,resnet50_linear_head,8,ship,8,ship,8,ship,True,True,0.9517988562583923
STL-10,test,4323,6304,hue_rotation_90,resnet50_linear_head,3,cat,3,cat,3,cat,True,True,0.9092783331871033
STL-10,test,4330,6304,hue_rotation_90,resnet50_linear_head,3,cat,3,cat,3,cat,True,True,0.526713490486145
STL-10,test,4341,6304,hue_rotation_90,resnet50_linear_head,6,horse,6,horse,6,horse,True,True,0.7956249713897705
STL-10,test,4355,6304,hue_rotation_90,resnet50_linear_head,8,ship,8,ship,9,truck,False,False,0.5163790583610535
STL-10,test,4399,6304,hue_rotation_90,resnet50_linear_head,0,airplane,0,airplane,0,airplane,True,True,0.9743961691856384
STL-10,test,4403,6304,hue_rotation_90,resnet50_linear_head,7,monkey,7,monkey,7,monkey,True,True,0.9224757552146912
STL-10,test,4411,6304,hue_rotation_90,resnet50_linear_head,6,horse,6,horse,6,horse,True,True,0.40580299496650696
STL-10,test,4449,6304,hue_rotation_90,resnet50_linear_head,9,truck,9,truck,9,truck,True,True,0.9720351696014404
STL-10,test,4463,6304,hue_rotation_90,resnet50_linear_head,3,cat,3,cat,3,cat,True,True,0.9809422492980957
STL-10,test,4531,6304,hue_rotation_90,resnet50_linear_head,3,cat,3,cat,3,cat,True,True,0.6479439735412598
STL-10,test,4539,6304,hue_rotation_90,resnet50_linear_head,0,airplane,0,airplane,0,airplane,True,True,0.9854865074157715
STL-10,test,4547,6304,hue_rotation_90,resnet50_linear_head,5,dog,5,dog,5,dog,True,True,0.7741028666496277
STL-10,test,4552,6304,hue_rotation_90,resnet50_linear_head,8,ship,8,ship,9,truck,False,False,0.9592968821525574
STL-10,test,4570,6304,hue_rotation_90,resnet50_linear_head,5,dog,5,dog,5,dog,True,True,0.8046731352806091
STL-10,test,4590,6304,hue_rotation_90,resnet50_linear_head,3,cat,3,cat,3,cat,True,True,0.9481095671653748
STL-10,test,4609,6304,hue_rotation_90,resnet50_linear_head,3,cat,3,cat,3,cat,True,True,0.8805288076400757
STL-10,test,4615,6304,hue_rotation_90,resnet50_linear_head,0,airplane,0,airplane,0,airplane,True,True,0.9827438592910767
STL-10,test,4617,6304,hue_rotation_90,resnet50_linear_head,0,airplane,0,airplane,0,airplane,True,True,0.9373741149902344
STL-10,test,4620,6304,hue_rotation_90,resnet50_linear_head,6,horse,6,horse,6,horse,True,True,0.6701451539993286
STL-10,test,4629,6304,hue_rotation_90,resnet50_linear_head,4,deer,4,deer,4,deer,True,True,0.9383937120437622
STL-10,test,4640,6304,hue_rotation_90,resnet50_linear_head,1,bird,1,bird,3,cat,False,False,0.5187111496925354
STL-10,test,4642,6304,hue_rotation_90,resnet50_linear_head,4,deer,4,deer,4,deer,True,True,0.9147689938545227
STL-10,test,4661,6304,hue_rotation_90,resnet50_linear_head,7,monkey,7,monkey,7,monkey,True,True,0.8889598846435547
STL-10,test,4662,6304,hue_rotation_90,resnet50_linear_head,8,ship,8,ship,8,ship,True,True,0.9243131875991821
STL-10,test,4675,6304,hue_rotation_90,resnet50_linear_head,0,airplane,0,airplane,0,airplane,True,True,0.9861115217208862
STL-10,test,4676,6304,hue_rotation_90,resnet50_linear_head,8,ship,8,ship,8,ship,True,True,0.9866659045219421
STL-10,test,4704,6304,hue_rotation_90,resnet50_linear_head,7,monkey,7,monkey,7,monkey,True,True,0.7042862772941589
STL-10,test,4723,6304,hue_rotation_90,resnet50_linear_head,9,truck,9,truck,9,truck,True,True,0.8645334839820862
STL-10,test,4731,6304,hue_rotation_90,resnet50_linear_head,6,horse,6,horse,6,horse,True,True,0.6268320083618164
STL-10,test,4735,6304,hue_rotation_90,resnet50_linear_head,2,car,2,car,2,car,True,True,0.8692278861999512
STL-10,test,4740,6304,hue_rotation_90,resnet50_linear_head,4,deer,4,deer,4,deer,True,True,0.8641583323478699
STL-10,test,4746,6304,hue_rotation_90,resnet50_linear_head,6,horse,6,horse,3,cat,False,False,0.36188164353370667
STL-10,test,4748,6304,hue_rotation_90,resnet50_linear_head,7,monkey,7,monkey,7,monkey,True,True,0.8780634999275208
STL-10,test,4754,6304,hue_rotation_90,resnet50_linear_head,6,horse,6,horse,6,horse,True,True,0.8973476886749268
STL-10,test,4785,6304,hue_rotation_90,resnet50_linear_head,0,airplane,0,airplane,0,airplane,True,True,0.5582994222640991
STL-10,test,4791,6304,hue_rotation_90,resnet50_linear_head,7,monkey,7,monkey,7,monkey,True,True,0.9353300929069519
STL-10,test,4819,6304,hue_rotation_90,resnet50_linear_head,0,airplane,0,airplane,0,airplane,True,True,0.9931117296218872
STL-10,test,4821,6304,hue_rotation_90,resnet50_linear_head,3,cat,3,cat,3,cat,True,True,0.9379496574401855
STL-10,test,4827,6304,hue_rotation_90,resnet50_linear_head,6,horse,6,horse,6,horse,True,True,0.9358766674995422
STL-10,test,4850,6304,hue_rotation_90,resnet50_linear_head,5,dog,5,dog,5,dog,True,True,0.9194700121879578
STL-10,test,4881,6304,hue_rotation_90,resnet50_linear_head,3,cat,3,cat,3,cat,True,True,0.5685117244720459
STL-10,test,4893,6304,hue_rotation_90,resnet50_linear_head,0,airplane,0,airplane,0,airplane,True,True,0.9797612428665161
STL-10,test,4908,6304,hue_rotation_90,resnet50_linear_head,3,cat,3,cat,3,cat,True,True,0.9651384353637695
STL-10,test,4913,6304,hue_rotation_90,resnet50_linear_head,2,car,2,car,2,car,True,True,0.9821593165397644
STL-10,test,4921,6304,hue_rotation_90,resnet50_linear_head,2,car,2,car,2,car,True,True,0.9550219178199768
STL-10,test,4953,6304,hue_rotation_90,resnet50_linear_head,5,dog,5,dog,5,dog,True,True,0.701155960559845
STL-10,test,4966,6304,hue_rotation_90,resnet50_linear_head,5,dog,5,dog,5,dog,True,True,0.6050599217414856
STL-10,test,4990,6304,hue_rotation_90,resnet50_linear_head,8,ship,8,ship,0,airplane,False,False,0.7217589616775513
STL-10,test,5000,6304,hue_rotation_90,resnet50_linear_head,8,ship,8,ship,8,ship,True,True,0.9115196466445923
STL-10,test,5030,6304,hue_rotation_90,resnet50_linear_head,2,car,2,car,2,car,True,True,0.95444256067276
STL-10,test,5062,6304,hue_rotation_90,resnet50_linear_head,4,deer,4,deer,4,deer,True,True,0.932597279548645
STL-10,test,5077,6304,hue_rotation_90,resnet50_linear_head,4,deer,4,deer,4,deer,True,True,0.9381599426269531
STL-10,test,5082,6304,hue_rotation_90,resnet50_linear_head,6,horse,6,horse,6,horse,True,True,0.7648600339889526
STL-10,test,5092,6304,hue_rotation_90,resnet50_linear_head,1,bird,1,bird,1,bird,True,True,0.9936425685882568
STL-10,test,5101,6304,hue_rotation_90,resnet50_linear_head,5,dog,5,dog,5,dog,True,True,0.9580773115158081
STL-10,test,5117,6304,hue_rotation_90,resnet50_linear_head,0,airplane,0,airplane,0,airplane,True,True,0.9969881176948547
STL-10,test,5123,6304,hue_rotation_90,resnet50_linear_head,1,bird,1,bird,1,bird,True,True,0.8951847553253174
STL-10,test,5135,6304,hue_rotation_90,resnet50_linear_head,4,deer,4,deer,4,deer,True,True,0.6828019022941589
STL-10,test,5183,6304,hue_rotation_90,resnet50_linear_head,2,car,2,car,2,car,True,True,0.797102153301239
STL-10,test,5213,6304,hue_rotation_90,resnet50_linear_head,4,deer,4,deer,4,deer,True,True,0.9366868734359741
STL-10,test,5218,6304,hue_rotation_90,resnet50_linear_head,2,car,2,car,2,car,True,True,0.8992211222648621
STL-10,test,5220,6304,hue_rotation_90,resnet50_linear_head,1,bird,3,cat,1,bird,True,False,0.5011242032051086
STL-10,test,5237,6304,hue_rotation_90,resnet50_linear_head,2,car,2,car,2,car,True,True,0.9314621090888977
STL-10,test,5256,6304,hue_rotation_90,resnet50_linear_head,1,bird,1,bird,1,bird,True,True,0.9519310593605042
STL-10,test,5284,6304,hue_rotation_90,resnet50_linear_head,9,truck,9,truck,9,truck,True,True,0.9764758348464966
STL-10,test,5301,6304,hue_rotation_90,resnet50_linear_head,9,truck,9,truck,9,truck,True,True,0.9347915649414062
STL-10,test,5318,6304,hue_rotation_90,resnet50_linear_head,2,car,2,car,2,car,True,True,0.9864692687988281
STL-10,test,5332,6304,hue_rotation_90,resnet50_linear_head,5,dog,5,dog,5,dog,True,True,0.49975019693374634
STL-10,test,5333,6304,hue_rotation_90,resnet50_linear_head,2,car,2,car,2,car,True,True,0.9235261678695679
STL-10,test,5360,6304,hue_rotation_90,resnet50_linear_head,9,truck,9,truck,9,truck,True,True,0.9684309363365173
STL-10,test,5381,6304,hue_rotation_90,resnet50_linear_head,5,dog,5,dog,5,dog,True,True,0.26291781663894653
STL-10,test,5382,6304,hue_rotation_90,resnet50_linear_head,6,horse,6,horse,6,horse,True,True,0.6420067548751831
STL-10,test,5395,6304,hue_rotation_90,resnet50_linear_head,2,car,2,car,2,car,True,True,0.9835392236709595
STL-10,test,5402,6304,hue_rotation_90,resnet50_linear_head,4,deer,4,deer,4,deer,True,True,0.8740283846855164
STL-10,test,5408,6304,hue_rotation_90,resnet50_linear_head,6,horse,6,horse,6,horse,True,True,0.7061145305633545
STL-10,test,5436,6304,hue_rotation_90,resnet50_linear_head,7,monkey,7,monkey,7,monkey,True,True,0.8862626552581787
STL-10,test,5447,6304,hue_rotation_90,resnet50_linear_head,9,truck,9,truck,9,truck,True,True,0.9787238836288452
STL-10,test,5450,6304,hue_rotation_90,resnet50_linear_head,7,monkey,7,monkey,7,monkey,True,True,0.8479343056678772
STL-10,test,5451,6304,hue_rotation_90,resnet50_linear_head,8,ship,8,ship,8,ship,True,True,0.9113941192626953
STL-10,test,5452,6304,hue_rotation_90,resnet50_linear_head,9,truck,9,truck,9,truck,True,True,0.9612118005752563
STL-10,test,5467,6304,hue_rotation_90,resnet50_linear_head,4,deer,4,deer,4,deer,True,True,0.7494791150093079
STL-10,test,5478,6304,hue_rotation_90,resnet50_linear_head,0,airplane,0,airplane,0,airplane,True,True,0.8010808825492859
STL-10,test,5488,6304,hue_rotation_90,resnet50_linear_head,1,bird,7,monkey,7,monkey,False,True,0.9144045114517212
STL-10,test,5496,6304,hue_rotation_90,resnet50_linear_head,5,dog,5,dog,5,dog,True,True,0.934246838092804
STL-10,test,5508,6304,hue_rotation_90,resnet50_linear_head,9,truck,9,truck,9,truck,True,True,0.9645532965660095
STL-10,test,5512,6304,hue_rotation_90,resnet50_linear_head,2,car,9,truck,9,truck,False,True,0.9500052332878113
STL-10,test,5525,6304,hue_rotation_90,resnet50_linear_head,8,ship,8,ship,8,ship,True,True,0.887182891368866
STL-10,test,5528,6304,hue_rotation_90,resnet50_linear_head,3,cat,5,dog,5,dog,False,True,0.7915213108062744
STL-10,test,5556,6304,hue_rotation_90,resnet50_linear_head,4,deer,4,deer,4,deer,True,True,0.8514320850372314
STL-10,test,5560,6304,hue_rotation_90,resnet50_linear_head,1,bird,1,bird,1,bird,True,True,0.6999832391738892
STL-10,test,5572,6304,hue_rotation_90,resnet50_linear_head,9,truck,9,truck,9,truck,True,True,0.9540989995002747
STL-10,test,5580,6304,hue_rotation_90,resnet50_linear_head,6,horse,6,horse,6,horse,True,True,0.9771954417228699
STL-10,test,5590,6304,hue_rotation_90,resnet50_linear_head,9,truck,9,truck,9,truck,True,True,0.9503211379051208
STL-10,test,5623,6304,hue_rotation_90,resnet50_linear_head,4,deer,4,deer,4,deer,True,True,0.9045932292938232
STL-10,test,5677,6304,hue_rotation_90,resnet50_linear_head,2,car,2,car,2,car,True,True,0.9002282023429871
STL-10,test,5694,6304,hue_rotation_90,resnet50_linear_head,8,ship,8,ship,8,ship,True,True,0.7696642279624939
STL-10,test,5701,6304,hue_rotation_90,resnet50_linear_head,5,dog,5,dog,5,dog,True,True,0.7823903560638428
STL-10,test,5705,6304,hue_rotation_90,resnet50_linear_head,8,ship,8,ship,8,ship,True,True,0.9309080839157104
STL-10,test,5719,6304,hue_rotation_90,resnet50_linear_head,7,monkey,7,monkey,7,monkey,True,True,0.8507216572761536
STL-10,test,5729,6304,hue_rotation_90,resnet50_linear_head,6,horse,6,horse,6,horse,True,True,0.9468379020690918
STL-10,test,5756,6304,hue_rotation_90,resnet50_linear_head,2,car,2,car,2,car,True,True,0.9938238859176636
STL-10,test,5788,6304,hue_rotation_90,resnet50_linear_head,9,truck,9,truck,9,truck,True,True,0.98612380027771
STL-10,test,5789,6304,hue_rotation_90,resnet50_linear_head,4,deer,4,deer,4,deer,True,True,0.8033237457275391
STL-10,test,5824,6304,hue_rotation_90,resnet50_linear_head,2,car,2,car,2,car,True,True,0.9858322143554688
STL-10,test,5848,6304,hue_rotation_90,resnet50_linear_head,7,monkey,7,monkey,7,monkey,True,True,0.9740136861801147
STL-10,test,5851,6304,hue_rotation_90,resnet50_linear_head,9,truck,9,truck,9,truck,True,True,0.9473187327384949
STL-10,test,5857,6304,hue_rotation_90,resnet50_linear_head,6,horse,4,deer,4,deer,False,True,0.5277424454689026
STL-10,test,5858,6304,hue_rotation_90,resnet50_linear_head,6,horse,6,horse,4,deer,False,False,0.678613543510437
STL-10,test,5912,6304,hue_rotation_90,resnet50_linear_head,0,airplane,0,airplane,0,airplane,True,True,0.9969983100891113
STL-10,test,5915,6304,hue_rotation_90,resnet50_linear_head,9,truck,9,truck,9,truck,True,True,0.8873600959777832
STL-10,test,5918,6304,hue_rotation_90,resnet50_linear_head,0,airplane,0,airplane,0,airplane,True,True,0.9960803389549255
STL-10,test,5924,6304,hue_rotation_90,resnet50_linear_head,5,dog,5,dog,5,dog,True,True,0.9627833366394043
STL-10,test,5977,6304,hue_rotation_90,resnet50_linear_head,7,monkey,7,monkey,7,monkey,True,True,0.9573404788970947
STL-10,test,5981,6304,hue_rotation_90,resnet50_linear_head,9,truck,9,truck,9,truck,True,True,0.8647852540016174
STL-10,test,5999,6304,hue_rotation_90,resnet50_linear_head,0,airplane,0,airplane,0,airplane,True,True,0.9740589261054993
STL-10,test,6028,6304,hue_rotation_90,resnet50_linear_head,2,car,2,car,2,car,True,True,0.9716429114341736
STL-10,test,6033,6304,hue_rotation_90,resnet50_linear_head,4,deer,4,deer,4,deer,True,True,0.8411207795143127
STL-10,test,6076,6304,hue_rotation_90,resnet50_linear_head,1,bird,1,bird,1,bird,True,True,0.9964081645011902
STL-10,test,6084,6304,hue_rotation_90,resnet50_linear_head,7,monkey,7,monkey,7,monkey,True,True,0.9099422097206116
STL-10,test,6097,6304,hue_rotation_90,resnet50_linear_head,4,deer,4,deer,4,deer,True,True,0.9211937785148621
STL-10,test,6169,6304,hue_rotation_90,resnet50_linear_head,1,bird,1,bird,1,bird,True,True,0.9686418771743774
STL-10,test,6190,6304,hue_rotation_90,resnet50_linear_head,7,monkey,7,monkey,7,monkey,True,True,0.9405185580253601
STL-10,test,6224,6304,hue_rotation_90,resnet50_linear_head,5,dog,5,dog,5,dog,True,True,0.802118182182312
STL-10,test,6244,6304,hue_rotation_90,resnet50_linear_head,2,car,2,car,2,car,True,True,0.9083393812179565
STL-10,test,6264,6304,hue_rotation_90,resnet50_linear_head,2,car,2,car,2,car,True,True,0.9645056128501892
STL-10,test,6271,6304,hue_rotation_90,resnet50_linear_head,2,car,2,car,2,car,True,True,0.9613829851150513
STL-10,test,6288,6304,hue_rotation_90,resnet50_linear_head,4,deer,4,deer,4,deer,True,True,0.7706034183502197
STL-10,test,6332,6304,hue_rotation_90,resnet50_linear_head,2,car,2,car,2,car,True,True,0.9492614269256592
STL-10,test,6349,6304,hue_rotation_90,resnet50_linear_head,1,bird,1,bird,1,bird,True,True,0.9682233929634094
STL-10,test,6354,6304,hue_rotation_90,resnet50_linear_head,2,car,2,car,2,car,True,True,0.9776167869567871
STL-10,test,6358,6304,hue_rotation_90,resnet50_linear_head,5,dog,5,dog,3,cat,False,False,0.6751656532287598
STL-10,test,6381,6304,hue_rotation_90,resnet50_linear_head,6,horse,6,horse,6,horse,True,True,0.8201677799224854
STL-10,test,6414,6304,hue_rotation_90,resnet50_linear_head,5,dog,5,dog,3,cat,False,False,0.5796763896942139
STL-10,test,6426,6304,hue_rotation_90,resnet50_linear_head,2,car,2,car,2,car,True,True,0.9758244752883911
STL-10,test,6434,6304,hue_rotation_90,resnet50_linear_head,8,ship,8,ship,8,ship,True,True,0.9911109209060669
STL-10,test,6437,6304,hue_rotation_90,resnet50_linear_head,0,airplane,0,airplane,0,airplane,True,True,0.7877229452133179
STL-10,test,6455,6304,hue_rotation_90,resnet50_linear_head,0,airplane,0,airplane,0,airplane,True,True,0.662792980670929
STL-10,test,6490,6304,hue_rotation_90,resnet50_linear_head,3,cat,3,cat,3,cat,True,True,0.7772653102874756
STL-10,test,6503,6304,hue_rotation_90,resnet50_linear_head,2,car,2,car,2,car,True,True,0.9589711427688599
STL-10,test,6508,6304,hue_rotation_90,resnet50_linear_head,4,deer,4,deer,4,deer,True,True,0.9415163993835449
STL-10,test,6528,6304,hue_rotation_90,resnet50_linear_head,4,deer,4,deer,4,deer,True,True,0.8675583004951477
STL-10,test,6594,6304,hue_rotation_90,resnet50_linear_head,1,bird,1,bird,1,bird,True,True,0.9923008680343628
STL-10,test,6609,6304,hue_rotation_90,resnet50_linear_head,0,airplane,0,airplane,0,airplane,True,True,0.8891198039054871
STL-10,test,6616,6304,hue_rotation_90,resnet50_linear_head,2,car,2,car,2,car,True,True,0.9327552914619446
STL-10,test,6650,6304,hue_rotation_90,resnet50_linear_head,7,monkey,7,monkey,7,monkey,True,True,0.9419469833374023
STL-10,test,6689,6304,hue_rotation_90,resnet50_linear_head,8,ship,8,ship,9,truck,False,False,0.9144653081893921
STL-10,test,6692,6304,hue_rotation_90,resnet50_linear_head,2,car,2,car,2,car,True,True,0.8811215162277222
STL-10,test,6713,6304,hue_rotation_90,resnet50_linear_head,6,horse,6,horse,6,horse,True,True,0.789132297039032
STL-10,test,6716,6304,hue_rotation_90,resnet50_linear_head,5,dog,5,dog,5,dog,True,True,0.37869149446487427
STL-10,test,6726,6304,hue_rotation_90,resnet50_linear_head,7,monkey,7,monkey,7,monkey,True,True,0.9519377946853638
STL-10,test,6733,6304,hue_rotation_90,resnet50_linear_head,1,bird,1,bird,1,bird,True,True,0.9569617509841919
STL-10,test,6772,6304,hue_rotation_90,resnet50_linear_head,7,monkey,7,monkey,3,cat,False,False,0.7568783760070801
STL-10,test,6805,6304,hue_rotation_90,resnet50_linear_head,1,bird,1,bird,1,bird,True,True,0.9705621004104614
STL-10,test,6836,6304,hue_rotation_90,resnet50_linear_head,1,bird,1,bird,1,bird,True,True,0.9982660412788391
STL-10,test,6844,6304,hue_rotation_90,resnet50_linear_head,0,airplane,0,airplane,0,airplane,True,True,0.946074903011322
STL-10,test,6922,6304,hue_rotation_90,resnet50_linear_head,5,dog,5,dog,5,dog,True,True,0.995179295539856
STL-10,test,6931,6304,hue_rotation_90,resnet50_linear_head,9,truck,9,truck,9,truck,True,True,0.7536117434501648
STL-10,test,6938,6304,hue_rotation_90,resnet50_linear_head,1,bird,1,bird,1,bird,True,True,0.9967570900917053
STL-10,test,6952,6304,hue_rotation_90,resnet50_linear_head,3,cat,3,cat,3,cat,True,True,0.926701545715332
STL-10,test,6954,6304,hue_rotation_90,resnet50_linear_head,1,bird,1,bird,1,bird,True,True,0.939230740070343
STL-10,test,6986,6304,hue_rotation_90,resnet50_linear_head,0,airplane,0,airplane,0,airplane,True,True,0.9735556244850159
STL-10,test,6989,6304,hue_rotation_90,resnet50_linear_head,5,dog,5,dog,5,dog,True,True,0.8515119552612305
STL-10,test,7009,6304,hue_rotation_90,resnet50_linear_head,0,airplane,0,airplane,0,airplane,True,True,0.9218955636024475
STL-10,test,7029,6304,hue_rotation_90,resnet50_linear_head,1,bird,1,bird,1,bird,True,True,0.9859133362770081
STL-10,test,7033,6304,hue_rotation_90,resnet50_linear_head,1,bird,1,bird,1,bird,True,True,0.7855263352394104
STL-10,test,7041,6304,hue_rotation_90,resnet50_linear_head,5,dog,5,dog,5,dog,True,True,0.7790641188621521
STL-10,test,7047,6304,hue_rotation_90,resnet50_linear_head,9,truck,9,truck,9,truck,True,True,0.9607641100883484
STL-10,test,7081,6304,hue_rotation_90,resnet50_linear_head,7,monkey,7,monkey,7,monkey,True,True,0.8930202722549438
STL-10,test,7084,6304,hue_rotation_90,resnet50_linear_head,2,car,2,car,2,car,True,True,0.9809045195579529
STL-10,test,7108,6304,hue_rotation_90,resnet50_linear_head,6,horse,6,horse,6,horse,True,True,0.8524197340011597
STL-10,test,7130,6304,hue_rotation_90,resnet50_linear_head,5,dog,5,dog,5,dog,True,True,0.7438408732414246
STL-10,test,7138,6304,hue_rotation_90,resnet50_linear_head,8,ship,8,ship,8,ship,True,True,0.8349082469940186
STL-10,test,7150,6304,hue_rotation_90,resnet50_linear_head,0,airplane,0,airplane,0,airplane,True,True,0.9858840107917786
STL-10,test,7202,6304,hue_rotation_90,resnet50_linear_head,1,bird,1,bird,1,bird,True,True,0.9887369275093079
STL-10,test,7262,6304,hue_rotation_90,resnet50_linear_head,0,airplane,0,airplane,0,airplane,True,True,0.9794089198112488
STL-10,test,7266,6304,hue_rotation_90,resnet50_linear_head,9,truck,9,truck,9,truck,True,True,0.802640974521637
STL-10,test,7270,6304,hue_rotation_90,resnet50_linear_head,7,monkey,7,monkey,7,monkey,True,True,0.892096757888794
STL-10,test,7309,6304,hue_rotation_90,resnet50_linear_head,0,airplane,0,airplane,0,airplane,True,True,0.908799946308136
STL-10,test,7320,6304,hue_rotation_90,resnet50_linear_head,0,airplane,0,airplane,0,airplane,True,True,0.9852926135063171
STL-10,test,7338,6304,hue_rotation_90,resnet50_linear_head,6,horse,6,horse,6,horse,True,True,0.8893560171127319
STL-10,test,7372,6304,hue_rotation_90,resnet50_linear_head,0,airplane,0,airplane,0,airplane,True,True,0.7863864302635193
STL-10,test,7373,6304,hue_rotation_90,resnet50_linear_head,0,airplane,0,airplane,0,airplane,True,True,0.7407421469688416
STL-10,test,7380,6304,hue_rotation_90,resnet50_linear_head,9,truck,9,truck,9,truck,True,True,0.901204526424408
STL-10,test,7390,6304,hue_rotation_90,resnet50_linear_head,1,bird,1,bird,1,bird,True,True,0.7521828413009644
STL-10,test,7413,6304,hue_rotation_90,resnet50_linear_head,5,dog,5,dog,5,dog,True,True,0.4898276925086975
STL-10,test,7416,6304,hue_rotation_90,resnet50_linear_head,3,cat,5,dog,3,cat,True,False,0.7941977977752686
STL-10,test,7425,6304,hue_rotation_90,resnet50_linear_head,2,car,2,car,2,car,True,True,0.9898685216903687
STL-10,test,7446,6304,hue_rotation_90,resnet50_linear_head,8,ship,8,ship,8,ship,True,True,0.9600954055786133
STL-10,test,7460,6304,hue_rotation_90,resnet50_linear_head,8,ship,8,ship,9,truck,False,False,0.905358076095581
STL-10,test,7465,6304,hue_rotation_90,resnet50_linear_head,0,airplane,0,airplane,0,airplane,True,True,0.918245792388916
STL-10,test,7474,6304,hue_rotation_90,resnet50_linear_head,5,dog,5,dog,5,dog,True,True,0.9067373275756836
STL-10,test,7475,6304,hue_rotation_90,resnet50_linear_head,4,deer,4,deer,4,deer,True,True,0.5009317398071289
STL-10,test,7476,6304,hue_rotation_90,resnet50_linear_head,8,ship,8,ship,8,ship,True,True,0.6798847317695618
STL-10,test,7544,6304,hue_rotation_90,resnet50_linear_head,9,truck,9,truck,9,truck,True,True,0.9435434341430664
STL-10,test,7555,6304,hue_rotation_90,resnet50_linear_head,6,horse,6,horse,6,horse,True,True,0.7470347881317139
STL-10,test,7600,6304,hue_rotation_90,resnet50_linear_head,6,horse,6,horse,6,horse,True,True,0.9971675276756287
STL-10,test,7610,6304,hue_rotation_90,resnet50_linear_head,4,deer,4,deer,4,deer,True,True,0.9529062509536743
STL-10,test,7634,6304,hue_rotation_90,resnet50_linear_head,0,airplane,0,airplane,0,airplane,True,True,0.9766737818717957
STL-10,test,7692,6304,hue_rotation_90,resnet50_linear_head,4,deer,4,deer,4,deer,True,True,0.7255918979644775
STL-10,test,7706,6304,hue_rotation_90,resnet50_linear_head,5,dog,5,dog,5,dog,True,True,0.8479412198066711
STL-10,test,7726,6304,hue_rotation_90,resnet50_linear_head,6,horse,6,horse,6,horse,True,True,0.9585375785827637
STL-10,test,7744,6304,hue_rotation_90,resnet50_linear_head,3,cat,3,cat,3,cat,True,True,0.7647972106933594
STL-10,test,7752,6304,hue_rotation_90,resnet50_linear_head,9,truck,9,truck,9,truck,True,True,0.9461938142776489
STL-10,test,7776,6304,hue_rotation_90,resnet50_linear_head,5,dog,5,dog,5,dog,True,True,0.8544629812240601
STL-10,test,7779,6304,hue_rotation_90,resnet50_linear_head,6,horse,6,horse,6,horse,True,True,0.7671179175376892
STL-10,test,7781,6304,hue_rotation_90,resnet50_linear_head,6,horse,6,horse,6,horse,True,True,0.9483898878097534
STL-10,test,7793,6304,hue_rotation_90,resnet50_linear_head,3,cat,5,dog,7,monkey,False,False,0.42802152037620544
STL-10,test,7797,6304,hue_rotation_90,resnet50_linear_head,3,cat,3,cat,3,cat,True,True,0.8960986733436584
STL-10,test,7810,6304,hue_rotation_90,resnet50_linear_head,8,ship,8,ship,8,ship,True,True,0.9712872505187988
STL-10,test,7818,6304,hue_rotation_90,resnet50_linear_head,8,ship,8,ship,8,ship,True,True,0.9061107039451599
STL-10,test,7835,6304,hue_rotation_90,resnet50_linear_head,7,monkey,7,monkey,7,monkey,True,True,0.9053726196289062
STL-10,test,7864,6304,hue_rotation_90,resnet50_linear_head,4,deer,4,deer,4,deer,True,True,0.8544806838035583
STL-10,test,7875,6304,hue_rotation_90,resnet50_linear_head,8,ship,8,ship,9,truck,False,False,0.4653729498386383
STL-10,test,7938,6304,hue_rotation_90,resnet50_linear_head,9,truck,9,truck,9,truck,True,True,0.9300260543823242
STL-10,test,7940,6304,hue_rotation_90,resnet50_linear_head,4,deer,4,deer,4,deer,True,True,0.9169046878814697
STL-10,test,7944,6304,hue_rotation_90,resnet50_linear_head,4,deer,4,deer,1,bird,False,False,0.2695970833301544
STL-10,test,7955,6304,hue_rotation_90,resnet50_linear_head,1,bird,1,bird,1,bird,True,True,0.9981120824813843
STL-10,test,7995,6304,hue_rotation_90,resnet50_linear_head,9,truck,9,truck,9,truck,True,True,0.7836242914199829
STL-10,test,7996,6304,hue_rotation_90,resnet50_linear_head,6,horse,6,horse,6,horse,True,True,0.995266318321228
STL-10,test,7999,6304,hue_rotation_90,resnet50_linear_head,8,ship,8,ship,8,ship,True,True,0.9290741086006165
STL-10,test,3,6304,grayscale,vit_b_16_linear_head,0,airplane,0,airplane,0,airplane,True,True,0.9379734396934509
STL-10,test,29,6304,grayscale,vit_b_16_linear_head,7,monkey,7,monkey,7,monkey,True,True,0.9873336553573608
STL-10,test,35,6304,grayscale,vit_b_16_linear_head,2,car,2,car,2,car,True,True,0.9852288365364075
STL-10,test,42,6304,grayscale,vit_b_16_linear_head,0,airplane,0,airplane,0,airplane,True,True,0.9933375120162964
STL-10,test,49,6304,grayscale,vit_b_16_linear_head,2,car,2,car,2,car,True,True,0.9975281357765198
STL-10,test,81,6304,grayscale,vit_b_16_linear_head,0,airplane,0,airplane,0,airplane,True,True,0.9751063585281372
STL-10,test,95,6304,grayscale,vit_b_16_linear_head,1,bird,1,bird,1,bird,True,True,0.9960337281227112
STL-10,test,97,6304,grayscale,vit_b_16_linear_head,5,dog,5,dog,5,dog,True,True,0.8598393201828003
STL-10,test,116,6304,grayscale,vit_b_16_linear_head,1,bird,1,bird,1,bird,True,True,0.9523504972457886
STL-10,test,131,6304,grayscale,vit_b_16_linear_head,9,truck,9,truck,9,truck,True,True,0.9500815272331238
STL-10,test,151,6304,grayscale,vit_b_16_linear_head,8,ship,8,ship,8,ship,True,True,0.9950384497642517
STL-10,test,171,6304,grayscale,vit_b_16_linear_head,4,deer,4,deer,4,deer,True,True,0.9889182448387146
STL-10,test,176,6304,grayscale,vit_b_16_linear_head,3,cat,3,cat,3,cat,True,True,0.9835062623023987
STL-10,test,191,6304,grayscale,vit_b_16_linear_head,9,truck,9,truck,9,truck,True,True,0.9542650580406189
STL-10,test,194,6304,grayscale,vit_b_16_linear_head,8,ship,8,ship,8,ship,True,True,0.9988765120506287
STL-10,test,198,6304,grayscale,vit_b_16_linear_head,1,bird,1,bird,1,bird,True,True,0.9558156728744507
STL-10,test,239,6304,grayscale,vit_b_16_linear_head,9,truck,9,truck,9,truck,True,True,0.9983008503913879
STL-10,test,261,6304,grayscale,vit_b_16_linear_head,1,bird,5,dog,1,bird,True,False,0.3693349063396454
STL-10,test,269,6304,grayscale,vit_b_16_linear_head,7,monkey,7,monkey,7,monkey,True,True,0.964926540851593
STL-10,test,276,6304,grayscale,vit_b_16_linear_head,9,truck,9,truck,9,truck,True,True,0.9726809859275818
STL-10,test,303,6304,grayscale,vit_b_16_linear_head,9,truck,9,truck,9,truck,True,True,0.9821549654006958
STL-10,test,304,6304,grayscale,vit_b_16_linear_head,1,bird,1,bird,1,bird,True,True,0.37051910161972046
STL-10,test,317,6304,grayscale,vit_b_16_linear_head,2,car,2,car,2,car,True,True,0.9911699295043945
STL-10,test,319,6304,grayscale,vit_b_16_linear_head,5,dog,5,dog,5,dog,True,True,0.810509443283081
STL-10,test,323,6304,grayscale,vit_b_16_linear_head,7,monkey,7,monkey,7,monkey,True,True,0.99764484167099
STL-10,test,365,6304,grayscale,vit_b_16_linear_head,3,cat,3,cat,3,cat,True,True,0.9844314455986023
STL-10,test,370,6304,grayscale,vit_b_16_linear_head,7,monkey,7,monkey,7,monkey,True,True,0.9982897639274597
STL-10,test,372,6304,grayscale,vit_b_16_linear_head,3,cat,3,cat,3,cat,True,True,0.8936065435409546
STL-10,test,378,6304,grayscale,vit_b_16_linear_head,5,dog,5,dog,5,dog,True,True,0.9075700044631958
STL-10,test,391,6304,grayscale,vit_b_16_linear_head,3,cat,3,cat,3,cat,True,True,0.9981131553649902
STL-10,test,409,6304,grayscale,vit_b_16_linear_head,2,car,2,car,2,car,True,True,0.9980182647705078
STL-10,test,419,6304,grayscale,vit_b_16_linear_head,9,truck,9,truck,9,truck,True,True,0.9786838889122009
STL-10,test,449,6304,grayscale,vit_b_16_linear_head,6,horse,6,horse,6,horse,True,True,0.9969757795333862
STL-10,test,470,6304,grayscale,vit_b_16_linear_head,2,car,2,car,2,car,True,True,0.9961419701576233
STL-10,test,483,6304,grayscale,vit_b_16_linear_head,2,car,2,car,2,car,True,True,0.8811128735542297
STL-10,test,484,6304,grayscale,vit_b_16_linear_head,0,airplane,0,airplane,0,airplane,True,True,0.9899800419807434
STL-10,test,506,6304,grayscale,vit_b_16_linear_head,4,deer,4,deer,4,deer,True,True,0.9909883141517639
STL-10,test,545,6304,grayscale,vit_b_16_linear_head,6,horse,6,horse,6,horse,True,True,0.7920703291893005
STL-10,test,562,6304,grayscale,vit_b_16_linear_head,0,airplane,0,airplane,0,airplane,True,True,0.9922067523002625
STL-10,test,568,6304,grayscale,vit_b_16_linear_head,5,dog,5,dog,5,dog,True,True,0.9239148497581482
STL-10,test,603,6304,grayscale,vit_b_16_linear_head,9,truck,9,truck,9,truck,True,True,0.9921053647994995
STL-10,test,632,6304,grayscale,vit_b_16_linear_head,3,cat,3,cat,3,cat,True,True,0.9972659349441528
STL-10,test,645,6304,grayscale,vit_b_16_linear_head,5,dog,5,dog,5,dog,True,True,0.9624680876731873
STL-10,test,667,6304,grayscale,vit_b_16_linear_head,8,ship,8,ship,8,ship,True,True,0.996891438961029
STL-10,test,672,6304,grayscale,vit_b_16_linear_head,3,cat,3,cat,3,cat,True,True,0.998867392539978
STL-10,test,677,6304,grayscale,vit_b_16_linear_head,3,cat,3,cat,3,cat,True,True,0.976852536201477
STL-10,test,685,6304,grayscale,vit_b_16_linear_head,5,dog,5,dog,5,dog,True,True,0.9555090665817261
STL-10,test,691,6304,grayscale,vit_b_16_linear_head,4,deer,4,deer,4,deer,True,True,0.9976650476455688
STL-10,test,706,6304,grayscale,vit_b_16_linear_head,8,ship,8,ship,8,ship,True,True,0.990797758102417
STL-10,test,714,6304,grayscale,vit_b_16_linear_head,2,car,2,car,2,car,True,True,0.4800029397010803
STL-10,test,716,6304,grayscale,vit_b_16_linear_head,8,ship,8,ship,8,ship,True,True,0.9472546577453613
STL-10,test,738,6304,grayscale,vit_b_16_linear_head,3,cat,3,cat,3,cat,True,True,0.6142816543579102
STL-10,test,739,6304,grayscale,vit_b_16_linear_head,8,ship,8,ship,8,ship,True,True,0.9986911416053772
STL-10,test,766,6304,grayscale,vit_b_16_linear_head,4,deer,6,horse,6,horse,False,True,0.9246281981468201
STL-10,test,791,6304,grayscale,vit_b_16_linear_head,3,cat,3,cat,3,cat,True,True,0.9935623407363892
STL-10,test,805,6304,grayscale,vit_b_16_linear_head,9,truck,9,truck,9,truck,True,True,0.9883019328117371
STL-10,test,825,6304,grayscale,vit_b_16_linear_head,1,bird,1,bird,1,bird,True,True,0.9469871520996094
STL-10,test,852,6304,grayscale,vit_b_16_linear_head,9,truck,9,truck,9,truck,True,True,0.9965527057647705
STL-10,test,855,6304,grayscale,vit_b_16_linear_head,4,deer,4,deer,4,deer,True,True,0.9924202561378479
STL-10,test,873,6304,grayscale,vit_b_16_linear_head,6,horse,6,horse,6,horse,True,True,0.9758811593055725
STL-10,test,890,6304,grayscale,vit_b_16_linear_head,6,horse,6,horse,6,horse,True,True,0.8830053210258484
STL-10,test,920,6304,grayscale,vit_b_16_linear_head,6,horse,6,horse,6,horse,True,True,0.9848374724388123
STL-10,test,929,6304,grayscale,vit_b_16_linear_head,6,horse,6,horse,6,horse,True,True,0.553050696849823
STL-10,test,962,6304,grayscale,vit_b_16_linear_head,8,ship,8,ship,8,ship,True,True,0.994350016117096
STL-10,test,964,6304,grayscale,vit_b_16_linear_head,6,horse,6,horse,6,horse,True,True,0.9671295285224915
STL-10,test,977,6304,grayscale,vit_b_16_linear_head,6,horse,6,horse,6,horse,True,True,0.9921466708183289
STL-10,test,979,6304,grayscale,vit_b_16_linear_head,3,cat,3,cat,3,cat,True,True,0.9514305591583252
STL-10,test,981,6304,grayscale,vit_b_16_linear_head,2,car,2,car,2,car,True,True,0.9928066730499268
STL-10,test,1022,6304,grayscale,vit_b_16_linear_head,9,truck,9,truck,2,car,False,False,0.39769425988197327
STL-10,test,1032,6304,grayscale,vit_b_16_linear_head,7,monkey,7,monkey,7,monkey,True,True,0.9774904251098633
STL-10,test,1048,6304,grayscale,vit_b_16_linear_head,7,monkey,7,monkey,7,monkey,True,True,0.9692171216011047
STL-10,test,1090,6304,grayscale,vit_b_16_linear_head,1,bird,1,bird,1,bird,True,True,0.8965787887573242
STL-10,test,1095,6304,grayscale,vit_b_16_linear_head,5,dog,5,dog,5,dog,True,True,0.870537281036377
STL-10,test,1109,6304,grayscale,vit_b_16_linear_head,1,bird,1,bird,1,bird,True,True,0.5340021252632141
STL-10,test,1111,6304,grayscale,vit_b_16_linear_head,4,deer,4,deer,4,deer,True,True,0.9573569893836975
STL-10,test,1115,6304,grayscale,vit_b_16_linear_head,1,bird,1,bird,1,bird,True,True,0.3002502918243408
STL-10,test,1124,6304,grayscale,vit_b_16_linear_head,4,deer,4,deer,4,deer,True,True,0.9923905730247498
STL-10,test,1129,6304,grayscale,vit_b_16_linear_head,8,ship,8,ship,8,ship,True,True,0.9059218168258667
STL-10,test,1175,6304,grayscale,vit_b_16_linear_head,0,airplane,0,airplane,0,airplane,True,True,0.9910693168640137
STL-10,test,1202,6304,grayscale,vit_b_16_linear_head,2,car,2,car,2,car,True,True,0.984831690788269
STL-10,test,1204,6304,grayscale,vit_b_16_linear_head,3,cat,3,cat,3,cat,True,True,0.9958100318908691
STL-10,test,1211,6304,grayscale,vit_b_16_linear_head,4,deer,4,deer,4,deer,True,True,0.9880092740058899
STL-10,test,1220,6304,grayscale,vit_b_16_linear_head,7,monkey,7,monkey,7,monkey,True,True,0.9966932535171509
STL-10,test,1230,6304,grayscale,vit_b_16_linear_head,1,bird,1,bird,7,monkey,False,False,0.769595205783844
STL-10,test,1247,6304,grayscale,vit_b_16_linear_head,8,ship,8,ship,8,ship,True,True,0.9840782880783081
STL-10,test,1263,6304,grayscale,vit_b_16_linear_head,3,cat,3,cat,3,cat,True,True,0.9953290224075317
STL-10,test,1266,6304,grayscale,vit_b_16_linear_head,4,deer,4,deer,4,deer,True,True,0.9901008605957031
STL-10,test,1287,6304,grayscale,vit_b_16_linear_head,7,monkey,7,monkey,7,monkey,True,True,0.990352213382721
STL-10,test,1296,6304,grayscale,vit_b_16_linear_head,7,monkey,7,monkey,7,monkey,True,True,0.9907512068748474
STL-10,test,1370,6304,grayscale,vit_b_16_linear_head,3,cat,3,cat,3,cat,True,True,0.9985198378562927
STL-10,test,1389,6304,grayscale,vit_b_16_linear_head,0,airplane,0,airplane,0,airplane,True,True,0.9914959669113159
STL-10,test,1401,6304,grayscale,vit_b_16_linear_head,3,cat,3,cat,3,cat,True,True,0.9989957213401794
STL-10,test,1403,6304,grayscale,vit_b_16_linear_head,2,car,2,car,2,car,True,True,0.9956242442131042
STL-10,test,1411,6304,grayscale,vit_b_16_linear_head,9,truck,9,truck,9,truck,True,True,0.9652687311172485
STL-10,test,1429,6304,grayscale,vit_b_16_linear_head,4,deer,4,deer,4,deer,True,True,0.9917026162147522
STL-10,test,1430,6304,grayscale,vit_b_16_linear_head,9,truck,9,truck,9,truck,True,True,0.9657365679740906
STL-10,test,1431,6304,grayscale,vit_b_16_linear_head,3,cat,3,cat,3,cat,True,True,0.7057614326477051
STL-10,test,1436,6304,grayscale,vit_b_16_linear_head,1,bird,1,bird,1,bird,True,True,0.9993178844451904
STL-10,test,1440,6304,grayscale,vit_b_16_linear_head,7,monkey,7,monkey,7,monkey,True,True,0.9980998635292053
STL-10,test,1468,6304,grayscale,vit_b_16_linear_head,9,truck,9,truck,9,truck,True,True,0.9573554396629333
STL-10,test,1473,6304,grayscale,vit_b_16_linear_head,7,monkey,7,monkey,7,monkey,True,True,0.956802248954773
STL-10,test,1515,6304,grayscale,vit_b_16_linear_head,9,truck,9,truck,9,truck,True,True,0.9976230263710022
STL-10,test,1520,6304,grayscale,vit_b_16_linear_head,2,car,2,car,2,car,True,True,0.9490283727645874
STL-10,test,1531,6304,grayscale,vit_b_16_linear_head,3,cat,3,cat,3,cat,True,True,0.8962512612342834
STL-10,test,1534,6304,grayscale,vit_b_16_linear_head,6,horse,6,horse,6,horse,True,True,0.9846307635307312
STL-10,test,1552,6304,grayscale,vit_b_16_linear_head,5,dog,5,dog,5,dog,True,True,0.9850297570228577
STL-10,test,1553,6304,grayscale,vit_b_16_linear_head,0,airplane,0,airplane,0,airplane,True,True,0.9916980266571045
STL-10,test,1563,6304,grayscale,vit_b_16_linear_head,3,cat,3,cat,3,cat,True,True,0.8715102672576904
STL-10,test,1568,6304,grayscale,vit_b_16_linear_head,1,bird,1,bird,1,bird,True,True,0.9625570774078369
STL-10,test,1579,6304,grayscale,vit_b_16_linear_head,7,monkey,7,monkey,7,monkey,True,True,0.9967511892318726
STL-10,test,1586,6304,grayscale,vit_b_16_linear_head,2,car,2,car,2,car,True,True,0.9967250227928162
STL-10,test,1596,6304,grayscale,vit_b_16_linear_head,0,airplane,0,airplane,0,airplane,True,True,0.9956567287445068
STL-10,test,1626,6304,grayscale,vit_b_16_linear_head,5,dog,5,dog,5,dog,True,True,0.9222411513328552
STL-10,test,1640,6304,grayscale,vit_b_16_linear_head,8,ship,8,ship,8,ship,True,True,0.9687700271606445
STL-10,test,1644,6304,grayscale,vit_b_16_linear_head,5,dog,5,dog,5,dog,True,True,0.9538445472717285
STL-10,test,1648,6304,grayscale,vit_b_16_linear_head,0,airplane,0,airplane,0,airplane,True,True,0.9772437810897827
STL-10,test,1654,6304,grayscale,vit_b_16_linear_head,9,truck,9,truck,9,truck,True,True,0.9962060451507568
STL-10,test,1667,6304,grayscale,vit_b_16_linear_head,6,horse,6,horse,6,horse,True,True,0.9674369692802429
STL-10,test,1703,6304,grayscale,vit_b_16_linear_head,7,monkey,7,monkey,7,monkey,True,True,0.9728987216949463
STL-10,test,1711,6304,grayscale,vit_b_16_linear_head,7,monkey,7,monkey,7,monkey,True,True,0.9903745651245117
STL-10,test,1771,6304,grayscale,vit_b_16_linear_head,7,monkey,7,monkey,5,dog,False,False,0.5875975489616394
STL-10,test,1783,6304,grayscale,vit_b_16_linear_head,8,ship,8,ship,8,ship,True,True,0.9923147559165955
STL-10,test,1814,6304,grayscale,vit_b_16_linear_head,2,car,2,car,2,car,True,True,0.97065269947052
STL-10,test,1833,6304,grayscale,vit_b_16_linear_head,8,ship,8,ship,8,ship,True,True,0.9682281613349915
STL-10,test,1836,6304,grayscale,vit_b_16_linear_head,9,truck,9,truck,9,truck,True,True,0.9582877159118652
STL-10,test,1839,6304,grayscale,vit_b_16_linear_head,2,car,2,car,2,car,True,True,0.9785112738609314
STL-10,test,1852,6304,grayscale,vit_b_16_linear_head,1,bird,1,bird,1,bird,True,True,0.9945763349533081
STL-10,test,1871,6304,grayscale,vit_b_16_linear_head,1,bird,1,bird,1,bird,True,True,0.8323735594749451
STL-10,test,1877,6304,grayscale,vit_b_16_linear_head,5,dog,5,dog,4,deer,False,False,0.7828677296638489
STL-10,test,1884,6304,grayscale,vit_b_16_linear_head,7,monkey,7,monkey,7,monkey,True,True,0.9805694818496704
STL-10,test,1927,6304,grayscale,vit_b_16_linear_head,7,monkey,7,monkey,7,monkey,True,True,0.9963070154190063
STL-10,test,1954,6304,grayscale,vit_b_16_linear_head,8,ship,8,ship,8,ship,True,True,0.951447069644928
STL-10,test,1956,6304,grayscale,vit_b_16_linear_head,7,monkey,7,monkey,7,monkey,True,True,0.686573326587677
STL-10,test,1960,6304,grayscale,vit_b_16_linear_head,4,deer,5,dog,4,deer,True,False,0.9358770847320557
STL-10,test,1977,6304,grayscale,vit_b_16_linear_head,0,airplane,0,airplane,0,airplane,True,True,0.9732683897018433
STL-10,test,1986,6304,grayscale,vit_b_16_linear_head,1,bird,1,bird,1,bird,True,True,0.955829381942749
STL-10,test,1993,6304,grayscale,vit_b_16_linear_head,1,bird,1,bird,1,bird,True,True,0.9679238796234131
STL-10,test,2003,6304,grayscale,vit_b_16_linear_head,6,horse,6,horse,6,horse,True,True,0.9750197529792786
STL-10,test,2011,6304,grayscale,vit_b_16_linear_head,9,truck,9,truck,9,truck,True,True,0.9081147313117981
STL-10,test,2024,6304,grayscale,vit_b_16_linear_head,0,airplane,0,airplane,0,airplane,True,True,0.9669344425201416
STL-10,test,2028,6304,grayscale,vit_b_16_linear_head,3,cat,3,cat,3,cat,True,True,0.9758803844451904
STL-10,test,2062,6304,grayscale,vit_b_16_linear_head,9,truck,9,truck,9,truck,True,True,0.9945996999740601
STL-10,test,2070,6304,grayscale,vit_b_16_linear_head,1,bird,1,bird,1,bird,True,True,0.7078312635421753
STL-10,test,2082,6304,grayscale,vit_b_16_linear_head,2,car,2,car,2,car,True,True,0.9668331742286682
STL-10,test,2095,6304,grayscale,vit_b_16_linear_head,1,bird,1,bird,1,bird,True,True,0.8813357353210449
STL-10,test,2109,6304,grayscale,vit_b_16_linear_head,8,ship,8,ship,8,ship,True,True,0.9871413707733154
STL-10,test,2114,6304,grayscale,vit_b_16_linear_head,9,truck,9,truck,9,truck,True,True,0.9151642918586731
STL-10,test,2116,6304,grayscale,vit_b_16_linear_head,1,bird,3,cat,3,cat,False,True,0.9387613534927368
STL-10,test,2157,6304,grayscale,vit_b_16_linear_head,1,bird,1,bird,1,bird,True,True,0.9669377207756042
STL-10,test,2167,6304,grayscale,vit_b_16_linear_head,9,truck,9,truck,9,truck,True,True,0.9393400549888611
STL-10,test,2178,6304,grayscale,vit_b_16_linear_head,1,bird,1,bird,1,bird,True,True,0.9649885892868042
STL-10,test,2191,6304,grayscale,vit_b_16_linear_head,8,ship,8,ship,8,ship,True,True,0.81107097864151
STL-10,test,2230,6304,grayscale,vit_b_16_linear_head,8,ship,8,ship,8,ship,True,True,0.5167041420936584
STL-10,test,2242,6304,grayscale,vit_b_16_linear_head,0,airplane,0,airplane,0,airplane,True,True,0.9705735445022583
STL-10,test,2265,6304,grayscale,vit_b_16_linear_head,5,dog,5,dog,5,dog,True,True,0.9861130118370056
STL-10,test,2268,6304,grayscale,vit_b_16_linear_head,5,dog,5,dog,5,dog,True,True,0.883184552192688
STL-10,test,2291,6304,grayscale,vit_b_16_linear_head,3,cat,3,cat,3,cat,True,True,0.798865795135498
STL-10,test,2334,6304,grayscale,vit_b_16_linear_head,5,dog,5,dog,5,dog,True,True,0.9849742650985718
STL-10,test,2340,6304,grayscale,vit_b_16_linear_head,8,ship,8,ship,8,ship,True,True,0.99676114320755
STL-10,test,2342,6304,grayscale,vit_b_16_linear_head,8,ship,8,ship,8,ship,True,True,0.9310086965560913
STL-10,test,2351,6304,grayscale,vit_b_16_linear_head,9,truck,9,truck,9,truck,True,True,0.9831728935241699
STL-10,test,2391,6304,grayscale,vit_b_16_linear_head,5,dog,5,dog,4,deer,False,False,0.40785256028175354
STL-10,test,2392,6304,grayscale,vit_b_16_linear_head,2,car,2,car,2,car,True,True,0.9954400062561035
STL-10,test,2399,6304,grayscale,vit_b_16_linear_head,4,deer,4,deer,4,deer,True,True,0.9498124718666077
STL-10,test,2414,6304,grayscale,vit_b_16_linear_head,9,truck,9,truck,9,truck,True,True,0.662462055683136
STL-10,test,2427,6304,grayscale,vit_b_16_linear_head,5,dog,5,dog,5,dog,True,True,0.9220728278160095
STL-10,test,2458,6304,grayscale,vit_b_16_linear_head,5,dog,5,dog,5,dog,True,True,0.9919300675392151
STL-10,test,2501,6304,grayscale,vit_b_16_linear_head,7,monkey,7,monkey,7,monkey,True,True,0.9617243409156799
STL-10,test,2502,6304,grayscale,vit_b_16_linear_head,2,car,2,car,2,car,True,True,0.9890432357788086
STL-10,test,2536,6304,grayscale,vit_b_16_linear_head,3,cat,3,cat,3,cat,True,True,0.9985436201095581
STL-10,test,2539,6304,grayscale,vit_b_16_linear_head,3,cat,3,cat,3,cat,True,True,0.9593715071678162
STL-10,test,2610,6304,grayscale,vit_b_16_linear_head,6,horse,6,horse,6,horse,True,True,0.6131691932678223
STL-10,test,2623,6304,grayscale,vit_b_16_linear_head,5,dog,5,dog,4,deer,False,False,0.4646242558956146
STL-10,test,2655,6304,grayscale,vit_b_16_linear_head,9,truck,9,truck,9,truck,True,True,0.9828495383262634
STL-10,test,2668,6304,grayscale,vit_b_16_linear_head,7,monkey,7,monkey,7,monkey,True,True,0.9965259432792664
STL-10,test,2676,6304,grayscale,vit_b_16_linear_head,6,horse,6,horse,6,horse,True,True,0.2357776015996933
STL-10,test,2687,6304,grayscale,vit_b_16_linear_head,1,bird,1,bird,1,bird,True,True,0.9994397759437561
STL-10,test,2690,6304,grayscale,vit_b_16_linear_head,1,bird,1,bird,1,bird,True,True,0.9814894795417786
STL-10,test,2704,6304,grayscale,vit_b_16_linear_head,4,deer,4,deer,4,deer,True,True,0.9727340936660767
STL-10,test,2745,6304,grayscale,vit_b_16_linear_head,8,ship,8,ship,8,ship,True,True,0.9990009665489197
STL-10,test,2746,6304,grayscale,vit_b_16_linear_head,7,monkey,7,monkey,7,monkey,True,True,0.9972796440124512
STL-10,test,2750,6304,grayscale,vit_b_16_linear_head,0,airplane,0,airplane,0,airplane,True,True,0.6501534581184387
STL-10,test,2754,6304,grayscale,vit_b_16_linear_head,3,cat,3,cat,3,cat,True,True,0.9900571703910828
STL-10,test,2757,6304,grayscale,vit_b_16_linear_head,4,deer,4,deer,4,deer,True,True,0.9659036993980408
STL-10,test,2766,6304,grayscale,vit_b_16_linear_head,5,dog,5,dog,5,dog,True,True,0.9135792255401611
STL-10,test,2807,6304,grayscale,vit_b_16_linear_head,5,dog,5,dog,7,monkey,False,False,0.7363557815551758
STL-10,test,2844,6304,grayscale,vit_b_16_linear_head,8,ship,8,ship,8,ship,True,True,0.9935303330421448
STL-10,test,2854,6304,grayscale,vit_b_16_linear_head,7,monkey,7,monkey,7,monkey,True,True,0.9088655114173889
STL-10,test,2861,6304,grayscale,vit_b_16_linear_head,3,cat,3,cat,3,cat,True,True,0.9857926964759827
STL-10,test,2888,6304,grayscale,vit_b_16_linear_head,0,airplane,0,airplane,0,airplane,True,True,0.9804643392562866
STL-10,test,2898,6304,grayscale,vit_b_16_linear_head,4,deer,4,deer,4,deer,True,True,0.9950788021087646
STL-10,test,2950,6304,grayscale,vit_b_16_linear_head,5,dog,5,dog,5,dog,True,True,0.9671355485916138
STL-10,test,2958,6304,grayscale,vit_b_16_linear_head,6,horse,6,horse,6,horse,True,True,0.9986407160758972
STL-10,test,3015,6304,grayscale,vit_b_16_linear_head,8,ship,8,ship,8,ship,True,True,0.997718095779419
STL-10,test,3024,6304,grayscale,vit_b_16_linear_head,2,car,2,car,2,car,True,True,0.9963422417640686
STL-10,test,3025,6304,grayscale,vit_b_16_linear_head,0,airplane,0,airplane,0,airplane,True,True,0.9927171468734741
STL-10,test,3034,6304,grayscale,vit_b_16_linear_head,4,deer,4,deer,4,deer,True,True,0.9949489831924438
STL-10,test,3067,6304,grayscale,vit_b_16_linear_head,2,car,2,car,2,car,True,True,0.9979382157325745
STL-10,test,3078,6304,grayscale,vit_b_16_linear_head,4,deer,4,deer,4,deer,True,True,0.9556826949119568
STL-10,test,3079,6304,grayscale,vit_b_16_linear_head,1,bird,1,bird,1,bird,True,True,0.9989063739776611
STL-10,test,3083,6304,grayscale,vit_b_16_linear_head,0,airplane,0,airplane,0,airplane,True,True,0.9864736795425415
STL-10,test,3122,6304,grayscale,vit_b_16_linear_head,4,deer,4,deer,4,deer,True,True,0.9724547863006592
STL-10,test,3153,6304,grayscale,vit_b_16_linear_head,7,monkey,7,monkey,7,monkey,True,True,0.9906885623931885
STL-10,test,3157,6304,grayscale,vit_b_16_linear_head,8,ship,8,ship,8,ship,True,True,0.8157734870910645
STL-10,test,3163,6304,grayscale,vit_b_16_linear_head,2,car,2,car,2,car,True,True,0.9989192485809326
STL-10,test,3179,6304,grayscale,vit_b_16_linear_head,4,deer,4,deer,4,deer,True,True,0.9717455506324768
STL-10,test,3191,6304,grayscale,vit_b_16_linear_head,6,horse,6,horse,6,horse,True,True,0.8620366454124451
STL-10,test,3276,6304,grayscale,vit_b_16_linear_head,3,cat,3,cat,3,cat,True,True,0.7020606994628906
STL-10,test,3287,6304,grayscale,vit_b_16_linear_head,4,deer,4,deer,4,deer,True,True,0.9896588921546936
STL-10,test,3288,6304,grayscale,vit_b_16_linear_head,7,monkey,7,monkey,7,monkey,True,True,0.9938016533851624
STL-10,test,3292,6304,grayscale,vit_b_16_linear_head,6,horse,6,horse,6,horse,True,True,0.5179225206375122
STL-10,test,3318,6304,grayscale,vit_b_16_linear_head,9,truck,9,truck,9,truck,True,True,0.9639738202095032
STL-10,test,3347,6304,grayscale,vit_b_16_linear_head,0,airplane,0,airplane,0,airplane,True,True,0.9975219368934631
STL-10,test,3353,6304,grayscale,vit_b_16_linear_head,5,dog,5,dog,5,dog,True,True,0.4382728338241577
STL-10,test,3362,6304,grayscale,vit_b_16_linear_head,2,car,2,car,2,car,True,True,0.9970179796218872
STL-10,test,3365,6304,grayscale,vit_b_16_linear_head,4,deer,4,deer,4,deer,True,True,0.9676795601844788
STL-10,test,3375,6304,grayscale,vit_b_16_linear_head,3,cat,3,cat,3,cat,True,True,0.7952587604522705
STL-10,test,3383,6304,grayscale,vit_b_16_linear_head,3,cat,3,cat,3,cat,True,True,0.9928678274154663
STL-10,test,3404,6304,grayscale,vit_b_16_linear_head,7,monkey,7,monkey,7,monkey,True,True,0.9910962581634521
STL-10,test,3412,6304,grayscale,vit_b_16_linear_head,8,ship,8,ship,8,ship,True,True,0.9122501611709595
STL-10,test,3413,6304,grayscale,vit_b_16_linear_head,1,bird,1,bird,1,bird,True,True,0.9984075427055359
STL-10,test,3418,6304,grayscale,vit_b_16_linear_head,6,horse,6,horse,6,horse,True,True,0.994426965713501
STL-10,test,3437,6304,grayscale,vit_b_16_linear_head,0,airplane,0,airplane,0,airplane,True,True,0.8099071979522705
STL-10,test,3446,6304,grayscale,vit_b_16_linear_head,7,monkey,7,monkey,7,monkey,True,True,0.9811881184577942
STL-10,test,3454,6304,grayscale,vit_b_16_linear_head,2,car,2,car,2,car,True,True,0.9948228597640991
STL-10,test,3455,6304,grayscale,vit_b_16_linear_head,0,airplane,0,airplane,0,airplane,True,True,0.9892519116401672
STL-10,test,3458,6304,grayscale,vit_b_16_linear_head,4,deer,4,deer,4,deer,True,True,0.989944577217102
STL-10,test,3467,6304,grayscale,vit_b_16_linear_head,7,monkey,7,monkey,7,monkey,True,True,0.222057044506073
STL-10,test,3491,6304,grayscale,vit_b_16_linear_head,1,bird,1,bird,1,bird,True,True,0.9760214686393738
STL-10,test,3494,6304,grayscale,vit_b_16_linear_head,6,horse,6,horse,6,horse,True,True,0.9987112283706665
STL-10,test,3512,6304,grayscale,vit_b_16_linear_head,4,deer,4,deer,4,deer,True,True,0.991617739200592
STL-10,test,3515,6304,grayscale,vit_b_16_linear_head,6,horse,4,deer,6,horse,True,False,0.6272140145301819
STL-10,test,3542,6304,grayscale,vit_b_16_linear_head,7,monkey,7,monkey,7,monkey,True,True,0.9969498515129089
STL-10,test,3550,6304,grayscale,vit_b_16_linear_head,1,bird,1,bird,1,bird,True,True,0.9156313538551331
STL-10,test,3562,6304,grayscale,vit_b_16_linear_head,3,cat,3,cat,3,cat,True,True,0.7965685129165649
STL-10,test,3755,6304,grayscale,vit_b_16_linear_head,2,car,2,car,2,car,True,True,0.9970531463623047
STL-10,test,3763,6304,grayscale,vit_b_16_linear_head,4,deer,4,deer,4,deer,True,True,0.9870439171791077
STL-10,test,3777,6304,grayscale,vit_b_16_linear_head,6,horse,6,horse,6,horse,True,True,0.9252604246139526
STL-10,test,3778,6304,grayscale,vit_b_16_linear_head,3,cat,3,cat,3,cat,True,True,0.5726123452186584
STL-10,test,3779,6304,grayscale,vit_b_16_linear_head,6,horse,6,horse,6,horse,True,True,0.9906718730926514
STL-10,test,3844,6304,grayscale,vit_b_16_linear_head,6,horse,6,horse,6,horse,True,True,0.9930422306060791
STL-10,test,3851,6304,grayscale,vit_b_16_linear_head,3,cat,3,cat,3,cat,True,True,0.8709595799446106
STL-10,test,3852,6304,grayscale,vit_b_16_linear_head,5,dog,5,dog,5,dog,True,True,0.6673948168754578
STL-10,test,3863,6304,grayscale,vit_b_16_linear_head,5,dog,5,dog,5,dog,True,True,0.846278190612793
STL-10,test,3867,6304,grayscale,vit_b_16_linear_head,7,monkey,7,monkey,7,monkey,True,True,0.9166120290756226
STL-10,test,3876,6304,grayscale,vit_b_16_linear_head,0,airplane,0,airplane,0,airplane,True,True,0.9963065385818481
STL-10,test,3889,6304,grayscale,vit_b_16_linear_head,5,dog,5,dog,5,dog,True,True,0.33375126123428345
STL-10,test,3891,6304,grayscale,vit_b_16_linear_head,4,deer,4,deer,4,deer,True,True,0.899549663066864
STL-10,test,3893,6304,grayscale,vit_b_16_linear_head,9,truck,9,truck,9,truck,True,True,0.9883639812469482
STL-10,test,3905,6304,grayscale,vit_b_16_linear_head,8,ship,8,ship,8,ship,True,True,0.9879534244537354
STL-10,test,3914,6304,grayscale,vit_b_16_linear_head,3,cat,3,cat,3,cat,True,True,0.996403694152832
STL-10,test,3937,6304,grayscale,vit_b_16_linear_head,1,bird,1,bird,1,bird,True,True,0.9810065031051636
STL-10,test,3942,6304,grayscale,vit_b_16_linear_head,9,truck,9,truck,9,truck,True,True,0.9941169023513794
STL-10,test,3948,6304,grayscale,vit_b_16_linear_head,8,ship,8,ship,8,ship,True,True,0.9453208446502686
STL-10,test,3962,6304,grayscale,vit_b_16_linear_head,6,horse,6,horse,6,horse,True,True,0.9944966435432434
STL-10,test,3965,6304,grayscale,vit_b_16_linear_head,0,airplane,0,airplane,0,airplane,True,True,0.9769416451454163
STL-10,test,3994,6304,grayscale,vit_b_16_linear_head,4,deer,4,deer,4,deer,True,True,0.9916489124298096
STL-10,test,3996,6304,grayscale,vit_b_16_linear_head,9,truck,9,truck,9,truck,True,True,0.7862210869789124
STL-10,test,4011,6304,grayscale,vit_b_16_linear_head,6,horse,6,horse,6,horse,True,True,0.9980338215827942
STL-10,test,4023,6304,grayscale,vit_b_16_linear_head,3,cat,3,cat,3,cat,True,True,0.6501424908638
STL-10,test,4054,6304,grayscale,vit_b_16_linear_head,4,deer,4,deer,4,deer,True,True,0.9683318138122559
STL-10,test,4065,6304,grayscale,vit_b_16_linear_head,2,car,2,car,2,car,True,True,0.9047045707702637
STL-10,test,4069,6304,grayscale,vit_b_16_linear_head,8,ship,8,ship,8,ship,True,True,0.6525164842605591
STL-10,test,4093,6304,grayscale,vit_b_16_linear_head,6,horse,6,horse,6,horse,True,True,0.9221321940422058
STL-10,test,4094,6304,grayscale,vit_b_16_linear_head,9,truck,9,truck,9,truck,True,True,0.9902494549751282
STL-10,test,4106,6304,grayscale,vit_b_16_linear_head,5,dog,5,dog,5,dog,True,True,0.7683148980140686
STL-10,test,4130,6304,grayscale,vit_b_16_linear_head,0,airplane,0,airplane,0,airplane,True,True,0.9887275695800781
STL-10,test,4168,6304,grayscale,vit_b_16_linear_head,3,cat,3,cat,3,cat,True,True,0.9978659749031067
STL-10,test,4170,6304,grayscale,vit_b_16_linear_head,8,ship,8,ship,8,ship,True,True,0.9740788340568542
STL-10,test,4172,6304,grayscale,vit_b_16_linear_head,7,monkey,7,monkey,7,monkey,True,True,0.9918853044509888
STL-10,test,4177,6304,grayscale,vit_b_16_linear_head,8,ship,8,ship,8,ship,True,True,0.9707463979721069
STL-10,test,4215,6304,grayscale,vit_b_16_linear_head,3,cat,3,cat,9,truck,False,False,0.18728196620941162
STL-10,test,4229,6304,grayscale,vit_b_16_linear_head,3,cat,3,cat,3,cat,True,True,0.9921076893806458
STL-10,test,4236,6304,grayscale,vit_b_16_linear_head,7,monkey,7,monkey,7,monkey,True,True,0.9994367957115173
STL-10,test,4242,6304,grayscale,vit_b_16_linear_head,8,ship,8,ship,8,ship,True,True,0.9577176570892334
STL-10,test,4254,6304,grayscale,vit_b_16_linear_head,6,horse,6,horse,6,horse,True,True,0.7022079825401306
STL-10,test,4290,6304,grayscale,vit_b_16_linear_head,5,dog,1,bird,4,deer,False,False,0.8462330102920532
STL-10,test,4298,6304,grayscale,vit_b_16_linear_head,1,bird,1,bird,1,bird,True,True,0.9988089799880981
STL-10,test,4308,6304,grayscale,vit_b_16_linear_head,7,monkey,7,monkey,7,monkey,True,True,0.9754658341407776
STL-10,test,4311,6304,grayscale,vit_b_16_linear_head,8,ship,8,ship,8,ship,True,True,0.9951399564743042
STL-10,test,4323,6304,grayscale,vit_b_16_linear_head,3,cat,3,cat,3,cat,True,True,0.9401184320449829
STL-10,test,4330,6304,grayscale,vit_b_16_linear_head,3,cat,3,cat,3,cat,True,True,0.8993370532989502
STL-10,test,4341,6304,grayscale,vit_b_16_linear_head,6,horse,6,horse,6,horse,True,True,0.9153172373771667
STL-10,test,4355,6304,grayscale,vit_b_16_linear_head,8,ship,0,airplane,8,ship,True,False,0.3937084674835205
STL-10,test,4399,6304,grayscale,vit_b_16_linear_head,0,airplane,0,airplane,0,airplane,True,True,0.965905487537384
STL-10,test,4403,6304,grayscale,vit_b_16_linear_head,7,monkey,7,monkey,7,monkey,True,True,0.9981765747070312
STL-10,test,4411,6304,grayscale,vit_b_16_linear_head,6,horse,6,horse,6,horse,True,True,0.9901414513587952
STL-10,test,4449,6304,grayscale,vit_b_16_linear_head,9,truck,9,truck,9,truck,True,True,0.8782968521118164
STL-10,test,4463,6304,grayscale,vit_b_16_linear_head,3,cat,3,cat,3,cat,True,True,0.997364342212677
STL-10,test,4531,6304,grayscale,vit_b_16_linear_head,3,cat,3,cat,3,cat,True,True,0.9685719609260559
STL-10,test,4539,6304,grayscale,vit_b_16_linear_head,0,airplane,0,airplane,0,airplane,True,True,0.9970544576644897
STL-10,test,4547,6304,grayscale,vit_b_16_linear_head,5,dog,5,dog,5,dog,True,True,0.5436744093894958
STL-10,test,4552,6304,grayscale,vit_b_16_linear_head,8,ship,8,ship,9,truck,False,False,0.9165866374969482
STL-10,test,4570,6304,grayscale,vit_b_16_linear_head,5,dog,5,dog,5,dog,True,True,0.9717202186584473
STL-10,test,4590,6304,grayscale,vit_b_16_linear_head,3,cat,3,cat,3,cat,True,True,0.9922560453414917
STL-10,test,4609,6304,grayscale,vit_b_16_linear_head,3,cat,3,cat,3,cat,True,True,0.8892524242401123
STL-10,test,4615,6304,grayscale,vit_b_16_linear_head,0,airplane,0,airplane,0,airplane,True,True,0.992102324962616
STL-10,test,4617,6304,grayscale,vit_b_16_linear_head,0,airplane,0,airplane,0,airplane,True,True,0.9954071044921875
STL-10,test,4620,6304,grayscale,vit_b_16_linear_head,6,horse,6,horse,6,horse,True,True,0.6506389379501343
STL-10,test,4629,6304,grayscale,vit_b_16_linear_head,4,deer,4,deer,4,deer,True,True,0.893898606300354
STL-10,test,4640,6304,grayscale,vit_b_16_linear_head,1,bird,1,bird,7,monkey,False,False,0.7064085602760315
STL-10,test,4642,6304,grayscale,vit_b_16_linear_head,4,deer,4,deer,4,deer,True,True,0.9885463714599609
STL-10,test,4661,6304,grayscale,vit_b_16_linear_head,7,monkey,7,monkey,7,monkey,True,True,0.8385195136070251
STL-10,test,4662,6304,grayscale,vit_b_16_linear_head,8,ship,8,ship,8,ship,True,True,0.9962520003318787
STL-10,test,4675,6304,grayscale,vit_b_16_linear_head,0,airplane,0,airplane,0,airplane,True,True,0.9833794236183167
STL-10,test,4676,6304,grayscale,vit_b_16_linear_head,8,ship,8,ship,8,ship,True,True,0.9984239339828491
STL-10,test,4704,6304,grayscale,vit_b_16_linear_head,7,monkey,7,monkey,7,monkey,True,True,0.9986061453819275
STL-10,test,4723,6304,grayscale,vit_b_16_linear_head,9,truck,9,truck,9,truck,True,True,0.9492688179016113
STL-10,test,4731,6304,grayscale,vit_b_16_linear_head,6,horse,6,horse,6,horse,True,True,0.9915508031845093
STL-10,test,4735,6304,grayscale,vit_b_16_linear_head,2,car,2,car,2,car,True,True,0.9839118123054504
STL-10,test,4740,6304,grayscale,vit_b_16_linear_head,4,deer,4,deer,4,deer,True,True,0.7993288040161133
STL-10,test,4746,6304,grayscale,vit_b_16_linear_head,6,horse,6,horse,6,horse,True,True,0.9979836940765381
STL-10,test,4748,6304,grayscale,vit_b_16_linear_head,7,monkey,7,monkey,7,monkey,True,True,0.9868305325508118
STL-10,test,4754,6304,grayscale,vit_b_16_linear_head,6,horse,6,horse,6,horse,True,True,0.9746367931365967
STL-10,test,4785,6304,grayscale,vit_b_16_linear_head,0,airplane,0,airplane,0,airplane,True,True,0.9359055757522583
STL-10,test,4791,6304,grayscale,vit_b_16_linear_head,7,monkey,7,monkey,7,monkey,True,True,0.9797952175140381
STL-10,test,4819,6304,grayscale,vit_b_16_linear_head,0,airplane,0,airplane,0,airplane,True,True,0.9973512887954712
STL-10,test,4821,6304,grayscale,vit_b_16_linear_head,3,cat,3,cat,3,cat,True,True,0.9881384968757629
STL-10,test,4827,6304,grayscale,vit_b_16_linear_head,6,horse,6,horse,6,horse,True,True,0.9787396192550659
STL-10,test,4850,6304,grayscale,vit_b_16_linear_head,5,dog,5,dog,5,dog,True,True,0.992164134979248
STL-10,test,4881,6304,grayscale,vit_b_16_linear_head,3,cat,3,cat,3,cat,True,True,0.6371731162071228
STL-10,test,4893,6304,grayscale,vit_b_16_linear_head,0,airplane,0,airplane,0,airplane,True,True,0.9908243417739868
STL-10,test,4908,6304,grayscale,vit_b_16_linear_head,3,cat,3,cat,3,cat,True,True,0.9860911965370178
STL-10,test,4913,6304,grayscale,vit_b_16_linear_head,2,car,2,car,2,car,True,True,0.9924988150596619
STL-10,test,4921,6304,grayscale,vit_b_16_linear_head,2,car,2,car,2,car,True,True,0.9976509213447571
STL-10,test,4953,6304,grayscale,vit_b_16_linear_head,5,dog,5,dog,5,dog,True,True,0.6674497127532959
STL-10,test,4966,6304,grayscale,vit_b_16_linear_head,5,dog,5,dog,5,dog,True,True,0.39722418785095215
STL-10,test,4990,6304,grayscale,vit_b_16_linear_head,8,ship,8,ship,8,ship,True,True,0.8907545804977417
STL-10,test,5000,6304,grayscale,vit_b_16_linear_head,8,ship,8,ship,8,ship,True,True,0.9799816012382507
STL-10,test,5030,6304,grayscale,vit_b_16_linear_head,2,car,2,car,2,car,True,True,0.9962204098701477
STL-10,test,5062,6304,grayscale,vit_b_16_linear_head,4,deer,4,deer,4,deer,True,True,0.95340496301651
STL-10,test,5077,6304,grayscale,vit_b_16_linear_head,4,deer,4,deer,4,deer,True,True,0.9017853140830994
STL-10,test,5082,6304,grayscale,vit_b_16_linear_head,6,horse,6,horse,6,horse,True,True,0.9912570714950562
STL-10,test,5092,6304,grayscale,vit_b_16_linear_head,1,bird,1,bird,1,bird,True,True,0.9827861785888672
STL-10,test,5101,6304,grayscale,vit_b_16_linear_head,5,dog,2,car,5,dog,True,False,0.5348387360572815
STL-10,test,5117,6304,grayscale,vit_b_16_linear_head,0,airplane,0,airplane,0,airplane,True,True,0.9953946471214294
STL-10,test,5123,6304,grayscale,vit_b_16_linear_head,1,bird,1,bird,1,bird,True,True,0.8535968661308289
STL-10,test,5135,6304,grayscale,vit_b_16_linear_head,4,deer,4,deer,4,deer,True,True,0.657620906829834
STL-10,test,5183,6304,grayscale,vit_b_16_linear_head,2,car,2,car,2,car,True,True,0.9880090951919556
STL-10,test,5213,6304,grayscale,vit_b_16_linear_head,4,deer,4,deer,4,deer,True,True,0.9829286336898804
STL-10,test,5218,6304,grayscale,vit_b_16_linear_head,2,car,2,car,2,car,True,True,0.9967421889305115
STL-10,test,5220,6304,grayscale,vit_b_16_linear_head,1,bird,1,bird,3,cat,False,False,0.1896979659795761
STL-10,test,5237,6304,grayscale,vit_b_16_linear_head,2,car,2,car,2,car,True,True,0.9573598504066467
STL-10,test,5256,6304,grayscale,vit_b_16_linear_head,1,bird,1,bird,1,bird,True,True,0.9934353828430176
STL-10,test,5284,6304,grayscale,vit_b_16_linear_head,9,truck,9,truck,9,truck,True,True,0.9595257639884949
STL-10,test,5301,6304,grayscale,vit_b_16_linear_head,9,truck,9,truck,9,truck,True,True,0.75571608543396
STL-10,test,5318,6304,grayscale,vit_b_16_linear_head,2,car,2,car,2,car,True,True,0.7674378156661987
STL-10,test,5332,6304,grayscale,vit_b_16_linear_head,5,dog,5,dog,5,dog,True,True,0.7763748168945312
STL-10,test,5333,6304,grayscale,vit_b_16_linear_head,2,car,2,car,2,car,True,True,0.9858883023262024
STL-10,test,5360,6304,grayscale,vit_b_16_linear_head,9,truck,9,truck,9,truck,True,True,0.996407687664032
STL-10,test,5381,6304,grayscale,vit_b_16_linear_head,5,dog,5,dog,5,dog,True,True,0.9862766265869141
STL-10,test,5382,6304,grayscale,vit_b_16_linear_head,6,horse,6,horse,6,horse,True,True,0.9754514098167419
STL-10,test,5395,6304,grayscale,vit_b_16_linear_head,2,car,2,car,2,car,True,True,0.9963667392730713
STL-10,test,5402,6304,grayscale,vit_b_16_linear_head,4,deer,4,deer,4,deer,True,True,0.9496634602546692
STL-10,test,5408,6304,grayscale,vit_b_16_linear_head,6,horse,6,horse,6,horse,True,True,0.9342529773712158
STL-10,test,5436,6304,grayscale,vit_b_16_linear_head,7,monkey,7,monkey,7,monkey,True,True,0.9867197871208191
STL-10,test,5447,6304,grayscale,vit_b_16_linear_head,9,truck,9,truck,9,truck,True,True,0.996954083442688
STL-10,test,5450,6304,grayscale,vit_b_16_linear_head,7,monkey,7,monkey,7,monkey,True,True,0.9919835925102234
STL-10,test,5451,6304,grayscale,vit_b_16_linear_head,8,ship,8,ship,8,ship,True,True,0.9977230429649353
STL-10,test,5452,6304,grayscale,vit_b_16_linear_head,9,truck,9,truck,9,truck,True,True,0.9899381399154663
STL-10,test,5467,6304,grayscale,vit_b_16_linear_head,4,deer,4,deer,4,deer,True,True,0.9503043293952942
STL-10,test,5478,6304,grayscale,vit_b_16_linear_head,0,airplane,0,airplane,0,airplane,True,True,0.7158183455467224
STL-10,test,5488,6304,grayscale,vit_b_16_linear_head,1,bird,1,bird,7,monkey,False,False,0.716806173324585
STL-10,test,5496,6304,grayscale,vit_b_16_linear_head,5,dog,5,dog,5,dog,True,True,0.7848154902458191
STL-10,test,5508,6304,grayscale,vit_b_16_linear_head,9,truck,9,truck,9,truck,True,True,0.987683117389679
STL-10,test,5512,6304,grayscale,vit_b_16_linear_head,2,car,9,truck,9,truck,False,True,0.5138542652130127
STL-10,test,5525,6304,grayscale,vit_b_16_linear_head,8,ship,8,ship,8,ship,True,True,0.9857661724090576
STL-10,test,5528,6304,grayscale,vit_b_16_linear_head,3,cat,3,cat,3,cat,True,True,0.9320297837257385
STL-10,test,5556,6304,grayscale,vit_b_16_linear_head,4,deer,4,deer,4,deer,True,True,0.9446015954017639
STL-10,test,5560,6304,grayscale,vit_b_16_linear_head,1,bird,1,bird,1,bird,True,True,0.919397234916687
STL-10,test,5572,6304,grayscale,vit_b_16_linear_head,9,truck,9,truck,9,truck,True,True,0.9738778471946716
STL-10,test,5580,6304,grayscale,vit_b_16_linear_head,6,horse,5,dog,5,dog,False,True,0.7633018493652344
STL-10,test,5590,6304,grayscale,vit_b_16_linear_head,9,truck,9,truck,9,truck,True,True,0.9848263263702393
STL-10,test,5623,6304,grayscale,vit_b_16_linear_head,4,deer,4,deer,4,deer,True,True,0.9899417757987976
STL-10,test,5677,6304,grayscale,vit_b_16_linear_head,2,car,2,car,2,car,True,True,0.9718467593193054
STL-10,test,5694,6304,grayscale,vit_b_16_linear_head,8,ship,8,ship,8,ship,True,True,0.9627919793128967
STL-10,test,5701,6304,grayscale,vit_b_16_linear_head,5,dog,5,dog,5,dog,True,True,0.8832302093505859
STL-10,test,5705,6304,grayscale,vit_b_16_linear_head,8,ship,8,ship,8,ship,True,True,0.9957797527313232
STL-10,test,5719,6304,grayscale,vit_b_16_linear_head,7,monkey,7,monkey,7,monkey,True,True,0.9686869382858276
STL-10,test,5729,6304,grayscale,vit_b_16_linear_head,6,horse,6,horse,6,horse,True,True,0.9178268313407898
STL-10,test,5756,6304,grayscale,vit_b_16_linear_head,2,car,2,car,2,car,True,True,0.9872042536735535
STL-10,test,5788,6304,grayscale,vit_b_16_linear_head,9,truck,9,truck,9,truck,True,True,0.9987383484840393
STL-10,test,5789,6304,grayscale,vit_b_16_linear_head,4,deer,4,deer,4,deer,True,True,0.9657852649688721
STL-10,test,5824,6304,grayscale,vit_b_16_linear_head,2,car,2,car,2,car,True,True,0.5951389074325562
STL-10,test,5848,6304,grayscale,vit_b_16_linear_head,7,monkey,7,monkey,7,monkey,True,True,0.9962385892868042
STL-10,test,5851,6304,grayscale,vit_b_16_linear_head,9,truck,9,truck,9,truck,True,True,0.9873852729797363
STL-10,test,5857,6304,grayscale,vit_b_16_linear_head,6,horse,4,deer,4,deer,False,True,0.43689343333244324
STL-10,test,5858,6304,grayscale,vit_b_16_linear_head,6,horse,6,horse,6,horse,True,True,0.8778609037399292
STL-10,test,5912,6304,grayscale,vit_b_16_linear_head,0,airplane,0,airplane,0,airplane,True,True,0.9979877471923828
STL-10,test,5915,6304,grayscale,vit_b_16_linear_head,9,truck,9,truck,9,truck,True,True,0.8515622615814209
STL-10,test,5918,6304,grayscale,vit_b_16_linear_head,0,airplane,0,airplane,0,airplane,True,True,0.9978571534156799
STL-10,test,5924,6304,grayscale,vit_b_16_linear_head,5,dog,5,dog,5,dog,True,True,0.9722954034805298
STL-10,test,5977,6304,grayscale,vit_b_16_linear_head,7,monkey,7,monkey,7,monkey,True,True,0.9914677143096924
STL-10,test,5981,6304,grayscale,vit_b_16_linear_head,9,truck,9,truck,9,truck,True,True,0.9516253471374512
STL-10,test,5999,6304,grayscale,vit_b_16_linear_head,0,airplane,0,airplane,0,airplane,True,True,0.9962653517723083
STL-10,test,6028,6304,grayscale,vit_b_16_linear_head,2,car,2,car,2,car,True,True,0.9949064254760742
STL-10,test,6033,6304,grayscale,vit_b_16_linear_head,4,deer,4,deer,4,deer,True,True,0.9752420783042908
STL-10,test,6076,6304,grayscale,vit_b_16_linear_head,1,bird,1,bird,1,bird,True,True,0.9986849427223206
STL-10,test,6084,6304,grayscale,vit_b_16_linear_head,7,monkey,7,monkey,7,monkey,True,True,0.9916839599609375
STL-10,test,6097,6304,grayscale,vit_b_16_linear_head,4,deer,4,deer,4,deer,True,True,0.9598261713981628
STL-10,test,6169,6304,grayscale,vit_b_16_linear_head,1,bird,1,bird,0,airplane,False,False,0.5157333016395569
STL-10,test,6190,6304,grayscale,vit_b_16_linear_head,7,monkey,7,monkey,7,monkey,True,True,0.9961031675338745
STL-10,test,6224,6304,grayscale,vit_b_16_linear_head,5,dog,5,dog,5,dog,True,True,0.7776800990104675
STL-10,test,6244,6304,grayscale,vit_b_16_linear_head,2,car,2,car,2,car,True,True,0.9752352833747864
STL-10,test,6264,6304,grayscale,vit_b_16_linear_head,2,car,2,car,2,car,True,True,0.9990952014923096
STL-10,test,6271,6304,grayscale,vit_b_16_linear_head,2,car,2,car,2,car,True,True,0.9813398718833923
STL-10,test,6288,6304,grayscale,vit_b_16_linear_head,4,deer,4,deer,4,deer,True,True,0.9947379231452942
STL-10,test,6332,6304,grayscale,vit_b_16_linear_head,2,car,2,car,2,car,True,True,0.9880416393280029
STL-10,test,6349,6304,grayscale,vit_b_16_linear_head,1,bird,1,bird,1,bird,True,True,0.9562671780586243
STL-10,test,6354,6304,grayscale,vit_b_16_linear_head,2,car,2,car,2,car,True,True,0.8011816143989563
STL-10,test,6358,6304,grayscale,vit_b_16_linear_head,5,dog,5,dog,5,dog,True,True,0.9537181258201599
STL-10,test,6381,6304,grayscale,vit_b_16_linear_head,6,horse,6,horse,6,horse,True,True,0.9735921025276184
STL-10,test,6414,6304,grayscale,vit_b_16_linear_head,5,dog,5,dog,5,dog,True,True,0.6287375688552856
STL-10,test,6426,6304,grayscale,vit_b_16_linear_head,2,car,2,car,2,car,True,True,0.9967250227928162
STL-10,test,6434,6304,grayscale,vit_b_16_linear_head,8,ship,8,ship,8,ship,True,True,0.9984993934631348
STL-10,test,6437,6304,grayscale,vit_b_16_linear_head,0,airplane,0,airplane,0,airplane,True,True,0.9730821251869202
STL-10,test,6455,6304,grayscale,vit_b_16_linear_head,0,airplane,0,airplane,0,airplane,True,True,0.9859551787376404
STL-10,test,6490,6304,grayscale,vit_b_16_linear_head,3,cat,3,cat,3,cat,True,True,0.8806871771812439
STL-10,test,6503,6304,grayscale,vit_b_16_linear_head,2,car,2,car,2,car,True,True,0.9322408437728882
STL-10,test,6508,6304,grayscale,vit_b_16_linear_head,4,deer,4,deer,4,deer,True,True,0.9886090755462646
STL-10,test,6528,6304,grayscale,vit_b_16_linear_head,4,deer,4,deer,4,deer,True,True,0.9870636463165283
STL-10,test,6594,6304,grayscale,vit_b_16_linear_head,1,bird,1,bird,1,bird,True,True,0.751606285572052
STL-10,test,6609,6304,grayscale,vit_b_16_linear_head,0,airplane,0,airplane,0,airplane,True,True,0.9942063093185425
STL-10,test,6616,6304,grayscale,vit_b_16_linear_head,2,car,2,car,2,car,True,True,0.9902207851409912
STL-10,test,6650,6304,grayscale,vit_b_16_linear_head,7,monkey,7,monkey,7,monkey,True,True,0.841618001461029
STL-10,test,6689,6304,grayscale,vit_b_16_linear_head,8,ship,8,ship,8,ship,True,True,0.7363362312316895
STL-10,test,6692,6304,grayscale,vit_b_16_linear_head,2,car,2,car,2,car,True,True,0.9940253496170044
STL-10,test,6713,6304,grayscale,vit_b_16_linear_head,6,horse,6,horse,6,horse,True,True,0.9091545343399048
STL-10,test,6716,6304,grayscale,vit_b_16_linear_head,5,dog,6,horse,2,car,False,False,0.14281006157398224
STL-10,test,6726,6304,grayscale,vit_b_16_linear_head,7,monkey,7,monkey,7,monkey,True,True,0.9890272617340088
STL-10,test,6733,6304,grayscale,vit_b_16_linear_head,1,bird,1,bird,1,bird,True,True,0.9737564325332642
STL-10,test,6772,6304,grayscale,vit_b_16_linear_head,7,monkey,7,monkey,7,monkey,True,True,0.5785999298095703
STL-10,test,6805,6304,grayscale,vit_b_16_linear_head,1,bird,1,bird,1,bird,True,True,0.40837979316711426
STL-10,test,6836,6304,grayscale,vit_b_16_linear_head,1,bird,1,bird,1,bird,True,True,0.9868541955947876
STL-10,test,6844,6304,grayscale,vit_b_16_linear_head,0,airplane,0,airplane,0,airplane,True,True,0.9914870262145996
STL-10,test,6922,6304,grayscale,vit_b_16_linear_head,5,dog,5,dog,5,dog,True,True,0.9665247201919556
STL-10,test,6931,6304,grayscale,vit_b_16_linear_head,9,truck,9,truck,9,truck,True,True,0.6387670040130615
STL-10,test,6938,6304,grayscale,vit_b_16_linear_head,1,bird,1,bird,1,bird,True,True,0.9910396933555603
STL-10,test,6952,6304,grayscale,vit_b_16_linear_head,3,cat,3,cat,3,cat,True,True,0.991461992263794
STL-10,test,6954,6304,grayscale,vit_b_16_linear_head,1,bird,1,bird,1,bird,True,True,0.4916249215602875
STL-10,test,6986,6304,grayscale,vit_b_16_linear_head,0,airplane,0,airplane,0,airplane,True,True,0.9961143732070923
STL-10,test,6989,6304,grayscale,vit_b_16_linear_head,5,dog,5,dog,5,dog,True,True,0.9101470708847046
STL-10,test,7009,6304,grayscale,vit_b_16_linear_head,0,airplane,0,airplane,0,airplane,True,True,0.9935976266860962
STL-10,test,7029,6304,grayscale,vit_b_16_linear_head,1,bird,1,bird,1,bird,True,True,0.9989521503448486
STL-10,test,7033,6304,grayscale,vit_b_16_linear_head,1,bird,1,bird,1,bird,True,True,0.9966996312141418
STL-10,test,7041,6304,grayscale,vit_b_16_linear_head,5,dog,5,dog,5,dog,True,True,0.8995177745819092
STL-10,test,7047,6304,grayscale,vit_b_16_linear_head,9,truck,9,truck,9,truck,True,True,0.9888838529586792
STL-10,test,7081,6304,grayscale,vit_b_16_linear_head,7,monkey,7,monkey,7,monkey,True,True,0.9355413317680359
STL-10,test,7084,6304,grayscale,vit_b_16_linear_head,2,car,2,car,2,car,True,True,0.9970845580101013
STL-10,test,7108,6304,grayscale,vit_b_16_linear_head,6,horse,6,horse,6,horse,True,True,0.9227825403213501
STL-10,test,7130,6304,grayscale,vit_b_16_linear_head,5,dog,5,dog,5,dog,True,True,0.7541587948799133
STL-10,test,7138,6304,grayscale,vit_b_16_linear_head,8,ship,8,ship,8,ship,True,True,0.8960657119750977
STL-10,test,7150,6304,grayscale,vit_b_16_linear_head,0,airplane,0,airplane,0,airplane,True,True,0.9904938340187073
STL-10,test,7202,6304,grayscale,vit_b_16_linear_head,1,bird,1,bird,1,bird,True,True,0.5041037201881409
STL-10,test,7262,6304,grayscale,vit_b_16_linear_head,0,airplane,0,airplane,0,airplane,True,True,0.9979653358459473
STL-10,test,7266,6304,grayscale,vit_b_16_linear_head,9,truck,9,truck,9,truck,True,True,0.8536003232002258
STL-10,test,7270,6304,grayscale,vit_b_16_linear_head,7,monkey,7,monkey,7,monkey,True,True,0.9530537128448486
STL-10,test,7309,6304,grayscale,vit_b_16_linear_head,0,airplane,0,airplane,0,airplane,True,True,0.9887828230857849
STL-10,test,7320,6304,grayscale,vit_b_16_linear_head,0,airplane,0,airplane,0,airplane,True,True,0.9708105325698853
STL-10,test,7338,6304,grayscale,vit_b_16_linear_head,6,horse,6,horse,6,horse,True,True,0.8943682312965393
STL-10,test,7372,6304,grayscale,vit_b_16_linear_head,0,airplane,0,airplane,0,airplane,True,True,0.9694709181785583
STL-10,test,7373,6304,grayscale,vit_b_16_linear_head,0,airplane,0,airplane,0,airplane,True,True,0.9818861484527588
STL-10,test,7380,6304,grayscale,vit_b_16_linear_head,9,truck,9,truck,9,truck,True,True,0.9871150255203247
STL-10,test,7390,6304,grayscale,vit_b_16_linear_head,1,bird,1,bird,1,bird,True,True,0.7018041014671326
STL-10,test,7413,6304,grayscale,vit_b_16_linear_head,5,dog,5,dog,5,dog,True,True,0.6854957342147827
STL-10,test,7416,6304,grayscale,vit_b_16_linear_head,3,cat,3,cat,3,cat,True,True,0.4953438341617584
STL-10,test,7425,6304,grayscale,vit_b_16_linear_head,2,car,2,car,2,car,True,True,0.9986138343811035
STL-10,test,7446,6304,grayscale,vit_b_16_linear_head,8,ship,8,ship,8,ship,True,True,0.9672523140907288
STL-10,test,7460,6304,grayscale,vit_b_16_linear_head,8,ship,8,ship,8,ship,True,True,0.7606218457221985
STL-10,test,7465,6304,grayscale,vit_b_16_linear_head,0,airplane,0,airplane,0,airplane,True,True,0.9927271604537964
STL-10,test,7474,6304,grayscale,vit_b_16_linear_head,5,dog,5,dog,5,dog,True,True,0.9637181758880615
STL-10,test,7475,6304,grayscale,vit_b_16_linear_head,4,deer,4,deer,4,deer,True,True,0.9373295307159424
STL-10,test,7476,6304,grayscale,vit_b_16_linear_head,8,ship,0,airplane,8,ship,True,False,0.6692043542861938
STL-10,test,7544,6304,grayscale,vit_b_16_linear_head,9,truck,9,truck,9,truck,True,True,0.9142603874206543
STL-10,test,7555,6304,grayscale,vit_b_16_linear_head,6,horse,6,horse,6,horse,True,True,0.9079570770263672
STL-10,test,7600,6304,grayscale,vit_b_16_linear_head,6,horse,6,horse,6,horse,True,True,0.9970535039901733
STL-10,test,7610,6304,grayscale,vit_b_16_linear_head,4,deer,4,deer,4,deer,True,True,0.9921925663948059
STL-10,test,7634,6304,grayscale,vit_b_16_linear_head,0,airplane,0,airplane,0,airplane,True,True,0.9759992361068726
STL-10,test,7692,6304,grayscale,vit_b_16_linear_head,4,deer,4,deer,4,deer,True,True,0.9840437769889832
STL-10,test,7706,6304,grayscale,vit_b_16_linear_head,5,dog,5,dog,5,dog,True,True,0.4067108929157257
STL-10,test,7726,6304,grayscale,vit_b_16_linear_head,6,horse,6,horse,6,horse,True,True,0.8098975419998169
STL-10,test,7744,6304,grayscale,vit_b_16_linear_head,3,cat,3,cat,3,cat,True,True,0.5103121995925903
STL-10,test,7752,6304,grayscale,vit_b_16_linear_head,9,truck,9,truck,9,truck,True,True,0.9805747270584106
STL-10,test,7776,6304,grayscale,vit_b_16_linear_head,5,dog,5,dog,5,dog,True,True,0.9059674143791199
STL-10,test,7779,6304,grayscale,vit_b_16_linear_head,6,horse,6,horse,6,horse,True,True,0.9908550977706909
STL-10,test,7781,6304,grayscale,vit_b_16_linear_head,6,horse,6,horse,6,horse,True,True,0.9928100109100342
STL-10,test,7793,6304,grayscale,vit_b_16_linear_head,3,cat,7,monkey,7,monkey,False,True,0.41983339190483093
STL-10,test,7797,6304,grayscale,vit_b_16_linear_head,3,cat,3,cat,3,cat,True,True,0.9765174388885498
STL-10,test,7810,6304,grayscale,vit_b_16_linear_head,8,ship,8,ship,8,ship,True,True,0.9976810216903687
STL-10,test,7818,6304,grayscale,vit_b_16_linear_head,8,ship,8,ship,8,ship,True,True,0.9660417437553406
STL-10,test,7835,6304,grayscale,vit_b_16_linear_head,7,monkey,7,monkey,7,monkey,True,True,0.9666510820388794
STL-10,test,7864,6304,grayscale,vit_b_16_linear_head,4,deer,4,deer,4,deer,True,True,0.9652776122093201
STL-10,test,7875,6304,grayscale,vit_b_16_linear_head,8,ship,8,ship,8,ship,True,True,0.9584027528762817
STL-10,test,7938,6304,grayscale,vit_b_16_linear_head,9,truck,9,truck,9,truck,True,True,0.9783055186271667
STL-10,test,7940,6304,grayscale,vit_b_16_linear_head,4,deer,4,deer,4,deer,True,True,0.9961572289466858
STL-10,test,7944,6304,grayscale,vit_b_16_linear_head,4,deer,4,deer,4,deer,True,True,0.6224815249443054
STL-10,test,7955,6304,grayscale,vit_b_16_linear_head,1,bird,1,bird,1,bird,True,True,0.9978771209716797
STL-10,test,7995,6304,grayscale,vit_b_16_linear_head,9,truck,9,truck,2,car,False,False,0.6491677761077881
STL-10,test,7996,6304,grayscale,vit_b_16_linear_head,6,horse,6,horse,6,horse,True,True,0.9969315528869629
STL-10,test,7999,6304,grayscale,vit_b_16_linear_head,8,ship,8,ship,8,ship,True,True,0.9526485800743103
STL-10,test,3,6304,hue_rotation_90,vit_b_16_linear_head,0,airplane,0,airplane,0,airplane,True,True,0.9632872939109802
STL-10,test,29,6304,hue_rotation_90,vit_b_16_linear_head,7,monkey,7,monkey,7,monkey,True,True,0.9873342514038086
STL-10,test,35,6304,hue_rotation_90,vit_b_16_linear_head,2,car,2,car,2,car,True,True,0.986223042011261
STL-10,test,42,6304,hue_rotation_90,vit_b_16_linear_head,0,airplane,0,airplane,0,airplane,True,True,0.9928401708602905
STL-10,test,49,6304,hue_rotation_90,vit_b_16_linear_head,2,car,2,car,2,car,True,True,0.9852949380874634
STL-10,test,81,6304,hue_rotation_90,vit_b_16_linear_head,0,airplane,0,airplane,0,airplane,True,True,0.9751086235046387
STL-10,test,95,6304,hue_rotation_90,vit_b_16_linear_head,1,bird,1,bird,1,bird,True,True,0.9934285283088684
STL-10,test,97,6304,hue_rotation_90,vit_b_16_linear_head,5,dog,5,dog,5,dog,True,True,0.7776674628257751
STL-10,test,116,6304,hue_rotation_90,vit_b_16_linear_head,1,bird,1,bird,1,bird,True,True,0.9902961850166321
STL-10,test,131,6304,hue_rotation_90,vit_b_16_linear_head,9,truck,9,truck,9,truck,True,True,0.8971307873725891
STL-10,test,151,6304,hue_rotation_90,vit_b_16_linear_head,8,ship,8,ship,8,ship,True,True,0.9963924288749695
STL-10,test,171,6304,hue_rotation_90,vit_b_16_linear_head,4,deer,4,deer,4,deer,True,True,0.9936475157737732
STL-10,test,176,6304,hue_rotation_90,vit_b_16_linear_head,3,cat,3,cat,3,cat,True,True,0.9506832957267761
STL-10,test,191,6304,hue_rotation_90,vit_b_16_linear_head,9,truck,9,truck,9,truck,True,True,0.6437086462974548
STL-10,test,194,6304,hue_rotation_90,vit_b_16_linear_head,8,ship,8,ship,8,ship,True,True,0.9993023872375488
STL-10,test,198,6304,hue_rotation_90,vit_b_16_linear_head,1,bird,1,bird,1,bird,True,True,0.7810898423194885
STL-10,test,239,6304,hue_rotation_90,vit_b_16_linear_head,9,truck,9,truck,9,truck,True,True,0.9957836866378784
STL-10,test,261,6304,hue_rotation_90,vit_b_16_linear_head,1,bird,5,dog,1,bird,True,False,0.9270964860916138
STL-10,test,269,6304,hue_rotation_90,vit_b_16_linear_head,7,monkey,7,monkey,7,monkey,True,True,0.973638117313385
STL-10,test,276,6304,hue_rotation_90,vit_b_16_linear_head,9,truck,9,truck,9,truck,True,True,0.9800606966018677
STL-10,test,303,6304,hue_rotation_90,vit_b_16_linear_head,9,truck,9,truck,9,truck,True,True,0.985776960849762
STL-10,test,304,6304,hue_rotation_90,vit_b_16_linear_head,1,bird,1,bird,7,monkey,False,False,0.3442839980125427
STL-10,test,317,6304,hue_rotation_90,vit_b_16_linear_head,2,car,2,car,2,car,True,True,0.9954837560653687
STL-10,test,319,6304,hue_rotation_90,vit_b_16_linear_head,5,dog,5,dog,5,dog,True,True,0.8136090636253357
STL-10,test,323,6304,hue_rotation_90,vit_b_16_linear_head,7,monkey,7,monkey,7,monkey,True,True,0.9979233741760254
STL-10,test,365,6304,hue_rotation_90,vit_b_16_linear_head,3,cat,3,cat,3,cat,True,True,0.9884052276611328
STL-10,test,370,6304,hue_rotation_90,vit_b_16_linear_head,7,monkey,7,monkey,7,monkey,True,True,0.9914653897285461
STL-10,test,372,6304,hue_rotation_90,vit_b_16_linear_head,3,cat,3,cat,3,cat,True,True,0.5870004296302795
STL-10,test,378,6304,hue_rotation_90,vit_b_16_linear_head,5,dog,5,dog,5,dog,True,True,0.8790105581283569
STL-10,test,391,6304,hue_rotation_90,vit_b_16_linear_head,3,cat,3,cat,3,cat,True,True,0.9976359605789185
STL-10,test,409,6304,hue_rotation_90,vit_b_16_linear_head,2,car,2,car,2,car,True,True,0.9970172643661499
STL-10,test,419,6304,hue_rotation_90,vit_b_16_linear_head,9,truck,9,truck,9,truck,True,True,0.9743869304656982
STL-10,test,449,6304,hue_rotation_90,vit_b_16_linear_head,6,horse,6,horse,6,horse,True,True,0.9945299029350281
STL-10,test,470,6304,hue_rotation_90,vit_b_16_linear_head,2,car,2,car,2,car,True,True,0.9935010075569153
STL-10,test,483,6304,hue_rotation_90,vit_b_16_linear_head,2,car,2,car,2,car,True,True,0.9509491920471191
STL-10,test,484,6304,hue_rotation_90,vit_b_16_linear_head,0,airplane,0,airplane,0,airplane,True,True,0.9940629601478577
STL-10,test,506,6304,hue_rotation_90,vit_b_16_linear_head,4,deer,4,deer,4,deer,True,True,0.9753963947296143
STL-10,test,545,6304,hue_rotation_90,vit_b_16_linear_head,6,horse,6,horse,6,horse,True,True,0.7073787450790405
STL-10,test,562,6304,hue_rotation_90,vit_b_16_linear_head,0,airplane,0,airplane,0,airplane,True,True,0.9978429079055786
STL-10,test,568,6304,hue_rotation_90,vit_b_16_linear_head,5,dog,5,dog,5,dog,True,True,0.9183481335639954
STL-10,test,603,6304,hue_rotation_90,vit_b_16_linear_head,9,truck,9,truck,9,truck,True,True,0.9889957904815674
STL-10,test,632,6304,hue_rotation_90,vit_b_16_linear_head,3,cat,3,cat,3,cat,True,True,0.9957055449485779
STL-10,test,645,6304,hue_rotation_90,vit_b_16_linear_head,5,dog,5,dog,5,dog,True,True,0.7145232558250427
STL-10,test,667,6304,hue_rotation_90,vit_b_16_linear_head,8,ship,8,ship,8,ship,True,True,0.988267719745636
STL-10,test,672,6304,hue_rotation_90,vit_b_16_linear_head,3,cat,3,cat,3,cat,True,True,0.9984849095344543
STL-10,test,677,6304,hue_rotation_90,vit_b_16_linear_head,3,cat,3,cat,3,cat,True,True,0.9790803790092468
STL-10,test,685,6304,hue_rotation_90,vit_b_16_linear_head,5,dog,5,dog,5,dog,True,True,0.9730168581008911
STL-10,test,691,6304,hue_rotation_90,vit_b_16_linear_head,4,deer,4,deer,4,deer,True,True,0.9969768524169922
STL-10,test,706,6304,hue_rotation_90,vit_b_16_linear_head,8,ship,8,ship,8,ship,True,True,0.9949786067008972
STL-10,test,714,6304,hue_rotation_90,vit_b_16_linear_head,2,car,2,car,2,car,True,True,0.6513779163360596
STL-10,test,716,6304,hue_rotation_90,vit_b_16_linear_head,8,ship,8,ship,8,ship,True,True,0.956218421459198
STL-10,test,738,6304,hue_rotation_90,vit_b_16_linear_head,3,cat,3,cat,3,cat,True,True,0.16355818510055542
STL-10,test,739,6304,hue_rotation_90,vit_b_16_linear_head,8,ship,8,ship,8,ship,True,True,0.975862443447113
STL-10,test,766,6304,hue_rotation_90,vit_b_16_linear_head,4,deer,6,horse,5,dog,False,False,0.4785018265247345
STL-10,test,791,6304,hue_rotation_90,vit_b_16_linear_head,3,cat,3,cat,3,cat,True,True,0.9862340688705444
STL-10,test,805,6304,hue_rotation_90,vit_b_16_linear_head,9,truck,9,truck,9,truck,True,True,0.928726315498352
STL-10,test,825,6304,hue_rotation_90,vit_b_16_linear_head,1,bird,1,bird,1,bird,True,True,0.9256961941719055
STL-10,test,852,6304,hue_rotation_90,vit_b_16_linear_head,9,truck,9,truck,9,truck,True,True,0.9962711334228516
STL-10,test,855,6304,hue_rotation_90,vit_b_16_linear_head,4,deer,4,deer,4,deer,True,True,0.9954138398170471
STL-10,test,873,6304,hue_rotation_90,vit_b_16_linear_head,6,horse,6,horse,6,horse,True,True,0.9917101263999939
STL-10,test,890,6304,hue_rotation_90,vit_b_16_linear_head,6,horse,6,horse,6,horse,True,True,0.9040138125419617
STL-10,test,920,6304,hue_rotation_90,vit_b_16_linear_head,6,horse,6,horse,6,horse,True,True,0.9760504364967346
STL-10,test,929,6304,hue_rotation_90,vit_b_16_linear_head,6,horse,6,horse,6,horse,True,True,0.5347868800163269
STL-10,test,962,6304,hue_rotation_90,vit_b_16_linear_head,8,ship,8,ship,8,ship,True,True,0.9555123448371887
STL-10,test,964,6304,hue_rotation_90,vit_b_16_linear_head,6,horse,6,horse,6,horse,True,True,0.8288732171058655
STL-10,test,977,6304,hue_rotation_90,vit_b_16_linear_head,6,horse,6,horse,6,horse,True,True,0.9932344555854797
STL-10,test,979,6304,hue_rotation_90,vit_b_16_linear_head,3,cat,3,cat,3,cat,True,True,0.8641151785850525
STL-10,test,981,6304,hue_rotation_90,vit_b_16_linear_head,2,car,2,car,2,car,True,True,0.9898366332054138
STL-10,test,1022,6304,hue_rotation_90,vit_b_16_linear_head,9,truck,9,truck,9,truck,True,True,0.7414240837097168
STL-10,test,1032,6304,hue_rotation_90,vit_b_16_linear_head,7,monkey,7,monkey,7,monkey,True,True,0.9591880440711975
STL-10,test,1048,6304,hue_rotation_90,vit_b_16_linear_head,7,monkey,7,monkey,7,monkey,True,True,0.9688249826431274
STL-10,test,1090,6304,hue_rotation_90,vit_b_16_linear_head,1,bird,1,bird,1,bird,True,True,0.9268085360527039
STL-10,test,1095,6304,hue_rotation_90,vit_b_16_linear_head,5,dog,5,dog,5,dog,True,True,0.7561966776847839
STL-10,test,1109,6304,hue_rotation_90,vit_b_16_linear_head,1,bird,1,bird,1,bird,True,True,0.7552309036254883
STL-10,test,1111,6304,hue_rotation_90,vit_b_16_linear_head,4,deer,4,deer,4,deer,True,True,0.6354191899299622
STL-10,test,1115,6304,hue_rotation_90,vit_b_16_linear_head,1,bird,1,bird,2,car,False,False,0.2140904814004898
STL-10,test,1124,6304,hue_rotation_90,vit_b_16_linear_head,4,deer,4,deer,4,deer,True,True,0.9876644015312195
STL-10,test,1129,6304,hue_rotation_90,vit_b_16_linear_head,8,ship,8,ship,8,ship,True,True,0.6452900767326355
STL-10,test,1175,6304,hue_rotation_90,vit_b_16_linear_head,0,airplane,0,airplane,0,airplane,True,True,0.9938667416572571
STL-10,test,1202,6304,hue_rotation_90,vit_b_16_linear_head,2,car,2,car,2,car,True,True,0.9835528135299683
STL-10,test,1204,6304,hue_rotation_90,vit_b_16_linear_head,3,cat,3,cat,3,cat,True,True,0.980929970741272
STL-10,test,1211,6304,hue_rotation_90,vit_b_16_linear_head,4,deer,4,deer,4,deer,True,True,0.9848912358283997
STL-10,test,1220,6304,hue_rotation_90,vit_b_16_linear_head,7,monkey,7,monkey,7,monkey,True,True,0.9969622492790222
STL-10,test,1230,6304,hue_rotation_90,vit_b_16_linear_head,1,bird,1,bird,7,monkey,False,False,0.6964445114135742
STL-10,test,1247,6304,hue_rotation_90,vit_b_16_linear_head,8,ship,8,ship,8,ship,True,True,0.9845376014709473
STL-10,test,1263,6304,hue_rotation_90,vit_b_16_linear_head,3,cat,3,cat,3,cat,True,True,0.9411824941635132
STL-10,test,1266,6304,hue_rotation_90,vit_b_16_linear_head,4,deer,4,deer,4,deer,True,True,0.9964420199394226
STL-10,test,1287,6304,hue_rotation_90,vit_b_16_linear_head,7,monkey,7,monkey,7,monkey,True,True,0.9920141100883484
STL-10,test,1296,6304,hue_rotation_90,vit_b_16_linear_head,7,monkey,7,monkey,7,monkey,True,True,0.9004985094070435
STL-10,test,1370,6304,hue_rotation_90,vit_b_16_linear_head,3,cat,3,cat,3,cat,True,True,0.9867947697639465
STL-10,test,1389,6304,hue_rotation_90,vit_b_16_linear_head,0,airplane,0,airplane,0,airplane,True,True,0.9928531050682068
STL-10,test,1401,6304,hue_rotation_90,vit_b_16_linear_head,3,cat,3,cat,3,cat,True,True,0.9952966570854187
STL-10,test,1403,6304,hue_rotation_90,vit_b_16_linear_head,2,car,2,car,2,car,True,True,0.9959599375724792
STL-10,test,1411,6304,hue_rotation_90,vit_b_16_linear_head,9,truck,9,truck,9,truck,True,True,0.9603079557418823
STL-10,test,1429,6304,hue_rotation_90,vit_b_16_linear_head,4,deer,4,deer,4,deer,True,True,0.988179087638855
STL-10,test,1430,6304,hue_rotation_90,vit_b_16_linear_head,9,truck,9,truck,9,truck,True,True,0.9874598979949951
STL-10,test,1431,6304,hue_rotation_90,vit_b_16_linear_head,3,cat,3,cat,3,cat,True,True,0.5359976887702942
STL-10,test,1436,6304,hue_rotation_90,vit_b_16_linear_head,1,bird,1,bird,1,bird,True,True,0.9995338916778564
STL-10,test,1440,6304,hue_rotation_90,vit_b_16_linear_head,7,monkey,7,monkey,7,monkey,True,True,0.9962366223335266
STL-10,test,1468,6304,hue_rotation_90,vit_b_16_linear_head,9,truck,9,truck,9,truck,True,True,0.9353655576705933
STL-10,test,1473,6304,hue_rotation_90,vit_b_16_linear_head,7,monkey,7,monkey,7,monkey,True,True,0.969974935054779
STL-10,test,1515,6304,hue_rotation_90,vit_b_16_linear_head,9,truck,9,truck,9,truck,True,True,0.9945912957191467
STL-10,test,1520,6304,hue_rotation_90,vit_b_16_linear_head,2,car,2,car,2,car,True,True,0.8217685222625732
STL-10,test,1531,6304,hue_rotation_90,vit_b_16_linear_head,3,cat,3,cat,3,cat,True,True,0.9682924747467041
STL-10,test,1534,6304,hue_rotation_90,vit_b_16_linear_head,6,horse,6,horse,6,horse,True,True,0.9786975979804993
STL-10,test,1552,6304,hue_rotation_90,vit_b_16_linear_head,5,dog,5,dog,5,dog,True,True,0.8300082683563232
STL-10,test,1553,6304,hue_rotation_90,vit_b_16_linear_head,0,airplane,0,airplane,0,airplane,True,True,0.9826483726501465
STL-10,test,1563,6304,hue_rotation_90,vit_b_16_linear_head,3,cat,3,cat,3,cat,True,True,0.8949845433235168
STL-10,test,1568,6304,hue_rotation_90,vit_b_16_linear_head,1,bird,1,bird,1,bird,True,True,0.8243227005004883
STL-10,test,1579,6304,hue_rotation_90,vit_b_16_linear_head,7,monkey,7,monkey,7,monkey,True,True,0.9632537364959717
STL-10,test,1586,6304,hue_rotation_90,vit_b_16_linear_head,2,car,2,car,2,car,True,True,0.9965733289718628
STL-10,test,1596,6304,hue_rotation_90,vit_b_16_linear_head,0,airplane,0,airplane,0,airplane,True,True,0.9965674877166748
STL-10,test,1626,6304,hue_rotation_90,vit_b_16_linear_head,5,dog,5,dog,5,dog,True,True,0.5496580600738525
STL-10,test,1640,6304,hue_rotation_90,vit_b_16_linear_head,8,ship,8,ship,8,ship,True,True,0.6894986033439636
STL-10,test,1644,6304,hue_rotation_90,vit_b_16_linear_head,5,dog,5,dog,5,dog,True,True,0.8301663994789124
STL-10,test,1648,6304,hue_rotation_90,vit_b_16_linear_head,0,airplane,0,airplane,0,airplane,True,True,0.9886474013328552
STL-10,test,1654,6304,hue_rotation_90,vit_b_16_linear_head,9,truck,9,truck,9,truck,True,True,0.9796352982521057
STL-10,test,1667,6304,hue_rotation_90,vit_b_16_linear_head,6,horse,6,horse,6,horse,True,True,0.9674352407455444
STL-10,test,1703,6304,hue_rotation_90,vit_b_16_linear_head,7,monkey,7,monkey,7,monkey,True,True,0.6709115505218506
STL-10,test,1711,6304,hue_rotation_90,vit_b_16_linear_head,7,monkey,7,monkey,7,monkey,True,True,0.9601548314094543
STL-10,test,1771,6304,hue_rotation_90,vit_b_16_linear_head,7,monkey,7,monkey,5,dog,False,False,0.4913365840911865
STL-10,test,1783,6304,hue_rotation_90,vit_b_16_linear_head,8,ship,8,ship,8,ship,True,True,0.9962911605834961
STL-10,test,1814,6304,hue_rotation_90,vit_b_16_linear_head,2,car,2,car,2,car,True,True,0.9285588264465332
STL-10,test,1833,6304,hue_rotation_90,vit_b_16_linear_head,8,ship,8,ship,8,ship,True,True,0.9843410849571228
STL-10,test,1836,6304,hue_rotation_90,vit_b_16_linear_head,9,truck,9,truck,9,truck,True,True,0.9667004346847534
STL-10,test,1839,6304,hue_rotation_90,vit_b_16_linear_head,2,car,2,car,2,car,True,True,0.9929030537605286
STL-10,test,1852,6304,hue_rotation_90,vit_b_16_linear_head,1,bird,1,bird,1,bird,True,True,0.9976420402526855
STL-10,test,1871,6304,hue_rotation_90,vit_b_16_linear_head,1,bird,1,bird,1,bird,True,True,0.9550076723098755
STL-10,test,1877,6304,hue_rotation_90,vit_b_16_linear_head,5,dog,5,dog,5,dog,True,True,0.25390809774398804
STL-10,test,1884,6304,hue_rotation_90,vit_b_16_linear_head,7,monkey,7,monkey,7,monkey,True,True,0.992090106010437
STL-10,test,1927,6304,hue_rotation_90,vit_b_16_linear_head,7,monkey,7,monkey,7,monkey,True,True,0.9938850998878479
STL-10,test,1954,6304,hue_rotation_90,vit_b_16_linear_head,8,ship,8,ship,8,ship,True,True,0.6766902804374695
STL-10,test,1956,6304,hue_rotation_90,vit_b_16_linear_head,7,monkey,7,monkey,7,monkey,True,True,0.28092020750045776
STL-10,test,1960,6304,hue_rotation_90,vit_b_16_linear_head,4,deer,5,dog,4,deer,True,False,0.8453827500343323
STL-10,test,1977,6304,hue_rotation_90,vit_b_16_linear_head,0,airplane,0,airplane,0,airplane,True,True,0.9732668995857239
STL-10,test,1986,6304,hue_rotation_90,vit_b_16_linear_head,1,bird,1,bird,1,bird,True,True,0.9180108904838562
STL-10,test,1993,6304,hue_rotation_90,vit_b_16_linear_head,1,bird,1,bird,1,bird,True,True,0.9992795586585999
STL-10,test,2003,6304,hue_rotation_90,vit_b_16_linear_head,6,horse,6,horse,6,horse,True,True,0.9741610288619995
STL-10,test,2011,6304,hue_rotation_90,vit_b_16_linear_head,9,truck,9,truck,9,truck,True,True,0.9603572487831116
STL-10,test,2024,6304,hue_rotation_90,vit_b_16_linear_head,0,airplane,0,airplane,0,airplane,True,True,0.9150863885879517
STL-10,test,2028,6304,hue_rotation_90,vit_b_16_linear_head,3,cat,3,cat,3,cat,True,True,0.995421826839447
STL-10,test,2062,6304,hue_rotation_90,vit_b_16_linear_head,9,truck,9,truck,9,truck,True,True,0.9936001300811768
STL-10,test,2070,6304,hue_rotation_90,vit_b_16_linear_head,1,bird,1,bird,1,bird,True,True,0.9213510155677795
STL-10,test,2082,6304,hue_rotation_90,vit_b_16_linear_head,2,car,2,car,2,car,True,True,0.9406164884567261
STL-10,test,2095,6304,hue_rotation_90,vit_b_16_linear_head,1,bird,1,bird,1,bird,True,True,0.9558547735214233
STL-10,test,2109,6304,hue_rotation_90,vit_b_16_linear_head,8,ship,8,ship,8,ship,True,True,0.9908850789070129
STL-10,test,2114,6304,hue_rotation_90,vit_b_16_linear_head,9,truck,9,truck,9,truck,True,True,0.9036411046981812
STL-10,test,2116,6304,hue_rotation_90,vit_b_16_linear_head,1,bird,3,cat,3,cat,False,True,0.9377257823944092
STL-10,test,2157,6304,hue_rotation_90,vit_b_16_linear_head,1,bird,1,bird,1,bird,True,True,0.8197863101959229
STL-10,test,2167,6304,hue_rotation_90,vit_b_16_linear_head,9,truck,9,truck,9,truck,True,True,0.9835612773895264
STL-10,test,2178,6304,hue_rotation_90,vit_b_16_linear_head,1,bird,1,bird,1,bird,True,True,0.9938281178474426
STL-10,test,2191,6304,hue_rotation_90,vit_b_16_linear_head,8,ship,8,ship,8,ship,True,True,0.9517083764076233
STL-10,test,2230,6304,hue_rotation_90,vit_b_16_linear_head,8,ship,8,ship,2,car,False,False,0.3180381655693054
STL-10,test,2242,6304,hue_rotation_90,vit_b_16_linear_head,0,airplane,0,airplane,0,airplane,True,True,0.8842017650604248
STL-10,test,2265,6304,hue_rotation_90,vit_b_16_linear_head,5,dog,5,dog,5,dog,True,True,0.7383602261543274
STL-10,test,2268,6304,hue_rotation_90,vit_b_16_linear_head,5,dog,5,dog,5,dog,True,True,0.8470284342765808
STL-10,test,2291,6304,hue_rotation_90,vit_b_16_linear_head,3,cat,3,cat,3,cat,True,True,0.831664502620697
STL-10,test,2334,6304,hue_rotation_90,vit_b_16_linear_head,5,dog,5,dog,5,dog,True,True,0.9874529242515564
STL-10,test,2340,6304,hue_rotation_90,vit_b_16_linear_head,8,ship,8,ship,8,ship,True,True,0.9892290830612183
STL-10,test,2342,6304,hue_rotation_90,vit_b_16_linear_head,8,ship,8,ship,8,ship,True,True,0.9444901347160339
STL-10,test,2351,6304,hue_rotation_90,vit_b_16_linear_head,9,truck,9,truck,9,truck,True,True,0.9843758940696716
STL-10,test,2391,6304,hue_rotation_90,vit_b_16_linear_head,5,dog,5,dog,1,bird,False,False,0.5452658534049988
STL-10,test,2392,6304,hue_rotation_90,vit_b_16_linear_head,2,car,2,car,2,car,True,True,0.9986991882324219
STL-10,test,2399,6304,hue_rotation_90,vit_b_16_linear_head,4,deer,4,deer,4,deer,True,True,0.9114120006561279
STL-10,test,2414,6304,hue_rotation_90,vit_b_16_linear_head,9,truck,9,truck,9,truck,True,True,0.8065252900123596
STL-10,test,2427,6304,hue_rotation_90,vit_b_16_linear_head,5,dog,5,dog,5,dog,True,True,0.7510160207748413
STL-10,test,2458,6304,hue_rotation_90,vit_b_16_linear_head,5,dog,5,dog,5,dog,True,True,0.9936336278915405
STL-10,test,2501,6304,hue_rotation_90,vit_b_16_linear_head,7,monkey,7,monkey,7,monkey,True,True,0.9501497745513916
STL-10,test,2502,6304,hue_rotation_90,vit_b_16_linear_head,2,car,2,car,2,car,True,True,0.9855125546455383
STL-10,test,2536,6304,hue_rotation_90,vit_b_16_linear_head,3,cat,3,cat,3,cat,True,True,0.9887996315956116
STL-10,test,2539,6304,hue_rotation_90,vit_b_16_linear_head,3,cat,3,cat,3,cat,True,True,0.9833526611328125
STL-10,test,2610,6304,hue_rotation_90,vit_b_16_linear_head,6,horse,6,horse,6,horse,True,True,0.5380398631095886
STL-10,test,2623,6304,hue_rotation_90,vit_b_16_linear_head,5,dog,5,dog,3,cat,False,False,0.2123216837644577
STL-10,test,2655,6304,hue_rotation_90,vit_b_16_linear_head,9,truck,9,truck,9,truck,True,True,0.9762404561042786
STL-10,test,2668,6304,hue_rotation_90,vit_b_16_linear_head,7,monkey,7,monkey,7,monkey,True,True,0.9945908784866333
STL-10,test,2676,6304,hue_rotation_90,vit_b_16_linear_head,6,horse,6,horse,6,horse,True,True,0.3228367269039154
STL-10,test,2687,6304,hue_rotation_90,vit_b_16_linear_head,1,bird,1,bird,1,bird,True,True,0.9963602423667908
STL-10,test,2690,6304,hue_rotation_90,vit_b_16_linear_head,1,bird,1,bird,1,bird,True,True,0.732820987701416
STL-10,test,2704,6304,hue_rotation_90,vit_b_16_linear_head,4,deer,4,deer,4,deer,True,True,0.9840199947357178
STL-10,test,2745,6304,hue_rotation_90,vit_b_16_linear_head,8,ship,8,ship,8,ship,True,True,0.998472273349762
STL-10,test,2746,6304,hue_rotation_90,vit_b_16_linear_head,7,monkey,7,monkey,7,monkey,True,True,0.9979954957962036
STL-10,test,2750,6304,hue_rotation_90,vit_b_16_linear_head,0,airplane,0,airplane,0,airplane,True,True,0.9085864424705505
STL-10,test,2754,6304,hue_rotation_90,vit_b_16_linear_head,3,cat,3,cat,3,cat,True,True,0.9921479821205139
STL-10,test,2757,6304,hue_rotation_90,vit_b_16_linear_head,4,deer,4,deer,4,deer,True,True,0.6496182680130005
STL-10,test,2766,6304,hue_rotation_90,vit_b_16_linear_head,5,dog,5,dog,5,dog,True,True,0.8537890315055847
STL-10,test,2807,6304,hue_rotation_90,vit_b_16_linear_head,5,dog,5,dog,5,dog,True,True,0.3199290931224823
STL-10,test,2844,6304,hue_rotation_90,vit_b_16_linear_head,8,ship,8,ship,8,ship,True,True,0.992909848690033
STL-10,test,2854,6304,hue_rotation_90,vit_b_16_linear_head,7,monkey,7,monkey,7,monkey,True,True,0.9964885711669922
STL-10,test,2861,6304,hue_rotation_90,vit_b_16_linear_head,3,cat,3,cat,3,cat,True,True,0.9857925772666931
STL-10,test,2888,6304,hue_rotation_90,vit_b_16_linear_head,0,airplane,0,airplane,0,airplane,True,True,0.9726109504699707
STL-10,test,2898,6304,hue_rotation_90,vit_b_16_linear_head,4,deer,4,deer,4,deer,True,True,0.9964787364006042
STL-10,test,2950,6304,hue_rotation_90,vit_b_16_linear_head,5,dog,5,dog,5,dog,True,True,0.9591527581214905
STL-10,test,2958,6304,hue_rotation_90,vit_b_16_linear_head,6,horse,6,horse,6,horse,True,True,0.9889134764671326
STL-10,test,3015,6304,hue_rotation_90,vit_b_16_linear_head,8,ship,8,ship,8,ship,True,True,0.9952622652053833
STL-10,test,3024,6304,hue_rotation_90,vit_b_16_linear_head,2,car,2,car,2,car,True,True,0.9939011335372925
STL-10,test,3025,6304,hue_rotation_90,vit_b_16_linear_head,0,airplane,0,airplane,0,airplane,True,True,0.9927167296409607
STL-10,test,3034,6304,hue_rotation_90,vit_b_16_linear_head,4,deer,4,deer,4,deer,True,True,0.9930290579795837
STL-10,test,3067,6304,hue_rotation_90,vit_b_16_linear_head,2,car,2,car,2,car,True,True,0.994654655456543
STL-10,test,3078,6304,hue_rotation_90,vit_b_16_linear_head,4,deer,4,deer,4,deer,True,True,0.9571295976638794
STL-10,test,3079,6304,hue_rotation_90,vit_b_16_linear_head,1,bird,1,bird,1,bird,True,True,0.9993495345115662
STL-10,test,3083,6304,hue_rotation_90,vit_b_16_linear_head,0,airplane,0,airplane,0,airplane,True,True,0.9037857055664062
STL-10,test,3122,6304,hue_rotation_90,vit_b_16_linear_head,4,deer,4,deer,4,deer,True,True,0.941001296043396
STL-10,test,3153,6304,hue_rotation_90,vit_b_16_linear_head,7,monkey,7,monkey,7,monkey,True,True,0.9723410606384277
STL-10,test,3157,6304,hue_rotation_90,vit_b_16_linear_head,8,ship,8,ship,8,ship,True,True,0.9520100355148315
STL-10,test,3163,6304,hue_rotation_90,vit_b_16_linear_head,2,car,2,car,2,car,True,True,0.9966983199119568
STL-10,test,3179,6304,hue_rotation_90,vit_b_16_linear_head,4,deer,4,deer,4,deer,True,True,0.8136563897132874
STL-10,test,3191,6304,hue_rotation_90,vit_b_16_linear_head,6,horse,6,horse,6,horse,True,True,0.7303463220596313
STL-10,test,3276,6304,hue_rotation_90,vit_b_16_linear_head,3,cat,3,cat,3,cat,True,True,0.8213872909545898
STL-10,test,3287,6304,hue_rotation_90,vit_b_16_linear_head,4,deer,4,deer,4,deer,True,True,0.9823248386383057
STL-10,test,3288,6304,hue_rotation_90,vit_b_16_linear_head,7,monkey,7,monkey,7,monkey,True,True,0.9874776601791382
STL-10,test,3292,6304,hue_rotation_90,vit_b_16_linear_head,6,horse,6,horse,6,horse,True,True,0.30944448709487915
STL-10,test,3318,6304,hue_rotation_90,vit_b_16_linear_head,9,truck,9,truck,9,truck,True,True,0.9679877758026123
STL-10,test,3347,6304,hue_rotation_90,vit_b_16_linear_head,0,airplane,0,airplane,0,airplane,True,True,0.9986530542373657
STL-10,test,3353,6304,hue_rotation_90,vit_b_16_linear_head,5,dog,5,dog,5,dog,True,True,0.4362621009349823
STL-10,test,3362,6304,hue_rotation_90,vit_b_16_linear_head,2,car,2,car,2,car,True,True,0.9972405433654785
STL-10,test,3365,6304,hue_rotation_90,vit_b_16_linear_head,4,deer,4,deer,4,deer,True,True,0.9456385374069214
STL-10,test,3375,6304,hue_rotation_90,vit_b_16_linear_head,3,cat,3,cat,3,cat,True,True,0.9952996969223022
STL-10,test,3383,6304,hue_rotation_90,vit_b_16_linear_head,3,cat,3,cat,3,cat,True,True,0.993998646736145
STL-10,test,3404,6304,hue_rotation_90,vit_b_16_linear_head,7,monkey,7,monkey,7,monkey,True,True,0.982267439365387
STL-10,test,3412,6304,hue_rotation_90,vit_b_16_linear_head,8,ship,8,ship,8,ship,True,True,0.950347363948822
STL-10,test,3413,6304,hue_rotation_90,vit_b_16_linear_head,1,bird,1,bird,1,bird,True,True,0.9996155500411987
STL-10,test,3418,6304,hue_rotation_90,vit_b_16_linear_head,6,horse,6,horse,6,horse,True,True,0.9836793541908264
STL-10,test,3437,6304,hue_rotation_90,vit_b_16_linear_head,0,airplane,0,airplane,0,airplane,True,True,0.8052763342857361
STL-10,test,3446,6304,hue_rotation_90,vit_b_16_linear_head,7,monkey,7,monkey,7,monkey,True,True,0.9918767213821411
STL-10,test,3454,6304,hue_rotation_90,vit_b_16_linear_head,2,car,2,car,2,car,True,True,0.9923040270805359
STL-10,test,3455,6304,hue_rotation_90,vit_b_16_linear_head,0,airplane,0,airplane,0,airplane,True,True,0.9815226793289185
STL-10,test,3458,6304,hue_rotation_90,vit_b_16_linear_head,4,deer,4,deer,4,deer,True,True,0.9946150183677673
STL-10,test,3467,6304,hue_rotation_90,vit_b_16_linear_head,7,monkey,7,monkey,3,cat,False,False,0.4401217997074127
STL-10,test,3491,6304,hue_rotation_90,vit_b_16_linear_head,1,bird,1,bird,1,bird,True,True,0.9352787733078003
STL-10,test,3494,6304,hue_rotation_90,vit_b_16_linear_head,6,horse,6,horse,6,horse,True,True,0.9945375323295593
STL-10,test,3512,6304,hue_rotation_90,vit_b_16_linear_head,4,deer,4,deer,4,deer,True,True,0.9929648637771606
STL-10,test,3515,6304,hue_rotation_90,vit_b_16_linear_head,6,horse,4,deer,4,deer,False,True,0.6505691409111023
STL-10,test,3542,6304,hue_rotation_90,vit_b_16_linear_head,7,monkey,7,monkey,7,monkey,True,True,0.998309850692749
STL-10,test,3550,6304,hue_rotation_90,vit_b_16_linear_head,1,bird,1,bird,1,bird,True,True,0.9533262252807617
STL-10,test,3562,6304,hue_rotation_90,vit_b_16_linear_head,3,cat,3,cat,3,cat,True,True,0.974469780921936
STL-10,test,3755,6304,hue_rotation_90,vit_b_16_linear_head,2,car,2,car,2,car,True,True,0.9950721859931946
STL-10,test,3763,6304,hue_rotation_90,vit_b_16_linear_head,4,deer,4,deer,4,deer,True,True,0.9848474860191345
STL-10,test,3777,6304,hue_rotation_90,vit_b_16_linear_head,6,horse,6,horse,6,horse,True,True,0.970872700214386
STL-10,test,3778,6304,hue_rotation_90,vit_b_16_linear_head,3,cat,3,cat,3,cat,True,True,0.6101740598678589
STL-10,test,3779,6304,hue_rotation_90,vit_b_16_linear_head,6,horse,6,horse,6,horse,True,True,0.9514690637588501
STL-10,test,3844,6304,hue_rotation_90,vit_b_16_linear_head,6,horse,6,horse,6,horse,True,True,0.979676365852356
STL-10,test,3851,6304,hue_rotation_90,vit_b_16_linear_head,3,cat,3,cat,3,cat,True,True,0.8293867707252502
STL-10,test,3852,6304,hue_rotation_90,vit_b_16_linear_head,5,dog,5,dog,5,dog,True,True,0.5611001253128052
STL-10,test,3863,6304,hue_rotation_90,vit_b_16_linear_head,5,dog,5,dog,5,dog,True,True,0.7622935175895691
STL-10,test,3867,6304,hue_rotation_90,vit_b_16_linear_head,7,monkey,7,monkey,7,monkey,True,True,0.9738624691963196
STL-10,test,3876,6304,hue_rotation_90,vit_b_16_linear_head,0,airplane,0,airplane,0,airplane,True,True,0.9868780970573425
STL-10,test,3889,6304,hue_rotation_90,vit_b_16_linear_head,5,dog,5,dog,5,dog,True,True,0.28124117851257324
STL-10,test,3891,6304,hue_rotation_90,vit_b_16_linear_head,4,deer,4,deer,4,deer,True,True,0.917744517326355
STL-10,test,3893,6304,hue_rotation_90,vit_b_16_linear_head,9,truck,9,truck,9,truck,True,True,0.9131017327308655
STL-10,test,3905,6304,hue_rotation_90,vit_b_16_linear_head,8,ship,8,ship,8,ship,True,True,0.9905118346214294
STL-10,test,3914,6304,hue_rotation_90,vit_b_16_linear_head,3,cat,3,cat,3,cat,True,True,0.9947701096534729
STL-10,test,3937,6304,hue_rotation_90,vit_b_16_linear_head,1,bird,1,bird,1,bird,True,True,0.9495207071304321
STL-10,test,3942,6304,hue_rotation_90,vit_b_16_linear_head,9,truck,9,truck,9,truck,True,True,0.9778050184249878
STL-10,test,3948,6304,hue_rotation_90,vit_b_16_linear_head,8,ship,8,ship,8,ship,True,True,0.9824187159538269
STL-10,test,3962,6304,hue_rotation_90,vit_b_16_linear_head,6,horse,6,horse,6,horse,True,True,0.9747945070266724
STL-10,test,3965,6304,hue_rotation_90,vit_b_16_linear_head,0,airplane,0,airplane,0,airplane,True,True,0.9862664937973022
STL-10,test,3994,6304,hue_rotation_90,vit_b_16_linear_head,4,deer,4,deer,4,deer,True,True,0.9946212768554688
STL-10,test,3996,6304,hue_rotation_90,vit_b_16_linear_head,9,truck,9,truck,9,truck,True,True,0.7783442735671997
STL-10,test,4011,6304,hue_rotation_90,vit_b_16_linear_head,6,horse,6,horse,6,horse,True,True,0.998023271560669
STL-10,test,4023,6304,hue_rotation_90,vit_b_16_linear_head,3,cat,3,cat,3,cat,True,True,0.8711574673652649
STL-10,test,4054,6304,hue_rotation_90,vit_b_16_linear_head,4,deer,4,deer,4,deer,True,True,0.9454428553581238
STL-10,test,4065,6304,hue_rotation_90,vit_b_16_linear_head,2,car,2,car,2,car,True,True,0.9594682455062866
STL-10,test,4069,6304,hue_rotation_90,vit_b_16_linear_head,8,ship,8,ship,8,ship,True,True,0.6105685830116272
STL-10,test,4093,6304,hue_rotation_90,vit_b_16_linear_head,6,horse,6,horse,6,horse,True,True,0.7910386323928833
STL-10,test,4094,6304,hue_rotation_90,vit_b_16_linear_head,9,truck,9,truck,9,truck,True,True,0.987608790397644
STL-10,test,4106,6304,hue_rotation_90,vit_b_16_linear_head,5,dog,5,dog,5,dog,True,True,0.5204125642776489
STL-10,test,4130,6304,hue_rotation_90,vit_b_16_linear_head,0,airplane,0,airplane,0,airplane,True,True,0.9831725358963013
STL-10,test,4168,6304,hue_rotation_90,vit_b_16_linear_head,3,cat,3,cat,3,cat,True,True,0.9981887936592102
STL-10,test,4170,6304,hue_rotation_90,vit_b_16_linear_head,8,ship,8,ship,8,ship,True,True,0.9520033597946167
STL-10,test,4172,6304,hue_rotation_90,vit_b_16_linear_head,7,monkey,7,monkey,7,monkey,True,True,0.9757777452468872
STL-10,test,4177,6304,hue_rotation_90,vit_b_16_linear_head,8,ship,8,ship,8,ship,True,True,0.9907387495040894
STL-10,test,4215,6304,hue_rotation_90,vit_b_16_linear_head,3,cat,3,cat,8,ship,False,False,0.2205526977777481
STL-10,test,4229,6304,hue_rotation_90,vit_b_16_linear_head,3,cat,3,cat,3,cat,True,True,0.9928763508796692
STL-10,test,4236,6304,hue_rotation_90,vit_b_16_linear_head,7,monkey,7,monkey,7,monkey,True,True,0.9986739158630371
STL-10,test,4242,6304,hue_rotation_90,vit_b_16_linear_head,8,ship,8,ship,8,ship,True,True,0.9724260568618774
STL-10,test,4254,6304,hue_rotation_90,vit_b_16_linear_head,6,horse,6,horse,6,horse,True,True,0.849515438079834
STL-10,test,4290,6304,hue_rotation_90,vit_b_16_linear_head,5,dog,1,bird,1,bird,False,True,0.5477761626243591
STL-10,test,4298,6304,hue_rotation_90,vit_b_16_linear_head,1,bird,1,bird,1,bird,True,True,0.9987429976463318
STL-10,test,4308,6304,hue_rotation_90,vit_b_16_linear_head,7,monkey,7,monkey,7,monkey,True,True,0.9921531081199646
STL-10,test,4311,6304,hue_rotation_90,vit_b_16_linear_head,8,ship,8,ship,8,ship,True,True,0.9873706102371216
STL-10,test,4323,6304,hue_rotation_90,vit_b_16_linear_head,3,cat,3,cat,3,cat,True,True,0.881187379360199
STL-10,test,4330,6304,hue_rotation_90,vit_b_16_linear_head,3,cat,3,cat,3,cat,True,True,0.5169200897216797
STL-10,test,4341,6304,hue_rotation_90,vit_b_16_linear_head,6,horse,6,horse,6,horse,True,True,0.9879289269447327
STL-10,test,4355,6304,hue_rotation_90,vit_b_16_linear_head,8,ship,0,airplane,0,airplane,False,True,0.5009856820106506
STL-10,test,4399,6304,hue_rotation_90,vit_b_16_linear_head,0,airplane,0,airplane,0,airplane,True,True,0.8040506839752197
STL-10,test,4403,6304,hue_rotation_90,vit_b_16_linear_head,7,monkey,7,monkey,7,monkey,True,True,0.9899703860282898
STL-10,test,4411,6304,hue_rotation_90,vit_b_16_linear_head,6,horse,6,horse,5,dog,False,False,0.6832531094551086
STL-10,test,4449,6304,hue_rotation_90,vit_b_16_linear_head,9,truck,9,truck,9,truck,True,True,0.8182632327079773
STL-10,test,4463,6304,hue_rotation_90,vit_b_16_linear_head,3,cat,3,cat,3,cat,True,True,0.9944075345993042
STL-10,test,4531,6304,hue_rotation_90,vit_b_16_linear_head,3,cat,3,cat,3,cat,True,True,0.8936210870742798
STL-10,test,4539,6304,hue_rotation_90,vit_b_16_linear_head,0,airplane,0,airplane,0,airplane,True,True,0.9970638155937195
STL-10,test,4547,6304,hue_rotation_90,vit_b_16_linear_head,5,dog,5,dog,5,dog,True,True,0.45478102564811707
STL-10,test,4552,6304,hue_rotation_90,vit_b_16_linear_head,8,ship,8,ship,9,truck,False,False,0.8348719477653503
STL-10,test,4570,6304,hue_rotation_90,vit_b_16_linear_head,5,dog,5,dog,5,dog,True,True,0.8395155668258667
STL-10,test,4590,6304,hue_rotation_90,vit_b_16_linear_head,3,cat,3,cat,3,cat,True,True,0.9912376403808594
STL-10,test,4609,6304,hue_rotation_90,vit_b_16_linear_head,3,cat,3,cat,3,cat,True,True,0.939853847026825
STL-10,test,4615,6304,hue_rotation_90,vit_b_16_linear_head,0,airplane,0,airplane,0,airplane,True,True,0.994611382484436
STL-10,test,4617,6304,hue_rotation_90,vit_b_16_linear_head,0,airplane,0,airplane,0,airplane,True,True,0.9984933137893677
STL-10,test,4620,6304,hue_rotation_90,vit_b_16_linear_head,6,horse,6,horse,6,horse,True,True,0.43132278323173523
STL-10,test,4629,6304,hue_rotation_90,vit_b_16_linear_head,4,deer,4,deer,4,deer,True,True,0.9796765446662903
STL-10,test,4640,6304,hue_rotation_90,vit_b_16_linear_head,1,bird,1,bird,1,bird,True,True,0.9204797148704529
STL-10,test,4642,6304,hue_rotation_90,vit_b_16_linear_head,4,deer,4,deer,4,deer,True,True,0.9978158473968506
STL-10,test,4661,6304,hue_rotation_90,vit_b_16_linear_head,7,monkey,7,monkey,7,monkey,True,True,0.5888432860374451
STL-10,test,4662,6304,hue_rotation_90,vit_b_16_linear_head,8,ship,8,ship,8,ship,True,True,0.9958683252334595
STL-10,test,4675,6304,hue_rotation_90,vit_b_16_linear_head,0,airplane,0,airplane,0,airplane,True,True,0.9905615448951721
STL-10,test,4676,6304,hue_rotation_90,vit_b_16_linear_head,8,ship,8,ship,8,ship,True,True,0.9968544840812683
STL-10,test,4704,6304,hue_rotation_90,vit_b_16_linear_head,7,monkey,7,monkey,7,monkey,True,True,0.9359891414642334
STL-10,test,4723,6304,hue_rotation_90,vit_b_16_linear_head,9,truck,9,truck,9,truck,True,True,0.8441821932792664
STL-10,test,4731,6304,hue_rotation_90,vit_b_16_linear_head,6,horse,6,horse,6,horse,True,True,0.9716225266456604
STL-10,test,4735,6304,hue_rotation_90,vit_b_16_linear_head,2,car,2,car,2,car,True,True,0.9566816091537476
STL-10,test,4740,6304,hue_rotation_90,vit_b_16_linear_head,4,deer,4,deer,4,deer,True,True,0.47503700852394104
STL-10,test,4746,6304,hue_rotation_90,vit_b_16_linear_head,6,horse,6,horse,6,horse,True,True,0.914142370223999
STL-10,test,4748,6304,hue_rotation_90,vit_b_16_linear_head,7,monkey,7,monkey,7,monkey,True,True,0.9870577454566956
STL-10,test,4754,6304,hue_rotation_90,vit_b_16_linear_head,6,horse,6,horse,6,horse,True,True,0.8752507567405701
STL-10,test,4785,6304,hue_rotation_90,vit_b_16_linear_head,0,airplane,0,airplane,0,airplane,True,True,0.9537343978881836
STL-10,test,4791,6304,hue_rotation_90,vit_b_16_linear_head,7,monkey,7,monkey,7,monkey,True,True,0.9802737236022949
STL-10,test,4819,6304,hue_rotation_90,vit_b_16_linear_head,0,airplane,0,airplane,0,airplane,True,True,0.9944940209388733
STL-10,test,4821,6304,hue_rotation_90,vit_b_16_linear_head,3,cat,3,cat,3,cat,True,True,0.981351375579834
STL-10,test,4827,6304,hue_rotation_90,vit_b_16_linear_head,6,horse,6,horse,6,horse,True,True,0.43871232867240906
STL-10,test,4850,6304,hue_rotation_90,vit_b_16_linear_head,5,dog,5,dog,5,dog,True,True,0.9395145773887634
STL-10,test,4881,6304,hue_rotation_90,vit_b_16_linear_head,3,cat,3,cat,3,cat,True,True,0.9757177233695984
STL-10,test,4893,6304,hue_rotation_90,vit_b_16_linear_head,0,airplane,0,airplane,0,airplane,True,True,0.9907922744750977
STL-10,test,4908,6304,hue_rotation_90,vit_b_16_linear_head,3,cat,3,cat,3,cat,True,True,0.969959557056427
STL-10,test,4913,6304,hue_rotation_90,vit_b_16_linear_head,2,car,2,car,2,car,True,True,0.962843656539917
STL-10,test,4921,6304,hue_rotation_90,vit_b_16_linear_head,2,car,2,car,2,car,True,True,0.9979629516601562
STL-10,test,4953,6304,hue_rotation_90,vit_b_16_linear_head,5,dog,5,dog,5,dog,True,True,0.4836045801639557
STL-10,test,4966,6304,hue_rotation_90,vit_b_16_linear_head,5,dog,5,dog,7,monkey,False,False,0.17381547391414642
STL-10,test,4990,6304,hue_rotation_90,vit_b_16_linear_head,8,ship,8,ship,8,ship,True,True,0.7434914708137512
STL-10,test,5000,6304,hue_rotation_90,vit_b_16_linear_head,8,ship,8,ship,8,ship,True,True,0.9163413047790527
STL-10,test,5030,6304,hue_rotation_90,vit_b_16_linear_head,2,car,2,car,2,car,True,True,0.9928284287452698
STL-10,test,5062,6304,hue_rotation_90,vit_b_16_linear_head,4,deer,4,deer,4,deer,True,True,0.9482259750366211
STL-10,test,5077,6304,hue_rotation_90,vit_b_16_linear_head,4,deer,4,deer,4,deer,True,True,0.47312769293785095
STL-10,test,5082,6304,hue_rotation_90,vit_b_16_linear_head,6,horse,6,horse,6,horse,True,True,0.9584254026412964
STL-10,test,5092,6304,hue_rotation_90,vit_b_16_linear_head,1,bird,1,bird,1,bird,True,True,0.9964930415153503
STL-10,test,5101,6304,hue_rotation_90,vit_b_16_linear_head,5,dog,2,car,2,car,False,True,0.39979633688926697
STL-10,test,5117,6304,hue_rotation_90,vit_b_16_linear_head,0,airplane,0,airplane,0,airplane,True,True,0.9980791807174683
STL-10,test,5123,6304,hue_rotation_90,vit_b_16_linear_head,1,bird,1,bird,1,bird,True,True,0.997654914855957
STL-10,test,5135,6304,hue_rotation_90,vit_b_16_linear_head,4,deer,4,deer,3,cat,False,False,0.5006400942802429
STL-10,test,5183,6304,hue_rotation_90,vit_b_16_linear_head,2,car,2,car,2,car,True,True,0.9819583296775818
STL-10,test,5213,6304,hue_rotation_90,vit_b_16_linear_head,4,deer,4,deer,4,deer,True,True,0.9691690802574158
STL-10,test,5218,6304,hue_rotation_90,vit_b_16_linear_head,2,car,2,car,2,car,True,True,0.9916016459465027
STL-10,test,5220,6304,hue_rotation_90,vit_b_16_linear_head,1,bird,1,bird,1,bird,True,True,0.2830401062965393
STL-10,test,5237,6304,hue_rotation_90,vit_b_16_linear_head,2,car,2,car,2,car,True,True,0.9228996634483337
STL-10,test,5256,6304,hue_rotation_90,vit_b_16_linear_head,1,bird,1,bird,1,bird,True,True,0.9987485408782959
STL-10,test,5284,6304,hue_rotation_90,vit_b_16_linear_head,9,truck,9,truck,9,truck,True,True,0.9871931672096252
STL-10,test,5301,6304,hue_rotation_90,vit_b_16_linear_head,9,truck,9,truck,9,truck,True,True,0.8357012867927551
STL-10,test,5318,6304,hue_rotation_90,vit_b_16_linear_head,2,car,2,car,2,car,True,True,0.8162211179733276
STL-10,test,5332,6304,hue_rotation_90,vit_b_16_linear_head,5,dog,5,dog,5,dog,True,True,0.7277839779853821
STL-10,test,5333,6304,hue_rotation_90,vit_b_16_linear_head,2,car,2,car,2,car,True,True,0.9894101619720459
STL-10,test,5360,6304,hue_rotation_90,vit_b_16_linear_head,9,truck,9,truck,9,truck,True,True,0.9993047714233398
STL-10,test,5381,6304,hue_rotation_90,vit_b_16_linear_head,5,dog,5,dog,5,dog,True,True,0.6917429566383362
STL-10,test,5382,6304,hue_rotation_90,vit_b_16_linear_head,6,horse,6,horse,6,horse,True,True,0.9612608551979065
STL-10,test,5395,6304,hue_rotation_90,vit_b_16_linear_head,2,car,2,car,2,car,True,True,0.99397212266922
STL-10,test,5402,6304,hue_rotation_90,vit_b_16_linear_head,4,deer,4,deer,4,deer,True,True,0.8980341553688049
STL-10,test,5408,6304,hue_rotation_90,vit_b_16_linear_head,6,horse,6,horse,6,horse,True,True,0.7973043918609619
STL-10,test,5436,6304,hue_rotation_90,vit_b_16_linear_head,7,monkey,7,monkey,7,monkey,True,True,0.9800815582275391
STL-10,test,5447,6304,hue_rotation_90,vit_b_16_linear_head,9,truck,9,truck,9,truck,True,True,0.9968468546867371
STL-10,test,5450,6304,hue_rotation_90,vit_b_16_linear_head,7,monkey,7,monkey,7,monkey,True,True,0.9924736022949219
STL-10,test,5451,6304,hue_rotation_90,vit_b_16_linear_head,8,ship,8,ship,8,ship,True,True,0.9941049814224243
STL-10,test,5452,6304,hue_rotation_90,vit_b_16_linear_head,9,truck,9,truck,9,truck,True,True,0.9896155595779419
STL-10,test,5467,6304,hue_rotation_90,vit_b_16_linear_head,4,deer,4,deer,4,deer,True,True,0.6405461430549622
STL-10,test,5478,6304,hue_rotation_90,vit_b_16_linear_head,0,airplane,0,airplane,2,car,False,False,0.3152809739112854
STL-10,test,5488,6304,hue_rotation_90,vit_b_16_linear_head,1,bird,1,bird,7,monkey,False,False,0.6717216968536377
STL-10,test,5496,6304,hue_rotation_90,vit_b_16_linear_head,5,dog,5,dog,5,dog,True,True,0.7337688207626343
STL-10,test,5508,6304,hue_rotation_90,vit_b_16_linear_head,9,truck,9,truck,9,truck,True,True,0.9910548329353333
STL-10,test,5512,6304,hue_rotation_90,vit_b_16_linear_head,2,car,9,truck,2,car,True,False,0.2001030147075653
STL-10,test,5525,6304,hue_rotation_90,vit_b_16_linear_head,8,ship,8,ship,8,ship,True,True,0.990265429019928
STL-10,test,5528,6304,hue_rotation_90,vit_b_16_linear_head,3,cat,3,cat,3,cat,True,True,0.9712806344032288
STL-10,test,5556,6304,hue_rotation_90,vit_b_16_linear_head,4,deer,4,deer,4,deer,True,True,0.5981945395469666
STL-10,test,5560,6304,hue_rotation_90,vit_b_16_linear_head,1,bird,1,bird,1,bird,True,True,0.8115081787109375
STL-10,test,5572,6304,hue_rotation_90,vit_b_16_linear_head,9,truck,9,truck,9,truck,True,True,0.884048581123352
STL-10,test,5580,6304,hue_rotation_90,vit_b_16_linear_head,6,horse,5,dog,5,dog,False,True,0.6260026693344116
STL-10,test,5590,6304,hue_rotation_90,vit_b_16_linear_head,9,truck,9,truck,9,truck,True,True,0.9399718046188354
STL-10,test,5623,6304,hue_rotation_90,vit_b_16_linear_head,4,deer,4,deer,4,deer,True,True,0.9889418482780457
STL-10,test,5677,6304,hue_rotation_90,vit_b_16_linear_head,2,car,2,car,2,car,True,True,0.9763043522834778
STL-10,test,5694,6304,hue_rotation_90,vit_b_16_linear_head,8,ship,8,ship,8,ship,True,True,0.9642007350921631
STL-10,test,5701,6304,hue_rotation_90,vit_b_16_linear_head,5,dog,5,dog,5,dog,True,True,0.9366158843040466
STL-10,test,5705,6304,hue_rotation_90,vit_b_16_linear_head,8,ship,8,ship,8,ship,True,True,0.9981921315193176
STL-10,test,5719,6304,hue_rotation_90,vit_b_16_linear_head,7,monkey,7,monkey,7,monkey,True,True,0.9654992818832397
STL-10,test,5729,6304,hue_rotation_90,vit_b_16_linear_head,6,horse,6,horse,6,horse,True,True,0.7172049283981323
STL-10,test,5756,6304,hue_rotation_90,vit_b_16_linear_head,2,car,2,car,2,car,True,True,0.9918600916862488
STL-10,test,5788,6304,hue_rotation_90,vit_b_16_linear_head,9,truck,9,truck,9,truck,True,True,0.9990311861038208
STL-10,test,5789,6304,hue_rotation_90,vit_b_16_linear_head,4,deer,4,deer,4,deer,True,True,0.9895244240760803
STL-10,test,5824,6304,hue_rotation_90,vit_b_16_linear_head,2,car,2,car,2,car,True,True,0.9297934770584106
STL-10,test,5848,6304,hue_rotation_90,vit_b_16_linear_head,7,monkey,7,monkey,7,monkey,True,True,0.9919435977935791
STL-10,test,5851,6304,hue_rotation_90,vit_b_16_linear_head,9,truck,9,truck,9,truck,True,True,0.9843912124633789
STL-10,test,5857,6304,hue_rotation_90,vit_b_16_linear_head,6,horse,4,deer,4,deer,False,True,0.6388071179389954
STL-10,test,5858,6304,hue_rotation_90,vit_b_16_linear_head,6,horse,6,horse,6,horse,True,True,0.9721634387969971
STL-10,test,5912,6304,hue_rotation_90,vit_b_16_linear_head,0,airplane,0,airplane,0,airplane,True,True,0.9958242177963257
STL-10,test,5915,6304,hue_rotation_90,vit_b_16_linear_head,9,truck,9,truck,9,truck,True,True,0.9437683820724487
STL-10,test,5918,6304,hue_rotation_90,vit_b_16_linear_head,0,airplane,0,airplane,0,airplane,True,True,0.9947191476821899
STL-10,test,5924,6304,hue_rotation_90,vit_b_16_linear_head,5,dog,5,dog,5,dog,True,True,0.9584460258483887
STL-10,test,5977,6304,hue_rotation_90,vit_b_16_linear_head,7,monkey,7,monkey,7,monkey,True,True,0.9762869477272034
STL-10,test,5981,6304,hue_rotation_90,vit_b_16_linear_head,9,truck,9,truck,9,truck,True,True,0.5349231958389282
STL-10,test,5999,6304,hue_rotation_90,vit_b_16_linear_head,0,airplane,0,airplane,0,airplane,True,True,0.9848723411560059
STL-10,test,6028,6304,hue_rotation_90,vit_b_16_linear_head,2,car,2,car,2,car,True,True,0.9986467957496643
STL-10,test,6033,6304,hue_rotation_90,vit_b_16_linear_head,4,deer,4,deer,4,deer,True,True,0.9040054082870483
STL-10,test,6076,6304,hue_rotation_90,vit_b_16_linear_head,1,bird,1,bird,1,bird,True,True,0.9995330572128296
STL-10,test,6084,6304,hue_rotation_90,vit_b_16_linear_head,7,monkey,7,monkey,7,monkey,True,True,0.9837744235992432
STL-10,test,6097,6304,hue_rotation_90,vit_b_16_linear_head,4,deer,4,deer,4,deer,True,True,0.8644380569458008
STL-10,test,6169,6304,hue_rotation_90,vit_b_16_linear_head,1,bird,1,bird,0,airplane,False,False,0.5468018651008606
STL-10,test,6190,6304,hue_rotation_90,vit_b_16_linear_head,7,monkey,7,monkey,7,monkey,True,True,0.9964002370834351
STL-10,test,6224,6304,hue_rotation_90,vit_b_16_linear_head,5,dog,5,dog,5,dog,True,True,0.47258731722831726
STL-10,test,6244,6304,hue_rotation_90,vit_b_16_linear_head,2,car,2,car,2,car,True,True,0.9843890070915222
STL-10,test,6264,6304,hue_rotation_90,vit_b_16_linear_head,2,car,2,car,2,car,True,True,0.9989989399909973
STL-10,test,6271,6304,hue_rotation_90,vit_b_16_linear_head,2,car,2,car,2,car,True,True,0.9663139581680298
STL-10,test,6288,6304,hue_rotation_90,vit_b_16_linear_head,4,deer,4,deer,4,deer,True,True,0.9675091505050659
STL-10,test,6332,6304,hue_rotation_90,vit_b_16_linear_head,2,car,2,car,2,car,True,True,0.9825764894485474
STL-10,test,6349,6304,hue_rotation_90,vit_b_16_linear_head,1,bird,1,bird,1,bird,True,True,0.988031268119812
STL-10,test,6354,6304,hue_rotation_90,vit_b_16_linear_head,2,car,2,car,2,car,True,True,0.9350913166999817
STL-10,test,6358,6304,hue_rotation_90,vit_b_16_linear_head,5,dog,5,dog,5,dog,True,True,0.6067785620689392
STL-10,test,6381,6304,hue_rotation_90,vit_b_16_linear_head,6,horse,6,horse,6,horse,True,True,0.9344823360443115
STL-10,test,6414,6304,hue_rotation_90,vit_b_16_linear_head,5,dog,5,dog,5,dog,True,True,0.32584047317504883
STL-10,test,6426,6304,hue_rotation_90,vit_b_16_linear_head,2,car,2,car,2,car,True,True,0.9978300929069519
STL-10,test,6434,6304,hue_rotation_90,vit_b_16_linear_head,8,ship,8,ship,8,ship,True,True,0.9928056597709656
STL-10,test,6437,6304,hue_rotation_90,vit_b_16_linear_head,0,airplane,0,airplane,0,airplane,True,True,0.9785690307617188
STL-10,test,6455,6304,hue_rotation_90,vit_b_16_linear_head,0,airplane,0,airplane,0,airplane,True,True,0.9795442223548889
STL-10,test,6490,6304,hue_rotation_90,vit_b_16_linear_head,3,cat,3,cat,3,cat,True,True,0.9700727462768555
STL-10,test,6503,6304,hue_rotation_90,vit_b_16_linear_head,2,car,2,car,2,car,True,True,0.9630048274993896
STL-10,test,6508,6304,hue_rotation_90,vit_b_16_linear_head,4,deer,4,deer,4,deer,True,True,0.9909787178039551
STL-10,test,6528,6304,hue_rotation_90,vit_b_16_linear_head,4,deer,4,deer,4,deer,True,True,0.9878003597259521
STL-10,test,6594,6304,hue_rotation_90,vit_b_16_linear_head,1,bird,1,bird,1,bird,True,True,0.823891282081604
STL-10,test,6609,6304,hue_rotation_90,vit_b_16_linear_head,0,airplane,0,airplane,0,airplane,True,True,0.997101366519928
STL-10,test,6616,6304,hue_rotation_90,vit_b_16_linear_head,2,car,2,car,2,car,True,True,0.9823185205459595
STL-10,test,6650,6304,hue_rotation_90,vit_b_16_linear_head,7,monkey,7,monkey,7,monkey,True,True,0.9890372157096863
STL-10,test,6689,6304,hue_rotation_90,vit_b_16_linear_head,8,ship,8,ship,8,ship,True,True,0.8118642568588257
STL-10,test,6692,6304,hue_rotation_90,vit_b_16_linear_head,2,car,2,car,2,car,True,True,0.9728087782859802
STL-10,test,6713,6304,hue_rotation_90,vit_b_16_linear_head,6,horse,6,horse,6,horse,True,True,0.8657585978507996
STL-10,test,6716,6304,hue_rotation_90,vit_b_16_linear_head,5,dog,6,horse,7,monkey,False,False,0.16360275447368622
STL-10,test,6726,6304,hue_rotation_90,vit_b_16_linear_head,7,monkey,7,monkey,7,monkey,True,True,0.9755864143371582
STL-10,test,6733,6304,hue_rotation_90,vit_b_16_linear_head,1,bird,1,bird,1,bird,True,True,0.9520536065101624
STL-10,test,6772,6304,hue_rotation_90,vit_b_16_linear_head,7,monkey,7,monkey,3,cat,False,False,0.5844259262084961
STL-10,test,6805,6304,hue_rotation_90,vit_b_16_linear_head,1,bird,1,bird,1,bird,True,True,0.5385910272598267
STL-10,test,6836,6304,hue_rotation_90,vit_b_16_linear_head,1,bird,1,bird,1,bird,True,True,0.9414306282997131
STL-10,test,6844,6304,hue_rotation_90,vit_b_16_linear_head,0,airplane,0,airplane,0,airplane,True,True,0.982763409614563
STL-10,test,6922,6304,hue_rotation_90,vit_b_16_linear_head,5,dog,5,dog,5,dog,True,True,0.9659010171890259
STL-10,test,6931,6304,hue_rotation_90,vit_b_16_linear_head,9,truck,9,truck,9,truck,True,True,0.37831437587738037
STL-10,test,6938,6304,hue_rotation_90,vit_b_16_linear_head,1,bird,1,bird,1,bird,True,True,0.9984517097473145
STL-10,test,6952,6304,hue_rotation_90,vit_b_16_linear_head,3,cat,3,cat,3,cat,True,True,0.7611883878707886
STL-10,test,6954,6304,hue_rotation_90,vit_b_16_linear_head,1,bird,1,bird,1,bird,True,True,0.7942410707473755
STL-10,test,6986,6304,hue_rotation_90,vit_b_16_linear_head,0,airplane,0,airplane,0,airplane,True,True,0.9966036081314087
STL-10,test,6989,6304,hue_rotation_90,vit_b_16_linear_head,5,dog,5,dog,5,dog,True,True,0.760615885257721
STL-10,test,7009,6304,hue_rotation_90,vit_b_16_linear_head,0,airplane,0,airplane,0,airplane,True,True,0.9922480583190918
STL-10,test,7029,6304,hue_rotation_90,vit_b_16_linear_head,1,bird,1,bird,1,bird,True,True,0.9993807077407837
STL-10,test,7033,6304,hue_rotation_90,vit_b_16_linear_head,1,bird,1,bird,1,bird,True,True,0.9568201899528503
STL-10,test,7041,6304,hue_rotation_90,vit_b_16_linear_head,5,dog,5,dog,5,dog,True,True,0.4968853294849396
STL-10,test,7047,6304,hue_rotation_90,vit_b_16_linear_head,9,truck,9,truck,9,truck,True,True,0.9899610280990601
STL-10,test,7081,6304,hue_rotation_90,vit_b_16_linear_head,7,monkey,7,monkey,7,monkey,True,True,0.9279724359512329
STL-10,test,7084,6304,hue_rotation_90,vit_b_16_linear_head,2,car,2,car,2,car,True,True,0.9969534873962402
STL-10,test,7108,6304,hue_rotation_90,vit_b_16_linear_head,6,horse,6,horse,6,horse,True,True,0.91704922914505
STL-10,test,7130,6304,hue_rotation_90,vit_b_16_linear_head,5,dog,5,dog,5,dog,True,True,0.6640632152557373
STL-10,test,7138,6304,hue_rotation_90,vit_b_16_linear_head,8,ship,8,ship,8,ship,True,True,0.9196956157684326
STL-10,test,7150,6304,hue_rotation_90,vit_b_16_linear_head,0,airplane,0,airplane,0,airplane,True,True,0.9945002794265747
STL-10,test,7202,6304,hue_rotation_90,vit_b_16_linear_head,1,bird,1,bird,1,bird,True,True,0.9396979808807373
STL-10,test,7262,6304,hue_rotation_90,vit_b_16_linear_head,0,airplane,0,airplane,0,airplane,True,True,0.9993829727172852
STL-10,test,7266,6304,hue_rotation_90,vit_b_16_linear_head,9,truck,9,truck,9,truck,True,True,0.7775849103927612
STL-10,test,7270,6304,hue_rotation_90,vit_b_16_linear_head,7,monkey,7,monkey,7,monkey,True,True,0.9913984537124634
STL-10,test,7309,6304,hue_rotation_90,vit_b_16_linear_head,0,airplane,0,airplane,0,airplane,True,True,0.991809070110321
STL-10,test,7320,6304,hue_rotation_90,vit_b_16_linear_head,0,airplane,0,airplane,0,airplane,True,True,0.9324570298194885
STL-10,test,7338,6304,hue_rotation_90,vit_b_16_linear_head,6,horse,6,horse,6,horse,True,True,0.8341723084449768
STL-10,test,7372,6304,hue_rotation_90,vit_b_16_linear_head,0,airplane,0,airplane,0,airplane,True,True,0.9750131964683533
STL-10,test,7373,6304,hue_rotation_90,vit_b_16_linear_head,0,airplane,0,airplane,0,airplane,True,True,0.9637444615364075
STL-10,test,7380,6304,hue_rotation_90,vit_b_16_linear_head,9,truck,9,truck,9,truck,True,True,0.99021977186203
STL-10,test,7390,6304,hue_rotation_90,vit_b_16_linear_head,1,bird,1,bird,1,bird,True,True,0.8161477446556091
STL-10,test,7413,6304,hue_rotation_90,vit_b_16_linear_head,5,dog,5,dog,5,dog,True,True,0.576108455657959
STL-10,test,7416,6304,hue_rotation_90,vit_b_16_linear_head,3,cat,3,cat,5,dog,False,False,0.3759654462337494
STL-10,test,7425,6304,hue_rotation_90,vit_b_16_linear_head,2,car,2,car,2,car,True,True,0.9990730285644531
STL-10,test,7446,6304,hue_rotation_90,vit_b_16_linear_head,8,ship,8,ship,8,ship,True,True,0.9623432755470276
STL-10,test,7460,6304,hue_rotation_90,vit_b_16_linear_head,8,ship,8,ship,8,ship,True,True,0.7127240896224976
STL-10,test,7465,6304,hue_rotation_90,vit_b_16_linear_head,0,airplane,0,airplane,0,airplane,True,True,0.9973449110984802
STL-10,test,7474,6304,hue_rotation_90,vit_b_16_linear_head,5,dog,5,dog,5,dog,True,True,0.9622489213943481
STL-10,test,7475,6304,hue_rotation_90,vit_b_16_linear_head,4,deer,4,deer,4,deer,True,True,0.7979614734649658
STL-10,test,7476,6304,hue_rotation_90,vit_b_16_linear_head,8,ship,0,airplane,8,ship,True,False,0.38000059127807617
STL-10,test,7544,6304,hue_rotation_90,vit_b_16_linear_head,9,truck,9,truck,9,truck,True,True,0.7025229334831238
STL-10,test,7555,6304,hue_rotation_90,vit_b_16_linear_head,6,horse,6,horse,6,horse,True,True,0.8031801581382751
STL-10,test,7600,6304,hue_rotation_90,vit_b_16_linear_head,6,horse,6,horse,6,horse,True,True,0.9909918308258057
STL-10,test,7610,6304,hue_rotation_90,vit_b_16_linear_head,4,deer,4,deer,4,deer,True,True,0.9708883166313171
STL-10,test,7634,6304,hue_rotation_90,vit_b_16_linear_head,0,airplane,0,airplane,0,airplane,True,True,0.9900516867637634
STL-10,test,7692,6304,hue_rotation_90,vit_b_16_linear_head,4,deer,4,deer,4,deer,True,True,0.9896355271339417
STL-10,test,7706,6304,hue_rotation_90,vit_b_16_linear_head,5,dog,5,dog,5,dog,True,True,0.4031064808368683
STL-10,test,7726,6304,hue_rotation_90,vit_b_16_linear_head,6,horse,6,horse,6,horse,True,True,0.6683163046836853
STL-10,test,7744,6304,hue_rotation_90,vit_b_16_linear_head,3,cat,3,cat,3,cat,True,True,0.4756444990634918
STL-10,test,7752,6304,hue_rotation_90,vit_b_16_linear_head,9,truck,9,truck,9,truck,True,True,0.9943240880966187
STL-10,test,7776,6304,hue_rotation_90,vit_b_16_linear_head,5,dog,5,dog,5,dog,True,True,0.8185409307479858
STL-10,test,7779,6304,hue_rotation_90,vit_b_16_linear_head,6,horse,6,horse,6,horse,True,True,0.9655455946922302
STL-10,test,7781,6304,hue_rotation_90,vit_b_16_linear_head,6,horse,6,horse,6,horse,True,True,0.9744192957878113
STL-10,test,7793,6304,hue_rotation_90,vit_b_16_linear_head,3,cat,7,monkey,3,cat,True,False,0.4910922050476074
STL-10,test,7797,6304,hue_rotation_90,vit_b_16_linear_head,3,cat,3,cat,3,cat,True,True,0.9911865592002869
STL-10,test,7810,6304,hue_rotation_90,vit_b_16_linear_head,8,ship,8,ship,8,ship,True,True,0.9947576522827148
STL-10,test,7818,6304,hue_rotation_90,vit_b_16_linear_head,8,ship,8,ship,8,ship,True,True,0.9660706520080566
STL-10,test,7835,6304,hue_rotation_90,vit_b_16_linear_head,7,monkey,7,monkey,7,monkey,True,True,0.9709751605987549
STL-10,test,7864,6304,hue_rotation_90,vit_b_16_linear_head,4,deer,4,deer,4,deer,True,True,0.9562353491783142
STL-10,test,7875,6304,hue_rotation_90,vit_b_16_linear_head,8,ship,8,ship,8,ship,True,True,0.967578649520874
STL-10,test,7938,6304,hue_rotation_90,vit_b_16_linear_head,9,truck,9,truck,9,truck,True,True,0.9422398805618286
STL-10,test,7940,6304,hue_rotation_90,vit_b_16_linear_head,4,deer,4,deer,4,deer,True,True,0.9934380650520325
STL-10,test,7944,6304,hue_rotation_90,vit_b_16_linear_head,4,deer,4,deer,0,airplane,False,False,0.32048240303993225
STL-10,test,7955,6304,hue_rotation_90,vit_b_16_linear_head,1,bird,1,bird,1,bird,True,True,0.999638557434082
STL-10,test,7995,6304,hue_rotation_90,vit_b_16_linear_head,9,truck,9,truck,9,truck,True,True,0.585568368434906
STL-10,test,7996,6304,hue_rotation_90,vit_b_16_linear_head,6,horse,6,horse,6,horse,True,True,0.978529691696167
STL-10,test,7999,6304,hue_rotation_90,vit_b_16_linear_head,8,ship,8,ship,8,ship,True,True,0.9537103176116943
STL-10,test,3,6304,grayscale,clip_vit_b_32_linear_head,0,airplane,0,airplane,0,airplane,True,True,0.21086432039737701
STL-10,test,29,6304,grayscale,clip_vit_b_32_linear_head,7,monkey,7,monkey,7,monkey,True,True,0.23565608263015747
STL-10,test,35,6304,grayscale,clip_vit_b_32_linear_head,2,car,2,car,9,truck,False,False,0.1478315144777298
STL-10,test,42,6304,grayscale,clip_vit_b_32_linear_head,0,airplane,0,airplane,0,airplane,True,True,0.22770966589450836
STL-10,test,49,6304,grayscale,clip_vit_b_32_linear_head,2,car,2,car,2,car,True,True,0.241193950176239
STL-10,test,81,6304,grayscale,clip_vit_b_32_linear_head,0,airplane,0,airplane,0,airplane,True,True,0.1904267817735672
STL-10,test,95,6304,grayscale,clip_vit_b_32_linear_head,1,bird,1,bird,1,bird,True,True,0.21361565589904785
STL-10,test,97,6304,grayscale,clip_vit_b_32_linear_head,5,dog,5,dog,5,dog,True,True,0.1536332070827484
STL-10,test,116,6304,grayscale,clip_vit_b_32_linear_head,1,bird,1,bird,1,bird,True,True,0.17386306822299957
STL-10,test,131,6304,grayscale,clip_vit_b_32_linear_head,9,truck,9,truck,9,truck,True,True,0.18376308679580688
STL-10,test,151,6304,grayscale,clip_vit_b_32_linear_head,8,ship,8,ship,8,ship,True,True,0.23602160811424255
STL-10,test,171,6304,grayscale,clip_vit_b_32_linear_head,4,deer,4,deer,4,deer,True,True,0.19562803208827972
STL-10,test,176,6304,grayscale,clip_vit_b_32_linear_head,3,cat,3,cat,3,cat,True,True,0.22110171616077423
STL-10,test,191,6304,grayscale,clip_vit_b_32_linear_head,9,truck,2,car,2,car,False,True,0.1779353767633438
STL-10,test,194,6304,grayscale,clip_vit_b_32_linear_head,8,ship,8,ship,8,ship,True,True,0.26974397897720337
STL-10,test,198,6304,grayscale,clip_vit_b_32_linear_head,1,bird,1,bird,1,bird,True,True,0.2138015627861023
STL-10,test,239,6304,grayscale,clip_vit_b_32_linear_head,9,truck,9,truck,9,truck,True,True,0.22283269464969635
STL-10,test,261,6304,grayscale,clip_vit_b_32_linear_head,1,bird,1,bird,1,bird,True,True,0.16849680244922638
STL-10,test,269,6304,grayscale,clip_vit_b_32_linear_head,7,monkey,7,monkey,7,monkey,True,True,0.20164093375205994
STL-10,test,276,6304,grayscale,clip_vit_b_32_linear_head,9,truck,9,truck,9,truck,True,True,0.16169095039367676
STL-10,test,303,6304,grayscale,clip_vit_b_32_linear_head,9,truck,9,truck,9,truck,True,True,0.22950324416160583
STL-10,test,304,6304,grayscale,clip_vit_b_32_linear_head,1,bird,1,bird,1,bird,True,True,0.13739438354969025
STL-10,test,317,6304,grayscale,clip_vit_b_32_linear_head,2,car,2,car,2,car,True,True,0.2331772893667221
STL-10,test,319,6304,grayscale,clip_vit_b_32_linear_head,5,dog,5,dog,5,dog,True,True,0.2109535187482834
STL-10,test,323,6304,grayscale,clip_vit_b_32_linear_head,7,monkey,7,monkey,7,monkey,True,True,0.23935066163539886
STL-10,test,365,6304,grayscale,clip_vit_b_32_linear_head,3,cat,3,cat,3,cat,True,True,0.21669945120811462
STL-10,test,370,6304,grayscale,clip_vit_b_32_linear_head,7,monkey,7,monkey,7,monkey,True,True,0.20480163395404816
STL-10,test,372,6304,grayscale,clip_vit_b_32_linear_head,3,cat,3,cat,3,cat,True,True,0.2049766480922699
STL-10,test,378,6304,grayscale,clip_vit_b_32_linear_head,5,dog,5,dog,5,dog,True,True,0.2258942872285843
STL-10,test,391,6304,grayscale,clip_vit_b_32_linear_head,3,cat,3,cat,3,cat,True,True,0.19631297886371613
STL-10,test,409,6304,grayscale,clip_vit_b_32_linear_head,2,car,2,car,2,car,True,True,0.2581884264945984
STL-10,test,419,6304,grayscale,clip_vit_b_32_linear_head,9,truck,9,truck,9,truck,True,True,0.202518031001091
STL-10,test,449,6304,grayscale,clip_vit_b_32_linear_head,6,horse,6,horse,6,horse,True,True,0.20051102340221405
STL-10,test,470,6304,grayscale,clip_vit_b_32_linear_head,2,car,2,car,2,car,True,True,0.26010802388191223
STL-10,test,483,6304,grayscale,clip_vit_b_32_linear_head,2,car,2,car,2,car,True,True,0.2087744027376175
STL-10,test,484,6304,grayscale,clip_vit_b_32_linear_head,0,airplane,0,airplane,0,airplane,True,True,0.24507427215576172
STL-10,test,506,6304,grayscale,clip_vit_b_32_linear_head,4,deer,4,deer,4,deer,True,True,0.19310401380062103
STL-10,test,545,6304,grayscale,clip_vit_b_32_linear_head,6,horse,6,horse,6,horse,True,True,0.1717408150434494
STL-10,test,562,6304,grayscale,clip_vit_b_32_linear_head,0,airplane,0,airplane,0,airplane,True,True,0.19981342554092407
STL-10,test,568,6304,grayscale,clip_vit_b_32_linear_head,5,dog,5,dog,5,dog,True,True,0.17574235796928406
STL-10,test,603,6304,grayscale,clip_vit_b_32_linear_head,9,truck,9,truck,9,truck,True,True,0.2286553680896759
STL-10,test,632,6304,grayscale,clip_vit_b_32_linear_head,3,cat,3,cat,3,cat,True,True,0.24223926663398743
STL-10,test,645,6304,grayscale,clip_vit_b_32_linear_head,5,dog,5,dog,5,dog,True,True,0.2119905948638916
STL-10,test,667,6304,grayscale,clip_vit_b_32_linear_head,8,ship,8,ship,8,ship,True,True,0.24907559156417847
STL-10,test,672,6304,grayscale,clip_vit_b_32_linear_head,3,cat,3,cat,3,cat,True,True,0.2344260960817337
STL-10,test,677,6304,grayscale,clip_vit_b_32_linear_head,3,cat,3,cat,3,cat,True,True,0.19330203533172607
STL-10,test,685,6304,grayscale,clip_vit_b_32_linear_head,5,dog,5,dog,5,dog,True,True,0.20115062594413757
STL-10,test,691,6304,grayscale,clip_vit_b_32_linear_head,4,deer,4,deer,4,deer,True,True,0.24659976363182068
STL-10,test,706,6304,grayscale,clip_vit_b_32_linear_head,8,ship,8,ship,8,ship,True,True,0.25781145691871643
STL-10,test,714,6304,grayscale,clip_vit_b_32_linear_head,2,car,2,car,2,car,True,True,0.15974274277687073
STL-10,test,716,6304,grayscale,clip_vit_b_32_linear_head,8,ship,8,ship,8,ship,True,True,0.2679700255393982
STL-10,test,738,6304,grayscale,clip_vit_b_32_linear_head,3,cat,3,cat,3,cat,True,True,0.18231111764907837
STL-10,test,739,6304,grayscale,clip_vit_b_32_linear_head,8,ship,8,ship,8,ship,True,True,0.25577694177627563
STL-10,test,766,6304,grayscale,clip_vit_b_32_linear_head,4,deer,6,horse,4,deer,True,False,0.14687591791152954
STL-10,test,791,6304,grayscale,clip_vit_b_32_linear_head,3,cat,3,cat,3,cat,True,True,0.21343454718589783
STL-10,test,805,6304,grayscale,clip_vit_b_32_linear_head,9,truck,9,truck,9,truck,True,True,0.1905040591955185
STL-10,test,825,6304,grayscale,clip_vit_b_32_linear_head,1,bird,1,bird,1,bird,True,True,0.1718345433473587
STL-10,test,852,6304,grayscale,clip_vit_b_32_linear_head,9,truck,9,truck,9,truck,True,True,0.24949097633361816
STL-10,test,855,6304,grayscale,clip_vit_b_32_linear_head,4,deer,4,deer,4,deer,True,True,0.23102284967899323
STL-10,test,873,6304,grayscale,clip_vit_b_32_linear_head,6,horse,6,horse,6,horse,True,True,0.19229115545749664
STL-10,test,890,6304,grayscale,clip_vit_b_32_linear_head,6,horse,6,horse,6,horse,True,True,0.22291943430900574
STL-10,test,920,6304,grayscale,clip_vit_b_32_linear_head,6,horse,6,horse,6,horse,True,True,0.20934656262397766
STL-10,test,929,6304,grayscale,clip_vit_b_32_linear_head,6,horse,6,horse,6,horse,True,True,0.24817189574241638
STL-10,test,962,6304,grayscale,clip_vit_b_32_linear_head,8,ship,8,ship,8,ship,True,True,0.2396765947341919
STL-10,test,964,6304,grayscale,clip_vit_b_32_linear_head,6,horse,6,horse,6,horse,True,True,0.1829657107591629
STL-10,test,977,6304,grayscale,clip_vit_b_32_linear_head,6,horse,6,horse,6,horse,True,True,0.24408505856990814
STL-10,test,979,6304,grayscale,clip_vit_b_32_linear_head,3,cat,3,cat,3,cat,True,True,0.1898757964372635
STL-10,test,981,6304,grayscale,clip_vit_b_32_linear_head,2,car,2,car,2,car,True,True,0.2221265435218811
STL-10,test,1022,6304,grayscale,clip_vit_b_32_linear_head,9,truck,9,truck,9,truck,True,True,0.14754676818847656
STL-10,test,1032,6304,grayscale,clip_vit_b_32_linear_head,7,monkey,7,monkey,7,monkey,True,True,0.1477675586938858
STL-10,test,1048,6304,grayscale,clip_vit_b_32_linear_head,7,monkey,7,monkey,7,monkey,True,True,0.1705123335123062
STL-10,test,1090,6304,grayscale,clip_vit_b_32_linear_head,1,bird,1,bird,1,bird,True,True,0.16090668737888336
STL-10,test,1095,6304,grayscale,clip_vit_b_32_linear_head,5,dog,5,dog,5,dog,True,True,0.20586125552654266
STL-10,test,1109,6304,grayscale,clip_vit_b_32_linear_head,1,bird,1,bird,1,bird,True,True,0.15848134458065033
STL-10,test,1111,6304,grayscale,clip_vit_b_32_linear_head,4,deer,4,deer,4,deer,True,True,0.2713761031627655
STL-10,test,1115,6304,grayscale,clip_vit_b_32_linear_head,1,bird,1,bird,1,bird,True,True,0.16787096858024597
STL-10,test,1124,6304,grayscale,clip_vit_b_32_linear_head,4,deer,4,deer,4,deer,True,True,0.20400699973106384
STL-10,test,1129,6304,grayscale,clip_vit_b_32_linear_head,8,ship,8,ship,8,ship,True,True,0.2231053113937378
STL-10,test,1175,6304,grayscale,clip_vit_b_32_linear_head,0,airplane,0,airplane,0,airplane,True,True,0.24714140594005585
STL-10,test,1202,6304,grayscale,clip_vit_b_32_linear_head,2,car,2,car,2,car,True,True,0.23648259043693542
STL-10,test,1204,6304,grayscale,clip_vit_b_32_linear_head,3,cat,3,cat,3,cat,True,True,0.22426672279834747
STL-10,test,1211,6304,grayscale,clip_vit_b_32_linear_head,4,deer,4,deer,4,deer,True,True,0.21708139777183533
STL-10,test,1220,6304,grayscale,clip_vit_b_32_linear_head,7,monkey,7,monkey,7,monkey,True,True,0.21886809170246124
STL-10,test,1230,6304,grayscale,clip_vit_b_32_linear_head,1,bird,1,bird,7,monkey,False,False,0.18962037563323975
STL-10,test,1247,6304,grayscale,clip_vit_b_32_linear_head,8,ship,8,ship,8,ship,True,True,0.2451343983411789
STL-10,test,1263,6304,grayscale,clip_vit_b_32_linear_head,3,cat,3,cat,3,cat,True,True,0.20654654502868652
STL-10,test,1266,6304,grayscale,clip_vit_b_32_linear_head,4,deer,4,deer,4,deer,True,True,0.23001150786876678
STL-10,test,1287,6304,grayscale,clip_vit_b_32_linear_head,7,monkey,7,monkey,7,monkey,True,True,0.19106170535087585
STL-10,test,1296,6304,grayscale,clip_vit_b_32_linear_head,7,monkey,7,monkey,4,deer,False,False,0.1325572431087494
STL-10,test,1370,6304,grayscale,clip_vit_b_32_linear_head,3,cat,3,cat,3,cat,True,True,0.20287035405635834
STL-10,test,1389,6304,grayscale,clip_vit_b_32_linear_head,0,airplane,0,airplane,0,airplane,True,True,0.24605654180049896
STL-10,test,1401,6304,grayscale,clip_vit_b_32_linear_head,3,cat,3,cat,3,cat,True,True,0.20911608636379242
STL-10,test,1403,6304,grayscale,clip_vit_b_32_linear_head,2,car,2,car,2,car,True,True,0.22667409479618073
STL-10,test,1411,6304,grayscale,clip_vit_b_32_linear_head,9,truck,9,truck,9,truck,True,True,0.21438343822956085
STL-10,test,1429,6304,grayscale,clip_vit_b_32_linear_head,4,deer,4,deer,4,deer,True,True,0.13971884548664093
STL-10,test,1430,6304,grayscale,clip_vit_b_32_linear_head,9,truck,9,truck,9,truck,True,True,0.22754289209842682
STL-10,test,1431,6304,grayscale,clip_vit_b_32_linear_head,3,cat,3,cat,3,cat,True,True,0.2004440277814865
STL-10,test,1436,6304,grayscale,clip_vit_b_32_linear_head,1,bird,1,bird,1,bird,True,True,0.23209261894226074
STL-10,test,1440,6304,grayscale,clip_vit_b_32_linear_head,7,monkey,7,monkey,7,monkey,True,True,0.24419496953487396
STL-10,test,1468,6304,grayscale,clip_vit_b_32_linear_head,9,truck,9,truck,9,truck,True,True,0.18604068458080292
STL-10,test,1473,6304,grayscale,clip_vit_b_32_linear_head,7,monkey,7,monkey,7,monkey,True,True,0.24625197052955627
STL-10,test,1515,6304,grayscale,clip_vit_b_32_linear_head,9,truck,9,truck,9,truck,True,True,0.229898139834404
STL-10,test,1520,6304,grayscale,clip_vit_b_32_linear_head,2,car,2,car,2,car,True,True,0.17409105598926544
STL-10,test,1531,6304,grayscale,clip_vit_b_32_linear_head,3,cat,3,cat,3,cat,True,True,0.17020957171916962
STL-10,test,1534,6304,grayscale,clip_vit_b_32_linear_head,6,horse,6,horse,6,horse,True,True,0.1705942153930664
STL-10,test,1552,6304,grayscale,clip_vit_b_32_linear_head,5,dog,5,dog,4,deer,False,False,0.15393924713134766
STL-10,test,1553,6304,grayscale,clip_vit_b_32_linear_head,0,airplane,0,airplane,0,airplane,True,True,0.22526279091835022
STL-10,test,1563,6304,grayscale,clip_vit_b_32_linear_head,3,cat,7,monkey,3,cat,True,False,0.16461493074893951
STL-10,test,1568,6304,grayscale,clip_vit_b_32_linear_head,1,bird,1,bird,1,bird,True,True,0.20983180403709412
STL-10,test,1579,6304,grayscale,clip_vit_b_32_linear_head,7,monkey,7,monkey,7,monkey,True,True,0.18615278601646423
STL-10,test,1586,6304,grayscale,clip_vit_b_32_linear_head,2,car,2,car,2,car,True,True,0.27814921736717224
STL-10,test,1596,6304,grayscale,clip_vit_b_32_linear_head,0,airplane,0,airplane,0,airplane,True,True,0.26381897926330566
STL-10,test,1626,6304,grayscale,clip_vit_b_32_linear_head,5,dog,5,dog,5,dog,True,True,0.19300761818885803
STL-10,test,1640,6304,grayscale,clip_vit_b_32_linear_head,8,ship,8,ship,8,ship,True,True,0.2671642601490021
STL-10,test,1644,6304,grayscale,clip_vit_b_32_linear_head,5,dog,5,dog,5,dog,True,True,0.21788537502288818
STL-10,test,1648,6304,grayscale,clip_vit_b_32_linear_head,0,airplane,0,airplane,0,airplane,True,True,0.2273331582546234
STL-10,test,1654,6304,grayscale,clip_vit_b_32_linear_head,9,truck,9,truck,9,truck,True,True,0.2425878345966339
STL-10,test,1667,6304,grayscale,clip_vit_b_32_linear_head,6,horse,6,horse,6,horse,True,True,0.2192639410495758
STL-10,test,1703,6304,grayscale,clip_vit_b_32_linear_head,7,monkey,7,monkey,7,monkey,True,True,0.20420651137828827
STL-10,test,1711,6304,grayscale,clip_vit_b_32_linear_head,7,monkey,7,monkey,7,monkey,True,True,0.20962980389595032
STL-10,test,1771,6304,grayscale,clip_vit_b_32_linear_head,7,monkey,7,monkey,4,deer,False,False,0.14176729321479797
STL-10,test,1783,6304,grayscale,clip_vit_b_32_linear_head,8,ship,8,ship,8,ship,True,True,0.29537683725357056
STL-10,test,1814,6304,grayscale,clip_vit_b_32_linear_head,2,car,2,car,2,car,True,True,0.2189575731754303
STL-10,test,1833,6304,grayscale,clip_vit_b_32_linear_head,8,ship,8,ship,8,ship,True,True,0.2637493312358856
STL-10,test,1836,6304,grayscale,clip_vit_b_32_linear_head,9,truck,9,truck,9,truck,True,True,0.2215876430273056
STL-10,test,1839,6304,grayscale,clip_vit_b_32_linear_head,2,car,2,car,2,car,True,True,0.2239149510860443
STL-10,test,1852,6304,grayscale,clip_vit_b_32_linear_head,1,bird,1,bird,1,bird,True,True,0.26086923480033875
STL-10,test,1871,6304,grayscale,clip_vit_b_32_linear_head,1,bird,1,bird,1,bird,True,True,0.17271216213703156
STL-10,test,1877,6304,grayscale,clip_vit_b_32_linear_head,5,dog,5,dog,4,deer,False,False,0.145151287317276
STL-10,test,1884,6304,grayscale,clip_vit_b_32_linear_head,7,monkey,7,monkey,7,monkey,True,True,0.21625006198883057
STL-10,test,1927,6304,grayscale,clip_vit_b_32_linear_head,7,monkey,7,monkey,7,monkey,True,True,0.2189154028892517
STL-10,test,1954,6304,grayscale,clip_vit_b_32_linear_head,8,ship,8,ship,8,ship,True,True,0.2165163904428482
STL-10,test,1956,6304,grayscale,clip_vit_b_32_linear_head,7,monkey,7,monkey,7,monkey,True,True,0.1761137843132019
STL-10,test,1960,6304,grayscale,clip_vit_b_32_linear_head,4,deer,4,deer,4,deer,True,True,0.1856243908405304
STL-10,test,1977,6304,grayscale,clip_vit_b_32_linear_head,0,airplane,0,airplane,0,airplane,True,True,0.22314374148845673
STL-10,test,1986,6304,grayscale,clip_vit_b_32_linear_head,1,bird,1,bird,1,bird,True,True,0.16712817549705505
STL-10,test,1993,6304,grayscale,clip_vit_b_32_linear_head,1,bird,1,bird,1,bird,True,True,0.2200046181678772
STL-10,test,2003,6304,grayscale,clip_vit_b_32_linear_head,6,horse,6,horse,6,horse,True,True,0.2219696342945099
STL-10,test,2011,6304,grayscale,clip_vit_b_32_linear_head,9,truck,9,truck,9,truck,True,True,0.20316125452518463
STL-10,test,2024,6304,grayscale,clip_vit_b_32_linear_head,0,airplane,0,airplane,0,airplane,True,True,0.22096028923988342
STL-10,test,2028,6304,grayscale,clip_vit_b_32_linear_head,3,cat,3,cat,3,cat,True,True,0.22488176822662354
STL-10,test,2062,6304,grayscale,clip_vit_b_32_linear_head,9,truck,9,truck,9,truck,True,True,0.24571065604686737
STL-10,test,2070,6304,grayscale,clip_vit_b_32_linear_head,1,bird,1,bird,1,bird,True,True,0.16603294014930725
STL-10,test,2082,6304,grayscale,clip_vit_b_32_linear_head,2,car,2,car,2,car,True,True,0.19338078796863556
STL-10,test,2095,6304,grayscale,clip_vit_b_32_linear_head,1,bird,1,bird,1,bird,True,True,0.18408504128456116
STL-10,test,2109,6304,grayscale,clip_vit_b_32_linear_head,8,ship,8,ship,8,ship,True,True,0.28576338291168213
STL-10,test,2114,6304,grayscale,clip_vit_b_32_linear_head,9,truck,9,truck,9,truck,True,True,0.1832159459590912
STL-10,test,2116,6304,grayscale,clip_vit_b_32_linear_head,1,bird,1,bird,1,bird,True,True,0.16917119920253754
STL-10,test,2157,6304,grayscale,clip_vit_b_32_linear_head,1,bird,1,bird,1,bird,True,True,0.1966625154018402
STL-10,test,2167,6304,grayscale,clip_vit_b_32_linear_head,9,truck,9,truck,9,truck,True,True,0.19958873093128204
STL-10,test,2178,6304,grayscale,clip_vit_b_32_linear_head,1,bird,1,bird,1,bird,True,True,0.17372867465019226
STL-10,test,2191,6304,grayscale,clip_vit_b_32_linear_head,8,ship,8,ship,8,ship,True,True,0.2770630121231079
STL-10,test,2230,6304,grayscale,clip_vit_b_32_linear_head,8,ship,8,ship,8,ship,True,True,0.2251610904932022
STL-10,test,2242,6304,grayscale,clip_vit_b_32_linear_head,0,airplane,0,airplane,0,airplane,True,True,0.21464288234710693
STL-10,test,2265,6304,grayscale,clip_vit_b_32_linear_head,5,dog,5,dog,5,dog,True,True,0.21318209171295166
STL-10,test,2268,6304,grayscale,clip_vit_b_32_linear_head,5,dog,5,dog,5,dog,True,True,0.21730861067771912
STL-10,test,2291,6304,grayscale,clip_vit_b_32_linear_head,3,cat,3,cat,3,cat,True,True,0.17380979657173157
STL-10,test,2334,6304,grayscale,clip_vit_b_32_linear_head,5,dog,5,dog,5,dog,True,True,0.2313586175441742
STL-10,test,2340,6304,grayscale,clip_vit_b_32_linear_head,8,ship,8,ship,8,ship,True,True,0.2794467806816101
STL-10,test,2342,6304,grayscale,clip_vit_b_32_linear_head,8,ship,8,ship,8,ship,True,True,0.2559989094734192
STL-10,test,2351,6304,grayscale,clip_vit_b_32_linear_head,9,truck,9,truck,9,truck,True,True,0.2232321798801422
STL-10,test,2391,6304,grayscale,clip_vit_b_32_linear_head,5,dog,5,dog,5,dog,True,True,0.194430410861969
STL-10,test,2392,6304,grayscale,clip_vit_b_32_linear_head,2,car,2,car,2,car,True,True,0.22806310653686523
STL-10,test,2399,6304,grayscale,clip_vit_b_32_linear_head,4,deer,4,deer,4,deer,True,True,0.2187153398990631
STL-10,test,2414,6304,grayscale,clip_vit_b_32_linear_head,9,truck,9,truck,9,truck,True,True,0.18630921840667725
STL-10,test,2427,6304,grayscale,clip_vit_b_32_linear_head,5,dog,5,dog,5,dog,True,True,0.2103186398744583
STL-10,test,2458,6304,grayscale,clip_vit_b_32_linear_head,5,dog,5,dog,5,dog,True,True,0.20774243772029877
STL-10,test,2501,6304,grayscale,clip_vit_b_32_linear_head,7,monkey,7,monkey,7,monkey,True,True,0.194379985332489
STL-10,test,2502,6304,grayscale,clip_vit_b_32_linear_head,2,car,2,car,2,car,True,True,0.22396932542324066
STL-10,test,2536,6304,grayscale,clip_vit_b_32_linear_head,3,cat,3,cat,3,cat,True,True,0.21131110191345215
STL-10,test,2539,6304,grayscale,clip_vit_b_32_linear_head,3,cat,3,cat,3,cat,True,True,0.21835197508335114
STL-10,test,2610,6304,grayscale,clip_vit_b_32_linear_head,6,horse,6,horse,6,horse,True,True,0.18951290845870972
STL-10,test,2623,6304,grayscale,clip_vit_b_32_linear_head,5,dog,5,dog,5,dog,True,True,0.16093170642852783
STL-10,test,2655,6304,grayscale,clip_vit_b_32_linear_head,9,truck,9,truck,9,truck,True,True,0.19487018883228302
STL-10,test,2668,6304,grayscale,clip_vit_b_32_linear_head,7,monkey,7,monkey,7,monkey,True,True,0.21200041472911835
STL-10,test,2676,6304,grayscale,clip_vit_b_32_linear_head,6,horse,6,horse,6,horse,True,True,0.16985827684402466
STL-10,test,2687,6304,grayscale,clip_vit_b_32_linear_head,1,bird,1,bird,1,bird,True,True,0.23424950242042542
STL-10,test,2690,6304,grayscale,clip_vit_b_32_linear_head,1,bird,1,bird,1,bird,True,True,0.20205703377723694
STL-10,test,2704,6304,grayscale,clip_vit_b_32_linear_head,4,deer,4,deer,4,deer,True,True,0.23122023046016693
STL-10,test,2745,6304,grayscale,clip_vit_b_32_linear_head,8,ship,8,ship,8,ship,True,True,0.2800035774707794
STL-10,test,2746,6304,grayscale,clip_vit_b_32_linear_head,7,monkey,7,monkey,7,monkey,True,True,0.22033461928367615
STL-10,test,2750,6304,grayscale,clip_vit_b_32_linear_head,0,airplane,0,airplane,8,ship,False,False,0.15092463791370392
STL-10,test,2754,6304,grayscale,clip_vit_b_32_linear_head,3,cat,3,cat,3,cat,True,True,0.23631088435649872
STL-10,test,2757,6304,grayscale,clip_vit_b_32_linear_head,4,deer,4,deer,4,deer,True,True,0.24501356482505798
STL-10,test,2766,6304,grayscale,clip_vit_b_32_linear_head,5,dog,5,dog,5,dog,True,True,0.21487107872962952
STL-10,test,2807,6304,grayscale,clip_vit_b_32_linear_head,5,dog,5,dog,7,monkey,False,False,0.14143651723861694
STL-10,test,2844,6304,grayscale,clip_vit_b_32_linear_head,8,ship,8,ship,8,ship,True,True,0.2602541148662567
STL-10,test,2854,6304,grayscale,clip_vit_b_32_linear_head,7,monkey,7,monkey,7,monkey,True,True,0.1771983653306961
STL-10,test,2861,6304,grayscale,clip_vit_b_32_linear_head,3,cat,3,cat,3,cat,True,True,0.21454977989196777
STL-10,test,2888,6304,grayscale,clip_vit_b_32_linear_head,0,airplane,0,airplane,0,airplane,True,True,0.23105929791927338
STL-10,test,2898,6304,grayscale,clip_vit_b_32_linear_head,4,deer,4,deer,4,deer,True,True,0.25381624698638916
STL-10,test,2950,6304,grayscale,clip_vit_b_32_linear_head,5,dog,5,dog,5,dog,True,True,0.19666165113449097
STL-10,test,2958,6304,grayscale,clip_vit_b_32_linear_head,6,horse,6,horse,6,horse,True,True,0.2307860553264618
STL-10,test,3015,6304,grayscale,clip_vit_b_32_linear_head,8,ship,8,ship,8,ship,True,True,0.2642192840576172
STL-10,test,3024,6304,grayscale,clip_vit_b_32_linear_head,2,car,2,car,2,car,True,True,0.22753824293613434
STL-10,test,3025,6304,grayscale,clip_vit_b_32_linear_head,0,airplane,0,airplane,0,airplane,True,True,0.20286408066749573
STL-10,test,3034,6304,grayscale,clip_vit_b_32_linear_head,4,deer,4,deer,4,deer,True,True,0.2428758144378662
STL-10,test,3067,6304,grayscale,clip_vit_b_32_linear_head,2,car,2,car,2,car,True,True,0.22390420734882355
STL-10,test,3078,6304,grayscale,clip_vit_b_32_linear_head,4,deer,4,deer,4,deer,True,True,0.2495102882385254
STL-10,test,3079,6304,grayscale,clip_vit_b_32_linear_head,1,bird,1,bird,1,bird,True,True,0.2311437726020813
STL-10,test,3083,6304,grayscale,clip_vit_b_32_linear_head,0,airplane,0,airplane,0,airplane,True,True,0.25292709469795227
STL-10,test,3122,6304,grayscale,clip_vit_b_32_linear_head,4,deer,4,deer,4,deer,True,True,0.19928981363773346
STL-10,test,3153,6304,grayscale,clip_vit_b_32_linear_head,7,monkey,7,monkey,7,monkey,True,True,0.164953351020813
STL-10,test,3157,6304,grayscale,clip_vit_b_32_linear_head,8,ship,8,ship,8,ship,True,True,0.20914436876773834
STL-10,test,3163,6304,grayscale,clip_vit_b_32_linear_head,2,car,2,car,2,car,True,True,0.24073290824890137
STL-10,test,3179,6304,grayscale,clip_vit_b_32_linear_head,4,deer,4,deer,4,deer,True,True,0.2561967670917511
STL-10,test,3191,6304,grayscale,clip_vit_b_32_linear_head,6,horse,6,horse,6,horse,True,True,0.16186045110225677
STL-10,test,3276,6304,grayscale,clip_vit_b_32_linear_head,3,cat,7,monkey,3,cat,True,False,0.15363457798957825
STL-10,test,3287,6304,grayscale,clip_vit_b_32_linear_head,4,deer,4,deer,4,deer,True,True,0.28139832615852356
STL-10,test,3288,6304,grayscale,clip_vit_b_32_linear_head,7,monkey,7,monkey,7,monkey,True,True,0.23883526027202606
STL-10,test,3292,6304,grayscale,clip_vit_b_32_linear_head,6,horse,6,horse,6,horse,True,True,0.12674669921398163
STL-10,test,3318,6304,grayscale,clip_vit_b_32_linear_head,9,truck,9,truck,9,truck,True,True,0.19897885620594025
STL-10,test,3347,6304,grayscale,clip_vit_b_32_linear_head,0,airplane,0,airplane,0,airplane,True,True,0.24361272156238556
STL-10,test,3353,6304,grayscale,clip_vit_b_32_linear_head,5,dog,5,dog,5,dog,True,True,0.14720278978347778
STL-10,test,3362,6304,grayscale,clip_vit_b_32_linear_head,2,car,2,car,2,car,True,True,0.2184765487909317
STL-10,test,3365,6304,grayscale,clip_vit_b_32_linear_head,4,deer,4,deer,4,deer,True,True,0.22089774906635284
STL-10,test,3375,6304,grayscale,clip_vit_b_32_linear_head,3,cat,3,cat,3,cat,True,True,0.22266581654548645
STL-10,test,3383,6304,grayscale,clip_vit_b_32_linear_head,3,cat,3,cat,3,cat,True,True,0.21664856374263763
STL-10,test,3404,6304,grayscale,clip_vit_b_32_linear_head,7,monkey,7,monkey,7,monkey,True,True,0.21059942245483398
STL-10,test,3412,6304,grayscale,clip_vit_b_32_linear_head,8,ship,8,ship,8,ship,True,True,0.24378591775894165
STL-10,test,3413,6304,grayscale,clip_vit_b_32_linear_head,1,bird,1,bird,1,bird,True,True,0.273213267326355
STL-10,test,3418,6304,grayscale,clip_vit_b_32_linear_head,6,horse,6,horse,6,horse,True,True,0.2241770625114441
STL-10,test,3437,6304,grayscale,clip_vit_b_32_linear_head,0,airplane,0,airplane,0,airplane,True,True,0.18233583867549896
STL-10,test,3446,6304,grayscale,clip_vit_b_32_linear_head,7,monkey,7,monkey,7,monkey,True,True,0.21851299703121185
STL-10,test,3454,6304,grayscale,clip_vit_b_32_linear_head,2,car,2,car,2,car,True,True,0.2650545835494995
STL-10,test,3455,6304,grayscale,clip_vit_b_32_linear_head,0,airplane,0,airplane,0,airplane,True,True,0.20840422809123993
STL-10,test,3458,6304,grayscale,clip_vit_b_32_linear_head,4,deer,4,deer,4,deer,True,True,0.2601316571235657
STL-10,test,3467,6304,grayscale,clip_vit_b_32_linear_head,7,monkey,7,monkey,7,monkey,True,True,0.17991513013839722
STL-10,test,3491,6304,grayscale,clip_vit_b_32_linear_head,1,bird,1,bird,1,bird,True,True,0.21026204526424408
STL-10,test,3494,6304,grayscale,clip_vit_b_32_linear_head,6,horse,6,horse,6,horse,True,True,0.2413741499185562
STL-10,test,3512,6304,grayscale,clip_vit_b_32_linear_head,4,deer,4,deer,4,deer,True,True,0.21945379674434662
STL-10,test,3515,6304,grayscale,clip_vit_b_32_linear_head,6,horse,6,horse,6,horse,True,True,0.21288149058818817
STL-10,test,3542,6304,grayscale,clip_vit_b_32_linear_head,7,monkey,7,monkey,7,monkey,True,True,0.24422210454940796
STL-10,test,3550,6304,grayscale,clip_vit_b_32_linear_head,1,bird,1,bird,1,bird,True,True,0.18494831025600433
STL-10,test,3562,6304,grayscale,clip_vit_b_32_linear_head,3,cat,3,cat,4,deer,False,False,0.15316028892993927
STL-10,test,3755,6304,grayscale,clip_vit_b_32_linear_head,2,car,2,car,2,car,True,True,0.2150956392288208
STL-10,test,3763,6304,grayscale,clip_vit_b_32_linear_head,4,deer,4,deer,4,deer,True,True,0.26699721813201904
STL-10,test,3777,6304,grayscale,clip_vit_b_32_linear_head,6,horse,6,horse,6,horse,True,True,0.18326112627983093
STL-10,test,3778,6304,grayscale,clip_vit_b_32_linear_head,3,cat,3,cat,3,cat,True,True,0.17268459498882294
STL-10,test,3779,6304,grayscale,clip_vit_b_32_linear_head,6,horse,6,horse,6,horse,True,True,0.21559423208236694
STL-10,test,3844,6304,grayscale,clip_vit_b_32_linear_head,6,horse,6,horse,6,horse,True,True,0.20692844688892365
STL-10,test,3851,6304,grayscale,clip_vit_b_32_linear_head,3,cat,3,cat,3,cat,True,True,0.18682223558425903
STL-10,test,3852,6304,grayscale,clip_vit_b_32_linear_head,5,dog,5,dog,5,dog,True,True,0.19745706021785736
STL-10,test,3863,6304,grayscale,clip_vit_b_32_linear_head,5,dog,5,dog,5,dog,True,True,0.20194025337696075
STL-10,test,3867,6304,grayscale,clip_vit_b_32_linear_head,7,monkey,7,monkey,7,monkey,True,True,0.221011221408844
STL-10,test,3876,6304,grayscale,clip_vit_b_32_linear_head,0,airplane,0,airplane,0,airplane,True,True,0.19479718804359436
STL-10,test,3889,6304,grayscale,clip_vit_b_32_linear_head,5,dog,5,dog,5,dog,True,True,0.21700038015842438
STL-10,test,3891,6304,grayscale,clip_vit_b_32_linear_head,4,deer,4,deer,4,deer,True,True,0.22920666635036469
STL-10,test,3893,6304,grayscale,clip_vit_b_32_linear_head,9,truck,9,truck,9,truck,True,True,0.18594145774841309
STL-10,test,3905,6304,grayscale,clip_vit_b_32_linear_head,8,ship,8,ship,8,ship,True,True,0.26456496119499207
STL-10,test,3914,6304,grayscale,clip_vit_b_32_linear_head,3,cat,3,cat,3,cat,True,True,0.23277276754379272
STL-10,test,3937,6304,grayscale,clip_vit_b_32_linear_head,1,bird,1,bird,1,bird,True,True,0.23705638945102692
STL-10,test,3942,6304,grayscale,clip_vit_b_32_linear_head,9,truck,9,truck,9,truck,True,True,0.20948819816112518
STL-10,test,3948,6304,grayscale,clip_vit_b_32_linear_head,8,ship,8,ship,8,ship,True,True,0.23266282677650452
STL-10,test,3962,6304,grayscale,clip_vit_b_32_linear_head,6,horse,6,horse,6,horse,True,True,0.19743509590625763
STL-10,test,3965,6304,grayscale,clip_vit_b_32_linear_head,0,airplane,0,airplane,0,airplane,True,True,0.2138681709766388
STL-10,test,3994,6304,grayscale,clip_vit_b_32_linear_head,4,deer,4,deer,4,deer,True,True,0.24560530483722687
STL-10,test,3996,6304,grayscale,clip_vit_b_32_linear_head,9,truck,9,truck,9,truck,True,True,0.2155899852514267
STL-10,test,4011,6304,grayscale,clip_vit_b_32_linear_head,6,horse,6,horse,6,horse,True,True,0.2575518488883972
STL-10,test,4023,6304,grayscale,clip_vit_b_32_linear_head,3,cat,3,cat,3,cat,True,True,0.15988518297672272
STL-10,test,4054,6304,grayscale,clip_vit_b_32_linear_head,4,deer,4,deer,4,deer,True,True,0.2104760706424713
STL-10,test,4065,6304,grayscale,clip_vit_b_32_linear_head,2,car,2,car,2,car,True,True,0.20224447548389435
STL-10,test,4069,6304,grayscale,clip_vit_b_32_linear_head,8,ship,8,ship,0,airplane,False,False,0.1443113386631012
STL-10,test,4093,6304,grayscale,clip_vit_b_32_linear_head,6,horse,6,horse,6,horse,True,True,0.20153668522834778
STL-10,test,4094,6304,grayscale,clip_vit_b_32_linear_head,9,truck,9,truck,9,truck,True,True,0.20696839690208435
STL-10,test,4106,6304,grayscale,clip_vit_b_32_linear_head,5,dog,5,dog,5,dog,True,True,0.17305560410022736
STL-10,test,4130,6304,grayscale,clip_vit_b_32_linear_head,0,airplane,0,airplane,0,airplane,True,True,0.22137078642845154
STL-10,test,4168,6304,grayscale,clip_vit_b_32_linear_head,3,cat,3,cat,3,cat,True,True,0.1939128339290619
STL-10,test,4170,6304,grayscale,clip_vit_b_32_linear_head,8,ship,8,ship,8,ship,True,True,0.25112417340278625
STL-10,test,4172,6304,grayscale,clip_vit_b_32_linear_head,7,monkey,7,monkey,7,monkey,True,True,0.1930469423532486
STL-10,test,4177,6304,grayscale,clip_vit_b_32_linear_head,8,ship,8,ship,8,ship,True,True,0.26739534735679626
STL-10,test,4215,6304,grayscale,clip_vit_b_32_linear_head,3,cat,3,cat,3,cat,True,True,0.14636774361133575
STL-10,test,4229,6304,grayscale,clip_vit_b_32_linear_head,3,cat,3,cat,3,cat,True,True,0.2326314002275467
STL-10,test,4236,6304,grayscale,clip_vit_b_32_linear_head,7,monkey,7,monkey,7,monkey,True,True,0.17578576505184174
STL-10,test,4242,6304,grayscale,clip_vit_b_32_linear_head,8,ship,8,ship,8,ship,True,True,0.26264554262161255
STL-10,test,4254,6304,grayscale,clip_vit_b_32_linear_head,6,horse,6,horse,6,horse,True,True,0.21406260132789612
STL-10,test,4290,6304,grayscale,clip_vit_b_32_linear_head,5,dog,4,deer,4,deer,False,True,0.1394762396812439
STL-10,test,4298,6304,grayscale,clip_vit_b_32_linear_head,1,bird,1,bird,1,bird,True,True,0.252313494682312
STL-10,test,4308,6304,grayscale,clip_vit_b_32_linear_head,7,monkey,7,monkey,7,monkey,True,True,0.1339537501335144
STL-10,test,4311,6304,grayscale,clip_vit_b_32_linear_head,8,ship,8,ship,8,ship,True,True,0.2826077938079834
STL-10,test,4323,6304,grayscale,clip_vit_b_32_linear_head,3,cat,3,cat,3,cat,True,True,0.1738654524087906
STL-10,test,4330,6304,grayscale,clip_vit_b_32_linear_head,3,cat,3,cat,3,cat,True,True,0.205826997756958
STL-10,test,4341,6304,grayscale,clip_vit_b_32_linear_head,6,horse,6,horse,6,horse,True,True,0.22084850072860718
STL-10,test,4355,6304,grayscale,clip_vit_b_32_linear_head,8,ship,8,ship,8,ship,True,True,0.23345352709293365
STL-10,test,4399,6304,grayscale,clip_vit_b_32_linear_head,0,airplane,0,airplane,0,airplane,True,True,0.20922742784023285
STL-10,test,4403,6304,grayscale,clip_vit_b_32_linear_head,7,monkey,7,monkey,7,monkey,True,True,0.23841695487499237
STL-10,test,4411,6304,grayscale,clip_vit_b_32_linear_head,6,horse,6,horse,6,horse,True,True,0.17879046499729156
STL-10,test,4449,6304,grayscale,clip_vit_b_32_linear_head,9,truck,9,truck,9,truck,True,True,0.17496202886104584
STL-10,test,4463,6304,grayscale,clip_vit_b_32_linear_head,3,cat,3,cat,3,cat,True,True,0.2168547511100769
STL-10,test,4531,6304,grayscale,clip_vit_b_32_linear_head,3,cat,3,cat,3,cat,True,True,0.20437055826187134
STL-10,test,4539,6304,grayscale,clip_vit_b_32_linear_head,0,airplane,0,airplane,0,airplane,True,True,0.24621424078941345
STL-10,test,4547,6304,grayscale,clip_vit_b_32_linear_head,5,dog,5,dog,5,dog,True,True,0.2128332108259201
STL-10,test,4552,6304,grayscale,clip_vit_b_32_linear_head,8,ship,8,ship,8,ship,True,True,0.2302601933479309
STL-10,test,4570,6304,grayscale,clip_vit_b_32_linear_head,5,dog,5,dog,5,dog,True,True,0.20168793201446533
STL-10,test,4590,6304,grayscale,clip_vit_b_32_linear_head,3,cat,3,cat,3,cat,True,True,0.19222721457481384
STL-10,test,4609,6304,grayscale,clip_vit_b_32_linear_head,3,cat,3,cat,7,monkey,False,False,0.19231759011745453
STL-10,test,4615,6304,grayscale,clip_vit_b_32_linear_head,0,airplane,0,airplane,0,airplane,True,True,0.24244655668735504
STL-10,test,4617,6304,grayscale,clip_vit_b_32_linear_head,0,airplane,0,airplane,0,airplane,True,True,0.2548498213291168
STL-10,test,4620,6304,grayscale,clip_vit_b_32_linear_head,6,horse,6,horse,6,horse,True,True,0.2081613540649414
STL-10,test,4629,6304,grayscale,clip_vit_b_32_linear_head,4,deer,4,deer,4,deer,True,True,0.23353703320026398
STL-10,test,4640,6304,grayscale,clip_vit_b_32_linear_head,1,bird,1,bird,7,monkey,False,False,0.17586901783943176
STL-10,test,4642,6304,grayscale,clip_vit_b_32_linear_head,4,deer,4,deer,4,deer,True,True,0.2505652904510498
STL-10,test,4661,6304,grayscale,clip_vit_b_32_linear_head,7,monkey,7,monkey,7,monkey,True,True,0.25340718030929565
STL-10,test,4662,6304,grayscale,clip_vit_b_32_linear_head,8,ship,8,ship,8,ship,True,True,0.3009677231311798
STL-10,test,4675,6304,grayscale,clip_vit_b_32_linear_head,0,airplane,0,airplane,0,airplane,True,True,0.21599461138248444
STL-10,test,4676,6304,grayscale,clip_vit_b_32_linear_head,8,ship,8,ship,8,ship,True,True,0.25804799795150757
STL-10,test,4704,6304,grayscale,clip_vit_b_32_linear_head,7,monkey,7,monkey,7,monkey,True,True,0.2282327264547348
STL-10,test,4723,6304,grayscale,clip_vit_b_32_linear_head,9,truck,9,truck,9,truck,True,True,0.1981227844953537
STL-10,test,4731,6304,grayscale,clip_vit_b_32_linear_head,6,horse,6,horse,6,horse,True,True,0.2243049144744873
STL-10,test,4735,6304,grayscale,clip_vit_b_32_linear_head,2,car,2,car,2,car,True,True,0.21436050534248352
STL-10,test,4740,6304,grayscale,clip_vit_b_32_linear_head,4,deer,4,deer,4,deer,True,True,0.19988451898097992
STL-10,test,4746,6304,grayscale,clip_vit_b_32_linear_head,6,horse,6,horse,6,horse,True,True,0.22076302766799927
STL-10,test,4748,6304,grayscale,clip_vit_b_32_linear_head,7,monkey,7,monkey,7,monkey,True,True,0.23471076786518097
STL-10,test,4754,6304,grayscale,clip_vit_b_32_linear_head,6,horse,6,horse,6,horse,True,True,0.20846061408519745
STL-10,test,4785,6304,grayscale,clip_vit_b_32_linear_head,0,airplane,0,airplane,0,airplane,True,True,0.2041572481393814
STL-10,test,4791,6304,grayscale,clip_vit_b_32_linear_head,7,monkey,7,monkey,7,monkey,True,True,0.23628239333629608
STL-10,test,4819,6304,grayscale,clip_vit_b_32_linear_head,0,airplane,0,airplane,0,airplane,True,True,0.24733126163482666
STL-10,test,4821,6304,grayscale,clip_vit_b_32_linear_head,3,cat,3,cat,3,cat,True,True,0.18895010650157928
STL-10,test,4827,6304,grayscale,clip_vit_b_32_linear_head,6,horse,6,horse,6,horse,True,True,0.17844702303409576
STL-10,test,4850,6304,grayscale,clip_vit_b_32_linear_head,5,dog,5,dog,5,dog,True,True,0.21310369670391083
STL-10,test,4881,6304,grayscale,clip_vit_b_32_linear_head,3,cat,3,cat,0,airplane,False,False,0.11165349930524826
STL-10,test,4893,6304,grayscale,clip_vit_b_32_linear_head,0,airplane,0,airplane,0,airplane,True,True,0.26473289728164673
STL-10,test,4908,6304,grayscale,clip_vit_b_32_linear_head,3,cat,3,cat,3,cat,True,True,0.24344448745250702
STL-10,test,4913,6304,grayscale,clip_vit_b_32_linear_head,2,car,2,car,2,car,True,True,0.2160300612449646
STL-10,test,4921,6304,grayscale,clip_vit_b_32_linear_head,2,car,2,car,2,car,True,True,0.18950898945331573
STL-10,test,4953,6304,grayscale,clip_vit_b_32_linear_head,5,dog,5,dog,5,dog,True,True,0.16469082236289978
STL-10,test,4966,6304,grayscale,clip_vit_b_32_linear_head,5,dog,5,dog,5,dog,True,True,0.17215396463871002
STL-10,test,4990,6304,grayscale,clip_vit_b_32_linear_head,8,ship,8,ship,8,ship,True,True,0.21583209931850433
STL-10,test,5000,6304,grayscale,clip_vit_b_32_linear_head,8,ship,8,ship,8,ship,True,True,0.24075078964233398
STL-10,test,5030,6304,grayscale,clip_vit_b_32_linear_head,2,car,2,car,2,car,True,True,0.23609554767608643
STL-10,test,5062,6304,grayscale,clip_vit_b_32_linear_head,4,deer,4,deer,4,deer,True,True,0.2306719273328781
STL-10,test,5077,6304,grayscale,clip_vit_b_32_linear_head,4,deer,4,deer,4,deer,True,True,0.23291200399398804
STL-10,test,5082,6304,grayscale,clip_vit_b_32_linear_head,6,horse,6,horse,6,horse,True,True,0.210241436958313
STL-10,test,5092,6304,grayscale,clip_vit_b_32_linear_head,1,bird,1,bird,1,bird,True,True,0.2167706936597824
STL-10,test,5101,6304,grayscale,clip_vit_b_32_linear_head,5,dog,5,dog,5,dog,True,True,0.1921796351671219
STL-10,test,5117,6304,grayscale,clip_vit_b_32_linear_head,0,airplane,0,airplane,0,airplane,True,True,0.22092002630233765
STL-10,test,5123,6304,grayscale,clip_vit_b_32_linear_head,1,bird,1,bird,1,bird,True,True,0.17972083389759064
STL-10,test,5135,6304,grayscale,clip_vit_b_32_linear_head,4,deer,4,deer,4,deer,True,True,0.19542720913887024
STL-10,test,5183,6304,grayscale,clip_vit_b_32_linear_head,2,car,2,car,2,car,True,True,0.2105938345193863
STL-10,test,5213,6304,grayscale,clip_vit_b_32_linear_head,4,deer,4,deer,4,deer,True,True,0.2363443821668625
STL-10,test,5218,6304,grayscale,clip_vit_b_32_linear_head,2,car,2,car,2,car,True,True,0.24668586254119873
STL-10,test,5220,6304,grayscale,clip_vit_b_32_linear_head,1,bird,7,monkey,3,cat,False,False,0.132585808634758
STL-10,test,5237,6304,grayscale,clip_vit_b_32_linear_head,2,car,2,car,2,car,True,True,0.19355423748493195
STL-10,test,5256,6304,grayscale,clip_vit_b_32_linear_head,1,bird,1,bird,1,bird,True,True,0.18430227041244507
STL-10,test,5284,6304,grayscale,clip_vit_b_32_linear_head,9,truck,9,truck,9,truck,True,True,0.17718619108200073
STL-10,test,5301,6304,grayscale,clip_vit_b_32_linear_head,9,truck,9,truck,9,truck,True,True,0.16623827815055847
STL-10,test,5318,6304,grayscale,clip_vit_b_32_linear_head,2,car,2,car,2,car,True,True,0.15320608019828796
STL-10,test,5332,6304,grayscale,clip_vit_b_32_linear_head,5,dog,5,dog,5,dog,True,True,0.17586344480514526
STL-10,test,5333,6304,grayscale,clip_vit_b_32_linear_head,2,car,2,car,2,car,True,True,0.2492913454771042
STL-10,test,5360,6304,grayscale,clip_vit_b_32_linear_head,9,truck,9,truck,9,truck,True,True,0.2079068124294281
STL-10,test,5381,6304,grayscale,clip_vit_b_32_linear_head,5,dog,5,dog,5,dog,True,True,0.19751137495040894
STL-10,test,5382,6304,grayscale,clip_vit_b_32_linear_head,6,horse,6,horse,6,horse,True,True,0.17868958413600922
STL-10,test,5395,6304,grayscale,clip_vit_b_32_linear_head,2,car,2,car,2,car,True,True,0.27167555689811707
STL-10,test,5402,6304,grayscale,clip_vit_b_32_linear_head,4,deer,4,deer,4,deer,True,True,0.2679395377635956
STL-10,test,5408,6304,grayscale,clip_vit_b_32_linear_head,6,horse,6,horse,6,horse,True,True,0.18992303311824799
STL-10,test,5436,6304,grayscale,clip_vit_b_32_linear_head,7,monkey,7,monkey,7,monkey,True,True,0.21764303743839264
STL-10,test,5447,6304,grayscale,clip_vit_b_32_linear_head,9,truck,9,truck,9,truck,True,True,0.19301599264144897
STL-10,test,5450,6304,grayscale,clip_vit_b_32_linear_head,7,monkey,7,monkey,7,monkey,True,True,0.21971027553081512
STL-10,test,5451,6304,grayscale,clip_vit_b_32_linear_head,8,ship,8,ship,8,ship,True,True,0.24863432347774506
STL-10,test,5452,6304,grayscale,clip_vit_b_32_linear_head,9,truck,9,truck,9,truck,True,True,0.20109042525291443
STL-10,test,5467,6304,grayscale,clip_vit_b_32_linear_head,4,deer,4,deer,4,deer,True,True,0.2569265067577362
STL-10,test,5478,6304,grayscale,clip_vit_b_32_linear_head,0,airplane,0,airplane,0,airplane,True,True,0.21866324543952942
STL-10,test,5488,6304,grayscale,clip_vit_b_32_linear_head,1,bird,1,bird,1,bird,True,True,0.15192124247550964
STL-10,test,5496,6304,grayscale,clip_vit_b_32_linear_head,5,dog,5,dog,5,dog,True,True,0.1967868208885193
STL-10,test,5508,6304,grayscale,clip_vit_b_32_linear_head,9,truck,9,truck,9,truck,True,True,0.2341400384902954
STL-10,test,5512,6304,grayscale,clip_vit_b_32_linear_head,2,car,9,truck,9,truck,False,True,0.16263939440250397
STL-10,test,5525,6304,grayscale,clip_vit_b_32_linear_head,8,ship,8,ship,8,ship,True,True,0.2414722591638565
STL-10,test,5528,6304,grayscale,clip_vit_b_32_linear_head,3,cat,3,cat,3,cat,True,True,0.1974114179611206
STL-10,test,5556,6304,grayscale,clip_vit_b_32_linear_head,4,deer,4,deer,4,deer,True,True,0.251289039850235
STL-10,test,5560,6304,grayscale,clip_vit_b_32_linear_head,1,bird,1,bird,1,bird,True,True,0.16324377059936523
STL-10,test,5572,6304,grayscale,clip_vit_b_32_linear_head,9,truck,9,truck,9,truck,True,True,0.1754857897758484
STL-10,test,5580,6304,grayscale,clip_vit_b_32_linear_head,6,horse,6,horse,6,horse,True,True,0.17784029245376587
STL-10,test,5590,6304,grayscale,clip_vit_b_32_linear_head,9,truck,9,truck,9,truck,True,True,0.1603497862815857
STL-10,test,5623,6304,grayscale,clip_vit_b_32_linear_head,4,deer,4,deer,4,deer,True,True,0.25224146246910095
STL-10,test,5677,6304,grayscale,clip_vit_b_32_linear_head,2,car,2,car,2,car,True,True,0.24672019481658936
STL-10,test,5694,6304,grayscale,clip_vit_b_32_linear_head,8,ship,8,ship,8,ship,True,True,0.2443009316921234
STL-10,test,5701,6304,grayscale,clip_vit_b_32_linear_head,5,dog,5,dog,5,dog,True,True,0.19957727193832397
STL-10,test,5705,6304,grayscale,clip_vit_b_32_linear_head,8,ship,8,ship,8,ship,True,True,0.30734413862228394
STL-10,test,5719,6304,grayscale,clip_vit_b_32_linear_head,7,monkey,7,monkey,7,monkey,True,True,0.21888528764247894
STL-10,test,5729,6304,grayscale,clip_vit_b_32_linear_head,6,horse,6,horse,6,horse,True,True,0.1992589235305786
STL-10,test,5756,6304,grayscale,clip_vit_b_32_linear_head,2,car,2,car,2,car,True,True,0.2547287940979004
STL-10,test,5788,6304,grayscale,clip_vit_b_32_linear_head,9,truck,9,truck,9,truck,True,True,0.20595009624958038
STL-10,test,5789,6304,grayscale,clip_vit_b_32_linear_head,4,deer,4,deer,4,deer,True,True,0.2625005841255188
STL-10,test,5824,6304,grayscale,clip_vit_b_32_linear_head,2,car,2,car,2,car,True,True,0.14851805567741394
STL-10,test,5848,6304,grayscale,clip_vit_b_32_linear_head,7,monkey,7,monkey,7,monkey,True,True,0.24585062265396118
STL-10,test,5851,6304,grayscale,clip_vit_b_32_linear_head,9,truck,9,truck,9,truck,True,True,0.2461346685886383
STL-10,test,5857,6304,grayscale,clip_vit_b_32_linear_head,6,horse,6,horse,6,horse,True,True,0.1703694611787796
STL-10,test,5858,6304,grayscale,clip_vit_b_32_linear_head,6,horse,6,horse,6,horse,True,True,0.1660306453704834
STL-10,test,5912,6304,grayscale,clip_vit_b_32_linear_head,0,airplane,0,airplane,0,airplane,True,True,0.23355379700660706
STL-10,test,5915,6304,grayscale,clip_vit_b_32_linear_head,9,truck,9,truck,9,truck,True,True,0.1927172988653183
STL-10,test,5918,6304,grayscale,clip_vit_b_32_linear_head,0,airplane,0,airplane,0,airplane,True,True,0.23116616904735565
STL-10,test,5924,6304,grayscale,clip_vit_b_32_linear_head,5,dog,5,dog,5,dog,True,True,0.1494089514017105
STL-10,test,5977,6304,grayscale,clip_vit_b_32_linear_head,7,monkey,7,monkey,7,monkey,True,True,0.24073871970176697
STL-10,test,5981,6304,grayscale,clip_vit_b_32_linear_head,9,truck,9,truck,9,truck,True,True,0.16868442296981812
STL-10,test,5999,6304,grayscale,clip_vit_b_32_linear_head,0,airplane,0,airplane,0,airplane,True,True,0.2222031056880951
STL-10,test,6028,6304,grayscale,clip_vit_b_32_linear_head,2,car,2,car,2,car,True,True,0.23450295627117157
STL-10,test,6033,6304,grayscale,clip_vit_b_32_linear_head,4,deer,4,deer,4,deer,True,True,0.14858706295490265
STL-10,test,6076,6304,grayscale,clip_vit_b_32_linear_head,1,bird,1,bird,1,bird,True,True,0.2301884889602661
STL-10,test,6084,6304,grayscale,clip_vit_b_32_linear_head,7,monkey,7,monkey,7,monkey,True,True,0.23643022775650024
STL-10,test,6097,6304,grayscale,clip_vit_b_32_linear_head,4,deer,4,deer,4,deer,True,True,0.2485298216342926
STL-10,test,6169,6304,grayscale,clip_vit_b_32_linear_head,1,bird,1,bird,1,bird,True,True,0.11916472017765045
STL-10,test,6190,6304,grayscale,clip_vit_b_32_linear_head,7,monkey,7,monkey,7,monkey,True,True,0.2511507272720337
STL-10,test,6224,6304,grayscale,clip_vit_b_32_linear_head,5,dog,5,dog,5,dog,True,True,0.17686477303504944
STL-10,test,6244,6304,grayscale,clip_vit_b_32_linear_head,2,car,2,car,2,car,True,True,0.1960931271314621
STL-10,test,6264,6304,grayscale,clip_vit_b_32_linear_head,2,car,2,car,2,car,True,True,0.24722455441951752
STL-10,test,6271,6304,grayscale,clip_vit_b_32_linear_head,2,car,2,car,2,car,True,True,0.22980234026908875
STL-10,test,6288,6304,grayscale,clip_vit_b_32_linear_head,4,deer,4,deer,4,deer,True,True,0.2249877005815506
STL-10,test,6332,6304,grayscale,clip_vit_b_32_linear_head,2,car,2,car,2,car,True,True,0.20687495172023773
STL-10,test,6349,6304,grayscale,clip_vit_b_32_linear_head,1,bird,1,bird,1,bird,True,True,0.16401198506355286
STL-10,test,6354,6304,grayscale,clip_vit_b_32_linear_head,2,car,2,car,2,car,True,True,0.1995285302400589
STL-10,test,6358,6304,grayscale,clip_vit_b_32_linear_head,5,dog,5,dog,5,dog,True,True,0.16422325372695923
STL-10,test,6381,6304,grayscale,clip_vit_b_32_linear_head,6,horse,6,horse,6,horse,True,True,0.20823833346366882
STL-10,test,6414,6304,grayscale,clip_vit_b_32_linear_head,5,dog,5,dog,5,dog,True,True,0.15413634479045868
STL-10,test,6426,6304,grayscale,clip_vit_b_32_linear_head,2,car,2,car,2,car,True,True,0.2646135687828064
STL-10,test,6434,6304,grayscale,clip_vit_b_32_linear_head,8,ship,8,ship,8,ship,True,True,0.27459636330604553
STL-10,test,6437,6304,grayscale,clip_vit_b_32_linear_head,0,airplane,0,airplane,0,airplane,True,True,0.23222921788692474
STL-10,test,6455,6304,grayscale,clip_vit_b_32_linear_head,0,airplane,0,airplane,0,airplane,True,True,0.218584805727005
STL-10,test,6490,6304,grayscale,clip_vit_b_32_linear_head,3,cat,3,cat,3,cat,True,True,0.16343998908996582
STL-10,test,6503,6304,grayscale,clip_vit_b_32_linear_head,2,car,2,car,2,car,True,True,0.188689723610878
STL-10,test,6508,6304,grayscale,clip_vit_b_32_linear_head,4,deer,4,deer,4,deer,True,True,0.25194355845451355
STL-10,test,6528,6304,grayscale,clip_vit_b_32_linear_head,4,deer,4,deer,4,deer,True,True,0.17321625351905823
STL-10,test,6594,6304,grayscale,clip_vit_b_32_linear_head,1,bird,1,bird,1,bird,True,True,0.18685075640678406
STL-10,test,6609,6304,grayscale,clip_vit_b_32_linear_head,0,airplane,0,airplane,0,airplane,True,True,0.2486761063337326
STL-10,test,6616,6304,grayscale,clip_vit_b_32_linear_head,2,car,2,car,2,car,True,True,0.20436504483222961
STL-10,test,6650,6304,grayscale,clip_vit_b_32_linear_head,7,monkey,7,monkey,7,monkey,True,True,0.18970121443271637
STL-10,test,6689,6304,grayscale,clip_vit_b_32_linear_head,8,ship,8,ship,8,ship,True,True,0.239742249250412
STL-10,test,6692,6304,grayscale,clip_vit_b_32_linear_head,2,car,2,car,2,car,True,True,0.20525780320167542
STL-10,test,6713,6304,grayscale,clip_vit_b_32_linear_head,6,horse,6,horse,6,horse,True,True,0.19900698959827423
STL-10,test,6716,6304,grayscale,clip_vit_b_32_linear_head,5,dog,5,dog,5,dog,True,True,0.14204277098178864
STL-10,test,6726,6304,grayscale,clip_vit_b_32_linear_head,7,monkey,7,monkey,7,monkey,True,True,0.17706623673439026
STL-10,test,6733,6304,grayscale,clip_vit_b_32_linear_head,1,bird,1,bird,1,bird,True,True,0.1618196815252304
STL-10,test,6772,6304,grayscale,clip_vit_b_32_linear_head,7,monkey,7,monkey,7,monkey,True,True,0.13756929337978363
STL-10,test,6805,6304,grayscale,clip_vit_b_32_linear_head,1,bird,1,bird,1,bird,True,True,0.1800289899110794
STL-10,test,6836,6304,grayscale,clip_vit_b_32_linear_head,1,bird,1,bird,1,bird,True,True,0.20417547225952148
STL-10,test,6844,6304,grayscale,clip_vit_b_32_linear_head,0,airplane,0,airplane,0,airplane,True,True,0.22562074661254883
STL-10,test,6922,6304,grayscale,clip_vit_b_32_linear_head,5,dog,5,dog,5,dog,True,True,0.20049679279327393
STL-10,test,6931,6304,grayscale,clip_vit_b_32_linear_head,9,truck,9,truck,9,truck,True,True,0.17613837122917175
STL-10,test,6938,6304,grayscale,clip_vit_b_32_linear_head,1,bird,1,bird,1,bird,True,True,0.23884877562522888
STL-10,test,6952,6304,grayscale,clip_vit_b_32_linear_head,3,cat,3,cat,3,cat,True,True,0.19273649156093597
STL-10,test,6954,6304,grayscale,clip_vit_b_32_linear_head,1,bird,1,bird,1,bird,True,True,0.18612053990364075
STL-10,test,6986,6304,grayscale,clip_vit_b_32_linear_head,0,airplane,0,airplane,0,airplane,True,True,0.23707206547260284
STL-10,test,6989,6304,grayscale,clip_vit_b_32_linear_head,5,dog,5,dog,5,dog,True,True,0.1787329465150833
STL-10,test,7009,6304,grayscale,clip_vit_b_32_linear_head,0,airplane,0,airplane,0,airplane,True,True,0.19718919694423676
STL-10,test,7029,6304,grayscale,clip_vit_b_32_linear_head,1,bird,1,bird,1,bird,True,True,0.21698589622974396
STL-10,test,7033,6304,grayscale,clip_vit_b_32_linear_head,1,bird,1,bird,1,bird,True,True,0.18492668867111206
STL-10,test,7041,6304,grayscale,clip_vit_b_32_linear_head,5,dog,5,dog,5,dog,True,True,0.12093067914247513
STL-10,test,7047,6304,grayscale,clip_vit_b_32_linear_head,9,truck,9,truck,9,truck,True,True,0.2306838482618332
STL-10,test,7081,6304,grayscale,clip_vit_b_32_linear_head,7,monkey,7,monkey,7,monkey,True,True,0.21090637147426605
STL-10,test,7084,6304,grayscale,clip_vit_b_32_linear_head,2,car,2,car,2,car,True,True,0.19814099371433258
STL-10,test,7108,6304,grayscale,clip_vit_b_32_linear_head,6,horse,6,horse,6,horse,True,True,0.2045496702194214
STL-10,test,7130,6304,grayscale,clip_vit_b_32_linear_head,5,dog,5,dog,5,dog,True,True,0.20450663566589355
STL-10,test,7138,6304,grayscale,clip_vit_b_32_linear_head,8,ship,8,ship,8,ship,True,True,0.21133734285831451
STL-10,test,7150,6304,grayscale,clip_vit_b_32_linear_head,0,airplane,0,airplane,0,airplane,True,True,0.2383982539176941
STL-10,test,7202,6304,grayscale,clip_vit_b_32_linear_head,1,bird,1,bird,1,bird,True,True,0.20105433464050293
STL-10,test,7262,6304,grayscale,clip_vit_b_32_linear_head,0,airplane,0,airplane,0,airplane,True,True,0.2565210461616516
STL-10,test,7266,6304,grayscale,clip_vit_b_32_linear_head,9,truck,9,truck,9,truck,True,True,0.1634553074836731
STL-10,test,7270,6304,grayscale,clip_vit_b_32_linear_head,7,monkey,7,monkey,7,monkey,True,True,0.1426628977060318
STL-10,test,7309,6304,grayscale,clip_vit_b_32_linear_head,0,airplane,0,airplane,0,airplane,True,True,0.1984264850616455
STL-10,test,7320,6304,grayscale,clip_vit_b_32_linear_head,0,airplane,0,airplane,0,airplane,True,True,0.204276442527771
STL-10,test,7338,6304,grayscale,clip_vit_b_32_linear_head,6,horse,6,horse,6,horse,True,True,0.1941855102777481
STL-10,test,7372,6304,grayscale,clip_vit_b_32_linear_head,0,airplane,0,airplane,0,airplane,True,True,0.22272582352161407
STL-10,test,7373,6304,grayscale,clip_vit_b_32_linear_head,0,airplane,0,airplane,0,airplane,True,True,0.23359771072864532
STL-10,test,7380,6304,grayscale,clip_vit_b_32_linear_head,9,truck,9,truck,9,truck,True,True,0.23953372240066528
STL-10,test,7390,6304,grayscale,clip_vit_b_32_linear_head,1,bird,1,bird,1,bird,True,True,0.2087368667125702
STL-10,test,7413,6304,grayscale,clip_vit_b_32_linear_head,5,dog,3,cat,3,cat,False,True,0.159184068441391
STL-10,test,7416,6304,grayscale,clip_vit_b_32_linear_head,3,cat,3,cat,3,cat,True,True,0.1897973120212555
STL-10,test,7425,6304,grayscale,clip_vit_b_32_linear_head,2,car,2,car,2,car,True,True,0.24868132174015045
STL-10,test,7446,6304,grayscale,clip_vit_b_32_linear_head,8,ship,8,ship,8,ship,True,True,0.20515790581703186
STL-10,test,7460,6304,grayscale,clip_vit_b_32_linear_head,8,ship,8,ship,8,ship,True,True,0.1854279786348343
STL-10,test,7465,6304,grayscale,clip_vit_b_32_linear_head,0,airplane,0,airplane,0,airplane,True,True,0.2379256933927536
STL-10,test,7474,6304,grayscale,clip_vit_b_32_linear_head,5,dog,5,dog,5,dog,True,True,0.22848866879940033
STL-10,test,7475,6304,grayscale,clip_vit_b_32_linear_head,4,deer,4,deer,4,deer,True,True,0.26769793033599854
STL-10,test,7476,6304,grayscale,clip_vit_b_32_linear_head,8,ship,8,ship,8,ship,True,True,0.17264288663864136
STL-10,test,7544,6304,grayscale,clip_vit_b_32_linear_head,9,truck,9,truck,9,truck,True,True,0.19132760167121887
STL-10,test,7555,6304,grayscale,clip_vit_b_32_linear_head,6,horse,6,horse,6,horse,True,True,0.15890149772167206
STL-10,test,7600,6304,grayscale,clip_vit_b_32_linear_head,6,horse,6,horse,6,horse,True,True,0.223859965801239
STL-10,test,7610,6304,grayscale,clip_vit_b_32_linear_head,4,deer,4,deer,4,deer,True,True,0.23725250363349915
STL-10,test,7634,6304,grayscale,clip_vit_b_32_linear_head,0,airplane,0,airplane,0,airplane,True,True,0.2671467959880829
STL-10,test,7692,6304,grayscale,clip_vit_b_32_linear_head,4,deer,4,deer,4,deer,True,True,0.21287494897842407
STL-10,test,7706,6304,grayscale,clip_vit_b_32_linear_head,5,dog,5,dog,5,dog,True,True,0.13910368084907532
STL-10,test,7726,6304,grayscale,clip_vit_b_32_linear_head,6,horse,6,horse,6,horse,True,True,0.19894006848335266
STL-10,test,7744,6304,grayscale,clip_vit_b_32_linear_head,3,cat,3,cat,3,cat,True,True,0.18833738565444946
STL-10,test,7752,6304,grayscale,clip_vit_b_32_linear_head,9,truck,9,truck,9,truck,True,True,0.2060399353504181
STL-10,test,7776,6304,grayscale,clip_vit_b_32_linear_head,5,dog,5,dog,5,dog,True,True,0.14332519471645355
STL-10,test,7779,6304,grayscale,clip_vit_b_32_linear_head,6,horse,6,horse,6,horse,True,True,0.21753695607185364
STL-10,test,7781,6304,grayscale,clip_vit_b_32_linear_head,6,horse,6,horse,6,horse,True,True,0.23180770874023438
STL-10,test,7793,6304,grayscale,clip_vit_b_32_linear_head,3,cat,3,cat,3,cat,True,True,0.17964720726013184
STL-10,test,7797,6304,grayscale,clip_vit_b_32_linear_head,3,cat,3,cat,3,cat,True,True,0.21111057698726654
STL-10,test,7810,6304,grayscale,clip_vit_b_32_linear_head,8,ship,8,ship,8,ship,True,True,0.22347857058048248
STL-10,test,7818,6304,grayscale,clip_vit_b_32_linear_head,8,ship,8,ship,8,ship,True,True,0.26267102360725403
STL-10,test,7835,6304,grayscale,clip_vit_b_32_linear_head,7,monkey,7,monkey,7,monkey,True,True,0.21318800747394562
STL-10,test,7864,6304,grayscale,clip_vit_b_32_linear_head,4,deer,4,deer,4,deer,True,True,0.28317588567733765
STL-10,test,7875,6304,grayscale,clip_vit_b_32_linear_head,8,ship,8,ship,8,ship,True,True,0.22038646042346954
STL-10,test,7938,6304,grayscale,clip_vit_b_32_linear_head,9,truck,9,truck,9,truck,True,True,0.17391005158424377
STL-10,test,7940,6304,grayscale,clip_vit_b_32_linear_head,4,deer,4,deer,4,deer,True,True,0.23546496033668518
STL-10,test,7944,6304,grayscale,clip_vit_b_32_linear_head,4,deer,4,deer,4,deer,True,True,0.19444438815116882
STL-10,test,7955,6304,grayscale,clip_vit_b_32_linear_head,1,bird,1,bird,1,bird,True,True,0.22348544001579285
STL-10,test,7995,6304,grayscale,clip_vit_b_32_linear_head,9,truck,9,truck,9,truck,True,True,0.16709069907665253
STL-10,test,7996,6304,grayscale,clip_vit_b_32_linear_head,6,horse,6,horse,6,horse,True,True,0.23269356787204742
STL-10,test,7999,6304,grayscale,clip_vit_b_32_linear_head,8,ship,8,ship,8,ship,True,True,0.22962906956672668
STL-10,test,3,6304,grayscale,clip_vit_b_32_zero_shot,0,airplane,0,airplane,0,airplane,True,True,0.9382433891296387
STL-10,test,29,6304,grayscale,clip_vit_b_32_zero_shot,7,monkey,7,monkey,7,monkey,True,True,0.9997755885124207
STL-10,test,35,6304,grayscale,clip_vit_b_32_zero_shot,2,car,2,car,0,airplane,False,False,0.5126522183418274
STL-10,test,42,6304,grayscale,clip_vit_b_32_zero_shot,0,airplane,0,airplane,0,airplane,True,True,0.9371393322944641
STL-10,test,49,6304,grayscale,clip_vit_b_32_zero_shot,2,car,2,car,2,car,True,True,0.9778868556022644
STL-10,test,81,6304,grayscale,clip_vit_b_32_zero_shot,0,airplane,0,airplane,0,airplane,True,True,0.8821045756340027
STL-10,test,95,6304,grayscale,clip_vit_b_32_zero_shot,1,bird,1,bird,1,bird,True,True,0.9972889423370361
STL-10,test,97,6304,grayscale,clip_vit_b_32_zero_shot,5,dog,5,dog,5,dog,True,True,0.8980734944343567
STL-10,test,116,6304,grayscale,clip_vit_b_32_zero_shot,1,bird,1,bird,1,bird,True,True,0.9954400062561035
STL-10,test,131,6304,grayscale,clip_vit_b_32_zero_shot,9,truck,9,truck,9,truck,True,True,0.9710779190063477
STL-10,test,151,6304,grayscale,clip_vit_b_32_zero_shot,8,ship,8,ship,8,ship,True,True,0.989467442035675
STL-10,test,171,6304,grayscale,clip_vit_b_32_zero_shot,4,deer,4,deer,4,deer,True,True,0.9929272532463074
STL-10,test,176,6304,grayscale,clip_vit_b_32_zero_shot,3,cat,3,cat,3,cat,True,True,0.9748109579086304
STL-10,test,191,6304,grayscale,clip_vit_b_32_zero_shot,9,truck,2,car,2,car,False,True,0.5394901037216187
STL-10,test,194,6304,grayscale,clip_vit_b_32_zero_shot,8,ship,8,ship,8,ship,True,True,0.9921820163726807
STL-10,test,198,6304,grayscale,clip_vit_b_32_zero_shot,1,bird,1,bird,1,bird,True,True,0.9982671737670898
STL-10,test,239,6304,grayscale,clip_vit_b_32_zero_shot,9,truck,9,truck,9,truck,True,True,0.9947792291641235
STL-10,test,261,6304,grayscale,clip_vit_b_32_zero_shot,1,bird,1,bird,1,bird,True,True,0.9835495948791504
STL-10,test,269,6304,grayscale,clip_vit_b_32_zero_shot,7,monkey,7,monkey,7,monkey,True,True,0.9849522709846497
STL-10,test,276,6304,grayscale,clip_vit_b_32_zero_shot,9,truck,9,truck,9,truck,True,True,0.8699764609336853
STL-10,test,303,6304,grayscale,clip_vit_b_32_zero_shot,9,truck,9,truck,9,truck,True,True,0.9954754710197449
STL-10,test,304,6304,grayscale,clip_vit_b_32_zero_shot,1,bird,1,bird,1,bird,True,True,0.9172400832176208
STL-10,test,317,6304,grayscale,clip_vit_b_32_zero_shot,2,car,2,car,2,car,True,True,0.9804865717887878
STL-10,test,319,6304,grayscale,clip_vit_b_32_zero_shot,5,dog,5,dog,5,dog,True,True,0.9854529500007629
STL-10,test,323,6304,grayscale,clip_vit_b_32_zero_shot,7,monkey,7,monkey,7,monkey,True,True,0.997983455657959
STL-10,test,365,6304,grayscale,clip_vit_b_32_zero_shot,3,cat,3,cat,3,cat,True,True,0.9854279160499573
STL-10,test,370,6304,grayscale,clip_vit_b_32_zero_shot,7,monkey,7,monkey,7,monkey,True,True,0.997218132019043
STL-10,test,372,6304,grayscale,clip_vit_b_32_zero_shot,3,cat,3,cat,3,cat,True,True,0.9579958319664001
STL-10,test,378,6304,grayscale,clip_vit_b_32_zero_shot,5,dog,5,dog,5,dog,True,True,0.9918636083602905
STL-10,test,391,6304,grayscale,clip_vit_b_32_zero_shot,3,cat,3,cat,3,cat,True,True,0.7873967289924622
STL-10,test,409,6304,grayscale,clip_vit_b_32_zero_shot,2,car,2,car,2,car,True,True,0.9839809536933899
STL-10,test,419,6304,grayscale,clip_vit_b_32_zero_shot,9,truck,9,truck,9,truck,True,True,0.9666683673858643
STL-10,test,449,6304,grayscale,clip_vit_b_32_zero_shot,6,horse,6,horse,6,horse,True,True,0.9942241311073303
STL-10,test,470,6304,grayscale,clip_vit_b_32_zero_shot,2,car,2,car,2,car,True,True,0.9905751943588257
STL-10,test,483,6304,grayscale,clip_vit_b_32_zero_shot,2,car,2,car,2,car,True,True,0.9716582894325256
STL-10,test,484,6304,grayscale,clip_vit_b_32_zero_shot,0,airplane,0,airplane,0,airplane,True,True,0.9769949913024902
STL-10,test,506,6304,grayscale,clip_vit_b_32_zero_shot,4,deer,4,deer,4,deer,True,True,0.9789769649505615
STL-10,test,545,6304,grayscale,clip_vit_b_32_zero_shot,6,horse,6,horse,6,horse,True,True,0.9462589025497437
STL-10,test,562,6304,grayscale,clip_vit_b_32_zero_shot,0,airplane,0,airplane,0,airplane,True,True,0.8608603477478027
STL-10,test,568,6304,grayscale,clip_vit_b_32_zero_shot,5,dog,5,dog,5,dog,True,True,0.9572317004203796
STL-10,test,603,6304,grayscale,clip_vit_b_32_zero_shot,9,truck,9,truck,9,truck,True,True,0.922670841217041
STL-10,test,632,6304,grayscale,clip_vit_b_32_zero_shot,3,cat,3,cat,3,cat,True,True,0.9920470714569092
STL-10,test,645,6304,grayscale,clip_vit_b_32_zero_shot,5,dog,5,dog,5,dog,True,True,0.9803664088249207
STL-10,test,667,6304,grayscale,clip_vit_b_32_zero_shot,8,ship,8,ship,8,ship,True,True,0.9984827637672424
STL-10,test,672,6304,grayscale,clip_vit_b_32_zero_shot,3,cat,3,cat,3,cat,True,True,0.9361129999160767
STL-10,test,677,6304,grayscale,clip_vit_b_32_zero_shot,3,cat,3,cat,3,cat,True,True,0.981385350227356
STL-10,test,685,6304,grayscale,clip_vit_b_32_zero_shot,5,dog,5,dog,5,dog,True,True,0.9666756391525269
STL-10,test,691,6304,grayscale,clip_vit_b_32_zero_shot,4,deer,4,deer,4,deer,True,True,0.9964737296104431
STL-10,test,706,6304,grayscale,clip_vit_b_32_zero_shot,8,ship,8,ship,8,ship,True,True,0.9990248680114746
STL-10,test,714,6304,grayscale,clip_vit_b_32_zero_shot,2,car,2,car,2,car,True,True,0.9190303683280945
STL-10,test,716,6304,grayscale,clip_vit_b_32_zero_shot,8,ship,8,ship,8,ship,True,True,0.9771778583526611
STL-10,test,738,6304,grayscale,clip_vit_b_32_zero_shot,3,cat,3,cat,3,cat,True,True,0.9768602848052979
STL-10,test,739,6304,grayscale,clip_vit_b_32_zero_shot,8,ship,8,ship,8,ship,True,True,0.9952882528305054
STL-10,test,766,6304,grayscale,clip_vit_b_32_zero_shot,4,deer,6,horse,4,deer,True,False,0.4694811701774597
STL-10,test,791,6304,grayscale,clip_vit_b_32_zero_shot,3,cat,3,cat,3,cat,True,True,0.9890979528427124
STL-10,test,805,6304,grayscale,clip_vit_b_32_zero_shot,9,truck,9,truck,9,truck,True,True,0.9695730209350586
STL-10,test,825,6304,grayscale,clip_vit_b_32_zero_shot,1,bird,1,bird,1,bird,True,True,0.9932067394256592
STL-10,test,852,6304,grayscale,clip_vit_b_32_zero_shot,9,truck,9,truck,9,truck,True,True,0.9982848763465881
STL-10,test,855,6304,grayscale,clip_vit_b_32_zero_shot,4,deer,4,deer,4,deer,True,True,0.9906186461448669
STL-10,test,873,6304,grayscale,clip_vit_b_32_zero_shot,6,horse,6,horse,6,horse,True,True,0.9944085478782654
STL-10,test,890,6304,grayscale,clip_vit_b_32_zero_shot,6,horse,6,horse,6,horse,True,True,0.9967329502105713
STL-10,test,920,6304,grayscale,clip_vit_b_32_zero_shot,6,horse,6,horse,6,horse,True,True,0.9976727366447449
STL-10,test,929,6304,grayscale,clip_vit_b_32_zero_shot,6,horse,6,horse,6,horse,True,True,0.9966543912887573
STL-10,test,962,6304,grayscale,clip_vit_b_32_zero_shot,8,ship,8,ship,8,ship,True,True,0.9876888990402222
STL-10,test,964,6304,grayscale,clip_vit_b_32_zero_shot,6,horse,6,horse,6,horse,True,True,0.9866260290145874
STL-10,test,977,6304,grayscale,clip_vit_b_32_zero_shot,6,horse,6,horse,6,horse,True,True,0.9978949427604675
STL-10,test,979,6304,grayscale,clip_vit_b_32_zero_shot,3,cat,3,cat,3,cat,True,True,0.9885321855545044
STL-10,test,981,6304,grayscale,clip_vit_b_32_zero_shot,2,car,2,car,2,car,True,True,0.9789347052574158
STL-10,test,1022,6304,grayscale,clip_vit_b_32_zero_shot,9,truck,9,truck,9,truck,True,True,0.5497220158576965
STL-10,test,1032,6304,grayscale,clip_vit_b_32_zero_shot,7,monkey,7,monkey,7,monkey,True,True,0.6787428855895996
STL-10,test,1048,6304,grayscale,clip_vit_b_32_zero_shot,7,monkey,7,monkey,7,monkey,True,True,0.9680553078651428
STL-10,test,1090,6304,grayscale,clip_vit_b_32_zero_shot,1,bird,1,bird,1,bird,True,True,0.9940512776374817
STL-10,test,1095,6304,grayscale,clip_vit_b_32_zero_shot,5,dog,5,dog,5,dog,True,True,0.9625971913337708
STL-10,test,1109,6304,grayscale,clip_vit_b_32_zero_shot,1,bird,1,bird,1,bird,True,True,0.9668064117431641
STL-10,test,1111,6304,grayscale,clip_vit_b_32_zero_shot,4,deer,4,deer,4,deer,True,True,0.9537752866744995
STL-10,test,1115,6304,grayscale,clip_vit_b_32_zero_shot,1,bird,1,bird,1,bird,True,True,0.9742845892906189
STL-10,test,1124,6304,grayscale,clip_vit_b_32_zero_shot,4,deer,4,deer,4,deer,True,True,0.9978457689285278
STL-10,test,1129,6304,grayscale,clip_vit_b_32_zero_shot,8,ship,8,ship,8,ship,True,True,0.9924653768539429
STL-10,test,1175,6304,grayscale,clip_vit_b_32_zero_shot,0,airplane,0,airplane,0,airplane,True,True,0.9720438122749329
STL-10,test,1202,6304,grayscale,clip_vit_b_32_zero_shot,2,car,2,car,2,car,True,True,0.9867560863494873
STL-10,test,1204,6304,grayscale,clip_vit_b_32_zero_shot,3,cat,3,cat,3,cat,True,True,0.9675496220588684
STL-10,test,1211,6304,grayscale,clip_vit_b_32_zero_shot,4,deer,4,deer,4,deer,True,True,0.8699459433555603
STL-10,test,1220,6304,grayscale,clip_vit_b_32_zero_shot,7,monkey,7,monkey,7,monkey,True,True,0.9937219023704529
STL-10,test,1230,6304,grayscale,clip_vit_b_32_zero_shot,1,bird,1,bird,7,monkey,False,False,0.8251526355743408
STL-10,test,1247,6304,grayscale,clip_vit_b_32_zero_shot,8,ship,8,ship,8,ship,True,True,0.9845362305641174
STL-10,test,1263,6304,grayscale,clip_vit_b_32_zero_shot,3,cat,4,deer,3,cat,True,False,0.7807225584983826
STL-10,test,1266,6304,grayscale,clip_vit_b_32_zero_shot,4,deer,4,deer,4,deer,True,True,0.9957695007324219
STL-10,test,1287,6304,grayscale,clip_vit_b_32_zero_shot,7,monkey,7,monkey,7,monkey,True,True,0.8877313733100891
STL-10,test,1296,6304,grayscale,clip_vit_b_32_zero_shot,7,monkey,7,monkey,7,monkey,True,True,0.5739796757698059
STL-10,test,1370,6304,grayscale,clip_vit_b_32_zero_shot,3,cat,3,cat,3,cat,True,True,0.969058096408844
STL-10,test,1389,6304,grayscale,clip_vit_b_32_zero_shot,0,airplane,0,airplane,0,airplane,True,True,0.991028904914856
STL-10,test,1401,6304,grayscale,clip_vit_b_32_zero_shot,3,cat,3,cat,3,cat,True,True,0.785934567451477
STL-10,test,1403,6304,grayscale,clip_vit_b_32_zero_shot,2,car,2,car,2,car,True,True,0.9739750027656555
STL-10,test,1411,6304,grayscale,clip_vit_b_32_zero_shot,9,truck,9,truck,9,truck,True,True,0.9682629704475403
STL-10,test,1429,6304,grayscale,clip_vit_b_32_zero_shot,4,deer,4,deer,4,deer,True,True,0.4976896643638611
STL-10,test,1430,6304,grayscale,clip_vit_b_32_zero_shot,9,truck,9,truck,9,truck,True,True,0.978592574596405
STL-10,test,1431,6304,grayscale,clip_vit_b_32_zero_shot,3,cat,3,cat,3,cat,True,True,0.9726886749267578
STL-10,test,1436,6304,grayscale,clip_vit_b_32_zero_shot,1,bird,1,bird,1,bird,True,True,0.9990754127502441
STL-10,test,1440,6304,grayscale,clip_vit_b_32_zero_shot,7,monkey,7,monkey,7,monkey,True,True,0.9992213249206543
STL-10,test,1468,6304,grayscale,clip_vit_b_32_zero_shot,9,truck,9,truck,9,truck,True,True,0.8090631365776062
STL-10,test,1473,6304,grayscale,clip_vit_b_32_zero_shot,7,monkey,7,monkey,7,monkey,True,True,0.999204695224762
STL-10,test,1515,6304,grayscale,clip_vit_b_32_zero_shot,9,truck,9,truck,9,truck,True,True,0.991154670715332
STL-10,test,1520,6304,grayscale,clip_vit_b_32_zero_shot,2,car,2,car,2,car,True,True,0.963340163230896
STL-10,test,1531,6304,grayscale,clip_vit_b_32_zero_shot,3,cat,3,cat,3,cat,True,True,0.5559170246124268
STL-10,test,1534,6304,grayscale,clip_vit_b_32_zero_shot,6,horse,6,horse,6,horse,True,True,0.9316983819007874
STL-10,test,1552,6304,grayscale,clip_vit_b_32_zero_shot,5,dog,5,dog,4,deer,False,False,0.4818788766860962
STL-10,test,1553,6304,grayscale,clip_vit_b_32_zero_shot,0,airplane,0,airplane,0,airplane,True,True,0.9889466166496277
STL-10,test,1563,6304,grayscale,clip_vit_b_32_zero_shot,3,cat,7,monkey,5,dog,False,False,0.6793404221534729
STL-10,test,1568,6304,grayscale,clip_vit_b_32_zero_shot,1,bird,1,bird,1,bird,True,True,0.9923978447914124
STL-10,test,1579,6304,grayscale,clip_vit_b_32_zero_shot,7,monkey,7,monkey,7,monkey,True,True,0.9945951104164124
STL-10,test,1586,6304,grayscale,clip_vit_b_32_zero_shot,2,car,2,car,2,car,True,True,0.9896390438079834
STL-10,test,1596,6304,grayscale,clip_vit_b_32_zero_shot,0,airplane,0,airplane,0,airplane,True,True,0.9676722884178162
STL-10,test,1626,6304,grayscale,clip_vit_b_32_zero_shot,5,dog,5,dog,5,dog,True,True,0.9826457500457764
STL-10,test,1640,6304,grayscale,clip_vit_b_32_zero_shot,8,ship,8,ship,8,ship,True,True,0.9984968900680542
STL-10,test,1644,6304,grayscale,clip_vit_b_32_zero_shot,5,dog,5,dog,5,dog,True,True,0.9822841882705688
STL-10,test,1648,6304,grayscale,clip_vit_b_32_zero_shot,0,airplane,0,airplane,0,airplane,True,True,0.9914315938949585
STL-10,test,1654,6304,grayscale,clip_vit_b_32_zero_shot,9,truck,9,truck,9,truck,True,True,0.9883630871772766
STL-10,test,1667,6304,grayscale,clip_vit_b_32_zero_shot,6,horse,6,horse,6,horse,True,True,0.957353949546814
STL-10,test,1703,6304,grayscale,clip_vit_b_32_zero_shot,7,monkey,7,monkey,7,monkey,True,True,0.9678608775138855
STL-10,test,1711,6304,grayscale,clip_vit_b_32_zero_shot,7,monkey,7,monkey,7,monkey,True,True,0.9984982013702393
STL-10,test,1771,6304,grayscale,clip_vit_b_32_zero_shot,7,monkey,7,monkey,7,monkey,True,True,0.7754234075546265
STL-10,test,1783,6304,grayscale,clip_vit_b_32_zero_shot,8,ship,8,ship,8,ship,True,True,0.9980575442314148
STL-10,test,1814,6304,grayscale,clip_vit_b_32_zero_shot,2,car,2,car,2,car,True,True,0.9715125560760498
STL-10,test,1833,6304,grayscale,clip_vit_b_32_zero_shot,8,ship,8,ship,8,ship,True,True,0.9930309653282166
STL-10,test,1836,6304,grayscale,clip_vit_b_32_zero_shot,9,truck,9,truck,9,truck,True,True,0.9919008612632751
STL-10,test,1839,6304,grayscale,clip_vit_b_32_zero_shot,2,car,2,car,2,car,True,True,0.9739470481872559
STL-10,test,1852,6304,grayscale,clip_vit_b_32_zero_shot,1,bird,1,bird,1,bird,True,True,0.9991810917854309
STL-10,test,1871,6304,grayscale,clip_vit_b_32_zero_shot,1,bird,1,bird,1,bird,True,True,0.9913585186004639
STL-10,test,1877,6304,grayscale,clip_vit_b_32_zero_shot,5,dog,5,dog,4,deer,False,False,0.6494675874710083
STL-10,test,1884,6304,grayscale,clip_vit_b_32_zero_shot,7,monkey,7,monkey,7,monkey,True,True,0.9919403195381165
STL-10,test,1927,6304,grayscale,clip_vit_b_32_zero_shot,7,monkey,7,monkey,7,monkey,True,True,0.9937228560447693
STL-10,test,1954,6304,grayscale,clip_vit_b_32_zero_shot,8,ship,8,ship,8,ship,True,True,0.9878883957862854
STL-10,test,1956,6304,grayscale,clip_vit_b_32_zero_shot,7,monkey,7,monkey,7,monkey,True,True,0.9260132908821106
STL-10,test,1960,6304,grayscale,clip_vit_b_32_zero_shot,4,deer,4,deer,4,deer,True,True,0.8999165296554565
STL-10,test,1977,6304,grayscale,clip_vit_b_32_zero_shot,0,airplane,0,airplane,0,airplane,True,True,0.8241145014762878
STL-10,test,1986,6304,grayscale,clip_vit_b_32_zero_shot,1,bird,1,bird,1,bird,True,True,0.9780576825141907
STL-10,test,1993,6304,grayscale,clip_vit_b_32_zero_shot,1,bird,1,bird,1,bird,True,True,0.9991993308067322
STL-10,test,2003,6304,grayscale,clip_vit_b_32_zero_shot,6,horse,6,horse,6,horse,True,True,0.9731455445289612
STL-10,test,2011,6304,grayscale,clip_vit_b_32_zero_shot,9,truck,9,truck,9,truck,True,True,0.988129734992981
STL-10,test,2024,6304,grayscale,clip_vit_b_32_zero_shot,0,airplane,0,airplane,0,airplane,True,True,0.9493943452835083
STL-10,test,2028,6304,grayscale,clip_vit_b_32_zero_shot,3,cat,3,cat,3,cat,True,True,0.9861775636672974
STL-10,test,2062,6304,grayscale,clip_vit_b_32_zero_shot,9,truck,9,truck,9,truck,True,True,0.9941871166229248
STL-10,test,2070,6304,grayscale,clip_vit_b_32_zero_shot,1,bird,1,bird,1,bird,True,True,0.9550042152404785
STL-10,test,2082,6304,grayscale,clip_vit_b_32_zero_shot,2,car,2,car,2,car,True,True,0.8329401612281799
STL-10,test,2095,6304,grayscale,clip_vit_b_32_zero_shot,1,bird,1,bird,1,bird,True,True,0.9767325520515442
STL-10,test,2109,6304,grayscale,clip_vit_b_32_zero_shot,8,ship,8,ship,8,ship,True,True,0.9991681575775146
STL-10,test,2114,6304,grayscale,clip_vit_b_32_zero_shot,9,truck,9,truck,9,truck,True,True,0.837319552898407
STL-10,test,2116,6304,grayscale,clip_vit_b_32_zero_shot,1,bird,1,bird,1,bird,True,True,0.9647604823112488
STL-10,test,2157,6304,grayscale,clip_vit_b_32_zero_shot,1,bird,1,bird,1,bird,True,True,0.998458743095398
STL-10,test,2167,6304,grayscale,clip_vit_b_32_zero_shot,9,truck,9,truck,9,truck,True,True,0.9779453873634338
STL-10,test,2178,6304,grayscale,clip_vit_b_32_zero_shot,1,bird,1,bird,1,bird,True,True,0.994937539100647
STL-10,test,2191,6304,grayscale,clip_vit_b_32_zero_shot,8,ship,8,ship,8,ship,True,True,0.9978629946708679
STL-10,test,2230,6304,grayscale,clip_vit_b_32_zero_shot,8,ship,8,ship,8,ship,True,True,0.9922966361045837
STL-10,test,2242,6304,grayscale,clip_vit_b_32_zero_shot,0,airplane,0,airplane,0,airplane,True,True,0.9423532485961914
STL-10,test,2265,6304,grayscale,clip_vit_b_32_zero_shot,5,dog,5,dog,5,dog,True,True,0.9562166929244995
STL-10,test,2268,6304,grayscale,clip_vit_b_32_zero_shot,5,dog,5,dog,5,dog,True,True,0.9864721298217773
STL-10,test,2291,6304,grayscale,clip_vit_b_32_zero_shot,3,cat,3,cat,3,cat,True,True,0.6987518668174744
STL-10,test,2334,6304,grayscale,clip_vit_b_32_zero_shot,5,dog,5,dog,5,dog,True,True,0.986240804195404
STL-10,test,2340,6304,grayscale,clip_vit_b_32_zero_shot,8,ship,8,ship,8,ship,True,True,0.9972579479217529
STL-10,test,2342,6304,grayscale,clip_vit_b_32_zero_shot,8,ship,8,ship,8,ship,True,True,0.9970857501029968
STL-10,test,2351,6304,grayscale,clip_vit_b_32_zero_shot,9,truck,9,truck,9,truck,True,True,0.9962312579154968
STL-10,test,2391,6304,grayscale,clip_vit_b_32_zero_shot,5,dog,5,dog,5,dog,True,True,0.9613035917282104
STL-10,test,2392,6304,grayscale,clip_vit_b_32_zero_shot,2,car,2,car,2,car,True,True,0.9445044994354248
STL-10,test,2399,6304,grayscale,clip_vit_b_32_zero_shot,4,deer,4,deer,4,deer,True,True,0.7892957925796509
STL-10,test,2414,6304,grayscale,clip_vit_b_32_zero_shot,9,truck,9,truck,9,truck,True,True,0.9538357853889465
STL-10,test,2427,6304,grayscale,clip_vit_b_32_zero_shot,5,dog,5,dog,5,dog,True,True,0.9763641357421875
STL-10,test,2458,6304,grayscale,clip_vit_b_32_zero_shot,5,dog,5,dog,5,dog,True,True,0.977067232131958
STL-10,test,2501,6304,grayscale,clip_vit_b_32_zero_shot,7,monkey,7,monkey,7,monkey,True,True,0.9354504346847534
STL-10,test,2502,6304,grayscale,clip_vit_b_32_zero_shot,2,car,2,car,2,car,True,True,0.950716495513916
STL-10,test,2536,6304,grayscale,clip_vit_b_32_zero_shot,3,cat,3,cat,3,cat,True,True,0.884527325630188
STL-10,test,2539,6304,grayscale,clip_vit_b_32_zero_shot,3,cat,3,cat,3,cat,True,True,0.9630252718925476
STL-10,test,2610,6304,grayscale,clip_vit_b_32_zero_shot,6,horse,6,horse,6,horse,True,True,0.9854216575622559
STL-10,test,2623,6304,grayscale,clip_vit_b_32_zero_shot,5,dog,5,dog,5,dog,True,True,0.6761098504066467
STL-10,test,2655,6304,grayscale,clip_vit_b_32_zero_shot,9,truck,9,truck,9,truck,True,True,0.963571310043335
STL-10,test,2668,6304,grayscale,clip_vit_b_32_zero_shot,7,monkey,7,monkey,7,monkey,True,True,0.9940736889839172
STL-10,test,2676,6304,grayscale,clip_vit_b_32_zero_shot,6,horse,6,horse,6,horse,True,True,0.8471969366073608
STL-10,test,2687,6304,grayscale,clip_vit_b_32_zero_shot,1,bird,1,bird,1,bird,True,True,0.9993208646774292
STL-10,test,2690,6304,grayscale,clip_vit_b_32_zero_shot,1,bird,1,bird,1,bird,True,True,0.9912018775939941
STL-10,test,2704,6304,grayscale,clip_vit_b_32_zero_shot,4,deer,4,deer,4,deer,True,True,0.9986376166343689
STL-10,test,2745,6304,grayscale,clip_vit_b_32_zero_shot,8,ship,8,ship,8,ship,True,True,0.9952325224876404
STL-10,test,2746,6304,grayscale,clip_vit_b_32_zero_shot,7,monkey,7,monkey,7,monkey,True,True,0.9947629570960999
STL-10,test,2750,6304,grayscale,clip_vit_b_32_zero_shot,0,airplane,0,airplane,8,ship,False,False,0.9238397479057312
STL-10,test,2754,6304,grayscale,clip_vit_b_32_zero_shot,3,cat,3,cat,3,cat,True,True,0.9923335313796997
STL-10,test,2757,6304,grayscale,clip_vit_b_32_zero_shot,4,deer,4,deer,4,deer,True,True,0.9831783175468445
STL-10,test,2766,6304,grayscale,clip_vit_b_32_zero_shot,5,dog,5,dog,5,dog,True,True,0.9774312376976013
STL-10,test,2807,6304,grayscale,clip_vit_b_32_zero_shot,5,dog,5,dog,5,dog,True,True,0.408431738615036
STL-10,test,2844,6304,grayscale,clip_vit_b_32_zero_shot,8,ship,8,ship,8,ship,True,True,0.996317982673645
STL-10,test,2854,6304,grayscale,clip_vit_b_32_zero_shot,7,monkey,7,monkey,7,monkey,True,True,0.6373748183250427
STL-10,test,2861,6304,grayscale,clip_vit_b_32_zero_shot,3,cat,3,cat,3,cat,True,True,0.9916792511940002
STL-10,test,2888,6304,grayscale,clip_vit_b_32_zero_shot,0,airplane,0,airplane,0,airplane,True,True,0.9856747984886169
STL-10,test,2898,6304,grayscale,clip_vit_b_32_zero_shot,4,deer,4,deer,4,deer,True,True,0.991951584815979
STL-10,test,2950,6304,grayscale,clip_vit_b_32_zero_shot,5,dog,5,dog,5,dog,True,True,0.9676758646965027
STL-10,test,2958,6304,grayscale,clip_vit_b_32_zero_shot,6,horse,6,horse,6,horse,True,True,0.9942124485969543
STL-10,test,3015,6304,grayscale,clip_vit_b_32_zero_shot,8,ship,8,ship,8,ship,True,True,0.9946839213371277
STL-10,test,3024,6304,grayscale,clip_vit_b_32_zero_shot,2,car,2,car,2,car,True,True,0.9701814651489258
STL-10,test,3025,6304,grayscale,clip_vit_b_32_zero_shot,0,airplane,0,airplane,0,airplane,True,True,0.6840691566467285
STL-10,test,3034,6304,grayscale,clip_vit_b_32_zero_shot,4,deer,4,deer,4,deer,True,True,0.9978930354118347
STL-10,test,3067,6304,grayscale,clip_vit_b_32_zero_shot,2,car,2,car,2,car,True,True,0.9243459701538086
STL-10,test,3078,6304,grayscale,clip_vit_b_32_zero_shot,4,deer,4,deer,4,deer,True,True,0.9966800212860107
STL-10,test,3079,6304,grayscale,clip_vit_b_32_zero_shot,1,bird,1,bird,1,bird,True,True,0.998461127281189
STL-10,test,3083,6304,grayscale,clip_vit_b_32_zero_shot,0,airplane,0,airplane,0,airplane,True,True,0.9749071598052979
STL-10,test,3122,6304,grayscale,clip_vit_b_32_zero_shot,4,deer,4,deer,4,deer,True,True,0.9457905292510986
STL-10,test,3153,6304,grayscale,clip_vit_b_32_zero_shot,7,monkey,7,monkey,7,monkey,True,True,0.6506723165512085
STL-10,test,3157,6304,grayscale,clip_vit_b_32_zero_shot,8,ship,8,ship,8,ship,True,True,0.9698483347892761
STL-10,test,3163,6304,grayscale,clip_vit_b_32_zero_shot,2,car,2,car,2,car,True,True,0.9806808829307556
STL-10,test,3179,6304,grayscale,clip_vit_b_32_zero_shot,4,deer,4,deer,4,deer,True,True,0.9937625527381897
STL-10,test,3191,6304,grayscale,clip_vit_b_32_zero_shot,6,horse,6,horse,6,horse,True,True,0.8060368299484253
STL-10,test,3276,6304,grayscale,clip_vit_b_32_zero_shot,3,cat,7,monkey,6,horse,False,False,0.31574612855911255
STL-10,test,3287,6304,grayscale,clip_vit_b_32_zero_shot,4,deer,4,deer,4,deer,True,True,0.994459867477417
STL-10,test,3288,6304,grayscale,clip_vit_b_32_zero_shot,7,monkey,7,monkey,7,monkey,True,True,0.9991349577903748
STL-10,test,3292,6304,grayscale,clip_vit_b_32_zero_shot,6,horse,6,horse,6,horse,True,True,0.37414154410362244
STL-10,test,3318,6304,grayscale,clip_vit_b_32_zero_shot,9,truck,9,truck,9,truck,True,True,0.9555193185806274
STL-10,test,3347,6304,grayscale,clip_vit_b_32_zero_shot,0,airplane,0,airplane,0,airplane,True,True,0.9866873621940613
STL-10,test,3353,6304,grayscale,clip_vit_b_32_zero_shot,5,dog,5,dog,5,dog,True,True,0.6580468416213989
STL-10,test,3362,6304,grayscale,clip_vit_b_32_zero_shot,2,car,2,car,2,car,True,True,0.9840260744094849
STL-10,test,3365,6304,grayscale,clip_vit_b_32_zero_shot,4,deer,4,deer,4,deer,True,True,0.985565721988678
STL-10,test,3375,6304,grayscale,clip_vit_b_32_zero_shot,3,cat,3,cat,3,cat,True,True,0.9802514910697937
STL-10,test,3383,6304,grayscale,clip_vit_b_32_zero_shot,3,cat,3,cat,3,cat,True,True,0.8572890162467957
STL-10,test,3404,6304,grayscale,clip_vit_b_32_zero_shot,7,monkey,7,monkey,7,monkey,True,True,0.9945967197418213
STL-10,test,3412,6304,grayscale,clip_vit_b_32_zero_shot,8,ship,8,ship,8,ship,True,True,0.9974883794784546
STL-10,test,3413,6304,grayscale,clip_vit_b_32_zero_shot,1,bird,1,bird,1,bird,True,True,0.9996199607849121
STL-10,test,3418,6304,grayscale,clip_vit_b_32_zero_shot,6,horse,6,horse,6,horse,True,True,0.9984789490699768
STL-10,test,3437,6304,grayscale,clip_vit_b_32_zero_shot,0,airplane,0,airplane,0,airplane,True,True,0.8281320929527283
STL-10,test,3446,6304,grayscale,clip_vit_b_32_zero_shot,7,monkey,7,monkey,7,monkey,True,True,0.9964459538459778
STL-10,test,3454,6304,grayscale,clip_vit_b_32_zero_shot,2,car,2,car,2,car,True,True,0.9660344123840332
STL-10,test,3455,6304,grayscale,clip_vit_b_32_zero_shot,0,airplane,0,airplane,0,airplane,True,True,0.9038887023925781
STL-10,test,3458,6304,grayscale,clip_vit_b_32_zero_shot,4,deer,4,deer,4,deer,True,True,0.9922214150428772
STL-10,test,3467,6304,grayscale,clip_vit_b_32_zero_shot,7,monkey,7,monkey,7,monkey,True,True,0.7137659788131714
STL-10,test,3491,6304,grayscale,clip_vit_b_32_zero_shot,1,bird,1,bird,1,bird,True,True,0.9979158043861389
STL-10,test,3494,6304,grayscale,clip_vit_b_32_zero_shot,6,horse,6,horse,6,horse,True,True,0.9960227012634277
STL-10,test,3512,6304,grayscale,clip_vit_b_32_zero_shot,4,deer,4,deer,4,deer,True,True,0.996885359287262
STL-10,test,3515,6304,grayscale,clip_vit_b_32_zero_shot,6,horse,6,horse,6,horse,True,True,0.9982395172119141
STL-10,test,3542,6304,grayscale,clip_vit_b_32_zero_shot,7,monkey,7,monkey,7,monkey,True,True,0.9978901743888855
STL-10,test,3550,6304,grayscale,clip_vit_b_32_zero_shot,1,bird,1,bird,1,bird,True,True,0.9926377534866333
STL-10,test,3562,6304,grayscale,clip_vit_b_32_zero_shot,3,cat,4,deer,4,deer,False,True,0.8383931517601013
STL-10,test,3755,6304,grayscale,clip_vit_b_32_zero_shot,2,car,2,car,2,car,True,True,0.9760948419570923
STL-10,test,3763,6304,grayscale,clip_vit_b_32_zero_shot,4,deer,4,deer,4,deer,True,True,0.985577404499054
STL-10,test,3777,6304,grayscale,clip_vit_b_32_zero_shot,6,horse,6,horse,6,horse,True,True,0.994002640247345
STL-10,test,3778,6304,grayscale,clip_vit_b_32_zero_shot,3,cat,3,cat,3,cat,True,True,0.9462366104125977
STL-10,test,3779,6304,grayscale,clip_vit_b_32_zero_shot,6,horse,6,horse,6,horse,True,True,0.9981536269187927
STL-10,test,3844,6304,grayscale,clip_vit_b_32_zero_shot,6,horse,6,horse,6,horse,True,True,0.9939855933189392
STL-10,test,3851,6304,grayscale,clip_vit_b_32_zero_shot,3,cat,3,cat,3,cat,True,True,0.9829121828079224
STL-10,test,3852,6304,grayscale,clip_vit_b_32_zero_shot,5,dog,5,dog,5,dog,True,True,0.9592306017875671
STL-10,test,3863,6304,grayscale,clip_vit_b_32_zero_shot,5,dog,5,dog,5,dog,True,True,0.9771868586540222
STL-10,test,3867,6304,grayscale,clip_vit_b_32_zero_shot,7,monkey,7,monkey,7,monkey,True,True,0.998749852180481
STL-10,test,3876,6304,grayscale,clip_vit_b_32_zero_shot,0,airplane,0,airplane,0,airplane,True,True,0.8549654483795166
STL-10,test,3889,6304,grayscale,clip_vit_b_32_zero_shot,5,dog,5,dog,5,dog,True,True,0.9803301692008972
STL-10,test,3891,6304,grayscale,clip_vit_b_32_zero_shot,4,deer,4,deer,4,deer,True,True,0.9952985644340515
STL-10,test,3893,6304,grayscale,clip_vit_b_32_zero_shot,9,truck,9,truck,9,truck,True,True,0.8997162580490112
STL-10,test,3905,6304,grayscale,clip_vit_b_32_zero_shot,8,ship,8,ship,8,ship,True,True,0.9974306225776672
STL-10,test,3914,6304,grayscale,clip_vit_b_32_zero_shot,3,cat,3,cat,3,cat,True,True,0.9883543252944946
STL-10,test,3937,6304,grayscale,clip_vit_b_32_zero_shot,1,bird,1,bird,1,bird,True,True,0.9994848966598511
STL-10,test,3942,6304,grayscale,clip_vit_b_32_zero_shot,9,truck,9,truck,9,truck,True,True,0.9796042442321777
STL-10,test,3948,6304,grayscale,clip_vit_b_32_zero_shot,8,ship,8,ship,8,ship,True,True,0.9977197051048279
STL-10,test,3962,6304,grayscale,clip_vit_b_32_zero_shot,6,horse,6,horse,6,horse,True,True,0.9974169731140137
STL-10,test,3965,6304,grayscale,clip_vit_b_32_zero_shot,0,airplane,0,airplane,0,airplane,True,True,0.9660851359367371
STL-10,test,3994,6304,grayscale,clip_vit_b_32_zero_shot,4,deer,4,deer,4,deer,True,True,0.9980567097663879
STL-10,test,3996,6304,grayscale,clip_vit_b_32_zero_shot,9,truck,9,truck,9,truck,True,True,0.9871139526367188
STL-10,test,4011,6304,grayscale,clip_vit_b_32_zero_shot,6,horse,6,horse,6,horse,True,True,0.9963716268539429
STL-10,test,4023,6304,grayscale,clip_vit_b_32_zero_shot,3,cat,3,cat,3,cat,True,True,0.3771059811115265
STL-10,test,4054,6304,grayscale,clip_vit_b_32_zero_shot,4,deer,4,deer,4,deer,True,True,0.9440745115280151
STL-10,test,4065,6304,grayscale,clip_vit_b_32_zero_shot,2,car,2,car,2,car,True,True,0.8892326951026917
STL-10,test,4069,6304,grayscale,clip_vit_b_32_zero_shot,8,ship,8,ship,8,ship,True,True,0.7171305418014526
STL-10,test,4093,6304,grayscale,clip_vit_b_32_zero_shot,6,horse,6,horse,6,horse,True,True,0.9913354516029358
STL-10,test,4094,6304,grayscale,clip_vit_b_32_zero_shot,9,truck,9,truck,9,truck,True,True,0.9756414294242859
STL-10,test,4106,6304,grayscale,clip_vit_b_32_zero_shot,5,dog,5,dog,5,dog,True,True,0.9413090348243713
STL-10,test,4130,6304,grayscale,clip_vit_b_32_zero_shot,0,airplane,0,airplane,0,airplane,True,True,0.9773514866828918
STL-10,test,4168,6304,grayscale,clip_vit_b_32_zero_shot,3,cat,3,cat,3,cat,True,True,0.9696950912475586
STL-10,test,4170,6304,grayscale,clip_vit_b_32_zero_shot,8,ship,8,ship,8,ship,True,True,0.9952268600463867
STL-10,test,4172,6304,grayscale,clip_vit_b_32_zero_shot,7,monkey,7,monkey,7,monkey,True,True,0.9090650081634521
STL-10,test,4177,6304,grayscale,clip_vit_b_32_zero_shot,8,ship,8,ship,8,ship,True,True,0.9952882528305054
STL-10,test,4215,6304,grayscale,clip_vit_b_32_zero_shot,3,cat,3,cat,3,cat,True,True,0.8579605221748352
STL-10,test,4229,6304,grayscale,clip_vit_b_32_zero_shot,3,cat,3,cat,3,cat,True,True,0.9931944608688354
STL-10,test,4236,6304,grayscale,clip_vit_b_32_zero_shot,7,monkey,7,monkey,7,monkey,True,True,0.9838915467262268
STL-10,test,4242,6304,grayscale,clip_vit_b_32_zero_shot,8,ship,8,ship,8,ship,True,True,0.9945797920227051
STL-10,test,4254,6304,grayscale,clip_vit_b_32_zero_shot,6,horse,6,horse,6,horse,True,True,0.9976373910903931
STL-10,test,4290,6304,grayscale,clip_vit_b_32_zero_shot,5,dog,4,deer,1,bird,False,False,0.6153603792190552
STL-10,test,4298,6304,grayscale,clip_vit_b_32_zero_shot,1,bird,1,bird,1,bird,True,True,0.9995909333229065
STL-10,test,4308,6304,grayscale,clip_vit_b_32_zero_shot,7,monkey,7,monkey,7,monkey,True,True,0.8974700570106506
STL-10,test,4311,6304,grayscale,clip_vit_b_32_zero_shot,8,ship,8,ship,8,ship,True,True,0.9990205764770508
STL-10,test,4323,6304,grayscale,clip_vit_b_32_zero_shot,3,cat,3,cat,3,cat,True,True,0.9771972298622131
STL-10,test,4330,6304,grayscale,clip_vit_b_32_zero_shot,3,cat,5,dog,3,cat,True,False,0.7940860390663147
STL-10,test,4341,6304,grayscale,clip_vit_b_32_zero_shot,6,horse,6,horse,6,horse,True,True,0.9956134557723999
STL-10,test,4355,6304,grayscale,clip_vit_b_32_zero_shot,8,ship,8,ship,8,ship,True,True,0.9917542934417725
STL-10,test,4399,6304,grayscale,clip_vit_b_32_zero_shot,0,airplane,0,airplane,0,airplane,True,True,0.9371195435523987
STL-10,test,4403,6304,grayscale,clip_vit_b_32_zero_shot,7,monkey,7,monkey,7,monkey,True,True,0.9992954730987549
STL-10,test,4411,6304,grayscale,clip_vit_b_32_zero_shot,6,horse,6,horse,6,horse,True,True,0.954275369644165
STL-10,test,4449,6304,grayscale,clip_vit_b_32_zero_shot,9,truck,9,truck,9,truck,True,True,0.8757513165473938
STL-10,test,4463,6304,grayscale,clip_vit_b_32_zero_shot,3,cat,3,cat,3,cat,True,True,0.9796598553657532
STL-10,test,4531,6304,grayscale,clip_vit_b_32_zero_shot,3,cat,3,cat,3,cat,True,True,0.7200040221214294
STL-10,test,4539,6304,grayscale,clip_vit_b_32_zero_shot,0,airplane,0,airplane,0,airplane,True,True,0.9851641654968262
STL-10,test,4547,6304,grayscale,clip_vit_b_32_zero_shot,5,dog,5,dog,5,dog,True,True,0.9898687601089478
STL-10,test,4552,6304,grayscale,clip_vit_b_32_zero_shot,8,ship,8,ship,8,ship,True,True,0.9491373896598816
STL-10,test,4570,6304,grayscale,clip_vit_b_32_zero_shot,5,dog,5,dog,5,dog,True,True,0.9780177474021912
STL-10,test,4590,6304,grayscale,clip_vit_b_32_zero_shot,3,cat,3,cat,3,cat,True,True,0.980313241481781
STL-10,test,4609,6304,grayscale,clip_vit_b_32_zero_shot,3,cat,3,cat,7,monkey,False,False,0.9603386521339417
STL-10,test,4615,6304,grayscale,clip_vit_b_32_zero_shot,0,airplane,0,airplane,0,airplane,True,True,0.9703394770622253
STL-10,test,4617,6304,grayscale,clip_vit_b_32_zero_shot,0,airplane,0,airplane,0,airplane,True,True,0.9717554450035095
STL-10,test,4620,6304,grayscale,clip_vit_b_32_zero_shot,6,horse,6,horse,6,horse,True,True,0.9834694862365723
STL-10,test,4629,6304,grayscale,clip_vit_b_32_zero_shot,4,deer,4,deer,4,deer,True,True,0.9937164187431335
STL-10,test,4640,6304,grayscale,clip_vit_b_32_zero_shot,1,bird,1,bird,7,monkey,False,False,0.9128584861755371
STL-10,test,4642,6304,grayscale,clip_vit_b_32_zero_shot,4,deer,4,deer,4,deer,True,True,0.9979859590530396
STL-10,test,4661,6304,grayscale,clip_vit_b_32_zero_shot,7,monkey,7,monkey,7,monkey,True,True,0.9981599450111389
STL-10,test,4662,6304,grayscale,clip_vit_b_32_zero_shot,8,ship,8,ship,8,ship,True,True,0.9970483183860779
STL-10,test,4675,6304,grayscale,clip_vit_b_32_zero_shot,0,airplane,0,airplane,0,airplane,True,True,0.9845830202102661
STL-10,test,4676,6304,grayscale,clip_vit_b_32_zero_shot,8,ship,8,ship,8,ship,True,True,0.9977680444717407
STL-10,test,4704,6304,grayscale,clip_vit_b_32_zero_shot,7,monkey,7,monkey,7,monkey,True,True,0.9876291751861572
STL-10,test,4723,6304,grayscale,clip_vit_b_32_zero_shot,9,truck,9,truck,9,truck,True,True,0.8804556131362915
STL-10,test,4731,6304,grayscale,clip_vit_b_32_zero_shot,6,horse,6,horse,6,horse,True,True,0.9983962178230286
STL-10,test,4735,6304,grayscale,clip_vit_b_32_zero_shot,2,car,2,car,2,car,True,True,0.9689446091651917
STL-10,test,4740,6304,grayscale,clip_vit_b_32_zero_shot,4,deer,4,deer,4,deer,True,True,0.8419005870819092
STL-10,test,4746,6304,grayscale,clip_vit_b_32_zero_shot,6,horse,6,horse,6,horse,True,True,0.9985277652740479
STL-10,test,4748,6304,grayscale,clip_vit_b_32_zero_shot,7,monkey,7,monkey,7,monkey,True,True,0.9985081553459167
STL-10,test,4754,6304,grayscale,clip_vit_b_32_zero_shot,6,horse,6,horse,6,horse,True,True,0.9936333894729614
STL-10,test,4785,6304,grayscale,clip_vit_b_32_zero_shot,0,airplane,0,airplane,0,airplane,True,True,0.9858976602554321
STL-10,test,4791,6304,grayscale,clip_vit_b_32_zero_shot,7,monkey,7,monkey,7,monkey,True,True,0.9991204142570496
STL-10,test,4819,6304,grayscale,clip_vit_b_32_zero_shot,0,airplane,0,airplane,0,airplane,True,True,0.9599270820617676
STL-10,test,4821,6304,grayscale,clip_vit_b_32_zero_shot,3,cat,3,cat,3,cat,True,True,0.8765633702278137
STL-10,test,4827,6304,grayscale,clip_vit_b_32_zero_shot,6,horse,6,horse,6,horse,True,True,0.9655594825744629
STL-10,test,4850,6304,grayscale,clip_vit_b_32_zero_shot,5,dog,5,dog,5,dog,True,True,0.9656642079353333
STL-10,test,4881,6304,grayscale,clip_vit_b_32_zero_shot,3,cat,3,cat,1,bird,False,False,0.41519075632095337
STL-10,test,4893,6304,grayscale,clip_vit_b_32_zero_shot,0,airplane,0,airplane,0,airplane,True,True,0.9884682297706604
STL-10,test,4908,6304,grayscale,clip_vit_b_32_zero_shot,3,cat,3,cat,3,cat,True,True,0.9704955220222473
STL-10,test,4913,6304,grayscale,clip_vit_b_32_zero_shot,2,car,2,car,2,car,True,True,0.9473502039909363
STL-10,test,4921,6304,grayscale,clip_vit_b_32_zero_shot,2,car,2,car,2,car,True,True,0.9678516983985901
STL-10,test,4953,6304,grayscale,clip_vit_b_32_zero_shot,5,dog,5,dog,5,dog,True,True,0.9521158337593079
STL-10,test,4966,6304,grayscale,clip_vit_b_32_zero_shot,5,dog,5,dog,5,dog,True,True,0.9417524337768555
STL-10,test,4990,6304,grayscale,clip_vit_b_32_zero_shot,8,ship,8,ship,8,ship,True,True,0.9822995066642761
STL-10,test,5000,6304,grayscale,clip_vit_b_32_zero_shot,8,ship,8,ship,8,ship,True,True,0.9972733855247498
STL-10,test,5030,6304,grayscale,clip_vit_b_32_zero_shot,2,car,2,car,2,car,True,True,0.9480030536651611
STL-10,test,5062,6304,grayscale,clip_vit_b_32_zero_shot,4,deer,4,deer,4,deer,True,True,0.9959267973899841
STL-10,test,5077,6304,grayscale,clip_vit_b_32_zero_shot,4,deer,4,deer,4,deer,True,True,0.8954124450683594
STL-10,test,5082,6304,grayscale,clip_vit_b_32_zero_shot,6,horse,6,horse,6,horse,True,True,0.9934194684028625
STL-10,test,5092,6304,grayscale,clip_vit_b_32_zero_shot,1,bird,1,bird,1,bird,True,True,0.9986899495124817
STL-10,test,5101,6304,grayscale,clip_vit_b_32_zero_shot,5,dog,5,dog,5,dog,True,True,0.9546821713447571
STL-10,test,5117,6304,grayscale,clip_vit_b_32_zero_shot,0,airplane,0,airplane,0,airplane,True,True,0.9408133625984192
STL-10,test,5123,6304,grayscale,clip_vit_b_32_zero_shot,1,bird,1,bird,1,bird,True,True,0.995627760887146
STL-10,test,5135,6304,grayscale,clip_vit_b_32_zero_shot,4,deer,4,deer,4,deer,True,True,0.9743177890777588
STL-10,test,5183,6304,grayscale,clip_vit_b_32_zero_shot,2,car,2,car,2,car,True,True,0.9849416017532349
STL-10,test,5213,6304,grayscale,clip_vit_b_32_zero_shot,4,deer,4,deer,4,deer,True,True,0.9902918934822083
STL-10,test,5218,6304,grayscale,clip_vit_b_32_zero_shot,2,car,2,car,2,car,True,True,0.9714275598526001
STL-10,test,5220,6304,grayscale,clip_vit_b_32_zero_shot,1,bird,5,dog,5,dog,False,True,0.3963559567928314
STL-10,test,5237,6304,grayscale,clip_vit_b_32_zero_shot,2,car,2,car,2,car,True,True,0.8614206314086914
STL-10,test,5256,6304,grayscale,clip_vit_b_32_zero_shot,1,bird,1,bird,1,bird,True,True,0.9947677850723267
STL-10,test,5284,6304,grayscale,clip_vit_b_32_zero_shot,9,truck,9,truck,9,truck,True,True,0.9333264827728271
STL-10,test,5301,6304,grayscale,clip_vit_b_32_zero_shot,9,truck,9,truck,9,truck,True,True,0.8983240127563477
STL-10,test,5318,6304,grayscale,clip_vit_b_32_zero_shot,2,car,2,car,2,car,True,True,0.8107368350028992
STL-10,test,5332,6304,grayscale,clip_vit_b_32_zero_shot,5,dog,5,dog,5,dog,True,True,0.8955104351043701
STL-10,test,5333,6304,grayscale,clip_vit_b_32_zero_shot,2,car,2,car,2,car,True,True,0.9856025576591492
STL-10,test,5360,6304,grayscale,clip_vit_b_32_zero_shot,9,truck,9,truck,9,truck,True,True,0.9639652967453003
STL-10,test,5381,6304,grayscale,clip_vit_b_32_zero_shot,5,dog,5,dog,5,dog,True,True,0.979548454284668
STL-10,test,5382,6304,grayscale,clip_vit_b_32_zero_shot,6,horse,6,horse,6,horse,True,True,0.9877239465713501
STL-10,test,5395,6304,grayscale,clip_vit_b_32_zero_shot,2,car,2,car,2,car,True,True,0.9862715005874634
STL-10,test,5402,6304,grayscale,clip_vit_b_32_zero_shot,4,deer,4,deer,4,deer,True,True,0.9659730195999146
STL-10,test,5408,6304,grayscale,clip_vit_b_32_zero_shot,6,horse,6,horse,6,horse,True,True,0.9978067278862
STL-10,test,5436,6304,grayscale,clip_vit_b_32_zero_shot,7,monkey,7,monkey,7,monkey,True,True,0.9984839558601379
STL-10,test,5447,6304,grayscale,clip_vit_b_32_zero_shot,9,truck,9,truck,9,truck,True,True,0.9845074415206909
STL-10,test,5450,6304,grayscale,clip_vit_b_32_zero_shot,7,monkey,7,monkey,7,monkey,True,True,0.9832404255867004
STL-10,test,5451,6304,grayscale,clip_vit_b_32_zero_shot,8,ship,8,ship,8,ship,True,True,0.999211311340332
STL-10,test,5452,6304,grayscale,clip_vit_b_32_zero_shot,9,truck,9,truck,9,truck,True,True,0.9822317957878113
STL-10,test,5467,6304,grayscale,clip_vit_b_32_zero_shot,4,deer,4,deer,4,deer,True,True,0.9747332334518433
STL-10,test,5478,6304,grayscale,clip_vit_b_32_zero_shot,0,airplane,0,airplane,0,airplane,True,True,0.9520901441574097
STL-10,test,5488,6304,grayscale,clip_vit_b_32_zero_shot,1,bird,1,bird,1,bird,True,True,0.9207257628440857
STL-10,test,5496,6304,grayscale,clip_vit_b_32_zero_shot,5,dog,5,dog,5,dog,True,True,0.9859486818313599
STL-10,test,5508,6304,grayscale,clip_vit_b_32_zero_shot,9,truck,9,truck,9,truck,True,True,0.986050546169281
STL-10,test,5512,6304,grayscale,clip_vit_b_32_zero_shot,2,car,9,truck,9,truck,False,True,0.8556011319160461
STL-10,test,5525,6304,grayscale,clip_vit_b_32_zero_shot,8,ship,8,ship,8,ship,True,True,0.995621383190155
STL-10,test,5528,6304,grayscale,clip_vit_b_32_zero_shot,3,cat,3,cat,3,cat,True,True,0.9753502607345581
STL-10,test,5556,6304,grayscale,clip_vit_b_32_zero_shot,4,deer,4,deer,4,deer,True,True,0.9587162733078003
STL-10,test,5560,6304,grayscale,clip_vit_b_32_zero_shot,1,bird,1,bird,1,bird,True,True,0.9945607781410217
STL-10,test,5572,6304,grayscale,clip_vit_b_32_zero_shot,9,truck,9,truck,9,truck,True,True,0.8946554660797119
STL-10,test,5580,6304,grayscale,clip_vit_b_32_zero_shot,6,horse,6,horse,6,horse,True,True,0.8845351934432983
STL-10,test,5590,6304,grayscale,clip_vit_b_32_zero_shot,9,truck,9,truck,9,truck,True,True,0.7514169216156006
STL-10,test,5623,6304,grayscale,clip_vit_b_32_zero_shot,4,deer,4,deer,4,deer,True,True,0.9908536672592163
STL-10,test,5677,6304,grayscale,clip_vit_b_32_zero_shot,2,car,2,car,2,car,True,True,0.9521998167037964
STL-10,test,5694,6304,grayscale,clip_vit_b_32_zero_shot,8,ship,8,ship,8,ship,True,True,0.9947459697723389
STL-10,test,5701,6304,grayscale,clip_vit_b_32_zero_shot,5,dog,5,dog,5,dog,True,True,0.9757639765739441
STL-10,test,5705,6304,grayscale,clip_vit_b_32_zero_shot,8,ship,8,ship,8,ship,True,True,0.9983824491500854
STL-10,test,5719,6304,grayscale,clip_vit_b_32_zero_shot,7,monkey,7,monkey,7,monkey,True,True,0.9859033823013306
STL-10,test,5729,6304,grayscale,clip_vit_b_32_zero_shot,6,horse,6,horse,6,horse,True,True,0.9870368242263794
STL-10,test,5756,6304,grayscale,clip_vit_b_32_zero_shot,2,car,2,car,2,car,True,True,0.9802170395851135
STL-10,test,5788,6304,grayscale,clip_vit_b_32_zero_shot,9,truck,9,truck,9,truck,True,True,0.9813399910926819
STL-10,test,5789,6304,grayscale,clip_vit_b_32_zero_shot,4,deer,4,deer,4,deer,True,True,0.9897184371948242
STL-10,test,5824,6304,grayscale,clip_vit_b_32_zero_shot,2,car,2,car,2,car,True,True,0.4900054931640625
STL-10,test,5848,6304,grayscale,clip_vit_b_32_zero_shot,7,monkey,7,monkey,7,monkey,True,True,0.9990059733390808
STL-10,test,5851,6304,grayscale,clip_vit_b_32_zero_shot,9,truck,9,truck,9,truck,True,True,0.9961752891540527
STL-10,test,5857,6304,grayscale,clip_vit_b_32_zero_shot,6,horse,6,horse,6,horse,True,True,0.9668108820915222
STL-10,test,5858,6304,grayscale,clip_vit_b_32_zero_shot,6,horse,6,horse,6,horse,True,True,0.9853196144104004
STL-10,test,5912,6304,grayscale,clip_vit_b_32_zero_shot,0,airplane,0,airplane,0,airplane,True,True,0.9548134207725525
STL-10,test,5915,6304,grayscale,clip_vit_b_32_zero_shot,9,truck,9,truck,9,truck,True,True,0.904229462146759
STL-10,test,5918,6304,grayscale,clip_vit_b_32_zero_shot,0,airplane,0,airplane,0,airplane,True,True,0.969037652015686
STL-10,test,5924,6304,grayscale,clip_vit_b_32_zero_shot,5,dog,5,dog,5,dog,True,True,0.63780277967453
STL-10,test,5977,6304,grayscale,clip_vit_b_32_zero_shot,7,monkey,7,monkey,7,monkey,True,True,0.995958149433136
STL-10,test,5981,6304,grayscale,clip_vit_b_32_zero_shot,9,truck,9,truck,9,truck,True,True,0.912940263748169
STL-10,test,5999,6304,grayscale,clip_vit_b_32_zero_shot,0,airplane,0,airplane,0,airplane,True,True,0.9703501462936401
STL-10,test,6028,6304,grayscale,clip_vit_b_32_zero_shot,2,car,2,car,2,car,True,True,0.9806299805641174
STL-10,test,6033,6304,grayscale,clip_vit_b_32_zero_shot,4,deer,4,deer,4,deer,True,True,0.8899970054626465
STL-10,test,6076,6304,grayscale,clip_vit_b_32_zero_shot,1,bird,1,bird,1,bird,True,True,0.9991475343704224
STL-10,test,6084,6304,grayscale,clip_vit_b_32_zero_shot,7,monkey,7,monkey,7,monkey,True,True,0.9979518055915833
STL-10,test,6097,6304,grayscale,clip_vit_b_32_zero_shot,4,deer,4,deer,4,deer,True,True,0.9165769219398499
STL-10,test,6169,6304,grayscale,clip_vit_b_32_zero_shot,1,bird,1,bird,1,bird,True,True,0.6500563621520996
STL-10,test,6190,6304,grayscale,clip_vit_b_32_zero_shot,7,monkey,7,monkey,7,monkey,True,True,0.9992824196815491
STL-10,test,6224,6304,grayscale,clip_vit_b_32_zero_shot,5,dog,5,dog,5,dog,True,True,0.8737889528274536
STL-10,test,6244,6304,grayscale,clip_vit_b_32_zero_shot,2,car,2,car,2,car,True,True,0.8614429235458374
STL-10,test,6264,6304,grayscale,clip_vit_b_32_zero_shot,2,car,2,car,2,car,True,True,0.9896789789199829
STL-10,test,6271,6304,grayscale,clip_vit_b_32_zero_shot,2,car,2,car,2,car,True,True,0.9747939705848694
STL-10,test,6288,6304,grayscale,clip_vit_b_32_zero_shot,4,deer,4,deer,4,deer,True,True,0.9965479969978333
STL-10,test,6332,6304,grayscale,clip_vit_b_32_zero_shot,2,car,2,car,2,car,True,True,0.9645140171051025
STL-10,test,6349,6304,grayscale,clip_vit_b_32_zero_shot,1,bird,1,bird,1,bird,True,True,0.9602078199386597
STL-10,test,6354,6304,grayscale,clip_vit_b_32_zero_shot,2,car,2,car,2,car,True,True,0.9778625965118408
STL-10,test,6358,6304,grayscale,clip_vit_b_32_zero_shot,5,dog,5,dog,5,dog,True,True,0.9145376682281494
STL-10,test,6381,6304,grayscale,clip_vit_b_32_zero_shot,6,horse,6,horse,6,horse,True,True,0.9934574961662292
STL-10,test,6414,6304,grayscale,clip_vit_b_32_zero_shot,5,dog,5,dog,5,dog,True,True,0.8171883821487427
STL-10,test,6426,6304,grayscale,clip_vit_b_32_zero_shot,2,car,2,car,2,car,True,True,0.9711501002311707
STL-10,test,6434,6304,grayscale,clip_vit_b_32_zero_shot,8,ship,8,ship,8,ship,True,True,0.998872697353363
STL-10,test,6437,6304,grayscale,clip_vit_b_32_zero_shot,0,airplane,0,airplane,0,airplane,True,True,0.9899416565895081
STL-10,test,6455,6304,grayscale,clip_vit_b_32_zero_shot,0,airplane,0,airplane,0,airplane,True,True,0.9653052687644958
STL-10,test,6490,6304,grayscale,clip_vit_b_32_zero_shot,3,cat,3,cat,3,cat,True,True,0.5158393979072571
STL-10,test,6503,6304,grayscale,clip_vit_b_32_zero_shot,2,car,2,car,2,car,True,True,0.9310325384140015
STL-10,test,6508,6304,grayscale,clip_vit_b_32_zero_shot,4,deer,4,deer,4,deer,True,True,0.9939186573028564
STL-10,test,6528,6304,grayscale,clip_vit_b_32_zero_shot,4,deer,4,deer,4,deer,True,True,0.9853858947753906
STL-10,test,6594,6304,grayscale,clip_vit_b_32_zero_shot,1,bird,1,bird,1,bird,True,True,0.9853395223617554
STL-10,test,6609,6304,grayscale,clip_vit_b_32_zero_shot,0,airplane,0,airplane,0,airplane,True,True,0.9763140082359314
STL-10,test,6616,6304,grayscale,clip_vit_b_32_zero_shot,2,car,2,car,2,car,True,True,0.9705645442008972
STL-10,test,6650,6304,grayscale,clip_vit_b_32_zero_shot,7,monkey,7,monkey,7,monkey,True,True,0.9928378462791443
STL-10,test,6689,6304,grayscale,clip_vit_b_32_zero_shot,8,ship,8,ship,8,ship,True,True,0.9868136644363403
STL-10,test,6692,6304,grayscale,clip_vit_b_32_zero_shot,2,car,2,car,2,car,True,True,0.9702516794204712
STL-10,test,6713,6304,grayscale,clip_vit_b_32_zero_shot,6,horse,6,horse,6,horse,True,True,0.9594255685806274
STL-10,test,6716,6304,grayscale,clip_vit_b_32_zero_shot,5,dog,5,dog,5,dog,True,True,0.9077543616294861
STL-10,test,6726,6304,grayscale,clip_vit_b_32_zero_shot,7,monkey,7,monkey,7,monkey,True,True,0.8724731802940369
STL-10,test,6733,6304,grayscale,clip_vit_b_32_zero_shot,1,bird,1,bird,1,bird,True,True,0.9626055955886841
STL-10,test,6772,6304,grayscale,clip_vit_b_32_zero_shot,7,monkey,7,monkey,7,monkey,True,True,0.745488703250885
STL-10,test,6805,6304,grayscale,clip_vit_b_32_zero_shot,1,bird,1,bird,1,bird,True,True,0.9910069108009338
STL-10,test,6836,6304,grayscale,clip_vit_b_32_zero_shot,1,bird,1,bird,1,bird,True,True,0.9988566637039185
STL-10,test,6844,6304,grayscale,clip_vit_b_32_zero_shot,0,airplane,0,airplane,0,airplane,True,True,0.9095279574394226
STL-10,test,6922,6304,grayscale,clip_vit_b_32_zero_shot,5,dog,5,dog,5,dog,True,True,0.9676367044448853
STL-10,test,6931,6304,grayscale,clip_vit_b_32_zero_shot,9,truck,9,truck,9,truck,True,True,0.9183658361434937
STL-10,test,6938,6304,grayscale,clip_vit_b_32_zero_shot,1,bird,1,bird,1,bird,True,True,0.9992414712905884
STL-10,test,6952,6304,grayscale,clip_vit_b_32_zero_shot,3,cat,3,cat,3,cat,True,True,0.9839884638786316
STL-10,test,6954,6304,grayscale,clip_vit_b_32_zero_shot,1,bird,1,bird,1,bird,True,True,0.9809572696685791
STL-10,test,6986,6304,grayscale,clip_vit_b_32_zero_shot,0,airplane,0,airplane,0,airplane,True,True,0.963205099105835
STL-10,test,6989,6304,grayscale,clip_vit_b_32_zero_shot,5,dog,5,dog,5,dog,True,True,0.9304617643356323
STL-10,test,7009,6304,grayscale,clip_vit_b_32_zero_shot,0,airplane,0,airplane,0,airplane,True,True,0.9756872653961182
STL-10,test,7029,6304,grayscale,clip_vit_b_32_zero_shot,1,bird,1,bird,1,bird,True,True,0.9971754550933838
STL-10,test,7033,6304,grayscale,clip_vit_b_32_zero_shot,1,bird,1,bird,1,bird,True,True,0.9775172472000122
STL-10,test,7041,6304,grayscale,clip_vit_b_32_zero_shot,5,dog,5,dog,5,dog,True,True,0.643467128276825
STL-10,test,7047,6304,grayscale,clip_vit_b_32_zero_shot,9,truck,9,truck,9,truck,True,True,0.995026171207428
STL-10,test,7081,6304,grayscale,clip_vit_b_32_zero_shot,7,monkey,7,monkey,7,monkey,True,True,0.985679566860199
STL-10,test,7084,6304,grayscale,clip_vit_b_32_zero_shot,2,car,2,car,2,car,True,True,0.8795066475868225
STL-10,test,7108,6304,grayscale,clip_vit_b_32_zero_shot,6,horse,6,horse,6,horse,True,True,0.9903398156166077
STL-10,test,7130,6304,grayscale,clip_vit_b_32_zero_shot,5,dog,5,dog,5,dog,True,True,0.9935170412063599
STL-10,test,7138,6304,grayscale,clip_vit_b_32_zero_shot,8,ship,8,ship,8,ship,True,True,0.9953580498695374
STL-10,test,7150,6304,grayscale,clip_vit_b_32_zero_shot,0,airplane,0,airplane,0,airplane,True,True,0.9933953881263733
STL-10,test,7202,6304,grayscale,clip_vit_b_32_zero_shot,1,bird,1,bird,1,bird,True,True,0.9984619617462158
STL-10,test,7262,6304,grayscale,clip_vit_b_32_zero_shot,0,airplane,0,airplane,0,airplane,True,True,0.9530094265937805
STL-10,test,7266,6304,grayscale,clip_vit_b_32_zero_shot,9,truck,9,truck,9,truck,True,True,0.9470120072364807
STL-10,test,7270,6304,grayscale,clip_vit_b_32_zero_shot,7,monkey,7,monkey,7,monkey,True,True,0.5757521986961365
STL-10,test,7309,6304,grayscale,clip_vit_b_32_zero_shot,0,airplane,0,airplane,0,airplane,True,True,0.9908592104911804
STL-10,test,7320,6304,grayscale,clip_vit_b_32_zero_shot,0,airplane,0,airplane,0,airplane,True,True,0.9601476192474365
STL-10,test,7338,6304,grayscale,clip_vit_b_32_zero_shot,6,horse,6,horse,6,horse,True,True,0.9917116165161133
STL-10,test,7372,6304,grayscale,clip_vit_b_32_zero_shot,0,airplane,0,airplane,0,airplane,True,True,0.986462414264679
STL-10,test,7373,6304,grayscale,clip_vit_b_32_zero_shot,0,airplane,0,airplane,0,airplane,True,True,0.9933258295059204
STL-10,test,7380,6304,grayscale,clip_vit_b_32_zero_shot,9,truck,9,truck,9,truck,True,True,0.9929147958755493
STL-10,test,7390,6304,grayscale,clip_vit_b_32_zero_shot,1,bird,1,bird,1,bird,True,True,0.9891836643218994
STL-10,test,7413,6304,grayscale,clip_vit_b_32_zero_shot,5,dog,5,dog,5,dog,True,True,0.6647951006889343
STL-10,test,7416,6304,grayscale,clip_vit_b_32_zero_shot,3,cat,3,cat,3,cat,True,True,0.9713398218154907
STL-10,test,7425,6304,grayscale,clip_vit_b_32_zero_shot,2,car,2,car,2,car,True,True,0.9823769330978394
STL-10,test,7446,6304,grayscale,clip_vit_b_32_zero_shot,8,ship,8,ship,8,ship,True,True,0.9862338304519653
STL-10,test,7460,6304,grayscale,clip_vit_b_32_zero_shot,8,ship,8,ship,8,ship,True,True,0.9892085194587708
STL-10,test,7465,6304,grayscale,clip_vit_b_32_zero_shot,0,airplane,0,airplane,0,airplane,True,True,0.9862913489341736
STL-10,test,7474,6304,grayscale,clip_vit_b_32_zero_shot,5,dog,5,dog,5,dog,True,True,0.9894407391548157
STL-10,test,7475,6304,grayscale,clip_vit_b_32_zero_shot,4,deer,4,deer,4,deer,True,True,0.9913778305053711
STL-10,test,7476,6304,grayscale,clip_vit_b_32_zero_shot,8,ship,8,ship,8,ship,True,True,0.9787321090698242
STL-10,test,7544,6304,grayscale,clip_vit_b_32_zero_shot,9,truck,9,truck,9,truck,True,True,0.8780001401901245
STL-10,test,7555,6304,grayscale,clip_vit_b_32_zero_shot,6,horse,6,horse,6,horse,True,True,0.8914650082588196
STL-10,test,7600,6304,grayscale,clip_vit_b_32_zero_shot,6,horse,6,horse,6,horse,True,True,0.9925435781478882
STL-10,test,7610,6304,grayscale,clip_vit_b_32_zero_shot,4,deer,4,deer,4,deer,True,True,0.9936233162879944
STL-10,test,7634,6304,grayscale,clip_vit_b_32_zero_shot,0,airplane,0,airplane,0,airplane,True,True,0.9848201870918274
STL-10,test,7692,6304,grayscale,clip_vit_b_32_zero_shot,4,deer,4,deer,4,deer,True,True,0.9962673783302307
STL-10,test,7706,6304,grayscale,clip_vit_b_32_zero_shot,5,dog,5,dog,5,dog,True,True,0.8100125789642334
STL-10,test,7726,6304,grayscale,clip_vit_b_32_zero_shot,6,horse,6,horse,6,horse,True,True,0.9959801435470581
STL-10,test,7744,6304,grayscale,clip_vit_b_32_zero_shot,3,cat,3,cat,3,cat,True,True,0.974982500076294
STL-10,test,7752,6304,grayscale,clip_vit_b_32_zero_shot,9,truck,9,truck,9,truck,True,True,0.951609194278717
STL-10,test,7776,6304,grayscale,clip_vit_b_32_zero_shot,5,dog,5,dog,5,dog,True,True,0.8042410612106323
STL-10,test,7779,6304,grayscale,clip_vit_b_32_zero_shot,6,horse,6,horse,6,horse,True,True,0.9819177985191345
STL-10,test,7781,6304,grayscale,clip_vit_b_32_zero_shot,6,horse,6,horse,6,horse,True,True,0.9993811845779419
STL-10,test,7793,6304,grayscale,clip_vit_b_32_zero_shot,3,cat,3,cat,3,cat,True,True,0.9394132494926453
STL-10,test,7797,6304,grayscale,clip_vit_b_32_zero_shot,3,cat,3,cat,3,cat,True,True,0.9688019156455994
STL-10,test,7810,6304,grayscale,clip_vit_b_32_zero_shot,8,ship,8,ship,8,ship,True,True,0.9987761378288269
STL-10,test,7818,6304,grayscale,clip_vit_b_32_zero_shot,8,ship,8,ship,8,ship,True,True,0.9886416792869568
STL-10,test,7835,6304,grayscale,clip_vit_b_32_zero_shot,7,monkey,7,monkey,7,monkey,True,True,0.9979264736175537
STL-10,test,7864,6304,grayscale,clip_vit_b_32_zero_shot,4,deer,4,deer,4,deer,True,True,0.9895462393760681
STL-10,test,7875,6304,grayscale,clip_vit_b_32_zero_shot,8,ship,8,ship,8,ship,True,True,0.99644935131073
STL-10,test,7938,6304,grayscale,clip_vit_b_32_zero_shot,9,truck,9,truck,9,truck,True,True,0.9544999003410339
STL-10,test,7940,6304,grayscale,clip_vit_b_32_zero_shot,4,deer,4,deer,4,deer,True,True,0.994100034236908
STL-10,test,7944,6304,grayscale,clip_vit_b_32_zero_shot,4,deer,4,deer,4,deer,True,True,0.9854857921600342
STL-10,test,7955,6304,grayscale,clip_vit_b_32_zero_shot,1,bird,1,bird,1,bird,True,True,0.9992067217826843
STL-10,test,7995,6304,grayscale,clip_vit_b_32_zero_shot,9,truck,9,truck,9,truck,True,True,0.5191853642463684
STL-10,test,7996,6304,grayscale,clip_vit_b_32_zero_shot,6,horse,6,horse,6,horse,True,True,0.9940792322158813
STL-10,test,7999,6304,grayscale,clip_vit_b_32_zero_shot,8,ship,8,ship,8,ship,True,True,0.9973354935646057
STL-10,test,3,6304,hue_rotation_90,clip_vit_b_32_linear_head,0,airplane,0,airplane,0,airplane,True,True,0.20472368597984314
STL-10,test,29,6304,hue_rotation_90,clip_vit_b_32_linear_head,7,monkey,7,monkey,7,monkey,True,True,0.2356601059436798
STL-10,test,35,6304,hue_rotation_90,clip_vit_b_32_linear_head,2,car,2,car,2,car,True,True,0.1748131364583969
STL-10,test,42,6304,hue_rotation_90,clip_vit_b_32_linear_head,0,airplane,0,airplane,0,airplane,True,True,0.2305416613817215
STL-10,test,49,6304,hue_rotation_90,clip_vit_b_32_linear_head,2,car,2,car,2,car,True,True,0.2541827857494354
STL-10,test,81,6304,hue_rotation_90,clip_vit_b_32_linear_head,0,airplane,0,airplane,0,airplane,True,True,0.19043105840682983
STL-10,test,95,6304,hue_rotation_90,clip_vit_b_32_linear_head,1,bird,1,bird,1,bird,True,True,0.22297169268131256
STL-10,test,97,6304,hue_rotation_90,clip_vit_b_32_linear_head,5,dog,5,dog,5,dog,True,True,0.19563552737236023
STL-10,test,116,6304,hue_rotation_90,clip_vit_b_32_linear_head,1,bird,1,bird,1,bird,True,True,0.19202464818954468
STL-10,test,131,6304,hue_rotation_90,clip_vit_b_32_linear_head,9,truck,9,truck,9,truck,True,True,0.1945207417011261
STL-10,test,151,6304,hue_rotation_90,clip_vit_b_32_linear_head,8,ship,8,ship,8,ship,True,True,0.2604738473892212
STL-10,test,171,6304,hue_rotation_90,clip_vit_b_32_linear_head,4,deer,4,deer,4,deer,True,True,0.18456700444221497
STL-10,test,176,6304,hue_rotation_90,clip_vit_b_32_linear_head,3,cat,3,cat,3,cat,True,True,0.21351586282253265
STL-10,test,191,6304,hue_rotation_90,clip_vit_b_32_linear_head,9,truck,2,car,2,car,False,True,0.17489148676395416
STL-10,test,194,6304,hue_rotation_90,clip_vit_b_32_linear_head,8,ship,8,ship,8,ship,True,True,0.2663852274417877
STL-10,test,198,6304,hue_rotation_90,clip_vit_b_32_linear_head,1,bird,1,bird,1,bird,True,True,0.19663138687610626
STL-10,test,239,6304,hue_rotation_90,clip_vit_b_32_linear_head,9,truck,9,truck,9,truck,True,True,0.1955285370349884
STL-10,test,261,6304,hue_rotation_90,clip_vit_b_32_linear_head,1,bird,1,bird,1,bird,True,True,0.1727984994649887
STL-10,test,269,6304,hue_rotation_90,clip_vit_b_32_linear_head,7,monkey,7,monkey,7,monkey,True,True,0.21721434593200684
STL-10,test,276,6304,hue_rotation_90,clip_vit_b_32_linear_head,9,truck,9,truck,9,truck,True,True,0.15534955263137817
STL-10,test,303,6304,hue_rotation_90,clip_vit_b_32_linear_head,9,truck,9,truck,9,truck,True,True,0.22950254380702972
STL-10,test,304,6304,hue_rotation_90,clip_vit_b_32_linear_head,1,bird,1,bird,1,bird,True,True,0.14559929072856903
STL-10,test,317,6304,hue_rotation_90,clip_vit_b_32_linear_head,2,car,2,car,2,car,True,True,0.23482033610343933
STL-10,test,319,6304,hue_rotation_90,clip_vit_b_32_linear_head,5,dog,5,dog,5,dog,True,True,0.22270654141902924
STL-10,test,323,6304,hue_rotation_90,clip_vit_b_32_linear_head,7,monkey,7,monkey,7,monkey,True,True,0.22046813368797302
STL-10,test,365,6304,hue_rotation_90,clip_vit_b_32_linear_head,3,cat,3,cat,3,cat,True,True,0.1988079845905304
STL-10,test,370,6304,hue_rotation_90,clip_vit_b_32_linear_head,7,monkey,7,monkey,7,monkey,True,True,0.20727023482322693
STL-10,test,372,6304,hue_rotation_90,clip_vit_b_32_linear_head,3,cat,3,cat,3,cat,True,True,0.13951438665390015
STL-10,test,378,6304,hue_rotation_90,clip_vit_b_32_linear_head,5,dog,5,dog,5,dog,True,True,0.20507146418094635
STL-10,test,391,6304,hue_rotation_90,clip_vit_b_32_linear_head,3,cat,3,cat,3,cat,True,True,0.2120114117860794
STL-10,test,409,6304,hue_rotation_90,clip_vit_b_32_linear_head,2,car,2,car,2,car,True,True,0.2189805507659912
STL-10,test,419,6304,hue_rotation_90,clip_vit_b_32_linear_head,9,truck,9,truck,9,truck,True,True,0.23725229501724243
STL-10,test,449,6304,hue_rotation_90,clip_vit_b_32_linear_head,6,horse,6,horse,6,horse,True,True,0.17995892465114594
STL-10,test,470,6304,hue_rotation_90,clip_vit_b_32_linear_head,2,car,2,car,2,car,True,True,0.2482220083475113
STL-10,test,483,6304,hue_rotation_90,clip_vit_b_32_linear_head,2,car,2,car,2,car,True,True,0.22027413547039032
STL-10,test,484,6304,hue_rotation_90,clip_vit_b_32_linear_head,0,airplane,0,airplane,0,airplane,True,True,0.25648725032806396
STL-10,test,506,6304,hue_rotation_90,clip_vit_b_32_linear_head,4,deer,4,deer,4,deer,True,True,0.17166896164417267
STL-10,test,545,6304,hue_rotation_90,clip_vit_b_32_linear_head,6,horse,6,horse,6,horse,True,True,0.16154277324676514
STL-10,test,562,6304,hue_rotation_90,clip_vit_b_32_linear_head,0,airplane,0,airplane,0,airplane,True,True,0.21015606820583344
STL-10,test,568,6304,hue_rotation_90,clip_vit_b_32_linear_head,5,dog,5,dog,5,dog,True,True,0.1964445263147354
STL-10,test,603,6304,hue_rotation_90,clip_vit_b_32_linear_head,9,truck,9,truck,9,truck,True,True,0.2162836194038391
STL-10,test,632,6304,hue_rotation_90,clip_vit_b_32_linear_head,3,cat,3,cat,3,cat,True,True,0.24235759675502777
STL-10,test,645,6304,hue_rotation_90,clip_vit_b_32_linear_head,5,dog,5,dog,5,dog,True,True,0.20546014606952667
STL-10,test,667,6304,hue_rotation_90,clip_vit_b_32_linear_head,8,ship,8,ship,8,ship,True,True,0.25038111209869385
STL-10,test,672,6304,hue_rotation_90,clip_vit_b_32_linear_head,3,cat,3,cat,3,cat,True,True,0.16881465911865234
STL-10,test,677,6304,hue_rotation_90,clip_vit_b_32_linear_head,3,cat,3,cat,3,cat,True,True,0.19687572121620178
STL-10,test,685,6304,hue_rotation_90,clip_vit_b_32_linear_head,5,dog,5,dog,5,dog,True,True,0.19563965499401093
STL-10,test,691,6304,hue_rotation_90,clip_vit_b_32_linear_head,4,deer,4,deer,4,deer,True,True,0.20328311622142792
STL-10,test,706,6304,hue_rotation_90,clip_vit_b_32_linear_head,8,ship,8,ship,8,ship,True,True,0.2367178201675415
STL-10,test,714,6304,hue_rotation_90,clip_vit_b_32_linear_head,2,car,2,car,2,car,True,True,0.17573922872543335
STL-10,test,716,6304,hue_rotation_90,clip_vit_b_32_linear_head,8,ship,8,ship,8,ship,True,True,0.2598089277744293
STL-10,test,738,6304,hue_rotation_90,clip_vit_b_32_linear_head,3,cat,3,cat,3,cat,True,True,0.18520408868789673
STL-10,test,739,6304,hue_rotation_90,clip_vit_b_32_linear_head,8,ship,8,ship,8,ship,True,True,0.22099043428897858
STL-10,test,766,6304,hue_rotation_90,clip_vit_b_32_linear_head,4,deer,6,horse,6,horse,False,True,0.16165976226329803
STL-10,test,791,6304,hue_rotation_90,clip_vit_b_32_linear_head,3,cat,3,cat,3,cat,True,True,0.2057429999113083
STL-10,test,805,6304,hue_rotation_90,clip_vit_b_32_linear_head,9,truck,9,truck,9,truck,True,True,0.206846222281456
STL-10,test,825,6304,hue_rotation_90,clip_vit_b_32_linear_head,1,bird,1,bird,1,bird,True,True,0.18170922994613647
STL-10,test,852,6304,hue_rotation_90,clip_vit_b_32_linear_head,9,truck,9,truck,9,truck,True,True,0.24392448365688324
STL-10,test,855,6304,hue_rotation_90,clip_vit_b_32_linear_head,4,deer,4,deer,4,deer,True,True,0.23126967251300812
STL-10,test,873,6304,hue_rotation_90,clip_vit_b_32_linear_head,6,horse,6,horse,6,horse,True,True,0.18309561908245087
STL-10,test,890,6304,hue_rotation_90,clip_vit_b_32_linear_head,6,horse,6,horse,6,horse,True,True,0.22515802085399628
STL-10,test,920,6304,hue_rotation_90,clip_vit_b_32_linear_head,6,horse,6,horse,6,horse,True,True,0.20171290636062622
STL-10,test,929,6304,hue_rotation_90,clip_vit_b_32_linear_head,6,horse,6,horse,6,horse,True,True,0.22386537492275238
STL-10,test,962,6304,hue_rotation_90,clip_vit_b_32_linear_head,8,ship,8,ship,8,ship,True,True,0.201514333486557
STL-10,test,964,6304,hue_rotation_90,clip_vit_b_32_linear_head,6,horse,6,horse,6,horse,True,True,0.17630994319915771
STL-10,test,977,6304,hue_rotation_90,clip_vit_b_32_linear_head,6,horse,6,horse,6,horse,True,True,0.22505265474319458
STL-10,test,979,6304,hue_rotation_90,clip_vit_b_32_linear_head,3,cat,3,cat,3,cat,True,True,0.19778797030448914
STL-10,test,981,6304,hue_rotation_90,clip_vit_b_32_linear_head,2,car,2,car,2,car,True,True,0.2143661081790924
STL-10,test,1022,6304,hue_rotation_90,clip_vit_b_32_linear_head,9,truck,9,truck,9,truck,True,True,0.17902497947216034
STL-10,test,1032,6304,hue_rotation_90,clip_vit_b_32_linear_head,7,monkey,7,monkey,7,monkey,True,True,0.16276131570339203
STL-10,test,1048,6304,hue_rotation_90,clip_vit_b_32_linear_head,7,monkey,7,monkey,7,monkey,True,True,0.21263401210308075
STL-10,test,1090,6304,hue_rotation_90,clip_vit_b_32_linear_head,1,bird,1,bird,1,bird,True,True,0.16982413828372955
STL-10,test,1095,6304,hue_rotation_90,clip_vit_b_32_linear_head,5,dog,5,dog,5,dog,True,True,0.20454715192317963
STL-10,test,1109,6304,hue_rotation_90,clip_vit_b_32_linear_head,1,bird,1,bird,1,bird,True,True,0.1664753556251526
STL-10,test,1111,6304,hue_rotation_90,clip_vit_b_32_linear_head,4,deer,4,deer,4,deer,True,True,0.24515479803085327
STL-10,test,1115,6304,hue_rotation_90,clip_vit_b_32_linear_head,1,bird,1,bird,1,bird,True,True,0.1379106044769287
STL-10,test,1124,6304,hue_rotation_90,clip_vit_b_32_linear_head,4,deer,4,deer,4,deer,True,True,0.19139476120471954
STL-10,test,1129,6304,hue_rotation_90,clip_vit_b_32_linear_head,8,ship,8,ship,8,ship,True,True,0.21059003472328186
STL-10,test,1175,6304,hue_rotation_90,clip_vit_b_32_linear_head,0,airplane,0,airplane,0,airplane,True,True,0.25129517912864685
STL-10,test,1202,6304,hue_rotation_90,clip_vit_b_32_linear_head,2,car,2,car,2,car,True,True,0.25820526480674744
STL-10,test,1204,6304,hue_rotation_90,clip_vit_b_32_linear_head,3,cat,3,cat,3,cat,True,True,0.17007885873317719
STL-10,test,1211,6304,hue_rotation_90,clip_vit_b_32_linear_head,4,deer,4,deer,4,deer,True,True,0.19435273110866547
STL-10,test,1220,6304,hue_rotation_90,clip_vit_b_32_linear_head,7,monkey,7,monkey,7,monkey,True,True,0.2182873636484146
STL-10,test,1230,6304,hue_rotation_90,clip_vit_b_32_linear_head,1,bird,1,bird,7,monkey,False,False,0.1737051159143448
STL-10,test,1247,6304,hue_rotation_90,clip_vit_b_32_linear_head,8,ship,8,ship,8,ship,True,True,0.24698902666568756
STL-10,test,1263,6304,hue_rotation_90,clip_vit_b_32_linear_head,3,cat,3,cat,3,cat,True,True,0.16071119904518127
STL-10,test,1266,6304,hue_rotation_90,clip_vit_b_32_linear_head,4,deer,4,deer,4,deer,True,True,0.20251643657684326
STL-10,test,1287,6304,hue_rotation_90,clip_vit_b_32_linear_head,7,monkey,7,monkey,7,monkey,True,True,0.19524246454238892
STL-10,test,1296,6304,hue_rotation_90,clip_vit_b_32_linear_head,7,monkey,7,monkey,7,monkey,True,True,0.12728966772556305
STL-10,test,1370,6304,hue_rotation_90,clip_vit_b_32_linear_head,3,cat,3,cat,3,cat,True,True,0.19604727625846863
STL-10,test,1389,6304,hue_rotation_90,clip_vit_b_32_linear_head,0,airplane,0,airplane,0,airplane,True,True,0.2544323801994324
STL-10,test,1401,6304,hue_rotation_90,clip_vit_b_32_linear_head,3,cat,3,cat,3,cat,True,True,0.22000491619110107
STL-10,test,1403,6304,hue_rotation_90,clip_vit_b_32_linear_head,2,car,2,car,2,car,True,True,0.22258438169956207
STL-10,test,1411,6304,hue_rotation_90,clip_vit_b_32_linear_head,9,truck,9,truck,9,truck,True,True,0.2288644015789032
STL-10,test,1429,6304,hue_rotation_90,clip_vit_b_32_linear_head,4,deer,4,deer,4,deer,True,True,0.11577612161636353
STL-10,test,1430,6304,hue_rotation_90,clip_vit_b_32_linear_head,9,truck,9,truck,9,truck,True,True,0.22456862032413483
STL-10,test,1431,6304,hue_rotation_90,clip_vit_b_32_linear_head,3,cat,3,cat,3,cat,True,True,0.1976546347141266
STL-10,test,1436,6304,hue_rotation_90,clip_vit_b_32_linear_head,1,bird,1,bird,1,bird,True,True,0.23117506504058838
STL-10,test,1440,6304,hue_rotation_90,clip_vit_b_32_linear_head,7,monkey,7,monkey,7,monkey,True,True,0.18605242669582367
STL-10,test,1468,6304,hue_rotation_90,clip_vit_b_32_linear_head,9,truck,9,truck,9,truck,True,True,0.19899220764636993
STL-10,test,1473,6304,hue_rotation_90,clip_vit_b_32_linear_head,7,monkey,7,monkey,7,monkey,True,True,0.2197849601507187
STL-10,test,1515,6304,hue_rotation_90,clip_vit_b_32_linear_head,9,truck,9,truck,9,truck,True,True,0.22176450490951538
STL-10,test,1520,6304,hue_rotation_90,clip_vit_b_32_linear_head,2,car,2,car,2,car,True,True,0.17895720899105072
STL-10,test,1531,6304,hue_rotation_90,clip_vit_b_32_linear_head,3,cat,3,cat,3,cat,True,True,0.13684029877185822
STL-10,test,1534,6304,hue_rotation_90,clip_vit_b_32_linear_head,6,horse,6,horse,6,horse,True,True,0.17640475928783417
STL-10,test,1552,6304,hue_rotation_90,clip_vit_b_32_linear_head,5,dog,5,dog,5,dog,True,True,0.14913241565227509
STL-10,test,1553,6304,hue_rotation_90,clip_vit_b_32_linear_head,0,airplane,0,airplane,0,airplane,True,True,0.23446902632713318
STL-10,test,1563,6304,hue_rotation_90,clip_vit_b_32_linear_head,3,cat,7,monkey,3,cat,True,False,0.17827990651130676
STL-10,test,1568,6304,hue_rotation_90,clip_vit_b_32_linear_head,1,bird,1,bird,1,bird,True,True,0.2038358598947525
STL-10,test,1579,6304,hue_rotation_90,clip_vit_b_32_linear_head,7,monkey,7,monkey,7,monkey,True,True,0.20001746714115143
STL-10,test,1586,6304,hue_rotation_90,clip_vit_b_32_linear_head,2,car,2,car,2,car,True,True,0.24929872155189514
STL-10,test,1596,6304,hue_rotation_90,clip_vit_b_32_linear_head,0,airplane,0,airplane,0,airplane,True,True,0.24479429423809052
STL-10,test,1626,6304,hue_rotation_90,clip_vit_b_32_linear_head,5,dog,5,dog,5,dog,True,True,0.18223562836647034
STL-10,test,1640,6304,hue_rotation_90,clip_vit_b_32_linear_head,8,ship,8,ship,8,ship,True,True,0.27453845739364624
STL-10,test,1644,6304,hue_rotation_90,clip_vit_b_32_linear_head,5,dog,5,dog,5,dog,True,True,0.21907706558704376
STL-10,test,1648,6304,hue_rotation_90,clip_vit_b_32_linear_head,0,airplane,0,airplane,0,airplane,True,True,0.22552499175071716
STL-10,test,1654,6304,hue_rotation_90,clip_vit_b_32_linear_head,9,truck,9,truck,9,truck,True,True,0.23747430741786957
STL-10,test,1667,6304,hue_rotation_90,clip_vit_b_32_linear_head,6,horse,6,horse,6,horse,True,True,0.2192661315202713
STL-10,test,1703,6304,hue_rotation_90,clip_vit_b_32_linear_head,7,monkey,7,monkey,7,monkey,True,True,0.13197262585163116
STL-10,test,1711,6304,hue_rotation_90,clip_vit_b_32_linear_head,7,monkey,7,monkey,7,monkey,True,True,0.19735699892044067
STL-10,test,1771,6304,hue_rotation_90,clip_vit_b_32_linear_head,7,monkey,7,monkey,7,monkey,True,True,0.1358584761619568
STL-10,test,1783,6304,hue_rotation_90,clip_vit_b_32_linear_head,8,ship,8,ship,8,ship,True,True,0.27785030007362366
STL-10,test,1814,6304,hue_rotation_90,clip_vit_b_32_linear_head,2,car,2,car,2,car,True,True,0.21148191392421722
STL-10,test,1833,6304,hue_rotation_90,clip_vit_b_32_linear_head,8,ship,8,ship,8,ship,True,True,0.24922718107700348
STL-10,test,1836,6304,hue_rotation_90,clip_vit_b_32_linear_head,9,truck,9,truck,9,truck,True,True,0.242243230342865
STL-10,test,1839,6304,hue_rotation_90,clip_vit_b_32_linear_head,2,car,2,car,2,car,True,True,0.2275867909193039
STL-10,test,1852,6304,hue_rotation_90,clip_vit_b_32_linear_head,1,bird,1,bird,1,bird,True,True,0.24935609102249146
STL-10,test,1871,6304,hue_rotation_90,clip_vit_b_32_linear_head,1,bird,1,bird,1,bird,True,True,0.1832006722688675
STL-10,test,1877,6304,hue_rotation_90,clip_vit_b_32_linear_head,5,dog,5,dog,4,deer,False,False,0.148402601480484
STL-10,test,1884,6304,hue_rotation_90,clip_vit_b_32_linear_head,7,monkey,7,monkey,7,monkey,True,True,0.2108161300420761
STL-10,test,1927,6304,hue_rotation_90,clip_vit_b_32_linear_head,7,monkey,7,monkey,7,monkey,True,True,0.20714715123176575
STL-10,test,1954,6304,hue_rotation_90,clip_vit_b_32_linear_head,8,ship,8,ship,8,ship,True,True,0.2017269879579544
STL-10,test,1956,6304,hue_rotation_90,clip_vit_b_32_linear_head,7,monkey,7,monkey,7,monkey,True,True,0.1516455113887787
STL-10,test,1960,6304,hue_rotation_90,clip_vit_b_32_linear_head,4,deer,4,deer,4,deer,True,True,0.17118804156780243
STL-10,test,1977,6304,hue_rotation_90,clip_vit_b_32_linear_head,0,airplane,0,airplane,0,airplane,True,True,0.2059302181005478
STL-10,test,1986,6304,hue_rotation_90,clip_vit_b_32_linear_head,1,bird,1,bird,1,bird,True,True,0.17092126607894897
STL-10,test,1993,6304,hue_rotation_90,clip_vit_b_32_linear_head,1,bird,1,bird,1,bird,True,True,0.2161754071712494
STL-10,test,2003,6304,hue_rotation_90,clip_vit_b_32_linear_head,6,horse,6,horse,6,horse,True,True,0.21098168194293976
STL-10,test,2011,6304,hue_rotation_90,clip_vit_b_32_linear_head,9,truck,9,truck,9,truck,True,True,0.21067488193511963
STL-10,test,2024,6304,hue_rotation_90,clip_vit_b_32_linear_head,0,airplane,0,airplane,0,airplane,True,True,0.2464185208082199
STL-10,test,2028,6304,hue_rotation_90,clip_vit_b_32_linear_head,3,cat,3,cat,3,cat,True,True,0.22242428362369537
STL-10,test,2062,6304,hue_rotation_90,clip_vit_b_32_linear_head,9,truck,9,truck,9,truck,True,True,0.25101178884506226
STL-10,test,2070,6304,hue_rotation_90,clip_vit_b_32_linear_head,1,bird,1,bird,1,bird,True,True,0.173368439078331
STL-10,test,2082,6304,hue_rotation_90,clip_vit_b_32_linear_head,2,car,2,car,2,car,True,True,0.17182648181915283
STL-10,test,2095,6304,hue_rotation_90,clip_vit_b_32_linear_head,1,bird,1,bird,1,bird,True,True,0.18780793249607086
STL-10,test,2109,6304,hue_rotation_90,clip_vit_b_32_linear_head,8,ship,8,ship,8,ship,True,True,0.26477524638175964
STL-10,test,2114,6304,hue_rotation_90,clip_vit_b_32_linear_head,9,truck,9,truck,9,truck,True,True,0.19349420070648193
STL-10,test,2116,6304,hue_rotation_90,clip_vit_b_32_linear_head,1,bird,1,bird,3,cat,False,False,0.16899898648262024
STL-10,test,2157,6304,hue_rotation_90,clip_vit_b_32_linear_head,1,bird,1,bird,1,bird,True,True,0.19424235820770264
STL-10,test,2167,6304,hue_rotation_90,clip_vit_b_32_linear_head,9,truck,9,truck,9,truck,True,True,0.23410677909851074
STL-10,test,2178,6304,hue_rotation_90,clip_vit_b_32_linear_head,1,bird,1,bird,1,bird,True,True,0.178495392203331
STL-10,test,2191,6304,hue_rotation_90,clip_vit_b_32_linear_head,8,ship,8,ship,8,ship,True,True,0.2823077440261841
STL-10,test,2230,6304,hue_rotation_90,clip_vit_b_32_linear_head,8,ship,8,ship,8,ship,True,True,0.23058472573757172
STL-10,test,2242,6304,hue_rotation_90,clip_vit_b_32_linear_head,0,airplane,0,airplane,0,airplane,True,True,0.2278667688369751
STL-10,test,2265,6304,hue_rotation_90,clip_vit_b_32_linear_head,5,dog,5,dog,5,dog,True,True,0.18531502783298492
STL-10,test,2268,6304,hue_rotation_90,clip_vit_b_32_linear_head,5,dog,5,dog,5,dog,True,True,0.23975808918476105
STL-10,test,2291,6304,hue_rotation_90,clip_vit_b_32_linear_head,3,cat,3,cat,7,monkey,False,False,0.17624850571155548
STL-10,test,2334,6304,hue_rotation_90,clip_vit_b_32_linear_head,5,dog,5,dog,5,dog,True,True,0.2320065200328827
STL-10,test,2340,6304,hue_rotation_90,clip_vit_b_32_linear_head,8,ship,8,ship,8,ship,True,True,0.2709962725639343
STL-10,test,2342,6304,hue_rotation_90,clip_vit_b_32_linear_head,8,ship,8,ship,8,ship,True,True,0.27643874287605286
STL-10,test,2351,6304,hue_rotation_90,clip_vit_b_32_linear_head,9,truck,9,truck,9,truck,True,True,0.24115850031375885
STL-10,test,2391,6304,hue_rotation_90,clip_vit_b_32_linear_head,5,dog,5,dog,5,dog,True,True,0.2150745838880539
STL-10,test,2392,6304,hue_rotation_90,clip_vit_b_32_linear_head,2,car,2,car,2,car,True,True,0.22746460139751434
STL-10,test,2399,6304,hue_rotation_90,clip_vit_b_32_linear_head,4,deer,4,deer,4,deer,True,True,0.20542198419570923
STL-10,test,2414,6304,hue_rotation_90,clip_vit_b_32_linear_head,9,truck,9,truck,9,truck,True,True,0.19393491744995117
STL-10,test,2427,6304,hue_rotation_90,clip_vit_b_32_linear_head,5,dog,5,dog,5,dog,True,True,0.20726872980594635
STL-10,test,2458,6304,hue_rotation_90,clip_vit_b_32_linear_head,5,dog,5,dog,5,dog,True,True,0.20185889303684235
STL-10,test,2501,6304,hue_rotation_90,clip_vit_b_32_linear_head,7,monkey,7,monkey,7,monkey,True,True,0.20347054302692413
STL-10,test,2502,6304,hue_rotation_90,clip_vit_b_32_linear_head,2,car,2,car,2,car,True,True,0.241751566529274
STL-10,test,2536,6304,hue_rotation_90,clip_vit_b_32_linear_head,3,cat,3,cat,3,cat,True,True,0.2269197255373001
STL-10,test,2539,6304,hue_rotation_90,clip_vit_b_32_linear_head,3,cat,3,cat,3,cat,True,True,0.23899944126605988
STL-10,test,2610,6304,hue_rotation_90,clip_vit_b_32_linear_head,6,horse,6,horse,6,horse,True,True,0.16358554363250732
STL-10,test,2623,6304,hue_rotation_90,clip_vit_b_32_linear_head,5,dog,5,dog,5,dog,True,True,0.15414968132972717
STL-10,test,2655,6304,hue_rotation_90,clip_vit_b_32_linear_head,9,truck,9,truck,9,truck,True,True,0.20254863798618317
STL-10,test,2668,6304,hue_rotation_90,clip_vit_b_32_linear_head,7,monkey,7,monkey,3,cat,False,False,0.1781357228755951
STL-10,test,2676,6304,hue_rotation_90,clip_vit_b_32_linear_head,6,horse,6,horse,6,horse,True,True,0.15647387504577637
STL-10,test,2687,6304,hue_rotation_90,clip_vit_b_32_linear_head,1,bird,1,bird,1,bird,True,True,0.21003684401512146
STL-10,test,2690,6304,hue_rotation_90,clip_vit_b_32_linear_head,1,bird,1,bird,1,bird,True,True,0.1819731593132019
STL-10,test,2704,6304,hue_rotation_90,clip_vit_b_32_linear_head,4,deer,4,deer,4,deer,True,True,0.23862408101558685
STL-10,test,2745,6304,hue_rotation_90,clip_vit_b_32_linear_head,8,ship,8,ship,8,ship,True,True,0.28923293948173523
STL-10,test,2746,6304,hue_rotation_90,clip_vit_b_32_linear_head,7,monkey,7,monkey,7,monkey,True,True,0.21940384805202484
STL-10,test,2750,6304,hue_rotation_90,clip_vit_b_32_linear_head,0,airplane,0,airplane,8,ship,False,False,0.14226581156253815
STL-10,test,2754,6304,hue_rotation_90,clip_vit_b_32_linear_head,3,cat,3,cat,3,cat,True,True,0.22786100208759308
STL-10,test,2757,6304,hue_rotation_90,clip_vit_b_32_linear_head,4,deer,4,deer,4,deer,True,True,0.17627257108688354
STL-10,test,2766,6304,hue_rotation_90,clip_vit_b_32_linear_head,5,dog,5,dog,5,dog,True,True,0.21410620212554932
STL-10,test,2807,6304,hue_rotation_90,clip_vit_b_32_linear_head,5,dog,5,dog,7,monkey,False,False,0.14336109161376953
STL-10,test,2844,6304,hue_rotation_90,clip_vit_b_32_linear_head,8,ship,8,ship,8,ship,True,True,0.237252876162529
STL-10,test,2854,6304,hue_rotation_90,clip_vit_b_32_linear_head,7,monkey,7,monkey,7,monkey,True,True,0.15900960564613342
STL-10,test,2861,6304,hue_rotation_90,clip_vit_b_32_linear_head,3,cat,3,cat,3,cat,True,True,0.21455062925815582
STL-10,test,2888,6304,hue_rotation_90,clip_vit_b_32_linear_head,0,airplane,0,airplane,0,airplane,True,True,0.23418660461902618
STL-10,test,2898,6304,hue_rotation_90,clip_vit_b_32_linear_head,4,deer,4,deer,4,deer,True,True,0.25165650248527527
STL-10,test,2950,6304,hue_rotation_90,clip_vit_b_32_linear_head,5,dog,5,dog,5,dog,True,True,0.17919933795928955
STL-10,test,2958,6304,hue_rotation_90,clip_vit_b_32_linear_head,6,horse,6,horse,6,horse,True,True,0.2169797420501709
STL-10,test,3015,6304,hue_rotation_90,clip_vit_b_32_linear_head,8,ship,8,ship,8,ship,True,True,0.2652736306190491
STL-10,test,3024,6304,hue_rotation_90,clip_vit_b_32_linear_head,2,car,2,car,2,car,True,True,0.2214217185974121
STL-10,test,3025,6304,hue_rotation_90,clip_vit_b_32_linear_head,0,airplane,0,airplane,0,airplane,True,True,0.20286695659160614
STL-10,test,3034,6304,hue_rotation_90,clip_vit_b_32_linear_head,4,deer,4,deer,4,deer,True,True,0.2454809695482254
STL-10,test,3067,6304,hue_rotation_90,clip_vit_b_32_linear_head,2,car,2,car,2,car,True,True,0.22740353643894196
STL-10,test,3078,6304,hue_rotation_90,clip_vit_b_32_linear_head,4,deer,4,deer,4,deer,True,True,0.2423386573791504
STL-10,test,3079,6304,hue_rotation_90,clip_vit_b_32_linear_head,1,bird,1,bird,1,bird,True,True,0.2389376014471054
STL-10,test,3083,6304,hue_rotation_90,clip_vit_b_32_linear_head,0,airplane,0,airplane,0,airplane,True,True,0.2038806676864624
STL-10,test,3122,6304,hue_rotation_90,clip_vit_b_32_linear_head,4,deer,4,deer,4,deer,True,True,0.16078771650791168
STL-10,test,3153,6304,hue_rotation_90,clip_vit_b_32_linear_head,7,monkey,7,monkey,7,monkey,True,True,0.16746169328689575
STL-10,test,3157,6304,hue_rotation_90,clip_vit_b_32_linear_head,8,ship,8,ship,8,ship,True,True,0.22708642482757568
STL-10,test,3163,6304,hue_rotation_90,clip_vit_b_32_linear_head,2,car,2,car,2,car,True,True,0.24643540382385254
STL-10,test,3179,6304,hue_rotation_90,clip_vit_b_32_linear_head,4,deer,4,deer,4,deer,True,True,0.2511177957057953
STL-10,test,3191,6304,hue_rotation_90,clip_vit_b_32_linear_head,6,horse,6,horse,6,horse,True,True,0.1410795897245407
STL-10,test,3276,6304,hue_rotation_90,clip_vit_b_32_linear_head,3,cat,7,monkey,7,monkey,False,True,0.12217511981725693
STL-10,test,3287,6304,hue_rotation_90,clip_vit_b_32_linear_head,4,deer,4,deer,4,deer,True,True,0.2534232437610626
STL-10,test,3288,6304,hue_rotation_90,clip_vit_b_32_linear_head,7,monkey,7,monkey,7,monkey,True,True,0.23757167160511017
STL-10,test,3292,6304,hue_rotation_90,clip_vit_b_32_linear_head,6,horse,6,horse,6,horse,True,True,0.12662376463413239
STL-10,test,3318,6304,hue_rotation_90,clip_vit_b_32_linear_head,9,truck,9,truck,9,truck,True,True,0.1717255413532257
STL-10,test,3347,6304,hue_rotation_90,clip_vit_b_32_linear_head,0,airplane,0,airplane,0,airplane,True,True,0.25254860520362854
STL-10,test,3353,6304,hue_rotation_90,clip_vit_b_32_linear_head,5,dog,5,dog,5,dog,True,True,0.15362411737442017
STL-10,test,3362,6304,hue_rotation_90,clip_vit_b_32_linear_head,2,car,2,car,2,car,True,True,0.2276962846517563
STL-10,test,3365,6304,hue_rotation_90,clip_vit_b_32_linear_head,4,deer,4,deer,4,deer,True,True,0.19163578748703003
STL-10,test,3375,6304,hue_rotation_90,clip_vit_b_32_linear_head,3,cat,3,cat,3,cat,True,True,0.2033507525920868
STL-10,test,3383,6304,hue_rotation_90,clip_vit_b_32_linear_head,3,cat,3,cat,3,cat,True,True,0.22669245302677155
STL-10,test,3404,6304,hue_rotation_90,clip_vit_b_32_linear_head,7,monkey,7,monkey,7,monkey,True,True,0.19809876382350922
STL-10,test,3412,6304,hue_rotation_90,clip_vit_b_32_linear_head,8,ship,8,ship,8,ship,True,True,0.2587343752384186
STL-10,test,3413,6304,hue_rotation_90,clip_vit_b_32_linear_head,1,bird,1,bird,1,bird,True,True,0.2679153084754944
STL-10,test,3418,6304,hue_rotation_90,clip_vit_b_32_linear_head,6,horse,6,horse,6,horse,True,True,0.21073736250400543
STL-10,test,3437,6304,hue_rotation_90,clip_vit_b_32_linear_head,0,airplane,0,airplane,0,airplane,True,True,0.16108150780200958
STL-10,test,3446,6304,hue_rotation_90,clip_vit_b_32_linear_head,7,monkey,7,monkey,7,monkey,True,True,0.22131206095218658
STL-10,test,3454,6304,hue_rotation_90,clip_vit_b_32_linear_head,2,car,2,car,2,car,True,True,0.24554026126861572
STL-10,test,3455,6304,hue_rotation_90,clip_vit_b_32_linear_head,0,airplane,0,airplane,0,airplane,True,True,0.21595874428749084
STL-10,test,3458,6304,hue_rotation_90,clip_vit_b_32_linear_head,4,deer,4,deer,4,deer,True,True,0.22032615542411804
STL-10,test,3467,6304,hue_rotation_90,clip_vit_b_32_linear_head,7,monkey,7,monkey,7,monkey,True,True,0.1843818873167038
STL-10,test,3491,6304,hue_rotation_90,clip_vit_b_32_linear_head,1,bird,1,bird,1,bird,True,True,0.20962631702423096
STL-10,test,3494,6304,hue_rotation_90,clip_vit_b_32_linear_head,6,horse,6,horse,6,horse,True,True,0.23350267112255096
STL-10,test,3512,6304,hue_rotation_90,clip_vit_b_32_linear_head,4,deer,4,deer,4,deer,True,True,0.21778930723667145
STL-10,test,3515,6304,hue_rotation_90,clip_vit_b_32_linear_head,6,horse,6,horse,6,horse,True,True,0.20226594805717468
STL-10,test,3542,6304,hue_rotation_90,clip_vit_b_32_linear_head,7,monkey,7,monkey,7,monkey,True,True,0.22887027263641357
STL-10,test,3550,6304,hue_rotation_90,clip_vit_b_32_linear_head,1,bird,1,bird,1,bird,True,True,0.1997978389263153
STL-10,test,3562,6304,hue_rotation_90,clip_vit_b_32_linear_head,3,cat,3,cat,5,dog,False,False,0.14654260873794556
STL-10,test,3755,6304,hue_rotation_90,clip_vit_b_32_linear_head,2,car,2,car,2,car,True,True,0.21708929538726807
STL-10,test,3763,6304,hue_rotation_90,clip_vit_b_32_linear_head,4,deer,4,deer,4,deer,True,True,0.24679280817508698
STL-10,test,3777,6304,hue_rotation_90,clip_vit_b_32_linear_head,6,horse,6,horse,6,horse,True,True,0.19076964259147644
STL-10,test,3778,6304,hue_rotation_90,clip_vit_b_32_linear_head,3,cat,3,cat,3,cat,True,True,0.18188515305519104
STL-10,test,3779,6304,hue_rotation_90,clip_vit_b_32_linear_head,6,horse,6,horse,6,horse,True,True,0.20276857912540436
STL-10,test,3844,6304,hue_rotation_90,clip_vit_b_32_linear_head,6,horse,6,horse,6,horse,True,True,0.1840043067932129
STL-10,test,3851,6304,hue_rotation_90,clip_vit_b_32_linear_head,3,cat,3,cat,3,cat,True,True,0.19443251192569733
STL-10,test,3852,6304,hue_rotation_90,clip_vit_b_32_linear_head,5,dog,5,dog,5,dog,True,True,0.20165053009986877
STL-10,test,3863,6304,hue_rotation_90,clip_vit_b_32_linear_head,5,dog,5,dog,5,dog,True,True,0.17489783465862274
STL-10,test,3867,6304,hue_rotation_90,clip_vit_b_32_linear_head,7,monkey,7,monkey,7,monkey,True,True,0.20282909274101257
STL-10,test,3876,6304,hue_rotation_90,clip_vit_b_32_linear_head,0,airplane,0,airplane,0,airplane,True,True,0.22205650806427002
STL-10,test,3889,6304,hue_rotation_90,clip_vit_b_32_linear_head,5,dog,5,dog,5,dog,True,True,0.22313916683197021
STL-10,test,3891,6304,hue_rotation_90,clip_vit_b_32_linear_head,4,deer,4,deer,4,deer,True,True,0.17886517941951752
STL-10,test,3893,6304,hue_rotation_90,clip_vit_b_32_linear_head,9,truck,9,truck,9,truck,True,True,0.18429048359394073
STL-10,test,3905,6304,hue_rotation_90,clip_vit_b_32_linear_head,8,ship,8,ship,8,ship,True,True,0.2714921832084656
STL-10,test,3914,6304,hue_rotation_90,clip_vit_b_32_linear_head,3,cat,3,cat,3,cat,True,True,0.2270817756652832
STL-10,test,3937,6304,hue_rotation_90,clip_vit_b_32_linear_head,1,bird,1,bird,1,bird,True,True,0.24270255863666534
STL-10,test,3942,6304,hue_rotation_90,clip_vit_b_32_linear_head,9,truck,9,truck,9,truck,True,True,0.2145756334066391
STL-10,test,3948,6304,hue_rotation_90,clip_vit_b_32_linear_head,8,ship,8,ship,8,ship,True,True,0.2610129117965698
STL-10,test,3962,6304,hue_rotation_90,clip_vit_b_32_linear_head,6,horse,6,horse,6,horse,True,True,0.19049954414367676
STL-10,test,3965,6304,hue_rotation_90,clip_vit_b_32_linear_head,0,airplane,0,airplane,0,airplane,True,True,0.22554264962673187
STL-10,test,3994,6304,hue_rotation_90,clip_vit_b_32_linear_head,4,deer,4,deer,4,deer,True,True,0.21418535709381104
STL-10,test,3996,6304,hue_rotation_90,clip_vit_b_32_linear_head,9,truck,9,truck,9,truck,True,True,0.251179963350296
STL-10,test,4011,6304,hue_rotation_90,clip_vit_b_32_linear_head,6,horse,6,horse,6,horse,True,True,0.23755250871181488
STL-10,test,4023,6304,hue_rotation_90,clip_vit_b_32_linear_head,3,cat,3,cat,3,cat,True,True,0.14192070066928864
STL-10,test,4054,6304,hue_rotation_90,clip_vit_b_32_linear_head,4,deer,4,deer,4,deer,True,True,0.22984018921852112
STL-10,test,4065,6304,hue_rotation_90,clip_vit_b_32_linear_head,2,car,2,car,2,car,True,True,0.190068781375885
STL-10,test,4069,6304,hue_rotation_90,clip_vit_b_32_linear_head,8,ship,8,ship,8,ship,True,True,0.13311874866485596
STL-10,test,4093,6304,hue_rotation_90,clip_vit_b_32_linear_head,6,horse,6,horse,6,horse,True,True,0.19847382605075836
STL-10,test,4094,6304,hue_rotation_90,clip_vit_b_32_linear_head,9,truck,9,truck,9,truck,True,True,0.21426956355571747
STL-10,test,4106,6304,hue_rotation_90,clip_vit_b_32_linear_head,5,dog,5,dog,5,dog,True,True,0.18428389728069305
STL-10,test,4130,6304,hue_rotation_90,clip_vit_b_32_linear_head,0,airplane,0,airplane,0,airplane,True,True,0.22642794251441956
STL-10,test,4168,6304,hue_rotation_90,clip_vit_b_32_linear_head,3,cat,3,cat,3,cat,True,True,0.1913842260837555
STL-10,test,4170,6304,hue_rotation_90,clip_vit_b_32_linear_head,8,ship,8,ship,8,ship,True,True,0.23012958467006683
STL-10,test,4172,6304,hue_rotation_90,clip_vit_b_32_linear_head,7,monkey,7,monkey,1,bird,False,False,0.16853037476539612
STL-10,test,4177,6304,hue_rotation_90,clip_vit_b_32_linear_head,8,ship,8,ship,8,ship,True,True,0.26921701431274414
STL-10,test,4215,6304,hue_rotation_90,clip_vit_b_32_linear_head,3,cat,3,cat,3,cat,True,True,0.16477319598197937
STL-10,test,4229,6304,hue_rotation_90,clip_vit_b_32_linear_head,3,cat,3,cat,3,cat,True,True,0.21787910163402557
STL-10,test,4236,6304,hue_rotation_90,clip_vit_b_32_linear_head,7,monkey,7,monkey,7,monkey,True,True,0.19176329672336578
STL-10,test,4242,6304,hue_rotation_90,clip_vit_b_32_linear_head,8,ship,8,ship,8,ship,True,True,0.24861551821231842
STL-10,test,4254,6304,hue_rotation_90,clip_vit_b_32_linear_head,6,horse,6,horse,6,horse,True,True,0.19527897238731384
STL-10,test,4290,6304,hue_rotation_90,clip_vit_b_32_linear_head,5,dog,4,deer,5,dog,True,False,0.1258106231689453
STL-10,test,4298,6304,hue_rotation_90,clip_vit_b_32_linear_head,1,bird,1,bird,1,bird,True,True,0.23493847250938416
STL-10,test,4308,6304,hue_rotation_90,clip_vit_b_32_linear_head,7,monkey,7,monkey,7,monkey,True,True,0.11337114125490189
STL-10,test,4311,6304,hue_rotation_90,clip_vit_b_32_linear_head,8,ship,8,ship,8,ship,True,True,0.2926301062107086
STL-10,test,4323,6304,hue_rotation_90,clip_vit_b_32_linear_head,3,cat,3,cat,3,cat,True,True,0.17309804260730743
STL-10,test,4330,6304,hue_rotation_90,clip_vit_b_32_linear_head,3,cat,3,cat,3,cat,True,True,0.120211161673069
STL-10,test,4341,6304,hue_rotation_90,clip_vit_b_32_linear_head,6,horse,6,horse,6,horse,True,True,0.19431616365909576
STL-10,test,4355,6304,hue_rotation_90,clip_vit_b_32_linear_head,8,ship,8,ship,8,ship,True,True,0.20115900039672852
STL-10,test,4399,6304,hue_rotation_90,clip_vit_b_32_linear_head,0,airplane,0,airplane,0,airplane,True,True,0.23047921061515808
STL-10,test,4403,6304,hue_rotation_90,clip_vit_b_32_linear_head,7,monkey,7,monkey,7,monkey,True,True,0.21062071621418
STL-10,test,4411,6304,hue_rotation_90,clip_vit_b_32_linear_head,6,horse,6,horse,6,horse,True,True,0.15968334674835205
STL-10,test,4449,6304,hue_rotation_90,clip_vit_b_32_linear_head,9,truck,9,truck,9,truck,True,True,0.17070741951465607
STL-10,test,4463,6304,hue_rotation_90,clip_vit_b_32_linear_head,3,cat,3,cat,3,cat,True,True,0.206845223903656
STL-10,test,4531,6304,hue_rotation_90,clip_vit_b_32_linear_head,3,cat,3,cat,3,cat,True,True,0.14668315649032593
STL-10,test,4539,6304,hue_rotation_90,clip_vit_b_32_linear_head,0,airplane,0,airplane,0,airplane,True,True,0.23380695283412933
STL-10,test,4547,6304,hue_rotation_90,clip_vit_b_32_linear_head,5,dog,5,dog,5,dog,True,True,0.21745970845222473
STL-10,test,4552,6304,hue_rotation_90,clip_vit_b_32_linear_head,8,ship,8,ship,8,ship,True,True,0.20465202629566193
STL-10,test,4570,6304,hue_rotation_90,clip_vit_b_32_linear_head,5,dog,5,dog,5,dog,True,True,0.1993904858827591
STL-10,test,4590,6304,hue_rotation_90,clip_vit_b_32_linear_head,3,cat,3,cat,3,cat,True,True,0.1881629377603531
STL-10,test,4609,6304,hue_rotation_90,clip_vit_b_32_linear_head,3,cat,3,cat,7,monkey,False,False,0.16812770068645477
STL-10,test,4615,6304,hue_rotation_90,clip_vit_b_32_linear_head,0,airplane,0,airplane,0,airplane,True,True,0.2326684296131134
STL-10,test,4617,6304,hue_rotation_90,clip_vit_b_32_linear_head,0,airplane,0,airplane,0,airplane,True,True,0.25524309277534485
STL-10,test,4620,6304,hue_rotation_90,clip_vit_b_32_linear_head,6,horse,6,horse,6,horse,True,True,0.1597263216972351
STL-10,test,4629,6304,hue_rotation_90,clip_vit_b_32_linear_head,4,deer,4,deer,4,deer,True,True,0.20568415522575378
STL-10,test,4640,6304,hue_rotation_90,clip_vit_b_32_linear_head,1,bird,1,bird,1,bird,True,True,0.16338440775871277
STL-10,test,4642,6304,hue_rotation_90,clip_vit_b_32_linear_head,4,deer,4,deer,4,deer,True,True,0.21523436903953552
STL-10,test,4661,6304,hue_rotation_90,clip_vit_b_32_linear_head,7,monkey,7,monkey,7,monkey,True,True,0.18585647642612457
STL-10,test,4662,6304,hue_rotation_90,clip_vit_b_32_linear_head,8,ship,8,ship,8,ship,True,True,0.2950536906719208
STL-10,test,4675,6304,hue_rotation_90,clip_vit_b_32_linear_head,0,airplane,0,airplane,0,airplane,True,True,0.21710528433322906
STL-10,test,4676,6304,hue_rotation_90,clip_vit_b_32_linear_head,8,ship,8,ship,8,ship,True,True,0.23686189949512482
STL-10,test,4704,6304,hue_rotation_90,clip_vit_b_32_linear_head,7,monkey,7,monkey,7,monkey,True,True,0.16537198424339294
STL-10,test,4723,6304,hue_rotation_90,clip_vit_b_32_linear_head,9,truck,9,truck,9,truck,True,True,0.20949974656105042
STL-10,test,4731,6304,hue_rotation_90,clip_vit_b_32_linear_head,6,horse,6,horse,6,horse,True,True,0.22865673899650574
STL-10,test,4735,6304,hue_rotation_90,clip_vit_b_32_linear_head,2,car,2,car,2,car,True,True,0.2151891440153122
STL-10,test,4740,6304,hue_rotation_90,clip_vit_b_32_linear_head,4,deer,4,deer,4,deer,True,True,0.21606427431106567
STL-10,test,4746,6304,hue_rotation_90,clip_vit_b_32_linear_head,6,horse,6,horse,6,horse,True,True,0.18541887402534485
STL-10,test,4748,6304,hue_rotation_90,clip_vit_b_32_linear_head,7,monkey,7,monkey,7,monkey,True,True,0.21186257898807526
STL-10,test,4754,6304,hue_rotation_90,clip_vit_b_32_linear_head,6,horse,6,horse,6,horse,True,True,0.1772203892469406
STL-10,test,4785,6304,hue_rotation_90,clip_vit_b_32_linear_head,0,airplane,0,airplane,0,airplane,True,True,0.21324999630451202
STL-10,test,4791,6304,hue_rotation_90,clip_vit_b_32_linear_head,7,monkey,7,monkey,7,monkey,True,True,0.21612976491451263
STL-10,test,4819,6304,hue_rotation_90,clip_vit_b_32_linear_head,0,airplane,0,airplane,0,airplane,True,True,0.2379968911409378
STL-10,test,4821,6304,hue_rotation_90,clip_vit_b_32_linear_head,3,cat,3,cat,3,cat,True,True,0.19128087162971497
STL-10,test,4827,6304,hue_rotation_90,clip_vit_b_32_linear_head,6,horse,6,horse,6,horse,True,True,0.1800917237997055
STL-10,test,4850,6304,hue_rotation_90,clip_vit_b_32_linear_head,5,dog,5,dog,5,dog,True,True,0.209029421210289
STL-10,test,4881,6304,hue_rotation_90,clip_vit_b_32_linear_head,3,cat,3,cat,9,truck,False,False,0.11285943537950516
STL-10,test,4893,6304,hue_rotation_90,clip_vit_b_32_linear_head,0,airplane,0,airplane,0,airplane,True,True,0.2554563581943512
STL-10,test,4908,6304,hue_rotation_90,clip_vit_b_32_linear_head,3,cat,3,cat,3,cat,True,True,0.22172574698925018
STL-10,test,4913,6304,hue_rotation_90,clip_vit_b_32_linear_head,2,car,2,car,2,car,True,True,0.19623784720897675
STL-10,test,4921,6304,hue_rotation_90,clip_vit_b_32_linear_head,2,car,2,car,2,car,True,True,0.18780025839805603
STL-10,test,4953,6304,hue_rotation_90,clip_vit_b_32_linear_head,5,dog,5,dog,5,dog,True,True,0.16770488023757935
STL-10,test,4966,6304,hue_rotation_90,clip_vit_b_32_linear_head,5,dog,5,dog,5,dog,True,True,0.16882601380348206
STL-10,test,4990,6304,hue_rotation_90,clip_vit_b_32_linear_head,8,ship,8,ship,8,ship,True,True,0.22148355841636658
STL-10,test,5000,6304,hue_rotation_90,clip_vit_b_32_linear_head,8,ship,8,ship,8,ship,True,True,0.24187318980693817
STL-10,test,5030,6304,hue_rotation_90,clip_vit_b_32_linear_head,2,car,2,car,2,car,True,True,0.23373861610889435
STL-10,test,5062,6304,hue_rotation_90,clip_vit_b_32_linear_head,4,deer,4,deer,4,deer,True,True,0.22154533863067627
STL-10,test,5077,6304,hue_rotation_90,clip_vit_b_32_linear_head,4,deer,4,deer,4,deer,True,True,0.19129644334316254
STL-10,test,5082,6304,hue_rotation_90,clip_vit_b_32_linear_head,6,horse,6,horse,6,horse,True,True,0.19857916235923767
STL-10,test,5092,6304,hue_rotation_90,clip_vit_b_32_linear_head,1,bird,1,bird,1,bird,True,True,0.22240415215492249
STL-10,test,5101,6304,hue_rotation_90,clip_vit_b_32_linear_head,5,dog,5,dog,5,dog,True,True,0.18977519869804382
STL-10,test,5117,6304,hue_rotation_90,clip_vit_b_32_linear_head,0,airplane,0,airplane,0,airplane,True,True,0.22541530430316925
STL-10,test,5123,6304,hue_rotation_90,clip_vit_b_32_linear_head,1,bird,1,bird,1,bird,True,True,0.18904000520706177
STL-10,test,5135,6304,hue_rotation_90,clip_vit_b_32_linear_head,4,deer,4,deer,4,deer,True,True,0.20179034769535065
STL-10,test,5183,6304,hue_rotation_90,clip_vit_b_32_linear_head,2,car,2,car,2,car,True,True,0.21320348978042603
STL-10,test,5213,6304,hue_rotation_90,clip_vit_b_32_linear_head,4,deer,4,deer,4,deer,True,True,0.22508274018764496
STL-10,test,5218,6304,hue_rotation_90,clip_vit_b_32_linear_head,2,car,2,car,2,car,True,True,0.2359074354171753
STL-10,test,5220,6304,hue_rotation_90,clip_vit_b_32_linear_head,1,bird,7,monkey,5,dog,False,False,0.10923080891370773
STL-10,test,5237,6304,hue_rotation_90,clip_vit_b_32_linear_head,2,car,2,car,2,car,True,True,0.17945383489131927
STL-10,test,5256,6304,hue_rotation_90,clip_vit_b_32_linear_head,1,bird,1,bird,1,bird,True,True,0.21206550300121307
STL-10,test,5284,6304,hue_rotation_90,clip_vit_b_32_linear_head,9,truck,9,truck,9,truck,True,True,0.17651009559631348
STL-10,test,5301,6304,hue_rotation_90,clip_vit_b_32_linear_head,9,truck,9,truck,9,truck,True,True,0.15164579451084137
STL-10,test,5318,6304,hue_rotation_90,clip_vit_b_32_linear_head,2,car,2,car,2,car,True,True,0.15936970710754395
STL-10,test,5332,6304,hue_rotation_90,clip_vit_b_32_linear_head,5,dog,5,dog,5,dog,True,True,0.17018792033195496
STL-10,test,5333,6304,hue_rotation_90,clip_vit_b_32_linear_head,2,car,2,car,2,car,True,True,0.24294136464595795
STL-10,test,5360,6304,hue_rotation_90,clip_vit_b_32_linear_head,9,truck,9,truck,9,truck,True,True,0.19505177438259125
STL-10,test,5381,6304,hue_rotation_90,clip_vit_b_32_linear_head,5,dog,5,dog,5,dog,True,True,0.20586343109607697
STL-10,test,5382,6304,hue_rotation_90,clip_vit_b_32_linear_head,6,horse,6,horse,6,horse,True,True,0.17186525464057922
STL-10,test,5395,6304,hue_rotation_90,clip_vit_b_32_linear_head,2,car,2,car,2,car,True,True,0.26203036308288574
STL-10,test,5402,6304,hue_rotation_90,clip_vit_b_32_linear_head,4,deer,4,deer,4,deer,True,True,0.2588552236557007
STL-10,test,5408,6304,hue_rotation_90,clip_vit_b_32_linear_head,6,horse,6,horse,6,horse,True,True,0.198263019323349
STL-10,test,5436,6304,hue_rotation_90,clip_vit_b_32_linear_head,7,monkey,7,monkey,7,monkey,True,True,0.1782587468624115
STL-10,test,5447,6304,hue_rotation_90,clip_vit_b_32_linear_head,9,truck,9,truck,9,truck,True,True,0.21347162127494812
STL-10,test,5450,6304,hue_rotation_90,clip_vit_b_32_linear_head,7,monkey,7,monkey,7,monkey,True,True,0.2131769210100174
STL-10,test,5451,6304,hue_rotation_90,clip_vit_b_32_linear_head,8,ship,8,ship,8,ship,True,True,0.25637510418891907
STL-10,test,5452,6304,hue_rotation_90,clip_vit_b_32_linear_head,9,truck,9,truck,9,truck,True,True,0.17391830682754517
STL-10,test,5467,6304,hue_rotation_90,clip_vit_b_32_linear_head,4,deer,4,deer,4,deer,True,True,0.22866366803646088
STL-10,test,5478,6304,hue_rotation_90,clip_vit_b_32_linear_head,0,airplane,0,airplane,0,airplane,True,True,0.20005173981189728
STL-10,test,5488,6304,hue_rotation_90,clip_vit_b_32_linear_head,1,bird,1,bird,1,bird,True,True,0.14309510588645935
STL-10,test,5496,6304,hue_rotation_90,clip_vit_b_32_linear_head,5,dog,5,dog,5,dog,True,True,0.18766456842422485
STL-10,test,5508,6304,hue_rotation_90,clip_vit_b_32_linear_head,9,truck,9,truck,9,truck,True,True,0.24252426624298096
STL-10,test,5512,6304,hue_rotation_90,clip_vit_b_32_linear_head,2,car,9,truck,9,truck,False,True,0.15729066729545593
STL-10,test,5525,6304,hue_rotation_90,clip_vit_b_32_linear_head,8,ship,8,ship,8,ship,True,True,0.24418705701828003
STL-10,test,5528,6304,hue_rotation_90,clip_vit_b_32_linear_head,3,cat,3,cat,3,cat,True,True,0.20076262950897217
STL-10,test,5556,6304,hue_rotation_90,clip_vit_b_32_linear_head,4,deer,4,deer,4,deer,True,True,0.23802876472473145
STL-10,test,5560,6304,hue_rotation_90,clip_vit_b_32_linear_head,1,bird,1,bird,1,bird,True,True,0.17752957344055176
STL-10,test,5572,6304,hue_rotation_90,clip_vit_b_32_linear_head,9,truck,9,truck,9,truck,True,True,0.19452819228172302
STL-10,test,5580,6304,hue_rotation_90,clip_vit_b_32_linear_head,6,horse,6,horse,6,horse,True,True,0.20966054499149323
STL-10,test,5590,6304,hue_rotation_90,clip_vit_b_32_linear_head,9,truck,9,truck,9,truck,True,True,0.19653895497322083
STL-10,test,5623,6304,hue_rotation_90,clip_vit_b_32_linear_head,4,deer,4,deer,4,deer,True,True,0.215875506401062
STL-10,test,5677,6304,hue_rotation_90,clip_vit_b_32_linear_head,2,car,2,car,2,car,True,True,0.23192483186721802
STL-10,test,5694,6304,hue_rotation_90,clip_vit_b_32_linear_head,8,ship,8,ship,8,ship,True,True,0.2406202256679535
STL-10,test,5701,6304,hue_rotation_90,clip_vit_b_32_linear_head,5,dog,5,dog,5,dog,True,True,0.216538205742836
STL-10,test,5705,6304,hue_rotation_90,clip_vit_b_32_linear_head,8,ship,8,ship,8,ship,True,True,0.27503907680511475
STL-10,test,5719,6304,hue_rotation_90,clip_vit_b_32_linear_head,7,monkey,7,monkey,7,monkey,True,True,0.2204383760690689
STL-10,test,5729,6304,hue_rotation_90,clip_vit_b_32_linear_head,6,horse,6,horse,6,horse,True,True,0.20543743669986725
STL-10,test,5756,6304,hue_rotation_90,clip_vit_b_32_linear_head,2,car,2,car,2,car,True,True,0.24723370373249054
STL-10,test,5788,6304,hue_rotation_90,clip_vit_b_32_linear_head,9,truck,9,truck,9,truck,True,True,0.2161380499601364
STL-10,test,5789,6304,hue_rotation_90,clip_vit_b_32_linear_head,4,deer,4,deer,4,deer,True,True,0.21786616742610931
STL-10,test,5824,6304,hue_rotation_90,clip_vit_b_32_linear_head,2,car,2,car,2,car,True,True,0.1470767855644226
STL-10,test,5848,6304,hue_rotation_90,clip_vit_b_32_linear_head,7,monkey,7,monkey,7,monkey,True,True,0.21070387959480286
STL-10,test,5851,6304,hue_rotation_90,clip_vit_b_32_linear_head,9,truck,9,truck,9,truck,True,True,0.24773025512695312
STL-10,test,5857,6304,hue_rotation_90,clip_vit_b_32_linear_head,6,horse,6,horse,6,horse,True,True,0.18262726068496704
STL-10,test,5858,6304,hue_rotation_90,clip_vit_b_32_linear_head,6,horse,6,horse,6,horse,True,True,0.18331603705883026
STL-10,test,5912,6304,hue_rotation_90,clip_vit_b_32_linear_head,0,airplane,0,airplane,0,airplane,True,True,0.23872096836566925
STL-10,test,5915,6304,hue_rotation_90,clip_vit_b_32_linear_head,9,truck,9,truck,9,truck,True,True,0.22420081496238708
STL-10,test,5918,6304,hue_rotation_90,clip_vit_b_32_linear_head,0,airplane,0,airplane,0,airplane,True,True,0.2346021980047226
STL-10,test,5924,6304,hue_rotation_90,clip_vit_b_32_linear_head,5,dog,5,dog,7,monkey,False,False,0.14381000399589539
STL-10,test,5977,6304,hue_rotation_90,clip_vit_b_32_linear_head,7,monkey,7,monkey,7,monkey,True,True,0.2363225668668747
STL-10,test,5981,6304,hue_rotation_90,clip_vit_b_32_linear_head,9,truck,9,truck,9,truck,True,True,0.14830145239830017
STL-10,test,5999,6304,hue_rotation_90,clip_vit_b_32_linear_head,0,airplane,0,airplane,0,airplane,True,True,0.23305480182170868
STL-10,test,6028,6304,hue_rotation_90,clip_vit_b_32_linear_head,2,car,2,car,2,car,True,True,0.2352772206068039
STL-10,test,6033,6304,hue_rotation_90,clip_vit_b_32_linear_head,4,deer,4,deer,4,deer,True,True,0.1807015836238861
STL-10,test,6076,6304,hue_rotation_90,clip_vit_b_32_linear_head,1,bird,1,bird,1,bird,True,True,0.2416934370994568
STL-10,test,6084,6304,hue_rotation_90,clip_vit_b_32_linear_head,7,monkey,7,monkey,7,monkey,True,True,0.23117776215076447
STL-10,test,6097,6304,hue_rotation_90,clip_vit_b_32_linear_head,4,deer,4,deer,4,deer,True,True,0.25037723779678345
STL-10,test,6169,6304,hue_rotation_90,clip_vit_b_32_linear_head,1,bird,1,bird,1,bird,True,True,0.11891970038414001
STL-10,test,6190,6304,hue_rotation_90,clip_vit_b_32_linear_head,7,monkey,7,monkey,7,monkey,True,True,0.23558767139911652
STL-10,test,6224,6304,hue_rotation_90,clip_vit_b_32_linear_head,5,dog,5,dog,5,dog,True,True,0.15565352141857147
STL-10,test,6244,6304,hue_rotation_90,clip_vit_b_32_linear_head,2,car,2,car,2,car,True,True,0.2054712176322937
STL-10,test,6264,6304,hue_rotation_90,clip_vit_b_32_linear_head,2,car,2,car,2,car,True,True,0.2364984154701233
STL-10,test,6271,6304,hue_rotation_90,clip_vit_b_32_linear_head,2,car,2,car,2,car,True,True,0.2184717059135437
STL-10,test,6288,6304,hue_rotation_90,clip_vit_b_32_linear_head,4,deer,4,deer,4,deer,True,True,0.18386134505271912
STL-10,test,6332,6304,hue_rotation_90,clip_vit_b_32_linear_head,2,car,2,car,2,car,True,True,0.19475169479846954
STL-10,test,6349,6304,hue_rotation_90,clip_vit_b_32_linear_head,1,bird,1,bird,1,bird,True,True,0.18879228830337524
STL-10,test,6354,6304,hue_rotation_90,clip_vit_b_32_linear_head,2,car,2,car,2,car,True,True,0.1989961862564087
STL-10,test,6358,6304,hue_rotation_90,clip_vit_b_32_linear_head,5,dog,5,dog,5,dog,True,True,0.16026188433170319
STL-10,test,6381,6304,hue_rotation_90,clip_vit_b_32_linear_head,6,horse,6,horse,6,horse,True,True,0.21234403550624847
STL-10,test,6414,6304,hue_rotation_90,clip_vit_b_32_linear_head,5,dog,5,dog,5,dog,True,True,0.13020512461662292
STL-10,test,6426,6304,hue_rotation_90,clip_vit_b_32_linear_head,2,car,2,car,2,car,True,True,0.2685358226299286
STL-10,test,6434,6304,hue_rotation_90,clip_vit_b_32_linear_head,8,ship,8,ship,8,ship,True,True,0.26697495579719543
STL-10,test,6437,6304,hue_rotation_90,clip_vit_b_32_linear_head,0,airplane,0,airplane,0,airplane,True,True,0.23988577723503113
STL-10,test,6455,6304,hue_rotation_90,clip_vit_b_32_linear_head,0,airplane,0,airplane,0,airplane,True,True,0.24021193385124207
STL-10,test,6490,6304,hue_rotation_90,clip_vit_b_32_linear_head,3,cat,3,cat,3,cat,True,True,0.15503104031085968
STL-10,test,6503,6304,hue_rotation_90,clip_vit_b_32_linear_head,2,car,2,car,2,car,True,True,0.19344903528690338
STL-10,test,6508,6304,hue_rotation_90,clip_vit_b_32_linear_head,4,deer,4,deer,4,deer,True,True,0.22050416469573975
STL-10,test,6528,6304,hue_rotation_90,clip_vit_b_32_linear_head,4,deer,4,deer,4,deer,True,True,0.17018572986125946
STL-10,test,6594,6304,hue_rotation_90,clip_vit_b_32_linear_head,1,bird,1,bird,1,bird,True,True,0.1785951405763626
STL-10,test,6609,6304,hue_rotation_90,clip_vit_b_32_linear_head,0,airplane,0,airplane,0,airplane,True,True,0.24955756962299347
STL-10,test,6616,6304,hue_rotation_90,clip_vit_b_32_linear_head,2,car,2,car,2,car,True,True,0.18794967234134674
STL-10,test,6650,6304,hue_rotation_90,clip_vit_b_32_linear_head,7,monkey,7,monkey,7,monkey,True,True,0.20359936356544495
STL-10,test,6689,6304,hue_rotation_90,clip_vit_b_32_linear_head,8,ship,8,ship,8,ship,True,True,0.2350962609052658
STL-10,test,6692,6304,hue_rotation_90,clip_vit_b_32_linear_head,2,car,2,car,2,car,True,True,0.20505203306674957
STL-10,test,6713,6304,hue_rotation_90,clip_vit_b_32_linear_head,6,horse,6,horse,6,horse,True,True,0.1871338039636612
STL-10,test,6716,6304,hue_rotation_90,clip_vit_b_32_linear_head,5,dog,5,dog,5,dog,True,True,0.16781401634216309
STL-10,test,6726,6304,hue_rotation_90,clip_vit_b_32_linear_head,7,monkey,7,monkey,7,monkey,True,True,0.1649443805217743
STL-10,test,6733,6304,hue_rotation_90,clip_vit_b_32_linear_head,1,bird,1,bird,1,bird,True,True,0.16365616023540497
STL-10,test,6772,6304,hue_rotation_90,clip_vit_b_32_linear_head,7,monkey,7,monkey,3,cat,False,False,0.12232736498117447
STL-10,test,6805,6304,hue_rotation_90,clip_vit_b_32_linear_head,1,bird,1,bird,1,bird,True,True,0.18122312426567078
STL-10,test,6836,6304,hue_rotation_90,clip_vit_b_32_linear_head,1,bird,1,bird,1,bird,True,True,0.22364306449890137
STL-10,test,6844,6304,hue_rotation_90,clip_vit_b_32_linear_head,0,airplane,0,airplane,0,airplane,True,True,0.2180679887533188
STL-10,test,6922,6304,hue_rotation_90,clip_vit_b_32_linear_head,5,dog,5,dog,5,dog,True,True,0.20930542051792145
STL-10,test,6931,6304,hue_rotation_90,clip_vit_b_32_linear_head,9,truck,9,truck,9,truck,True,True,0.1686234474182129
STL-10,test,6938,6304,hue_rotation_90,clip_vit_b_32_linear_head,1,bird,1,bird,1,bird,True,True,0.23766294121742249
STL-10,test,6952,6304,hue_rotation_90,clip_vit_b_32_linear_head,3,cat,3,cat,3,cat,True,True,0.18464143574237823
STL-10,test,6954,6304,hue_rotation_90,clip_vit_b_32_linear_head,1,bird,1,bird,1,bird,True,True,0.18846262991428375
STL-10,test,6986,6304,hue_rotation_90,clip_vit_b_32_linear_head,0,airplane,0,airplane,0,airplane,True,True,0.24135927855968475
STL-10,test,6989,6304,hue_rotation_90,clip_vit_b_32_linear_head,5,dog,5,dog,5,dog,True,True,0.14585790038108826
STL-10,test,7009,6304,hue_rotation_90,clip_vit_b_32_linear_head,0,airplane,0,airplane,0,airplane,True,True,0.1974642276763916
STL-10,test,7029,6304,hue_rotation_90,clip_vit_b_32_linear_head,1,bird,1,bird,1,bird,True,True,0.22287093102931976
STL-10,test,7033,6304,hue_rotation_90,clip_vit_b_32_linear_head,1,bird,1,bird,1,bird,True,True,0.16357466578483582
STL-10,test,7041,6304,hue_rotation_90,clip_vit_b_32_linear_head,5,dog,5,dog,5,dog,True,True,0.10795418173074722
STL-10,test,7047,6304,hue_rotation_90,clip_vit_b_32_linear_head,9,truck,9,truck,9,truck,True,True,0.23894457519054413
STL-10,test,7081,6304,hue_rotation_90,clip_vit_b_32_linear_head,7,monkey,7,monkey,7,monkey,True,True,0.20356492698192596
STL-10,test,7084,6304,hue_rotation_90,clip_vit_b_32_linear_head,2,car,2,car,2,car,True,True,0.1925376057624817
STL-10,test,7108,6304,hue_rotation_90,clip_vit_b_32_linear_head,6,horse,6,horse,6,horse,True,True,0.21397806704044342
STL-10,test,7130,6304,hue_rotation_90,clip_vit_b_32_linear_head,5,dog,5,dog,5,dog,True,True,0.2000703513622284
STL-10,test,7138,6304,hue_rotation_90,clip_vit_b_32_linear_head,8,ship,8,ship,8,ship,True,True,0.2505542039871216
STL-10,test,7150,6304,hue_rotation_90,clip_vit_b_32_linear_head,0,airplane,0,airplane,0,airplane,True,True,0.23748517036437988
STL-10,test,7202,6304,hue_rotation_90,clip_vit_b_32_linear_head,1,bird,1,bird,1,bird,True,True,0.2034725397825241
STL-10,test,7262,6304,hue_rotation_90,clip_vit_b_32_linear_head,0,airplane,0,airplane,0,airplane,True,True,0.25439056754112244
STL-10,test,7266,6304,hue_rotation_90,clip_vit_b_32_linear_head,9,truck,9,truck,9,truck,True,True,0.16318374872207642
STL-10,test,7270,6304,hue_rotation_90,clip_vit_b_32_linear_head,7,monkey,7,monkey,7,monkey,True,True,0.21229515969753265
STL-10,test,7309,6304,hue_rotation_90,clip_vit_b_32_linear_head,0,airplane,0,airplane,0,airplane,True,True,0.20088335871696472
STL-10,test,7320,6304,hue_rotation_90,clip_vit_b_32_linear_head,0,airplane,0,airplane,0,airplane,True,True,0.22564931213855743
STL-10,test,7338,6304,hue_rotation_90,clip_vit_b_32_linear_head,6,horse,6,horse,6,horse,True,True,0.15417563915252686
STL-10,test,7372,6304,hue_rotation_90,clip_vit_b_32_linear_head,0,airplane,0,airplane,0,airplane,True,True,0.23766127228736877
STL-10,test,7373,6304,hue_rotation_90,clip_vit_b_32_linear_head,0,airplane,0,airplane,0,airplane,True,True,0.2516573965549469
STL-10,test,7380,6304,hue_rotation_90,clip_vit_b_32_linear_head,9,truck,9,truck,9,truck,True,True,0.2209746092557907
STL-10,test,7390,6304,hue_rotation_90,clip_vit_b_32_linear_head,1,bird,1,bird,1,bird,True,True,0.20973050594329834
STL-10,test,7413,6304,hue_rotation_90,clip_vit_b_32_linear_head,5,dog,3,cat,3,cat,False,True,0.17593032121658325
STL-10,test,7416,6304,hue_rotation_90,clip_vit_b_32_linear_head,3,cat,3,cat,3,cat,True,True,0.20129355788230896
STL-10,test,7425,6304,hue_rotation_90,clip_vit_b_32_linear_head,2,car,2,car,2,car,True,True,0.25574037432670593
STL-10,test,7446,6304,hue_rotation_90,clip_vit_b_32_linear_head,8,ship,8,ship,8,ship,True,True,0.2204197347164154
STL-10,test,7460,6304,hue_rotation_90,clip_vit_b_32_linear_head,8,ship,8,ship,8,ship,True,True,0.14460976421833038
STL-10,test,7465,6304,hue_rotation_90,clip_vit_b_32_linear_head,0,airplane,0,airplane,0,airplane,True,True,0.24332095682621002
STL-10,test,7474,6304,hue_rotation_90,clip_vit_b_32_linear_head,5,dog,5,dog,5,dog,True,True,0.21947671473026276
STL-10,test,7475,6304,hue_rotation_90,clip_vit_b_32_linear_head,4,deer,4,deer,4,deer,True,True,0.21866632997989655
STL-10,test,7476,6304,hue_rotation_90,clip_vit_b_32_linear_head,8,ship,8,ship,8,ship,True,True,0.163046732544899
STL-10,test,7544,6304,hue_rotation_90,clip_vit_b_32_linear_head,9,truck,9,truck,9,truck,True,True,0.20093855261802673
STL-10,test,7555,6304,hue_rotation_90,clip_vit_b_32_linear_head,6,horse,6,horse,6,horse,True,True,0.1380465179681778
STL-10,test,7600,6304,hue_rotation_90,clip_vit_b_32_linear_head,6,horse,6,horse,6,horse,True,True,0.21089692413806915
STL-10,test,7610,6304,hue_rotation_90,clip_vit_b_32_linear_head,4,deer,4,deer,4,deer,True,True,0.20424847304821014
STL-10,test,7634,6304,hue_rotation_90,clip_vit_b_32_linear_head,0,airplane,0,airplane,0,airplane,True,True,0.27055102586746216
STL-10,test,7692,6304,hue_rotation_90,clip_vit_b_32_linear_head,4,deer,4,deer,4,deer,True,True,0.13803550601005554
STL-10,test,7706,6304,hue_rotation_90,clip_vit_b_32_linear_head,5,dog,5,dog,5,dog,True,True,0.13891786336898804
STL-10,test,7726,6304,hue_rotation_90,clip_vit_b_32_linear_head,6,horse,6,horse,6,horse,True,True,0.23254069685935974
STL-10,test,7744,6304,hue_rotation_90,clip_vit_b_32_linear_head,3,cat,3,cat,3,cat,True,True,0.19628599286079407
STL-10,test,7752,6304,hue_rotation_90,clip_vit_b_32_linear_head,9,truck,9,truck,9,truck,True,True,0.22862140834331512
STL-10,test,7776,6304,hue_rotation_90,clip_vit_b_32_linear_head,5,dog,5,dog,5,dog,True,True,0.1623053103685379
STL-10,test,7779,6304,hue_rotation_90,clip_vit_b_32_linear_head,6,horse,6,horse,6,horse,True,True,0.18265968561172485
STL-10,test,7781,6304,hue_rotation_90,clip_vit_b_32_linear_head,6,horse,6,horse,6,horse,True,True,0.2101530134677887
STL-10,test,7793,6304,hue_rotation_90,clip_vit_b_32_linear_head,3,cat,3,cat,5,dog,False,False,0.17548847198486328
STL-10,test,7797,6304,hue_rotation_90,clip_vit_b_32_linear_head,3,cat,3,cat,3,cat,True,True,0.18251341581344604
STL-10,test,7810,6304,hue_rotation_90,clip_vit_b_32_linear_head,8,ship,8,ship,8,ship,True,True,0.22597961127758026
STL-10,test,7818,6304,hue_rotation_90,clip_vit_b_32_linear_head,8,ship,8,ship,8,ship,True,True,0.2565874755382538
STL-10,test,7835,6304,hue_rotation_90,clip_vit_b_32_linear_head,7,monkey,7,monkey,7,monkey,True,True,0.2474825233221054
STL-10,test,7864,6304,hue_rotation_90,clip_vit_b_32_linear_head,4,deer,4,deer,4,deer,True,True,0.25827932357788086
STL-10,test,7875,6304,hue_rotation_90,clip_vit_b_32_linear_head,8,ship,8,ship,8,ship,True,True,0.22812698781490326
STL-10,test,7938,6304,hue_rotation_90,clip_vit_b_32_linear_head,9,truck,9,truck,9,truck,True,True,0.17377221584320068
STL-10,test,7940,6304,hue_rotation_90,clip_vit_b_32_linear_head,4,deer,4,deer,4,deer,True,True,0.2033693790435791
STL-10,test,7944,6304,hue_rotation_90,clip_vit_b_32_linear_head,4,deer,4,deer,4,deer,True,True,0.11766896396875381
STL-10,test,7955,6304,hue_rotation_90,clip_vit_b_32_linear_head,1,bird,1,bird,1,bird,True,True,0.23756738007068634
STL-10,test,7995,6304,hue_rotation_90,clip_vit_b_32_linear_head,9,truck,9,truck,9,truck,True,True,0.1806327998638153
STL-10,test,7996,6304,hue_rotation_90,clip_vit_b_32_linear_head,6,horse,6,horse,6,horse,True,True,0.19619134068489075
STL-10,test,7999,6304,hue_rotation_90,clip_vit_b_32_linear_head,8,ship,8,ship,8,ship,True,True,0.23383495211601257
STL-10,test,3,6304,hue_rotation_90,clip_vit_b_32_zero_shot,0,airplane,0,airplane,0,airplane,True,True,0.9610038995742798
STL-10,test,29,6304,hue_rotation_90,clip_vit_b_32_zero_shot,7,monkey,7,monkey,7,monkey,True,True,0.9997755885124207
STL-10,test,35,6304,hue_rotation_90,clip_vit_b_32_zero_shot,2,car,2,car,2,car,True,True,0.9096083045005798
STL-10,test,42,6304,hue_rotation_90,clip_vit_b_32_zero_shot,0,airplane,0,airplane,0,airplane,True,True,0.9559736847877502
STL-10,test,49,6304,hue_rotation_90,clip_vit_b_32_zero_shot,2,car,2,car,2,car,True,True,0.9911518692970276
STL-10,test,81,6304,hue_rotation_90,clip_vit_b_32_zero_shot,0,airplane,0,airplane,0,airplane,True,True,0.882081925868988
STL-10,test,95,6304,hue_rotation_90,clip_vit_b_32_zero_shot,1,bird,1,bird,1,bird,True,True,0.9985476136207581
STL-10,test,97,6304,hue_rotation_90,clip_vit_b_32_zero_shot,5,dog,5,dog,5,dog,True,True,0.9449312090873718
STL-10,test,116,6304,hue_rotation_90,clip_vit_b_32_zero_shot,1,bird,1,bird,1,bird,True,True,0.9972416162490845
STL-10,test,131,6304,hue_rotation_90,clip_vit_b_32_zero_shot,9,truck,9,truck,9,truck,True,True,0.9567425847053528
STL-10,test,151,6304,hue_rotation_90,clip_vit_b_32_zero_shot,8,ship,8,ship,8,ship,True,True,0.9957426190376282
STL-10,test,171,6304,hue_rotation_90,clip_vit_b_32_zero_shot,4,deer,4,deer,4,deer,True,True,0.9953527450561523
STL-10,test,176,6304,hue_rotation_90,clip_vit_b_32_zero_shot,3,cat,3,cat,3,cat,True,True,0.9608709216117859
STL-10,test,191,6304,hue_rotation_90,clip_vit_b_32_zero_shot,9,truck,2,car,2,car,False,True,0.7521200776100159
STL-10,test,194,6304,hue_rotation_90,clip_vit_b_32_zero_shot,8,ship,8,ship,8,ship,True,True,0.9940701127052307
STL-10,test,198,6304,hue_rotation_90,clip_vit_b_32_zero_shot,1,bird,1,bird,1,bird,True,True,0.9965623021125793
STL-10,test,239,6304,hue_rotation_90,clip_vit_b_32_zero_shot,9,truck,9,truck,9,truck,True,True,0.9833815097808838
STL-10,test,261,6304,hue_rotation_90,clip_vit_b_32_zero_shot,1,bird,1,bird,1,bird,True,True,0.9937679767608643
STL-10,test,269,6304,hue_rotation_90,clip_vit_b_32_zero_shot,7,monkey,7,monkey,7,monkey,True,True,0.9978101849555969
STL-10,test,276,6304,hue_rotation_90,clip_vit_b_32_zero_shot,9,truck,9,truck,9,truck,True,True,0.8351849913597107
STL-10,test,303,6304,hue_rotation_90,clip_vit_b_32_zero_shot,9,truck,9,truck,9,truck,True,True,0.993380069732666
STL-10,test,304,6304,hue_rotation_90,clip_vit_b_32_zero_shot,1,bird,1,bird,1,bird,True,True,0.9671136140823364
STL-10,test,317,6304,hue_rotation_90,clip_vit_b_32_zero_shot,2,car,2,car,2,car,True,True,0.9767703413963318
STL-10,test,319,6304,hue_rotation_90,clip_vit_b_32_zero_shot,5,dog,5,dog,5,dog,True,True,0.9888420104980469
STL-10,test,323,6304,hue_rotation_90,clip_vit_b_32_zero_shot,7,monkey,7,monkey,7,monkey,True,True,0.9965542554855347
STL-10,test,365,6304,hue_rotation_90,clip_vit_b_32_zero_shot,3,cat,3,cat,3,cat,True,True,0.9761349558830261
STL-10,test,370,6304,hue_rotation_90,clip_vit_b_32_zero_shot,7,monkey,7,monkey,7,monkey,True,True,0.9965013265609741
STL-10,test,372,6304,hue_rotation_90,clip_vit_b_32_zero_shot,3,cat,3,cat,3,cat,True,True,0.39327237010002136
STL-10,test,378,6304,hue_rotation_90,clip_vit_b_32_zero_shot,5,dog,5,dog,5,dog,True,True,0.9789327383041382
STL-10,test,391,6304,hue_rotation_90,clip_vit_b_32_zero_shot,3,cat,3,cat,3,cat,True,True,0.9781888127326965
STL-10,test,409,6304,hue_rotation_90,clip_vit_b_32_zero_shot,2,car,2,car,2,car,True,True,0.9500415921211243
STL-10,test,419,6304,hue_rotation_90,clip_vit_b_32_zero_shot,9,truck,9,truck,9,truck,True,True,0.9894243478775024
STL-10,test,449,6304,hue_rotation_90,clip_vit_b_32_zero_shot,6,horse,6,horse,6,horse,True,True,0.9945437908172607
STL-10,test,470,6304,hue_rotation_90,clip_vit_b_32_zero_shot,2,car,2,car,2,car,True,True,0.9894706010818481
STL-10,test,483,6304,hue_rotation_90,clip_vit_b_32_zero_shot,2,car,2,car,2,car,True,True,0.9772647619247437
STL-10,test,484,6304,hue_rotation_90,clip_vit_b_32_zero_shot,0,airplane,0,airplane,0,airplane,True,True,0.9764896035194397
STL-10,test,506,6304,hue_rotation_90,clip_vit_b_32_zero_shot,4,deer,4,deer,4,deer,True,True,0.930653989315033
STL-10,test,545,6304,hue_rotation_90,clip_vit_b_32_zero_shot,6,horse,6,horse,6,horse,True,True,0.8312031626701355
STL-10,test,562,6304,hue_rotation_90,clip_vit_b_32_zero_shot,0,airplane,0,airplane,0,airplane,True,True,0.8960565328598022
STL-10,test,568,6304,hue_rotation_90,clip_vit_b_32_zero_shot,5,dog,5,dog,5,dog,True,True,0.9591991305351257
STL-10,test,603,6304,hue_rotation_90,clip_vit_b_32_zero_shot,9,truck,9,truck,9,truck,True,True,0.8991745710372925
STL-10,test,632,6304,hue_rotation_90,clip_vit_b_32_zero_shot,3,cat,3,cat,3,cat,True,True,0.9955090284347534
STL-10,test,645,6304,hue_rotation_90,clip_vit_b_32_zero_shot,5,dog,5,dog,5,dog,True,True,0.9695532917976379
STL-10,test,667,6304,hue_rotation_90,clip_vit_b_32_zero_shot,8,ship,8,ship,8,ship,True,True,0.997802197933197
STL-10,test,672,6304,hue_rotation_90,clip_vit_b_32_zero_shot,3,cat,3,cat,3,cat,True,True,0.6875815987586975
STL-10,test,677,6304,hue_rotation_90,clip_vit_b_32_zero_shot,3,cat,3,cat,3,cat,True,True,0.9848699569702148
STL-10,test,685,6304,hue_rotation_90,clip_vit_b_32_zero_shot,5,dog,5,dog,5,dog,True,True,0.9589446187019348
STL-10,test,691,6304,hue_rotation_90,clip_vit_b_32_zero_shot,4,deer,4,deer,4,deer,True,True,0.9953067898750305
STL-10,test,706,6304,hue_rotation_90,clip_vit_b_32_zero_shot,8,ship,8,ship,8,ship,True,True,0.998805046081543
STL-10,test,714,6304,hue_rotation_90,clip_vit_b_32_zero_shot,2,car,2,car,2,car,True,True,0.9755619168281555
STL-10,test,716,6304,hue_rotation_90,clip_vit_b_32_zero_shot,8,ship,8,ship,8,ship,True,True,0.981368362903595
STL-10,test,738,6304,hue_rotation_90,clip_vit_b_32_zero_shot,3,cat,3,cat,3,cat,True,True,0.9853783845901489
STL-10,test,739,6304,hue_rotation_90,clip_vit_b_32_zero_shot,8,ship,8,ship,8,ship,True,True,0.9924837946891785
STL-10,test,766,6304,hue_rotation_90,clip_vit_b_32_zero_shot,4,deer,6,horse,6,horse,False,True,0.6929601430892944
STL-10,test,791,6304,hue_rotation_90,clip_vit_b_32_zero_shot,3,cat,3,cat,3,cat,True,True,0.9891559481620789
STL-10,test,805,6304,hue_rotation_90,clip_vit_b_32_zero_shot,9,truck,9,truck,9,truck,True,True,0.9841961860656738
STL-10,test,825,6304,hue_rotation_90,clip_vit_b_32_zero_shot,1,bird,1,bird,1,bird,True,True,0.997624933719635
STL-10,test,852,6304,hue_rotation_90,clip_vit_b_32_zero_shot,9,truck,9,truck,9,truck,True,True,0.9965194463729858
STL-10,test,855,6304,hue_rotation_90,clip_vit_b_32_zero_shot,4,deer,4,deer,4,deer,True,True,0.9882619976997375
STL-10,test,873,6304,hue_rotation_90,clip_vit_b_32_zero_shot,6,horse,6,horse,6,horse,True,True,0.9865206480026245
STL-10,test,890,6304,hue_rotation_90,clip_vit_b_32_zero_shot,6,horse,6,horse,6,horse,True,True,0.9979908466339111
STL-10,test,920,6304,hue_rotation_90,clip_vit_b_32_zero_shot,6,horse,6,horse,6,horse,True,True,0.9972642660140991
STL-10,test,929,6304,hue_rotation_90,clip_vit_b_32_zero_shot,6,horse,6,horse,6,horse,True,True,0.9960913062095642
STL-10,test,962,6304,hue_rotation_90,clip_vit_b_32_zero_shot,8,ship,8,ship,8,ship,True,True,0.9806992411613464
STL-10,test,964,6304,hue_rotation_90,clip_vit_b_32_zero_shot,6,horse,6,horse,6,horse,True,True,0.9825650453567505
STL-10,test,977,6304,hue_rotation_90,clip_vit_b_32_zero_shot,6,horse,6,horse,6,horse,True,True,0.9972163438796997
STL-10,test,979,6304,hue_rotation_90,clip_vit_b_32_zero_shot,3,cat,3,cat,3,cat,True,True,0.9917322397232056
STL-10,test,981,6304,hue_rotation_90,clip_vit_b_32_zero_shot,2,car,2,car,2,car,True,True,0.9909772872924805
STL-10,test,1022,6304,hue_rotation_90,clip_vit_b_32_zero_shot,9,truck,9,truck,9,truck,True,True,0.837773859500885
STL-10,test,1032,6304,hue_rotation_90,clip_vit_b_32_zero_shot,7,monkey,7,monkey,7,monkey,True,True,0.5417304635047913
STL-10,test,1048,6304,hue_rotation_90,clip_vit_b_32_zero_shot,7,monkey,7,monkey,7,monkey,True,True,0.9946593642234802
STL-10,test,1090,6304,hue_rotation_90,clip_vit_b_32_zero_shot,1,bird,1,bird,1,bird,True,True,0.9957247972488403
STL-10,test,1095,6304,hue_rotation_90,clip_vit_b_32_zero_shot,5,dog,5,dog,5,dog,True,True,0.9823943972587585
STL-10,test,1109,6304,hue_rotation_90,clip_vit_b_32_zero_shot,1,bird,1,bird,1,bird,True,True,0.9893730282783508
STL-10,test,1111,6304,hue_rotation_90,clip_vit_b_32_zero_shot,4,deer,4,deer,4,deer,True,True,0.9478734731674194
STL-10,test,1115,6304,hue_rotation_90,clip_vit_b_32_zero_shot,1,bird,1,bird,1,bird,True,True,0.6792275309562683
STL-10,test,1124,6304,hue_rotation_90,clip_vit_b_32_zero_shot,4,deer,4,deer,4,deer,True,True,0.9976686835289001
STL-10,test,1129,6304,hue_rotation_90,clip_vit_b_32_zero_shot,8,ship,8,ship,8,ship,True,True,0.993919849395752
STL-10,test,1175,6304,hue_rotation_90,clip_vit_b_32_zero_shot,0,airplane,0,airplane,0,airplane,True,True,0.9847396612167358
STL-10,test,1202,6304,hue_rotation_90,clip_vit_b_32_zero_shot,2,car,2,car,2,car,True,True,0.9882126450538635
STL-10,test,1204,6304,hue_rotation_90,clip_vit_b_32_zero_shot,3,cat,3,cat,3,cat,True,True,0.6188851594924927
STL-10,test,1211,6304,hue_rotation_90,clip_vit_b_32_zero_shot,4,deer,4,deer,4,deer,True,True,0.9260783195495605
STL-10,test,1220,6304,hue_rotation_90,clip_vit_b_32_zero_shot,7,monkey,7,monkey,7,monkey,True,True,0.9936617612838745
STL-10,test,1230,6304,hue_rotation_90,clip_vit_b_32_zero_shot,1,bird,1,bird,7,monkey,False,False,0.8609462976455688
STL-10,test,1247,6304,hue_rotation_90,clip_vit_b_32_zero_shot,8,ship,8,ship,8,ship,True,True,0.9863535165786743
STL-10,test,1263,6304,hue_rotation_90,clip_vit_b_32_zero_shot,3,cat,4,deer,4,deer,False,True,0.7812802791595459
STL-10,test,1266,6304,hue_rotation_90,clip_vit_b_32_zero_shot,4,deer,4,deer,4,deer,True,True,0.9901993870735168
STL-10,test,1287,6304,hue_rotation_90,clip_vit_b_32_zero_shot,7,monkey,7,monkey,7,monkey,True,True,0.9264166951179504
STL-10,test,1296,6304,hue_rotation_90,clip_vit_b_32_zero_shot,7,monkey,7,monkey,7,monkey,True,True,0.5750892162322998
STL-10,test,1370,6304,hue_rotation_90,clip_vit_b_32_zero_shot,3,cat,3,cat,3,cat,True,True,0.9729836583137512
STL-10,test,1389,6304,hue_rotation_90,clip_vit_b_32_zero_shot,0,airplane,0,airplane,0,airplane,True,True,0.9912115931510925
STL-10,test,1401,6304,hue_rotation_90,clip_vit_b_32_zero_shot,3,cat,3,cat,3,cat,True,True,0.9412329792976379
STL-10,test,1403,6304,hue_rotation_90,clip_vit_b_32_zero_shot,2,car,2,car,2,car,True,True,0.9923536777496338
STL-10,test,1411,6304,hue_rotation_90,clip_vit_b_32_zero_shot,9,truck,9,truck,9,truck,True,True,0.9811408519744873
STL-10,test,1429,6304,hue_rotation_90,clip_vit_b_32_zero_shot,4,deer,4,deer,6,horse,False,False,0.6261174082756042
STL-10,test,1430,6304,hue_rotation_90,clip_vit_b_32_zero_shot,9,truck,9,truck,9,truck,True,True,0.9827010035514832
STL-10,test,1431,6304,hue_rotation_90,clip_vit_b_32_zero_shot,3,cat,3,cat,3,cat,True,True,0.9696056246757507
STL-10,test,1436,6304,hue_rotation_90,clip_vit_b_32_zero_shot,1,bird,1,bird,1,bird,True,True,0.999309778213501
STL-10,test,1440,6304,hue_rotation_90,clip_vit_b_32_zero_shot,7,monkey,7,monkey,7,monkey,True,True,0.99764084815979
STL-10,test,1468,6304,hue_rotation_90,clip_vit_b_32_zero_shot,9,truck,9,truck,9,truck,True,True,0.8689562082290649
STL-10,test,1473,6304,hue_rotation_90,clip_vit_b_32_zero_shot,7,monkey,7,monkey,7,monkey,True,True,0.9974961876869202
STL-10,test,1515,6304,hue_rotation_90,clip_vit_b_32_zero_shot,9,truck,9,truck,9,truck,True,True,0.989660382270813
STL-10,test,1520,6304,hue_rotation_90,clip_vit_b_32_zero_shot,2,car,2,car,2,car,True,True,0.9834132194519043
STL-10,test,1531,6304,hue_rotation_90,clip_vit_b_32_zero_shot,3,cat,3,cat,5,dog,False,False,0.4546521306037903
STL-10,test,1534,6304,hue_rotation_90,clip_vit_b_32_zero_shot,6,horse,6,horse,6,horse,True,True,0.9452541470527649
STL-10,test,1552,6304,hue_rotation_90,clip_vit_b_32_zero_shot,5,dog,5,dog,5,dog,True,True,0.693943440914154
STL-10,test,1553,6304,hue_rotation_90,clip_vit_b_32_zero_shot,0,airplane,0,airplane,0,airplane,True,True,0.9860315322875977
STL-10,test,1563,6304,hue_rotation_90,clip_vit_b_32_zero_shot,3,cat,7,monkey,3,cat,True,False,0.6965733766555786
STL-10,test,1568,6304,hue_rotation_90,clip_vit_b_32_zero_shot,1,bird,1,bird,1,bird,True,True,0.9922358393669128
STL-10,test,1579,6304,hue_rotation_90,clip_vit_b_32_zero_shot,7,monkey,7,monkey,7,monkey,True,True,0.997501790523529
STL-10,test,1586,6304,hue_rotation_90,clip_vit_b_32_zero_shot,2,car,2,car,2,car,True,True,0.9941127896308899
STL-10,test,1596,6304,hue_rotation_90,clip_vit_b_32_zero_shot,0,airplane,0,airplane,0,airplane,True,True,0.936753511428833
STL-10,test,1626,6304,hue_rotation_90,clip_vit_b_32_zero_shot,5,dog,5,dog,5,dog,True,True,0.9637022614479065
STL-10,test,1640,6304,hue_rotation_90,clip_vit_b_32_zero_shot,8,ship,8,ship,8,ship,True,True,0.9984437823295593
STL-10,test,1644,6304,hue_rotation_90,clip_vit_b_32_zero_shot,5,dog,5,dog,5,dog,True,True,0.9847185015678406
STL-10,test,1648,6304,hue_rotation_90,clip_vit_b_32_zero_shot,0,airplane,0,airplane,0,airplane,True,True,0.9883819222450256
STL-10,test,1654,6304,hue_rotation_90,clip_vit_b_32_zero_shot,9,truck,9,truck,9,truck,True,True,0.9830187559127808
STL-10,test,1667,6304,hue_rotation_90,clip_vit_b_32_zero_shot,6,horse,6,horse,6,horse,True,True,0.9573532938957214
STL-10,test,1703,6304,hue_rotation_90,clip_vit_b_32_zero_shot,7,monkey,7,monkey,1,bird,False,False,0.5817562937736511
STL-10,test,1711,6304,hue_rotation_90,clip_vit_b_32_zero_shot,7,monkey,7,monkey,7,monkey,True,True,0.9958375692367554
STL-10,test,1771,6304,hue_rotation_90,clip_vit_b_32_zero_shot,7,monkey,7,monkey,7,monkey,True,True,0.8319202661514282
STL-10,test,1783,6304,hue_rotation_90,clip_vit_b_32_zero_shot,8,ship,8,ship,8,ship,True,True,0.9983110427856445
STL-10,test,1814,6304,hue_rotation_90,clip_vit_b_32_zero_shot,2,car,2,car,2,car,True,True,0.9734109044075012
STL-10,test,1833,6304,hue_rotation_90,clip_vit_b_32_zero_shot,8,ship,8,ship,8,ship,True,True,0.9964097142219543
STL-10,test,1836,6304,hue_rotation_90,clip_vit_b_32_zero_shot,9,truck,9,truck,9,truck,True,True,0.9937403202056885
STL-10,test,1839,6304,hue_rotation_90,clip_vit_b_32_zero_shot,2,car,2,car,2,car,True,True,0.977531909942627
STL-10,test,1852,6304,hue_rotation_90,clip_vit_b_32_zero_shot,1,bird,1,bird,1,bird,True,True,0.9989394545555115
STL-10,test,1871,6304,hue_rotation_90,clip_vit_b_32_zero_shot,1,bird,1,bird,1,bird,True,True,0.9960596561431885
STL-10,test,1877,6304,hue_rotation_90,clip_vit_b_32_zero_shot,5,dog,5,dog,4,deer,False,False,0.5789490938186646
STL-10,test,1884,6304,hue_rotation_90,clip_vit_b_32_zero_shot,7,monkey,7,monkey,7,monkey,True,True,0.9963232278823853
STL-10,test,1927,6304,hue_rotation_90,clip_vit_b_32_zero_shot,7,monkey,7,monkey,7,monkey,True,True,0.9782734513282776
STL-10,test,1954,6304,hue_rotation_90,clip_vit_b_32_zero_shot,8,ship,8,ship,8,ship,True,True,0.9905880689620972
STL-10,test,1956,6304,hue_rotation_90,clip_vit_b_32_zero_shot,7,monkey,7,monkey,7,monkey,True,True,0.8126596808433533
STL-10,test,1960,6304,hue_rotation_90,clip_vit_b_32_zero_shot,4,deer,4,deer,4,deer,True,True,0.888363242149353
STL-10,test,1977,6304,hue_rotation_90,clip_vit_b_32_zero_shot,0,airplane,0,airplane,0,airplane,True,True,0.8461982607841492
STL-10,test,1986,6304,hue_rotation_90,clip_vit_b_32_zero_shot,1,bird,1,bird,1,bird,True,True,0.992082953453064
STL-10,test,1993,6304,hue_rotation_90,clip_vit_b_32_zero_shot,1,bird,1,bird,1,bird,True,True,0.9991903901100159
STL-10,test,2003,6304,hue_rotation_90,clip_vit_b_32_zero_shot,6,horse,6,horse,6,horse,True,True,0.9700192213058472
STL-10,test,2011,6304,hue_rotation_90,clip_vit_b_32_zero_shot,9,truck,9,truck,9,truck,True,True,0.985612154006958
STL-10,test,2024,6304,hue_rotation_90,clip_vit_b_32_zero_shot,0,airplane,0,airplane,0,airplane,True,True,0.9817865490913391
STL-10,test,2028,6304,hue_rotation_90,clip_vit_b_32_zero_shot,3,cat,3,cat,3,cat,True,True,0.9832522869110107
STL-10,test,2062,6304,hue_rotation_90,clip_vit_b_32_zero_shot,9,truck,9,truck,9,truck,True,True,0.9955536723136902
STL-10,test,2070,6304,hue_rotation_90,clip_vit_b_32_zero_shot,1,bird,1,bird,1,bird,True,True,0.9871204495429993
STL-10,test,2082,6304,hue_rotation_90,clip_vit_b_32_zero_shot,2,car,2,car,2,car,True,True,0.8268239498138428
STL-10,test,2095,6304,hue_rotation_90,clip_vit_b_32_zero_shot,1,bird,1,bird,1,bird,True,True,0.9883140325546265
STL-10,test,2109,6304,hue_rotation_90,clip_vit_b_32_zero_shot,8,ship,8,ship,8,ship,True,True,0.999135434627533
STL-10,test,2114,6304,hue_rotation_90,clip_vit_b_32_zero_shot,9,truck,9,truck,9,truck,True,True,0.891681432723999
STL-10,test,2116,6304,hue_rotation_90,clip_vit_b_32_zero_shot,1,bird,1,bird,1,bird,True,True,0.8160133361816406
STL-10,test,2157,6304,hue_rotation_90,clip_vit_b_32_zero_shot,1,bird,1,bird,1,bird,True,True,0.997954249382019
STL-10,test,2167,6304,hue_rotation_90,clip_vit_b_32_zero_shot,9,truck,9,truck,9,truck,True,True,0.9924939870834351
STL-10,test,2178,6304,hue_rotation_90,clip_vit_b_32_zero_shot,1,bird,1,bird,1,bird,True,True,0.9980186223983765
STL-10,test,2191,6304,hue_rotation_90,clip_vit_b_32_zero_shot,8,ship,8,ship,8,ship,True,True,0.9988898634910583
STL-10,test,2230,6304,hue_rotation_90,clip_vit_b_32_zero_shot,8,ship,8,ship,8,ship,True,True,0.9979478716850281
STL-10,test,2242,6304,hue_rotation_90,clip_vit_b_32_zero_shot,0,airplane,0,airplane,0,airplane,True,True,0.9813127517700195
STL-10,test,2265,6304,hue_rotation_90,clip_vit_b_32_zero_shot,5,dog,5,dog,5,dog,True,True,0.8508076667785645
STL-10,test,2268,6304,hue_rotation_90,clip_vit_b_32_zero_shot,5,dog,5,dog,5,dog,True,True,0.9917681217193604
STL-10,test,2291,6304,hue_rotation_90,clip_vit_b_32_zero_shot,3,cat,3,cat,7,monkey,False,False,0.8484752774238586
STL-10,test,2334,6304,hue_rotation_90,clip_vit_b_32_zero_shot,5,dog,5,dog,5,dog,True,True,0.983898937702179
STL-10,test,2340,6304,hue_rotation_90,clip_vit_b_32_zero_shot,8,ship,8,ship,8,ship,True,True,0.996807336807251
STL-10,test,2342,6304,hue_rotation_90,clip_vit_b_32_zero_shot,8,ship,8,ship,8,ship,True,True,0.9958330988883972
STL-10,test,2351,6304,hue_rotation_90,clip_vit_b_32_zero_shot,9,truck,9,truck,9,truck,True,True,0.99733966588974
STL-10,test,2391,6304,hue_rotation_90,clip_vit_b_32_zero_shot,5,dog,5,dog,5,dog,True,True,0.973406195640564
STL-10,test,2392,6304,hue_rotation_90,clip_vit_b_32_zero_shot,2,car,2,car,2,car,True,True,0.8922455310821533
STL-10,test,2399,6304,hue_rotation_90,clip_vit_b_32_zero_shot,4,deer,4,deer,4,deer,True,True,0.7296528816223145
STL-10,test,2414,6304,hue_rotation_90,clip_vit_b_32_zero_shot,9,truck,9,truck,9,truck,True,True,0.9738568067550659
STL-10,test,2427,6304,hue_rotation_90,clip_vit_b_32_zero_shot,5,dog,5,dog,5,dog,True,True,0.9890832304954529
STL-10,test,2458,6304,hue_rotation_90,clip_vit_b_32_zero_shot,5,dog,5,dog,5,dog,True,True,0.9417837262153625
STL-10,test,2501,6304,hue_rotation_90,clip_vit_b_32_zero_shot,7,monkey,7,monkey,7,monkey,True,True,0.9452174305915833
STL-10,test,2502,6304,hue_rotation_90,clip_vit_b_32_zero_shot,2,car,2,car,2,car,True,True,0.9719719886779785
STL-10,test,2536,6304,hue_rotation_90,clip_vit_b_32_zero_shot,3,cat,3,cat,3,cat,True,True,0.9852738976478577
STL-10,test,2539,6304,hue_rotation_90,clip_vit_b_32_zero_shot,3,cat,3,cat,3,cat,True,True,0.973762571811676
STL-10,test,2610,6304,hue_rotation_90,clip_vit_b_32_zero_shot,6,horse,6,horse,6,horse,True,True,0.9758613705635071
STL-10,test,2623,6304,hue_rotation_90,clip_vit_b_32_zero_shot,5,dog,5,dog,5,dog,True,True,0.7248483300209045
STL-10,test,2655,6304,hue_rotation_90,clip_vit_b_32_zero_shot,9,truck,9,truck,9,truck,True,True,0.9760461449623108
STL-10,test,2668,6304,hue_rotation_90,clip_vit_b_32_zero_shot,7,monkey,7,monkey,7,monkey,True,True,0.4703258275985718
STL-10,test,2676,6304,hue_rotation_90,clip_vit_b_32_zero_shot,6,horse,6,horse,6,horse,True,True,0.5092033743858337
STL-10,test,2687,6304,hue_rotation_90,clip_vit_b_32_zero_shot,1,bird,1,bird,1,bird,True,True,0.998166561126709
STL-10,test,2690,6304,hue_rotation_90,clip_vit_b_32_zero_shot,1,bird,1,bird,1,bird,True,True,0.9932615160942078
STL-10,test,2704,6304,hue_rotation_90,clip_vit_b_32_zero_shot,4,deer,4,deer,4,deer,True,True,0.9991664886474609
STL-10,test,2745,6304,hue_rotation_90,clip_vit_b_32_zero_shot,8,ship,8,ship,8,ship,True,True,0.9966852068901062
STL-10,test,2746,6304,hue_rotation_90,clip_vit_b_32_zero_shot,7,monkey,7,monkey,7,monkey,True,True,0.9943243265151978
STL-10,test,2750,6304,hue_rotation_90,clip_vit_b_32_zero_shot,0,airplane,0,airplane,8,ship,False,False,0.8780420422554016
STL-10,test,2754,6304,hue_rotation_90,clip_vit_b_32_zero_shot,3,cat,3,cat,3,cat,True,True,0.9862388968467712
STL-10,test,2757,6304,hue_rotation_90,clip_vit_b_32_zero_shot,4,deer,4,deer,4,deer,True,True,0.9110546112060547
STL-10,test,2766,6304,hue_rotation_90,clip_vit_b_32_zero_shot,5,dog,5,dog,5,dog,True,True,0.9819712042808533
STL-10,test,2807,6304,hue_rotation_90,clip_vit_b_32_zero_shot,5,dog,5,dog,7,monkey,False,False,0.5378752946853638
STL-10,test,2844,6304,hue_rotation_90,clip_vit_b_32_zero_shot,8,ship,8,ship,8,ship,True,True,0.9956576824188232
STL-10,test,2854,6304,hue_rotation_90,clip_vit_b_32_zero_shot,7,monkey,7,monkey,7,monkey,True,True,0.6711257696151733
STL-10,test,2861,6304,hue_rotation_90,clip_vit_b_32_zero_shot,3,cat,3,cat,3,cat,True,True,0.9916799664497375
STL-10,test,2888,6304,hue_rotation_90,clip_vit_b_32_zero_shot,0,airplane,0,airplane,0,airplane,True,True,0.9679471254348755
STL-10,test,2898,6304,hue_rotation_90,clip_vit_b_32_zero_shot,4,deer,4,deer,4,deer,True,True,0.9954321384429932
STL-10,test,2950,6304,hue_rotation_90,clip_vit_b_32_zero_shot,5,dog,5,dog,5,dog,True,True,0.9639772176742554
STL-10,test,2958,6304,hue_rotation_90,clip_vit_b_32_zero_shot,6,horse,6,horse,6,horse,True,True,0.9914323091506958
STL-10,test,3015,6304,hue_rotation_90,clip_vit_b_32_zero_shot,8,ship,8,ship,8,ship,True,True,0.9955397248268127
STL-10,test,3024,6304,hue_rotation_90,clip_vit_b_32_zero_shot,2,car,2,car,2,car,True,True,0.9831680655479431
STL-10,test,3025,6304,hue_rotation_90,clip_vit_b_32_zero_shot,0,airplane,0,airplane,0,airplane,True,True,0.6840278506278992
STL-10,test,3034,6304,hue_rotation_90,clip_vit_b_32_zero_shot,4,deer,4,deer,4,deer,True,True,0.9979076385498047
STL-10,test,3067,6304,hue_rotation_90,clip_vit_b_32_zero_shot,2,car,2,car,2,car,True,True,0.918922483921051
STL-10,test,3078,6304,hue_rotation_90,clip_vit_b_32_zero_shot,4,deer,4,deer,4,deer,True,True,0.995940089225769
STL-10,test,3079,6304,hue_rotation_90,clip_vit_b_32_zero_shot,1,bird,1,bird,1,bird,True,True,0.9992609620094299
STL-10,test,3083,6304,hue_rotation_90,clip_vit_b_32_zero_shot,0,airplane,0,airplane,0,airplane,True,True,0.9345840811729431
STL-10,test,3122,6304,hue_rotation_90,clip_vit_b_32_zero_shot,4,deer,4,deer,4,deer,True,True,0.6059070229530334
STL-10,test,3153,6304,hue_rotation_90,clip_vit_b_32_zero_shot,7,monkey,7,monkey,7,monkey,True,True,0.512799859046936
STL-10,test,3157,6304,hue_rotation_90,clip_vit_b_32_zero_shot,8,ship,8,ship,8,ship,True,True,0.9955703616142273
STL-10,test,3163,6304,hue_rotation_90,clip_vit_b_32_zero_shot,2,car,2,car,2,car,True,True,0.9897123575210571
STL-10,test,3179,6304,hue_rotation_90,clip_vit_b_32_zero_shot,4,deer,4,deer,4,deer,True,True,0.9976410865783691
STL-10,test,3191,6304,hue_rotation_90,clip_vit_b_32_zero_shot,6,horse,6,horse,6,horse,True,True,0.8607349991798401
STL-10,test,3276,6304,hue_rotation_90,clip_vit_b_32_zero_shot,3,cat,7,monkey,6,horse,False,False,0.6855480670928955
STL-10,test,3287,6304,hue_rotation_90,clip_vit_b_32_zero_shot,4,deer,4,deer,4,deer,True,True,0.9965121150016785
STL-10,test,3288,6304,hue_rotation_90,clip_vit_b_32_zero_shot,7,monkey,7,monkey,7,monkey,True,True,0.9976504445075989
STL-10,test,3292,6304,hue_rotation_90,clip_vit_b_32_zero_shot,6,horse,6,horse,6,horse,True,True,0.7669005990028381
STL-10,test,3318,6304,hue_rotation_90,clip_vit_b_32_zero_shot,9,truck,9,truck,9,truck,True,True,0.9277243614196777
STL-10,test,3347,6304,hue_rotation_90,clip_vit_b_32_zero_shot,0,airplane,0,airplane,0,airplane,True,True,0.9841205477714539
STL-10,test,3353,6304,hue_rotation_90,clip_vit_b_32_zero_shot,5,dog,5,dog,5,dog,True,True,0.5790828466415405
STL-10,test,3362,6304,hue_rotation_90,clip_vit_b_32_zero_shot,2,car,2,car,2,car,True,True,0.9890524744987488
STL-10,test,3365,6304,hue_rotation_90,clip_vit_b_32_zero_shot,4,deer,4,deer,4,deer,True,True,0.9748362302780151
STL-10,test,3375,6304,hue_rotation_90,clip_vit_b_32_zero_shot,3,cat,3,cat,3,cat,True,True,0.9845218062400818
STL-10,test,3383,6304,hue_rotation_90,clip_vit_b_32_zero_shot,3,cat,3,cat,3,cat,True,True,0.9581172466278076
STL-10,test,3404,6304,hue_rotation_90,clip_vit_b_32_zero_shot,7,monkey,7,monkey,7,monkey,True,True,0.9878939986228943
STL-10,test,3412,6304,hue_rotation_90,clip_vit_b_32_zero_shot,8,ship,8,ship,8,ship,True,True,0.9988889098167419
STL-10,test,3413,6304,hue_rotation_90,clip_vit_b_32_zero_shot,1,bird,1,bird,1,bird,True,True,0.999679684638977
STL-10,test,3418,6304,hue_rotation_90,clip_vit_b_32_zero_shot,6,horse,6,horse,6,horse,True,True,0.9978748559951782
STL-10,test,3437,6304,hue_rotation_90,clip_vit_b_32_zero_shot,0,airplane,0,airplane,0,airplane,True,True,0.772051990032196
STL-10,test,3446,6304,hue_rotation_90,clip_vit_b_32_zero_shot,7,monkey,7,monkey,7,monkey,True,True,0.9976772665977478
STL-10,test,3454,6304,hue_rotation_90,clip_vit_b_32_zero_shot,2,car,2,car,2,car,True,True,0.9835073947906494
STL-10,test,3455,6304,hue_rotation_90,clip_vit_b_32_zero_shot,0,airplane,0,airplane,0,airplane,True,True,0.8888382911682129
STL-10,test,3458,6304,hue_rotation_90,clip_vit_b_32_zero_shot,4,deer,4,deer,4,deer,True,True,0.9957551956176758
STL-10,test,3467,6304,hue_rotation_90,clip_vit_b_32_zero_shot,7,monkey,7,monkey,7,monkey,True,True,0.8791627883911133
STL-10,test,3491,6304,hue_rotation_90,clip_vit_b_32_zero_shot,1,bird,1,bird,1,bird,True,True,0.9973406195640564
STL-10,test,3494,6304,hue_rotation_90,clip_vit_b_32_zero_shot,6,horse,6,horse,6,horse,True,True,0.9916321635246277
STL-10,test,3512,6304,hue_rotation_90,clip_vit_b_32_zero_shot,4,deer,4,deer,4,deer,True,True,0.9976363182067871
STL-10,test,3515,6304,hue_rotation_90,clip_vit_b_32_zero_shot,6,horse,6,horse,6,horse,True,True,0.9980121850967407
STL-10,test,3542,6304,hue_rotation_90,clip_vit_b_32_zero_shot,7,monkey,7,monkey,7,monkey,True,True,0.9973089694976807
STL-10,test,3550,6304,hue_rotation_90,clip_vit_b_32_zero_shot,1,bird,1,bird,1,bird,True,True,0.9967353940010071
STL-10,test,3562,6304,hue_rotation_90,clip_vit_b_32_zero_shot,3,cat,4,deer,5,dog,False,False,0.6232390999794006
STL-10,test,3755,6304,hue_rotation_90,clip_vit_b_32_zero_shot,2,car,2,car,2,car,True,True,0.982946515083313
STL-10,test,3763,6304,hue_rotation_90,clip_vit_b_32_zero_shot,4,deer,4,deer,4,deer,True,True,0.9931674599647522
STL-10,test,3777,6304,hue_rotation_90,clip_vit_b_32_zero_shot,6,horse,6,horse,6,horse,True,True,0.994356095790863
STL-10,test,3778,6304,hue_rotation_90,clip_vit_b_32_zero_shot,3,cat,3,cat,3,cat,True,True,0.9510309100151062
STL-10,test,3779,6304,hue_rotation_90,clip_vit_b_32_zero_shot,6,horse,6,horse,6,horse,True,True,0.9979482293128967
STL-10,test,3844,6304,hue_rotation_90,clip_vit_b_32_zero_shot,6,horse,6,horse,6,horse,True,True,0.9871959686279297
STL-10,test,3851,6304,hue_rotation_90,clip_vit_b_32_zero_shot,3,cat,3,cat,3,cat,True,True,0.9843846559524536
STL-10,test,3852,6304,hue_rotation_90,clip_vit_b_32_zero_shot,5,dog,5,dog,5,dog,True,True,0.9575654864311218
STL-10,test,3863,6304,hue_rotation_90,clip_vit_b_32_zero_shot,5,dog,5,dog,5,dog,True,True,0.9828998446464539
STL-10,test,3867,6304,hue_rotation_90,clip_vit_b_32_zero_shot,7,monkey,7,monkey,7,monkey,True,True,0.9961178302764893
STL-10,test,3876,6304,hue_rotation_90,clip_vit_b_32_zero_shot,0,airplane,0,airplane,0,airplane,True,True,0.7898828983306885
STL-10,test,3889,6304,hue_rotation_90,clip_vit_b_32_zero_shot,5,dog,5,dog,5,dog,True,True,0.9890299439430237
STL-10,test,3891,6304,hue_rotation_90,clip_vit_b_32_zero_shot,4,deer,4,deer,4,deer,True,True,0.9889072179794312
STL-10,test,3893,6304,hue_rotation_90,clip_vit_b_32_zero_shot,9,truck,9,truck,9,truck,True,True,0.7713022232055664
STL-10,test,3905,6304,hue_rotation_90,clip_vit_b_32_zero_shot,8,ship,8,ship,8,ship,True,True,0.9978548884391785
STL-10,test,3914,6304,hue_rotation_90,clip_vit_b_32_zero_shot,3,cat,3,cat,3,cat,True,True,0.9936627149581909
STL-10,test,3937,6304,hue_rotation_90,clip_vit_b_32_zero_shot,1,bird,1,bird,1,bird,True,True,0.9991727471351624
STL-10,test,3942,6304,hue_rotation_90,clip_vit_b_32_zero_shot,9,truck,9,truck,9,truck,True,True,0.9760777354240417
STL-10,test,3948,6304,hue_rotation_90,clip_vit_b_32_zero_shot,8,ship,8,ship,8,ship,True,True,0.9973722696304321
STL-10,test,3962,6304,hue_rotation_90,clip_vit_b_32_zero_shot,6,horse,6,horse,6,horse,True,True,0.996862530708313
STL-10,test,3965,6304,hue_rotation_90,clip_vit_b_32_zero_shot,0,airplane,0,airplane,0,airplane,True,True,0.9827218651771545
STL-10,test,3994,6304,hue_rotation_90,clip_vit_b_32_zero_shot,4,deer,4,deer,4,deer,True,True,0.99517422914505
STL-10,test,3996,6304,hue_rotation_90,clip_vit_b_32_zero_shot,9,truck,9,truck,9,truck,True,True,0.9967949986457825
STL-10,test,4011,6304,hue_rotation_90,clip_vit_b_32_zero_shot,6,horse,6,horse,6,horse,True,True,0.9954686164855957
STL-10,test,4023,6304,hue_rotation_90,clip_vit_b_32_zero_shot,3,cat,3,cat,5,dog,False,False,0.41302961111068726
STL-10,test,4054,6304,hue_rotation_90,clip_vit_b_32_zero_shot,4,deer,4,deer,4,deer,True,True,0.9876419305801392
STL-10,test,4065,6304,hue_rotation_90,clip_vit_b_32_zero_shot,2,car,2,car,2,car,True,True,0.8791969418525696
STL-10,test,4069,6304,hue_rotation_90,clip_vit_b_32_zero_shot,8,ship,8,ship,8,ship,True,True,0.8264482617378235
STL-10,test,4093,6304,hue_rotation_90,clip_vit_b_32_zero_shot,6,horse,6,horse,6,horse,True,True,0.9852021336555481
STL-10,test,4094,6304,hue_rotation_90,clip_vit_b_32_zero_shot,9,truck,9,truck,9,truck,True,True,0.9927339553833008
STL-10,test,4106,6304,hue_rotation_90,clip_vit_b_32_zero_shot,5,dog,5,dog,5,dog,True,True,0.9597840905189514
STL-10,test,4130,6304,hue_rotation_90,clip_vit_b_32_zero_shot,0,airplane,0,airplane,0,airplane,True,True,0.9670971035957336
STL-10,test,4168,6304,hue_rotation_90,clip_vit_b_32_zero_shot,3,cat,3,cat,3,cat,True,True,0.9802913665771484
STL-10,test,4170,6304,hue_rotation_90,clip_vit_b_32_zero_shot,8,ship,8,ship,8,ship,True,True,0.9923462867736816
STL-10,test,4172,6304,hue_rotation_90,clip_vit_b_32_zero_shot,7,monkey,7,monkey,1,bird,False,False,0.9811124801635742
STL-10,test,4177,6304,hue_rotation_90,clip_vit_b_32_zero_shot,8,ship,8,ship,8,ship,True,True,0.9941256046295166
STL-10,test,4215,6304,hue_rotation_90,clip_vit_b_32_zero_shot,3,cat,3,cat,3,cat,True,True,0.9698929786682129
STL-10,test,4229,6304,hue_rotation_90,clip_vit_b_32_zero_shot,3,cat,3,cat,3,cat,True,True,0.988801121711731
STL-10,test,4236,6304,hue_rotation_90,clip_vit_b_32_zero_shot,7,monkey,7,monkey,7,monkey,True,True,0.9908589720726013
STL-10,test,4242,6304,hue_rotation_90,clip_vit_b_32_zero_shot,8,ship,8,ship,8,ship,True,True,0.9943609833717346
STL-10,test,4254,6304,hue_rotation_90,clip_vit_b_32_zero_shot,6,horse,6,horse,6,horse,True,True,0.9962390661239624
STL-10,test,4290,6304,hue_rotation_90,clip_vit_b_32_zero_shot,5,dog,4,deer,6,horse,False,False,0.3128233253955841
STL-10,test,4298,6304,hue_rotation_90,clip_vit_b_32_zero_shot,1,bird,1,bird,1,bird,True,True,0.9993785619735718
STL-10,test,4308,6304,hue_rotation_90,clip_vit_b_32_zero_shot,7,monkey,7,monkey,7,monkey,True,True,0.3224472999572754
STL-10,test,4311,6304,hue_rotation_90,clip_vit_b_32_zero_shot,8,ship,8,ship,8,ship,True,True,0.9986328482627869
STL-10,test,4323,6304,hue_rotation_90,clip_vit_b_32_zero_shot,3,cat,3,cat,3,cat,True,True,0.9707610011100769
STL-10,test,4330,6304,hue_rotation_90,clip_vit_b_32_zero_shot,3,cat,5,dog,5,dog,False,True,0.28991562128067017
STL-10,test,4341,6304,hue_rotation_90,clip_vit_b_32_zero_shot,6,horse,6,horse,6,horse,True,True,0.9890449047088623
STL-10,test,4355,6304,hue_rotation_90,clip_vit_b_32_zero_shot,8,ship,8,ship,8,ship,True,True,0.989267110824585
STL-10,test,4399,6304,hue_rotation_90,clip_vit_b_32_zero_shot,0,airplane,0,airplane,0,airplane,True,True,0.935779869556427
STL-10,test,4403,6304,hue_rotation_90,clip_vit_b_32_zero_shot,7,monkey,7,monkey,7,monkey,True,True,0.9978961944580078
STL-10,test,4411,6304,hue_rotation_90,clip_vit_b_32_zero_shot,6,horse,6,horse,6,horse,True,True,0.9288530945777893
STL-10,test,4449,6304,hue_rotation_90,clip_vit_b_32_zero_shot,9,truck,9,truck,9,truck,True,True,0.8511902093887329
STL-10,test,4463,6304,hue_rotation_90,clip_vit_b_32_zero_shot,3,cat,3,cat,3,cat,True,True,0.9919350147247314
STL-10,test,4531,6304,hue_rotation_90,clip_vit_b_32_zero_shot,3,cat,3,cat,4,deer,False,False,0.4115487337112427
STL-10,test,4539,6304,hue_rotation_90,clip_vit_b_32_zero_shot,0,airplane,0,airplane,0,airplane,True,True,0.9813860058784485
STL-10,test,4547,6304,hue_rotation_90,clip_vit_b_32_zero_shot,5,dog,5,dog,5,dog,True,True,0.9917421340942383
STL-10,test,4552,6304,hue_rotation_90,clip_vit_b_32_zero_shot,8,ship,8,ship,8,ship,True,True,0.9428189396858215
STL-10,test,4570,6304,hue_rotation_90,clip_vit_b_32_zero_shot,5,dog,5,dog,5,dog,True,True,0.9790938496589661
STL-10,test,4590,6304,hue_rotation_90,clip_vit_b_32_zero_shot,3,cat,3,cat,3,cat,True,True,0.9832687377929688
STL-10,test,4609,6304,hue_rotation_90,clip_vit_b_32_zero_shot,3,cat,3,cat,7,monkey,False,False,0.9307737946510315
STL-10,test,4615,6304,hue_rotation_90,clip_vit_b_32_zero_shot,0,airplane,0,airplane,0,airplane,True,True,0.9665693640708923
STL-10,test,4617,6304,hue_rotation_90,clip_vit_b_32_zero_shot,0,airplane,0,airplane,0,airplane,True,True,0.9541963338851929
STL-10,test,4620,6304,hue_rotation_90,clip_vit_b_32_zero_shot,6,horse,6,horse,6,horse,True,True,0.8696238398551941
STL-10,test,4629,6304,hue_rotation_90,clip_vit_b_32_zero_shot,4,deer,4,deer,4,deer,True,True,0.9937925934791565
STL-10,test,4640,6304,hue_rotation_90,clip_vit_b_32_zero_shot,1,bird,1,bird,1,bird,True,True,0.693725049495697
STL-10,test,4642,6304,hue_rotation_90,clip_vit_b_32_zero_shot,4,deer,4,deer,4,deer,True,True,0.9944217801094055
STL-10,test,4661,6304,hue_rotation_90,clip_vit_b_32_zero_shot,7,monkey,7,monkey,7,monkey,True,True,0.9738527536392212
STL-10,test,4662,6304,hue_rotation_90,clip_vit_b_32_zero_shot,8,ship,8,ship,8,ship,True,True,0.995637834072113
STL-10,test,4675,6304,hue_rotation_90,clip_vit_b_32_zero_shot,0,airplane,0,airplane,0,airplane,True,True,0.9890363812446594
STL-10,test,4676,6304,hue_rotation_90,clip_vit_b_32_zero_shot,8,ship,8,ship,8,ship,True,True,0.9978485107421875
STL-10,test,4704,6304,hue_rotation_90,clip_vit_b_32_zero_shot,7,monkey,7,monkey,7,monkey,True,True,0.9486051201820374
STL-10,test,4723,6304,hue_rotation_90,clip_vit_b_32_zero_shot,9,truck,9,truck,9,truck,True,True,0.8509165048599243
STL-10,test,4731,6304,hue_rotation_90,clip_vit_b_32_zero_shot,6,horse,6,horse,6,horse,True,True,0.9984121322631836
STL-10,test,4735,6304,hue_rotation_90,clip_vit_b_32_zero_shot,2,car,2,car,2,car,True,True,0.9638187289237976
STL-10,test,4740,6304,hue_rotation_90,clip_vit_b_32_zero_shot,4,deer,4,deer,4,deer,True,True,0.9932065010070801
STL-10,test,4746,6304,hue_rotation_90,clip_vit_b_32_zero_shot,6,horse,6,horse,6,horse,True,True,0.9962939620018005
STL-10,test,4748,6304,hue_rotation_90,clip_vit_b_32_zero_shot,7,monkey,7,monkey,7,monkey,True,True,0.9922286868095398
STL-10,test,4754,6304,hue_rotation_90,clip_vit_b_32_zero_shot,6,horse,6,horse,6,horse,True,True,0.9826673865318298
STL-10,test,4785,6304,hue_rotation_90,clip_vit_b_32_zero_shot,0,airplane,0,airplane,0,airplane,True,True,0.9764426350593567
STL-10,test,4791,6304,hue_rotation_90,clip_vit_b_32_zero_shot,7,monkey,7,monkey,7,monkey,True,True,0.9972755312919617
STL-10,test,4819,6304,hue_rotation_90,clip_vit_b_32_zero_shot,0,airplane,0,airplane,0,airplane,True,True,0.9510923624038696
STL-10,test,4821,6304,hue_rotation_90,clip_vit_b_32_zero_shot,3,cat,3,cat,3,cat,True,True,0.9204562306404114
STL-10,test,4827,6304,hue_rotation_90,clip_vit_b_32_zero_shot,6,horse,6,horse,6,horse,True,True,0.9731777310371399
STL-10,test,4850,6304,hue_rotation_90,clip_vit_b_32_zero_shot,5,dog,5,dog,5,dog,True,True,0.9073578119277954
STL-10,test,4881,6304,hue_rotation_90,clip_vit_b_32_zero_shot,3,cat,3,cat,8,ship,False,False,0.4379100203514099
STL-10,test,4893,6304,hue_rotation_90,clip_vit_b_32_zero_shot,0,airplane,0,airplane,0,airplane,True,True,0.9769579172134399
STL-10,test,4908,6304,hue_rotation_90,clip_vit_b_32_zero_shot,3,cat,3,cat,3,cat,True,True,0.9579885005950928
STL-10,test,4913,6304,hue_rotation_90,clip_vit_b_32_zero_shot,2,car,2,car,2,car,True,True,0.9048399329185486
STL-10,test,4921,6304,hue_rotation_90,clip_vit_b_32_zero_shot,2,car,2,car,2,car,True,True,0.9792159199714661
STL-10,test,4953,6304,hue_rotation_90,clip_vit_b_32_zero_shot,5,dog,5,dog,5,dog,True,True,0.9375209212303162
STL-10,test,4966,6304,hue_rotation_90,clip_vit_b_32_zero_shot,5,dog,5,dog,5,dog,True,True,0.86754310131073
STL-10,test,4990,6304,hue_rotation_90,clip_vit_b_32_zero_shot,8,ship,8,ship,8,ship,True,True,0.9829587340354919
STL-10,test,5000,6304,hue_rotation_90,clip_vit_b_32_zero_shot,8,ship,8,ship,8,ship,True,True,0.9977982044219971
STL-10,test,5030,6304,hue_rotation_90,clip_vit_b_32_zero_shot,2,car,2,car,2,car,True,True,0.9726935029029846
STL-10,test,5062,6304,hue_rotation_90,clip_vit_b_32_zero_shot,4,deer,4,deer,4,deer,True,True,0.9964056015014648
STL-10,test,5077,6304,hue_rotation_90,clip_vit_b_32_zero_shot,4,deer,4,deer,4,deer,True,True,0.8696298599243164
STL-10,test,5082,6304,hue_rotation_90,clip_vit_b_32_zero_shot,6,horse,6,horse,6,horse,True,True,0.9959973096847534
STL-10,test,5092,6304,hue_rotation_90,clip_vit_b_32_zero_shot,1,bird,1,bird,1,bird,True,True,0.9994707703590393
STL-10,test,5101,6304,hue_rotation_90,clip_vit_b_32_zero_shot,5,dog,5,dog,5,dog,True,True,0.8763530850410461
STL-10,test,5117,6304,hue_rotation_90,clip_vit_b_32_zero_shot,0,airplane,0,airplane,0,airplane,True,True,0.9089334607124329
STL-10,test,5123,6304,hue_rotation_90,clip_vit_b_32_zero_shot,1,bird,1,bird,1,bird,True,True,0.9979008436203003
STL-10,test,5135,6304,hue_rotation_90,clip_vit_b_32_zero_shot,4,deer,4,deer,4,deer,True,True,0.9815108180046082
STL-10,test,5183,6304,hue_rotation_90,clip_vit_b_32_zero_shot,2,car,2,car,2,car,True,True,0.984065592288971
STL-10,test,5213,6304,hue_rotation_90,clip_vit_b_32_zero_shot,4,deer,4,deer,4,deer,True,True,0.9885397553443909
STL-10,test,5218,6304,hue_rotation_90,clip_vit_b_32_zero_shot,2,car,2,car,2,car,True,True,0.9656874537467957
STL-10,test,5220,6304,hue_rotation_90,clip_vit_b_32_zero_shot,1,bird,5,dog,5,dog,False,True,0.39342233538627625
STL-10,test,5237,6304,hue_rotation_90,clip_vit_b_32_zero_shot,2,car,2,car,2,car,True,True,0.6914012432098389
STL-10,test,5256,6304,hue_rotation_90,clip_vit_b_32_zero_shot,1,bird,1,bird,1,bird,True,True,0.9985656142234802
STL-10,test,5284,6304,hue_rotation_90,clip_vit_b_32_zero_shot,9,truck,9,truck,9,truck,True,True,0.9327176809310913
STL-10,test,5301,6304,hue_rotation_90,clip_vit_b_32_zero_shot,9,truck,9,truck,9,truck,True,True,0.8229011297225952
STL-10,test,5318,6304,hue_rotation_90,clip_vit_b_32_zero_shot,2,car,2,car,2,car,True,True,0.9545546174049377
STL-10,test,5332,6304,hue_rotation_90,clip_vit_b_32_zero_shot,5,dog,5,dog,5,dog,True,True,0.8952268958091736
STL-10,test,5333,6304,hue_rotation_90,clip_vit_b_32_zero_shot,2,car,2,car,2,car,True,True,0.9825987815856934
STL-10,test,5360,6304,hue_rotation_90,clip_vit_b_32_zero_shot,9,truck,9,truck,9,truck,True,True,0.9768145680427551
STL-10,test,5381,6304,hue_rotation_90,clip_vit_b_32_zero_shot,5,dog,5,dog,5,dog,True,True,0.9798951745033264
STL-10,test,5382,6304,hue_rotation_90,clip_vit_b_32_zero_shot,6,horse,6,horse,6,horse,True,True,0.968720018863678
STL-10,test,5395,6304,hue_rotation_90,clip_vit_b_32_zero_shot,2,car,2,car,2,car,True,True,0.9948974251747131
STL-10,test,5402,6304,hue_rotation_90,clip_vit_b_32_zero_shot,4,deer,4,deer,4,deer,True,True,0.9895511269569397
STL-10,test,5408,6304,hue_rotation_90,clip_vit_b_32_zero_shot,6,horse,6,horse,6,horse,True,True,0.9980377554893494
STL-10,test,5436,6304,hue_rotation_90,clip_vit_b_32_zero_shot,7,monkey,7,monkey,7,monkey,True,True,0.9922415018081665
STL-10,test,5447,6304,hue_rotation_90,clip_vit_b_32_zero_shot,9,truck,9,truck,9,truck,True,True,0.9917125701904297
STL-10,test,5450,6304,hue_rotation_90,clip_vit_b_32_zero_shot,7,monkey,7,monkey,7,monkey,True,True,0.9396935701370239
STL-10,test,5451,6304,hue_rotation_90,clip_vit_b_32_zero_shot,8,ship,8,ship,8,ship,True,True,0.9994196891784668
STL-10,test,5452,6304,hue_rotation_90,clip_vit_b_32_zero_shot,9,truck,9,truck,9,truck,True,True,0.9475173354148865
STL-10,test,5467,6304,hue_rotation_90,clip_vit_b_32_zero_shot,4,deer,4,deer,4,deer,True,True,0.9878109097480774
STL-10,test,5478,6304,hue_rotation_90,clip_vit_b_32_zero_shot,0,airplane,0,airplane,0,airplane,True,True,0.9642531275749207
STL-10,test,5488,6304,hue_rotation_90,clip_vit_b_32_zero_shot,1,bird,1,bird,1,bird,True,True,0.9084262847900391
STL-10,test,5496,6304,hue_rotation_90,clip_vit_b_32_zero_shot,5,dog,5,dog,5,dog,True,True,0.9938496947288513
STL-10,test,5508,6304,hue_rotation_90,clip_vit_b_32_zero_shot,9,truck,9,truck,9,truck,True,True,0.9943777918815613
STL-10,test,5512,6304,hue_rotation_90,clip_vit_b_32_zero_shot,2,car,9,truck,9,truck,False,True,0.7730410695075989
STL-10,test,5525,6304,hue_rotation_90,clip_vit_b_32_zero_shot,8,ship,8,ship,8,ship,True,True,0.9971580505371094
STL-10,test,5528,6304,hue_rotation_90,clip_vit_b_32_zero_shot,3,cat,3,cat,3,cat,True,True,0.9846248626708984
STL-10,test,5556,6304,hue_rotation_90,clip_vit_b_32_zero_shot,4,deer,4,deer,4,deer,True,True,0.9651161432266235
STL-10,test,5560,6304,hue_rotation_90,clip_vit_b_32_zero_shot,1,bird,1,bird,1,bird,True,True,0.9961310625076294
STL-10,test,5572,6304,hue_rotation_90,clip_vit_b_32_zero_shot,9,truck,9,truck,9,truck,True,True,0.9634356498718262
STL-10,test,5580,6304,hue_rotation_90,clip_vit_b_32_zero_shot,6,horse,6,horse,6,horse,True,True,0.9870184659957886
STL-10,test,5590,6304,hue_rotation_90,clip_vit_b_32_zero_shot,9,truck,9,truck,9,truck,True,True,0.9850066304206848
STL-10,test,5623,6304,hue_rotation_90,clip_vit_b_32_zero_shot,4,deer,4,deer,4,deer,True,True,0.9847186207771301
STL-10,test,5677,6304,hue_rotation_90,clip_vit_b_32_zero_shot,2,car,2,car,2,car,True,True,0.9199218153953552
STL-10,test,5694,6304,hue_rotation_90,clip_vit_b_32_zero_shot,8,ship,8,ship,8,ship,True,True,0.9961168766021729
STL-10,test,5701,6304,hue_rotation_90,clip_vit_b_32_zero_shot,5,dog,5,dog,5,dog,True,True,0.9865145087242126
STL-10,test,5705,6304,hue_rotation_90,clip_vit_b_32_zero_shot,8,ship,8,ship,8,ship,True,True,0.9987704157829285
STL-10,test,5719,6304,hue_rotation_90,clip_vit_b_32_zero_shot,7,monkey,7,monkey,7,monkey,True,True,0.9946565628051758
STL-10,test,5729,6304,hue_rotation_90,clip_vit_b_32_zero_shot,6,horse,6,horse,6,horse,True,True,0.9875313639640808
STL-10,test,5756,6304,hue_rotation_90,clip_vit_b_32_zero_shot,2,car,2,car,2,car,True,True,0.9808170795440674
STL-10,test,5788,6304,hue_rotation_90,clip_vit_b_32_zero_shot,9,truck,9,truck,9,truck,True,True,0.9811153411865234
STL-10,test,5789,6304,hue_rotation_90,clip_vit_b_32_zero_shot,4,deer,4,deer,4,deer,True,True,0.9936506152153015
STL-10,test,5824,6304,hue_rotation_90,clip_vit_b_32_zero_shot,2,car,2,car,2,car,True,True,0.5692259669303894
STL-10,test,5848,6304,hue_rotation_90,clip_vit_b_32_zero_shot,7,monkey,7,monkey,7,monkey,True,True,0.9952123165130615
STL-10,test,5851,6304,hue_rotation_90,clip_vit_b_32_zero_shot,9,truck,9,truck,9,truck,True,True,0.996455729007721
STL-10,test,5857,6304,hue_rotation_90,clip_vit_b_32_zero_shot,6,horse,6,horse,6,horse,True,True,0.9556742906570435
STL-10,test,5858,6304,hue_rotation_90,clip_vit_b_32_zero_shot,6,horse,6,horse,6,horse,True,True,0.9794119000434875
STL-10,test,5912,6304,hue_rotation_90,clip_vit_b_32_zero_shot,0,airplane,0,airplane,0,airplane,True,True,0.9507717490196228
STL-10,test,5915,6304,hue_rotation_90,clip_vit_b_32_zero_shot,9,truck,9,truck,9,truck,True,True,0.9353376030921936
STL-10,test,5918,6304,hue_rotation_90,clip_vit_b_32_zero_shot,0,airplane,0,airplane,0,airplane,True,True,0.9645503163337708
STL-10,test,5924,6304,hue_rotation_90,clip_vit_b_32_zero_shot,5,dog,5,dog,5,dog,True,True,0.4695250689983368
STL-10,test,5977,6304,hue_rotation_90,clip_vit_b_32_zero_shot,7,monkey,7,monkey,7,monkey,True,True,0.9937722086906433
STL-10,test,5981,6304,hue_rotation_90,clip_vit_b_32_zero_shot,9,truck,9,truck,9,truck,True,True,0.676476240158081
STL-10,test,5999,6304,hue_rotation_90,clip_vit_b_32_zero_shot,0,airplane,0,airplane,0,airplane,True,True,0.9785771369934082
STL-10,test,6028,6304,hue_rotation_90,clip_vit_b_32_zero_shot,2,car,2,car,2,car,True,True,0.9835599660873413
STL-10,test,6033,6304,hue_rotation_90,clip_vit_b_32_zero_shot,4,deer,4,deer,4,deer,True,True,0.9922178983688354
STL-10,test,6076,6304,hue_rotation_90,clip_vit_b_32_zero_shot,1,bird,1,bird,1,bird,True,True,0.9996070265769958
STL-10,test,6084,6304,hue_rotation_90,clip_vit_b_32_zero_shot,7,monkey,7,monkey,7,monkey,True,True,0.9960362315177917
STL-10,test,6097,6304,hue_rotation_90,clip_vit_b_32_zero_shot,4,deer,4,deer,4,deer,True,True,0.9576996564865112
STL-10,test,6169,6304,hue_rotation_90,clip_vit_b_32_zero_shot,1,bird,1,bird,1,bird,True,True,0.7310008406639099
STL-10,test,6190,6304,hue_rotation_90,clip_vit_b_32_zero_shot,7,monkey,7,monkey,7,monkey,True,True,0.9884136319160461
STL-10,test,6224,6304,hue_rotation_90,clip_vit_b_32_zero_shot,5,dog,5,dog,5,dog,True,True,0.7769818902015686
STL-10,test,6244,6304,hue_rotation_90,clip_vit_b_32_zero_shot,2,car,2,car,2,car,True,True,0.9371228218078613
STL-10,test,6264,6304,hue_rotation_90,clip_vit_b_32_zero_shot,2,car,2,car,2,car,True,True,0.9866336584091187
STL-10,test,6271,6304,hue_rotation_90,clip_vit_b_32_zero_shot,2,car,2,car,2,car,True,True,0.9702968001365662
STL-10,test,6288,6304,hue_rotation_90,clip_vit_b_32_zero_shot,4,deer,4,deer,4,deer,True,True,0.9938825368881226
STL-10,test,6332,6304,hue_rotation_90,clip_vit_b_32_zero_shot,2,car,2,car,2,car,True,True,0.9309203624725342
STL-10,test,6349,6304,hue_rotation_90,clip_vit_b_32_zero_shot,1,bird,1,bird,1,bird,True,True,0.993571400642395
STL-10,test,6354,6304,hue_rotation_90,clip_vit_b_32_zero_shot,2,car,2,car,2,car,True,True,0.986160397529602
STL-10,test,6358,6304,hue_rotation_90,clip_vit_b_32_zero_shot,5,dog,5,dog,5,dog,True,True,0.9405728578567505
STL-10,test,6381,6304,hue_rotation_90,clip_vit_b_32_zero_shot,6,horse,6,horse,6,horse,True,True,0.9944629073143005
STL-10,test,6414,6304,hue_rotation_90,clip_vit_b_32_zero_shot,5,dog,5,dog,5,dog,True,True,0.33309125900268555
STL-10,test,6426,6304,hue_rotation_90,clip_vit_b_32_zero_shot,2,car,2,car,2,car,True,True,0.9753133654594421
STL-10,test,6434,6304,hue_rotation_90,clip_vit_b_32_zero_shot,8,ship,8,ship,8,ship,True,True,0.9990708827972412
STL-10,test,6437,6304,hue_rotation_90,clip_vit_b_32_zero_shot,0,airplane,0,airplane,0,airplane,True,True,0.9791587591171265
STL-10,test,6455,6304,hue_rotation_90,clip_vit_b_32_zero_shot,0,airplane,0,airplane,0,airplane,True,True,0.9672557711601257
STL-10,test,6490,6304,hue_rotation_90,clip_vit_b_32_zero_shot,3,cat,3,cat,3,cat,True,True,0.6698831915855408
STL-10,test,6503,6304,hue_rotation_90,clip_vit_b_32_zero_shot,2,car,2,car,2,car,True,True,0.9160939455032349
STL-10,test,6508,6304,hue_rotation_90,clip_vit_b_32_zero_shot,4,deer,4,deer,4,deer,True,True,0.9878866672515869
STL-10,test,6528,6304,hue_rotation_90,clip_vit_b_32_zero_shot,4,deer,4,deer,4,deer,True,True,0.9914975762367249
STL-10,test,6594,6304,hue_rotation_90,clip_vit_b_32_zero_shot,1,bird,1,bird,1,bird,True,True,0.9904030561447144
STL-10,test,6609,6304,hue_rotation_90,clip_vit_b_32_zero_shot,0,airplane,0,airplane,0,airplane,True,True,0.9571713805198669
STL-10,test,6616,6304,hue_rotation_90,clip_vit_b_32_zero_shot,2,car,2,car,2,car,True,True,0.9773247241973877
STL-10,test,6650,6304,hue_rotation_90,clip_vit_b_32_zero_shot,7,monkey,7,monkey,7,monkey,True,True,0.988831639289856
STL-10,test,6689,6304,hue_rotation_90,clip_vit_b_32_zero_shot,8,ship,8,ship,8,ship,True,True,0.975757896900177
STL-10,test,6692,6304,hue_rotation_90,clip_vit_b_32_zero_shot,2,car,2,car,2,car,True,True,0.9863747358322144
STL-10,test,6713,6304,hue_rotation_90,clip_vit_b_32_zero_shot,6,horse,6,horse,6,horse,True,True,0.9697838425636292
STL-10,test,6716,6304,hue_rotation_90,clip_vit_b_32_zero_shot,5,dog,5,dog,5,dog,True,True,0.9428231716156006
STL-10,test,6726,6304,hue_rotation_90,clip_vit_b_32_zero_shot,7,monkey,7,monkey,7,monkey,True,True,0.5566592216491699
STL-10,test,6733,6304,hue_rotation_90,clip_vit_b_32_zero_shot,1,bird,1,bird,1,bird,True,True,0.9905591011047363
STL-10,test,6772,6304,hue_rotation_90,clip_vit_b_32_zero_shot,7,monkey,7,monkey,7,monkey,True,True,0.5635725259780884
STL-10,test,6805,6304,hue_rotation_90,clip_vit_b_32_zero_shot,1,bird,1,bird,1,bird,True,True,0.9968656897544861
STL-10,test,6836,6304,hue_rotation_90,clip_vit_b_32_zero_shot,1,bird,1,bird,1,bird,True,True,0.998831570148468
STL-10,test,6844,6304,hue_rotation_90,clip_vit_b_32_zero_shot,0,airplane,0,airplane,0,airplane,True,True,0.7790101766586304
STL-10,test,6922,6304,hue_rotation_90,clip_vit_b_32_zero_shot,5,dog,5,dog,5,dog,True,True,0.9806268811225891
STL-10,test,6931,6304,hue_rotation_90,clip_vit_b_32_zero_shot,9,truck,9,truck,9,truck,True,True,0.7532449960708618
STL-10,test,6938,6304,hue_rotation_90,clip_vit_b_32_zero_shot,1,bird,1,bird,1,bird,True,True,0.9994126558303833
STL-10,test,6952,6304,hue_rotation_90,clip_vit_b_32_zero_shot,3,cat,3,cat,3,cat,True,True,0.9781069159507751
STL-10,test,6954,6304,hue_rotation_90,clip_vit_b_32_zero_shot,1,bird,1,bird,1,bird,True,True,0.972150981426239
STL-10,test,6986,6304,hue_rotation_90,clip_vit_b_32_zero_shot,0,airplane,0,airplane,0,airplane,True,True,0.9502198100090027
STL-10,test,6989,6304,hue_rotation_90,clip_vit_b_32_zero_shot,5,dog,5,dog,5,dog,True,True,0.8769068121910095
STL-10,test,7009,6304,hue_rotation_90,clip_vit_b_32_zero_shot,0,airplane,0,airplane,0,airplane,True,True,0.9762929677963257
STL-10,test,7029,6304,hue_rotation_90,clip_vit_b_32_zero_shot,1,bird,1,bird,1,bird,True,True,0.9979526996612549
STL-10,test,7033,6304,hue_rotation_90,clip_vit_b_32_zero_shot,1,bird,1,bird,1,bird,True,True,0.9657183289527893
STL-10,test,7041,6304,hue_rotation_90,clip_vit_b_32_zero_shot,5,dog,5,dog,5,dog,True,True,0.44234058260917664
STL-10,test,7047,6304,hue_rotation_90,clip_vit_b_32_zero_shot,9,truck,9,truck,9,truck,True,True,0.9944420456886292
STL-10,test,7081,6304,hue_rotation_90,clip_vit_b_32_zero_shot,7,monkey,7,monkey,7,monkey,True,True,0.9773897528648376
STL-10,test,7084,6304,hue_rotation_90,clip_vit_b_32_zero_shot,2,car,2,car,2,car,True,True,0.9054298996925354
STL-10,test,7108,6304,hue_rotation_90,clip_vit_b_32_zero_shot,6,horse,6,horse,6,horse,True,True,0.9921424388885498
STL-10,test,7130,6304,hue_rotation_90,clip_vit_b_32_zero_shot,5,dog,5,dog,5,dog,True,True,0.9962990880012512
STL-10,test,7138,6304,hue_rotation_90,clip_vit_b_32_zero_shot,8,ship,8,ship,8,ship,True,True,0.9980133771896362
STL-10,test,7150,6304,hue_rotation_90,clip_vit_b_32_zero_shot,0,airplane,0,airplane,0,airplane,True,True,0.9935005307197571
STL-10,test,7202,6304,hue_rotation_90,clip_vit_b_32_zero_shot,1,bird,1,bird,1,bird,True,True,0.9974510073661804
STL-10,test,7262,6304,hue_rotation_90,clip_vit_b_32_zero_shot,0,airplane,0,airplane,0,airplane,True,True,0.944846510887146
STL-10,test,7266,6304,hue_rotation_90,clip_vit_b_32_zero_shot,9,truck,9,truck,9,truck,True,True,0.962568461894989
STL-10,test,7270,6304,hue_rotation_90,clip_vit_b_32_zero_shot,7,monkey,7,monkey,7,monkey,True,True,0.9947201013565063
STL-10,test,7309,6304,hue_rotation_90,clip_vit_b_32_zero_shot,0,airplane,0,airplane,0,airplane,True,True,0.9784496426582336
STL-10,test,7320,6304,hue_rotation_90,clip_vit_b_32_zero_shot,0,airplane,0,airplane,0,airplane,True,True,0.9707397818565369
STL-10,test,7338,6304,hue_rotation_90,clip_vit_b_32_zero_shot,6,horse,6,horse,6,horse,True,True,0.9082309603691101
STL-10,test,7372,6304,hue_rotation_90,clip_vit_b_32_zero_shot,0,airplane,0,airplane,0,airplane,True,True,0.9655594825744629
STL-10,test,7373,6304,hue_rotation_90,clip_vit_b_32_zero_shot,0,airplane,0,airplane,0,airplane,True,True,0.9881834387779236
STL-10,test,7380,6304,hue_rotation_90,clip_vit_b_32_zero_shot,9,truck,9,truck,9,truck,True,True,0.9928626418113708
STL-10,test,7390,6304,hue_rotation_90,clip_vit_b_32_zero_shot,1,bird,1,bird,1,bird,True,True,0.9960525035858154
STL-10,test,7413,6304,hue_rotation_90,clip_vit_b_32_zero_shot,5,dog,5,dog,3,cat,False,False,0.5077831745147705
STL-10,test,7416,6304,hue_rotation_90,clip_vit_b_32_zero_shot,3,cat,3,cat,3,cat,True,True,0.9846531748771667
STL-10,test,7425,6304,hue_rotation_90,clip_vit_b_32_zero_shot,2,car,2,car,2,car,True,True,0.9886015057563782
STL-10,test,7446,6304,hue_rotation_90,clip_vit_b_32_zero_shot,8,ship,8,ship,8,ship,True,True,0.9876629710197449
STL-10,test,7460,6304,hue_rotation_90,clip_vit_b_32_zero_shot,8,ship,8,ship,8,ship,True,True,0.8586721420288086
STL-10,test,7465,6304,hue_rotation_90,clip_vit_b_32_zero_shot,0,airplane,0,airplane,0,airplane,True,True,0.987779438495636
STL-10,test,7474,6304,hue_rotation_90,clip_vit_b_32_zero_shot,5,dog,5,dog,5,dog,True,True,0.9792895317077637
STL-10,test,7475,6304,hue_rotation_90,clip_vit_b_32_zero_shot,4,deer,4,deer,4,deer,True,True,0.9909611344337463
STL-10,test,7476,6304,hue_rotation_90,clip_vit_b_32_zero_shot,8,ship,8,ship,8,ship,True,True,0.9881011247634888
STL-10,test,7544,6304,hue_rotation_90,clip_vit_b_32_zero_shot,9,truck,9,truck,9,truck,True,True,0.8841019868850708
STL-10,test,7555,6304,hue_rotation_90,clip_vit_b_32_zero_shot,6,horse,6,horse,6,horse,True,True,0.642145574092865
STL-10,test,7600,6304,hue_rotation_90,clip_vit_b_32_zero_shot,6,horse,6,horse,6,horse,True,True,0.9910156726837158
STL-10,test,7610,6304,hue_rotation_90,clip_vit_b_32_zero_shot,4,deer,4,deer,4,deer,True,True,0.9774173498153687
STL-10,test,7634,6304,hue_rotation_90,clip_vit_b_32_zero_shot,0,airplane,0,airplane,0,airplane,True,True,0.9782840013504028
STL-10,test,7692,6304,hue_rotation_90,clip_vit_b_32_zero_shot,4,deer,4,deer,4,deer,True,True,0.9682074189186096
STL-10,test,7706,6304,hue_rotation_90,clip_vit_b_32_zero_shot,5,dog,5,dog,5,dog,True,True,0.6600037813186646
STL-10,test,7726,6304,hue_rotation_90,clip_vit_b_32_zero_shot,6,horse,6,horse,6,horse,True,True,0.9978193044662476
STL-10,test,7744,6304,hue_rotation_90,clip_vit_b_32_zero_shot,3,cat,3,cat,3,cat,True,True,0.9805818200111389
STL-10,test,7752,6304,hue_rotation_90,clip_vit_b_32_zero_shot,9,truck,9,truck,9,truck,True,True,0.9796718955039978
STL-10,test,7776,6304,hue_rotation_90,clip_vit_b_32_zero_shot,5,dog,5,dog,5,dog,True,True,0.9387743473052979
STL-10,test,7779,6304,hue_rotation_90,clip_vit_b_32_zero_shot,6,horse,6,horse,6,horse,True,True,0.966861367225647
STL-10,test,7781,6304,hue_rotation_90,clip_vit_b_32_zero_shot,6,horse,6,horse,6,horse,True,True,0.9981392621994019
STL-10,test,7793,6304,hue_rotation_90,clip_vit_b_32_zero_shot,3,cat,3,cat,3,cat,True,True,0.5236822366714478
STL-10,test,7797,6304,hue_rotation_90,clip_vit_b_32_zero_shot,3,cat,3,cat,3,cat,True,True,0.9625841379165649
STL-10,test,7810,6304,hue_rotation_90,clip_vit_b_32_zero_shot,8,ship,8,ship,8,ship,True,True,0.9988952875137329
STL-10,test,7818,6304,hue_rotation_90,clip_vit_b_32_zero_shot,8,ship,8,ship,8,ship,True,True,0.9904387593269348
STL-10,test,7835,6304,hue_rotation_90,clip_vit_b_32_zero_shot,7,monkey,7,monkey,7,monkey,True,True,0.9993265867233276
STL-10,test,7864,6304,hue_rotation_90,clip_vit_b_32_zero_shot,4,deer,4,deer,4,deer,True,True,0.9916885495185852
STL-10,test,7875,6304,hue_rotation_90,clip_vit_b_32_zero_shot,8,ship,8,ship,8,ship,True,True,0.9983202815055847
STL-10,test,7938,6304,hue_rotation_90,clip_vit_b_32_zero_shot,9,truck,9,truck,9,truck,True,True,0.9124797582626343
STL-10,test,7940,6304,hue_rotation_90,clip_vit_b_32_zero_shot,4,deer,4,deer,4,deer,True,True,0.9750432372093201
STL-10,test,7944,6304,hue_rotation_90,clip_vit_b_32_zero_shot,4,deer,4,deer,5,dog,False,False,0.2449285238981247
STL-10,test,7955,6304,hue_rotation_90,clip_vit_b_32_zero_shot,1,bird,1,bird,1,bird,True,True,0.9988552331924438
STL-10,test,7995,6304,hue_rotation_90,clip_vit_b_32_zero_shot,9,truck,9,truck,9,truck,True,True,0.8507080078125
STL-10,test,7996,6304,hue_rotation_90,clip_vit_b_32_zero_shot,6,horse,6,horse,6,horse,True,True,0.9847956895828247
STL-10,test,7999,6304,hue_rotation_90,clip_vit_b_32_zero_shot,8,ship,8,ship,8,ship,True,True,0.9980668425559998
