candidate_id,pair_number,pair_name,schedule_rank,direction_code,direction,content_official_index,content_class_id,content_class_name,style_official_index,style_class_id,style_class_name,shape_class_id,shape_class_name,texture_class_id,texture_class_name,selection_seed,alpha,part_of_initial_generation,output_path,output_sha256,output_width,output_height,pixel_minimum,pixel_maximum,pixel_mean,pixel_standard_deviation,model_predictions_used_for_generation,review_status,rejection_reason,reviewed_by,review_completed_before_model_evaluation
p01_r01_a_to_b,1,airplane__cat,1,a_to_b,airplane_shape__cat_texture,6455,0,airplane,7797,3,cat,0,airplane,3,cat,6304,0.8,True,/content/drive/MyDrive/ATML-Assignment-1/artifacts/task1/cue_conflict/candidates/p01_r01_a_to_b.png,207a057a312f0b11d280a6201893be22043693f56e1222fc7bf5e3047378b20f,224,224,0.0,1.0,0.638591468334198,0.2319050431251526,False,accepted,,Shaheer Ahmad Masood (SAM),True
p01_r01_b_to_a,1,airplane__cat,1,b_to_a,cat_shape__airplane_texture,7797,3,cat,6455,0,airplane,3,cat,0,airplane,6304,0.8,True,/content/drive/MyDrive/ATML-Assignment-1/artifacts/task1/cue_conflict/candidates/p01_r01_b_to_a.png,64cd56ec5e0dd95cda1355bab86cd6493b6856967e735b465cc006ef5a0a8262,224,224,0.0,1.0,0.6085613369941711,0.23606416583061218,False,rejected,content object is no longer visually recognizable,Shaheer Ahmad Masood (SAM),True
p01_r02_a_to_b,1,airplane__cat,2,a_to_b,airplane_shape__cat_texture,562,0,airplane,3276,3,cat,0,airplane,3,cat,6304,0.8,True,/content/drive/MyDrive/ATML-Assignment-1/artifacts/task1/cue_conflict/candidates/p01_r02_a_to_b.png,62d9f604908d28dfc693f6f199cd9a7ce042a1c31ce1c7c3190fbce1994d2340,224,224,0.0,1.0,0.4946392774581909,0.18193531036376953,False,rejected,content object is no longer visually recognizable,Shaheer Ahmad Masood (SAM),True
p01_r02_b_to_a,1,airplane__cat,2,b_to_a,cat_shape__airplane_texture,3276,3,cat,562,0,airplane,3,cat,0,airplane,6304,0.8,True,/content/drive/MyDrive/ATML-Assignment-1/artifacts/task1/cue_conflict/candidates/p01_r02_b_to_a.png,1d04256e51b49a06ca3cc8910d371c5472cb281ecd427be566afa83a5a4eb7b6,224,224,0.07673943787813187,0.9926359057426453,0.6157185435295105,0.16032616794109344,False,rejected,content object is no longer visually recognizable,Shaheer Ahmad Masood (SAM),True
p01_r03_a_to_b,1,airplane__cat,3,a_to_b,airplane_shape__cat_texture,4130,0,airplane,672,3,cat,0,airplane,3,cat,6304,0.8,True,/content/drive/MyDrive/ATML-Assignment-1/artifacts/task1/cue_conflict/candidates/p01_r03_a_to_b.png,3d5f80103987041c6ff9454cde9ca5d60b696f4264c7c6b3e68471a04c9d10cf,224,224,0.0,1.0,0.38879260420799255,0.2257857322692871,False,accepted,,Shaheer Ahmad Masood (SAM),True
p01_r03_b_to_a,1,airplane__cat,3,b_to_a,cat_shape__airplane_texture,672,3,cat,4130,0,airplane,3,cat,0,airplane,6304,0.8,True,/content/drive/MyDrive/ATML-Assignment-1/artifacts/task1/cue_conflict/candidates/p01_r03_b_to_a.png,a309f576f01e76bbd3a8aa88a2356d49d6db44f058936f49c8117a52f529480a,224,224,0.0,0.9746465086936951,0.5214664936065674,0.2366378903388977,False,rejected,content object is no longer visually recognizable,Shaheer Ahmad Masood (SAM),True
p01_r04_a_to_b,1,airplane__cat,4,a_to_b,airplane_shape__cat_texture,2024,0,airplane,1204,3,cat,0,airplane,3,cat,6304,0.8,True,/content/drive/MyDrive/ATML-Assignment-1/artifacts/task1/cue_conflict/candidates/p01_r04_a_to_b.png,83840dd60ccee71f3e167b0f30cb2d18a79856650c4c48df24e5adb31f0edb72,224,224,0.0,1.0,0.5278511047363281,0.2266639620065689,False,accepted,,Shaheer Ahmad Masood (SAM),True
p01_r04_b_to_a,1,airplane__cat,4,b_to_a,cat_shape__airplane_texture,1204,3,cat,2024,0,airplane,3,cat,0,airplane,6304,0.8,True,/content/drive/MyDrive/ATML-Assignment-1/artifacts/task1/cue_conflict/candidates/p01_r04_b_to_a.png,8e30fddd88da425dca17efd3046172baedee1c781b8f0d9f439b2f58636d85f2,224,224,0.0,1.0,0.6099947094917297,0.20168516039848328,False,accepted,,Shaheer Ahmad Masood (SAM),True
p01_r05_a_to_b,1,airplane__cat,5,a_to_b,airplane_shape__cat_texture,3,0,airplane,4229,3,cat,0,airplane,3,cat,6304,0.8,True,/content/drive/MyDrive/ATML-Assignment-1/artifacts/task1/cue_conflict/candidates/p01_r05_a_to_b.png,c302d5101adf87ec86c9353bf72363a51df23493838921d4b9c00fb1f7f27711,224,224,0.0,1.0,0.362644225358963,0.18979524075984955,False,rejected,content object is no longer visually recognizable,Shaheer Ahmad Masood (SAM),True
p01_r05_b_to_a,1,airplane__cat,5,b_to_a,cat_shape__airplane_texture,4229,3,cat,3,0,airplane,3,cat,0,airplane,6304,0.8,True,/content/drive/MyDrive/ATML-Assignment-1/artifacts/task1/cue_conflict/candidates/p01_r05_b_to_a.png,c6b6888c2d09d35795387460fc17af4b7f99df7e39ed2f7221b4c95804e8c2ac,224,224,0.0,1.0,0.39447641372680664,0.15080732107162476,False,accepted,,Shaheer Ahmad Masood (SAM),True
p01_r06_a_to_b,1,airplane__cat,6,a_to_b,airplane_shape__cat_texture,7150,0,airplane,4609,3,cat,0,airplane,3,cat,6304,0.8,True,/content/drive/MyDrive/ATML-Assignment-1/artifacts/task1/cue_conflict/candidates/p01_r06_a_to_b.png,74a77eb5edef832ce9325b7671b6f89d3e0173ba11bcac51dd4518ac49d36540,224,224,0.0,1.0,0.3616003096103668,0.1752248853445053,False,accepted,,Shaheer Ahmad Masood (SAM),True
p01_r06_b_to_a,1,airplane__cat,6,b_to_a,cat_shape__airplane_texture,4609,3,cat,7150,0,airplane,3,cat,0,airplane,6304,0.8,True,/content/drive/MyDrive/ATML-Assignment-1/artifacts/task1/cue_conflict/candidates/p01_r06_b_to_a.png,21934ede734dbca981afe7bbba797f65e3c40c3d23afa3f6920380ba7b26d374,224,224,0.08433502912521362,0.9496162533760071,0.4355267882347107,0.1709180623292923,False,rejected,content object is no longer visually recognizable,Shaheer Ahmad Masood (SAM),True
p01_r07_a_to_b,1,airplane__cat,7,a_to_b,airplane_shape__cat_texture,7372,0,airplane,3562,3,cat,0,airplane,3,cat,6304,0.8,True,/content/drive/MyDrive/ATML-Assignment-1/artifacts/task1/cue_conflict/candidates/p01_r07_a_to_b.png,38bb9b055fb1e01b43eef529f6b1ba6e3a38d4073b73bea479d24a1fc28f5112,224,224,0.0,1.0,0.5714236497879028,0.19051086902618408,False,accepted,,Shaheer Ahmad Masood (SAM),True
p01_r07_b_to_a,1,airplane__cat,7,b_to_a,cat_shape__airplane_texture,3562,3,cat,7372,0,airplane,3,cat,0,airplane,6304,0.8,True,/content/drive/MyDrive/ATML-Assignment-1/artifacts/task1/cue_conflict/candidates/p01_r07_b_to_a.png,bd415e853a8e579002e642744fb717c9404052933940552e4b6d756857213126,224,224,0.06454940140247345,1.0,0.8680824041366577,0.16506393253803253,False,rejected,content object is no longer visually recognizable,Shaheer Ahmad Masood (SAM),True
p01_r08_a_to_b,1,airplane__cat,8,a_to_b,airplane_shape__cat_texture,42,0,airplane,5528,3,cat,0,airplane,3,cat,6304,0.8,True,/content/drive/MyDrive/ATML-Assignment-1/artifacts/task1/cue_conflict/candidates/p01_r08_a_to_b.png,d94cb0d41d3170c61e6ec4a8034c853ce02b20189a59ce3f042318ecf78c65df,224,224,0.0,0.7700850367546082,0.5403722524642944,0.17504142224788666,False,rejected,no perceptible style or texture transfer occurred,Shaheer Ahmad Masood (SAM),True
p01_r08_b_to_a,1,airplane__cat,8,b_to_a,cat_shape__airplane_texture,5528,3,cat,42,0,airplane,3,cat,0,airplane,6304,0.8,True,/content/drive/MyDrive/ATML-Assignment-1/artifacts/task1/cue_conflict/candidates/p01_r08_b_to_a.png,d737479bbdd49e9350041a912916143c118dd57e0095aaf46429714cfd701527,224,224,0.02463090606033802,0.985515832901001,0.617806077003479,0.1981416493654251,False,accepted,,Shaheer Ahmad Masood (SAM),True
p01_r09_a_to_b,1,airplane__cat,9,a_to_b,airplane_shape__cat_texture,7009,0,airplane,1401,3,cat,0,airplane,3,cat,6304,0.8,True,/content/drive/MyDrive/ATML-Assignment-1/artifacts/task1/cue_conflict/candidates/p01_r09_a_to_b.png,7153343b405983c6d7c6ea01e3c26d73720dae8ff9bbaa2093c149ca526384fc,224,224,0.1333644837141037,0.70624178647995,0.3421389162540436,0.10429984331130981,False,accepted,,Shaheer Ahmad Masood (SAM),True
p01_r09_b_to_a,1,airplane__cat,9,b_to_a,cat_shape__airplane_texture,1401,3,cat,7009,0,airplane,3,cat,0,airplane,6304,0.8,True,/content/drive/MyDrive/ATML-Assignment-1/artifacts/task1/cue_conflict/candidates/p01_r09_b_to_a.png,c6f1a0f65ed9778fc68d136fe0fb6781b574546bc53b87cce2f3e1707da18d3b,224,224,0.0,1.0,0.5583590269088745,0.1847144365310669,False,accepted,,Shaheer Ahmad Masood (SAM),True
p01_r10_a_to_b,1,airplane__cat,10,a_to_b,airplane_shape__cat_texture,3876,0,airplane,4330,3,cat,0,airplane,3,cat,6304,0.8,True,/content/drive/MyDrive/ATML-Assignment-1/artifacts/task1/cue_conflict/candidates/p01_r10_a_to_b.png,87a7b48c96755134fe0af7cf2476dc469c140d2acadc3c2c9e4d2f0046e19fa1,224,224,0.0,1.0,0.46039140224456787,0.22348909080028534,False,rejected,content object is no longer visually recognizable,Shaheer Ahmad Masood (SAM),True
p01_r10_b_to_a,1,airplane__cat,10,b_to_a,cat_shape__airplane_texture,4330,3,cat,3876,0,airplane,3,cat,0,airplane,6304,0.8,True,/content/drive/MyDrive/ATML-Assignment-1/artifacts/task1/cue_conflict/candidates/p01_r10_b_to_a.png,105d2851cab4dcb66e890d33004c01367b59ca3419090a7087a216f2ea1e5027,224,224,0.0,1.0,0.42238420248031616,0.22019633650779724,False,rejected,content object is no longer visually recognizable,Shaheer Ahmad Masood (SAM),True
p01_r11_a_to_b,1,airplane__cat,11,a_to_b,airplane_shape__cat_texture,3437,0,airplane,4821,3,cat,0,airplane,3,cat,6304,0.8,True,/content/drive/MyDrive/ATML-Assignment-1/artifacts/task1/cue_conflict/candidates/p01_r11_a_to_b.png,af6815938e27448f9b2ad0f74813dcb3099932fab3b17d14faebd5712a2631c9,224,224,0.055827975273132324,0.8699160218238831,0.39421477913856506,0.188226580619812,False,accepted,,Shaheer Ahmad Masood (SAM),True
p01_r11_b_to_a,1,airplane__cat,11,b_to_a,cat_shape__airplane_texture,4821,3,cat,3437,0,airplane,3,cat,0,airplane,6304,0.8,True,/content/drive/MyDrive/ATML-Assignment-1/artifacts/task1/cue_conflict/candidates/p01_r11_b_to_a.png,32e40ad62967879eea6649625372d34540f36390dae7c5e239a542a5ae38f077,224,224,0.0,1.0,0.34186580777168274,0.22780930995941162,False,accepted,,Shaheer Ahmad Masood (SAM),True
p01_r12_a_to_b,1,airplane__cat,12,a_to_b,airplane_shape__cat_texture,4615,0,airplane,6952,3,cat,0,airplane,3,cat,6304,0.8,True,/content/drive/MyDrive/ATML-Assignment-1/artifacts/task1/cue_conflict/candidates/p01_r12_a_to_b.png,6f6f431075b5ccc793218e6c48d07051bf8fa2751d9cad53042b8636cdb11350,224,224,0.0,0.9290755987167358,0.366200715303421,0.1722186952829361,False,accepted,,Shaheer Ahmad Masood (SAM),True
p01_r12_b_to_a,1,airplane__cat,12,b_to_a,cat_shape__airplane_texture,6952,3,cat,4615,0,airplane,3,cat,0,airplane,6304,0.8,True,/content/drive/MyDrive/ATML-Assignment-1/artifacts/task1/cue_conflict/candidates/p01_r12_b_to_a.png,5da748d8044b2c8e624fd29d01e8aecd3ff2e559b03fcddaf4e72964c5e64b2c,224,224,0.0,1.0,0.5212951898574829,0.21366046369075775,False,accepted,,Shaheer Ahmad Masood (SAM),True
p01_r13_a_to_b,1,airplane__cat,13,a_to_b,airplane_shape__cat_texture,1553,0,airplane,4168,3,cat,0,airplane,3,cat,6304,0.8,True,/content/drive/MyDrive/ATML-Assignment-1/artifacts/task1/cue_conflict/candidates/p01_r13_a_to_b.png,dcb1f3b8c3fca524f04ccee598a42a9f7e279e781743901d0a02c2f12ec6f03b,224,224,0.0,1.0,0.543455958366394,0.27422526478767395,False,rejected,content object is no longer visually recognizable,Shaheer Ahmad Masood (SAM),True
p01_r13_b_to_a,1,airplane__cat,13,b_to_a,cat_shape__airplane_texture,4168,3,cat,1553,0,airplane,3,cat,0,airplane,6304,0.8,True,/content/drive/MyDrive/ATML-Assignment-1/artifacts/task1/cue_conflict/candidates/p01_r13_b_to_a.png,176baa7e0445a642064cbf3842afce8b2e8fee67a6b6c2f745d5a65a00dd273a,224,224,0.06457742303609848,1.0,0.6216529011726379,0.23759357631206512,False,rejected,content object is no longer visually recognizable,Shaheer Ahmad Masood (SAM),True
p01_r14_a_to_b,1,airplane__cat,14,a_to_b,airplane_shape__cat_texture,5999,0,airplane,372,3,cat,0,airplane,3,cat,6304,0.8,True,/content/drive/MyDrive/ATML-Assignment-1/artifacts/task1/cue_conflict/candidates/p01_r14_a_to_b.png,d3d4049b7847df074ba9e558e5756fce233ac2275aade4ece010a59831b4e499,224,224,0.0,0.84940505027771,0.4958532452583313,0.19012048840522766,False,accepted,,Shaheer Ahmad Masood (SAM),True
p01_r14_b_to_a,1,airplane__cat,14,b_to_a,cat_shape__airplane_texture,372,3,cat,5999,0,airplane,3,cat,0,airplane,6304,0.8,True,/content/drive/MyDrive/ATML-Assignment-1/artifacts/task1/cue_conflict/candidates/p01_r14_b_to_a.png,ed2d83ccf5b906bafaa33e81ad146d2bd264a8fb21f0cea1b2005900bea290e1,224,224,0.19358783960342407,1.0,0.7733076214790344,0.1471920609474182,False,accepted,,Shaheer Ahmad Masood (SAM),True
p01_r15_a_to_b,1,airplane__cat,15,a_to_b,airplane_shape__cat_texture,4675,0,airplane,1431,3,cat,0,airplane,3,cat,6304,0.8,True,/content/drive/MyDrive/ATML-Assignment-1/artifacts/task1/cue_conflict/candidates/p01_r15_a_to_b.png,2aa2968f9dfee7a864e7d5ec73a02e26ff7a08f30038b3eb93dc44dbc551c339,224,224,0.0,1.0,0.3183034658432007,0.24372035264968872,False,accepted,,Shaheer Ahmad Masood (SAM),True
p01_r15_b_to_a,1,airplane__cat,15,b_to_a,cat_shape__airplane_texture,1431,3,cat,4675,0,airplane,3,cat,0,airplane,6304,0.8,True,/content/drive/MyDrive/ATML-Assignment-1/artifacts/task1/cue_conflict/candidates/p01_r15_b_to_a.png,27700d6014809f3bee98d407a78b541ba8e0be401b6d6ded87cabcc5701bf5d5,224,224,0.0587373785674572,0.9749889373779297,0.4368239939212799,0.2049373984336853,False,rejected,content object is no longer visually recognizable,Shaheer Ahmad Masood (SAM),True
p01_r16_a_to_b,1,airplane__cat,16,a_to_b,airplane_shape__cat_texture,4785,0,airplane,7793,3,cat,0,airplane,3,cat,6304,0.8,True,/content/drive/MyDrive/ATML-Assignment-1/artifacts/task1/cue_conflict/candidates/p01_r16_a_to_b.png,07cbc3de7e52dcf670cdad226df2c200449f1d5b855f70a9a46afb8701a337b0,224,224,0.0,1.0,0.46680518984794617,0.30136919021606445,False,accepted,,Shaheer Ahmad Masood (SAM),True
p01_r16_b_to_a,1,airplane__cat,16,b_to_a,cat_shape__airplane_texture,7793,3,cat,4785,0,airplane,3,cat,0,airplane,6304,0.8,True,/content/drive/MyDrive/ATML-Assignment-1/artifacts/task1/cue_conflict/candidates/p01_r16_b_to_a.png,6406f5ecd327d181e6da2426d1861ec9685712ba619e7c8c726f8f720f385628,224,224,0.0,1.0,0.46219944953918457,0.32487228512763977,False,rejected,content object is no longer visually recognizable,Shaheer Ahmad Masood (SAM),True
p01_r17_a_to_b,1,airplane__cat,17,a_to_b,airplane_shape__cat_texture,4617,0,airplane,4908,3,cat,0,airplane,3,cat,6304,0.8,True,/content/drive/MyDrive/ATML-Assignment-1/artifacts/task1/cue_conflict/candidates/p01_r17_a_to_b.png,7391e64199b1bce09af36fe699e962c8f355bdf98dd4ce24372cc29864641a85,224,224,0.0,0.8443210124969482,0.5535685420036316,0.125223308801651,False,rejected,content object is no longer visually recognizable,Shaheer Ahmad Masood (SAM),True
p01_r17_b_to_a,1,airplane__cat,17,b_to_a,cat_shape__airplane_texture,4908,3,cat,4617,0,airplane,3,cat,0,airplane,6304,0.8,True,/content/drive/MyDrive/ATML-Assignment-1/artifacts/task1/cue_conflict/candidates/p01_r17_b_to_a.png,be63f6824cdb5d034b5ff14f697c617fd68c437c1fd00f5c738fe0f241247e78,224,224,0.11192654818296432,0.920043408870697,0.6103790402412415,0.11132150143384933,False,accepted,,Shaheer Ahmad Masood (SAM),True
p01_r18_a_to_b,1,airplane__cat,18,a_to_b,airplane_shape__cat_texture,1175,0,airplane,738,3,cat,0,airplane,3,cat,6304,0.8,True,/content/drive/MyDrive/ATML-Assignment-1/artifacts/task1/cue_conflict/candidates/p01_r18_a_to_b.png,a03ba80be9f0648b9e79d19dfe7cfabf677d053d0add1aa3f26368a7bcb80aba,224,224,0.0,1.0,0.49998122453689575,0.2080998569726944,False,accepted,,Shaheer Ahmad Masood (SAM),True
p01_r18_b_to_a,1,airplane__cat,18,b_to_a,cat_shape__airplane_texture,738,3,cat,1175,0,airplane,3,cat,0,airplane,6304,0.8,True,/content/drive/MyDrive/ATML-Assignment-1/artifacts/task1/cue_conflict/candidates/p01_r18_b_to_a.png,e656777beaa92858a3c58263beddb238a87f6b3c05e30460cd7dc30f9215fee3,224,224,0.0371345691382885,0.8421910405158997,0.5028140544891357,0.16874033212661743,False,rejected,content object is no longer visually recognizable,Shaheer Ahmad Masood (SAM),True
p01_r19_a_to_b,1,airplane__cat,19,a_to_b,airplane_shape__cat_texture,1648,0,airplane,2754,3,cat,0,airplane,3,cat,6304,0.8,True,/content/drive/MyDrive/ATML-Assignment-1/artifacts/task1/cue_conflict/candidates/p01_r19_a_to_b.png,047f0516711221f88a4dfd7cfad0f32c3f13189b7c89fdd300f7d94f9e6bf88f,224,224,0.0,1.0,0.528805673122406,0.2378123551607132,False,accepted,,Shaheer Ahmad Masood (SAM),True
p01_r19_b_to_a,1,airplane__cat,19,b_to_a,cat_shape__airplane_texture,2754,3,cat,1648,0,airplane,3,cat,0,airplane,6304,0.8,True,/content/drive/MyDrive/ATML-Assignment-1/artifacts/task1/cue_conflict/candidates/p01_r19_b_to_a.png,00a1079e379eb4a5e7ed20e5fecc12e17a81fc21c295d93b05bc0459fc9e2b15,224,224,0.0,1.0,0.5445382595062256,0.2436693012714386,False,accepted,,Shaheer Ahmad Masood (SAM),True
p01_r20_a_to_b,1,airplane__cat,20,a_to_b,airplane_shape__cat_texture,5912,0,airplane,2536,3,cat,0,airplane,3,cat,6304,0.8,True,/content/drive/MyDrive/ATML-Assignment-1/artifacts/task1/cue_conflict/candidates/p01_r20_a_to_b.png,1660bafcaab1c8f7501e9609ddfbefd850499c332d09228e69e9787f5b71056e,224,224,0.0,0.9897855520248413,0.5067756175994873,0.1807655692100525,False,rejected,content object is no longer visually recognizable,Shaheer Ahmad Masood (SAM),True
p01_r20_b_to_a,1,airplane__cat,20,b_to_a,cat_shape__airplane_texture,2536,3,cat,5912,0,airplane,3,cat,0,airplane,6304,0.8,True,/content/drive/MyDrive/ATML-Assignment-1/artifacts/task1/cue_conflict/candidates/p01_r20_b_to_a.png,c703c707de91d627aedf8a319a8af2e5e75fcccd12f987389720ca1974aafa7e,224,224,0.0,1.0,0.6611846089363098,0.17437662184238434,False,rejected,content object is no longer visually recognizable,Shaheer Ahmad Masood (SAM),True
p02_r01_a_to_b,2,car__deer,1,a_to_b,car_shape__deer_texture,3067,2,car,2757,4,deer,2,car,4,deer,6304,0.8,True,/content/drive/MyDrive/ATML-Assignment-1/artifacts/task1/cue_conflict/candidates/p02_r01_a_to_b.png,1dfec0b58bc767dec53d605feb6fbddc351585787f614d820348e9127d3f9309,224,224,0.0,1.0,0.4143468737602234,0.2071029543876648,False,accepted,,Shaheer Ahmad Masood (SAM),True
p02_r01_b_to_a,2,car__deer,1,b_to_a,deer_shape__car_texture,2757,4,deer,3067,2,car,4,deer,2,car,6304,0.8,True,/content/drive/MyDrive/ATML-Assignment-1/artifacts/task1/cue_conflict/candidates/p02_r01_b_to_a.png,1106e66e66984ff4bfa83ad85649d978072296f387d23f72e32bb86ec4b66285,224,224,0.0,0.9836432933807373,0.3781486749649048,0.23584876954555511,False,rejected,object is severely obscured or structurally corrupted,Shaheer Ahmad Masood (SAM),True
p02_r02_a_to_b,2,car__deer,2,a_to_b,car_shape__deer_texture,3362,2,car,691,4,deer,2,car,4,deer,6304,0.8,True,/content/drive/MyDrive/ATML-Assignment-1/artifacts/task1/cue_conflict/candidates/p02_r02_a_to_b.png,62d3d8ce7aee06434391b4e9af4884ceef13c6583cc64f5aecdbc8e0b2af4161,224,224,0.0,1.0,0.4290805757045746,0.23321449756622314,False,accepted,,Shaheer Ahmad Masood (SAM),True
p02_r02_b_to_a,2,car__deer,2,b_to_a,deer_shape__car_texture,691,4,deer,3362,2,car,4,deer,2,car,6304,0.8,True,/content/drive/MyDrive/ATML-Assignment-1/artifacts/task1/cue_conflict/candidates/p02_r02_b_to_a.png,ff0ce433f2b1452ed8a242eb8b4e293326a6f8a1d227b0782ddd864e64c295ea,224,224,0.0,1.0,0.4505899250507355,0.2068651169538498,False,accepted,,Shaheer Ahmad Masood (SAM),True
p02_r03_a_to_b,2,car__deer,3,a_to_b,car_shape__deer_texture,6244,2,car,6288,4,deer,2,car,4,deer,6304,0.8,True,/content/drive/MyDrive/ATML-Assignment-1/artifacts/task1/cue_conflict/candidates/p02_r03_a_to_b.png,ed4f54a15a2cb43f53c2354f51412d0fa743bf719f5c6e1f108259435b931345,224,224,0.0,1.0,0.44573667645454407,0.20206424593925476,False,accepted,,Shaheer Ahmad Masood (SAM),True
p02_r03_b_to_a,2,car__deer,3,b_to_a,deer_shape__car_texture,6288,4,deer,6244,2,car,4,deer,2,car,6304,0.8,True,/content/drive/MyDrive/ATML-Assignment-1/artifacts/task1/cue_conflict/candidates/p02_r03_b_to_a.png,0fc0bfdb0c0a2e9e7281e06cc3329e413be7ea9b2ca8ec23e34aa53d9f5981d7,224,224,0.0,1.0,0.3689999580383301,0.21771511435508728,False,accepted,,Shaheer Ahmad Masood (SAM),True
p02_r04_a_to_b,2,car__deer,4,a_to_b,car_shape__deer_texture,6271,2,car,3287,4,deer,2,car,4,deer,6304,0.8,True,/content/drive/MyDrive/ATML-Assignment-1/artifacts/task1/cue_conflict/candidates/p02_r04_a_to_b.png,8ce5fa970abe6971b5fb7793842d553b2db26baecc63487b65b1779ca64f2f85,224,224,0.0,1.0,0.35674795508384705,0.2525421679019928,False,accepted,,Shaheer Ahmad Masood (SAM),True
p02_r04_b_to_a,2,car__deer,4,b_to_a,deer_shape__car_texture,3287,4,deer,6271,2,car,4,deer,2,car,6304,0.8,True,/content/drive/MyDrive/ATML-Assignment-1/artifacts/task1/cue_conflict/candidates/p02_r04_b_to_a.png,1af533df096d05889513df4911072355044ba862a0f3dc284476d2ff9a6edec5,224,224,0.0,1.0,0.41351377964019775,0.25551414489746094,False,accepted,,Shaheer Ahmad Masood (SAM),True
p02_r05_a_to_b,2,car__deer,5,a_to_b,car_shape__deer_texture,317,2,car,3512,4,deer,2,car,4,deer,6304,0.8,True,/content/drive/MyDrive/ATML-Assignment-1/artifacts/task1/cue_conflict/candidates/p02_r05_a_to_b.png,5087f59cf45cb341c09714267f67e710f77402733501b99b2a8efbc995ad1cb0,224,224,0.0,1.0,0.42224258184432983,0.1987593024969101,False,accepted,,Shaheer Ahmad Masood (SAM),True
p02_r05_b_to_a,2,car__deer,5,b_to_a,deer_shape__car_texture,3512,4,deer,317,2,car,4,deer,2,car,6304,0.8,True,/content/drive/MyDrive/ATML-Assignment-1/artifacts/task1/cue_conflict/candidates/p02_r05_b_to_a.png,ac9b090cb7308802c1c7455536784927f33b41a272c4b2f5eae561f76f7c70ed,224,224,0.0,1.0,0.28711479902267456,0.2096935659646988,False,accepted,,Shaheer Ahmad Masood (SAM),True
p02_r06_a_to_b,2,car__deer,6,a_to_b,car_shape__deer_texture,1202,2,car,4629,4,deer,2,car,4,deer,6304,0.8,True,/content/drive/MyDrive/ATML-Assignment-1/artifacts/task1/cue_conflict/candidates/p02_r06_a_to_b.png,6b7ffd971317cebb97b6c0c55d735066c0e19f00518b24df4403de58e7e2264b,224,224,0.07496508955955505,0.8789698481559753,0.46909135580062866,0.15518972277641296,False,accepted,,Shaheer Ahmad Masood (SAM),True
p02_r06_b_to_a,2,car__deer,6,b_to_a,deer_shape__car_texture,4629,4,deer,1202,2,car,4,deer,2,car,6304,0.8,True,/content/drive/MyDrive/ATML-Assignment-1/artifacts/task1/cue_conflict/candidates/p02_r06_b_to_a.png,1b27873afa5eeea0484be4221ddc22edb1ad4dd0df738197132c4ca35d28a807,224,224,0.0,1.0,0.3110492527484894,0.22572092711925507,False,rejected,content object is no longer visually recognizable,Shaheer Ahmad Masood (SAM),True
p02_r07_a_to_b,2,car__deer,7,a_to_b,car_shape__deer_texture,4921,2,car,3122,4,deer,2,car,4,deer,6304,0.8,True,/content/drive/MyDrive/ATML-Assignment-1/artifacts/task1/cue_conflict/candidates/p02_r07_a_to_b.png,3e35055b0b0e29459a1ef521595c89f276d2a1911da0da549a96990423accdbb,224,224,0.0,1.0,0.5026494264602661,0.23985601961612701,False,accepted,,Shaheer Ahmad Masood (SAM),True
p02_r07_b_to_a,2,car__deer,7,b_to_a,deer_shape__car_texture,3122,4,deer,4921,2,car,4,deer,2,car,6304,0.8,True,/content/drive/MyDrive/ATML-Assignment-1/artifacts/task1/cue_conflict/candidates/p02_r07_b_to_a.png,67b853f5169735ca966681f78c355efb61df002f3a7e3d637e5ce1dc671bbfbc,224,224,3.873556852340698e-05,1.0,0.48532840609550476,0.2256787270307541,False,rejected,content object is no longer visually recognizable,Shaheer Ahmad Masood (SAM),True
p02_r08_a_to_b,2,car__deer,8,a_to_b,car_shape__deer_texture,6264,2,car,3458,4,deer,2,car,4,deer,6304,0.8,True,/content/drive/MyDrive/ATML-Assignment-1/artifacts/task1/cue_conflict/candidates/p02_r08_a_to_b.png,120914dc6f57c994100342b6aa76f4007d1fde4e0f173555239fe0031327f4bb,224,224,0.0,1.0,0.3335389494895935,0.23745663464069366,False,accepted,,Shaheer Ahmad Masood (SAM),True
p02_r08_b_to_a,2,car__deer,8,b_to_a,deer_shape__car_texture,3458,4,deer,6264,2,car,4,deer,2,car,6304,0.8,True,/content/drive/MyDrive/ATML-Assignment-1/artifacts/task1/cue_conflict/candidates/p02_r08_b_to_a.png,0e6113f02b449d66d8654f88f5cf81ef5c61047f49c0eaa3bf4c05e69c1e51bb,224,224,0.0,0.9457804560661316,0.23070280253887177,0.16544945538043976,False,accepted,,Shaheer Ahmad Masood (SAM),True
p02_r09_a_to_b,2,car__deer,9,a_to_b,car_shape__deer_texture,6426,2,car,7864,4,deer,2,car,4,deer,6304,0.8,True,/content/drive/MyDrive/ATML-Assignment-1/artifacts/task1/cue_conflict/candidates/p02_r09_a_to_b.png,d3c775f09c415ee29cf893ee3c5fd542cda796be572b6bfeb6003c899b400b13,224,224,0.0,1.0,0.4570600986480713,0.2294469028711319,False,accepted,,Shaheer Ahmad Masood (SAM),True
p02_r09_b_to_a,2,car__deer,9,b_to_a,deer_shape__car_texture,7864,4,deer,6426,2,car,4,deer,2,car,6304,0.8,True,/content/drive/MyDrive/ATML-Assignment-1/artifacts/task1/cue_conflict/candidates/p02_r09_b_to_a.png,0f72bbc37edc350cc88b511cd2669171389719f7c65df5183dad05b18e867a79,224,224,0.0,0.9968514442443848,0.33981266617774963,0.2692702114582062,False,accepted,,Shaheer Ahmad Masood (SAM),True
p02_r10_a_to_b,2,car__deer,10,a_to_b,car_shape__deer_texture,470,2,car,7475,4,deer,2,car,4,deer,6304,0.8,True,/content/drive/MyDrive/ATML-Assignment-1/artifacts/task1/cue_conflict/candidates/p02_r10_a_to_b.png,1e5ed5f8d7f04b0685db381c3d7a8f125367f707a07f86bc67484b9a83ea5b87,224,224,0.0,1.0,0.3197210431098938,0.21169587969779968,False,accepted,,Shaheer Ahmad Masood (SAM),True
p02_r10_b_to_a,2,car__deer,10,b_to_a,deer_shape__car_texture,7475,4,deer,470,2,car,4,deer,2,car,6304,0.8,True,/content/drive/MyDrive/ATML-Assignment-1/artifacts/task1/cue_conflict/candidates/p02_r10_b_to_a.png,5fa09a53e0256064614bbcbb3dfca3617e32352b981136a9ac08a3fa1fb2b427,224,224,0.0,0.9025619029998779,0.3066457509994507,0.21554036438465118,False,accepted,,Shaheer Ahmad Masood (SAM),True
p02_r11_a_to_b,2,car__deer,11,a_to_b,car_shape__deer_texture,1839,2,car,6528,4,deer,2,car,4,deer,6304,0.8,True,/content/drive/MyDrive/ATML-Assignment-1/artifacts/task1/cue_conflict/candidates/p02_r11_a_to_b.png,5674029517c9e823e263f6e50cae088a1c70ee9f94e16f0fe71b8d416c616c09,224,224,0.076225146651268,0.7996683120727539,0.382060706615448,0.1948164850473404,False,accepted,,Shaheer Ahmad Masood (SAM),True
p02_r11_b_to_a,2,car__deer,11,b_to_a,deer_shape__car_texture,6528,4,deer,1839,2,car,4,deer,2,car,6304,0.8,True,/content/drive/MyDrive/ATML-Assignment-1/artifacts/task1/cue_conflict/candidates/p02_r11_b_to_a.png,444546d64039ff8a7ede8007341cf3eadf079e0d47381633d20b668bdb418007,224,224,0.0,1.0,0.3219098150730133,0.24860231578350067,False,rejected,content object is no longer visually recognizable,Shaheer Ahmad Masood (SAM),True
p02_r12_a_to_b,2,car__deer,12,a_to_b,car_shape__deer_texture,1403,2,car,171,4,deer,2,car,4,deer,6304,0.8,True,/content/drive/MyDrive/ATML-Assignment-1/artifacts/task1/cue_conflict/candidates/p02_r12_a_to_b.png,f5c871decc3c00f64f08c8c5a21cb671418a4a7c668a915d49075823a507f76e,224,224,0.0,1.0,0.3959304690361023,0.20251549780368805,False,rejected,object is severely obscured or structurally corrupted,Shaheer Ahmad Masood (SAM),True
p02_r12_b_to_a,2,car__deer,12,b_to_a,deer_shape__car_texture,171,4,deer,1403,2,car,4,deer,2,car,6304,0.8,True,/content/drive/MyDrive/ATML-Assignment-1/artifacts/task1/cue_conflict/candidates/p02_r12_b_to_a.png,cb59ccbf38a61ad8bd242509c81a86eabfcd50954726b8256d7eeb201795c555,224,224,0.0,1.0,0.4429788291454315,0.23834726214408875,False,accepted,,Shaheer Ahmad Masood (SAM),True
p02_r13_a_to_b,2,car__deer,13,a_to_b,car_shape__deer_texture,5237,2,car,5789,4,deer,2,car,4,deer,6304,0.8,True,/content/drive/MyDrive/ATML-Assignment-1/artifacts/task1/cue_conflict/candidates/p02_r13_a_to_b.png,92a2637b595c9fc56748b239f51348fd3356a8ac12559418cb371afbc1d00363,224,224,0.0,1.0,0.34862396121025085,0.20797188580036163,False,accepted,,Shaheer Ahmad Masood (SAM),True
p02_r13_b_to_a,2,car__deer,13,b_to_a,deer_shape__car_texture,5789,4,deer,5237,2,car,4,deer,2,car,6304,0.8,True,/content/drive/MyDrive/ATML-Assignment-1/artifacts/task1/cue_conflict/candidates/p02_r13_b_to_a.png,d77768bbf8cbe2f43a000f6890c06ad1cf5fa0230f28a6a5b28bdc154a29d4a2,224,224,0.0,1.0,0.3538331687450409,0.25072094798088074,False,rejected,content object is no longer visually recognizable,Shaheer Ahmad Masood (SAM),True
p02_r14_a_to_b,2,car__deer,14,a_to_b,car_shape__deer_texture,409,2,car,5135,4,deer,2,car,4,deer,6304,0.8,True,/content/drive/MyDrive/ATML-Assignment-1/artifacts/task1/cue_conflict/candidates/p02_r14_a_to_b.png,4f3c4e9c2e6b2d7cdd6c0c4c72ae216fd27ab3d68262edb8847f1e483b027c08,224,224,0.0,1.0,0.33202654123306274,0.29380276799201965,False,accepted,,Shaheer Ahmad Masood (SAM),True
p02_r14_b_to_a,2,car__deer,14,b_to_a,deer_shape__car_texture,5135,4,deer,409,2,car,4,deer,2,car,6304,0.8,True,/content/drive/MyDrive/ATML-Assignment-1/artifacts/task1/cue_conflict/candidates/p02_r14_b_to_a.png,e3573e74174d6af073087307a21ecbda973c851c1641bcb05b97b54cad289ec3,224,224,0.0,1.0,0.3333559036254883,0.34500938653945923,False,accepted,,Shaheer Ahmad Masood (SAM),True
p02_r15_a_to_b,2,car__deer,15,a_to_b,car_shape__deer_texture,6616,2,car,7940,4,deer,2,car,4,deer,6304,0.8,True,/content/drive/MyDrive/ATML-Assignment-1/artifacts/task1/cue_conflict/candidates/p02_r15_a_to_b.png,3a78e0434373657a8cc25702715ee1ed35afb10e2a2779b3136c14fd0445af37,224,224,0.0,1.0,0.4508606195449829,0.34604933857917786,False,accepted,,Shaheer Ahmad Masood (SAM),True
p02_r15_b_to_a,2,car__deer,15,b_to_a,deer_shape__car_texture,7940,4,deer,6616,2,car,4,deer,2,car,6304,0.8,True,/content/drive/MyDrive/ATML-Assignment-1/artifacts/task1/cue_conflict/candidates/p02_r15_b_to_a.png,b6705b4fbfe83e7ce987b5b61be815399c576bdb8294f2229429aee1b4dfe1dc,224,224,0.0,1.0,0.38307708501815796,0.29429948329925537,False,accepted,,Shaheer Ahmad Masood (SAM),True
p02_r16_a_to_b,2,car__deer,16,a_to_b,car_shape__deer_texture,7084,2,car,5062,4,deer,2,car,4,deer,6304,0.8,True,/content/drive/MyDrive/ATML-Assignment-1/artifacts/task1/cue_conflict/candidates/p02_r16_a_to_b.png,23c83cbccb5e847d8f768b11fc8354039272c67cfc98b8fdd444ef7a590cb433,224,224,0.0,1.0,0.44238385558128357,0.2860058546066284,False,accepted,,Shaheer Ahmad Masood (SAM),True
p02_r16_b_to_a,2,car__deer,16,b_to_a,deer_shape__car_texture,5062,4,deer,7084,2,car,4,deer,2,car,6304,0.8,True,/content/drive/MyDrive/ATML-Assignment-1/artifacts/task1/cue_conflict/candidates/p02_r16_b_to_a.png,1d50d054d5c218ec1147028b8dbdfbbe2d84921c1041319ff66e009eab69eae6,224,224,0.0,1.0,0.4478035271167755,0.2780253291130066,False,accepted,,Shaheer Ahmad Masood (SAM),True
p02_r17_a_to_b,2,car__deer,17,a_to_b,car_shape__deer_texture,35,2,car,506,4,deer,2,car,4,deer,6304,0.8,True,/content/drive/MyDrive/ATML-Assignment-1/artifacts/task1/cue_conflict/candidates/p02_r17_a_to_b.png,5f27e836b4e4a34c12dcc495492f89e9fcafa334d75dd5efcb445ae38716672e,224,224,0.0,1.0,0.3534714877605438,0.20716683566570282,False,rejected,content object is no longer visually recognizable,Shaheer Ahmad Masood (SAM),True
p02_r17_b_to_a,2,car__deer,17,b_to_a,deer_shape__car_texture,506,4,deer,35,2,car,4,deer,2,car,6304,0.8,True,/content/drive/MyDrive/ATML-Assignment-1/artifacts/task1/cue_conflict/candidates/p02_r17_b_to_a.png,c16a043d7978d6443bf628c421ad56d1327f629cc864834bc33da7e9d4e6ae55,224,224,0.0,1.0,0.5056555271148682,0.24968351423740387,False,rejected,content object is no longer visually recognizable,Shaheer Ahmad Masood (SAM),True
p02_r18_a_to_b,2,car__deer,18,a_to_b,car_shape__deer_texture,6028,2,car,5623,4,deer,2,car,4,deer,6304,0.8,True,/content/drive/MyDrive/ATML-Assignment-1/artifacts/task1/cue_conflict/candidates/p02_r18_a_to_b.png,1187d5d7afa89ecce3dd9835f75d63c0bb78d7452a6908ab04d6ff2857730d70,224,224,0.01284395158290863,1.0,0.5413211584091187,0.2063407599925995,False,accepted,,Shaheer Ahmad Masood (SAM),True
p02_r18_b_to_a,2,car__deer,18,b_to_a,deer_shape__car_texture,5623,4,deer,6028,2,car,4,deer,2,car,6304,0.8,True,/content/drive/MyDrive/ATML-Assignment-1/artifacts/task1/cue_conflict/candidates/p02_r18_b_to_a.png,b8bcf5252bec21e3db4049e6ea5acb7688ca276e1a412cdd00024b54d55e3388,224,224,0.0,1.0,0.5277301073074341,0.2745712697505951,False,accepted,,Shaheer Ahmad Masood (SAM),True
p02_r19_a_to_b,2,car__deer,19,a_to_b,car_shape__deer_texture,6692,2,car,3365,4,deer,2,car,4,deer,6304,0.8,True,/content/drive/MyDrive/ATML-Assignment-1/artifacts/task1/cue_conflict/candidates/p02_r19_a_to_b.png,987238ab2c9f95e84b97e09ec495be4e98d2afea7d24f59610a377fe4c2d2567,224,224,0.0,0.9337612986564636,0.37091758847236633,0.2201918661594391,False,accepted,,Shaheer Ahmad Masood (SAM),True
p02_r19_b_to_a,2,car__deer,19,b_to_a,deer_shape__car_texture,3365,4,deer,6692,2,car,4,deer,2,car,6304,0.8,True,/content/drive/MyDrive/ATML-Assignment-1/artifacts/task1/cue_conflict/candidates/p02_r19_b_to_a.png,b420b2a65276ec23b89d85249e3f866206c91e54952d1ec2c42fb0d43fc9a030,224,224,0.0,1.0,0.45240533351898193,0.2617238461971283,False,accepted,,Shaheer Ahmad Masood (SAM),True
p02_r20_a_to_b,2,car__deer,20,a_to_b,car_shape__deer_texture,2392,2,car,3763,4,deer,2,car,4,deer,6304,0.8,True,/content/drive/MyDrive/ATML-Assignment-1/artifacts/task1/cue_conflict/candidates/p02_r20_a_to_b.png,12aefe7bb5104c4b970b76d376dd464bc499a77964fab000dffa43be32af3b04,224,224,0.008235454559326172,0.8623263239860535,0.4423426389694214,0.18175052106380463,False,accepted,,Shaheer Ahmad Masood (SAM),True
p02_r20_b_to_a,2,car__deer,20,b_to_a,deer_shape__car_texture,3763,4,deer,2392,2,car,4,deer,2,car,6304,0.8,True,/content/drive/MyDrive/ATML-Assignment-1/artifacts/task1/cue_conflict/candidates/p02_r20_b_to_a.png,516efac8282b982e1186e007454daf9e455b08e2f3c04e8020fd25c98e7dd71f,224,224,0.0,1.0,0.4256470203399658,0.25415194034576416,False,accepted,,Shaheer Ahmad Masood (SAM),True
p03_r01_a_to_b,3,ship__dog,1,a_to_b,ship_shape__dog_texture,5525,8,ship,319,5,dog,8,ship,5,dog,6304,0.8,True,/content/drive/MyDrive/ATML-Assignment-1/artifacts/task1/cue_conflict/candidates/p03_r01_a_to_b.png,5b9509cae519e150f0886f29817c63d57577aec189c76d47ced096f9cfeb0add,224,224,0.0,0.9627379179000854,0.32573434710502625,0.19862979650497437,False,accepted,,Shaheer Ahmad Masood (SAM),True
p03_r01_b_to_a,3,ship__dog,1,b_to_a,dog_shape__ship_texture,319,5,dog,5525,8,ship,5,dog,8,ship,6304,0.8,True,/content/drive/MyDrive/ATML-Assignment-1/artifacts/task1/cue_conflict/candidates/p03_r01_b_to_a.png,b4eab1eb3568590b4b516948d3a5cd9e2715d985c27051d2c9bdbdaec81861b3,224,224,0.0,1.0,0.5055666565895081,0.24368678033351898,False,accepted,,Shaheer Ahmad Masood (SAM),True
p03_r02_a_to_b,3,ship__dog,2,a_to_b,ship_shape__dog_texture,7875,8,ship,2391,5,dog,8,ship,5,dog,6304,0.8,True,/content/drive/MyDrive/ATML-Assignment-1/artifacts/task1/cue_conflict/candidates/p03_r02_a_to_b.png,651b4315b71ad7bb716fdca4225d992e9aa6247f5f379dc55e9a31c94da94ddc,224,224,0.0,0.9280814528465271,0.4366689622402191,0.19894540309906006,False,accepted,,Shaheer Ahmad Masood (SAM),True
p03_r02_b_to_a,3,ship__dog,2,b_to_a,dog_shape__ship_texture,2391,5,dog,7875,8,ship,5,dog,8,ship,6304,0.8,True,/content/drive/MyDrive/ATML-Assignment-1/artifacts/task1/cue_conflict/candidates/p03_r02_b_to_a.png,1b14c423967a6aab0377f828120ed00e1799d74dc455b3961a10f3b7ec7d7f12,224,224,0.0,1.0,0.4942760467529297,0.2650681734085083,False,accepted,,Shaheer Ahmad Masood (SAM),True
p03_r03_a_to_b,3,ship__dog,3,a_to_b,ship_shape__dog_texture,706,8,ship,5381,5,dog,8,ship,5,dog,6304,0.8,True,/content/drive/MyDrive/ATML-Assignment-1/artifacts/task1/cue_conflict/candidates/p03_r03_a_to_b.png,3560e009012eac2eb2c80e1a8254379ea482f3d2224e5e8eca4df1f62d3ca6b5,224,224,0.0,1.0,0.47451144456863403,0.2911906838417053,False,accepted,,Shaheer Ahmad Masood (SAM),True
p03_r03_b_to_a,3,ship__dog,3,b_to_a,dog_shape__ship_texture,5381,5,dog,706,8,ship,5,dog,8,ship,6304,0.8,True,/content/drive/MyDrive/ATML-Assignment-1/artifacts/task1/cue_conflict/candidates/p03_r03_b_to_a.png,df8d3d7a8c4eb4e4727e9a3da9b3e9484cdd92a684b39ee23bab98d44cc57564,224,224,0.0,1.0,0.49956217408180237,0.32359662652015686,False,accepted,,Shaheer Ahmad Masood (SAM),True
p03_r04_a_to_b,3,ship__dog,4,a_to_b,ship_shape__dog_texture,4170,8,ship,3863,5,dog,8,ship,5,dog,6304,0.8,True,/content/drive/MyDrive/ATML-Assignment-1/artifacts/task1/cue_conflict/candidates/p03_r04_a_to_b.png,c7c82a3aca359e5311e2216946095890355a5367af18a45207e64fcaeb347fa8,224,224,0.0,1.0,0.3992457389831543,0.2536301016807556,False,rejected,content object is no longer visually recognizable,Shaheer Ahmad Masood (SAM),True
p03_r04_b_to_a,3,ship__dog,4,b_to_a,dog_shape__ship_texture,3863,5,dog,4170,8,ship,5,dog,8,ship,6304,0.8,True,/content/drive/MyDrive/ATML-Assignment-1/artifacts/task1/cue_conflict/candidates/p03_r04_b_to_a.png,675ee6816c11ee3e650138960fe03d41a6b9271ee7fe0dd99548939f0dccc281,224,224,0.04447060078382492,1.0,0.5155189633369446,0.23573929071426392,False,accepted,,Shaheer Ahmad Masood (SAM),True
p03_r05_a_to_b,3,ship__dog,5,a_to_b,ship_shape__dog_texture,3412,8,ship,6358,5,dog,8,ship,5,dog,6304,0.8,True,/content/drive/MyDrive/ATML-Assignment-1/artifacts/task1/cue_conflict/candidates/p03_r05_a_to_b.png,051cad63f01fc63a3ee4a61c5d56e330ef0e37b85e6c75230aa2114692998e89,224,224,0.0,1.0,0.49743783473968506,0.2149641513824463,False,accepted,,Shaheer Ahmad Masood (SAM),True
p03_r05_b_to_a,3,ship__dog,5,b_to_a,dog_shape__ship_texture,6358,5,dog,3412,8,ship,5,dog,8,ship,6304,0.8,True,/content/drive/MyDrive/ATML-Assignment-1/artifacts/task1/cue_conflict/candidates/p03_r05_b_to_a.png,f713f8bf943c6df750922db5c128bdb2d986f4b391a4e25831851ddf54654cc7,224,224,0.0,0.9427279829978943,0.4656010866165161,0.21129243075847626,False,accepted,,Shaheer Ahmad Masood (SAM),True
p03_r06_a_to_b,3,ship__dog,6,a_to_b,ship_shape__dog_texture,667,8,ship,97,5,dog,8,ship,5,dog,6304,0.8,True,/content/drive/MyDrive/ATML-Assignment-1/artifacts/task1/cue_conflict/candidates/p03_r06_a_to_b.png,8847240b519e1a1ee34596e4fe486d3be15ea0810d1b19124d72228b56cef0fe,224,224,0.02571389265358448,1.0,0.4431471526622772,0.2641100287437439,False,accepted,,Shaheer Ahmad Masood (SAM),True
p03_r06_b_to_a,3,ship__dog,6,b_to_a,dog_shape__ship_texture,97,5,dog,667,8,ship,5,dog,8,ship,6304,0.8,True,/content/drive/MyDrive/ATML-Assignment-1/artifacts/task1/cue_conflict/candidates/p03_r06_b_to_a.png,16da4acfea094654ee63bd0932878c0d4a15ae4ca398acfd6c90724008a5573e,224,224,0.0,1.0,0.4187775254249573,0.26184552907943726,False,accepted,,Shaheer Ahmad Masood (SAM),True
p03_r07_a_to_b,3,ship__dog,7,a_to_b,ship_shape__dog_texture,7818,8,ship,6224,5,dog,8,ship,5,dog,6304,0.8,True,/content/drive/MyDrive/ATML-Assignment-1/artifacts/task1/cue_conflict/candidates/p03_r07_a_to_b.png,0a065deb0cc4d7127cde66e9bfe7f38917f18bb0ce35fb1f7d126698126a135e,224,224,0.0,1.0,0.4259871542453766,0.2707959711551666,False,accepted,,Shaheer Ahmad Masood (SAM),True
p03_r07_b_to_a,3,ship__dog,7,b_to_a,dog_shape__ship_texture,6224,5,dog,7818,8,ship,5,dog,8,ship,6304,0.8,True,/content/drive/MyDrive/ATML-Assignment-1/artifacts/task1/cue_conflict/candidates/p03_r07_b_to_a.png,b3677111681d75403f7128774027c97883a4ae9e49cb45d952624bf843aeed15,224,224,0.0,1.0,0.5331037044525146,0.2559572756290436,False,accepted,,Shaheer Ahmad Masood (SAM),True
p03_r08_a_to_b,3,ship__dog,8,a_to_b,ship_shape__dog_texture,4552,8,ship,2268,5,dog,8,ship,5,dog,6304,0.8,True,/content/drive/MyDrive/ATML-Assignment-1/artifacts/task1/cue_conflict/candidates/p03_r08_a_to_b.png,f32d48c28491881ca864144c4b7be22b3e5669fab78953656db827a19d522d78,224,224,0.0,0.9183392524719238,0.39607059955596924,0.2795915901660919,False,rejected,content object is no longer visually recognizable,Shaheer Ahmad Masood (SAM),True
p03_r08_b_to_a,3,ship__dog,8,b_to_a,dog_shape__ship_texture,2268,5,dog,4552,8,ship,5,dog,8,ship,6304,0.8,True,/content/drive/MyDrive/ATML-Assignment-1/artifacts/task1/cue_conflict/candidates/p03_r08_b_to_a.png,45b77ad6e0bc94d70e690391860a2aca3621b614a9118528370035c13338a20d,224,224,0.0,1.0,0.42338430881500244,0.2938779294490814,False,accepted,,Shaheer Ahmad Masood (SAM),True
p03_r09_a_to_b,3,ship__dog,9,a_to_b,ship_shape__dog_texture,962,8,ship,7041,5,dog,8,ship,5,dog,6304,0.8,True,/content/drive/MyDrive/ATML-Assignment-1/artifacts/task1/cue_conflict/candidates/p03_r09_a_to_b.png,4380e6d858cc2d2af7c745bc7f36f9a5470ba07c9f8ba3f369c0750e0b63ca43,224,224,0.0,1.0,0.29122957587242126,0.26991379261016846,False,rejected,content object is no longer visually recognizable,Shaheer Ahmad Masood (SAM),True
p03_r09_b_to_a,3,ship__dog,9,b_to_a,dog_shape__ship_texture,7041,5,dog,962,8,ship,5,dog,8,ship,6304,0.8,True,/content/drive/MyDrive/ATML-Assignment-1/artifacts/task1/cue_conflict/candidates/p03_r09_b_to_a.png,7d5a0ad33f59130b13668ce7b2050c7f516f2b5b43eb8d64a60c6df779dc9077,224,224,0.0,1.0,0.3184739053249359,0.25541892647743225,False,rejected,content object is no longer visually recognizable,Shaheer Ahmad Masood (SAM),True
p03_r10_a_to_b,3,ship__dog,10,a_to_b,ship_shape__dog_texture,2109,8,ship,7706,5,dog,8,ship,5,dog,6304,0.8,True,/content/drive/MyDrive/ATML-Assignment-1/artifacts/task1/cue_conflict/candidates/p03_r10_a_to_b.png,6a3da85ba4360a63853e92ef3445f1dadbd8568636d578cb806815f6c0877219,224,224,0.0,1.0,0.41022056341171265,0.2337566316127777,False,accepted,,Shaheer Ahmad Masood (SAM),True
p03_r10_b_to_a,3,ship__dog,10,b_to_a,dog_shape__ship_texture,7706,5,dog,2109,8,ship,5,dog,8,ship,6304,0.8,True,/content/drive/MyDrive/ATML-Assignment-1/artifacts/task1/cue_conflict/candidates/p03_r10_b_to_a.png,53a0175852cf83c1823b765f93e0ddb88305465939ad80734f9d3de74bb708b9,224,224,0.0,1.0,0.5341883897781372,0.24800406396389008,False,accepted,,Shaheer Ahmad Masood (SAM),True
p03_r11_a_to_b,3,ship__dog,11,a_to_b,ship_shape__dog_texture,6434,8,ship,2950,5,dog,8,ship,5,dog,6304,0.8,True,/content/drive/MyDrive/ATML-Assignment-1/artifacts/task1/cue_conflict/candidates/p03_r11_a_to_b.png,1455e1650f7808003a153ced689b8c719882d638ff6443356ef6b5220ab7a3ba,224,224,0.0,1.0,0.5982440710067749,0.24152790009975433,False,accepted,,Shaheer Ahmad Masood (SAM),True
p03_r11_b_to_a,3,ship__dog,11,b_to_a,dog_shape__ship_texture,2950,5,dog,6434,8,ship,5,dog,8,ship,6304,0.8,True,/content/drive/MyDrive/ATML-Assignment-1/artifacts/task1/cue_conflict/candidates/p03_r11_b_to_a.png,b045e425de34ac4d7365854c5c2152abfb4e2b2f168e0819ca82de668329d643,224,224,0.05158587545156479,1.0,0.6161007285118103,0.2086677998304367,False,accepted,,Shaheer Ahmad Masood (SAM),True
p03_r12_a_to_b,3,ship__dog,12,a_to_b,ship_shape__dog_texture,4662,8,ship,4290,5,dog,8,ship,5,dog,6304,0.8,True,/content/drive/MyDrive/ATML-Assignment-1/artifacts/task1/cue_conflict/candidates/p03_r12_a_to_b.png,db20621d3dce78c5ab5d693d0079edb08ef7fbdb1194d99411b4ee3a4ce45070,224,224,0.0,0.9613077044487,0.45984846353530884,0.21239997446537018,False,accepted,,Shaheer Ahmad Masood (SAM),True
p03_r12_b_to_a,3,ship__dog,12,b_to_a,dog_shape__ship_texture,4290,5,dog,4662,8,ship,5,dog,8,ship,6304,0.8,True,/content/drive/MyDrive/ATML-Assignment-1/artifacts/task1/cue_conflict/candidates/p03_r12_b_to_a.png,67ba1c06d93df8e2ddcb36b52c02f18dd6c97d5b249b78606d46d7bcf5801663,224,224,0.02325427159667015,0.8882450461387634,0.4969181418418884,0.2143324613571167,False,accepted,,Shaheer Ahmad Masood (SAM),True
p03_r13_a_to_b,3,ship__dog,13,a_to_b,ship_shape__dog_texture,1640,8,ship,7130,5,dog,8,ship,5,dog,6304,0.8,True,/content/drive/MyDrive/ATML-Assignment-1/artifacts/task1/cue_conflict/candidates/p03_r13_a_to_b.png,e96158b1a72aba06f6dc6e082bd4c6257bd21581234cca6a9a94b84e14bd8b76,224,224,0.057440128177404404,0.9392014145851135,0.49491965770721436,0.24015209078788757,False,accepted,,Shaheer Ahmad Masood (SAM),True
p03_r13_b_to_a,3,ship__dog,13,b_to_a,dog_shape__ship_texture,7130,5,dog,1640,8,ship,5,dog,8,ship,6304,0.8,True,/content/drive/MyDrive/ATML-Assignment-1/artifacts/task1/cue_conflict/candidates/p03_r13_b_to_a.png,ffc7e6eb9618be1a516bf2d4aecb421b7a3c995e75dc8ad7ef7a0554014d9c41,224,224,0.0,1.0,0.492235392332077,0.29712435603141785,False,accepted,,Shaheer Ahmad Masood (SAM),True
p03_r14_a_to_b,3,ship__dog,14,a_to_b,ship_shape__dog_texture,5451,8,ship,5924,5,dog,8,ship,5,dog,6304,0.8,True,/content/drive/MyDrive/ATML-Assignment-1/artifacts/task1/cue_conflict/candidates/p03_r14_a_to_b.png,c48547e19c597d8aa676c37712e113d97b232f26cc01d02c66521d72d9f1a33c,224,224,0.0,1.0,0.5320264101028442,0.15060153603553772,False,accepted,,Shaheer Ahmad Masood (SAM),True
p03_r14_b_to_a,3,ship__dog,14,b_to_a,dog_shape__ship_texture,5924,5,dog,5451,8,ship,5,dog,8,ship,6304,0.8,True,/content/drive/MyDrive/ATML-Assignment-1/artifacts/task1/cue_conflict/candidates/p03_r14_b_to_a.png,e34f8abcccfcb73785a037ae8c25ae47b4c91801d24c5a790f5a1917263aa242,224,224,0.0,0.9044690132141113,0.4717169404029846,0.18493041396141052,False,accepted,,Shaheer Ahmad Masood (SAM),True
p03_r15_a_to_b,3,ship__dog,15,a_to_b,ship_shape__dog_texture,4990,8,ship,6414,5,dog,8,ship,5,dog,6304,0.8,True,/content/drive/MyDrive/ATML-Assignment-1/artifacts/task1/cue_conflict/candidates/p03_r15_a_to_b.png,f75b6dc29eb31c329ff78bc8774037760efa3efa0f3ae6291e82e3760902bea6,224,224,0.0,0.9711084961891174,0.4974767863750458,0.23432528972625732,False,accepted,,Shaheer Ahmad Masood (SAM),True
p03_r15_b_to_a,3,ship__dog,15,b_to_a,dog_shape__ship_texture,6414,5,dog,4990,8,ship,5,dog,8,ship,6304,0.8,True,/content/drive/MyDrive/ATML-Assignment-1/artifacts/task1/cue_conflict/candidates/p03_r15_b_to_a.png,9e5ea858920ed82eb37f2fdd51c71b087d99c47fc1e71e5b6adba5bc6480095f,224,224,0.0,1.0,0.4281418025493622,0.23827148973941803,False,rejected,content object is no longer visually recognizable,Shaheer Ahmad Masood (SAM),True
p03_r16_a_to_b,3,ship__dog,16,a_to_b,ship_shape__dog_texture,5694,8,ship,6922,5,dog,8,ship,5,dog,6304,0.8,True,/content/drive/MyDrive/ATML-Assignment-1/artifacts/task1/cue_conflict/candidates/p03_r16_a_to_b.png,391e77623d5731cb8cb0561355a0d06f663dc779117c78340b7ae59d001056ce,224,224,0.0,1.0,0.3787257671356201,0.27287888526916504,False,accepted,,Shaheer Ahmad Masood (SAM),True
p03_r16_b_to_a,3,ship__dog,16,b_to_a,dog_shape__ship_texture,6922,5,dog,5694,8,ship,5,dog,8,ship,6304,0.8,True,/content/drive/MyDrive/ATML-Assignment-1/artifacts/task1/cue_conflict/candidates/p03_r16_b_to_a.png,24fc332b26557003f43e4b31c79173b8c5faae35f56df71f7abf093854fc7b7c,224,224,0.0,1.0,0.40838849544525146,0.30084869265556335,False,accepted,,Shaheer Ahmad Masood (SAM),True
p03_r17_a_to_b,3,ship__dog,17,a_to_b,ship_shape__dog_texture,1783,8,ship,2766,5,dog,8,ship,5,dog,6304,0.8,True,/content/drive/MyDrive/ATML-Assignment-1/artifacts/task1/cue_conflict/candidates/p03_r17_a_to_b.png,f13ab0c812e72ccb7c0bfc2cc055763ec202a2a50933e0bc522c8c064728b95f,224,224,0.0,1.0,0.5306274890899658,0.2842133045196533,False,accepted,,Shaheer Ahmad Masood (SAM),True
p03_r17_b_to_a,3,ship__dog,17,b_to_a,dog_shape__ship_texture,2766,5,dog,1783,8,ship,5,dog,8,ship,6304,0.8,True,/content/drive/MyDrive/ATML-Assignment-1/artifacts/task1/cue_conflict/candidates/p03_r17_b_to_a.png,45f67325fbb46e6f810b0d5ea96ab88f363fd5ebc361a89dfdcf8335b346be09,224,224,0.0,1.0,0.5289689302444458,0.3613625764846802,False,accepted,,Shaheer Ahmad Masood (SAM),True
p03_r18_a_to_b,3,ship__dog,18,a_to_b,ship_shape__dog_texture,2340,8,ship,1095,5,dog,8,ship,5,dog,6304,0.8,True,/content/drive/MyDrive/ATML-Assignment-1/artifacts/task1/cue_conflict/candidates/p03_r18_a_to_b.png,b11d7cf455198e5ff7fdfbfec051040edccdbb5193b47057d1add983cc0847e3,224,224,0.0,0.9601141810417175,0.2828127443790436,0.1668580323457718,False,accepted,,Shaheer Ahmad Masood (SAM),True
p03_r18_b_to_a,3,ship__dog,18,b_to_a,dog_shape__ship_texture,1095,5,dog,2340,8,ship,5,dog,8,ship,6304,0.8,True,/content/drive/MyDrive/ATML-Assignment-1/artifacts/task1/cue_conflict/candidates/p03_r18_b_to_a.png,f26e5e25fe7478bfaf47172c15c4d34ea309c400a35cc63091ec435e79f2ef28,224,224,0.035805560648441315,0.9601576924324036,0.537230372428894,0.167514368891716,False,rejected,content object is no longer visually recognizable,Shaheer Ahmad Masood (SAM),True
p03_r19_a_to_b,3,ship__dog,19,a_to_b,ship_shape__dog_texture,2745,8,ship,4953,5,dog,8,ship,5,dog,6304,0.8,True,/content/drive/MyDrive/ATML-Assignment-1/artifacts/task1/cue_conflict/candidates/p03_r19_a_to_b.png,6090f721e41d7b730d625f4b703b26cb7a9327b83d5bb170106b59a998935a0c,224,224,0.0,1.0,0.4447237253189087,0.21462641656398773,False,accepted,,Shaheer Ahmad Masood (SAM),True
p03_r19_b_to_a,3,ship__dog,19,b_to_a,dog_shape__ship_texture,4953,5,dog,2745,8,ship,5,dog,8,ship,6304,0.8,True,/content/drive/MyDrive/ATML-Assignment-1/artifacts/task1/cue_conflict/candidates/p03_r19_b_to_a.png,bd42f86193bf95a61ff5d268cce9cc518223845328bc159b60a7c7fbb54cc19c,224,224,0.0,0.9532979130744934,0.35879218578338623,0.20702415704727173,False,rejected,content object is no longer visually recognizable,Shaheer Ahmad Masood (SAM),True
p03_r20_a_to_b,3,ship__dog,20,a_to_b,ship_shape__dog_texture,2844,8,ship,645,5,dog,8,ship,5,dog,6304,0.8,True,/content/drive/MyDrive/ATML-Assignment-1/artifacts/task1/cue_conflict/candidates/p03_r20_a_to_b.png,d3673c55e211b47c359bfaa6cc08f492a9aa8865e98ad14dfd03e30e72430db5,224,224,0.0,1.0,0.3904581367969513,0.2105761617422104,False,accepted,,Shaheer Ahmad Masood (SAM),True
p03_r20_b_to_a,3,ship__dog,20,b_to_a,dog_shape__ship_texture,645,5,dog,2844,8,ship,5,dog,8,ship,6304,0.8,True,/content/drive/MyDrive/ATML-Assignment-1/artifacts/task1/cue_conflict/candidates/p03_r20_b_to_a.png,7499e39726d2214876aa2878cabfb01257845c8dc21313baeea392c2b48ae4ae,224,224,0.03489464521408081,1.0,0.5018407702445984,0.1750379204750061,False,accepted,,Shaheer Ahmad Masood (SAM),True
p04_r01_a_to_b,4,truck__horse,1,a_to_b,truck_shape__horse_texture,7995,9,truck,1667,6,horse,9,truck,6,horse,6304,0.8,True,/content/drive/MyDrive/ATML-Assignment-1/artifacts/task1/cue_conflict/candidates/p04_r01_a_to_b.png,41ad97cddfb9fab14b233ff5448185a1a58276f710715b0c8f5db45752d31890,224,224,0.0,0.9932630062103271,0.39055898785591125,0.2414887398481369,False,accepted,,Shaheer Ahmad Masood (SAM),True
p04_r01_b_to_a,4,truck__horse,1,b_to_a,horse_shape__truck_texture,1667,6,horse,7995,9,truck,6,horse,9,truck,6304,0.8,True,/content/drive/MyDrive/ATML-Assignment-1/artifacts/task1/cue_conflict/candidates/p04_r01_b_to_a.png,ee5e486730299e1f5a6ea7cf2015963de87c37cb6ed144eb59af25a94c19ef9a,224,224,0.0,1.0,0.36038216948509216,0.26699963212013245,False,accepted,,Shaheer Ahmad Masood (SAM),True
p04_r02_a_to_b,4,truck__horse,2,a_to_b,truck_shape__horse_texture,1515,9,truck,449,6,horse,9,truck,6,horse,6304,0.8,True,/content/drive/MyDrive/ATML-Assignment-1/artifacts/task1/cue_conflict/candidates/p04_r02_a_to_b.png,4cb7ee2aadfe25a4f8642ca11ebef22d2c12a72e46de5a12d85032f544bd1165,224,224,0.0,1.0,0.3779584765434265,0.23250281810760498,False,accepted,,Shaheer Ahmad Masood (SAM),True
p04_r02_b_to_a,4,truck__horse,2,b_to_a,horse_shape__truck_texture,449,6,horse,1515,9,truck,6,horse,9,truck,6304,0.8,True,/content/drive/MyDrive/ATML-Assignment-1/artifacts/task1/cue_conflict/candidates/p04_r02_b_to_a.png,7fc1e2a492f9f325e111974ce21e66bb0d4dbe99acbd7edb6185be83b2fc645d,224,224,0.0,0.9775044918060303,0.28736186027526855,0.22274836897850037,False,rejected,content object is no longer visually recognizable,Shaheer Ahmad Masood (SAM),True
p04_r03_a_to_b,4,truck__horse,3,a_to_b,truck_shape__horse_texture,7752,9,truck,1534,6,horse,9,truck,6,horse,6304,0.8,True,/content/drive/MyDrive/ATML-Assignment-1/artifacts/task1/cue_conflict/candidates/p04_r03_a_to_b.png,edee9b85b83dbe0d7cdf265579c60c33218df2f6aaa63c88ac3f87a606447beb,224,224,0.0,1.0,0.41396060585975647,0.24063147604465485,False,accepted,,Shaheer Ahmad Masood (SAM),True
p04_r03_b_to_a,4,truck__horse,3,b_to_a,horse_shape__truck_texture,1534,6,horse,7752,9,truck,6,horse,9,truck,6304,0.8,True,/content/drive/MyDrive/ATML-Assignment-1/artifacts/task1/cue_conflict/candidates/p04_r03_b_to_a.png,ce46f1c69b41e330e651b4fe4d2bc1a5eba839089bc2f51dca861fc78bd7b971,224,224,0.0,1.0,0.3116396963596344,0.22051240503787994,False,rejected,content object is no longer visually recognizable,Shaheer Ahmad Masood (SAM),True
p04_r04_a_to_b,4,truck__horse,4,a_to_b,truck_shape__horse_texture,2655,9,truck,7555,6,horse,9,truck,6,horse,6304,0.8,True,/content/drive/MyDrive/ATML-Assignment-1/artifacts/task1/cue_conflict/candidates/p04_r04_a_to_b.png,e80bc87590bf2aa8c63ad8590e801bed4a03786a780af2bf8b1af7a656d5d722,224,224,0.0,1.0,0.4291013479232788,0.2766402065753937,False,accepted,,Shaheer Ahmad Masood (SAM),True
p04_r04_b_to_a,4,truck__horse,4,b_to_a,horse_shape__truck_texture,7555,6,horse,2655,9,truck,6,horse,9,truck,6304,0.8,True,/content/drive/MyDrive/ATML-Assignment-1/artifacts/task1/cue_conflict/candidates/p04_r04_b_to_a.png,fd38f61a821565ea79776dc2fc71ca98e5755a71d15ec2aa01e89f6f27c30f8a,224,224,0.0,1.0,0.4617618918418884,0.2671194076538086,False,accepted,,Shaheer Ahmad Masood (SAM),True
p04_r05_a_to_b,4,truck__horse,5,a_to_b,truck_shape__horse_texture,6931,9,truck,5729,6,horse,9,truck,6,horse,6304,0.8,True,/content/drive/MyDrive/ATML-Assignment-1/artifacts/task1/cue_conflict/candidates/p04_r05_a_to_b.png,4cea3d6c5a115fbc1af5620ec4e948c22781284d242667837f415e0512aaf502,224,224,0.0,1.0,0.4401523768901825,0.2409939169883728,False,rejected,content object is no longer visually recognizable,Shaheer Ahmad Masood (SAM),True
p04_r05_b_to_a,4,truck__horse,5,b_to_a,horse_shape__truck_texture,5729,6,horse,6931,9,truck,6,horse,9,truck,6304,0.8,True,/content/drive/MyDrive/ATML-Assignment-1/artifacts/task1/cue_conflict/candidates/p04_r05_b_to_a.png,2b8604bccccebdb7cb173d979b7a7ae985b4e7dddf2980a420ae35546e636fb5,224,224,0.0,1.0,0.4758850336074829,0.2663346230983734,False,rejected,content object is no longer visually recognizable,Shaheer Ahmad Masood (SAM),True
p04_r06_a_to_b,4,truck__horse,6,a_to_b,truck_shape__horse_texture,2114,9,truck,3292,6,horse,9,truck,6,horse,6304,0.8,True,/content/drive/MyDrive/ATML-Assignment-1/artifacts/task1/cue_conflict/candidates/p04_r06_a_to_b.png,a5d447ebf2a925f680f28b8acf6790971866dabf71ef6585001303ee97cc7bd7,224,224,0.0,1.0,0.28522321581840515,0.24401386082172394,False,accepted,,Shaheer Ahmad Masood (SAM),True
p04_r06_b_to_a,4,truck__horse,6,b_to_a,horse_shape__truck_texture,3292,6,horse,2114,9,truck,6,horse,9,truck,6304,0.8,True,/content/drive/MyDrive/ATML-Assignment-1/artifacts/task1/cue_conflict/candidates/p04_r06_b_to_a.png,4c387771ebdba6808ca66eb7ab09b32d853d95b2d9bb26b596afa0bdf9dd421e,224,224,0.0,1.0,0.30046164989471436,0.254937082529068,False,accepted,,Shaheer Ahmad Masood (SAM),True
p04_r07_a_to_b,4,truck__horse,7,a_to_b,truck_shape__horse_texture,2062,9,truck,4754,6,horse,9,truck,6,horse,6304,0.8,True,/content/drive/MyDrive/ATML-Assignment-1/artifacts/task1/cue_conflict/candidates/p04_r07_a_to_b.png,d88d41589a693c4416bb32ce83e7f08064b550633fc03701bdc56f12d7387639,224,224,0.0,1.0,0.5299623608589172,0.23144562542438507,False,accepted,,Shaheer Ahmad Masood (SAM),True
p04_r07_b_to_a,4,truck__horse,7,b_to_a,horse_shape__truck_texture,4754,6,horse,2062,9,truck,6,horse,9,truck,6304,0.8,True,/content/drive/MyDrive/ATML-Assignment-1/artifacts/task1/cue_conflict/candidates/p04_r07_b_to_a.png,27a366ffad2d9415663107f701bd64cae7f844901c7bf8fd34ab56eb3bac8e0c,224,224,0.0,1.0,0.5776671767234802,0.26280477643013,False,rejected,content object is no longer visually recognizable,Shaheer Ahmad Masood (SAM),True
p04_r08_a_to_b,4,truck__horse,8,a_to_b,truck_shape__horse_texture,7380,9,truck,4093,6,horse,9,truck,6,horse,6304,0.8,True,/content/drive/MyDrive/ATML-Assignment-1/artifacts/task1/cue_conflict/candidates/p04_r08_a_to_b.png,733818cc3e7840c51f61a544c441706350079c63034d41ed8741307c0e5dd4d6,224,224,0.0,1.0,0.28051868081092834,0.26516368985176086,False,accepted,,Shaheer Ahmad Masood (SAM),True
p04_r08_b_to_a,4,truck__horse,8,b_to_a,horse_shape__truck_texture,4093,6,horse,7380,9,truck,6,horse,9,truck,6304,0.8,True,/content/drive/MyDrive/ATML-Assignment-1/artifacts/task1/cue_conflict/candidates/p04_r08_b_to_a.png,19dd65b13bf124b792a1fa1c4656269cde1b99f092d07173524a49b9f50b88d5,224,224,0.0,0.9056580066680908,0.26094958186149597,0.2109171748161316,False,accepted,,Shaheer Ahmad Masood (SAM),True
p04_r09_a_to_b,4,truck__horse,9,a_to_b,truck_shape__horse_texture,5284,9,truck,7108,6,horse,9,truck,6,horse,6304,0.8,True,/content/drive/MyDrive/ATML-Assignment-1/artifacts/task1/cue_conflict/candidates/p04_r09_a_to_b.png,38404c4c3e2a42debbe769c2ea04f7fd94e36dbc99caa2bb2429184fc66740fb,224,224,0.0,1.0,0.5203205943107605,0.2450496405363083,False,accepted,,Shaheer Ahmad Masood (SAM),True
p04_r09_b_to_a,4,truck__horse,9,b_to_a,horse_shape__truck_texture,7108,6,horse,5284,9,truck,6,horse,9,truck,6304,0.8,True,/content/drive/MyDrive/ATML-Assignment-1/artifacts/task1/cue_conflict/candidates/p04_r09_b_to_a.png,c4c76696296b4c007203f9aa661b156b2bde79f67c5be76c47830da82a7c98f5,224,224,0.0,1.0,0.47126930952072144,0.24472664296627045,False,accepted,,Shaheer Ahmad Masood (SAM),True
p04_r10_a_to_b,4,truck__horse,10,a_to_b,truck_shape__horse_texture,4449,9,truck,7600,6,horse,9,truck,6,horse,6304,0.8,True,/content/drive/MyDrive/ATML-Assignment-1/artifacts/task1/cue_conflict/candidates/p04_r10_a_to_b.png,d12c540b3d024ca41cb0f88649316570c8b9cc0808d11d8c24a50ad297d3a58b,224,224,0.0,1.0,0.4184696078300476,0.2849522829055786,False,rejected,content object is no longer visually recognizable,Shaheer Ahmad Masood (SAM),True
p04_r10_b_to_a,4,truck__horse,10,b_to_a,horse_shape__truck_texture,7600,6,horse,4449,9,truck,6,horse,9,truck,6304,0.8,True,/content/drive/MyDrive/ATML-Assignment-1/artifacts/task1/cue_conflict/candidates/p04_r10_b_to_a.png,4a50123afb173557c5d5731d464ce0c5ce67b138c5412b9843656829c0aaea4d,224,224,0.0,1.0,0.3870490789413452,0.28028860688209534,False,accepted,,Shaheer Ahmad Masood (SAM),True
p04_r11_a_to_b,4,truck__horse,11,a_to_b,truck_shape__horse_texture,191,9,truck,7781,6,horse,9,truck,6,horse,6304,0.8,True,/content/drive/MyDrive/ATML-Assignment-1/artifacts/task1/cue_conflict/candidates/p04_r11_a_to_b.png,c7ff5147f7f9728d725e2f5a05ed281c5744345db630e77941283c296a9a3e67,224,224,0.03720058500766754,0.9464449286460876,0.3990497589111328,0.22444987297058105,False,accepted,,Shaheer Ahmad Masood (SAM),True
p04_r11_b_to_a,4,truck__horse,11,b_to_a,horse_shape__truck_texture,7781,6,horse,191,9,truck,6,horse,9,truck,6304,0.8,True,/content/drive/MyDrive/ATML-Assignment-1/artifacts/task1/cue_conflict/candidates/p04_r11_b_to_a.png,934547a1182b6e5eb5d3a27d8d03a9f19752324ef6f76c54828944bdc8b80553,224,224,0.0,1.0,0.3926464319229126,0.28185075521469116,False,accepted,,Shaheer Ahmad Masood (SAM),True
p04_r12_a_to_b,4,truck__horse,12,a_to_b,truck_shape__horse_texture,4723,9,truck,7338,6,horse,9,truck,6,horse,6304,0.8,True,/content/drive/MyDrive/ATML-Assignment-1/artifacts/task1/cue_conflict/candidates/p04_r12_a_to_b.png,14882da7aada85f879823e4b8bdf593835e7bffa4746275a2d2bda0bdeb4e81b,224,224,0.0039170049130916595,1.0,0.5448457598686218,0.24516357481479645,False,accepted,,Shaheer Ahmad Masood (SAM),True
p04_r12_b_to_a,4,truck__horse,12,b_to_a,horse_shape__truck_texture,7338,6,horse,4723,9,truck,6,horse,9,truck,6304,0.8,True,/content/drive/MyDrive/ATML-Assignment-1/artifacts/task1/cue_conflict/candidates/p04_r12_b_to_a.png,2b50469a7a37e6e0a701ef5286e3f616d7f250e81a4162587273189efafbdc77,224,224,0.0,1.0,0.5424335598945618,0.23990824818611145,False,accepted,,Shaheer Ahmad Masood (SAM),True
p04_r13_a_to_b,4,truck__horse,13,a_to_b,truck_shape__horse_texture,1430,9,truck,5580,6,horse,9,truck,6,horse,6304,0.8,True,/content/drive/MyDrive/ATML-Assignment-1/artifacts/task1/cue_conflict/candidates/p04_r13_a_to_b.png,35661b07efb1d6988e698e6f95cba0f952728a41a61597dba58bc52bcbd93223,224,224,0.0,1.0,0.46173179149627686,0.2946533262729645,False,accepted,,Shaheer Ahmad Masood (SAM),True
p04_r13_b_to_a,4,truck__horse,13,b_to_a,horse_shape__truck_texture,5580,6,horse,1430,9,truck,6,horse,9,truck,6304,0.8,True,/content/drive/MyDrive/ATML-Assignment-1/artifacts/task1/cue_conflict/candidates/p04_r13_b_to_a.png,f81c47fadaa025cb2a4cd4f776d383dc8468fc356fa3075dcff9e8d489423c44,224,224,0.0,1.0,0.45602115988731384,0.25410953164100647,False,accepted,,Shaheer Ahmad Masood (SAM),True
p04_r14_a_to_b,4,truck__horse,14,a_to_b,truck_shape__horse_texture,3893,9,truck,3494,6,horse,9,truck,6,horse,6304,0.8,True,/content/drive/MyDrive/ATML-Assignment-1/artifacts/task1/cue_conflict/candidates/p04_r14_a_to_b.png,972c4d1bd381a52cdcc1f0e6ba581093451df116fe66b04451c8567e24f60452,224,224,0.0,0.9792743921279907,0.29836559295654297,0.20418357849121094,False,accepted,,Shaheer Ahmad Masood (SAM),True
p04_r14_b_to_a,4,truck__horse,14,b_to_a,horse_shape__truck_texture,3494,6,horse,3893,9,truck,6,horse,9,truck,6304,0.8,True,/content/drive/MyDrive/ATML-Assignment-1/artifacts/task1/cue_conflict/candidates/p04_r14_b_to_a.png,369cfd235f33e11d629f22a03c1dfcc23b4de4caa454bff4507827a8b6933e7d,224,224,0.0,1.0,0.30400463938713074,0.24198730289936066,False,accepted,,Shaheer Ahmad Masood (SAM),True
p04_r15_a_to_b,4,truck__horse,15,a_to_b,truck_shape__horse_texture,5851,9,truck,4620,6,horse,9,truck,6,horse,6304,0.8,True,/content/drive/MyDrive/ATML-Assignment-1/artifacts/task1/cue_conflict/candidates/p04_r15_a_to_b.png,270f1a21a3ef875204ad1168f8a316a467fb4e9e4a26f9082b23e396372c5e82,224,224,0.0,1.0,0.4178149402141571,0.2588019371032715,False,accepted,,Shaheer Ahmad Masood (SAM),True
p04_r15_b_to_a,4,truck__horse,15,b_to_a,horse_shape__truck_texture,4620,6,horse,5851,9,truck,6,horse,9,truck,6304,0.8,True,/content/drive/MyDrive/ATML-Assignment-1/artifacts/task1/cue_conflict/candidates/p04_r15_b_to_a.png,a45e82843ec839dc5388bc9b8a729224ed9d4d8b65779138e1aab078069b48f1,224,224,0.05729805678129196,1.0,0.4842990040779114,0.2283926159143448,False,rejected,content object is no longer visually recognizable,Shaheer Ahmad Masood (SAM),True
p04_r16_a_to_b,4,truck__horse,16,a_to_b,truck_shape__horse_texture,7938,9,truck,920,6,horse,9,truck,6,horse,6304,0.8,True,/content/drive/MyDrive/ATML-Assignment-1/artifacts/task1/cue_conflict/candidates/p04_r16_a_to_b.png,a43d91931e2cebd8d6132f1708e5ddc357ab5f0662143e6e408d04e40eed4439,224,224,0.0,1.0,0.4490269720554352,0.23362910747528076,False,accepted,,Shaheer Ahmad Masood (SAM),True
p04_r16_b_to_a,4,truck__horse,16,b_to_a,horse_shape__truck_texture,920,6,horse,7938,9,truck,6,horse,9,truck,6304,0.8,True,/content/drive/MyDrive/ATML-Assignment-1/artifacts/task1/cue_conflict/candidates/p04_r16_b_to_a.png,25f6db897b6e3eb5728acdfeb0dc5617d4585a2c387a816bb7da72bead85c5f0,224,224,0.0,0.9928984642028809,0.3421820402145386,0.22053396701812744,False,accepted,,Shaheer Ahmad Masood (SAM),True
p04_r17_a_to_b,4,truck__horse,17,a_to_b,truck_shape__horse_texture,4094,9,truck,3191,6,horse,9,truck,6,horse,6304,0.8,True,/content/drive/MyDrive/ATML-Assignment-1/artifacts/task1/cue_conflict/candidates/p04_r17_a_to_b.png,71d874b2733b65ca08daa58111048c3ff1d2092983101065b87e263964c1328b,224,224,0.0,1.0,0.30616316199302673,0.20346760749816895,False,accepted,,Shaheer Ahmad Masood (SAM),True
p04_r17_b_to_a,4,truck__horse,17,b_to_a,horse_shape__truck_texture,3191,6,horse,4094,9,truck,6,horse,9,truck,6304,0.8,True,/content/drive/MyDrive/ATML-Assignment-1/artifacts/task1/cue_conflict/candidates/p04_r17_b_to_a.png,3682a0e08c0f0b52a40fc84227ddcfa6f1a16136b5713fdc32c1bcdef62ce88f,224,224,0.0,1.0,0.5518088936805725,0.2603764533996582,False,rejected,content object is no longer visually recognizable,Shaheer Ahmad Masood (SAM),True
p04_r18_a_to_b,4,truck__horse,18,a_to_b,truck_shape__horse_texture,419,9,truck,5857,6,horse,9,truck,6,horse,6304,0.8,True,/content/drive/MyDrive/ATML-Assignment-1/artifacts/task1/cue_conflict/candidates/p04_r18_a_to_b.png,dbd8c226f5e6a1b53d147854c53fae9e0e744e26780df4d0d97d7357e8453341,224,224,0.0,1.0,0.5506906509399414,0.3988787829875946,False,accepted,,Shaheer Ahmad Masood (SAM),True
p04_r18_b_to_a,4,truck__horse,18,b_to_a,horse_shape__truck_texture,5857,6,horse,419,9,truck,6,horse,9,truck,6304,0.8,True,/content/drive/MyDrive/ATML-Assignment-1/artifacts/task1/cue_conflict/candidates/p04_r18_b_to_a.png,443ff1ddf0c0c21492bbefe8bc40f433f31a3e33df46347dc2e3a2d3b71cad27,224,224,0.0,1.0,0.5549212098121643,0.37047338485717773,False,rejected,no perceptible style or texture transfer occurred,Shaheer Ahmad Masood (SAM),True
p04_r19_a_to_b,4,truck__horse,19,a_to_b,truck_shape__horse_texture,2011,9,truck,6713,6,horse,9,truck,6,horse,6304,0.8,True,/content/drive/MyDrive/ATML-Assignment-1/artifacts/task1/cue_conflict/candidates/p04_r19_a_to_b.png,936c92df5376db702dee8a67859bba8a5ce1452584c6a9ff7e7fd2a80a0593b2,224,224,0.0,1.0,0.4037701189517975,0.24966782331466675,False,accepted,,Shaheer Ahmad Masood (SAM),True
p04_r19_b_to_a,4,truck__horse,19,b_to_a,horse_shape__truck_texture,6713,6,horse,2011,9,truck,6,horse,9,truck,6304,0.8,True,/content/drive/MyDrive/ATML-Assignment-1/artifacts/task1/cue_conflict/candidates/p04_r19_b_to_a.png,eeb8e7a32e8f4ea189d3134020681405e775656c8e85bd0762ce278e41c8815d,224,224,0.0,0.9646756649017334,0.3813421130180359,0.22955921292304993,False,accepted,,Shaheer Ahmad Masood (SAM),True
p04_r20_a_to_b,4,truck__horse,20,a_to_b,truck_shape__horse_texture,1411,9,truck,2610,6,horse,9,truck,6,horse,6304,0.8,True,/content/drive/MyDrive/ATML-Assignment-1/artifacts/task1/cue_conflict/candidates/p04_r20_a_to_b.png,b33854a598b1aff3956e6d17ee126164e21cd21b4fc65d4865b6b0a759d97035,224,224,0.0,0.9705337882041931,0.30159035325050354,0.1906398981809616,False,accepted,,Shaheer Ahmad Masood (SAM),True
p04_r20_b_to_a,4,truck__horse,20,b_to_a,horse_shape__truck_texture,2610,6,horse,1411,9,truck,6,horse,9,truck,6304,0.8,True,/content/drive/MyDrive/ATML-Assignment-1/artifacts/task1/cue_conflict/candidates/p04_r20_b_to_a.png,2f047296ba310e2ce12644af9980a5b9c549ea33a7970d6e887854a830b3c6d5,224,224,0.0,1.0,0.4496453106403351,0.2535426914691925,False,rejected,content object is no longer visually recognizable,Shaheer Ahmad Masood (SAM),True
p05_r01_a_to_b,5,bird__monkey,1,a_to_b,bird_shape__monkey_texture,95,1,bird,323,7,monkey,1,bird,7,monkey,6304,0.8,True,/content/drive/MyDrive/ATML-Assignment-1/artifacts/task1/cue_conflict/candidates/p05_r01_a_to_b.png,c49f4bb841ef4852fb756995b0aacd64243d094e43c0b0eb6441b82143619334,224,224,0.0,1.0,0.5846335887908936,0.22940926253795624,False,accepted,,Shaheer Ahmad Masood (SAM),True
p05_r01_b_to_a,5,bird__monkey,1,b_to_a,monkey_shape__bird_texture,323,7,monkey,95,1,bird,7,monkey,1,bird,6304,0.8,True,/content/drive/MyDrive/ATML-Assignment-1/artifacts/task1/cue_conflict/candidates/p05_r01_b_to_a.png,85da59fe45ce72274fa477d7050c63d018c2c641d7f35249bc06bb77393b2fbc,224,224,0.0,0.9865210652351379,0.5347872376441956,0.24668452143669128,False,rejected,no perceptible style or texture transfer occurred,Shaheer Ahmad Masood (SAM),True
p05_r02_a_to_b,5,bird__monkey,2,a_to_b,bird_shape__monkey_texture,3937,1,bird,6650,7,monkey,1,bird,7,monkey,6304,0.8,True,/content/drive/MyDrive/ATML-Assignment-1/artifacts/task1/cue_conflict/candidates/p05_r02_a_to_b.png,1a06894fb1f382ee8535704ff944bb8f30be09cd4a22619f9df160e22591d6b5,224,224,0.0,1.0,0.2852165699005127,0.22947156429290771,False,accepted,,Shaheer Ahmad Masood (SAM),True
p05_r02_b_to_a,5,bird__monkey,2,b_to_a,monkey_shape__bird_texture,6650,7,monkey,3937,1,bird,7,monkey,1,bird,6304,0.8,True,/content/drive/MyDrive/ATML-Assignment-1/artifacts/task1/cue_conflict/candidates/p05_r02_b_to_a.png,8db18b20c41d4c1f97fbe1abf04e92ecc06cd128b9ac73e6409ad2dee9fd98f9,224,224,0.0,1.0,0.32855600118637085,0.2652641832828522,False,rejected,content object is no longer visually recognizable,Shaheer Ahmad Masood (SAM),True
p05_r03_a_to_b,5,bird__monkey,3,a_to_b,bird_shape__monkey_texture,6169,1,bird,6190,7,monkey,1,bird,7,monkey,6304,0.8,True,/content/drive/MyDrive/ATML-Assignment-1/artifacts/task1/cue_conflict/candidates/p05_r03_a_to_b.png,45da3f34bad873aaf51516d833e8d8e26bce430b594565601860ac8ffb1d2c4f,224,224,0.0,1.0,0.3957257568836212,0.22040000557899475,False,accepted,,Shaheer Ahmad Masood (SAM),True
p05_r03_b_to_a,5,bird__monkey,3,b_to_a,monkey_shape__bird_texture,6190,7,monkey,6169,1,bird,7,monkey,1,bird,6304,0.8,True,/content/drive/MyDrive/ATML-Assignment-1/artifacts/task1/cue_conflict/candidates/p05_r03_b_to_a.png,a949ddebd7c60c863f43f63177def04729c416dc9813d5b3af5b0aaa4129bccb,224,224,0.0,1.0,0.3305644690990448,0.2348785400390625,False,rejected,content object is no longer visually recognizable,Shaheer Ahmad Masood (SAM),True
p05_r04_a_to_b,5,bird__monkey,4,a_to_b,bird_shape__monkey_texture,5560,1,bird,4661,7,monkey,1,bird,7,monkey,6304,0.8,True,/content/drive/MyDrive/ATML-Assignment-1/artifacts/task1/cue_conflict/candidates/p05_r04_a_to_b.png,9bf7dd5ef7a1e97b37d8199dff442c3051d5943c3c7cf6f9e51dcdb82c046ebf,224,224,0.0,1.0,0.4314745366573334,0.19700875878334045,False,accepted,,Shaheer Ahmad Masood (SAM),True
p05_r04_b_to_a,5,bird__monkey,4,b_to_a,monkey_shape__bird_texture,4661,7,monkey,5560,1,bird,7,monkey,1,bird,6304,0.8,True,/content/drive/MyDrive/ATML-Assignment-1/artifacts/task1/cue_conflict/candidates/p05_r04_b_to_a.png,2b1f88b6510b9afe50aaf3a94fcd1447f11446b8c7a220603df92d10bba09e93,224,224,0.0,1.0,0.40013474225997925,0.2145811766386032,False,rejected,content object is no longer visually recognizable,Shaheer Ahmad Masood (SAM),True
p05_r05_a_to_b,5,bird__monkey,5,a_to_b,bird_shape__monkey_texture,1115,1,bird,4172,7,monkey,1,bird,7,monkey,6304,0.8,True,/content/drive/MyDrive/ATML-Assignment-1/artifacts/task1/cue_conflict/candidates/p05_r05_a_to_b.png,a4215832753384d221e01ada6202f94da0384f4148ee79a9ebb6635d289a6f73,224,224,0.0,1.0,0.3552106022834778,0.25820276141166687,False,accepted,,Shaheer Ahmad Masood (SAM),True
p05_r05_b_to_a,5,bird__monkey,5,b_to_a,monkey_shape__bird_texture,4172,7,monkey,1115,1,bird,7,monkey,1,bird,6304,0.8,True,/content/drive/MyDrive/ATML-Assignment-1/artifacts/task1/cue_conflict/candidates/p05_r05_b_to_a.png,0c246a4180ade51c9c24ef1842384cc19f8398733f9de6c02cbbe2aafbeceeba,224,224,0.0,1.0,0.3330838680267334,0.2590218484401703,False,accepted,,Shaheer Ahmad Masood (SAM),True
p05_r06_a_to_b,5,bird__monkey,6,a_to_b,bird_shape__monkey_texture,6938,1,bird,1711,7,monkey,1,bird,7,monkey,6304,0.8,True,/content/drive/MyDrive/ATML-Assignment-1/artifacts/task1/cue_conflict/candidates/p05_r06_a_to_b.png,4344df9de47d35a66b863d2df7ccc56f4ae00dc1bbb0a6039dd37c3f96c033b1,224,224,0.0,1.0,0.4345434904098511,0.2728898525238037,False,accepted,,Shaheer Ahmad Masood (SAM),True
p05_r06_b_to_a,5,bird__monkey,6,b_to_a,monkey_shape__bird_texture,1711,7,monkey,6938,1,bird,7,monkey,1,bird,6304,0.8,True,/content/drive/MyDrive/ATML-Assignment-1/artifacts/task1/cue_conflict/candidates/p05_r06_b_to_a.png,f8ec6b81938d9f22106f6703fdad7dfc1c35f4d53edb87ba4ad5366d33605206,224,224,0.04017012193799019,0.9988543391227722,0.42306870222091675,0.23931074142456055,False,accepted,,Shaheer Ahmad Masood (SAM),True
p05_r07_a_to_b,5,bird__monkey,7,a_to_b,bird_shape__monkey_texture,1109,1,bird,4403,7,monkey,1,bird,7,monkey,6304,0.8,True,/content/drive/MyDrive/ATML-Assignment-1/artifacts/task1/cue_conflict/candidates/p05_r07_a_to_b.png,98f29f58f9d63a0b446d30669ce32376e9a76dce4df698b19d4aeb7a6546c277,224,224,0.0,1.0,0.410687118768692,0.23128746449947357,False,accepted,,Shaheer Ahmad Masood (SAM),True
p05_r07_b_to_a,5,bird__monkey,7,b_to_a,monkey_shape__bird_texture,4403,7,monkey,1109,1,bird,7,monkey,1,bird,6304,0.8,True,/content/drive/MyDrive/ATML-Assignment-1/artifacts/task1/cue_conflict/candidates/p05_r07_b_to_a.png,f786f8cb99136a3bf3b6649e0a456eac9cd0888cae6fb9bfd96a9f7931ee27da,224,224,0.01975959911942482,1.0,0.5446692109107971,0.2167889028787613,False,accepted,,Shaheer Ahmad Masood (SAM),True
p05_r08_a_to_b,5,bird__monkey,8,a_to_b,bird_shape__monkey_texture,3550,1,bird,1703,7,monkey,1,bird,7,monkey,6304,0.8,True,/content/drive/MyDrive/ATML-Assignment-1/artifacts/task1/cue_conflict/candidates/p05_r08_a_to_b.png,2b15d935ea196e9bc5a8f7e5bc1c44fbd46d65994f7622e9afdf32d96dbfe12d,224,224,0.0,0.8441489338874817,0.38100770115852356,0.15473972260951996,False,rejected,content object is no longer visually recognizable,Shaheer Ahmad Masood (SAM),True
p05_r08_b_to_a,5,bird__monkey,8,b_to_a,monkey_shape__bird_texture,1703,7,monkey,3550,1,bird,7,monkey,1,bird,6304,0.8,True,/content/drive/MyDrive/ATML-Assignment-1/artifacts/task1/cue_conflict/candidates/p05_r08_b_to_a.png,0e605f041a6fb598c5c5ddd055bdfecaf3c7a6ab4329746febc5a3eeaf750023,224,224,0.04497905820608139,0.9618345499038696,0.634529173374176,0.16686184704303741,False,rejected,content object is no longer visually recognizable,Shaheer Ahmad Masood (SAM),True
p05_r09_a_to_b,5,bird__monkey,9,a_to_b,bird_shape__monkey_texture,2070,1,bird,1048,7,monkey,1,bird,7,monkey,6304,0.8,True,/content/drive/MyDrive/ATML-Assignment-1/artifacts/task1/cue_conflict/candidates/p05_r09_a_to_b.png,c90a163ca1eb48c75e4ab70174734db857a57ed37ea87b3e7608f3c50ccb0f9c,224,224,0.0,0.9658421874046326,0.3957540690898895,0.17149387300014496,False,rejected,content object is no longer visually recognizable,Shaheer Ahmad Masood (SAM),True
p05_r09_b_to_a,5,bird__monkey,9,b_to_a,monkey_shape__bird_texture,1048,7,monkey,2070,1,bird,7,monkey,1,bird,6304,0.8,True,/content/drive/MyDrive/ATML-Assignment-1/artifacts/task1/cue_conflict/candidates/p05_r09_b_to_a.png,909777d89cb3997c66882a6d0f572e2afc77402438339a7cc17b460dadad0f45,224,224,0.0,1.0,0.3749980926513672,0.22372493147850037,False,accepted,,Shaheer Ahmad Masood (SAM),True
p05_r10_a_to_b,5,bird__monkey,10,a_to_b,bird_shape__monkey_texture,4640,1,bird,1287,7,monkey,1,bird,7,monkey,6304,0.8,True,/content/drive/MyDrive/ATML-Assignment-1/artifacts/task1/cue_conflict/candidates/p05_r10_a_to_b.png,5eba324df619ba5d89e4a1c2471b8d169f70dc1a526eeb33fc1b32038d644de2,224,224,0.0,1.0,0.5191273093223572,0.2142605483531952,False,accepted,,Shaheer Ahmad Masood (SAM),True
p05_r10_b_to_a,5,bird__monkey,10,b_to_a,monkey_shape__bird_texture,1287,7,monkey,4640,1,bird,7,monkey,1,bird,6304,0.8,True,/content/drive/MyDrive/ATML-Assignment-1/artifacts/task1/cue_conflict/candidates/p05_r10_b_to_a.png,e4710ff9a9e91744a8d5a47c379c8b43b535cf52bde07f5ffa32f9376cf3334c,224,224,0.0,1.0,0.45037001371383667,0.2185782939195633,False,rejected,content object is no longer visually recognizable,Shaheer Ahmad Masood (SAM),True
p05_r11_a_to_b,5,bird__monkey,11,a_to_b,bird_shape__monkey_texture,825,1,bird,1473,7,monkey,1,bird,7,monkey,6304,0.8,True,/content/drive/MyDrive/ATML-Assignment-1/artifacts/task1/cue_conflict/candidates/p05_r11_a_to_b.png,2d4187d9bb9ce5ae1145ec5762e9b15662ea996561c802a7dbf624ddaef7e8c4,224,224,0.0,1.0,0.3584572374820709,0.21642473340034485,False,accepted,,Shaheer Ahmad Masood (SAM),True
p05_r11_b_to_a,5,bird__monkey,11,b_to_a,monkey_shape__bird_texture,1473,7,monkey,825,1,bird,7,monkey,1,bird,6304,0.8,True,/content/drive/MyDrive/ATML-Assignment-1/artifacts/task1/cue_conflict/candidates/p05_r11_b_to_a.png,5481666654bfe86be4133a13732ce04f9316c7b5b93da3bcfd5d327835e08043,224,224,0.06689824908971786,0.9689845442771912,0.49060630798339844,0.21207135915756226,False,rejected,content object is no longer visually recognizable,Shaheer Ahmad Masood (SAM),True
p05_r12_a_to_b,5,bird__monkey,12,a_to_b,bird_shape__monkey_texture,6594,1,bird,4704,7,monkey,1,bird,7,monkey,6304,0.8,True,/content/drive/MyDrive/ATML-Assignment-1/artifacts/task1/cue_conflict/candidates/p05_r12_a_to_b.png,2611540cf5a21fce74757bb9bd127903de683275530739c4cec9bfd5c8e6f719,224,224,0.0,1.0,0.4061349034309387,0.2274494618177414,False,accepted,,Shaheer Ahmad Masood (SAM),True
p05_r12_b_to_a,5,bird__monkey,12,b_to_a,monkey_shape__bird_texture,4704,7,monkey,6594,1,bird,7,monkey,1,bird,6304,0.8,True,/content/drive/MyDrive/ATML-Assignment-1/artifacts/task1/cue_conflict/candidates/p05_r12_b_to_a.png,d0f52849ce9179380570a5650df2b2f157aa5996ed3d4158df94761664b90937,224,224,0.0,1.0,0.4628846049308777,0.2513955533504486,False,rejected,content object is no longer visually recognizable,Shaheer Ahmad Masood (SAM),True
p05_r13_a_to_b,5,bird__monkey,13,a_to_b,bird_shape__monkey_texture,261,1,bird,3467,7,monkey,1,bird,7,monkey,6304,0.8,True,/content/drive/MyDrive/ATML-Assignment-1/artifacts/task1/cue_conflict/candidates/p05_r13_a_to_b.png,11418af729091a0a39c0da3f68d79d3af0d792f8022450847167085cec9e16c4,224,224,0.14459717273712158,0.9337917566299438,0.5128164291381836,0.13962092995643616,False,accepted,,Shaheer Ahmad Masood (SAM),True
p05_r13_b_to_a,5,bird__monkey,13,b_to_a,monkey_shape__bird_texture,3467,7,monkey,261,1,bird,7,monkey,1,bird,6304,0.8,True,/content/drive/MyDrive/ATML-Assignment-1/artifacts/task1/cue_conflict/candidates/p05_r13_b_to_a.png,d3dd52506d70117d4870d401d1f9d0b4e8c1648deb579657ec3b9c80c1d9996e,224,224,0.014994939789175987,1.0,0.49258115887641907,0.19969183206558228,False,rejected,content object is no longer visually recognizable,Shaheer Ahmad Masood (SAM),True
p05_r14_a_to_b,5,bird__monkey,14,a_to_b,bird_shape__monkey_texture,116,1,bird,1296,7,monkey,1,bird,7,monkey,6304,0.8,True,/content/drive/MyDrive/ATML-Assignment-1/artifacts/task1/cue_conflict/candidates/p05_r14_a_to_b.png,4d148d705ed15b2da72b8ead8a2b17f3e8bf01a635d5c5e2e9a1594b7606231e,224,224,0.0,1.0,0.4477630853652954,0.2817510962486267,False,accepted,,Shaheer Ahmad Masood (SAM),True
p05_r14_b_to_a,5,bird__monkey,14,b_to_a,monkey_shape__bird_texture,1296,7,monkey,116,1,bird,7,monkey,1,bird,6304,0.8,True,/content/drive/MyDrive/ATML-Assignment-1/artifacts/task1/cue_conflict/candidates/p05_r14_b_to_a.png,3393ccfd0bebda1036099e7ce6cafceabe6e7b132bc01e55f35b7d9116fc3e3c,224,224,0.0,1.0,0.4211612641811371,0.2859227955341339,False,rejected,content object is no longer visually recognizable,Shaheer Ahmad Masood (SAM),True
p05_r15_a_to_b,5,bird__monkey,15,a_to_b,bird_shape__monkey_texture,2687,1,bird,5450,7,monkey,1,bird,7,monkey,6304,0.8,True,/content/drive/MyDrive/ATML-Assignment-1/artifacts/task1/cue_conflict/candidates/p05_r15_a_to_b.png,e368276b04511c41d86369d7984f3b3ad1bfd7d897776dfcdd0b6e694cb1d7c3,224,224,0.023048605769872665,0.9636076092720032,0.30019065737724304,0.19363829493522644,False,accepted,,Shaheer Ahmad Masood (SAM),True
p05_r15_b_to_a,5,bird__monkey,15,b_to_a,monkey_shape__bird_texture,5450,7,monkey,2687,1,bird,7,monkey,1,bird,6304,0.8,True,/content/drive/MyDrive/ATML-Assignment-1/artifacts/task1/cue_conflict/candidates/p05_r15_b_to_a.png,134b08a166504c9fcf240a602408460bf9fe56538e8f32ffc63a516b4c9e7879,224,224,0.0,1.0,0.37820518016815186,0.23026803135871887,False,accepted,,Shaheer Ahmad Masood (SAM),True
p05_r16_a_to_b,5,bird__monkey,16,a_to_b,bird_shape__monkey_texture,5256,1,bird,1579,7,monkey,1,bird,7,monkey,6304,0.8,True,/content/drive/MyDrive/ATML-Assignment-1/artifacts/task1/cue_conflict/candidates/p05_r16_a_to_b.png,a9ca53fa0c5f5a1de495a24c50a1e56e1eec22e74146b3a5cb6ebbc1e62f81aa,224,224,0.0,1.0,0.25985488295555115,0.16772866249084473,False,accepted,,Shaheer Ahmad Masood (SAM),True
p05_r16_b_to_a,5,bird__monkey,16,b_to_a,monkey_shape__bird_texture,1579,7,monkey,5256,1,bird,7,monkey,1,bird,6304,0.8,True,/content/drive/MyDrive/ATML-Assignment-1/artifacts/task1/cue_conflict/candidates/p05_r16_b_to_a.png,a3335ddcf37f354e1854abc1980e7ebb1446af3a0d1707bce2aec0290bdbdd38,224,224,0.0,1.0,0.3036387860774994,0.20285816490650177,False,accepted,,Shaheer Ahmad Masood (SAM),True
p05_r17_a_to_b,5,bird__monkey,17,a_to_b,bird_shape__monkey_texture,1568,1,bird,1771,7,monkey,1,bird,7,monkey,6304,0.8,True,/content/drive/MyDrive/ATML-Assignment-1/artifacts/task1/cue_conflict/candidates/p05_r17_a_to_b.png,7c584f2a8e8bf4e13e73829201b2278176cf1d2f3f94db2b24d8901225f008fd,224,224,0.00965055450797081,0.7733807563781738,0.4327661693096161,0.1724897176027298,False,accepted,,Shaheer Ahmad Masood (SAM),True
p05_r17_b_to_a,5,bird__monkey,17,b_to_a,monkey_shape__bird_texture,1771,7,monkey,1568,1,bird,7,monkey,1,bird,6304,0.8,True,/content/drive/MyDrive/ATML-Assignment-1/artifacts/task1/cue_conflict/candidates/p05_r17_b_to_a.png,4f6a1e0c634ccc7ebae5d99035e20e01cb79efbdd6f2178ec215a1a462525ed9,224,224,0.0,1.0,0.4975782036781311,0.21611547470092773,False,accepted,,Shaheer Ahmad Masood (SAM),True
p05_r18_a_to_b,5,bird__monkey,18,a_to_b,bird_shape__monkey_texture,5220,1,bird,29,7,monkey,1,bird,7,monkey,6304,0.8,True,/content/drive/MyDrive/ATML-Assignment-1/artifacts/task1/cue_conflict/candidates/p05_r18_a_to_b.png,9adb915b7ab8e003e1c51c627dca4e7f13cafea3260c84285c349f0d1ec984a9,224,224,0.008357913233339787,0.8494418859481812,0.39765194058418274,0.16236722469329834,False,accepted,,Shaheer Ahmad Masood (SAM),True
p05_r18_b_to_a,5,bird__monkey,18,b_to_a,monkey_shape__bird_texture,29,7,monkey,5220,1,bird,7,monkey,1,bird,6304,0.8,True,/content/drive/MyDrive/ATML-Assignment-1/artifacts/task1/cue_conflict/candidates/p05_r18_b_to_a.png,86407f95992e1e4feaab8d3c0d02caf78f7f3b43c7fe6b8bba809b684f556dea,224,224,0.03467600420117378,0.7495595812797546,0.4180816411972046,0.14991797506809235,False,accepted,,Shaheer Ahmad Masood (SAM),True
p05_r19_a_to_b,5,bird__monkey,19,a_to_b,bird_shape__monkey_texture,6954,1,bird,1032,7,monkey,1,bird,7,monkey,6304,0.8,True,/content/drive/MyDrive/ATML-Assignment-1/artifacts/task1/cue_conflict/candidates/p05_r19_a_to_b.png,70edcafd0fa30481769f845ac615c75c860f6612f1c5796a23e155bb29292c22,224,224,0.0,1.0,0.3830837309360504,0.22625313699245453,False,accepted,,Shaheer Ahmad Masood (SAM),True
p05_r19_b_to_a,5,bird__monkey,19,b_to_a,monkey_shape__bird_texture,1032,7,monkey,6954,1,bird,7,monkey,1,bird,6304,0.8,True,/content/drive/MyDrive/ATML-Assignment-1/artifacts/task1/cue_conflict/candidates/p05_r19_b_to_a.png,d1472345a439587628b696fc360380ec0066e137bd6c660b432f89ac586462e2,224,224,0.0,0.9373554587364197,0.2334265112876892,0.17839671671390533,False,rejected,content object is no longer visually recognizable,Shaheer Ahmad Masood (SAM),True
p05_r20_a_to_b,5,bird__monkey,20,a_to_b,bird_shape__monkey_texture,2116,1,bird,6772,7,monkey,1,bird,7,monkey,6304,0.8,True,/content/drive/MyDrive/ATML-Assignment-1/artifacts/task1/cue_conflict/candidates/p05_r20_a_to_b.png,de2535e67bea92588571b51210824c0a99cf5e382441feff881a4ebb2d1e084e,224,224,0.0,1.0,0.3608236312866211,0.2160678505897522,False,accepted,,Shaheer Ahmad Masood (SAM),True
p05_r20_b_to_a,5,bird__monkey,20,b_to_a,monkey_shape__bird_texture,6772,7,monkey,2116,1,bird,7,monkey,1,bird,6304,0.8,True,/content/drive/MyDrive/ATML-Assignment-1/artifacts/task1/cue_conflict/candidates/p05_r20_b_to_a.png,1d6bbf37b01b4d9a9c6a58de7c6db488754d02a80d9043670b444b9de1e66b29,224,224,0.0,1.0,0.4443747103214264,0.2495655119419098,False,accepted,,Shaheer Ahmad Masood (SAM),True
p01_r21_a_to_b,1,airplane__cat,21,a_to_b,airplane_shape__cat_texture,4893,0,airplane,7744,3,cat,0,airplane,3,cat,6304,0.8,False,/content/drive/MyDrive/ATML-Assignment-1/artifacts/task1/cue_conflict/candidates/p01_r21_a_to_b.png,eeb23e1a267d93d795d419e669d39d3c32c0ac59a0ac6e82ffb341abbf01f5a4,224,224,0.0,1.0,0.3053847849369049,0.19331848621368408,False,accepted,,Shaheer Ahmad Masood (SAM),True
p01_r22_a_to_b,1,airplane__cat,22,a_to_b,airplane_shape__cat_texture,1977,0,airplane,365,3,cat,0,airplane,3,cat,6304,0.8,False,/content/drive/MyDrive/ATML-Assignment-1/artifacts/task1/cue_conflict/candidates/p01_r22_a_to_b.png,35d8510a11163597b671cc14fde912f05f8d8b8f2698ccbdbd7e15a7036f8bc4,224,224,0.0,0.9252564907073975,0.33310380578041077,0.16548477113246918,False,accepted,,Shaheer Ahmad Masood (SAM),True
p01_r23_a_to_b,1,airplane__cat,23,a_to_b,airplane_shape__cat_texture,6986,0,airplane,4531,3,cat,0,airplane,3,cat,6304,0.8,False,/content/drive/MyDrive/ATML-Assignment-1/artifacts/task1/cue_conflict/candidates/p01_r23_a_to_b.png,d75b223219b6933a723705f9682e7f0e02b16d8c6e07d9397f15dfbeae6e6377,224,224,0.03881166875362396,0.9035826921463013,0.42489874362945557,0.14653173089027405,False,accepted,,Shaheer Ahmad Masood (SAM),True
p01_r24_a_to_b,1,airplane__cat,24,a_to_b,airplane_shape__cat_texture,7634,0,airplane,632,3,cat,0,airplane,3,cat,6304,0.8,False,/content/drive/MyDrive/ATML-Assignment-1/artifacts/task1/cue_conflict/candidates/p01_r24_a_to_b.png,ece3bf0b71752725de3494a8ca00d6dce6a50c0b3fa7d35a1622818ccfe2cf4e,224,224,0.0,1.0,0.30872809886932373,0.20644521713256836,False,accepted,,Shaheer Ahmad Masood (SAM),True
p01_r25_a_to_b,1,airplane__cat,25,a_to_b,airplane_shape__cat_texture,6844,0,airplane,4023,3,cat,0,airplane,3,cat,6304,0.8,False,/content/drive/MyDrive/ATML-Assignment-1/artifacts/task1/cue_conflict/candidates/p01_r25_a_to_b.png,ed243b8ac4a876878ea60eae31fca6a7be29b017ef4fc1a02be7d5a784dd0329,224,224,0.0,1.0,0.5515038371086121,0.17228847742080688,False,accepted,,Shaheer Ahmad Masood (SAM),True
p01_r26_a_to_b,1,airplane__cat,26,a_to_b,airplane_shape__cat_texture,81,0,airplane,176,3,cat,0,airplane,3,cat,6304,0.8,False,/content/drive/MyDrive/ATML-Assignment-1/artifacts/task1/cue_conflict/candidates/p01_r26_a_to_b.png,bf92c3d575883bdd3be1f0169e74b0ecec7bb814dfed58375af869682d01099a,224,224,0.0,0.8386889100074768,0.35325029492378235,0.15398646891117096,False,accepted,,Shaheer Ahmad Masood (SAM),True
p01_r27_a_to_b,1,airplane__cat,27,a_to_b,airplane_shape__cat_texture,3965,0,airplane,3851,3,cat,0,airplane,3,cat,6304,0.8,False,/content/drive/MyDrive/ATML-Assignment-1/artifacts/task1/cue_conflict/candidates/p01_r27_a_to_b.png,52b7029af47cc87e0137fb94057b533e6076e02b74ff32fc06be9fbed899dac1,224,224,0.0,0.8988586664199829,0.5001722574234009,0.16617673635482788,False,accepted,,Shaheer Ahmad Masood (SAM),True
p05_r21_a_to_b,5,bird__monkey,21,a_to_b,bird_shape__monkey_texture,3491,1,bird,2746,7,monkey,1,bird,7,monkey,6304,0.8,False,/content/drive/MyDrive/ATML-Assignment-1/artifacts/task1/cue_conflict/candidates/p05_r21_a_to_b.png,a51825be0ce26d8b03024758ba97d192ddff48348d0ee9fb2315498286bc6cd8,224,224,0.0,1.0,0.49544161558151245,0.19374558329582214,False,accepted,,Shaheer Ahmad Masood (SAM),True
p05_r22_a_to_b,5,bird__monkey,22,a_to_b,bird_shape__monkey_texture,5092,1,bird,1220,7,monkey,1,bird,7,monkey,6304,0.8,False,/content/drive/MyDrive/ATML-Assignment-1/artifacts/task1/cue_conflict/candidates/p05_r22_a_to_b.png,d0668a6dd959a86a9becb56e14dc95096ad5c66f92aa2d1486417d8d2d56d118,224,224,0.0020968979224562645,1.0,0.5131417512893677,0.19031980633735657,False,accepted,,Shaheer Ahmad Masood (SAM),True
p02_r21_a_to_b,2,car__deer,21,a_to_b,car_shape__deer_texture,483,2,car,7610,4,deer,2,car,4,deer,6304,0.8,False,/content/drive/MyDrive/ATML-Assignment-1/artifacts/task1/cue_conflict/candidates/p02_r21_a_to_b.png,1cb6b35f3fef741f8e10e9e9eb94d161d11b35ed55fc8555e9bef980105e3541,224,224,0.018136708065867424,1.0,0.40622037649154663,0.17509695887565613,False,accepted,,Shaheer Ahmad Masood (SAM),True
p02_r22_a_to_b,2,car__deer,22,a_to_b,car_shape__deer_texture,4735,2,car,3179,4,deer,2,car,4,deer,6304,0.8,False,/content/drive/MyDrive/ATML-Assignment-1/artifacts/task1/cue_conflict/candidates/p02_r22_a_to_b.png,26cbb9c7836ebb8df69bfad3e82e89317a259e5c523528ac6723b3aa64dab8b6,224,224,0.0,1.0,0.2710401117801666,0.18549484014511108,False,accepted,,Shaheer Ahmad Masood (SAM),True
p01_r21_b_to_a,1,airplane__cat,21,b_to_a,cat_shape__airplane_texture,7744,3,cat,4893,0,airplane,3,cat,0,airplane,6304,0.8,False,/content/drive/MyDrive/ATML-Assignment-1/artifacts/task1/cue_conflict/candidates/p01_r21_b_to_a.png,bd520177d4e1cbd93148278ff1839fc38ec195bd403f607caeee4f534d335ac9,224,224,0.10535506159067154,0.8269988298416138,0.5146241188049316,0.15218782424926758,False,rejected,content object is no longer visually recognizable,Shaheer Ahmad Masood (SAM),True
p01_r22_b_to_a,1,airplane__cat,22,b_to_a,cat_shape__airplane_texture,365,3,cat,1977,0,airplane,3,cat,0,airplane,6304,0.8,False,/content/drive/MyDrive/ATML-Assignment-1/artifacts/task1/cue_conflict/candidates/p01_r22_b_to_a.png,c86e812f9a7b7bbc4a70b0dd777e026c4db0a2cd8690de8f17dafc4b5223e89d,224,224,0.11845919489860535,1.0,0.6111390590667725,0.13252340257167816,False,rejected,content object is no longer visually recognizable,Shaheer Ahmad Masood (SAM),True
p01_r23_b_to_a,1,airplane__cat,23,b_to_a,cat_shape__airplane_texture,4531,3,cat,6986,0,airplane,3,cat,0,airplane,6304,0.8,False,/content/drive/MyDrive/ATML-Assignment-1/artifacts/task1/cue_conflict/candidates/p01_r23_b_to_a.png,41cbb61f81965c977ddafb4e8b71a70978a27066f932a1db7a053e7dbba4f516,224,224,0.0,1.0,0.4342736303806305,0.17515616118907928,False,rejected,content object is no longer visually recognizable,Shaheer Ahmad Masood (SAM),True
p01_r24_b_to_a,1,airplane__cat,24,b_to_a,cat_shape__airplane_texture,632,3,cat,7634,0,airplane,3,cat,0,airplane,6304,0.8,False,/content/drive/MyDrive/ATML-Assignment-1/artifacts/task1/cue_conflict/candidates/p01_r24_b_to_a.png,ca123cc5b137ce76c537db60408e3a0bc766103e83bf351359a6e63a594d757a,224,224,0.06358516961336136,0.9473371505737305,0.5657864212989807,0.17838191986083984,False,accepted,,Shaheer Ahmad Masood (SAM),True
p01_r25_b_to_a,1,airplane__cat,25,b_to_a,cat_shape__airplane_texture,4023,3,cat,6844,0,airplane,3,cat,0,airplane,6304,0.8,False,/content/drive/MyDrive/ATML-Assignment-1/artifacts/task1/cue_conflict/candidates/p01_r25_b_to_a.png,1f2b40755378698ce43c0500a98d207f1610d396bc18f1f7eaabe58416e31a08,224,224,0.06989346444606781,0.8813499808311462,0.5000823736190796,0.11654790490865707,False,accepted,,Shaheer Ahmad Masood (SAM),True
p01_r26_b_to_a,1,airplane__cat,26,b_to_a,cat_shape__airplane_texture,176,3,cat,81,0,airplane,3,cat,0,airplane,6304,0.8,False,/content/drive/MyDrive/ATML-Assignment-1/artifacts/task1/cue_conflict/candidates/p01_r26_b_to_a.png,d15ede1f4072c32c12ede23850ff67cc229e56ef7283b2f1f57d9a3e3895d523,224,224,0.04634745419025421,1.0,0.6070759296417236,0.21895094215869904,False,accepted,,Shaheer Ahmad Masood (SAM),True
p01_r27_b_to_a,1,airplane__cat,27,b_to_a,cat_shape__airplane_texture,3851,3,cat,3965,0,airplane,3,cat,0,airplane,6304,0.8,False,/content/drive/MyDrive/ATML-Assignment-1/artifacts/task1/cue_conflict/candidates/p01_r27_b_to_a.png,b36ee420d4181616951d84f8b283fe40d9593410896bf0cc29865bbecb23c753,224,224,0.0467953123152256,0.8201047778129578,0.498801052570343,0.1710047572851181,False,accepted,,Shaheer Ahmad Masood (SAM),True
p01_r28_b_to_a,1,airplane__cat,28,b_to_a,cat_shape__airplane_texture,391,3,cat,3455,0,airplane,3,cat,0,airplane,6304,0.8,False,/content/drive/MyDrive/ATML-Assignment-1/artifacts/task1/cue_conflict/candidates/p01_r28_b_to_a.png,e9b5366c621539bd991c35768e721690c9fa60b2e800912847d046c7adc804fc,224,224,0.016746090725064278,0.8932157754898071,0.466612845659256,0.23728077113628387,False,accepted,,Shaheer Ahmad Masood (SAM),True
p01_r29_b_to_a,1,airplane__cat,29,b_to_a,cat_shape__airplane_texture,3383,3,cat,7309,0,airplane,3,cat,0,airplane,6304,0.8,False,/content/drive/MyDrive/ATML-Assignment-1/artifacts/task1/cue_conflict/candidates/p01_r29_b_to_a.png,ac8297ecf60e0d02d12d6b61beee4fb9441171784688f8008e2d2e394354c769,224,224,0.0,1.0,0.536555290222168,0.24767491221427917,False,rejected,content object is no longer visually recognizable,Shaheer Ahmad Masood (SAM),True
p01_r30_b_to_a,1,airplane__cat,30,b_to_a,cat_shape__airplane_texture,4463,3,cat,1389,0,airplane,3,cat,0,airplane,6304,0.8,False,/content/drive/MyDrive/ATML-Assignment-1/artifacts/task1/cue_conflict/candidates/p01_r30_b_to_a.png,f8f268684decbf3e6c39a09d302c2f795a20ba16c82e17c2ad3e1e612dab7ee0,224,224,0.0613635890185833,1.0,0.6177994012832642,0.19757938385009766,False,accepted,,Shaheer Ahmad Masood (SAM),True
p01_r31_b_to_a,1,airplane__cat,31,b_to_a,cat_shape__airplane_texture,3375,3,cat,7465,0,airplane,3,cat,0,airplane,6304,0.8,False,/content/drive/MyDrive/ATML-Assignment-1/artifacts/task1/cue_conflict/candidates/p01_r31_b_to_a.png,bc44d84450f83b957f3c2ec22c676525b033d94655e6daeb2a8a99167d56c08a,224,224,0.0,0.9728225469589233,0.5591380000114441,0.19290530681610107,False,accepted,,Shaheer Ahmad Masood (SAM),True
p02_r21_b_to_a,2,car__deer,21,b_to_a,deer_shape__car_texture,7610,4,deer,483,2,car,4,deer,2,car,6304,0.8,False,/content/drive/MyDrive/ATML-Assignment-1/artifacts/task1/cue_conflict/candidates/p02_r21_b_to_a.png,b5145313e39a1be7b6763a6684c42b6cccd195d2193c613bc95fbb778089066e,224,224,0.0,0.9926876425743103,0.2953074872493744,0.185867041349411,False,accepted,,Shaheer Ahmad Masood (SAM),True
p02_r22_b_to_a,2,car__deer,22,b_to_a,deer_shape__car_texture,3179,4,deer,4735,2,car,4,deer,2,car,6304,0.8,False,/content/drive/MyDrive/ATML-Assignment-1/artifacts/task1/cue_conflict/candidates/p02_r22_b_to_a.png,d7f868c9a05320b2b673e2b2c4910ca2f9c1a0ba47261d7a7262e1517e306634,224,224,0.0,0.9158072471618652,0.2928473651409149,0.2317718118429184,False,accepted,,Shaheer Ahmad Masood (SAM),True
p02_r23_b_to_a,2,car__deer,23,b_to_a,deer_shape__car_texture,5077,4,deer,1586,2,car,4,deer,2,car,6304,0.8,False,/content/drive/MyDrive/ATML-Assignment-1/artifacts/task1/cue_conflict/candidates/p02_r23_b_to_a.png,c3a5cd3ba34f29d7059eb8ac3413d62399b7a43eab777f8e1d3a7d343066cc5d,224,224,0.0,1.0,0.3221992552280426,0.2372315376996994,False,accepted,,Shaheer Ahmad Masood (SAM),True
p02_r24_b_to_a,2,car__deer,24,b_to_a,deer_shape__car_texture,855,4,deer,6332,2,car,4,deer,2,car,6304,0.8,False,/content/drive/MyDrive/ATML-Assignment-1/artifacts/task1/cue_conflict/candidates/p02_r24_b_to_a.png,bea06824262e1bec174e57886970cb5677cd4c32a206b73527ca8ac3306873e2,224,224,0.0,1.0,0.27531856298446655,0.24468865990638733,False,rejected,content object is no longer visually recognizable,Shaheer Ahmad Masood (SAM),True
p02_r25_b_to_a,2,car__deer,25,b_to_a,deer_shape__car_texture,1111,4,deer,5824,2,car,4,deer,2,car,6304,0.8,False,/content/drive/MyDrive/ATML-Assignment-1/artifacts/task1/cue_conflict/candidates/p02_r25_b_to_a.png,85ef06b150c010db0ea359e2a88979cffd5e7d76c0edc9e207188d5f00297b32,224,224,0.0,1.0,0.5004626512527466,0.20774595439434052,False,accepted,,Shaheer Ahmad Masood (SAM),True
p02_r26_b_to_a,2,car__deer,26,b_to_a,deer_shape__car_texture,5213,4,deer,5183,2,car,4,deer,2,car,6304,0.8,False,/content/drive/MyDrive/ATML-Assignment-1/artifacts/task1/cue_conflict/candidates/p02_r26_b_to_a.png,fb2f93e4f1ca58dfefc8e9fcdb7ef06fecda67a3b09db76ba73ea85aa585bcb4,224,224,0.0,1.0,0.5074798464775085,0.21075505018234253,False,accepted,,Shaheer Ahmad Masood (SAM),True
p03_r21_b_to_a,3,ship__dog,21,b_to_a,dog_shape__ship_texture,6989,5,dog,4242,8,ship,5,dog,8,ship,6304,0.8,False,/content/drive/MyDrive/ATML-Assignment-1/artifacts/task1/cue_conflict/candidates/p03_r21_b_to_a.png,29e99fed89eba844a33ed771a75410c7c6c614b3abbd004f7b8962c2b3d16451,224,224,0.0,1.0,0.44891488552093506,0.3071754276752472,False,accepted,,Shaheer Ahmad Masood (SAM),True
p03_r22_b_to_a,3,ship__dog,22,b_to_a,dog_shape__ship_texture,6716,5,dog,2191,8,ship,5,dog,8,ship,6304,0.8,False,/content/drive/MyDrive/ATML-Assignment-1/artifacts/task1/cue_conflict/candidates/p03_r22_b_to_a.png,52e9654c8b9598288ad5f330dbb84cea59428b698b26dc67b0ca7c04237a7507,224,224,0.049084849655628204,1.0,0.5065588355064392,0.14489080011844635,False,accepted,,Shaheer Ahmad Masood (SAM),True
p03_r23_b_to_a,3,ship__dog,23,b_to_a,dog_shape__ship_texture,7413,5,dog,7460,8,ship,5,dog,8,ship,6304,0.8,False,/content/drive/MyDrive/ATML-Assignment-1/artifacts/task1/cue_conflict/candidates/p03_r23_b_to_a.png,f4fbc48c830c57ccb58ca1f23013723fa3d4cedd3d84e99025d0ff7dfaecb6ca,224,224,0.0,0.9919190406799316,0.35735011100769043,0.29101917147636414,False,accepted,,Shaheer Ahmad Masood (SAM),True
p03_r24_b_to_a,3,ship__dog,24,b_to_a,dog_shape__ship_texture,4547,5,dog,3157,8,ship,5,dog,8,ship,6304,0.8,False,/content/drive/MyDrive/ATML-Assignment-1/artifacts/task1/cue_conflict/candidates/p03_r24_b_to_a.png,1a2b64418620d4f37ee73e6d69e58745caac81802825c451b5b396314adb8ac5,224,224,0.0,1.0,0.33647698163986206,0.23093555867671967,False,accepted,,Shaheer Ahmad Masood (SAM),True
p04_r21_b_to_a,4,truck__horse,21,b_to_a,horse_shape__truck_texture,4411,6,horse,5981,9,truck,6,horse,9,truck,6304,0.8,False,/content/drive/MyDrive/ATML-Assignment-1/artifacts/task1/cue_conflict/candidates/p04_r21_b_to_a.png,415a2c628cae15c81940a314977aec3aaa23c513a95559fcd49f51fc891e1ba8,224,224,0.0,0.9277302622795105,0.2085753232240677,0.2049395740032196,False,rejected,content object is no longer visually recognizable,Shaheer Ahmad Masood (SAM),True
p04_r22_b_to_a,4,truck__horse,22,b_to_a,horse_shape__truck_texture,3418,6,horse,5452,9,truck,6,horse,9,truck,6304,0.8,False,/content/drive/MyDrive/ATML-Assignment-1/artifacts/task1/cue_conflict/candidates/p04_r22_b_to_a.png,dec040d5fc4966db98606cd512d25fc07328b3b05b3d8f577c47580a2a909b89,224,224,0.0,0.9230413436889648,0.4116345942020416,0.27561619877815247,False,accepted,,Shaheer Ahmad Masood (SAM),True
p04_r23_b_to_a,4,truck__horse,23,b_to_a,horse_shape__truck_texture,3777,6,horse,5301,9,truck,6,horse,9,truck,6304,0.8,False,/content/drive/MyDrive/ATML-Assignment-1/artifacts/task1/cue_conflict/candidates/p04_r23_b_to_a.png,480b3464c44fde6fa697043d8720d07cd0b7167cfdb61bd055332620a16df8c5,224,224,0.0,1.0,0.36172807216644287,0.25359636545181274,False,accepted,,Shaheer Ahmad Masood (SAM),True
p04_r24_b_to_a,4,truck__horse,24,b_to_a,horse_shape__truck_texture,3962,6,horse,5360,9,truck,6,horse,9,truck,6304,0.8,False,/content/drive/MyDrive/ATML-Assignment-1/artifacts/task1/cue_conflict/candidates/p04_r24_b_to_a.png,f6219bb324d93a4ffa5d6afbcb06382e81d0c6e3e6a22bb65b89611c71b82744,224,224,0.0,1.0,0.40783432126045227,0.2590392827987671,False,accepted,,Shaheer Ahmad Masood (SAM),True
p04_r25_b_to_a,4,truck__horse,25,b_to_a,horse_shape__truck_texture,2958,6,horse,1022,9,truck,6,horse,9,truck,6304,0.8,False,/content/drive/MyDrive/ATML-Assignment-1/artifacts/task1/cue_conflict/candidates/p04_r25_b_to_a.png,d9a863ddf82a4791b2ecf7566ecc442f7a0192fbb8424179f7ad833af730238b,224,224,0.0,1.0,0.4911902844905853,0.3022119998931885,False,accepted,,Shaheer Ahmad Masood (SAM),True
p04_r26_b_to_a,4,truck__horse,26,b_to_a,horse_shape__truck_texture,873,6,horse,1836,9,truck,6,horse,9,truck,6304,0.8,False,/content/drive/MyDrive/ATML-Assignment-1/artifacts/task1/cue_conflict/candidates/p04_r26_b_to_a.png,eb7855478047d9d791f37fa1f282e88c0bf9fd5bcb78dbd5b62d76870814b6ec,224,224,0.0033402463886886835,0.9969387054443359,0.5265228152275085,0.299580454826355,False,accepted,,Shaheer Ahmad Masood (SAM),True
p04_r27_b_to_a,4,truck__horse,27,b_to_a,horse_shape__truck_texture,4254,6,horse,5508,9,truck,6,horse,9,truck,6304,0.8,False,/content/drive/MyDrive/ATML-Assignment-1/artifacts/task1/cue_conflict/candidates/p04_r27_b_to_a.png,e149ac7f47465ed06587060fb51e149223fe4f55b1675a308daae01c6dc8709b,224,224,0.0,1.0,0.45192936062812805,0.2493390440940857,False,accepted,,Shaheer Ahmad Masood (SAM),True
p04_r28_b_to_a,4,truck__horse,28,b_to_a,horse_shape__truck_texture,5858,6,horse,852,9,truck,6,horse,9,truck,6304,0.8,False,/content/drive/MyDrive/ATML-Assignment-1/artifacts/task1/cue_conflict/candidates/p04_r28_b_to_a.png,60eebc2b74af4e389c1e369b64b9d463992f15e66bd3ca7791fd27c76b44a93e,224,224,0.0,1.0,0.3718167841434479,0.2682867646217346,False,accepted,,Shaheer Ahmad Masood (SAM),True
p05_r21_b_to_a,5,bird__monkey,21,b_to_a,monkey_shape__bird_texture,2746,7,monkey,3491,1,bird,7,monkey,1,bird,6304,0.8,False,/content/drive/MyDrive/ATML-Assignment-1/artifacts/task1/cue_conflict/candidates/p05_r21_b_to_a.png,f1978d6410e6a90922ea447c4bb18d8e910ebfc2552be78b352a4ff7e46ad66d,224,224,0.0,0.9974583387374878,0.4447828531265259,0.21581357717514038,False,accepted,,Shaheer Ahmad Masood (SAM),True
p05_r22_b_to_a,5,bird__monkey,22,b_to_a,monkey_shape__bird_texture,1220,7,monkey,5092,1,bird,7,monkey,1,bird,6304,0.8,False,/content/drive/MyDrive/ATML-Assignment-1/artifacts/task1/cue_conflict/candidates/p05_r22_b_to_a.png,4fa2b64cd1e845e7f773dbd132244027907057ffa3461c12e58bad55a433bebe,224,224,0.0,1.0,0.4133462607860565,0.22483590245246887,False,accepted,,Shaheer Ahmad Masood (SAM),True
p05_r23_b_to_a,5,bird__monkey,23,b_to_a,monkey_shape__bird_texture,269,7,monkey,3413,1,bird,7,monkey,1,bird,6304,0.8,False,/content/drive/MyDrive/ATML-Assignment-1/artifacts/task1/cue_conflict/candidates/p05_r23_b_to_a.png,3db4da2a89a55769ee53cd8c3b3c87f0e248c77273c81b61af06e44ed69339fd,224,224,0.044818777590990067,1.0,0.4724075496196747,0.21666237711906433,False,accepted,,Shaheer Ahmad Masood (SAM),True
p05_r24_b_to_a,5,bird__monkey,24,b_to_a,monkey_shape__bird_texture,5719,7,monkey,1871,1,bird,7,monkey,1,bird,6304,0.8,False,/content/drive/MyDrive/ATML-Assignment-1/artifacts/task1/cue_conflict/candidates/p05_r24_b_to_a.png,f078e2570138f0315123bc4babe8cae24c288f0155bc1990624c331e37a7ce4d,224,224,0.0,1.0,0.36582475900650024,0.2232244312763214,False,accepted,,Shaheer Ahmad Masood (SAM),True
p05_r25_b_to_a,5,bird__monkey,25,b_to_a,monkey_shape__bird_texture,1956,7,monkey,1852,1,bird,7,monkey,1,bird,6304,0.8,False,/content/drive/MyDrive/ATML-Assignment-1/artifacts/task1/cue_conflict/candidates/p05_r25_b_to_a.png,dc229cf7a7f1a88e66c2e51e5f0dbc428da14a303728a81c2b4dc00e137ce06e,224,224,0.0,1.0,0.5631710290908813,0.26851195096969604,False,accepted,,Shaheer Ahmad Masood (SAM),True
p05_r26_b_to_a,5,bird__monkey,26,b_to_a,monkey_shape__bird_texture,2854,7,monkey,198,1,bird,7,monkey,1,bird,6304,0.8,False,/content/drive/MyDrive/ATML-Assignment-1/artifacts/task1/cue_conflict/candidates/p05_r26_b_to_a.png,6f4125f324b69cc27910cdb6482bc69a0d379aabe0c8347d3d4367a154883d65,224,224,0.0,0.8739985823631287,0.23471307754516602,0.1716773808002472,False,accepted,,Shaheer Ahmad Masood (SAM),True
p05_r27_b_to_a,5,bird__monkey,27,b_to_a,monkey_shape__bird_texture,4236,7,monkey,1993,1,bird,7,monkey,1,bird,6304,0.8,False,/content/drive/MyDrive/ATML-Assignment-1/artifacts/task1/cue_conflict/candidates/p05_r27_b_to_a.png,17204b884cad310381cea2eaa6aedfd62fbfc6c762963fc18831e01442d56fc2,224,224,0.0,1.0,0.5781500339508057,0.2446291595697403,False,accepted,,Shaheer Ahmad Masood (SAM),True
p05_r28_b_to_a,5,bird__monkey,28,b_to_a,monkey_shape__bird_texture,3404,7,monkey,1090,1,bird,7,monkey,1,bird,6304,0.8,False,/content/drive/MyDrive/ATML-Assignment-1/artifacts/task1/cue_conflict/candidates/p05_r28_b_to_a.png,1886292a98205dd6b6a1df896dde35c2d5c1497853a7378708718bbca0cd98f7,224,224,0.0,1.0,0.5557344555854797,0.3361283242702484,False,accepted,,Shaheer Ahmad Masood (SAM),True
p05_r29_b_to_a,5,bird__monkey,29,b_to_a,monkey_shape__bird_texture,2668,7,monkey,5488,1,bird,7,monkey,1,bird,6304,0.8,False,/content/drive/MyDrive/ATML-Assignment-1/artifacts/task1/cue_conflict/candidates/p05_r29_b_to_a.png,a4d81ecc3ef36b9a21aaf41a2f0f67f05fcd45ed7a9d6ecaca9718bb823fbc09,224,224,0.0,1.0,0.48376673460006714,0.25305768847465515,False,accepted,,Shaheer Ahmad Masood (SAM),True
p05_r30_b_to_a,5,bird__monkey,30,b_to_a,monkey_shape__bird_texture,1440,7,monkey,4298,1,bird,7,monkey,1,bird,6304,0.8,False,/content/drive/MyDrive/ATML-Assignment-1/artifacts/task1/cue_conflict/candidates/p05_r30_b_to_a.png,1e240f462c16877b649ae901466a389b7775f7f38fbee5d81b522cc7ca97f2fc,224,224,0.0,0.9889374375343323,0.49303343892097473,0.24051719903945923,False,accepted,,Shaheer Ahmad Masood (SAM),True
p05_r31_b_to_a,5,bird__monkey,31,b_to_a,monkey_shape__bird_texture,7270,7,monkey,6733,1,bird,7,monkey,1,bird,6304,0.8,False,/content/drive/MyDrive/ATML-Assignment-1/artifacts/task1/cue_conflict/candidates/p05_r31_b_to_a.png,5edc395b65313d3a19f3941c4e42ea90cfa95ed34bc997840dc3838475f4be7a,224,224,0.0,1.0,0.470996618270874,0.2154141068458557,False,rejected,content object is no longer visually recognizable,Shaheer Ahmad Masood (SAM),True
p03_r21_a_to_b,3,ship__dog,21,a_to_b,ship_shape__dog_texture,4242,8,ship,6989,5,dog,8,ship,5,dog,6304,0.8,False,/content/drive/MyDrive/ATML-Assignment-1/artifacts/task1/cue_conflict/candidates/p03_r21_a_to_b.png,3e484e0f84d6170b3425e8a75fbe67e8d91e8b14598dadb1b16c6582f8f0a71b,224,224,0.0,1.0,0.4277021288871765,0.30884435772895813,False,accepted,,Shaheer Ahmad Masood (SAM),True
p03_r22_a_to_b,3,ship__dog,22,a_to_b,ship_shape__dog_texture,2191,8,ship,6716,5,dog,8,ship,5,dog,6304,0.8,False,/content/drive/MyDrive/ATML-Assignment-1/artifacts/task1/cue_conflict/candidates/p03_r22_a_to_b.png,38600af74969638f438a637c5340236989284430dcfd1e3d08357a186d3f00ba,224,224,0.0,0.8336860537528992,0.2763533592224121,0.11912351101636887,False,rejected,content object is no longer visually recognizable,Shaheer Ahmad Masood (SAM),True
p03_r23_a_to_b,3,ship__dog,23,a_to_b,ship_shape__dog_texture,7460,8,ship,7413,5,dog,8,ship,5,dog,6304,0.8,False,/content/drive/MyDrive/ATML-Assignment-1/artifacts/task1/cue_conflict/candidates/p03_r23_a_to_b.png,2892e3fe6227ff60438e7475b6ebb62c375099fb691d2e2d0973ef86a1a1477e,224,224,0.0,1.0,0.3515470325946808,0.2912055253982544,False,rejected,content object is no longer visually recognizable,Shaheer Ahmad Masood (SAM),True
p04_r21_a_to_b,4,truck__horse,21,a_to_b,truck_shape__horse_texture,5981,9,truck,4411,6,horse,9,truck,6,horse,6304,0.8,False,/content/drive/MyDrive/ATML-Assignment-1/artifacts/task1/cue_conflict/candidates/p04_r21_a_to_b.png,081a5f7fcac8554bcfcee3ec99667a5eeea31ca00c8d228bd22782e206b88d6f,224,224,0.0,1.0,0.27687978744506836,0.1858803927898407,False,accepted,,Shaheer Ahmad Masood (SAM),True
p04_r22_a_to_b,4,truck__horse,22,a_to_b,truck_shape__horse_texture,5452,9,truck,3418,6,horse,9,truck,6,horse,6304,0.8,False,/content/drive/MyDrive/ATML-Assignment-1/artifacts/task1/cue_conflict/candidates/p04_r22_a_to_b.png,ef563d67ee57946eabc5d2693a502d731c84b082354e927d649d087cd8422df7,224,224,0.0,1.0,0.3905779719352722,0.28251224756240845,False,accepted,,Shaheer Ahmad Masood (SAM),True
