dataset,official_partition,official_index,selection_seed,predictor,true_class_id,true_class_name,predicted_class_id,predicted_class_name,correct,maximum_confidence
STL-10,test,3,6304,resnet50_linear_head,0,airplane,0,airplane,True,0.6877865791320801
STL-10,test,29,6304,resnet50_linear_head,7,monkey,7,monkey,True,0.9766179323196411
STL-10,test,35,6304,resnet50_linear_head,2,car,2,car,True,0.9144909381866455
STL-10,test,42,6304,resnet50_linear_head,0,airplane,0,airplane,True,0.4941796064376831
STL-10,test,49,6304,resnet50_linear_head,2,car,2,car,True,0.8829582333564758
STL-10,test,81,6304,resnet50_linear_head,0,airplane,0,airplane,True,0.9843899607658386
STL-10,test,95,6304,resnet50_linear_head,1,bird,1,bird,True,0.9779093265533447
STL-10,test,97,6304,resnet50_linear_head,5,dog,5,dog,True,0.6955775618553162
STL-10,test,116,6304,resnet50_linear_head,1,bird,1,bird,True,0.8930354714393616
STL-10,test,131,6304,resnet50_linear_head,9,truck,9,truck,True,0.932572603225708
STL-10,test,151,6304,resnet50_linear_head,8,ship,8,ship,True,0.7873532772064209
STL-10,test,171,6304,resnet50_linear_head,4,deer,4,deer,True,0.9402957558631897
STL-10,test,176,6304,resnet50_linear_head,3,cat,3,cat,True,0.9779368042945862
STL-10,test,191,6304,resnet50_linear_head,9,truck,9,truck,True,0.577593982219696
STL-10,test,194,6304,resnet50_linear_head,8,ship,8,ship,True,0.9365028142929077
STL-10,test,198,6304,resnet50_linear_head,1,bird,1,bird,True,0.9487559795379639
STL-10,test,239,6304,resnet50_linear_head,9,truck,9,truck,True,0.9686422944068909
STL-10,test,261,6304,resnet50_linear_head,1,bird,1,bird,True,0.38318711519241333
STL-10,test,269,6304,resnet50_linear_head,7,monkey,7,monkey,True,0.9395533800125122
STL-10,test,276,6304,resnet50_linear_head,9,truck,9,truck,True,0.9569051861763
STL-10,test,303,6304,resnet50_linear_head,9,truck,9,truck,True,0.9062587022781372
STL-10,test,304,6304,resnet50_linear_head,1,bird,1,bird,True,0.9877151846885681
STL-10,test,317,6304,resnet50_linear_head,2,car,2,car,True,0.9361108541488647
STL-10,test,319,6304,resnet50_linear_head,5,dog,5,dog,True,0.9523285627365112
STL-10,test,323,6304,resnet50_linear_head,7,monkey,7,monkey,True,0.9371240735054016
STL-10,test,365,6304,resnet50_linear_head,3,cat,3,cat,True,0.7584336996078491
STL-10,test,370,6304,resnet50_linear_head,7,monkey,7,monkey,True,0.7021843791007996
STL-10,test,372,6304,resnet50_linear_head,3,cat,3,cat,True,0.9911355972290039
STL-10,test,378,6304,resnet50_linear_head,5,dog,5,dog,True,0.8848890066146851
STL-10,test,391,6304,resnet50_linear_head,3,cat,3,cat,True,0.9551823139190674
STL-10,test,409,6304,resnet50_linear_head,2,car,2,car,True,0.9900402426719666
STL-10,test,419,6304,resnet50_linear_head,9,truck,9,truck,True,0.9025188684463501
STL-10,test,449,6304,resnet50_linear_head,6,horse,6,horse,True,0.9630476236343384
STL-10,test,470,6304,resnet50_linear_head,2,car,2,car,True,0.8759353756904602
STL-10,test,483,6304,resnet50_linear_head,2,car,2,car,True,0.8701028823852539
STL-10,test,484,6304,resnet50_linear_head,0,airplane,0,airplane,True,0.6276328563690186
STL-10,test,506,6304,resnet50_linear_head,4,deer,4,deer,True,0.7591148018836975
STL-10,test,545,6304,resnet50_linear_head,6,horse,6,horse,True,0.5015288591384888
STL-10,test,562,6304,resnet50_linear_head,0,airplane,0,airplane,True,0.9924299120903015
STL-10,test,568,6304,resnet50_linear_head,5,dog,5,dog,True,0.7635385394096375
STL-10,test,603,6304,resnet50_linear_head,9,truck,9,truck,True,0.7094948887825012
STL-10,test,632,6304,resnet50_linear_head,3,cat,3,cat,True,0.8798878788948059
STL-10,test,645,6304,resnet50_linear_head,5,dog,5,dog,True,0.9749704599380493
STL-10,test,667,6304,resnet50_linear_head,8,ship,8,ship,True,0.9421936273574829
STL-10,test,672,6304,resnet50_linear_head,3,cat,3,cat,True,0.9803075194358826
STL-10,test,677,6304,resnet50_linear_head,3,cat,3,cat,True,0.7490231394767761
STL-10,test,685,6304,resnet50_linear_head,5,dog,5,dog,True,0.9538953304290771
STL-10,test,691,6304,resnet50_linear_head,4,deer,4,deer,True,0.9351120591163635
STL-10,test,706,6304,resnet50_linear_head,8,ship,8,ship,True,0.9378495216369629
STL-10,test,714,6304,resnet50_linear_head,2,car,2,car,True,0.9534770250320435
STL-10,test,716,6304,resnet50_linear_head,8,ship,8,ship,True,0.6281896829605103
STL-10,test,738,6304,resnet50_linear_head,3,cat,3,cat,True,0.709585964679718
STL-10,test,739,6304,resnet50_linear_head,8,ship,8,ship,True,0.9001026153564453
STL-10,test,766,6304,resnet50_linear_head,4,deer,6,horse,False,0.8930665254592896
STL-10,test,791,6304,resnet50_linear_head,3,cat,3,cat,True,0.7840089201927185
STL-10,test,805,6304,resnet50_linear_head,9,truck,9,truck,True,0.9618411064147949
STL-10,test,825,6304,resnet50_linear_head,1,bird,1,bird,True,0.9044063091278076
STL-10,test,852,6304,resnet50_linear_head,9,truck,9,truck,True,0.9338082671165466
STL-10,test,855,6304,resnet50_linear_head,4,deer,4,deer,True,0.7766173481941223
STL-10,test,873,6304,resnet50_linear_head,6,horse,6,horse,True,0.7205403447151184
STL-10,test,890,6304,resnet50_linear_head,6,horse,6,horse,True,0.8610605597496033
STL-10,test,920,6304,resnet50_linear_head,6,horse,6,horse,True,0.8779900074005127
STL-10,test,929,6304,resnet50_linear_head,6,horse,6,horse,True,0.8366353511810303
STL-10,test,962,6304,resnet50_linear_head,8,ship,8,ship,True,0.9749944806098938
STL-10,test,964,6304,resnet50_linear_head,6,horse,6,horse,True,0.978173553943634
STL-10,test,977,6304,resnet50_linear_head,6,horse,6,horse,True,0.9545769095420837
STL-10,test,979,6304,resnet50_linear_head,3,cat,3,cat,True,0.9952630996704102
STL-10,test,981,6304,resnet50_linear_head,2,car,2,car,True,0.9115535616874695
STL-10,test,1022,6304,resnet50_linear_head,9,truck,9,truck,True,0.9890294075012207
STL-10,test,1032,6304,resnet50_linear_head,7,monkey,7,monkey,True,0.9045420289039612
STL-10,test,1048,6304,resnet50_linear_head,7,monkey,7,monkey,True,0.8356368541717529
STL-10,test,1090,6304,resnet50_linear_head,1,bird,1,bird,True,0.8868409395217896
STL-10,test,1095,6304,resnet50_linear_head,5,dog,5,dog,True,0.8090388774871826
STL-10,test,1109,6304,resnet50_linear_head,1,bird,1,bird,True,0.9977941513061523
STL-10,test,1111,6304,resnet50_linear_head,4,deer,4,deer,True,0.7284917235374451
STL-10,test,1115,6304,resnet50_linear_head,1,bird,1,bird,True,0.9801017045974731
STL-10,test,1124,6304,resnet50_linear_head,4,deer,4,deer,True,0.8107843995094299
STL-10,test,1129,6304,resnet50_linear_head,8,ship,8,ship,True,0.9464094638824463
STL-10,test,1175,6304,resnet50_linear_head,0,airplane,0,airplane,True,0.9347371459007263
STL-10,test,1202,6304,resnet50_linear_head,2,car,2,car,True,0.8516530394554138
STL-10,test,1204,6304,resnet50_linear_head,3,cat,3,cat,True,0.9748998880386353
STL-10,test,1211,6304,resnet50_linear_head,4,deer,4,deer,True,0.7438802123069763
STL-10,test,1220,6304,resnet50_linear_head,7,monkey,7,monkey,True,0.7968946695327759
STL-10,test,1230,6304,resnet50_linear_head,1,bird,1,bird,True,0.6362553834915161
STL-10,test,1247,6304,resnet50_linear_head,8,ship,8,ship,True,0.9476218223571777
STL-10,test,1263,6304,resnet50_linear_head,3,cat,3,cat,True,0.8040259480476379
STL-10,test,1266,6304,resnet50_linear_head,4,deer,4,deer,True,0.8135897517204285
STL-10,test,1287,6304,resnet50_linear_head,7,monkey,7,monkey,True,0.832724928855896
STL-10,test,1296,6304,resnet50_linear_head,7,monkey,7,monkey,True,0.909753143787384
STL-10,test,1370,6304,resnet50_linear_head,3,cat,3,cat,True,0.9254410862922668
STL-10,test,1389,6304,resnet50_linear_head,0,airplane,0,airplane,True,0.8616940379142761
STL-10,test,1401,6304,resnet50_linear_head,3,cat,3,cat,True,0.9862731099128723
STL-10,test,1403,6304,resnet50_linear_head,2,car,2,car,True,0.978624165058136
STL-10,test,1411,6304,resnet50_linear_head,9,truck,9,truck,True,0.9044121503829956
STL-10,test,1429,6304,resnet50_linear_head,4,deer,4,deer,True,0.7916039228439331
STL-10,test,1430,6304,resnet50_linear_head,9,truck,9,truck,True,0.9050930738449097
STL-10,test,1431,6304,resnet50_linear_head,3,cat,3,cat,True,0.9518847465515137
STL-10,test,1436,6304,resnet50_linear_head,1,bird,1,bird,True,0.9377533793449402
STL-10,test,1440,6304,resnet50_linear_head,7,monkey,7,monkey,True,0.9031831622123718
STL-10,test,1468,6304,resnet50_linear_head,9,truck,9,truck,True,0.891283392906189
STL-10,test,1473,6304,resnet50_linear_head,7,monkey,7,monkey,True,0.7819570302963257
STL-10,test,1515,6304,resnet50_linear_head,9,truck,9,truck,True,0.926299512386322
STL-10,test,1520,6304,resnet50_linear_head,2,car,2,car,True,0.9162057042121887
STL-10,test,1531,6304,resnet50_linear_head,3,cat,3,cat,True,0.413281112909317
STL-10,test,1534,6304,resnet50_linear_head,6,horse,6,horse,True,0.938418447971344
STL-10,test,1552,6304,resnet50_linear_head,5,dog,5,dog,True,0.7738707661628723
STL-10,test,1553,6304,resnet50_linear_head,0,airplane,0,airplane,True,0.7564182877540588
STL-10,test,1563,6304,resnet50_linear_head,3,cat,3,cat,True,0.5831975936889648
STL-10,test,1568,6304,resnet50_linear_head,1,bird,1,bird,True,0.7162575721740723
STL-10,test,1579,6304,resnet50_linear_head,7,monkey,7,monkey,True,0.8770068883895874
STL-10,test,1586,6304,resnet50_linear_head,2,car,2,car,True,0.9738911986351013
STL-10,test,1596,6304,resnet50_linear_head,0,airplane,0,airplane,True,0.7607699036598206
STL-10,test,1626,6304,resnet50_linear_head,5,dog,5,dog,True,0.936445415019989
STL-10,test,1640,6304,resnet50_linear_head,8,ship,8,ship,True,0.8523503541946411
STL-10,test,1644,6304,resnet50_linear_head,5,dog,5,dog,True,0.854607880115509
STL-10,test,1648,6304,resnet50_linear_head,0,airplane,0,airplane,True,0.7775474786758423
STL-10,test,1654,6304,resnet50_linear_head,9,truck,9,truck,True,0.8782663345336914
STL-10,test,1667,6304,resnet50_linear_head,6,horse,6,horse,True,0.8997145295143127
STL-10,test,1703,6304,resnet50_linear_head,7,monkey,7,monkey,True,0.6825382113456726
STL-10,test,1711,6304,resnet50_linear_head,7,monkey,7,monkey,True,0.894677996635437
STL-10,test,1771,6304,resnet50_linear_head,7,monkey,7,monkey,True,0.5393937230110168
STL-10,test,1783,6304,resnet50_linear_head,8,ship,8,ship,True,0.9588868618011475
STL-10,test,1814,6304,resnet50_linear_head,2,car,2,car,True,0.8605412840843201
STL-10,test,1833,6304,resnet50_linear_head,8,ship,8,ship,True,0.7244343161582947
STL-10,test,1836,6304,resnet50_linear_head,9,truck,9,truck,True,0.8281757831573486
STL-10,test,1839,6304,resnet50_linear_head,2,car,2,car,True,0.9579185843467712
STL-10,test,1852,6304,resnet50_linear_head,1,bird,1,bird,True,0.9954850673675537
STL-10,test,1871,6304,resnet50_linear_head,1,bird,1,bird,True,0.4571806788444519
STL-10,test,1877,6304,resnet50_linear_head,5,dog,5,dog,True,0.7825626730918884
STL-10,test,1884,6304,resnet50_linear_head,7,monkey,7,monkey,True,0.8975500464439392
STL-10,test,1927,6304,resnet50_linear_head,7,monkey,7,monkey,True,0.9385207295417786
STL-10,test,1954,6304,resnet50_linear_head,8,ship,8,ship,True,0.7648226618766785
STL-10,test,1956,6304,resnet50_linear_head,7,monkey,3,cat,False,0.6786757111549377
STL-10,test,1960,6304,resnet50_linear_head,4,deer,4,deer,True,0.5607565641403198
STL-10,test,1977,6304,resnet50_linear_head,0,airplane,0,airplane,True,0.8280349969863892
STL-10,test,1986,6304,resnet50_linear_head,1,bird,1,bird,True,0.6621883511543274
STL-10,test,1993,6304,resnet50_linear_head,1,bird,1,bird,True,0.9966855645179749
STL-10,test,2003,6304,resnet50_linear_head,6,horse,6,horse,True,0.9763835668563843
STL-10,test,2011,6304,resnet50_linear_head,9,truck,9,truck,True,0.921011209487915
STL-10,test,2024,6304,resnet50_linear_head,0,airplane,0,airplane,True,0.9084227085113525
STL-10,test,2028,6304,resnet50_linear_head,3,cat,3,cat,True,0.9923221468925476
STL-10,test,2062,6304,resnet50_linear_head,9,truck,9,truck,True,0.907950758934021
STL-10,test,2070,6304,resnet50_linear_head,1,bird,1,bird,True,0.9571634531021118
STL-10,test,2082,6304,resnet50_linear_head,2,car,2,car,True,0.9105409383773804
STL-10,test,2095,6304,resnet50_linear_head,1,bird,1,bird,True,0.9143137335777283
STL-10,test,2109,6304,resnet50_linear_head,8,ship,8,ship,True,0.9043100476264954
STL-10,test,2114,6304,resnet50_linear_head,9,truck,9,truck,True,0.7838232517242432
STL-10,test,2116,6304,resnet50_linear_head,1,bird,3,cat,False,0.9745020270347595
STL-10,test,2157,6304,resnet50_linear_head,1,bird,1,bird,True,0.9963716268539429
STL-10,test,2167,6304,resnet50_linear_head,9,truck,9,truck,True,0.8126049041748047
STL-10,test,2178,6304,resnet50_linear_head,1,bird,1,bird,True,0.9991762042045593
STL-10,test,2191,6304,resnet50_linear_head,8,ship,8,ship,True,0.8789649605751038
STL-10,test,2230,6304,resnet50_linear_head,8,ship,8,ship,True,0.9239205121994019
STL-10,test,2242,6304,resnet50_linear_head,0,airplane,0,airplane,True,0.968641996383667
STL-10,test,2265,6304,resnet50_linear_head,5,dog,5,dog,True,0.7003360390663147
STL-10,test,2268,6304,resnet50_linear_head,5,dog,5,dog,True,0.8875865340232849
STL-10,test,2291,6304,resnet50_linear_head,3,cat,3,cat,True,0.8223811984062195
STL-10,test,2334,6304,resnet50_linear_head,5,dog,5,dog,True,0.9540379047393799
STL-10,test,2340,6304,resnet50_linear_head,8,ship,8,ship,True,0.8656322956085205
STL-10,test,2342,6304,resnet50_linear_head,8,ship,8,ship,True,0.9552866220474243
STL-10,test,2351,6304,resnet50_linear_head,9,truck,9,truck,True,0.8981533050537109
STL-10,test,2391,6304,resnet50_linear_head,5,dog,5,dog,True,0.47234711050987244
STL-10,test,2392,6304,resnet50_linear_head,2,car,2,car,True,0.9535747170448303
STL-10,test,2399,6304,resnet50_linear_head,4,deer,4,deer,True,0.7517089247703552
STL-10,test,2414,6304,resnet50_linear_head,9,truck,9,truck,True,0.7489730715751648
STL-10,test,2427,6304,resnet50_linear_head,5,dog,5,dog,True,0.7716434001922607
STL-10,test,2458,6304,resnet50_linear_head,5,dog,5,dog,True,0.9222798943519592
STL-10,test,2501,6304,resnet50_linear_head,7,monkey,7,monkey,True,0.9363864660263062
STL-10,test,2502,6304,resnet50_linear_head,2,car,2,car,True,0.8677645921707153
STL-10,test,2536,6304,resnet50_linear_head,3,cat,3,cat,True,0.9483157992362976
STL-10,test,2539,6304,resnet50_linear_head,3,cat,3,cat,True,0.9838724732398987
STL-10,test,2610,6304,resnet50_linear_head,6,horse,6,horse,True,0.8592764139175415
STL-10,test,2623,6304,resnet50_linear_head,5,dog,5,dog,True,0.9104616641998291
STL-10,test,2655,6304,resnet50_linear_head,9,truck,9,truck,True,0.9563324451446533
STL-10,test,2668,6304,resnet50_linear_head,7,monkey,7,monkey,True,0.8623306751251221
STL-10,test,2676,6304,resnet50_linear_head,6,horse,6,horse,True,0.963533878326416
STL-10,test,2687,6304,resnet50_linear_head,1,bird,1,bird,True,0.9965206384658813
STL-10,test,2690,6304,resnet50_linear_head,1,bird,1,bird,True,0.9071760773658752
STL-10,test,2704,6304,resnet50_linear_head,4,deer,4,deer,True,0.8119211792945862
STL-10,test,2745,6304,resnet50_linear_head,8,ship,8,ship,True,0.9562426209449768
STL-10,test,2746,6304,resnet50_linear_head,7,monkey,7,monkey,True,0.9148269295692444
STL-10,test,2750,6304,resnet50_linear_head,0,airplane,0,airplane,True,0.9322459101676941
STL-10,test,2754,6304,resnet50_linear_head,3,cat,3,cat,True,0.7522000670433044
STL-10,test,2757,6304,resnet50_linear_head,4,deer,4,deer,True,0.8571281433105469
STL-10,test,2766,6304,resnet50_linear_head,5,dog,5,dog,True,0.9589358568191528
STL-10,test,2807,6304,resnet50_linear_head,5,dog,4,deer,False,0.3881060481071472
STL-10,test,2844,6304,resnet50_linear_head,8,ship,8,ship,True,0.8930391669273376
STL-10,test,2854,6304,resnet50_linear_head,7,monkey,7,monkey,True,0.9095251560211182
STL-10,test,2861,6304,resnet50_linear_head,3,cat,3,cat,True,0.9414517283439636
STL-10,test,2888,6304,resnet50_linear_head,0,airplane,0,airplane,True,0.7072945833206177
STL-10,test,2898,6304,resnet50_linear_head,4,deer,4,deer,True,0.8945565223693848
STL-10,test,2950,6304,resnet50_linear_head,5,dog,5,dog,True,0.8710597157478333
STL-10,test,2958,6304,resnet50_linear_head,6,horse,6,horse,True,0.9039938449859619
STL-10,test,3015,6304,resnet50_linear_head,8,ship,8,ship,True,0.9700325727462769
STL-10,test,3024,6304,resnet50_linear_head,2,car,2,car,True,0.9134241342544556
STL-10,test,3025,6304,resnet50_linear_head,0,airplane,0,airplane,True,0.8649731874465942
STL-10,test,3034,6304,resnet50_linear_head,4,deer,4,deer,True,0.9588838219642639
STL-10,test,3067,6304,resnet50_linear_head,2,car,2,car,True,0.8656898140907288
STL-10,test,3078,6304,resnet50_linear_head,4,deer,4,deer,True,0.9253576993942261
STL-10,test,3079,6304,resnet50_linear_head,1,bird,1,bird,True,0.9559475779533386
STL-10,test,3083,6304,resnet50_linear_head,0,airplane,0,airplane,True,0.8763135671615601
STL-10,test,3122,6304,resnet50_linear_head,4,deer,4,deer,True,0.8552107810974121
STL-10,test,3153,6304,resnet50_linear_head,7,monkey,7,monkey,True,0.792748749256134
STL-10,test,3157,6304,resnet50_linear_head,8,ship,8,ship,True,0.9602506160736084
STL-10,test,3163,6304,resnet50_linear_head,2,car,2,car,True,0.9802470207214355
STL-10,test,3179,6304,resnet50_linear_head,4,deer,4,deer,True,0.8840591907501221
STL-10,test,3191,6304,resnet50_linear_head,6,horse,6,horse,True,0.756820797920227
STL-10,test,3276,6304,resnet50_linear_head,3,cat,3,cat,True,0.6005405187606812
STL-10,test,3287,6304,resnet50_linear_head,4,deer,4,deer,True,0.9729533195495605
STL-10,test,3288,6304,resnet50_linear_head,7,monkey,7,monkey,True,0.7508146166801453
STL-10,test,3292,6304,resnet50_linear_head,6,horse,6,horse,True,0.9543555974960327
STL-10,test,3318,6304,resnet50_linear_head,9,truck,9,truck,True,0.9070901274681091
STL-10,test,3347,6304,resnet50_linear_head,0,airplane,0,airplane,True,0.9703341722488403
STL-10,test,3353,6304,resnet50_linear_head,5,dog,3,cat,False,0.8238217830657959
STL-10,test,3362,6304,resnet50_linear_head,2,car,2,car,True,0.8996654152870178
STL-10,test,3365,6304,resnet50_linear_head,4,deer,4,deer,True,0.7425936460494995
STL-10,test,3375,6304,resnet50_linear_head,3,cat,3,cat,True,0.6115630269050598
STL-10,test,3383,6304,resnet50_linear_head,3,cat,3,cat,True,0.8246573805809021
STL-10,test,3404,6304,resnet50_linear_head,7,monkey,7,monkey,True,0.828325629234314
STL-10,test,3412,6304,resnet50_linear_head,8,ship,8,ship,True,0.9258385300636292
STL-10,test,3413,6304,resnet50_linear_head,1,bird,1,bird,True,0.9923142790794373
STL-10,test,3418,6304,resnet50_linear_head,6,horse,6,horse,True,0.845406174659729
STL-10,test,3437,6304,resnet50_linear_head,0,airplane,0,airplane,True,0.9783728718757629
STL-10,test,3446,6304,resnet50_linear_head,7,monkey,7,monkey,True,0.9231817126274109
STL-10,test,3454,6304,resnet50_linear_head,2,car,2,car,True,0.9291196465492249
STL-10,test,3455,6304,resnet50_linear_head,0,airplane,0,airplane,True,0.8649226427078247
STL-10,test,3458,6304,resnet50_linear_head,4,deer,4,deer,True,0.8776367902755737
STL-10,test,3467,6304,resnet50_linear_head,7,monkey,7,monkey,True,0.8768681287765503
STL-10,test,3491,6304,resnet50_linear_head,1,bird,1,bird,True,0.9603888988494873
STL-10,test,3494,6304,resnet50_linear_head,6,horse,6,horse,True,0.9985125660896301
STL-10,test,3512,6304,resnet50_linear_head,4,deer,4,deer,True,0.9349888563156128
STL-10,test,3515,6304,resnet50_linear_head,6,horse,6,horse,True,0.6565412282943726
STL-10,test,3542,6304,resnet50_linear_head,7,monkey,7,monkey,True,0.9022123217582703
STL-10,test,3550,6304,resnet50_linear_head,1,bird,1,bird,True,0.7869840860366821
STL-10,test,3562,6304,resnet50_linear_head,3,cat,3,cat,True,0.8422026038169861
STL-10,test,3755,6304,resnet50_linear_head,2,car,2,car,True,0.9771047234535217
STL-10,test,3763,6304,resnet50_linear_head,4,deer,4,deer,True,0.810920238494873
STL-10,test,3777,6304,resnet50_linear_head,6,horse,6,horse,True,0.8623033165931702
STL-10,test,3778,6304,resnet50_linear_head,3,cat,3,cat,True,0.5463706851005554
STL-10,test,3779,6304,resnet50_linear_head,6,horse,6,horse,True,0.9671461582183838
STL-10,test,3844,6304,resnet50_linear_head,6,horse,6,horse,True,0.9436335563659668
STL-10,test,3851,6304,resnet50_linear_head,3,cat,3,cat,True,0.9346237778663635
STL-10,test,3852,6304,resnet50_linear_head,5,dog,5,dog,True,0.7759004831314087
STL-10,test,3863,6304,resnet50_linear_head,5,dog,5,dog,True,0.7300570011138916
STL-10,test,3867,6304,resnet50_linear_head,7,monkey,7,monkey,True,0.9230794310569763
STL-10,test,3876,6304,resnet50_linear_head,0,airplane,0,airplane,True,0.8736276626586914
STL-10,test,3889,6304,resnet50_linear_head,5,dog,5,dog,True,0.9316357970237732
STL-10,test,3891,6304,resnet50_linear_head,4,deer,4,deer,True,0.9056701064109802
STL-10,test,3893,6304,resnet50_linear_head,9,truck,9,truck,True,0.9431400299072266
STL-10,test,3905,6304,resnet50_linear_head,8,ship,8,ship,True,0.725945770740509
STL-10,test,3914,6304,resnet50_linear_head,3,cat,3,cat,True,0.923743486404419
STL-10,test,3937,6304,resnet50_linear_head,1,bird,1,bird,True,0.8175321817398071
STL-10,test,3942,6304,resnet50_linear_head,9,truck,9,truck,True,0.8411124348640442
STL-10,test,3948,6304,resnet50_linear_head,8,ship,8,ship,True,0.9065700769424438
STL-10,test,3962,6304,resnet50_linear_head,6,horse,6,horse,True,0.9220320582389832
STL-10,test,3965,6304,resnet50_linear_head,0,airplane,0,airplane,True,0.7420998215675354
STL-10,test,3994,6304,resnet50_linear_head,4,deer,4,deer,True,0.9155449271202087
STL-10,test,3996,6304,resnet50_linear_head,9,truck,9,truck,True,0.772720992565155
STL-10,test,4011,6304,resnet50_linear_head,6,horse,6,horse,True,0.9979251623153687
STL-10,test,4023,6304,resnet50_linear_head,3,cat,3,cat,True,0.8304172158241272
STL-10,test,4054,6304,resnet50_linear_head,4,deer,4,deer,True,0.912850022315979
STL-10,test,4065,6304,resnet50_linear_head,2,car,2,car,True,0.9696569442749023
STL-10,test,4069,6304,resnet50_linear_head,8,ship,8,ship,True,0.4403476119041443
STL-10,test,4093,6304,resnet50_linear_head,6,horse,6,horse,True,0.9645683765411377
STL-10,test,4094,6304,resnet50_linear_head,9,truck,9,truck,True,0.9781263470649719
STL-10,test,4106,6304,resnet50_linear_head,5,dog,5,dog,True,0.8048333525657654
STL-10,test,4130,6304,resnet50_linear_head,0,airplane,0,airplane,True,0.9715971946716309
STL-10,test,4168,6304,resnet50_linear_head,3,cat,3,cat,True,0.8994425535202026
STL-10,test,4170,6304,resnet50_linear_head,8,ship,8,ship,True,0.8807096481323242
STL-10,test,4172,6304,resnet50_linear_head,7,monkey,7,monkey,True,0.8878899216651917
STL-10,test,4177,6304,resnet50_linear_head,8,ship,8,ship,True,0.9773618578910828
STL-10,test,4215,6304,resnet50_linear_head,3,cat,3,cat,True,0.6548269391059875
STL-10,test,4229,6304,resnet50_linear_head,3,cat,3,cat,True,0.866701066493988
STL-10,test,4236,6304,resnet50_linear_head,7,monkey,7,monkey,True,0.8297308683395386
STL-10,test,4242,6304,resnet50_linear_head,8,ship,8,ship,True,0.8527684211730957
STL-10,test,4254,6304,resnet50_linear_head,6,horse,6,horse,True,0.8736298084259033
STL-10,test,4290,6304,resnet50_linear_head,5,dog,5,dog,True,0.3628406524658203
STL-10,test,4298,6304,resnet50_linear_head,1,bird,1,bird,True,0.9797435998916626
STL-10,test,4308,6304,resnet50_linear_head,7,monkey,7,monkey,True,0.9349505305290222
STL-10,test,4311,6304,resnet50_linear_head,8,ship,8,ship,True,0.9416993856430054
STL-10,test,4323,6304,resnet50_linear_head,3,cat,3,cat,True,0.9502251744270325
STL-10,test,4330,6304,resnet50_linear_head,3,cat,3,cat,True,0.6605293154716492
STL-10,test,4341,6304,resnet50_linear_head,6,horse,6,horse,True,0.9647306799888611
STL-10,test,4355,6304,resnet50_linear_head,8,ship,8,ship,True,0.7462940216064453
STL-10,test,4399,6304,resnet50_linear_head,0,airplane,0,airplane,True,0.9255120754241943
STL-10,test,4403,6304,resnet50_linear_head,7,monkey,7,monkey,True,0.9079293608665466
STL-10,test,4411,6304,resnet50_linear_head,6,horse,6,horse,True,0.9658326506614685
STL-10,test,4449,6304,resnet50_linear_head,9,truck,9,truck,True,0.927512526512146
STL-10,test,4463,6304,resnet50_linear_head,3,cat,3,cat,True,0.9531863331794739
STL-10,test,4531,6304,resnet50_linear_head,3,cat,3,cat,True,0.7758944630622864
STL-10,test,4539,6304,resnet50_linear_head,0,airplane,0,airplane,True,0.9616981148719788
STL-10,test,4547,6304,resnet50_linear_head,5,dog,5,dog,True,0.7940578460693359
STL-10,test,4552,6304,resnet50_linear_head,8,ship,8,ship,True,0.8093688488006592
STL-10,test,4570,6304,resnet50_linear_head,5,dog,5,dog,True,0.7153943777084351
STL-10,test,4590,6304,resnet50_linear_head,3,cat,3,cat,True,0.8659378886222839
STL-10,test,4609,6304,resnet50_linear_head,3,cat,3,cat,True,0.8549524545669556
STL-10,test,4615,6304,resnet50_linear_head,0,airplane,0,airplane,True,0.7959073781967163
STL-10,test,4617,6304,resnet50_linear_head,0,airplane,0,airplane,True,0.9419693350791931
STL-10,test,4620,6304,resnet50_linear_head,6,horse,6,horse,True,0.9957412481307983
STL-10,test,4629,6304,resnet50_linear_head,4,deer,4,deer,True,0.9549607038497925
STL-10,test,4640,6304,resnet50_linear_head,1,bird,1,bird,True,0.6927386522293091
STL-10,test,4642,6304,resnet50_linear_head,4,deer,4,deer,True,0.9130846261978149
STL-10,test,4661,6304,resnet50_linear_head,7,monkey,7,monkey,True,0.8978428840637207
STL-10,test,4662,6304,resnet50_linear_head,8,ship,8,ship,True,0.8792254328727722
STL-10,test,4675,6304,resnet50_linear_head,0,airplane,0,airplane,True,0.8777155876159668
STL-10,test,4676,6304,resnet50_linear_head,8,ship,8,ship,True,0.9766199588775635
STL-10,test,4704,6304,resnet50_linear_head,7,monkey,7,monkey,True,0.9532814621925354
STL-10,test,4723,6304,resnet50_linear_head,9,truck,9,truck,True,0.9161733984947205
STL-10,test,4731,6304,resnet50_linear_head,6,horse,6,horse,True,0.8525080680847168
STL-10,test,4735,6304,resnet50_linear_head,2,car,2,car,True,0.849209189414978
STL-10,test,4740,6304,resnet50_linear_head,4,deer,4,deer,True,0.7700678110122681
STL-10,test,4746,6304,resnet50_linear_head,6,horse,6,horse,True,0.6775708794593811
STL-10,test,4748,6304,resnet50_linear_head,7,monkey,7,monkey,True,0.6918550133705139
STL-10,test,4754,6304,resnet50_linear_head,6,horse,6,horse,True,0.906552255153656
STL-10,test,4785,6304,resnet50_linear_head,0,airplane,0,airplane,True,0.6006422638893127
STL-10,test,4791,6304,resnet50_linear_head,7,monkey,7,monkey,True,0.8810380101203918
STL-10,test,4819,6304,resnet50_linear_head,0,airplane,0,airplane,True,0.9853644967079163
STL-10,test,4821,6304,resnet50_linear_head,3,cat,3,cat,True,0.9340344071388245
STL-10,test,4827,6304,resnet50_linear_head,6,horse,6,horse,True,0.9877661466598511
STL-10,test,4850,6304,resnet50_linear_head,5,dog,5,dog,True,0.9877570867538452
STL-10,test,4881,6304,resnet50_linear_head,3,cat,3,cat,True,0.7915984392166138
STL-10,test,4893,6304,resnet50_linear_head,0,airplane,0,airplane,True,0.8954247832298279
STL-10,test,4908,6304,resnet50_linear_head,3,cat,3,cat,True,0.9133455753326416
STL-10,test,4913,6304,resnet50_linear_head,2,car,2,car,True,0.9441376328468323
STL-10,test,4921,6304,resnet50_linear_head,2,car,2,car,True,0.9784568548202515
STL-10,test,4953,6304,resnet50_linear_head,5,dog,5,dog,True,0.8374282717704773
STL-10,test,4966,6304,resnet50_linear_head,5,dog,5,dog,True,0.990831196308136
STL-10,test,4990,6304,resnet50_linear_head,8,ship,8,ship,True,0.9137213230133057
STL-10,test,5000,6304,resnet50_linear_head,8,ship,8,ship,True,0.8203513026237488
STL-10,test,5030,6304,resnet50_linear_head,2,car,2,car,True,0.8922366499900818
STL-10,test,5062,6304,resnet50_linear_head,4,deer,4,deer,True,0.9566479921340942
STL-10,test,5077,6304,resnet50_linear_head,4,deer,4,deer,True,0.9087917804718018
STL-10,test,5082,6304,resnet50_linear_head,6,horse,6,horse,True,0.7333402633666992
STL-10,test,5092,6304,resnet50_linear_head,1,bird,1,bird,True,0.9734338521957397
STL-10,test,5101,6304,resnet50_linear_head,5,dog,5,dog,True,0.9144442081451416
STL-10,test,5117,6304,resnet50_linear_head,0,airplane,0,airplane,True,0.8960931301116943
STL-10,test,5123,6304,resnet50_linear_head,1,bird,1,bird,True,0.9638228416442871
STL-10,test,5135,6304,resnet50_linear_head,4,deer,4,deer,True,0.9066055417060852
STL-10,test,5183,6304,resnet50_linear_head,2,car,2,car,True,0.7770407795906067
STL-10,test,5213,6304,resnet50_linear_head,4,deer,4,deer,True,0.8641711473464966
STL-10,test,5218,6304,resnet50_linear_head,2,car,2,car,True,0.8520902395248413
STL-10,test,5220,6304,resnet50_linear_head,1,bird,3,cat,False,0.42266425490379333
STL-10,test,5237,6304,resnet50_linear_head,2,car,2,car,True,0.8116808533668518
STL-10,test,5256,6304,resnet50_linear_head,1,bird,1,bird,True,0.938723087310791
STL-10,test,5284,6304,resnet50_linear_head,9,truck,9,truck,True,0.9239534139633179
STL-10,test,5301,6304,resnet50_linear_head,9,truck,9,truck,True,0.9372284412384033
STL-10,test,5318,6304,resnet50_linear_head,2,car,2,car,True,0.9875079989433289
STL-10,test,5332,6304,resnet50_linear_head,5,dog,5,dog,True,0.820122480392456
STL-10,test,5333,6304,resnet50_linear_head,2,car,2,car,True,0.9217625856399536
STL-10,test,5360,6304,resnet50_linear_head,9,truck,9,truck,True,0.9671863913536072
STL-10,test,5381,6304,resnet50_linear_head,5,dog,5,dog,True,0.7195754051208496
STL-10,test,5382,6304,resnet50_linear_head,6,horse,6,horse,True,0.8461692333221436
STL-10,test,5395,6304,resnet50_linear_head,2,car,2,car,True,0.9900250434875488
STL-10,test,5402,6304,resnet50_linear_head,4,deer,4,deer,True,0.7691967487335205
STL-10,test,5408,6304,resnet50_linear_head,6,horse,6,horse,True,0.5634700655937195
STL-10,test,5436,6304,resnet50_linear_head,7,monkey,7,monkey,True,0.6850964426994324
STL-10,test,5447,6304,resnet50_linear_head,9,truck,9,truck,True,0.9550571441650391
STL-10,test,5450,6304,resnet50_linear_head,7,monkey,7,monkey,True,0.8510307669639587
STL-10,test,5451,6304,resnet50_linear_head,8,ship,8,ship,True,0.9011223316192627
STL-10,test,5452,6304,resnet50_linear_head,9,truck,9,truck,True,0.925977885723114
STL-10,test,5467,6304,resnet50_linear_head,4,deer,4,deer,True,0.7411677837371826
STL-10,test,5478,6304,resnet50_linear_head,0,airplane,0,airplane,True,0.7095345258712769
STL-10,test,5488,6304,resnet50_linear_head,1,bird,7,monkey,False,0.806928277015686
STL-10,test,5496,6304,resnet50_linear_head,5,dog,5,dog,True,0.9363950490951538
STL-10,test,5508,6304,resnet50_linear_head,9,truck,9,truck,True,0.958688497543335
STL-10,test,5512,6304,resnet50_linear_head,2,car,9,truck,False,0.9580914378166199
STL-10,test,5525,6304,resnet50_linear_head,8,ship,8,ship,True,0.9153265357017517
STL-10,test,5528,6304,resnet50_linear_head,3,cat,5,dog,False,0.7927438616752625
STL-10,test,5556,6304,resnet50_linear_head,4,deer,4,deer,True,0.8400604724884033
STL-10,test,5560,6304,resnet50_linear_head,1,bird,1,bird,True,0.31596624851226807
STL-10,test,5572,6304,resnet50_linear_head,9,truck,9,truck,True,0.8953036069869995
STL-10,test,5580,6304,resnet50_linear_head,6,horse,6,horse,True,0.9923658967018127
STL-10,test,5590,6304,resnet50_linear_head,9,truck,9,truck,True,0.9039133787155151
STL-10,test,5623,6304,resnet50_linear_head,4,deer,4,deer,True,0.6185855865478516
STL-10,test,5677,6304,resnet50_linear_head,2,car,2,car,True,0.9509559869766235
STL-10,test,5694,6304,resnet50_linear_head,8,ship,8,ship,True,0.7535043954849243
STL-10,test,5701,6304,resnet50_linear_head,5,dog,5,dog,True,0.7697652578353882
STL-10,test,5705,6304,resnet50_linear_head,8,ship,8,ship,True,0.8466041088104248
STL-10,test,5719,6304,resnet50_linear_head,7,monkey,7,monkey,True,0.7983728647232056
STL-10,test,5729,6304,resnet50_linear_head,6,horse,6,horse,True,0.9507743716239929
STL-10,test,5756,6304,resnet50_linear_head,2,car,2,car,True,0.9927428960800171
STL-10,test,5788,6304,resnet50_linear_head,9,truck,9,truck,True,0.9205212593078613
STL-10,test,5789,6304,resnet50_linear_head,4,deer,4,deer,True,0.7471126317977905
STL-10,test,5824,6304,resnet50_linear_head,2,car,2,car,True,0.9709839224815369
STL-10,test,5848,6304,resnet50_linear_head,7,monkey,7,monkey,True,0.810736894607544
STL-10,test,5851,6304,resnet50_linear_head,9,truck,9,truck,True,0.9190964698791504
STL-10,test,5857,6304,resnet50_linear_head,6,horse,4,deer,False,0.5761572122573853
STL-10,test,5858,6304,resnet50_linear_head,6,horse,6,horse,True,0.6214138865470886
STL-10,test,5912,6304,resnet50_linear_head,0,airplane,0,airplane,True,0.988174557685852
STL-10,test,5915,6304,resnet50_linear_head,9,truck,9,truck,True,0.9133844971656799
STL-10,test,5918,6304,resnet50_linear_head,0,airplane,0,airplane,True,0.9569295644760132
STL-10,test,5924,6304,resnet50_linear_head,5,dog,5,dog,True,0.8762568831443787
STL-10,test,5977,6304,resnet50_linear_head,7,monkey,7,monkey,True,0.8134680986404419
STL-10,test,5981,6304,resnet50_linear_head,9,truck,9,truck,True,0.9335460662841797
STL-10,test,5999,6304,resnet50_linear_head,0,airplane,0,airplane,True,0.9683653116226196
STL-10,test,6028,6304,resnet50_linear_head,2,car,2,car,True,0.963033139705658
STL-10,test,6033,6304,resnet50_linear_head,4,deer,4,deer,True,0.8859556317329407
STL-10,test,6076,6304,resnet50_linear_head,1,bird,1,bird,True,0.9570705890655518
STL-10,test,6084,6304,resnet50_linear_head,7,monkey,7,monkey,True,0.8046903610229492
STL-10,test,6097,6304,resnet50_linear_head,4,deer,4,deer,True,0.7524610161781311
STL-10,test,6169,6304,resnet50_linear_head,1,bird,1,bird,True,0.7734352350234985
STL-10,test,6190,6304,resnet50_linear_head,7,monkey,7,monkey,True,0.8863691091537476
STL-10,test,6224,6304,resnet50_linear_head,5,dog,5,dog,True,0.6924600601196289
STL-10,test,6244,6304,resnet50_linear_head,2,car,2,car,True,0.9481564164161682
STL-10,test,6264,6304,resnet50_linear_head,2,car,2,car,True,0.976718008518219
STL-10,test,6271,6304,resnet50_linear_head,2,car,2,car,True,0.8524457216262817
STL-10,test,6288,6304,resnet50_linear_head,4,deer,4,deer,True,0.9514288306236267
STL-10,test,6332,6304,resnet50_linear_head,2,car,2,car,True,0.9126593470573425
STL-10,test,6349,6304,resnet50_linear_head,1,bird,1,bird,True,0.9863710999488831
STL-10,test,6354,6304,resnet50_linear_head,2,car,2,car,True,0.9841099977493286
STL-10,test,6358,6304,resnet50_linear_head,5,dog,5,dog,True,0.8227223753929138
STL-10,test,6381,6304,resnet50_linear_head,6,horse,6,horse,True,0.689957857131958
STL-10,test,6414,6304,resnet50_linear_head,5,dog,5,dog,True,0.8266618251800537
STL-10,test,6426,6304,resnet50_linear_head,2,car,2,car,True,0.984683096408844
STL-10,test,6434,6304,resnet50_linear_head,8,ship,8,ship,True,0.8911522030830383
STL-10,test,6437,6304,resnet50_linear_head,0,airplane,0,airplane,True,0.7788960933685303
STL-10,test,6455,6304,resnet50_linear_head,0,airplane,0,airplane,True,0.8485828638076782
STL-10,test,6490,6304,resnet50_linear_head,3,cat,3,cat,True,0.6684288382530212
STL-10,test,6503,6304,resnet50_linear_head,2,car,2,car,True,0.9314306378364563
STL-10,test,6508,6304,resnet50_linear_head,4,deer,4,deer,True,0.933012068271637
STL-10,test,6528,6304,resnet50_linear_head,4,deer,4,deer,True,0.8082354068756104
STL-10,test,6594,6304,resnet50_linear_head,1,bird,1,bird,True,0.9231723546981812
STL-10,test,6609,6304,resnet50_linear_head,0,airplane,0,airplane,True,0.9225858449935913
STL-10,test,6616,6304,resnet50_linear_head,2,car,2,car,True,0.9333889484405518
STL-10,test,6650,6304,resnet50_linear_head,7,monkey,7,monkey,True,0.9648069739341736
STL-10,test,6689,6304,resnet50_linear_head,8,ship,8,ship,True,0.8595298528671265
STL-10,test,6692,6304,resnet50_linear_head,2,car,2,car,True,0.8816784620285034
STL-10,test,6713,6304,resnet50_linear_head,6,horse,6,horse,True,0.758658230304718
STL-10,test,6716,6304,resnet50_linear_head,5,dog,5,dog,True,0.7371158003807068
STL-10,test,6726,6304,resnet50_linear_head,7,monkey,7,monkey,True,0.8889240026473999
STL-10,test,6733,6304,resnet50_linear_head,1,bird,1,bird,True,0.5292034149169922
STL-10,test,6772,6304,resnet50_linear_head,7,monkey,7,monkey,True,0.8467342257499695
STL-10,test,6805,6304,resnet50_linear_head,1,bird,1,bird,True,0.6589186787605286
STL-10,test,6836,6304,resnet50_linear_head,1,bird,1,bird,True,0.5825729370117188
STL-10,test,6844,6304,resnet50_linear_head,0,airplane,0,airplane,True,0.8813216686248779
STL-10,test,6922,6304,resnet50_linear_head,5,dog,5,dog,True,0.9914303421974182
STL-10,test,6931,6304,resnet50_linear_head,9,truck,9,truck,True,0.7671281695365906
STL-10,test,6938,6304,resnet50_linear_head,1,bird,1,bird,True,0.9846923351287842
STL-10,test,6952,6304,resnet50_linear_head,3,cat,3,cat,True,0.9924147725105286
STL-10,test,6954,6304,resnet50_linear_head,1,bird,1,bird,True,0.970636785030365
STL-10,test,6986,6304,resnet50_linear_head,0,airplane,0,airplane,True,0.8131250739097595
STL-10,test,6989,6304,resnet50_linear_head,5,dog,5,dog,True,0.761882483959198
STL-10,test,7009,6304,resnet50_linear_head,0,airplane,0,airplane,True,0.8676106333732605
STL-10,test,7029,6304,resnet50_linear_head,1,bird,1,bird,True,0.7291300892829895
STL-10,test,7033,6304,resnet50_linear_head,1,bird,1,bird,True,0.9713600277900696
STL-10,test,7041,6304,resnet50_linear_head,5,dog,5,dog,True,0.9074208736419678
STL-10,test,7047,6304,resnet50_linear_head,9,truck,9,truck,True,0.9053300619125366
STL-10,test,7081,6304,resnet50_linear_head,7,monkey,7,monkey,True,0.9144645929336548
STL-10,test,7084,6304,resnet50_linear_head,2,car,2,car,True,0.9839942455291748
STL-10,test,7108,6304,resnet50_linear_head,6,horse,6,horse,True,0.8385359644889832
STL-10,test,7130,6304,resnet50_linear_head,5,dog,5,dog,True,0.7575036287307739
STL-10,test,7138,6304,resnet50_linear_head,8,ship,8,ship,True,0.9062246680259705
STL-10,test,7150,6304,resnet50_linear_head,0,airplane,0,airplane,True,0.8460266590118408
STL-10,test,7202,6304,resnet50_linear_head,1,bird,1,bird,True,0.6607646942138672
STL-10,test,7262,6304,resnet50_linear_head,0,airplane,0,airplane,True,0.9499190449714661
STL-10,test,7266,6304,resnet50_linear_head,9,truck,9,truck,True,0.846030056476593
STL-10,test,7270,6304,resnet50_linear_head,7,monkey,7,monkey,True,0.9376757740974426
STL-10,test,7309,6304,resnet50_linear_head,0,airplane,0,airplane,True,0.8649802803993225
STL-10,test,7320,6304,resnet50_linear_head,0,airplane,0,airplane,True,0.9606137871742249
STL-10,test,7338,6304,resnet50_linear_head,6,horse,6,horse,True,0.994761049747467
STL-10,test,7372,6304,resnet50_linear_head,0,airplane,0,airplane,True,0.7407522201538086
STL-10,test,7373,6304,resnet50_linear_head,0,airplane,0,airplane,True,0.6738097667694092
STL-10,test,7380,6304,resnet50_linear_head,9,truck,9,truck,True,0.9026387929916382
STL-10,test,7390,6304,resnet50_linear_head,1,bird,1,bird,True,0.7503147721290588
STL-10,test,7413,6304,resnet50_linear_head,5,dog,5,dog,True,0.4415743350982666
STL-10,test,7416,6304,resnet50_linear_head,3,cat,5,dog,False,0.7324251532554626
STL-10,test,7425,6304,resnet50_linear_head,2,car,2,car,True,0.9876465797424316
STL-10,test,7446,6304,resnet50_linear_head,8,ship,8,ship,True,0.9280479550361633
STL-10,test,7460,6304,resnet50_linear_head,8,ship,8,ship,True,0.7673003077507019
STL-10,test,7465,6304,resnet50_linear_head,0,airplane,0,airplane,True,0.8862223625183105
STL-10,test,7474,6304,resnet50_linear_head,5,dog,5,dog,True,0.9073965549468994
STL-10,test,7475,6304,resnet50_linear_head,4,deer,4,deer,True,0.7756615281105042
STL-10,test,7476,6304,resnet50_linear_head,8,ship,8,ship,True,0.93808513879776
STL-10,test,7544,6304,resnet50_linear_head,9,truck,9,truck,True,0.8223219513893127
STL-10,test,7555,6304,resnet50_linear_head,6,horse,6,horse,True,0.962823212146759
STL-10,test,7600,6304,resnet50_linear_head,6,horse,6,horse,True,0.9879950881004333
STL-10,test,7610,6304,resnet50_linear_head,4,deer,4,deer,True,0.8426756858825684
STL-10,test,7634,6304,resnet50_linear_head,0,airplane,0,airplane,True,0.9056603312492371
STL-10,test,7692,6304,resnet50_linear_head,4,deer,4,deer,True,0.9036837816238403
STL-10,test,7706,6304,resnet50_linear_head,5,dog,5,dog,True,0.8893255591392517
STL-10,test,7726,6304,resnet50_linear_head,6,horse,6,horse,True,0.9873368144035339
STL-10,test,7744,6304,resnet50_linear_head,3,cat,3,cat,True,0.6847259998321533
STL-10,test,7752,6304,resnet50_linear_head,9,truck,9,truck,True,0.8232758045196533
STL-10,test,7776,6304,resnet50_linear_head,5,dog,5,dog,True,0.8625812530517578
STL-10,test,7779,6304,resnet50_linear_head,6,horse,6,horse,True,0.9804884195327759
STL-10,test,7781,6304,resnet50_linear_head,6,horse,6,horse,True,0.9315066933631897
STL-10,test,7793,6304,resnet50_linear_head,3,cat,5,dog,False,0.8185096383094788
STL-10,test,7797,6304,resnet50_linear_head,3,cat,3,cat,True,0.8122276663780212
STL-10,test,7810,6304,resnet50_linear_head,8,ship,8,ship,True,0.9051865339279175
STL-10,test,7818,6304,resnet50_linear_head,8,ship,8,ship,True,0.899058997631073
STL-10,test,7835,6304,resnet50_linear_head,7,monkey,7,monkey,True,0.9245025515556335
STL-10,test,7864,6304,resnet50_linear_head,4,deer,4,deer,True,0.784995973110199
STL-10,test,7875,6304,resnet50_linear_head,8,ship,8,ship,True,0.9245832562446594
STL-10,test,7938,6304,resnet50_linear_head,9,truck,9,truck,True,0.9707133769989014
STL-10,test,7940,6304,resnet50_linear_head,4,deer,4,deer,True,0.8723244071006775
STL-10,test,7944,6304,resnet50_linear_head,4,deer,4,deer,True,0.6835634112358093
STL-10,test,7955,6304,resnet50_linear_head,1,bird,1,bird,True,0.9874805808067322
STL-10,test,7995,6304,resnet50_linear_head,9,truck,9,truck,True,0.8559355139732361
STL-10,test,7996,6304,resnet50_linear_head,6,horse,6,horse,True,0.9953572154045105
STL-10,test,7999,6304,resnet50_linear_head,8,ship,8,ship,True,0.9078978300094604
STL-10,test,3,6304,vit_b_16_linear_head,0,airplane,0,airplane,True,0.877614438533783
STL-10,test,29,6304,vit_b_16_linear_head,7,monkey,7,monkey,True,0.9873342514038086
STL-10,test,35,6304,vit_b_16_linear_head,2,car,2,car,True,0.9850785732269287
STL-10,test,42,6304,vit_b_16_linear_head,0,airplane,0,airplane,True,0.9937851428985596
STL-10,test,49,6304,vit_b_16_linear_head,2,car,2,car,True,0.9639475345611572
STL-10,test,81,6304,vit_b_16_linear_head,0,airplane,0,airplane,True,0.9751086235046387
STL-10,test,95,6304,vit_b_16_linear_head,1,bird,1,bird,True,0.9965282082557678
STL-10,test,97,6304,vit_b_16_linear_head,5,dog,5,dog,True,0.864019513130188
STL-10,test,116,6304,vit_b_16_linear_head,1,bird,1,bird,True,0.9972687363624573
STL-10,test,131,6304,vit_b_16_linear_head,9,truck,9,truck,True,0.9721565842628479
STL-10,test,151,6304,vit_b_16_linear_head,8,ship,8,ship,True,0.9828401803970337
STL-10,test,171,6304,vit_b_16_linear_head,4,deer,4,deer,True,0.9702612161636353
STL-10,test,176,6304,vit_b_16_linear_head,3,cat,3,cat,True,0.9853941202163696
STL-10,test,191,6304,vit_b_16_linear_head,9,truck,9,truck,True,0.8869867324829102
STL-10,test,194,6304,vit_b_16_linear_head,8,ship,8,ship,True,0.9954417943954468
STL-10,test,198,6304,vit_b_16_linear_head,1,bird,1,bird,True,0.9874837398529053
STL-10,test,239,6304,vit_b_16_linear_head,9,truck,9,truck,True,0.9889121055603027
STL-10,test,261,6304,vit_b_16_linear_head,1,bird,5,dog,False,0.22786253690719604
STL-10,test,269,6304,vit_b_16_linear_head,7,monkey,7,monkey,True,0.9813608527183533
STL-10,test,276,6304,vit_b_16_linear_head,9,truck,9,truck,True,0.9639031291007996
STL-10,test,303,6304,vit_b_16_linear_head,9,truck,9,truck,True,0.9824450612068176
STL-10,test,304,6304,vit_b_16_linear_head,1,bird,1,bird,True,0.4913802742958069
STL-10,test,317,6304,vit_b_16_linear_head,2,car,2,car,True,0.9804822206497192
STL-10,test,319,6304,vit_b_16_linear_head,5,dog,5,dog,True,0.8750908970832825
STL-10,test,323,6304,vit_b_16_linear_head,7,monkey,7,monkey,True,0.995334804058075
STL-10,test,365,6304,vit_b_16_linear_head,3,cat,3,cat,True,0.9586923718452454
STL-10,test,370,6304,vit_b_16_linear_head,7,monkey,7,monkey,True,0.9899170994758606
STL-10,test,372,6304,vit_b_16_linear_head,3,cat,3,cat,True,0.9900004267692566
STL-10,test,378,6304,vit_b_16_linear_head,5,dog,5,dog,True,0.8821074366569519
STL-10,test,391,6304,vit_b_16_linear_head,3,cat,3,cat,True,0.997330904006958
STL-10,test,409,6304,vit_b_16_linear_head,2,car,2,car,True,0.9945089221000671
STL-10,test,419,6304,vit_b_16_linear_head,9,truck,9,truck,True,0.9463770985603333
STL-10,test,449,6304,vit_b_16_linear_head,6,horse,6,horse,True,0.9940729737281799
STL-10,test,470,6304,vit_b_16_linear_head,2,car,2,car,True,0.9827715754508972
STL-10,test,483,6304,vit_b_16_linear_head,2,car,2,car,True,0.9272876977920532
STL-10,test,484,6304,vit_b_16_linear_head,0,airplane,0,airplane,True,0.9259493947029114
STL-10,test,506,6304,vit_b_16_linear_head,4,deer,4,deer,True,0.9475647807121277
STL-10,test,545,6304,vit_b_16_linear_head,6,horse,6,horse,True,0.9201032519340515
STL-10,test,562,6304,vit_b_16_linear_head,0,airplane,0,airplane,True,0.9707508087158203
STL-10,test,568,6304,vit_b_16_linear_head,5,dog,5,dog,True,0.8971885442733765
STL-10,test,603,6304,vit_b_16_linear_head,9,truck,9,truck,True,0.9907703399658203
STL-10,test,632,6304,vit_b_16_linear_head,3,cat,3,cat,True,0.9915062785148621
STL-10,test,645,6304,vit_b_16_linear_head,5,dog,5,dog,True,0.9852906465530396
STL-10,test,667,6304,vit_b_16_linear_head,8,ship,8,ship,True,0.9865943193435669
STL-10,test,672,6304,vit_b_16_linear_head,3,cat,3,cat,True,0.9989829659461975
STL-10,test,677,6304,vit_b_16_linear_head,3,cat,3,cat,True,0.9792287349700928
STL-10,test,685,6304,vit_b_16_linear_head,5,dog,5,dog,True,0.9751186966896057
STL-10,test,691,6304,vit_b_16_linear_head,4,deer,4,deer,True,0.9989516735076904
STL-10,test,706,6304,vit_b_16_linear_head,8,ship,8,ship,True,0.992580771446228
STL-10,test,714,6304,vit_b_16_linear_head,2,car,2,car,True,0.5800826549530029
STL-10,test,716,6304,vit_b_16_linear_head,8,ship,8,ship,True,0.9425433874130249
STL-10,test,738,6304,vit_b_16_linear_head,3,cat,3,cat,True,0.8103319406509399
STL-10,test,739,6304,vit_b_16_linear_head,8,ship,8,ship,True,0.9808831810951233
STL-10,test,766,6304,vit_b_16_linear_head,4,deer,6,horse,False,0.8981835842132568
STL-10,test,791,6304,vit_b_16_linear_head,3,cat,3,cat,True,0.9841630458831787
STL-10,test,805,6304,vit_b_16_linear_head,9,truck,9,truck,True,0.9273068904876709
STL-10,test,825,6304,vit_b_16_linear_head,1,bird,1,bird,True,0.943979024887085
STL-10,test,852,6304,vit_b_16_linear_head,9,truck,9,truck,True,0.9917857050895691
STL-10,test,855,6304,vit_b_16_linear_head,4,deer,4,deer,True,0.9951937794685364
STL-10,test,873,6304,vit_b_16_linear_head,6,horse,6,horse,True,0.9978821873664856
STL-10,test,890,6304,vit_b_16_linear_head,6,horse,6,horse,True,0.9762114882469177
STL-10,test,920,6304,vit_b_16_linear_head,6,horse,6,horse,True,0.9836196303367615
STL-10,test,929,6304,vit_b_16_linear_head,6,horse,6,horse,True,0.932915985584259
STL-10,test,962,6304,vit_b_16_linear_head,8,ship,8,ship,True,0.9969003200531006
STL-10,test,964,6304,vit_b_16_linear_head,6,horse,6,horse,True,0.9602481722831726
STL-10,test,977,6304,vit_b_16_linear_head,6,horse,6,horse,True,0.9905611872673035
STL-10,test,979,6304,vit_b_16_linear_head,3,cat,3,cat,True,0.8752297759056091
STL-10,test,981,6304,vit_b_16_linear_head,2,car,2,car,True,0.989293098449707
STL-10,test,1022,6304,vit_b_16_linear_head,9,truck,9,truck,True,0.49802473187446594
STL-10,test,1032,6304,vit_b_16_linear_head,7,monkey,7,monkey,True,0.9528015851974487
STL-10,test,1048,6304,vit_b_16_linear_head,7,monkey,7,monkey,True,0.9359323382377625
STL-10,test,1090,6304,vit_b_16_linear_head,1,bird,1,bird,True,0.9461402297019958
STL-10,test,1095,6304,vit_b_16_linear_head,5,dog,5,dog,True,0.9270989298820496
STL-10,test,1109,6304,vit_b_16_linear_head,1,bird,1,bird,True,0.5079923272132874
STL-10,test,1111,6304,vit_b_16_linear_head,4,deer,4,deer,True,0.8901584148406982
STL-10,test,1115,6304,vit_b_16_linear_head,1,bird,1,bird,True,0.6789827346801758
STL-10,test,1124,6304,vit_b_16_linear_head,4,deer,4,deer,True,0.9902814626693726
STL-10,test,1129,6304,vit_b_16_linear_head,8,ship,8,ship,True,0.9886216521263123
STL-10,test,1175,6304,vit_b_16_linear_head,0,airplane,0,airplane,True,0.9962978959083557
STL-10,test,1202,6304,vit_b_16_linear_head,2,car,2,car,True,0.9685420989990234
STL-10,test,1204,6304,vit_b_16_linear_head,3,cat,3,cat,True,0.9977388381958008
STL-10,test,1211,6304,vit_b_16_linear_head,4,deer,4,deer,True,0.9816877245903015
STL-10,test,1220,6304,vit_b_16_linear_head,7,monkey,7,monkey,True,0.988035261631012
STL-10,test,1230,6304,vit_b_16_linear_head,1,bird,1,bird,True,0.2777921259403229
STL-10,test,1247,6304,vit_b_16_linear_head,8,ship,8,ship,True,0.9465345740318298
STL-10,test,1263,6304,vit_b_16_linear_head,3,cat,3,cat,True,0.9657072424888611
STL-10,test,1266,6304,vit_b_16_linear_head,4,deer,4,deer,True,0.9760000109672546
STL-10,test,1287,6304,vit_b_16_linear_head,7,monkey,7,monkey,True,0.9828789234161377
STL-10,test,1296,6304,vit_b_16_linear_head,7,monkey,7,monkey,True,0.9940693378448486
STL-10,test,1370,6304,vit_b_16_linear_head,3,cat,3,cat,True,0.9951940178871155
STL-10,test,1389,6304,vit_b_16_linear_head,0,airplane,0,airplane,True,0.9965046644210815
STL-10,test,1401,6304,vit_b_16_linear_head,3,cat,3,cat,True,0.9904142022132874
STL-10,test,1403,6304,vit_b_16_linear_head,2,car,2,car,True,0.9952771663665771
STL-10,test,1411,6304,vit_b_16_linear_head,9,truck,9,truck,True,0.9783766269683838
STL-10,test,1429,6304,vit_b_16_linear_head,4,deer,4,deer,True,0.9793563485145569
STL-10,test,1430,6304,vit_b_16_linear_head,9,truck,9,truck,True,0.9699516892433167
STL-10,test,1431,6304,vit_b_16_linear_head,3,cat,3,cat,True,0.9411396384239197
STL-10,test,1436,6304,vit_b_16_linear_head,1,bird,1,bird,True,0.9914920926094055
STL-10,test,1440,6304,vit_b_16_linear_head,7,monkey,7,monkey,True,0.9910808205604553
STL-10,test,1468,6304,vit_b_16_linear_head,9,truck,9,truck,True,0.9226981997489929
STL-10,test,1473,6304,vit_b_16_linear_head,7,monkey,7,monkey,True,0.9640645384788513
STL-10,test,1515,6304,vit_b_16_linear_head,9,truck,9,truck,True,0.9858303666114807
STL-10,test,1520,6304,vit_b_16_linear_head,2,car,2,car,True,0.9871627688407898
STL-10,test,1531,6304,vit_b_16_linear_head,3,cat,3,cat,True,0.9800493717193604
STL-10,test,1534,6304,vit_b_16_linear_head,6,horse,6,horse,True,0.9869976043701172
STL-10,test,1552,6304,vit_b_16_linear_head,5,dog,5,dog,True,0.977360725402832
STL-10,test,1553,6304,vit_b_16_linear_head,0,airplane,0,airplane,True,0.9781067967414856
STL-10,test,1563,6304,vit_b_16_linear_head,3,cat,3,cat,True,0.954056978225708
STL-10,test,1568,6304,vit_b_16_linear_head,1,bird,1,bird,True,0.8631038069725037
STL-10,test,1579,6304,vit_b_16_linear_head,7,monkey,7,monkey,True,0.9570716619491577
STL-10,test,1586,6304,vit_b_16_linear_head,2,car,2,car,True,0.9961400628089905
STL-10,test,1596,6304,vit_b_16_linear_head,0,airplane,0,airplane,True,0.8506085276603699
STL-10,test,1626,6304,vit_b_16_linear_head,5,dog,5,dog,True,0.8755459189414978
STL-10,test,1640,6304,vit_b_16_linear_head,8,ship,8,ship,True,0.9923304319381714
STL-10,test,1644,6304,vit_b_16_linear_head,5,dog,5,dog,True,0.8216513991355896
STL-10,test,1648,6304,vit_b_16_linear_head,0,airplane,0,airplane,True,0.9831674695014954
STL-10,test,1654,6304,vit_b_16_linear_head,9,truck,9,truck,True,0.951548159122467
STL-10,test,1667,6304,vit_b_16_linear_head,6,horse,6,horse,True,0.9674352407455444
STL-10,test,1703,6304,vit_b_16_linear_head,7,monkey,7,monkey,True,0.9912976026535034
STL-10,test,1711,6304,vit_b_16_linear_head,7,monkey,7,monkey,True,0.8315222859382629
STL-10,test,1771,6304,vit_b_16_linear_head,7,monkey,7,monkey,True,0.7420290112495422
STL-10,test,1783,6304,vit_b_16_linear_head,8,ship,8,ship,True,0.9885666966438293
STL-10,test,1814,6304,vit_b_16_linear_head,2,car,2,car,True,0.8831841945648193
STL-10,test,1833,6304,vit_b_16_linear_head,8,ship,8,ship,True,0.9564260244369507
STL-10,test,1836,6304,vit_b_16_linear_head,9,truck,9,truck,True,0.8185480237007141
STL-10,test,1839,6304,vit_b_16_linear_head,2,car,2,car,True,0.9736324548721313
STL-10,test,1852,6304,vit_b_16_linear_head,1,bird,1,bird,True,0.9993057250976562
STL-10,test,1871,6304,vit_b_16_linear_head,1,bird,1,bird,True,0.5967499017715454
STL-10,test,1877,6304,vit_b_16_linear_head,5,dog,5,dog,True,0.8261881470680237
STL-10,test,1884,6304,vit_b_16_linear_head,7,monkey,7,monkey,True,0.9615728855133057
STL-10,test,1927,6304,vit_b_16_linear_head,7,monkey,7,monkey,True,0.9900829195976257
STL-10,test,1954,6304,vit_b_16_linear_head,8,ship,8,ship,True,0.9503738880157471
STL-10,test,1956,6304,vit_b_16_linear_head,7,monkey,7,monkey,True,0.8566137552261353
STL-10,test,1960,6304,vit_b_16_linear_head,4,deer,5,dog,False,0.4973348081111908
STL-10,test,1977,6304,vit_b_16_linear_head,0,airplane,0,airplane,True,0.9673277139663696
STL-10,test,1986,6304,vit_b_16_linear_head,1,bird,1,bird,True,0.8473505973815918
STL-10,test,1993,6304,vit_b_16_linear_head,1,bird,1,bird,True,0.9994004964828491
STL-10,test,2003,6304,vit_b_16_linear_head,6,horse,6,horse,True,0.9812873005867004
STL-10,test,2011,6304,vit_b_16_linear_head,9,truck,9,truck,True,0.9377373456954956
STL-10,test,2024,6304,vit_b_16_linear_head,0,airplane,0,airplane,True,0.9459342360496521
STL-10,test,2028,6304,vit_b_16_linear_head,3,cat,3,cat,True,0.9902945756912231
STL-10,test,2062,6304,vit_b_16_linear_head,9,truck,9,truck,True,0.992311418056488
STL-10,test,2070,6304,vit_b_16_linear_head,1,bird,1,bird,True,0.9664043188095093
STL-10,test,2082,6304,vit_b_16_linear_head,2,car,2,car,True,0.9451262354850769
STL-10,test,2095,6304,vit_b_16_linear_head,1,bird,1,bird,True,0.8878601789474487
STL-10,test,2109,6304,vit_b_16_linear_head,8,ship,8,ship,True,0.9841924905776978
STL-10,test,2114,6304,vit_b_16_linear_head,9,truck,9,truck,True,0.8883303999900818
STL-10,test,2116,6304,vit_b_16_linear_head,1,bird,3,cat,False,0.9768897294998169
STL-10,test,2157,6304,vit_b_16_linear_head,1,bird,1,bird,True,0.9937995076179504
STL-10,test,2167,6304,vit_b_16_linear_head,9,truck,9,truck,True,0.990666925907135
STL-10,test,2178,6304,vit_b_16_linear_head,1,bird,1,bird,True,0.9959757924079895
STL-10,test,2191,6304,vit_b_16_linear_head,8,ship,8,ship,True,0.9601449966430664
STL-10,test,2230,6304,vit_b_16_linear_head,8,ship,8,ship,True,0.9847837090492249
STL-10,test,2242,6304,vit_b_16_linear_head,0,airplane,0,airplane,True,0.9706948399543762
STL-10,test,2265,6304,vit_b_16_linear_head,5,dog,5,dog,True,0.9668785333633423
STL-10,test,2268,6304,vit_b_16_linear_head,5,dog,5,dog,True,0.8573895692825317
STL-10,test,2291,6304,vit_b_16_linear_head,3,cat,3,cat,True,0.7269603610038757
STL-10,test,2334,6304,vit_b_16_linear_head,5,dog,5,dog,True,0.8845407962799072
STL-10,test,2340,6304,vit_b_16_linear_head,8,ship,8,ship,True,0.9956472516059875
STL-10,test,2342,6304,vit_b_16_linear_head,8,ship,8,ship,True,0.9886221289634705
STL-10,test,2351,6304,vit_b_16_linear_head,9,truck,9,truck,True,0.9845682382583618
STL-10,test,2391,6304,vit_b_16_linear_head,5,dog,5,dog,True,0.46596112847328186
STL-10,test,2392,6304,vit_b_16_linear_head,2,car,2,car,True,0.9951444268226624
STL-10,test,2399,6304,vit_b_16_linear_head,4,deer,4,deer,True,0.9625734090805054
STL-10,test,2414,6304,vit_b_16_linear_head,9,truck,9,truck,True,0.867096483707428
STL-10,test,2427,6304,vit_b_16_linear_head,5,dog,5,dog,True,0.8435890078544617
STL-10,test,2458,6304,vit_b_16_linear_head,5,dog,5,dog,True,0.9471466541290283
STL-10,test,2501,6304,vit_b_16_linear_head,7,monkey,7,monkey,True,0.9369946122169495
STL-10,test,2502,6304,vit_b_16_linear_head,2,car,2,car,True,0.9864880442619324
STL-10,test,2536,6304,vit_b_16_linear_head,3,cat,3,cat,True,0.9974155426025391
STL-10,test,2539,6304,vit_b_16_linear_head,3,cat,3,cat,True,0.9891475439071655
STL-10,test,2610,6304,vit_b_16_linear_head,6,horse,6,horse,True,0.9809916615486145
STL-10,test,2623,6304,vit_b_16_linear_head,5,dog,5,dog,True,0.8783165216445923
STL-10,test,2655,6304,vit_b_16_linear_head,9,truck,9,truck,True,0.961366593837738
STL-10,test,2668,6304,vit_b_16_linear_head,7,monkey,7,monkey,True,0.9851424098014832
STL-10,test,2676,6304,vit_b_16_linear_head,6,horse,6,horse,True,0.40623557567596436
STL-10,test,2687,6304,vit_b_16_linear_head,1,bird,1,bird,True,0.9993448853492737
STL-10,test,2690,6304,vit_b_16_linear_head,1,bird,1,bird,True,0.9900407195091248
STL-10,test,2704,6304,vit_b_16_linear_head,4,deer,4,deer,True,0.9925731420516968
STL-10,test,2745,6304,vit_b_16_linear_head,8,ship,8,ship,True,0.9922612309455872
STL-10,test,2746,6304,vit_b_16_linear_head,7,monkey,7,monkey,True,0.9934116005897522
STL-10,test,2750,6304,vit_b_16_linear_head,0,airplane,0,airplane,True,0.8983885645866394
STL-10,test,2754,6304,vit_b_16_linear_head,3,cat,3,cat,True,0.9882087707519531
STL-10,test,2757,6304,vit_b_16_linear_head,4,deer,4,deer,True,0.977264404296875
STL-10,test,2766,6304,vit_b_16_linear_head,5,dog,5,dog,True,0.906234622001648
STL-10,test,2807,6304,vit_b_16_linear_head,5,dog,5,dog,True,0.4595378041267395
STL-10,test,2844,6304,vit_b_16_linear_head,8,ship,8,ship,True,0.991387665271759
STL-10,test,2854,6304,vit_b_16_linear_head,7,monkey,7,monkey,True,0.9841372966766357
STL-10,test,2861,6304,vit_b_16_linear_head,3,cat,3,cat,True,0.9857925772666931
STL-10,test,2888,6304,vit_b_16_linear_head,0,airplane,0,airplane,True,0.9778202176094055
STL-10,test,2898,6304,vit_b_16_linear_head,4,deer,4,deer,True,0.988867461681366
STL-10,test,2950,6304,vit_b_16_linear_head,5,dog,5,dog,True,0.9568500518798828
STL-10,test,2958,6304,vit_b_16_linear_head,6,horse,6,horse,True,0.9761389493942261
STL-10,test,3015,6304,vit_b_16_linear_head,8,ship,8,ship,True,0.9949101805686951
STL-10,test,3024,6304,vit_b_16_linear_head,2,car,2,car,True,0.9913827776908875
STL-10,test,3025,6304,vit_b_16_linear_head,0,airplane,0,airplane,True,0.9927167296409607
STL-10,test,3034,6304,vit_b_16_linear_head,4,deer,4,deer,True,0.9849489331245422
STL-10,test,3067,6304,vit_b_16_linear_head,2,car,2,car,True,0.9949368238449097
STL-10,test,3078,6304,vit_b_16_linear_head,4,deer,4,deer,True,0.9680452942848206
STL-10,test,3079,6304,vit_b_16_linear_head,1,bird,1,bird,True,0.9704984426498413
STL-10,test,3083,6304,vit_b_16_linear_head,0,airplane,0,airplane,True,0.9325194954872131
STL-10,test,3122,6304,vit_b_16_linear_head,4,deer,4,deer,True,0.9901195764541626
STL-10,test,3153,6304,vit_b_16_linear_head,7,monkey,7,monkey,True,0.9762493371963501
STL-10,test,3157,6304,vit_b_16_linear_head,8,ship,8,ship,True,0.992976725101471
STL-10,test,3163,6304,vit_b_16_linear_head,2,car,2,car,True,0.9965490102767944
STL-10,test,3179,6304,vit_b_16_linear_head,4,deer,4,deer,True,0.9730191230773926
STL-10,test,3191,6304,vit_b_16_linear_head,6,horse,6,horse,True,0.9377912878990173
STL-10,test,3276,6304,vit_b_16_linear_head,3,cat,3,cat,True,0.8600924611091614
STL-10,test,3287,6304,vit_b_16_linear_head,4,deer,4,deer,True,0.989693820476532
STL-10,test,3288,6304,vit_b_16_linear_head,7,monkey,7,monkey,True,0.9774885177612305
STL-10,test,3292,6304,vit_b_16_linear_head,6,horse,6,horse,True,0.8325180411338806
STL-10,test,3318,6304,vit_b_16_linear_head,9,truck,9,truck,True,0.9661683440208435
STL-10,test,3347,6304,vit_b_16_linear_head,0,airplane,0,airplane,True,0.9979538917541504
STL-10,test,3353,6304,vit_b_16_linear_head,5,dog,5,dog,True,0.7208495736122131
STL-10,test,3362,6304,vit_b_16_linear_head,2,car,2,car,True,0.9945559501647949
STL-10,test,3365,6304,vit_b_16_linear_head,4,deer,4,deer,True,0.957525372505188
STL-10,test,3375,6304,vit_b_16_linear_head,3,cat,3,cat,True,0.9086666703224182
STL-10,test,3383,6304,vit_b_16_linear_head,3,cat,3,cat,True,0.9806041717529297
STL-10,test,3404,6304,vit_b_16_linear_head,7,monkey,7,monkey,True,0.9657649993896484
STL-10,test,3412,6304,vit_b_16_linear_head,8,ship,8,ship,True,0.9848580360412598
STL-10,test,3413,6304,vit_b_16_linear_head,1,bird,1,bird,True,0.9995717406272888
STL-10,test,3418,6304,vit_b_16_linear_head,6,horse,6,horse,True,0.9734965562820435
STL-10,test,3437,6304,vit_b_16_linear_head,0,airplane,0,airplane,True,0.8292919397354126
STL-10,test,3446,6304,vit_b_16_linear_head,7,monkey,7,monkey,True,0.9885297417640686
STL-10,test,3454,6304,vit_b_16_linear_head,2,car,2,car,True,0.9947269558906555
STL-10,test,3455,6304,vit_b_16_linear_head,0,airplane,0,airplane,True,0.9582408666610718
STL-10,test,3458,6304,vit_b_16_linear_head,4,deer,4,deer,True,0.9934694766998291
STL-10,test,3467,6304,vit_b_16_linear_head,7,monkey,7,monkey,True,0.9501956105232239
STL-10,test,3491,6304,vit_b_16_linear_head,1,bird,1,bird,True,0.9974679946899414
STL-10,test,3494,6304,vit_b_16_linear_head,6,horse,6,horse,True,0.9985294342041016
STL-10,test,3512,6304,vit_b_16_linear_head,4,deer,4,deer,True,0.9892160892486572
STL-10,test,3515,6304,vit_b_16_linear_head,6,horse,4,deer,False,0.9454776644706726
STL-10,test,3542,6304,vit_b_16_linear_head,7,monkey,7,monkey,True,0.9747922420501709
STL-10,test,3550,6304,vit_b_16_linear_head,1,bird,1,bird,True,0.9133352637290955
STL-10,test,3562,6304,vit_b_16_linear_head,3,cat,3,cat,True,0.9331653714179993
STL-10,test,3755,6304,vit_b_16_linear_head,2,car,2,car,True,0.9936362504959106
STL-10,test,3763,6304,vit_b_16_linear_head,4,deer,4,deer,True,0.9815037250518799
STL-10,test,3777,6304,vit_b_16_linear_head,6,horse,6,horse,True,0.9880863428115845
STL-10,test,3778,6304,vit_b_16_linear_head,3,cat,3,cat,True,0.6450643539428711
STL-10,test,3779,6304,vit_b_16_linear_head,6,horse,6,horse,True,0.9814993739128113
STL-10,test,3844,6304,vit_b_16_linear_head,6,horse,6,horse,True,0.9974279999732971
STL-10,test,3851,6304,vit_b_16_linear_head,3,cat,3,cat,True,0.8784357309341431
STL-10,test,3852,6304,vit_b_16_linear_head,5,dog,5,dog,True,0.5700553059577942
STL-10,test,3863,6304,vit_b_16_linear_head,5,dog,5,dog,True,0.8956058621406555
STL-10,test,3867,6304,vit_b_16_linear_head,7,monkey,7,monkey,True,0.7637352347373962
STL-10,test,3876,6304,vit_b_16_linear_head,0,airplane,0,airplane,True,0.9882060289382935
STL-10,test,3889,6304,vit_b_16_linear_head,5,dog,5,dog,True,0.5704748630523682
STL-10,test,3891,6304,vit_b_16_linear_head,4,deer,4,deer,True,0.9812901616096497
STL-10,test,3893,6304,vit_b_16_linear_head,9,truck,9,truck,True,0.9337325096130371
STL-10,test,3905,6304,vit_b_16_linear_head,8,ship,8,ship,True,0.980564296245575
STL-10,test,3914,6304,vit_b_16_linear_head,3,cat,3,cat,True,0.9992641806602478
STL-10,test,3937,6304,vit_b_16_linear_head,1,bird,1,bird,True,0.9344176054000854
STL-10,test,3942,6304,vit_b_16_linear_head,9,truck,9,truck,True,0.9394619464874268
STL-10,test,3948,6304,vit_b_16_linear_head,8,ship,8,ship,True,0.96502685546875
STL-10,test,3962,6304,vit_b_16_linear_head,6,horse,6,horse,True,0.9935970306396484
STL-10,test,3965,6304,vit_b_16_linear_head,0,airplane,0,airplane,True,0.9852864742279053
STL-10,test,3994,6304,vit_b_16_linear_head,4,deer,4,deer,True,0.9921231865882874
STL-10,test,3996,6304,vit_b_16_linear_head,9,truck,9,truck,True,0.9724324941635132
STL-10,test,4011,6304,vit_b_16_linear_head,6,horse,6,horse,True,0.9899999499320984
STL-10,test,4023,6304,vit_b_16_linear_head,3,cat,3,cat,True,0.8142130970954895
STL-10,test,4054,6304,vit_b_16_linear_head,4,deer,4,deer,True,0.9125242233276367
STL-10,test,4065,6304,vit_b_16_linear_head,2,car,2,car,True,0.9901677370071411
STL-10,test,4069,6304,vit_b_16_linear_head,8,ship,8,ship,True,0.3915977478027344
STL-10,test,4093,6304,vit_b_16_linear_head,6,horse,6,horse,True,0.962649405002594
STL-10,test,4094,6304,vit_b_16_linear_head,9,truck,9,truck,True,0.9888783097267151
STL-10,test,4106,6304,vit_b_16_linear_head,5,dog,5,dog,True,0.6486673951148987
STL-10,test,4130,6304,vit_b_16_linear_head,0,airplane,0,airplane,True,0.9972895383834839
STL-10,test,4168,6304,vit_b_16_linear_head,3,cat,3,cat,True,0.9623410701751709
STL-10,test,4170,6304,vit_b_16_linear_head,8,ship,8,ship,True,0.991959273815155
STL-10,test,4172,6304,vit_b_16_linear_head,7,monkey,7,monkey,True,0.9877097606658936
STL-10,test,4177,6304,vit_b_16_linear_head,8,ship,8,ship,True,0.9953548908233643
STL-10,test,4215,6304,vit_b_16_linear_head,3,cat,3,cat,True,0.9375993013381958
STL-10,test,4229,6304,vit_b_16_linear_head,3,cat,3,cat,True,0.9975324869155884
STL-10,test,4236,6304,vit_b_16_linear_head,7,monkey,7,monkey,True,0.9813745617866516
STL-10,test,4242,6304,vit_b_16_linear_head,8,ship,8,ship,True,0.9646922945976257
STL-10,test,4254,6304,vit_b_16_linear_head,6,horse,6,horse,True,0.8875465393066406
STL-10,test,4290,6304,vit_b_16_linear_head,5,dog,1,bird,False,0.5337331295013428
STL-10,test,4298,6304,vit_b_16_linear_head,1,bird,1,bird,True,0.999355137348175
STL-10,test,4308,6304,vit_b_16_linear_head,7,monkey,7,monkey,True,0.9978221654891968
STL-10,test,4311,6304,vit_b_16_linear_head,8,ship,8,ship,True,0.9898191094398499
STL-10,test,4323,6304,vit_b_16_linear_head,3,cat,3,cat,True,0.9287844300270081
STL-10,test,4330,6304,vit_b_16_linear_head,3,cat,3,cat,True,0.9565829634666443
STL-10,test,4341,6304,vit_b_16_linear_head,6,horse,6,horse,True,0.9940125346183777
STL-10,test,4355,6304,vit_b_16_linear_head,8,ship,0,airplane,False,0.666471004486084
STL-10,test,4399,6304,vit_b_16_linear_head,0,airplane,0,airplane,True,0.9356330633163452
STL-10,test,4403,6304,vit_b_16_linear_head,7,monkey,7,monkey,True,0.994951605796814
STL-10,test,4411,6304,vit_b_16_linear_head,6,horse,6,horse,True,0.9459769129753113
STL-10,test,4449,6304,vit_b_16_linear_head,9,truck,9,truck,True,0.9561131596565247
STL-10,test,4463,6304,vit_b_16_linear_head,3,cat,3,cat,True,0.9952534437179565
STL-10,test,4531,6304,vit_b_16_linear_head,3,cat,3,cat,True,0.98308265209198
STL-10,test,4539,6304,vit_b_16_linear_head,0,airplane,0,airplane,True,0.995372474193573
STL-10,test,4547,6304,vit_b_16_linear_head,5,dog,5,dog,True,0.6312533020973206
STL-10,test,4552,6304,vit_b_16_linear_head,8,ship,8,ship,True,0.9864067435264587
STL-10,test,4570,6304,vit_b_16_linear_head,5,dog,5,dog,True,0.8885838389396667
STL-10,test,4590,6304,vit_b_16_linear_head,3,cat,3,cat,True,0.97854083776474
STL-10,test,4609,6304,vit_b_16_linear_head,3,cat,3,cat,True,0.9731807708740234
STL-10,test,4615,6304,vit_b_16_linear_head,0,airplane,0,airplane,True,0.9968563318252563
STL-10,test,4617,6304,vit_b_16_linear_head,0,airplane,0,airplane,True,0.9966362714767456
STL-10,test,4620,6304,vit_b_16_linear_head,6,horse,6,horse,True,0.995707094669342
STL-10,test,4629,6304,vit_b_16_linear_head,4,deer,4,deer,True,0.9968095421791077
STL-10,test,4640,6304,vit_b_16_linear_head,1,bird,1,bird,True,0.9826804995536804
STL-10,test,4642,6304,vit_b_16_linear_head,4,deer,4,deer,True,0.9902712106704712
STL-10,test,4661,6304,vit_b_16_linear_head,7,monkey,7,monkey,True,0.8644008040428162
STL-10,test,4662,6304,vit_b_16_linear_head,8,ship,8,ship,True,0.9943904280662537
STL-10,test,4675,6304,vit_b_16_linear_head,0,airplane,0,airplane,True,0.973812997341156
STL-10,test,4676,6304,vit_b_16_linear_head,8,ship,8,ship,True,0.9967875480651855
STL-10,test,4704,6304,vit_b_16_linear_head,7,monkey,7,monkey,True,0.9906209707260132
STL-10,test,4723,6304,vit_b_16_linear_head,9,truck,9,truck,True,0.9525715708732605
STL-10,test,4731,6304,vit_b_16_linear_head,6,horse,6,horse,True,0.9685561656951904
STL-10,test,4735,6304,vit_b_16_linear_head,2,car,2,car,True,0.9731099605560303
STL-10,test,4740,6304,vit_b_16_linear_head,4,deer,4,deer,True,0.88685142993927
STL-10,test,4746,6304,vit_b_16_linear_head,6,horse,6,horse,True,0.9577232599258423
STL-10,test,4748,6304,vit_b_16_linear_head,7,monkey,7,monkey,True,0.9709088802337646
STL-10,test,4754,6304,vit_b_16_linear_head,6,horse,6,horse,True,0.9961022138595581
STL-10,test,4785,6304,vit_b_16_linear_head,0,airplane,0,airplane,True,0.9418709874153137
STL-10,test,4791,6304,vit_b_16_linear_head,7,monkey,7,monkey,True,0.9815250635147095
STL-10,test,4819,6304,vit_b_16_linear_head,0,airplane,0,airplane,True,0.995754599571228
STL-10,test,4821,6304,vit_b_16_linear_head,3,cat,3,cat,True,0.9825787544250488
STL-10,test,4827,6304,vit_b_16_linear_head,6,horse,6,horse,True,0.997164785861969
STL-10,test,4850,6304,vit_b_16_linear_head,5,dog,5,dog,True,0.9932002425193787
STL-10,test,4881,6304,vit_b_16_linear_head,3,cat,3,cat,True,0.9964136481285095
STL-10,test,4893,6304,vit_b_16_linear_head,0,airplane,0,airplane,True,0.9865002036094666
STL-10,test,4908,6304,vit_b_16_linear_head,3,cat,3,cat,True,0.9917877316474915
STL-10,test,4913,6304,vit_b_16_linear_head,2,car,2,car,True,0.9935421943664551
STL-10,test,4921,6304,vit_b_16_linear_head,2,car,2,car,True,0.9947564601898193
STL-10,test,4953,6304,vit_b_16_linear_head,5,dog,5,dog,True,0.6493960022926331
STL-10,test,4966,6304,vit_b_16_linear_head,5,dog,5,dog,True,0.6047950983047485
STL-10,test,4990,6304,vit_b_16_linear_head,8,ship,8,ship,True,0.9326621890068054
STL-10,test,5000,6304,vit_b_16_linear_head,8,ship,8,ship,True,0.9840995073318481
STL-10,test,5030,6304,vit_b_16_linear_head,2,car,2,car,True,0.9923655390739441
STL-10,test,5062,6304,vit_b_16_linear_head,4,deer,4,deer,True,0.9951764345169067
STL-10,test,5077,6304,vit_b_16_linear_head,4,deer,4,deer,True,0.913079559803009
STL-10,test,5082,6304,vit_b_16_linear_head,6,horse,6,horse,True,0.9488274455070496
STL-10,test,5092,6304,vit_b_16_linear_head,1,bird,1,bird,True,0.9932898879051208
STL-10,test,5101,6304,vit_b_16_linear_head,5,dog,2,car,False,0.45972874760627747
STL-10,test,5117,6304,vit_b_16_linear_head,0,airplane,0,airplane,True,0.9934467673301697
STL-10,test,5123,6304,vit_b_16_linear_head,1,bird,1,bird,True,0.9478607177734375
STL-10,test,5135,6304,vit_b_16_linear_head,4,deer,4,deer,True,0.5729764699935913
STL-10,test,5183,6304,vit_b_16_linear_head,2,car,2,car,True,0.9865161180496216
STL-10,test,5213,6304,vit_b_16_linear_head,4,deer,4,deer,True,0.9896949529647827
STL-10,test,5218,6304,vit_b_16_linear_head,2,car,2,car,True,0.9885857701301575
STL-10,test,5220,6304,vit_b_16_linear_head,1,bird,1,bird,True,0.45772990584373474
STL-10,test,5237,6304,vit_b_16_linear_head,2,car,2,car,True,0.7579519152641296
STL-10,test,5256,6304,vit_b_16_linear_head,1,bird,1,bird,True,0.9930752515792847
STL-10,test,5284,6304,vit_b_16_linear_head,9,truck,9,truck,True,0.9792978763580322
STL-10,test,5301,6304,vit_b_16_linear_head,9,truck,9,truck,True,0.8359256386756897
STL-10,test,5318,6304,vit_b_16_linear_head,2,car,2,car,True,0.9608719348907471
STL-10,test,5332,6304,vit_b_16_linear_head,5,dog,5,dog,True,0.487379252910614
STL-10,test,5333,6304,vit_b_16_linear_head,2,car,2,car,True,0.9789549112319946
STL-10,test,5360,6304,vit_b_16_linear_head,9,truck,9,truck,True,0.9760361313819885
STL-10,test,5381,6304,vit_b_16_linear_head,5,dog,5,dog,True,0.9732053875923157
STL-10,test,5382,6304,vit_b_16_linear_head,6,horse,6,horse,True,0.9629537463188171
STL-10,test,5395,6304,vit_b_16_linear_head,2,car,2,car,True,0.9968737363815308
STL-10,test,5402,6304,vit_b_16_linear_head,4,deer,4,deer,True,0.9926373958587646
STL-10,test,5408,6304,vit_b_16_linear_head,6,horse,6,horse,True,0.8135048151016235
STL-10,test,5436,6304,vit_b_16_linear_head,7,monkey,7,monkey,True,0.9786866307258606
STL-10,test,5447,6304,vit_b_16_linear_head,9,truck,9,truck,True,0.9975391626358032
STL-10,test,5450,6304,vit_b_16_linear_head,7,monkey,7,monkey,True,0.9872332811355591
STL-10,test,5451,6304,vit_b_16_linear_head,8,ship,8,ship,True,0.9609435796737671
STL-10,test,5452,6304,vit_b_16_linear_head,9,truck,9,truck,True,0.9813271164894104
STL-10,test,5467,6304,vit_b_16_linear_head,4,deer,4,deer,True,0.9257752895355225
STL-10,test,5478,6304,vit_b_16_linear_head,0,airplane,0,airplane,True,0.502555251121521
STL-10,test,5488,6304,vit_b_16_linear_head,1,bird,1,bird,True,0.19476771354675293
STL-10,test,5496,6304,vit_b_16_linear_head,5,dog,5,dog,True,0.9194698929786682
STL-10,test,5508,6304,vit_b_16_linear_head,9,truck,9,truck,True,0.9840637445449829
STL-10,test,5512,6304,vit_b_16_linear_head,2,car,9,truck,False,0.32571935653686523
STL-10,test,5525,6304,vit_b_16_linear_head,8,ship,8,ship,True,0.9689455032348633
STL-10,test,5528,6304,vit_b_16_linear_head,3,cat,3,cat,True,0.9752408266067505
STL-10,test,5556,6304,vit_b_16_linear_head,4,deer,4,deer,True,0.8948209285736084
STL-10,test,5560,6304,vit_b_16_linear_head,1,bird,1,bird,True,0.36255380511283875
STL-10,test,5572,6304,vit_b_16_linear_head,9,truck,9,truck,True,0.931230902671814
STL-10,test,5580,6304,vit_b_16_linear_head,6,horse,5,dog,False,0.6878058910369873
STL-10,test,5590,6304,vit_b_16_linear_head,9,truck,9,truck,True,0.964836835861206
STL-10,test,5623,6304,vit_b_16_linear_head,4,deer,4,deer,True,0.9855904579162598
STL-10,test,5677,6304,vit_b_16_linear_head,2,car,2,car,True,0.9867433309555054
STL-10,test,5694,6304,vit_b_16_linear_head,8,ship,8,ship,True,0.9460835456848145
STL-10,test,5701,6304,vit_b_16_linear_head,5,dog,5,dog,True,0.9532997608184814
STL-10,test,5705,6304,vit_b_16_linear_head,8,ship,8,ship,True,0.9642077088356018
STL-10,test,5719,6304,vit_b_16_linear_head,7,monkey,7,monkey,True,0.965830385684967
STL-10,test,5729,6304,vit_b_16_linear_head,6,horse,6,horse,True,0.9793647527694702
STL-10,test,5756,6304,vit_b_16_linear_head,2,car,2,car,True,0.992462158203125
STL-10,test,5788,6304,vit_b_16_linear_head,9,truck,9,truck,True,0.9987413287162781
STL-10,test,5789,6304,vit_b_16_linear_head,4,deer,4,deer,True,0.9796568751335144
STL-10,test,5824,6304,vit_b_16_linear_head,2,car,2,car,True,0.960041880607605
STL-10,test,5848,6304,vit_b_16_linear_head,7,monkey,7,monkey,True,0.984413206577301
STL-10,test,5851,6304,vit_b_16_linear_head,9,truck,9,truck,True,0.9814561605453491
STL-10,test,5857,6304,vit_b_16_linear_head,6,horse,4,deer,False,0.7868419885635376
STL-10,test,5858,6304,vit_b_16_linear_head,6,horse,6,horse,True,0.9934898614883423
STL-10,test,5912,6304,vit_b_16_linear_head,0,airplane,0,airplane,True,0.9866417646408081
STL-10,test,5915,6304,vit_b_16_linear_head,9,truck,9,truck,True,0.8764538168907166
STL-10,test,5918,6304,vit_b_16_linear_head,0,airplane,0,airplane,True,0.9986207485198975
STL-10,test,5924,6304,vit_b_16_linear_head,5,dog,5,dog,True,0.9141638875007629
STL-10,test,5977,6304,vit_b_16_linear_head,7,monkey,7,monkey,True,0.9647956490516663
STL-10,test,5981,6304,vit_b_16_linear_head,9,truck,9,truck,True,0.9850854873657227
STL-10,test,5999,6304,vit_b_16_linear_head,0,airplane,0,airplane,True,0.9966907501220703
STL-10,test,6028,6304,vit_b_16_linear_head,2,car,2,car,True,0.9929676055908203
STL-10,test,6033,6304,vit_b_16_linear_head,4,deer,4,deer,True,0.9980047345161438
STL-10,test,6076,6304,vit_b_16_linear_head,1,bird,1,bird,True,0.9978614449501038
STL-10,test,6084,6304,vit_b_16_linear_head,7,monkey,7,monkey,True,0.9875839352607727
STL-10,test,6097,6304,vit_b_16_linear_head,4,deer,4,deer,True,0.9854176044464111
STL-10,test,6169,6304,vit_b_16_linear_head,1,bird,1,bird,True,0.25827693939208984
STL-10,test,6190,6304,vit_b_16_linear_head,7,monkey,7,monkey,True,0.9877350926399231
STL-10,test,6224,6304,vit_b_16_linear_head,5,dog,5,dog,True,0.648652195930481
STL-10,test,6244,6304,vit_b_16_linear_head,2,car,2,car,True,0.995868980884552
STL-10,test,6264,6304,vit_b_16_linear_head,2,car,2,car,True,0.9991230368614197
STL-10,test,6271,6304,vit_b_16_linear_head,2,car,2,car,True,0.9591222405433655
STL-10,test,6288,6304,vit_b_16_linear_head,4,deer,4,deer,True,0.9945887327194214
STL-10,test,6332,6304,vit_b_16_linear_head,2,car,2,car,True,0.9768742918968201
STL-10,test,6349,6304,vit_b_16_linear_head,1,bird,1,bird,True,0.9974180459976196
STL-10,test,6354,6304,vit_b_16_linear_head,2,car,2,car,True,0.9471287131309509
STL-10,test,6358,6304,vit_b_16_linear_head,5,dog,5,dog,True,0.8837634325027466
STL-10,test,6381,6304,vit_b_16_linear_head,6,horse,6,horse,True,0.9591500163078308
STL-10,test,6414,6304,vit_b_16_linear_head,5,dog,5,dog,True,0.5348427295684814
STL-10,test,6426,6304,vit_b_16_linear_head,2,car,2,car,True,0.9972758889198303
STL-10,test,6434,6304,vit_b_16_linear_head,8,ship,8,ship,True,0.997160792350769
STL-10,test,6437,6304,vit_b_16_linear_head,0,airplane,0,airplane,True,0.9732802510261536
STL-10,test,6455,6304,vit_b_16_linear_head,0,airplane,0,airplane,True,0.9951761960983276
STL-10,test,6490,6304,vit_b_16_linear_head,3,cat,3,cat,True,0.8993173241615295
STL-10,test,6503,6304,vit_b_16_linear_head,2,car,2,car,True,0.9716315269470215
STL-10,test,6508,6304,vit_b_16_linear_head,4,deer,4,deer,True,0.9886587262153625
STL-10,test,6528,6304,vit_b_16_linear_head,4,deer,4,deer,True,0.9860410094261169
STL-10,test,6594,6304,vit_b_16_linear_head,1,bird,1,bird,True,0.6598572731018066
STL-10,test,6609,6304,vit_b_16_linear_head,0,airplane,0,airplane,True,0.9923182725906372
STL-10,test,6616,6304,vit_b_16_linear_head,2,car,2,car,True,0.991614818572998
STL-10,test,6650,6304,vit_b_16_linear_head,7,monkey,7,monkey,True,0.9941380023956299
STL-10,test,6689,6304,vit_b_16_linear_head,8,ship,8,ship,True,0.7752887010574341
STL-10,test,6692,6304,vit_b_16_linear_head,2,car,2,car,True,0.988579273223877
STL-10,test,6713,6304,vit_b_16_linear_head,6,horse,6,horse,True,0.9244688153266907
STL-10,test,6716,6304,vit_b_16_linear_head,5,dog,6,horse,False,0.14876902103424072
STL-10,test,6726,6304,vit_b_16_linear_head,7,monkey,7,monkey,True,0.9803767204284668
STL-10,test,6733,6304,vit_b_16_linear_head,1,bird,1,bird,True,0.8519425392150879
STL-10,test,6772,6304,vit_b_16_linear_head,7,monkey,7,monkey,True,0.9226132035255432
STL-10,test,6805,6304,vit_b_16_linear_head,1,bird,1,bird,True,0.2886018753051758
STL-10,test,6836,6304,vit_b_16_linear_head,1,bird,1,bird,True,0.8560539484024048
STL-10,test,6844,6304,vit_b_16_linear_head,0,airplane,0,airplane,True,0.9948693513870239
STL-10,test,6922,6304,vit_b_16_linear_head,5,dog,5,dog,True,0.9901168942451477
STL-10,test,6931,6304,vit_b_16_linear_head,9,truck,9,truck,True,0.9458264112472534
STL-10,test,6938,6304,vit_b_16_linear_head,1,bird,1,bird,True,0.996454119682312
STL-10,test,6952,6304,vit_b_16_linear_head,3,cat,3,cat,True,0.9723446369171143
STL-10,test,6954,6304,vit_b_16_linear_head,1,bird,1,bird,True,0.7585529088973999
STL-10,test,6986,6304,vit_b_16_linear_head,0,airplane,0,airplane,True,0.9064880609512329
STL-10,test,6989,6304,vit_b_16_linear_head,5,dog,5,dog,True,0.8527565598487854
STL-10,test,7009,6304,vit_b_16_linear_head,0,airplane,0,airplane,True,0.9862232804298401
STL-10,test,7029,6304,vit_b_16_linear_head,1,bird,1,bird,True,0.890031099319458
STL-10,test,7033,6304,vit_b_16_linear_head,1,bird,1,bird,True,0.9922885298728943
STL-10,test,7041,6304,vit_b_16_linear_head,5,dog,5,dog,True,0.6985604763031006
STL-10,test,7047,6304,vit_b_16_linear_head,9,truck,9,truck,True,0.9856284856796265
STL-10,test,7081,6304,vit_b_16_linear_head,7,monkey,7,monkey,True,0.9595633149147034
STL-10,test,7084,6304,vit_b_16_linear_head,2,car,2,car,True,0.9974868297576904
STL-10,test,7108,6304,vit_b_16_linear_head,6,horse,6,horse,True,0.9601159691810608
STL-10,test,7130,6304,vit_b_16_linear_head,5,dog,5,dog,True,0.7072272300720215
STL-10,test,7138,6304,vit_b_16_linear_head,8,ship,8,ship,True,0.9507412910461426
STL-10,test,7150,6304,vit_b_16_linear_head,0,airplane,0,airplane,True,0.9924294352531433
STL-10,test,7202,6304,vit_b_16_linear_head,1,bird,1,bird,True,0.7747145891189575
STL-10,test,7262,6304,vit_b_16_linear_head,0,airplane,0,airplane,True,0.997082531452179
STL-10,test,7266,6304,vit_b_16_linear_head,9,truck,9,truck,True,0.8859942555427551
STL-10,test,7270,6304,vit_b_16_linear_head,7,monkey,7,monkey,True,0.864776611328125
STL-10,test,7309,6304,vit_b_16_linear_head,0,airplane,0,airplane,True,0.9894434213638306
STL-10,test,7320,6304,vit_b_16_linear_head,0,airplane,0,airplane,True,0.9892001152038574
STL-10,test,7338,6304,vit_b_16_linear_head,6,horse,6,horse,True,0.9928784966468811
STL-10,test,7372,6304,vit_b_16_linear_head,0,airplane,0,airplane,True,0.9527060389518738
STL-10,test,7373,6304,vit_b_16_linear_head,0,airplane,0,airplane,True,0.9768691658973694
STL-10,test,7380,6304,vit_b_16_linear_head,9,truck,9,truck,True,0.9822083115577698
STL-10,test,7390,6304,vit_b_16_linear_head,1,bird,1,bird,True,0.6465027928352356
STL-10,test,7413,6304,vit_b_16_linear_head,5,dog,5,dog,True,0.7400818467140198
STL-10,test,7416,6304,vit_b_16_linear_head,3,cat,3,cat,True,0.9346848726272583
STL-10,test,7425,6304,vit_b_16_linear_head,2,car,2,car,True,0.9991658926010132
STL-10,test,7446,6304,vit_b_16_linear_head,8,ship,8,ship,True,0.9621228575706482
STL-10,test,7460,6304,vit_b_16_linear_head,8,ship,8,ship,True,0.7854233980178833
STL-10,test,7465,6304,vit_b_16_linear_head,0,airplane,0,airplane,True,0.9880580902099609
STL-10,test,7474,6304,vit_b_16_linear_head,5,dog,5,dog,True,0.8482223153114319
STL-10,test,7475,6304,vit_b_16_linear_head,4,deer,4,deer,True,0.9914788603782654
STL-10,test,7476,6304,vit_b_16_linear_head,8,ship,0,airplane,False,0.5303630232810974
STL-10,test,7544,6304,vit_b_16_linear_head,9,truck,9,truck,True,0.9206535816192627
STL-10,test,7555,6304,vit_b_16_linear_head,6,horse,6,horse,True,0.9416177272796631
STL-10,test,7600,6304,vit_b_16_linear_head,6,horse,6,horse,True,0.9959484934806824
STL-10,test,7610,6304,vit_b_16_linear_head,4,deer,4,deer,True,0.9965311884880066
STL-10,test,7634,6304,vit_b_16_linear_head,0,airplane,0,airplane,True,0.9937758445739746
STL-10,test,7692,6304,vit_b_16_linear_head,4,deer,4,deer,True,0.9804387092590332
STL-10,test,7706,6304,vit_b_16_linear_head,5,dog,5,dog,True,0.39241117238998413
STL-10,test,7726,6304,vit_b_16_linear_head,6,horse,6,horse,True,0.9858735799789429
STL-10,test,7744,6304,vit_b_16_linear_head,3,cat,3,cat,True,0.6487758159637451
STL-10,test,7752,6304,vit_b_16_linear_head,9,truck,9,truck,True,0.949266254901886
STL-10,test,7776,6304,vit_b_16_linear_head,5,dog,5,dog,True,0.6933760643005371
STL-10,test,7779,6304,vit_b_16_linear_head,6,horse,6,horse,True,0.9927678108215332
STL-10,test,7781,6304,vit_b_16_linear_head,6,horse,6,horse,True,0.9810557961463928
STL-10,test,7793,6304,vit_b_16_linear_head,3,cat,7,monkey,False,0.4832664728164673
STL-10,test,7797,6304,vit_b_16_linear_head,3,cat,3,cat,True,0.9836639165878296
STL-10,test,7810,6304,vit_b_16_linear_head,8,ship,8,ship,True,0.9935635328292847
STL-10,test,7818,6304,vit_b_16_linear_head,8,ship,8,ship,True,0.9643557071685791
STL-10,test,7835,6304,vit_b_16_linear_head,7,monkey,7,monkey,True,0.9502620100975037
STL-10,test,7864,6304,vit_b_16_linear_head,4,deer,4,deer,True,0.9415658712387085
STL-10,test,7875,6304,vit_b_16_linear_head,8,ship,8,ship,True,0.9961169958114624
STL-10,test,7938,6304,vit_b_16_linear_head,9,truck,9,truck,True,0.9591360688209534
STL-10,test,7940,6304,vit_b_16_linear_head,4,deer,4,deer,True,0.997225821018219
STL-10,test,7944,6304,vit_b_16_linear_head,4,deer,4,deer,True,0.8294079303741455
STL-10,test,7955,6304,vit_b_16_linear_head,1,bird,1,bird,True,0.9996551275253296
STL-10,test,7995,6304,vit_b_16_linear_head,9,truck,9,truck,True,0.6076364517211914
STL-10,test,7996,6304,vit_b_16_linear_head,6,horse,6,horse,True,0.9720512628555298
STL-10,test,7999,6304,vit_b_16_linear_head,8,ship,8,ship,True,0.9638025760650635
STL-10,test,3,6304,clip_vit_b_32_linear_head,0,airplane,0,airplane,True,0.22087743878364563
STL-10,test,29,6304,clip_vit_b_32_linear_head,7,monkey,7,monkey,True,0.2356601059436798
STL-10,test,35,6304,clip_vit_b_32_linear_head,2,car,2,car,True,0.19593845307826996
STL-10,test,42,6304,clip_vit_b_32_linear_head,0,airplane,0,airplane,True,0.23649878799915314
STL-10,test,49,6304,clip_vit_b_32_linear_head,2,car,2,car,True,0.26295527815818787
STL-10,test,81,6304,clip_vit_b_32_linear_head,0,airplane,0,airplane,True,0.19043105840682983
STL-10,test,95,6304,clip_vit_b_32_linear_head,1,bird,1,bird,True,0.2469632625579834
STL-10,test,97,6304,clip_vit_b_32_linear_head,5,dog,5,dog,True,0.20317111909389496
STL-10,test,116,6304,clip_vit_b_32_linear_head,1,bird,1,bird,True,0.19085681438446045
STL-10,test,131,6304,clip_vit_b_32_linear_head,9,truck,9,truck,True,0.24057810008525848
STL-10,test,151,6304,clip_vit_b_32_linear_head,8,ship,8,ship,True,0.2735651731491089
STL-10,test,171,6304,clip_vit_b_32_linear_head,4,deer,4,deer,True,0.2278335988521576
STL-10,test,176,6304,clip_vit_b_32_linear_head,3,cat,3,cat,True,0.2389536052942276
STL-10,test,191,6304,clip_vit_b_32_linear_head,9,truck,2,car,False,0.18414926528930664
STL-10,test,194,6304,clip_vit_b_32_linear_head,8,ship,8,ship,True,0.3116590976715088
STL-10,test,198,6304,clip_vit_b_32_linear_head,1,bird,1,bird,True,0.2378549873828888
STL-10,test,239,6304,clip_vit_b_32_linear_head,9,truck,9,truck,True,0.22058981657028198
STL-10,test,261,6304,clip_vit_b_32_linear_head,1,bird,1,bird,True,0.18930837512016296
STL-10,test,269,6304,clip_vit_b_32_linear_head,7,monkey,7,monkey,True,0.2319757491350174
STL-10,test,276,6304,clip_vit_b_32_linear_head,9,truck,9,truck,True,0.16389895975589752
STL-10,test,303,6304,clip_vit_b_32_linear_head,9,truck,9,truck,True,0.24616077542304993
STL-10,test,304,6304,clip_vit_b_32_linear_head,1,bird,1,bird,True,0.18500983715057373
STL-10,test,317,6304,clip_vit_b_32_linear_head,2,car,2,car,True,0.2358899563550949
STL-10,test,319,6304,clip_vit_b_32_linear_head,5,dog,5,dog,True,0.2238386869430542
STL-10,test,323,6304,clip_vit_b_32_linear_head,7,monkey,7,monkey,True,0.24295209348201752
STL-10,test,365,6304,clip_vit_b_32_linear_head,3,cat,3,cat,True,0.1941068172454834
STL-10,test,370,6304,clip_vit_b_32_linear_head,7,monkey,7,monkey,True,0.2314409762620926
STL-10,test,372,6304,clip_vit_b_32_linear_head,3,cat,3,cat,True,0.22675521671772003
STL-10,test,378,6304,clip_vit_b_32_linear_head,5,dog,5,dog,True,0.2202576845884323
STL-10,test,391,6304,clip_vit_b_32_linear_head,3,cat,3,cat,True,0.20361563563346863
STL-10,test,409,6304,clip_vit_b_32_linear_head,2,car,2,car,True,0.26104310154914856
STL-10,test,419,6304,clip_vit_b_32_linear_head,9,truck,9,truck,True,0.2431933432817459
STL-10,test,449,6304,clip_vit_b_32_linear_head,6,horse,6,horse,True,0.20773401856422424
STL-10,test,470,6304,clip_vit_b_32_linear_head,2,car,2,car,True,0.25219643115997314
STL-10,test,483,6304,clip_vit_b_32_linear_head,2,car,2,car,True,0.21051737666130066
STL-10,test,484,6304,clip_vit_b_32_linear_head,0,airplane,0,airplane,True,0.28589868545532227
STL-10,test,506,6304,clip_vit_b_32_linear_head,4,deer,4,deer,True,0.21704675257205963
STL-10,test,545,6304,clip_vit_b_32_linear_head,6,horse,6,horse,True,0.1795198768377304
STL-10,test,562,6304,clip_vit_b_32_linear_head,0,airplane,0,airplane,True,0.23248490691184998
STL-10,test,568,6304,clip_vit_b_32_linear_head,5,dog,5,dog,True,0.18414776027202606
STL-10,test,603,6304,clip_vit_b_32_linear_head,9,truck,9,truck,True,0.21329952776432037
STL-10,test,632,6304,clip_vit_b_32_linear_head,3,cat,3,cat,True,0.2521359622478485
STL-10,test,645,6304,clip_vit_b_32_linear_head,5,dog,5,dog,True,0.2205507755279541
STL-10,test,667,6304,clip_vit_b_32_linear_head,8,ship,8,ship,True,0.25884145498275757
STL-10,test,672,6304,clip_vit_b_32_linear_head,3,cat,3,cat,True,0.23288388550281525
STL-10,test,677,6304,clip_vit_b_32_linear_head,3,cat,3,cat,True,0.2070075422525406
STL-10,test,685,6304,clip_vit_b_32_linear_head,5,dog,5,dog,True,0.2163047045469284
STL-10,test,691,6304,clip_vit_b_32_linear_head,4,deer,4,deer,True,0.24448631703853607
STL-10,test,706,6304,clip_vit_b_32_linear_head,8,ship,8,ship,True,0.24924005568027496
STL-10,test,714,6304,clip_vit_b_32_linear_head,2,car,2,car,True,0.1479923129081726
STL-10,test,716,6304,clip_vit_b_32_linear_head,8,ship,8,ship,True,0.257234126329422
STL-10,test,738,6304,clip_vit_b_32_linear_head,3,cat,3,cat,True,0.19972071051597595
STL-10,test,739,6304,clip_vit_b_32_linear_head,8,ship,8,ship,True,0.2925446629524231
STL-10,test,766,6304,clip_vit_b_32_linear_head,4,deer,6,horse,False,0.18969853222370148
STL-10,test,791,6304,clip_vit_b_32_linear_head,3,cat,3,cat,True,0.21412143111228943
STL-10,test,805,6304,clip_vit_b_32_linear_head,9,truck,9,truck,True,0.1750846803188324
STL-10,test,825,6304,clip_vit_b_32_linear_head,1,bird,1,bird,True,0.18103326857089996
STL-10,test,852,6304,clip_vit_b_32_linear_head,9,truck,9,truck,True,0.2449410855770111
STL-10,test,855,6304,clip_vit_b_32_linear_head,4,deer,4,deer,True,0.21243762969970703
STL-10,test,873,6304,clip_vit_b_32_linear_head,6,horse,6,horse,True,0.17592835426330566
STL-10,test,890,6304,clip_vit_b_32_linear_head,6,horse,6,horse,True,0.22829881310462952
STL-10,test,920,6304,clip_vit_b_32_linear_head,6,horse,6,horse,True,0.21367783844470978
STL-10,test,929,6304,clip_vit_b_32_linear_head,6,horse,6,horse,True,0.2546020746231079
STL-10,test,962,6304,clip_vit_b_32_linear_head,8,ship,8,ship,True,0.29253119230270386
STL-10,test,964,6304,clip_vit_b_32_linear_head,6,horse,6,horse,True,0.2092740684747696
STL-10,test,977,6304,clip_vit_b_32_linear_head,6,horse,6,horse,True,0.24874311685562134
STL-10,test,979,6304,clip_vit_b_32_linear_head,3,cat,3,cat,True,0.18828542530536652
STL-10,test,981,6304,clip_vit_b_32_linear_head,2,car,2,car,True,0.22249960899353027
STL-10,test,1022,6304,clip_vit_b_32_linear_head,9,truck,9,truck,True,0.16989950835704803
STL-10,test,1032,6304,clip_vit_b_32_linear_head,7,monkey,7,monkey,True,0.22635503113269806
STL-10,test,1048,6304,clip_vit_b_32_linear_head,7,monkey,7,monkey,True,0.19252599775791168
STL-10,test,1090,6304,clip_vit_b_32_linear_head,1,bird,1,bird,True,0.17935149371623993
STL-10,test,1095,6304,clip_vit_b_32_linear_head,5,dog,5,dog,True,0.21384431421756744
STL-10,test,1109,6304,clip_vit_b_32_linear_head,1,bird,1,bird,True,0.18285617232322693
STL-10,test,1111,6304,clip_vit_b_32_linear_head,4,deer,4,deer,True,0.27955329418182373
STL-10,test,1115,6304,clip_vit_b_32_linear_head,1,bird,1,bird,True,0.23206667602062225
STL-10,test,1124,6304,clip_vit_b_32_linear_head,4,deer,4,deer,True,0.23015089333057404
STL-10,test,1129,6304,clip_vit_b_32_linear_head,8,ship,8,ship,True,0.2701510488986969
STL-10,test,1175,6304,clip_vit_b_32_linear_head,0,airplane,0,airplane,True,0.26494336128234863
STL-10,test,1202,6304,clip_vit_b_32_linear_head,2,car,2,car,True,0.25862619280815125
STL-10,test,1204,6304,clip_vit_b_32_linear_head,3,cat,3,cat,True,0.21627646684646606
STL-10,test,1211,6304,clip_vit_b_32_linear_head,4,deer,4,deer,True,0.24857297539710999
STL-10,test,1220,6304,clip_vit_b_32_linear_head,7,monkey,7,monkey,True,0.2330053448677063
STL-10,test,1230,6304,clip_vit_b_32_linear_head,1,bird,1,bird,True,0.1741930991411209
STL-10,test,1247,6304,clip_vit_b_32_linear_head,8,ship,8,ship,True,0.25378966331481934
STL-10,test,1263,6304,clip_vit_b_32_linear_head,3,cat,3,cat,True,0.17851361632347107
STL-10,test,1266,6304,clip_vit_b_32_linear_head,4,deer,4,deer,True,0.22526977956295013
STL-10,test,1287,6304,clip_vit_b_32_linear_head,7,monkey,7,monkey,True,0.19463784992694855
STL-10,test,1296,6304,clip_vit_b_32_linear_head,7,monkey,7,monkey,True,0.25038763880729675
STL-10,test,1370,6304,clip_vit_b_32_linear_head,3,cat,3,cat,True,0.1976555734872818
STL-10,test,1389,6304,clip_vit_b_32_linear_head,0,airplane,0,airplane,True,0.2570481300354004
STL-10,test,1401,6304,clip_vit_b_32_linear_head,3,cat,3,cat,True,0.21815581619739532
STL-10,test,1403,6304,clip_vit_b_32_linear_head,2,car,2,car,True,0.22477145493030548
STL-10,test,1411,6304,clip_vit_b_32_linear_head,9,truck,9,truck,True,0.23408682644367218
STL-10,test,1429,6304,clip_vit_b_32_linear_head,4,deer,4,deer,True,0.17448170483112335
STL-10,test,1430,6304,clip_vit_b_32_linear_head,9,truck,9,truck,True,0.2238273322582245
STL-10,test,1431,6304,clip_vit_b_32_linear_head,3,cat,3,cat,True,0.20649902522563934
STL-10,test,1436,6304,clip_vit_b_32_linear_head,1,bird,1,bird,True,0.25581198930740356
STL-10,test,1440,6304,clip_vit_b_32_linear_head,7,monkey,7,monkey,True,0.2235632985830307
STL-10,test,1468,6304,clip_vit_b_32_linear_head,9,truck,9,truck,True,0.17288319766521454
STL-10,test,1473,6304,clip_vit_b_32_linear_head,7,monkey,7,monkey,True,0.26952117681503296
STL-10,test,1515,6304,clip_vit_b_32_linear_head,9,truck,9,truck,True,0.2377936840057373
STL-10,test,1520,6304,clip_vit_b_32_linear_head,2,car,2,car,True,0.18088220059871674
STL-10,test,1531,6304,clip_vit_b_32_linear_head,3,cat,3,cat,True,0.1547965556383133
STL-10,test,1534,6304,clip_vit_b_32_linear_head,6,horse,6,horse,True,0.16949187219142914
STL-10,test,1552,6304,clip_vit_b_32_linear_head,5,dog,5,dog,True,0.19504961371421814
STL-10,test,1553,6304,clip_vit_b_32_linear_head,0,airplane,0,airplane,True,0.2276001125574112
STL-10,test,1563,6304,clip_vit_b_32_linear_head,3,cat,7,monkey,False,0.20983056724071503
STL-10,test,1568,6304,clip_vit_b_32_linear_head,1,bird,1,bird,True,0.22605523467063904
STL-10,test,1579,6304,clip_vit_b_32_linear_head,7,monkey,7,monkey,True,0.21127599477767944
STL-10,test,1586,6304,clip_vit_b_32_linear_head,2,car,2,car,True,0.2775332033634186
STL-10,test,1596,6304,clip_vit_b_32_linear_head,0,airplane,0,airplane,True,0.26891061663627625
STL-10,test,1626,6304,clip_vit_b_32_linear_head,5,dog,5,dog,True,0.21595467627048492
STL-10,test,1640,6304,clip_vit_b_32_linear_head,8,ship,8,ship,True,0.28362977504730225
STL-10,test,1644,6304,clip_vit_b_32_linear_head,5,dog,5,dog,True,0.225424662232399
STL-10,test,1648,6304,clip_vit_b_32_linear_head,0,airplane,0,airplane,True,0.22668786346912384
STL-10,test,1654,6304,clip_vit_b_32_linear_head,9,truck,9,truck,True,0.25767919421195984
STL-10,test,1667,6304,clip_vit_b_32_linear_head,6,horse,6,horse,True,0.2192661315202713
STL-10,test,1703,6304,clip_vit_b_32_linear_head,7,monkey,7,monkey,True,0.2005912810564041
STL-10,test,1711,6304,clip_vit_b_32_linear_head,7,monkey,7,monkey,True,0.2282935529947281
STL-10,test,1771,6304,clip_vit_b_32_linear_head,7,monkey,7,monkey,True,0.18626902997493744
STL-10,test,1783,6304,clip_vit_b_32_linear_head,8,ship,8,ship,True,0.28573036193847656
STL-10,test,1814,6304,clip_vit_b_32_linear_head,2,car,2,car,True,0.2099505364894867
STL-10,test,1833,6304,clip_vit_b_32_linear_head,8,ship,8,ship,True,0.2749582529067993
STL-10,test,1836,6304,clip_vit_b_32_linear_head,9,truck,9,truck,True,0.21823936700820923
STL-10,test,1839,6304,clip_vit_b_32_linear_head,2,car,2,car,True,0.23966838419437408
STL-10,test,1852,6304,clip_vit_b_32_linear_head,1,bird,1,bird,True,0.29285451769828796
STL-10,test,1871,6304,clip_vit_b_32_linear_head,1,bird,1,bird,True,0.16129402816295624
STL-10,test,1877,6304,clip_vit_b_32_linear_head,5,dog,5,dog,True,0.22363047301769257
STL-10,test,1884,6304,clip_vit_b_32_linear_head,7,monkey,7,monkey,True,0.2314029037952423
STL-10,test,1927,6304,clip_vit_b_32_linear_head,7,monkey,7,monkey,True,0.24186715483665466
STL-10,test,1954,6304,clip_vit_b_32_linear_head,8,ship,8,ship,True,0.2335512787103653
STL-10,test,1956,6304,clip_vit_b_32_linear_head,7,monkey,7,monkey,True,0.17782285809516907
STL-10,test,1960,6304,clip_vit_b_32_linear_head,4,deer,4,deer,True,0.20616647601127625
STL-10,test,1977,6304,clip_vit_b_32_linear_head,0,airplane,0,airplane,True,0.22808919847011566
STL-10,test,1986,6304,clip_vit_b_32_linear_head,1,bird,1,bird,True,0.1604062020778656
STL-10,test,1993,6304,clip_vit_b_32_linear_head,1,bird,1,bird,True,0.24544531106948853
STL-10,test,2003,6304,clip_vit_b_32_linear_head,6,horse,6,horse,True,0.2431524246931076
STL-10,test,2011,6304,clip_vit_b_32_linear_head,9,truck,9,truck,True,0.2106551080942154
STL-10,test,2024,6304,clip_vit_b_32_linear_head,0,airplane,0,airplane,True,0.24406304955482483
STL-10,test,2028,6304,clip_vit_b_32_linear_head,3,cat,3,cat,True,0.22473649680614471
STL-10,test,2062,6304,clip_vit_b_32_linear_head,9,truck,9,truck,True,0.2644087076187134
STL-10,test,2070,6304,clip_vit_b_32_linear_head,1,bird,1,bird,True,0.21928530931472778
STL-10,test,2082,6304,clip_vit_b_32_linear_head,2,car,2,car,True,0.18647944927215576
STL-10,test,2095,6304,clip_vit_b_32_linear_head,1,bird,1,bird,True,0.1985381692647934
STL-10,test,2109,6304,clip_vit_b_32_linear_head,8,ship,8,ship,True,0.30089372396469116
STL-10,test,2114,6304,clip_vit_b_32_linear_head,9,truck,9,truck,True,0.17931175231933594
STL-10,test,2116,6304,clip_vit_b_32_linear_head,1,bird,1,bird,True,0.1816035509109497
STL-10,test,2157,6304,clip_vit_b_32_linear_head,1,bird,1,bird,True,0.23035722970962524
STL-10,test,2167,6304,clip_vit_b_32_linear_head,9,truck,9,truck,True,0.23429551720619202
STL-10,test,2178,6304,clip_vit_b_32_linear_head,1,bird,1,bird,True,0.18542906641960144
STL-10,test,2191,6304,clip_vit_b_32_linear_head,8,ship,8,ship,True,0.2903139889240265
STL-10,test,2230,6304,clip_vit_b_32_linear_head,8,ship,8,ship,True,0.2929452955722809
STL-10,test,2242,6304,clip_vit_b_32_linear_head,0,airplane,0,airplane,True,0.23221026360988617
STL-10,test,2265,6304,clip_vit_b_32_linear_head,5,dog,5,dog,True,0.23805516958236694
STL-10,test,2268,6304,clip_vit_b_32_linear_head,5,dog,5,dog,True,0.24425125122070312
STL-10,test,2291,6304,clip_vit_b_32_linear_head,3,cat,3,cat,True,0.21666879951953888
STL-10,test,2334,6304,clip_vit_b_32_linear_head,5,dog,5,dog,True,0.23494385182857513
STL-10,test,2340,6304,clip_vit_b_32_linear_head,8,ship,8,ship,True,0.28824692964553833
STL-10,test,2342,6304,clip_vit_b_32_linear_head,8,ship,8,ship,True,0.28322553634643555
STL-10,test,2351,6304,clip_vit_b_32_linear_head,9,truck,9,truck,True,0.24519333243370056
STL-10,test,2391,6304,clip_vit_b_32_linear_head,5,dog,5,dog,True,0.2144709676504135
STL-10,test,2392,6304,clip_vit_b_32_linear_head,2,car,2,car,True,0.2286035418510437
STL-10,test,2399,6304,clip_vit_b_32_linear_head,4,deer,4,deer,True,0.22992922365665436
STL-10,test,2414,6304,clip_vit_b_32_linear_head,9,truck,9,truck,True,0.19338957965373993
STL-10,test,2427,6304,clip_vit_b_32_linear_head,5,dog,5,dog,True,0.22836263477802277
STL-10,test,2458,6304,clip_vit_b_32_linear_head,5,dog,5,dog,True,0.21977026760578156
STL-10,test,2501,6304,clip_vit_b_32_linear_head,7,monkey,7,monkey,True,0.23800283670425415
STL-10,test,2502,6304,clip_vit_b_32_linear_head,2,car,2,car,True,0.23384897410869598
STL-10,test,2536,6304,clip_vit_b_32_linear_head,3,cat,3,cat,True,0.2229892909526825
STL-10,test,2539,6304,clip_vit_b_32_linear_head,3,cat,3,cat,True,0.23287759721279144
STL-10,test,2610,6304,clip_vit_b_32_linear_head,6,horse,6,horse,True,0.1777454912662506
STL-10,test,2623,6304,clip_vit_b_32_linear_head,5,dog,5,dog,True,0.20723961293697357
STL-10,test,2655,6304,clip_vit_b_32_linear_head,9,truck,9,truck,True,0.18355754017829895
STL-10,test,2668,6304,clip_vit_b_32_linear_head,7,monkey,7,monkey,True,0.20104332268238068
STL-10,test,2676,6304,clip_vit_b_32_linear_head,6,horse,6,horse,True,0.22268334031105042
STL-10,test,2687,6304,clip_vit_b_32_linear_head,1,bird,1,bird,True,0.26799532771110535
STL-10,test,2690,6304,clip_vit_b_32_linear_head,1,bird,1,bird,True,0.23583805561065674
STL-10,test,2704,6304,clip_vit_b_32_linear_head,4,deer,4,deer,True,0.251823753118515
STL-10,test,2745,6304,clip_vit_b_32_linear_head,8,ship,8,ship,True,0.2893056869506836
STL-10,test,2746,6304,clip_vit_b_32_linear_head,7,monkey,7,monkey,True,0.23379060626029968
STL-10,test,2750,6304,clip_vit_b_32_linear_head,0,airplane,0,airplane,True,0.22043302655220032
STL-10,test,2754,6304,clip_vit_b_32_linear_head,3,cat,3,cat,True,0.22992677986621857
STL-10,test,2757,6304,clip_vit_b_32_linear_head,4,deer,4,deer,True,0.24388065934181213
STL-10,test,2766,6304,clip_vit_b_32_linear_head,5,dog,5,dog,True,0.2255435734987259
STL-10,test,2807,6304,clip_vit_b_32_linear_head,5,dog,5,dog,True,0.1285429447889328
STL-10,test,2844,6304,clip_vit_b_32_linear_head,8,ship,8,ship,True,0.26268261671066284
STL-10,test,2854,6304,clip_vit_b_32_linear_head,7,monkey,7,monkey,True,0.22853942215442657
STL-10,test,2861,6304,clip_vit_b_32_linear_head,3,cat,3,cat,True,0.21455062925815582
STL-10,test,2888,6304,clip_vit_b_32_linear_head,0,airplane,0,airplane,True,0.23493079841136932
STL-10,test,2898,6304,clip_vit_b_32_linear_head,4,deer,4,deer,True,0.24773402512073517
STL-10,test,2950,6304,clip_vit_b_32_linear_head,5,dog,5,dog,True,0.21412180364131927
STL-10,test,2958,6304,clip_vit_b_32_linear_head,6,horse,6,horse,True,0.2199506014585495
STL-10,test,3015,6304,clip_vit_b_32_linear_head,8,ship,8,ship,True,0.30124589800834656
STL-10,test,3024,6304,clip_vit_b_32_linear_head,2,car,2,car,True,0.23549377918243408
STL-10,test,3025,6304,clip_vit_b_32_linear_head,0,airplane,0,airplane,True,0.20286695659160614
STL-10,test,3034,6304,clip_vit_b_32_linear_head,4,deer,4,deer,True,0.22268258035182953
STL-10,test,3067,6304,clip_vit_b_32_linear_head,2,car,2,car,True,0.22380860149860382
STL-10,test,3078,6304,clip_vit_b_32_linear_head,4,deer,4,deer,True,0.24191126227378845
STL-10,test,3079,6304,clip_vit_b_32_linear_head,1,bird,1,bird,True,0.24970583617687225
STL-10,test,3083,6304,clip_vit_b_32_linear_head,0,airplane,0,airplane,True,0.2589847147464752
STL-10,test,3122,6304,clip_vit_b_32_linear_head,4,deer,4,deer,True,0.20498856902122498
STL-10,test,3153,6304,clip_vit_b_32_linear_head,7,monkey,7,monkey,True,0.19358886778354645
STL-10,test,3157,6304,clip_vit_b_32_linear_head,8,ship,8,ship,True,0.305137038230896
STL-10,test,3163,6304,clip_vit_b_32_linear_head,2,car,2,car,True,0.240701824426651
STL-10,test,3179,6304,clip_vit_b_32_linear_head,4,deer,4,deer,True,0.25241339206695557
STL-10,test,3191,6304,clip_vit_b_32_linear_head,6,horse,6,horse,True,0.18135575950145721
STL-10,test,3276,6304,clip_vit_b_32_linear_head,3,cat,7,monkey,False,0.17067691683769226
STL-10,test,3287,6304,clip_vit_b_32_linear_head,4,deer,4,deer,True,0.2746832072734833
STL-10,test,3288,6304,clip_vit_b_32_linear_head,7,monkey,7,monkey,True,0.2518240213394165
STL-10,test,3292,6304,clip_vit_b_32_linear_head,6,horse,6,horse,True,0.20266956090927124
STL-10,test,3318,6304,clip_vit_b_32_linear_head,9,truck,9,truck,True,0.181657612323761
STL-10,test,3347,6304,clip_vit_b_32_linear_head,0,airplane,0,airplane,True,0.2533065676689148
STL-10,test,3353,6304,clip_vit_b_32_linear_head,5,dog,5,dog,True,0.14657197892665863
STL-10,test,3362,6304,clip_vit_b_32_linear_head,2,car,2,car,True,0.22848202288150787
STL-10,test,3365,6304,clip_vit_b_32_linear_head,4,deer,4,deer,True,0.22355440258979797
STL-10,test,3375,6304,clip_vit_b_32_linear_head,3,cat,3,cat,True,0.2132621705532074
STL-10,test,3383,6304,clip_vit_b_32_linear_head,3,cat,3,cat,True,0.2213318943977356
STL-10,test,3404,6304,clip_vit_b_32_linear_head,7,monkey,7,monkey,True,0.20863470435142517
STL-10,test,3412,6304,clip_vit_b_32_linear_head,8,ship,8,ship,True,0.27728959918022156
STL-10,test,3413,6304,clip_vit_b_32_linear_head,1,bird,1,bird,True,0.27927365899086
STL-10,test,3418,6304,clip_vit_b_32_linear_head,6,horse,6,horse,True,0.2271708995103836
STL-10,test,3437,6304,clip_vit_b_32_linear_head,0,airplane,0,airplane,True,0.16259023547172546
STL-10,test,3446,6304,clip_vit_b_32_linear_head,7,monkey,7,monkey,True,0.2523268759250641
STL-10,test,3454,6304,clip_vit_b_32_linear_head,2,car,2,car,True,0.24144256114959717
STL-10,test,3455,6304,clip_vit_b_32_linear_head,0,airplane,0,airplane,True,0.229348286986351
STL-10,test,3458,6304,clip_vit_b_32_linear_head,4,deer,4,deer,True,0.26727136969566345
STL-10,test,3467,6304,clip_vit_b_32_linear_head,7,monkey,7,monkey,True,0.17323902249336243
STL-10,test,3491,6304,clip_vit_b_32_linear_head,1,bird,1,bird,True,0.2271748036146164
STL-10,test,3494,6304,clip_vit_b_32_linear_head,6,horse,6,horse,True,0.264310747385025
STL-10,test,3512,6304,clip_vit_b_32_linear_head,4,deer,4,deer,True,0.23952868580818176
STL-10,test,3515,6304,clip_vit_b_32_linear_head,6,horse,6,horse,True,0.22003182768821716
STL-10,test,3542,6304,clip_vit_b_32_linear_head,7,monkey,7,monkey,True,0.23574161529541016
STL-10,test,3550,6304,clip_vit_b_32_linear_head,1,bird,1,bird,True,0.2051272690296173
STL-10,test,3562,6304,clip_vit_b_32_linear_head,3,cat,3,cat,True,0.1700158417224884
STL-10,test,3755,6304,clip_vit_b_32_linear_head,2,car,2,car,True,0.2289055436849594
STL-10,test,3763,6304,clip_vit_b_32_linear_head,4,deer,4,deer,True,0.2659527659416199
STL-10,test,3777,6304,clip_vit_b_32_linear_head,6,horse,6,horse,True,0.22816598415374756
STL-10,test,3778,6304,clip_vit_b_32_linear_head,3,cat,3,cat,True,0.1805953085422516
STL-10,test,3779,6304,clip_vit_b_32_linear_head,6,horse,6,horse,True,0.2249804139137268
STL-10,test,3844,6304,clip_vit_b_32_linear_head,6,horse,6,horse,True,0.20155102014541626
STL-10,test,3851,6304,clip_vit_b_32_linear_head,3,cat,3,cat,True,0.19083558022975922
STL-10,test,3852,6304,clip_vit_b_32_linear_head,5,dog,5,dog,True,0.21614515781402588
STL-10,test,3863,6304,clip_vit_b_32_linear_head,5,dog,5,dog,True,0.19963620603084564
STL-10,test,3867,6304,clip_vit_b_32_linear_head,7,monkey,7,monkey,True,0.2293551117181778
STL-10,test,3876,6304,clip_vit_b_32_linear_head,0,airplane,0,airplane,True,0.2102069854736328
STL-10,test,3889,6304,clip_vit_b_32_linear_head,5,dog,5,dog,True,0.22841712832450867
STL-10,test,3891,6304,clip_vit_b_32_linear_head,4,deer,4,deer,True,0.23874406516551971
STL-10,test,3893,6304,clip_vit_b_32_linear_head,9,truck,9,truck,True,0.1837870329618454
STL-10,test,3905,6304,clip_vit_b_32_linear_head,8,ship,8,ship,True,0.277246356010437
STL-10,test,3914,6304,clip_vit_b_32_linear_head,3,cat,3,cat,True,0.24162544310092926
STL-10,test,3937,6304,clip_vit_b_32_linear_head,1,bird,1,bird,True,0.2524231970310211
STL-10,test,3942,6304,clip_vit_b_32_linear_head,9,truck,9,truck,True,0.19791439175605774
STL-10,test,3948,6304,clip_vit_b_32_linear_head,8,ship,8,ship,True,0.2682114839553833
STL-10,test,3962,6304,clip_vit_b_32_linear_head,6,horse,6,horse,True,0.20157039165496826
STL-10,test,3965,6304,clip_vit_b_32_linear_head,0,airplane,0,airplane,True,0.22824233770370483
STL-10,test,3994,6304,clip_vit_b_32_linear_head,4,deer,4,deer,True,0.23011785745620728
STL-10,test,3996,6304,clip_vit_b_32_linear_head,9,truck,9,truck,True,0.2318538874387741
STL-10,test,4011,6304,clip_vit_b_32_linear_head,6,horse,6,horse,True,0.23666588962078094
STL-10,test,4023,6304,clip_vit_b_32_linear_head,3,cat,3,cat,True,0.16301554441452026
STL-10,test,4054,6304,clip_vit_b_32_linear_head,4,deer,4,deer,True,0.2502805292606354
STL-10,test,4065,6304,clip_vit_b_32_linear_head,2,car,2,car,True,0.2100134640932083
STL-10,test,4069,6304,clip_vit_b_32_linear_head,8,ship,8,ship,True,0.15667617321014404
STL-10,test,4093,6304,clip_vit_b_32_linear_head,6,horse,6,horse,True,0.2121977061033249
STL-10,test,4094,6304,clip_vit_b_32_linear_head,9,truck,9,truck,True,0.23217114806175232
STL-10,test,4106,6304,clip_vit_b_32_linear_head,5,dog,5,dog,True,0.2030126303434372
STL-10,test,4130,6304,clip_vit_b_32_linear_head,0,airplane,0,airplane,True,0.23422878980636597
STL-10,test,4168,6304,clip_vit_b_32_linear_head,3,cat,3,cat,True,0.1869097501039505
STL-10,test,4170,6304,clip_vit_b_32_linear_head,8,ship,8,ship,True,0.27800440788269043
STL-10,test,4172,6304,clip_vit_b_32_linear_head,7,monkey,7,monkey,True,0.18065322935581207
STL-10,test,4177,6304,clip_vit_b_32_linear_head,8,ship,8,ship,True,0.2846691310405731
STL-10,test,4215,6304,clip_vit_b_32_linear_head,3,cat,3,cat,True,0.19731120765209198
STL-10,test,4229,6304,clip_vit_b_32_linear_head,3,cat,3,cat,True,0.2529468834400177
STL-10,test,4236,6304,clip_vit_b_32_linear_head,7,monkey,7,monkey,True,0.2491414099931717
STL-10,test,4242,6304,clip_vit_b_32_linear_head,8,ship,8,ship,True,0.30434274673461914
STL-10,test,4254,6304,clip_vit_b_32_linear_head,6,horse,6,horse,True,0.2163747400045395
STL-10,test,4290,6304,clip_vit_b_32_linear_head,5,dog,4,deer,False,0.15564529597759247
STL-10,test,4298,6304,clip_vit_b_32_linear_head,1,bird,1,bird,True,0.25954702496528625
STL-10,test,4308,6304,clip_vit_b_32_linear_head,7,monkey,7,monkey,True,0.1843818873167038
STL-10,test,4311,6304,clip_vit_b_32_linear_head,8,ship,8,ship,True,0.30007249116897583
STL-10,test,4323,6304,clip_vit_b_32_linear_head,3,cat,3,cat,True,0.16988106071949005
STL-10,test,4330,6304,clip_vit_b_32_linear_head,3,cat,3,cat,True,0.16487669944763184
STL-10,test,4341,6304,clip_vit_b_32_linear_head,6,horse,6,horse,True,0.2374526560306549
STL-10,test,4355,6304,clip_vit_b_32_linear_head,8,ship,8,ship,True,0.25174060463905334
STL-10,test,4399,6304,clip_vit_b_32_linear_head,0,airplane,0,airplane,True,0.2138170599937439
STL-10,test,4403,6304,clip_vit_b_32_linear_head,7,monkey,7,monkey,True,0.25410041213035583
STL-10,test,4411,6304,clip_vit_b_32_linear_head,6,horse,6,horse,True,0.17404241859912872
STL-10,test,4449,6304,clip_vit_b_32_linear_head,9,truck,9,truck,True,0.19210518896579742
STL-10,test,4463,6304,clip_vit_b_32_linear_head,3,cat,3,cat,True,0.2155228704214096
STL-10,test,4531,6304,clip_vit_b_32_linear_head,3,cat,3,cat,True,0.2268761396408081
STL-10,test,4539,6304,clip_vit_b_32_linear_head,0,airplane,0,airplane,True,0.2512069046497345
STL-10,test,4547,6304,clip_vit_b_32_linear_head,5,dog,5,dog,True,0.22817975282669067
STL-10,test,4552,6304,clip_vit_b_32_linear_head,8,ship,8,ship,True,0.278517484664917
STL-10,test,4570,6304,clip_vit_b_32_linear_head,5,dog,5,dog,True,0.21427848935127258
STL-10,test,4590,6304,clip_vit_b_32_linear_head,3,cat,3,cat,True,0.19475658237934113
STL-10,test,4609,6304,clip_vit_b_32_linear_head,3,cat,3,cat,True,0.1596488505601883
STL-10,test,4615,6304,clip_vit_b_32_linear_head,0,airplane,0,airplane,True,0.2599201500415802
STL-10,test,4617,6304,clip_vit_b_32_linear_head,0,airplane,0,airplane,True,0.260326087474823
STL-10,test,4620,6304,clip_vit_b_32_linear_head,6,horse,6,horse,True,0.2235613912343979
STL-10,test,4629,6304,clip_vit_b_32_linear_head,4,deer,4,deer,True,0.26097187399864197
STL-10,test,4640,6304,clip_vit_b_32_linear_head,1,bird,1,bird,True,0.20973017811775208
STL-10,test,4642,6304,clip_vit_b_32_linear_head,4,deer,4,deer,True,0.2469775676727295
STL-10,test,4661,6304,clip_vit_b_32_linear_head,7,monkey,7,monkey,True,0.24406972527503967
STL-10,test,4662,6304,clip_vit_b_32_linear_head,8,ship,8,ship,True,0.2974259555339813
STL-10,test,4675,6304,clip_vit_b_32_linear_head,0,airplane,0,airplane,True,0.23156078159809113
STL-10,test,4676,6304,clip_vit_b_32_linear_head,8,ship,8,ship,True,0.2986472547054291
STL-10,test,4704,6304,clip_vit_b_32_linear_head,7,monkey,7,monkey,True,0.231490820646286
STL-10,test,4723,6304,clip_vit_b_32_linear_head,9,truck,9,truck,True,0.19850945472717285
STL-10,test,4731,6304,clip_vit_b_32_linear_head,6,horse,6,horse,True,0.2285434603691101
STL-10,test,4735,6304,clip_vit_b_32_linear_head,2,car,2,car,True,0.2167244851589203
STL-10,test,4740,6304,clip_vit_b_32_linear_head,4,deer,4,deer,True,0.22120057046413422
STL-10,test,4746,6304,clip_vit_b_32_linear_head,6,horse,6,horse,True,0.21622608602046967
STL-10,test,4748,6304,clip_vit_b_32_linear_head,7,monkey,7,monkey,True,0.24717149138450623
STL-10,test,4754,6304,clip_vit_b_32_linear_head,6,horse,6,horse,True,0.23042549192905426
STL-10,test,4785,6304,clip_vit_b_32_linear_head,0,airplane,0,airplane,True,0.2065366804599762
STL-10,test,4791,6304,clip_vit_b_32_linear_head,7,monkey,7,monkey,True,0.24469929933547974
STL-10,test,4819,6304,clip_vit_b_32_linear_head,0,airplane,0,airplane,True,0.24985498189926147
STL-10,test,4821,6304,clip_vit_b_32_linear_head,3,cat,3,cat,True,0.2068706452846527
STL-10,test,4827,6304,clip_vit_b_32_linear_head,6,horse,6,horse,True,0.17677821218967438
STL-10,test,4850,6304,clip_vit_b_32_linear_head,5,dog,5,dog,True,0.21767809987068176
STL-10,test,4881,6304,clip_vit_b_32_linear_head,3,cat,3,cat,True,0.1901589184999466
STL-10,test,4893,6304,clip_vit_b_32_linear_head,0,airplane,0,airplane,True,0.26892831921577454
STL-10,test,4908,6304,clip_vit_b_32_linear_head,3,cat,3,cat,True,0.2515052258968353
STL-10,test,4913,6304,clip_vit_b_32_linear_head,2,car,2,car,True,0.20513997972011566
STL-10,test,4921,6304,clip_vit_b_32_linear_head,2,car,2,car,True,0.20088164508342743
STL-10,test,4953,6304,clip_vit_b_32_linear_head,5,dog,5,dog,True,0.17512981593608856
STL-10,test,4966,6304,clip_vit_b_32_linear_head,5,dog,5,dog,True,0.18805742263793945
STL-10,test,4990,6304,clip_vit_b_32_linear_head,8,ship,8,ship,True,0.24916955828666687
STL-10,test,5000,6304,clip_vit_b_32_linear_head,8,ship,8,ship,True,0.2411382645368576
STL-10,test,5030,6304,clip_vit_b_32_linear_head,2,car,2,car,True,0.25545528531074524
STL-10,test,5062,6304,clip_vit_b_32_linear_head,4,deer,4,deer,True,0.24697615206241608
STL-10,test,5077,6304,clip_vit_b_32_linear_head,4,deer,4,deer,True,0.27066096663475037
STL-10,test,5082,6304,clip_vit_b_32_linear_head,6,horse,6,horse,True,0.23205707967281342
STL-10,test,5092,6304,clip_vit_b_32_linear_head,1,bird,1,bird,True,0.251437246799469
STL-10,test,5101,6304,clip_vit_b_32_linear_head,5,dog,5,dog,True,0.20106378197669983
STL-10,test,5117,6304,clip_vit_b_32_linear_head,0,airplane,0,airplane,True,0.2103167623281479
STL-10,test,5123,6304,clip_vit_b_32_linear_head,1,bird,1,bird,True,0.1927359700202942
STL-10,test,5135,6304,clip_vit_b_32_linear_head,4,deer,4,deer,True,0.2383633255958557
STL-10,test,5183,6304,clip_vit_b_32_linear_head,2,car,2,car,True,0.21880629658699036
STL-10,test,5213,6304,clip_vit_b_32_linear_head,4,deer,4,deer,True,0.24717146158218384
STL-10,test,5218,6304,clip_vit_b_32_linear_head,2,car,2,car,True,0.24390894174575806
STL-10,test,5220,6304,clip_vit_b_32_linear_head,1,bird,7,monkey,False,0.11724462360143661
STL-10,test,5237,6304,clip_vit_b_32_linear_head,2,car,2,car,True,0.1966208815574646
STL-10,test,5256,6304,clip_vit_b_32_linear_head,1,bird,1,bird,True,0.20316249132156372
STL-10,test,5284,6304,clip_vit_b_32_linear_head,9,truck,9,truck,True,0.2351328283548355
STL-10,test,5301,6304,clip_vit_b_32_linear_head,9,truck,9,truck,True,0.1902843862771988
STL-10,test,5318,6304,clip_vit_b_32_linear_head,2,car,2,car,True,0.15325677394866943
STL-10,test,5332,6304,clip_vit_b_32_linear_head,5,dog,5,dog,True,0.2027023732662201
STL-10,test,5333,6304,clip_vit_b_32_linear_head,2,car,2,car,True,0.2560977041721344
STL-10,test,5360,6304,clip_vit_b_32_linear_head,9,truck,9,truck,True,0.20613856613636017
STL-10,test,5381,6304,clip_vit_b_32_linear_head,5,dog,5,dog,True,0.17405936121940613
STL-10,test,5382,6304,clip_vit_b_32_linear_head,6,horse,6,horse,True,0.20274579524993896
STL-10,test,5395,6304,clip_vit_b_32_linear_head,2,car,2,car,True,0.26066097617149353
STL-10,test,5402,6304,clip_vit_b_32_linear_head,4,deer,4,deer,True,0.27590158581733704
STL-10,test,5408,6304,clip_vit_b_32_linear_head,6,horse,6,horse,True,0.1923954337835312
STL-10,test,5436,6304,clip_vit_b_32_linear_head,7,monkey,7,monkey,True,0.23513126373291016
STL-10,test,5447,6304,clip_vit_b_32_linear_head,9,truck,9,truck,True,0.20237722992897034
STL-10,test,5450,6304,clip_vit_b_32_linear_head,7,monkey,7,monkey,True,0.25167009234428406
STL-10,test,5451,6304,clip_vit_b_32_linear_head,8,ship,8,ship,True,0.27312296628952026
STL-10,test,5452,6304,clip_vit_b_32_linear_head,9,truck,9,truck,True,0.212423637509346
STL-10,test,5467,6304,clip_vit_b_32_linear_head,4,deer,4,deer,True,0.2640625834465027
STL-10,test,5478,6304,clip_vit_b_32_linear_head,0,airplane,0,airplane,True,0.21819454431533813
STL-10,test,5488,6304,clip_vit_b_32_linear_head,1,bird,1,bird,True,0.14685802161693573
STL-10,test,5496,6304,clip_vit_b_32_linear_head,5,dog,5,dog,True,0.20291587710380554
STL-10,test,5508,6304,clip_vit_b_32_linear_head,9,truck,9,truck,True,0.2276642918586731
STL-10,test,5512,6304,clip_vit_b_32_linear_head,2,car,9,truck,False,0.14826205372810364
STL-10,test,5525,6304,clip_vit_b_32_linear_head,8,ship,8,ship,True,0.24605321884155273
STL-10,test,5528,6304,clip_vit_b_32_linear_head,3,cat,3,cat,True,0.1954721361398697
STL-10,test,5556,6304,clip_vit_b_32_linear_head,4,deer,4,deer,True,0.2497541308403015
STL-10,test,5560,6304,clip_vit_b_32_linear_head,1,bird,1,bird,True,0.1897720843553543
STL-10,test,5572,6304,clip_vit_b_32_linear_head,9,truck,9,truck,True,0.1951397955417633
STL-10,test,5580,6304,clip_vit_b_32_linear_head,6,horse,6,horse,True,0.23968705534934998
STL-10,test,5590,6304,clip_vit_b_32_linear_head,9,truck,9,truck,True,0.1918899267911911
STL-10,test,5623,6304,clip_vit_b_32_linear_head,4,deer,4,deer,True,0.2676692605018616
STL-10,test,5677,6304,clip_vit_b_32_linear_head,2,car,2,car,True,0.24742072820663452
STL-10,test,5694,6304,clip_vit_b_32_linear_head,8,ship,8,ship,True,0.2509025037288666
STL-10,test,5701,6304,clip_vit_b_32_linear_head,5,dog,5,dog,True,0.21353104710578918
STL-10,test,5705,6304,clip_vit_b_32_linear_head,8,ship,8,ship,True,0.2992458939552307
STL-10,test,5719,6304,clip_vit_b_32_linear_head,7,monkey,7,monkey,True,0.2361321747303009
STL-10,test,5729,6304,clip_vit_b_32_linear_head,6,horse,6,horse,True,0.2377759963274002
STL-10,test,5756,6304,clip_vit_b_32_linear_head,2,car,2,car,True,0.2540441155433655
STL-10,test,5788,6304,clip_vit_b_32_linear_head,9,truck,9,truck,True,0.18414190411567688
STL-10,test,5789,6304,clip_vit_b_32_linear_head,4,deer,4,deer,True,0.2544362246990204
STL-10,test,5824,6304,clip_vit_b_32_linear_head,2,car,2,car,True,0.17540502548217773
STL-10,test,5848,6304,clip_vit_b_32_linear_head,7,monkey,7,monkey,True,0.2296575903892517
STL-10,test,5851,6304,clip_vit_b_32_linear_head,9,truck,9,truck,True,0.25202879309654236
STL-10,test,5857,6304,clip_vit_b_32_linear_head,6,horse,6,horse,True,0.18315571546554565
STL-10,test,5858,6304,clip_vit_b_32_linear_head,6,horse,6,horse,True,0.19506052136421204
STL-10,test,5912,6304,clip_vit_b_32_linear_head,0,airplane,0,airplane,True,0.2691618800163269
STL-10,test,5915,6304,clip_vit_b_32_linear_head,9,truck,9,truck,True,0.21847310662269592
STL-10,test,5918,6304,clip_vit_b_32_linear_head,0,airplane,0,airplane,True,0.2595589756965637
STL-10,test,5924,6304,clip_vit_b_32_linear_head,5,dog,5,dog,True,0.1505037248134613
STL-10,test,5977,6304,clip_vit_b_32_linear_head,7,monkey,7,monkey,True,0.24397778511047363
STL-10,test,5981,6304,clip_vit_b_32_linear_head,9,truck,9,truck,True,0.192876935005188
STL-10,test,5999,6304,clip_vit_b_32_linear_head,0,airplane,0,airplane,True,0.24777518212795258
STL-10,test,6028,6304,clip_vit_b_32_linear_head,2,car,2,car,True,0.23395930230617523
STL-10,test,6033,6304,clip_vit_b_32_linear_head,4,deer,4,deer,True,0.22116796672344208
STL-10,test,6076,6304,clip_vit_b_32_linear_head,1,bird,1,bird,True,0.2622738182544708
STL-10,test,6084,6304,clip_vit_b_32_linear_head,7,monkey,7,monkey,True,0.2510862350463867
STL-10,test,6097,6304,clip_vit_b_32_linear_head,4,deer,4,deer,True,0.24698972702026367
STL-10,test,6169,6304,clip_vit_b_32_linear_head,1,bird,1,bird,True,0.13948673009872437
STL-10,test,6190,6304,clip_vit_b_32_linear_head,7,monkey,7,monkey,True,0.25394290685653687
STL-10,test,6224,6304,clip_vit_b_32_linear_head,5,dog,5,dog,True,0.18464761972427368
STL-10,test,6244,6304,clip_vit_b_32_linear_head,2,car,2,car,True,0.2177419364452362
STL-10,test,6264,6304,clip_vit_b_32_linear_head,2,car,2,car,True,0.2448907196521759
STL-10,test,6271,6304,clip_vit_b_32_linear_head,2,car,2,car,True,0.23720683157444
STL-10,test,6288,6304,clip_vit_b_32_linear_head,4,deer,4,deer,True,0.24281933903694153
STL-10,test,6332,6304,clip_vit_b_32_linear_head,2,car,2,car,True,0.21090511977672577
STL-10,test,6349,6304,clip_vit_b_32_linear_head,1,bird,1,bird,True,0.23728029429912567
STL-10,test,6354,6304,clip_vit_b_32_linear_head,2,car,2,car,True,0.2239076793193817
STL-10,test,6358,6304,clip_vit_b_32_linear_head,5,dog,5,dog,True,0.1775435209274292
STL-10,test,6381,6304,clip_vit_b_32_linear_head,6,horse,6,horse,True,0.24827854335308075
STL-10,test,6414,6304,clip_vit_b_32_linear_head,5,dog,5,dog,True,0.18845295906066895
STL-10,test,6426,6304,clip_vit_b_32_linear_head,2,car,2,car,True,0.26859986782073975
STL-10,test,6434,6304,clip_vit_b_32_linear_head,8,ship,8,ship,True,0.2771509885787964
STL-10,test,6437,6304,clip_vit_b_32_linear_head,0,airplane,0,airplane,True,0.23060694336891174
STL-10,test,6455,6304,clip_vit_b_32_linear_head,0,airplane,0,airplane,True,0.2107679694890976
STL-10,test,6490,6304,clip_vit_b_32_linear_head,3,cat,3,cat,True,0.19059641659259796
STL-10,test,6503,6304,clip_vit_b_32_linear_head,2,car,2,car,True,0.19822536408901215
STL-10,test,6508,6304,clip_vit_b_32_linear_head,4,deer,4,deer,True,0.24077890813350677
STL-10,test,6528,6304,clip_vit_b_32_linear_head,4,deer,4,deer,True,0.1794596016407013
STL-10,test,6594,6304,clip_vit_b_32_linear_head,1,bird,1,bird,True,0.19336490333080292
STL-10,test,6609,6304,clip_vit_b_32_linear_head,0,airplane,0,airplane,True,0.25218716263771057
STL-10,test,6616,6304,clip_vit_b_32_linear_head,2,car,2,car,True,0.21240101754665375
STL-10,test,6650,6304,clip_vit_b_32_linear_head,7,monkey,7,monkey,True,0.23165017366409302
STL-10,test,6689,6304,clip_vit_b_32_linear_head,8,ship,8,ship,True,0.26222145557403564
STL-10,test,6692,6304,clip_vit_b_32_linear_head,2,car,2,car,True,0.2126820683479309
STL-10,test,6713,6304,clip_vit_b_32_linear_head,6,horse,6,horse,True,0.20887893438339233
STL-10,test,6716,6304,clip_vit_b_32_linear_head,5,dog,5,dog,True,0.16480427980422974
STL-10,test,6726,6304,clip_vit_b_32_linear_head,7,monkey,7,monkey,True,0.18369409441947937
STL-10,test,6733,6304,clip_vit_b_32_linear_head,1,bird,1,bird,True,0.16330435872077942
STL-10,test,6772,6304,clip_vit_b_32_linear_head,7,monkey,7,monkey,True,0.19009016454219818
STL-10,test,6805,6304,clip_vit_b_32_linear_head,1,bird,1,bird,True,0.1895466297864914
STL-10,test,6836,6304,clip_vit_b_32_linear_head,1,bird,1,bird,True,0.24649763107299805
STL-10,test,6844,6304,clip_vit_b_32_linear_head,0,airplane,0,airplane,True,0.2457670122385025
STL-10,test,6922,6304,clip_vit_b_32_linear_head,5,dog,5,dog,True,0.21584925055503845
STL-10,test,6931,6304,clip_vit_b_32_linear_head,9,truck,9,truck,True,0.17945946753025055
STL-10,test,6938,6304,clip_vit_b_32_linear_head,1,bird,1,bird,True,0.2589738070964813
STL-10,test,6952,6304,clip_vit_b_32_linear_head,3,cat,3,cat,True,0.20840561389923096
STL-10,test,6954,6304,clip_vit_b_32_linear_head,1,bird,1,bird,True,0.19695714116096497
STL-10,test,6986,6304,clip_vit_b_32_linear_head,0,airplane,0,airplane,True,0.2514393627643585
STL-10,test,6989,6304,clip_vit_b_32_linear_head,5,dog,5,dog,True,0.1744345873594284
STL-10,test,7009,6304,clip_vit_b_32_linear_head,0,airplane,0,airplane,True,0.21048887073993683
STL-10,test,7029,6304,clip_vit_b_32_linear_head,1,bird,1,bird,True,0.2395441234111786
STL-10,test,7033,6304,clip_vit_b_32_linear_head,1,bird,1,bird,True,0.19649483263492584
STL-10,test,7041,6304,clip_vit_b_32_linear_head,5,dog,5,dog,True,0.17042027413845062
STL-10,test,7047,6304,clip_vit_b_32_linear_head,9,truck,9,truck,True,0.24243643879890442
STL-10,test,7081,6304,clip_vit_b_32_linear_head,7,monkey,7,monkey,True,0.21089427173137665
STL-10,test,7084,6304,clip_vit_b_32_linear_head,2,car,2,car,True,0.20313946902751923
STL-10,test,7108,6304,clip_vit_b_32_linear_head,6,horse,6,horse,True,0.2412850260734558
STL-10,test,7130,6304,clip_vit_b_32_linear_head,5,dog,5,dog,True,0.21484063565731049
STL-10,test,7138,6304,clip_vit_b_32_linear_head,8,ship,8,ship,True,0.2880534827709198
STL-10,test,7150,6304,clip_vit_b_32_linear_head,0,airplane,0,airplane,True,0.2710379362106323
STL-10,test,7202,6304,clip_vit_b_32_linear_head,1,bird,1,bird,True,0.226869598031044
STL-10,test,7262,6304,clip_vit_b_32_linear_head,0,airplane,0,airplane,True,0.26443952322006226
STL-10,test,7266,6304,clip_vit_b_32_linear_head,9,truck,9,truck,True,0.19518767297267914
STL-10,test,7270,6304,clip_vit_b_32_linear_head,7,monkey,7,monkey,True,0.1942129135131836
STL-10,test,7309,6304,clip_vit_b_32_linear_head,0,airplane,0,airplane,True,0.2168179601430893
STL-10,test,7320,6304,clip_vit_b_32_linear_head,0,airplane,0,airplane,True,0.22666074335575104
STL-10,test,7338,6304,clip_vit_b_32_linear_head,6,horse,6,horse,True,0.19628416001796722
STL-10,test,7372,6304,clip_vit_b_32_linear_head,0,airplane,0,airplane,True,0.23814409971237183
STL-10,test,7373,6304,clip_vit_b_32_linear_head,0,airplane,0,airplane,True,0.24806715548038483
STL-10,test,7380,6304,clip_vit_b_32_linear_head,9,truck,9,truck,True,0.24716025590896606
STL-10,test,7390,6304,clip_vit_b_32_linear_head,1,bird,1,bird,True,0.2241118997335434
STL-10,test,7413,6304,clip_vit_b_32_linear_head,5,dog,3,cat,False,0.1555856168270111
STL-10,test,7416,6304,clip_vit_b_32_linear_head,3,cat,3,cat,True,0.18304769694805145
STL-10,test,7425,6304,clip_vit_b_32_linear_head,2,car,2,car,True,0.26067519187927246
STL-10,test,7446,6304,clip_vit_b_32_linear_head,8,ship,8,ship,True,0.2625395953655243
STL-10,test,7460,6304,clip_vit_b_32_linear_head,8,ship,8,ship,True,0.2233261913061142
STL-10,test,7465,6304,clip_vit_b_32_linear_head,0,airplane,0,airplane,True,0.24423441290855408
STL-10,test,7474,6304,clip_vit_b_32_linear_head,5,dog,5,dog,True,0.23704470694065094
STL-10,test,7475,6304,clip_vit_b_32_linear_head,4,deer,4,deer,True,0.2605538070201874
STL-10,test,7476,6304,clip_vit_b_32_linear_head,8,ship,8,ship,True,0.18822628259658813
STL-10,test,7544,6304,clip_vit_b_32_linear_head,9,truck,9,truck,True,0.1919834166765213
STL-10,test,7555,6304,clip_vit_b_32_linear_head,6,horse,6,horse,True,0.16394147276878357
STL-10,test,7600,6304,clip_vit_b_32_linear_head,6,horse,6,horse,True,0.18369100987911224
STL-10,test,7610,6304,clip_vit_b_32_linear_head,4,deer,4,deer,True,0.238924041390419
STL-10,test,7634,6304,clip_vit_b_32_linear_head,0,airplane,0,airplane,True,0.27541008591651917
STL-10,test,7692,6304,clip_vit_b_32_linear_head,4,deer,4,deer,True,0.23041577637195587
STL-10,test,7706,6304,clip_vit_b_32_linear_head,5,dog,5,dog,True,0.16082163155078888
STL-10,test,7726,6304,clip_vit_b_32_linear_head,6,horse,6,horse,True,0.24668347835540771
STL-10,test,7744,6304,clip_vit_b_32_linear_head,3,cat,3,cat,True,0.18971602618694305
STL-10,test,7752,6304,clip_vit_b_32_linear_head,9,truck,9,truck,True,0.20965199172496796
STL-10,test,7776,6304,clip_vit_b_32_linear_head,5,dog,5,dog,True,0.17883165180683136
STL-10,test,7779,6304,clip_vit_b_32_linear_head,6,horse,6,horse,True,0.23683816194534302
STL-10,test,7781,6304,clip_vit_b_32_linear_head,6,horse,6,horse,True,0.23751290142536163
STL-10,test,7793,6304,clip_vit_b_32_linear_head,3,cat,3,cat,True,0.18091824650764465
STL-10,test,7797,6304,clip_vit_b_32_linear_head,3,cat,3,cat,True,0.2113010138273239
STL-10,test,7810,6304,clip_vit_b_32_linear_head,8,ship,8,ship,True,0.25872719287872314
STL-10,test,7818,6304,clip_vit_b_32_linear_head,8,ship,8,ship,True,0.26662856340408325
STL-10,test,7835,6304,clip_vit_b_32_linear_head,7,monkey,7,monkey,True,0.24933581054210663
STL-10,test,7864,6304,clip_vit_b_32_linear_head,4,deer,4,deer,True,0.27657878398895264
STL-10,test,7875,6304,clip_vit_b_32_linear_head,8,ship,8,ship,True,0.24703890085220337
STL-10,test,7938,6304,clip_vit_b_32_linear_head,9,truck,9,truck,True,0.2068512886762619
STL-10,test,7940,6304,clip_vit_b_32_linear_head,4,deer,4,deer,True,0.23029474914073944
STL-10,test,7944,6304,clip_vit_b_32_linear_head,4,deer,4,deer,True,0.20457769930362701
STL-10,test,7955,6304,clip_vit_b_32_linear_head,1,bird,1,bird,True,0.23605966567993164
STL-10,test,7995,6304,clip_vit_b_32_linear_head,9,truck,9,truck,True,0.229132279753685
STL-10,test,7996,6304,clip_vit_b_32_linear_head,6,horse,6,horse,True,0.2364182323217392
STL-10,test,7999,6304,clip_vit_b_32_linear_head,8,ship,8,ship,True,0.23078933358192444
STL-10,test,3,6304,clip_vit_b_32_zero_shot,0,airplane,0,airplane,True,0.9517428278923035
STL-10,test,29,6304,clip_vit_b_32_zero_shot,7,monkey,7,monkey,True,0.9997755885124207
STL-10,test,35,6304,clip_vit_b_32_zero_shot,2,car,2,car,True,0.9742963910102844
STL-10,test,42,6304,clip_vit_b_32_zero_shot,0,airplane,0,airplane,True,0.9641128182411194
STL-10,test,49,6304,clip_vit_b_32_zero_shot,2,car,2,car,True,0.9909658432006836
STL-10,test,81,6304,clip_vit_b_32_zero_shot,0,airplane,0,airplane,True,0.882081925868988
STL-10,test,95,6304,clip_vit_b_32_zero_shot,1,bird,1,bird,True,0.9990094900131226
STL-10,test,97,6304,clip_vit_b_32_zero_shot,5,dog,5,dog,True,0.9697553515434265
STL-10,test,116,6304,clip_vit_b_32_zero_shot,1,bird,1,bird,True,0.9963733553886414
STL-10,test,131,6304,clip_vit_b_32_zero_shot,9,truck,9,truck,True,0.9894821643829346
STL-10,test,151,6304,clip_vit_b_32_zero_shot,8,ship,8,ship,True,0.9940469264984131
STL-10,test,171,6304,clip_vit_b_32_zero_shot,4,deer,4,deer,True,0.9975589513778687
STL-10,test,176,6304,clip_vit_b_32_zero_shot,3,cat,3,cat,True,0.9770860075950623
STL-10,test,191,6304,clip_vit_b_32_zero_shot,9,truck,2,car,False,0.7853124141693115
STL-10,test,194,6304,clip_vit_b_32_zero_shot,8,ship,8,ship,True,0.9972467422485352
STL-10,test,198,6304,clip_vit_b_32_zero_shot,1,bird,1,bird,True,0.9987354874610901
STL-10,test,239,6304,clip_vit_b_32_zero_shot,9,truck,9,truck,True,0.9899604320526123
STL-10,test,261,6304,clip_vit_b_32_zero_shot,1,bird,1,bird,True,0.9924296736717224
STL-10,test,269,6304,clip_vit_b_32_zero_shot,7,monkey,7,monkey,True,0.999265730381012
STL-10,test,276,6304,clip_vit_b_32_zero_shot,9,truck,9,truck,True,0.9250479936599731
STL-10,test,303,6304,clip_vit_b_32_zero_shot,9,truck,9,truck,True,0.9952358603477478
STL-10,test,304,6304,clip_vit_b_32_zero_shot,1,bird,1,bird,True,0.9848073720932007
STL-10,test,317,6304,clip_vit_b_32_zero_shot,2,car,2,car,True,0.9845332503318787
STL-10,test,319,6304,clip_vit_b_32_zero_shot,5,dog,5,dog,True,0.9838265776634216
STL-10,test,323,6304,clip_vit_b_32_zero_shot,7,monkey,7,monkey,True,0.9993923902511597
STL-10,test,365,6304,clip_vit_b_32_zero_shot,3,cat,3,cat,True,0.981059730052948
STL-10,test,370,6304,clip_vit_b_32_zero_shot,7,monkey,7,monkey,True,0.9994227886199951
STL-10,test,372,6304,clip_vit_b_32_zero_shot,3,cat,3,cat,True,0.9795995950698853
STL-10,test,378,6304,clip_vit_b_32_zero_shot,5,dog,5,dog,True,0.9892353415489197
STL-10,test,391,6304,clip_vit_b_32_zero_shot,3,cat,3,cat,True,0.7129630446434021
STL-10,test,409,6304,clip_vit_b_32_zero_shot,2,car,2,car,True,0.9784241914749146
STL-10,test,419,6304,clip_vit_b_32_zero_shot,9,truck,9,truck,True,0.987694501876831
STL-10,test,449,6304,clip_vit_b_32_zero_shot,6,horse,6,horse,True,0.9969172477722168
STL-10,test,470,6304,clip_vit_b_32_zero_shot,2,car,2,car,True,0.9783122539520264
STL-10,test,483,6304,clip_vit_b_32_zero_shot,2,car,2,car,True,0.9847303032875061
STL-10,test,484,6304,clip_vit_b_32_zero_shot,0,airplane,0,airplane,True,0.972095787525177
STL-10,test,506,6304,clip_vit_b_32_zero_shot,4,deer,4,deer,True,0.9938493371009827
STL-10,test,545,6304,clip_vit_b_32_zero_shot,6,horse,6,horse,True,0.9170860648155212
STL-10,test,562,6304,clip_vit_b_32_zero_shot,0,airplane,0,airplane,True,0.9602993130683899
STL-10,test,568,6304,clip_vit_b_32_zero_shot,5,dog,5,dog,True,0.9375019669532776
STL-10,test,603,6304,clip_vit_b_32_zero_shot,9,truck,9,truck,True,0.8731207251548767
STL-10,test,632,6304,clip_vit_b_32_zero_shot,3,cat,3,cat,True,0.9900375604629517
STL-10,test,645,6304,clip_vit_b_32_zero_shot,5,dog,5,dog,True,0.8943455219268799
STL-10,test,667,6304,clip_vit_b_32_zero_shot,8,ship,8,ship,True,0.9983232617378235
STL-10,test,672,6304,clip_vit_b_32_zero_shot,3,cat,3,cat,True,0.9285758137702942
STL-10,test,677,6304,clip_vit_b_32_zero_shot,3,cat,3,cat,True,0.983991801738739
STL-10,test,685,6304,clip_vit_b_32_zero_shot,5,dog,5,dog,True,0.9771146178245544
STL-10,test,691,6304,clip_vit_b_32_zero_shot,4,deer,4,deer,True,0.9973183274269104
STL-10,test,706,6304,clip_vit_b_32_zero_shot,8,ship,8,ship,True,0.9987295269966125
STL-10,test,714,6304,clip_vit_b_32_zero_shot,2,car,2,car,True,0.8541398048400879
STL-10,test,716,6304,clip_vit_b_32_zero_shot,8,ship,8,ship,True,0.9833494424819946
STL-10,test,738,6304,clip_vit_b_32_zero_shot,3,cat,3,cat,True,0.9863794445991516
STL-10,test,739,6304,clip_vit_b_32_zero_shot,8,ship,8,ship,True,0.9953058362007141
STL-10,test,766,6304,clip_vit_b_32_zero_shot,4,deer,6,horse,False,0.9173715710639954
STL-10,test,791,6304,clip_vit_b_32_zero_shot,3,cat,3,cat,True,0.988520622253418
STL-10,test,805,6304,clip_vit_b_32_zero_shot,9,truck,9,truck,True,0.9270094037055969
STL-10,test,825,6304,clip_vit_b_32_zero_shot,1,bird,1,bird,True,0.9919034838676453
STL-10,test,852,6304,clip_vit_b_32_zero_shot,9,truck,9,truck,True,0.9980058073997498
STL-10,test,855,6304,clip_vit_b_32_zero_shot,4,deer,4,deer,True,0.8874699473381042
STL-10,test,873,6304,clip_vit_b_32_zero_shot,6,horse,6,horse,True,0.9861180186271667
STL-10,test,890,6304,clip_vit_b_32_zero_shot,6,horse,6,horse,True,0.9974285960197449
STL-10,test,920,6304,clip_vit_b_32_zero_shot,6,horse,6,horse,True,0.9989182949066162
STL-10,test,929,6304,clip_vit_b_32_zero_shot,6,horse,6,horse,True,0.9960904717445374
STL-10,test,962,6304,clip_vit_b_32_zero_shot,8,ship,8,ship,True,0.994773805141449
STL-10,test,964,6304,clip_vit_b_32_zero_shot,6,horse,6,horse,True,0.9915037751197815
STL-10,test,977,6304,clip_vit_b_32_zero_shot,6,horse,6,horse,True,0.9981239438056946
STL-10,test,979,6304,clip_vit_b_32_zero_shot,3,cat,3,cat,True,0.9893246293067932
STL-10,test,981,6304,clip_vit_b_32_zero_shot,2,car,2,car,True,0.9873736500740051
STL-10,test,1022,6304,clip_vit_b_32_zero_shot,9,truck,9,truck,True,0.9050244092941284
STL-10,test,1032,6304,clip_vit_b_32_zero_shot,7,monkey,7,monkey,True,0.9897543787956238
STL-10,test,1048,6304,clip_vit_b_32_zero_shot,7,monkey,7,monkey,True,0.9942723512649536
STL-10,test,1090,6304,clip_vit_b_32_zero_shot,1,bird,1,bird,True,0.9965219497680664
STL-10,test,1095,6304,clip_vit_b_32_zero_shot,5,dog,5,dog,True,0.9743223786354065
STL-10,test,1109,6304,clip_vit_b_32_zero_shot,1,bird,1,bird,True,0.9957387447357178
STL-10,test,1111,6304,clip_vit_b_32_zero_shot,4,deer,4,deer,True,0.9315440058708191
STL-10,test,1115,6304,clip_vit_b_32_zero_shot,1,bird,1,bird,True,0.9915649890899658
STL-10,test,1124,6304,clip_vit_b_32_zero_shot,4,deer,4,deer,True,0.9982591271400452
STL-10,test,1129,6304,clip_vit_b_32_zero_shot,8,ship,8,ship,True,0.993618369102478
STL-10,test,1175,6304,clip_vit_b_32_zero_shot,0,airplane,0,airplane,True,0.9872675538063049
STL-10,test,1202,6304,clip_vit_b_32_zero_shot,2,car,2,car,True,0.9817060828208923
STL-10,test,1204,6304,clip_vit_b_32_zero_shot,3,cat,3,cat,True,0.9203070402145386
STL-10,test,1211,6304,clip_vit_b_32_zero_shot,4,deer,4,deer,True,0.9827086925506592
STL-10,test,1220,6304,clip_vit_b_32_zero_shot,7,monkey,7,monkey,True,0.9860306978225708
STL-10,test,1230,6304,clip_vit_b_32_zero_shot,1,bird,1,bird,True,0.9699310660362244
STL-10,test,1247,6304,clip_vit_b_32_zero_shot,8,ship,8,ship,True,0.9791347980499268
STL-10,test,1263,6304,clip_vit_b_32_zero_shot,3,cat,4,deer,False,0.7762789130210876
STL-10,test,1266,6304,clip_vit_b_32_zero_shot,4,deer,4,deer,True,0.9922236204147339
STL-10,test,1287,6304,clip_vit_b_32_zero_shot,7,monkey,7,monkey,True,0.5435347557067871
STL-10,test,1296,6304,clip_vit_b_32_zero_shot,7,monkey,7,monkey,True,0.9996989965438843
STL-10,test,1370,6304,clip_vit_b_32_zero_shot,3,cat,3,cat,True,0.9763022065162659
STL-10,test,1389,6304,clip_vit_b_32_zero_shot,0,airplane,0,airplane,True,0.9859959483146667
STL-10,test,1401,6304,clip_vit_b_32_zero_shot,3,cat,3,cat,True,0.933259129524231
STL-10,test,1403,6304,clip_vit_b_32_zero_shot,2,car,2,car,True,0.9932150840759277
STL-10,test,1411,6304,clip_vit_b_32_zero_shot,9,truck,9,truck,True,0.9929388761520386
STL-10,test,1429,6304,clip_vit_b_32_zero_shot,4,deer,4,deer,True,0.9397720098495483
STL-10,test,1430,6304,clip_vit_b_32_zero_shot,9,truck,9,truck,True,0.9776389002799988
STL-10,test,1431,6304,clip_vit_b_32_zero_shot,3,cat,3,cat,True,0.9805027842521667
STL-10,test,1436,6304,clip_vit_b_32_zero_shot,1,bird,1,bird,True,0.9989181756973267
STL-10,test,1440,6304,clip_vit_b_32_zero_shot,7,monkey,7,monkey,True,0.9993128776550293
STL-10,test,1468,6304,clip_vit_b_32_zero_shot,9,truck,9,truck,True,0.7145021557807922
STL-10,test,1473,6304,clip_vit_b_32_zero_shot,7,monkey,7,monkey,True,0.9992130994796753
STL-10,test,1515,6304,clip_vit_b_32_zero_shot,9,truck,9,truck,True,0.9957671165466309
STL-10,test,1520,6304,clip_vit_b_32_zero_shot,2,car,2,car,True,0.976836085319519
STL-10,test,1531,6304,clip_vit_b_32_zero_shot,3,cat,3,cat,True,0.453654408454895
STL-10,test,1534,6304,clip_vit_b_32_zero_shot,6,horse,6,horse,True,0.9301369786262512
STL-10,test,1552,6304,clip_vit_b_32_zero_shot,5,dog,5,dog,True,0.8898576498031616
STL-10,test,1553,6304,clip_vit_b_32_zero_shot,0,airplane,0,airplane,True,0.9659237265586853
STL-10,test,1563,6304,clip_vit_b_32_zero_shot,3,cat,7,monkey,False,0.7499264478683472
STL-10,test,1568,6304,clip_vit_b_32_zero_shot,1,bird,1,bird,True,0.9958667755126953
STL-10,test,1579,6304,clip_vit_b_32_zero_shot,7,monkey,7,monkey,True,0.9988137483596802
STL-10,test,1586,6304,clip_vit_b_32_zero_shot,2,car,2,car,True,0.989141583442688
STL-10,test,1596,6304,clip_vit_b_32_zero_shot,0,airplane,0,airplane,True,0.9665331840515137
STL-10,test,1626,6304,clip_vit_b_32_zero_shot,5,dog,5,dog,True,0.9891868233680725
STL-10,test,1640,6304,clip_vit_b_32_zero_shot,8,ship,8,ship,True,0.9990577101707458
STL-10,test,1644,6304,clip_vit_b_32_zero_shot,5,dog,5,dog,True,0.9891011118888855
STL-10,test,1648,6304,clip_vit_b_32_zero_shot,0,airplane,0,airplane,True,0.9865769147872925
STL-10,test,1654,6304,clip_vit_b_32_zero_shot,9,truck,9,truck,True,0.9922147393226624
STL-10,test,1667,6304,clip_vit_b_32_zero_shot,6,horse,6,horse,True,0.9573532938957214
STL-10,test,1703,6304,clip_vit_b_32_zero_shot,7,monkey,7,monkey,True,0.8778451085090637
STL-10,test,1711,6304,clip_vit_b_32_zero_shot,7,monkey,7,monkey,True,0.9988617897033691
STL-10,test,1771,6304,clip_vit_b_32_zero_shot,7,monkey,7,monkey,True,0.9940915703773499
STL-10,test,1783,6304,clip_vit_b_32_zero_shot,8,ship,8,ship,True,0.9975650310516357
STL-10,test,1814,6304,clip_vit_b_32_zero_shot,2,car,2,car,True,0.9807888865470886
STL-10,test,1833,6304,clip_vit_b_32_zero_shot,8,ship,8,ship,True,0.9897670149803162
STL-10,test,1836,6304,clip_vit_b_32_zero_shot,9,truck,9,truck,True,0.9878122210502625
STL-10,test,1839,6304,clip_vit_b_32_zero_shot,2,car,2,car,True,0.9801376461982727
STL-10,test,1852,6304,clip_vit_b_32_zero_shot,1,bird,1,bird,True,0.9994502663612366
STL-10,test,1871,6304,clip_vit_b_32_zero_shot,1,bird,1,bird,True,0.928119957447052
STL-10,test,1877,6304,clip_vit_b_32_zero_shot,5,dog,5,dog,True,0.9472072124481201
STL-10,test,1884,6304,clip_vit_b_32_zero_shot,7,monkey,7,monkey,True,0.9856947064399719
STL-10,test,1927,6304,clip_vit_b_32_zero_shot,7,monkey,7,monkey,True,0.9984392523765564
STL-10,test,1954,6304,clip_vit_b_32_zero_shot,8,ship,8,ship,True,0.9905129671096802
STL-10,test,1956,6304,clip_vit_b_32_zero_shot,7,monkey,7,monkey,True,0.9823514223098755
STL-10,test,1960,6304,clip_vit_b_32_zero_shot,4,deer,4,deer,True,0.9253517389297485
STL-10,test,1977,6304,clip_vit_b_32_zero_shot,0,airplane,0,airplane,True,0.7002996206283569
STL-10,test,1986,6304,clip_vit_b_32_zero_shot,1,bird,1,bird,True,0.9600452184677124
STL-10,test,1993,6304,clip_vit_b_32_zero_shot,1,bird,1,bird,True,0.9990170001983643
STL-10,test,2003,6304,clip_vit_b_32_zero_shot,6,horse,6,horse,True,0.9941534399986267
STL-10,test,2011,6304,clip_vit_b_32_zero_shot,9,truck,9,truck,True,0.9839923977851868
STL-10,test,2024,6304,clip_vit_b_32_zero_shot,0,airplane,0,airplane,True,0.9540642499923706
STL-10,test,2028,6304,clip_vit_b_32_zero_shot,3,cat,3,cat,True,0.8904088735580444
STL-10,test,2062,6304,clip_vit_b_32_zero_shot,9,truck,9,truck,True,0.9963078498840332
STL-10,test,2070,6304,clip_vit_b_32_zero_shot,1,bird,1,bird,True,0.9978911280632019
STL-10,test,2082,6304,clip_vit_b_32_zero_shot,2,car,2,car,True,0.884947657585144
STL-10,test,2095,6304,clip_vit_b_32_zero_shot,1,bird,1,bird,True,0.9838621020317078
STL-10,test,2109,6304,clip_vit_b_32_zero_shot,8,ship,8,ship,True,0.9992507100105286
STL-10,test,2114,6304,clip_vit_b_32_zero_shot,9,truck,9,truck,True,0.7473212480545044
STL-10,test,2116,6304,clip_vit_b_32_zero_shot,1,bird,1,bird,True,0.9648815989494324
STL-10,test,2157,6304,clip_vit_b_32_zero_shot,1,bird,1,bird,True,0.9984686970710754
STL-10,test,2167,6304,clip_vit_b_32_zero_shot,9,truck,9,truck,True,0.9921660423278809
STL-10,test,2178,6304,clip_vit_b_32_zero_shot,1,bird,1,bird,True,0.992874264717102
STL-10,test,2191,6304,clip_vit_b_32_zero_shot,8,ship,8,ship,True,0.9983223080635071
STL-10,test,2230,6304,clip_vit_b_32_zero_shot,8,ship,8,ship,True,0.9954907298088074
STL-10,test,2242,6304,clip_vit_b_32_zero_shot,0,airplane,0,airplane,True,0.9467358589172363
STL-10,test,2265,6304,clip_vit_b_32_zero_shot,5,dog,5,dog,True,0.9764556884765625
STL-10,test,2268,6304,clip_vit_b_32_zero_shot,5,dog,5,dog,True,0.9942842125892639
STL-10,test,2291,6304,clip_vit_b_32_zero_shot,3,cat,3,cat,True,0.9204459190368652
STL-10,test,2334,6304,clip_vit_b_32_zero_shot,5,dog,5,dog,True,0.980513870716095
STL-10,test,2340,6304,clip_vit_b_32_zero_shot,8,ship,8,ship,True,0.995487630367279
STL-10,test,2342,6304,clip_vit_b_32_zero_shot,8,ship,8,ship,True,0.997768759727478
STL-10,test,2351,6304,clip_vit_b_32_zero_shot,9,truck,9,truck,True,0.9974036812782288
STL-10,test,2391,6304,clip_vit_b_32_zero_shot,5,dog,5,dog,True,0.9882041215896606
STL-10,test,2392,6304,clip_vit_b_32_zero_shot,2,car,2,car,True,0.9273913502693176
STL-10,test,2399,6304,clip_vit_b_32_zero_shot,4,deer,4,deer,True,0.8687821626663208
STL-10,test,2414,6304,clip_vit_b_32_zero_shot,9,truck,9,truck,True,0.9624283313751221
STL-10,test,2427,6304,clip_vit_b_32_zero_shot,5,dog,5,dog,True,0.9836416244506836
STL-10,test,2458,6304,clip_vit_b_32_zero_shot,5,dog,5,dog,True,0.9649685025215149
STL-10,test,2501,6304,clip_vit_b_32_zero_shot,7,monkey,7,monkey,True,0.995073139667511
STL-10,test,2502,6304,clip_vit_b_32_zero_shot,2,car,2,car,True,0.9609833359718323
STL-10,test,2536,6304,clip_vit_b_32_zero_shot,3,cat,3,cat,True,0.9419788718223572
STL-10,test,2539,6304,clip_vit_b_32_zero_shot,3,cat,3,cat,True,0.9401400089263916
STL-10,test,2610,6304,clip_vit_b_32_zero_shot,6,horse,6,horse,True,0.9862848520278931
STL-10,test,2623,6304,clip_vit_b_32_zero_shot,5,dog,5,dog,True,0.9505689144134521
STL-10,test,2655,6304,clip_vit_b_32_zero_shot,9,truck,9,truck,True,0.9569999575614929
STL-10,test,2668,6304,clip_vit_b_32_zero_shot,7,monkey,7,monkey,True,0.9632740020751953
STL-10,test,2676,6304,clip_vit_b_32_zero_shot,6,horse,6,horse,True,0.992712676525116
STL-10,test,2687,6304,clip_vit_b_32_zero_shot,1,bird,1,bird,True,0.9993752837181091
STL-10,test,2690,6304,clip_vit_b_32_zero_shot,1,bird,1,bird,True,0.9994359612464905
STL-10,test,2704,6304,clip_vit_b_32_zero_shot,4,deer,4,deer,True,0.9986560344696045
STL-10,test,2745,6304,clip_vit_b_32_zero_shot,8,ship,8,ship,True,0.9967599511146545
STL-10,test,2746,6304,clip_vit_b_32_zero_shot,7,monkey,7,monkey,True,0.9974797368049622
STL-10,test,2750,6304,clip_vit_b_32_zero_shot,0,airplane,0,airplane,True,0.8451749086380005
STL-10,test,2754,6304,clip_vit_b_32_zero_shot,3,cat,3,cat,True,0.9886593818664551
STL-10,test,2757,6304,clip_vit_b_32_zero_shot,4,deer,4,deer,True,0.9728860855102539
STL-10,test,2766,6304,clip_vit_b_32_zero_shot,5,dog,5,dog,True,0.9877996444702148
STL-10,test,2807,6304,clip_vit_b_32_zero_shot,5,dog,5,dog,True,0.5104951858520508
STL-10,test,2844,6304,clip_vit_b_32_zero_shot,8,ship,8,ship,True,0.996250569820404
STL-10,test,2854,6304,clip_vit_b_32_zero_shot,7,monkey,7,monkey,True,0.9956236481666565
STL-10,test,2861,6304,clip_vit_b_32_zero_shot,3,cat,3,cat,True,0.9916799664497375
STL-10,test,2888,6304,clip_vit_b_32_zero_shot,0,airplane,0,airplane,True,0.9761765003204346
STL-10,test,2898,6304,clip_vit_b_32_zero_shot,4,deer,4,deer,True,0.9930019974708557
STL-10,test,2950,6304,clip_vit_b_32_zero_shot,5,dog,5,dog,True,0.9702972769737244
STL-10,test,2958,6304,clip_vit_b_32_zero_shot,6,horse,6,horse,True,0.9952564835548401
STL-10,test,3015,6304,clip_vit_b_32_zero_shot,8,ship,8,ship,True,0.9948328733444214
STL-10,test,3024,6304,clip_vit_b_32_zero_shot,2,car,2,car,True,0.9705035090446472
STL-10,test,3025,6304,clip_vit_b_32_zero_shot,0,airplane,0,airplane,True,0.6840278506278992
STL-10,test,3034,6304,clip_vit_b_32_zero_shot,4,deer,4,deer,True,0.9877086877822876
STL-10,test,3067,6304,clip_vit_b_32_zero_shot,2,car,2,car,True,0.8910110592842102
STL-10,test,3078,6304,clip_vit_b_32_zero_shot,4,deer,4,deer,True,0.9959288239479065
STL-10,test,3079,6304,clip_vit_b_32_zero_shot,1,bird,1,bird,True,0.9991069436073303
STL-10,test,3083,6304,clip_vit_b_32_zero_shot,0,airplane,0,airplane,True,0.9780544638633728
STL-10,test,3122,6304,clip_vit_b_32_zero_shot,4,deer,4,deer,True,0.9665858149528503
STL-10,test,3153,6304,clip_vit_b_32_zero_shot,7,monkey,7,monkey,True,0.9501025080680847
STL-10,test,3157,6304,clip_vit_b_32_zero_shot,8,ship,8,ship,True,0.9960489869117737
STL-10,test,3163,6304,clip_vit_b_32_zero_shot,2,car,2,car,True,0.9915423393249512
STL-10,test,3179,6304,clip_vit_b_32_zero_shot,4,deer,4,deer,True,0.9916187524795532
STL-10,test,3191,6304,clip_vit_b_32_zero_shot,6,horse,6,horse,True,0.8737252354621887
STL-10,test,3276,6304,clip_vit_b_32_zero_shot,3,cat,7,monkey,False,0.6474598050117493
STL-10,test,3287,6304,clip_vit_b_32_zero_shot,4,deer,4,deer,True,0.993826687335968
STL-10,test,3288,6304,clip_vit_b_32_zero_shot,7,monkey,7,monkey,True,0.9989774227142334
STL-10,test,3292,6304,clip_vit_b_32_zero_shot,6,horse,6,horse,True,0.9953197836875916
STL-10,test,3318,6304,clip_vit_b_32_zero_shot,9,truck,9,truck,True,0.9224475622177124
STL-10,test,3347,6304,clip_vit_b_32_zero_shot,0,airplane,0,airplane,True,0.9828560948371887
STL-10,test,3353,6304,clip_vit_b_32_zero_shot,5,dog,5,dog,True,0.5322410464286804
STL-10,test,3362,6304,clip_vit_b_32_zero_shot,2,car,2,car,True,0.9820601940155029
STL-10,test,3365,6304,clip_vit_b_32_zero_shot,4,deer,4,deer,True,0.9570136070251465
STL-10,test,3375,6304,clip_vit_b_32_zero_shot,3,cat,3,cat,True,0.9456171989440918
STL-10,test,3383,6304,clip_vit_b_32_zero_shot,3,cat,3,cat,True,0.9341363310813904
STL-10,test,3404,6304,clip_vit_b_32_zero_shot,7,monkey,7,monkey,True,0.9953342080116272
STL-10,test,3412,6304,clip_vit_b_32_zero_shot,8,ship,8,ship,True,0.9967356324195862
STL-10,test,3413,6304,clip_vit_b_32_zero_shot,1,bird,1,bird,True,0.9996125102043152
STL-10,test,3418,6304,clip_vit_b_32_zero_shot,6,horse,6,horse,True,0.9990094900131226
STL-10,test,3437,6304,clip_vit_b_32_zero_shot,0,airplane,0,airplane,True,0.5503162741661072
STL-10,test,3446,6304,clip_vit_b_32_zero_shot,7,monkey,7,monkey,True,0.9998155236244202
STL-10,test,3454,6304,clip_vit_b_32_zero_shot,2,car,2,car,True,0.945112943649292
STL-10,test,3455,6304,clip_vit_b_32_zero_shot,0,airplane,0,airplane,True,0.8920187950134277
STL-10,test,3458,6304,clip_vit_b_32_zero_shot,4,deer,4,deer,True,0.9900043606758118
STL-10,test,3467,6304,clip_vit_b_32_zero_shot,7,monkey,7,monkey,True,0.7971408367156982
STL-10,test,3491,6304,clip_vit_b_32_zero_shot,1,bird,1,bird,True,0.997572124004364
STL-10,test,3494,6304,clip_vit_b_32_zero_shot,6,horse,6,horse,True,0.9980955719947815
STL-10,test,3512,6304,clip_vit_b_32_zero_shot,4,deer,4,deer,True,0.9979902505874634
STL-10,test,3515,6304,clip_vit_b_32_zero_shot,6,horse,6,horse,True,0.9980589747428894
STL-10,test,3542,6304,clip_vit_b_32_zero_shot,7,monkey,7,monkey,True,0.9982977509498596
STL-10,test,3550,6304,clip_vit_b_32_zero_shot,1,bird,1,bird,True,0.9964532852172852
STL-10,test,3562,6304,clip_vit_b_32_zero_shot,3,cat,4,deer,False,0.5868236422538757
STL-10,test,3755,6304,clip_vit_b_32_zero_shot,2,car,2,car,True,0.9894987344741821
STL-10,test,3763,6304,clip_vit_b_32_zero_shot,4,deer,4,deer,True,0.9747321009635925
STL-10,test,3777,6304,clip_vit_b_32_zero_shot,6,horse,6,horse,True,0.9985496401786804
STL-10,test,3778,6304,clip_vit_b_32_zero_shot,3,cat,3,cat,True,0.9554786086082458
STL-10,test,3779,6304,clip_vit_b_32_zero_shot,6,horse,6,horse,True,0.9986639022827148
STL-10,test,3844,6304,clip_vit_b_32_zero_shot,6,horse,6,horse,True,0.9974721074104309
STL-10,test,3851,6304,clip_vit_b_32_zero_shot,3,cat,3,cat,True,0.9837228655815125
STL-10,test,3852,6304,clip_vit_b_32_zero_shot,5,dog,5,dog,True,0.967995822429657
STL-10,test,3863,6304,clip_vit_b_32_zero_shot,5,dog,5,dog,True,0.976652979850769
STL-10,test,3867,6304,clip_vit_b_32_zero_shot,7,monkey,7,monkey,True,0.9989616870880127
STL-10,test,3876,6304,clip_vit_b_32_zero_shot,0,airplane,0,airplane,True,0.8177552819252014
STL-10,test,3889,6304,clip_vit_b_32_zero_shot,5,dog,5,dog,True,0.9699054956436157
STL-10,test,3891,6304,clip_vit_b_32_zero_shot,4,deer,4,deer,True,0.9976008534431458
STL-10,test,3893,6304,clip_vit_b_32_zero_shot,9,truck,9,truck,True,0.7947885990142822
STL-10,test,3905,6304,clip_vit_b_32_zero_shot,8,ship,8,ship,True,0.9939418435096741
STL-10,test,3914,6304,clip_vit_b_32_zero_shot,3,cat,3,cat,True,0.9911835193634033
STL-10,test,3937,6304,clip_vit_b_32_zero_shot,1,bird,1,bird,True,0.9992445707321167
STL-10,test,3942,6304,clip_vit_b_32_zero_shot,9,truck,9,truck,True,0.9478724002838135
STL-10,test,3948,6304,clip_vit_b_32_zero_shot,8,ship,8,ship,True,0.9964390397071838
STL-10,test,3962,6304,clip_vit_b_32_zero_shot,6,horse,6,horse,True,0.9965832829475403
STL-10,test,3965,6304,clip_vit_b_32_zero_shot,0,airplane,0,airplane,True,0.981222927570343
STL-10,test,3994,6304,clip_vit_b_32_zero_shot,4,deer,4,deer,True,0.9981012940406799
STL-10,test,3996,6304,clip_vit_b_32_zero_shot,9,truck,9,truck,True,0.9967492818832397
STL-10,test,4011,6304,clip_vit_b_32_zero_shot,6,horse,6,horse,True,0.9941533207893372
STL-10,test,4023,6304,clip_vit_b_32_zero_shot,3,cat,3,cat,True,0.483111172914505
STL-10,test,4054,6304,clip_vit_b_32_zero_shot,4,deer,4,deer,True,0.9654297232627869
STL-10,test,4065,6304,clip_vit_b_32_zero_shot,2,car,2,car,True,0.8836166858673096
STL-10,test,4069,6304,clip_vit_b_32_zero_shot,8,ship,8,ship,True,0.9374407529830933
STL-10,test,4093,6304,clip_vit_b_32_zero_shot,6,horse,6,horse,True,0.9955788254737854
STL-10,test,4094,6304,clip_vit_b_32_zero_shot,9,truck,9,truck,True,0.9928627610206604
STL-10,test,4106,6304,clip_vit_b_32_zero_shot,5,dog,5,dog,True,0.9753036499023438
STL-10,test,4130,6304,clip_vit_b_32_zero_shot,0,airplane,0,airplane,True,0.9573004841804504
STL-10,test,4168,6304,clip_vit_b_32_zero_shot,3,cat,3,cat,True,0.985944390296936
STL-10,test,4170,6304,clip_vit_b_32_zero_shot,8,ship,8,ship,True,0.9960196614265442
STL-10,test,4172,6304,clip_vit_b_32_zero_shot,7,monkey,7,monkey,True,0.9618554711341858
STL-10,test,4177,6304,clip_vit_b_32_zero_shot,8,ship,8,ship,True,0.992675244808197
STL-10,test,4215,6304,clip_vit_b_32_zero_shot,3,cat,3,cat,True,0.9855871200561523
STL-10,test,4229,6304,clip_vit_b_32_zero_shot,3,cat,3,cat,True,0.9834243655204773
STL-10,test,4236,6304,clip_vit_b_32_zero_shot,7,monkey,7,monkey,True,0.9990843534469604
STL-10,test,4242,6304,clip_vit_b_32_zero_shot,8,ship,8,ship,True,0.9916695356369019
STL-10,test,4254,6304,clip_vit_b_32_zero_shot,6,horse,6,horse,True,0.9990050196647644
STL-10,test,4290,6304,clip_vit_b_32_zero_shot,5,dog,4,deer,False,0.5074508786201477
STL-10,test,4298,6304,clip_vit_b_32_zero_shot,1,bird,1,bird,True,0.9995699524879456
STL-10,test,4308,6304,clip_vit_b_32_zero_shot,7,monkey,7,monkey,True,0.9885459542274475
STL-10,test,4311,6304,clip_vit_b_32_zero_shot,8,ship,8,ship,True,0.9989601373672485
STL-10,test,4323,6304,clip_vit_b_32_zero_shot,3,cat,3,cat,True,0.9774947762489319
STL-10,test,4330,6304,clip_vit_b_32_zero_shot,3,cat,5,dog,False,0.5748165845870972
STL-10,test,4341,6304,clip_vit_b_32_zero_shot,6,horse,6,horse,True,0.9975578784942627
STL-10,test,4355,6304,clip_vit_b_32_zero_shot,8,ship,8,ship,True,0.9963382482528687
STL-10,test,4399,6304,clip_vit_b_32_zero_shot,0,airplane,0,airplane,True,0.9071659445762634
STL-10,test,4403,6304,clip_vit_b_32_zero_shot,7,monkey,7,monkey,True,0.9995880722999573
STL-10,test,4411,6304,clip_vit_b_32_zero_shot,6,horse,6,horse,True,0.954471230506897
STL-10,test,4449,6304,clip_vit_b_32_zero_shot,9,truck,9,truck,True,0.9529638290405273
STL-10,test,4463,6304,clip_vit_b_32_zero_shot,3,cat,3,cat,True,0.9912607073783875
STL-10,test,4531,6304,clip_vit_b_32_zero_shot,3,cat,3,cat,True,0.9463463425636292
STL-10,test,4539,6304,clip_vit_b_32_zero_shot,0,airplane,0,airplane,True,0.9884549379348755
STL-10,test,4547,6304,clip_vit_b_32_zero_shot,5,dog,5,dog,True,0.9863539338111877
STL-10,test,4552,6304,clip_vit_b_32_zero_shot,8,ship,8,ship,True,0.9832032918930054
STL-10,test,4570,6304,clip_vit_b_32_zero_shot,5,dog,5,dog,True,0.9835288524627686
STL-10,test,4590,6304,clip_vit_b_32_zero_shot,3,cat,3,cat,True,0.9860904216766357
STL-10,test,4609,6304,clip_vit_b_32_zero_shot,3,cat,3,cat,True,0.3780834674835205
STL-10,test,4615,6304,clip_vit_b_32_zero_shot,0,airplane,0,airplane,True,0.9619068503379822
STL-10,test,4617,6304,clip_vit_b_32_zero_shot,0,airplane,0,airplane,True,0.9200260639190674
STL-10,test,4620,6304,clip_vit_b_32_zero_shot,6,horse,6,horse,True,0.9979104399681091
STL-10,test,4629,6304,clip_vit_b_32_zero_shot,4,deer,4,deer,True,0.996732234954834
STL-10,test,4640,6304,clip_vit_b_32_zero_shot,1,bird,1,bird,True,0.9748815298080444
STL-10,test,4642,6304,clip_vit_b_32_zero_shot,4,deer,4,deer,True,0.9953664541244507
STL-10,test,4661,6304,clip_vit_b_32_zero_shot,7,monkey,7,monkey,True,0.9938720464706421
STL-10,test,4662,6304,clip_vit_b_32_zero_shot,8,ship,8,ship,True,0.9961158037185669
STL-10,test,4675,6304,clip_vit_b_32_zero_shot,0,airplane,0,airplane,True,0.9882612824440002
STL-10,test,4676,6304,clip_vit_b_32_zero_shot,8,ship,8,ship,True,0.998078465461731
STL-10,test,4704,6304,clip_vit_b_32_zero_shot,7,monkey,7,monkey,True,0.994314968585968
STL-10,test,4723,6304,clip_vit_b_32_zero_shot,9,truck,9,truck,True,0.8198494911193848
STL-10,test,4731,6304,clip_vit_b_32_zero_shot,6,horse,6,horse,True,0.9987661838531494
STL-10,test,4735,6304,clip_vit_b_32_zero_shot,2,car,2,car,True,0.9748730659484863
STL-10,test,4740,6304,clip_vit_b_32_zero_shot,4,deer,4,deer,True,0.9762609601020813
STL-10,test,4746,6304,clip_vit_b_32_zero_shot,6,horse,6,horse,True,0.9988241791725159
STL-10,test,4748,6304,clip_vit_b_32_zero_shot,7,monkey,7,monkey,True,0.9987319111824036
STL-10,test,4754,6304,clip_vit_b_32_zero_shot,6,horse,6,horse,True,0.9984660148620605
STL-10,test,4785,6304,clip_vit_b_32_zero_shot,0,airplane,0,airplane,True,0.9442352652549744
STL-10,test,4791,6304,clip_vit_b_32_zero_shot,7,monkey,7,monkey,True,0.9996486902236938
STL-10,test,4819,6304,clip_vit_b_32_zero_shot,0,airplane,0,airplane,True,0.9628604650497437
STL-10,test,4821,6304,clip_vit_b_32_zero_shot,3,cat,3,cat,True,0.9750657677650452
STL-10,test,4827,6304,clip_vit_b_32_zero_shot,6,horse,6,horse,True,0.9715659022331238
STL-10,test,4850,6304,clip_vit_b_32_zero_shot,5,dog,5,dog,True,0.9452053904533386
STL-10,test,4881,6304,clip_vit_b_32_zero_shot,3,cat,3,cat,True,0.6580562591552734
STL-10,test,4893,6304,clip_vit_b_32_zero_shot,0,airplane,0,airplane,True,0.9678499102592468
STL-10,test,4908,6304,clip_vit_b_32_zero_shot,3,cat,3,cat,True,0.9840716123580933
STL-10,test,4913,6304,clip_vit_b_32_zero_shot,2,car,2,car,True,0.8979746699333191
STL-10,test,4921,6304,clip_vit_b_32_zero_shot,2,car,2,car,True,0.9756331443786621
STL-10,test,4953,6304,clip_vit_b_32_zero_shot,5,dog,5,dog,True,0.965330958366394
STL-10,test,4966,6304,clip_vit_b_32_zero_shot,5,dog,5,dog,True,0.9531371593475342
STL-10,test,4990,6304,clip_vit_b_32_zero_shot,8,ship,8,ship,True,0.9819471836090088
STL-10,test,5000,6304,clip_vit_b_32_zero_shot,8,ship,8,ship,True,0.9968168139457703
STL-10,test,5030,6304,clip_vit_b_32_zero_shot,2,car,2,car,True,0.9718053340911865
STL-10,test,5062,6304,clip_vit_b_32_zero_shot,4,deer,4,deer,True,0.997591495513916
STL-10,test,5077,6304,clip_vit_b_32_zero_shot,4,deer,4,deer,True,0.9416045546531677
STL-10,test,5082,6304,clip_vit_b_32_zero_shot,6,horse,6,horse,True,0.9976791739463806
STL-10,test,5092,6304,clip_vit_b_32_zero_shot,1,bird,1,bird,True,0.9995920062065125
STL-10,test,5101,6304,clip_vit_b_32_zero_shot,5,dog,5,dog,True,0.9661496877670288
STL-10,test,5117,6304,clip_vit_b_32_zero_shot,0,airplane,0,airplane,True,0.874664843082428
STL-10,test,5123,6304,clip_vit_b_32_zero_shot,1,bird,1,bird,True,0.9956484436988831
STL-10,test,5135,6304,clip_vit_b_32_zero_shot,4,deer,4,deer,True,0.9965835809707642
STL-10,test,5183,6304,clip_vit_b_32_zero_shot,2,car,2,car,True,0.981279730796814
STL-10,test,5213,6304,clip_vit_b_32_zero_shot,4,deer,4,deer,True,0.9710763692855835
STL-10,test,5218,6304,clip_vit_b_32_zero_shot,2,car,2,car,True,0.9507918357849121
STL-10,test,5220,6304,clip_vit_b_32_zero_shot,1,bird,5,dog,False,0.6240278482437134
STL-10,test,5237,6304,clip_vit_b_32_zero_shot,2,car,2,car,True,0.7855607867240906
STL-10,test,5256,6304,clip_vit_b_32_zero_shot,1,bird,1,bird,True,0.9977201819419861
STL-10,test,5284,6304,clip_vit_b_32_zero_shot,9,truck,9,truck,True,0.9882714152336121
STL-10,test,5301,6304,clip_vit_b_32_zero_shot,9,truck,9,truck,True,0.9902359843254089
STL-10,test,5318,6304,clip_vit_b_32_zero_shot,2,car,2,car,True,0.8247920870780945
STL-10,test,5332,6304,clip_vit_b_32_zero_shot,5,dog,5,dog,True,0.9244958162307739
STL-10,test,5333,6304,clip_vit_b_32_zero_shot,2,car,2,car,True,0.9900475740432739
STL-10,test,5360,6304,clip_vit_b_32_zero_shot,9,truck,9,truck,True,0.9477102756500244
STL-10,test,5381,6304,clip_vit_b_32_zero_shot,5,dog,5,dog,True,0.9619602560997009
STL-10,test,5382,6304,clip_vit_b_32_zero_shot,6,horse,6,horse,True,0.9901517033576965
STL-10,test,5395,6304,clip_vit_b_32_zero_shot,2,car,2,car,True,0.991305410861969
STL-10,test,5402,6304,clip_vit_b_32_zero_shot,4,deer,4,deer,True,0.9515544176101685
STL-10,test,5408,6304,clip_vit_b_32_zero_shot,6,horse,6,horse,True,0.9979853630065918
STL-10,test,5436,6304,clip_vit_b_32_zero_shot,7,monkey,7,monkey,True,0.9993559718132019
STL-10,test,5447,6304,clip_vit_b_32_zero_shot,9,truck,9,truck,True,0.9587594270706177
STL-10,test,5450,6304,clip_vit_b_32_zero_shot,7,monkey,7,monkey,True,0.9932636022567749
STL-10,test,5451,6304,clip_vit_b_32_zero_shot,8,ship,8,ship,True,0.9986661672592163
STL-10,test,5452,6304,clip_vit_b_32_zero_shot,9,truck,9,truck,True,0.9886181354522705
STL-10,test,5467,6304,clip_vit_b_32_zero_shot,4,deer,4,deer,True,0.992548406124115
STL-10,test,5478,6304,clip_vit_b_32_zero_shot,0,airplane,0,airplane,True,0.9511762857437134
STL-10,test,5488,6304,clip_vit_b_32_zero_shot,1,bird,1,bird,True,0.931233286857605
STL-10,test,5496,6304,clip_vit_b_32_zero_shot,5,dog,5,dog,True,0.9866761565208435
STL-10,test,5508,6304,clip_vit_b_32_zero_shot,9,truck,9,truck,True,0.98689866065979
STL-10,test,5512,6304,clip_vit_b_32_zero_shot,2,car,9,truck,False,0.8229557871818542
STL-10,test,5525,6304,clip_vit_b_32_zero_shot,8,ship,8,ship,True,0.9965119957923889
STL-10,test,5528,6304,clip_vit_b_32_zero_shot,3,cat,3,cat,True,0.9797684550285339
STL-10,test,5556,6304,clip_vit_b_32_zero_shot,4,deer,4,deer,True,0.8346630334854126
STL-10,test,5560,6304,clip_vit_b_32_zero_shot,1,bird,1,bird,True,0.9957167506217957
STL-10,test,5572,6304,clip_vit_b_32_zero_shot,9,truck,9,truck,True,0.9675502181053162
STL-10,test,5580,6304,clip_vit_b_32_zero_shot,6,horse,6,horse,True,0.9977643489837646
STL-10,test,5590,6304,clip_vit_b_32_zero_shot,9,truck,9,truck,True,0.9672736525535583
STL-10,test,5623,6304,clip_vit_b_32_zero_shot,4,deer,4,deer,True,0.9936314225196838
STL-10,test,5677,6304,clip_vit_b_32_zero_shot,2,car,2,car,True,0.960506796836853
STL-10,test,5694,6304,clip_vit_b_32_zero_shot,8,ship,8,ship,True,0.9930821061134338
STL-10,test,5701,6304,clip_vit_b_32_zero_shot,5,dog,5,dog,True,0.9841368198394775
STL-10,test,5705,6304,clip_vit_b_32_zero_shot,8,ship,8,ship,True,0.9983875751495361
STL-10,test,5719,6304,clip_vit_b_32_zero_shot,7,monkey,7,monkey,True,0.9862986207008362
STL-10,test,5729,6304,clip_vit_b_32_zero_shot,6,horse,6,horse,True,0.9975123405456543
STL-10,test,5756,6304,clip_vit_b_32_zero_shot,2,car,2,car,True,0.9784914255142212
STL-10,test,5788,6304,clip_vit_b_32_zero_shot,9,truck,9,truck,True,0.7997310757637024
STL-10,test,5789,6304,clip_vit_b_32_zero_shot,4,deer,4,deer,True,0.9709165096282959
STL-10,test,5824,6304,clip_vit_b_32_zero_shot,2,car,2,car,True,0.9528992176055908
STL-10,test,5848,6304,clip_vit_b_32_zero_shot,7,monkey,7,monkey,True,0.9969168901443481
STL-10,test,5851,6304,clip_vit_b_32_zero_shot,9,truck,9,truck,True,0.9959915280342102
STL-10,test,5857,6304,clip_vit_b_32_zero_shot,6,horse,6,horse,True,0.9676685929298401
STL-10,test,5858,6304,clip_vit_b_32_zero_shot,6,horse,6,horse,True,0.9950125813484192
STL-10,test,5912,6304,clip_vit_b_32_zero_shot,0,airplane,0,airplane,True,0.960720419883728
STL-10,test,5915,6304,clip_vit_b_32_zero_shot,9,truck,9,truck,True,0.9136493802070618
STL-10,test,5918,6304,clip_vit_b_32_zero_shot,0,airplane,0,airplane,True,0.953052818775177
STL-10,test,5924,6304,clip_vit_b_32_zero_shot,5,dog,5,dog,True,0.5986300110816956
STL-10,test,5977,6304,clip_vit_b_32_zero_shot,7,monkey,7,monkey,True,0.988085150718689
STL-10,test,5981,6304,clip_vit_b_32_zero_shot,9,truck,9,truck,True,0.9584078192710876
STL-10,test,5999,6304,clip_vit_b_32_zero_shot,0,airplane,0,airplane,True,0.9896230697631836
STL-10,test,6028,6304,clip_vit_b_32_zero_shot,2,car,2,car,True,0.9787636995315552
STL-10,test,6033,6304,clip_vit_b_32_zero_shot,4,deer,4,deer,True,0.9915797710418701
STL-10,test,6076,6304,clip_vit_b_32_zero_shot,1,bird,1,bird,True,0.9995842576026917
STL-10,test,6084,6304,clip_vit_b_32_zero_shot,7,monkey,7,monkey,True,0.9979257583618164
STL-10,test,6097,6304,clip_vit_b_32_zero_shot,4,deer,4,deer,True,0.8189560770988464
STL-10,test,6169,6304,clip_vit_b_32_zero_shot,1,bird,1,bird,True,0.9439284205436707
STL-10,test,6190,6304,clip_vit_b_32_zero_shot,7,monkey,7,monkey,True,0.9990760087966919
STL-10,test,6224,6304,clip_vit_b_32_zero_shot,5,dog,5,dog,True,0.9622025489807129
STL-10,test,6244,6304,clip_vit_b_32_zero_shot,2,car,2,car,True,0.9530362486839294
STL-10,test,6264,6304,clip_vit_b_32_zero_shot,2,car,2,car,True,0.987235963344574
STL-10,test,6271,6304,clip_vit_b_32_zero_shot,2,car,2,car,True,0.9757518768310547
STL-10,test,6288,6304,clip_vit_b_32_zero_shot,4,deer,4,deer,True,0.9960689544677734
STL-10,test,6332,6304,clip_vit_b_32_zero_shot,2,car,2,car,True,0.9608939290046692
STL-10,test,6349,6304,clip_vit_b_32_zero_shot,1,bird,1,bird,True,0.997314989566803
STL-10,test,6354,6304,clip_vit_b_32_zero_shot,2,car,2,car,True,0.9890919923782349
STL-10,test,6358,6304,clip_vit_b_32_zero_shot,5,dog,5,dog,True,0.9708022475242615
STL-10,test,6381,6304,clip_vit_b_32_zero_shot,6,horse,6,horse,True,0.9948069453239441
STL-10,test,6414,6304,clip_vit_b_32_zero_shot,5,dog,5,dog,True,0.9194401502609253
STL-10,test,6426,6304,clip_vit_b_32_zero_shot,2,car,2,car,True,0.9787559509277344
STL-10,test,6434,6304,clip_vit_b_32_zero_shot,8,ship,8,ship,True,0.9993273019790649
STL-10,test,6437,6304,clip_vit_b_32_zero_shot,0,airplane,0,airplane,True,0.9858624339103699
STL-10,test,6455,6304,clip_vit_b_32_zero_shot,0,airplane,0,airplane,True,0.919780433177948
STL-10,test,6490,6304,clip_vit_b_32_zero_shot,3,cat,3,cat,True,0.8201597929000854
STL-10,test,6503,6304,clip_vit_b_32_zero_shot,2,car,2,car,True,0.9619002342224121
STL-10,test,6508,6304,clip_vit_b_32_zero_shot,4,deer,4,deer,True,0.9826940894126892
STL-10,test,6528,6304,clip_vit_b_32_zero_shot,4,deer,4,deer,True,0.9898029565811157
STL-10,test,6594,6304,clip_vit_b_32_zero_shot,1,bird,1,bird,True,0.993314802646637
STL-10,test,6609,6304,clip_vit_b_32_zero_shot,0,airplane,0,airplane,True,0.9720925092697144
STL-10,test,6616,6304,clip_vit_b_32_zero_shot,2,car,2,car,True,0.9788363575935364
STL-10,test,6650,6304,clip_vit_b_32_zero_shot,7,monkey,7,monkey,True,0.9957907795906067
STL-10,test,6689,6304,clip_vit_b_32_zero_shot,8,ship,8,ship,True,0.9857220649719238
STL-10,test,6692,6304,clip_vit_b_32_zero_shot,2,car,2,car,True,0.954271137714386
STL-10,test,6713,6304,clip_vit_b_32_zero_shot,6,horse,6,horse,True,0.9811487793922424
STL-10,test,6716,6304,clip_vit_b_32_zero_shot,5,dog,5,dog,True,0.9636629819869995
STL-10,test,6726,6304,clip_vit_b_32_zero_shot,7,monkey,7,monkey,True,0.8839583992958069
STL-10,test,6733,6304,clip_vit_b_32_zero_shot,1,bird,1,bird,True,0.947665810585022
STL-10,test,6772,6304,clip_vit_b_32_zero_shot,7,monkey,7,monkey,True,0.9876618385314941
STL-10,test,6805,6304,clip_vit_b_32_zero_shot,1,bird,1,bird,True,0.9900113940238953
STL-10,test,6836,6304,clip_vit_b_32_zero_shot,1,bird,1,bird,True,0.9987788796424866
STL-10,test,6844,6304,clip_vit_b_32_zero_shot,0,airplane,0,airplane,True,0.7191911935806274
STL-10,test,6922,6304,clip_vit_b_32_zero_shot,5,dog,5,dog,True,0.9897666573524475
STL-10,test,6931,6304,clip_vit_b_32_zero_shot,9,truck,9,truck,True,0.8645119667053223
STL-10,test,6938,6304,clip_vit_b_32_zero_shot,1,bird,1,bird,True,0.9996084570884705
STL-10,test,6952,6304,clip_vit_b_32_zero_shot,3,cat,3,cat,True,0.9834063053131104
STL-10,test,6954,6304,clip_vit_b_32_zero_shot,1,bird,1,bird,True,0.9806947708129883
STL-10,test,6986,6304,clip_vit_b_32_zero_shot,0,airplane,0,airplane,True,0.8558810353279114
STL-10,test,6989,6304,clip_vit_b_32_zero_shot,5,dog,5,dog,True,0.9496831297874451
STL-10,test,7009,6304,clip_vit_b_32_zero_shot,0,airplane,0,airplane,True,0.9746946096420288
STL-10,test,7029,6304,clip_vit_b_32_zero_shot,1,bird,1,bird,True,0.9977923631668091
STL-10,test,7033,6304,clip_vit_b_32_zero_shot,1,bird,1,bird,True,0.957156240940094
STL-10,test,7041,6304,clip_vit_b_32_zero_shot,5,dog,5,dog,True,0.9518005847930908
STL-10,test,7047,6304,clip_vit_b_32_zero_shot,9,truck,9,truck,True,0.9946377873420715
STL-10,test,7081,6304,clip_vit_b_32_zero_shot,7,monkey,7,monkey,True,0.9555777311325073
STL-10,test,7084,6304,clip_vit_b_32_zero_shot,2,car,2,car,True,0.8999770879745483
STL-10,test,7108,6304,clip_vit_b_32_zero_shot,6,horse,6,horse,True,0.9983420372009277
STL-10,test,7130,6304,clip_vit_b_32_zero_shot,5,dog,5,dog,True,0.9933458566665649
STL-10,test,7138,6304,clip_vit_b_32_zero_shot,8,ship,8,ship,True,0.9981641173362732
STL-10,test,7150,6304,clip_vit_b_32_zero_shot,0,airplane,0,airplane,True,0.9944508671760559
STL-10,test,7202,6304,clip_vit_b_32_zero_shot,1,bird,1,bird,True,0.9985774755477905
STL-10,test,7262,6304,clip_vit_b_32_zero_shot,0,airplane,0,airplane,True,0.9495117664337158
STL-10,test,7266,6304,clip_vit_b_32_zero_shot,9,truck,9,truck,True,0.9777326583862305
STL-10,test,7270,6304,clip_vit_b_32_zero_shot,7,monkey,7,monkey,True,0.9857022166252136
STL-10,test,7309,6304,clip_vit_b_32_zero_shot,0,airplane,0,airplane,True,0.9785094857215881
STL-10,test,7320,6304,clip_vit_b_32_zero_shot,0,airplane,0,airplane,True,0.9509857296943665
STL-10,test,7338,6304,clip_vit_b_32_zero_shot,6,horse,6,horse,True,0.9937655925750732
STL-10,test,7372,6304,clip_vit_b_32_zero_shot,0,airplane,0,airplane,True,0.9663495421409607
STL-10,test,7373,6304,clip_vit_b_32_zero_shot,0,airplane,0,airplane,True,0.9787997007369995
STL-10,test,7380,6304,clip_vit_b_32_zero_shot,9,truck,9,truck,True,0.9919825196266174
STL-10,test,7390,6304,clip_vit_b_32_zero_shot,1,bird,1,bird,True,0.9891152381896973
STL-10,test,7413,6304,clip_vit_b_32_zero_shot,5,dog,5,dog,True,0.7218331694602966
STL-10,test,7416,6304,clip_vit_b_32_zero_shot,3,cat,3,cat,True,0.9703407287597656
STL-10,test,7425,6304,clip_vit_b_32_zero_shot,2,car,2,car,True,0.9867505431175232
STL-10,test,7446,6304,clip_vit_b_32_zero_shot,8,ship,8,ship,True,0.9958266615867615
STL-10,test,7460,6304,clip_vit_b_32_zero_shot,8,ship,8,ship,True,0.99327152967453
STL-10,test,7465,6304,clip_vit_b_32_zero_shot,0,airplane,0,airplane,True,0.9824275374412537
STL-10,test,7474,6304,clip_vit_b_32_zero_shot,5,dog,5,dog,True,0.984811544418335
STL-10,test,7475,6304,clip_vit_b_32_zero_shot,4,deer,4,deer,True,0.9946014881134033
STL-10,test,7476,6304,clip_vit_b_32_zero_shot,8,ship,8,ship,True,0.9941917061805725
STL-10,test,7544,6304,clip_vit_b_32_zero_shot,9,truck,9,truck,True,0.7830396890640259
STL-10,test,7555,6304,clip_vit_b_32_zero_shot,6,horse,6,horse,True,0.8431689739227295
STL-10,test,7600,6304,clip_vit_b_32_zero_shot,6,horse,6,horse,True,0.9907515048980713
STL-10,test,7610,6304,clip_vit_b_32_zero_shot,4,deer,4,deer,True,0.9859476089477539
STL-10,test,7634,6304,clip_vit_b_32_zero_shot,0,airplane,0,airplane,True,0.9807502627372742
STL-10,test,7692,6304,clip_vit_b_32_zero_shot,4,deer,4,deer,True,0.9954901337623596
STL-10,test,7706,6304,clip_vit_b_32_zero_shot,5,dog,5,dog,True,0.9656062722206116
STL-10,test,7726,6304,clip_vit_b_32_zero_shot,6,horse,6,horse,True,0.9985076785087585
STL-10,test,7744,6304,clip_vit_b_32_zero_shot,3,cat,3,cat,True,0.9741097092628479
STL-10,test,7752,6304,clip_vit_b_32_zero_shot,9,truck,9,truck,True,0.8913210034370422
STL-10,test,7776,6304,clip_vit_b_32_zero_shot,5,dog,5,dog,True,0.9740391373634338
STL-10,test,7779,6304,clip_vit_b_32_zero_shot,6,horse,6,horse,True,0.9781281352043152
STL-10,test,7781,6304,clip_vit_b_32_zero_shot,6,horse,6,horse,True,0.9994600415229797
STL-10,test,7793,6304,clip_vit_b_32_zero_shot,3,cat,3,cat,True,0.9486420154571533
STL-10,test,7797,6304,clip_vit_b_32_zero_shot,3,cat,3,cat,True,0.9700156450271606
STL-10,test,7810,6304,clip_vit_b_32_zero_shot,8,ship,8,ship,True,0.9983009696006775
STL-10,test,7818,6304,clip_vit_b_32_zero_shot,8,ship,8,ship,True,0.9884584546089172
STL-10,test,7835,6304,clip_vit_b_32_zero_shot,7,monkey,7,monkey,True,0.9994864463806152
STL-10,test,7864,6304,clip_vit_b_32_zero_shot,4,deer,4,deer,True,0.9802244305610657
STL-10,test,7875,6304,clip_vit_b_32_zero_shot,8,ship,8,ship,True,0.9978621602058411
STL-10,test,7938,6304,clip_vit_b_32_zero_shot,9,truck,9,truck,True,0.9611614942550659
STL-10,test,7940,6304,clip_vit_b_32_zero_shot,4,deer,4,deer,True,0.9932076334953308
STL-10,test,7944,6304,clip_vit_b_32_zero_shot,4,deer,4,deer,True,0.9885911345481873
STL-10,test,7955,6304,clip_vit_b_32_zero_shot,1,bird,1,bird,True,0.9993897676467896
STL-10,test,7995,6304,clip_vit_b_32_zero_shot,9,truck,9,truck,True,0.9794490337371826
STL-10,test,7996,6304,clip_vit_b_32_zero_shot,6,horse,6,horse,True,0.9954634308815002
STL-10,test,7999,6304,clip_vit_b_32_zero_shot,8,ship,8,ship,True,0.9935738444328308
